# Blender 4.0.2
# www.blender.org
mtllib Enemy_Raptor.mtl
o MechRaptor_Legs
v 0.963196 0.308165 -0.129853
v 0.963978 0.277988 -0.077650
v 0.964948 0.419713 -0.073454
v 0.965354 0.371973 -0.038743
v 0.884278 0.464694 0.220448
v 0.944636 0.450656 0.180069
v 0.910400 0.462697 0.214680
v 0.932493 0.457559 0.199900
v 0.944492 0.502546 0.170046
v 0.884394 0.514974 0.210582
v 0.932478 0.508644 0.189954
v 0.910481 0.513193 0.204792
v 0.920955 0.339431 -0.111148
v 0.922385 0.314819 -0.061755
v 0.922307 0.420003 -0.072597
v 0.922307 0.369796 -0.041139
v 0.877335 0.450805 0.180593
v 0.897217 0.446115 0.167102
v 0.886959 0.450073 0.178478
v 0.892279 0.448851 0.174963
v 0.897255 0.498281 0.156404
v 0.877506 0.502865 0.169672
v 0.892759 0.500868 0.163873
v 0.887428 0.502136 0.167474
v 0.823644 0.515365 0.211793
v 0.823528 0.465086 0.221657
v 0.822752 0.503217 0.170764
v 0.822648 0.451158 0.181681
v 0.815644 0.309107 -0.126922
v 0.817212 0.278925 -0.074734
v 0.816193 0.340100 -0.109066
v 0.817023 0.315492 -0.059661
v 0.903349 0.186784 -0.271177
v 0.917479 0.201112 0.057219
v 0.912141 0.429562 0.055197
v 0.914207 0.206125 0.170991
v 0.914333 0.283137 0.172823
v 0.906713 0.426780 -0.171539
v 0.903542 0.241586 -0.271506
v 0.906130 0.191248 -0.169086
v 0.668092 0.310050 -0.123991
v 0.668801 0.279873 -0.071785
v 0.669847 0.421723 -0.067524
v 0.670251 0.373845 -0.032838
v 0.762779 0.465478 0.222866
v 0.700695 0.452229 0.184925
v 0.736426 0.463819 0.218142
v 0.713702 0.458969 0.204254
v 0.701082 0.504112 0.174899
v 0.762895 0.515756 0.213004
v 0.713953 0.510050 0.194311
v 0.736578 0.514311 0.208259
v 0.711432 0.340769 -0.106985
v 0.711553 0.316166 -0.057566
v 0.712492 0.421433 -0.068381
v 0.713137 0.371122 -0.036953
v 0.767961 0.451510 0.182769
v 0.747501 0.447080 0.170081
v 0.758252 0.450903 0.181039
v 0.752782 0.449751 0.177738
v 0.747682 0.499243 0.159386
v 0.767998 0.503569 0.171855
v 0.752504 0.501770 0.166669
v 0.757989 0.502968 0.170055
v 0.704673 0.188188 -0.266030
v 0.707562 0.202593 0.062592
v 0.713460 0.430103 0.060381
v 0.715531 0.207529 0.176137
v 0.715652 0.283678 0.178008
v 0.708031 0.427321 -0.166355
v 0.704861 0.242126 -0.266321
v 0.706839 0.192656 -0.163927
v 0.917662 0.085449 0.062278
v 0.905294 0.075591 -0.164007
v 0.706163 0.086941 0.067683
v 0.706287 0.076998 -0.158854
v 0.857222 0.187110 -0.269982
v 0.750800 0.187862 -0.267225
v 0.866012 0.429688 0.056400
v 0.759589 0.429977 0.059177
v 0.868080 0.206451 0.172186
v 0.761658 0.207203 0.174943
v 0.868204 0.283263 0.174027
v 0.761781 0.283553 0.176804
v 0.750990 0.242001 -0.267525
v 0.857413 0.241711 -0.270302
v 0.754160 0.427195 -0.167558
v 0.860583 0.426906 -0.170335
v 0.859785 0.191575 -0.167887
v 0.752989 0.192330 -0.165123
v 0.873833 0.085759 0.063427
v 0.748471 0.086641 0.066564
v 0.752472 0.076671 -0.160050
v 0.859013 0.075918 -0.162810
v 0.856162 0.195577 0.145139
v 0.772330 0.196173 0.147383
v 1.023460 0.210606 0.095894
v 0.923794 0.210606 0.096543
v 0.923795 -0.006266 0.096542
v 1.023460 -0.006266 0.095893
v 1.023460 -0.006266 0.416433
v 1.023460 0.058177 0.416433
v 0.923794 0.058177 0.417082
v 0.923795 -0.006266 0.417082
v 1.023316 -0.006266 0.001929
v 1.023316 0.181876 0.001929
v 0.923650 0.181876 0.002578
v 0.923650 -0.006266 0.002577
v 0.698363 0.210606 0.095894
v 0.598696 0.210606 0.096543
v 0.598697 -0.006266 0.096542
v 0.698362 -0.006266 0.095893
v 0.698362 -0.006266 0.416433
v 0.698363 0.058177 0.416433
v 0.598696 0.058177 0.417082
v 0.598697 -0.006266 0.417082
v 0.698218 -0.006266 0.001929
v 0.698218 0.181876 0.001929
v 0.598552 0.181876 0.002578
v 0.598552 -0.006266 0.002577
v 0.615405 0.889726 -0.928525
v 0.806339 1.104165 -0.686805
v 0.628574 0.569140 -0.647660
v 0.672888 0.314747 -0.201028
v 0.644479 1.000132 -0.803175
v 0.665327 0.497748 -0.361646
v 0.622697 0.712212 -0.773005
v 0.656023 0.721953 -0.558692
v 0.812017 0.771564 -0.291373
v 0.813302 0.652772 -0.187160
v 0.815287 0.469895 -0.026340
v 0.808644 0.891393 -0.499923
v 0.810801 0.796413 -0.360352
v 0.809025 0.864082 -0.471661
v 0.809569 0.836442 -0.435212
v 0.810193 0.812680 -0.396126
v 0.984471 0.887212 -0.935941
v 0.978228 0.566758 -0.654685
v 0.948428 0.312869 -0.206564
v 0.961962 0.997969 -0.809554
v 0.952024 0.495795 -0.367406
v 0.981014 0.709771 -0.780205
v 0.956459 0.719906 -0.564729
v 0.957161 0.755369 -0.595953
v 0.981530 0.736243 -0.803439
v 0.955106 0.651549 -0.504543
v 0.658862 0.653532 -0.498559
v 0.667488 1.087506 -0.703974
v 0.699498 1.105019 -0.684463
v 0.741116 0.470196 -0.025166
v 0.708693 0.450856 -0.046743
v 0.733562 0.653361 -0.185599
v 0.701115 0.633854 -0.207470
v 0.728644 0.772167 -0.289729
v 0.695952 0.757010 -0.316055
v 0.687067 0.784617 -0.391454
v 0.720594 0.796972 -0.358625
v 0.708321 0.892237 -0.497659
v 0.676352 0.873890 -0.516234
v 0.716730 0.813338 -0.394213
v 0.684173 0.796898 -0.418002
v 0.713041 0.837195 -0.433125
v 0.681379 0.815080 -0.447461
v 0.710088 0.864902 -0.469447
v 0.678239 0.844655 -0.486089
v 0.913188 1.103563 -0.688756
v 0.944148 1.085621 -0.709533
v 0.920422 0.450817 -0.049411
v 0.889442 0.469186 -0.028146
v 0.924382 0.631934 -0.212284
v 0.893041 0.652275 -0.188803
v 0.926838 0.755262 -0.321015
v 0.895390 0.771031 -0.293079
v 0.901003 0.795743 -0.362250
v 0.933035 0.782883 -0.396551
v 0.939922 0.872094 -0.521529
v 0.908979 0.890870 -0.501690
v 0.935965 0.801181 -0.435940
v 0.903657 0.812065 -0.397969
v 0.937130 0.817324 -0.457818
v 0.906105 0.835879 -0.437004
v 0.938850 0.842880 -0.491325
v 0.907973 0.863554 -0.473423
v 0.642977 0.887203 -0.932698
v 0.805790 1.085685 -0.707833
v 0.656146 0.566617 -0.651833
v 0.700460 0.312224 -0.205200
v 0.672051 0.997609 -0.807348
v 0.692899 0.495225 -0.365818
v 0.650269 0.709689 -0.777178
v 0.683595 0.719430 -0.562865
v 0.811543 0.748422 -0.307129
v 0.812753 0.634302 -0.208198
v 0.814739 0.451421 -0.047374
v 0.808105 0.872072 -0.520182
v 0.810412 0.770481 -0.370904
v 0.808515 0.842833 -0.489887
v 0.809095 0.813311 -0.450984
v 0.809761 0.787947 -0.409245
v 0.956721 0.885066 -0.939002
v 0.950479 0.564612 -0.657747
v 0.920679 0.310723 -0.209625
v 0.934212 0.995822 -0.812615
v 0.924275 0.493649 -0.370467
v 0.953265 0.707624 -0.783266
v 0.928710 0.717760 -0.567790
v 0.929411 0.753223 -0.599014
v 0.953780 0.734097 -0.806500
v 0.927357 0.649403 -0.507604
v 0.686434 0.651009 -0.502732
v 0.691684 1.078786 -0.715043
v 0.708728 1.087795 -0.704517
v 0.750780 0.453093 -0.045118
v 0.733150 0.442451 -0.057477
v 0.743378 0.636298 -0.205511
v 0.725620 0.625503 -0.218136
v 0.737547 0.750783 -0.305461
v 0.719511 0.745081 -0.325363
v 0.711342 0.772993 -0.399175
v 0.729509 0.772719 -0.369410
v 0.717552 0.874269 -0.517048
v 0.700639 0.864977 -0.526943
v 0.726061 0.790400 -0.407281
v 0.708612 0.786132 -0.426419
v 0.722448 0.815842 -0.448604
v 0.705790 0.804887 -0.456636
v 0.719426 0.845240 -0.487061
v 0.702616 0.835149 -0.496059
v 0.902927 1.086472 -0.708418
v 0.919410 1.077235 -0.719618
v 0.895545 0.442574 -0.059269
v 0.878905 0.452140 -0.047701
v 0.899358 0.623900 -0.221943
v 0.882239 0.635323 -0.208296
v 0.902724 0.743719 -0.329338
v 0.885510 0.749798 -0.308427
v 0.891290 0.771639 -0.372673
v 0.908297 0.771632 -0.403295
v 0.915106 0.863516 -0.531252
v 0.898732 0.873035 -0.520688
v 0.910883 0.791246 -0.443437
v 0.893445 0.789284 -0.410647
v 0.912311 0.807456 -0.466223
v 0.895681 0.814777 -0.452171
v 0.913965 0.833709 -0.500306
v 0.897669 0.844026 -0.490642
v 0.821810 1.417395 -0.023005
v 0.825638 1.394044 0.175458
v 0.828080 1.458965 0.274959
v 0.827499 1.443527 0.251297
v 0.809653 1.094305 -0.518501
v 0.953313 1.524604 0.140077
v 0.862080 1.458734 0.274276
v 0.877792 1.417014 -0.024130
v 0.837445 1.393963 0.175220
v 0.871457 0.961486 -0.722859
v 0.846891 1.458837 0.274581
v 0.950412 1.498916 0.100726
v 0.861499 1.443295 0.250614
v 0.846311 1.443398 0.250919
v 0.881042 1.093818 -0.519936
v 0.926967 1.094496 -0.811006
v 0.965062 1.549808 -0.112915
v 0.971544 1.607210 -0.024980
v 0.937605 1.226821 -0.608104
v 0.970003 1.593559 -0.045891
v 0.982059 1.644364 -0.175028
v 0.984484 1.665840 -0.142130
v 0.963545 1.400572 -0.548897
v 0.983908 1.660733 -0.149953
v 0.904504 0.969527 -0.728916
v 0.892796 0.961340 -0.723288
v 0.942769 1.426841 -0.025923
v 0.930854 1.416652 -0.025196
v 0.849354 1.393882 0.174981
v 0.859928 1.401521 0.186590
v 0.903426 1.093666 -0.520385
v 0.915142 1.101852 -0.526014
v 0.821864 1.443292 -0.029080
v 0.825692 1.419940 0.169380
v 0.827939 1.481244 0.260426
v 0.827359 1.465806 0.236764
v 0.809513 1.116587 -0.533028
v 0.929575 1.535281 0.134593
v 0.851963 1.479588 0.261225
v 0.877846 1.442911 -0.030204
v 0.837500 1.419860 0.169142
v 0.871317 0.983769 -0.737384
v 0.846751 1.481116 0.260048
v 0.925862 1.508227 0.096464
v 0.849366 1.463470 0.238231
v 0.846171 1.465677 0.236387
v 0.880902 1.116101 -0.534462
v 0.900687 1.098437 -0.812198
v 0.938806 1.553942 -0.113936
v 0.945289 1.611403 -0.025782
v 0.911334 1.230818 -0.609297
v 0.943748 1.597752 -0.046693
v 0.955813 1.648553 -0.176098
v 0.958229 1.670032 -0.142932
v 0.937310 1.404756 -0.550238
v 0.957652 1.664926 -0.150755
v 0.879286 0.984834 -0.737902
v 0.920799 1.444174 -0.035046
v 0.847202 1.422375 0.176067
v 0.892554 1.118323 -0.535204
v 0.698436 1.526340 0.145198
v 0.794080 1.459197 0.275642
v 0.765827 1.417777 -0.021880
v 0.813831 1.394124 0.175695
v 0.737888 0.962396 -0.720175
v 0.809268 1.459093 0.275337
v 0.699403 1.500626 0.105769
v 0.793499 1.443758 0.251980
v 0.808687 1.443655 0.251675
v 0.738264 1.094791 -0.517067
v 0.680699 1.096174 -0.806058
v 0.676878 1.551771 -0.107125
v 0.674716 1.609232 -0.019016
v 0.680022 1.228576 -0.602929
v 0.675230 1.595568 -0.039969
v 0.658690 1.646568 -0.168531
v 0.657881 1.668065 -0.135568
v 0.658850 1.402648 -0.542775
v 0.658073 1.662953 -0.143406
v 0.704737 0.970888 -0.724902
v 0.716548 0.962541 -0.719746
v 0.700971 1.428488 -0.021064
v 0.712766 1.418138 -0.020814
v 0.801922 1.394205 0.175934
v 0.791928 1.401984 0.187956
v 0.715881 1.094943 -0.516617
v 0.704060 1.103290 -0.521773
v 0.722077 1.536694 0.138762
v 0.803946 1.479915 0.262189
v 0.765882 1.443674 -0.027955
v 0.813885 1.420021 0.169617
v 0.737748 0.984679 -0.734700
v 0.809128 1.481372 0.260804
v 0.723887 1.509604 0.100522
v 0.805398 1.463769 0.239114
v 0.808547 1.465934 0.237142
v 0.738124 1.117074 -0.531593
v 0.706961 1.099757 -0.808306
v 0.703127 1.555548 -0.109201
v 0.700972 1.613067 -0.020873
v 0.706276 1.232215 -0.605177
v 0.701487 1.599403 -0.041826
v 0.684927 1.650398 -0.170656
v 0.684137 1.671900 -0.137425
v 0.685064 1.406475 -0.545169
v 0.684330 1.666788 -0.145263
v 0.729780 0.985852 -0.734898
v 0.722791 1.445523 -0.031068
v 0.804505 1.422666 0.176925
v 0.726483 1.119454 -0.531867
v 0.828834 1.421240 0.325290
v 0.828652 1.716770 0.216019
v 0.829838 1.540415 0.334883
v 0.829216 1.701602 0.249236
v 0.829663 1.678226 0.279446
v 0.829964 1.648237 0.304590
v 0.830098 1.613676 0.322953
v 0.830055 1.576900 0.333286
v 0.994960 1.381217 0.092213
v 0.922728 1.894901 -0.355633
v 0.961499 1.360633 0.317809
v 0.994047 1.460562 0.019866
v 0.939193 1.420488 0.323073
v 0.952173 1.539581 0.332425
v 0.940951 1.716005 0.213762
v 0.950202 1.576082 0.330872
v 0.948081 1.612872 0.320583
v 0.945958 1.647446 0.302259
v 0.943974 1.677448 0.277149
v 0.942266 1.700831 0.246965
v 0.825907 1.756712 0.065887
v 0.918359 1.744583 -0.522116
v 0.821994 1.810826 -0.147251
v 0.820387 1.838902 -0.236755
v 0.819578 1.858533 -0.283685
v 0.906908 1.877521 -0.324377
v 0.929162 1.810094 -0.149399
v 0.885775 1.858124 -0.285088
v 0.927816 1.821433 -0.191002
v 0.971105 1.894572 -0.356605
v 0.989121 1.862154 -0.361469
v 0.998732 1.363276 0.286059
v 0.981008 1.360500 0.317417
v 0.999246 1.424252 0.290966
v 0.981511 1.420200 0.322223
v 1.000221 1.539883 0.300273
v 0.982516 1.539375 0.331815
v 0.999261 1.685934 0.202940
v 0.981329 1.715729 0.212951
v 1.000405 1.570887 0.298916
v 0.982733 1.575860 0.330218
v 1.000440 1.601013 0.290452
v 0.982776 1.612636 0.319886
v 1.000329 1.629750 0.275181
v 0.982642 1.647197 0.301522
v 1.000079 1.654669 0.254284
v 0.982341 1.677186 0.276379
v 0.999713 1.673782 0.229573
v 0.981893 1.700561 0.246169
v 0.996612 1.724209 0.058114
v 0.978585 1.755672 0.062819
v 0.966735 1.744253 -0.523089
v 0.984593 1.699165 -0.531576
v 0.974672 1.809784 -0.150311
v 0.992685 1.778461 -0.155704
v 0.989611 1.845301 -0.331406
v 0.971605 1.877132 -0.325769
v 0.973913 1.821123 -0.191934
v 0.991920 1.789803 -0.197641
v 0.973063 1.837903 -0.239894
v 0.991075 1.806330 -0.245297
v 0.972253 1.857571 -0.286891
v 0.990267 1.825714 -0.292073
v 0.905272 1.883756 -0.356503
v 0.818326 1.884349 -0.354756
v 0.813956 1.734030 -0.521239
v 0.900903 1.733438 -0.522986
v 0.819243 1.854326 -0.298932
v 0.818830 1.866768 -0.323669
v 0.892168 1.866358 -0.325302
v 0.880995 1.853964 -0.300277
v 0.982809 1.526695 -0.561887
v 0.824529 1.775534 -0.009092
v 0.933965 1.774788 -0.011290
v 0.995230 1.743064 -0.017033
v 0.977207 1.774493 -0.012158
v 0.938519 1.735983 0.138718
v 0.827280 1.736741 0.140953
v 0.979957 1.735700 0.137885
v 0.997936 1.705071 0.130527
v 0.823056 1.795902 -0.089315
v 0.993752 1.763484 -0.097512
v 0.975734 1.794860 -0.092378
v 0.922249 1.725525 0.124534
v 0.826916 1.726174 0.126450
v 0.825935 1.740461 0.072750
v 0.821061 1.809131 -0.193122
v 0.820454 1.821113 -0.227390
v 0.821603 1.801028 -0.163362
v 0.912470 1.808513 -0.194965
v 0.913433 1.800401 -0.165204
v 0.917932 1.764384 -0.026212
v 0.824151 1.765023 -0.024329
v 0.823098 1.779594 -0.081717
v 0.652950 1.383547 0.099085
v 0.714125 1.896322 -0.351442
v 0.695162 1.362448 0.323161
v 0.652037 1.462892 0.026738
v 0.718474 1.421992 0.327508
v 0.707504 1.541248 0.337341
v 0.716353 1.717535 0.218275
v 0.709908 1.577719 0.335700
v 0.712114 1.614480 0.325324
v 0.713971 1.649027 0.306920
v 0.715353 1.679005 0.281743
v 0.716165 1.702372 0.251508
v 0.709756 1.746004 -0.517925
v 0.730950 1.878720 -0.320842
v 0.714826 1.811555 -0.145093
v 0.753378 1.859026 -0.282428
v 0.714654 1.822886 -0.186719
v 0.665749 1.896652 -0.350470
v 0.647111 1.864484 -0.354598
v 0.656722 1.365606 0.292930
v 0.675652 1.362581 0.323553
v 0.657236 1.426582 0.297838
v 0.676156 1.422281 0.328358
v 0.658211 1.542214 0.307145
v 0.677160 1.541455 0.337951
v 0.657251 1.688264 0.209811
v 0.675974 1.717810 0.219086
v 0.658395 1.573217 0.305788
v 0.677377 1.577940 0.336353
v 0.658430 1.603343 0.297323
v 0.677420 1.614716 0.326021
v 0.658319 1.632080 0.282053
v 0.677286 1.649277 0.307657
v 0.658069 1.656999 0.261156
v 0.676985 1.679267 0.282514
v 0.657703 1.676112 0.236445
v 0.676538 1.702641 0.252304
v 0.654602 1.726539 0.064986
v 0.673229 1.757752 0.068954
v 0.661380 1.746334 -0.516953
v 0.642583 1.701495 -0.524704
v 0.669316 1.811864 -0.144176
v 0.650675 1.780791 -0.148832
v 0.647600 1.847631 -0.324535
v 0.666250 1.879213 -0.319634
v 0.668557 1.823203 -0.185798
v 0.649910 1.792133 -0.190770
v 0.667708 1.839984 -0.233759
v 0.649065 1.808660 -0.238425
v 0.666897 1.859652 -0.280756
v 0.648257 1.828044 -0.285202
v 0.731379 1.884941 -0.353009
v 0.727010 1.734622 -0.519492
v 0.745488 1.867357 -0.322354
v 0.757487 1.854805 -0.297795
v 0.640799 1.529025 -0.555016
v 0.715094 1.776279 -0.006892
v 0.653220 1.745395 -0.010161
v 0.671851 1.776573 -0.006023
v 0.675394 1.462929 0.026374
v 0.673767 1.624690 0.030565
v 0.716040 1.737499 0.143188
v 0.674602 1.737781 0.144020
v 0.655926 1.707402 0.137399
v 0.651742 1.765815 -0.090640
v 0.670378 1.796941 -0.086243
v 0.731583 1.726824 0.128365
v 0.729651 1.809758 -0.191292
v 0.729774 1.801653 -0.161514
v 0.730371 1.765662 -0.022444
v 0.885753 1.756304 0.064684
v 0.937409 1.745106 0.104451
v 0.973785 1.755704 0.062916
v 0.935052 1.765142 0.027117
v 0.879277 1.838515 -0.237963
v 0.927680 1.822934 -0.195291
v 0.963993 1.837962 -0.239707
v 0.902634 1.849837 -0.265883
v 0.881823 1.795501 -0.090494
v 0.932705 1.784635 -0.050049
v 0.969055 1.794906 -0.092244
v 0.929974 1.804570 -0.127976
v 0.921831 1.728961 0.111628
v 0.870175 1.740159 0.071861
v 0.909338 1.809314 -0.197135
v 0.864366 1.820823 -0.228288
v 0.917414 1.768432 -0.042144
v 0.866532 1.779298 -0.082589
v 0.715897 1.746615 0.108901
v 0.766062 1.757120 0.067089
v 0.715418 1.766639 0.031530
v 0.678030 1.757719 0.068858
v 0.714638 1.824385 -0.191010
v 0.761496 1.839318 -0.235597
v 0.737192 1.850964 -0.262559
v 0.676778 1.839919 -0.233936
v 0.714930 1.786119 -0.045674
v 0.764289 1.796302 -0.088133
v 0.714799 1.806036 -0.123652
v 0.677057 1.796895 -0.086378
v 0.781694 1.740762 0.073639
v 0.731529 1.730257 0.115451
v 0.776541 1.821421 -0.226523
v 0.732453 1.810455 -0.193397
v 0.779664 1.779889 -0.080844
v 0.730304 1.769707 -0.038385
v 0.828387 1.433867 0.298783
v 0.971602 1.381398 0.092454
v 0.957060 1.362394 0.297182
v 0.970697 1.460918 0.020440
v 0.931798 1.433163 0.296705
v 0.916454 1.722431 -0.524670
v 0.975221 1.365773 0.277867
v 0.975978 1.362265 0.296801
v 0.948193 1.722214 -0.525308
v 0.963889 1.681845 -0.533361
v 0.813762 1.713048 -0.523786
v 0.897054 1.712480 -0.525459
v 0.962256 1.527421 -0.562235
v 0.676299 1.383410 0.098388
v 0.698648 1.364194 0.302482
v 0.724976 1.434572 0.300860
v 0.711255 1.723829 -0.520547
v 0.679918 1.367785 0.283801
v 0.679882 1.364282 0.302751
v 0.679517 1.724045 -0.519909
v 0.662961 1.683895 -0.527315
v 0.730471 1.713615 -0.522112
v 0.661329 1.529471 -0.556188
v 0.974694 1.622639 0.024519
v 0.829033 1.583937 0.280060
v 0.973047 1.638690 0.077115
v 0.958057 1.584753 0.271384
v 0.932444 1.583233 0.277982
v 0.976251 1.589590 0.253212
v 0.976975 1.584624 0.271004
v 0.677744 1.640702 0.083048
v 0.699644 1.586484 0.276684
v 0.725623 1.584642 0.282138
v 0.680947 1.591602 0.259145
v 0.680879 1.586642 0.276953
v 0.645952 1.498699 -0.288252
v 0.667786 1.498921 -0.288729
v 0.966132 1.496888 -0.294723
v 0.987962 1.496369 -0.295123
v 0.952256 1.699996 -0.315534
v 0.968185 1.658303 -0.311534
v 0.920517 1.700212 -0.314897
v 0.734578 1.691183 -0.310091
v 0.901161 1.690048 -0.313438
v 0.715319 1.701610 -0.310774
v 0.817869 1.690615 -0.311765
v 0.683580 1.701826 -0.310136
v 0.667258 1.660354 -0.305488
v 1.077107 0.245141 -0.221972
v 0.937418 0.197612 -0.207294
v 1.077676 0.256559 -0.197497
v 0.938398 0.217262 -0.165175
v 1.078179 0.276477 -0.179255
v 0.939263 0.251539 -0.133782
v 1.078537 0.301862 -0.170024
v 0.939880 0.295225 -0.117895
v 1.078697 0.328849 -0.171208
v 0.940155 0.341668 -0.119934
v 1.078634 0.353329 -0.182628
v 0.940047 0.383798 -0.139586
v 1.078359 0.371577 -0.202544
v 0.939572 0.415201 -0.173862
v 1.077911 0.380814 -0.227926
v 0.938803 0.431096 -0.217541
v 1.077361 0.379633 -0.254908
v 0.937856 0.429064 -0.263976
v 1.076792 0.368214 -0.279383
v 0.936876 0.409413 -0.306096
v 1.076290 0.348296 -0.297625
v 0.936012 0.375136 -0.337488
v 1.075931 0.322912 -0.306856
v 0.935395 0.331451 -0.353375
v 1.075771 0.295925 -0.305672
v 0.935120 0.285008 -0.351337
v 1.075834 0.271444 -0.294252
v 0.935227 0.242878 -0.331684
v 1.076110 0.253196 -0.274335
v 0.935702 0.211475 -0.297409
v 1.076557 0.243960 -0.248954
v 0.936471 0.195579 -0.253729
v 0.996818 0.229922 -0.216498
v 0.997521 0.244017 -0.186285
v 0.998141 0.268605 -0.163767
v 0.998583 0.299941 -0.152371
v 0.998781 0.333255 -0.153833
v 0.998704 0.363475 -0.167930
v 0.998363 0.386001 -0.192516
v 0.997811 0.397403 -0.223849
v 0.997132 0.395945 -0.257156
v 0.996429 0.381849 -0.287369
v 0.995809 0.357262 -0.309888
v 0.995367 0.325926 -0.321283
v 0.995169 0.292612 -0.319821
v 0.995247 0.262392 -0.305724
v 0.995587 0.239866 -0.281138
v 0.996139 0.228464 -0.249806
v 0.990362 0.206403 -0.210599
v 0.991264 0.224500 -0.171810
v 0.992060 0.256066 -0.142900
v 0.992628 0.296297 -0.128270
v 0.992882 0.339067 -0.130147
v 0.992783 0.377865 -0.148245
v 0.992345 0.406785 -0.179810
v 0.991637 0.421423 -0.220036
v 0.990765 0.419552 -0.262798
v 0.989862 0.401455 -0.301587
v 0.989066 0.369888 -0.330497
v 0.988498 0.329658 -0.345127
v 0.988245 0.286888 -0.343250
v 0.988344 0.248089 -0.325152
v 0.988781 0.219170 -0.293587
v 0.989490 0.204531 -0.253361
v 0.809854 0.198481 -0.204731
v 0.810834 0.218131 -0.162612
v 0.811698 0.252409 -0.131219
v 0.812315 0.296094 -0.115332
v 0.812591 0.342537 -0.117371
v 0.812483 0.384667 -0.137023
v 0.812008 0.416070 -0.171299
v 0.811239 0.431965 -0.214978
v 0.810292 0.429933 -0.261413
v 0.809312 0.410282 -0.303533
v 0.808448 0.376005 -0.334925
v 0.807831 0.332320 -0.350812
v 0.807555 0.285877 -0.348774
v 0.807663 0.243747 -0.329121
v 0.808138 0.212344 -0.294846
v 0.808907 0.196448 -0.251166
v 0.542785 0.248781 -0.211236
v 0.682290 0.199350 -0.202168
v 0.543354 0.260199 -0.186761
v 0.683270 0.219000 -0.160049
v 0.543856 0.280117 -0.168519
v 0.684134 0.253278 -0.128656
v 0.544215 0.305502 -0.159288
v 0.684751 0.296963 -0.112769
v 0.544375 0.332489 -0.160472
v 0.685027 0.343406 -0.114807
v 0.544312 0.356970 -0.171892
v 0.684919 0.385536 -0.134460
v 0.544037 0.375218 -0.191809
v 0.684444 0.416939 -0.168736
v 0.543589 0.384454 -0.217190
v 0.683675 0.432834 -0.212415
v 0.543039 0.383273 -0.244172
v 0.682728 0.430802 -0.258850
v 0.542470 0.371855 -0.268647
v 0.681748 0.411151 -0.300969
v 0.541968 0.351937 -0.286889
v 0.680884 0.376874 -0.332362
v 0.541609 0.326552 -0.296121
v 0.680267 0.333189 -0.348249
v 0.541449 0.299565 -0.294936
v 0.679991 0.286746 -0.346211
v 0.541512 0.275084 -0.283516
v 0.680099 0.244616 -0.326558
v 0.541788 0.256837 -0.263600
v 0.680574 0.213213 -0.292283
v 0.542235 0.247600 -0.238218
v 0.681343 0.197318 -0.248603
v 0.623014 0.232469 -0.208988
v 0.623717 0.246564 -0.178775
v 0.624337 0.271152 -0.156256
v 0.624779 0.302487 -0.144861
v 0.624977 0.335802 -0.146323
v 0.624900 0.366022 -0.160420
v 0.624559 0.388548 -0.185006
v 0.624007 0.399950 -0.216338
v 0.623328 0.398492 -0.249646
v 0.622625 0.384396 -0.279859
v 0.622005 0.359809 -0.302377
v 0.621563 0.328473 -0.313773
v 0.621365 0.295159 -0.312311
v 0.621442 0.264939 -0.298214
v 0.621783 0.242413 -0.273628
v 0.622335 0.231011 -0.242296
v 0.629381 0.208862 -0.203346
v 0.630284 0.226959 -0.164557
v 0.631080 0.258525 -0.135647
v 0.631648 0.298756 -0.121017
v 0.631901 0.341526 -0.122894
v 0.631802 0.380324 -0.140992
v 0.631365 0.409244 -0.172557
v 0.630656 0.423882 -0.212783
v 0.629784 0.422011 -0.255545
v 0.628882 0.403914 -0.294334
v 0.628086 0.372348 -0.323244
v 0.627518 0.332117 -0.337874
v 0.627264 0.289347 -0.335997
v 0.627363 0.250549 -0.317899
v 0.627801 0.221629 -0.286334
v 0.628509 0.206991 -0.246108
v 0.748537 1.517587 0.327354
v 0.910453 1.516484 0.324101
v 0.829417 1.503956 0.326299
v 0.713829 1.577432 0.318617
v 0.945594 1.575853 0.313961
v 0.830854 1.588188 0.369211
v 0.689438 1.721236 0.159568
v 0.965533 1.719355 0.154021
v 0.829253 1.772869 0.226926
v 0.727480 1.544802 0.325743
v 0.765327 1.519765 0.353792
v 0.874355 1.505285 0.325325
v 0.932593 1.629165 0.352212
v 0.784499 1.505897 0.327130
v 0.830462 1.547003 0.363693
v 0.781153 1.632622 0.359983
v 0.931797 1.543410 0.321638
v 0.880744 1.631943 0.357982
v 0.875886 1.587852 0.368168
v 0.785815 1.588465 0.369978
v 0.882896 1.772373 0.225614
v 0.775598 1.773104 0.227770
v 0.830166 1.734310 0.285448
v 0.966878 1.668697 0.220314
v 0.690068 1.670583 0.225876
v 0.894770 1.518883 0.351192
v 0.829875 1.506547 0.348183
v 0.738733 1.587883 0.366788
v 0.922790 1.586630 0.363090
v 0.719449 1.769558 0.221872
v 0.938710 1.768064 0.217467
v 0.911596 1.546434 0.358959
v 0.793505 1.508396 0.349450
v 0.790171 1.547486 0.364480
v 0.729081 1.630552 0.356301
v 0.870754 1.546937 0.362860
v 0.866287 1.507900 0.347988
v 0.830952 1.632363 0.359140
v 0.749203 1.547540 0.362222
v 0.701528 1.602209 0.301214
v 0.957523 1.600465 0.296071
v 0.774506 1.734521 0.286391
v 0.716452 1.729851 0.282291
v 0.885817 1.733762 0.284154
v 0.943591 1.728303 0.277727
v 0.697024 1.619451 0.286781
v 0.691859 1.645035 0.259613
v 0.966095 1.643166 0.254103
v 0.961677 1.617647 0.281464
v 0.830734 1.699906 0.325357
v 0.830926 1.668919 0.345441
v 0.883120 1.668423 0.344231
v 0.885082 1.699391 0.324086
v 0.776376 1.700132 0.326270
v 0.778723 1.669134 0.346328
v 0.937373 1.663967 0.338259
v 0.941603 1.694641 0.317596
v 0.719581 1.696154 0.322057
v 0.724219 1.665420 0.342542
v 0.896854 1.031336 -0.806463
v 0.748065 1.527451 0.005538
v 0.899470 1.099708 -0.699460
v 0.745981 1.726277 -0.165617
v 0.728446 1.032483 -0.803080
v 0.916473 1.526304 0.002154
v 0.731062 1.100855 -0.696076
v 0.914389 1.725130 -0.169001
v 0.728957 1.126236 -0.809427
v 0.729698 1.010757 -0.733399
v 0.897365 1.125088 -0.812811
v 0.898106 1.009609 -0.736782
v 0.774638 0.347703 -0.279389
v 0.776624 0.411145 -0.202055
v 0.862411 0.347105 -0.281153
v 0.864397 0.410547 -0.203818
v 0.458359 1.502354 -0.658622
v 0.624955 1.418426 -0.668647
v 0.459120 1.503021 -0.620995
v 0.626045 1.419380 -0.614744
v 0.459913 1.511016 -0.584222
v 0.627181 1.430834 -0.562064
v 0.460708 1.526033 -0.549717
v 0.628321 1.452348 -0.512631
v 0.461476 1.547495 -0.518804
v 0.629420 1.483094 -0.468347
v 0.462185 1.574578 -0.492673
v 0.630437 1.521892 -0.430912
v 0.462810 1.606239 -0.472327
v 0.631331 1.567249 -0.401764
v 0.463325 1.641263 -0.458548
v 0.632070 1.617424 -0.382025
v 0.463712 1.678303 -0.451866
v 0.632624 1.670487 -0.372452
v 0.463955 1.715937 -0.452537
v 0.632972 1.724400 -0.373414
v 0.464045 1.752717 -0.460537
v 0.633101 1.777091 -0.384873
v 0.463978 1.787231 -0.475556
v 0.633005 1.826535 -0.406390
v 0.463757 1.818152 -0.497018
v 0.632689 1.870832 -0.437137
v 0.463392 1.844292 -0.524099
v 0.632165 1.908279 -0.475932
v 0.462894 1.864645 -0.555758
v 0.631452 1.937438 -0.521286
v 0.462284 1.878432 -0.590777
v 0.630579 1.957188 -0.571454
v 0.461586 1.885120 -0.627812
v 0.629578 1.966769 -0.624509
v 0.460825 1.884454 -0.665439
v 0.628489 1.965814 -0.678413
v 0.460032 1.876458 -0.702212
v 0.627352 1.954360 -0.731093
v 0.459237 1.861441 -0.736717
v 0.626212 1.932847 -0.780525
v 0.458469 1.839978 -0.767630
v 0.625113 1.902101 -0.824810
v 0.457760 1.812896 -0.793761
v 0.624097 1.863303 -0.862245
v 0.457135 1.781235 -0.814107
v 0.623202 1.817946 -0.891392
v 0.456620 1.746211 -0.827886
v 0.622464 1.767771 -0.911132
v 0.456233 1.709171 -0.834568
v 0.621910 1.714708 -0.920704
v 0.455990 1.671537 -0.833897
v 0.621562 1.660794 -0.919742
v 0.455900 1.634757 -0.825897
v 0.621433 1.608104 -0.908283
v 0.455967 1.600243 -0.810878
v 0.621528 1.558660 -0.886767
v 0.456187 1.569322 -0.789415
v 0.621844 1.514363 -0.856020
v 0.456553 1.543183 -0.762334
v 0.622369 1.476916 -0.817224
v 0.457051 1.522829 -0.730676
v 0.623081 1.447757 -0.771871
v 0.457660 1.509043 -0.695656
v 0.623955 1.428007 -0.721702
v 0.524571 1.496619 -0.660378
v 0.525352 1.497304 -0.621713
v 0.526168 1.505520 -0.583925
v 0.526985 1.520952 -0.548467
v 0.527774 1.543007 -0.516701
v 0.528503 1.570837 -0.489848
v 0.529145 1.603372 -0.468940
v 0.529674 1.639363 -0.454781
v 0.530071 1.677426 -0.447915
v 0.530321 1.716098 -0.448604
v 0.530414 1.753894 -0.456824
v 0.530345 1.789361 -0.472258
v 0.530118 1.821135 -0.494313
v 0.529742 1.847996 -0.522142
v 0.529231 1.868912 -0.554675
v 0.528605 1.883079 -0.590661
v 0.527887 1.889952 -0.628718
v 0.527105 1.889267 -0.667383
v 0.526290 1.881051 -0.705171
v 0.525473 1.865619 -0.740630
v 0.524684 1.843565 -0.772396
v 0.523955 1.815735 -0.799248
v 0.523313 1.783199 -0.820156
v 0.522783 1.747209 -0.834315
v 0.522386 1.709146 -0.841182
v 0.522137 1.670473 -0.840492
v 0.522044 1.632677 -0.832272
v 0.522113 1.597211 -0.816838
v 0.522339 1.565436 -0.794783
v 0.522715 1.538575 -0.766954
v 0.523227 1.517659 -0.734422
v 0.523853 1.503492 -0.698436
v 0.535018 1.440722 -0.665091
v 0.536021 1.441601 -0.615451
v 0.537068 1.452149 -0.566936
v 0.538117 1.471961 -0.521414
v 0.539130 1.500276 -0.480631
v 0.540066 1.536005 -0.446156
v 0.540890 1.577776 -0.419314
v 0.541570 1.623982 -0.401135
v 0.542080 1.672849 -0.392320
v 0.542400 1.722499 -0.393206
v 0.542519 1.771023 -0.403759
v 0.542431 1.816557 -0.423573
v 0.542140 1.857351 -0.451889
v 0.541657 1.891837 -0.487617
v 0.541001 1.918689 -0.529383
v 0.540197 1.936877 -0.575584
v 0.539275 1.945701 -0.624444
v 0.538272 1.944822 -0.674084
v 0.537225 1.934274 -0.722599
v 0.536176 1.914462 -0.768122
v 0.535163 1.886147 -0.808904
v 0.534227 1.850417 -0.843379
v 0.533403 1.808647 -0.870221
v 0.532723 1.762440 -0.888400
v 0.532213 1.713573 -0.897215
v 0.531893 1.663924 -0.896330
v 0.531774 1.615400 -0.885776
v 0.531862 1.569866 -0.865961
v 0.532153 1.529072 -0.837646
v 0.532636 1.494586 -0.801919
v 0.533292 1.467733 -0.760152
v 0.534096 1.449545 -0.713951
v 1.220183 1.528305 -0.682080
v 0.992568 1.415921 -0.676033
v 1.231331 1.529716 -0.640231
v 0.993658 1.416876 -0.622130
v 1.221923 1.538006 -0.598754
v 0.994794 1.428330 -0.569450
v 1.222146 1.542208 -0.589098
v 0.995934 1.449843 -0.520018
v 1.233292 1.566739 -0.555163
v 0.997033 1.480590 -0.475733
v 1.223800 1.596577 -0.525209
v 0.998050 1.519387 -0.438298
v 1.223975 1.605437 -0.519516
v 0.998944 1.564744 -0.409150
v 1.234832 1.644795 -0.505003
v 0.999683 1.614919 -0.389411
v 1.235154 1.675629 -0.499440
v 1.000237 1.667983 -0.379838
v 1.000585 1.721895 -0.380800
v 1.235431 1.737575 -0.506658
v 1.000713 1.774587 -0.392259
v 1.235375 1.766306 -0.519161
v 1.000618 1.824030 -0.413776
v 1.224851 1.801367 -0.542345
v 1.000302 1.868327 -0.444523
v 1.224749 1.808682 -0.549923
v 0.999778 1.905775 -0.483318
v 1.234473 1.830749 -0.585924
v 0.999065 1.934933 -0.528672
v 1.223509 1.846918 -0.624602
v 0.998192 1.954683 -0.578840
v 1.223313 1.848790 -0.634965
v 0.997191 1.964265 -0.631895
v 1.232751 1.847238 -0.677228
v 0.996101 1.963310 -0.685799
v 1.221573 1.839089 -0.718291
v 0.994965 1.951856 -0.738479
v 1.221350 1.834886 -0.727948
v 0.993825 1.930342 -0.787911
v 1.230790 1.810215 -0.762296
v 0.992726 1.899596 -0.832196
v 1.219696 1.780518 -0.791835
v 0.991709 1.860799 -0.869631
v 1.219522 1.771658 -0.797529
v 0.990815 1.815441 -0.898778
v 1.229250 1.732159 -0.812456
v 0.990076 1.765266 -0.918518
v 1.228928 1.701325 -0.818019
v 0.989523 1.712203 -0.928090
v 0.989175 1.658290 -0.927128
v 1.228651 1.639379 -0.810801
v 0.989046 1.605599 -0.915669
v 1.228706 1.610649 -0.798298
v 0.989141 1.556155 -0.894153
v 1.218645 1.575727 -0.774700
v 0.989457 1.511858 -0.863406
v 1.218748 1.568412 -0.767122
v 0.989981 1.474411 -0.824610
v 1.229609 1.546205 -0.731534
v 0.990694 1.445252 -0.779257
v 1.219988 1.530176 -0.692443
v 0.991567 1.425503 -0.729088
v 1.187494 1.519578 -0.682145
v 1.095041 1.493423 -0.633159
v 1.189307 1.529684 -0.595340
v 1.189566 1.534589 -0.584070
v 1.097462 1.539125 -0.528147
v 1.191290 1.591227 -0.517515
v 1.191494 1.601568 -0.510870
v 1.099363 1.635481 -0.466227
v 1.099760 1.673544 -0.459361
v 1.100010 1.712217 -0.460051
v 1.100102 1.750013 -0.468271
v 1.100034 1.785479 -0.483705
v 1.198395 1.806293 -0.536235
v 1.198279 1.814605 -0.544846
v 1.098920 1.865031 -0.566121
v 1.196997 1.854143 -0.622067
v 1.196775 1.856270 -0.633843
v 1.096794 1.885386 -0.678830
v 1.194975 1.846238 -0.720007
v 1.194722 1.841463 -0.730979
v 1.094373 1.839683 -0.783842
v 1.193012 1.785243 -0.797042
v 1.192814 1.775175 -0.803512
v 1.092472 1.743327 -0.845762
v 1.092075 1.705264 -0.852628
v 1.091825 1.666592 -0.851938
v 1.091733 1.628796 -0.843718
v 1.091801 1.593329 -0.828284
v 1.185854 1.570132 -0.780881
v 1.102526 1.552618 -0.793191
v 1.092915 1.513778 -0.745868
v 1.187266 1.521762 -0.694240
v 1.082871 1.436989 -0.676099
v 1.083875 1.437868 -0.626458
v 1.084921 1.448416 -0.577944
v 1.085971 1.468229 -0.532421
v 1.086983 1.496543 -0.491638
v 1.087919 1.532273 -0.457164
v 1.088743 1.574043 -0.430321
v 1.089423 1.620250 -0.412143
v 1.089933 1.669117 -0.403327
v 1.090254 1.718767 -0.404213
v 1.090372 1.767291 -0.414766
v 1.090284 1.812824 -0.434581
v 1.089993 1.853618 -0.462896
v 1.089510 1.888104 -0.498624
v 1.088854 1.914957 -0.540391
v 1.088050 1.933145 -0.586592
v 1.087128 1.941969 -0.635451
v 1.086125 1.941090 -0.685092
v 1.085078 1.930541 -0.733606
v 1.084029 1.910729 -0.779129
v 1.083016 1.882414 -0.819911
v 1.082080 1.846685 -0.854386
v 1.081256 1.804914 -0.881229
v 1.080576 1.758708 -0.899407
v 1.080066 1.709841 -0.908223
v 1.079746 1.660191 -0.907337
v 1.079627 1.611667 -0.896784
v 1.079715 1.566133 -0.876969
v 1.080006 1.525340 -0.848654
v 1.080489 1.490854 -0.812926
v 1.081145 1.464001 -0.771159
v 1.081949 1.445813 -0.724958
v 1.232041 1.688477 -0.658729
v 1.103477 1.679003 -0.468262
v 1.235041 1.680072 -0.506588
v 1.235214 1.705911 -0.506691
v 1.103692 1.710899 -0.468388
v 1.235266 1.731080 -0.512636
v 1.103756 1.741968 -0.475727
v 1.096071 1.699754 -0.843882
v 1.229041 1.696882 -0.810871
v 1.228868 1.671043 -0.810768
v 1.095857 1.667857 -0.843755
v 1.228815 1.645875 -0.804823
v 1.095792 1.636788 -0.836416
v 1.234818 1.682305 -0.518400
v 1.234913 1.704149 -0.521121
v 1.235011 1.726018 -0.523632
v 1.229264 1.694649 -0.799059
v 1.229167 1.672794 -0.796432
v 1.229071 1.650936 -0.793827
v 0.809851 1.418128 -0.618437
v 0.808762 1.417173 -0.672340
v 0.810988 1.429582 -0.565757
v 0.812127 1.451096 -0.516325
v 0.813227 1.481842 -0.472040
v 0.814243 1.520639 -0.434605
v 0.815138 1.565997 -0.405457
v 0.815876 1.616171 -0.385718
v 0.816430 1.669235 -0.376145
v 0.816778 1.723148 -0.377107
v 0.816907 1.775839 -0.388566
v 0.816811 1.825283 -0.410083
v 0.816495 1.869580 -0.440830
v 0.815971 1.907027 -0.479625
v 0.815258 1.936186 -0.524979
v 0.814385 1.955935 -0.575147
v 0.813384 1.965517 -0.628202
v 0.812295 1.964562 -0.682106
v 0.811158 1.953108 -0.734786
v 0.810019 1.931595 -0.784218
v 0.808919 1.900848 -0.828503
v 0.807903 1.862051 -0.865938
v 0.807008 1.816693 -0.895085
v 0.806270 1.766519 -0.914824
v 0.805716 1.713455 -0.924397
v 0.805368 1.659542 -0.923435
v 0.805239 1.606851 -0.911976
v 0.805335 1.557408 -0.890460
v 0.805651 1.513111 -0.859713
v 0.806175 1.475663 -0.820917
v 0.806888 1.446505 -0.775564
v 0.807761 1.426755 -0.725395
v 1.095856 1.501639 -0.595371
v 1.231991 1.536372 -0.609620
v 1.232654 1.548873 -0.580896
v 1.096674 1.517071 -0.559913
v 1.098191 1.566955 -0.501294
v 1.233883 1.589283 -0.533410
v 1.234403 1.615639 -0.516473
v 1.098833 1.599491 -0.480387
v 1.099807 1.817254 -0.505760
v 1.235192 1.792046 -0.537027
v 1.234887 1.813805 -0.559570
v 1.099431 1.844115 -0.533588
v 1.098293 1.879198 -0.602107
v 1.233966 1.842225 -0.615076
v 1.233384 1.847793 -0.645906
v 1.097575 1.886071 -0.640164
v 1.095979 1.877170 -0.716618
v 1.232091 1.840583 -0.707839
v 1.231428 1.828081 -0.736563
v 1.095161 1.861738 -0.752076
v 1.093644 1.811853 -0.810695
v 1.230199 1.787671 -0.784049
v 1.229679 1.761314 -0.800986
v 1.093002 1.779318 -0.831602
v 1.092028 1.561555 -0.806229
v 1.228890 1.584908 -0.780432
v 1.229195 1.563149 -0.757888
v 1.092404 1.534693 -0.778400
v 1.093542 1.499611 -0.709882
v 1.230116 1.534729 -0.702382
v 1.230698 1.529161 -0.671553
v 1.094260 1.492738 -0.671825
v 1.071989 0.998513 -0.732155
v 0.932290 0.950870 -0.717953
v 1.072559 1.009691 -0.707569
v 0.933271 0.970107 -0.675643
v 1.073064 1.029429 -0.689133
v 0.934140 1.004074 -0.643916
v 1.073427 1.054722 -0.679653
v 0.934765 1.047602 -0.627602
v 1.073592 1.081719 -0.680573
v 0.935049 1.094062 -0.629185
v 1.073535 1.106311 -0.691753
v 0.934951 1.136383 -0.648424
v 1.073265 1.124753 -0.711490
v 0.934485 1.168121 -0.682390
v 1.072821 1.134238 -0.736779
v 0.933722 1.184443 -0.725912
v 1.072273 1.133321 -0.763772
v 0.932778 1.182866 -0.772364
v 1.071702 1.122143 -0.788357
v 0.931796 1.163630 -0.814674
v 1.071197 1.102405 -0.806794
v 0.930928 1.129662 -0.846401
v 1.070835 1.077112 -0.816273
v 0.930303 1.086135 -0.862715
v 1.070669 1.050115 -0.815353
v 0.930018 1.039674 -0.861132
v 1.070726 1.025523 -0.804174
v 0.930117 0.997353 -0.841893
v 1.070997 1.007082 -0.784437
v 0.930583 0.965616 -0.807927
v 1.071441 0.997597 -0.759147
v 0.931346 0.949293 -0.764405
v 0.991697 0.983257 -0.726836
v 0.992401 0.997056 -0.696486
v 0.993024 1.021421 -0.673728
v 0.993472 1.052644 -0.662026
v 0.993676 1.085971 -0.663161
v 0.993606 1.116328 -0.676962
v 0.993271 1.139093 -0.701326
v 0.992724 1.150802 -0.732545
v 0.992047 1.149671 -0.765865
v 0.991343 1.135872 -0.796215
v 0.990720 1.111507 -0.818973
v 0.990272 1.080284 -0.830676
v 0.990067 1.046957 -0.829540
v 0.990138 1.016600 -0.815740
v 0.990472 0.993834 -0.791376
v 0.991020 0.982126 -0.760157
v 0.985236 0.959683 -0.721168
v 0.986139 0.977398 -0.682204
v 0.986939 1.008680 -0.652985
v 0.987514 1.048765 -0.637962
v 0.987776 1.091551 -0.639420
v 0.987686 1.130525 -0.657137
v 0.987257 1.159753 -0.688417
v 0.986554 1.174785 -0.728497
v 0.985684 1.173333 -0.771276
v 0.984781 1.155617 -0.810240
v 0.983981 1.124336 -0.839458
v 0.983406 1.084250 -0.854482
v 0.983144 1.041464 -0.853024
v 0.983234 1.002490 -0.835307
v 0.983663 0.973263 -0.804027
v 0.984366 0.958231 -0.763947
v 0.804726 0.951739 -0.715390
v 0.805707 0.970976 -0.673080
v 0.806576 1.004943 -0.641353
v 0.807200 1.048471 -0.625039
v 0.807485 1.094932 -0.626622
v 0.807387 1.137252 -0.645861
v 0.806921 1.168990 -0.679827
v 0.806158 1.185312 -0.723349
v 0.805214 1.183735 -0.769801
v 0.804232 1.164499 -0.812111
v 0.803364 1.130531 -0.843838
v 0.802739 1.087004 -0.860152
v 0.802454 1.040543 -0.858569
v 0.802553 0.998222 -0.839330
v 0.803019 0.966485 -0.805364
v 0.803782 0.950162 -0.761842
v 0.537667 1.002153 -0.721419
v 0.677162 0.952608 -0.712827
v 0.538237 1.013331 -0.696834
v 0.678143 0.971845 -0.670517
v 0.538742 1.033069 -0.678397
v 0.679012 1.005813 -0.638790
v 0.539105 1.058362 -0.668918
v 0.679636 1.049340 -0.622476
v 0.539270 1.085359 -0.669838
v 0.679921 1.095801 -0.624059
v 0.539213 1.109951 -0.681017
v 0.679823 1.138121 -0.643298
v 0.538942 1.128393 -0.700754
v 0.679357 1.169859 -0.677264
v 0.538499 1.137878 -0.726044
v 0.678593 1.186181 -0.720786
v 0.537950 1.136962 -0.753036
v 0.677649 1.184604 -0.767238
v 0.537380 1.125784 -0.777622
v 0.676668 1.165368 -0.809548
v 0.536875 1.106045 -0.796058
v 0.675799 1.131400 -0.841275
v 0.536513 1.080753 -0.805538
v 0.675175 1.087873 -0.857589
v 0.536347 1.053755 -0.804618
v 0.674890 1.041412 -0.856006
v 0.536404 1.029164 -0.793438
v 0.674988 0.999092 -0.836767
v 0.536675 1.010722 -0.773701
v 0.675455 0.967354 -0.802801
v 0.537119 1.001237 -0.748412
v 0.676218 0.951031 -0.759279
v 0.617893 0.985804 -0.719326
v 0.618597 0.999602 -0.688976
v 0.619220 1.023968 -0.666218
v 0.619668 1.055190 -0.654516
v 0.619872 1.088517 -0.655651
v 0.619802 1.118874 -0.669451
v 0.619467 1.141640 -0.693815
v 0.618920 1.153349 -0.725034
v 0.618242 1.152217 -0.758355
v 0.617539 1.138419 -0.788705
v 0.616915 1.114053 -0.811463
v 0.616468 1.082831 -0.823165
v 0.616263 1.049504 -0.822030
v 0.616334 1.019147 -0.808229
v 0.616668 0.996381 -0.783865
v 0.617216 0.984673 -0.752646
v 0.624255 0.962142 -0.713915
v 0.625158 0.979858 -0.674951
v 0.625959 1.011139 -0.645733
v 0.626534 1.051224 -0.630709
v 0.626796 1.094011 -0.632167
v 0.626705 1.132984 -0.649884
v 0.626276 1.162212 -0.681164
v 0.625573 1.177244 -0.721244
v 0.624704 1.175792 -0.764023
v 0.623800 1.158076 -0.802988
v 0.623000 1.126795 -0.832206
v 0.622425 1.086710 -0.847229
v 0.622163 1.043923 -0.845772
v 0.622253 1.004950 -0.828054
v 0.622683 0.975722 -0.796774
v 0.623386 0.960690 -0.756694
v 0.913801 0.137592 0.173999
v 0.915549 0.088010 0.120348
v 0.710600 0.089461 0.125704
v 0.715124 0.138993 0.179145
v 0.754820 0.089132 0.124185
v 0.761252 0.138702 0.177949
v 0.867674 0.137953 0.175192
v 0.870569 0.088312 0.121137
v 0.759932 0.093252 0.108671
v 0.771968 0.147175 0.149535
v 0.855908 0.146578 0.147289
v 0.864860 0.092494 0.105864
v 0.964291 1.925748 -0.623846
v 0.965102 1.982276 -0.602861
v 0.962003 1.962669 -0.743256
v 0.963153 2.004893 -0.702026
v 0.875209 2.243895 -0.834291
v 0.936600 2.207159 -0.815525
v 0.901469 2.238853 -0.832146
v 0.923940 2.225407 -0.825278
v 0.935184 2.188578 -0.864981
v 0.874094 2.225743 -0.882193
v 0.922674 2.207039 -0.873957
v 0.900314 2.220643 -0.880257
v 0.920892 1.938446 -0.656511
v 0.921577 1.991283 -0.640546
v 0.919362 1.962959 -0.742399
v 0.920229 2.002386 -0.698181
v 0.869321 2.206852 -0.813730
v 0.889549 2.194575 -0.807452
v 0.878996 2.205005 -0.812946
v 0.884406 2.201807 -0.811314
v 0.888318 2.175286 -0.857072
v 0.868231 2.187362 -0.863212
v 0.883627 2.182162 -0.860735
v 0.878204 2.185436 -0.862425
v 0.813345 2.226152 -0.880948
v 0.814460 2.244301 -0.833046
v 0.813477 2.187731 -0.862090
v 0.814635 2.207218 -0.812610
v 0.816742 1.926731 -0.620814
v 0.817553 1.983260 -0.599830
v 0.816132 1.939144 -0.654358
v 0.816817 1.991982 -0.638394
v 0.669192 1.927714 -0.617782
v 0.670003 1.984243 -0.596797
v 0.666902 1.964679 -0.737327
v 0.668054 2.006903 -0.695956
v 0.753711 2.244707 -0.831802
v 0.692663 2.208791 -0.810529
v 0.727497 2.240016 -0.828583
v 0.705151 2.226870 -0.820796
v 0.691777 2.190216 -0.859993
v 0.752596 2.226560 -0.879703
v 0.704151 2.208508 -0.869479
v 0.726413 2.221812 -0.876693
v 0.711372 1.939842 -0.652206
v 0.712057 1.992680 -0.636241
v 0.709547 1.964389 -0.738183
v 0.711062 2.003810 -0.693878
v 0.759949 2.207583 -0.811490
v 0.739835 2.195575 -0.804385
v 0.750291 2.205865 -0.810309
v 0.744911 2.202739 -0.808456
v 0.738747 2.176291 -0.854006
v 0.758724 2.188099 -0.860968
v 0.743374 2.183105 -0.857860
v 0.748767 2.186306 -0.859772
v -0.963196 0.308164 -0.129853
v -0.963978 0.277987 -0.077649
v -0.964948 0.419712 -0.073453
v -0.965354 0.371972 -0.038742
v -0.884278 0.464693 0.220448
v -0.944636 0.450655 0.180069
v -0.910400 0.462696 0.214680
v -0.932493 0.457558 0.199900
v -0.944492 0.502545 0.170046
v -0.884394 0.514974 0.210582
v -0.932478 0.508644 0.189954
v -0.910481 0.513192 0.204792
v -0.920955 0.339430 -0.111148
v -0.922385 0.314818 -0.061754
v -0.922307 0.420003 -0.072596
v -0.922307 0.369795 -0.041138
v -0.877335 0.450805 0.180593
v -0.897217 0.446114 0.167102
v -0.886959 0.450073 0.178478
v -0.892279 0.448851 0.174963
v -0.897255 0.498280 0.156404
v -0.877506 0.502865 0.169672
v -0.892759 0.500867 0.163873
v -0.887428 0.502135 0.167474
v -0.823644 0.515364 0.211793
v -0.823528 0.465085 0.221657
v -0.822752 0.503216 0.170764
v -0.822648 0.451157 0.181681
v -0.815644 0.309107 -0.126921
v -0.817212 0.278924 -0.074733
v -0.816194 0.340099 -0.109066
v -0.817023 0.315492 -0.059661
v -0.903349 0.186783 -0.271176
v -0.917479 0.201112 0.057220
v -0.912142 0.429562 0.055197
v -0.914207 0.206124 0.170991
v -0.914333 0.283136 0.172824
v -0.906713 0.426779 -0.171538
v -0.903542 0.241585 -0.271505
v -0.906130 0.191247 -0.169085
v -0.668092 0.310049 -0.123990
v -0.668801 0.279872 -0.071784
v -0.669847 0.421723 -0.067524
v -0.670251 0.373844 -0.032837
v -0.762779 0.465477 0.222866
v -0.700695 0.452228 0.184925
v -0.736426 0.463818 0.218142
v -0.713702 0.458969 0.204254
v -0.701082 0.504111 0.174899
v -0.762895 0.515755 0.213004
v -0.713953 0.510049 0.194311
v -0.736578 0.514311 0.208259
v -0.711432 0.340769 -0.106985
v -0.711553 0.316165 -0.057565
v -0.712492 0.421432 -0.068381
v -0.713137 0.371122 -0.036953
v -0.767961 0.451510 0.182769
v -0.747501 0.447079 0.170081
v -0.758252 0.450902 0.181039
v -0.752782 0.449750 0.177738
v -0.747682 0.499242 0.159386
v -0.767998 0.503569 0.171855
v -0.752504 0.501769 0.166669
v -0.757989 0.502967 0.170055
v -0.704673 0.188187 -0.266030
v -0.707563 0.202593 0.062593
v -0.713460 0.430102 0.060381
v -0.715531 0.207529 0.176137
v -0.715652 0.283677 0.178008
v -0.708031 0.427320 -0.166355
v -0.704861 0.242125 -0.266320
v -0.706839 0.192655 -0.163926
v -0.917662 0.085448 0.062278
v -0.905295 0.075591 -0.164006
v -0.706163 0.086940 0.067683
v -0.706287 0.076997 -0.158853
v -0.857222 0.187109 -0.269981
v -0.750800 0.187861 -0.267224
v -0.866012 0.429687 0.056401
v -0.759590 0.429976 0.059177
v -0.868080 0.206450 0.172186
v -0.761658 0.207203 0.174943
v -0.868204 0.283262 0.174027
v -0.761781 0.283552 0.176804
v -0.750990 0.242000 -0.267524
v -0.857413 0.241710 -0.270301
v -0.754161 0.427195 -0.167558
v -0.860583 0.426905 -0.170335
v -0.859785 0.191574 -0.167886
v -0.752989 0.192329 -0.165122
v -0.873833 0.085759 0.063427
v -0.748471 0.086640 0.066565
v -0.752473 0.076671 -0.160050
v -0.859014 0.075918 -0.162809
v -0.856162 0.195577 0.145139
v -0.772330 0.196172 0.147384
v -1.023461 0.210605 0.095894
v -0.923795 0.210605 0.096543
v -0.923795 -0.006267 0.096543
v -1.023460 -0.006267 0.095894
v -1.023460 -0.006267 0.416433
v -1.023461 0.058176 0.416433
v -0.923795 0.058176 0.417082
v -0.923795 -0.006267 0.417082
v -1.023316 -0.006267 0.001929
v -1.023316 0.181875 0.001929
v -0.923650 0.181875 0.002578
v -0.923650 -0.006267 0.002578
v -0.698363 0.210605 0.095894
v -0.598697 0.210605 0.096543
v -0.598697 -0.006267 0.096543
v -0.698363 -0.006267 0.095894
v -0.698363 -0.006267 0.416433
v -0.698363 0.058176 0.416433
v -0.598697 0.058176 0.417082
v -0.598697 -0.006267 0.417082
v -0.698218 -0.006267 0.001929
v -0.698218 0.181875 0.001929
v -0.598552 0.181875 0.002578
v -0.598552 -0.006267 0.002578
v -0.615405 0.889725 -0.928524
v -0.806339 1.104164 -0.686804
v -0.628575 0.569139 -0.647659
v -0.672888 0.314746 -0.201027
v -0.644479 1.000131 -0.803175
v -0.665327 0.497747 -0.361645
v -0.622698 0.712211 -0.773004
v -0.656023 0.721952 -0.558692
v -0.812018 0.771563 -0.291373
v -0.813302 0.652771 -0.187160
v -0.815287 0.469894 -0.026340
v -0.808644 0.891392 -0.499922
v -0.810801 0.796412 -0.360351
v -0.809026 0.864081 -0.471660
v -0.809570 0.836441 -0.435212
v -0.810193 0.812679 -0.396125
v -0.984471 0.887211 -0.935939
v -0.978228 0.566757 -0.654684
v -0.948429 0.312869 -0.206563
v -0.961962 0.997968 -0.809553
v -0.952024 0.495794 -0.367405
v -0.981014 0.709770 -0.780203
v -0.956459 0.719905 -0.564728
v -0.957161 0.755368 -0.595952
v -0.981530 0.736242 -0.803438
v -0.955106 0.651548 -0.504542
v -0.658862 0.653531 -0.498559
v -0.667488 1.087505 -0.703974
v -0.699498 1.105018 -0.684462
v -0.741117 0.470196 -0.025166
v -0.708693 0.450856 -0.046743
v -0.733563 0.653361 -0.185598
v -0.701115 0.633853 -0.207470
v -0.728645 0.772166 -0.289729
v -0.695952 0.757010 -0.316054
v -0.687068 0.784616 -0.391453
v -0.720594 0.796972 -0.358625
v -0.708321 0.892236 -0.497658
v -0.676353 0.873889 -0.516233
v -0.716730 0.813338 -0.394213
v -0.684173 0.796897 -0.418002
v -0.713042 0.837194 -0.433125
v -0.681379 0.815079 -0.447460
v -0.710089 0.864901 -0.469447
v -0.678239 0.844654 -0.486088
v -0.913189 1.103562 -0.688755
v -0.944148 1.085620 -0.709532
v -0.920422 0.450816 -0.049410
v -0.889442 0.469185 -0.028146
v -0.924382 0.631933 -0.212284
v -0.893041 0.652274 -0.188802
v -0.926838 0.755261 -0.321015
v -0.895390 0.771030 -0.293079
v -0.901003 0.795742 -0.362249
v -0.933035 0.782882 -0.396551
v -0.939923 0.872093 -0.521529
v -0.908979 0.890869 -0.501689
v -0.935965 0.801180 -0.435939
v -0.903657 0.812064 -0.397969
v -0.937130 0.817323 -0.457817
v -0.906105 0.835878 -0.437004
v -0.938850 0.842879 -0.491324
v -0.907974 0.863553 -0.473422
v -0.642978 0.887202 -0.932697
v -0.805790 1.085684 -0.707832
v -0.656147 0.566616 -0.651832
v -0.700461 0.312223 -0.205200
v -0.672051 0.997608 -0.807347
v -0.692899 0.495224 -0.365818
v -0.650270 0.709688 -0.777177
v -0.683595 0.719429 -0.562864
v -0.811543 0.748422 -0.307129
v -0.812754 0.634302 -0.208197
v -0.814739 0.451421 -0.047374
v -0.808105 0.872072 -0.520181
v -0.810412 0.770480 -0.370903
v -0.808515 0.842832 -0.489887
v -0.809095 0.813310 -0.450983
v -0.809761 0.787946 -0.409244
v -0.956722 0.885064 -0.939001
v -0.950479 0.564611 -0.657746
v -0.920679 0.310722 -0.209624
v -0.934212 0.995821 -0.812615
v -0.924275 0.493648 -0.370466
v -0.953265 0.707623 -0.783265
v -0.928710 0.717759 -0.567789
v -0.929412 0.753222 -0.599013
v -0.953781 0.734096 -0.806499
v -0.927357 0.649402 -0.507603
v -0.686435 0.651008 -0.502731
v -0.691685 1.078786 -0.715042
v -0.708728 1.087794 -0.704516
v -0.750780 0.453093 -0.045118
v -0.733150 0.442450 -0.057477
v -0.743378 0.636297 -0.205510
v -0.725620 0.625502 -0.218136
v -0.737547 0.750783 -0.305461
v -0.719512 0.745080 -0.325363
v -0.711343 0.772992 -0.399174
v -0.729509 0.772718 -0.369409
v -0.717553 0.874269 -0.517048
v -0.700640 0.864976 -0.526943
v -0.726061 0.790399 -0.407280
v -0.708612 0.786131 -0.426418
v -0.722448 0.815842 -0.448604
v -0.705790 0.804886 -0.456636
v -0.719426 0.845240 -0.487060
v -0.702616 0.835148 -0.496059
v -0.902927 1.086471 -0.708417
v -0.919410 1.077234 -0.719617
v -0.895545 0.442574 -0.059269
v -0.878905 0.452140 -0.047701
v -0.899359 0.623900 -0.221943
v -0.882239 0.635322 -0.208295
v -0.902724 0.743718 -0.329338
v -0.885510 0.749797 -0.308426
v -0.891290 0.771638 -0.372672
v -0.908297 0.771631 -0.403294
v -0.915106 0.863515 -0.531252
v -0.898732 0.873034 -0.520688
v -0.910883 0.791246 -0.443436
v -0.893445 0.789283 -0.410647
v -0.912311 0.807456 -0.466222
v -0.895681 0.814776 -0.452171
v -0.913965 0.833708 -0.500305
v -0.897670 0.844025 -0.490641
v -0.821810 1.417396 -0.023006
v -0.825638 1.394044 0.175457
v -0.828080 1.458966 0.274958
v -0.827499 1.443527 0.251296
v -0.809653 1.094304 -0.518501
v -0.953313 1.524604 0.140077
v -0.862080 1.458734 0.274275
v -0.877792 1.417014 -0.024130
v -0.837445 1.393964 0.175220
v -0.871457 0.961485 -0.722858
v -0.846891 1.458838 0.274580
v -0.950412 1.498916 0.100725
v -0.861499 1.443296 0.250613
v -0.846311 1.443399 0.250918
v -0.881042 1.093818 -0.519935
v -0.926967 1.094495 -0.811005
v -0.965062 1.549808 -0.112916
v -0.971544 1.607210 -0.024981
v -0.937606 1.226821 -0.608103
v -0.970003 1.593560 -0.045892
v -0.982059 1.644365 -0.175028
v -0.984484 1.665840 -0.142130
v -0.963545 1.400572 -0.548896
v -0.983907 1.660733 -0.149953
v -0.904504 0.969526 -0.728915
v -0.892797 0.961339 -0.723287
v -0.942769 1.426841 -0.025923
v -0.930853 1.416653 -0.025196
v -0.849354 1.393883 0.174980
v -0.859928 1.401522 0.186589
v -0.903426 1.093665 -0.520385
v -0.915142 1.101851 -0.526014
v -0.821864 1.443293 -0.029080
v -0.825692 1.419941 0.169379
v -0.827939 1.481245 0.260426
v -0.827359 1.465806 0.236764
v -0.809513 1.116587 -0.533027
v -0.929575 1.535281 0.134592
v -0.851963 1.479588 0.261224
v -0.877846 1.442911 -0.030205
v -0.837499 1.419860 0.169142
v -0.871317 0.983768 -0.737383
v -0.846751 1.481116 0.260048
v -0.925862 1.508228 0.096464
v -0.849366 1.463470 0.238230
v -0.846170 1.465678 0.236386
v -0.880902 1.116101 -0.534461
v -0.900688 1.098436 -0.812197
v -0.938806 1.553943 -0.113936
v -0.945289 1.611403 -0.025782
v -0.911334 1.230817 -0.609297
v -0.943747 1.597753 -0.046694
v -0.955813 1.648553 -0.176099
v -0.958229 1.670033 -0.142932
v -0.937310 1.404756 -0.550237
v -0.957652 1.664926 -0.150755
v -0.879286 0.984833 -0.737901
v -0.920799 1.444174 -0.035047
v -0.847202 1.422375 0.176066
v -0.892555 1.118322 -0.535203
v -0.698435 1.526341 0.145198
v -0.794079 1.459198 0.275641
v -0.765827 1.417777 -0.021881
v -0.813831 1.394125 0.175694
v -0.737888 0.962395 -0.720175
v -0.809268 1.459094 0.275336
v -0.699403 1.500626 0.105768
v -0.793499 1.443759 0.251979
v -0.808687 1.443655 0.251674
v -0.738264 1.094790 -0.517067
v -0.680699 1.096173 -0.806057
v -0.676878 1.551772 -0.107126
v -0.674716 1.609233 -0.019017
v -0.680022 1.228576 -0.602928
v -0.675230 1.595568 -0.039969
v -0.658690 1.646568 -0.168531
v -0.657881 1.668065 -0.135568
v -0.658850 1.402648 -0.542775
v -0.658073 1.662953 -0.143407
v -0.704737 0.970887 -0.724902
v -0.716549 0.962540 -0.719746
v -0.700971 1.428488 -0.021065
v -0.712766 1.418139 -0.020815
v -0.801922 1.394206 0.175933
v -0.791928 1.401985 0.187955
v -0.715881 1.094943 -0.516617
v -0.704060 1.103289 -0.521773
v -0.722077 1.536695 0.138761
v -0.803946 1.479915 0.262189
v -0.765882 1.443674 -0.027955
v -0.813885 1.420021 0.169616
v -0.737748 0.984678 -0.734700
v -0.809128 1.481373 0.260804
v -0.723886 1.509604 0.100522
v -0.805398 1.463770 0.239113
v -0.808547 1.465935 0.237142
v -0.738124 1.117073 -0.531592
v -0.706961 1.099756 -0.808305
v -0.703127 1.555548 -0.109201
v -0.700972 1.613068 -0.020874
v -0.706276 1.232214 -0.605177
v -0.701487 1.599403 -0.041826
v -0.684927 1.650399 -0.170656
v -0.684137 1.671900 -0.137425
v -0.685065 1.406475 -0.545169
v -0.684330 1.666788 -0.145264
v -0.729780 0.985851 -0.734897
v -0.722791 1.445523 -0.031068
v -0.804504 1.422666 0.176924
v -0.726483 1.119454 -0.531867
v -0.828834 1.421241 0.325289
v -0.828652 1.716771 0.216018
v -0.829838 1.540416 0.334882
v -0.829216 1.701602 0.249236
v -0.829663 1.678227 0.279445
v -0.829964 1.648238 0.304589
v -0.830098 1.613677 0.322953
v -0.830055 1.576901 0.333285
v -0.994960 1.381218 0.092213
v -0.922728 1.894902 -0.355633
v -0.961499 1.360634 0.317809
v -0.994047 1.460563 0.019866
v -0.939193 1.420489 0.323072
v -0.952173 1.539582 0.332424
v -0.940951 1.716005 0.213762
v -0.950201 1.576083 0.330871
v -0.948081 1.612873 0.320582
v -0.945957 1.647447 0.302258
v -0.943974 1.677449 0.277149
v -0.942266 1.700832 0.246964
v -0.825907 1.756713 0.065886
v -0.918359 1.744583 -0.522116
v -0.821994 1.810826 -0.147251
v -0.820387 1.838903 -0.236755
v -0.819578 1.858534 -0.283685
v -0.906908 1.877522 -0.324377
v -0.929162 1.810095 -0.149400
v -0.885775 1.858124 -0.285088
v -0.927816 1.821434 -0.191002
v -0.971105 1.894572 -0.356605
v -0.989121 1.862154 -0.361470
v -0.998732 1.363277 0.286058
v -0.981008 1.360501 0.317417
v -0.999246 1.424253 0.290966
v -0.981511 1.420201 0.322222
v -1.000221 1.539884 0.300273
v -0.982516 1.539376 0.331815
v -0.999261 1.685935 0.202939
v -0.981329 1.715730 0.212951
v -1.000405 1.570887 0.298916
v -0.982733 1.575861 0.330218
v -1.000440 1.601014 0.290451
v -0.982776 1.612637 0.319885
v -1.000329 1.629750 0.275181
v -0.982642 1.647197 0.301521
v -1.000079 1.654670 0.254283
v -0.982341 1.677187 0.276378
v -0.999713 1.673783 0.229573
v -0.981893 1.700562 0.246168
v -0.996612 1.724210 0.058114
v -0.978585 1.755672 0.062819
v -0.966736 1.744254 -0.523088
v -0.984593 1.699165 -0.531576
v -0.974672 1.809784 -0.150311
v -0.992685 1.778461 -0.155704
v -0.989611 1.845302 -0.331407
v -0.971605 1.877133 -0.325769
v -0.973913 1.821123 -0.191934
v -0.991920 1.789803 -0.197642
v -0.973063 1.837904 -0.239894
v -0.991075 1.806331 -0.245297
v -0.972253 1.857572 -0.286891
v -0.990267 1.825715 -0.292073
v -0.905272 1.883757 -0.356503
v -0.818326 1.884349 -0.354756
v -0.813957 1.734030 -0.521239
v -0.900903 1.733438 -0.522986
v -0.819243 1.854326 -0.298932
v -0.818830 1.866768 -0.323670
v -0.892168 1.866358 -0.325302
v -0.880995 1.853965 -0.300277
v -0.982809 1.526695 -0.561887
v -0.824529 1.775534 -0.009092
v -0.933965 1.774788 -0.011290
v -0.995230 1.743065 -0.017033
v -0.977207 1.774493 -0.012158
v -0.938519 1.735984 0.138717
v -0.827280 1.736741 0.140952
v -0.979957 1.735701 0.137885
v -0.997936 1.705072 0.130527
v -0.823056 1.795902 -0.089315
v -0.993752 1.763485 -0.097512
v -0.975734 1.794861 -0.092379
v -0.922249 1.725526 0.124534
v -0.826916 1.726175 0.126449
v -0.825935 1.740461 0.072750
v -0.821061 1.809131 -0.193122
v -0.820454 1.821114 -0.227390
v -0.821603 1.801028 -0.163362
v -0.912470 1.808513 -0.194965
v -0.913433 1.800402 -0.165204
v -0.917932 1.764385 -0.026213
v -0.824151 1.765024 -0.024329
v -0.823098 1.779594 -0.081718
v -0.652950 1.383548 0.099084
v -0.714125 1.896323 -0.351442
v -0.695162 1.362449 0.323160
v -0.652037 1.462893 0.026737
v -0.718474 1.421993 0.327507
v -0.707504 1.541249 0.337340
v -0.716353 1.717536 0.218274
v -0.709908 1.577720 0.335699
v -0.712114 1.614481 0.325323
v -0.713971 1.649028 0.306919
v -0.715353 1.679006 0.281742
v -0.716165 1.702373 0.251507
v -0.709756 1.746004 -0.517925
v -0.730950 1.878720 -0.320842
v -0.714826 1.811555 -0.145093
v -0.753378 1.859026 -0.282428
v -0.714654 1.822886 -0.186719
v -0.665749 1.896652 -0.350470
v -0.647111 1.864485 -0.354598
v -0.656722 1.365607 0.292929
v -0.675652 1.362581 0.323552
v -0.657236 1.426583 0.297837
v -0.676156 1.422282 0.328357
v -0.658211 1.542215 0.307144
v -0.677160 1.541456 0.337950
v -0.657251 1.688265 0.209811
v -0.675974 1.717811 0.219086
v -0.658395 1.573218 0.305787
v -0.677377 1.577941 0.336353
v -0.658430 1.603345 0.297323
v -0.677420 1.614717 0.326020
v -0.658319 1.632081 0.282052
v -0.677286 1.649278 0.307656
v -0.658069 1.657000 0.261155
v -0.676985 1.679268 0.282513
v -0.657703 1.676113 0.236444
v -0.676538 1.702642 0.252303
v -0.654602 1.726540 0.064985
v -0.673229 1.757753 0.068954
v -0.661380 1.746334 -0.516953
v -0.642583 1.701496 -0.524704
v -0.669316 1.811865 -0.144176
v -0.650675 1.780791 -0.148832
v -0.647600 1.847632 -0.324535
v -0.666250 1.879213 -0.319634
v -0.668557 1.823204 -0.185799
v -0.649910 1.792133 -0.190770
v -0.667708 1.839985 -0.233759
v -0.649065 1.808661 -0.238425
v -0.666897 1.859652 -0.280756
v -0.648257 1.828045 -0.285202
v -0.731379 1.884942 -0.353009
v -0.727010 1.734623 -0.519493
v -0.745488 1.867357 -0.322355
v -0.757487 1.854806 -0.297795
v -0.640799 1.529025 -0.555016
v -0.715094 1.776280 -0.006893
v -0.653220 1.745395 -0.010162
v -0.671851 1.776574 -0.006023
v -0.675394 1.462930 0.026373
v -0.673767 1.624690 0.030564
v -0.716040 1.737499 0.143187
v -0.674602 1.737782 0.144020
v -0.655926 1.707402 0.137398
v -0.651742 1.765815 -0.090641
v -0.670378 1.796941 -0.086244
v -0.731583 1.726825 0.128364
v -0.729651 1.809759 -0.191292
v -0.729774 1.801653 -0.161514
v -0.730371 1.765663 -0.022444
v -0.885753 1.756305 0.064684
v -0.937409 1.745106 0.104450
v -0.973785 1.755705 0.062915
v -0.935052 1.765143 0.027116
v -0.879277 1.838516 -0.237963
v -0.927680 1.822935 -0.195291
v -0.963993 1.837963 -0.239707
v -0.902634 1.849837 -0.265883
v -0.881823 1.795502 -0.090495
v -0.932705 1.784636 -0.050050
v -0.969055 1.794906 -0.092245
v -0.929974 1.804571 -0.127976
v -0.921831 1.728961 0.111627
v -0.870175 1.740160 0.071861
v -0.909338 1.809315 -0.197135
v -0.864366 1.820824 -0.228288
v -0.917414 1.768433 -0.042145
v -0.866532 1.779298 -0.082590
v -0.715897 1.746616 0.108901
v -0.766062 1.757120 0.067089
v -0.715418 1.766639 0.031529
v -0.678030 1.757720 0.068857
v -0.714638 1.824386 -0.191011
v -0.761496 1.839319 -0.235597
v -0.737192 1.850965 -0.262559
v -0.676778 1.839920 -0.233937
v -0.714930 1.786120 -0.045674
v -0.764289 1.796302 -0.088133
v -0.714799 1.806037 -0.123653
v -0.677057 1.796896 -0.086378
v -0.781694 1.740763 0.073638
v -0.731529 1.730258 0.115451
v -0.776541 1.821422 -0.226524
v -0.732453 1.810456 -0.193397
v -0.779664 1.779890 -0.080844
v -0.730304 1.769708 -0.038386
v -0.828387 1.433868 0.298782
v -0.971602 1.381399 0.092454
v -0.957060 1.362395 0.297181
v -0.970697 1.460918 0.020440
v -0.931798 1.433164 0.296704
v -0.916454 1.722431 -0.524670
v -0.975221 1.365774 0.277867
v -0.975978 1.362266 0.296801
v -0.948193 1.722215 -0.525308
v -0.963889 1.681845 -0.533361
v -0.813762 1.713048 -0.523786
v -0.897054 1.712481 -0.525459
v -0.962257 1.527421 -0.562235
v -0.676299 1.383411 0.098387
v -0.698648 1.364195 0.302481
v -0.724976 1.434573 0.300860
v -0.711255 1.723829 -0.520547
v -0.679918 1.367786 0.283800
v -0.679882 1.364283 0.302750
v -0.679517 1.724046 -0.519910
v -0.662962 1.683896 -0.527315
v -0.730471 1.713615 -0.522112
v -0.661329 1.529471 -0.556188
v -0.974694 1.622640 0.024518
v -0.829033 1.583938 0.280059
v -0.973047 1.638691 0.077115
v -0.958057 1.584754 0.271383
v -0.932444 1.583234 0.277982
v -0.976250 1.589591 0.253211
v -0.976975 1.584625 0.271003
v -0.677744 1.640703 0.083048
v -0.699644 1.586485 0.276683
v -0.725623 1.584643 0.282137
v -0.680947 1.591603 0.259144
v -0.680879 1.586643 0.276952
v -0.645952 1.498700 -0.288252
v -0.667786 1.498922 -0.288729
v -0.966132 1.496889 -0.294723
v -0.987962 1.496370 -0.295123
v -0.952256 1.699996 -0.315535
v -0.968185 1.658304 -0.311535
v -0.920517 1.700212 -0.314897
v -0.734578 1.691183 -0.310091
v -0.901161 1.690048 -0.313438
v -0.715319 1.701610 -0.310774
v -0.817869 1.690616 -0.311765
v -0.683580 1.701827 -0.310137
v -0.667258 1.660354 -0.305489
v -1.077107 0.245140 -0.221971
v -0.937418 0.197611 -0.207294
v -1.077676 0.256558 -0.197496
v -0.938399 0.217261 -0.165174
v -1.078179 0.276476 -0.179254
v -0.939263 0.251539 -0.133781
v -1.078537 0.301861 -0.170023
v -0.939880 0.295224 -0.117895
v -1.078697 0.328848 -0.171207
v -0.940155 0.341667 -0.119933
v -1.078635 0.353328 -0.182627
v -0.940047 0.383797 -0.139586
v -1.078359 0.371576 -0.202544
v -0.939572 0.415200 -0.173861
v -1.077912 0.380813 -0.227925
v -0.938803 0.431095 -0.217541
v -1.077361 0.379632 -0.254907
v -0.937856 0.429063 -0.263975
v -1.076792 0.368213 -0.279382
v -0.936876 0.409412 -0.306095
v -1.076290 0.348295 -0.297624
v -0.936012 0.375135 -0.337487
v -1.075931 0.322911 -0.306855
v -0.935395 0.331450 -0.353374
v -1.075771 0.295924 -0.305671
v -0.935120 0.285007 -0.351336
v -1.075834 0.271443 -0.294251
v -0.935227 0.242877 -0.331683
v -1.076110 0.253195 -0.274334
v -0.935702 0.211474 -0.297408
v -1.076557 0.243959 -0.248953
v -0.936472 0.195579 -0.253728
v -0.996818 0.229921 -0.216497
v -0.997521 0.244016 -0.186284
v -0.998141 0.268604 -0.163766
v -0.998584 0.299940 -0.152370
v -0.998781 0.333254 -0.153833
v -0.998704 0.363474 -0.167930
v -0.998363 0.386000 -0.192516
v -0.997812 0.397402 -0.223848
v -0.997132 0.395944 -0.257156
v -0.996429 0.381849 -0.287369
v -0.995809 0.357261 -0.309887
v -0.995367 0.325925 -0.321282
v -0.995169 0.292611 -0.319820
v -0.995247 0.262391 -0.305723
v -0.995587 0.239865 -0.281137
v -0.996139 0.228463 -0.249805
v -0.990362 0.206402 -0.210598
v -0.991265 0.224499 -0.171809
v -0.992060 0.256065 -0.142899
v -0.992628 0.296296 -0.128269
v -0.992882 0.339066 -0.130146
v -0.992783 0.377864 -0.148245
v -0.992346 0.406784 -0.179809
v -0.991637 0.421422 -0.220035
v -0.990765 0.419551 -0.262797
v -0.989863 0.401454 -0.301586
v -0.989067 0.369888 -0.330496
v -0.988499 0.329657 -0.345126
v -0.988245 0.286887 -0.343249
v -0.988344 0.248088 -0.325151
v -0.988781 0.219169 -0.293586
v -0.989490 0.204530 -0.253360
v -0.809854 0.198480 -0.204731
v -0.810834 0.218131 -0.162611
v -0.811699 0.252408 -0.131218
v -0.812315 0.296093 -0.115332
v -0.812591 0.342536 -0.117370
v -0.812483 0.384666 -0.137023
v -0.812008 0.416069 -0.171298
v -0.811239 0.431964 -0.214978
v -0.810292 0.429932 -0.261412
v -0.809312 0.410282 -0.303532
v -0.808448 0.376004 -0.334924
v -0.807831 0.332319 -0.350811
v -0.807556 0.285876 -0.348773
v -0.807663 0.243746 -0.329120
v -0.808138 0.212343 -0.294845
v -0.808908 0.196448 -0.251165
v -0.542785 0.248780 -0.211236
v -0.682290 0.199349 -0.202168
v -0.543354 0.260199 -0.186761
v -0.683270 0.219000 -0.160048
v -0.543857 0.280116 -0.168519
v -0.684134 0.253277 -0.128655
v -0.544215 0.305501 -0.159288
v -0.684751 0.296962 -0.112769
v -0.544375 0.332488 -0.160472
v -0.685027 0.343405 -0.114807
v -0.544312 0.356969 -0.171892
v -0.684919 0.385535 -0.134460
v -0.544037 0.375217 -0.191808
v -0.684444 0.416938 -0.168735
v -0.543590 0.384453 -0.217190
v -0.683675 0.432833 -0.212415
v -0.543040 0.383272 -0.244172
v -0.682728 0.430801 -0.258849
v -0.542470 0.371854 -0.268647
v -0.681748 0.411151 -0.300969
v -0.541968 0.351936 -0.286889
v -0.680884 0.376873 -0.332362
v -0.541609 0.326551 -0.296120
v -0.680267 0.333188 -0.348248
v -0.541449 0.299564 -0.294936
v -0.679991 0.286745 -0.346210
v -0.541512 0.275083 -0.283516
v -0.680099 0.244615 -0.326557
v -0.541788 0.256836 -0.263599
v -0.680574 0.213212 -0.292282
v -0.542235 0.247599 -0.238218
v -0.681343 0.197317 -0.248602
v -0.623014 0.232468 -0.208987
v -0.623717 0.246563 -0.178774
v -0.624337 0.271151 -0.156256
v -0.624779 0.302487 -0.144860
v -0.624977 0.335801 -0.146322
v -0.624900 0.366021 -0.160420
v -0.624559 0.388547 -0.185006
v -0.624007 0.399949 -0.216338
v -0.623328 0.398491 -0.249645
v -0.622625 0.384395 -0.279858
v -0.622005 0.359808 -0.302377
v -0.621563 0.328472 -0.313772
v -0.621365 0.295158 -0.312310
v -0.621443 0.264938 -0.298213
v -0.621783 0.242412 -0.273627
v -0.622335 0.231010 -0.242295
v -0.629381 0.208862 -0.203346
v -0.630284 0.226958 -0.164557
v -0.631080 0.258525 -0.135647
v -0.631648 0.298755 -0.121016
v -0.631901 0.341525 -0.122894
v -0.631802 0.380324 -0.140992
v -0.631365 0.409243 -0.172557
v -0.630657 0.423882 -0.212782
v -0.629785 0.422010 -0.255545
v -0.628882 0.403913 -0.294333
v -0.628086 0.372347 -0.323244
v -0.627518 0.332116 -0.337874
v -0.627264 0.289346 -0.335997
v -0.627364 0.250548 -0.317898
v -0.627801 0.221628 -0.286333
v -0.628509 0.206990 -0.246108
v -0.748537 1.517588 0.327353
v -0.910453 1.516485 0.324100
v -0.829417 1.503957 0.326298
v -0.713829 1.577433 0.318617
v -0.945594 1.575854 0.313960
v -0.830853 1.588189 0.369210
v -0.689438 1.721237 0.159567
v -0.965533 1.719356 0.154020
v -0.829253 1.772870 0.226926
v -0.727480 1.544803 0.325743
v -0.765327 1.519766 0.353791
v -0.874355 1.505286 0.325324
v -0.932593 1.629166 0.352211
v -0.784499 1.505898 0.327129
v -0.830462 1.547004 0.363692
v -0.781153 1.632623 0.359982
v -0.931797 1.543411 0.321638
v -0.880744 1.631944 0.357981
v -0.875886 1.587852 0.368168
v -0.785815 1.588466 0.369977
v -0.882896 1.772374 0.225614
v -0.775598 1.773105 0.227770
v -0.830166 1.734311 0.285447
v -0.966878 1.668698 0.220313
v -0.690067 1.670583 0.225875
v -0.894770 1.518884 0.351191
v -0.829875 1.506548 0.348183
v -0.738732 1.587885 0.366787
v -0.922790 1.586631 0.363089
v -0.719449 1.769559 0.221872
v -0.938710 1.768065 0.217466
v -0.911596 1.546435 0.358958
v -0.793505 1.508397 0.349449
v -0.790171 1.547487 0.364479
v -0.729081 1.630553 0.356300
v -0.870754 1.546938 0.362860
v -0.866287 1.507901 0.347987
v -0.830952 1.632364 0.359139
v -0.749203 1.547541 0.362221
v -0.701528 1.602210 0.301213
v -0.957523 1.600466 0.296070
v -0.774506 1.734522 0.286390
v -0.716452 1.729852 0.282290
v -0.885817 1.733763 0.284154
v -0.943591 1.728304 0.277726
v -0.697024 1.619452 0.286780
v -0.691859 1.645036 0.259613
v -0.966095 1.643167 0.254103
v -0.961677 1.617648 0.281463
v -0.830733 1.699907 0.325356
v -0.830926 1.668920 0.345440
v -0.883120 1.668424 0.344230
v -0.885082 1.699392 0.324085
v -0.776376 1.700133 0.326270
v -0.778723 1.669135 0.346327
v -0.937373 1.663968 0.338259
v -0.941603 1.694642 0.317596
v -0.719581 1.696155 0.322056
v -0.724219 1.665421 0.342541
v -0.896854 1.031335 -0.806462
v -0.748065 1.527451 0.005537
v -0.899470 1.099707 -0.699459
v -0.745981 1.726278 -0.165618
v -0.728446 1.032482 -0.803079
v -0.916473 1.526304 0.002154
v -0.731062 1.100855 -0.696075
v -0.914389 1.725130 -0.169001
v -0.728957 1.126235 -0.809426
v -0.729698 1.010756 -0.733398
v -0.897365 1.125087 -0.812810
v -0.898106 1.009609 -0.736782
v -0.774638 0.347702 -0.279388
v -0.776624 0.411145 -0.202054
v -0.862411 0.347104 -0.281152
v -0.864397 0.410547 -0.203818
v -0.458359 1.502355 -0.658622
v -0.624956 1.418426 -0.668647
v -0.459120 1.503021 -0.620995
v -0.626045 1.419381 -0.614744
v -0.459913 1.511017 -0.584223
v -0.627181 1.430835 -0.562064
v -0.460709 1.526034 -0.549717
v -0.628321 1.452348 -0.512632
v -0.461476 1.547496 -0.518805
v -0.629420 1.483095 -0.468347
v -0.462185 1.574578 -0.492673
v -0.630437 1.521892 -0.430912
v -0.462810 1.606239 -0.472327
v -0.631331 1.567250 -0.401764
v -0.463325 1.641263 -0.458549
v -0.632070 1.617424 -0.382025
v -0.463712 1.678304 -0.451867
v -0.632624 1.670488 -0.372452
v -0.463955 1.715937 -0.452538
v -0.632972 1.724401 -0.373414
v -0.464045 1.752717 -0.460537
v -0.633101 1.777092 -0.384874
v -0.463978 1.787232 -0.475556
v -0.633005 1.826536 -0.406390
v -0.463758 1.818152 -0.497019
v -0.632689 1.870832 -0.437137
v -0.463392 1.844292 -0.524100
v -0.632165 1.908279 -0.475933
v -0.462894 1.864646 -0.555758
v -0.631452 1.937438 -0.521286
v -0.462284 1.878432 -0.590778
v -0.630579 1.957188 -0.571454
v -0.461586 1.885120 -0.627812
v -0.629578 1.966769 -0.624509
v -0.460825 1.884454 -0.665439
v -0.628489 1.965815 -0.678413
v -0.460032 1.876458 -0.702212
v -0.627352 1.954360 -0.731093
v -0.459237 1.861441 -0.736717
v -0.626212 1.932847 -0.780525
v -0.458469 1.839979 -0.767630
v -0.625113 1.902101 -0.824810
v -0.457760 1.812897 -0.793761
v -0.624097 1.863303 -0.862245
v -0.457135 1.781236 -0.814107
v -0.623202 1.817946 -0.891392
v -0.456620 1.746212 -0.827886
v -0.622464 1.767771 -0.911131
v -0.456233 1.709171 -0.834568
v -0.621910 1.714708 -0.920704
v -0.455990 1.671538 -0.833897
v -0.621562 1.660795 -0.919742
v -0.455900 1.634757 -0.825897
v -0.621433 1.608104 -0.908283
v -0.455967 1.600244 -0.810878
v -0.621529 1.558660 -0.886767
v -0.456188 1.569323 -0.789416
v -0.621845 1.514363 -0.856019
v -0.456554 1.543183 -0.762335
v -0.622369 1.476916 -0.817224
v -0.457051 1.522829 -0.730676
v -0.623081 1.447757 -0.771871
v -0.457661 1.509043 -0.695657
v -0.623955 1.428008 -0.721702
v -0.524571 1.496620 -0.660379
v -0.525353 1.497304 -0.621713
v -0.526168 1.505521 -0.583925
v -0.526985 1.520952 -0.548467
v -0.527774 1.543007 -0.516701
v -0.528503 1.570837 -0.489848
v -0.529145 1.603373 -0.468941
v -0.529674 1.639363 -0.454781
v -0.530072 1.677426 -0.447915
v -0.530321 1.716099 -0.448605
v -0.530414 1.753895 -0.456825
v -0.530345 1.789361 -0.472259
v -0.530118 1.821136 -0.494314
v -0.529742 1.847997 -0.522142
v -0.529231 1.868913 -0.554675
v -0.528605 1.883080 -0.590661
v -0.527887 1.889953 -0.628718
v -0.527105 1.889268 -0.667384
v -0.526290 1.881052 -0.705172
v -0.525473 1.865619 -0.740630
v -0.524684 1.843565 -0.772396
v -0.523955 1.815735 -0.799248
v -0.523313 1.783200 -0.820156
v -0.522784 1.747209 -0.834315
v -0.522386 1.709146 -0.841182
v -0.522137 1.670473 -0.840492
v -0.522044 1.632678 -0.832272
v -0.522113 1.597211 -0.816838
v -0.522339 1.565437 -0.794783
v -0.522716 1.538575 -0.766954
v -0.523227 1.517659 -0.734422
v -0.523853 1.503493 -0.698436
v -0.535018 1.440722 -0.665091
v -0.536021 1.441601 -0.615451
v -0.537068 1.452149 -0.566937
v -0.538118 1.471962 -0.521414
v -0.539130 1.500277 -0.480631
v -0.540066 1.536006 -0.446156
v -0.540890 1.577776 -0.419314
v -0.541570 1.623983 -0.401136
v -0.542080 1.672850 -0.392320
v -0.542400 1.722500 -0.393206
v -0.542519 1.771024 -0.403759
v -0.542431 1.816558 -0.423574
v -0.542140 1.857351 -0.451889
v -0.541657 1.891837 -0.487617
v -0.541001 1.918690 -0.529384
v -0.540197 1.936878 -0.575585
v -0.539275 1.945702 -0.624444
v -0.538272 1.944822 -0.674085
v -0.537225 1.934274 -0.722599
v -0.536176 1.914462 -0.768122
v -0.535163 1.886147 -0.808904
v -0.534227 1.850418 -0.843379
v -0.533403 1.808647 -0.870221
v -0.532723 1.762440 -0.888400
v -0.532213 1.713573 -0.897215
v -0.531893 1.663924 -0.896330
v -0.531774 1.615400 -0.885776
v -0.531862 1.569866 -0.865961
v -0.532153 1.529072 -0.837646
v -0.532636 1.494586 -0.801919
v -0.533292 1.467734 -0.760152
v -0.534096 1.449546 -0.713951
v -1.220183 1.528305 -0.682079
v -0.992568 1.415921 -0.676033
v -1.231331 1.529716 -0.640231
v -0.993658 1.416876 -0.622130
v -1.221924 1.538006 -0.598753
v -0.994794 1.428330 -0.569450
v -1.222146 1.542208 -0.589097
v -0.995934 1.449844 -0.520018
v -1.233293 1.566739 -0.555162
v -0.997033 1.480590 -0.475733
v -1.223800 1.596577 -0.525209
v -0.998050 1.519387 -0.438298
v -1.223975 1.605437 -0.519516
v -0.998944 1.564745 -0.409150
v -1.234832 1.644795 -0.505002
v -0.999683 1.614919 -0.389411
v -1.235154 1.675629 -0.499440
v -1.000237 1.667983 -0.379838
v -1.000585 1.721896 -0.380800
v -1.235431 1.737575 -0.506658
v -1.000713 1.774587 -0.392259
v -1.235376 1.766306 -0.519160
v -1.000618 1.824031 -0.413776
v -1.224851 1.801368 -0.542345
v -1.000302 1.868328 -0.444523
v -1.224749 1.808682 -0.549923
v -0.999778 1.905775 -0.483318
v -1.234473 1.830749 -0.585924
v -0.999065 1.934934 -0.528672
v -1.223509 1.846918 -0.624601
v -0.998192 1.954683 -0.578840
v -1.223313 1.848790 -0.634965
v -0.997191 1.964265 -0.631895
v -1.232751 1.847238 -0.677228
v -0.996101 1.963310 -0.685799
v -1.221573 1.839089 -0.718291
v -0.994965 1.951856 -0.738479
v -1.221351 1.834886 -0.727947
v -0.993825 1.930342 -0.787911
v -1.230790 1.810215 -0.762296
v -0.992726 1.899596 -0.832195
v -1.219697 1.780518 -0.791835
v -0.991710 1.860799 -0.869631
v -1.219522 1.771658 -0.797529
v -0.990815 1.815441 -0.898778
v -1.229250 1.732159 -0.812456
v -0.990077 1.765267 -0.918517
v -1.228928 1.701325 -0.818018
v -0.989523 1.712203 -0.928090
v -0.989175 1.658290 -0.927128
v -1.228651 1.639379 -0.810801
v -0.989046 1.605599 -0.915669
v -1.228707 1.610649 -0.798298
v -0.989141 1.556155 -0.894152
v -1.218646 1.575727 -0.774700
v -0.989457 1.511858 -0.863405
v -1.218748 1.568412 -0.767121
v -0.989982 1.474411 -0.824610
v -1.229609 1.546205 -0.731534
v -0.990694 1.445253 -0.779256
v -1.219988 1.530176 -0.692443
v -0.991568 1.425503 -0.729088
v -1.187494 1.519578 -0.682145
v -1.095041 1.493423 -0.633159
v -1.189307 1.529684 -0.595340
v -1.189567 1.534589 -0.584070
v -1.097462 1.539126 -0.528147
v -1.191290 1.591227 -0.517515
v -1.191494 1.601568 -0.510870
v -1.099363 1.635482 -0.466227
v -1.099760 1.673545 -0.459361
v -1.100010 1.712217 -0.460051
v -1.100102 1.750013 -0.468270
v -1.100034 1.785480 -0.483705
v -1.198395 1.806293 -0.536235
v -1.198279 1.814605 -0.544846
v -1.098920 1.865031 -0.566121
v -1.196997 1.854143 -0.622067
v -1.196775 1.856270 -0.633843
v -1.096794 1.885386 -0.678829
v -1.194975 1.846239 -0.720007
v -1.194722 1.841463 -0.730978
v -1.094373 1.839684 -0.783842
v -1.193012 1.785243 -0.797042
v -1.192814 1.775176 -0.803512
v -1.092472 1.743327 -0.845761
v -1.092075 1.705265 -0.852628
v -1.091825 1.666592 -0.851938
v -1.091733 1.628796 -0.843718
v -1.091801 1.593330 -0.828284
v -1.185855 1.570132 -0.780880
v -1.102526 1.552618 -0.793190
v -1.092915 1.513778 -0.745868
v -1.187266 1.521762 -0.694240
v -1.082871 1.436989 -0.676098
v -1.083875 1.437868 -0.626458
v -1.084921 1.448417 -0.577944
v -1.085971 1.468229 -0.532421
v -1.086983 1.496544 -0.491638
v -1.087919 1.532273 -0.457163
v -1.088743 1.574044 -0.430321
v -1.089423 1.620250 -0.412143
v -1.089933 1.669117 -0.403327
v -1.090254 1.718767 -0.404213
v -1.090372 1.767291 -0.414766
v -1.090284 1.812825 -0.434581
v -1.089993 1.853619 -0.462896
v -1.089510 1.888104 -0.498624
v -1.088854 1.914957 -0.540391
v -1.088050 1.933145 -0.586592
v -1.087128 1.941969 -0.635451
v -1.086125 1.941090 -0.685092
v -1.085078 1.930541 -0.733606
v -1.084029 1.910729 -0.779129
v -1.083017 1.882414 -0.819911
v -1.082081 1.846685 -0.854386
v -1.081257 1.804914 -0.881228
v -1.080577 1.758708 -0.899407
v -1.080066 1.709841 -0.908222
v -1.079746 1.660191 -0.907337
v -1.079628 1.611667 -0.896783
v -1.079715 1.566133 -0.876969
v -1.080006 1.525340 -0.848653
v -1.080489 1.490854 -0.812926
v -1.081146 1.464001 -0.771159
v -1.081950 1.445813 -0.724958
v -1.232041 1.688477 -0.658729
v -1.103477 1.679003 -0.468262
v -1.235041 1.680073 -0.506588
v -1.235215 1.705911 -0.506690
v -1.103692 1.710900 -0.468388
v -1.235267 1.731080 -0.512635
v -1.103756 1.741969 -0.475727
v -1.096071 1.699754 -0.843881
v -1.229042 1.696882 -0.810870
v -1.228868 1.671043 -0.810768
v -1.095857 1.667857 -0.843755
v -1.228816 1.645875 -0.804823
v -1.095792 1.636788 -0.836416
v -1.234819 1.682305 -0.518400
v -1.234913 1.704150 -0.521121
v -1.235011 1.726018 -0.523632
v -1.229264 1.694649 -0.799058
v -1.229168 1.672794 -0.796432
v -1.229071 1.650936 -0.793826
v -0.809851 1.418128 -0.618437
v -0.808762 1.417174 -0.672340
v -0.810988 1.429583 -0.565757
v -0.812127 1.451096 -0.516325
v -0.813227 1.481843 -0.472040
v -0.814243 1.520640 -0.434605
v -0.815138 1.565997 -0.405457
v -0.815876 1.616172 -0.385718
v -0.816430 1.669235 -0.376145
v -0.816778 1.723148 -0.377107
v -0.816907 1.775839 -0.388566
v -0.816811 1.825283 -0.410083
v -0.816495 1.869580 -0.440830
v -0.815971 1.907027 -0.479625
v -0.815258 1.936186 -0.524979
v -0.814385 1.955936 -0.575147
v -0.813384 1.965517 -0.628202
v -0.812295 1.964562 -0.682106
v -0.811158 1.953108 -0.734786
v -0.810019 1.931595 -0.784218
v -0.808919 1.900848 -0.828502
v -0.807903 1.862051 -0.865938
v -0.807008 1.816694 -0.895085
v -0.806270 1.766519 -0.914824
v -0.805716 1.713455 -0.924397
v -0.805368 1.659542 -0.923435
v -0.805239 1.606852 -0.911976
v -0.805335 1.557408 -0.890460
v -0.805651 1.513111 -0.859712
v -0.806175 1.475663 -0.820917
v -0.806888 1.446505 -0.775564
v -0.807761 1.426755 -0.725395
v -1.095856 1.501639 -0.595371
v -1.231992 1.536372 -0.609619
v -1.232654 1.548873 -0.580895
v -1.096674 1.517071 -0.559913
v -1.098191 1.566956 -0.501294
v -1.233883 1.589283 -0.533409
v -1.234403 1.615640 -0.516473
v -1.098833 1.599491 -0.480386
v -1.099807 1.817254 -0.505760
v -1.235192 1.792046 -0.537027
v -1.234887 1.813806 -0.559570
v -1.099431 1.844115 -0.533588
v -1.098293 1.879198 -0.602107
v -1.233966 1.842225 -0.615076
v -1.233384 1.847793 -0.645905
v -1.097575 1.886071 -0.640164
v -1.095979 1.877170 -0.716617
v -1.232091 1.840583 -0.707839
v -1.231429 1.828082 -0.736563
v -1.095161 1.861738 -0.752075
v -1.093644 1.811854 -0.810694
v -1.230199 1.787671 -0.784049
v -1.229679 1.761314 -0.800985
v -1.093002 1.779318 -0.831602
v -1.092028 1.561555 -0.806229
v -1.228890 1.584908 -0.780431
v -1.229195 1.563149 -0.757888
v -1.092404 1.534693 -0.778400
v -1.093542 1.499611 -0.709881
v -1.230117 1.534729 -0.702382
v -1.230698 1.529161 -0.671553
v -1.094260 1.492738 -0.671824
v -1.071989 0.998512 -0.732154
v -0.932290 0.950869 -0.717952
v -1.072559 1.009690 -0.707568
v -0.933272 0.970106 -0.675642
v -1.073064 1.029428 -0.689132
v -0.934141 1.004073 -0.643915
v -1.073427 1.054721 -0.679652
v -0.934765 1.047601 -0.627601
v -1.073593 1.081718 -0.680572
v -0.935049 1.094062 -0.629184
v -1.073536 1.106310 -0.691752
v -0.934951 1.136382 -0.648423
v -1.073265 1.124752 -0.711489
v -0.934485 1.168120 -0.682389
v -1.072821 1.134237 -0.736778
v -0.933722 1.184442 -0.725911
v -1.072273 1.133320 -0.763771
v -0.932778 1.182865 -0.772363
v -1.071702 1.122142 -0.788356
v -0.931797 1.163629 -0.814673
v -1.071198 1.102404 -0.806793
v -0.930928 1.129661 -0.846400
v -1.070835 1.077111 -0.816272
v -0.930303 1.086134 -0.862714
v -1.070669 1.050114 -0.815352
v -0.930019 1.039673 -0.861131
v -1.070726 1.025522 -0.804173
v -0.930117 0.997352 -0.841892
v -1.070997 1.007081 -0.784436
v -0.930583 0.965615 -0.807926
v -1.071441 0.997596 -0.759146
v -0.931346 0.949292 -0.764404
v -0.991697 0.983256 -0.726835
v -0.992401 0.997055 -0.696486
v -0.993024 1.021420 -0.673727
v -0.993472 1.052643 -0.662025
v -0.993676 1.085970 -0.663161
v -0.993606 1.116327 -0.676961
v -0.993271 1.139092 -0.701325
v -0.992724 1.150801 -0.732544
v -0.992047 1.149670 -0.765864
v -0.991343 1.135871 -0.796214
v -0.990720 1.111506 -0.818972
v -0.990272 1.080283 -0.830674
v -0.990068 1.046956 -0.829539
v -0.990138 1.016599 -0.815739
v -0.990473 0.993833 -0.791375
v -0.991020 0.982125 -0.760156
v -0.985236 0.959682 -0.721167
v -0.986139 0.977397 -0.682203
v -0.986939 1.008679 -0.652985
v -0.987515 1.048764 -0.637961
v -0.987777 1.091550 -0.639419
v -0.987686 1.130524 -0.657136
v -0.987257 1.159752 -0.688416
v -0.986554 1.174784 -0.728496
v -0.985685 1.173332 -0.771275
v -0.984781 1.155616 -0.810239
v -0.983981 1.124335 -0.839457
v -0.983406 1.084249 -0.854481
v -0.983144 1.041463 -0.853023
v -0.983234 1.002489 -0.835306
v -0.983664 0.973262 -0.804026
v -0.984366 0.958230 -0.763946
v -0.804726 0.951738 -0.715389
v -0.805707 0.970975 -0.673079
v -0.806576 1.004943 -0.641352
v -0.807201 1.048470 -0.625038
v -0.807485 1.094931 -0.626621
v -0.807387 1.137251 -0.645860
v -0.806921 1.168989 -0.679826
v -0.806158 1.185311 -0.723348
v -0.805214 1.183734 -0.769800
v -0.804233 1.164498 -0.812110
v -0.803364 1.130530 -0.843837
v -0.802739 1.087003 -0.860151
v -0.802455 1.040542 -0.858568
v -0.802553 0.998222 -0.839329
v -0.803019 0.966484 -0.805364
v -0.803782 0.950161 -0.761842
v -0.537667 1.002152 -0.721419
v -0.677162 0.952607 -0.712826
v -0.538237 1.013331 -0.696833
v -0.678143 0.971844 -0.670516
v -0.538742 1.033068 -0.678397
v -0.679012 1.005812 -0.638789
v -0.539105 1.058362 -0.668917
v -0.679636 1.049339 -0.622475
v -0.539271 1.085359 -0.669837
v -0.679921 1.095800 -0.624058
v -0.539213 1.109950 -0.681016
v -0.679823 1.138120 -0.643297
v -0.538943 1.128393 -0.700753
v -0.679357 1.169858 -0.677263
v -0.538499 1.137877 -0.726043
v -0.678594 1.186181 -0.720785
v -0.537951 1.136961 -0.753036
v -0.677649 1.184604 -0.767237
v -0.537380 1.125783 -0.777621
v -0.676668 1.165367 -0.809547
v -0.536876 1.106045 -0.796057
v -0.675799 1.131399 -0.841275
v -0.536513 1.080752 -0.805537
v -0.675175 1.087872 -0.857588
v -0.536347 1.053755 -0.804617
v -0.674890 1.041411 -0.856005
v -0.536404 1.029163 -0.793438
v -0.674989 0.999091 -0.836766
v -0.536675 1.010721 -0.773701
v -0.675455 0.967353 -0.802801
v -0.537119 1.001236 -0.748411
v -0.676218 0.951030 -0.759279
v -0.617893 0.985803 -0.719325
v -0.618597 0.999602 -0.688975
v -0.619220 1.023967 -0.666217
v -0.619668 1.055190 -0.654515
v -0.619872 1.088517 -0.655650
v -0.619802 1.118873 -0.669451
v -0.619467 1.141639 -0.693815
v -0.618920 1.153348 -0.725034
v -0.618243 1.152217 -0.758354
v -0.617539 1.138418 -0.788704
v -0.616916 1.114053 -0.811462
v -0.616468 1.082830 -0.823164
v -0.616264 1.049503 -0.822029
v -0.616334 1.019146 -0.808228
v -0.616668 0.996380 -0.783864
v -0.617216 0.984672 -0.752646
v -0.624255 0.962141 -0.713915
v -0.625159 0.979857 -0.674950
v -0.625959 1.011138 -0.645732
v -0.626534 1.051224 -0.630708
v -0.626796 1.094010 -0.632166
v -0.626706 1.132984 -0.649884
v -0.626276 1.162211 -0.681164
v -0.625573 1.177243 -0.721244
v -0.624704 1.175791 -0.764022
v -0.623801 1.158075 -0.802987
v -0.623000 1.126794 -0.832205
v -0.622425 1.086709 -0.847229
v -0.622163 1.043922 -0.845771
v -0.622254 1.004949 -0.828053
v -0.622683 0.975721 -0.796773
v -0.623386 0.960689 -0.756693
v -0.913801 0.137592 0.173999
v -0.915549 0.088009 0.120348
v -0.710600 0.089460 0.125704
v -0.715124 0.138993 0.179145
v -0.754820 0.089131 0.124185
v -0.761252 0.138701 0.177949
v -0.867674 0.137952 0.175193
v -0.870569 0.088311 0.121138
v -0.759932 0.093251 0.108671
v -0.771968 0.147174 0.149535
v -0.855908 0.146578 0.147289
v -0.864860 0.092493 0.105865
v -0.964291 1.925748 -0.623846
v -0.965103 1.982277 -0.602861
v -0.962003 1.962669 -0.743255
v -0.963153 2.004893 -0.702026
v -0.875209 2.243895 -0.834290
v -0.936600 2.207160 -0.815525
v -0.901469 2.238853 -0.832146
v -0.923940 2.225407 -0.825277
v -0.935184 2.188578 -0.864981
v -0.874094 2.225743 -0.882193
v -0.922674 2.207039 -0.873957
v -0.900314 2.220643 -0.880257
v -0.920892 1.938446 -0.656511
v -0.921577 1.991283 -0.640546
v -0.919362 1.962959 -0.742399
v -0.920229 2.002386 -0.698181
v -0.869321 2.206852 -0.813730
v -0.889549 2.194575 -0.807452
v -0.878996 2.205005 -0.812945
v -0.884406 2.201807 -0.811314
v -0.888318 2.175286 -0.857072
v -0.868231 2.187362 -0.863212
v -0.883627 2.182162 -0.860734
v -0.878204 2.185436 -0.862425
v -0.813345 2.226152 -0.880948
v -0.814460 2.244301 -0.833046
v -0.813477 2.187731 -0.862090
v -0.814635 2.207218 -0.812610
v -0.816742 1.926732 -0.620814
v -0.817553 1.983260 -0.599830
v -0.816132 1.939145 -0.654358
v -0.816817 1.991982 -0.638394
v -0.669192 1.927715 -0.617782
v -0.670003 1.984244 -0.596797
v -0.666902 1.964679 -0.737327
v -0.668054 2.006903 -0.695956
v -0.753711 2.244707 -0.831802
v -0.692663 2.208791 -0.810529
v -0.727497 2.240016 -0.828583
v -0.705152 2.226870 -0.820796
v -0.691777 2.190216 -0.859993
v -0.752596 2.226560 -0.879703
v -0.704152 2.208509 -0.869478
v -0.726413 2.221813 -0.876693
v -0.711372 1.939842 -0.652206
v -0.712057 1.992680 -0.636241
v -0.709547 1.964389 -0.738183
v -0.711062 2.003810 -0.693878
v -0.759949 2.207583 -0.811490
v -0.739835 2.195575 -0.804385
v -0.750291 2.205865 -0.810309
v -0.744911 2.202739 -0.808456
v -0.738747 2.176292 -0.854006
v -0.758724 2.188099 -0.860968
v -0.743374 2.183105 -0.857860
v -0.748767 2.186306 -0.859772
vn -0.0155 -0.8658 -0.5002
vn 0.9998 -0.0063 -0.0193
vn 0.9993 0.0182 0.0314
vn 0.9996 0.0150 0.0247
vn 0.1246 0.1907 0.9737
vn 0.4134 0.1744 0.8937
vn 0.4026 0.1754 0.8984
vn 0.1229 0.1907 0.9739
vn 0.7459 0.1278 0.6537
vn 0.7291 0.1313 0.6717
vn 0.9598 0.0672 0.2725
vn 0.9488 0.0721 0.3075
vn 0.0146 0.8951 0.4456
vn -0.9998 0.0012 0.0188
vn -0.9993 -0.0174 -0.0339
vn -0.9985 -0.0228 -0.0490
vn -0.1245 -0.2034 -0.9712
vn -0.1230 -0.2034 -0.9713
vn -0.4024 -0.1861 -0.8963
vn -0.4120 -0.1852 -0.8922
vn -0.7271 -0.1372 -0.6727
vn -0.7429 -0.1336 -0.6560
vn -0.9444 -0.0740 -0.3203
vn -0.9551 -0.0692 -0.2880
vn -0.0140 0.4993 -0.8663
vn -0.0273 0.4726 -0.8808
vn -0.0294 0.4684 -0.8831
vn -0.0416 0.4432 -0.8954
vn -0.0038 -0.3710 0.9286
vn 0.0062 -0.3761 0.9266
vn 0.0057 -0.3758 0.9267
vn 0.0005 -0.9443 0.3290
vn 0.0055 0.9575 -0.2885
vn 0.0052 0.9576 -0.2880
vn 0.0020 0.9587 -0.2845
vn 0.0021 0.9587 -0.2846
vn 0.0058 0.9552 -0.2959
vn 0.0060 0.9554 -0.2952
vn 0.0059 -0.9420 0.3355
vn 0.0062 -0.9419 0.3358
vn 0.0044 0.9504 -0.3111
vn 0.0044 0.9504 -0.3110
vn 0.0040 0.9466 -0.3224
vn 0.0116 -0.9395 0.3423
vn 0.0005 0.9589 -0.2839
vn -0.0208 -0.2052 -0.9785
vn 0.0208 0.1924 0.9811
vn 0.0159 -0.3810 0.9245
vn 0.0024 0.9999 -0.0123
vn 0.9996 -0.0029 -0.0267
vn 0.9994 0.0068 -0.0347
vn 0.9993 0.0005 -0.0386
vn 0.9997 0.0120 -0.0216
vn 0.9997 0.0171 0.0151
vn 0.9997 0.0085 0.0234
vn 0.9999 0.0053 -0.0108
vn -0.0246 0.2424 -0.9699
vn -0.0217 0.4752 -0.8796
vn 0.0260 -0.0017 0.9997
vn 0.0260 0.0095 0.9996
vn 0.0262 0.0437 0.9987
vn -0.0059 -0.9990 0.0438
vn -0.0246 0.2423 -0.9699
vn 0.0220 0.6263 0.7793
vn -0.9998 0.0068 0.0189
vn -0.9976 0.0276 0.0638
vn -0.9970 0.0308 0.0707
vn -0.0833 0.1919 0.9779
vn -0.0816 0.1920 0.9780
vn -0.3643 0.1800 0.9137
vn -0.3751 0.1792 0.9095
vn -0.7000 0.1401 0.7002
vn -0.7176 0.1368 0.6829
vn -0.9348 0.0836 0.3451
vn -0.9472 0.0789 0.3107
vn 0.9997 -0.0109 -0.0196
vn 0.9955 -0.0350 -0.0883
vn 0.9969 -0.0296 -0.0730
vn 0.0831 -0.2046 -0.9753
vn 0.3738 -0.1899 -0.9079
vn 0.3641 -0.1908 -0.9116
vn 0.0816 -0.2046 -0.9754
vn 0.7144 -0.1425 -0.6851
vn 0.6980 -0.1459 -0.7011
vn 0.9419 -0.0809 -0.3260
vn 0.9299 -0.0855 -0.3578
vn 0.0003 0.4682 -0.8836
vn -0.0017 0.4725 -0.8813
vn 0.0116 0.4429 -0.8965
vn 0.0363 -0.3717 0.9276
vn 0.0265 -0.3762 0.9262
vn 0.0260 -0.3764 0.9261
vn -0.0047 0.9575 -0.2883
vn -0.0011 0.9587 -0.2845
vn -0.0010 0.9587 -0.2845
vn -0.0044 0.9577 -0.2878
vn -0.0054 0.9553 -0.2957
vn -0.0055 0.9555 -0.2949
vn -0.0048 -0.9418 0.3360
vn -0.0046 -0.9419 0.3358
vn -0.0044 0.9505 -0.3108
vn -0.0044 0.9505 -0.3107
vn -0.0043 0.9467 -0.3220
vn -0.0100 -0.9393 0.3428
vn -0.0260 -0.0054 -0.9996
vn -0.0260 -0.0055 -0.9996
vn -0.9998 0.0050 0.0217
vn -0.9999 0.0096 0.0120
vn -0.9998 0.0129 0.0152
vn 0.9995 -0.0003 0.0321
vn 0.9999 -0.0027 -0.0100
vn -0.9995 0.0168 0.0260
vn -0.9993 0.0141 0.0354
vn -0.9978 0.0163 0.0640
vn -0.9982 0.0198 0.0560
vn -0.0262 -0.0437 -0.9987
vn -0.0261 -0.0437 -0.9987
vn 0.0259 -0.0245 0.9994
vn 0.0259 -0.0244 0.9994
vn 0.9342 0.0095 0.3566
vn 0.0259 -0.0239 0.9994
vn 0.0259 -0.0241 0.9994
vn 0.0260 -0.0015 0.9997
vn 0.0260 0.0100 0.9996
vn -0.0053 -0.9976 0.0683
vn -0.9993 0.0105 0.0366
vn -0.9973 0.0125 0.0722
vn -1.0000 0.0085 0.0010
vn 0.9986 -0.0051 -0.0521
vn -0.0053 -0.9976 0.0684
vn -0.0260 -0.0057 -0.9996
vn -0.0260 -0.0058 -0.9996
vn 0.5745 -0.8180 -0.0279
vn 0.0032 -0.9281 0.3722
vn -0.5944 -0.8042 0.0019
vn 0.0062 -0.8825 0.4702
vn 0.0062 -0.8823 0.4706
vn -0.9184 0.0225 0.3949
vn 0.0270 0.0437 0.9987
vn -1.0000 -0.0000 0.0008
vn -1.0000 -0.0000 0.0015
vn 0.0065 -0.0000 1.0000
vn -0.0000 -1.0000 -0.0000
vn 0.0028 0.9031 0.4295
vn -1.0000 -0.0000 -0.0000
vn 1.0000 -0.0000 -0.0008
vn 1.0000 -0.0000 -0.0000
vn -0.0065 -0.0000 -1.0000
vn 1.0000 -0.0000 -0.0015
vn -0.0019 0.9563 -0.2924
vn -0.9847 0.0901 0.1490
vn 0.0154 0.8833 0.4685
vn 0.0159 0.8820 0.4710
vn 0.0136 0.9253 0.3791
vn 0.0139 0.9262 0.3769
vn 0.0182 0.7589 0.6509
vn 0.0207 0.7578 0.6521
vn 0.0186 0.8250 0.5648
vn 0.0169 0.8261 0.5633
vn 0.0220 0.6597 0.7512
vn 0.0208 0.6596 0.7513
vn 0.0196 0.6596 0.7513
vn 0.0196 0.6598 0.7512
vn 0.0158 0.7579 0.6522
vn 0.0166 0.6895 0.7241
vn 0.0192 0.6900 0.7235
vn 0.0129 0.9410 0.3380
vn 0.0132 0.9410 0.3380
vn 0.0219 0.6895 0.7240
vn 0.0196 0.6600 0.7510
vn 0.0221 0.6600 0.7509
vn 0.9910 0.0767 0.1093
vn 0.0142 0.9253 0.3791
vn 0.0151 0.8820 0.4711
vn 0.0154 0.8250 0.5649
vn 0.0172 0.6598 0.7513
vn 0.0184 0.6596 0.7514
vn 0.0196 0.6595 0.7515
vn 0.0171 0.6600 0.7510
vn 0.0135 0.9410 0.3380
vn -0.6681 0.4749 0.5729
vn -0.6704 0.4737 0.5711
vn -0.6554 0.5756 0.4889
vn -0.6391 0.6343 0.4351
vn -0.6079 0.7133 0.3488
vn -0.6309 0.6607 0.4067
vn -0.6348 0.6473 0.4220
vn -0.6176 0.6949 0.3683
vn -0.6385 0.6074 0.4726
vn -0.6384 0.6065 0.4740
vn -0.6348 0.5625 0.5298
vn -0.6347 0.5616 0.5308
vn -0.6327 0.5165 0.5770
vn -0.6327 0.5161 0.5774
vn -0.6323 0.4963 0.5949
vn 0.6885 0.4736 0.5492
vn 0.6973 0.4668 0.5440
vn 0.6971 0.4669 0.5441
vn 0.6682 0.6224 0.4076
vn 0.6862 0.5633 0.4603
vn 0.6430 0.6844 0.3438
vn 0.6698 0.6193 0.4097
vn 0.6587 0.6492 0.3804
vn 0.6336 0.7024 0.3243
vn 0.6698 0.5866 0.4552
vn 0.6714 0.5886 0.4503
vn 0.6631 0.5528 0.5047
vn 0.6631 0.5537 0.5037
vn 0.6623 0.5072 0.5514
vn 0.6623 0.5077 0.5510
vn 0.6624 0.4875 0.5689
vn 0.9858 -0.0858 -0.1446
vn 0.9847 -0.0901 -0.1490
vn 0.9859 -0.0856 -0.1440
vn -0.0153 -0.8827 -0.4697
vn -0.0137 -0.9286 -0.3708
vn -0.0347 -0.9270 -0.3734
vn -0.0366 -0.8810 -0.4716
vn 0.9859 -0.0846 -0.1442
vn 0.9856 -0.0861 -0.1453
vn -0.0182 -0.7593 -0.6505
vn -0.0168 -0.8261 -0.5632
vn -0.0393 -0.8245 -0.5645
vn -0.0409 -0.7576 -0.6514
vn 0.0062 -0.6598 -0.7514
vn -0.0199 -0.6599 -0.7511
vn -0.0197 -0.6583 -0.7525
vn 0.0049 -0.6582 -0.7528
vn -0.0192 -0.6905 -0.7231
vn 0.0028 -0.6898 -0.7240
vn 0.0045 -0.7581 -0.6522
vn -0.0128 -0.9461 -0.3237
vn -0.0347 -0.9457 -0.3232
vn -0.0412 -0.6895 -0.7231
vn -0.0409 -0.6599 -0.7502
vn -0.0196 -0.6602 -0.7508
vn -0.9918 -0.0734 -0.1049
vn -0.9919 -0.0724 -0.1047
vn -0.9910 -0.0767 -0.1093
vn 0.0059 -0.8812 -0.4727
vn 0.0073 -0.9273 -0.3743
vn 0.0057 -0.8248 -0.5654
vn -0.0460 -0.6595 -0.7503
vn -0.0444 -0.6580 -0.7517
vn -0.0196 -0.6568 -0.7538
vn -0.0428 -0.6565 -0.7531
vn -0.9918 -0.0727 -0.1056
vn 0.0018 -0.6602 -0.7511
vn 0.9864 -0.0820 -0.1422
vn 0.9862 -0.0835 -0.1432
vn -0.9925 -0.0693 -0.1006
vn -0.9925 -0.0677 -0.1013
vn 0.0091 -0.9460 -0.3241
vn -0.9928 -0.0616 -0.1027
vn 0.9869 -0.0810 -0.1397
vn 0.9870 -0.0811 -0.1390
vn 0.9867 -0.0828 -0.1401
vn 0.0036 -0.6567 -0.7541
vn 0.9860 -0.0851 -0.1433
vn -0.9920 -0.0711 -0.1045
vn -0.9922 -0.0695 -0.1034
vn -0.9924 -0.0686 -0.1025
vn -0.9921 -0.0716 -0.1031
vn -0.9922 -0.0701 -0.1034
vn -0.9919 -0.0721 -0.1043
vn -0.9920 -0.0712 -0.1044
vn -0.9920 -0.0716 -0.1036
vn -0.9922 -0.0698 -0.1035
vn 0.6811 -0.4668 -0.5642
vn 0.6936 -0.4579 -0.5561
vn 0.6931 -0.4583 -0.5565
vn 0.6304 -0.6547 -0.4171
vn 0.6773 -0.5455 -0.4937
vn 0.5813 -0.7361 -0.3468
vn 0.6022 -0.7035 -0.3775
vn 0.6288 -0.6483 -0.4294
vn 0.6168 -0.6755 -0.4041
vn 0.6328 -0.6103 -0.4766
vn 0.6331 -0.6120 -0.4739
vn 0.6277 -0.5660 -0.5345
vn 0.6278 -0.5677 -0.5325
vn 0.6272 -0.5194 -0.5804
vn 0.6271 -0.5203 -0.5796
vn 0.6280 -0.4988 -0.5973
vn -0.6969 -0.4682 -0.5433
vn -0.7180 -0.4519 -0.5293
vn -0.7189 -0.4512 -0.5287
vn -0.7100 -0.5312 -0.4623
vn -0.6610 -0.6415 -0.3893
vn -0.6271 -0.6931 -0.3555
vn -0.6087 -0.7245 -0.3235
vn -0.6424 -0.6672 -0.3772
vn -0.6714 -0.6142 -0.4148
vn -0.6711 -0.5918 -0.4465
vn -0.6660 -0.5885 -0.4583
vn -0.6565 -0.5585 -0.5070
vn -0.6565 -0.5568 -0.5090
vn -0.6569 -0.5116 -0.5538
vn -0.6570 -0.5107 -0.5546
vn -0.6583 -0.4900 -0.5715
vn -0.9927 -0.0672 -0.1005
vn -0.9927 -0.0672 -0.0999
vn -0.9928 -0.0676 -0.0992
vn 0.9866 -0.0831 -0.1403
vn 0.9867 -0.0807 -0.1412
vn 0.9867 -0.0802 -0.1416
vn -0.0304 0.7536 -0.6567
vn -0.0300 0.7536 -0.6567
vn -0.1714 -0.6532 -0.7375
vn -0.1226 -0.9665 -0.2255
vn -0.1714 -0.6539 -0.7369
vn 0.0139 0.7533 -0.6575
vn 0.0143 0.7533 -0.6576
vn 0.1327 -0.6553 -0.7436
vn 0.1002 -0.9680 -0.2300
vn 0.1327 -0.6560 -0.7430
vn 0.0104 -0.7575 0.6527
vn 0.0227 -0.7568 0.6533
vn 0.0228 -0.7568 0.6533
vn -0.0218 0.7572 -0.6529
vn -0.0106 0.7574 -0.6529
vn -0.0105 0.7573 -0.6530
vn -0.0053 -0.7563 0.6542
vn 0.0063 -0.7569 0.6535
vn 0.0064 -0.7568 0.6536
vn -0.0052 -0.7563 0.6542
vn -0.0053 0.7573 -0.6530
vn 0.0058 0.7570 -0.6534
vn -0.0054 0.7573 -0.6531
vn -0.0081 0.7540 -0.6568
vn 0.0301 -0.7531 0.6573
vn 0.0079 -0.7542 0.6566
vn -0.0130 -0.7527 0.6582
vn 0.9879 -0.1481 0.0448
vn 0.9876 -0.1502 0.0449
vn 0.9879 -0.1487 0.0437
vn -0.0091 -0.9931 -0.1167
vn 0.0053 -0.8375 0.5463
vn 0.8801 -0.4460 0.1627
vn 0.9871 -0.1554 0.0384
vn 0.9870 -0.1576 0.0301
vn 0.9229 -0.3501 0.1602
vn 0.8084 -0.5155 0.2841
vn 0.7449 -0.6271 0.2278
vn 0.0053 -0.8377 0.5461
vn 0.8064 -0.5146 0.2913
vn 0.8924 -0.4014 0.2062
vn 0.9867 -0.1575 0.0402
vn 0.9863 -0.1573 0.0504
vn 0.6366 -0.6614 0.3967
vn 0.6077 -0.7472 0.2690
vn 0.6368 -0.6612 0.3966
vn 0.5747 -0.8072 0.1348
vn 0.6462 -0.6543 0.3929
vn -0.9896 0.1386 -0.0390
vn -0.9895 0.1397 -0.0380
vn -0.9891 0.1422 -0.0395
vn -0.4941 0.8570 0.1461
vn 0.0478 0.9911 0.1244
vn 0.0385 0.9917 0.1226
vn -0.1060 0.9922 0.0659
vn 0.2127 0.8055 -0.5532
vn 0.4956 0.7034 -0.5095
vn 0.4240 0.7381 -0.5249
vn -0.9213 0.3589 -0.1493
vn -0.9875 0.1552 -0.0282
vn -0.9879 0.1511 -0.0365
vn 0.0091 0.9931 0.1167
vn -0.8151 0.5151 -0.2651
vn -0.0055 0.8322 -0.5545
vn -0.0053 0.8376 -0.5463
vn -0.0052 0.8391 -0.5439
vn -0.0017 0.8396 -0.5432
vn -0.0093 0.8385 -0.5448
vn -0.0057 0.8267 -0.5626
vn 0.1609 0.8130 -0.5595
vn -0.8142 0.5105 -0.2765
vn -0.8972 0.3976 -0.1923
vn 0.3382 0.7719 -0.5383
vn -0.0241 0.8363 -0.5478
vn -0.0103 0.8383 -0.5451
vn -0.0240 0.8363 -0.5478
vn 0.0022 0.8400 -0.5425
vn -0.9870 0.1589 -0.0248
vn -0.9870 0.1576 -0.0301
vn -0.9867 0.1575 -0.0403
vn -0.9863 0.1573 -0.0504
vn 0.1830 0.6502 0.7374
vn 0.2899 0.8044 0.5186
vn 0.2828 0.8106 0.5128
vn 0.1816 0.6494 0.7384
vn 0.0205 0.5463 0.8373
vn 0.0139 0.5432 0.8395
vn 0.0148 0.5436 0.8392
vn -0.9992 0.0172 0.0360
vn -0.0205 -0.5461 -0.8375
vn 0.1651 0.8771 0.4510
vn 0.1650 0.8771 0.4510
vn 0.1493 0.8246 -0.5457
vn 0.1269 0.8814 0.4551
vn 0.0937 0.3080 -0.9467
vn 0.1496 0.8235 -0.5472
vn 0.1537 0.8239 -0.5455
vn 0.1565 0.8239 -0.5448
vn 0.1482 0.8231 -0.5482
vn -0.0244 -0.5343 -0.8449
vn -0.0139 -0.5346 -0.8450
vn -0.0233 -0.5342 -0.8451
vn -0.0428 -0.5430 -0.8386
vn -0.0172 -0.5438 -0.8390
vn -0.0173 -0.5438 -0.8390
vn -0.9873 -0.1347 0.0845
vn -0.9873 -0.1353 0.0834
vn -0.9870 -0.1368 0.0845
vn -0.8789 -0.4340 0.1980
vn -0.9204 -0.3375 0.1972
vn -0.9871 -0.1442 0.0698
vn -0.9868 -0.1420 0.0780
vn -0.8033 -0.5045 0.3165
vn -0.7437 -0.6169 0.2577
vn -0.8010 -0.5036 0.3236
vn -0.8888 -0.3893 0.2420
vn -0.9863 -0.1440 0.0799
vn -0.9855 -0.1438 0.0900
vn -0.6291 -0.6527 0.4221
vn -0.6293 -0.6526 0.4220
vn -0.6065 -0.7390 0.2934
vn -0.5797 -0.7994 0.1580
vn -0.6387 -0.6456 0.4187
vn 0.9890 0.1251 -0.0788
vn 0.9885 0.1287 -0.0793
vn 0.9890 0.1262 -0.0778
vn 0.5112 0.8502 0.1259
vn 0.1221 0.9906 0.0613
vn -0.0201 0.9921 0.1237
vn -0.0293 0.9916 0.1259
vn -0.2237 0.8084 -0.5444
vn -0.4346 0.7439 -0.5076
vn -0.5060 0.7102 -0.4894
vn 0.9876 0.1374 -0.0762
vn 0.9876 0.1418 -0.0678
vn 0.9194 0.3464 -0.1863
vn 0.8107 0.5040 -0.2978
vn -0.0012 0.8384 -0.5450
vn -0.0087 0.8396 -0.5431
vn -0.1722 0.8153 -0.5528
vn 0.8094 0.4994 -0.3091
vn 0.8941 0.3854 -0.2283
vn -0.3490 0.7766 -0.5245
vn 0.0134 0.8360 -0.5486
vn -0.0002 0.8382 -0.5453
vn -0.0125 0.8401 -0.5422
vn 0.9873 0.1455 -0.0645
vn 0.9863 0.1440 -0.0799
vn 0.9871 0.1442 -0.0698
vn 0.9855 0.1438 -0.0900
vn -0.1444 0.6524 0.7440
vn -0.1430 0.6516 0.7449
vn -0.2509 0.8142 0.5236
vn -0.2579 0.8081 0.5296
vn 0.0264 0.5435 0.8390
vn 0.0272 0.5431 0.8392
vn 1.0000 0.0036 -0.0042
vn -0.0206 -0.5461 -0.8375
vn -0.1348 0.8792 0.4571
vn -0.1349 0.8791 0.4571
vn -0.1599 0.8267 -0.5395
vn -0.0965 0.8829 0.4596
vn -0.1274 0.3096 -0.9423
vn -0.1602 0.8257 -0.5409
vn -0.1643 0.8261 -0.5391
vn -0.1670 0.8261 -0.5383
vn -0.1589 0.8252 -0.5420
vn -0.0168 -0.5344 -0.8451
vn -0.0179 -0.5342 -0.8452
vn -0.0273 -0.5345 -0.8447
vn 0.0016 -0.5434 -0.8395
vn 0.0017 -0.5434 -0.8395
vn -0.0239 -0.5438 -0.8389
vn 0.0153 0.8854 0.4647
vn 0.0154 0.8821 0.4708
vn 0.0158 0.8704 0.4920
vn 0.0145 0.9084 0.4178
vn 0.0142 0.9153 0.4024
vn 0.0138 0.9264 0.3762
vn 0.0135 0.9334 0.3587
vn 0.0135 0.9336 0.3581
vn 0.0209 0.1580 0.9872
vn 0.0200 -0.0184 0.9996
vn 0.0195 -0.0804 0.9966
vn 0.9998 -0.0068 -0.0201
vn 0.0212 0.3719 0.9280
vn 0.0162 0.8559 0.5168
vn 0.0188 0.7208 0.6929
vn 0.0205 0.5589 0.8290
vn 0.0212 0.3890 0.9210
vn 0.0132 0.9413 0.3372
vn -0.6599 0.7228 0.2051
vn 0.0115 0.9692 0.2459
vn 0.0116 0.9688 0.2476
vn 0.0116 0.9688 0.2475
vn 0.0116 0.9691 0.2465
vn -0.0084 0.7423 -0.6700
vn 0.0012 0.9642 -0.2651
vn 0.0001 0.9642 -0.2651
vn 0.0131 0.9410 0.3383
vn 0.0124 0.9549 0.2968
vn 0.0124 0.9550 0.2965
vn -0.0046 0.8545 -0.5195
vn 0.0116 0.9684 0.2492
vn 0.0116 0.9685 0.2486
vn 0.0116 0.9685 0.2488
vn 0.0117 0.9672 0.2537
vn -0.6306 0.6819 0.3706
vn -0.5065 0.6167 0.6026
vn -0.4521 0.6059 0.6546
vn -0.6228 0.6727 0.3996
vn -0.2436 0.5582 0.7932
vn 0.0209 0.4658 0.8846
vn -0.1450 0.5287 0.8363
vn 0.0117 0.9666 0.2559
vn 0.8714 -0.0467 0.4884
vn 0.8688 0.4711 0.1526
vn 0.8703 0.4276 0.2445
vn 0.8703 0.4277 0.2443
vn 0.8688 0.4706 0.1539
vn 0.8716 0.3592 0.3337
vn 0.8716 0.3594 0.3335
vn 0.8725 0.2770 0.4024
vn 0.8725 0.2772 0.4023
vn 0.8732 0.1821 0.4521
vn 0.8732 0.1824 0.4520
vn 0.8734 0.0739 0.4814
vn 0.8734 0.0741 0.4813
vn 0.8720 -0.0152 0.4892
vn 0.8685 0.4828 0.1122
vn 0.8685 0.4829 0.1122
vn 0.7890 0.4392 -0.4297
vn 0.8672 0.4592 0.1926
vn 0.8648 0.4502 0.2225
vn 0.8644 0.4487 0.2268
vn 0.8668 0.4577 0.1979
vn 0.8688 0.4679 0.1618
vn 0.8687 0.4670 0.1651
vn 0.8697 0.4761 0.1304
vn 0.8696 0.4755 0.1329
vn 0.8698 0.4808 0.1111
vn 0.8698 0.4807 0.1114
vn 0.8635 0.4454 0.2368
vn -0.5926 0.7926 0.1438
vn -0.5667 0.8030 0.1847
vn -0.6199 0.7786 0.0975
vn 0.8697 0.4819 0.1072
vn 0.8697 0.4819 0.1073
vn 0.0155 0.8822 0.4707
vn 0.0155 0.8793 0.4760
vn 0.0151 0.8934 0.4491
vn 0.0150 0.8934 0.4491
vn -0.4062 0.6835 -0.6065
vn -0.6437 0.7633 0.0540
vn 0.8692 0.4823 0.1087
vn 0.8696 0.4823 0.1057
vn 0.8696 0.4823 0.1058
vn 0.8693 0.4823 0.1083
vn -0.6535 0.7259 0.2144
vn 0.0115 0.9699 0.2433
vn 0.0115 0.9693 0.2458
vn 0.0115 0.9694 0.2452
vn -0.9998 0.0068 0.0201
vn 0.0117 0.9664 0.2569
vn 0.0211 0.4222 0.9062
vn 0.0130 0.9439 0.3299
vn 0.0131 0.9439 0.3299
vn 0.0125 0.9550 0.2964
vn 0.0122 0.9592 0.2823
vn 0.0118 0.9648 0.2625
vn 0.0117 0.9670 0.2543
vn 0.0116 0.9681 0.2501
vn 0.0116 0.9682 0.2501
vn -0.0058 0.8232 -0.5677
vn 0.0140 0.9225 0.3857
vn 0.0137 0.9284 0.3714
vn -0.6609 0.7184 0.2172
vn -0.0063 0.8083 -0.5887
vn 0.0154 0.8854 0.4647
vn 0.0155 0.8821 0.4708
vn 0.0115 0.9697 0.2441
vn 0.0115 0.9696 0.2446
vn 0.6774 0.7137 0.1782
vn 0.0115 0.9691 0.2465
vn 0.0024 0.9642 -0.2651
vn 0.0136 0.9336 0.3581
vn 0.0125 0.9550 0.2965
vn 0.0125 0.9549 0.2968
vn 0.0133 0.9410 0.3383
vn 0.0136 0.9334 0.3587
vn 0.0147 0.9084 0.4178
vn 0.0144 0.9153 0.4024
vn 0.6558 0.6748 0.3385
vn 0.6494 0.6662 0.3666
vn 0.4888 0.6014 0.6319
vn 0.5410 0.6127 0.5761
vn 0.2829 0.5544 0.7827
vn 0.1857 0.5263 0.8297
vn -0.8516 -0.0349 0.5230
vn -0.8555 0.4828 0.1873
vn -0.8554 0.4824 0.1886
vn -0.8539 0.4395 0.2789
vn -0.8539 0.4393 0.2791
vn -0.8525 0.3711 0.3681
vn -0.8525 0.3709 0.3683
vn -0.8518 0.2890 0.4369
vn -0.8518 0.2887 0.4371
vn -0.8517 0.1941 0.4867
vn -0.8517 0.1939 0.4868
vn -0.8523 0.0858 0.5160
vn -0.8523 0.0856 0.5160
vn -0.8518 -0.0034 0.5239
vn -0.8518 -0.0035 0.5239
vn -0.8566 0.4946 0.1468
vn -0.7995 0.4500 -0.3978
vn -0.8524 0.4710 0.2272
vn -0.8518 0.4694 0.2324
vn -0.8484 0.4604 0.2612
vn -0.8489 0.4619 0.2569
vn -0.8552 0.4797 0.1964
vn -0.8549 0.4788 0.1997
vn -0.8572 0.4878 0.1651
vn -0.8570 0.4872 0.1676
vn -0.8580 0.4926 0.1458
vn -0.8580 0.4925 0.1461
vn -0.8471 0.4571 0.2711
vn 0.6086 0.7844 0.1197
vn 0.6339 0.7700 0.0723
vn 0.5845 0.7951 0.1616
vn -0.8580 0.4937 0.1419
vn -0.8580 0.4936 0.1420
vn 0.0156 0.8793 0.4760
vn 0.0152 0.8934 0.4491
vn 0.3908 0.6781 -0.6225
vn 0.6557 0.7545 0.0278
vn -0.8575 0.4940 0.1434
vn -0.8576 0.4941 0.1430
vn -0.8580 0.4940 0.1405
vn -0.8580 0.4941 0.1404
vn 0.0140 0.9264 0.3762
vn 0.0119 0.9648 0.2625
vn 0.0139 0.9284 0.3714
vn 0.6714 0.7169 0.1878
vn 0.6788 0.7092 0.1903
vn 0.0116 0.9681 0.2505
vn 0.0116 0.9688 0.2474
vn -0.3717 0.6662 0.6466
vn -0.3693 0.6511 0.6631
vn 0.4064 0.6609 0.6309
vn 0.4045 0.6458 0.6475
vn 0.0118 0.9664 0.2569
vn 0.9267 -0.3713 -0.0573
vn -0.0116 -0.9949 -0.0998
vn -0.0085 -0.9965 -0.0832
vn -0.0139 -0.9936 -0.1120
vn -0.0192 0.1161 -0.9931
vn -0.0209 0.1783 -0.9837
vn -0.0191 0.1206 -0.9925
vn -0.9303 -0.3435 0.1287
vn -0.0089 -0.9944 -0.1050
vn 0.9299 -0.3571 0.0881
vn 0.9995 0.0024 -0.0309
vn 0.9995 -0.0036 -0.0302
vn 0.9997 -0.0051 -0.0256
vn 0.9995 0.0019 -0.0324
vn -0.0089 -0.9944 -0.1052
vn -0.9998 0.0110 0.0179
vn -0.9997 0.0158 0.0186
vn -0.9997 0.0147 0.0184
vn -0.0287 -0.9935 -0.1101
vn -0.0326 -0.9941 -0.1034
vn -0.0072 -0.9964 -0.0842
vn -0.0052 -0.9949 -0.1006
vn -0.0037 -0.9936 -0.1126
vn -0.0148 -0.9028 -0.4298
vn -0.0293 -0.9932 -0.1126
vn -0.0255 -0.9933 -0.1127
vn 0.0107 -0.9938 -0.1108
vn 0.0149 -0.9944 -0.1044
vn -0.9999 0.0155 0.0078
vn -0.9999 0.0086 0.0146
vn -0.9999 0.0100 0.0100
vn -0.9998 0.0160 0.0093
vn -0.0162 0.1783 -0.9838
vn -0.0183 -0.6725 -0.7399
vn -0.9332 -0.3587 -0.0200
vn -0.0149 0.1188 -0.9928
vn 0.9997 -0.0026 -0.0223
vn 0.9998 0.0010 -0.0217
vn 0.9998 0.0022 -0.0216
vn 0.0250 -0.9958 -0.0886
vn 0.4568 -0.8836 -0.1024
vn -0.0421 -0.9953 -0.0873
vn -0.0233 0.1189 -0.9926
vn -0.4726 -0.8773 -0.0837
vn -0.0206 -0.6725 -0.7398
vn -0.0650 0.1650 -0.9842
vn 0.0277 0.1643 -0.9860
vn 0.0036 -0.9936 -0.1133
vn 0.0074 -0.9935 -0.1134
vn -0.9994 0.0083 0.0329
vn -0.9991 0.0093 0.0425
vn -0.9996 0.0078 0.0286
vn -0.0208 -0.1237 -0.9921
vn 0.1363 -0.1201 -0.9834
vn 0.1057 -0.1210 -0.9870
vn -0.1807 -0.1178 -0.9765
vn -0.1497 -0.1192 -0.9815
vn 0.0301 -0.1160 -0.9928
vn 0.1016 -0.1168 -0.9879
vn -0.0207 -0.1151 -0.9931
vn -0.0677 -0.1153 -0.9910
vn -0.1424 -0.1151 -0.9831
vn -0.0150 -0.1152 -0.9932
vn 1.0000 -0.0054 -0.0075
vn 0.9999 -0.0059 -0.0118
vn -0.1496 -0.1192 -0.9815
vn 1.0000 -0.0043 0.0018
vn -0.0120 -0.9632 -0.2684
vn -0.0217 -0.9934 -0.1128
vn 0.0113 -0.9935 -0.1135
vn 0.1656 -0.9743 -0.1530
vn 0.1734 -0.9575 0.2307
vn 0.0852 -0.9682 0.2352
vn 0.0772 -0.9852 -0.1530
vn 0.0682 0.1509 -0.9862
vn 0.0659 -0.2375 -0.9692
vn -0.0211 -0.2378 -0.9711
vn -0.0188 0.1520 -0.9882
vn 0.1963 -0.9534 0.2292
vn 0.2044 -0.7917 0.5757
vn 0.1886 -0.5118 0.8381
vn 0.1006 -0.5173 0.8499
vn 0.0934 -0.8039 0.5874
vn 0.1815 -0.7951 0.5787
vn 0.1937 -0.1509 0.9694
vn 0.1057 -0.1520 0.9827
vn 0.1960 0.2329 0.9525
vn 0.1080 0.2363 0.9657
vn 0.1951 0.5810 0.7902
vn 0.1071 0.5885 0.8013
vn 0.1912 0.8405 0.5069
vn 0.1032 0.8511 0.5148
vn 0.1848 0.9719 0.1460
vn 0.0967 0.9840 0.1495
vn 0.1770 0.9551 -0.2377
vn 0.0888 0.9670 -0.2387
vn 0.1689 0.7927 -0.5857
vn 0.0806 0.8027 -0.5909
vn 0.1618 0.5095 -0.8452
vn 0.0734 0.5161 -0.8534
vn 0.1567 0.1485 -0.9764
vn 0.1544 -0.2353 -0.9596
vn 0.1553 -0.5834 -0.7972
vn 0.0668 -0.5897 -0.8048
vn 0.1592 -0.8429 -0.5140
vn 0.0708 -0.8523 -0.5182
vn 0.0098 0.9884 0.1519
vn 0.0162 0.8549 0.5185
vn 0.9661 -0.2548 0.0414
vn 0.9682 -0.2127 0.1317
vn 0.1885 -0.9701 -0.1528
vn 0.1822 -0.8393 -0.5122
vn 0.1783 -0.5810 -0.7941
vn 0.1774 -0.2344 -0.9558
vn 0.1797 0.1477 -0.9726
vn 0.1848 0.5070 -0.8419
vn 0.1919 0.7890 -0.5836
vn 0.1999 0.9507 -0.2371
vn 0.2077 0.9674 0.1449
vn 0.2141 0.8366 0.5042
vn 0.2180 0.5783 0.7862
vn 0.2188 0.2317 0.9478
vn 0.2166 -0.1504 0.9646
vn 0.2115 -0.5097 0.8339
vn 0.9641 -0.2592 -0.0582
vn 0.9624 -0.2251 -0.1519
vn 0.9614 -0.1577 -0.2255
vn 0.9612 -0.0674 -0.2676
vn 0.9618 0.0323 -0.2720
vn 0.9631 0.1260 -0.2379
vn 0.9649 0.1995 -0.1706
vn 0.9670 0.2417 -0.0802
vn 0.9691 0.2460 0.0194
vn 0.9707 0.2119 0.1131
vn 0.9717 0.1446 0.1866
vn 0.9720 0.0542 0.2288
vn 0.9714 -0.0454 0.2331
vn 0.9701 -0.1392 0.1991
vn 0.0188 -0.1520 0.9882
vn 0.0136 -0.5187 0.8549
vn 0.0018 0.9713 -0.2379
vn 0.0211 0.2378 0.9711
vn -0.0202 -0.5914 -0.8061
vn -0.0064 0.8064 -0.5914
vn -0.0018 -0.9713 0.2379
vn -0.0098 -0.9884 -0.1519
vn 0.0202 0.5914 0.8061
vn -0.0162 -0.8549 -0.5185
vn 0.0064 -0.8064 0.5914
vn -0.0136 0.5187 -0.8549
vn -0.1848 -0.9719 -0.1460
vn -0.0967 -0.9840 -0.1495
vn -0.0888 -0.9670 0.2387
vn -0.1770 -0.9551 0.2377
vn -0.1057 0.1520 -0.9827
vn -0.1080 -0.2363 -0.9657
vn -0.1999 -0.9507 0.2371
vn -0.1919 -0.7890 0.5836
vn -0.1618 -0.5095 0.8452
vn -0.1689 -0.7927 0.5857
vn -0.0806 -0.8027 0.5909
vn -0.0734 -0.5161 0.8534
vn -0.1567 -0.1485 0.9764
vn -0.0682 -0.1509 0.9862
vn -0.1544 0.2353 0.9596
vn -0.0659 0.2375 0.9692
vn -0.1553 0.5834 0.7972
vn -0.0668 0.5897 0.8048
vn -0.1592 0.8429 0.5140
vn -0.0708 0.8523 0.5182
vn -0.1656 0.9743 0.1530
vn -0.0772 0.9852 0.1530
vn -0.1734 0.9575 -0.2307
vn -0.0852 0.9682 -0.2352
vn -0.1815 0.7951 -0.5787
vn -0.0934 0.8039 -0.5874
vn -0.1886 0.5118 -0.8381
vn -0.1006 0.5173 -0.8499
vn -0.1937 0.1509 -0.9694
vn -0.1960 -0.2329 -0.9525
vn -0.1951 -0.5810 -0.7902
vn -0.1071 -0.5885 -0.8013
vn -0.1912 -0.8405 -0.5069
vn -0.1032 -0.8511 -0.5148
vn -0.9670 -0.2417 0.0802
vn -0.9649 -0.1995 0.1706
vn -0.2077 -0.9674 -0.1449
vn -0.2141 -0.8366 -0.5042
vn -0.2180 -0.5783 -0.7862
vn -0.2188 -0.2317 -0.9478
vn -0.2166 0.1504 -0.9646
vn -0.2115 0.5097 -0.8339
vn -0.2044 0.7917 -0.5757
vn -0.1963 0.9534 -0.2292
vn -0.1885 0.9701 0.1528
vn -0.1822 0.8393 0.5122
vn -0.1783 0.5810 0.7941
vn -0.1774 0.2344 0.9558
vn -0.1797 -0.1477 0.9726
vn -0.1848 -0.5070 0.8419
vn -0.9691 -0.2460 -0.0194
vn -0.9707 -0.2119 -0.1131
vn -0.9717 -0.1446 -0.1866
vn -0.9720 -0.0542 -0.2288
vn -0.9714 0.0454 -0.2331
vn -0.9701 0.1392 -0.1991
vn -0.9682 0.2127 -0.1317
vn -0.9661 0.2548 -0.0414
vn -0.9641 0.2592 0.0582
vn -0.9624 0.2251 0.1519
vn -0.9614 0.1577 0.2255
vn -0.9612 0.0674 0.2676
vn -0.9618 -0.0323 0.2720
vn -0.9631 -0.1260 0.2379
vn 0.0656 0.0446 0.9968
vn 0.0493 -0.2411 0.9692
vn 0.0847 -0.2117 0.9737
vn 0.1097 0.0672 0.9917
vn -0.8962 -0.0107 0.4435
vn -0.9246 0.0928 0.3694
vn -0.9243 0.0920 0.3703
vn -0.8983 -0.0017 0.4393
vn 0.0178 -0.2471 0.9688
vn -0.0136 -0.2407 0.9705
vn -0.0020 -0.3503 0.9366
vn 0.0163 -0.3580 0.9336
vn 0.8762 -0.1677 0.4519
vn 0.8720 -0.1831 0.4539
vn 0.7894 -0.4080 0.4586
vn 0.8010 -0.3829 0.4602
vn -0.0311 0.2865 0.9576
vn -0.0249 0.0452 0.9987
vn 0.0204 0.0459 0.9987
vn 0.0212 0.2874 0.9576
vn 0.7133 -0.5430 0.4431
vn -0.1059 0.7948 0.5976
vn -0.0472 0.7973 0.6017
vn -0.0478 0.8352 0.5478
vn -0.1075 0.8323 0.5437
vn -0.0370 0.4499 0.8923
vn 0.0210 0.4502 0.8927
vn -0.0043 -0.9924 0.1227
vn -0.1582 -0.9709 0.1800
vn -0.2089 -0.9563 0.2044
vn 0.0349 -0.3506 0.9359
vn 0.0606 -0.3386 0.9390
vn -0.3114 -0.9161 0.2526
vn 0.0735 0.2858 0.9555
vn 0.0789 0.4491 0.8900
vn 0.0196 0.6573 0.7533
vn 0.0175 0.7979 0.6025
vn -0.0434 0.6558 0.7537
vn -0.0918 0.4526 0.8870
vn -0.0796 0.2910 0.9534
vn 0.9152 -0.0140 0.4029
vn 0.9131 -0.0231 0.4071
vn 0.0826 0.6550 0.7511
vn 0.0822 0.7964 0.5991
vn -0.8555 -0.1713 0.4886
vn -0.8595 -0.1559 0.4868
vn -0.1018 0.6585 0.7457
vn -0.0688 0.0684 0.9953
vn -0.0484 -0.2108 0.9763
vn -0.0275 -0.3380 0.9407
vn 0.3088 -0.9203 0.2401
vn 0.1520 -0.9730 0.1738
vn 0.2039 -0.9591 0.1961
vn 0.1218 0.2897 0.9494
vn 0.9558 0.2394 0.1710
vn 0.9565 0.2339 0.1745
vn 0.9564 0.1518 0.2497
vn 0.9573 0.1597 0.2409
vn -0.7023 -0.5333 0.4716
vn -0.7758 -0.3974 0.4901
vn -0.7870 -0.3721 0.4921
vn 0.1406 0.7931 0.5926
vn 0.1406 0.8307 0.5387
vn 0.0812 0.8343 0.5452
vn 0.0167 0.8351 0.5499
vn -0.9448 0.2523 0.2092
vn -0.9454 0.2469 0.2127
vn -0.9397 0.2865 0.1867
vn 0.9396 0.0793 0.3328
vn 0.9399 0.0801 0.3319
vn 0.1406 0.6569 0.7408
vn 0.1335 0.4511 0.8824
vn 0.9503 0.2736 0.1488
vn -0.9434 0.1647 0.2879
vn -0.9446 0.1727 0.2791
vn -0.0067 0.7974 -0.6034
vn -0.0087 0.7316 -0.6817
vn 0.0059 -0.8196 0.5729
vn -0.0201 -0.6082 -0.7935
vn 0.0203 0.5831 0.8122
vn 0.9990 -0.0451 0.0073
vn -0.9984 -0.0315 0.0475
vn -0.2427 -0.9673 -0.0733
vn -0.1256 -0.9891 -0.0773
vn -0.1216 -0.9856 0.1173
vn -0.2389 -0.9640 0.1172
vn -0.1175 -0.9443 0.3075
vn -0.2348 -0.9235 0.3034
vn -0.1134 -0.8666 0.4860
vn -0.2308 -0.8474 0.4781
vn -0.1095 -0.7556 0.6458
vn -0.2269 -0.7388 0.6346
vn -0.1058 -0.6155 0.7810
vn -0.2233 -0.6017 0.7669
vn -0.1026 -0.4518 0.8862
vn -0.2202 -0.4414 0.8699
vn -0.0999 -0.2706 0.9575
vn -0.2176 -0.2641 0.9396
vn -0.0979 -0.0790 0.9921
vn -0.2156 -0.0765 0.9735
vn -0.0966 0.1156 0.9886
vn -0.2144 0.1140 0.9701
vn -0.0962 0.3059 0.9472
vn -0.2139 0.3002 0.9296
vn -0.0965 0.4844 0.8695
vn -0.2143 0.4749 0.8535
vn -0.0977 0.6443 0.7585
vn -0.2154 0.6315 0.7449
vn -0.0996 0.7795 0.6185
vn -0.2172 0.7638 0.6078
vn -0.1021 0.8848 0.4547
vn -0.2197 0.8669 0.4475
vn -0.1053 0.9561 0.2736
vn -0.2228 0.9367 0.2702
vn -0.1089 0.9907 0.0820
vn -0.2264 0.9705 0.0827
vn -0.1128 0.9872 -0.1126
vn -0.2302 0.9672 -0.1078
vn -0.1169 0.9459 -0.3028
vn -0.2342 0.9267 -0.2940
vn -0.1210 0.8682 -0.4812
vn -0.2383 0.8506 -0.4687
vn -0.1250 0.7572 -0.6411
vn -0.2421 0.7420 -0.6252
vn -0.1287 0.6171 -0.7763
vn -0.2457 0.6049 -0.7575
vn -0.1319 0.4534 -0.8815
vn -0.2489 0.4446 -0.8605
vn -0.1346 0.2722 -0.9528
vn -0.2515 0.2673 -0.9302
vn -0.1366 0.0806 -0.9873
vn -0.2535 0.0797 -0.9641
vn -0.1378 -0.1140 -0.9839
vn -0.2547 -0.1108 -0.9607
vn -0.1383 -0.3043 -0.9425
vn -0.2552 -0.2970 -0.9202
vn -0.1380 -0.4828 -0.8648
vn -0.2548 -0.4717 -0.8441
vn -0.1368 -0.6427 -0.7538
vn -0.2537 -0.6283 -0.7355
vn -0.1349 -0.7779 -0.6137
vn -0.2518 -0.7606 -0.5984
vn -0.1323 -0.8832 -0.4500
vn -0.2493 -0.8637 -0.4381
vn -0.0917 -0.9583 -0.2706
vn -0.0881 -0.9930 -0.0784
vn -0.1292 -0.9545 -0.2689
vn -0.2462 -0.9335 -0.2608
vn -0.0949 -0.8867 -0.4524
vn -0.0975 -0.7811 -0.6168
vn -0.0994 -0.6454 -0.7574
vn -0.1005 -0.4848 -0.8688
vn -0.1009 -0.3057 -0.9468
vn -0.1004 -0.1147 -0.9883
vn -0.0991 0.0807 -0.9918
vn -0.0971 0.2730 -0.9571
vn -0.0944 0.4548 -0.8856
vn -0.0912 0.6192 -0.7799
vn -0.0875 0.7598 -0.6443
vn -0.0835 0.8712 -0.4838
vn -0.0794 0.9491 -0.3047
vn -0.0753 0.9907 -0.1138
vn -0.0713 0.9941 0.0816
vn -0.0677 0.9594 0.2738
vn -0.0645 0.8878 0.4556
vn -0.0620 0.7822 0.6200
vn -0.0601 0.6464 0.7606
vn -0.0589 0.4859 0.8720
vn -0.0586 0.3067 0.9500
vn -0.0590 0.1158 0.9915
vn -0.0603 -0.0796 0.9950
vn -0.0623 -0.2719 0.9603
vn -0.0650 -0.4537 0.8888
vn -0.0682 -0.6181 0.7832
vn -0.0719 -0.7587 0.6475
vn -0.0759 -0.8701 0.4870
vn -0.0800 -0.9481 0.3079
vn -0.0841 -0.9896 0.1170
vn -0.9836 -0.1774 -0.0326
vn -0.9829 -0.1841 0.0044
vn -0.9842 -0.1637 -0.0675
vn -0.9847 -0.1434 -0.0990
vn -0.9851 -0.1173 -0.1260
vn -0.9853 -0.0865 -0.1474
vn -0.9854 -0.0521 -0.1624
vn -0.9853 -0.0154 -0.1703
vn -0.9850 0.0221 -0.1710
vn -0.9846 0.0590 -0.1643
vn -0.9841 0.0939 -0.1506
vn -0.9835 0.1255 -0.1303
vn -0.9828 0.1524 -0.1043
vn -0.9820 0.1738 -0.0735
vn -0.9812 0.1888 -0.0391
vn -0.9804 0.1968 -0.0024
vn -0.9797 0.1974 0.0351
vn -0.9790 0.1908 0.0720
vn -0.9784 0.1770 0.1069
vn -0.9779 0.1567 0.1384
vn -0.9775 0.1307 0.1654
vn -0.9773 0.0999 0.1868
vn -0.9772 0.0655 0.2018
vn -0.9773 0.0288 0.2098
vn -0.9776 -0.0087 0.2104
vn -0.9780 -0.0456 0.2038
vn -0.9785 -0.0805 0.1900
vn -0.9791 -0.1121 0.1698
vn -0.9798 -0.1391 0.1437
vn -0.9806 -0.1605 0.1129
vn -0.9814 -0.1754 0.0785
vn -0.9821 -0.1834 0.0419
vn 0.2264 -0.9705 -0.0827
vn 0.2302 -0.9672 0.1078
vn 0.1128 -0.9872 0.1126
vn 0.1089 -0.9907 -0.0820
vn 0.2342 -0.9267 0.2940
vn 0.1169 -0.9459 0.3028
vn 0.2383 -0.8506 0.4687
vn 0.1210 -0.8682 0.4812
vn 0.2421 -0.7420 0.6252
vn 0.1250 -0.7572 0.6411
vn 0.2457 -0.6049 0.7575
vn 0.1287 -0.6171 0.7763
vn 0.2489 -0.4446 0.8605
vn 0.1319 -0.4534 0.8815
vn 0.2515 -0.2673 0.9302
vn 0.1346 -0.2722 0.9528
vn 0.2535 -0.0797 0.9641
vn 0.1366 -0.0806 0.9873
vn 0.2547 0.1108 0.9607
vn 0.1378 0.1140 0.9839
vn 0.2552 0.2970 0.9202
vn 0.1383 0.3043 0.9425
vn 0.2548 0.4717 0.8441
vn 0.1380 0.4828 0.8648
vn 0.2537 0.6283 0.7355
vn 0.1368 0.6427 0.7538
vn 0.2518 0.7606 0.5984
vn 0.1349 0.7779 0.6137
vn 0.2493 0.8637 0.4381
vn 0.1324 0.8832 0.4500
vn 0.2462 0.9335 0.2608
vn 0.1292 0.9545 0.2689
vn 0.2427 0.9673 0.0733
vn 0.1256 0.9891 0.0773
vn 0.2389 0.9640 -0.1172
vn 0.1216 0.9856 -0.1173
vn 0.2348 0.9235 -0.3034
vn 0.1175 0.9443 -0.3075
vn 0.2308 0.8474 -0.4781
vn 0.1134 0.8666 -0.4860
vn 0.2269 0.7388 -0.6346
vn 0.1095 0.7556 -0.6458
vn 0.2233 0.6017 -0.7669
vn 0.1058 0.6155 -0.7810
vn 0.2202 0.4414 -0.8699
vn 0.1026 0.4518 -0.8862
vn 0.2176 0.2641 -0.9396
vn 0.0999 0.2706 -0.9575
vn 0.2156 0.0765 -0.9735
vn 0.0979 0.0790 -0.9921
vn 0.2144 -0.1140 -0.9701
vn 0.0966 -0.1156 -0.9886
vn 0.2139 -0.3002 -0.9296
vn 0.0962 -0.3059 -0.9472
vn 0.2143 -0.4749 -0.8535
vn 0.0965 -0.4844 -0.8695
vn 0.2154 -0.6315 -0.7449
vn 0.0977 -0.6443 -0.7585
vn 0.2172 -0.7638 -0.6078
vn 0.0996 -0.7795 -0.6185
vn 0.2197 -0.8669 -0.4475
vn 0.1021 -0.8848 -0.4547
vn 0.2542 -0.9509 -0.1765
vn 0.2228 -0.9367 -0.2702
vn 0.1053 -0.9561 -0.2736
vn 0.2506 -0.8600 -0.4445
vn 0.2537 -0.9292 -0.2687
vn 0.2537 -0.9292 -0.2686
vn 0.2481 -0.7578 -0.6035
vn 0.2459 -0.6957 -0.6749
vn 0.2452 -0.4713 -0.8472
vn 0.2463 -0.6265 -0.7394
vn 0.2463 -0.6265 -0.7395
vn 0.2437 -0.3866 -0.8895
vn 0.1319 0.6486 -0.7496
vn 0.2485 0.2617 -0.9326
vn 0.2462 0.1696 -0.9543
vn 0.2511 0.4376 -0.8634
vn 0.2510 0.4376 -0.8634
vn 0.2514 0.5197 -0.8165
vn 0.2577 0.7325 -0.6301
vn 0.2542 0.5965 -0.7613
vn 0.2616 0.8403 -0.4748
vn 0.2624 0.8826 -0.3902
vn 0.2696 0.9559 -0.1169
vn 0.2656 0.9157 -0.3016
vn 0.2734 0.9592 0.0720
vn 0.2740 0.9473 0.1659
vn 0.2800 0.8564 0.4338
vn 0.2769 0.9256 0.2580
vn 0.2825 0.7542 0.5928
vn 0.2823 0.6921 0.6643
vn 0.2854 0.4677 0.8366
vn 0.2843 0.6229 0.7288
vn 0.2845 0.3830 0.8788
vn 0.9614 0.0281 0.2738
vn 0.9742 -0.0173 0.2250
vn 0.9191 -0.0015 0.3941
vn 0.9213 0.0402 0.3869
vn 0.2821 -0.2653 0.9220
vn 0.2820 -0.1732 0.9437
vn 0.2795 -0.4412 0.8528
vn 0.2769 -0.5233 0.8059
vn 0.2728 -0.7361 0.6194
vn 0.2764 -0.6002 0.7506
vn 0.2690 -0.8439 0.4642
vn 0.2658 -0.8862 0.3795
vn 0.2610 -0.9595 0.1063
vn 0.2650 -0.9193 0.2909
vn 0.2572 -0.9628 -0.0827
vn 0.9790 -0.1908 -0.0720
vn 0.9797 -0.1974 -0.0351
vn 0.9784 -0.1770 -0.1069
vn 0.9779 -0.1567 -0.1384
vn 0.9775 -0.1307 -0.1654
vn 0.9773 -0.0999 -0.1868
vn 0.9650 -0.0728 -0.2521
vn 0.9772 -0.0655 -0.2018
vn 0.9491 -0.0411 -0.3122
vn 0.9773 -0.0288 -0.2098
vn 0.9645 0.0041 -0.2640
vn 0.9776 0.0087 -0.2104
vn 0.9780 0.0456 -0.2038
vn 0.9785 0.0805 -0.1900
vn 0.9791 0.1121 -0.1698
vn 0.9798 0.1391 -0.1437
vn 0.9806 0.1605 -0.1129
vn 0.9814 0.1754 -0.0785
vn 0.9821 0.1834 -0.0419
vn 0.9829 0.1841 -0.0044
vn 0.9836 0.1774 0.0326
vn 0.9842 0.1637 0.0675
vn 0.9847 0.1434 0.0990
vn 0.9851 0.1173 0.1260
vn 0.9853 0.0865 0.1474
vn 0.9752 0.0596 0.2131
vn 0.9854 0.0521 0.1624
vn 0.9853 0.0154 0.1703
vn 0.9850 -0.0221 0.1710
vn 0.9846 -0.0590 0.1643
vn 0.9841 -0.0939 0.1506
vn 0.9835 -0.1255 0.1303
vn 0.9828 -0.1524 0.1043
vn 0.9820 -0.1738 0.0735
vn 0.9812 -0.1888 0.0391
vn 0.9804 -0.1968 0.0024
vn 0.9752 0.0596 0.2132
vn 0.9218 0.0835 0.3786
vn 0.9024 -0.0109 -0.4307
vn 0.9043 -0.0526 -0.4236
vn 0.1498 0.8261 0.5433
vn 0.2417 -0.1153 -0.9635
vn 0.2397 -0.2237 -0.9447
vn 0.2417 -0.1152 -0.9635
vn 0.2408 -0.0055 -0.9706
vn 0.2818 0.1118 0.9530
vn 0.2804 0.2201 0.9343
vn 0.2818 0.1116 0.9530
vn 0.2797 0.0019 0.9601
vn 0.1166 -0.8279 -0.5486
vn 0.1530 -0.6506 0.7439
vn 0.9649 -0.0728 -0.2522
vn 0.9046 -0.0959 -0.4153
vn 0.0207 0.1156 0.9931
vn 0.0212 0.3072 0.9514
vn 0.0003 0.9516 -0.3072
vn 0.0044 0.9933 -0.1157
vn -0.0044 -0.9933 0.1157
vn -0.0084 -0.9967 -0.0802
vn -0.0038 0.8734 -0.4870
vn -0.0209 -0.4869 -0.8732
vn -0.0212 -0.3072 -0.9514
vn -0.0197 -0.6480 -0.7614
vn -0.0003 -0.9516 0.3072
vn 0.0209 0.4869 0.8732
vn -0.0078 0.7616 -0.6480
vn -0.0178 -0.7841 -0.6204
vn 0.0038 -0.8734 0.4870
vn 0.0197 0.6480 0.7614
vn -0.0115 0.6206 -0.7840
vn -0.0152 -0.8901 -0.4555
vn 0.0078 -0.7616 0.6480
vn 0.0178 0.7841 0.6204
vn -0.0148 0.4557 -0.8900
vn -0.0120 -0.9619 -0.2731
vn 0.0115 -0.6206 0.7840
vn 0.0152 0.8901 0.4555
vn -0.0175 0.2733 -0.9618
vn 0.0148 -0.4557 0.8900
vn 0.0120 0.9619 0.2731
vn -0.0195 0.0804 -0.9966
vn 0.0175 -0.2733 0.9618
vn 0.0084 0.9967 0.0802
vn -0.0207 -0.1156 -0.9931
vn 0.1654 -0.9727 -0.1626
vn 0.1732 -0.9597 0.2213
vn 0.0850 -0.9705 0.2257
vn 0.0771 -0.9837 -0.1627
vn 0.0683 0.1605 -0.9847
vn 0.0660 -0.2280 -0.9714
vn -0.0211 -0.2282 -0.9734
vn -0.0187 0.1617 -0.9867
vn 0.1961 -0.9556 0.2198
vn 0.2042 -0.7974 0.5679
vn 0.1885 -0.5201 0.8331
vn 0.1004 -0.5256 0.8448
vn 0.0932 -0.8096 0.5795
vn 0.1813 -0.8008 0.5709
vn 0.1936 -0.1604 0.9679
vn 0.1056 -0.1617 0.9812
vn 0.1960 0.2235 0.9548
vn 0.1080 0.2268 0.9679
vn 0.1952 0.5732 0.7958
vn 0.1072 0.5806 0.8071
vn 0.1913 0.8355 0.5152
vn 0.1033 0.8460 0.5231
vn 0.1850 0.9704 0.1555
vn 0.0969 0.9825 0.1592
vn 0.1772 0.9573 -0.2283
vn 0.0890 0.9693 -0.2292
vn 0.1691 0.7984 -0.5779
vn 0.0808 0.8085 -0.5830
vn 0.1619 0.5177 -0.8401
vn 0.0736 0.5244 -0.8483
vn 0.1568 0.1580 -0.9749
vn 0.1544 -0.2259 -0.9618
vn 0.1552 -0.5756 -0.8029
vn 0.0668 -0.5818 -0.8106
vn 0.1591 -0.8379 -0.5222
vn 0.0707 -0.8472 -0.5266
vn 0.0100 0.9868 0.1615
vn 0.0164 0.8498 0.5268
vn 0.9660 -0.2554 0.0389
vn 0.9682 -0.2141 0.1297
vn 0.1884 -0.9686 -0.1623
vn 0.1821 -0.8343 -0.5204
vn 0.1783 -0.5732 -0.7998
vn 0.1774 -0.2251 -0.9580
vn 0.1798 0.1571 -0.9711
vn 0.1849 0.5152 -0.8369
vn 0.1921 0.7947 -0.5759
vn 0.2001 0.9529 -0.2278
vn 0.2079 0.9659 0.1544
vn 0.2142 0.8316 0.5124
vn 0.2180 0.5705 0.7918
vn 0.2188 0.2224 0.9501
vn 0.2165 -0.1598 0.9631
vn 0.2114 -0.5179 0.8289
vn 0.9640 -0.2588 -0.0607
vn 0.9624 -0.2238 -0.1541
vn 0.9614 -0.1557 -0.2269
vn 0.9612 -0.0649 -0.2682
vn 0.9618 0.0347 -0.2716
vn 0.9631 0.1281 -0.2366
vn 0.9650 0.2010 -0.1685
vn 0.9671 0.2422 -0.0778
vn 0.9691 0.2456 0.0219
vn 0.9708 0.2106 0.1152
vn 0.9718 0.1425 0.1881
vn 0.9720 0.0518 0.2294
vn 0.9714 -0.0479 0.2328
vn 0.9700 -0.1413 0.1978
vn 0.0187 -0.1617 0.9867
vn 0.0135 -0.5270 0.8497
vn 0.0020 0.9736 -0.2283
vn 0.0211 0.2282 0.9734
vn -0.0203 -0.5834 -0.8119
vn -0.0062 0.8121 -0.5834
vn -0.0020 -0.9736 0.2283
vn -0.0100 -0.9868 -0.1615
vn 0.0203 0.5834 0.8119
vn -0.0164 -0.8498 -0.5268
vn 0.0062 -0.8121 0.5834
vn -0.0135 0.5270 -0.8497
vn -0.1850 -0.9704 -0.1555
vn -0.0969 -0.9825 -0.1592
vn -0.0890 -0.9693 0.2292
vn -0.1772 -0.9573 0.2283
vn -0.1056 0.1617 -0.9812
vn -0.1080 -0.2268 -0.9679
vn -0.2001 -0.9529 0.2278
vn -0.1921 -0.7947 0.5759
vn -0.1619 -0.5177 0.8401
vn -0.1691 -0.7984 0.5779
vn -0.0808 -0.8085 0.5830
vn -0.0736 -0.5244 0.8483
vn -0.1568 -0.1580 0.9749
vn -0.0683 -0.1605 0.9847
vn -0.1544 0.2259 0.9618
vn -0.0660 0.2280 0.9714
vn -0.1552 0.5756 0.8029
vn -0.0668 0.5818 0.8106
vn -0.1591 0.8379 0.5222
vn -0.0707 0.8472 0.5266
vn -0.1654 0.9727 0.1626
vn -0.0771 0.9837 0.1627
vn -0.1732 0.9597 -0.2213
vn -0.0850 0.9705 -0.2257
vn -0.1813 0.8008 -0.5709
vn -0.0932 0.8096 -0.5795
vn -0.1885 0.5201 -0.8331
vn -0.1004 0.5256 -0.8448
vn -0.1936 0.1604 -0.9679
vn -0.1960 -0.2235 -0.9548
vn -0.1952 -0.5732 -0.7958
vn -0.1072 -0.5806 -0.8071
vn -0.1913 -0.8355 -0.5152
vn -0.1033 -0.8460 -0.5231
vn -0.9671 -0.2422 0.0778
vn -0.9650 -0.2010 0.1685
vn -0.2079 -0.9659 -0.1544
vn -0.2142 -0.8316 -0.5124
vn -0.2180 -0.5705 -0.7918
vn -0.2188 -0.2224 -0.9501
vn -0.2165 0.1598 -0.9631
vn -0.2114 0.5179 -0.8289
vn -0.2042 0.7974 -0.5679
vn -0.1961 0.9556 -0.2198
vn -0.1884 0.9686 0.1623
vn -0.1821 0.8343 0.5204
vn -0.1783 0.5732 0.7998
vn -0.1774 0.2251 0.9580
vn -0.1798 -0.1571 0.9711
vn -0.1849 -0.5152 0.8369
vn -0.9691 -0.2456 -0.0219
vn -0.9708 -0.2106 -0.1152
vn -0.9718 -0.1425 -0.1881
vn -0.9720 -0.0518 -0.2294
vn -0.9720 -0.0517 -0.2294
vn -0.9714 0.0479 -0.2328
vn -0.9700 0.1413 -0.1978
vn -0.9682 0.2142 -0.1297
vn -0.9660 0.2554 -0.0389
vn -0.9640 0.2588 0.0607
vn -0.9624 0.2238 0.1541
vn -0.9614 0.1557 0.2269
vn -0.9612 0.0649 0.2682
vn -0.9618 -0.0347 0.2716
vn -0.9631 -0.1281 0.2366
vn 0.0094 -0.7352 0.6777
vn 0.0153 -0.7350 0.6779
vn 0.9046 -0.3640 0.2216
vn -0.9013 -0.3446 0.2625
vn 0.0169 -0.6062 0.7951
vn 0.0169 -0.3482 0.9373
vn 0.9998 -0.0065 -0.0212
vn 0.9978 0.0396 -0.0535
vn 0.9982 0.0335 -0.0492
vn 0.1030 0.9294 -0.3545
vn 0.3933 0.8567 -0.3338
vn 0.3825 0.8610 -0.3352
vn 0.1013 0.9295 -0.3545
vn 0.7310 0.6318 -0.2578
vn 0.7138 0.6488 -0.2637
vn 0.9529 0.2688 -0.1408
vn 0.9412 0.3023 -0.1510
vn -0.0177 0.2894 -0.9570
vn -0.9998 0.0032 0.0208
vn -0.9978 -0.0441 0.0502
vn -0.9966 -0.0577 0.0586
vn -0.1025 -0.9247 0.3665
vn -0.1010 -0.9249 0.3666
vn -0.3820 -0.8572 0.3454
vn -0.3917 -0.8533 0.3441
vn -0.7116 -0.6488 0.2696
vn -0.7278 -0.6331 0.2637
vn -0.9365 -0.3145 0.1550
vn -0.9479 -0.2837 0.1452
vn -0.0134 -0.9378 -0.3468
vn -0.0257 -0.9479 -0.3177
vn -0.0276 -0.9493 -0.3130
vn -0.0389 -0.9575 -0.2858
vn -0.0089 0.9776 0.2104
vn 0.0012 0.9765 0.2155
vn 0.0006 0.9766 0.2152
vn 0.0212 0.4826 0.8756
vn -0.0163 -0.4448 -0.8955
vn -0.0165 -0.4444 -0.8957
vn -0.0198 -0.4412 -0.8972
vn -0.0157 -0.4518 -0.8920
vn -0.0155 -0.4510 -0.8924
vn 0.0264 0.4887 0.8721
vn 0.0267 0.4889 0.8719
vn -0.0168 -0.4660 -0.8846
vn -0.0168 -0.4658 -0.8847
vn -0.0169 -0.4764 -0.8791
vn 0.0320 0.4950 0.8683
vn -0.0214 -0.4406 -0.8975
vn 0.0013 -0.9305 0.3664
vn -0.0010 0.9351 -0.3543
vn 0.0110 0.9754 0.2204
vn -0.9998 0.0065 0.0212
vn -0.9989 0.0469 -0.0073
vn -0.9985 0.0531 -0.0117
vn -0.1049 0.9308 -0.3501
vn -0.1033 0.9310 -0.3502
vn -0.3844 0.8662 -0.3192
vn -0.3951 0.8621 -0.3174
vn -0.7153 0.6585 -0.2340
vn -0.7324 0.6418 -0.2274
vn -0.9424 0.3151 -0.1119
vn -0.9541 0.2818 -0.1012
vn 0.9997 -0.0095 -0.0220
vn 0.9973 -0.0711 0.0167
vn 0.9983 -0.0573 0.0080
vn 0.1051 -0.9262 0.3622
vn 0.3940 -0.8587 0.3277
vn 0.3844 -0.8624 0.3294
vn 0.1036 -0.9263 0.3623
vn 0.7294 -0.6430 0.2334
vn 0.7134 -0.6584 0.2400
vn 0.9491 -0.2967 0.1058
vn 0.9377 -0.3274 0.1160
vn 0.0021 -0.9495 -0.3136
vn -0.0001 -0.9480 -0.3182
vn 0.0143 -0.9578 -0.2870
vn 0.0309 0.9772 0.2100
vn 0.0215 0.9764 0.2149
vn 0.0208 0.9763 0.2153
vn -0.0264 -0.4447 -0.8953
vn -0.0229 -0.4412 -0.8971
vn -0.0229 -0.4411 -0.8971
vn -0.0261 -0.4443 -0.8955
vn -0.0269 -0.4517 -0.8918
vn -0.0271 -0.4510 -0.8921
vn 0.0157 0.4891 0.8721
vn 0.0159 0.4888 0.8722
vn -0.0256 -0.4658 -0.8845
vn -0.0256 -0.4656 -0.8846
vn -0.0252 -0.4761 -0.8790
vn 0.0104 0.4953 0.8687
vn 0.0155 -0.8658 -0.5002
vn -0.9998 -0.0063 -0.0193
vn -0.9996 0.0150 0.0247
vn -0.9993 0.0182 0.0314
vn -0.1246 0.1907 0.9737
vn -0.1229 0.1907 0.9739
vn -0.4026 0.1754 0.8984
vn -0.4134 0.1744 0.8937
vn -0.7291 0.1313 0.6717
vn -0.7459 0.1278 0.6537
vn -0.9488 0.0721 0.3075
vn -0.9598 0.0672 0.2725
vn -0.0146 0.8951 0.4456
vn 0.9998 0.0012 0.0188
vn 0.9985 -0.0228 -0.0490
vn 0.9993 -0.0174 -0.0339
vn 0.1245 -0.2034 -0.9712
vn 0.4120 -0.1852 -0.8922
vn 0.4024 -0.1861 -0.8963
vn 0.1230 -0.2034 -0.9713
vn 0.7429 -0.1336 -0.6560
vn 0.7271 -0.1372 -0.6727
vn 0.9551 -0.0692 -0.2880
vn 0.9444 -0.0740 -0.3203
vn 0.0140 0.4993 -0.8663
vn 0.0294 0.4684 -0.8831
vn 0.0273 0.4726 -0.8808
vn 0.0416 0.4432 -0.8954
vn 0.0038 -0.3710 0.9286
vn -0.0057 -0.3758 0.9267
vn -0.0062 -0.3761 0.9266
vn -0.0005 -0.9443 0.3290
vn -0.0055 0.9575 -0.2885
vn -0.0021 0.9587 -0.2846
vn -0.0020 0.9587 -0.2845
vn -0.0052 0.9576 -0.2880
vn -0.0058 0.9552 -0.2959
vn -0.0060 0.9554 -0.2952
vn -0.0062 -0.9419 0.3358
vn -0.0059 -0.9420 0.3355
vn -0.0044 0.9504 -0.3111
vn -0.0044 0.9504 -0.3110
vn -0.0040 0.9466 -0.3224
vn -0.0116 -0.9395 0.3423
vn -0.0005 0.9589 -0.2839
vn 0.0208 -0.2052 -0.9785
vn -0.0208 0.1924 0.9811
vn -0.0159 -0.3810 0.9245
vn -0.0024 0.9999 -0.0123
vn -0.9996 -0.0029 -0.0267
vn -0.9993 0.0005 -0.0386
vn -0.9994 0.0068 -0.0347
vn -0.9997 0.0120 -0.0216
vn -0.9999 0.0053 -0.0108
vn -0.9997 0.0085 0.0234
vn -0.9997 0.0171 0.0151
vn 0.0246 0.2424 -0.9699
vn 0.0217 0.4752 -0.8796
vn -0.0260 -0.0017 0.9997
vn -0.0262 0.0437 0.9987
vn -0.0260 0.0095 0.9996
vn 0.0059 -0.9990 0.0438
vn 0.0246 0.2423 -0.9699
vn -0.0220 0.6263 0.7793
vn 0.9998 0.0068 0.0189
vn 0.9970 0.0308 0.0707
vn 0.9976 0.0276 0.0638
vn 0.0833 0.1919 0.9779
vn 0.3751 0.1792 0.9095
vn 0.3643 0.1800 0.9137
vn 0.0816 0.1920 0.9780
vn 0.7176 0.1368 0.6829
vn 0.7000 0.1401 0.7002
vn 0.9472 0.0789 0.3107
vn 0.9348 0.0836 0.3451
vn -0.9997 -0.0109 -0.0196
vn -0.9969 -0.0296 -0.0730
vn -0.9955 -0.0350 -0.0883
vn -0.0831 -0.2046 -0.9753
vn -0.0816 -0.2046 -0.9754
vn -0.3640 -0.1908 -0.9116
vn -0.3737 -0.1899 -0.9079
vn -0.6980 -0.1459 -0.7011
vn -0.7144 -0.1425 -0.6851
vn -0.9299 -0.0855 -0.3578
vn -0.9419 -0.0809 -0.3260
vn 0.0017 0.4725 -0.8813
vn -0.0003 0.4682 -0.8836
vn -0.0116 0.4429 -0.8965
vn -0.0363 -0.3717 0.9276
vn -0.0260 -0.3764 0.9261
vn -0.0265 -0.3762 0.9262
vn 0.0047 0.9575 -0.2883
vn 0.0044 0.9577 -0.2878
vn 0.0010 0.9587 -0.2845
vn 0.0011 0.9587 -0.2845
vn 0.0054 0.9553 -0.2957
vn 0.0055 0.9555 -0.2949
vn 0.0046 -0.9419 0.3358
vn 0.0048 -0.9418 0.3360
vn 0.0044 0.9504 -0.3108
vn 0.0044 0.9505 -0.3107
vn 0.0043 0.9467 -0.3220
vn 0.0100 -0.9393 0.3428
vn 0.0260 -0.0054 -0.9996
vn 0.0260 -0.0055 -0.9996
vn 0.9998 0.0050 0.0217
vn 0.9998 0.0129 0.0152
vn 0.9999 0.0096 0.0120
vn -0.9999 -0.0027 -0.0100
vn -0.9995 -0.0003 0.0321
vn 0.9995 0.0168 0.0260
vn 0.9982 0.0198 0.0560
vn 0.9978 0.0163 0.0640
vn 0.9993 0.0141 0.0354
vn 0.0262 -0.0437 -0.9987
vn 0.0261 -0.0437 -0.9987
vn -0.0259 -0.0245 0.9994
vn -0.0259 -0.0244 0.9994
vn -0.9342 0.0095 0.3565
vn -0.0259 -0.0239 0.9994
vn -0.0260 0.0100 0.9996
vn -0.0260 -0.0015 0.9997
vn -0.0259 -0.0241 0.9994
vn 0.0053 -0.9976 0.0683
vn 0.9973 0.0125 0.0722
vn 0.9993 0.0105 0.0366
vn 1.0000 0.0085 0.0010
vn -0.9986 -0.0051 -0.0521
vn 0.0053 -0.9976 0.0684
vn 0.0260 -0.0057 -0.9996
vn 0.0260 -0.0058 -0.9996
vn -0.5745 -0.8180 -0.0279
vn -0.0032 -0.9281 0.3722
vn 0.5944 -0.8042 0.0019
vn -0.0062 -0.8825 0.4702
vn -0.0062 -0.8823 0.4706
vn 0.9184 0.0225 0.3949
vn -0.0270 0.0437 0.9987
vn 1.0000 -0.0000 0.0008
vn 1.0000 -0.0000 0.0015
vn -0.0065 -0.0000 1.0000
vn -0.0028 0.9031 0.4295
vn -1.0000 -0.0000 -0.0008
vn 0.0065 -0.0000 -1.0000
vn -1.0000 -0.0000 -0.0015
vn 0.0019 0.9563 -0.2924
vn 0.9847 0.0901 0.1490
vn -0.0154 0.8833 0.4685
vn -0.0139 0.9262 0.3769
vn -0.0136 0.9253 0.3791
vn -0.0159 0.8820 0.4710
vn -0.0182 0.7589 0.6509
vn -0.0169 0.8261 0.5633
vn -0.0186 0.8250 0.5648
vn -0.0207 0.7578 0.6521
vn -0.0220 0.6597 0.7512
vn -0.0196 0.6598 0.7512
vn -0.0196 0.6596 0.7513
vn -0.0208 0.6596 0.7513
vn -0.0192 0.6900 0.7235
vn -0.0166 0.6895 0.7241
vn -0.0158 0.7579 0.6522
vn -0.0132 0.9410 0.3380
vn -0.0129 0.9410 0.3380
vn -0.0219 0.6895 0.7240
vn -0.0221 0.6600 0.7509
vn -0.0196 0.6600 0.7510
vn -0.9910 0.0767 0.1093
vn -0.0151 0.8820 0.4711
vn -0.0142 0.9253 0.3791
vn -0.0154 0.8250 0.5649
vn -0.0172 0.6598 0.7513
vn -0.0184 0.6596 0.7514
vn -0.0196 0.6595 0.7515
vn -0.0171 0.6600 0.7510
vn -0.0135 0.9410 0.3380
vn 0.6681 0.4749 0.5729
vn 0.6704 0.4737 0.5711
vn 0.6391 0.6343 0.4351
vn 0.6554 0.5756 0.4889
vn 0.6079 0.7133 0.3488
vn 0.6176 0.6949 0.3683
vn 0.6348 0.6473 0.4220
vn 0.6309 0.6607 0.4067
vn 0.6384 0.6065 0.4740
vn 0.6385 0.6074 0.4726
vn 0.6347 0.5616 0.5308
vn 0.6348 0.5625 0.5298
vn 0.6327 0.5161 0.5774
vn 0.6327 0.5165 0.5770
vn 0.6323 0.4963 0.5949
vn -0.6885 0.4736 0.5492
vn -0.6971 0.4669 0.5441
vn -0.6973 0.4668 0.5440
vn -0.6862 0.5633 0.4603
vn -0.6682 0.6224 0.4076
vn -0.6430 0.6844 0.3438
vn -0.6336 0.7024 0.3243
vn -0.6587 0.6492 0.3804
vn -0.6698 0.6193 0.4097
vn -0.6714 0.5886 0.4503
vn -0.6698 0.5866 0.4552
vn -0.6631 0.5537 0.5037
vn -0.6631 0.5528 0.5047
vn -0.6623 0.5077 0.5510
vn -0.6623 0.5072 0.5514
vn -0.6624 0.4875 0.5689
vn -0.9858 -0.0858 -0.1446
vn -0.9859 -0.0856 -0.1440
vn -0.9847 -0.0901 -0.1490
vn 0.0153 -0.8827 -0.4697
vn 0.0366 -0.8810 -0.4716
vn 0.0347 -0.9270 -0.3734
vn 0.0137 -0.9286 -0.3708
vn -0.9859 -0.0846 -0.1442
vn -0.9856 -0.0861 -0.1453
vn 0.0182 -0.7593 -0.6505
vn 0.0409 -0.7576 -0.6514
vn 0.0393 -0.8245 -0.5645
vn 0.0168 -0.8261 -0.5632
vn -0.0062 -0.6598 -0.7514
vn -0.0049 -0.6582 -0.7528
vn 0.0197 -0.6583 -0.7525
vn 0.0199 -0.6599 -0.7511
vn -0.0045 -0.7581 -0.6522
vn -0.0028 -0.6898 -0.7240
vn 0.0192 -0.6905 -0.7231
vn 0.0347 -0.9457 -0.3232
vn 0.0128 -0.9461 -0.3237
vn 0.0412 -0.6895 -0.7231
vn 0.0196 -0.6602 -0.7508
vn 0.0409 -0.6599 -0.7502
vn 0.9918 -0.0734 -0.1049
vn 0.9910 -0.0767 -0.1093
vn 0.9919 -0.0724 -0.1047
vn -0.0073 -0.9273 -0.3743
vn -0.0059 -0.8812 -0.4727
vn -0.0057 -0.8248 -0.5654
vn 0.0460 -0.6595 -0.7503
vn 0.0444 -0.6580 -0.7517
vn 0.0196 -0.6568 -0.7538
vn 0.0428 -0.6565 -0.7531
vn 0.9918 -0.0727 -0.1056
vn -0.0018 -0.6602 -0.7511
vn -0.9864 -0.0820 -0.1422
vn -0.9862 -0.0835 -0.1432
vn 0.9925 -0.0677 -0.1013
vn 0.9925 -0.0693 -0.1006
vn -0.0091 -0.9460 -0.3241
vn 0.9928 -0.0616 -0.1027
vn -0.9869 -0.0810 -0.1397
vn -0.9870 -0.0811 -0.1390
vn -0.9867 -0.0828 -0.1401
vn -0.0036 -0.6567 -0.7541
vn -0.9860 -0.0851 -0.1433
vn 0.9924 -0.0686 -0.1025
vn 0.9922 -0.0697 -0.1035
vn 0.9920 -0.0711 -0.1045
vn 0.9921 -0.0716 -0.1031
vn 0.9922 -0.0701 -0.1034
vn 0.9919 -0.0721 -0.1043
vn 0.9920 -0.0713 -0.1042
vn 0.9922 -0.0698 -0.1035
vn 0.9920 -0.0716 -0.1036
vn -0.6811 -0.4668 -0.5642
vn -0.6931 -0.4583 -0.5565
vn -0.6936 -0.4579 -0.5561
vn -0.6773 -0.5455 -0.4937
vn -0.6304 -0.6547 -0.4171
vn -0.5813 -0.7361 -0.3468
vn -0.6168 -0.6755 -0.4041
vn -0.6288 -0.6483 -0.4294
vn -0.6022 -0.7035 -0.3775
vn -0.6331 -0.6120 -0.4739
vn -0.6328 -0.6103 -0.4766
vn -0.6278 -0.5677 -0.5325
vn -0.6277 -0.5660 -0.5345
vn -0.6271 -0.5203 -0.5796
vn -0.6272 -0.5194 -0.5804
vn -0.6280 -0.4988 -0.5973
vn 0.6969 -0.4682 -0.5433
vn 0.7189 -0.4512 -0.5287
vn 0.7180 -0.4519 -0.5293
vn 0.6610 -0.6415 -0.3893
vn 0.7100 -0.5312 -0.4623
vn 0.6271 -0.6931 -0.3555
vn 0.6714 -0.6142 -0.4148
vn 0.6424 -0.6672 -0.3772
vn 0.6087 -0.7245 -0.3235
vn 0.6660 -0.5885 -0.4583
vn 0.6711 -0.5918 -0.4465
vn 0.6565 -0.5568 -0.5090
vn 0.6565 -0.5585 -0.5070
vn 0.6570 -0.5107 -0.5546
vn 0.6569 -0.5116 -0.5538
vn 0.6583 -0.4900 -0.5715
vn 0.9927 -0.0672 -0.1005
vn 0.9927 -0.0672 -0.0999
vn 0.9928 -0.0676 -0.0992
vn -0.9866 -0.0831 -0.1403
vn -0.9867 -0.0807 -0.1412
vn -0.9867 -0.0802 -0.1416
vn 0.0304 0.7536 -0.6567
vn 0.0300 0.7536 -0.6567
vn 0.1714 -0.6532 -0.7375
vn 0.1226 -0.9665 -0.2255
vn 0.1714 -0.6539 -0.7369
vn -0.0139 0.7533 -0.6576
vn -0.0143 0.7533 -0.6576
vn -0.1327 -0.6553 -0.7436
vn -0.1002 -0.9680 -0.2300
vn -0.1327 -0.6560 -0.7430
vn -0.0104 -0.7575 0.6527
vn -0.0228 -0.7568 0.6533
vn -0.0227 -0.7568 0.6533
vn 0.0218 0.7572 -0.6529
vn 0.0105 0.7573 -0.6530
vn 0.0106 0.7574 -0.6529
vn 0.0053 -0.7563 0.6542
vn 0.0052 -0.7563 0.6542
vn -0.0064 -0.7568 0.6536
vn -0.0063 -0.7569 0.6535
vn 0.0053 0.7573 -0.6530
vn 0.0054 0.7573 -0.6531
vn -0.0059 0.7570 -0.6534
vn 0.0081 0.7540 -0.6568
vn -0.0301 -0.7530 0.6573
vn -0.0078 -0.7542 0.6566
vn -0.0079 -0.7542 0.6566
vn 0.0130 -0.7527 0.6582
vn -0.9879 -0.1481 0.0448
vn -0.9879 -0.1487 0.0437
vn -0.9876 -0.1502 0.0449
vn 0.0091 -0.9931 -0.1167
vn -0.0053 -0.8375 0.5463
vn -0.8801 -0.4460 0.1627
vn -0.9229 -0.3501 0.1602
vn -0.9870 -0.1576 0.0301
vn -0.9871 -0.1554 0.0384
vn -0.8084 -0.5155 0.2841
vn -0.7449 -0.6270 0.2278
vn -0.0053 -0.8377 0.5461
vn -0.8064 -0.5146 0.2913
vn -0.8924 -0.4014 0.2062
vn -0.9867 -0.1575 0.0402
vn -0.9863 -0.1573 0.0504
vn -0.6366 -0.6614 0.3967
vn -0.6368 -0.6612 0.3966
vn -0.6077 -0.7472 0.2690
vn -0.5747 -0.8072 0.1348
vn -0.6462 -0.6543 0.3929
vn 0.9896 0.1386 -0.0390
vn 0.9891 0.1422 -0.0395
vn 0.9895 0.1397 -0.0380
vn 0.4941 0.8570 0.1461
vn 0.1060 0.9922 0.0659
vn -0.0385 0.9917 0.1226
vn -0.0478 0.9911 0.1244
vn -0.2127 0.8055 -0.5532
vn -0.4240 0.7381 -0.5249
vn -0.4956 0.7034 -0.5095
vn 0.9878 0.1512 -0.0365
vn 0.9875 0.1552 -0.0282
vn 0.9213 0.3590 -0.1493
vn -0.0091 0.9931 0.1167
vn 0.8151 0.5151 -0.2651
vn 0.0055 0.8322 -0.5545
vn 0.0053 0.8376 -0.5463
vn 0.0052 0.8391 -0.5439
vn 0.0093 0.8385 -0.5448
vn 0.0017 0.8396 -0.5432
vn 0.0057 0.8267 -0.5626
vn -0.1609 0.8130 -0.5595
vn 0.8142 0.5104 -0.2765
vn 0.8972 0.3976 -0.1923
vn -0.3382 0.7719 -0.5383
vn 0.0241 0.8363 -0.5478
vn 0.0240 0.8363 -0.5478
vn 0.0103 0.8383 -0.5451
vn -0.0022 0.8400 -0.5425
vn 0.9870 0.1589 -0.0248
vn 0.9867 0.1575 -0.0403
vn 0.9870 0.1576 -0.0301
vn 0.9863 0.1573 -0.0504
vn -0.1830 0.6502 0.7374
vn -0.1816 0.6494 0.7384
vn -0.2828 0.8106 0.5128
vn -0.2899 0.8044 0.5186
vn -0.0205 0.5463 0.8373
vn -0.0148 0.5436 0.8392
vn -0.0139 0.5432 0.8395
vn 0.9992 0.0172 0.0360
vn 0.0205 -0.5461 -0.8375
vn -0.1650 0.8771 0.4510
vn -0.1651 0.8771 0.4510
vn -0.1493 0.8246 -0.5457
vn -0.1269 0.8814 0.4551
vn -0.0937 0.3080 -0.9467
vn -0.1496 0.8235 -0.5472
vn -0.1537 0.8239 -0.5455
vn -0.1565 0.8239 -0.5448
vn -0.1482 0.8231 -0.5482
vn 0.0245 -0.5343 -0.8449
vn 0.0233 -0.5342 -0.8451
vn 0.0139 -0.5346 -0.8450
vn 0.0428 -0.5430 -0.8386
vn 0.0173 -0.5438 -0.8390
vn 0.9873 -0.1347 0.0845
vn 0.9870 -0.1368 0.0845
vn 0.9873 -0.1353 0.0834
vn 0.8789 -0.4340 0.1980
vn 0.9868 -0.1420 0.0780
vn 0.9871 -0.1442 0.0698
vn 0.9204 -0.3375 0.1972
vn 0.8033 -0.5045 0.3165
vn 0.7437 -0.6169 0.2577
vn 0.8010 -0.5036 0.3236
vn 0.8888 -0.3893 0.2420
vn 0.9863 -0.1440 0.0799
vn 0.9855 -0.1438 0.0900
vn 0.6291 -0.6527 0.4221
vn 0.6065 -0.7390 0.2934
vn 0.6293 -0.6526 0.4220
vn 0.5797 -0.7993 0.1580
vn 0.6387 -0.6456 0.4187
vn -0.9890 0.1251 -0.0788
vn -0.9890 0.1262 -0.0778
vn -0.9885 0.1287 -0.0793
vn -0.5112 0.8502 0.1259
vn 0.0293 0.9916 0.1259
vn 0.0201 0.9921 0.1237
vn -0.1221 0.9906 0.0613
vn 0.2237 0.8084 -0.5444
vn 0.5060 0.7102 -0.4894
vn 0.4346 0.7439 -0.5076
vn -0.9194 0.3464 -0.1863
vn -0.9876 0.1418 -0.0678
vn -0.9876 0.1375 -0.0762
vn -0.8107 0.5040 -0.2978
vn 0.0087 0.8396 -0.5431
vn 0.0012 0.8384 -0.5450
vn 0.1722 0.8153 -0.5529
vn -0.8094 0.4994 -0.3091
vn -0.8941 0.3854 -0.2283
vn 0.3490 0.7766 -0.5245
vn -0.0134 0.8360 -0.5486
vn 0.0002 0.8382 -0.5453
vn 0.0125 0.8401 -0.5422
vn -0.9873 0.1455 -0.0645
vn -0.9871 0.1442 -0.0698
vn -0.9863 0.1440 -0.0799
vn -0.9855 0.1438 -0.0900
vn 0.1444 0.6524 0.7440
vn 0.2579 0.8081 0.5296
vn 0.2509 0.8142 0.5236
vn 0.1430 0.6516 0.7449
vn -0.0272 0.5431 0.8392
vn -0.0264 0.5435 0.8390
vn -1.0000 0.0036 -0.0042
vn 0.1349 0.8791 0.4571
vn 0.1348 0.8792 0.4571
vn 0.1599 0.8267 -0.5395
vn 0.0965 0.8829 0.4596
vn 0.1274 0.3096 -0.9423
vn 0.1602 0.8257 -0.5409
vn 0.1643 0.8261 -0.5391
vn 0.1670 0.8261 -0.5383
vn 0.1589 0.8252 -0.5420
vn 0.0168 -0.5344 -0.8451
vn 0.0273 -0.5345 -0.8447
vn 0.0179 -0.5342 -0.8452
vn -0.0016 -0.5434 -0.8395
vn -0.0017 -0.5434 -0.8395
vn 0.0239 -0.5438 -0.8389
vn -0.0153 0.8854 0.4647
vn -0.0158 0.8704 0.4920
vn -0.0154 0.8821 0.4708
vn -0.0145 0.9084 0.4178
vn -0.0135 0.9336 0.3581
vn -0.0135 0.9334 0.3587
vn -0.0138 0.9264 0.3762
vn -0.0142 0.9153 0.4024
vn -0.0209 0.1580 0.9872
vn -0.0200 -0.0184 0.9996
vn -0.0195 -0.0804 0.9966
vn -0.9998 -0.0068 -0.0201
vn -0.0212 0.3719 0.9280
vn -0.0162 0.8559 0.5168
vn -0.0188 0.7208 0.6929
vn -0.0205 0.5589 0.8290
vn -0.0212 0.3890 0.9210
vn -0.0132 0.9413 0.3372
vn 0.6599 0.7228 0.2051
vn -0.0115 0.9692 0.2459
vn -0.0116 0.9691 0.2465
vn -0.0116 0.9688 0.2475
vn -0.0116 0.9688 0.2476
vn 0.0084 0.7423 -0.6700
vn -0.0012 0.9642 -0.2651
vn -0.0001 0.9642 -0.2651
vn -0.0124 0.9550 0.2965
vn -0.0124 0.9549 0.2968
vn -0.0131 0.9410 0.3383
vn 0.0046 0.8545 -0.5195
vn -0.0116 0.9684 0.2492
vn -0.0117 0.9672 0.2537
vn -0.0116 0.9685 0.2487
vn -0.0116 0.9685 0.2486
vn 0.6306 0.6819 0.3706
vn 0.6228 0.6727 0.3996
vn 0.4521 0.6059 0.6546
vn 0.5065 0.6167 0.6026
vn 0.2436 0.5581 0.7932
vn 0.1450 0.5287 0.8363
vn -0.0209 0.4658 0.8846
vn -0.0117 0.9666 0.2559
vn -0.8714 -0.0467 0.4884
vn -0.8688 0.4711 0.1526
vn -0.8688 0.4706 0.1539
vn -0.8703 0.4277 0.2443
vn -0.8703 0.4276 0.2445
vn -0.8716 0.3594 0.3335
vn -0.8716 0.3592 0.3337
vn -0.8725 0.2772 0.4023
vn -0.8725 0.2770 0.4024
vn -0.8732 0.1824 0.4520
vn -0.8732 0.1821 0.4521
vn -0.8734 0.0741 0.4813
vn -0.8734 0.0739 0.4814
vn -0.8720 -0.0152 0.4892
vn -0.8685 0.4828 0.1122
vn -0.8685 0.4829 0.1122
vn -0.7890 0.4392 -0.4297
vn -0.8672 0.4592 0.1926
vn -0.8668 0.4577 0.1979
vn -0.8644 0.4487 0.2268
vn -0.8648 0.4502 0.2225
vn -0.8688 0.4679 0.1618
vn -0.8687 0.4670 0.1651
vn -0.8697 0.4761 0.1304
vn -0.8696 0.4755 0.1329
vn -0.8698 0.4808 0.1111
vn -0.8698 0.4807 0.1114
vn -0.8635 0.4454 0.2368
vn 0.5926 0.7926 0.1438
vn 0.6199 0.7786 0.0975
vn 0.5667 0.8030 0.1847
vn -0.8697 0.4819 0.1072
vn -0.8697 0.4819 0.1073
vn -0.0155 0.8822 0.4707
vn -0.0155 0.8793 0.4760
vn -0.0150 0.8934 0.4491
vn -0.0151 0.8934 0.4491
vn 0.4062 0.6835 -0.6065
vn 0.6437 0.7633 0.0540
vn -0.8692 0.4823 0.1087
vn -0.8693 0.4823 0.1083
vn -0.8696 0.4823 0.1058
vn -0.8696 0.4823 0.1057
vn 0.6535 0.7259 0.2144
vn -0.0115 0.9699 0.2433
vn -0.0115 0.9694 0.2452
vn -0.0115 0.9693 0.2458
vn 0.9998 0.0068 0.0201
vn -0.0117 0.9664 0.2569
vn -0.0211 0.4222 0.9062
vn -0.0130 0.9439 0.3299
vn -0.0122 0.9592 0.2823
vn -0.0125 0.9550 0.2964
vn -0.0131 0.9439 0.3299
vn -0.0118 0.9648 0.2625
vn -0.0116 0.9682 0.2501
vn -0.0116 0.9681 0.2501
vn -0.0117 0.9670 0.2543
vn 0.0058 0.8232 -0.5677
vn -0.0137 0.9284 0.3714
vn -0.0140 0.9225 0.3857
vn 0.6609 0.7184 0.2172
vn 0.0063 0.8083 -0.5887
vn -0.0154 0.8854 0.4647
vn -0.0155 0.8821 0.4708
vn -0.0115 0.9697 0.2441
vn -0.0115 0.9696 0.2446
vn -0.6774 0.7137 0.1782
vn -0.0115 0.9691 0.2465
vn -0.0024 0.9642 -0.2651
vn -0.0136 0.9336 0.3581
vn -0.0136 0.9334 0.3587
vn -0.0133 0.9410 0.3383
vn -0.0125 0.9549 0.2968
vn -0.0125 0.9550 0.2965
vn -0.0116 0.9685 0.2488
vn -0.0144 0.9153 0.4024
vn -0.0147 0.9084 0.4178
vn -0.6558 0.6748 0.3385
vn -0.5410 0.6127 0.5761
vn -0.4888 0.6014 0.6320
vn -0.6494 0.6662 0.3667
vn -0.2829 0.5544 0.7827
vn -0.1857 0.5263 0.8297
vn 0.8516 -0.0349 0.5230
vn 0.8555 0.4828 0.1873
vn 0.8539 0.4393 0.2791
vn 0.8539 0.4395 0.2789
vn 0.8554 0.4824 0.1886
vn 0.8525 0.3709 0.3683
vn 0.8525 0.3711 0.3681
vn 0.8518 0.2887 0.4371
vn 0.8518 0.2890 0.4369
vn 0.8517 0.1939 0.4868
vn 0.8517 0.1941 0.4867
vn 0.8523 0.0856 0.5160
vn 0.8523 0.0858 0.5160
vn 0.8518 -0.0035 0.5239
vn 0.8518 -0.0034 0.5239
vn 0.8566 0.4946 0.1468
vn 0.7995 0.4500 -0.3978
vn 0.8524 0.4710 0.2272
vn 0.8489 0.4619 0.2569
vn 0.8484 0.4604 0.2612
vn 0.8518 0.4694 0.2324
vn 0.8552 0.4797 0.1964
vn 0.8549 0.4788 0.1997
vn 0.8572 0.4878 0.1651
vn 0.8570 0.4872 0.1676
vn 0.8580 0.4926 0.1458
vn 0.8580 0.4925 0.1461
vn 0.8471 0.4571 0.2711
vn -0.6086 0.7844 0.1197
vn -0.5845 0.7951 0.1616
vn -0.6339 0.7700 0.0723
vn 0.8580 0.4937 0.1419
vn 0.8580 0.4936 0.1420
vn -0.0156 0.8793 0.4760
vn -0.0152 0.8934 0.4491
vn -0.3908 0.6781 -0.6225
vn -0.6557 0.7545 0.0278
vn 0.8575 0.4940 0.1434
vn 0.8580 0.4941 0.1404
vn 0.8580 0.4940 0.1405
vn 0.8576 0.4941 0.1430
vn -0.0140 0.9264 0.3762
vn -0.0119 0.9648 0.2625
vn -0.0139 0.9284 0.3714
vn -0.6714 0.7169 0.1878
vn -0.6788 0.7092 0.1903
vn -0.0116 0.9681 0.2505
vn -0.0116 0.9688 0.2474
vn 0.3717 0.6662 0.6466
vn 0.3693 0.6511 0.6631
vn -0.4064 0.6609 0.6309
vn -0.4045 0.6458 0.6475
vn -0.0118 0.9664 0.2569
vn -0.9267 -0.3713 -0.0573
vn 0.0116 -0.9949 -0.0998
vn 0.0139 -0.9936 -0.1120
vn 0.0085 -0.9965 -0.0832
vn 0.0192 0.1161 -0.9931
vn 0.0209 0.1783 -0.9837
vn 0.0191 0.1206 -0.9925
vn 0.9303 -0.3435 0.1288
vn 0.0089 -0.9944 -0.1050
vn -0.9299 -0.3571 0.0881
vn -0.9995 0.0024 -0.0309
vn -0.9995 0.0019 -0.0324
vn -0.9997 -0.0051 -0.0256
vn -0.9995 -0.0036 -0.0302
vn 0.0089 -0.9944 -0.1052
vn 0.9998 0.0110 0.0179
vn 0.9997 0.0147 0.0184
vn 0.9997 0.0158 0.0186
vn 0.0287 -0.9935 -0.1100
vn 0.0326 -0.9941 -0.1034
vn 0.0072 -0.9964 -0.0842
vn 0.0037 -0.9936 -0.1126
vn 0.0052 -0.9949 -0.1006
vn 0.0148 -0.9028 -0.4298
vn 0.0293 -0.9932 -0.1126
vn 0.0255 -0.9933 -0.1127
vn -0.0149 -0.9944 -0.1044
vn -0.0107 -0.9938 -0.1108
vn 0.9998 0.0155 0.0078
vn 0.9998 0.0160 0.0093
vn 0.9999 0.0100 0.0100
vn 0.9999 0.0086 0.0146
vn 0.0162 0.1783 -0.9838
vn 0.0182 -0.6725 -0.7399
vn 0.9332 -0.3587 -0.0200
vn 0.0149 0.1188 -0.9928
vn -0.9997 -0.0026 -0.0223
vn -0.9998 0.0022 -0.0216
vn -0.9998 0.0010 -0.0217
vn -0.0250 -0.9958 -0.0886
vn -0.4568 -0.8836 -0.1024
vn 0.0421 -0.9953 -0.0873
vn 0.0233 0.1189 -0.9926
vn 0.4726 -0.8773 -0.0837
vn 0.0206 -0.6725 -0.7398
vn 0.0650 0.1650 -0.9842
vn -0.0277 0.1643 -0.9860
vn -0.0036 -0.9936 -0.1133
vn -0.0074 -0.9935 -0.1134
vn 0.9994 0.0083 0.0329
vn 0.9996 0.0078 0.0286
vn 0.9991 0.0093 0.0425
vn 0.0208 -0.1237 -0.9921
vn -0.1057 -0.1210 -0.9870
vn -0.1363 -0.1201 -0.9834
vn 0.1807 -0.1178 -0.9765
vn 0.1497 -0.1192 -0.9815
vn -0.1016 -0.1168 -0.9879
vn -0.0301 -0.1160 -0.9928
vn 0.0207 -0.1151 -0.9931
vn 0.1424 -0.1151 -0.9831
vn 0.0677 -0.1153 -0.9910
vn 0.0150 -0.1152 -0.9932
vn -1.0000 -0.0054 -0.0075
vn -0.9999 -0.0059 -0.0118
vn 0.1496 -0.1192 -0.9815
vn -1.0000 -0.0043 0.0018
vn 0.0120 -0.9632 -0.2684
vn 0.0217 -0.9934 -0.1128
vn -0.0112 -0.9935 -0.1135
vn -0.1656 -0.9743 -0.1530
vn -0.0772 -0.9852 -0.1530
vn -0.0852 -0.9682 0.2352
vn -0.1734 -0.9575 0.2307
vn -0.0682 0.1509 -0.9862
vn 0.0188 0.1520 -0.9882
vn 0.0211 -0.2378 -0.9711
vn -0.0659 -0.2375 -0.9692
vn -0.1963 -0.9534 0.2292
vn -0.2044 -0.7917 0.5757
vn -0.1886 -0.5118 0.8381
vn -0.1815 -0.7951 0.5787
vn -0.0934 -0.8039 0.5874
vn -0.1006 -0.5173 0.8499
vn -0.1937 -0.1509 0.9694
vn -0.1057 -0.1520 0.9827
vn -0.1960 0.2329 0.9525
vn -0.1080 0.2363 0.9657
vn -0.1951 0.5810 0.7902
vn -0.1071 0.5885 0.8013
vn -0.1912 0.8405 0.5069
vn -0.1032 0.8511 0.5148
vn -0.1848 0.9719 0.1460
vn -0.0967 0.9840 0.1495
vn -0.1770 0.9551 -0.2377
vn -0.0888 0.9670 -0.2387
vn -0.1689 0.7927 -0.5858
vn -0.0806 0.8027 -0.5909
vn -0.1618 0.5095 -0.8452
vn -0.0734 0.5161 -0.8534
vn -0.1567 0.1485 -0.9764
vn -0.1544 -0.2353 -0.9596
vn -0.1553 -0.5834 -0.7972
vn -0.0668 -0.5897 -0.8048
vn -0.1592 -0.8429 -0.5140
vn -0.0708 -0.8523 -0.5182
vn -0.0162 0.8549 0.5185
vn -0.0098 0.9884 0.1519
vn -0.9661 -0.2548 0.0414
vn -0.9682 -0.2127 0.1317
vn -0.1885 -0.9701 -0.1528
vn -0.1822 -0.8393 -0.5122
vn -0.1783 -0.5810 -0.7941
vn -0.1774 -0.2344 -0.9558
vn -0.1797 0.1477 -0.9726
vn -0.1848 0.5070 -0.8419
vn -0.1919 0.7890 -0.5836
vn -0.1999 0.9507 -0.2371
vn -0.2077 0.9674 0.1449
vn -0.2141 0.8366 0.5042
vn -0.2180 0.5783 0.7862
vn -0.2188 0.2317 0.9478
vn -0.2166 -0.1504 0.9646
vn -0.2115 -0.5097 0.8339
vn -0.9641 -0.2592 -0.0582
vn -0.9624 -0.2251 -0.1519
vn -0.9614 -0.1577 -0.2255
vn -0.9612 -0.0674 -0.2676
vn -0.9618 0.0323 -0.2720
vn -0.9631 0.1260 -0.2379
vn -0.9649 0.1995 -0.1706
vn -0.9670 0.2417 -0.0802
vn -0.9691 0.2460 0.0194
vn -0.9707 0.2119 0.1131
vn -0.9717 0.1446 0.1866
vn -0.9720 0.0542 0.2288
vn -0.9714 -0.0454 0.2331
vn -0.9701 -0.1392 0.1991
vn -0.0136 -0.5187 0.8549
vn -0.0188 -0.1520 0.9882
vn -0.0018 0.9713 -0.2379
vn -0.0211 0.2378 0.9711
vn 0.0202 -0.5914 -0.8061
vn 0.0064 0.8064 -0.5914
vn 0.0098 -0.9884 -0.1519
vn 0.0018 -0.9713 0.2379
vn -0.0202 0.5914 0.8061
vn 0.0162 -0.8549 -0.5185
vn -0.0064 -0.8064 0.5914
vn 0.0136 0.5187 -0.8549
vn 0.1848 -0.9719 -0.1460
vn 0.1770 -0.9551 0.2377
vn 0.0888 -0.9670 0.2387
vn 0.0967 -0.9840 -0.1495
vn 0.1057 0.1520 -0.9827
vn 0.1080 -0.2363 -0.9657
vn 0.1999 -0.9507 0.2371
vn 0.1919 -0.7890 0.5836
vn 0.1618 -0.5095 0.8452
vn 0.0734 -0.5161 0.8534
vn 0.0806 -0.8027 0.5909
vn 0.1689 -0.7927 0.5857
vn 0.1567 -0.1485 0.9764
vn 0.0682 -0.1509 0.9862
vn 0.1544 0.2353 0.9596
vn 0.0659 0.2375 0.9692
vn 0.1553 0.5834 0.7972
vn 0.0668 0.5897 0.8048
vn 0.1592 0.8429 0.5140
vn 0.0708 0.8523 0.5182
vn 0.1656 0.9743 0.1530
vn 0.0772 0.9852 0.1530
vn 0.1734 0.9575 -0.2307
vn 0.0852 0.9682 -0.2352
vn 0.1815 0.7951 -0.5787
vn 0.0934 0.8039 -0.5874
vn 0.1886 0.5118 -0.8381
vn 0.1006 0.5173 -0.8499
vn 0.1937 0.1509 -0.9694
vn 0.1960 -0.2329 -0.9525
vn 0.1951 -0.5810 -0.7902
vn 0.1071 -0.5885 -0.8013
vn 0.1912 -0.8405 -0.5069
vn 0.1032 -0.8511 -0.5148
vn 0.9670 -0.2417 0.0802
vn 0.9649 -0.1995 0.1706
vn 0.2077 -0.9674 -0.1449
vn 0.2141 -0.8366 -0.5042
vn 0.2180 -0.5783 -0.7862
vn 0.2188 -0.2317 -0.9478
vn 0.2166 0.1504 -0.9646
vn 0.2115 0.5097 -0.8339
vn 0.2044 0.7917 -0.5757
vn 0.1963 0.9534 -0.2292
vn 0.1885 0.9701 0.1528
vn 0.1822 0.8393 0.5122
vn 0.1783 0.5810 0.7941
vn 0.1774 0.2344 0.9558
vn 0.1797 -0.1477 0.9726
vn 0.1848 -0.5070 0.8419
vn 0.9691 -0.2460 -0.0194
vn 0.9707 -0.2119 -0.1131
vn 0.9717 -0.1446 -0.1866
vn 0.9720 -0.0542 -0.2288
vn 0.9714 0.0454 -0.2331
vn 0.9701 0.1392 -0.1991
vn 0.9682 0.2127 -0.1317
vn 0.9661 0.2548 -0.0414
vn 0.9641 0.2592 0.0582
vn 0.9624 0.2251 0.1519
vn 0.9614 0.1577 0.2255
vn 0.9612 0.0674 0.2676
vn 0.9618 -0.0323 0.2720
vn 0.9631 -0.1260 0.2379
vn -0.0656 0.0446 0.9968
vn -0.1097 0.0672 0.9917
vn -0.0847 -0.2117 0.9737
vn -0.0493 -0.2411 0.9692
vn 0.8962 -0.0107 0.4435
vn 0.8983 -0.0017 0.4393
vn 0.9243 0.0920 0.3703
vn 0.9246 0.0928 0.3694
vn -0.0178 -0.2471 0.9688
vn -0.0163 -0.3580 0.9336
vn 0.0020 -0.3503 0.9366
vn 0.0136 -0.2407 0.9705
vn -0.8762 -0.1677 0.4519
vn -0.8010 -0.3829 0.4602
vn -0.7894 -0.4080 0.4586
vn -0.8720 -0.1831 0.4539
vn 0.0311 0.2865 0.9576
vn -0.0212 0.2874 0.9576
vn -0.0204 0.0459 0.9987
vn 0.0249 0.0452 0.9987
vn -0.7133 -0.5430 0.4431
vn 0.1059 0.7948 0.5976
vn 0.1075 0.8323 0.5437
vn 0.0478 0.8352 0.5478
vn 0.0472 0.7973 0.6017
vn 0.0370 0.4499 0.8923
vn -0.0210 0.4502 0.8927
vn 0.0043 -0.9924 0.1227
vn 0.2089 -0.9563 0.2044
vn 0.1582 -0.9709 0.1800
vn -0.0606 -0.3386 0.9390
vn -0.0349 -0.3506 0.9359
vn 0.3114 -0.9161 0.2526
vn -0.0789 0.4491 0.8900
vn -0.0735 0.2858 0.9555
vn -0.0196 0.6573 0.7533
vn 0.0434 0.6558 0.7537
vn -0.0175 0.7979 0.6025
vn 0.0796 0.2910 0.9534
vn 0.0918 0.4526 0.8870
vn -0.9152 -0.0140 0.4029
vn -0.9131 -0.0231 0.4071
vn -0.0826 0.6550 0.7511
vn -0.0822 0.7964 0.5991
vn 0.8555 -0.1713 0.4886
vn 0.8595 -0.1559 0.4868
vn 0.1018 0.6585 0.7457
vn 0.0688 0.0684 0.9953
vn 0.0275 -0.3380 0.9407
vn 0.0484 -0.2108 0.9763
vn -0.3088 -0.9203 0.2401
vn -0.2039 -0.9591 0.1961
vn -0.1520 -0.9730 0.1738
vn -0.1218 0.2897 0.9494
vn -0.9558 0.2394 0.1710
vn -0.9573 0.1597 0.2409
vn -0.9564 0.1518 0.2497
vn -0.9565 0.2339 0.1745
vn 0.7023 -0.5333 0.4716
vn 0.7870 -0.3721 0.4921
vn 0.7758 -0.3974 0.4901
vn -0.0812 0.8343 0.5452
vn -0.1406 0.8307 0.5388
vn -0.1406 0.7931 0.5926
vn -0.0167 0.8351 0.5499
vn 0.9448 0.2523 0.2092
vn 0.9397 0.2865 0.1867
vn 0.9454 0.2469 0.2127
vn -0.9396 0.0793 0.3328
vn -0.9399 0.0801 0.3319
vn -0.1406 0.6569 0.7408
vn -0.1335 0.4511 0.8824
vn -0.9503 0.2736 0.1488
vn 0.9434 0.1647 0.2879
vn 0.9446 0.1727 0.2791
vn 0.0067 0.7974 -0.6034
vn 0.0087 0.7316 -0.6817
vn -0.0059 -0.8196 0.5729
vn 0.0201 -0.6082 -0.7935
vn -0.0203 0.5831 0.8122
vn -0.9990 -0.0451 0.0073
vn 0.9984 -0.0315 0.0475
vn 0.2427 -0.9673 -0.0733
vn 0.2389 -0.9640 0.1172
vn 0.1217 -0.9856 0.1173
vn 0.1256 -0.9891 -0.0773
vn 0.2348 -0.9235 0.3034
vn 0.1175 -0.9443 0.3075
vn 0.2308 -0.8474 0.4781
vn 0.1134 -0.8666 0.4860
vn 0.2269 -0.7388 0.6346
vn 0.1095 -0.7556 0.6458
vn 0.2233 -0.6017 0.7669
vn 0.1058 -0.6155 0.7810
vn 0.2202 -0.4414 0.8699
vn 0.1026 -0.4518 0.8862
vn 0.2176 -0.2641 0.9396
vn 0.0999 -0.2706 0.9575
vn 0.2156 -0.0765 0.9735
vn 0.0979 -0.0790 0.9921
vn 0.2144 0.1140 0.9701
vn 0.0966 0.1156 0.9886
vn 0.2139 0.3002 0.9296
vn 0.0962 0.3059 0.9472
vn 0.2143 0.4749 0.8535
vn 0.0965 0.4844 0.8695
vn 0.2154 0.6315 0.7449
vn 0.0977 0.6443 0.7585
vn 0.2172 0.7638 0.6078
vn 0.0996 0.7795 0.6185
vn 0.2197 0.8669 0.4475
vn 0.1021 0.8848 0.4547
vn 0.2228 0.9367 0.2702
vn 0.1053 0.9561 0.2736
vn 0.2264 0.9705 0.0827
vn 0.1089 0.9907 0.0820
vn 0.2302 0.9672 -0.1078
vn 0.1128 0.9872 -0.1126
vn 0.2342 0.9267 -0.2940
vn 0.1169 0.9459 -0.3028
vn 0.2383 0.8506 -0.4687
vn 0.1210 0.8682 -0.4812
vn 0.2421 0.7420 -0.6252
vn 0.1250 0.7572 -0.6411
vn 0.2457 0.6049 -0.7575
vn 0.1287 0.6171 -0.7763
vn 0.2489 0.4446 -0.8605
vn 0.1319 0.4534 -0.8815
vn 0.2515 0.2673 -0.9302
vn 0.1346 0.2722 -0.9528
vn 0.2535 0.0797 -0.9641
vn 0.1366 0.0806 -0.9873
vn 0.2547 -0.1108 -0.9607
vn 0.1378 -0.1140 -0.9839
vn 0.2552 -0.2970 -0.9202
vn 0.1383 -0.3043 -0.9425
vn 0.2548 -0.4717 -0.8441
vn 0.1380 -0.4828 -0.8648
vn 0.2537 -0.6283 -0.7355
vn 0.1368 -0.6427 -0.7538
vn 0.2518 -0.7606 -0.5984
vn 0.1349 -0.7779 -0.6137
vn 0.2493 -0.8637 -0.4381
vn 0.1323 -0.8832 -0.4500
vn 0.0917 -0.9583 -0.2706
vn 0.0881 -0.9930 -0.0784
vn 0.2462 -0.9335 -0.2608
vn 0.1292 -0.9545 -0.2689
vn 0.0949 -0.8867 -0.4524
vn 0.0975 -0.7811 -0.6168
vn 0.0994 -0.6454 -0.7574
vn 0.1005 -0.4848 -0.8688
vn 0.1009 -0.3057 -0.9468
vn 0.1004 -0.1147 -0.9883
vn 0.0991 0.0807 -0.9918
vn 0.0971 0.2730 -0.9571
vn 0.0944 0.4548 -0.8856
vn 0.0912 0.6192 -0.7799
vn 0.0875 0.7598 -0.6443
vn 0.0835 0.8712 -0.4838
vn 0.0794 0.9491 -0.3047
vn 0.0753 0.9907 -0.1138
vn 0.0713 0.9941 0.0816
vn 0.0677 0.9594 0.2738
vn 0.0645 0.8878 0.4556
vn 0.0620 0.7821 0.6200
vn 0.0601 0.6464 0.7606
vn 0.0589 0.4859 0.8720
vn 0.0586 0.3067 0.9500
vn 0.0590 0.1158 0.9915
vn 0.0603 -0.0796 0.9950
vn 0.0623 -0.2719 0.9603
vn 0.0650 -0.4537 0.8888
vn 0.0682 -0.6181 0.7832
vn 0.0719 -0.7587 0.6475
vn 0.0759 -0.8701 0.4870
vn 0.0800 -0.9481 0.3079
vn 0.0841 -0.9896 0.1170
vn 0.9836 -0.1774 -0.0326
vn 0.9829 -0.1841 0.0044
vn 0.9842 -0.1637 -0.0675
vn 0.9847 -0.1434 -0.0990
vn 0.9851 -0.1173 -0.1260
vn 0.9853 -0.0865 -0.1474
vn 0.9854 -0.0521 -0.1624
vn 0.9853 -0.0154 -0.1703
vn 0.9850 0.0221 -0.1710
vn 0.9846 0.0590 -0.1643
vn 0.9841 0.0939 -0.1506
vn 0.9835 0.1255 -0.1303
vn 0.9828 0.1524 -0.1043
vn 0.9820 0.1738 -0.0735
vn 0.9812 0.1888 -0.0391
vn 0.9804 0.1968 -0.0024
vn 0.9797 0.1974 0.0351
vn 0.9790 0.1908 0.0720
vn 0.9784 0.1770 0.1069
vn 0.9779 0.1567 0.1384
vn 0.9775 0.1307 0.1654
vn 0.9773 0.0999 0.1868
vn 0.9772 0.0655 0.2018
vn 0.9773 0.0288 0.2098
vn 0.9776 -0.0087 0.2104
vn 0.9780 -0.0456 0.2038
vn 0.9785 -0.0805 0.1900
vn 0.9791 -0.1121 0.1698
vn 0.9798 -0.1391 0.1437
vn 0.9806 -0.1605 0.1129
vn 0.9814 -0.1754 0.0785
vn 0.9821 -0.1834 0.0419
vn -0.2264 -0.9705 -0.0827
vn -0.1089 -0.9907 -0.0820
vn -0.1128 -0.9872 0.1126
vn -0.2302 -0.9672 0.1078
vn -0.1169 -0.9459 0.3028
vn -0.2342 -0.9267 0.2940
vn -0.1210 -0.8682 0.4812
vn -0.2383 -0.8506 0.4687
vn -0.1250 -0.7572 0.6411
vn -0.2421 -0.7420 0.6252
vn -0.1287 -0.6171 0.7763
vn -0.2457 -0.6049 0.7575
vn -0.1319 -0.4534 0.8815
vn -0.2489 -0.4446 0.8605
vn -0.1346 -0.2722 0.9528
vn -0.2515 -0.2673 0.9302
vn -0.1366 -0.0806 0.9873
vn -0.2535 -0.0797 0.9641
vn -0.1378 0.1140 0.9839
vn -0.2547 0.1108 0.9607
vn -0.1383 0.3043 0.9425
vn -0.2552 0.2970 0.9202
vn -0.1380 0.4828 0.8648
vn -0.2548 0.4717 0.8441
vn -0.1368 0.6427 0.7538
vn -0.2537 0.6283 0.7355
vn -0.1349 0.7779 0.6137
vn -0.2518 0.7606 0.5984
vn -0.1324 0.8832 0.4500
vn -0.2493 0.8637 0.4381
vn -0.1292 0.9545 0.2689
vn -0.2462 0.9335 0.2608
vn -0.1256 0.9891 0.0773
vn -0.2427 0.9673 0.0733
vn -0.1216 0.9856 -0.1173
vn -0.2389 0.9640 -0.1172
vn -0.1175 0.9443 -0.3075
vn -0.2348 0.9235 -0.3034
vn -0.1134 0.8666 -0.4860
vn -0.2308 0.8474 -0.4781
vn -0.1095 0.7556 -0.6458
vn -0.2269 0.7388 -0.6346
vn -0.1058 0.6155 -0.7810
vn -0.2233 0.6017 -0.7669
vn -0.1026 0.4518 -0.8862
vn -0.2202 0.4414 -0.8699
vn -0.0999 0.2706 -0.9575
vn -0.2176 0.2641 -0.9396
vn -0.0979 0.0790 -0.9921
vn -0.2156 0.0765 -0.9735
vn -0.0966 -0.1156 -0.9886
vn -0.2144 -0.1140 -0.9701
vn -0.0962 -0.3059 -0.9472
vn -0.2139 -0.3002 -0.9296
vn -0.0965 -0.4844 -0.8695
vn -0.2143 -0.4749 -0.8535
vn -0.0977 -0.6443 -0.7585
vn -0.2154 -0.6315 -0.7449
vn -0.0996 -0.7795 -0.6185
vn -0.2172 -0.7638 -0.6078
vn -0.1021 -0.8848 -0.4547
vn -0.2197 -0.8669 -0.4475
vn -0.2542 -0.9509 -0.1765
vn -0.1053 -0.9561 -0.2736
vn -0.2228 -0.9367 -0.2702
vn -0.2506 -0.8600 -0.4445
vn -0.2537 -0.9292 -0.2687
vn -0.2537 -0.9292 -0.2686
vn -0.2481 -0.7578 -0.6035
vn -0.2459 -0.6957 -0.6749
vn -0.2452 -0.4713 -0.8472
vn -0.2463 -0.6265 -0.7395
vn -0.2437 -0.3866 -0.8895
vn -0.1319 0.6486 -0.7496
vn -0.2485 0.2617 -0.9326
vn -0.2462 0.1696 -0.9543
vn -0.2511 0.4376 -0.8634
vn -0.2514 0.5197 -0.8165
vn -0.2577 0.7325 -0.6301
vn -0.2542 0.5965 -0.7613
vn -0.2616 0.8403 -0.4748
vn -0.2624 0.8826 -0.3902
vn -0.2624 0.8826 -0.3901
vn -0.2696 0.9559 -0.1169
vn -0.2656 0.9157 -0.3016
vn -0.2734 0.9592 0.0720
vn -0.2740 0.9473 0.1659
vn -0.2800 0.8564 0.4338
vn -0.2769 0.9256 0.2580
vn -0.2825 0.7542 0.5928
vn -0.2823 0.6921 0.6643
vn -0.2854 0.4677 0.8366
vn -0.2843 0.6229 0.7288
vn -0.2845 0.3830 0.8788
vn -0.9614 0.0281 0.2738
vn -0.9213 0.0402 0.3869
vn -0.9191 -0.0015 0.3941
vn -0.9742 -0.0173 0.2250
vn -0.2821 -0.2653 0.9220
vn -0.2820 -0.1732 0.9437
vn -0.2795 -0.4412 0.8528
vn -0.2769 -0.5233 0.8059
vn -0.2728 -0.7361 0.6194
vn -0.2764 -0.6002 0.7506
vn -0.2690 -0.8439 0.4642
vn -0.2658 -0.8862 0.3795
vn -0.2610 -0.9595 0.1063
vn -0.2650 -0.9193 0.2909
vn -0.2572 -0.9628 -0.0827
vn -0.9790 -0.1908 -0.0720
vn -0.9797 -0.1974 -0.0351
vn -0.9784 -0.1770 -0.1069
vn -0.9779 -0.1567 -0.1384
vn -0.9775 -0.1307 -0.1654
vn -0.9773 -0.0999 -0.1868
vn -0.9650 -0.0728 -0.2521
vn -0.9772 -0.0655 -0.2018
vn -0.9491 -0.0411 -0.3122
vn -0.9773 -0.0288 -0.2098
vn -0.9645 0.0041 -0.2640
vn -0.9776 0.0087 -0.2104
vn -0.9780 0.0456 -0.2038
vn -0.9785 0.0805 -0.1900
vn -0.9791 0.1121 -0.1698
vn -0.9798 0.1391 -0.1437
vn -0.9806 0.1605 -0.1129
vn -0.9814 0.1754 -0.0785
vn -0.9821 0.1834 -0.0419
vn -0.9829 0.1841 -0.0044
vn -0.9836 0.1774 0.0326
vn -0.9842 0.1637 0.0675
vn -0.9847 0.1434 0.0990
vn -0.9851 0.1173 0.1260
vn -0.9853 0.0865 0.1474
vn -0.9752 0.0596 0.2131
vn -0.9854 0.0521 0.1624
vn -0.9853 0.0154 0.1703
vn -0.9850 -0.0221 0.1710
vn -0.9846 -0.0590 0.1643
vn -0.9841 -0.0939 0.1506
vn -0.9835 -0.1255 0.1303
vn -0.9828 -0.1524 0.1043
vn -0.9820 -0.1738 0.0735
vn -0.9812 -0.1888 0.0391
vn -0.9804 -0.1968 0.0024
vn -0.9752 0.0596 0.2132
vn -0.9218 0.0834 0.3786
vn -0.9043 -0.0526 -0.4236
vn -0.9024 -0.0109 -0.4307
vn -0.1498 0.8261 0.5433
vn -0.2417 -0.1153 -0.9635
vn -0.2417 -0.1152 -0.9635
vn -0.2397 -0.2237 -0.9447
vn -0.2408 -0.0055 -0.9706
vn -0.2818 0.1118 0.9530
vn -0.2818 0.1116 0.9530
vn -0.2804 0.2201 0.9343
vn -0.2797 0.0019 0.9601
vn -0.1166 -0.8279 -0.5486
vn -0.1530 -0.6506 0.7439
vn -0.9649 -0.0728 -0.2522
vn -0.9046 -0.0959 -0.4153
vn -0.0212 0.3072 0.9514
vn -0.0207 0.1156 0.9931
vn -0.0044 0.9933 -0.1157
vn -0.0003 0.9516 -0.3072
vn 0.0084 -0.9967 -0.0802
vn 0.0044 -0.9933 0.1157
vn 0.0038 0.8734 -0.4870
vn 0.0212 -0.3072 -0.9514
vn 0.0209 -0.4869 -0.8732
vn 0.0197 -0.6480 -0.7614
vn 0.0003 -0.9516 0.3072
vn -0.0209 0.4869 0.8732
vn 0.0078 0.7616 -0.6480
vn 0.0178 -0.7841 -0.6204
vn -0.0038 -0.8734 0.4870
vn -0.0197 0.6480 0.7614
vn 0.0115 0.6206 -0.7840
vn 0.0152 -0.8901 -0.4555
vn -0.0078 -0.7616 0.6480
vn -0.0178 0.7841 0.6204
vn 0.0148 0.4557 -0.8900
vn 0.0120 -0.9619 -0.2731
vn -0.0115 -0.6206 0.7840
vn -0.0152 0.8901 0.4555
vn 0.0175 0.2733 -0.9618
vn -0.0148 -0.4557 0.8900
vn -0.0120 0.9619 0.2731
vn 0.0195 0.0804 -0.9966
vn -0.0175 -0.2733 0.9618
vn -0.0084 0.9967 0.0802
vn 0.0207 -0.1156 -0.9931
vn -0.1654 -0.9727 -0.1626
vn -0.0771 -0.9837 -0.1627
vn -0.0850 -0.9705 0.2257
vn -0.1732 -0.9597 0.2213
vn -0.0683 0.1605 -0.9847
vn 0.0187 0.1617 -0.9867
vn 0.0211 -0.2282 -0.9734
vn -0.0660 -0.2280 -0.9714
vn -0.1961 -0.9556 0.2198
vn -0.2042 -0.7974 0.5679
vn -0.1885 -0.5201 0.8331
vn -0.1813 -0.8008 0.5709
vn -0.0932 -0.8096 0.5795
vn -0.1004 -0.5256 0.8448
vn -0.1936 -0.1604 0.9679
vn -0.1056 -0.1617 0.9812
vn -0.1960 0.2235 0.9548
vn -0.1080 0.2268 0.9679
vn -0.1952 0.5732 0.7958
vn -0.1072 0.5806 0.8071
vn -0.1913 0.8355 0.5152
vn -0.1033 0.8460 0.5231
vn -0.1850 0.9704 0.1555
vn -0.0969 0.9825 0.1592
vn -0.1772 0.9573 -0.2283
vn -0.0890 0.9693 -0.2292
vn -0.1691 0.7984 -0.5779
vn -0.0808 0.8085 -0.5830
vn -0.1619 0.5177 -0.8401
vn -0.0736 0.5244 -0.8483
vn -0.1568 0.1580 -0.9749
vn -0.1544 -0.2259 -0.9618
vn -0.1552 -0.5756 -0.8029
vn -0.0668 -0.5818 -0.8106
vn -0.1591 -0.8379 -0.5222
vn -0.0707 -0.8472 -0.5266
vn -0.0164 0.8498 0.5268
vn -0.0100 0.9868 0.1615
vn -0.9660 -0.2554 0.0389
vn -0.9682 -0.2141 0.1297
vn -0.1884 -0.9686 -0.1623
vn -0.1821 -0.8343 -0.5204
vn -0.1783 -0.5732 -0.7998
vn -0.1774 -0.2251 -0.9580
vn -0.1798 0.1571 -0.9711
vn -0.1849 0.5152 -0.8369
vn -0.1921 0.7947 -0.5759
vn -0.2001 0.9529 -0.2278
vn -0.2079 0.9659 0.1544
vn -0.2142 0.8316 0.5124
vn -0.2180 0.5705 0.7918
vn -0.2188 0.2224 0.9501
vn -0.2165 -0.1598 0.9631
vn -0.2114 -0.5179 0.8289
vn -0.9640 -0.2588 -0.0607
vn -0.9624 -0.2238 -0.1541
vn -0.9614 -0.1557 -0.2269
vn -0.9612 -0.0649 -0.2682
vn -0.9618 0.0347 -0.2716
vn -0.9631 0.1281 -0.2366
vn -0.9650 0.2010 -0.1685
vn -0.9671 0.2422 -0.0778
vn -0.9691 0.2456 0.0219
vn -0.9708 0.2106 0.1152
vn -0.9718 0.1425 0.1881
vn -0.9720 0.0518 0.2294
vn -0.9714 -0.0479 0.2328
vn -0.9700 -0.1413 0.1978
vn -0.0135 -0.5270 0.8497
vn -0.0187 -0.1617 0.9867
vn -0.0020 0.9736 -0.2283
vn -0.0211 0.2282 0.9734
vn 0.0203 -0.5834 -0.8119
vn 0.0062 0.8121 -0.5834
vn 0.0100 -0.9868 -0.1615
vn 0.0020 -0.9736 0.2283
vn -0.0203 0.5834 0.8119
vn 0.0164 -0.8498 -0.5268
vn -0.0062 -0.8121 0.5834
vn 0.0135 0.5270 -0.8497
vn 0.1850 -0.9704 -0.1555
vn 0.1772 -0.9573 0.2283
vn 0.0890 -0.9693 0.2292
vn 0.0969 -0.9825 -0.1592
vn 0.1056 0.1617 -0.9812
vn 0.1080 -0.2268 -0.9679
vn 0.2001 -0.9529 0.2278
vn 0.1921 -0.7947 0.5759
vn 0.1619 -0.5177 0.8401
vn 0.0736 -0.5244 0.8483
vn 0.0808 -0.8085 0.5830
vn 0.1691 -0.7984 0.5779
vn 0.1568 -0.1580 0.9749
vn 0.0683 -0.1605 0.9847
vn 0.1544 0.2259 0.9618
vn 0.0660 0.2280 0.9714
vn 0.1552 0.5756 0.8029
vn 0.0668 0.5818 0.8106
vn 0.1591 0.8379 0.5222
vn 0.0707 0.8472 0.5266
vn 0.1654 0.9727 0.1626
vn 0.0771 0.9837 0.1627
vn 0.1732 0.9597 -0.2213
vn 0.0850 0.9705 -0.2257
vn 0.1813 0.8008 -0.5709
vn 0.0932 0.8096 -0.5795
vn 0.1885 0.5201 -0.8331
vn 0.1004 0.5256 -0.8448
vn 0.1936 0.1604 -0.9679
vn 0.1960 -0.2235 -0.9548
vn 0.1952 -0.5732 -0.7958
vn 0.1072 -0.5806 -0.8071
vn 0.1913 -0.8355 -0.5152
vn 0.1033 -0.8460 -0.5231
vn 0.9671 -0.2422 0.0778
vn 0.9650 -0.2010 0.1685
vn 0.2079 -0.9659 -0.1544
vn 0.2142 -0.8316 -0.5124
vn 0.2180 -0.5705 -0.7918
vn 0.2188 -0.2224 -0.9501
vn 0.2165 0.1598 -0.9631
vn 0.2114 0.5179 -0.8289
vn 0.2042 0.7974 -0.5679
vn 0.1961 0.9556 -0.2198
vn 0.1884 0.9686 0.1623
vn 0.1821 0.8343 0.5204
vn 0.1783 0.5732 0.7998
vn 0.1774 0.2251 0.9580
vn 0.1798 -0.1571 0.9711
vn 0.1849 -0.5152 0.8369
vn 0.9691 -0.2456 -0.0219
vn 0.9708 -0.2106 -0.1152
vn 0.9718 -0.1425 -0.1881
vn 0.9720 -0.0518 -0.2294
vn 0.9714 0.0479 -0.2328
vn 0.9700 0.1413 -0.1978
vn 0.9682 0.2142 -0.1297
vn 0.9660 0.2554 -0.0389
vn 0.9640 0.2588 0.0607
vn 0.9624 0.2238 0.1541
vn 0.9614 0.1557 0.2269
vn 0.9612 0.0649 0.2682
vn 0.9618 -0.0347 0.2716
vn 0.9631 -0.1281 0.2366
vn -0.0094 -0.7352 0.6777
vn -0.0153 -0.7350 0.6779
vn -0.9046 -0.3640 0.2216
vn 0.9013 -0.3446 0.2625
vn -0.0169 -0.6062 0.7951
vn -0.0169 -0.3482 0.9373
vn -0.9998 -0.0065 -0.0212
vn -0.9982 0.0335 -0.0492
vn -0.9978 0.0396 -0.0535
vn -0.1030 0.9294 -0.3545
vn -0.1013 0.9295 -0.3545
vn -0.3825 0.8610 -0.3352
vn -0.3933 0.8567 -0.3338
vn -0.7138 0.6488 -0.2637
vn -0.7310 0.6318 -0.2578
vn -0.9412 0.3023 -0.1510
vn -0.9529 0.2688 -0.1408
vn 0.0177 0.2894 -0.9570
vn 0.9998 0.0032 0.0208
vn 0.9966 -0.0577 0.0586
vn 0.9978 -0.0441 0.0502
vn 0.1025 -0.9247 0.3665
vn 0.3917 -0.8533 0.3441
vn 0.3820 -0.8572 0.3454
vn 0.1010 -0.9249 0.3666
vn 0.7278 -0.6331 0.2637
vn 0.7116 -0.6488 0.2696
vn 0.9479 -0.2837 0.1452
vn 0.9365 -0.3145 0.1550
vn 0.0134 -0.9378 -0.3468
vn 0.0276 -0.9493 -0.3130
vn 0.0257 -0.9479 -0.3177
vn 0.0389 -0.9575 -0.2858
vn 0.0089 0.9776 0.2104
vn -0.0006 0.9766 0.2152
vn -0.0012 0.9765 0.2155
vn -0.0212 0.4826 0.8756
vn 0.0163 -0.4448 -0.8955
vn 0.0198 -0.4412 -0.8972
vn 0.0165 -0.4444 -0.8957
vn 0.0157 -0.4517 -0.8920
vn 0.0155 -0.4510 -0.8924
vn -0.0267 0.4890 0.8719
vn -0.0264 0.4887 0.8721
vn 0.0168 -0.4660 -0.8846
vn 0.0168 -0.4658 -0.8847
vn 0.0169 -0.4764 -0.8791
vn -0.0320 0.4950 0.8683
vn 0.0214 -0.4406 -0.8975
vn -0.0013 -0.9305 0.3664
vn 0.0010 0.9351 -0.3543
vn -0.0110 0.9754 0.2204
vn 0.9998 0.0065 0.0212
vn 0.9985 0.0531 -0.0117
vn 0.9989 0.0469 -0.0073
vn 0.1049 0.9308 -0.3501
vn 0.3951 0.8621 -0.3174
vn 0.3843 0.8662 -0.3192
vn 0.1033 0.9310 -0.3502
vn 0.7324 0.6418 -0.2274
vn 0.7153 0.6585 -0.2340
vn 0.9541 0.2819 -0.1012
vn 0.9424 0.3151 -0.1119
vn -0.9997 -0.0095 -0.0220
vn -0.9983 -0.0573 0.0080
vn -0.9973 -0.0711 0.0167
vn -0.1051 -0.9262 0.3622
vn -0.1036 -0.9263 0.3623
vn -0.3844 -0.8624 0.3294
vn -0.3940 -0.8587 0.3277
vn -0.7134 -0.6584 0.2400
vn -0.7294 -0.6430 0.2335
vn -0.9377 -0.3274 0.1160
vn -0.9491 -0.2967 0.1058
vn 0.0001 -0.9480 -0.3182
vn -0.0021 -0.9495 -0.3136
vn -0.0143 -0.9578 -0.2870
vn -0.0309 0.9772 0.2100
vn -0.0208 0.9763 0.2153
vn -0.0215 0.9764 0.2149
vn 0.0264 -0.4447 -0.8953
vn 0.0261 -0.4443 -0.8955
vn 0.0229 -0.4411 -0.8971
vn 0.0229 -0.4412 -0.8971
vn 0.0269 -0.4517 -0.8918
vn 0.0271 -0.4510 -0.8921
vn -0.0159 0.4888 0.8722
vn -0.0157 0.4891 0.8721
vn 0.0256 -0.4658 -0.8845
vn 0.0256 -0.4656 -0.8846
vn 0.0252 -0.4761 -0.8790
vn -0.0104 0.4953 0.8687
vt 0.385298 0.295499
vt 0.385298 0.275631
vt 0.393416 0.275640
vt 0.393415 0.295401
vt 0.934716 0.126472
vt 0.947943 0.136876
vt 0.940722 0.140192
vt 0.929349 0.132563
vt 0.946163 0.181756
vt 0.946057 0.178147
vt 0.952983 0.178152
vt 0.953061 0.181756
vt 0.945768 0.174514
vt 0.952774 0.174534
vt 0.945375 0.171272
vt 0.952489 0.171310
vt 0.676541 0.147032
vt 0.669110 0.147031
vt 0.669110 0.132844
vt 0.676541 0.132926
vt 0.967081 0.764237
vt 0.962470 0.758408
vt 0.969142 0.754170
vt 0.976627 0.756924
vt 0.973734 0.720944
vt 0.980895 0.720952
vt 0.980862 0.722324
vt 0.973698 0.722273
vt 0.980795 0.723204
vt 0.973635 0.723145
vt 0.980660 0.724420
vt 0.973491 0.724440
vt 0.380482 0.295499
vt 0.380482 0.281393
vt 0.565015 0.895655
vt 0.570780 0.900467
vt 0.570756 0.912493
vt 0.565015 0.912484
vt 0.167818 0.957123
vt 0.173600 0.957705
vt 0.173335 0.965605
vt 0.167559 0.970815
vt 0.179868 0.920419
vt 0.180628 0.926127
vt 0.179324 0.926388
vt 0.176328 0.921132
vt 0.573119 0.951849
vt 0.576121 0.946550
vt 0.577462 0.946836
vt 0.576646 0.952597
vt 0.178592 0.926867
vt 0.173291 0.923146
vt 0.570118 0.949818
vt 0.575393 0.946051
vt 0.177893 0.927967
vt 0.171570 0.925921
vt 0.568446 0.947047
vt 0.574767 0.944999
vt 0.188048 0.920500
vt 0.187991 0.926200
vt 0.584834 0.946848
vt 0.584826 0.952610
vt 0.973736 0.713580
vt 0.980896 0.713580
vt 0.953062 0.189936
vt 0.946165 0.189936
vt 0.398739 0.281312
vt 0.398739 0.295499
vt 0.946815 0.357661
vt 0.940603 0.357657
vt 0.940556 0.327123
vt 0.946768 0.327127
vt 0.060615 0.354856
vt 0.057099 0.361342
vt 0.033289 0.376704
vt 0.048277 0.348760
vt 0.920060 0.357644
vt 0.920012 0.327110
vt 0.926224 0.327114
vt 0.926272 0.357648
vt 0.006352 0.362325
vt 0.001953 0.337421
vt 0.007156 0.328447
vt 0.020911 0.335228
vt 0.926246 0.385982
vt 0.920034 0.385978
vt 0.926200 0.291548
vt 0.919989 0.291571
vt 0.919928 0.275073
vt 0.926139 0.275058
vt 0.926234 0.393270
vt 0.926100 0.407030
vt 0.919886 0.406999
vt 0.920023 0.393239
vt 0.940577 0.385991
vt 0.946789 0.385995
vt 0.940507 0.301838
vt 0.946719 0.301842
vt 0.393416 0.315385
vt 0.385298 0.315366
vt 0.934714 0.253400
vt 0.929349 0.247308
vt 0.940720 0.239676
vt 0.947958 0.242986
vt 0.946167 0.198116
vt 0.953064 0.198116
vt 0.952988 0.201720
vt 0.946062 0.201725
vt 0.952780 0.205338
vt 0.945774 0.205358
vt 0.952495 0.208561
vt 0.945382 0.208599
vt 0.676541 0.161138
vt 0.669110 0.161232
vt 0.967080 0.662923
vt 0.976638 0.670242
vt 0.969140 0.672993
vt 0.962470 0.668752
vt 0.973737 0.706217
vt 0.973702 0.704887
vt 0.980865 0.704836
vt 0.980898 0.706208
vt 0.973640 0.704015
vt 0.980799 0.703956
vt 0.973496 0.702721
vt 0.980664 0.702740
vt 0.380482 0.309605
vt 0.604793 0.895711
vt 0.604768 0.912558
vt 0.599026 0.912546
vt 0.599016 0.900507
vt 0.207552 0.957513
vt 0.207552 0.971208
vt 0.201867 0.965885
vt 0.201760 0.957981
vt 0.196227 0.920581
vt 0.199752 0.921364
vt 0.196653 0.926560
vt 0.195354 0.926273
vt 0.596535 0.951887
vt 0.593005 0.952623
vt 0.592207 0.946860
vt 0.593549 0.946579
vt 0.202749 0.923437
vt 0.197374 0.927053
vt 0.599542 0.949865
vt 0.594278 0.946081
vt 0.204414 0.926246
vt 0.198051 0.928166
vt 0.601222 0.947100
vt 0.594908 0.945032
vt 0.398739 0.309700
vt 0.427798 0.859195
vt 0.440135 0.853098
vt 0.455073 0.880936
vt 0.431263 0.865576
vt 0.014455 0.313652
vt 0.026213 0.306802
vt 0.033235 0.310266
vt 0.482008 0.866554
vt 0.467496 0.839571
vt 0.481248 0.832783
vt 0.486400 0.841651
vt 0.339405 0.075690
vt 0.333166 0.075598
vt 0.333605 0.047767
vt 0.339836 0.047852
vt 0.919964 0.301825
vt 0.926176 0.301829
vt 0.940566 0.393341
vt 0.946777 0.393372
vt 0.946723 0.407133
vt 0.940482 0.407102
vt 0.214876 0.389140
vt 0.214876 0.371245
vt 0.218746 0.372860
vt 0.218260 0.385979
vt 0.940532 0.291495
vt 0.946743 0.291472
vt 0.360389 0.048163
vt 0.354171 0.048060
vt 0.356004 0.017571
vt 0.361699 0.017732
vt 0.455163 0.814612
vt 0.462194 0.811140
vt 0.473943 0.817990
vt 0.355705 0.009745
vt 0.361657 0.009907
vt 0.940471 0.275006
vt 0.946682 0.274974
vt 0.359995 0.075997
vt 0.353781 0.075903
vt 0.427798 0.828138
vt 0.060615 0.323797
vt 0.333166 0.017279
vt 0.339073 0.017290
vt 0.354672 0.011765
vt 0.232151 0.389692
vt 0.228945 0.386498
vt 0.340549 0.011569
vt 0.339593 0.009515
vt 0.234347 0.372686
vt 0.230286 0.373834
vt 0.977470 0.866190
vt 0.948275 0.866190
vt 0.952143 0.853540
vt 0.977470 0.853540
vt 0.980619 0.409692
vt 0.980619 0.418367
vt 0.967202 0.418367
vt 0.967202 0.409692
vt 0.967483 0.366543
vt 0.980900 0.366543
vt 0.980900 0.466147
vt 0.967483 0.466147
vt 0.977470 0.909340
vt 0.968795 0.909340
vt 0.900959 0.697964
vt 0.930154 0.697964
vt 0.909634 0.741114
vt 0.900959 0.741114
vt 0.980963 0.504702
vt 0.967546 0.504702
vt 0.967545 0.479375
vt 0.980963 0.479375
vt 0.900959 0.685314
vt 0.926286 0.685314
vt 0.967546 0.353894
vt 0.980963 0.353894
vt 0.968007 0.806679
vt 0.938812 0.806679
vt 0.942680 0.794030
vt 0.968007 0.794030
vt 0.980619 0.564211
vt 0.980619 0.572887
vt 0.967202 0.572887
vt 0.967202 0.564211
vt 0.967483 0.521062
vt 0.980900 0.521062
vt 0.980900 0.620666
vt 0.967483 0.620666
vt 0.968007 0.849829
vt 0.959332 0.849829
vt 0.948275 0.925700
vt 0.977470 0.925700
vt 0.956950 0.968851
vt 0.948275 0.968851
vt 0.980963 0.659221
vt 0.967546 0.659221
vt 0.967545 0.633894
vt 0.980963 0.633894
vt 0.948275 0.913051
vt 0.973602 0.913051
vt 0.967546 0.508413
vt 0.980963 0.508413
vt 0.672884 0.025815
vt 0.623138 0.028311
vt 0.621794 0.005532
vt 0.653359 0.003988
vt 0.679885 0.065620
vt 0.680508 0.052529
vt 0.685604 0.053581
vt 0.684978 0.065650
vt 0.713817 0.021934
vt 0.685246 0.024331
vt 0.678915 0.001953
vt 0.667905 0.065565
vt 0.668072 0.051221
vt 0.674360 0.051699
vt 0.673927 0.065591
vt 0.747867 0.075762
vt 0.715382 0.076247
vt 0.715473 0.065737
vt 0.747989 0.065621
vt 0.668193 0.079879
vt 0.662750 0.079936
vt 0.662694 0.065540
vt 0.694884 0.055734
vt 0.694596 0.065747
vt 0.662621 0.051118
vt 0.624531 0.065665
vt 0.624362 0.051668
vt 0.672873 0.105400
vt 0.653289 0.127035
vt 0.648629 0.126763
vt 0.666553 0.104647
vt 0.685661 0.077856
vt 0.680588 0.078824
vt 0.674456 0.079503
vt 0.747827 0.055479
vt 0.715296 0.055183
vt 0.685134 0.106964
vt 0.678576 0.129135
vt 0.624213 0.079612
vt 0.693362 0.050660
vt 0.715082 0.049372
vt 0.677848 0.085269
vt 0.683425 0.083867
vt 0.694675 0.075827
vt 0.674161 0.085485
vt 0.662536 0.045193
vt 0.624127 0.046286
vt 0.683532 0.047397
vt 0.747118 0.021517
vt 0.747742 0.049534
vt 0.693419 0.081145
vt 0.715180 0.082072
vt 0.713796 0.109742
vt 0.747297 0.110168
vt 0.747780 0.081468
vt 0.621794 0.125571
vt 0.623153 0.102867
vt 0.679721 0.046432
vt 0.675039 0.045755
vt 0.668342 0.045233
vt 0.668416 0.085862
vt 0.662636 0.085807
vt 0.624052 0.085000
vt 0.240946 0.777925
vt 0.224711 0.765123
vt 0.224339 0.742881
vt 0.240413 0.742819
vt 0.265532 0.782250
vt 0.265806 0.786054
vt 0.258238 0.786927
vt 0.257251 0.783165
vt 0.239836 0.806918
vt 0.224339 0.783178
vt 0.240351 0.786692
vt 0.264903 0.773257
vt 0.265218 0.777792
vt 0.256383 0.778585
vt 0.255758 0.773882
vt 0.274620 0.828670
vt 0.268456 0.829133
vt 0.267125 0.806268
vt 0.273587 0.805785
vt 0.264627 0.769304
vt 0.273791 0.768713
vt 0.274033 0.772812
vt 0.266289 0.792227
vt 0.260191 0.792718
vt 0.255429 0.769780
vt 0.254152 0.742694
vt 0.263042 0.742272
vt 0.289353 0.774876
vt 0.288491 0.770473
vt 0.303302 0.756860
vt 0.303696 0.760115
vt 0.273932 0.782128
vt 0.273509 0.785956
vt 0.274084 0.777504
vt 0.262293 0.829408
vt 0.260619 0.806540
vt 0.306365 0.777766
vt 0.291107 0.783419
vt 0.271884 0.741491
vt 0.258123 0.791717
vt 0.258327 0.806575
vt 0.275721 0.783656
vt 0.276308 0.779548
vt 0.272455 0.791820
vt 0.276306 0.776864
vt 0.253224 0.769849
vt 0.252153 0.742709
vt 0.255636 0.785024
vt 0.241122 0.830373
vt 0.259981 0.829501
vt 0.294455 0.803498
vt 0.275880 0.805540
vt 0.274510 0.790657
vt 0.296063 0.827088
vt 0.276768 0.828485
vt 0.285462 0.740001
vt 0.301354 0.738050
vt 0.254849 0.782262
vt 0.254195 0.778881
vt 0.253545 0.774050
vt 0.276252 0.772694
vt 0.275963 0.768505
vt 0.273875 0.741279
vt 0.273474 0.696692
vt 0.266598 0.718456
vt 0.263003 0.717320
vt 0.269879 0.695556
vt 0.290767 0.641955
vt 0.283049 0.666383
vt 0.279455 0.665247
vt 0.287173 0.640819
vt 0.302815 0.603822
vt 0.299221 0.602686
vt 0.312695 0.572551
vt 0.309100 0.571416
vt 0.224339 0.711938
vt 0.224339 0.689114
vt 0.228108 0.689114
vt 0.228108 0.711938
vt 0.224339 0.657328
vt 0.224339 0.631710
vt 0.228108 0.631710
vt 0.228108 0.657328
vt 0.224339 0.591719
vt 0.228108 0.591719
vt 0.224339 0.558925
vt 0.228108 0.558925
vt 0.224339 0.662071
vt 0.228108 0.662071
vt 0.994814 0.030497
vt 0.990829 0.034785
vt 0.989060 0.031456
vt 0.991302 0.029127
vt 0.261156 0.735680
vt 0.256415 0.738604
vt 0.255657 0.734912
vt 0.258179 0.733368
vt 0.991114 0.006281
vt 0.994814 0.010525
vt 0.991294 0.011875
vt 0.989318 0.009595
vt 0.227978 0.734218
vt 0.224339 0.730001
vt 0.227874 0.728694
vt 0.229814 0.730926
vt 0.242201 0.736380
vt 0.242776 0.732655
vt 0.963045 0.039070
vt 0.962470 0.035344
vt 0.994864 0.020511
vt 0.991094 0.020511
vt 0.963044 0.001953
vt 0.962470 0.005678
vt 0.345905 0.779027
vt 0.325624 0.780515
vt 0.323202 0.747966
vt 0.343363 0.746422
vt 0.338875 0.666082
vt 0.354863 0.641265
vt 0.356442 0.641342
vt 0.346172 0.666356
vt 0.354567 0.629208
vt 0.352510 0.629371
vt 0.352029 0.625563
vt 0.354146 0.625385
vt 0.336793 0.665591
vt 0.316254 0.668865
vt 0.314391 0.658213
vt 0.333728 0.645545
vt 0.358021 0.641416
vt 0.353748 0.666546
vt 0.353445 0.639517
vt 0.357106 0.629035
vt 0.356711 0.625178
vt 0.358021 0.745703
vt 0.348415 0.746156
vt 0.332570 0.639266
vt 0.350841 0.778754
vt 0.347969 0.778906
vt 0.345415 0.746304
vt 0.313815 0.654905
vt 0.300856 0.670629
vt 0.300239 0.666712
vt 0.306158 0.729978
vt 0.300045 0.665480
vt 0.937475 0.740386
vt 0.933764 0.763154
vt 0.921009 0.761175
vt 0.924579 0.738439
vt 0.976202 0.237062
vt 0.970395 0.236649
vt 0.964059 0.209826
vt 0.965391 0.208870
vt 0.965150 0.198885
vt 0.965226 0.195086
vt 0.965974 0.195059
vt 0.965728 0.198846
vt 0.924977 0.819187
vt 0.924531 0.833069
vt 0.911077 0.824220
vt 0.912278 0.816682
vt 0.962855 0.236671
vt 0.962470 0.209832
vt 0.936494 0.843486
vt 0.937475 0.836475
vt 0.962616 0.198845
vt 0.962691 0.195036
vt 0.962470 0.317507
vt 0.972083 0.317554
vt 0.935969 0.846110
vt 0.923660 0.837433
vt 0.971303 0.350183
vt 0.973679 0.317451
vt 0.972386 0.350147
vt 0.910702 0.826565
vt 0.901099 0.817870
vt 0.901539 0.815034
vt 0.908077 0.773124
vt 0.900959 0.818747
vt 0.951789 0.788814
vt 0.943544 0.766727
vt 0.947047 0.765988
vt 0.954153 0.786125
vt 0.956111 0.790325
vt 0.953720 0.789489
vt 0.954901 0.786109
vt 0.957292 0.786945
vt 0.929349 0.184860
vt 0.929349 0.152222
vt 0.932930 0.152222
vt 0.932930 0.184860
vt 0.929349 0.142610
vt 0.932930 0.142610
vt 0.945298 0.741821
vt 0.948871 0.742067
vt 0.951262 0.633877
vt 0.952743 0.601270
vt 0.956320 0.601433
vt 0.954839 0.634044
vt 0.946514 0.724142
vt 0.950087 0.724387
vt 0.949810 0.658791
vt 0.953386 0.658976
vt 0.946601 0.722885
vt 0.946878 0.718856
vt 0.950452 0.719071
vt 0.950173 0.723130
vt 0.953667 0.580937
vt 0.955096 0.579444
vt 0.957292 0.582959
vt 0.929349 0.187733
vt 0.933083 0.185934
vt 0.177317 0.634680
vt 0.168558 0.634235
vt 0.169319 0.630339
vt 0.175423 0.630387
vt 0.168019 0.639958
vt 0.180162 0.640419
vt 0.177728 0.643212
vt 0.169062 0.647018
vt 0.167778 0.646980
vt 0.173692 0.738107
vt 0.173239 0.742948
vt 0.169161 0.742628
vt 0.169405 0.737903
vt 0.174176 0.759147
vt 0.168331 0.758701
vt 0.585943 0.893718
vt 0.582791 0.857026
vt 0.601410 0.891565
vt 0.189737 0.759346
vt 0.189631 0.743335
vt 0.577786 0.894854
vt 0.574478 0.868852
vt 0.174050 0.733035
vt 0.169475 0.732953
vt 0.174496 0.717513
vt 0.174458 0.722618
vt 0.169400 0.722758
vt 0.169289 0.717755
vt 0.174305 0.727832
vt 0.169459 0.727863
vt 0.181041 0.690857
vt 0.189350 0.690598
vt 0.189355 0.692889
vt 0.183418 0.692881
vt 0.189447 0.712640
vt 0.189473 0.717468
vt 0.174421 0.712626
vt 0.189502 0.722573
vt 0.189533 0.727846
vt 0.189566 0.733150
vt 0.189599 0.738350
vt 0.169055 0.712920
vt 0.174199 0.680435
vt 0.174021 0.674533
vt 0.176740 0.676147
vt 0.176714 0.678192
vt 0.168256 0.680559
vt 0.168030 0.668807
vt 0.168934 0.668776
vt 0.168254 0.600950
vt 0.174928 0.600775
vt 0.170348 0.766966
vt 0.167699 0.766758
vt 0.189252 0.640476
vt 0.181142 0.638339
vt 0.189259 0.638387
vt 0.174103 0.653459
vt 0.174073 0.654114
vt 0.167770 0.654186
vt 0.189250 0.660834
vt 0.174241 0.660456
vt 0.176738 0.658189
vt 0.189249 0.658434
vt 0.189277 0.668387
vt 0.181006 0.668571
vt 0.174202 0.663495
vt 0.177261 0.654068
vt 0.176841 0.654370
vt 0.180967 0.647187
vt 0.189262 0.647054
vt 0.189247 0.649667
vt 0.183248 0.649646
vt 0.167928 0.660393
vt 0.162828 0.766304
vt 0.163458 0.758048
vt 0.164481 0.718116
vt 0.164245 0.713646
vt 0.164583 0.722904
vt 0.164637 0.727874
vt 0.164661 0.732816
vt 0.164611 0.737523
vt 0.164326 0.742109
vt 0.168642 0.702360
vt 0.163705 0.702913
vt 0.165592 0.628226
vt 0.163444 0.596255
vt 0.163089 0.640400
vt 0.163823 0.633824
vt 0.162856 0.647611
vt 0.162828 0.654743
vt 0.162976 0.660921
vt 0.177831 0.629883
vt 0.179705 0.634705
vt 0.163115 0.669424
vt 0.177491 0.599607
vt 0.189329 0.599556
vt 0.189279 0.629739
vt 0.189268 0.634616
vt 0.605445 0.890481
vt 0.609156 0.888488
vt 0.612487 0.885642
vt 0.615151 0.882168
vt 0.616940 0.878362
vt 0.617759 0.874506
vt 0.618555 0.854354
vt 0.618157 0.864430
vt 0.619700 0.818823
vt 0.619436 0.824666
vt 0.620479 0.812077
vt 0.621660 0.805362
vt 0.619168 0.832752
vt 0.163463 0.692175
vt 0.163322 0.681224
vt 0.168364 0.691357
vt 0.618837 0.843926
vt 0.174358 0.702115
vt 0.174099 0.696844
vt 0.176836 0.698321
vt 0.176830 0.699958
vt 0.174172 0.685906
vt 0.189305 0.680788
vt 0.624420 0.795177
vt 0.574478 0.778632
vt 0.598029 0.777579
vt 0.898853 0.760238
vt 0.895042 0.796186
vt 0.850247 0.781226
vt 0.848911 0.776783
vt 0.875302 0.759185
vt 0.189398 0.702471
vt 0.189280 0.670713
vt 0.183365 0.670675
vt 0.189388 0.700173
vt 0.189244 0.654400
vt 0.189300 0.678433
vt 0.204423 0.701975
vt 0.204617 0.696770
vt 0.209714 0.691175
vt 0.210366 0.691204
vt 0.210146 0.702181
vt 0.169011 0.691318
vt 0.201228 0.634695
vt 0.203138 0.630413
vt 0.209244 0.630388
vt 0.209992 0.634283
vt 0.204372 0.680372
vt 0.204538 0.685762
vt 0.197663 0.690722
vt 0.205503 0.737916
vt 0.209788 0.737659
vt 0.210093 0.742376
vt 0.206019 0.742748
vt 0.205294 0.758952
vt 0.211132 0.758431
vt 0.887389 0.875324
vt 0.871921 0.873170
vt 0.890541 0.838632
vt 0.895546 0.876460
vt 0.898853 0.850458
vt 0.205081 0.732854
vt 0.209655 0.732715
vt 0.204445 0.717356
vt 0.209654 0.717542
vt 0.209603 0.722536
vt 0.204543 0.722454
vt 0.209607 0.727633
vt 0.204761 0.727660
vt 0.210354 0.680396
vt 0.204464 0.712474
vt 0.209833 0.712716
vt 0.201863 0.678125
vt 0.201840 0.676059
vt 0.204501 0.674511
vt 0.209601 0.668704
vt 0.210512 0.668720
vt 0.203727 0.600814
vt 0.210402 0.601010
vt 0.209224 0.766722
vt 0.211870 0.766479
vt 0.197389 0.638339
vt 0.198364 0.640414
vt 0.210733 0.647016
vt 0.210700 0.654164
vt 0.204383 0.654121
vt 0.204337 0.653456
vt 0.209453 0.647055
vt 0.201727 0.658148
vt 0.204219 0.660421
vt 0.204335 0.663417
vt 0.197547 0.668480
vt 0.210512 0.640000
vt 0.201631 0.654301
vt 0.201257 0.654027
vt 0.197521 0.647141
vt 0.195227 0.649645
vt 0.210557 0.660321
vt 0.215996 0.757715
vt 0.216735 0.765962
vt 0.214651 0.713389
vt 0.214466 0.717846
vt 0.214422 0.722623
vt 0.214429 0.727583
vt 0.214467 0.732517
vt 0.214577 0.737217
vt 0.214921 0.741795
vt 0.215089 0.702688
vt 0.212978 0.628288
vt 0.215227 0.596332
vt 0.215441 0.640463
vt 0.214731 0.633891
vt 0.215649 0.647656
vt 0.215641 0.654726
vt 0.215510 0.660836
vt 0.198838 0.634714
vt 0.200730 0.629903
vt 0.215430 0.669297
vt 0.201167 0.599639
vt 0.867887 0.872087
vt 0.864175 0.870094
vt 0.860845 0.867248
vt 0.858181 0.863774
vt 0.856391 0.859968
vt 0.855573 0.856112
vt 0.855174 0.846036
vt 0.854776 0.835959
vt 0.853896 0.806272
vt 0.853631 0.800429
vt 0.852852 0.793682
vt 0.851672 0.786968
vt 0.854163 0.814358
vt 0.215268 0.691977
vt 0.215296 0.681027
vt 0.854494 0.825532
vt 0.200784 0.643202
vt 0.195281 0.692844
vt 0.195173 0.670661
vt 0.201940 0.698168
vt 0.201948 0.699826
vt 0.688391 0.967137
vt 0.687032 0.961210
vt 0.716390 0.960885
vt 0.717565 0.966544
vt 0.657001 0.236257
vt 0.656442 0.233691
vt 0.659060 0.232565
vt 0.659602 0.235053
vt 0.683305 0.961444
vt 0.684876 0.956497
vt 0.687652 0.956793
vt 0.702836 0.810700
vt 0.689019 0.820217
vt 0.687936 0.818571
vt 0.700332 0.810033
vt 0.685326 0.942582
vt 0.685542 0.930677
vt 0.688250 0.931245
vt 0.688202 0.942557
vt 0.653601 0.225543
vt 0.656562 0.222762
vt 0.716660 0.931163
vt 0.716887 0.942465
vt 0.638789 0.199778
vt 0.633184 0.193219
vt 0.635460 0.191534
vt 0.642683 0.198619
vt 0.700847 0.736144
vt 0.695622 0.737517
vt 0.696820 0.710577
vt 0.702836 0.719534
vt 0.716505 0.956701
vt 0.674853 0.796338
vt 0.689640 0.791526
vt 0.685718 0.954535
vt 0.688283 0.953872
vt 0.661602 0.237833
vt 0.662138 0.234508
vt 0.716888 0.953760
vt 0.631257 0.191433
vt 0.633617 0.189806
vt 0.646195 0.212661
vt 0.649622 0.210691
vt 0.986128 0.527106
vt 0.986231 0.490957
vt 0.989171 0.490976
vt 0.988894 0.527224
vt 0.632297 0.186682
vt 0.635421 0.187941
vt 0.659393 0.770124
vt 0.649536 0.766861
vt 0.672859 0.758295
vt 0.673469 0.763505
vt 0.997999 0.266198
vt 0.981396 0.265429
vt 0.983152 0.263556
vt 0.998047 0.264247
vt 0.650051 0.167399
vt 0.659812 0.156738
vt 0.662138 0.158854
vt 0.652386 0.169506
vt 0.687060 0.923855
vt 0.688256 0.918073
vt 0.717565 0.918222
vt 0.716279 0.924170
vt 0.982454 0.242393
vt 0.997408 0.238699
vt 0.687591 0.928311
vt 0.716293 0.928284
vt 0.986296 0.433818
vt 0.986128 0.407607
vt 0.989287 0.408776
vt 0.989441 0.433828
vt 0.684464 0.928275
vt 0.986352 0.448273
vt 0.989497 0.448271
vt 0.683487 0.922461
vt 0.685639 0.917781
vt 0.685121 0.967513
vt 0.366287 0.198047
vt 0.366492 0.155363
vt 0.369432 0.155366
vt 0.369432 0.198073
vt 0.646713 0.725917
vt 0.647868 0.724456
vt 0.659960 0.742885
vt 0.658979 0.744376
vt 0.663756 0.721734
vt 0.673112 0.716590
vt 0.677588 0.729387
vt 0.670508 0.734504
vt 0.655258 0.727698
vt 0.663068 0.739964
vt 0.673753 0.709731
vt 0.679656 0.728558
vt 0.649367 0.723425
vt 0.661449 0.741875
vt 0.640721 0.751114
vt 0.661182 0.744505
vt 0.675628 0.709205
vt 0.680884 0.727790
vt 0.677657 0.709244
vt 0.682302 0.728575
vt 0.981396 0.210332
vt 0.996656 0.208600
vt 0.578290 0.814580
vt 0.623084 0.799621
vt 0.366664 0.119214
vt 0.369432 0.119117
vt 0.452365 0.892089
vt 0.451456 0.886316
vt 0.458666 0.884871
vt 0.459484 0.891045
vt 0.461494 0.915493
vt 0.461155 0.909391
vt 0.478253 0.908274
vt 0.478621 0.914635
vt 0.854461 0.168078
vt 0.852468 0.171119
vt 0.843019 0.165437
vt 0.845480 0.161683
vt 0.452993 0.969607
vt 0.460185 0.970427
vt 0.459518 0.976548
vt 0.452330 0.975488
vt 0.453525 0.963673
vt 0.460731 0.964321
vt 0.453951 0.957712
vt 0.461170 0.958220
vt 0.454278 0.951736
vt 0.461506 0.952118
vt 0.454511 0.945752
vt 0.461745 0.946015
vt 0.454649 0.939764
vt 0.461886 0.939910
vt 0.454693 0.933774
vt 0.461932 0.933805
vt 0.454644 0.927784
vt 0.461882 0.927700
vt 0.454503 0.921796
vt 0.461736 0.921595
vt 0.454268 0.915813
vt 0.453943 0.909840
vt 0.453524 0.903882
vt 0.460715 0.903289
vt 0.453008 0.897955
vt 0.460164 0.897178
vt 0.479055 0.940123
vt 0.478909 0.946495
vt 0.697932 0.681622
vt 0.694770 0.678459
vt 0.696645 0.675648
vt 0.700739 0.679743
vt 0.008669 0.745714
vt 0.021080 0.733304
vt 0.037294 0.726588
vt 0.054845 0.726588
vt 0.071060 0.733304
vt 0.083470 0.745714
vt 0.090186 0.761929
vt 0.090186 0.779480
vt 0.083470 0.795694
vt 0.071060 0.808104
vt 0.054845 0.814821
vt 0.037294 0.814821
vt 0.021080 0.808104
vt 0.008670 0.795694
vt 0.001953 0.779480
vt 0.001953 0.761929
vt 0.854461 0.222633
vt 0.845480 0.229028
vt 0.843019 0.225273
vt 0.852468 0.219591
vt 0.850716 0.216405
vt 0.840856 0.221340
vt 0.849215 0.213092
vt 0.839004 0.217251
vt 0.847975 0.209674
vt 0.837473 0.213031
vt 0.847002 0.206170
vt 0.836272 0.208705
vt 0.846304 0.202601
vt 0.835410 0.204300
vt 0.845883 0.198989
vt 0.834890 0.199841
vt 0.845742 0.195355
vt 0.834717 0.195355
vt 0.845883 0.191722
vt 0.834890 0.190870
vt 0.846304 0.188110
vt 0.835410 0.186411
vt 0.847002 0.184541
vt 0.836272 0.182005
vt 0.847975 0.181037
vt 0.837473 0.177680
vt 0.849215 0.177618
vt 0.839004 0.173460
vt 0.850716 0.174306
vt 0.840856 0.169371
vt 0.458715 0.982700
vt 0.451456 0.981264
vt 0.699642 0.685755
vt 0.702955 0.685094
vt 0.699641 0.690228
vt 0.702955 0.690885
vt 0.697929 0.694360
vt 0.700739 0.696235
vt 0.694765 0.697522
vt 0.696644 0.700330
vt 0.690632 0.699233
vt 0.691294 0.702546
vt 0.686160 0.699232
vt 0.685503 0.702546
vt 0.682028 0.697519
vt 0.680152 0.700330
vt 0.678865 0.694356
vt 0.676058 0.696235
vt 0.677155 0.690223
vt 0.673842 0.690884
vt 0.677156 0.685750
vt 0.673842 0.685093
vt 0.678868 0.681618
vt 0.676058 0.679743
vt 0.682032 0.678456
vt 0.680153 0.675648
vt 0.686165 0.676745
vt 0.685503 0.673432
vt 0.690638 0.676746
vt 0.691294 0.673432
vt 0.477865 0.965571
vt 0.477324 0.971902
vt 0.479101 0.933749
vt 0.478312 0.959223
vt 0.477778 0.901927
vt 0.479044 0.927375
vt 0.475854 0.883081
vt 0.476542 0.889313
vt 0.478661 0.952863
vt 0.477202 0.895602
vt 0.476705 0.978207
vt 0.476044 0.984475
vt 0.478885 0.921003
vt 0.631804 0.349054
vt 0.626351 0.349074
vt 0.627041 0.343639
vt 0.632296 0.342988
vt 0.636199 0.368225
vt 0.640861 0.369146
vt 0.637049 0.378297
vt 0.633678 0.376754
vt 0.625902 0.354400
vt 0.625808 0.359744
vt 0.620338 0.359216
vt 0.620024 0.354038
vt 0.631763 0.335694
vt 0.626166 0.337909
vt 0.636931 0.361547
vt 0.631153 0.360545
vt 0.631396 0.354802
vt 0.637358 0.355239
vt 0.623018 0.345290
vt 0.621423 0.341260
vt 0.651755 0.371947
vt 0.653560 0.364045
vt 0.662783 0.365304
vt 0.661048 0.374100
vt 0.641938 0.362222
vt 0.642507 0.355599
vt 0.617063 0.353965
vt 0.617678 0.360986
vt 0.620840 0.348932
vt 0.622077 0.363091
vt 0.619894 0.366553
vt 0.637689 0.348947
vt 0.642765 0.348994
vt 0.647405 0.355942
vt 0.654408 0.356339
vt 0.646724 0.362935
vt 0.636594 0.333428
vt 0.637863 0.342273
vt 0.647586 0.348897
vt 0.654464 0.348603
vt 0.630868 0.366613
vt 0.629025 0.373921
vt 0.645489 0.370099
vt 0.625785 0.365231
vt 0.618260 0.346821
vt 0.651831 0.329260
vt 0.653761 0.340592
vt 0.647190 0.341548
vt 0.645657 0.330634
vt 0.623958 0.370571
vt 0.662976 0.339453
vt 0.663764 0.348306
vt 0.663764 0.356812
vt 0.648477 0.382975
vt 0.660032 0.386107
vt 0.640045 0.332283
vt 0.642594 0.342063
vt 0.663468 0.327458
vt 0.642381 0.380888
vt 0.929382 0.059512
vt 0.930461 0.051974
vt 0.941155 0.048147
vt 0.941155 0.085323
vt 0.930461 0.081499
vt 0.929388 0.073959
vt 0.929349 0.066736
vt 0.106049 0.719988
vt 0.106049 0.601491
vt 0.128724 0.601491
vt 0.128724 0.719988
vt 0.646417 0.677374
vt 0.629478 0.557156
vt 0.647973 0.555074
vt 0.680717 0.668956
vt 0.623963 0.680538
vt 0.607024 0.560320
vt 0.134438 0.717955
vt 0.134438 0.601738
vt 0.146244 0.601186
vt 0.157089 0.716896
vt 0.771315 0.878686
vt 0.767740 0.764370
vt 0.779522 0.763440
vt 0.793920 0.876903
vt 0.792746 0.760890
vt 0.810973 0.875669
vt 0.588673 0.681926
vt 0.588673 0.563430
vt 0.754279 0.880142
vt 0.754279 0.763925
vt 0.579047 0.660054
vt 0.566575 0.661007
vt 0.566367 0.653804
vt 0.578804 0.653191
vt 0.566251 0.646628
vt 0.578685 0.646237
vt 0.566192 0.639466
vt 0.578633 0.639223
vt 0.566169 0.632311
vt 0.578617 0.632168
vt 0.566166 0.625157
vt 0.578620 0.625084
vt 0.566173 0.618005
vt 0.578632 0.617980
vt 0.566184 0.610852
vt 0.578647 0.610862
vt 0.566197 0.603699
vt 0.578663 0.603734
vt 0.566209 0.596546
vt 0.578678 0.596598
vt 0.566220 0.589391
vt 0.578692 0.589458
vt 0.566229 0.582237
vt 0.578703 0.582315
vt 0.566237 0.575083
vt 0.578712 0.575169
vt 0.566243 0.567929
vt 0.578719 0.568022
vt 0.566248 0.560775
vt 0.578725 0.560875
vt 0.566251 0.553622
vt 0.578729 0.553728
vt 0.566254 0.546469
vt 0.578732 0.546581
vt 0.566257 0.539316
vt 0.578735 0.539436
vt 0.566259 0.532165
vt 0.578736 0.532292
vt 0.566261 0.525014
vt 0.578738 0.525150
vt 0.566263 0.517864
vt 0.578740 0.518012
vt 0.566267 0.510715
vt 0.578743 0.510879
vt 0.566273 0.503568
vt 0.578748 0.503751
vt 0.566283 0.496422
vt 0.578757 0.496632
vt 0.566300 0.489277
vt 0.578774 0.489523
vt 0.566328 0.482134
vt 0.578802 0.482430
vt 0.566374 0.474992
vt 0.578849 0.475357
vt 0.566448 0.467849
vt 0.578926 0.468313
vt 0.566565 0.460703
vt 0.579052 0.461308
vt 0.566747 0.453549
vt 0.579255 0.454358
vt 0.567019 0.446380
vt 0.579587 0.447488
vt 0.957847 0.573520
vt 0.949176 0.575735
vt 0.947926 0.570680
vt 0.956631 0.568601
vt 0.567414 0.439184
vt 0.580145 0.440736
vt 0.579535 0.666772
vt 0.566914 0.668258
vt 0.956631 0.417977
vt 0.947926 0.415898
vt 0.949176 0.410843
vt 0.957847 0.413058
vt 0.955493 0.422915
vt 0.946756 0.420972
vt 0.954431 0.427869
vt 0.945666 0.426063
vt 0.953448 0.432840
vt 0.944655 0.431171
vt 0.952542 0.437825
vt 0.943724 0.436294
vt 0.951714 0.442824
vt 0.942873 0.441431
vt 0.950964 0.447835
vt 0.942103 0.446581
vt 0.950293 0.452858
vt 0.941413 0.451742
vt 0.949700 0.457890
vt 0.940804 0.456913
vt 0.949186 0.462931
vt 0.940276 0.462093
vt 0.948751 0.467979
vt 0.939829 0.467281
vt 0.948395 0.473034
vt 0.939463 0.472475
vt 0.948118 0.478093
vt 0.939178 0.477674
vt 0.947920 0.483157
vt 0.938975 0.482877
vt 0.947801 0.488222
vt 0.938853 0.488082
vt 0.947762 0.493289
vt 0.938812 0.493289
vt 0.947801 0.498356
vt 0.938853 0.498496
vt 0.947920 0.503422
vt 0.938975 0.503701
vt 0.948118 0.508485
vt 0.939178 0.508904
vt 0.948395 0.513544
vt 0.939463 0.514103
vt 0.948751 0.518599
vt 0.939829 0.519298
vt 0.949186 0.523647
vt 0.940276 0.524485
vt 0.949700 0.528688
vt 0.940804 0.529665
vt 0.950293 0.533720
vt 0.941413 0.534836
vt 0.950964 0.538743
vt 0.942103 0.539998
vt 0.951714 0.543754
vt 0.942873 0.545147
vt 0.952542 0.548753
vt 0.943724 0.550284
vt 0.953448 0.553738
vt 0.944655 0.555407
vt 0.954431 0.558709
vt 0.945666 0.560515
vt 0.955493 0.563664
vt 0.946756 0.565606
vt 0.124121 0.871062
vt 0.131483 0.868873
vt 0.132763 0.875434
vt 0.125118 0.876173
vt 0.120543 0.863535
vt 0.126890 0.859209
vt 0.130106 0.865069
vt 0.123048 0.868100
vt 0.117210 0.859535
vt 0.122611 0.854073
vt 0.113173 0.856246
vt 0.117428 0.849851
vt 0.108580 0.853793
vt 0.111532 0.846701
vt 0.103603 0.852264
vt 0.105142 0.844738
vt 0.098425 0.851716
vt 0.098494 0.844035
vt 0.093238 0.852170
vt 0.091834 0.844618
vt 0.088234 0.853610
vt 0.085410 0.846466
vt 0.083598 0.855981
vt 0.079458 0.849510
vt 0.079502 0.859196
vt 0.074200 0.853638
vt 0.076098 0.863136
vt 0.069829 0.858696
vt 0.073511 0.867655
vt 0.066508 0.864498
vt 0.071838 0.872586
vt 0.064360 0.870828
vt 0.071140 0.877746
vt 0.063464 0.877453
vt 0.071443 0.882944
vt 0.063853 0.884127
vt 0.072736 0.887987
vt 0.065513 0.890602
vt 0.074971 0.892690
vt 0.068383 0.896640
vt 0.078066 0.896878
vt 0.072356 0.902016
vt 0.081905 0.900396
vt 0.077284 0.906532
vt 0.086346 0.903113
vt 0.082987 0.910021
vt 0.091226 0.904929
vt 0.089252 0.912352
vt 0.096364 0.905777
vt 0.095848 0.913441
vt 0.101569 0.905625
vt 0.102530 0.913246
vt 0.106648 0.904480
vt 0.109051 0.911775
vt 0.111414 0.902382
vt 0.115170 0.909083
vt 0.115690 0.899411
vt 0.120659 0.905268
vt 0.119318 0.895676
vt 0.125317 0.900473
vt 0.122163 0.891315
vt 0.128970 0.894875
vt 0.124121 0.886490
vt 0.131483 0.888680
vt 0.125118 0.881380
vt 0.132763 0.882119
vt 0.504008 0.659962
vt 0.504272 0.653119
vt 0.516708 0.653757
vt 0.516475 0.660933
vt 0.504407 0.646186
vt 0.516843 0.646598
vt 0.504470 0.639191
vt 0.516912 0.639448
vt 0.504491 0.632153
vt 0.516940 0.632301
vt 0.504489 0.625081
vt 0.516943 0.625154
vt 0.504474 0.617986
vt 0.516933 0.618005
vt 0.504453 0.610874
vt 0.516916 0.610855
vt 0.504430 0.603748
vt 0.516897 0.603703
vt 0.504409 0.596613
vt 0.516878 0.596549
vt 0.504389 0.589470
vt 0.516861 0.589394
vt 0.504373 0.582322
vt 0.516846 0.582237
vt 0.504359 0.575170
vt 0.516834 0.575078
vt 0.504350 0.568015
vt 0.516826 0.567919
vt 0.504344 0.560857
vt 0.516820 0.560759
vt 0.504341 0.553699
vt 0.516818 0.553598
vt 0.504342 0.546540
vt 0.516819 0.546437
vt 0.504346 0.539380
vt 0.516824 0.539275
vt 0.504354 0.532221
vt 0.516831 0.532113
vt 0.504365 0.525062
vt 0.516841 0.524951
vt 0.504379 0.517906
vt 0.516855 0.517789
vt 0.504396 0.510752
vt 0.516871 0.510627
vt 0.504415 0.503603
vt 0.516889 0.503465
vt 0.504434 0.496460
vt 0.516907 0.496304
vt 0.504451 0.489325
vt 0.516924 0.489143
vt 0.504463 0.482204
vt 0.516935 0.481982
vt 0.504462 0.475101
vt 0.516936 0.474821
vt 0.504438 0.468023
vt 0.516917 0.467658
vt 0.504375 0.460984
vt 0.516865 0.460489
vt 0.504241 0.454000
vt 0.516758 0.453310
vt 0.503985 0.447099
vt 0.516570 0.446109
vt 0.817058 0.660698
vt 0.816093 0.659658
vt 0.819349 0.656472
vt 0.820476 0.657685
vt 0.503504 0.440325
vt 0.516264 0.438869
vt 0.503504 0.666670
vt 0.516109 0.668145
vt 0.692991 0.554326
vt 0.678823 0.555721
vt 0.678823 0.483102
vt 0.819665 0.665938
vt 0.816958 0.662702
vt 0.831222 0.650127
vt 0.834563 0.654122
vt 0.822200 0.669311
vt 0.837693 0.658286
vt 0.824966 0.670847
vt 0.824174 0.669670
vt 0.838229 0.661657
vt 0.828811 0.668402
vt 0.826727 0.676429
vt 0.824556 0.672811
vt 0.840601 0.662606
vt 0.843281 0.667072
vt 0.828707 0.680155
vt 0.845725 0.671672
vt 0.750047 0.497269
vt 0.741840 0.493260
vt 0.747055 0.494888
vt 0.845558 0.673220
vt 0.828977 0.681312
vt 0.833768 0.692618
vt 0.832392 0.688630
vt 0.850201 0.681965
vt 0.851899 0.686888
vt 0.834934 0.696673
vt 0.853339 0.691894
vt 0.836972 0.699094
vt 0.836651 0.697712
vt 0.840247 0.696778
vt 0.840612 0.698348
vt 0.836627 0.704937
vt 0.835888 0.700783
vt 0.854517 0.696967
vt 0.855429 0.702095
vt 0.837149 0.709124
vt 0.856073 0.707263
vt 0.838785 0.711832
vt 0.838683 0.710417
vt 0.842381 0.710054
vt 0.842497 0.711661
vt 0.837536 0.717551
vt 0.837452 0.713332
vt 0.856448 0.712457
vt 0.856552 0.717664
vt 0.837400 0.721769
vt 0.856386 0.722869
vt 0.838595 0.724699
vt 0.838715 0.723285
vt 0.842425 0.723500
vt 0.842289 0.725106
vt 0.836471 0.730156
vt 0.837044 0.725975
vt 0.855950 0.728057
vt 0.855245 0.733215
vt 0.835679 0.734304
vt 0.854274 0.738327
vt 0.836402 0.737387
vt 0.836742 0.736007
vt 0.840376 0.736793
vt 0.839992 0.738359
vt 0.833446 0.742461
vt 0.834669 0.738411
vt 0.853043 0.743376
vt 0.851552 0.748352
vt 0.832011 0.746448
vt 0.849809 0.753235
vt 0.750047 0.468935
vt 0.747007 0.471552
vt 0.741778 0.473258
vt 0.848305 0.758620
vt 0.845416 0.763298
vt 0.844995 0.761788
vt 0.847128 0.758140
vt 0.826384 0.758796
vt 0.828306 0.755018
vt 0.843067 0.767919
vt 0.824273 0.762463
vt 0.840475 0.772420
vt 0.823943 0.765619
vt 0.824716 0.764425
vt 0.828598 0.766810
vt 0.827698 0.768200
vt 0.819499 0.769436
vt 0.821975 0.766015
vt 0.837652 0.776780
vt 0.834600 0.780995
vt 0.816850 0.772723
vt 0.831333 0.785047
vt 0.816039 0.775783
vt 0.816985 0.774726
vt 0.820455 0.777679
vt 0.819351 0.778912
vt 0.811059 0.778859
vt 0.814034 0.775867
vt 0.827859 0.788925
vt 0.824186 0.792617
vt 0.814087 0.659611
vt 0.811059 0.656673
vt 0.823939 0.642685
vt 0.827677 0.646311
vt 0.231677 0.844739
vt 0.227354 0.847625
vt 0.222482 0.841689
vt 0.228058 0.837966
vt 0.236481 0.842751
vt 0.234250 0.835402
vt 0.241581 0.841736
vt 0.240821 0.834093
vt 0.246783 0.841730
vt 0.247517 0.834083
vt 0.251889 0.842730
vt 0.254086 0.835364
vt 0.256731 0.844633
vt 0.260302 0.837869
vt 0.261004 0.847540
vt 0.265915 0.841632
vt 0.264609 0.851272
vt 0.270606 0.846442
vt 0.267489 0.855614
vt 0.274277 0.852023
vt 0.269473 0.860424
vt 0.276824 0.858208
vt 0.270485 0.865523
vt 0.278127 0.864773
vt 0.270486 0.870719
vt 0.278129 0.871468
vt 0.269479 0.875815
vt 0.276830 0.878035
vt 0.267498 0.880617
vt 0.274276 0.884226
vt 0.264620 0.884938
vt 0.270564 0.889800
vt 0.260953 0.888614
vt 0.265834 0.894544
vt 0.256639 0.891502
vt 0.260267 0.898271
vt 0.251843 0.893491
vt 0.254079 0.900838
vt 0.246750 0.894505
vt 0.247509 0.902147
vt 0.241557 0.894505
vt 0.240810 0.902149
vt 0.236463 0.893492
vt 0.234239 0.900842
vt 0.231665 0.891503
vt 0.228049 0.898278
vt 0.227346 0.888616
vt 0.222477 0.894556
vt 0.223673 0.884941
vt 0.217739 0.889817
vt 0.220787 0.880620
vt 0.214016 0.884244
vt 0.218800 0.875818
vt 0.211451 0.878052
vt 0.217787 0.870721
vt 0.210144 0.871477
vt 0.217787 0.865523
vt 0.210144 0.864774
vt 0.218802 0.860425
vt 0.211452 0.858199
vt 0.220791 0.855623
vt 0.214017 0.852005
vt 0.223679 0.851301
vt 0.217741 0.846430
vt 0.745915 0.455312
vt 0.638478 0.422721
vt 0.651033 0.416010
vt 0.627474 0.534452
vt 0.618442 0.523447
vt 0.745915 0.510892
vt 0.739204 0.523447
vt 0.692991 0.411878
vt 0.706613 0.416010
vt 0.848411 0.754057
vt 0.706614 0.550193
vt 0.739204 0.442757
vt 0.627474 0.431752
vt 0.638478 0.543483
vt 0.678823 0.410482
vt 0.615869 0.492946
vt 0.615842 0.482945
vt 0.719168 0.543483
vt 0.730173 0.431752
vt 0.618442 0.442757
vt 0.651033 0.550193
vt 0.263144 0.851611
vt 0.260230 0.848509
vt 0.664656 0.411878
vt 0.611732 0.510892
vt 0.607599 0.497269
vt 0.730173 0.534451
vt 0.719168 0.422721
vt 0.611732 0.455312
vt 0.664656 0.554326
vt 0.828550 0.753890
vt 0.607599 0.468935
vt 0.830462 0.684462
vt 0.847391 0.677108
vt 0.831756 0.687692
vt 0.848988 0.681095
vt 0.830034 0.750671
vt 0.831331 0.747434
vt 0.609279 0.482981
vt 0.610592 0.471315
vt 0.615806 0.472943
vt 0.610639 0.494652
vt 0.748367 0.483222
vt 0.741761 0.483259
vt 0.256694 0.846183
vt 0.541542 0.596526
vt 0.541539 0.589352
vt 0.541544 0.603705
vt 0.541545 0.532029
vt 0.541540 0.539194
vt 0.541544 0.654239
vt 0.541536 0.661507
vt 0.541552 0.524863
vt 0.541686 0.467363
vt 0.541659 0.474580
vt 0.541716 0.460132
vt 0.541547 0.646980
vt 0.541537 0.582182
vt 0.541560 0.517695
vt 0.541750 0.452889
vt 0.541549 0.639734
vt 0.541535 0.575015
vt 0.541570 0.510523
vt 0.541791 0.445635
vt 0.541550 0.632503
vt 0.541534 0.567849
vt 0.541583 0.503348
vt 0.541844 0.438377
vt 0.541550 0.625287
vt 0.541534 0.560685
vt 0.541598 0.496168
vt 0.541518 0.668773
vt 0.541549 0.618083
vt 0.541535 0.553521
vt 0.541615 0.488981
vt 0.541547 0.610890
vt 0.541537 0.546358
vt 0.541636 0.481786
vt 0.133970 0.909880
vt 0.139037 0.909880
vt 0.144007 0.910869
vt 0.148688 0.912808
vt 0.152901 0.915623
vt 0.156484 0.919206
vt 0.159299 0.923419
vt 0.161238 0.928100
vt 0.162227 0.933070
vt 0.162227 0.938137
vt 0.161238 0.943106
vt 0.159299 0.947788
vt 0.156484 0.952001
vt 0.152901 0.955584
vt 0.148688 0.958399
vt 0.144007 0.960338
vt 0.139037 0.961326
vt 0.133970 0.961327
vt 0.129000 0.960338
vt 0.124319 0.958399
vt 0.120106 0.955584
vt 0.116523 0.952001
vt 0.113708 0.947788
vt 0.111769 0.943106
vt 0.110780 0.938137
vt 0.110780 0.933070
vt 0.111769 0.928100
vt 0.113708 0.923419
vt 0.116523 0.919206
vt 0.120106 0.915623
vt 0.124319 0.912808
vt 0.129000 0.910868
vt 0.783578 0.889328
vt 0.782669 0.883555
vt 0.789879 0.882111
vt 0.790697 0.888284
vt 0.792707 0.912732
vt 0.792367 0.906631
vt 0.809465 0.905514
vt 0.809834 0.911874
vt 0.854461 0.365892
vt 0.852468 0.368934
vt 0.843019 0.363252
vt 0.845480 0.359497
vt 0.784206 0.966846
vt 0.791398 0.967667
vt 0.790731 0.973787
vt 0.783543 0.972727
vt 0.784738 0.960912
vt 0.791944 0.961561
vt 0.785163 0.954951
vt 0.792382 0.955459
vt 0.785491 0.948975
vt 0.792719 0.949357
vt 0.785724 0.942991
vt 0.792957 0.943254
vt 0.785862 0.937003
vt 0.793099 0.937150
vt 0.785906 0.931013
vt 0.793145 0.931044
vt 0.785857 0.925023
vt 0.793094 0.924939
vt 0.785715 0.919035
vt 0.792948 0.918835
vt 0.785481 0.913053
vt 0.785155 0.907079
vt 0.784737 0.901121
vt 0.791927 0.900528
vt 0.784221 0.895194
vt 0.791377 0.894418
vt 0.810268 0.937363
vt 0.810121 0.943735
vt 0.532325 0.079576
vt 0.529163 0.076413
vt 0.531038 0.073602
vt 0.535133 0.077697
vt 0.557536 0.704763
vt 0.569946 0.692353
vt 0.586161 0.685636
vt 0.603712 0.685636
vt 0.619926 0.692353
vt 0.632337 0.704763
vt 0.639053 0.720977
vt 0.639053 0.738528
vt 0.632337 0.754743
vt 0.619927 0.767153
vt 0.603712 0.773869
vt 0.586161 0.773869
vt 0.569947 0.767153
vt 0.557536 0.754743
vt 0.550820 0.738528
vt 0.550820 0.720978
vt 0.854461 0.420447
vt 0.845480 0.426842
vt 0.843019 0.423088
vt 0.852468 0.417406
vt 0.850716 0.414219
vt 0.840856 0.419154
vt 0.849215 0.410907
vt 0.839004 0.415065
vt 0.847975 0.407488
vt 0.837473 0.410845
vt 0.847002 0.403984
vt 0.836272 0.406520
vt 0.846304 0.400416
vt 0.835410 0.402114
vt 0.845883 0.396804
vt 0.834890 0.397655
vt 0.845742 0.393170
vt 0.834717 0.393170
vt 0.845883 0.389536
vt 0.834890 0.388684
vt 0.846304 0.385924
vt 0.835410 0.384225
vt 0.847002 0.382355
vt 0.836272 0.379820
vt 0.847975 0.378851
vt 0.837473 0.375494
vt 0.849215 0.375433
vt 0.839004 0.371274
vt 0.850716 0.372120
vt 0.840856 0.367185
vt 0.789927 0.979939
vt 0.782669 0.978504
vt 0.534036 0.083709
vt 0.537349 0.083048
vt 0.534035 0.088182
vt 0.537349 0.088839
vt 0.532322 0.092314
vt 0.535133 0.094189
vt 0.529159 0.095476
vt 0.531038 0.098284
vt 0.525026 0.097187
vt 0.525687 0.100500
vt 0.520553 0.097186
vt 0.519896 0.100500
vt 0.516421 0.095473
vt 0.514546 0.098284
vt 0.513259 0.092310
vt 0.510451 0.094189
vt 0.511549 0.088177
vt 0.508235 0.088838
vt 0.511549 0.083704
vt 0.508235 0.083047
vt 0.513262 0.079572
vt 0.510452 0.077697
vt 0.516425 0.076410
vt 0.514547 0.073602
vt 0.520558 0.074699
vt 0.519897 0.071386
vt 0.525031 0.074700
vt 0.525688 0.071386
vt 0.809078 0.962811
vt 0.808537 0.969142
vt 0.810313 0.930989
vt 0.809525 0.956462
vt 0.808991 0.899167
vt 0.810257 0.924614
vt 0.807067 0.880320
vt 0.807755 0.886552
vt 0.809873 0.950102
vt 0.808415 0.892841
vt 0.807918 0.975446
vt 0.807257 0.981715
vt 0.810097 0.918242
vt 0.941054 0.263651
vt 0.946640 0.263631
vt 0.919886 0.263730
vt 0.925466 0.263709
vt 0.353315 0.005844
vt 0.354442 0.003870
vt 0.341011 0.003697
vt 0.342062 0.005706
vt 0.342067 0.005706
vt 0.353305 0.005844
vt 0.333545 0.009494
vt 0.853097 0.142066
vt 0.841227 0.157997
vt 0.834717 0.153147
vt 0.846587 0.137216
vt 0.838707 0.001953
vt 0.853801 0.009395
vt 0.847422 0.014133
vt 0.834717 0.009023
vt 0.861345 0.053672
vt 0.860494 0.050163
vt 0.867272 0.048735
vt 0.868093 0.052245
vt 0.859460 0.046668
vt 0.866318 0.045239
vt 0.858404 0.043578
vt 0.865373 0.042144
vt 0.944107 0.111979
vt 0.938414 0.107203
vt 0.947479 0.096395
vt 0.953172 0.101171
vt 0.953156 0.090897
vt 0.961043 0.092080
vt 0.950934 0.057428
vt 0.957948 0.055989
vt 0.958194 0.057338
vt 0.951168 0.058737
vt 0.958306 0.058214
vt 0.951283 0.059604
vt 0.958420 0.059432
vt 0.951403 0.060901
vt 0.021821 0.927446
vt 0.021824 0.932261
vt 0.007718 0.932270
vt 0.001953 0.927458
vt 0.007695 0.944295
vt 0.001953 0.944286
vt 0.063464 0.954241
vt 0.069256 0.954710
vt 0.069227 0.962613
vt 0.063464 0.967936
vt 0.074795 0.917309
vt 0.075666 0.923001
vt 0.074367 0.923288
vt 0.071269 0.918091
vt 0.010057 0.983652
vt 0.013059 0.978353
vt 0.014400 0.978639
vt 0.013584 0.984399
vt 0.073645 0.923781
vt 0.068272 0.920164
vt 0.007056 0.981620
vt 0.012331 0.977853
vt 0.072968 0.924894
vt 0.066605 0.922972
vt 0.005385 0.978849
vt 0.011705 0.976802
vt 0.082974 0.917230
vt 0.083029 0.922930
vt 0.021773 0.978650
vt 0.021764 0.984412
vt 0.949446 0.050216
vt 0.956459 0.048768
vt 0.869787 0.060248
vt 0.863039 0.061675
vt 0.083333 0.962616
vt 0.083331 0.967939
vt 0.858457 0.121284
vt 0.864967 0.126134
vt 0.868003 0.111465
vt 0.875770 0.113206
vt 0.864733 0.069677
vt 0.871481 0.068250
vt 0.872153 0.071792
vt 0.865378 0.073230
vt 0.872697 0.075375
vt 0.865848 0.076844
vt 0.873086 0.078587
vt 0.866134 0.080096
vt 0.935042 0.122786
vt 0.929349 0.118010
vt 0.932683 0.001953
vt 0.943525 0.007187
vt 0.936739 0.011397
vt 0.929349 0.008594
vt 0.947959 0.043005
vt 0.947656 0.041710
vt 0.954661 0.040212
vt 0.954970 0.041548
vt 0.947419 0.040869
vt 0.954418 0.039363
vt 0.947016 0.039630
vt 0.954039 0.038199
vt 0.041688 0.927434
vt 0.035930 0.932253
vt 0.041732 0.927513
vt 0.041706 0.944360
vt 0.035964 0.944348
vt 0.035954 0.932309
vt 0.103198 0.953855
vt 0.103447 0.967548
vt 0.097582 0.962338
vt 0.097416 0.954436
vt 0.091154 0.917151
vt 0.094693 0.917865
vt 0.091696 0.923120
vt 0.090392 0.922859
vt 0.033473 0.983689
vt 0.029944 0.984425
vt 0.029145 0.978662
vt 0.030488 0.978381
vt 0.097730 0.919880
vt 0.092427 0.923599
vt 0.036480 0.981667
vt 0.031217 0.977884
vt 0.099450 0.922655
vt 0.093126 0.924699
vt 0.038160 0.978902
vt 0.031846 0.976834
vt 0.103199 0.967943
vt 0.097438 0.962618
s 1
usemtl MI_Enemies_Large
f 29/1/1 1/2/1 2/3/1 30/4/1
f 1/5/2 3/6/3 4/7/4 2/8/2
f 5/9/5 7/10/6 12/11/7 10/12/8
f 7/10/6 8/13/9 11/14/10 12/11/7
f 8/13/9 6/15/11 9/16/12 11/14/10
f 3/6/3 9/16/12 6/15/11 4/7/4
f 31/17/13 32/18/13 14/19/13 13/20/13
f 13/21/14 14/22/14 16/23/15 15/24/16
f 17/25/17 22/26/18 24/27/19 19/28/20
f 19/28/20 24/27/19 23/29/21 20/30/22
f 20/30/22 23/29/21 21/31/23 18/32/24
f 15/24/16 16/23/15 18/32/24 21/31/23
f 29/1/25 31/33/25 13/34/26 1/2/27
f 1/35/27 13/36/26 15/37/28 3/38/28
f 4/39/29 16/40/29 14/41/30 2/42/31
f 5/43/32 17/44/32 19/45/32 7/46/32
f 12/47/33 24/48/34 22/49/35 10/50/36
f 7/46/32 19/45/32 20/51/32 8/52/32
f 11/53/37 23/54/38 24/48/34 12/47/33
f 8/52/32 20/51/32 18/55/39 6/56/40
f 9/57/41 21/58/42 23/54/38 11/53/37
f 3/38/43 15/37/43 21/58/42 9/57/41
f 6/56/40 18/55/39 16/40/44 4/39/44
f 26/59/32 28/60/32 17/44/32 5/43/32
f 10/50/36 22/49/35 27/61/45 25/62/45
f 22/26/18 17/25/17 28/63/46 27/64/46
f 10/12/8 25/65/47 26/66/47 5/9/5
f 2/3/31 14/67/30 32/68/48 30/4/48
f 38/69/49 88/70/49 79/71/49 35/72/49
f 33/73/50 39/74/50 38/75/51 40/76/52
f 70/77/49 67/78/49 80/79/49 87/80/49
f 35/81/53 37/82/54 36/83/55 34/84/56
f 85/85/57 71/86/57 70/77/58 87/80/58
f 38/75/51 35/81/53 34/84/56 40/76/52
f 82/87/59 68/88/60 1308/89/61 1310/90/61
f 78/91/62 90/92/62 72/93/62 65/94/62
f 86/95/63 88/70/58 38/69/58 39/96/63
f 79/71/64 83/97/64 37/98/64 35/72/64
f 29/1/1 30/4/1 42/99/1 41/100/1
f 41/101/65 42/102/65 44/103/66 43/104/67
f 45/105/68 50/106/69 52/107/70 47/108/71
f 47/108/71 52/107/70 51/109/72 48/110/73
f 48/110/73 51/109/72 49/111/74 46/112/75
f 43/104/67 44/103/66 46/112/75 49/111/74
f 31/17/13 53/113/13 54/114/13 32/18/13
f 53/115/76 55/116/77 56/117/78 54/118/76
f 57/119/79 59/120/80 64/121/81 62/122/82
f 59/120/80 60/123/83 63/124/84 64/121/81
f 60/123/83 58/125/85 61/126/86 63/124/84
f 55/116/77 61/126/86 58/125/85 56/117/78
f 29/1/25 41/100/87 53/127/88 31/33/25
f 41/128/87 43/129/89 55/130/89 53/131/88
f 44/132/90 42/133/91 54/134/92 56/135/90
f 45/136/32 47/137/32 59/138/32 57/139/32
f 52/140/93 50/141/94 62/142/95 64/143/96
f 47/137/32 48/144/32 60/145/32 59/138/32
f 51/146/97 52/140/93 64/143/96 63/147/98
f 48/144/32 46/148/99 58/149/100 60/145/32
f 49/150/101 51/146/97 63/147/98 61/151/102
f 43/129/103 49/150/101 61/151/102 55/130/103
f 46/148/99 44/132/104 56/135/104 58/149/100
f 26/59/32 45/136/32 57/139/32 28/60/32
f 50/141/94 25/62/45 27/61/45 62/142/95
f 62/122/82 27/64/46 28/63/46 57/119/79
f 50/106/69 45/105/68 26/66/47 25/65/47
f 42/99/91 30/4/48 32/68/48 54/152/92
f 65/94/105 71/86/57 85/85/57 78/91/106
f 65/153/107 72/154/108 70/155/109 71/156/107
f 34/84/56 36/83/55 1305/157/110 1306/158/110 73/159/111
f 67/160/112 66/161/113 68/162/114 69/163/115
f 89/164/116 40/165/117 74/166/117 94/167/116
f 70/155/109 72/154/108 66/161/113 67/160/112
f 69/168/118 68/88/60 82/87/59 84/169/119
f 77/170/62 33/171/62 40/172/62 89/173/62
s 0
f 82/174/120 1310/175/120 1314/176/120 96/177/120
s 1
f 80/79/64 67/78/64 69/168/64 84/169/64
f 37/98/121 83/97/122 81/178/123 36/179/124
f 76/180/62 93/181/62 92/182/125 75/183/62
f 68/162/114 66/161/113 75/184/126 1307/185/127 1308/186/127
f 92/182/125 1309/187/62 1307/188/62 75/183/62
f 36/179/124 81/178/123 1311/189/61 1305/190/61
f 72/191/116 90/192/116 93/181/116 76/180/116
f 66/161/113 72/154/108 76/193/128 75/184/126
f 40/76/52 34/84/56 73/159/111 74/194/129
f 74/166/62 73/195/62 91/196/130 94/167/62
f 86/95/63 77/170/131 78/91/106 85/85/57
f 85/85/57 87/80/58 88/70/58 86/95/63
f 81/178/123 83/97/122 84/169/119 82/87/59
f 80/79/64 84/169/64 83/97/64 79/71/64
f 79/71/49 88/70/49 87/80/49 80/79/49
f 90/92/62 78/91/62 77/170/62 89/173/62
f 94/167/62 91/196/130 92/182/125 93/181/62
f 89/164/116 94/167/116 93/181/116 90/192/116
f 33/171/132 77/170/131 86/95/63 39/96/63
s 0
f 92/182/133 1313/197/133 1309/187/133
f 81/198/134 82/174/134 96/177/134 95/199/134
f 1316/200/135 91/196/135 1312/201/135
s 1
f 1313/197/136 92/182/125 91/196/130 1316/200/137
s 0
f 1311/202/138 81/198/138 95/199/138 1315/203/138
f 1315/203/139 95/199/139 96/177/139 1314/176/139
s 1
f 99/204/140 98/205/140 107/206/141 108/207/141
s 0
f 101/208/142 102/209/142 103/210/142 104/211/142
s 1
f 99/212/143 100/213/143 101/208/143 104/211/143
s 0
f 97/214/144 98/215/144 103/210/144 102/209/144
s 1
f 98/205/140 99/204/140 104/216/145 103/217/145
f 100/218/146 97/219/146 102/220/147 101/221/147
s 0
f 105/222/148 108/223/148 107/224/148 106/225/148
s 1
f 97/219/146 100/218/146 105/226/149 106/227/149
f 100/213/143 99/212/143 108/228/143 105/229/143
s 0
f 98/215/150 97/214/150 106/225/150 107/224/150
s 1
f 111/230/140 110/231/140 119/232/141 120/233/141
s 0
f 113/234/142 114/235/142 115/236/142 116/237/142
s 1
f 111/238/143 112/239/143 113/234/143 116/237/143
s 0
f 109/240/144 110/241/144 115/236/144 114/235/144
s 1
f 110/231/140 111/230/140 116/242/145 115/243/145
f 112/244/146 109/245/146 114/246/147 113/247/147
s 0
f 117/248/148 120/249/148 119/250/148 118/251/148
s 1
f 109/245/146 112/244/146 117/252/149 118/253/149
f 112/239/143 111/238/143 120/254/143 117/255/143
s 0
f 110/241/150 109/240/150 118/251/150 119/250/150
s 1
f 128/256/151 125/257/151 121/258/151 127/259/151
f 136/260/152 160/261/153 157/262/154 133/263/155
f 126/264/151 147/265/151 123/266/151
f 134/267/156 164/268/157 162/269/158 135/270/159
f 169/271/160 171/272/161 130/273/162 131/274/163
f 134/267/156 183/275/164 177/276/165 132/277/166
f 133/263/155 157/262/154 154/278/167 129/279/168
f 158/280/169 132/277/166 122/281/170 149/282/171
f 143/283/172 142/284/172 145/285/172 144/286/172
f 133/263/155 174/287/173 179/288/174 136/260/152
f 135/270/159 181/289/175 183/275/164 134/267/156
f 150/290/176 131/274/163 130/273/162 152/291/177
f 129/279/178 154/278/178 152/291/177 130/273/162
f 142/284/172 143/283/172 146/292/172 138/293/172
f 132/277/166 177/276/165 166/294/179 122/281/170
f 155/295/151 147/265/151 126/264/151 153/296/151
f 143/283/172 144/286/172 178/297/172 175/298/172
f 174/287/173 133/263/155 129/279/168 173/299/180
f 178/297/172 144/286/172 180/300/172
f 135/270/159 162/269/158 160/261/153 136/260/152
f 159/301/151 148/302/151 125/257/151 128/256/151
f 156/303/151 128/256/151 147/265/151 155/295/151
f 173/299/178 129/279/178 130/273/162 171/272/161
f 124/304/151 151/305/151 153/296/151 126/264/151
f 164/268/157 134/267/156 132/277/166 158/280/169
f 146/292/172 172/306/172 170/307/172 141/308/172
f 172/306/172 146/292/172 143/283/172 175/298/172
f 139/309/172 170/307/172 168/310/172
f 144/286/172 145/285/172 137/311/172 140/312/172
f 141/308/172 170/307/172 139/309/172
f 138/293/172 146/292/172 141/308/172
f 123/266/151 147/265/151 128/256/151 127/259/151
f 150/290/181 152/291/182 153/296/182 151/305/181
f 152/291/182 154/278/183 155/295/184 153/296/182
f 157/262/185 160/261/186 161/313/187 156/303/188
f 160/261/186 162/269/189 163/314/190 161/313/187
f 162/269/189 164/268/191 165/315/192 163/314/190
f 164/268/191 158/280/193 159/301/194 165/315/192
f 158/280/193 149/282/195 148/302/195 159/301/194
f 154/278/183 157/262/185 156/303/188 155/295/184
f 168/310/196 170/307/197 171/272/198 169/271/196
f 170/307/197 172/306/199 173/299/200 171/272/198
f 175/298/201 178/297/202 179/288/203 174/287/204
f 178/297/202 180/300/205 181/289/206 179/288/203
f 180/300/205 182/316/207 183/275/208 181/289/206
f 182/316/207 176/317/209 177/276/210 183/275/208
f 176/317/209 167/318/211 166/294/211 177/276/210
f 172/306/199 175/298/201 174/287/204 173/299/200
f 136/260/152 179/288/174 181/289/175 135/270/159
f 182/316/172 144/286/172 176/317/172
f 176/317/172 144/286/172 140/312/172 167/318/172
f 180/300/172 144/286/172 182/316/172
f 128/256/151 156/303/151 161/313/151
f 165/315/151 159/301/151 128/256/151
f 163/314/151 165/315/151 128/256/151
f 161/313/151 163/314/151 128/256/151
f 191/319/212 190/320/213 184/321/213 188/322/214
f 199/323/215 196/324/216 220/325/217 223/326/218
f 189/327/219 186/328/213 210/329/220
f 197/330/221 198/331/222 225/332/223 227/333/224
f 232/334/225 194/335/226 193/336/227 234/337/228
f 197/330/221 195/338/229 240/339/230 246/340/231
f 196/324/216 192/341/232 217/342/233 220/325/217
f 221/343/234 212/344/235 185/345/236 195/338/229
f 206/346/237 207/347/238 208/348/239 205/349/239
f 196/324/216 199/323/215 242/350/240 237/351/241
f 198/331/222 197/330/221 246/340/231 244/352/242
f 213/353/243 215/354/244 193/336/227 194/335/226
f 192/341/245 193/336/227 215/354/244 217/342/246
f 205/349/239 201/355/239 209/356/247 206/346/237
f 195/338/229 185/345/236 229/357/248 240/339/230
f 218/358/249 216/359/250 189/327/219 210/329/220
f 206/346/237 238/360/251 241/361/252 207/347/238
f 237/351/241 236/362/253 192/341/232 196/324/216
f 241/361/252 243/363/254 207/347/238
f 198/331/222 199/323/215 223/326/218 225/332/223
f 222/364/255 191/319/212 188/322/214 211/365/256
f 219/366/257 218/358/249 210/329/220 191/319/212
f 236/362/258 234/337/228 193/336/227 192/341/245
f 187/367/259 189/327/219 216/359/250 214/368/259
f 227/333/224 221/343/234 195/338/229 197/330/221
f 209/356/247 204/369/260 233/370/261 235/371/262
f 235/371/262 238/360/251 206/346/237 209/356/247
s 0
f 202/372/263 231/373/263 233/370/264
s 1
f 207/347/238 203/374/265 200/375/239 208/348/239
f 204/369/266 202/372/267 233/370/268
f 201/355/239 204/369/260 209/356/247
f 186/328/213 190/320/213 191/319/212 210/329/220
f 213/353/269 214/368/269 216/359/270 215/354/271
f 215/354/271 216/359/270 218/358/272 217/342/273
f 220/325/274 219/366/275 224/376/276 223/326/277
f 223/326/277 224/376/276 226/377/278 225/332/279
f 225/332/279 226/377/278 228/378/280 227/333/281
f 227/333/281 228/378/280 222/364/282 221/343/283
f 221/343/283 222/364/282 211/365/284 212/344/284
f 217/342/273 218/358/272 219/366/275 220/325/274
f 231/373/285 232/334/285 234/337/286 233/370/287
f 233/370/287 234/337/286 236/362/288 235/371/289
f 238/360/290 237/351/291 242/350/292 241/361/293
f 241/361/293 242/350/292 244/352/294 243/363/295
f 243/363/295 244/352/294 246/340/296 245/379/297
f 245/379/297 246/340/296 240/339/298 239/380/299
f 239/380/299 240/339/298 229/357/300 230/381/300
f 235/371/289 236/362/288 237/351/291 238/360/290
f 199/323/215 198/331/222 244/352/242 242/350/240
f 245/379/301 239/380/302 207/347/238
f 239/380/302 230/381/303 203/374/265 207/347/238
f 243/363/254 245/379/301 207/347/238
f 191/319/212 224/376/304 219/366/257
f 228/378/305 191/319/212 222/364/255
f 226/377/306 191/319/212 228/378/305
f 224/376/304 191/319/212 226/377/306
f 121/382/307 125/383/308 188/384/308 184/385/307
f 123/386/309 127/387/309 190/388/309 186/389/309
s 0
f 126/390/310 123/386/310 186/389/310 189/391/310
f 124/392/311 126/390/311 189/391/311 187/393/311
s 1
f 127/387/309 121/382/309 184/385/309 190/388/309
f 140/394/312 137/395/313 200/396/313 203/397/312
f 142/398/314 138/399/314 201/400/314 205/401/314
s 0
f 138/399/315 141/402/315 204/403/315 201/400/315
f 141/402/316 139/404/316 202/405/316 204/403/316
s 1
f 145/406/314 142/398/314 205/401/314 208/407/314
f 137/395/314 145/406/314 208/407/314 200/396/314
f 150/408/317 151/409/318 214/410/319 213/411/317
f 148/412/320 149/413/321 212/414/322 211/415/320
f 168/416/323 169/417/324 232/418/325 231/419/326
f 166/420/327 167/421/328 230/422/328 229/423/329
f 149/413/321 122/424/330 185/425/330 212/414/322
f 125/383/308 148/412/320 211/415/320 188/384/308
f 151/409/318 124/426/331 187/427/331 214/410/319
f 131/428/332 150/408/317 213/411/317 194/429/332
f 122/424/330 166/420/327 229/423/329 185/425/330
f 167/421/328 140/394/312 203/397/312 230/422/328
f 139/430/333 168/416/323 231/419/326 202/431/333
f 169/417/324 131/428/332 194/429/332 232/418/325
f 271/432/334 262/433/334 265/434/335 278/435/336
f 274/436/337 275/437/337 255/438/337 254/439/337
f 260/440/338 259/441/338 253/442/338 257/443/338
f 273/444/339 263/445/340 266/446/341 258/447/342
f 254/439/337 255/438/337 248/448/337 247/449/337
f 259/441/343 276/450/344 273/444/339 258/447/342
f 250/451/338 260/440/338 257/443/338 249/452/338
f 251/453/345 261/454/345 254/439/345 247/449/345
f 248/448/338 255/438/338 260/440/338 250/451/338
f 253/442/346 259/441/343 258/447/342 252/455/347
f 278/435/336 265/434/335 263/445/340 273/444/339
f 255/438/338 275/437/338 276/450/338 259/441/338 260/440/338
f 256/456/345 272/457/345 277/458/345 261/454/345
f 261/454/345 277/458/345 274/436/345 254/439/345
f 258/447/342 266/446/341 264/459/341 252/455/347
f 263/445/340 267/460/348 270/461/341 266/446/341
f 265/434/335 269/462/349 267/460/348 263/445/340
f 266/446/341 270/461/341 268/463/341 264/459/341
f 278/435/350 273/444/339 274/436/351 277/458/352
f 275/437/353 274/436/351 273/444/339 276/450/344
f 271/432/354 278/435/350 277/458/352 272/457/354
f 303/464/355 306/465/356 297/466/357 294/467/355
f 304/468/358 286/469/359 287/470/360 305/471/361
f 292/472/362 289/473/363 285/474/363 291/475/364
f 304/476/358 290/477/365 298/478/366 295/479/367
f 286/469/359 279/480/368 280/481/368 287/470/360
f 291/482/369 290/477/365 304/476/358 305/483/361
f 282/484/370 281/485/371 289/473/371 292/472/362
f 283/486/372 279/480/372 286/469/373 293/487/374
f 280/481/375 282/484/370 292/472/362 287/470/376
f 285/488/377 284/489/378 290/477/365 291/482/369
f 306/465/356 304/476/358 295/479/367 297/466/357
f 287/470/376 292/472/362 291/475/364 305/471/379
f 288/490/380 293/487/374 306/491/381 303/492/382
f 293/487/374 286/469/373 304/468/383 306/491/381
f 290/477/365 284/489/378 296/493/384 298/478/366
f 295/479/367 298/478/366 302/494/385 299/495/386
f 297/466/357 295/479/367 299/495/386 301/496/387
f 298/478/366 296/493/384 300/497/385 302/494/385
f 253/498/388 252/499/389 284/500/390 285/501/391
f 249/502/392 257/503/393 289/504/394 281/505/392
f 257/503/393 253/498/388 285/501/391 289/504/394
s 0
f 256/506/395 261/507/395 293/508/395 288/509/395
f 261/507/396 251/510/396 283/511/396 293/508/396
s 1
f 252/499/389 264/512/397 296/513/398 284/500/390
s 0
f 265/514/399 262/515/399 294/516/399 297/517/399
s 1
f 264/512/397 268/518/400 300/519/400 296/513/398
s 0
f 269/520/401 265/514/401 297/517/401 301/521/401
s 1
f 270/522/402 267/523/403 299/524/403 302/525/402
f 267/523/403 269/520/404 301/521/404 299/524/403
f 268/518/405 270/522/402 302/525/402 300/519/405
f 271/526/406 272/527/407 303/528/408
f 262/515/409 271/526/406 303/528/408 294/516/409
f 272/529/407 256/506/410 288/509/411 303/530/408
f 326/432/412 333/435/413 320/434/414 317/433/412
f 329/436/337 309/439/337 310/438/337 330/437/337
f 315/440/338 312/443/338 308/442/338 314/441/338
f 328/444/415 313/447/416 321/446/417 318/445/418
f 309/439/337 247/449/337 248/448/337 310/438/337
f 314/441/419 313/447/416 328/444/415 331/450/420
f 250/451/338 249/452/338 312/443/338 315/440/338
f 251/453/345 247/449/345 309/439/345 316/454/345
f 248/448/338 250/451/338 315/440/338 310/438/338
f 308/442/421 307/455/422 313/447/416 314/441/419
f 333/435/413 328/444/415 318/445/418 320/434/414
f 310/438/338 315/440/338 314/441/338 331/450/338 330/437/338
f 311/456/345 316/454/345 332/458/345 327/457/345
f 316/454/345 309/439/345 329/436/345 332/458/345
f 313/447/416 307/455/422 319/459/417 321/446/417
f 318/445/418 321/446/417 325/461/417 322/460/423
f 320/434/414 318/445/418 322/460/423 324/462/424
f 321/446/417 319/459/417 323/463/417 325/461/417
f 333/435/425 332/458/426 329/436/427 328/444/415
f 330/437/428 331/450/420 328/444/415 329/436/427
f 326/432/429 327/457/429 332/458/426 333/435/425
f 353/464/430 344/467/430 347/466/431 356/465/432
f 354/468/433 355/471/434 337/470/435 336/469/436
f 342/472/437 341/475/438 335/474/439 339/473/439
f 354/476/433 345/479/440 348/478/441 340/477/442
f 336/469/436 337/470/435 280/481/368 279/480/368
f 341/482/443 355/483/434 354/476/433 340/477/442
f 282/484/370 342/472/437 339/473/371 281/485/371
f 283/486/372 343/487/444 336/469/445 279/480/372
f 280/481/375 337/470/446 342/472/437 282/484/370
f 335/488/447 341/482/443 340/477/442 334/489/448
f 356/465/432 347/466/431 345/479/440 354/476/433
f 337/470/446 355/471/449 341/475/438 342/472/437
f 338/490/450 353/492/450 356/491/451 343/487/444
f 343/487/444 356/491/451 354/468/452 336/469/445
f 340/477/442 348/478/441 346/493/453 334/489/448
f 345/479/440 349/495/454 352/494/455 348/478/441
f 347/466/431 351/496/456 349/495/454 345/479/440
f 348/478/441 352/494/455 350/497/455 346/493/453
f 308/498/457 335/501/458 334/500/459 307/499/460
f 249/502/392 281/505/392 339/504/461 312/503/462
f 312/503/462 339/504/461 335/501/458 308/498/457
s 0
f 311/506/463 338/509/463 343/508/463 316/507/463
f 316/507/464 343/508/464 283/511/464 251/510/464
s 1
f 307/499/460 334/500/459 346/513/465 319/512/466
s 0
f 320/514/467 347/517/467 344/516/467 317/515/467
s 1
f 319/512/466 346/513/465 350/519/468 323/518/468
s 0
f 324/520/469 351/521/469 347/517/469 320/514/469
s 1
f 325/522/470 352/525/470 349/524/471 322/523/471
f 322/523/471 349/524/471 351/521/472 324/520/472
f 323/518/473 350/519/473 352/525/470 325/522/470
f 326/526/474 353/528/475 327/527/476
f 317/515/477 344/516/478 353/528/475 326/526/474
f 327/529/476 353/530/475 338/509/479 311/506/479
f 382/531/480 413/532/481 386/533/482 366/534/482
f 418/535/483 384/536/484 528/537/485 527/538/486 416/539/487
f 372/540/488 370/541/489 393/542/489 397/543/488
f 369/544/490 391/545/490 393/542/489 370/541/489
f 390/546/491 368/547/491 392/548/491
f 357/549/490 369/544/490 370/541/489 359/550/489
f 388/551/491 365/552/491 368/547/491 390/546/491
f 373/553/492 372/540/488 397/543/488 399/554/492
f 376/555/493 375/556/494 403/557/494 405/558/493
f 375/556/494 374/559/495 401/560/495 403/557/494
f 374/559/495 373/553/492 399/554/492 401/560/495
f 521/561/496 377/562/496 442/563/496 534/564/496
f 358/565/497 360/566/493 376/555/493 371/567/497
f 360/566/493 361/568/494 375/556/494 376/555/493
f 361/568/494 362/569/495 374/559/495 375/556/494
f 362/569/495 363/570/492 373/553/492 374/559/495
f 363/570/492 364/571/488 372/540/488 373/553/492
f 364/571/488 359/550/489 370/541/489 372/540/488
f 371/567/497 376/555/493 405/558/493 395/572/497
s 0
f 430/573/498 530/574/498 537/575/498 448/576/498
s 1
f 430/573/499 432/577/499 439/578/500 531/579/501 530/574/502
s 0
f 386/533/503 408/580/503 378/581/503 366/534/503
s 1
f 367/582/490 389/583/490 391/545/490 369/544/490
f 381/584/504 384/536/505 427/585/505 424/586/504
f 416/539/487 527/538/486 526/587/506 385/588/507 414/589/508
f 379/590/509 383/591/509 447/592/509 445/593/509
f 437/594/510 529/595/511 532/596/512 383/591/513 379/590/510
f 413/532/481 382/531/480 384/536/484 418/535/483
f 385/588/514 526/587/515 535/597/516 446/598/517
f 525/599/518 380/600/519 444/601/519 536/602/520
f 414/589/508 385/588/507 383/591/513 410/603/521
f 391/545/522 389/583/522 388/604/522 390/605/522
f 395/572/523 405/558/524 404/606/525 394/607/526
f 405/558/524 403/557/527 402/608/528 404/606/525
f 403/557/527 401/560/529 400/609/530 402/608/528
f 401/560/529 399/554/531 398/610/532 400/609/530
f 399/554/531 397/543/533 396/611/534 398/610/532
f 397/543/533 393/542/535 392/612/535 396/611/534
f 435/613/536 395/572/523 394/607/526 436/614/537
f 390/605/522 392/612/535 393/542/535 391/545/522
s 0
f 387/615/538 409/616/538 408/580/538 386/533/538
s 1
f 419/617/539 412/618/540 413/532/541 418/535/542
f 417/619/543 419/617/539 418/535/542 416/539/544
f 415/620/545 417/619/543 416/539/544 414/589/546
f 411/621/547 415/620/545 414/589/546 410/603/548
f 412/618/540 387/615/549 386/533/549 413/532/541
f 382/531/550 366/534/551 420/622/551 426/623/552
f 438/624/553 411/621/547 410/603/548 439/578/554
f 420/622/503 423/625/503 422/626/503 421/627/503
f 425/628/555 426/623/556 420/622/482 421/627/482
f 426/623/556 425/628/555 424/586/557 427/585/558
s 0
f 366/534/559 378/581/559 423/625/559 420/622/559
s 1
f 384/536/560 382/531/550 426/623/552 427/585/560
f 392/548/491 368/547/491 396/629/491
f 396/629/491 368/547/491 398/630/491
f 398/630/491 368/547/491 400/631/491
f 400/631/491 368/547/491 402/632/491
f 402/632/491 368/547/491 404/633/491
f 404/633/491 368/547/491 394/634/491
f 394/634/491 368/547/491 406/635/491 436/636/491
f 368/547/491 415/637/491 411/638/491
f 417/639/491 368/547/491 419/640/491
f 438/641/491 368/547/491 411/638/491
f 406/642/561 431/643/562 432/577/563 407/644/564
f 368/547/491 431/645/491 406/635/491
s 0
f 433/646/565 522/647/565 533/648/565 440/649/565
s 1
f 377/562/566 521/561/567 524/650/568 430/573/566 429/651/566
f 387/652/491 428/653/491 409/654/491
f 415/637/491 368/547/491 417/639/491
f 506/655/569 592/656/569 494/657/569 469/658/569 491/659/569
f 407/644/564 435/613/536 436/614/537 406/642/561
f 371/567/497 395/572/497 435/613/570 433/646/570
f 358/565/497 371/567/497 433/646/570 434/660/570
f 431/645/491 368/547/491 438/641/491
f 431/643/562 438/624/553 439/578/554 432/577/563
f 529/595/571 437/594/571 450/661/571 538/662/571
f 441/663/570 440/649/570 533/648/570 534/564/570 442/563/570
f 535/597/572 536/602/572 444/601/573 443/664/574 446/598/575
f 449/665/499 448/576/499 537/575/499 538/662/499 450/661/499
f 446/598/575 443/664/574 445/593/576 447/592/576
f 512/666/570 539/667/577 542/668/578 489/669/579 513/670/570
f 429/651/580 430/573/580 448/576/580 449/665/580
f 384/536/484 381/584/581 380/600/581 525/599/582 528/537/485
f 524/650/568 523/671/578 407/644/579 432/577/566 430/573/566
f 383/591/583 385/588/514 446/598/517 447/592/583
f 434/660/584 433/646/584 440/649/584 441/663/584
f 532/596/512 531/579/501 439/578/500 410/603/521 383/591/513
f 464/672/585 452/673/482 468/674/482 495/675/586
f 377/562/566 429/651/566 507/676/587 541/677/568 540/678/566
f 458/679/488 479/680/488 475/681/489 456/682/489
f 455/683/490 456/682/489 475/681/489 473/684/490
f 472/685/569 474/686/569 454/687/569
f 357/549/490 359/550/489 456/682/489 455/683/490
f 470/688/569 472/685/569 454/687/569 451/689/569
f 459/690/492 481/691/492 479/680/488 458/679/488
f 462/692/493 487/693/493 485/694/494 461/695/494
f 461/695/494 485/694/494 483/696/495 460/697/495
f 460/697/495 483/696/495 481/691/492 459/690/492
f 542/668/578 541/677/568 507/676/587 509/698/588 489/669/579
f 358/565/497 457/699/497 462/692/493 360/566/493
f 360/566/493 462/692/493 461/695/494 361/568/494
f 361/568/494 461/695/494 460/697/495 362/569/495
f 362/569/495 460/697/495 459/690/492 363/570/492
f 363/570/492 459/690/492 458/679/488 364/571/488
f 364/571/488 458/679/488 456/682/489 359/550/489
f 457/699/497 477/700/497 487/693/493 462/692/493
s 0
f 507/676/589 520/701/589 556/702/589 547/703/589
s 1
f 507/676/587 547/703/590 550/704/501 516/705/500 509/698/588
s 0
f 468/674/503 452/673/503 463/706/503 490/707/503
s 1
f 453/708/490 455/683/490 473/684/490 471/709/490
f 381/584/504 424/586/504 505/710/591 466/711/591
f 498/712/592 496/713/593 467/714/594 543/715/595 546/716/596
f 379/590/509 445/593/509 519/717/509 465/718/509
f 437/594/510 379/590/510 465/718/513 549/719/512 548/720/510
f 495/675/586 500/721/597 466/711/598 464/672/585
f 467/714/599 518/722/600 554/723/601 543/715/602
f 544/724/603 553/725/604 444/601/519 380/600/519
f 496/713/593 492/726/521 465/718/513 467/714/594
f 473/684/605 472/727/605 470/728/605 471/709/605
f 477/700/606 476/729/607 486/730/608 487/693/609
f 487/693/609 486/730/608 484/731/610 485/694/611
f 485/694/611 484/731/610 482/732/612 483/696/613
f 483/696/613 482/732/612 480/733/614 481/691/615
f 481/691/615 480/733/614 478/734/616 479/680/617
f 479/680/617 478/734/616 474/735/618 475/681/619
f 513/670/620 514/736/620 476/729/607 477/700/606
f 472/727/605 473/684/605 475/681/619 474/735/618
s 0
f 469/737/621 468/674/621 490/707/621 491/738/621
s 1
f 501/739/622 500/721/623 495/675/624 494/740/625
f 499/741/626 498/712/627 500/721/623 501/739/622
f 497/742/628 496/713/629 498/712/627 499/741/626
f 493/743/630 492/726/631 496/713/629 497/742/628
f 494/740/625 495/675/624 468/674/632 469/737/632
f 464/672/633 504/744/634 502/745/635 452/673/635
f 515/746/636 516/705/637 492/726/631 493/743/630
f 502/745/503 421/627/503 422/626/503 503/747/503
f 425/628/555 421/627/482 502/745/482 504/744/638
f 504/744/638 505/710/639 424/586/557 425/628/555
s 0
f 452/673/640 502/745/640 503/747/640 463/706/640
s 1
f 466/711/641 505/710/641 504/744/634 464/672/633
f 474/686/569 478/748/569 454/687/569
f 478/748/569 480/749/569 454/687/569
f 480/749/569 482/750/569 454/687/569
f 482/750/569 484/751/569 454/687/569
f 484/751/569 486/752/569 454/687/569
f 486/752/569 476/753/569 454/687/569
f 476/753/569 514/754/569 488/755/569 454/687/569
f 454/687/569 493/756/569 497/757/569
f 499/758/569 501/759/569 454/687/569
f 515/760/569 493/756/569 454/687/569
f 488/761/642 489/669/643 509/698/644 508/762/645
f 454/687/569 488/755/569 508/763/569
f 500/721/597 498/712/592 546/716/596 545/764/646 466/711/598
f 540/678/496 551/765/496 442/563/496 377/562/496
f 497/757/569 499/758/569 454/687/569
f 454/687/569 501/759/569 494/657/569
f 489/669/643 488/761/642 514/736/620 513/670/620
f 457/699/497 512/666/570 513/670/570 477/700/497
f 358/565/497 434/660/570 512/666/570 457/699/497
f 508/763/569 515/760/569 454/687/569
f 508/762/645 509/698/644 516/705/637 515/746/636
f 548/720/571 555/766/571 450/661/571 437/594/571
f 441/663/570 442/563/570 551/765/570 552/767/570 517/768/570
f 553/725/573 554/723/573 518/722/575 443/664/574 444/601/573
f 449/665/499 450/661/499 555/766/499 556/702/499 520/701/499
f 518/722/575 519/717/647 445/593/576 443/664/574
f 429/651/580 449/665/580 520/701/580 507/676/580
f 466/711/598 545/764/646 544/724/648 380/600/581 381/584/581
s 0
f 512/666/649 517/768/649 552/767/649 539/667/649
s 1
f 465/718/650 519/717/650 518/722/600 467/714/599
f 434/660/584 441/663/584 517/768/584 512/666/584
f 550/704/501 549/719/512 465/718/513 492/726/521 516/705/500
f 521/561/567 522/647/577 523/671/578 524/650/568
f 525/599/582 526/587/506 527/538/486 528/537/485
f 529/595/511 530/574/502 531/579/501 532/596/512
f 539/667/577 540/678/651 541/677/568 542/668/578
f 543/715/595 544/724/648 545/764/646 546/716/596
f 547/703/590 548/720/652 549/719/512 550/704/501
s 0
f 529/595/653 538/662/653 537/575/653 530/574/653
s 1
f 535/597/516 526/587/515 525/599/518 536/602/520
s 0
f 521/561/654 534/564/654 533/648/654 522/647/654
f 547/703/655 556/702/655 555/766/655 548/720/655
s 1
f 553/725/604 544/724/603 543/715/602 554/723/601
s 0
f 539/667/656 552/767/656 551/765/656 540/678/656
s 1
f 433/646/657 435/613/657 407/644/579 523/671/578 522/647/577
s 0
f 577/769/658 576/770/658 603/771/658 604/772/658
s 1
f 389/773/659 367/774/660 559/775/660 564/776/661
s 0
f 490/777/662 463/778/662 573/779/662 576/770/662
f 409/780/663 428/781/663 569/782/663 566/783/663
s 1
f 422/784/664 423/785/664 568/786/664 567/787/664
s 0
f 367/774/665 369/788/665 561/789/665 559/775/665
s 1
f 567/787/666 568/786/666 600/790/666 602/791/666
s 0
f 455/792/667 453/793/667 571/794/667 572/795/667
s 1
f 511/796/668 587/797/669 570/798/670 510/799/671
s 0
f 576/770/672 573/779/672 601/800/672 603/771/672
s 1
f 566/783/673 569/782/673 594/801/674 597/802/675
f 503/803/664 422/784/664 567/787/664 578/804/664
f 388/805/676 389/773/659 564/776/661 563/806/677
f 578/804/666 567/787/666 602/791/666 599/807/666
f 453/793/678 471/808/679 575/809/680 571/794/678
f 357/810/681 455/792/681 572/795/681 557/811/681
f 369/788/681 357/810/681 557/811/681 561/789/681
f 428/812/682 595/813/683 594/814/683 569/815/682
f 471/808/679 470/816/684 574/817/685 575/809/680
f 560/818/686 558/819/687 582/820/688 580/821/689
s 0
f 506/822/690 491/823/690 577/824/690 579/825/690
f 451/826/691 454/827/691 510/828/691 570/829/691
f 565/830/692 566/831/692 597/832/692 596/833/692
f 463/778/693 503/803/693 578/804/693 573/779/693
s 1
f 579/825/694 577/824/694 604/834/695 593/835/696
f 470/816/684 451/826/697 570/829/697 574/817/685
s 0
f 568/786/698 562/836/698 598/837/698 600/790/698
s 1
f 365/838/699 388/839/676 563/840/677 558/841/699
s 0
f 423/785/700 378/842/700 562/836/700 568/786/700
f 573/779/701 578/804/701 599/807/701 601/800/701
f 368/843/702 365/838/702 558/841/702 560/844/702
f 408/845/703 409/846/703 566/831/703 565/830/703
f 562/836/672 565/830/672 596/833/672 598/837/672
f 491/847/704 490/777/704 576/770/704 577/769/704
s 1
f 454/848/705 592/849/706 593/850/706 510/851/705
s 0
f 378/842/662 408/845/662 565/830/662 562/836/662
s 1
f 563/852/707 564/853/708 586/854/708 585/855/709
f 557/856/710 572/857/711 589/858/712 581/859/710
f 561/860/713 557/856/710 581/859/710 584/861/714
f 572/857/711 571/862/715 588/863/716 589/858/712
f 564/853/717 559/864/718 583/865/719 586/854/717
f 558/819/687 563/866/707 585/867/709 582/820/688
f 571/862/715 575/868/720 591/869/720 588/863/716
f 574/870/721 570/798/670 587/797/669 590/871/722
f 559/864/718 561/860/713 584/861/723 583/865/719
f 575/868/724 574/870/721 590/871/722 591/869/724
s 0
f 581/859/725 589/858/725 588/863/725 591/869/725 590/871/725 587/797/725 582/820/725 585/867/725 586/854/725 583/865/725 584/861/725
s 1
f 594/814/683 595/813/683 368/843/726 560/844/726
f 597/802/675 594/801/674 560/818/686 580/821/689
f 494/657/569 592/656/569 454/687/569
f 593/835/696 604/834/695 511/872/668 510/873/671
f 595/874/491 412/875/491 419/640/491 368/547/491
f 593/850/706 592/849/706 506/876/727 579/877/727
f 412/875/491 595/874/491 428/653/491 387/652/491
f 668/878/728 653/879/729 606/880/730 636/881/731
f 628/882/732 630/883/733 681/884/734 680/885/735
f 605/886/736 607/887/737 638/888/737 637/889/736
f 655/890/738 610/891/739 608/892/740 654/893/741
f 656/894/742 612/895/743 610/891/739 655/890/738
f 657/896/744 614/897/745 612/895/743 656/894/742
f 658/898/746 616/899/747 614/897/745 657/896/744
f 659/900/748 618/901/749 616/899/747 658/898/746
f 660/902/750 620/903/751 618/901/749 659/900/748
f 661/904/752 622/905/753 620/903/751 660/902/750
f 662/906/754 624/907/755 622/905/753 661/904/752
f 663/908/756 626/909/757 624/907/755 662/906/754
f 664/910/758 628/882/732 626/909/757 663/908/756
f 665/911/759 630/883/733 628/882/732 664/910/758
f 666/912/760 632/913/761 630/883/733 665/911/759
f 667/914/762 634/915/763 632/913/761 666/912/760
f 668/878/728 636/881/731 634/915/763 667/914/762
f 618/901/749 620/903/751 676/916/764 675/917/765
f 637/918/766 638/919/767 654/920/767 653/921/766
s 0
f 605/922/491 635/923/491 633/924/491 631/925/491 629/926/491 627/927/491 625/928/491 623/929/491 621/930/491 619/931/491 617/932/491 615/933/491 613/934/491 611/935/491 609/936/491 607/937/491
s 1
f 605/938/736 637/939/736 652/940/768 635/941/768
f 633/942/769 635/941/768 652/940/768 651/943/769
f 631/944/770 633/942/769 651/943/769 650/945/770
f 629/946/771 631/944/770 650/945/770 649/947/771
f 627/948/772 629/946/771 649/947/771 648/949/772
f 625/950/773 627/948/772 648/949/772 647/951/773
f 623/952/774 625/950/773 647/951/773 646/953/774
f 621/954/775 623/952/774 646/953/774 645/955/775
f 619/956/776 621/954/775 645/955/775 644/957/776
f 617/958/777 619/956/776 644/957/776 643/959/777
f 615/960/778 617/958/777 643/959/777 642/961/778
f 613/962/779 615/960/778 642/961/778 641/963/779
f 611/964/780 613/962/779 641/963/779 640/965/780
f 609/966/781 611/964/780 640/965/780 639/967/781
f 607/887/737 609/966/781 639/967/781 638/888/737
f 654/893/741 608/892/740 606/968/730 653/969/729
f 652/970/782 637/918/766 653/921/766 668/971/782
f 651/972/783 652/970/782 668/971/782 667/973/783
f 650/974/784 651/972/783 667/973/783 666/975/784
f 649/976/785 650/974/784 666/975/784 665/977/785
f 648/978/786 649/976/785 665/977/785 664/979/786
f 647/980/787 648/978/786 664/979/786 663/981/787
f 646/982/788 647/980/787 663/981/787 662/983/788
f 645/984/789 646/982/788 662/983/788 661/985/789
f 644/986/790 645/984/789 661/985/789 660/987/790
f 643/988/791 644/986/790 660/987/790 659/989/791
f 642/990/792 643/988/791 659/989/791 658/991/792
f 641/992/793 642/990/792 658/991/792 657/993/793
f 640/994/794 641/992/793 657/993/793 656/995/794
f 639/996/795 640/994/794 656/995/794 655/997/795
f 638/919/767 639/996/795 655/997/795 654/920/767
f 610/891/739 612/895/743 672/998/796 671/999/797
f 620/903/751 622/905/753 677/1000/798 676/916/764
f 612/895/743 614/897/745 673/1001/799 672/998/796
f 630/883/733 632/913/761 682/1002/800 681/884/734
f 622/905/753 624/907/755 678/1003/801 677/1000/798
f 636/881/731 606/880/730 669/1004/802 684/1005/803
f 614/897/745 616/899/747 674/1006/804 673/1001/799
f 632/913/761 634/915/763 683/1007/805 682/1002/800
f 606/968/730 608/892/740 670/1008/806 669/1009/802
f 624/907/755 626/909/757 679/1010/807 678/1003/801
f 616/899/747 618/901/749 675/917/765 674/1006/804
f 634/915/763 636/881/731 684/1005/803 683/1007/805
f 608/892/740 610/891/739 671/999/797 670/1008/806
f 626/909/757 628/882/732 680/885/735 679/1010/807
f 748/878/808 716/881/809 686/880/810 733/879/811
f 708/882/812 680/885/735 681/884/734 710/883/813
f 685/886/814 717/889/814 718/888/815 687/887/815
f 735/890/816 734/893/817 688/892/818 690/891/819
f 736/894/820 735/890/816 690/891/819 692/895/821
f 737/896/822 736/894/820 692/895/821 694/897/823
f 738/898/824 737/896/822 694/897/823 696/899/825
f 739/900/826 738/898/824 696/899/825 698/901/827
f 740/902/828 739/900/826 698/901/827 700/903/829
f 741/904/830 740/902/828 700/903/829 702/905/831
f 742/906/832 741/904/830 702/905/831 704/907/833
f 743/908/834 742/906/832 704/907/833 706/909/835
f 744/910/836 743/908/834 706/909/835 708/882/812
f 745/911/837 744/910/836 708/882/812 710/883/813
f 746/912/838 745/911/837 710/883/813 712/913/839
f 747/914/840 746/912/838 712/913/839 714/915/841
f 748/878/808 747/914/840 714/915/841 716/881/809
f 698/901/827 675/917/765 676/916/764 700/903/829
f 717/918/842 733/921/842 734/920/843 718/919/843
s 0
f 685/922/569 687/937/569 689/936/569 691/935/569 693/934/569 695/933/569 697/932/569 699/931/569 701/930/569 703/929/569 705/928/569 707/927/569 709/926/569 711/925/569 713/924/569 715/923/569
s 1
f 685/938/814 715/941/844 732/940/844 717/939/814
f 713/942/845 731/943/845 732/940/844 715/941/844
f 711/944/846 730/945/846 731/943/845 713/942/845
f 709/946/847 729/947/847 730/945/846 711/944/846
f 707/948/848 728/949/848 729/947/847 709/946/847
f 705/950/849 727/951/849 728/949/848 707/948/848
f 703/952/850 726/953/850 727/951/849 705/950/849
f 701/954/851 725/955/851 726/953/850 703/952/850
f 699/956/852 724/957/852 725/955/851 701/954/851
f 697/958/853 723/959/853 724/957/852 699/956/852
f 695/960/854 722/961/854 723/959/853 697/958/853
f 693/962/855 721/963/855 722/961/854 695/960/854
f 691/964/856 720/965/856 721/963/855 693/962/855
f 689/966/857 719/967/857 720/965/856 691/964/856
f 687/887/815 718/888/815 719/967/857 689/966/857
f 734/893/817 733/969/811 686/968/810 688/892/818
f 732/970/858 748/971/858 733/921/842 717/918/842
f 731/972/859 747/973/859 748/971/858 732/970/858
f 730/974/860 746/975/860 747/973/859 731/972/859
f 729/976/861 745/977/861 746/975/860 730/974/860
f 728/978/862 744/979/862 745/977/861 729/976/861
f 727/980/863 743/981/863 744/979/862 728/978/862
f 726/982/864 742/983/864 743/981/863 727/980/863
f 725/984/865 741/985/865 742/983/864 726/982/864
f 724/986/866 740/987/866 741/985/865 725/984/865
f 723/988/867 739/989/867 740/987/866 724/986/866
f 722/990/868 738/991/868 739/989/867 723/988/867
f 721/992/869 737/993/869 738/991/868 722/990/868
f 720/994/870 736/995/870 737/993/869 721/992/869
f 719/996/871 735/997/871 736/995/870 720/994/870
f 718/919/843 734/920/843 735/997/871 719/996/871
f 690/891/819 671/999/797 672/998/796 692/895/821
f 700/903/829 676/916/764 677/1000/798 702/905/831
f 692/895/821 672/998/796 673/1001/799 694/897/823
f 710/883/813 681/884/734 682/1002/800 712/913/839
f 702/905/831 677/1000/798 678/1003/801 704/907/833
f 716/881/809 684/1005/803 669/1004/802 686/880/810
f 694/897/823 673/1001/799 674/1006/804 696/899/825
f 712/913/839 682/1002/800 683/1007/805 714/915/841
f 686/968/810 669/1009/802 670/1008/806 688/892/818
f 704/907/833 678/1003/801 679/1010/807 706/909/835
f 696/899/825 674/1006/804 675/917/765 698/901/827
f 714/915/841 683/1007/805 684/1005/803 716/881/809
f 688/892/818 670/1008/806 671/999/797 690/891/819
f 706/909/835 679/1010/807 680/885/735 708/882/812
f 767/1011/872 784/1012/873 780/1013/874 777/1014/875
f 783/1015/876 807/1016/877 794/1017/878 788/1018/879
f 763/1019/880 782/1020/881 781/1021/882 775/1022/883
f 753/1023/884 777/1014/885 780/1013/886 765/1024/887
f 764/1025/888 768/1026/889 754/1027/890 786/1028/891
f 765/1024/887 780/1013/886 774/1029/892 750/1030/892
f 754/1027/890 768/1026/889 782/1020/881 763/1019/880
f 791/1031/893 790/1032/894 770/1033/895 778/1034/896
f 803/1035/897 764/1025/888 786/1028/891 799/1036/898
f 751/1037/899 775/1022/899 781/1021/900 762/1038/901
f 780/1013/874 784/1012/873 785/1039/902 774/1029/903
f 762/1038/901 781/1021/900 759/1040/904 749/1041/904
f 799/1036/898 786/1028/891 766/1042/905 800/1043/906
f 798/1044/907 771/1045/908 790/1032/894 802/1046/909
f 803/1035/897 807/1016/910 783/1015/911 764/1025/888
f 767/1011/872 754/1027/890 763/1019/880 784/1012/873
f 789/1047/912 761/1048/913 777/1014/885 753/1023/884
f 801/1049/914 792/1050/915 771/1045/908 798/1044/907
f 785/1039/902 784/1012/873 763/1019/880 775/1022/883
f 776/1051/916 783/1015/876 788/1018/879 752/1052/917
f 802/1046/909 790/1032/894 791/1031/893 806/1053/918
f 764/1025/888 783/1015/911 776/1051/919 768/1026/889
f 782/1020/881 787/1054/920 759/1040/921 781/1021/882
f 750/1030/922 774/1029/922 785/1039/923 760/1055/924
f 787/1054/920 782/1020/881 768/1026/889 776/1051/919
f 760/1055/924 785/1039/923 775/1022/899 751/1037/899
f 766/1042/905 767/1011/872 777/1014/875 761/1048/925
f 772/1056/926 793/1057/927 805/1058/928 796/1059/929
f 749/1041/930 759/1040/930 787/1054/931 758/1060/932
f 758/1060/932 787/1054/931 776/1051/916 752/1052/917
f 792/1050/915 793/1057/933 779/1061/934 769/1062/935
f 790/1032/894 771/1045/908 757/1063/936 770/1033/895
f 773/1064/937 791/1031/938 778/1034/939 755/1065/939
f 797/1066/940 804/1067/941 761/1048/913 789/1047/912
f 805/1058/942 793/1057/933 792/1050/915 801/1049/914
f 771/1045/908 792/1050/915 769/1062/935 757/1063/936
f 800/1043/906 766/1042/905 761/1048/925 804/1067/943
f 772/1056/926 756/1068/944 779/1061/944 793/1057/927
f 786/1028/891 754/1027/890 767/1011/872 766/1042/905
f 799/1036/898 800/1043/906 801/1049/914 798/1044/907
f 803/1035/897 799/1036/898 798/1044/907 802/1046/909
f 800/1043/906 804/1067/943 805/1058/942 801/1049/914
f 804/1067/941 797/1066/940 796/1059/929 805/1058/928
f 802/1046/909 806/1053/918 807/1016/910 803/1035/897
f 806/1053/945 795/1069/946 794/1017/878 807/1016/877
f 806/1053/945 791/1031/938 773/1064/937 795/1069/946
s 0
f 769/1070/947 779/1071/947 756/1072/947 755/1073/947 778/1074/947 770/1075/947 757/1076/947
f 815/1077/948 818/1078/948 816/1079/948 811/1080/948
f 813/1081/491 819/1082/491 818/1083/491 815/1084/491
f 809/1085/949 817/1086/949 819/1082/949 813/1081/949
f 808/1087/950 822/1088/950 820/1089/950 812/1090/950
f 814/1091/951 821/1092/951 823/1093/951 810/1094/951
f 810/1094/952 823/1093/952 822/1095/952 808/1096/952
f 811/1097/569 816/1098/569 817/1086/569 809/1085/569
f 812/1099/953 820/1100/953 821/1092/953 814/1091/953
s 1
f 920/1101/954 825/1102/955 827/1103/956 921/1104/957
f 921/1104/957 827/1103/956 829/1105/958 922/1106/959
f 922/1106/959 829/1105/958 831/1107/960 923/1108/961
f 923/1108/961 831/1107/960 833/1109/962 924/1110/963
f 924/1110/963 833/1109/962 835/1111/964 925/1112/965
f 925/1112/965 835/1111/964 837/1113/966 926/1114/967
f 926/1114/967 837/1113/966 839/1115/968 927/1116/969
f 927/1116/969 839/1115/968 841/1117/970 928/1118/971
f 928/1118/971 841/1117/970 843/1119/972 929/1120/973
f 929/1120/973 843/1119/972 845/1121/974 930/1122/975
f 930/1122/975 845/1121/974 847/1123/976 931/1124/977
f 931/1124/977 847/1123/976 849/1125/978 932/1126/979
f 932/1126/979 849/1125/978 851/1127/980 933/1128/981
f 933/1128/981 851/1127/980 853/1129/982 934/1130/983
f 934/1130/983 853/1129/982 855/1131/984 935/1132/985
f 935/1132/985 855/1131/984 857/1133/986 936/1134/987
f 936/1134/987 857/1133/986 859/1135/988 937/1136/989
f 937/1136/989 859/1135/988 861/1137/990 938/1138/991
f 938/1138/991 861/1137/990 863/1139/992 939/1140/993
f 939/1140/993 863/1139/992 865/1141/994 940/1142/995
f 940/1142/995 865/1141/994 867/1143/996 941/1144/997
f 941/1144/997 867/1143/996 869/1145/998 942/1146/999
f 942/1146/999 869/1145/998 871/1147/1000 943/1148/1001
f 943/1148/1001 871/1147/1000 873/1149/1002 944/1150/1003
f 944/1150/1003 873/1149/1002 875/1151/1004 945/1152/1005
f 945/1152/1005 875/1151/1004 877/1153/1006 946/1154/1007
f 946/1154/1007 877/1153/1006 879/1155/1008 947/1156/1009
f 947/1156/1009 879/1155/1008 881/1157/1010 948/1158/1011
f 948/1158/1011 881/1157/1010 883/1159/1012 949/1160/1013
f 949/1160/1013 883/1159/1012 885/1161/1014 950/1162/1015
f 886/1163/1016 919/1164/1016 888/1165/1017 824/1166/1017
f 950/1162/1015 885/1161/1014 887/1167/1018 951/1168/1019
f 951/1169/1019 887/1170/1018 825/1102/955 920/1101/954
f 884/1171/1020 918/1172/1020 919/1173/1016 886/1174/1016
f 882/1175/1021 917/1176/1021 918/1172/1020 884/1171/1020
f 880/1177/1022 916/1178/1022 917/1176/1021 882/1175/1021
f 878/1179/1023 915/1180/1023 916/1178/1022 880/1177/1022
f 876/1181/1024 914/1182/1024 915/1180/1023 878/1179/1023
f 874/1183/1025 913/1184/1025 914/1182/1024 876/1181/1024
f 872/1185/1026 912/1186/1026 913/1184/1025 874/1183/1025
f 870/1187/1027 911/1188/1027 912/1186/1026 872/1185/1026
f 868/1189/1028 910/1190/1028 911/1188/1027 870/1187/1027
f 866/1191/1029 909/1192/1029 910/1190/1028 868/1189/1028
f 864/1193/1030 908/1194/1030 909/1192/1029 866/1191/1029
f 862/1195/1031 907/1196/1031 908/1194/1030 864/1193/1030
f 860/1197/1032 906/1198/1032 907/1196/1031 862/1195/1031
f 858/1199/1033 905/1200/1033 906/1198/1032 860/1197/1032
f 856/1201/1034 904/1202/1034 905/1200/1033 858/1199/1033
f 854/1203/1035 903/1204/1035 904/1202/1034 856/1201/1034
f 852/1205/1036 902/1206/1036 903/1204/1035 854/1203/1035
f 850/1207/1037 901/1208/1037 902/1206/1036 852/1205/1036
f 848/1209/1038 900/1210/1038 901/1208/1037 850/1207/1037
f 846/1211/1039 899/1212/1039 900/1210/1038 848/1209/1038
f 844/1213/1040 898/1214/1040 899/1212/1039 846/1211/1039
f 842/1215/1041 897/1216/1041 898/1214/1040 844/1213/1040
f 840/1217/1042 896/1218/1042 897/1216/1041 842/1215/1041
f 838/1219/1043 895/1220/1043 896/1218/1042 840/1217/1042
f 836/1221/1044 894/1222/1044 895/1220/1043 838/1219/1043
f 834/1223/1045 893/1224/1045 894/1222/1044 836/1221/1044
f 832/1225/1046 892/1226/1046 893/1224/1045 834/1223/1045
f 830/1227/1047 891/1228/1047 892/1226/1046 832/1225/1046
f 828/1229/1048 890/1230/1048 891/1228/1047 830/1227/1047
f 826/1231/1049 889/1232/1049 890/1230/1048 828/1229/1048
f 824/1166/1017 888/1165/1017 889/1232/1049 826/1231/1049
f 919/1233/1050 951/1234/1050 920/1235/1051 888/1236/1051
f 918/1237/1052 950/1238/1052 951/1239/1050 919/1240/1050
f 917/1241/1053 949/1242/1053 950/1238/1052 918/1237/1052
f 916/1243/1054 948/1244/1054 949/1242/1053 917/1241/1053
f 915/1245/1055 947/1246/1055 948/1244/1054 916/1243/1054
f 914/1247/1056 946/1248/1056 947/1246/1055 915/1245/1055
f 913/1249/1057 945/1250/1057 946/1248/1056 914/1247/1056
f 912/1251/1058 944/1252/1058 945/1250/1057 913/1249/1057
f 911/1253/1059 943/1254/1059 944/1252/1058 912/1251/1058
f 910/1255/1060 942/1256/1060 943/1254/1059 911/1253/1059
f 909/1257/1061 941/1258/1061 942/1256/1060 910/1255/1060
f 908/1259/1062 940/1260/1062 941/1258/1061 909/1257/1061
f 907/1261/1063 939/1262/1063 940/1260/1062 908/1259/1062
f 906/1263/1064 938/1264/1064 939/1262/1063 907/1261/1063
f 905/1265/1065 937/1266/1065 938/1264/1064 906/1263/1064
f 904/1267/1066 936/1268/1066 937/1266/1065 905/1265/1065
f 903/1269/1067 935/1270/1067 936/1268/1066 904/1267/1066
f 902/1271/1068 934/1272/1068 935/1270/1067 903/1269/1067
f 901/1273/1069 933/1274/1069 934/1272/1068 902/1271/1068
f 900/1275/1070 932/1276/1070 933/1274/1069 901/1273/1069
f 899/1277/1071 931/1278/1071 932/1276/1070 900/1275/1070
f 898/1279/1072 930/1280/1072 931/1278/1071 899/1277/1071
f 897/1281/1073 929/1282/1073 930/1280/1072 898/1279/1072
f 896/1283/1074 928/1284/1074 929/1282/1073 897/1281/1073
f 895/1285/1075 927/1286/1075 928/1284/1074 896/1283/1074
f 894/1287/1076 926/1288/1076 927/1286/1075 895/1285/1075
f 893/1289/1077 925/1290/1077 926/1288/1076 894/1287/1076
f 892/1291/1078 924/1292/1078 925/1290/1077 893/1289/1077
f 891/1293/1079 923/1294/1079 924/1292/1078 892/1291/1078
f 890/1295/1080 922/1296/1080 923/1294/1079 891/1293/1079
f 889/1297/1081 921/1298/1081 922/1296/1080 890/1295/1080
f 888/1236/1051 920/1235/1051 921/1298/1081 889/1297/1081
f 1046/1299/1082 1047/1300/1083 955/1301/1084 953/1302/1085
f 1047/1300/1083 1048/1303/1086 957/1304/1087 955/1301/1084
f 1048/1303/1086 1049/1305/1088 959/1306/1089 957/1304/1087
f 1049/1305/1088 1050/1307/1090 961/1308/1091 959/1306/1089
f 1050/1307/1090 1051/1309/1092 963/1310/1093 961/1308/1091
f 1051/1309/1092 1052/1311/1094 965/1312/1095 963/1310/1093
f 1052/1311/1094 1053/1313/1096 967/1314/1097 965/1312/1095
f 1053/1313/1096 1054/1315/1098 969/1316/1099 967/1314/1097
f 1054/1315/1098 1055/1317/1100 970/1318/1101 969/1316/1099
f 1055/1317/1100 1056/1319/1102 972/1320/1103 970/1318/1101
f 1056/1319/1102 1057/1321/1104 974/1322/1105 972/1320/1103
f 1057/1321/1104 1058/1323/1106 976/1324/1107 974/1322/1105
f 1058/1323/1106 1059/1325/1108 978/1326/1109 976/1324/1107
f 1059/1325/1108 1060/1327/1110 980/1328/1111 978/1326/1109
f 1060/1327/1110 1061/1329/1112 982/1330/1113 980/1328/1111
f 1061/1329/1112 1062/1331/1114 984/1332/1115 982/1330/1113
f 1062/1331/1114 1063/1333/1116 986/1334/1117 984/1332/1115
f 1063/1333/1116 1064/1335/1118 988/1336/1119 986/1334/1117
f 1064/1335/1118 1065/1337/1120 990/1338/1121 988/1336/1119
f 1065/1337/1120 1066/1339/1122 992/1340/1123 990/1338/1121
f 1066/1339/1122 1067/1341/1124 994/1342/1125 992/1340/1123
f 1067/1341/1124 1068/1343/1126 996/1344/1127 994/1342/1125
f 1068/1343/1126 1069/1345/1128 998/1346/1129 996/1344/1127
f 1069/1345/1128 1070/1347/1130 1000/1348/1131 998/1346/1129
f 1070/1347/1130 1071/1349/1132 1001/1350/1133 1000/1348/1131
f 1071/1349/1132 1072/1351/1134 1003/1352/1135 1001/1350/1133
f 1072/1351/1134 1073/1353/1136 1005/1354/1137 1003/1352/1135
f 1073/1353/1136 1074/1355/1138 1007/1356/1139 1005/1354/1137
f 1074/1355/1138 1075/1357/1140 1009/1358/1141 1007/1356/1139
f 1075/1357/1140 1076/1359/1142 1011/1360/1143 1009/1358/1141
f 1012/1361/1144 952/1362/1144 1014/1363/1144 1045/1364/1144
f 1076/1359/1142 1077/1365/1145 1013/1366/1146 1011/1360/1143
f 1077/1367/1145 1046/1299/1082 953/1302/1085 1013/1368/1146
f 1130/1369/491 954/1370/491 1078/1371/491
f 1010/1372/1147 1158/1373/1148 1157/1374/1149 1044/1375/1147
f 1155/1376/1150 1010/1372/1147 1044/1375/1147 1156/1377/1150
f 1006/1378/1151 1008/1379/1151 1043/1380/1151 1042/1381/1151
f 1004/1382/1152 1154/1383/1153 1153/1384/1154 1041/1385/1152
f 1002/1386/1155 1004/1382/1152 1041/1385/1152 1040/1387/1155
f 968/1388/491 1078/1371/491 1091/1389/491 1080/1390/491
s 0
f 1002/1386/1156 1040/1387/1156 1090/1391/1156 1089/1392/1156
s 1
f 997/1393/1157 999/1394/1158 1038/1395/1158 1037/1396/1157
f 1151/1397/1159 997/1393/1157 1037/1396/1157 1152/1398/1160
f 993/1399/1161 995/1400/1161 1036/1401/1161 1035/1402/1161
f 991/1403/1162 1150/1404/1163 1149/1405/1163 1034/1406/1162
f 1147/1407/1164 991/1403/1162 1034/1406/1162 1148/1408/1164
f 987/1409/1165 989/1410/1165 1033/1411/1165 1032/1412/1165
f 985/1413/1166 1146/1414/1167 1145/1415/1167 1031/1416/1166
f 1143/1417/1168 985/1413/1166 1031/1416/1166 1144/1418/1168
f 981/1419/1169 983/1420/1169 1030/1421/1169 1029/1422/1169
f 979/1423/1170 1142/1424/1171 1141/1425/1171 1028/1426/1170
f 1139/1427/1172 979/1423/1170 1028/1426/1170 1140/1428/1172
f 975/1429/1173 977/1430/1173 1027/1431/1173 1026/1432/1173
f 973/1433/1174 1138/1434/1175 1137/1435/1175 1025/1436/1174
f 971/1437/1176 973/1433/1174 1025/1436/1174 1024/1438/1176
f 1078/1371/491 971/1439/491 1083/1440/491 1093/1441/491
f 1023/1442/1177 1022/1443/1178 1079/1444/1179 1082/1445/1180
f 966/1446/1181 968/1447/1182 1022/1443/1182 1021/1448/1181
f 1135/1449/1183 966/1446/1181 1021/1448/1181 1136/1450/1183
f 962/1451/1184 964/1452/1184 1020/1453/1184 1019/1454/1184
f 960/1455/1185 1134/1456/1186 1133/1457/1186 1018/1458/1185
f 1131/1459/1187 960/1455/1185 1018/1458/1185 1132/1460/1187
f 956/1461/1188 958/1462/1188 1017/1463/1188 1016/1464/1188
f 954/1465/1189 1130/1466/1190 1129/1467/1190 1015/1468/1189
f 1159/1469/1191 954/1470/1189 1015/1471/1189 1160/1472/1191
f 1157/1473/1192 1160/1474/1193 1046/1475/1193 1077/1476/1192
f 1044/1477/1194 1157/1473/1192 1077/1476/1192 1076/1478/1194
f 1156/1479/1195 1044/1477/1194 1076/1478/1194 1075/1480/1195
f 1153/1481/1196 1156/1479/1195 1075/1480/1195 1074/1482/1196
f 1041/1483/1197 1153/1481/1196 1074/1482/1196 1073/1484/1197
f 1040/1485/1198 1041/1483/1197 1073/1484/1197 1072/1486/1199
f 1039/1487/1200 1040/1485/1198 1072/1486/1199 1071/1488/1201
f 1038/1489/1202 1039/1487/1200 1071/1488/1201 1070/1490/1203
f 1037/1491/1204 1038/1489/1202 1070/1490/1203 1069/1492/1204
f 1152/1493/1205 1037/1491/1204 1069/1492/1204 1068/1494/1205
f 1149/1495/1206 1152/1493/1205 1068/1494/1205 1067/1496/1206
f 1034/1497/1207 1149/1495/1206 1067/1496/1206 1066/1498/1207
f 1148/1499/1208 1034/1497/1207 1066/1498/1207 1065/1500/1208
f 1145/1501/1209 1148/1499/1208 1065/1500/1208 1064/1502/1209
f 1031/1503/1210 1145/1501/1209 1064/1502/1209 1063/1504/1210
f 1144/1505/1211 1031/1503/1210 1063/1504/1210 1062/1506/1211
f 1141/1507/1212 1144/1505/1211 1062/1506/1211 1061/1508/1212
f 1028/1509/1213 1141/1507/1212 1061/1508/1212 1060/1510/1213
f 1140/1511/1214 1028/1509/1213 1060/1510/1213 1059/1512/1214
f 1137/1513/1215 1140/1511/1214 1059/1512/1214 1058/1514/1215
f 1025/1515/1216 1137/1513/1215 1058/1514/1215 1057/1516/1216
f 1024/1517/1217 1025/1515/1216 1057/1516/1216 1056/1518/1218
f 1023/1519/1177 1024/1517/1217 1056/1518/1218 1055/1520/1219
f 1022/1521/1178 1023/1519/1177 1055/1520/1219 1054/1522/1220
f 1021/1523/1221 1022/1521/1178 1054/1522/1220 1053/1524/1221
f 1136/1525/1222 1021/1523/1221 1053/1524/1221 1052/1526/1222
f 1133/1527/1223 1136/1525/1222 1052/1526/1222 1051/1528/1223
f 1018/1529/1224 1133/1527/1223 1051/1528/1223 1050/1530/1224
f 1132/1531/1225 1018/1529/1224 1050/1530/1224 1049/1532/1225
f 1129/1533/1226 1132/1531/1225 1049/1532/1225 1048/1534/1226
f 1015/1535/1227 1129/1533/1226 1048/1534/1226 1047/1536/1227
f 1160/1474/1193 1015/1535/1227 1047/1536/1227 1046/1475/1193
f 973/1537/491 971/1439/491 1078/1371/491
f 991/1538/491 1147/1539/491 1078/1371/491
f 1155/1540/491 1154/1541/491 1078/1371/491
f 966/1542/491 1135/1543/491 1078/1371/491
f 1143/1544/491 1142/1545/491 1078/1371/491
f 1024/1438/1228 1023/1442/1177 1082/1445/1180 1084/1546/1229
f 1131/1547/491 1130/1369/491 1078/1371/491
f 1138/1548/491 973/1537/491 1078/1371/491
f 1150/1549/491 991/1538/491 1078/1371/491
f 1010/1550/491 1155/1540/491 1078/1371/491
f 968/1388/491 966/1542/491 1078/1371/491
f 985/1551/491 1143/1544/491 1078/1371/491
f 1078/1371/491 1096/1552/491 1095/1553/491
f 960/1554/491 1131/1547/491 1078/1371/491
f 1139/1555/491 1138/1548/491 1078/1371/491
f 1151/1556/491 1150/1549/491 1078/1371/491
f 1158/1557/491 1010/1550/491 1078/1371/491
f 1039/1487/1200 1038/1489/1202 1085/1558/1230 1088/1559/1231
f 1146/1560/491 985/1551/491 1078/1371/491
f 1004/1561/491 1002/1562/491 1078/1371/491
f 1134/1563/491 960/1554/491 1078/1371/491
f 979/1564/491 1139/1555/491 1078/1371/491
f 997/1565/491 1151/1556/491 1078/1371/491
f 954/1370/491 1159/1566/491 1078/1371/491
f 1159/1566/491 1158/1557/491 1078/1371/491
s 0
f 1022/1443/1232 968/1447/1232 1080/1567/1232 1079/1444/1232
s 1
f 1147/1539/491 1146/1560/491 1078/1371/491
f 1154/1541/491 1004/1561/491 1078/1371/491
f 1135/1543/491 1134/1563/491 1078/1371/491
f 1142/1545/491 979/1564/491 1078/1371/491
f 999/1568/491 997/1565/491 1078/1371/491
f 1087/1569/1233 1089/1392/1234 1090/1391/1234 1088/1570/1235
f 1086/1571/1236 1087/1569/1233 1088/1570/1235 1085/1572/1236
f 1081/1573/1237 1083/1574/1238 1084/1546/1238 1082/1445/1239
f 1080/1567/1240 1081/1573/1237 1082/1445/1239 1079/1444/1240
f 1087/1575/491 1086/1576/491 1094/1577/491 1095/1553/491
f 1089/1578/491 1087/1575/491 1095/1553/491 1096/1552/491
f 1081/1579/491 1080/1390/491 1091/1389/491 1092/1580/491
f 1083/1440/491 1081/1579/491 1092/1580/491 1093/1441/491
s 0
f 1038/1395/1241 999/1394/1241 1086/1571/1241 1085/1572/1241
s 1
f 999/1568/491 1078/1371/491 1094/1577/491 1086/1576/491
f 1078/1371/491 1002/1562/491 1089/1578/491 1096/1552/491
f 1078/1371/491 1092/1580/491 1091/1389/491
s 0
f 971/1437/1242 1024/1438/1242 1084/1546/1242 1083/1574/1242
s 1
f 1040/1485/1243 1039/1487/1200 1088/1559/1231 1090/1581/1244
f 1078/1371/491 1093/1441/491 1092/1580/491
f 1078/1371/491 1095/1553/491 1094/1577/491
f 845/1121/974 843/1119/972 1106/1582/1245 1107/1583/1246
f 969/1316/1099 970/1318/1101 1106/1582/1245 1105/1584/490
f 986/1334/1117 988/1336/1119 1115/1585/1247 1114/1586/1248
f 953/1302/1085 955/1301/1084 1097/1587/1249 1098/1588/1250
f 863/1139/992 861/1137/990 1115/1585/1247 1116/1589/1251
f 1003/1352/1135 1005/1354/1137 1124/1590/1252 1123/1591/1253
f 881/1157/1010 879/1155/1008 1124/1590/1252 1125/1592/1254
f 829/1105/958 827/1103/956 1097/1587/1249 1099/1593/1255
f 970/1318/1101 972/1320/1103 1107/1583/1246 1106/1582/1245
f 847/1123/976 845/1121/974 1107/1583/1246 1108/1594/1256
f 988/1336/1119 990/1338/1121 1116/1589/1251 1115/1585/1247
f 865/1141/994 863/1139/992 1116/1589/1251 1117/1595/1257
f 1005/1354/1137 1007/1356/1139 1125/1592/1254 1124/1590/1252
f 883/1159/1012 881/1157/1010 1125/1592/1254 1126/1596/1258
f 955/1301/1084 957/1304/1087 1099/1593/1255 1097/1587/1249
f 831/1107/960 829/1105/958 1099/1593/1255 1100/1597/1259
f 972/1320/1103 974/1322/1105 1108/1594/1256 1107/1583/1246
f 849/1125/978 847/1123/976 1108/1594/1256 1109/1598/1260
f 990/1338/1121 992/1340/1123 1117/1595/1257 1116/1589/1251
f 867/1143/996 865/1141/994 1117/1595/1257 1118/1599/1261
f 1007/1356/1139 1009/1358/1141 1126/1596/1258 1125/1592/1254
f 885/1161/1014 883/1159/1012 1126/1596/1258 1127/1600/1262
f 957/1304/1087 959/1306/1089 1100/1597/1259 1099/1593/1255
f 833/1109/962 831/1107/960 1100/1597/1259 1101/1601/1263
f 974/1322/1105 976/1324/1107 1109/1598/1260 1108/1594/1256
f 851/1127/980 849/1125/978 1109/1598/1260 1110/1602/1264
f 992/1340/1123 994/1342/1125 1118/1599/1261 1117/1595/1257
f 869/1145/998 867/1143/996 1118/1599/1261 1119/1603/1265
f 1009/1358/1141 1011/1360/1143 1127/1600/1262 1126/1596/1258
f 887/1167/1018 885/1161/1014 1127/1600/1262 1128/1604/1266
f 959/1306/1089 961/1308/1091 1101/1601/1263 1100/1597/1259
f 835/1111/964 833/1109/962 1101/1601/1263 1102/1605/1267
f 976/1324/1107 978/1326/1109 1110/1602/1264 1109/1598/1260
f 853/1129/982 851/1127/980 1110/1602/1264 1111/1606/1268
f 994/1342/1125 996/1344/1127 1119/1603/1265 1118/1599/1261
f 871/1147/1000 869/1145/998 1119/1603/1265 1120/1607/1269
f 1011/1360/1143 1013/1366/1146 1128/1604/1266 1127/1600/1262
f 825/1102/955 887/1170/1018 1128/1608/1266 1098/1588/1250
f 961/1308/1091 963/1310/1093 1102/1605/1267 1101/1601/1263
f 837/1113/966 835/1111/964 1102/1605/1267 1103/1609/1270
f 978/1326/1109 980/1328/1111 1111/1606/1268 1110/1602/1264
f 855/1131/984 853/1129/982 1111/1606/1268 1112/1610/1271
f 996/1344/1127 998/1346/1129 1120/1607/1269 1119/1603/1265
f 873/1149/1002 871/1147/1000 1120/1607/1269 1121/1611/1272
f 1013/1368/1146 953/1302/1085 1098/1588/1250 1128/1608/1266
f 963/1310/1093 965/1312/1095 1103/1609/1270 1102/1605/1267
f 839/1115/968 837/1113/966 1103/1609/1270 1104/1612/1273
f 980/1328/1111 982/1330/1113 1112/1610/1271 1111/1606/1268
f 857/1133/986 855/1131/984 1112/1610/1271 1113/1613/1274
f 998/1346/1129 1000/1348/1131 1121/1611/1272 1120/1607/1269
f 875/1151/1004 873/1149/1002 1121/1611/1272 1122/1614/1275
f 965/1312/1095 967/1314/1097 1104/1612/1273 1103/1609/1270
f 841/1117/970 839/1115/968 1104/1612/1273 1105/1584/490
f 982/1330/1113 984/1332/1115 1113/1613/1274 1112/1610/1271
f 859/1135/988 857/1133/986 1113/1613/1274 1114/1586/1248
f 1000/1348/1131 1001/1350/1133 1122/1614/1275 1121/1611/1272
f 877/1153/1006 875/1151/1004 1122/1614/1275 1123/1591/1253
f 967/1314/1097 969/1316/1099 1105/1584/490 1104/1612/1273
f 843/1119/972 841/1117/970 1105/1584/490 1106/1582/1245
f 984/1332/1115 986/1334/1117 1114/1586/1248 1113/1613/1274
f 861/1137/990 859/1135/988 1114/1586/1248 1115/1585/1247
f 1001/1350/1133 1003/1352/1135 1123/1591/1253 1122/1614/1275
f 827/1103/956 825/1102/955 1098/1588/1250 1097/1587/1249
f 879/1155/1008 877/1153/1006 1123/1591/1253 1124/1590/1252
f 956/1461/1188 1016/1464/1188 1129/1467/1190 1130/1466/1190
f 958/1462/1188 956/1461/1188 1130/1466/1190 1131/1459/1187
f 1017/1463/1188 958/1462/1188 1131/1459/1187 1132/1460/1187
f 962/1451/1184 1019/1454/1184 1133/1457/1186 1134/1456/1186
f 964/1452/1184 962/1451/1184 1134/1456/1186 1135/1449/1183
f 1020/1453/1184 964/1452/1184 1135/1449/1183 1136/1450/1183
f 975/1429/1173 1026/1432/1173 1137/1435/1175 1138/1434/1175
f 977/1430/1173 975/1429/1173 1138/1434/1175 1139/1427/1172
f 1027/1431/1173 977/1430/1173 1139/1427/1172 1140/1428/1172
f 981/1419/1169 1029/1422/1169 1141/1425/1171 1142/1424/1171
f 983/1420/1169 981/1419/1169 1142/1424/1171 1143/1417/1168
f 1030/1421/1169 983/1420/1169 1143/1417/1168 1144/1418/1168
f 987/1409/1165 1032/1412/1165 1145/1415/1167 1146/1414/1167
f 989/1410/1165 987/1409/1165 1146/1414/1167 1147/1407/1164
f 1033/1411/1165 989/1410/1165 1147/1407/1164 1148/1408/1164
f 993/1399/1161 1035/1402/1161 1149/1405/1163 1150/1404/1163
f 995/1400/1161 993/1399/1161 1150/1404/1163 1151/1397/1159
f 1036/1401/1161 995/1400/1161 1151/1397/1159 1152/1398/1160
f 1006/1378/1151 1042/1381/1151 1153/1384/1154 1154/1383/1153
f 1008/1379/1151 1006/1378/1151 1154/1383/1153 1155/1376/1150
f 1043/1380/1151 1008/1379/1151 1155/1376/1150 1156/1377/1150
f 1012/1361/1144 1045/1364/1144 1157/1374/1149 1158/1373/1148
f 952/1362/1144 1012/1361/1144 1158/1373/1148 1159/1469/1191
f 1014/1363/1144 952/1362/1144 1159/1469/1191 1160/1472/1191
f 1045/1364/1144 1014/1363/1144 1160/1472/1191 1157/1374/1149
f 1042/1381/1151 1043/1380/1151 1156/1377/1150 1153/1384/1154
f 1035/1402/1161 1036/1401/1161 1152/1398/1160 1149/1405/1163
f 1032/1412/1165 1033/1411/1165 1148/1408/1164 1145/1415/1167
f 1029/1422/1169 1030/1421/1169 1144/1418/1168 1141/1425/1171
f 1026/1432/1173 1027/1431/1173 1140/1428/1172 1137/1435/1175
f 1019/1454/1184 1020/1453/1184 1136/1450/1183 1133/1457/1186
f 1016/1464/1188 1017/1463/1188 1132/1460/1187 1129/1467/1190
s 0
f 824/1615/569 826/1616/569 828/1617/569 830/1618/569 832/1619/569 834/1620/569 836/1621/569 838/1622/569 840/1623/569 842/1624/569 844/1625/569 846/1626/569 848/1627/569 850/1628/569 852/1629/569 854/1630/569 856/1631/569 858/1632/569 860/1633/569 862/1634/569 864/1635/569 866/1636/569 868/1637/569 870/1638/569 872/1639/569 874/1640/569 876/1641/569 878/1642/569 880/1643/569 882/1644/569 884/1645/569 886/1646/569
s 1
f 1224/1647/1276 1209/1648/1277 1162/1649/1278 1192/1650/1279
f 1184/1651/1280 1186/1652/1281 1237/1653/1282 1236/1654/1283
f 1161/1655/1284 1163/1656/1285 1194/1657/1285 1193/1658/1284
f 1211/1659/1286 1166/1660/1287 1164/1661/1288 1210/1662/1289
f 1212/1663/1290 1168/1664/1291 1166/1660/1287 1211/1659/1286
f 1213/1665/1292 1170/1666/1293 1168/1664/1291 1212/1663/1290
f 1214/1667/1294 1172/1668/1295 1170/1666/1293 1213/1665/1292
f 1215/1669/1296 1174/1670/1297 1172/1668/1295 1214/1667/1294
f 1216/1671/1298 1176/1672/1299 1174/1670/1297 1215/1669/1296
f 1217/1673/1300 1178/1674/1301 1176/1672/1299 1216/1671/1298
f 1218/1675/1302 1180/1676/1303 1178/1674/1301 1217/1673/1300
f 1219/1677/1304 1182/1678/1305 1180/1676/1303 1218/1675/1302
f 1220/1679/1306 1184/1651/1280 1182/1678/1305 1219/1677/1304
f 1221/1680/1307 1186/1652/1281 1184/1651/1280 1220/1679/1306
f 1222/1681/1308 1188/1682/1309 1186/1652/1281 1221/1680/1307
f 1223/1683/1310 1190/1684/1311 1188/1682/1309 1222/1681/1308
f 1224/1647/1276 1192/1650/1279 1190/1684/1311 1223/1683/1310
f 1174/1670/1297 1176/1672/1299 1232/1685/1312 1231/1686/1313
f 1193/1687/1314 1194/1688/1315 1210/1689/1315 1209/1690/1314
s 0
f 1161/1691/491 1191/1692/491 1189/1693/491 1187/1694/491 1185/1695/491 1183/1696/491 1181/1697/491 1179/1698/491 1177/1699/491 1175/1700/491 1173/1701/491 1171/1702/491 1169/1703/491 1167/1704/491 1165/1705/491 1163/1706/491
s 1
f 1161/1707/1284 1193/1708/1284 1208/1709/1316 1191/1710/1316
f 1189/1711/1317 1191/1710/1316 1208/1709/1316 1207/1712/1317
f 1187/1713/1318 1189/1711/1317 1207/1712/1317 1206/1714/1318
f 1185/1715/1319 1187/1713/1318 1206/1714/1318 1205/1716/1319
f 1183/1717/1320 1185/1715/1319 1205/1716/1319 1204/1718/1320
f 1181/1719/1321 1183/1717/1320 1204/1718/1320 1203/1720/1321
f 1179/1721/1322 1181/1719/1321 1203/1720/1321 1202/1722/1322
f 1177/1723/1323 1179/1721/1322 1202/1722/1322 1201/1724/1323
f 1175/1725/1324 1177/1723/1323 1201/1724/1323 1200/1726/1324
f 1173/1727/1325 1175/1725/1324 1200/1726/1324 1199/1728/1325
f 1171/1729/1326 1173/1727/1325 1199/1728/1325 1198/1730/1326
f 1169/1731/1327 1171/1729/1326 1198/1730/1326 1197/1732/1327
f 1167/1733/1328 1169/1731/1327 1197/1732/1327 1196/1734/1328
f 1165/1735/1329 1167/1733/1328 1196/1734/1328 1195/1736/1329
f 1163/1656/1285 1165/1735/1329 1195/1736/1329 1194/1657/1285
f 1210/1662/1289 1164/1661/1288 1162/1737/1278 1209/1738/1277
f 1208/1739/1330 1193/1687/1314 1209/1690/1314 1224/1740/1330
f 1207/1741/1331 1208/1739/1330 1224/1740/1330 1223/1742/1331
f 1206/1743/1332 1207/1741/1331 1223/1742/1331 1222/1744/1332
f 1205/1745/1333 1206/1743/1332 1222/1744/1332 1221/1746/1333
f 1204/1747/1334 1205/1745/1333 1221/1746/1333 1220/1748/1334
f 1203/1749/1335 1204/1747/1334 1220/1748/1334 1219/1750/1335
f 1202/1751/1336 1203/1749/1335 1219/1750/1335 1218/1752/1336
f 1201/1753/1337 1202/1751/1336 1218/1752/1336 1217/1754/1337
f 1200/1755/1338 1201/1753/1337 1217/1754/1337 1216/1756/1338
f 1199/1757/1339 1200/1755/1338 1216/1756/1338 1215/1758/1339
f 1198/1759/1340 1199/1757/1339 1215/1758/1339 1214/1760/1340
f 1197/1761/1341 1198/1759/1340 1214/1760/1340 1213/1762/1341
f 1196/1763/1342 1197/1761/1341 1213/1762/1341 1212/1764/1342
f 1195/1765/1343 1196/1763/1342 1212/1764/1342 1211/1766/1343
f 1194/1688/1315 1195/1765/1343 1211/1766/1343 1210/1689/1315
f 1166/1660/1287 1168/1664/1291 1228/1767/1344 1227/1768/1345
f 1176/1672/1299 1178/1674/1301 1233/1769/1346 1232/1685/1312
f 1168/1664/1291 1170/1666/1293 1229/1770/1347 1228/1767/1344
f 1186/1652/1281 1188/1682/1309 1238/1771/1348 1237/1653/1282
f 1178/1674/1301 1180/1676/1303 1234/1772/1349 1233/1769/1346
f 1192/1650/1279 1162/1649/1278 1225/1773/1350 1240/1774/1351
f 1170/1666/1293 1172/1668/1295 1230/1775/1352 1229/1770/1347
f 1188/1682/1309 1190/1684/1311 1239/1776/1353 1238/1771/1348
f 1162/1737/1278 1164/1661/1288 1226/1777/1354 1225/1778/1350
f 1180/1676/1303 1182/1678/1305 1235/1779/1355 1234/1772/1349
f 1172/1668/1295 1174/1670/1297 1231/1686/1313 1230/1775/1352
f 1190/1684/1311 1192/1650/1279 1240/1774/1351 1239/1776/1353
f 1164/1661/1288 1166/1660/1287 1227/1768/1345 1226/1777/1354
f 1182/1678/1305 1184/1651/1280 1236/1654/1283 1235/1779/1355
f 1304/1647/1356 1272/1650/1357 1242/1649/1358 1289/1648/1359
f 1264/1651/1360 1236/1654/1283 1237/1653/1282 1266/1652/1361
f 1241/1655/1362 1273/1658/1362 1274/1657/1363 1243/1656/1363
f 1291/1659/1364 1290/1662/1365 1244/1661/1366 1246/1660/1367
f 1292/1663/1368 1291/1659/1364 1246/1660/1367 1248/1664/1369
f 1293/1665/1370 1292/1663/1368 1248/1664/1369 1250/1666/1371
f 1294/1667/1372 1293/1665/1370 1250/1666/1371 1252/1668/1373
f 1295/1669/1374 1294/1667/1372 1252/1668/1373 1254/1670/1375
f 1296/1671/1376 1295/1669/1374 1254/1670/1375 1256/1672/1377
f 1297/1673/1378 1296/1671/1376 1256/1672/1377 1258/1674/1379
f 1298/1675/1380 1297/1673/1378 1258/1674/1379 1260/1676/1381
f 1299/1677/1382 1298/1675/1380 1260/1676/1381 1262/1678/1383
f 1300/1679/1384 1299/1677/1382 1262/1678/1383 1264/1651/1360
f 1301/1680/1385 1300/1679/1384 1264/1651/1360 1266/1652/1361
f 1302/1681/1386 1301/1680/1385 1266/1652/1361 1268/1682/1387
f 1303/1683/1388 1302/1681/1386 1268/1682/1387 1270/1684/1389
f 1304/1647/1356 1303/1683/1388 1270/1684/1389 1272/1650/1357
f 1254/1670/1375 1231/1686/1313 1232/1685/1312 1256/1672/1377
f 1273/1687/1390 1289/1690/1390 1290/1689/1391 1274/1688/1391
s 0
f 1241/1691/569 1243/1706/569 1245/1705/569 1247/1704/569 1249/1703/569 1251/1702/569 1253/1701/569 1255/1700/569 1257/1699/569 1259/1698/569 1261/1697/569 1263/1696/569 1265/1695/569 1267/1694/569 1269/1693/569 1271/1692/569
s 1
f 1241/1707/1362 1271/1710/1392 1288/1709/1392 1273/1708/1362
f 1269/1711/1393 1287/1712/1393 1288/1709/1392 1271/1710/1392
f 1267/1713/1394 1286/1714/1394 1287/1712/1393 1269/1711/1393
f 1265/1715/1395 1285/1716/1395 1286/1714/1394 1267/1713/1394
f 1263/1717/1396 1284/1718/1396 1285/1716/1395 1265/1715/1395
f 1261/1719/1397 1283/1720/1397 1284/1718/1396 1263/1717/1396
f 1259/1721/1398 1282/1722/1398 1283/1720/1397 1261/1719/1397
f 1257/1723/1399 1281/1724/1399 1282/1722/1398 1259/1721/1398
f 1255/1725/1400 1280/1726/1400 1281/1724/1399 1257/1723/1399
f 1253/1727/1401 1279/1728/1401 1280/1726/1400 1255/1725/1400
f 1251/1729/1402 1278/1730/1402 1279/1728/1401 1253/1727/1401
f 1249/1731/1403 1277/1732/1403 1278/1730/1402 1251/1729/1402
f 1247/1733/1404 1276/1734/1404 1277/1732/1403 1249/1731/1403
f 1245/1735/1405 1275/1736/1405 1276/1734/1404 1247/1733/1404
f 1243/1656/1363 1274/1657/1363 1275/1736/1405 1245/1735/1405
f 1290/1662/1365 1289/1738/1359 1242/1737/1358 1244/1661/1366
f 1288/1739/1406 1304/1740/1406 1289/1690/1390 1273/1687/1390
f 1287/1741/1407 1303/1742/1407 1304/1740/1406 1288/1739/1406
f 1286/1743/1408 1302/1744/1408 1303/1742/1407 1287/1741/1407
f 1285/1745/1409 1301/1746/1410 1302/1744/1408 1286/1743/1408
f 1284/1747/1411 1300/1748/1411 1301/1746/1410 1285/1745/1409
f 1283/1749/1412 1299/1750/1412 1300/1748/1411 1284/1747/1411
f 1282/1751/1413 1298/1752/1413 1299/1750/1412 1283/1749/1412
f 1281/1753/1414 1297/1754/1414 1298/1752/1413 1282/1751/1413
f 1280/1755/1415 1296/1756/1415 1297/1754/1414 1281/1753/1414
f 1279/1757/1416 1295/1758/1416 1296/1756/1415 1280/1755/1415
f 1278/1759/1417 1294/1760/1417 1295/1758/1416 1279/1757/1416
f 1277/1761/1418 1293/1762/1418 1294/1760/1417 1278/1759/1417
f 1276/1763/1419 1292/1764/1419 1293/1762/1418 1277/1761/1418
f 1275/1765/1420 1291/1766/1420 1292/1764/1419 1276/1763/1419
f 1274/1688/1391 1290/1689/1391 1291/1766/1420 1275/1765/1420
f 1246/1660/1367 1227/1768/1345 1228/1767/1344 1248/1664/1369
f 1256/1672/1377 1232/1685/1312 1233/1769/1346 1258/1674/1379
f 1248/1664/1369 1228/1767/1344 1229/1770/1347 1250/1666/1371
f 1266/1652/1361 1237/1653/1282 1238/1771/1348 1268/1682/1387
f 1258/1674/1379 1233/1769/1346 1234/1772/1349 1260/1676/1381
f 1272/1650/1357 1240/1774/1351 1225/1773/1350 1242/1649/1358
f 1250/1666/1371 1229/1770/1347 1230/1775/1352 1252/1668/1373
f 1268/1682/1387 1238/1771/1348 1239/1776/1353 1270/1684/1389
f 1242/1737/1358 1225/1778/1350 1226/1777/1354 1244/1661/1366
f 1260/1676/1381 1234/1772/1349 1235/1779/1355 1262/1678/1383
f 1252/1668/1373 1230/1775/1352 1231/1686/1313 1254/1670/1375
f 1270/1684/1389 1239/1776/1353 1240/1774/1351 1272/1650/1357
f 1244/1661/1366 1226/1777/1354 1227/1768/1345 1246/1660/1367
f 1262/1678/1383 1235/1779/1355 1236/1654/1283 1264/1651/1360
f 1312/1780/1421 1306/1781/1421 1305/190/1421 1311/189/1421
f 1307/1782/1422 1309/1783/1422 1310/90/1422 1308/89/1422
s 0
f 1309/187/1423 1313/197/1423 1314/1784/1423 1310/1785/1423
f 1316/200/1424 1312/201/1424 1311/1786/1424 1315/1787/1424
s 1
f 1313/197/136 1316/200/137 1315/1788/1425 1314/1789/1425
f 1312/201/62 91/196/130 73/195/62 1306/1790/62
f 1345/1791/1426 1317/1792/1426 1318/1793/1426 1346/1794/1426
f 1317/1795/1427 1319/1796/1428 1320/1797/1429 1318/1798/1427
f 1321/1799/1430 1323/1800/1431 1328/1801/1432 1326/1802/1433
f 1323/1800/1431 1324/1803/1434 1327/1804/1435 1328/1801/1432
f 1324/1803/1434 1322/1805/1436 1325/1806/1437 1327/1804/1435
f 1319/1796/1428 1325/1806/1437 1322/1805/1436 1320/1797/1429
f 1347/1807/1438 1348/1808/1438 1330/1809/1438 1329/1810/1438
f 1329/1810/1439 1330/1809/1439 1332/1811/1440 1331/1812/1441
f 1333/1813/1442 1338/1814/1443 1340/1815/1444 1335/1816/1445
f 1335/1816/1445 1340/1815/1444 1339/1817/1446 1336/1818/1447
f 1336/1818/1447 1339/1817/1446 1337/1819/1448 1334/1820/1449
f 1331/1812/1441 1332/1811/1440 1334/1820/1449 1337/1819/1448
f 1345/1821/1450 1347/1822/1450 1329/1823/1451 1317/1824/1452
f 1317/1824/1452 1329/1823/1451 1331/1825/1453 1319/1826/1453
f 1320/1827/1454 1332/1828/1454 1330/1829/1455 1318/1830/1456
f 1321/1831/1457 1333/1832/1457 1335/1833/1457 1323/1834/1457
f 1328/1835/1458 1340/1836/1459 1338/1837/1460 1326/1838/1460
f 1323/1834/1457 1335/1833/1457 1336/1839/1457 1324/1840/1457
f 1327/1841/1461 1339/1842/1462 1340/1836/1459 1328/1835/1458
f 1324/1840/1457 1336/1839/1457 1334/1843/1463 1322/1844/1464
f 1325/1845/1465 1337/1846/1466 1339/1842/1462 1327/1841/1461
f 1319/1826/1467 1331/1825/1467 1337/1846/1466 1325/1845/1465
f 1322/1844/1464 1334/1843/1463 1332/1828/1468 1320/1827/1468
f 1342/1847/1457 1344/1848/1457 1333/1832/1457 1321/1831/1457
f 1326/1838/1460 1338/1837/1460 1343/1849/1469 1341/1850/1469
f 1338/1814/1443 1333/1813/1442 1344/1851/1470 1343/1852/1470
f 1326/1802/1433 1341/1853/1471 1342/1854/1471 1321/1799/1430
f 1318/1830/1456 1330/1829/1455 1348/1855/1472 1346/1856/1472
f 1345/1791/1426 1346/1794/1426 1350/1857/1426 1349/1858/1426
f 1349/1858/1473 1350/1857/1473 1352/1859/1474 1351/1860/1475
f 1353/1861/1476 1358/1862/1477 1360/1863/1478 1355/1864/1479
f 1355/1864/1479 1360/1863/1478 1359/1865/1480 1356/1866/1481
f 1356/1866/1481 1359/1865/1480 1357/1867/1482 1354/1868/1483
f 1351/1860/1475 1352/1859/1474 1354/1868/1483 1357/1867/1482
f 1347/1807/1438 1361/1869/1438 1362/1870/1438 1348/1808/1438
f 1361/1871/1484 1363/1872/1485 1364/1873/1486 1362/1874/1484
f 1365/1875/1487 1367/1876/1488 1372/1877/1489 1370/1878/1490
f 1367/1876/1488 1368/1879/1491 1371/1880/1492 1372/1877/1489
f 1368/1879/1491 1366/1881/1493 1369/1882/1494 1371/1880/1492
f 1363/1872/1485 1369/1882/1494 1366/1881/1493 1364/1873/1486
f 1345/1821/1450 1349/1883/1495 1361/1884/1496 1347/1822/1450
f 1349/1885/1495 1351/1886/1497 1363/1887/1497 1361/1888/1496
f 1352/1889/1498 1350/1890/1499 1362/1891/1500 1364/1892/1498
f 1353/1893/1457 1355/1894/1457 1367/1895/1457 1365/1896/1457
f 1360/1897/1501 1358/1898/1502 1370/1899/1503 1372/1900/1504
f 1355/1894/1457 1356/1901/1457 1368/1902/1457 1367/1895/1457
f 1359/1903/1505 1360/1897/1501 1372/1900/1504 1371/1904/1506
f 1356/1901/1457 1354/1905/1507 1366/1906/1508 1368/1902/1457
f 1357/1907/1509 1359/1903/1505 1371/1904/1506 1369/1908/1510
f 1351/1886/1511 1357/1907/1509 1369/1908/1510 1363/1887/1511
f 1354/1905/1507 1352/1889/1512 1364/1892/1512 1366/1906/1508
f 1342/1847/1457 1353/1893/1457 1365/1896/1457 1344/1848/1457
f 1358/1898/1502 1341/1850/1469 1343/1849/1469 1370/1899/1503
f 1370/1878/1490 1343/1852/1470 1344/1851/1470 1365/1875/1487
f 1358/1862/1477 1353/1861/1476 1342/1854/1471 1341/1853/1471
f 1350/1909/1499 1346/1856/1472 1348/1855/1472 1362/1910/1500
f 1401/1/1513 1402/4/1513 1374/3/1513 1373/2/1513
f 1373/5/1514 1374/8/1514 1376/7/1515 1375/6/1516
f 1377/9/1517 1382/12/1518 1384/11/1519 1379/10/1520
f 1379/10/1520 1384/11/1519 1383/14/1521 1380/13/1522
f 1380/13/1522 1383/14/1521 1381/16/1523 1378/15/1524
f 1375/6/1516 1376/7/1515 1378/15/1524 1381/16/1523
f 1403/17/1525 1385/20/1525 1386/19/1525 1404/18/1525
f 1385/21/1526 1387/24/1527 1388/23/1528 1386/22/1526
f 1389/25/1529 1391/28/1530 1396/27/1531 1394/26/1532
f 1391/28/1530 1392/30/1533 1395/29/1534 1396/27/1531
f 1392/30/1533 1390/32/1535 1393/31/1536 1395/29/1534
f 1387/24/1527 1393/31/1536 1390/32/1535 1388/23/1528
f 1401/1/1537 1373/2/1538 1385/34/1539 1403/33/1537
f 1373/35/1538 1375/38/1540 1387/37/1540 1385/36/1539
f 1376/39/1541 1374/42/1542 1386/41/1543 1388/40/1541
f 1377/43/1544 1379/46/1544 1391/45/1544 1389/44/1544
f 1384/47/1545 1382/50/1546 1394/49/1547 1396/48/1548
f 1379/46/1544 1380/52/1544 1392/51/1544 1391/45/1544
f 1383/53/1549 1384/47/1545 1396/48/1548 1395/54/1550
f 1380/52/1544 1378/56/1551 1390/55/1552 1392/51/1544
f 1381/57/1553 1383/53/1549 1395/54/1550 1393/58/1554
f 1375/38/1555 1381/57/1553 1393/58/1554 1387/37/1555
f 1378/56/1551 1376/39/1556 1388/40/1556 1390/55/1552
f 1398/59/1544 1377/43/1544 1389/44/1544 1400/60/1544
f 1382/50/1546 1397/62/1557 1399/61/1557 1394/49/1547
f 1394/26/1532 1399/64/1558 1400/63/1558 1389/25/1529
f 1382/12/1518 1377/9/1517 1398/66/1559 1397/65/1559
f 1374/3/1542 1402/4/1560 1404/68/1560 1386/67/1543
f 1410/69/1561 1407/72/1561 1451/71/1561 1460/70/1561
f 1405/73/1562 1412/76/1563 1410/75/1564 1411/74/1562
f 1442/77/1561 1459/80/1561 1452/79/1561 1439/78/1561
f 1407/81/1565 1406/84/1566 1408/83/1567 1409/82/1568
f 1457/85/1569 1459/80/1570 1442/77/1570 1443/86/1569
f 1410/75/1564 1412/76/1563 1406/84/1566 1407/81/1565
f 1454/87/1571 2682/90/1572 2680/89/1572 1440/88/1573
f 1450/91/1574 1437/94/1574 1444/93/1574 1462/92/1574
f 1458/95/1575 1411/96/1575 1410/69/1570 1460/70/1570
f 1451/71/1576 1407/72/1576 1409/98/1576 1455/97/1576
f 1401/1/1513 1413/100/1513 1414/99/1513 1402/4/1513
f 1413/101/1577 1415/104/1578 1416/103/1579 1414/102/1577
f 1417/105/1580 1419/108/1581 1424/107/1582 1422/106/1583
f 1419/108/1581 1420/110/1584 1423/109/1585 1424/107/1582
f 1420/110/1584 1418/112/1586 1421/111/1587 1423/109/1585
f 1415/104/1578 1421/111/1587 1418/112/1586 1416/103/1579
f 1403/17/1525 1404/18/1525 1426/114/1525 1425/113/1525
f 1425/115/1588 1426/118/1588 1428/117/1589 1427/116/1590
f 1429/119/1591 1434/122/1592 1436/121/1593 1431/120/1594
f 1431/120/1594 1436/121/1593 1435/124/1595 1432/123/1596
f 1432/123/1596 1435/124/1595 1433/126/1597 1430/125/1598
f 1427/116/1590 1428/117/1589 1430/125/1598 1433/126/1597
f 1401/1/1537 1403/33/1537 1425/127/1599 1413/100/1600
f 1413/128/1600 1425/131/1599 1427/130/1601 1415/129/1601
f 1416/132/1602 1428/135/1602 1426/134/1603 1414/133/1604
f 1417/136/1544 1429/139/1544 1431/138/1544 1419/137/1544
f 1424/140/1605 1436/143/1606 1434/142/1607 1422/141/1608
f 1419/137/1544 1431/138/1544 1432/145/1544 1420/144/1544
f 1423/146/1609 1435/147/1610 1436/143/1606 1424/140/1605
f 1420/144/1544 1432/145/1544 1430/149/1611 1418/148/1612
f 1421/150/1613 1433/151/1614 1435/147/1610 1423/146/1609
f 1415/129/1615 1427/130/1615 1433/151/1614 1421/150/1613
f 1418/148/1612 1430/149/1611 1428/135/1616 1416/132/1616
f 1398/59/1544 1400/60/1544 1429/139/1544 1417/136/1544
f 1422/141/1608 1434/142/1607 1399/61/1557 1397/62/1557
f 1434/122/1592 1429/119/1591 1400/63/1558 1399/64/1558
f 1422/106/1583 1397/65/1559 1398/66/1559 1417/105/1580
f 1414/99/1604 1426/152/1603 1404/68/1560 1402/4/1560
f 1437/94/1617 1450/91/1618 1457/85/1569 1443/86/1569
f 1437/153/1619 1443/156/1619 1442/155/1620 1444/154/1621
f 1406/84/1566 1445/159/1622 2678/158/1623 2677/157/1623 1408/83/1567
f 1439/160/1624 1441/163/1625 1440/162/1626 1438/161/1627
f 1461/164/1628 1466/167/1628 1446/166/1629 1412/165/1629
f 1442/155/1620 1439/160/1624 1438/161/1627 1444/154/1621
f 1441/168/1630 1456/169/1631 1454/87/1571 1440/88/1573
f 1449/170/1574 1461/173/1574 1412/172/1574 1405/171/1574
s 0
f 1454/174/1632 1468/177/1632 2686/176/1632 2682/175/1632
s 1
f 1452/79/1576 1456/169/1576 1441/168/1576 1439/78/1576
f 1409/98/1633 1408/179/1634 1453/178/1635 1455/97/1636
f 1448/180/1574 1447/183/1574 1464/182/1637 1465/181/1574
f 1440/162/1626 2680/186/1638 2679/185/1638 1447/184/1639 1438/161/1627
f 1464/182/1637 1447/183/1574 2679/188/1574 2681/187/1574
f 1408/179/1634 2677/190/1572 2683/189/1572 1453/178/1635
f 1444/191/1628 1448/180/1628 1465/181/1628 1462/192/1628
f 1438/161/1627 1447/184/1639 1448/193/1640 1444/154/1621
f 1412/76/1563 1446/194/1641 1445/159/1622 1406/84/1566
f 1446/166/1574 1466/167/1574 1463/196/1642 1445/195/1574
f 1458/95/1575 1457/85/1569 1450/91/1618 1449/170/1643
f 1457/85/1569 1458/95/1575 1460/70/1570 1459/80/1570
f 1453/178/1635 1454/87/1571 1456/169/1631 1455/97/1636
f 1452/79/1576 1451/71/1576 1455/97/1576 1456/169/1576
f 1451/71/1561 1452/79/1561 1459/80/1561 1460/70/1561
f 1462/92/1574 1461/173/1574 1449/170/1574 1450/91/1574
f 1466/167/1574 1465/181/1574 1464/182/1637 1463/196/1642
f 1461/164/1628 1462/192/1628 1465/181/1628 1466/167/1628
f 1405/171/1644 1411/96/1575 1458/95/1575 1449/170/1643
s 0
f 1464/182/1645 2681/187/1645 2685/197/1645
f 1453/198/1646 1467/199/1646 1468/177/1646 1454/174/1646
f 2688/200/1647 2684/201/1647 1463/196/1647
s 1
f 2685/197/1648 2688/200/1649 1463/196/1642 1464/182/1637
s 0
f 2683/202/1650 2687/203/1650 1467/199/1650 1453/198/1650
f 2687/203/1651 2686/176/1651 1468/177/1651 1467/199/1651
s 1
f 1471/204/1652 1480/207/1653 1479/206/1653 1470/205/1652
s 0
f 1473/208/1654 1476/211/1654 1475/210/1654 1474/209/1654
s 1
f 1471/212/143 1476/211/143 1473/208/143 1472/213/143
s 0
f 1469/214/1655 1474/209/1655 1475/210/1655 1470/215/1655
s 1
f 1470/205/1652 1475/217/147 1476/216/147 1471/204/1652
f 1472/218/1656 1473/221/145 1474/220/145 1469/219/1656
s 0
f 1477/222/1657 1478/225/1657 1479/224/1657 1480/223/1657
s 1
f 1469/219/1656 1478/227/1658 1477/226/1658 1472/218/1656
f 1472/213/143 1477/229/143 1480/228/143 1471/212/143
s 0
f 1470/215/1659 1479/224/1659 1478/225/1659 1469/214/1659
s 1
f 1483/230/1652 1492/233/1653 1491/232/1653 1482/231/1652
s 0
f 1485/234/1654 1488/237/1654 1487/236/1654 1486/235/1654
s 1
f 1483/238/143 1488/237/143 1485/234/143 1484/239/143
s 0
f 1481/240/1655 1486/235/1655 1487/236/1655 1482/241/1655
s 1
f 1482/231/1652 1487/243/147 1488/242/147 1483/230/1652
f 1484/244/1656 1485/247/145 1486/246/145 1481/245/1656
s 0
f 1489/248/1657 1490/251/1657 1491/250/1657 1492/249/1657
s 1
f 1481/245/1656 1490/253/1658 1489/252/1658 1484/244/1656
f 1484/239/143 1489/255/143 1492/254/143 1483/238/143
s 0
f 1482/241/1659 1491/250/1659 1490/251/1659 1481/240/1659
s 1
f 1500/256/1660 1499/259/1660 1493/258/1660 1497/257/1660
f 1508/260/1661 1505/263/1662 1529/262/1663 1532/261/1664
f 1498/264/1660 1495/266/1660 1519/265/1660
f 1506/267/1665 1507/270/1666 1534/269/1667 1536/268/1668
f 1541/271/1669 1503/274/1670 1502/273/1671 1543/272/1672
f 1506/267/1665 1504/277/1673 1549/276/1674 1555/275/1675
f 1505/263/1662 1501/279/1676 1526/278/1677 1529/262/1663
f 1530/280/1678 1521/282/1679 1494/281/1680 1504/277/1673
f 1515/283/1681 1516/286/1681 1517/285/1681 1514/284/1681
f 1505/263/1662 1508/260/1661 1551/288/1682 1546/287/1683
f 1507/270/1666 1506/267/1665 1555/275/1675 1553/289/1684
f 1522/290/1685 1524/291/1686 1502/273/1671 1503/274/1670
f 1501/279/1687 1502/273/1671 1524/291/1686 1526/278/1687
f 1514/284/1681 1510/293/1681 1518/292/1681 1515/283/1681
f 1504/277/1673 1494/281/1680 1538/294/1688 1549/276/1674
f 1527/295/1660 1525/296/1660 1498/264/1660 1519/265/1660
f 1515/283/1681 1547/298/1681 1550/297/1681 1516/286/1681
f 1546/287/1683 1545/299/1689 1501/279/1676 1505/263/1662
f 1550/297/1681 1552/300/1681 1516/286/1681
f 1507/270/1666 1508/260/1661 1532/261/1664 1534/269/1667
f 1531/301/1660 1500/256/1660 1497/257/1660 1520/302/1660
f 1528/303/1660 1527/295/1660 1519/265/1660 1500/256/1660
f 1545/299/1687 1543/272/1672 1502/273/1671 1501/279/1687
f 1496/304/1660 1498/264/1660 1525/296/1660 1523/305/1660
f 1536/268/1668 1530/280/1678 1504/277/1673 1506/267/1665
f 1518/292/1681 1513/308/1681 1542/307/1681 1544/306/1681
f 1544/306/1681 1547/298/1681 1515/283/1681 1518/292/1681
f 1511/309/1681 1540/310/1681 1542/307/1681
f 1516/286/1681 1512/312/1681 1509/311/1681 1517/285/1681
f 1513/308/1681 1511/309/1681 1542/307/1681
f 1510/293/1681 1513/308/1681 1518/292/1681
f 1495/266/1660 1499/259/1660 1500/256/1660 1519/265/1660
f 1522/290/1690 1523/305/1690 1525/296/1691 1524/291/1691
f 1524/291/1691 1525/296/1691 1527/295/1692 1526/278/1693
f 1529/262/1694 1528/303/1695 1533/313/1696 1532/261/1697
f 1532/261/1697 1533/313/1696 1535/314/1698 1534/269/1699
f 1534/269/1699 1535/314/1698 1537/315/1700 1536/268/1701
f 1536/268/1701 1537/315/1700 1531/301/1702 1530/280/1703
f 1530/280/1703 1531/301/1702 1520/302/1704 1521/282/1704
f 1526/278/1693 1527/295/1692 1528/303/1695 1529/262/1694
f 1540/310/1705 1541/271/1705 1543/272/1706 1542/307/1707
f 1542/307/1707 1543/272/1706 1545/299/1708 1544/306/1709
f 1547/298/1710 1546/287/1711 1551/288/1712 1550/297/1713
f 1550/297/1713 1551/288/1712 1553/289/1714 1552/300/1715
f 1552/300/1715 1553/289/1714 1555/275/1716 1554/316/1717
f 1554/316/1717 1555/275/1716 1549/276/1718 1548/317/1719
f 1548/317/1719 1549/276/1718 1538/294/1720 1539/318/1720
f 1544/306/1709 1545/299/1708 1546/287/1711 1547/298/1710
f 1508/260/1661 1507/270/1666 1553/289/1684 1551/288/1682
f 1554/316/1681 1548/317/1681 1516/286/1681
f 1548/317/1681 1539/318/1681 1512/312/1681 1516/286/1681
f 1552/300/1681 1554/316/1681 1516/286/1681
f 1500/256/1660 1533/313/1660 1528/303/1660
f 1537/315/1660 1500/256/1660 1531/301/1660
f 1535/314/1660 1500/256/1660 1537/315/1660
f 1533/313/1660 1500/256/1660 1535/314/1660
f 1563/319/1721 1560/322/1722 1556/321/1723 1562/320/1723
f 1571/323/1724 1595/326/1725 1592/325/1726 1568/324/1727
f 1561/327/1728 1582/329/1729 1558/328/1723
f 1569/330/1730 1599/333/1731 1597/332/1732 1570/331/1733
f 1604/334/1734 1606/337/1735 1565/336/1736 1566/335/1737
f 1569/330/1730 1618/340/1738 1612/339/1739 1567/338/1740
f 1568/324/1727 1592/325/1726 1589/342/1741 1564/341/1742
f 1593/343/1743 1567/338/1740 1557/345/1744 1584/344/1745
f 1578/346/1746 1577/349/1747 1580/348/1747 1579/347/1748
f 1568/324/1727 1609/351/1749 1614/350/1750 1571/323/1724
f 1570/331/1733 1616/352/1751 1618/340/1738 1569/330/1730
f 1585/353/1752 1566/335/1737 1565/336/1736 1587/354/1753
f 1564/341/1754 1589/342/1755 1587/354/1753 1565/336/1736
f 1577/349/1747 1578/346/1746 1581/356/1756 1573/355/1747
f 1567/338/1740 1612/339/1739 1601/357/1757 1557/345/1744
f 1590/358/1758 1582/329/1729 1561/327/1728 1588/359/1759
f 1578/346/1746 1579/347/1748 1613/361/1760 1610/360/1761
f 1609/351/1749 1568/324/1727 1564/341/1742 1608/362/1762
f 1613/361/1760 1579/347/1748 1615/363/1763
f 1570/331/1733 1597/332/1732 1595/326/1725 1571/323/1724
f 1594/364/1764 1583/365/1765 1560/322/1722 1563/319/1721
f 1591/366/1766 1563/319/1721 1582/329/1729 1590/358/1758
f 1608/362/1767 1564/341/1754 1565/336/1736 1606/337/1735
f 1559/367/1768 1586/368/1768 1588/359/1759 1561/327/1728
f 1599/333/1731 1569/330/1730 1567/338/1740 1593/343/1743
f 1581/356/1756 1607/371/1769 1605/370/1770 1576/369/1771
f 1607/371/1769 1581/356/1756 1578/346/1746 1610/360/1761
s 0
f 1574/372/1772 1605/370/1773 1603/373/1772
s 1
f 1579/347/1748 1580/348/1747 1572/375/1747 1575/374/1774
f 1576/369/1775 1605/370/1776 1574/372/1777
f 1573/355/1747 1581/356/1756 1576/369/1771
f 1558/328/1723 1582/329/1729 1563/319/1721 1562/320/1723
f 1585/353/1778 1587/354/1779 1588/359/1780 1586/368/1778
f 1587/354/1779 1589/342/1781 1590/358/1782 1588/359/1780
f 1592/325/1783 1595/326/1784 1596/376/1785 1591/366/1786
f 1595/326/1784 1597/332/1787 1598/377/1788 1596/376/1785
f 1597/332/1787 1599/333/1789 1600/378/1790 1598/377/1788
f 1599/333/1789 1593/343/1791 1594/364/1792 1600/378/1790
f 1593/343/1791 1584/344/1793 1583/365/1793 1594/364/1792
f 1589/342/1781 1592/325/1783 1591/366/1786 1590/358/1782
f 1603/373/1794 1605/370/1795 1606/337/1796 1604/334/1794
f 1605/370/1795 1607/371/1797 1608/362/1798 1606/337/1796
f 1610/360/1799 1613/361/1800 1614/350/1801 1609/351/1802
f 1613/361/1800 1615/363/1803 1616/352/1804 1614/350/1801
f 1615/363/1803 1617/379/1805 1618/340/1806 1616/352/1804
f 1617/379/1805 1611/380/1807 1612/339/1808 1618/340/1806
f 1611/380/1807 1602/381/1809 1601/357/1809 1612/339/1808
f 1607/371/1797 1610/360/1799 1609/351/1802 1608/362/1798
f 1571/323/1724 1614/350/1750 1616/352/1751 1570/331/1733
f 1617/379/1810 1579/347/1748 1611/380/1811
f 1611/380/1811 1579/347/1748 1575/374/1774 1602/381/1812
f 1615/363/1763 1579/347/1748 1617/379/1810
f 1563/319/1721 1591/366/1766 1596/376/1813
f 1600/378/1814 1594/364/1764 1563/319/1721
f 1598/377/1815 1600/378/1814 1563/319/1721
f 1596/376/1813 1598/377/1815 1563/319/1721
f 1493/382/1816 1556/385/1816 1560/384/1817 1497/383/1817
f 1495/386/1818 1558/389/1818 1562/388/1818 1499/387/1818
s 0
f 1498/390/1819 1561/391/1819 1558/389/1819 1495/386/1819
f 1496/392/1820 1559/393/1820 1561/391/1820 1498/390/1820
s 1
f 1499/387/1818 1562/388/1818 1556/385/1818 1493/382/1818
f 1512/394/1821 1575/397/1821 1572/396/1822 1509/395/1822
f 1514/398/1823 1577/401/1823 1573/400/1823 1510/399/1823
s 0
f 1510/399/1824 1573/400/1824 1576/403/1824 1513/402/1824
f 1513/402/1825 1576/403/1825 1574/405/1825 1511/404/1825
s 1
f 1517/406/1823 1580/407/1823 1577/401/1823 1514/398/1823
f 1509/395/1823 1572/396/1823 1580/407/1823 1517/406/1823
f 1522/408/1826 1585/411/1826 1586/410/1827 1523/409/1828
f 1520/412/1829 1583/415/1829 1584/414/1830 1521/413/1831
f 1540/416/1832 1603/419/1833 1604/418/1834 1541/417/1835
f 1538/420/1836 1601/423/1837 1602/422/1838 1539/421/1838
f 1521/413/1831 1584/414/1830 1557/425/1839 1494/424/1839
f 1497/383/1817 1560/384/1817 1583/415/1829 1520/412/1829
f 1523/409/1828 1586/410/1827 1559/427/1840 1496/426/1840
f 1503/428/1841 1566/429/1842 1585/411/1826 1522/408/1826
f 1494/424/1839 1557/425/1839 1601/423/1837 1538/420/1836
f 1539/421/1838 1602/422/1838 1575/397/1821 1512/394/1821
f 1511/430/1843 1574/431/1843 1603/419/1833 1540/416/1832
f 1541/417/1835 1604/418/1834 1566/429/1842 1503/428/1841
f 1643/432/1844 1650/435/1845 1637/434/1846 1634/433/1844
f 1646/436/1847 1626/439/1847 1627/438/1847 1647/437/1847
f 1632/440/1848 1629/443/1848 1625/442/1848 1631/441/1848
f 1645/444/1849 1630/447/1850 1638/446/1851 1635/445/1852
f 1626/439/1847 1619/449/1847 1620/448/1847 1627/438/1847
f 1631/441/1853 1630/447/1850 1645/444/1849 1648/450/1854
f 1622/451/1848 1621/452/1848 1629/443/1848 1632/440/1848
f 1623/453/1855 1619/449/1855 1626/439/1855 1633/454/1855
f 1620/448/1848 1622/451/1848 1632/440/1848 1627/438/1848
f 1625/442/1856 1624/455/1857 1630/447/1850 1631/441/1853
f 1650/435/1845 1645/444/1849 1635/445/1852 1637/434/1846
f 1627/438/1848 1632/440/1848 1631/441/1848 1648/450/1848 1647/437/1848
f 1628/456/1855 1633/454/1855 1649/458/1855 1644/457/1855
f 1633/454/1855 1626/439/1855 1646/436/1855 1649/458/1855
f 1630/447/1850 1624/455/1857 1636/459/1851 1638/446/1851
f 1635/445/1852 1638/446/1851 1642/461/1851 1639/460/1858
f 1637/434/1846 1635/445/1852 1639/460/1858 1641/462/1859
f 1638/446/1851 1636/459/1851 1640/463/1851 1642/461/1851
f 1650/435/1860 1649/458/1861 1646/436/1862 1645/444/1849
f 1647/437/1863 1648/450/1854 1645/444/1849 1646/436/1862
f 1643/432/1864 1644/457/1864 1649/458/1861 1650/435/1860
f 1675/464/1865 1666/467/1865 1669/466/1866 1678/465/1867
f 1676/468/1868 1677/471/1869 1659/470/1870 1658/469/1871
f 1664/472/1872 1663/475/1873 1657/474/1874 1661/473/1874
f 1676/476/1868 1667/479/1875 1670/478/1876 1662/477/1877
f 1658/469/1871 1659/470/1870 1652/481/1878 1651/480/1878
f 1663/482/1879 1677/483/1869 1676/476/1868 1662/477/1877
f 1654/484/1880 1664/472/1872 1661/473/1881 1653/485/1881
f 1655/486/1882 1665/487/1883 1658/469/1884 1651/480/1882
f 1652/481/1885 1659/470/1886 1664/472/1872 1654/484/1880
f 1657/488/1887 1663/482/1879 1662/477/1877 1656/489/1888
f 1678/465/1867 1669/466/1866 1667/479/1875 1676/476/1868
f 1659/470/1886 1677/471/1889 1663/475/1873 1664/472/1872
f 1660/490/1890 1675/492/1891 1678/491/1892 1665/487/1883
f 1665/487/1883 1678/491/1892 1676/468/1893 1658/469/1884
f 1662/477/1877 1670/478/1876 1668/493/1894 1656/489/1888
f 1667/479/1875 1671/495/1895 1674/494/1896 1670/478/1876
f 1669/466/1866 1673/496/1897 1671/495/1895 1667/479/1875
f 1670/478/1876 1674/494/1896 1672/497/1896 1668/493/1894
f 1625/498/1898 1657/501/1899 1656/500/1900 1624/499/1901
f 1621/502/1902 1653/505/1902 1661/504/1903 1629/503/1904
f 1629/503/1904 1661/504/1903 1657/501/1899 1625/498/1898
s 0
f 1628/506/1905 1660/509/1905 1665/508/1905 1633/507/1905
f 1633/507/1906 1665/508/1906 1655/511/1906 1623/510/1906
s 1
f 1624/499/1901 1656/500/1900 1668/513/1907 1636/512/1908
s 0
f 1637/514/1909 1669/517/1909 1666/516/1909 1634/515/1909
s 1
f 1636/512/1908 1668/513/1907 1672/519/1910 1640/518/1910
s 0
f 1641/520/1911 1673/521/1911 1669/517/1911 1637/514/1911
s 1
f 1642/522/1912 1674/525/1912 1671/524/1913 1639/523/1913
f 1639/523/1913 1671/524/1913 1673/521/1914 1641/520/1914
f 1640/518/1915 1672/519/1915 1674/525/1912 1642/522/1912
f 1643/526/1916 1675/528/1917 1644/527/1918
f 1634/515/1919 1666/516/1919 1675/528/1917 1643/526/1916
f 1644/529/1918 1675/530/1917 1660/509/1920 1628/506/1920
f 1698/432/1921 1689/433/1921 1692/434/1922 1705/435/1923
f 1701/436/1847 1702/437/1847 1682/438/1847 1681/439/1847
f 1687/440/1848 1686/441/1848 1680/442/1848 1684/443/1848
f 1700/444/1924 1690/445/1925 1693/446/1926 1685/447/1927
f 1681/439/1847 1682/438/1847 1620/448/1847 1619/449/1847
f 1686/441/1928 1703/450/1929 1700/444/1924 1685/447/1927
f 1622/451/1848 1687/440/1848 1684/443/1848 1621/452/1848
f 1623/453/1855 1688/454/1855 1681/439/1855 1619/449/1855
f 1620/448/1848 1682/438/1848 1687/440/1848 1622/451/1848
f 1680/442/1930 1686/441/1928 1685/447/1927 1679/455/1931
f 1705/435/1923 1692/434/1922 1690/445/1925 1700/444/1924
f 1682/438/1848 1702/437/1848 1703/450/1848 1686/441/1848 1687/440/1848
f 1683/456/1855 1699/457/1855 1704/458/1855 1688/454/1855
f 1688/454/1855 1704/458/1855 1701/436/1855 1681/439/1855
f 1685/447/1927 1693/446/1926 1691/459/1926 1679/455/1931
f 1690/445/1925 1694/460/1932 1697/461/1926 1693/446/1926
f 1692/434/1922 1696/462/1933 1694/460/1932 1690/445/1925
f 1693/446/1926 1697/461/1926 1695/463/1926 1691/459/1926
f 1705/435/1934 1700/444/1924 1701/436/1935 1704/458/1936
f 1702/437/1937 1701/436/1935 1700/444/1924 1703/450/1929
f 1698/432/1938 1705/435/1934 1704/458/1936 1699/457/1938
f 1725/464/1939 1728/465/1940 1719/466/1941 1716/467/1939
f 1726/468/1942 1708/469/1943 1709/470/1944 1727/471/1945
f 1714/472/1946 1711/473/1947 1707/474/1947 1713/475/1948
f 1726/476/1942 1712/477/1949 1720/478/1950 1717/479/1951
f 1708/469/1943 1651/480/1878 1652/481/1878 1709/470/1944
f 1713/482/1952 1712/477/1949 1726/476/1942 1727/483/1945
f 1654/484/1880 1653/485/1881 1711/473/1881 1714/472/1946
f 1655/486/1882 1651/480/1882 1708/469/1953 1715/487/1954
f 1652/481/1885 1654/484/1880 1714/472/1946 1709/470/1955
f 1707/488/1956 1706/489/1957 1712/477/1949 1713/482/1952
f 1728/465/1940 1726/476/1942 1717/479/1951 1719/466/1941
f 1709/470/1955 1714/472/1946 1713/475/1948 1727/471/1958
f 1710/490/1959 1715/487/1954 1728/491/1960 1725/492/1959
f 1715/487/1954 1708/469/1953 1726/468/1961 1728/491/1960
f 1712/477/1949 1706/489/1957 1718/493/1962 1720/478/1950
f 1717/479/1951 1720/478/1950 1724/494/1963 1721/495/1964
f 1719/466/1941 1717/479/1951 1721/495/1964 1723/496/1965
f 1720/478/1950 1718/493/1962 1722/497/1963 1724/494/1963
f 1680/498/1966 1679/499/1967 1706/500/1968 1707/501/1969
f 1621/502/1902 1684/503/1970 1711/504/1971 1653/505/1902
f 1684/503/1970 1680/498/1966 1707/501/1969 1711/504/1971
s 0
f 1683/506/1972 1688/507/1972 1715/508/1972 1710/509/1972
f 1688/507/1906 1623/510/1906 1655/511/1906 1715/508/1906
s 1
f 1679/499/1967 1691/512/1973 1718/513/1974 1706/500/1968
s 0
f 1692/514/1975 1689/515/1975 1716/516/1975 1719/517/1975
s 1
f 1691/512/1973 1695/518/1976 1722/519/1976 1718/513/1974
s 0
f 1696/520/1977 1692/514/1977 1719/517/1977 1723/521/1977
s 1
f 1697/522/1978 1694/523/1979 1721/524/1979 1724/525/1978
f 1694/523/1979 1696/520/1980 1723/521/1980 1721/524/1979
f 1695/518/1981 1697/522/1978 1724/525/1978 1722/519/1981
f 1698/526/1982 1699/527/1983 1725/528/1984
f 1689/515/1985 1698/526/1982 1725/528/1984 1716/516/1986
f 1699/529/1983 1683/506/1987 1710/509/1987 1725/530/1984
f 1754/531/1988 1738/534/1989 1758/533/1989 1785/532/1990
f 1790/535/1991 1788/539/1992 1899/538/1993 1900/537/1994 1756/536/1995
f 1744/540/1996 1769/543/1996 1765/542/1997 1742/541/1997
f 1741/544/1998 1742/541/1997 1765/542/1997 1763/545/1998
f 1762/546/1999 1764/548/1999 1740/547/1999
f 1729/549/1998 1731/550/1997 1742/541/1997 1741/544/1998
f 1760/551/1999 1762/546/1999 1740/547/1999 1737/552/1999
f 1745/553/2000 1771/554/2000 1769/543/1996 1744/540/1996
f 1748/555/2001 1777/558/2001 1775/557/2002 1747/556/2002
f 1747/556/2002 1775/557/2002 1773/560/2003 1746/559/2003
f 1746/559/2003 1773/560/2003 1771/554/2000 1745/553/2000
f 1893/561/2004 1906/564/2004 1814/563/2004 1749/562/2004
f 1730/565/2005 1743/567/2005 1748/555/2001 1732/566/2001
f 1732/566/2001 1748/555/2001 1747/556/2002 1733/568/2002
f 1733/568/2002 1747/556/2002 1746/559/2003 1734/569/2003
f 1734/569/2003 1746/559/2003 1745/553/2000 1735/570/2000
f 1735/570/2000 1745/553/2000 1744/540/1996 1736/571/1996
f 1736/571/1996 1744/540/1996 1742/541/1997 1731/550/1997
f 1743/567/2005 1767/572/2005 1777/558/2001 1748/555/2001
s 0
f 1802/573/2006 1820/576/2006 1909/575/2006 1902/574/2006
s 1
f 1802/573/2007 1902/574/2008 1903/579/2009 1811/578/2010 1804/577/2007
s 0
f 1758/533/2011 1738/534/2011 1750/581/2011 1780/580/2011
s 1
f 1739/582/1998 1741/544/1998 1763/545/1998 1761/583/1998
f 1753/584/2012 1796/586/2012 1799/585/2013 1756/536/2013
f 1788/539/1992 1786/589/2014 1757/588/2015 1898/587/2016 1899/538/1993
f 1751/590/2017 1817/593/2017 1819/592/2017 1755/591/2017
f 1809/594/2018 1751/590/2018 1755/591/2019 1904/596/2020 1901/595/2021
f 1785/532/1990 1790/535/1991 1756/536/1995 1754/531/1988
f 1757/588/2022 1818/598/2023 1907/597/2024 1898/587/2025
f 1897/599/2026 1908/602/2027 1816/601/2028 1752/600/2028
f 1786/589/2014 1782/603/2029 1755/591/2019 1757/588/2015
f 1763/545/2030 1762/605/2030 1760/604/2030 1761/583/2030
f 1767/572/2031 1766/607/2032 1776/606/2033 1777/558/2034
f 1777/558/2034 1776/606/2033 1774/608/2035 1775/557/2036
f 1775/557/2036 1774/608/2035 1772/609/2037 1773/560/2038
f 1773/560/2038 1772/609/2037 1770/610/2039 1771/554/2040
f 1771/554/2040 1770/610/2039 1768/611/2041 1769/543/2042
f 1769/543/2042 1768/611/2041 1764/612/2043 1765/542/2043
f 1807/613/2044 1808/614/2045 1766/607/2032 1767/572/2031
f 1762/605/2030 1763/545/2030 1765/542/2043 1764/612/2043
s 0
f 1759/615/2046 1758/533/2046 1780/580/2046 1781/616/2046
s 1
f 1791/617/2047 1790/535/2048 1785/532/2049 1784/618/2050
f 1789/619/2051 1788/539/2052 1790/535/2048 1791/617/2047
f 1787/620/2053 1786/589/2054 1788/539/2052 1789/619/2051
f 1783/621/2055 1782/603/2056 1786/589/2054 1787/620/2053
f 1784/618/2050 1785/532/2049 1758/533/2057 1759/615/2057
f 1754/531/2058 1798/623/2059 1792/622/2060 1738/534/2060
f 1810/624/2061 1811/578/2062 1782/603/2056 1783/621/2055
f 1792/622/2011 1793/627/2011 1794/626/2011 1795/625/2011
f 1797/628/2063 1793/627/1989 1792/622/1989 1798/623/2064
f 1798/623/2064 1799/585/2065 1796/586/2066 1797/628/2063
s 0
f 1738/534/2067 1792/622/2067 1795/625/2067 1750/581/2067
s 1
f 1756/536/2068 1799/585/2068 1798/623/2059 1754/531/2058
f 1764/548/1999 1768/629/1999 1740/547/1999
f 1768/629/1999 1770/630/1999 1740/547/1999
f 1770/630/1999 1772/631/1999 1740/547/1999
f 1772/631/1999 1774/632/1999 1740/547/1999
f 1774/632/1999 1776/633/1999 1740/547/1999
f 1776/633/1999 1766/634/1999 1740/547/1999
f 1766/634/1999 1808/636/1999 1778/635/1999 1740/547/1999
f 1740/547/1999 1783/638/1999 1787/637/1999
f 1789/639/1999 1791/640/1999 1740/547/1999
f 1810/641/1999 1783/638/1999 1740/547/1999
f 1778/642/2069 1779/644/2070 1804/577/2071 1803/643/2072
f 1740/547/1999 1778/635/1999 1803/645/1999
s 0
f 1805/646/2073 1812/649/2073 1905/648/2073 1894/647/2073
s 1
f 1749/562/2074 1801/651/2074 1802/573/2074 1896/650/2075 1893/561/2076
f 1759/652/1999 1781/654/1999 1800/653/1999
f 1787/637/1999 1789/639/1999 1740/547/1999
f 1878/655/2077 1863/659/2077 1841/658/2077 1866/657/2077 1964/656/2077
f 1779/644/2070 1778/642/2069 1808/614/2045 1807/613/2044
f 1743/567/2005 1805/646/2078 1807/613/2078 1767/572/2005
f 1730/565/2005 1806/660/2078 1805/646/2078 1743/567/2005
f 1803/645/1999 1810/641/1999 1740/547/1999
f 1803/643/2072 1804/577/2071 1811/578/2062 1810/624/2061
f 1901/595/2079 1910/662/2079 1822/661/2079 1809/594/2079
f 1813/663/2078 1814/563/2078 1906/564/2078 1905/648/2078 1812/649/2078
f 1907/597/2080 1818/598/2081 1815/664/2082 1816/601/2083 1908/602/2080
f 1821/665/2007 1822/661/2007 1910/662/2007 1909/575/2007 1820/576/2007
f 1818/598/2081 1819/592/2084 1817/593/2084 1815/664/2082
f 1884/666/2078 1885/670/2078 1861/669/2085 1914/668/2086 1911/667/2087
f 1801/651/2088 1821/665/2088 1820/576/2088 1802/573/2088
f 1756/536/1995 1900/537/1994 1897/599/2089 1752/600/2090 1753/584/2090
f 1896/650/2075 1802/573/2074 1804/577/2074 1779/644/2085 1895/671/2086
f 1755/591/2091 1819/592/2091 1818/598/2023 1757/588/2022
f 1806/660/2092 1813/663/2092 1812/649/2092 1805/646/2092
f 1904/596/2020 1755/591/2019 1782/603/2029 1811/578/2010 1903/579/2009
f 1836/672/2093 1867/675/2094 1840/674/1989 1824/673/1989
f 1749/562/2074 1912/678/2074 1913/677/2075 1879/676/2095 1801/651/2074
f 1830/679/1996 1828/682/1997 1847/681/1997 1851/680/1996
f 1827/683/1998 1845/684/1998 1847/681/1997 1828/682/1997
f 1844/685/2077 1826/687/2077 1846/686/2077
f 1729/549/1998 1827/683/1998 1828/682/1997 1731/550/1997
f 1842/688/2077 1823/689/2077 1826/687/2077 1844/685/2077
f 1831/690/2000 1830/679/1996 1851/680/1996 1853/691/2000
f 1834/692/2001 1833/695/2002 1857/694/2002 1859/693/2001
f 1833/695/2002 1832/697/2003 1855/696/2003 1857/694/2002
f 1832/697/2003 1831/690/2000 1853/691/2000 1855/696/2003
f 1914/668/2086 1861/669/2085 1881/698/2096 1879/676/2095 1913/677/2075
f 1730/565/2005 1732/566/2001 1834/692/2001 1829/699/2005
f 1732/566/2001 1733/568/2002 1833/695/2002 1834/692/2001
f 1733/568/2002 1734/569/2003 1832/697/2003 1833/695/2002
f 1734/569/2003 1735/570/2000 1831/690/2000 1832/697/2003
f 1735/570/2000 1736/571/1996 1830/679/1996 1831/690/2000
f 1736/571/1996 1731/550/1997 1828/682/1997 1830/679/1996
f 1829/699/2005 1834/692/2001 1859/693/2001 1849/700/2005
s 0
f 1879/676/2097 1919/703/2097 1928/702/2097 1892/701/2097
s 1
f 1879/676/2095 1881/698/2096 1888/705/2010 1922/704/2009 1919/703/2098
s 0
f 1840/674/2011 1862/707/2011 1835/706/2011 1824/673/2011
s 1
f 1825/708/1998 1843/709/1998 1845/684/1998 1827/683/1998
f 1753/584/2012 1838/711/2099 1877/710/2099 1796/586/2012
f 1870/712/2100 1918/716/2101 1915/715/2102 1839/714/2103 1868/713/2104
f 1751/590/2017 1837/718/2017 1891/717/2017 1817/593/2017
f 1809/594/2018 1920/720/2018 1921/719/2105 1837/718/2019 1751/590/2018
f 1867/675/2094 1836/672/2093 1838/711/2106 1872/721/2107
f 1839/714/2108 1915/715/2109 1926/723/2110 1890/722/2111
f 1916/724/2112 1752/600/2028 1816/601/2028 1925/725/2113
f 1868/713/2104 1839/714/2103 1837/718/2019 1864/726/2029
f 1845/684/2114 1843/709/2114 1842/728/2114 1844/727/2114
f 1849/700/2115 1859/693/2116 1858/730/2117 1848/729/2118
f 1859/693/2116 1857/694/2119 1856/731/2120 1858/730/2117
f 1857/694/2119 1855/696/2121 1854/732/2122 1856/731/2120
f 1855/696/2121 1853/691/2123 1852/733/2124 1854/732/2122
f 1853/691/2123 1851/680/2125 1850/734/2126 1852/733/2124
f 1851/680/2125 1847/681/2127 1846/735/2128 1850/734/2126
f 1885/670/2129 1849/700/2115 1848/729/2118 1886/736/2129
f 1844/727/2114 1846/735/2128 1847/681/2127 1845/684/2114
s 0
f 1841/737/2130 1863/738/2130 1862/707/2130 1840/674/2130
s 1
f 1873/739/2131 1866/740/2132 1867/675/2133 1872/721/2134
f 1871/741/2135 1873/739/2131 1872/721/2134 1870/712/2136
f 1869/742/2137 1871/741/2135 1870/712/2136 1868/713/2138
f 1865/743/2139 1869/742/2137 1868/713/2138 1864/726/2140
f 1866/740/2132 1841/737/2141 1840/674/2141 1867/675/2133
f 1836/672/2142 1824/673/2143 1874/745/2143 1876/744/2144
f 1887/746/2145 1865/743/2139 1864/726/2140 1888/705/2146
f 1874/745/2011 1875/747/2011 1794/626/2011 1793/627/2011
f 1797/628/2063 1876/744/2147 1874/745/1989 1793/627/1989
f 1876/744/2147 1797/628/2063 1796/586/2066 1877/710/2148
s 0
f 1824/673/2149 1835/706/2149 1875/747/2149 1874/745/2149
s 1
f 1838/711/2150 1836/672/2142 1876/744/2144 1877/710/2150
f 1846/686/2077 1826/687/2077 1850/748/2077
f 1850/748/2077 1826/687/2077 1852/749/2077
f 1852/749/2077 1826/687/2077 1854/750/2077
f 1854/750/2077 1826/687/2077 1856/751/2077
f 1856/751/2077 1826/687/2077 1858/752/2077
f 1858/752/2077 1826/687/2077 1848/753/2077
f 1848/753/2077 1826/687/2077 1860/755/2077 1886/754/2077
f 1826/687/2077 1869/757/2077 1865/756/2077
f 1871/758/2077 1826/687/2077 1873/759/2077
f 1887/760/2077 1826/687/2077 1865/756/2077
f 1860/761/2151 1880/762/2152 1881/698/2153 1861/669/2154
f 1826/687/2077 1880/763/2077 1860/755/2077
f 1872/721/2107 1838/711/2106 1917/764/2155 1918/716/2101 1870/712/2100
f 1912/678/2004 1749/562/2004 1814/563/2004 1923/765/2004
f 1869/757/2077 1826/687/2077 1871/758/2077
f 1826/687/2077 1866/657/2077 1873/759/2077
f 1861/669/2154 1885/670/2129 1886/736/2129 1860/761/2151
f 1829/699/2005 1849/700/2005 1885/670/2078 1884/666/2078
f 1730/565/2005 1829/699/2005 1884/666/2078 1806/660/2078
f 1880/763/2077 1826/687/2077 1887/760/2077
f 1880/762/2152 1887/746/2145 1888/705/2146 1881/698/2153
f 1920/720/2079 1809/594/2079 1822/661/2079 1927/766/2079
f 1813/663/2078 1889/768/2078 1924/767/2078 1923/765/2078 1814/563/2078
f 1925/725/2083 1816/601/2083 1815/664/2082 1890/722/2081 1926/723/2083
f 1821/665/2007 1892/701/2007 1928/702/2007 1927/766/2007 1822/661/2007
f 1890/722/2081 1815/664/2082 1817/593/2084 1891/717/2156
f 1801/651/2088 1879/676/2088 1892/701/2088 1821/665/2088
f 1838/711/2106 1753/584/2090 1752/600/2090 1916/724/2157 1917/764/2155
s 0
f 1884/666/2158 1911/667/2158 1924/767/2158 1889/768/2158
s 1
f 1837/718/2159 1839/714/2108 1890/722/2111 1891/717/2159
f 1806/660/2092 1884/666/2092 1889/768/2092 1813/663/2092
f 1922/704/2009 1888/705/2010 1864/726/2029 1837/718/2019 1921/719/2105
f 1893/561/2076 1896/650/2075 1895/671/2086 1894/647/2087
f 1897/599/2089 1900/537/1994 1899/538/1993 1898/587/2016
f 1901/595/2021 1904/596/2020 1903/579/2009 1902/574/2008
f 1911/667/2087 1914/668/2086 1913/677/2075 1912/678/2160
f 1915/715/2102 1918/716/2101 1917/764/2155 1916/724/2157
f 1919/703/2098 1922/704/2009 1921/719/2105 1920/720/2161
s 0
f 1901/595/2162 1902/574/2162 1909/575/2162 1910/662/2162
s 1
f 1907/597/2024 1908/602/2027 1897/599/2026 1898/587/2025
s 0
f 1893/561/2163 1894/647/2163 1905/648/2163 1906/564/2163
f 1919/703/2164 1920/720/2164 1927/766/2164 1928/702/2164
s 1
f 1925/725/2113 1926/723/2110 1915/715/2109 1916/724/2112
s 0
f 1911/667/2165 1912/678/2165 1923/765/2165 1924/767/2165
s 1
f 1805/646/2166 1894/647/2087 1895/671/2086 1779/644/2085 1807/613/2166
s 0
f 1949/769/2167 1976/772/2167 1975/771/2167 1948/770/2167
s 1
f 1761/773/2168 1936/776/2169 1931/775/2170 1739/774/2170
s 0
f 1862/777/2171 1948/770/2171 1945/779/2171 1835/778/2171
f 1781/780/2172 1938/783/2172 1941/782/2172 1800/781/2172
s 1
f 1794/784/2173 1939/787/2173 1940/786/2173 1795/785/2173
s 0
f 1739/774/2174 1931/775/2174 1933/789/2174 1741/788/2174
s 1
f 1939/787/2175 1974/791/2175 1972/790/2175 1940/786/2175
s 0
f 1827/792/2176 1944/795/2176 1943/794/2176 1825/793/2176
s 1
f 1883/796/2177 1882/799/2178 1942/798/2179 1959/797/2180
s 0
f 1948/770/2181 1975/771/2181 1973/800/2181 1945/779/2181
s 1
f 1938/783/2182 1969/802/2183 1966/801/2184 1941/782/2182
f 1875/803/2173 1950/804/2173 1939/787/2173 1794/784/2173
f 1760/805/2185 1935/806/2186 1936/776/2169 1761/773/2168
f 1950/804/2175 1971/807/2175 1974/791/2175 1939/787/2175
f 1825/793/2187 1943/794/2187 1947/809/2188 1843/808/2189
f 1729/810/2190 1929/811/2190 1944/795/2190 1827/792/2190
f 1741/788/2190 1933/789/2190 1929/811/2190 1729/810/2190
f 1800/812/2191 1941/815/2191 1966/814/2192 1967/813/2192
f 1843/808/2189 1947/809/2188 1946/817/2193 1842/816/2194
f 1932/818/2195 1952/821/2196 1954/820/2197 1930/819/2198
s 0
f 1878/822/2199 1951/825/2199 1949/824/2199 1863/823/2199
f 1823/826/2200 1942/829/2200 1882/828/2200 1826/827/2200
f 1937/830/2201 1968/833/2201 1969/832/2201 1938/831/2201
f 1835/778/2202 1945/779/2202 1950/804/2202 1875/803/2202
s 1
f 1951/825/2203 1965/835/2204 1976/834/2205 1949/824/2203
f 1842/816/2194 1946/817/2193 1942/829/2206 1823/826/2206
s 0
f 1940/786/2207 1972/790/2207 1970/837/2207 1934/836/2207
s 1
f 1737/838/2208 1930/841/2208 1935/840/2186 1760/839/2185
s 0
f 1795/785/2209 1940/786/2209 1934/836/2209 1750/842/2209
f 1945/779/2210 1973/800/2210 1971/807/2210 1950/804/2210
f 1740/843/2211 1932/844/2211 1930/841/2211 1737/838/2211
f 1780/845/2212 1937/830/2212 1938/831/2212 1781/846/2212
f 1934/836/2181 1970/837/2181 1968/833/2181 1937/830/2181
f 1863/847/2213 1949/769/2213 1948/770/2213 1862/777/2213
s 1
f 1826/848/2214 1882/851/2214 1965/850/2215 1964/849/2215
s 0
f 1750/842/2171 1934/836/2171 1937/830/2171 1780/845/2171
s 1
f 1935/852/2216 1957/855/2217 1958/854/2218 1936/853/2218
f 1929/856/2219 1953/859/2219 1961/858/2220 1944/857/2221
f 1933/860/2222 1956/861/2223 1953/859/2219 1929/856/2219
f 1944/857/2221 1961/858/2220 1960/863/2224 1943/862/2225
f 1936/853/2226 1958/854/2226 1955/865/2227 1931/864/2228
f 1930/819/2198 1954/820/2197 1957/867/2217 1935/866/2216
f 1943/862/2225 1960/863/2224 1963/869/2229 1947/868/2229
f 1946/870/2230 1962/871/2231 1959/797/2180 1942/798/2179
f 1931/864/2228 1955/865/2227 1956/861/2232 1933/860/2222
f 1947/868/2233 1963/869/2233 1962/871/2231 1946/870/2230
s 0
f 1953/859/2234 1956/861/2234 1955/865/2234 1958/854/2234 1957/867/2234 1954/820/2234 1959/797/2234 1962/871/2234 1963/869/2234 1960/863/2234 1961/858/2234
s 1
f 1966/814/2192 1932/844/2235 1740/843/2235 1967/813/2192
f 1969/802/2183 1952/821/2196 1932/818/2195 1966/801/2184
f 1866/657/2077 1826/687/2077 1964/656/2077
f 1965/835/2204 1882/873/2178 1883/872/2177 1976/834/2205
f 1967/874/1999 1740/547/1999 1791/640/1999 1784/875/1999
f 1965/850/2215 1951/877/2236 1878/876/2236 1964/849/2215
f 1784/875/1999 1759/652/1999 1800/653/1999 1967/874/1999
f 2040/878/2237 2008/881/2238 1978/880/2239 2025/879/2240
f 2000/882/2241 2052/885/2242 2053/884/2243 2002/883/2244
f 1977/886/2245 2009/889/2245 2010/888/2246 1979/887/2246
f 2027/890/2247 2026/893/2248 1980/892/2249 1982/891/2250
f 2028/894/2251 2027/890/2247 1982/891/2250 1984/895/2252
f 2029/896/2253 2028/894/2251 1984/895/2252 1986/897/2254
f 2030/898/2255 2029/896/2253 1986/897/2254 1988/899/2256
f 2031/900/2257 2030/898/2255 1988/899/2256 1990/901/2258
f 2032/902/2259 2031/900/2257 1990/901/2258 1992/903/2260
f 2033/904/2261 2032/902/2259 1992/903/2260 1994/905/2262
f 2034/906/2263 2033/904/2261 1994/905/2262 1996/907/2264
f 2035/908/2265 2034/906/2263 1996/907/2264 1998/909/2266
f 2036/910/2267 2035/908/2265 1998/909/2266 2000/882/2241
f 2037/911/2268 2036/910/2267 2000/882/2241 2002/883/2244
f 2038/912/2269 2037/911/2268 2002/883/2244 2004/913/2270
f 2039/914/2271 2038/912/2269 2004/913/2270 2006/915/2272
f 2040/878/2237 2039/914/2271 2006/915/2272 2008/881/2238
f 1990/901/2258 2047/917/2273 2048/916/2274 1992/903/2260
f 2009/918/2275 2025/921/2275 2026/920/2276 2010/919/2276
s 0
f 1977/922/1999 1979/937/1999 1981/936/1999 1983/935/1999 1985/934/1999 1987/933/1999 1989/932/1999 1991/931/1999 1993/930/1999 1995/929/1999 1997/928/1999 1999/927/1999 2001/926/1999 2003/925/1999 2005/924/1999 2007/923/1999
s 1
f 1977/938/2245 2007/941/2277 2024/940/2277 2009/939/2245
f 2005/942/2278 2023/943/2278 2024/940/2277 2007/941/2277
f 2003/944/2279 2022/945/2279 2023/943/2278 2005/942/2278
f 2001/946/2280 2021/947/2280 2022/945/2279 2003/944/2279
f 1999/948/2281 2020/949/2281 2021/947/2280 2001/946/2280
f 1997/950/2282 2019/951/2282 2020/949/2281 1999/948/2281
f 1995/952/2283 2018/953/2283 2019/951/2282 1997/950/2282
f 1993/954/2284 2017/955/2284 2018/953/2283 1995/952/2283
f 1991/956/2285 2016/957/2285 2017/955/2284 1993/954/2284
f 1989/958/2286 2015/959/2286 2016/957/2285 1991/956/2285
f 1987/960/2287 2014/961/2287 2015/959/2286 1989/958/2286
f 1985/962/2288 2013/963/2288 2014/961/2287 1987/960/2287
f 1983/964/2289 2012/965/2289 2013/963/2288 1985/962/2288
f 1981/966/2290 2011/967/2290 2012/965/2289 1983/964/2289
f 1979/887/2246 2010/888/2246 2011/967/2290 1981/966/2290
f 2026/893/2248 2025/969/2240 1978/968/2239 1980/892/2249
f 2024/970/2291 2040/971/2291 2025/921/2275 2009/918/2275
f 2023/972/2292 2039/973/2292 2040/971/2291 2024/970/2291
f 2022/974/2293 2038/975/2293 2039/973/2292 2023/972/2292
f 2021/976/2294 2037/977/2294 2038/975/2293 2022/974/2293
f 2020/978/2295 2036/979/2295 2037/977/2294 2021/976/2294
f 2019/980/2296 2035/981/2296 2036/979/2295 2020/978/2295
f 2018/982/2297 2034/983/2297 2035/981/2296 2019/980/2296
f 2017/984/2298 2033/985/2298 2034/983/2297 2018/982/2297
f 2016/986/2299 2032/987/2299 2033/985/2298 2017/984/2298
f 2015/988/2300 2031/989/2300 2032/987/2299 2016/986/2299
f 2014/990/2301 2030/991/2301 2031/989/2300 2015/988/2300
f 2013/992/2302 2029/993/2302 2030/991/2301 2014/990/2301
f 2012/994/2303 2028/995/2303 2029/993/2302 2013/992/2302
f 2011/996/2304 2027/997/2304 2028/995/2303 2012/994/2303
f 2010/919/2276 2026/920/2276 2027/997/2304 2011/996/2304
f 1982/891/2250 2043/999/2305 2044/998/2306 1984/895/2252
f 1992/903/2260 2048/916/2274 2049/1000/2307 1994/905/2262
f 1984/895/2252 2044/998/2306 2045/1001/2308 1986/897/2254
f 2002/883/2244 2053/884/2243 2054/1002/2309 2004/913/2270
f 1994/905/2262 2049/1000/2307 2050/1003/2310 1996/907/2264
f 2008/881/2238 2056/1005/2311 2041/1004/2312 1978/880/2239
f 1986/897/2254 2045/1001/2308 2046/1006/2313 1988/899/2256
f 2004/913/2270 2054/1002/2309 2055/1007/2314 2006/915/2272
f 1978/968/2239 2041/1009/2312 2042/1008/2315 1980/892/2249
f 1996/907/2264 2050/1003/2310 2051/1010/2316 1998/909/2266
f 1988/899/2256 2046/1006/2313 2047/917/2273 1990/901/2258
f 2006/915/2272 2055/1007/2314 2056/1005/2311 2008/881/2238
f 1980/892/2249 2042/1008/2315 2043/999/2305 1982/891/2250
f 1998/909/2266 2051/1010/2316 2052/885/2242 2000/882/2241
f 2120/878/2317 2105/879/2318 2058/880/2319 2088/881/2320
f 2080/882/2321 2082/883/2322 2053/884/2243 2052/885/2242
f 2057/886/2323 2059/887/2324 2090/888/2324 2089/889/2323
f 2107/890/2325 2062/891/2326 2060/892/2327 2106/893/2328
f 2108/894/2329 2064/895/2330 2062/891/2326 2107/890/2325
f 2109/896/2331 2066/897/2332 2064/895/2330 2108/894/2329
f 2110/898/2333 2068/899/2334 2066/897/2332 2109/896/2331
f 2111/900/2335 2070/901/2336 2068/899/2334 2110/898/2333
f 2112/902/2337 2072/903/2338 2070/901/2336 2111/900/2335
f 2113/904/2339 2074/905/2340 2072/903/2338 2112/902/2337
f 2114/906/2341 2076/907/2342 2074/905/2340 2113/904/2339
f 2115/908/2343 2078/909/2344 2076/907/2342 2114/906/2341
f 2116/910/2345 2080/882/2321 2078/909/2344 2115/908/2343
f 2117/911/2346 2082/883/2322 2080/882/2321 2116/910/2345
f 2118/912/2347 2084/913/2348 2082/883/2322 2117/911/2346
f 2119/914/2349 2086/915/2350 2084/913/2348 2118/912/2347
f 2120/878/2317 2088/881/2320 2086/915/2350 2119/914/2349
f 2070/901/2336 2072/903/2338 2048/916/2274 2047/917/2273
f 2089/918/2351 2090/919/2352 2106/920/2352 2105/921/2351
s 0
f 2057/922/2077 2087/923/2077 2085/924/2077 2083/925/2077 2081/926/2077 2079/927/2077 2077/928/2077 2075/929/2077 2073/930/2077 2071/931/2077 2069/932/2077 2067/933/2077 2065/934/2077 2063/935/2077 2061/936/2077 2059/937/2077
s 1
f 2057/938/2323 2089/939/2323 2104/940/2353 2087/941/2353
f 2085/942/2354 2087/941/2353 2104/940/2353 2103/943/2354
f 2083/944/2355 2085/942/2354 2103/943/2354 2102/945/2355
f 2081/946/2356 2083/944/2355 2102/945/2355 2101/947/2356
f 2079/948/2357 2081/946/2356 2101/947/2356 2100/949/2357
f 2077/950/2358 2079/948/2357 2100/949/2357 2099/951/2358
f 2075/952/2359 2077/950/2358 2099/951/2358 2098/953/2359
f 2073/954/2360 2075/952/2359 2098/953/2359 2097/955/2360
f 2071/956/2361 2073/954/2360 2097/955/2360 2096/957/2361
f 2069/958/2362 2071/956/2361 2096/957/2361 2095/959/2362
f 2067/960/2363 2069/958/2362 2095/959/2362 2094/961/2363
f 2065/962/2364 2067/960/2363 2094/961/2363 2093/963/2364
f 2063/964/2365 2065/962/2364 2093/963/2364 2092/965/2365
f 2061/966/2366 2063/964/2365 2092/965/2365 2091/967/2366
f 2059/887/2324 2061/966/2366 2091/967/2366 2090/888/2324
f 2106/893/2328 2060/892/2327 2058/968/2319 2105/969/2318
f 2104/970/2367 2089/918/2351 2105/921/2351 2120/971/2367
f 2103/972/2368 2104/970/2367 2120/971/2367 2119/973/2368
f 2102/974/2369 2103/972/2368 2119/973/2368 2118/975/2369
f 2101/976/2370 2102/974/2369 2118/975/2369 2117/977/2370
f 2100/978/2371 2101/976/2370 2117/977/2370 2116/979/2371
f 2099/980/2372 2100/978/2371 2116/979/2371 2115/981/2372
f 2098/982/2373 2099/980/2372 2115/981/2372 2114/983/2373
f 2097/984/2374 2098/982/2373 2114/983/2373 2113/985/2374
f 2096/986/2375 2097/984/2374 2113/985/2374 2112/987/2375
f 2095/988/2376 2096/986/2375 2112/987/2375 2111/989/2376
f 2094/990/2377 2095/988/2376 2111/989/2376 2110/991/2377
f 2093/992/2378 2094/990/2377 2110/991/2377 2109/993/2378
f 2092/994/2379 2093/992/2378 2109/993/2378 2108/995/2379
f 2091/996/2380 2092/994/2379 2108/995/2379 2107/997/2380
f 2090/919/2352 2091/996/2380 2107/997/2380 2106/920/2352
f 2062/891/2326 2064/895/2330 2044/998/2306 2043/999/2305
f 2072/903/2338 2074/905/2340 2049/1000/2307 2048/916/2274
f 2064/895/2330 2066/897/2332 2045/1001/2308 2044/998/2306
f 2082/883/2322 2084/913/2348 2054/1002/2309 2053/884/2243
f 2074/905/2340 2076/907/2342 2050/1003/2310 2049/1000/2307
f 2088/881/2320 2058/880/2319 2041/1004/2312 2056/1005/2311
f 2066/897/2332 2068/899/2334 2046/1006/2313 2045/1001/2308
f 2084/913/2348 2086/915/2350 2055/1007/2314 2054/1002/2309
f 2058/968/2319 2060/892/2327 2042/1008/2315 2041/1009/2312
f 2076/907/2342 2078/909/2344 2051/1010/2316 2050/1003/2310
f 2068/899/2334 2070/901/2336 2047/917/2273 2046/1006/2313
f 2086/915/2350 2088/881/2320 2056/1005/2311 2055/1007/2314
f 2060/892/2327 2062/891/2326 2043/999/2305 2042/1008/2315
f 2078/909/2344 2080/882/2321 2052/885/2242 2051/1010/2316
f 2139/1011/2381 2149/1014/2382 2152/1013/2383 2156/1012/2384
f 2155/1015/2385 2160/1018/2386 2166/1017/2387 2179/1016/2388
f 2135/1019/2389 2147/1022/2390 2153/1021/2391 2154/1020/2392
f 2125/1023/2393 2137/1024/2394 2152/1013/2395 2149/1014/2396
f 2136/1025/2397 2158/1028/2398 2126/1027/2399 2140/1026/2400
f 2137/1024/2394 2122/1030/2401 2146/1029/2401 2152/1013/2395
f 2126/1027/2399 2135/1019/2389 2154/1020/2392 2140/1026/2400
f 2163/1031/2402 2150/1034/2403 2142/1033/2404 2162/1032/2405
f 2175/1035/2406 2171/1036/2407 2158/1028/2398 2136/1025/2397
f 2123/1037/2408 2134/1038/2409 2153/1021/2410 2147/1022/2408
f 2152/1013/2383 2146/1029/2411 2157/1039/2412 2156/1012/2384
f 2134/1038/2409 2121/1041/2413 2131/1040/2413 2153/1021/2410
f 2171/1036/2407 2172/1043/2414 2138/1042/2415 2158/1028/2398
f 2170/1044/2416 2174/1046/2417 2162/1032/2405 2143/1045/2418
f 2175/1035/2406 2136/1025/2397 2155/1015/2419 2179/1016/2420
f 2139/1011/2381 2156/1012/2384 2135/1019/2389 2126/1027/2399
f 2161/1047/2421 2125/1023/2393 2149/1014/2396 2133/1048/2422
f 2173/1049/2423 2170/1044/2416 2143/1045/2418 2164/1050/2424
f 2157/1039/2412 2147/1022/2390 2135/1019/2389 2156/1012/2384
f 2148/1051/2425 2124/1052/2426 2160/1018/2386 2155/1015/2385
f 2174/1046/2417 2178/1053/2427 2163/1031/2402 2162/1032/2405
f 2136/1025/2397 2140/1026/2400 2148/1051/2428 2155/1015/2419
f 2154/1020/2392 2153/1021/2391 2131/1040/2429 2159/1054/2430
f 2122/1030/2431 2132/1055/2432 2157/1039/2433 2146/1029/2431
f 2159/1054/2430 2148/1051/2428 2140/1026/2400 2154/1020/2392
f 2132/1055/2432 2123/1037/2408 2147/1022/2408 2157/1039/2433
f 2138/1042/2415 2133/1048/2434 2149/1014/2382 2139/1011/2381
f 2144/1056/2435 2168/1059/2436 2177/1058/2437 2165/1057/2438
f 2121/1041/2439 2130/1060/2440 2159/1054/2441 2131/1040/2439
f 2130/1060/2440 2124/1052/2426 2148/1051/2425 2159/1054/2441
f 2164/1050/2424 2141/1062/2442 2151/1061/2443 2165/1057/2444
f 2162/1032/2405 2142/1033/2404 2129/1063/2445 2143/1045/2418
f 2145/1064/2446 2127/1065/2447 2150/1034/2447 2163/1031/2448
f 2169/1066/2449 2161/1047/2421 2133/1048/2422 2176/1067/2450
f 2177/1058/2451 2173/1049/2423 2164/1050/2424 2165/1057/2444
f 2143/1045/2418 2129/1063/2445 2141/1062/2442 2164/1050/2424
f 2172/1043/2414 2176/1067/2452 2133/1048/2434 2138/1042/2415
f 2144/1056/2435 2165/1057/2438 2151/1061/2453 2128/1068/2453
f 2158/1028/2398 2138/1042/2415 2139/1011/2381 2126/1027/2399
f 2171/1036/2407 2170/1044/2416 2173/1049/2423 2172/1043/2414
f 2175/1035/2406 2174/1046/2417 2170/1044/2416 2171/1036/2407
f 2172/1043/2414 2173/1049/2423 2177/1058/2451 2176/1067/2452
f 2176/1067/2450 2177/1058/2437 2168/1059/2436 2169/1066/2449
f 2174/1046/2417 2175/1035/2406 2179/1016/2420 2178/1053/2427
f 2178/1053/2454 2179/1016/2388 2166/1017/2387 2167/1069/2455
f 2178/1053/2454 2167/1069/2455 2145/1064/2446 2163/1031/2448
s 0
f 2141/1070/2456 2129/1076/2456 2142/1075/2456 2150/1074/2456 2127/1073/2456 2128/1072/2456 2151/1071/2456
f 2187/1077/2457 2183/1080/2457 2188/1079/2457 2190/1078/2457
f 2185/1081/1999 2187/1084/1999 2190/1083/1999 2191/1082/1999
f 2181/1085/2458 2185/1081/2458 2191/1082/2458 2189/1086/2458
f 2180/1087/2459 2184/1090/2459 2192/1089/2459 2194/1088/2459
f 2186/1091/2460 2182/1094/2460 2195/1093/2460 2193/1092/2460
f 2182/1094/2461 2180/1096/2461 2194/1095/2461 2195/1093/2461
f 2183/1097/2077 2181/1085/2077 2189/1086/2077 2188/1098/2077
f 2184/1099/2462 2186/1091/2462 2193/1092/2462 2192/1100/2462
s 1
f 2292/1101/2463 2293/1104/2464 2199/1103/2465 2197/1102/2466
f 2293/1104/2464 2294/1106/2467 2201/1105/2468 2199/1103/2465
f 2294/1106/2467 2295/1108/2469 2203/1107/2470 2201/1105/2468
f 2295/1108/2469 2296/1110/2471 2205/1109/2472 2203/1107/2470
f 2296/1110/2471 2297/1112/2473 2207/1111/2474 2205/1109/2472
f 2297/1112/2473 2298/1114/2475 2209/1113/2476 2207/1111/2474
f 2298/1114/2475 2299/1116/2477 2211/1115/2478 2209/1113/2476
f 2299/1116/2477 2300/1118/2479 2213/1117/2480 2211/1115/2478
f 2300/1118/2479 2301/1120/2481 2215/1119/2482 2213/1117/2480
f 2301/1120/2481 2302/1122/2483 2217/1121/2484 2215/1119/2482
f 2302/1122/2483 2303/1124/2485 2219/1123/2486 2217/1121/2484
f 2303/1124/2485 2304/1126/2487 2221/1125/2488 2219/1123/2486
f 2304/1126/2487 2305/1128/2489 2223/1127/2490 2221/1125/2488
f 2305/1128/2489 2306/1130/2491 2225/1129/2492 2223/1127/2490
f 2306/1130/2491 2307/1132/2493 2227/1131/2494 2225/1129/2492
f 2307/1132/2493 2308/1134/2495 2229/1133/2496 2227/1131/2494
f 2308/1134/2495 2309/1136/2497 2231/1135/2498 2229/1133/2496
f 2309/1136/2497 2310/1138/2499 2233/1137/2500 2231/1135/2498
f 2310/1138/2499 2311/1140/2501 2235/1139/2502 2233/1137/2500
f 2311/1140/2501 2312/1142/2503 2237/1141/2504 2235/1139/2502
f 2312/1142/2503 2313/1144/2505 2239/1143/2506 2237/1141/2504
f 2313/1144/2505 2314/1146/2507 2241/1145/2508 2239/1143/2506
f 2314/1146/2507 2315/1148/2509 2243/1147/2510 2241/1145/2508
f 2315/1148/2509 2316/1150/2511 2245/1149/2512 2243/1147/2510
f 2316/1150/2511 2317/1152/2513 2247/1151/2514 2245/1149/2512
f 2317/1152/2513 2318/1154/2515 2249/1153/2516 2247/1151/2514
f 2318/1154/2515 2319/1156/2517 2251/1155/2518 2249/1153/2516
f 2319/1156/2517 2320/1158/2519 2253/1157/2520 2251/1155/2518
f 2320/1158/2519 2321/1160/2521 2255/1159/2522 2253/1157/2520
f 2321/1160/2521 2322/1162/2523 2257/1161/2524 2255/1159/2522
f 2258/1163/2525 2196/1166/2526 2260/1165/2526 2291/1164/2525
f 2322/1162/2523 2323/1168/2527 2259/1167/2528 2257/1161/2524
f 2323/1169/2527 2292/1101/2463 2197/1102/2466 2259/1170/2528
f 2256/1171/2529 2258/1174/2525 2291/1173/2525 2290/1172/2529
f 2254/1175/2530 2256/1171/2529 2290/1172/2529 2289/1176/2530
f 2252/1177/2531 2254/1175/2530 2289/1176/2530 2288/1178/2531
f 2250/1179/2532 2252/1177/2531 2288/1178/2531 2287/1180/2532
f 2248/1181/2533 2250/1179/2532 2287/1180/2532 2286/1182/2533
f 2246/1183/2534 2248/1181/2533 2286/1182/2533 2285/1184/2534
f 2244/1185/2535 2246/1183/2534 2285/1184/2534 2284/1186/2535
f 2242/1187/2536 2244/1185/2535 2284/1186/2535 2283/1188/2536
f 2240/1189/2537 2242/1187/2536 2283/1188/2536 2282/1190/2537
f 2238/1191/2538 2240/1189/2537 2282/1190/2537 2281/1192/2538
f 2236/1193/2539 2238/1191/2538 2281/1192/2538 2280/1194/2539
f 2234/1195/2540 2236/1193/2539 2280/1194/2539 2279/1196/2540
f 2232/1197/2541 2234/1195/2540 2279/1196/2540 2278/1198/2541
f 2230/1199/2542 2232/1197/2541 2278/1198/2541 2277/1200/2542
f 2228/1201/2543 2230/1199/2542 2277/1200/2542 2276/1202/2543
f 2226/1203/2544 2228/1201/2543 2276/1202/2543 2275/1204/2544
f 2224/1205/2545 2226/1203/2544 2275/1204/2544 2274/1206/2545
f 2222/1207/2546 2224/1205/2545 2274/1206/2545 2273/1208/2546
f 2220/1209/2547 2222/1207/2546 2273/1208/2546 2272/1210/2547
f 2218/1211/2548 2220/1209/2547 2272/1210/2547 2271/1212/2548
f 2216/1213/2549 2218/1211/2548 2271/1212/2548 2270/1214/2549
f 2214/1215/2550 2216/1213/2549 2270/1214/2549 2269/1216/2550
f 2212/1217/2551 2214/1215/2550 2269/1216/2550 2268/1218/2551
f 2210/1219/2552 2212/1217/2551 2268/1218/2551 2267/1220/2552
f 2208/1221/2553 2210/1219/2552 2267/1220/2552 2266/1222/2553
f 2206/1223/2554 2208/1221/2553 2266/1222/2553 2265/1224/2554
f 2204/1225/2555 2206/1223/2554 2265/1224/2554 2264/1226/2555
f 2202/1227/2556 2204/1225/2555 2264/1226/2555 2263/1228/2556
f 2200/1229/2557 2202/1227/2556 2263/1228/2556 2262/1230/2557
f 2198/1231/2558 2200/1229/2557 2262/1230/2557 2261/1232/2558
f 2196/1166/2526 2198/1231/2558 2261/1232/2558 2260/1165/2526
f 2291/1233/2559 2260/1236/2560 2292/1235/2560 2323/1234/2559
f 2290/1237/2561 2291/1240/2559 2323/1239/2559 2322/1238/2561
f 2289/1241/2562 2290/1237/2561 2322/1238/2561 2321/1242/2562
f 2288/1243/2563 2289/1241/2562 2321/1242/2562 2320/1244/2563
f 2287/1245/2564 2288/1243/2563 2320/1244/2563 2319/1246/2564
f 2286/1247/2565 2287/1245/2564 2319/1246/2564 2318/1248/2565
f 2285/1249/2566 2286/1247/2565 2318/1248/2565 2317/1250/2566
f 2284/1251/2567 2285/1249/2566 2317/1250/2566 2316/1252/2567
f 2283/1253/2568 2284/1251/2567 2316/1252/2567 2315/1254/2568
f 2282/1255/2569 2283/1253/2568 2315/1254/2568 2314/1256/2569
f 2281/1257/2570 2282/1255/2569 2314/1256/2569 2313/1258/2570
f 2280/1259/2571 2281/1257/2570 2313/1258/2570 2312/1260/2571
f 2279/1261/2572 2280/1259/2571 2312/1260/2571 2311/1262/2572
f 2278/1263/2573 2279/1261/2572 2311/1262/2572 2310/1264/2573
f 2277/1265/2574 2278/1263/2573 2310/1264/2573 2309/1266/2574
f 2276/1267/2575 2277/1265/2574 2309/1266/2574 2308/1268/2575
f 2275/1269/2576 2276/1267/2575 2308/1268/2575 2307/1270/2576
f 2274/1271/2577 2275/1269/2576 2307/1270/2576 2306/1272/2577
f 2273/1273/2578 2274/1271/2577 2306/1272/2577 2305/1274/2578
f 2272/1275/2579 2273/1273/2578 2305/1274/2578 2304/1276/2579
f 2271/1277/2580 2272/1275/2579 2304/1276/2579 2303/1278/2580
f 2270/1279/2581 2271/1277/2580 2303/1278/2580 2302/1280/2581
f 2269/1281/2582 2270/1279/2581 2302/1280/2581 2301/1282/2582
f 2268/1283/2583 2269/1281/2582 2301/1282/2582 2300/1284/2583
f 2267/1285/2584 2268/1283/2583 2300/1284/2583 2299/1286/2584
f 2266/1287/2585 2267/1285/2584 2299/1286/2584 2298/1288/2585
f 2265/1289/2586 2266/1287/2585 2298/1288/2585 2297/1290/2586
f 2264/1291/2587 2265/1289/2586 2297/1290/2586 2296/1292/2587
f 2263/1293/2588 2264/1291/2587 2296/1292/2587 2295/1294/2588
f 2262/1295/2589 2263/1293/2588 2295/1294/2588 2294/1296/2589
f 2261/1297/2590 2262/1295/2589 2294/1296/2589 2293/1298/2590
f 2260/1236/2560 2261/1297/2590 2293/1298/2590 2292/1235/2560
f 2418/1299/2591 2325/1302/2592 2327/1301/2593 2419/1300/2594
f 2419/1300/2594 2327/1301/2593 2329/1304/2595 2420/1303/2596
f 2420/1303/2596 2329/1304/2595 2331/1306/2597 2421/1305/2598
f 2421/1305/2598 2331/1306/2597 2333/1308/2599 2422/1307/2600
f 2422/1307/2600 2333/1308/2599 2335/1310/2601 2423/1309/2602
f 2423/1309/2602 2335/1310/2601 2337/1312/2603 2424/1311/2604
f 2424/1311/2604 2337/1312/2603 2339/1314/2605 2425/1313/2606
f 2425/1313/2606 2339/1314/2605 2341/1316/2607 2426/1315/2608
f 2426/1315/2608 2341/1316/2607 2342/1318/2609 2427/1317/2610
f 2427/1317/2610 2342/1318/2609 2344/1320/2611 2428/1319/2612
f 2428/1319/2612 2344/1320/2611 2346/1322/2613 2429/1321/2614
f 2429/1321/2614 2346/1322/2613 2348/1324/2615 2430/1323/2616
f 2430/1323/2616 2348/1324/2615 2350/1326/2617 2431/1325/2618
f 2431/1325/2618 2350/1326/2617 2352/1328/2619 2432/1327/2620
f 2432/1327/2620 2352/1328/2619 2354/1330/2621 2433/1329/2622
f 2433/1329/2622 2354/1330/2621 2356/1332/2623 2434/1331/2624
f 2434/1331/2624 2356/1332/2623 2358/1334/2625 2435/1333/2626
f 2435/1333/2626 2358/1334/2625 2360/1336/2627 2436/1335/2628
f 2436/1335/2628 2360/1336/2627 2362/1338/2629 2437/1337/2630
f 2437/1337/2630 2362/1338/2629 2364/1340/2631 2438/1339/2632
f 2438/1339/2632 2364/1340/2631 2366/1342/2633 2439/1341/2634
f 2439/1341/2634 2366/1342/2633 2368/1344/2635 2440/1343/2636
f 2440/1343/2636 2368/1344/2635 2370/1346/2637 2441/1345/2638
f 2441/1345/2638 2370/1346/2637 2372/1348/2639 2442/1347/2640
f 2442/1347/2640 2372/1348/2639 2373/1350/2641 2443/1349/2642
f 2443/1349/2642 2373/1350/2641 2375/1352/2643 2444/1351/2644
f 2444/1351/2644 2375/1352/2643 2377/1354/2645 2445/1353/2646
f 2445/1353/2646 2377/1354/2645 2379/1356/2647 2446/1355/2648
f 2446/1355/2648 2379/1356/2647 2381/1358/2649 2447/1357/2650
f 2447/1357/2650 2381/1358/2649 2383/1360/2651 2448/1359/2652
f 2384/1361/2653 2417/1364/2653 2386/1363/2653 2324/1362/2653
f 2448/1359/2652 2383/1360/2651 2385/1366/2654 2449/1365/2655
f 2449/1367/2655 2385/1368/2654 2325/1302/2592 2418/1299/2591
f 2502/1369/1999 2450/1371/1999 2326/1370/1999
f 2382/1372/2656 2416/1375/2656 2529/1374/2657 2530/1373/2658
f 2527/1376/2659 2528/1377/2659 2416/1375/2656 2382/1372/2656
f 2378/1378/2660 2414/1381/2660 2415/1380/2660 2380/1379/2660
f 2376/1382/2661 2413/1385/2661 2525/1384/2662 2526/1383/2662
f 2374/1386/2663 2412/1387/2663 2413/1385/2661 2376/1382/2661
f 2340/1388/1999 2452/1390/1999 2463/1389/1999 2450/1371/1999
s 0
f 2374/1386/2664 2461/1392/2664 2462/1391/2664 2412/1387/2664
s 1
f 2369/1393/2665 2409/1396/2665 2410/1395/2666 2371/1394/2666
f 2523/1397/2667 2524/1398/2667 2409/1396/2665 2369/1393/2665
f 2365/1399/2668 2407/1402/2668 2408/1401/2668 2367/1400/2668
f 2363/1403/2669 2406/1406/2669 2521/1405/2670 2522/1404/2670
f 2519/1407/2671 2520/1408/2671 2406/1406/2669 2363/1403/2669
f 2359/1409/2672 2404/1412/2672 2405/1411/2673 2361/1410/2672
f 2357/1413/2674 2403/1416/2674 2517/1415/2675 2518/1414/2675
f 2515/1417/2676 2516/1418/2676 2403/1416/2674 2357/1413/2674
f 2353/1419/2677 2401/1422/2677 2402/1421/2677 2355/1420/2677
f 2351/1423/2678 2400/1426/2678 2513/1425/2679 2514/1424/2679
f 2511/1427/2680 2512/1428/2680 2400/1426/2678 2351/1423/2678
f 2347/1429/2681 2398/1432/2681 2399/1431/2681 2349/1430/2681
f 2345/1433/2682 2397/1436/2682 2509/1435/2683 2510/1434/2683
f 2343/1437/2684 2396/1438/2684 2397/1436/2682 2345/1433/2682
f 2450/1371/1999 2465/1441/1999 2455/1440/1999 2343/1439/1999
f 2395/1442/2685 2454/1445/2686 2451/1444/2687 2394/1443/2688
f 2338/1446/2689 2393/1448/2689 2394/1443/2690 2340/1447/2690
f 2507/1449/2691 2508/1450/2691 2393/1448/2689 2338/1446/2689
f 2334/1451/2692 2391/1454/2692 2392/1453/2692 2336/1452/2692
f 2332/1455/2693 2390/1458/2693 2505/1457/2694 2506/1456/2694
f 2503/1459/2695 2504/1460/2695 2390/1458/2693 2332/1455/2693
f 2328/1461/2696 2388/1464/2696 2389/1463/2696 2330/1462/2696
f 2326/1465/2697 2387/1468/2697 2501/1467/2698 2502/1466/2698
f 2531/1469/2699 2532/1472/2699 2387/1471/2697 2326/1470/2697
f 2529/1473/2700 2449/1476/2700 2418/1475/2701 2532/1474/2701
f 2416/1477/2702 2448/1478/2702 2449/1476/2700 2529/1473/2700
f 2528/1479/2703 2447/1480/2703 2448/1478/2702 2416/1477/2702
f 2525/1481/2704 2446/1482/2704 2447/1480/2703 2528/1479/2703
f 2413/1483/2705 2445/1484/2705 2446/1482/2704 2525/1481/2704
f 2412/1485/2706 2444/1486/2707 2445/1484/2705 2413/1483/2705
f 2411/1487/2708 2443/1488/2709 2444/1486/2707 2412/1485/2706
f 2410/1489/2710 2442/1490/2711 2443/1488/2709 2411/1487/2708
f 2409/1491/2712 2441/1492/2712 2442/1490/2711 2410/1489/2710
f 2524/1493/2713 2440/1494/2713 2441/1492/2712 2409/1491/2712
f 2521/1495/2714 2439/1496/2714 2440/1494/2713 2524/1493/2713
f 2406/1497/2715 2438/1498/2715 2439/1496/2714 2521/1495/2714
f 2520/1499/2716 2437/1500/2716 2438/1498/2715 2406/1497/2715
f 2517/1501/2717 2436/1502/2717 2437/1500/2716 2520/1499/2716
f 2403/1503/2718 2435/1504/2718 2436/1502/2717 2517/1501/2717
f 2516/1505/2719 2434/1506/2719 2435/1504/2718 2403/1503/2718
f 2513/1507/2720 2433/1508/2720 2434/1506/2719 2516/1505/2719
f 2400/1509/2721 2432/1510/2721 2433/1508/2720 2513/1507/2720
f 2512/1511/2722 2431/1512/2722 2432/1510/2721 2400/1509/2721
f 2509/1513/2723 2430/1514/2723 2431/1512/2722 2512/1511/2722
f 2397/1515/2724 2429/1516/2724 2430/1514/2723 2509/1513/2723
f 2396/1517/2725 2428/1518/2726 2429/1516/2724 2397/1515/2724
f 2395/1519/2685 2427/1520/2727 2428/1518/2726 2396/1517/2725
f 2394/1521/2688 2426/1522/2728 2427/1520/2727 2395/1519/2685
f 2393/1523/2729 2425/1524/2729 2426/1522/2728 2394/1521/2688
f 2508/1525/2730 2424/1526/2730 2425/1524/2729 2393/1523/2729
f 2505/1527/2731 2423/1528/2731 2424/1526/2730 2508/1525/2730
f 2390/1529/2732 2422/1530/2732 2423/1528/2731 2505/1527/2731
f 2504/1531/2733 2421/1532/2733 2422/1530/2732 2390/1529/2732
f 2501/1533/2734 2420/1534/2734 2421/1532/2733 2504/1531/2733
f 2387/1535/2735 2419/1536/2735 2420/1534/2734 2501/1533/2734
f 2532/1474/2701 2418/1475/2701 2419/1536/2735 2387/1535/2735
f 2345/1537/1999 2450/1371/1999 2343/1439/1999
f 2363/1538/1999 2450/1371/1999 2519/1539/1999
f 2527/1540/1999 2450/1371/1999 2526/1541/1999
f 2338/1542/1999 2450/1371/1999 2507/1543/1999
f 2515/1544/1999 2450/1371/1999 2514/1545/1999
f 2396/1438/2736 2456/1546/2737 2454/1445/2686 2395/1442/2685
f 2503/1547/1999 2450/1371/1999 2502/1369/1999
f 2510/1548/1999 2450/1371/1999 2345/1537/1999
f 2522/1549/1999 2450/1371/1999 2363/1538/1999
f 2382/1550/1999 2450/1371/1999 2527/1540/1999
f 2340/1388/1999 2450/1371/1999 2338/1542/1999
f 2357/1551/1999 2450/1371/1999 2515/1544/1999
f 2450/1371/1999 2467/1553/1999 2468/1552/1999
f 2332/1554/1999 2450/1371/1999 2503/1547/1999
f 2511/1555/1999 2450/1371/1999 2510/1548/1999
f 2523/1556/1999 2450/1371/1999 2522/1549/1999
f 2530/1557/1999 2450/1371/1999 2382/1550/1999
f 2411/1487/2708 2460/1559/2738 2457/1558/2739 2410/1489/2710
f 2518/1560/1999 2450/1371/1999 2357/1551/1999
f 2376/1561/1999 2450/1371/1999 2374/1562/1999
f 2506/1563/1999 2450/1371/1999 2332/1554/1999
f 2351/1564/1999 2450/1371/1999 2511/1555/1999
f 2369/1565/1999 2450/1371/1999 2523/1556/1999
f 2326/1370/1999 2450/1371/1999 2531/1566/1999
f 2531/1566/1999 2450/1371/1999 2530/1557/1999
s 0
f 2394/1443/2740 2451/1444/2740 2452/1567/2740 2340/1447/2740
s 1
f 2519/1539/1999 2450/1371/1999 2518/1560/1999
f 2526/1541/1999 2450/1371/1999 2376/1561/1999
f 2507/1543/1999 2450/1371/1999 2506/1563/1999
f 2514/1545/1999 2450/1371/1999 2351/1564/1999
f 2371/1568/1999 2450/1371/1999 2369/1565/1999
f 2459/1569/2741 2460/1570/2742 2462/1391/2743 2461/1392/2743
f 2458/1571/2744 2457/1572/2744 2460/1570/2742 2459/1569/2741
f 2453/1573/2745 2454/1445/2746 2456/1546/2747 2455/1574/2747
f 2452/1567/2748 2451/1444/2748 2454/1445/2746 2453/1573/2745
f 2459/1575/1999 2467/1553/1999 2466/1577/1999 2458/1576/1999
f 2461/1578/1999 2468/1552/1999 2467/1553/1999 2459/1575/1999
f 2453/1579/1999 2464/1580/1999 2463/1389/1999 2452/1390/1999
f 2455/1440/1999 2465/1441/1999 2464/1580/1999 2453/1579/1999
s 0
f 2410/1395/2749 2457/1572/2749 2458/1571/2749 2371/1394/2749
s 1
f 2371/1568/1999 2458/1576/1999 2466/1577/1999 2450/1371/1999
f 2450/1371/1999 2468/1552/1999 2461/1578/1999 2374/1562/1999
f 2450/1371/1999 2463/1389/1999 2464/1580/1999
s 0
f 2343/1437/2750 2455/1574/2750 2456/1546/2750 2396/1438/2750
s 1
f 2412/1485/2751 2462/1581/2752 2460/1559/2738 2411/1487/2708
f 2450/1371/1999 2464/1580/1999 2465/1441/1999
f 2450/1371/1999 2466/1577/1999 2467/1553/1999
f 2217/1121/2484 2479/1583/2753 2478/1582/2754 2215/1119/2482
f 2341/1316/2607 2477/1584/1998 2478/1582/2754 2342/1318/2609
f 2358/1334/2625 2486/1586/2755 2487/1585/2756 2360/1336/2627
f 2325/1302/2592 2470/1588/2757 2469/1587/2758 2327/1301/2593
f 2235/1139/2502 2488/1589/2759 2487/1585/2756 2233/1137/2500
f 2375/1352/2643 2495/1591/2760 2496/1590/2761 2377/1354/2645
f 2253/1157/2520 2497/1592/2762 2496/1590/2761 2251/1155/2518
f 2201/1105/2468 2471/1593/2763 2469/1587/2758 2199/1103/2465
f 2342/1318/2609 2478/1582/2754 2479/1583/2753 2344/1320/2611
f 2219/1123/2486 2480/1594/2764 2479/1583/2753 2217/1121/2484
f 2360/1336/2627 2487/1585/2756 2488/1589/2759 2362/1338/2629
f 2237/1141/2504 2489/1595/2765 2488/1589/2759 2235/1139/2502
f 2377/1354/2645 2496/1590/2761 2497/1592/2762 2379/1356/2647
f 2255/1159/2522 2498/1596/2766 2497/1592/2762 2253/1157/2520
f 2327/1301/2593 2469/1587/2758 2471/1593/2763 2329/1304/2595
f 2203/1107/2470 2472/1597/2767 2471/1593/2763 2201/1105/2468
f 2344/1320/2611 2479/1583/2753 2480/1594/2764 2346/1322/2613
f 2221/1125/2488 2481/1598/2768 2480/1594/2764 2219/1123/2486
f 2362/1338/2629 2488/1589/2759 2489/1595/2765 2364/1340/2631
f 2239/1143/2506 2490/1599/2769 2489/1595/2765 2237/1141/2504
f 2379/1356/2647 2497/1592/2762 2498/1596/2766 2381/1358/2649
f 2257/1161/2524 2499/1600/2770 2498/1596/2766 2255/1159/2522
f 2329/1304/2595 2471/1593/2763 2472/1597/2767 2331/1306/2597
f 2205/1109/2472 2473/1601/2771 2472/1597/2767 2203/1107/2470
f 2346/1322/2613 2480/1594/2764 2481/1598/2768 2348/1324/2615
f 2223/1127/2490 2482/1602/2772 2481/1598/2768 2221/1125/2488
f 2364/1340/2631 2489/1595/2765 2490/1599/2769 2366/1342/2633
f 2241/1145/2508 2491/1603/2773 2490/1599/2769 2239/1143/2506
f 2381/1358/2649 2498/1596/2766 2499/1600/2770 2383/1360/2651
f 2259/1167/2528 2500/1604/2774 2499/1600/2770 2257/1161/2524
f 2331/1306/2597 2472/1597/2767 2473/1601/2771 2333/1308/2599
f 2207/1111/2474 2474/1605/2775 2473/1601/2771 2205/1109/2472
f 2348/1324/2615 2481/1598/2768 2482/1602/2772 2350/1326/2617
f 2225/1129/2492 2483/1606/2776 2482/1602/2772 2223/1127/2490
f 2366/1342/2633 2490/1599/2769 2491/1603/2773 2368/1344/2635
f 2243/1147/2510 2492/1607/2777 2491/1603/2773 2241/1145/2508
f 2383/1360/2651 2499/1600/2770 2500/1604/2774 2385/1366/2654
f 2197/1102/2466 2470/1588/2757 2500/1608/2774 2259/1170/2528
f 2333/1308/2599 2473/1601/2771 2474/1605/2775 2335/1310/2601
f 2209/1113/2476 2475/1609/2778 2474/1605/2775 2207/1111/2474
f 2350/1326/2617 2482/1602/2772 2483/1606/2776 2352/1328/2619
f 2227/1131/2494 2484/1610/2779 2483/1606/2776 2225/1129/2492
f 2368/1344/2635 2491/1603/2773 2492/1607/2777 2370/1346/2637
f 2245/1149/2512 2493/1611/2780 2492/1607/2777 2243/1147/2510
f 2385/1368/2654 2500/1608/2774 2470/1588/2757 2325/1302/2592
f 2335/1310/2601 2474/1605/2775 2475/1609/2778 2337/1312/2603
f 2211/1115/2478 2476/1612/2781 2475/1609/2778 2209/1113/2476
f 2352/1328/2619 2483/1606/2776 2484/1610/2779 2354/1330/2621
f 2229/1133/2496 2485/1613/2782 2484/1610/2779 2227/1131/2494
f 2370/1346/2637 2492/1607/2777 2493/1611/2780 2372/1348/2639
f 2247/1151/2514 2494/1614/2783 2493/1611/2780 2245/1149/2512
f 2337/1312/2603 2475/1609/2778 2476/1612/2781 2339/1314/2605
f 2213/1117/2480 2477/1584/1998 2476/1612/2781 2211/1115/2478
f 2354/1330/2621 2484/1610/2779 2485/1613/2782 2356/1332/2623
f 2231/1135/2498 2486/1586/2755 2485/1613/2782 2229/1133/2496
f 2372/1348/2639 2493/1611/2780 2494/1614/2783 2373/1350/2641
f 2249/1153/2516 2495/1591/2760 2494/1614/2783 2247/1151/2514
f 2339/1314/2605 2476/1612/2781 2477/1584/1998 2341/1316/2607
f 2215/1119/2482 2478/1582/2754 2477/1584/1998 2213/1117/2480
f 2356/1332/2623 2485/1613/2782 2486/1586/2755 2358/1334/2625
f 2233/1137/2500 2487/1585/2756 2486/1586/2755 2231/1135/2498
f 2373/1350/2641 2494/1614/2783 2495/1591/2760 2375/1352/2643
f 2199/1103/2465 2469/1587/2758 2470/1588/2757 2197/1102/2466
f 2251/1155/2518 2496/1590/2761 2495/1591/2760 2249/1153/2516
f 2328/1461/2696 2502/1466/2698 2501/1467/2698 2388/1464/2696
f 2330/1462/2696 2503/1459/2695 2502/1466/2698 2328/1461/2696
f 2389/1463/2696 2504/1460/2695 2503/1459/2695 2330/1462/2696
f 2334/1451/2692 2506/1456/2694 2505/1457/2694 2391/1454/2692
f 2336/1452/2692 2507/1449/2691 2506/1456/2694 2334/1451/2692
f 2392/1453/2692 2508/1450/2691 2507/1449/2691 2336/1452/2692
f 2347/1429/2681 2510/1434/2683 2509/1435/2683 2398/1432/2681
f 2349/1430/2681 2511/1427/2680 2510/1434/2683 2347/1429/2681
f 2399/1431/2681 2512/1428/2680 2511/1427/2680 2349/1430/2681
f 2353/1419/2677 2514/1424/2679 2513/1425/2679 2401/1422/2677
f 2355/1420/2677 2515/1417/2676 2514/1424/2679 2353/1419/2677
f 2402/1421/2677 2516/1418/2676 2515/1417/2676 2355/1420/2677
f 2359/1409/2672 2518/1414/2675 2517/1415/2675 2404/1412/2672
f 2361/1410/2672 2519/1407/2671 2518/1414/2675 2359/1409/2672
f 2405/1411/2673 2520/1408/2671 2519/1407/2671 2361/1410/2672
f 2365/1399/2668 2522/1404/2670 2521/1405/2670 2407/1402/2668
f 2367/1400/2668 2523/1397/2667 2522/1404/2670 2365/1399/2668
f 2408/1401/2668 2524/1398/2667 2523/1397/2667 2367/1400/2668
f 2378/1378/2660 2526/1383/2662 2525/1384/2662 2414/1381/2660
f 2380/1379/2660 2527/1376/2659 2526/1383/2662 2378/1378/2660
f 2415/1380/2660 2528/1377/2659 2527/1376/2659 2380/1379/2660
f 2384/1361/2653 2530/1373/2658 2529/1374/2657 2417/1364/2653
f 2324/1362/2653 2531/1469/2699 2530/1373/2658 2384/1361/2653
f 2386/1363/2653 2532/1472/2699 2531/1469/2699 2324/1362/2653
f 2417/1364/2653 2529/1374/2657 2532/1472/2699 2386/1363/2653
f 2414/1381/2660 2525/1384/2662 2528/1377/2659 2415/1380/2660
f 2407/1402/2668 2521/1405/2670 2524/1398/2667 2408/1401/2668
f 2404/1412/2672 2517/1415/2675 2520/1408/2671 2405/1411/2673
f 2401/1422/2677 2513/1425/2679 2516/1418/2676 2402/1421/2677
f 2398/1432/2681 2509/1435/2683 2512/1428/2680 2399/1431/2681
f 2391/1454/2692 2505/1457/2694 2508/1450/2691 2392/1453/2692
f 2388/1464/2696 2501/1467/2698 2504/1460/2695 2389/1463/2696
s 0
f 2196/1615/2077 2258/1646/2077 2256/1645/2077 2254/1644/2077 2252/1643/2077 2250/1642/2077 2248/1641/2077 2246/1640/2077 2244/1639/2077 2242/1638/2077 2240/1637/2077 2238/1636/2077 2236/1635/2077 2234/1634/2077 2232/1633/2077 2230/1632/2077 2228/1631/2077 2226/1630/2077 2224/1629/2077 2222/1628/2077 2220/1627/2077 2218/1626/2077 2216/1625/2077 2214/1624/2077 2212/1623/2077 2210/1622/2077 2208/1621/2077 2206/1620/2077 2204/1619/2077 2202/1618/2077 2200/1617/2077 2198/1616/2077
s 1
f 2596/1647/2784 2564/1650/2785 2534/1649/2786 2581/1648/2787
f 2556/1651/2788 2608/1654/2789 2609/1653/2790 2558/1652/2791
f 2533/1655/2792 2565/1658/2792 2566/1657/2793 2535/1656/2793
f 2583/1659/2794 2582/1662/2795 2536/1661/2796 2538/1660/2797
f 2584/1663/2798 2583/1659/2794 2538/1660/2797 2540/1664/2799
f 2585/1665/2800 2584/1663/2798 2540/1664/2799 2542/1666/2801
f 2586/1667/2802 2585/1665/2800 2542/1666/2801 2544/1668/2803
f 2587/1669/2804 2586/1667/2802 2544/1668/2803 2546/1670/2805
f 2588/1671/2806 2587/1669/2804 2546/1670/2805 2548/1672/2807
f 2589/1673/2808 2588/1671/2806 2548/1672/2807 2550/1674/2809
f 2590/1675/2810 2589/1673/2808 2550/1674/2809 2552/1676/2811
f 2591/1677/2812 2590/1675/2810 2552/1676/2811 2554/1678/2813
f 2592/1679/2814 2591/1677/2812 2554/1678/2813 2556/1651/2788
f 2593/1680/2815 2592/1679/2814 2556/1651/2788 2558/1652/2791
f 2594/1681/2816 2593/1680/2815 2558/1652/2791 2560/1682/2817
f 2595/1683/2818 2594/1681/2816 2560/1682/2817 2562/1684/2819
f 2596/1647/2784 2595/1683/2818 2562/1684/2819 2564/1650/2785
f 2546/1670/2805 2603/1686/2820 2604/1685/2821 2548/1672/2807
f 2565/1687/2822 2581/1690/2822 2582/1689/2823 2566/1688/2823
s 0
f 2533/1691/1999 2535/1706/1999 2537/1705/1999 2539/1704/1999 2541/1703/1999 2543/1702/1999 2545/1701/1999 2547/1700/1999 2549/1699/1999 2551/1698/1999 2553/1697/1999 2555/1696/1999 2557/1695/1999 2559/1694/1999 2561/1693/1999 2563/1692/1999
s 1
f 2533/1707/2792 2563/1710/2824 2580/1709/2824 2565/1708/2792
f 2561/1711/2825 2579/1712/2825 2580/1709/2824 2563/1710/2824
f 2559/1713/2826 2578/1714/2826 2579/1712/2825 2561/1711/2825
f 2557/1715/2827 2577/1716/2827 2578/1714/2826 2559/1713/2826
f 2555/1717/2828 2576/1718/2828 2577/1716/2827 2557/1715/2827
f 2553/1719/2829 2575/1720/2829 2576/1718/2828 2555/1717/2828
f 2551/1721/2830 2574/1722/2830 2575/1720/2829 2553/1719/2829
f 2549/1723/2831 2573/1724/2831 2574/1722/2830 2551/1721/2830
f 2547/1725/2832 2572/1726/2832 2573/1724/2831 2549/1723/2831
f 2545/1727/2833 2571/1728/2833 2572/1726/2832 2547/1725/2832
f 2543/1729/2834 2570/1730/2834 2571/1728/2833 2545/1727/2833
f 2541/1731/2835 2569/1732/2835 2570/1730/2834 2543/1729/2834
f 2539/1733/2836 2568/1734/2836 2569/1732/2835 2541/1731/2835
f 2537/1735/2837 2567/1736/2837 2568/1734/2836 2539/1733/2836
f 2535/1656/2793 2566/1657/2793 2567/1736/2837 2537/1735/2837
f 2582/1662/2795 2581/1738/2787 2534/1737/2786 2536/1661/2796
f 2580/1739/2838 2596/1740/2838 2581/1690/2822 2565/1687/2822
f 2579/1741/2839 2595/1742/2839 2596/1740/2838 2580/1739/2838
f 2578/1743/2840 2594/1744/2840 2595/1742/2839 2579/1741/2839
f 2577/1745/2841 2593/1746/2841 2594/1744/2840 2578/1743/2840
f 2576/1747/2842 2592/1748/2842 2593/1746/2841 2577/1745/2841
f 2575/1749/2843 2591/1750/2843 2592/1748/2842 2576/1747/2842
f 2574/1751/2844 2590/1752/2844 2591/1750/2843 2575/1749/2843
f 2573/1753/2845 2589/1754/2845 2590/1752/2844 2574/1751/2844
f 2572/1755/2846 2588/1756/2846 2589/1754/2845 2573/1753/2845
f 2571/1757/2847 2587/1758/2847 2588/1756/2846 2572/1755/2846
f 2570/1759/2848 2586/1760/2848 2587/1758/2847 2571/1757/2847
f 2569/1761/2849 2585/1762/2849 2586/1760/2848 2570/1759/2848
f 2568/1763/2850 2584/1764/2850 2585/1762/2849 2569/1761/2849
f 2567/1765/2851 2583/1766/2851 2584/1764/2850 2568/1763/2850
f 2566/1688/2823 2582/1689/2823 2583/1766/2851 2567/1765/2851
f 2538/1660/2797 2599/1768/2852 2600/1767/2853 2540/1664/2799
f 2548/1672/2807 2604/1685/2821 2605/1769/2854 2550/1674/2809
f 2540/1664/2799 2600/1767/2853 2601/1770/2855 2542/1666/2801
f 2558/1652/2791 2609/1653/2790 2610/1771/2856 2560/1682/2817
f 2550/1674/2809 2605/1769/2854 2606/1772/2857 2552/1676/2811
f 2564/1650/2785 2612/1774/2858 2597/1773/2859 2534/1649/2786
f 2542/1666/2801 2601/1770/2855 2602/1775/2860 2544/1668/2803
f 2560/1682/2817 2610/1771/2856 2611/1776/2861 2562/1684/2819
f 2534/1737/2786 2597/1778/2859 2598/1777/2862 2536/1661/2796
f 2552/1676/2811 2606/1772/2857 2607/1779/2863 2554/1678/2813
f 2544/1668/2803 2602/1775/2860 2603/1686/2820 2546/1670/2805
f 2562/1684/2819 2611/1776/2861 2612/1774/2858 2564/1650/2785
f 2536/1661/2796 2598/1777/2862 2599/1768/2852 2538/1660/2797
f 2554/1678/2813 2607/1779/2863 2608/1654/2789 2556/1651/2788
f 2676/1647/2864 2661/1648/2865 2614/1649/2866 2644/1650/2867
f 2636/1651/2868 2638/1652/2869 2609/1653/2790 2608/1654/2789
f 2613/1655/2870 2615/1656/2871 2646/1657/2871 2645/1658/2870
f 2663/1659/2872 2618/1660/2873 2616/1661/2874 2662/1662/2875
f 2664/1663/2876 2620/1664/2877 2618/1660/2873 2663/1659/2872
f 2665/1665/2878 2622/1666/2879 2620/1664/2877 2664/1663/2876
f 2666/1667/2880 2624/1668/2881 2622/1666/2879 2665/1665/2878
f 2667/1669/2882 2626/1670/2883 2624/1668/2881 2666/1667/2880
f 2668/1671/2884 2628/1672/2885 2626/1670/2883 2667/1669/2882
f 2669/1673/2886 2630/1674/2887 2628/1672/2885 2668/1671/2884
f 2670/1675/2888 2632/1676/2889 2630/1674/2887 2669/1673/2886
f 2671/1677/2890 2634/1678/2891 2632/1676/2889 2670/1675/2888
f 2672/1679/2892 2636/1651/2868 2634/1678/2891 2671/1677/2890
f 2673/1680/2893 2638/1652/2869 2636/1651/2868 2672/1679/2892
f 2674/1681/2894 2640/1682/2895 2638/1652/2869 2673/1680/2893
f 2675/1683/2896 2642/1684/2897 2640/1682/2895 2674/1681/2894
f 2676/1647/2864 2644/1650/2867 2642/1684/2897 2675/1683/2896
f 2626/1670/2883 2628/1672/2885 2604/1685/2821 2603/1686/2820
f 2645/1687/2898 2646/1688/2899 2662/1689/2899 2661/1690/2898
s 0
f 2613/1691/2077 2643/1692/2077 2641/1693/2077 2639/1694/2077 2637/1695/2077 2635/1696/2077 2633/1697/2077 2631/1698/2077 2629/1699/2077 2627/1700/2077 2625/1701/2077 2623/1702/2077 2621/1703/2077 2619/1704/2077 2617/1705/2077 2615/1706/2077
s 1
f 2613/1707/2870 2645/1708/2870 2660/1709/2900 2643/1710/2900
f 2641/1711/2901 2643/1710/2900 2660/1709/2900 2659/1712/2901
f 2639/1713/2902 2641/1711/2901 2659/1712/2901 2658/1714/2902
f 2637/1715/2903 2639/1713/2902 2658/1714/2902 2657/1716/2903
f 2635/1717/2904 2637/1715/2903 2657/1716/2903 2656/1718/2904
f 2633/1719/2905 2635/1717/2904 2656/1718/2904 2655/1720/2905
f 2631/1721/2906 2633/1719/2905 2655/1720/2905 2654/1722/2906
f 2629/1723/2907 2631/1721/2906 2654/1722/2906 2653/1724/2907
f 2627/1725/2908 2629/1723/2907 2653/1724/2907 2652/1726/2908
f 2625/1727/2909 2627/1725/2908 2652/1726/2908 2651/1728/2909
f 2623/1729/2910 2625/1727/2909 2651/1728/2909 2650/1730/2910
f 2621/1731/2911 2623/1729/2910 2650/1730/2910 2649/1732/2911
f 2619/1733/2912 2621/1731/2911 2649/1732/2911 2648/1734/2912
f 2617/1735/2913 2619/1733/2912 2648/1734/2912 2647/1736/2913
f 2615/1656/2871 2617/1735/2913 2647/1736/2913 2646/1657/2871
f 2662/1662/2875 2616/1661/2874 2614/1737/2866 2661/1738/2865
f 2660/1739/2914 2645/1687/2898 2661/1690/2898 2676/1740/2914
f 2659/1741/2915 2660/1739/2914 2676/1740/2914 2675/1742/2915
f 2658/1743/2916 2659/1741/2915 2675/1742/2915 2674/1744/2916
f 2657/1745/2917 2658/1743/2916 2674/1744/2916 2673/1746/2917
f 2656/1747/2918 2657/1745/2917 2673/1746/2917 2672/1748/2918
f 2655/1749/2919 2656/1747/2918 2672/1748/2918 2671/1750/2919
f 2654/1751/2920 2655/1749/2919 2671/1750/2919 2670/1752/2920
f 2653/1753/2921 2654/1751/2920 2670/1752/2920 2669/1754/2921
f 2652/1755/2922 2653/1753/2921 2669/1754/2921 2668/1756/2922
f 2651/1757/2923 2652/1755/2922 2668/1756/2922 2667/1758/2923
f 2650/1759/2924 2651/1757/2923 2667/1758/2923 2666/1760/2924
f 2649/1761/2925 2650/1759/2924 2666/1760/2924 2665/1762/2925
f 2648/1763/2926 2649/1761/2925 2665/1762/2925 2664/1764/2926
f 2647/1765/2927 2648/1763/2926 2664/1764/2926 2663/1766/2927
f 2646/1688/2899 2647/1765/2927 2663/1766/2927 2662/1689/2899
f 2618/1660/2873 2620/1664/2877 2600/1767/2853 2599/1768/2852
f 2628/1672/2885 2630/1674/2887 2605/1769/2854 2604/1685/2821
f 2620/1664/2877 2622/1666/2879 2601/1770/2855 2600/1767/2853
f 2638/1652/2869 2640/1682/2895 2610/1771/2856 2609/1653/2790
f 2630/1674/2887 2632/1676/2889 2606/1772/2857 2605/1769/2854
f 2644/1650/2867 2614/1649/2866 2597/1773/2859 2612/1774/2858
f 2622/1666/2879 2624/1668/2881 2602/1775/2860 2601/1770/2855
f 2640/1682/2895 2642/1684/2897 2611/1776/2861 2610/1771/2856
f 2614/1737/2866 2616/1661/2874 2598/1777/2862 2597/1778/2859
f 2632/1676/2889 2634/1678/2891 2607/1779/2863 2606/1772/2857
f 2624/1668/2881 2626/1670/2883 2603/1686/2820 2602/1775/2860
f 2642/1684/2897 2644/1650/2867 2612/1774/2858 2611/1776/2861
f 2616/1661/2874 2618/1660/2873 2599/1768/2852 2598/1777/2862
f 2634/1678/2891 2636/1651/2868 2608/1654/2789 2607/1779/2863
f 2684/1780/2928 2683/189/2928 2677/190/2928 2678/1781/2928
f 2679/1782/2929 2680/89/2929 2682/90/2929 2681/1783/2929
s 0
f 2681/187/2930 2682/1785/2930 2686/1784/2930 2685/197/2930
f 2688/200/2931 2687/1787/2931 2683/1786/2931 2684/201/2931
s 1
f 2685/197/1648 2686/1789/2932 2687/1788/2932 2688/200/1649
f 2684/201/1574 2678/1790/1574 1445/195/1574 1463/196/1642
f 2717/1791/2933 2718/1794/2933 2690/1793/2933 2689/1792/2933
f 2689/1795/2934 2690/1798/2934 2692/1797/2935 2691/1796/2936
f 2693/1799/2937 2698/1802/2938 2700/1801/2939 2695/1800/2940
f 2695/1800/2940 2700/1801/2939 2699/1804/2941 2696/1803/2942
f 2696/1803/2942 2699/1804/2941 2697/1806/2943 2694/1805/2944
f 2691/1796/2936 2692/1797/2935 2694/1805/2944 2697/1806/2943
f 2719/1807/2945 2701/1810/2945 2702/1809/2945 2720/1808/2945
f 2701/1810/2946 2703/1812/2947 2704/1811/2948 2702/1809/2946
f 2705/1813/2949 2707/1816/2950 2712/1815/2951 2710/1814/2952
f 2707/1816/2950 2708/1818/2953 2711/1817/2954 2712/1815/2951
f 2708/1818/2953 2706/1820/2955 2709/1819/2956 2711/1817/2954
f 2703/1812/2947 2709/1819/2956 2706/1820/2955 2704/1811/2948
f 2717/1821/2957 2689/1824/2958 2701/1823/2959 2719/1822/2957
f 2689/1824/2958 2691/1826/2960 2703/1825/2960 2701/1823/2959
f 2692/1827/2961 2690/1830/2962 2702/1829/2963 2704/1828/2961
f 2693/1831/2964 2695/1834/2964 2707/1833/2964 2705/1832/2964
f 2700/1835/2965 2698/1838/2966 2710/1837/2966 2712/1836/2967
f 2695/1834/2964 2696/1840/2964 2708/1839/2964 2707/1833/2964
f 2699/1841/2968 2700/1835/2965 2712/1836/2967 2711/1842/2969
f 2696/1840/2964 2694/1844/2970 2706/1843/2971 2708/1839/2964
f 2697/1845/2972 2699/1841/2968 2711/1842/2969 2709/1846/2973
f 2691/1826/2974 2697/1845/2972 2709/1846/2973 2703/1825/2974
f 2694/1844/2970 2692/1827/2975 2704/1828/2975 2706/1843/2971
f 2714/1847/2964 2693/1831/2964 2705/1832/2964 2716/1848/2964
f 2698/1838/2966 2713/1850/2976 2715/1849/2976 2710/1837/2966
f 2710/1814/2952 2715/1852/2977 2716/1851/2977 2705/1813/2949
f 2698/1802/2938 2693/1799/2937 2714/1854/2978 2713/1853/2978
f 2690/1830/2962 2718/1856/2979 2720/1855/2979 2702/1829/2963
f 2717/1791/2933 2721/1858/2933 2722/1857/2933 2718/1794/2933
f 2721/1858/2980 2723/1860/2981 2724/1859/2982 2722/1857/2980
f 2725/1861/2983 2727/1864/2984 2732/1863/2985 2730/1862/2986
f 2727/1864/2984 2728/1866/2987 2731/1865/2988 2732/1863/2985
f 2728/1866/2987 2726/1868/2989 2729/1867/2990 2731/1865/2988
f 2723/1860/2981 2729/1867/2990 2726/1868/2989 2724/1859/2982
f 2719/1807/2945 2720/1808/2945 2734/1870/2945 2733/1869/2945
f 2733/1871/2991 2734/1874/2991 2736/1873/2992 2735/1872/2993
f 2737/1875/2994 2742/1878/2995 2744/1877/2996 2739/1876/2997
f 2739/1876/2997 2744/1877/2996 2743/1880/2998 2740/1879/2999
f 2740/1879/2999 2743/1880/2998 2741/1882/3000 2738/1881/3001
f 2735/1872/2993 2736/1873/2992 2738/1881/3001 2741/1882/3000
f 2717/1821/2957 2719/1822/2957 2733/1884/3002 2721/1883/3003
f 2721/1885/3003 2733/1888/3002 2735/1887/3004 2723/1886/3004
f 2724/1889/3005 2736/1892/3005 2734/1891/3006 2722/1890/3007
f 2725/1893/2964 2737/1896/2964 2739/1895/2964 2727/1894/2964
f 2732/1897/3008 2744/1900/3009 2742/1899/3010 2730/1898/3011
f 2727/1894/2964 2739/1895/2964 2740/1902/2964 2728/1901/2964
f 2731/1903/3012 2743/1904/3013 2744/1900/3009 2732/1897/3008
f 2728/1901/2964 2740/1902/2964 2738/1906/3014 2726/1905/3015
f 2729/1907/3016 2741/1908/3017 2743/1904/3013 2731/1903/3012
f 2723/1886/3018 2735/1887/3018 2741/1908/3017 2729/1907/3016
f 2726/1905/3015 2738/1906/3014 2736/1892/3019 2724/1889/3019
f 2714/1847/2964 2716/1848/2964 2737/1896/2964 2725/1893/2964
f 2730/1898/3011 2742/1899/3010 2715/1849/2976 2713/1850/2976
f 2742/1878/2995 2737/1875/2994 2716/1851/2977 2715/1852/2977
f 2730/1862/2986 2713/1853/2978 2714/1854/2978 2725/1861/2983
f 2722/1909/3007 2734/1910/3006 2720/1855/2979 2718/1856/2979
o MechRaptor_Body
v 0.497104 1.572498 0.711239
v 0.487552 1.549426 0.797642
v 0.555748 1.338701 0.808994
v 0.459264 1.527241 0.880725
v 0.500160 1.313960 0.901650
v 0.413327 1.506795 0.957295
v 0.351505 1.488875 1.024409
v 0.334196 1.274477 1.049513
v 0.276176 1.474167 1.079488
v 0.178415 1.299253 1.115189
v 0.212496 1.466070 1.109813
v 0.095117 1.572498 0.692884
v 0.000000 1.250359 1.139835
v 0.150719 1.572497 -0.055397
v 0.483863 1.572497 -0.055397
v 0.573833 1.393465 -0.162735
v 0.529268 1.395214 0.611141
v 0.519898 1.368570 0.694824
v 0.489734 1.344913 0.783419
v 0.440749 1.323110 0.865069
v 0.374826 1.304001 0.936636
v 0.294499 1.288318 0.995369
v 0.202854 1.276664 1.039012
v 0.088580 1.287523 1.000654
v 0.000000 1.285448 1.008427
v 0.520608 1.393171 -0.069166
v 0.601537 1.393465 0.603901
v 0.589979 1.365546 0.708456
v 0.425351 1.292274 0.982863
v 0.156521 1.297673 1.121106
v 0.000000 1.572497 -0.055397
v 0.000000 1.572498 0.692884
v 0.000000 1.393465 -0.162735
v 0.000000 1.393465 -0.027379
v 0.000000 1.395214 0.611141
v 0.555748 1.163538 0.814194
v 0.500160 1.182850 0.904815
v 0.334196 1.213667 1.049432
v 0.253657 1.215596 1.071458
v 0.601537 1.218300 0.603901
v 0.589979 1.218300 0.708456
v 0.529268 1.188672 0.611141
v 0.519898 1.188672 0.694824
v 0.489734 1.129231 0.795356
v 0.440749 1.146248 0.875213
v 0.374826 1.161164 0.945208
v 0.294499 1.173405 1.002651
v 0.251062 1.177757 1.023074
v 0.520608 1.188672 -0.069166
v 0.425351 1.199776 0.984245
v 0.573833 1.218300 -0.162735
v 0.206986 1.572498 0.692884
v 0.245836 1.572497 -0.055397
v 0.245836 1.393465 -0.162735
v 0.471957 1.502437 0.871288
v 0.424750 1.481426 0.949974
v 0.283809 1.447896 1.075544
v 0.173282 1.325195 1.117934
v 0.000000 1.424857 1.146782
v 0.495699 1.548944 -0.069519
v 0.000000 1.548944 -0.069519
v 0.510843 1.548944 0.697117
v 0.501027 1.525235 0.785909
v 0.361220 1.463010 1.018943
v 0.153904 1.323796 1.123171
v 0.245836 1.548944 -0.069519
v 0.197708 1.543117 0.703892
v 0.000000 1.543117 0.703892
v 0.150719 1.393465 -0.162735
v 0.150719 1.548944 -0.069519
v 0.098854 1.543117 0.703892
v 0.195491 1.436666 1.117603
v 0.230198 1.261253 1.099039
v 0.117354 1.253109 1.129537
v 0.099660 1.429750 1.143503
v 0.164231 1.320186 1.107860
v 0.167148 1.305446 1.106300
v 0.154708 1.304548 1.109663
v 0.153221 1.319392 1.110836
v -0.497104 1.572498 0.711239
v -0.487552 1.549426 0.797642
v -0.555748 1.338701 0.808994
v -0.459264 1.527241 0.880725
v -0.500160 1.313960 0.901650
v -0.413327 1.506795 0.957295
v -0.351505 1.488875 1.024409
v -0.334196 1.274477 1.049513
v -0.276176 1.474167 1.079488
v -0.178415 1.299253 1.115189
v -0.212496 1.466070 1.109813
v -0.095117 1.572498 0.692884
v -0.150719 1.572497 -0.055397
v -0.483863 1.572497 -0.055397
v -0.573833 1.393465 -0.162735
v -0.529268 1.395214 0.611141
v -0.519898 1.368570 0.694824
v -0.489734 1.344913 0.783419
v -0.440749 1.323110 0.865069
v -0.374826 1.304001 0.936636
v -0.294499 1.288318 0.995369
v -0.202854 1.276664 1.039012
v -0.088580 1.287523 1.000654
v -0.520608 1.393171 -0.069166
v -0.601537 1.393465 0.603901
v -0.589979 1.365546 0.708456
v -0.425351 1.292274 0.982863
v -0.156521 1.297673 1.121106
v -0.555748 1.163538 0.814194
v -0.500160 1.182850 0.904815
v -0.334196 1.213667 1.049432
v -0.253657 1.215596 1.071458
v -0.601537 1.218300 0.603901
v -0.589979 1.218300 0.708456
v -0.529268 1.188672 0.611141
v -0.519898 1.188672 0.694824
v -0.489734 1.129231 0.795356
v -0.440749 1.146248 0.875213
v -0.374826 1.161164 0.945208
v -0.294499 1.173405 1.002651
v -0.251062 1.177757 1.023074
v -0.520608 1.188672 -0.069166
v -0.425351 1.199776 0.984245
v -0.573833 1.218300 -0.162735
v -0.206986 1.572498 0.692884
v -0.245836 1.572497 -0.055397
v -0.245836 1.393465 -0.162735
v -0.471957 1.502437 0.871288
v -0.424750 1.481426 0.949974
v -0.283809 1.447896 1.075544
v -0.173282 1.325195 1.117934
v -0.495699 1.548944 -0.069519
v -0.510843 1.548944 0.697117
v -0.501027 1.525235 0.785909
v -0.361220 1.463010 1.018943
v -0.153904 1.323796 1.123171
v -0.245836 1.548944 -0.069519
v -0.197708 1.543117 0.703892
v -0.150719 1.393465 -0.162735
v -0.150719 1.548944 -0.069519
v -0.098854 1.543117 0.703892
v -0.195491 1.436666 1.117603
v -0.230198 1.261253 1.099039
v -0.117354 1.253109 1.129537
v -0.099660 1.429750 1.143503
v -0.164231 1.320186 1.107860
v -0.167148 1.305446 1.106300
v -0.154708 1.304548 1.109663
v -0.153221 1.319392 1.110836
v 0.465570 1.764879 0.283343
v 0.405617 1.836408 0.320132
v 0.465570 1.261542 0.000692
v 0.421704 1.753461 0.688316
v 0.382697 1.800001 0.688316
v 0.465570 1.764879 -0.885528
v 0.405617 1.996375 0.320132
v 0.465570 1.924846 0.283342
v 0.465570 1.924846 -0.708467
v 0.405617 1.996375 -0.624164
v 0.465570 1.764879 0.411328
v 0.405618 1.836408 0.422162
v 0.465570 1.578880 0.242009
v 0.421704 1.615288 0.688316
v 0.465570 1.578880 0.411328
v 0.427367 1.261542 0.063507
v 0.427367 1.540217 0.274057
v 0.427367 1.540217 0.667698
v 0.427367 1.540217 0.411328
v 0.465570 1.764878 -1.306679
v 0.465570 1.628313 -1.306679
v 0.465570 1.628313 -1.202653
v 0.465570 1.764878 -1.202653
v 0.387165 1.844929 -0.527560
v 0.387165 1.844929 -0.051390
v 0.423668 1.844929 -0.051390
v 0.423668 1.844929 -0.527560
v 0.465570 1.261542 -0.097294
v 0.465570 1.844929 -0.046636
v 0.465570 1.844929 -0.532314
v 0.465570 1.924846 -0.532314
v 0.465570 1.924846 -0.046637
v 0.405617 1.996375 -0.046637
v 0.405617 1.996375 -0.532314
v 0.465570 1.566222 -0.889103
v 0.465570 1.566223 -0.532314
v 0.465570 1.566223 0.108481
v 0.465570 1.345177 -0.752904
v 0.406552 1.261542 -0.768814
v 0.465570 1.601036 -1.306679
v 0.406552 1.508894 -1.306679
v 0.406552 1.508894 -1.202653
v 0.465570 1.601204 -1.202653
v 0.406552 1.261542 -0.532314
v 0.465570 1.345343 -0.532314
v 0.465570 1.261542 -0.433730
v 0.190140 1.024398 -0.768814
v 0.268619 1.024399 0.000692
v 0.465570 1.187865 0.000692
v 0.268619 1.024399 -0.097294
v 0.465570 1.187865 -0.097294
v 0.465570 1.187864 -0.433730
v 0.268619 1.024399 -0.395357
v 0.406552 1.187864 -0.532314
v 0.186629 1.024398 -0.532314
v 0.397691 1.187864 -0.768814
v 0.405618 1.836408 0.672862
v 0.465570 1.764879 0.668456
v 0.465570 1.578880 0.668456
v 0.427367 1.540217 0.588289
v 0.465570 1.764879 0.688316
v 0.405618 1.836408 0.688316
v 0.465570 1.578880 0.688316
v 0.388838 1.751229 0.670419
v 0.352871 1.794141 0.670419
v 0.388838 1.623825 0.670419
v 0.000000 1.996375 -0.624164
v 0.000000 1.261542 -0.768814
v 0.000000 1.024399 -0.097294
v 0.000000 1.508894 -1.306678
v 0.000000 1.836408 0.320132
v 0.000000 1.800001 0.688316
v 0.000000 1.508894 -1.202653
v 0.000000 1.540217 0.588289
v 0.000000 1.024398 -0.532314
v 0.000000 1.628313 -1.306678
v 0.000000 1.996375 0.320132
v 0.000000 1.615288 0.688316
v 0.000000 1.836408 0.688316
v 0.000000 1.024398 -0.768814
v 0.000000 1.836408 0.672862
v 0.000000 1.024399 0.000692
v 0.000000 1.540217 0.411328
v 0.000000 1.764878 -1.306678
v 0.000000 1.996375 -0.532314
v 0.000000 1.764879 -0.885528
v 0.000000 1.261542 0.000692
v 0.000000 1.540217 0.274057
v 0.000000 1.794141 0.670419
v 0.000000 1.844929 -0.051390
v 0.000000 1.751229 0.670419
v 0.000000 1.996375 -0.046636
v 0.000000 1.578880 0.688316
v 0.000000 1.764878 -1.202653
v 0.000000 1.261542 0.063507
v 0.000000 1.623825 0.670419
v 0.000000 1.844929 -0.527560
v 0.000000 1.540217 0.667698
v 0.000000 1.836408 0.422162
v 0.438310 1.820874 -0.641455
v 0.438310 1.820874 0.062505
v 0.000000 1.971268 0.062505
v 0.000000 1.971268 -0.641455
v 0.340107 1.971268 -0.641455
v 0.431229 1.900983 -0.641455
v 0.431229 1.900984 0.062505
v 0.340107 1.971268 0.062505
v 0.000000 2.000879 0.638390
v 0.000000 1.814391 0.682893
v 0.204126 1.814391 0.682893
v 0.000000 2.000879 0.412543
v 0.000000 1.814391 0.264503
v 0.204126 1.814391 0.264503
v 0.133734 2.000879 0.638390
v 0.204126 1.924466 0.682893
v 0.204126 1.924466 0.367398
v 0.133734 2.000879 0.412543
v 0.000000 1.924467 0.682893
v 0.204126 1.814391 0.617547
v 0.000000 2.000879 0.617547
v 0.133734 2.000879 0.617547
v 0.204126 1.924466 0.617547
v 0.419066 1.707173 -0.849671
v 0.000000 1.945693 -0.534096
v 0.358741 1.945693 -0.534096
v 0.000000 1.945693 -1.169541
v 0.000000 1.707173 -1.276432
v 0.358741 1.945693 -1.169541
v 0.419066 1.707173 -1.276432
v 0.419066 1.830090 -0.658201
v 0.000000 1.830090 -1.276433
v 0.419066 1.830090 -1.276433
v -0.465570 1.764879 0.283343
v -0.405617 1.836408 0.320132
v -0.465570 1.261542 0.000692
v -0.421704 1.753461 0.688316
v -0.382697 1.800001 0.688316
v -0.465570 1.764879 -0.885528
v -0.405617 1.996375 0.320132
v -0.465570 1.924846 0.283342
v -0.465570 1.924846 -0.708467
v -0.405617 1.996375 -0.624164
v -0.465570 1.764879 0.411328
v -0.405618 1.836408 0.422162
v -0.465570 1.578880 0.242009
v -0.421704 1.615288 0.688316
v -0.465570 1.578880 0.411328
v -0.427367 1.261542 0.063507
v -0.427367 1.540217 0.274057
v -0.427367 1.540217 0.667698
v -0.427367 1.540217 0.411328
v -0.465570 1.764878 -1.306679
v -0.465570 1.628313 -1.306679
v -0.465570 1.628313 -1.202653
v -0.465570 1.764878 -1.202653
v -0.387165 1.844929 -0.527560
v -0.387165 1.844929 -0.051390
v -0.423668 1.844929 -0.051390
v -0.423668 1.844929 -0.527560
v -0.465570 1.261542 -0.097294
v -0.465570 1.844929 -0.046636
v -0.465570 1.844929 -0.532314
v -0.465570 1.924846 -0.532314
v -0.465570 1.924846 -0.046637
v -0.405617 1.996375 -0.046637
v -0.405617 1.996375 -0.532314
v -0.465570 1.566222 -0.889103
v -0.465570 1.566223 -0.532314
v -0.465570 1.566223 0.108481
v -0.465570 1.345177 -0.752904
v -0.406552 1.261542 -0.768814
v -0.465570 1.601036 -1.306679
v -0.406552 1.508894 -1.306679
v -0.406552 1.508894 -1.202653
v -0.465570 1.601204 -1.202653
v -0.406552 1.261542 -0.532314
v -0.465570 1.345343 -0.532314
v -0.465570 1.261542 -0.433730
v -0.190140 1.024398 -0.768814
v -0.268619 1.024399 0.000692
v -0.465570 1.187865 0.000692
v -0.268619 1.024399 -0.097294
v -0.465570 1.187865 -0.097294
v -0.465570 1.187864 -0.433730
v -0.268619 1.024399 -0.395357
v -0.406552 1.187864 -0.532314
v -0.186629 1.024398 -0.532314
v -0.397691 1.187864 -0.768814
v -0.405618 1.836408 0.672862
v -0.465570 1.764879 0.668456
v -0.465570 1.578880 0.668456
v -0.427367 1.540217 0.588289
v -0.465570 1.764879 0.688316
v -0.405618 1.836408 0.688316
v -0.465570 1.578880 0.688316
v -0.388838 1.751229 0.670419
v -0.352871 1.794141 0.670419
v -0.388838 1.623825 0.670419
v -0.438310 1.820874 -0.641455
v -0.438310 1.820874 0.062505
v -0.340107 1.971268 -0.641455
v -0.431229 1.900983 -0.641455
v -0.431229 1.900984 0.062505
v -0.340107 1.971268 0.062505
v -0.204126 1.814391 0.682893
v -0.204126 1.814391 0.264503
v -0.133734 2.000879 0.638390
v -0.204126 1.924466 0.682893
v -0.204126 1.924466 0.367398
v -0.133734 2.000879 0.412543
v -0.204126 1.814391 0.617547
v -0.133734 2.000879 0.617547
v -0.204126 1.924466 0.617547
v -0.419066 1.707173 -0.849671
v -0.358741 1.945693 -0.534096
v -0.358741 1.945693 -1.169541
v -0.419066 1.707173 -1.276432
v -0.419066 1.830090 -0.658201
v -0.419066 1.830090 -1.276433
vn 0.8904 0.4454 0.0938
vn 0.8927 0.4333 0.1239
vn 0.8869 0.3449 0.3075
vn 0.8886 0.3526 0.2934
vn 0.8427 0.2498 0.4769
vn 0.8479 0.2576 0.4634
vn 0.7591 0.1597 0.6311
vn 0.7669 0.1665 0.6197
vn 0.6424 0.0803 0.7621
vn 0.6515 0.0854 0.7538
vn 0.5008 0.0156 0.8654
vn 0.5095 0.0189 0.8603
vn 0.4310 -0.0102 0.9023
vn 0.3587 -0.0251 0.9331
vn -0.8926 0.4359 0.1153
vn -0.0012 0.9684 0.2495
vn -0.0104 0.9678 0.2517
vn -0.0114 0.9677 0.2519
vn -0.0057 0.9918 0.1277
vn -0.0036 0.9968 0.0803
vn -0.0112 0.9680 0.2505
vn 0.9668 0.2506 0.0500
vn 0.9778 0.2071 -0.0323
vn 0.8732 0.4870 -0.0215
vn -0.0022 -0.9915 -0.1299
vn -0.0043 -0.9632 -0.2687
vn -0.0035 -0.9652 -0.2615
vn -0.0027 -0.9649 -0.2627
vn -0.0000 -0.9648 -0.2630
vn -0.0000 -0.9910 -0.1342
vn -0.0000 -1.0000 0.0009
vn -0.0003 -1.0000 0.0004
vn 0.9531 0.1819 0.2418
vn 0.8925 0.1365 0.4299
vn 0.9009 0.0103 0.4339
vn 0.9737 0.0029 0.2278
vn 0.9993 -0.0000 0.0370
vn 0.9993 -0.0000 -0.0361
vn -0.9811 -0.0039 -0.1934
vn -0.9991 -0.0000 -0.0427
vn -0.9988 -0.0000 -0.0494
vn -0.9745 -0.0053 -0.2244
vn -0.9684 -0.0000 -0.2495
vn -0.8692 -0.0000 -0.4944
vn -0.9744 -0.0000 -0.2249
vn 0.7934 0.0929 0.6016
vn 0.8030 0.0141 0.5958
vn -0.0028 -0.9671 -0.2543
vn -0.0014 -0.9667 -0.2561
vn -0.0000 -0.9661 -0.2580
vn -0.0000 -1.0000 -0.0014
vn -0.0003 -1.0000 -0.0014
vn -0.4251 -0.0593 -0.9032
vn -0.5154 -0.0543 -0.8552
vn -0.5108 -0.0546 -0.8580
vn -0.0000 1.0000 -0.0000
vn -0.0000 0.5142 -0.8577
vn 0.4333 -0.8890 -0.1484
vn 0.3998 -0.9164 0.0182
vn 0.4030 -0.9151 0.0137
vn 0.4280 -0.8951 -0.1253
vn 0.4640 -0.8284 -0.3138
vn 0.3128 -0.8502 0.4234
vn 0.3352 -0.8583 0.3885
vn 0.3151 -0.8511 0.4199
vn 0.2639 -0.8344 0.4838
vn 0.2671 -0.8353 0.4806
vn 0.1971 -0.8123 0.5490
vn 0.2040 -0.8149 0.5425
vn 0.1593 -0.7967 0.5830
vn 0.4200 -0.9075 -0.0106
vn -0.9177 -0.0176 -0.3969
vn -0.9001 -0.0212 -0.4351
vn 0.6662 0.0502 0.7441
vn 0.6677 0.0107 0.7443
vn -0.8065 -0.0339 -0.5903
vn -0.8014 -0.0343 -0.5972
vn -0.6705 -0.0444 -0.7405
vn -0.6653 -0.0448 -0.7452
vn 0.5047 -0.0240 0.8630
vn 0.3588 -0.0620 0.9314
vn 0.3654 -0.1579 0.9174
vn 0.4860 -0.0725 0.8710
vn -0.8047 -0.4968 0.3250
vn 0.8746 0.4846 -0.0162
vn 0.1692 -0.0531 0.9842
vn 0.1618 -0.0533 0.9854
vn -0.0000 -0.0562 0.9984
vn 0.9900 0.1065 -0.0929
vn 0.3634 -0.0271 0.9313
vn -0.0000 0.3509 0.9364
vn -0.0000 0.9672 0.2539
vn 0.2639 -0.0497 0.9633
vn -0.6738 -0.2084 0.7089
vn 0.1551 -0.9331 0.3246
vn 0.0744 0.8600 0.5049
vn -0.8904 0.4454 0.0938
vn -0.8886 0.3526 0.2934
vn -0.8869 0.3449 0.3075
vn -0.8931 0.4309 0.1292
vn -0.8479 0.2576 0.4634
vn -0.8427 0.2498 0.4769
vn -0.7669 0.1665 0.6197
vn -0.7591 0.1597 0.6311
vn -0.6515 0.0854 0.7538
vn -0.6424 0.0803 0.7621
vn -0.5095 0.0189 0.8603
vn -0.5008 0.0156 0.8654
vn -0.3620 -0.0270 0.9318
vn -0.4310 -0.0102 0.9023
vn 0.8926 0.4359 0.1153
vn 0.0012 0.9684 0.2495
vn 0.0114 0.9677 0.2519
vn 0.0104 0.9678 0.2517
vn 0.0054 0.9917 0.1284
vn 0.0112 0.9680 0.2505
vn 0.0036 0.9968 0.0800
vn -0.8732 0.4870 -0.0215
vn -0.9778 0.2071 -0.0323
vn -0.9668 0.2506 0.0500
vn 0.0022 -0.9915 -0.1299
vn 0.0027 -0.9649 -0.2627
vn 0.0035 -0.9652 -0.2615
vn 0.0043 -0.9632 -0.2687
vn 0.0003 -1.0000 0.0004
vn -0.9531 0.1819 0.2418
vn -0.9737 0.0029 0.2278
vn -0.9009 0.0103 0.4339
vn -0.8925 0.1365 0.4299
vn -0.9993 -0.0000 -0.0361
vn -0.9993 -0.0000 0.0370
vn 0.9811 -0.0039 -0.1934
vn 0.9745 -0.0053 -0.2244
vn 0.9988 -0.0000 -0.0494
vn 0.9991 -0.0000 -0.0427
vn 0.9684 -0.0000 -0.2495
vn 0.9744 -0.0000 -0.2249
vn 0.8692 -0.0000 -0.4944
vn -0.8030 0.0141 0.5958
vn -0.7934 0.0929 0.6016
vn 0.0014 -0.9667 -0.2561
vn 0.0028 -0.9671 -0.2543
vn 0.0038 -0.9652 -0.2614
vn 0.0003 -1.0000 -0.0014
vn 0.4251 -0.0593 -0.9032
vn 0.5108 -0.0546 -0.8580
vn 0.5154 -0.0543 -0.8552
vn 0.0040 0.9968 0.0801
vn -0.4333 -0.8890 -0.1484
vn -0.4280 -0.8951 -0.1253
vn -0.4030 -0.9151 0.0137
vn -0.3998 -0.9164 0.0182
vn -0.4640 -0.8284 -0.3138
vn -0.3128 -0.8502 0.4234
vn -0.3151 -0.8511 0.4199
vn -0.3352 -0.8583 0.3885
vn -0.2639 -0.8344 0.4838
vn -0.2671 -0.8353 0.4806
vn -0.1971 -0.8123 0.5490
vn -0.2040 -0.8149 0.5425
vn -0.1593 -0.7967 0.5830
vn -0.4200 -0.9075 -0.0106
vn 0.9177 -0.0176 -0.3969
vn 0.9001 -0.0212 -0.4351
vn -0.6677 0.0107 0.7443
vn -0.6662 0.0502 0.7441
vn 0.8065 -0.0339 -0.5903
vn 0.8014 -0.0343 -0.5972
vn 0.6705 -0.0444 -0.7405
vn 0.6653 -0.0448 -0.7452
vn -0.5047 -0.0240 0.8630
vn -0.4860 -0.0725 0.8710
vn -0.3654 -0.1579 0.9174
vn -0.3570 -0.0641 0.9319
vn 0.8047 -0.4968 0.3250
vn 0.0057 0.9917 0.1285
vn 0.0037 0.9968 0.0801
vn -0.8922 0.4365 0.1154
vn -0.8746 0.4846 -0.0162
vn -0.1692 -0.0531 0.9842
vn -0.1618 -0.0533 0.9854
vn -0.9900 0.1065 -0.0929
vn -0.3593 -0.0621 0.9312
vn -0.2639 -0.0497 0.9633
vn 0.6738 -0.2084 0.7089
vn -0.1551 -0.9331 0.3246
vn -0.0744 0.8600 0.5049
vn 1.0000 -0.0000 -0.0000
vn -0.0000 -0.0000 1.0000
vn -0.4782 -0.0000 0.8782
vn 0.7664 0.6424 -0.0000
vn 0.5230 -0.0000 0.8523
vn 0.7113 -0.7029 -0.0000
vn -0.0000 -1.0000 -0.0000
vn 0.7915 -0.3692 0.4870
vn -0.0000 -0.0000 -1.0000
vn 0.0255 0.0344 -0.9991
vn 0.1127 0.0230 0.9934
vn 0.1136 0.0229 0.9933
vn 0.1142 0.0229 0.9932
vn 0.1136 0.0230 -0.9933
vn 0.1127 0.0230 -0.9934
vn 0.1142 0.0230 -0.9932
vn 0.0255 0.0344 0.9991
vn -0.0000 0.0314 -0.9995
vn 0.7344 -0.5172 -0.4396
vn 0.8060 -0.5143 -0.2930
vn 0.8423 -0.5390 0.0004
vn 0.8173 -0.5762 0.0002
vn 0.9980 -0.0600 -0.0187
vn 0.8580 -0.0000 -0.5136
vn 0.6387 -0.7695 -0.0000
vn 0.5618 -0.7558 -0.3363
vn 0.6075 -0.7943 -0.0069
vn -0.0000 -0.4706 0.8824
vn -0.0026 0.7483 -0.6634
vn -0.4276 -0.3584 0.8299
vn -0.0000 -0.8687 -0.4953
vn -0.0000 0.0314 0.9995
vn -0.0000 -0.9504 0.3111
vn -0.0000 0.9026 0.4305
vn -0.0000 -0.6028 0.7979
vn 0.9961 0.0880 -0.0000
vn 0.6108 0.7918 -0.0000
vn 0.0318 0.6288 -0.7770
vn -0.0000 0.5033 0.8641
vn 0.7355 0.6775 -0.0000
vn -0.0000 0.6789 -0.7342
vn 0.8865 0.4626 -0.0000
vn -1.0000 -0.0000 -0.0000
vn 0.4782 -0.0000 0.8782
vn -0.7664 0.6424 -0.0000
vn -0.5230 -0.0000 0.8523
vn -0.7113 -0.7029 -0.0000
vn -0.7915 -0.3692 0.4870
vn -0.0255 0.0344 -0.9991
vn -0.1127 0.0230 0.9934
vn -0.1142 0.0229 0.9932
vn -0.1136 0.0229 0.9933
vn -0.1136 0.0230 -0.9933
vn -0.1142 0.0230 -0.9932
vn -0.1127 0.0230 -0.9934
vn -0.0255 0.0344 0.9991
vn -0.7344 -0.5172 -0.4396
vn -0.8060 -0.5143 -0.2930
vn -0.8423 -0.5390 0.0004
vn -0.8173 -0.5762 0.0002
vn -0.9980 -0.0600 -0.0187
vn -0.8580 -0.0000 -0.5136
vn -0.6387 -0.7695 -0.0000
vn -0.5618 -0.7558 -0.3363
vn -0.6075 -0.7943 -0.0069
vn 0.0026 0.7483 -0.6634
vn 0.4276 -0.3584 0.8299
vn -0.9961 0.0880 -0.0000
vn -0.6108 0.7918 -0.0000
vn -0.0318 0.6288 -0.7770
vn -0.7355 0.6775 -0.0000
vn -0.8865 0.4626 -0.0000
vt 0.395974 0.585739
vt 0.389830 0.581393
vt 0.397673 0.560039
vt 0.403855 0.563977
vt 0.404155 0.538391
vt 0.410455 0.541831
vt 0.409383 0.516504
vt 0.415794 0.519407
vt 0.413420 0.494456
vt 0.419928 0.496791
vt 0.416331 0.472289
vt 0.422916 0.474034
vt 0.417711 0.455790
vt 0.424827 0.451150
vt 0.470383 0.062869
vt 0.470383 0.005439
vt 0.473869 0.008429
vt 0.474567 0.064881
vt 0.485810 0.006850
vt 0.486741 0.068584
vt 0.247997 0.571011
vt 0.283968 0.567967
vt 0.284331 0.625896
vt 0.276351 0.621814
vt 0.266861 0.614311
vt 0.259019 0.605101
vt 0.253123 0.594537
vt 0.249402 0.583027
vt 0.436310 0.614457
vt 0.411981 0.802501
vt 0.372266 0.774542
vt 0.866311 0.917710
vt 0.865623 0.922232
vt 0.863931 0.926901
vt 0.861360 0.931150
vt 0.858011 0.934817
vt 0.854010 0.937759
vt 0.849512 0.939864
vt 0.844168 0.937511
vt 0.839918 0.937703
vt 0.841050 0.916371
vt 0.842805 0.883324
vt 0.867766 0.882479
vt 0.444860 0.589641
vt 0.452184 0.564326
vt 0.495452 0.564086
vt 0.481096 0.591727
vt 0.479344 0.618625
vt 0.455246 0.808068
vt 0.894292 0.638670
vt 0.897097 0.650214
vt 0.869358 0.648316
vt 0.870131 0.637017
vt 0.890571 0.741569
vt 0.889640 0.755762
vt 0.866114 0.754153
vt 0.863106 0.739690
vt 0.458235 0.538437
vt 0.490666 0.537842
vt 0.361556 0.234134
vt 0.366921 0.219948
vt 0.375264 0.216554
vt 0.379513 0.230562
vt 0.362639 0.245130
vt 0.380948 0.245130
vt 0.843176 0.876318
vt 0.850370 0.876700
vt 0.854909 0.876941
vt 0.870563 0.877772
vt 0.887112 0.574675
vt 0.887417 0.587571
vt 0.872042 0.585606
vt 0.873218 0.579640
vt 0.289348 0.467137
vt 0.297853 0.567746
vt 0.277541 0.467325
vt 0.909388 0.591668
vt 0.905691 0.591668
vt 0.905691 0.579861
vt 0.909388 0.579861
vt 0.915898 0.482116
vt 0.914775 0.470847
vt 0.924223 0.468005
vt 0.925642 0.482082
vt 0.911834 0.497759
vt 0.921568 0.498157
vt 0.910093 0.510199
vt 0.919592 0.512275
vt 0.906112 0.522197
vt 0.915076 0.525889
vt 0.900021 0.533370
vt 0.908163 0.538569
vt 0.896227 0.538123
vt 0.900243 0.545358
vt 0.896227 0.381157
vt 0.901366 0.367307
vt 0.891972 0.625981
vt 0.863106 0.622462
vt 0.463009 0.512165
vt 0.485920 0.511528
vt 0.889961 0.613239
vt 0.866293 0.610311
vt 0.888401 0.600434
vt 0.869289 0.598031
vt 0.466500 0.485578
vt 0.468788 0.458817
vt 0.481168 0.465942
vt 0.481571 0.485136
vt 0.364558 0.205384
vt 0.371603 0.209725
vt 0.933791 0.579861
vt 0.909388 0.548843
vt 0.933791 0.539144
vt 0.905691 0.550313
vt 0.933791 0.610378
vt 0.909388 0.610378
vt 0.933791 0.591668
vt 0.247997 0.467795
vt 0.366287 0.770283
vt 0.469966 0.431761
vt 0.425885 0.427952
vt 0.427104 0.405005
vt 0.470488 0.405021
vt 0.452663 0.440597
vt 0.459266 0.441127
vt 0.457281 0.442745
vt 0.454851 0.442080
vt 0.485602 0.002509
vt 0.498030 0.001953
vt 0.498102 0.006294
vt 0.905691 0.610378
vt 0.308055 0.466839
vt 0.309659 0.567558
vt 0.499145 0.068984
vt 0.452453 0.445532
vt 0.459030 0.446697
vt 0.456803 0.444651
vt 0.454352 0.443738
vt 0.396013 0.224293
vt 0.403898 0.246052
vt 0.397716 0.249990
vt 0.389869 0.228640
vt 0.410502 0.268194
vt 0.404202 0.271634
vt 0.415842 0.290616
vt 0.409430 0.293516
vt 0.419974 0.313228
vt 0.413465 0.315560
vt 0.422955 0.335984
vt 0.416370 0.337723
vt 0.424858 0.358865
vt 0.417742 0.354220
vt 0.527688 0.061916
vt 0.523572 0.064066
vt 0.522393 0.007622
vt 0.525778 0.004518
vt 0.511528 0.068172
vt 0.510406 0.006441
vt 0.371401 0.569046
vt 0.370379 0.581100
vt 0.367026 0.592723
vt 0.361469 0.603469
vt 0.353924 0.612924
vt 0.344679 0.620726
vt 0.336832 0.625060
vt 0.335351 0.567149
vt 0.372265 0.035496
vt 0.411975 0.007528
vt 0.436342 0.195568
vt 0.815790 0.915028
vt 0.835713 0.937063
vt 0.830149 0.938837
vt 0.825899 0.936267
vt 0.822233 0.932917
vt 0.819290 0.928917
vt 0.817184 0.924419
vt 0.815996 0.919597
vt 0.818073 0.879842
vt 0.444897 0.220382
vt 0.481132 0.218290
vt 0.495492 0.245931
vt 0.452225 0.245697
vt 0.455239 0.001953
vt 0.479375 0.191391
vt 0.889570 0.065948
vt 0.913731 0.064295
vt 0.914504 0.075594
vt 0.886764 0.077492
vt 0.893290 0.168847
vt 0.920755 0.166968
vt 0.917747 0.181431
vt 0.894222 0.183040
vt 0.490709 0.272177
vt 0.458279 0.271587
vt 0.361556 0.256126
vt 0.379513 0.259698
vt 0.375264 0.273707
vt 0.366921 0.270312
vt 0.815790 0.874864
vt 0.831444 0.875695
vt 0.835983 0.875936
vt 0.896749 0.001953
vt 0.910643 0.006918
vt 0.911820 0.012884
vt 0.896445 0.014849
vt 0.326763 0.466541
vt 0.338569 0.466353
vt 0.321465 0.567370
vt 0.909388 0.629089
vt 0.909388 0.640896
vt 0.905691 0.640896
vt 0.905691 0.629089
vt 0.906434 0.249983
vt 0.916179 0.250017
vt 0.914760 0.264094
vt 0.905312 0.261252
vt 0.902371 0.234340
vt 0.912105 0.233942
vt 0.900630 0.221900
vt 0.910129 0.219824
vt 0.896649 0.209902
vt 0.905612 0.206210
vt 0.890558 0.198729
vt 0.898700 0.193530
vt 0.886764 0.193976
vt 0.890780 0.186741
vt 0.891903 0.364792
vt 0.886764 0.350942
vt 0.891890 0.053259
vt 0.920755 0.049740
vt 0.485964 0.298495
vt 0.463053 0.297861
vt 0.893901 0.040517
vt 0.917568 0.037589
vt 0.895461 0.027712
vt 0.914573 0.025309
vt 0.466540 0.324451
vt 0.481612 0.324891
vt 0.481204 0.344087
vt 0.468820 0.351216
vt 0.371603 0.280536
vt 0.364558 0.284876
vt 0.933791 0.640896
vt 0.933791 0.681613
vt 0.909388 0.671914
vt 0.905691 0.670444
vt 0.933791 0.629089
vt 0.368114 0.465882
vt 0.366287 0.039756
vt 0.469989 0.378275
vt 0.425903 0.382061
vt 0.452690 0.369433
vt 0.454879 0.367952
vt 0.457308 0.367288
vt 0.459293 0.368907
vt 0.510470 0.002096
vt 0.452482 0.364499
vt 0.459058 0.363336
vt 0.456831 0.365382
vt 0.454380 0.366294
vt 0.722572 0.150668
vt 0.704672 0.152846
vt 0.702483 0.139032
vt 0.720032 0.136785
vt 0.699795 0.405453
vt 0.724891 0.405591
vt 0.724877 0.408272
vt 0.699780 0.408133
vt 0.725153 0.353622
vt 0.736003 0.309248
vt 0.746830 0.309306
vt 0.746638 0.353803
vt 0.747085 0.966526
vt 0.725890 0.962721
vt 0.733896 0.918114
vt 0.755091 0.921919
vt 0.797084 0.296630
vt 0.777391 0.297345
vt 0.777898 0.292987
vt 0.794628 0.292597
vt 0.736646 0.406250
vt 0.736635 0.408336
vt 0.755091 0.976426
vt 0.733896 0.972622
vt 0.736897 0.358646
vt 0.736826 0.372415
vt 0.725075 0.370889
vt 0.699997 0.370744
vt 0.700183 0.347866
vt 0.148754 0.837010
vt 0.148209 0.839970
vt 0.142798 0.834466
vt 0.143845 0.824344
vt 0.148768 0.725812
vt 0.142774 0.733730
vt 0.096646 0.735526
vt 0.096585 0.726759
vt 0.670600 0.214700
vt 0.700432 0.194949
vt 0.699281 0.242891
vt 0.669963 0.243399
vt 0.156980 0.780546
vt 0.149128 0.781837
vt 0.153222 0.801901
vt 0.146674 0.800646
vt 0.703570 0.611450
vt 0.685186 0.611450
vt 0.685186 0.559431
vt 0.703570 0.559431
vt 0.700973 0.153186
vt 0.698852 0.139495
vt 0.698653 0.329817
vt 0.735319 0.244022
vt 0.658456 0.256660
vt 0.658132 0.301953
vt 0.648223 0.301974
vt 0.648437 0.256653
vt 0.756213 0.234585
vt 0.756453 0.246735
vt 0.744670 0.245588
vt 0.746180 0.222337
vt 0.758614 0.309376
vt 0.758350 0.358853
vt 0.729491 0.193836
vt 0.658035 0.315177
vt 0.009495 0.923738
vt 0.002549 0.914377
vt 0.006833 0.903289
vt 0.010923 0.903204
vt 0.001953 0.838215
vt 0.002331 0.827633
vt 0.006643 0.838704
vt 0.002132 0.903797
vt 0.010728 0.838750
vt 0.009257 0.818290
vt 0.054098 0.902744
vt 0.054511 0.923010
vt 0.492335 0.701406
vt 0.479846 0.705287
vt 0.485365 0.688805
vt 0.479846 0.802611
vt 0.488973 0.733503
vt 0.502039 0.731486
vt 0.493203 0.798170
vt 0.484285 0.815901
vt 0.497623 0.811467
vt 0.501511 0.697406
vt 0.511446 0.728276
vt 0.493998 0.684480
vt 0.648194 0.315194
vt 0.837772 0.328733
vt 0.829985 0.313062
vt 0.829985 0.278956
vt 0.855496 0.278956
vt 0.855496 0.328733
vt 0.617063 0.315244
vt 0.617063 0.302023
vt 0.523136 0.672237
vt 0.533972 0.689635
vt 0.617143 0.261846
vt 0.541682 0.719963
vt 0.096708 0.840324
vt 0.096585 0.834377
vt 0.782338 0.358890
vt 0.782264 0.372661
vt 0.702231 0.914410
vt 0.702231 0.900406
vt 0.747656 0.900406
vt 0.747656 0.914410
vt 0.054149 0.839153
vt 0.782231 0.178788
vt 0.798445 0.224072
vt 0.770129 0.292739
vt 0.772373 0.289010
vt 0.775982 0.302258
vt 0.765319 0.295544
vt 0.802048 0.301548
vt 0.797134 0.249186
vt 0.802048 0.249223
vt 0.777082 0.249539
vt 0.794424 0.249164
vt 0.771197 0.249752
vt 0.763742 0.250042
vt 0.768651 0.249858
vt 0.096640 0.823276
vt 0.097890 0.798953
vt 0.855496 0.355795
vt 0.837438 0.355795
vt 0.773057 0.138207
vt 0.747656 0.833178
vt 0.702231 0.833178
vt 0.054511 0.818808
vt 0.747656 0.801254
vt 0.703221 0.823260
vt 0.726411 0.801254
vt 0.612331 0.933335
vt 0.644255 0.933335
vt 0.644255 0.963348
vt 0.622249 0.985353
vt 0.612331 0.985353
vt 0.782082 0.406496
vt 0.855496 0.267744
vt 0.829985 0.267744
vt 0.770060 0.124566
vt 0.099035 0.780900
vt 0.804072 0.309674
vt 0.803765 0.359166
vt 0.669110 0.559431
vt 0.681514 0.611450
vt 0.669110 0.604856
vt 0.801182 0.236646
vt 0.782071 0.408582
vt 0.503504 0.867499
vt 0.503504 0.772734
vt 0.514317 0.772734
vt 0.514317 0.867499
vt 0.528216 0.772734
vt 0.528216 0.867499
vt 0.566216 0.772734
vt 0.566216 0.867499
vt 0.366287 0.950303
vt 0.366287 0.902778
vt 0.381105 0.916629
vt 0.381105 0.950303
vt 0.554963 0.013724
vt 0.554701 0.034006
vt 0.531893 0.034006
vt 0.531893 0.001953
vt 0.546836 0.001953
vt 0.348108 0.308096
vt 0.333166 0.308096
vt 0.333166 0.296192
vt 0.355973 0.296192
vt 0.394054 0.950303
vt 0.394054 0.922706
vt 0.408996 0.922706
vt 0.408996 0.950303
vt 0.333166 0.281374
vt 0.355973 0.281374
vt 0.394054 0.953109
vt 0.408996 0.953109
vt 0.381105 0.959100
vt 0.366287 0.959100
vt 0.631257 0.913077
vt 0.631257 0.891882
vt 0.671340 0.891882
vt 0.678080 0.913077
vt 0.939197 0.876458
vt 0.939197 0.933907
vt 0.922650 0.933907
vt 0.922650 0.850683
vt 0.905691 0.919518
vt 0.905691 0.833976
vt 0.631257 0.929624
vt 0.678080 0.929624
vt 0.671340 0.806340
vt 0.631257 0.806340
s 1
usemtl MI_Enemies_Large
f 2806/1911/3020 2745/1912/3021 2746/1913/3022 2807/1914/3023
f 2807/1914/3023 2746/1913/3022 2748/1915/3024 2799/1916/3025
f 2799/1916/3025 2748/1915/3024 2750/1917/3026 2800/1918/3027
f 2800/1918/3027 2750/1917/3026 2751/1919/3028 2808/1920/3029
f 2808/1920/3029 2751/1919/3028 2753/1921/3030 2801/1922/3031
f 2801/1922/3031 2753/1921/3030 2755/1923/3032 2816/1924/3033
s 0
f 2755/1925/3034 2796/1926/3034 2811/1927/3034 2816/1928/3034
s 1
f 2816/1928/3035 2811/1927/3035 2815/1929/3036 2819/1930/3037
f 2745/1931/3038 2796/1932/3039 2755/1933/3040 2753/1934/3040 2751/1935/3040 2750/1936/3040 2748/1937/3040 2746/1938/3040
f 2806/1911/3020 2771/1939/3041 2760/1940/3042 2804/1941/3043
f 2761/1942/3044 2762/1943/3045 2763/1944/3045 2764/1945/3045 2765/1946/3045 2766/1947/3045 2767/1948/3046 2768/1949/3047 2769/1950/3048 2779/1951/3049
f 2761/1942/3044 2779/1951/3049 2778/1952/3050 2770/1953/3051
f 2772/1954/3052 2747/1955/3053 2780/1956/3054 2785/1957/3055
f 2760/1940/3042 2771/1939/3041 2784/1958/3056 2795/1959/3057
f 2762/1960/3058 2761/1961/3059 2786/1962/3060 2787/1963/3061
f 2770/1964/3062 2760/1965/3063 2795/1966/3063 2793/1967/3064
f 2771/1939/3041 2772/1954/3052 2785/1957/3055 2784/1958/3056
f 2747/1955/3053 2749/1968/3065 2781/1969/3066 2780/1956/3054
f 2768/1970/3047 2767/1971/3046 2817/1972/3067 2818/1973/3068
f 2769/1974/3048 2768/1970/3047 2818/1973/3068 2757/1975/3069
f 2770/1953/3051 2778/1952/3050 2777/1976/3070 2813/1977/3071 2798/1978/3071 2760/1979/3071
f 2767/1980/3072 2766/1981/3073 2791/1982/3074 2792/1983/3072
f 2758/1984/3075 2756/1985/3075 2796/1932/3039 2797/1986/3075
f 2814/1987/3076 2758/1988/3076 2797/1989/3076 2810/1990/3076
f 2787/1991/3077 2786/1992/3078 2784/1993/3079 2785/1994/3080
f 2788/1995/3081 2787/1991/3077 2785/1994/3080 2780/1996/3081
f 2789/1997/3082 2788/1995/3083 2780/1996/3083 2781/1998/3084
f 2790/1999/3085 2789/1997/3082 2781/1998/3084 2794/2000/3086
f 2791/2001/3087 2790/1999/3085 2794/2000/3086 2782/2002/3088
f 2792/2003/3089 2791/2001/3087 2782/2002/3088 2783/2004/3089
f 2786/1992/3078 2793/2005/3090 2795/2006/3090 2784/1993/3079
f 2763/2007/3091 2762/1960/3058 2787/1963/3061 2788/2008/3092
f 2761/1961/3059 2770/1964/3062 2793/1967/3064 2786/1962/3060
f 2749/1968/3065 2773/2009/3093 2794/2010/3094 2781/1969/3066
f 2764/2011/3095 2763/2007/3091 2788/2008/3092 2789/2012/3096
f 2765/2013/3097 2764/2011/3095 2789/2012/3096 2790/2014/3098
f 2752/2015/3099 2817/2016/3100 2783/2017/3101 2782/2018/3102
f 2773/2009/3093 2752/2015/3099 2782/2018/3102 2794/2010/3094
f 2766/1981/3073 2765/2013/3097 2790/2014/3098 2791/1982/3074
s 0
f 2817/1972/3103 2767/1971/3103 2792/2019/3103 2783/2020/3103
s 1
f 2798/2021/3076 2810/1990/3076 2804/2022/3076 2760/2023/3076
f 2810/1990/3076 2797/1989/3076 2759/2024/3076 2804/2022/3076
f 2777/2025/3076 2805/2026/3076 2814/1987/3076 2813/2027/3076
f 2797/1986/3075 2796/1932/3039 2745/1931/3038 2759/2028/3075
f 2813/2027/3076 2814/1987/3076 2810/1990/3076 2798/2021/3076
f 2745/1912/3021 2806/1911/3020 2804/1941/3043 2759/2029/3104
f 2818/2030/3105 2819/2031/3106 2803/2032/3107 2757/2033/3107
s 0
f 2809/2034/3108 2774/2035/3108 2822/2036/3108 2823/2037/3108
s 1
f 2752/2015/3099 2801/1922/3031 2816/1924/3109 2817/2016/3100
f 2773/2009/3093 2808/1920/3029 2801/1922/3031 2752/2015/3099
f 2749/1968/3065 2800/1918/3027 2808/1920/3029 2773/2009/3093
f 2747/1955/3053 2799/1916/3025 2800/1918/3027 2749/1968/3065
f 2772/1954/3052 2807/1914/3023 2799/1916/3025 2747/1955/3053
f 2771/1939/3041 2806/1911/3020 2807/1914/3023 2772/1954/3052
f 2796/1926/3110 2756/2038/3110 2815/1929/3110 2811/1927/3110
f 2756/2038/3110 2776/2039/3110 2812/2040/3110 2815/1929/3110
f 2805/2026/3076 2775/2041/3076 2758/1988/3076 2814/1987/3076
f 2775/2042/3075 2776/2043/3075 2756/1985/3075 2758/1984/3075
f 2819/1930/3037 2815/1929/3036 2812/2040/3111 2803/2044/3111
f 2802/2045/3112 2754/2046/3112 2817/2016/3100 2816/1924/3109
f 2754/2046/3112 2774/2035/3112 2818/2030/3105 2817/2016/3100
f 2774/2035/3112 2809/2034/3112 2819/2031/3106 2818/2030/3105
f 2809/2034/3112 2802/2045/3112 2816/1924/3109 2819/2031/3106
s 0
f 2821/2047/3112 2820/2048/3112 2823/2037/3112 2822/2036/3112
f 2754/2046/3113 2802/2045/3113 2820/2048/3113 2821/2047/3113
f 2802/2045/3114 2809/2034/3114 2823/2037/3114 2820/2048/3114
f 2774/2035/3115 2754/2046/3115 2821/2047/3115 2822/2036/3115
s 1
f 2876/2049/3116 2877/2050/3117 2825/2051/3118 2824/2052/3119
f 2877/2050/3117 2871/2053/3120 2827/2054/3121 2825/2051/3118
f 2871/2053/3120 2872/2055/3122 2829/2056/3123 2827/2054/3121
f 2872/2055/3122 2878/2057/3124 2830/2058/3125 2829/2056/3123
f 2878/2057/3124 2873/2059/3126 2832/2060/3127 2830/2058/3125
f 2873/2059/3126 2885/2061/3128 2834/2062/3129 2832/2060/3127
s 0
f 2834/2063/3130 2885/2064/3130 2881/2065/3130 2868/2066/3130
s 1
f 2885/2064/3131 2888/2067/3132 2884/2068/3133 2881/2065/3131
s 0
f 2824/2069/3134 2825/2070/3135 2827/2071/3135 2829/2072/3135 2830/2073/3135 2832/2074/3135 2834/2075/3135 2868/2076/3136
s 1
f 2876/2049/3116 2875/2077/3137 2838/2078/3138 2848/2079/3139
f 2839/2080/3140 2779/1951/3049 2769/1950/3048 2846/2081/3141 2845/2082/3142 2844/2083/3143 2843/2084/3143 2842/2085/3143 2841/2086/3143 2840/2087/3143
f 2839/2080/3140 2847/2088/3144 2778/1952/3050 2779/1951/3049
f 2849/2089/3145 2857/2090/3146 2852/2091/3147 2826/2092/3148
f 2838/2078/3138 2867/2093/3149 2856/2094/3150 2848/2079/3139
f 2840/2095/3151 2859/2096/3152 2858/2097/3153 2839/2098/3154
f 2847/2099/3155 2865/2100/3156 2867/2101/3157 2838/2102/3157
f 2848/2079/3139 2856/2094/3150 2857/2090/3146 2849/2089/3145
f 2826/2092/3148 2852/2091/3147 2853/2103/3158 2828/2104/3159
f 2846/2105/3141 2887/2106/3160 2886/2107/3161 2845/2108/3162
f 2769/1974/3048 2757/1975/3069 2887/2106/3160 2846/2105/3141
f 2847/2088/3144 2838/2109/3163 2870/2110/3163 2882/2111/3163 2777/1976/3070 2778/1952/3050
f 2845/2112/3164 2864/2113/3164 2863/2114/3165 2844/2115/3166
f 2836/2116/3075 2869/2117/3075 2868/2076/3167 2835/2118/3075
f 2883/2119/3076 2880/2120/3076 2869/2121/3076 2836/2122/3076
f 2859/2123/3168 2857/2124/3169 2856/2125/3170 2858/2126/3171
f 2860/2127/3172 2852/2128/3172 2857/2124/3169 2859/2123/3168
f 2861/2129/3173 2853/2130/3174 2852/2128/3175 2860/2127/3175
f 2862/2131/3176 2866/2132/3177 2853/2130/3174 2861/2129/3173
f 2863/2133/3178 2854/2134/3179 2866/2132/3177 2862/2131/3176
f 2864/2135/3180 2855/2136/3180 2854/2134/3179 2863/2133/3178
f 2858/2126/3171 2856/2125/3170 2867/2137/3181 2865/2138/3181
f 2841/2139/3182 2860/2140/3183 2859/2096/3152 2840/2095/3151
f 2839/2098/3154 2858/2097/3153 2865/2100/3156 2847/2099/3155
f 2828/2104/3159 2853/2103/3158 2866/2141/3184 2850/2142/3185
f 2842/2143/3186 2861/2144/3187 2860/2140/3183 2841/2139/3182
f 2843/2145/3188 2862/2146/3189 2861/2144/3187 2842/2143/3186
f 2831/2147/3190 2854/2148/3191 2855/2149/3192 2886/2150/3193
f 2850/2142/3185 2866/2141/3184 2854/2148/3191 2831/2147/3190
f 2844/2115/3166 2863/2114/3165 2862/2146/3189 2843/2145/3188
s 0
f 2886/2107/3194 2855/2151/3194 2864/2152/3194 2845/2108/3194
s 1
f 2870/2153/3076 2838/2154/3076 2875/2155/3076 2880/2120/3076
f 2880/2120/3076 2875/2155/3076 2837/2156/3076 2869/2121/3076
f 2777/2025/3076 2882/2157/3076 2883/2119/3076 2805/2026/3076
f 2869/2117/3075 2837/2158/3075 2824/2069/3195 2868/2076/3196
f 2882/2157/3076 2870/2153/3076 2880/2120/3076 2883/2119/3076
f 2824/2052/3197 2837/2159/3198 2875/2077/3137 2876/2049/3116
f 2887/2160/3199 2757/2033/3107 2803/2032/3107 2888/2161/3200
s 0
f 2879/2162/3201 2892/2163/3201 2891/2164/3201 2851/2165/3201
s 1
f 2831/2147/3190 2886/2150/3202 2885/2061/3128 2873/2059/3126
f 2850/2142/3185 2831/2147/3190 2873/2059/3126 2878/2057/3124
f 2828/2104/3159 2850/2142/3185 2878/2057/3124 2872/2055/3122
f 2826/2092/3148 2828/2104/3159 2872/2055/3122 2871/2053/3120
f 2849/2089/3145 2826/2092/3148 2871/2053/3120 2877/2050/3117
f 2848/2079/3139 2849/2089/3145 2877/2050/3117 2876/2049/3116
f 2868/2066/3110 2881/2065/3110 2884/2068/3110 2835/2166/3110
f 2835/2166/3110 2884/2068/3110 2812/2040/3110 2776/2039/3110
f 2805/2026/3076 2883/2119/3076 2836/2122/3076 2775/2041/3076
f 2775/2042/3075 2836/2116/3075 2835/2118/3075 2776/2043/3075
f 2888/2067/3132 2803/2044/3111 2812/2040/3111 2884/2068/3133
f 2874/2167/3203 2885/2061/3128 2886/2150/3202 2833/2168/3203
f 2833/2168/3203 2886/2150/3202 2887/2160/3199 2851/2165/3203
f 2851/2165/3203 2887/2160/3199 2888/2161/3200 2879/2162/3203
f 2879/2162/3203 2888/2161/3200 2885/2061/3128 2874/2167/3203
s 0
f 2890/2169/3203 2891/2164/3203 2892/2163/3203 2889/2170/3203
f 2833/2168/3204 2890/2169/3204 2889/2170/3204 2874/2167/3204
f 2874/2167/3205 2889/2170/3205 2892/2163/3205 2879/2162/3205
f 2851/2165/3206 2891/2164/3206 2890/2169/3206 2833/2168/3206
s 1
f 2915/2171/3207 2914/2172/3207 2913/2173/3207 2912/2174/3207
f 2951/2175/3207 2950/2176/3207 2953/2177/3207 2955/2178/3207
f 2893/2179/3207 2921/2180/3207 2924/2181/3207 2900/2182/3207
s 0
f 2894/2183/3208 2899/2184/3208 2969/2185/3208 2963/2186/3208
f 2906/2187/3209 2896/2188/3209 2956/2189/3209 2958/2190/3209
s 1
f 2949/2191/3210 2954/2192/3210 2953/2177/3210 2950/2176/3210
s 0
f 2894/2183/3211 2893/2193/3211 2900/2194/3211 2899/2184/3211
f 2894/2195/3210 2904/2196/3210 2903/2197/3210 2893/2179/3210
f 2893/2179/3207 2903/2197/3207 2907/2198/3207 2905/2199/3207
f 2951/2200/3212 2955/2201/3212 2910/2202/3212 2952/2203/3212
f 2895/2204/3213 2908/2205/3213 2987/2206/3213 2979/2207/3213
s 1
f 2930/2208/3207 2927/2209/3207 2928/2210/3207 2937/2211/3207
s 0
f 2895/2204/3214 2905/2212/3214 2909/2213/3214 2908/2205/3214
f 2905/2212/3212 2907/2214/3212 2911/2215/3212 2909/2213/3212
s 1
f 2912/2216/3215 2913/2217/3215 2968/2218/3215 2976/2219/3215
f 2914/2172/3207 2935/2220/3207 2932/2221/3207 2913/2173/3207
f 2921/2180/3207 2929/2222/3207 2928/2210/3207 2922/2223/3207
f 2927/2209/3207 2930/2208/3207 2935/2220/3207 2914/2172/3207
f 2938/2224/3207 2920/2225/3207 2943/2226/3207 2944/2227/3207
s 0
f 2902/2228/3210 2926/2229/3210 2923/2230/3210 2901/2231/3210
f 2925/2232/3210 2899/2233/3210 2900/2182/3210 2924/2181/3210
s 1
f 2922/2223/3207 2898/2234/3207 2901/2231/3207 2923/2230/3207
f 2905/2199/3207 2929/2222/3207 2921/2180/3207 2893/2179/3207
f 2920/2225/3207 2929/2222/3207 2905/2199/3207 2895/2235/3207
s 0
f 2925/2236/3216 2924/2237/3216 2918/2238/3216 2917/2239/3216
f 2922/2240/3217 2923/2241/3218 2919/2242/3219
f 2924/2237/3220 2921/2243/3221 2918/2238/3222
s 1
f 2929/2222/3207 2920/2225/3207 2938/2224/3207 2937/2211/3207 2928/2210/3207
f 2927/2209/3207 2898/2234/3207 2922/2223/3207 2928/2210/3207
f 2917/2239/3075 2918/2238/3075 2919/2242/3075 2916/2244/3075
s 0
f 2923/2241/3223 2926/2245/3223 2916/2244/3223 2919/2242/3223
f 2925/2236/3224 2917/2239/3224 2982/2246/3224 2984/2247/3224
s 1
f 2898/2234/3207 2927/2209/3207 2914/2172/3207 2915/2171/3207
s 0
f 2936/2248/3225 2937/2249/3225 2938/2250/3225
f 2935/2251/3226 2930/2252/3226 2931/2253/3226 2934/2254/3226
f 2932/2255/3227 2935/2251/3227 2934/2254/3227 2933/2256/3227
f 2936/2248/3228 2931/2253/3228 2930/2252/3228 2937/2249/3228
f 2931/2253/3229 2936/2248/3229 2946/2257/3229 2948/2258/3229
f 2936/2248/3230 2938/2250/3230 2944/2259/3230 2946/2257/3230
s 1
f 2920/2225/3207 2895/2235/3207 2941/2260/3207 2943/2226/3207
f 2947/2261/3213 2945/2262/3213 2942/2263/3213 2961/2264/3213 2967/2265/3213
f 2943/2226/3231 2941/2260/3231 2940/2266/3231 2942/2267/3231
s 0
f 2945/2268/3232 2947/2269/3232 2946/2257/3232 2944/2259/3232
s 1
f 2944/2227/3231 2943/2226/3231 2942/2267/3231 2945/2270/3231
s 0
f 2948/2258/3233 2946/2257/3233 2947/2269/3233 2939/2271/3233
f 2910/2202/3234 2955/2201/3234 2985/2272/3234 2990/2273/3234
s 1
f 2894/2195/3075 2963/2274/3075 2991/2275/3075 2904/2196/3075
s 0
f 2933/2276/3213 2934/2277/3213 2965/2278/3213 2962/2279/3213
s 1
f 2917/2239/3075 2916/2244/3075 2989/2280/3075 2982/2246/3075
s 0
f 2902/2228/3235 2901/2231/3235 2898/2234/3235 2978/2281/3235 2959/2282/3235
f 2896/2188/3236 2897/2283/3236 2957/2284/3236 2956/2189/3236
f 2907/2214/3212 2951/2200/3212 2952/2203/3212 2911/2215/3212
s 1
f 2904/2196/3210 2949/2191/3210 2950/2176/3210 2903/2197/3210
f 2907/2198/3207 2903/2197/3207 2950/2176/3207 2951/2175/3207
f 2897/2283/3208 2896/2188/3208 2953/2285/3208 2954/2286/3208
f 2896/2188/3208 2906/2187/3208 2955/2287/3208 2953/2285/3208
f 2906/2187/3208 2970/2288/3208 2985/2289/3208 2955/2287/3208
f 2958/2190/3208 2956/2189/3208 2983/2290/3208 2988/2291/3208
f 2956/2189/3208 2957/2284/3208 2981/2292/3208 2983/2290/3208
f 2971/2293/3208 2964/2294/3208 2897/2283/3208 2954/2286/3208
f 2966/2295/3213 2975/2296/3213 2911/2215/3213 2952/2203/3213
f 2967/2265/3213 2972/2297/3213 2939/2298/3213 2947/2261/3213
f 2986/2299/3075 2978/2281/3075 2898/2234/3075 2915/2171/3075
s 0
f 2960/2300/3237 2965/2278/3237 2934/2277/3237 2931/2301/3237
s 1
f 2990/2273/3213 2966/2295/3213 2952/2203/3213 2910/2202/3213
s 0
f 2977/2302/3238 2989/2280/3238 2916/2244/3238 2926/2245/3238
f 2972/2303/3215 2960/2300/3215 2931/2301/3215 2948/2304/3215 2939/2305/3215
f 2979/2306/3208 2974/2307/3208 2940/2308/3208 2941/2309/3208 2895/2310/3208
s 1
f 2991/2275/3075 2973/2311/3075 2949/2191/3075 2904/2196/3075
f 2974/2312/3213 2961/2264/3213 2942/2263/3213 2940/2313/3213
s 0
f 2964/2294/3239 2981/2292/3239 2957/2284/3239 2897/2283/3239
f 2988/2291/3240 2970/2288/3240 2906/2187/3240 2958/2190/3240
s 1
f 2976/2314/3075 2986/2299/3075 2915/2171/3075 2912/2174/3075
s 0
f 2980/2315/3241 2987/2206/3241 2908/2205/3241 2909/2213/3241
f 2984/2316/3075 2969/2317/3075 2899/2233/3075 2925/2232/3075
s 1
f 2975/2296/3213 2980/2315/3213 2909/2213/3213 2911/2215/3213
f 2962/2318/3215 2968/2218/3215 2913/2217/3215 2932/2319/3215 2933/2320/3215
s 0
f 2959/2282/3075 2977/2321/3075 2926/2229/3075 2902/2228/3075
s 1
f 2973/2311/3075 2971/2322/3075 2954/2192/3075 2949/2191/3075
s 0
f 2993/2323/3242 2992/2324/3242 2997/2325/3242 2998/2326/3242
f 2998/2326/3243 2997/2325/3243 2996/2327/3243 2999/2328/3243
f 2996/2327/3075 2995/2329/3075 2994/2330/3075 2999/2328/3075
s 1
f 3011/2331/3207 3005/2332/3207 3008/2333/3207 3014/2334/3207
s 0
f 3008/2335/3244 3005/2336/3244 3004/2337/3244 3003/2338/3244 3009/2339/3244
f 3006/2340/3245 3000/2341/3245 3010/2342/3245 3007/2343/3245
s 1
f 3013/2344/3246 3014/2334/3246 3008/2333/3246 3009/2345/3246
f 3013/2344/3075 3009/2345/3075 3003/2346/3075 3012/2347/3075
s 0
f 3010/2342/3208 3001/2348/3208 3002/2349/3208 3007/2343/3208
s 1
f 3006/2350/3075 3013/2344/3075 3012/2347/3075 3000/2351/3075
f 3006/2350/3246 3007/2352/3246 3014/2334/3246 3013/2344/3246
f 3002/2353/3207 3011/2331/3207 3014/2334/3207 3007/2352/3207
s 0
f 3023/2354/3247 3018/2355/3247 3020/2356/3247 3024/2357/3247
f 3015/2358/3207 3021/2359/3207 3024/2360/3207 3022/2361/3207
f 3022/2361/3248 3024/2360/3248 3020/2362/3248 3017/2363/3248
f 3019/2364/3215 3023/2354/3215 3024/2357/3215 3021/2365/3215
f 3017/2366/3075 3020/2356/3075 3018/2355/3075 3016/2367/3075
f 2921/2243/3075 2922/2240/3075 2919/2242/3075 2918/2238/3075
s 1
f 3047/2171/3249 3044/2174/3249 3045/2173/3249 3046/2172/3249
f 3083/2175/3249 3087/2178/3249 3085/2177/3249 3082/2176/3249
f 3025/2179/3249 3032/2182/3249 3056/2181/3249 3053/2180/3249
s 0
f 3026/2183/3208 2963/2186/3208 2969/2185/3208 3031/2184/3208
f 3038/2187/3250 3090/2190/3250 3088/2189/3250 3028/2188/3250
s 1
f 3081/2191/3251 3082/2176/3251 3085/2177/3251 3086/2192/3251
s 0
f 3026/2183/3252 3031/2184/3252 3032/2194/3252 3025/2193/3252
f 3026/2195/3251 3025/2179/3251 3035/2197/3251 3036/2196/3251
f 3025/2179/3249 3037/2199/3249 3039/2198/3249 3035/2197/3249
f 3083/2200/3253 3084/2203/3253 3042/2202/3253 3087/2201/3253
f 3027/2204/3213 2979/2207/3213 2987/2206/3213 3040/2205/3213
s 1
f 3062/2208/3249 3069/2211/3249 3060/2210/3249 3059/2209/3249
s 0
f 3027/2204/3254 3040/2205/3254 3041/2213/3254 3037/2212/3254
f 3037/2212/3253 3041/2213/3253 3043/2215/3253 3039/2214/3253
s 1
f 3044/2216/3215 2976/2219/3215 2968/2218/3215 3045/2217/3215
f 3046/2172/3249 3045/2173/3249 3064/2221/3249 3067/2220/3249
f 3053/2180/3249 3054/2223/3249 3060/2210/3249 3061/2222/3249
f 3059/2209/3249 3046/2172/3249 3067/2220/3249 3062/2208/3249
f 3070/2224/3249 3076/2227/3249 3075/2226/3249 3052/2225/3249
s 0
f 3034/2228/3251 3033/2231/3251 3055/2230/3251 3058/2229/3251
f 3057/2232/3251 3056/2181/3251 3032/2182/3251 3031/2233/3251
s 1
f 3054/2223/3249 3055/2230/3249 3033/2231/3249 3030/2234/3249
f 3037/2199/3249 3025/2179/3249 3053/2180/3249 3061/2222/3249
f 3052/2225/3249 3027/2235/3249 3037/2199/3249 3061/2222/3249
s 0
f 3057/2236/3255 3049/2239/3255 3050/2238/3255 3056/2237/3255
f 3054/2240/3256 3051/2242/3257 3055/2241/3258
f 3056/2237/3259 3050/2238/3260 3053/2243/3261
s 1
f 3061/2222/3249 3060/2210/3249 3069/2211/3249 3070/2224/3249 3052/2225/3249
f 3059/2209/3249 3060/2210/3249 3054/2223/3249 3030/2234/3249
f 3049/2239/3075 3048/2244/3075 3051/2242/3075 3050/2238/3075
s 0
f 3055/2241/3262 3051/2242/3262 3048/2244/3262 3058/2245/3262
f 3057/2236/3224 2984/2247/3224 2982/2246/3224 3049/2239/3224
s 1
f 3030/2234/3249 3047/2171/3249 3046/2172/3249 3059/2209/3249
s 0
f 3068/2248/3263 3070/2250/3263 3069/2249/3263
f 3067/2251/3264 3066/2254/3264 3063/2253/3264 3062/2252/3264
f 3064/2255/3265 3065/2256/3265 3066/2254/3265 3067/2251/3265
f 3068/2248/3266 3069/2249/3266 3062/2252/3266 3063/2253/3266
f 3063/2253/3267 3080/2258/3267 3078/2257/3267 3068/2248/3267
f 3068/2248/3268 3078/2257/3268 3076/2259/3268 3070/2250/3268
s 1
f 3052/2225/3249 3075/2226/3249 3073/2260/3249 3027/2235/3249
f 3079/2261/3213 2967/2265/3213 2961/2264/3213 3074/2263/3213 3077/2262/3213
f 3075/2226/3269 3074/2267/3269 3072/2266/3269 3073/2260/3269
s 0
f 3077/2268/3270 3076/2259/3270 3078/2257/3270 3079/2269/3270
s 1
f 3076/2227/3269 3077/2270/3269 3074/2267/3269 3075/2226/3269
s 0
f 3080/2258/3271 3071/2271/3271 3079/2269/3271 3078/2257/3271
f 3042/2202/3234 2990/2273/3234 2985/2272/3234 3087/2201/3234
s 1
f 3026/2195/3075 3036/2196/3075 2991/2275/3075 2963/2274/3075
s 0
f 3065/2276/3213 2962/2279/3213 2965/2278/3213 3066/2277/3213
s 1
f 3049/2239/3075 2982/2246/3075 2989/2280/3075 3048/2244/3075
s 0
f 3034/2228/3272 2959/2282/3272 2978/2281/3272 3030/2234/3272 3033/2231/3272
f 3028/2188/3273 3088/2189/3273 3089/2284/3273 3029/2283/3273
f 3039/2214/3253 3043/2215/3253 3084/2203/3253 3083/2200/3253
s 1
f 3036/2196/3251 3035/2197/3251 3082/2176/3251 3081/2191/3251
f 3039/2198/3249 3083/2175/3249 3082/2176/3249 3035/2197/3249
f 3029/2283/3208 3086/2286/3208 3085/2285/3208 3028/2188/3208
f 3028/2188/3208 3085/2285/3208 3087/2287/3208 3038/2187/3208
f 3038/2187/3208 3087/2287/3208 2985/2289/3208 2970/2288/3208
f 3090/2190/3208 2988/2291/3208 2983/2290/3208 3088/2189/3208
f 3088/2189/3208 2983/2290/3208 2981/2292/3208 3089/2284/3208
f 2971/2293/3208 3086/2286/3208 3029/2283/3208 2964/2294/3208
f 2966/2295/3213 3084/2203/3213 3043/2215/3213 2975/2296/3213
f 2967/2265/3213 3079/2261/3213 3071/2298/3213 2972/2297/3213
f 2986/2299/3075 3047/2171/3075 3030/2234/3075 2978/2281/3075
s 0
f 2960/2300/3237 3063/2301/3237 3066/2277/3237 2965/2278/3237
s 1
f 2990/2273/3213 3042/2202/3213 3084/2203/3213 2966/2295/3213
s 0
f 2977/2302/3238 3058/2245/3238 3048/2244/3238 2989/2280/3238
f 2972/2303/3215 3071/2305/3215 3080/2304/3215 3063/2301/3215 2960/2300/3215
f 2979/2306/3208 3027/2310/3208 3073/2309/3208 3072/2308/3208 2974/2307/3208
s 1
f 2991/2275/3075 3036/2196/3075 3081/2191/3075 2973/2311/3075
f 2974/2312/3213 3072/2313/3213 3074/2263/3213 2961/2264/3213
s 0
f 2964/2294/3239 3029/2283/3239 3089/2284/3239 2981/2292/3239
f 2988/2291/3240 3090/2190/3240 3038/2187/3240 2970/2288/3240
s 1
f 2976/2314/3075 3044/2174/3075 3047/2171/3075 2986/2299/3075
s 0
f 2980/2315/3241 3041/2213/3241 3040/2205/3241 2987/2206/3241
f 2984/2316/3075 3057/2232/3075 3031/2233/3075 2969/2317/3075
s 1
f 2975/2296/3213 3043/2215/3213 3041/2213/3213 2980/2315/3213
f 2962/2318/3215 3065/2320/3215 3064/2319/3215 3045/2217/3215 2968/2218/3215
s 0
f 2959/2282/3075 3034/2228/3075 3058/2229/3075 2977/2321/3075
s 1
f 2973/2311/3075 3081/2191/3075 3086/2192/3075 2971/2322/3075
s 0
f 3092/2323/3274 3095/2326/3274 3094/2325/3274 3091/2324/3274
f 3095/2326/3275 3096/2328/3275 3093/2327/3275 3094/2325/3275
f 3093/2327/3075 3096/2328/3075 2994/2330/3075 2995/2329/3075
s 1
f 3103/2331/3249 3105/2334/3249 3101/2333/3249 3098/2332/3249
s 0
f 3101/2335/3276 3102/2339/3276 3003/2338/3276 3004/2337/3276 3098/2336/3276
f 3099/2340/3245 3100/2343/3245 3010/2342/3245 3000/2341/3245
s 1
f 3104/2344/3277 3102/2345/3277 3101/2333/3277 3105/2334/3277
f 3104/2344/3075 3012/2347/3075 3003/2346/3075 3102/2345/3075
s 0
f 3010/2342/3208 3100/2343/3208 3097/2349/3208 3001/2348/3208
s 1
f 3099/2350/3075 3000/2351/3075 3012/2347/3075 3104/2344/3075
f 3099/2350/3277 3104/2344/3277 3105/2334/3277 3100/2352/3277
f 3097/2353/3249 3100/2352/3249 3105/2334/3249 3103/2331/3249
s 0
f 3023/2354/3247 3111/2357/3247 3108/2356/3247 3018/2355/3247
f 3106/2358/3249 3110/2361/3249 3111/2360/3249 3109/2359/3249
f 3110/2361/3278 3107/2363/3278 3108/2362/3278 3111/2360/3278
f 3019/2364/3215 3109/2365/3215 3111/2357/3215 3023/2354/3215
f 3107/2366/3075 3016/2367/3075 3018/2355/3075 3108/2356/3075
f 3053/2243/3075 3050/2238/3075 3051/2242/3075 3054/2240/3075
o MechRaptor_Guns
v 0.482126 2.316249 0.877102
v 0.476218 2.331555 0.877102
v 0.396470 2.316249 0.877102
v 0.402378 2.331555 0.877102
v 0.482126 2.316249 0.854983
v 0.476218 2.331555 0.854982
v 0.396470 2.316249 0.854983
v 0.402378 2.331555 0.854982
v 0.396470 2.300499 0.877102
v 0.482126 2.300499 0.877102
v 0.396470 2.300499 0.854983
v 0.482126 2.300499 0.854983
v 0.482126 2.316249 0.819592
v 0.476218 2.331555 0.819592
v 0.396470 2.316249 0.819592
v 0.402378 2.331555 0.819592
v 0.482126 2.316249 0.797473
v 0.476218 2.331555 0.797473
v 0.396470 2.316249 0.797473
v 0.402378 2.331555 0.797473
v 0.396470 2.300499 0.819592
v 0.482126 2.300499 0.819592
v 0.396470 2.300499 0.797473
v 0.482126 2.300499 0.797473
v 0.482126 2.316249 0.762082
v 0.476218 2.331555 0.762082
v 0.396470 2.316249 0.762082
v 0.402378 2.331555 0.762082
v 0.482126 2.316249 0.739963
v 0.476218 2.331555 0.739963
v 0.396470 2.316249 0.739963
v 0.402378 2.331555 0.739963
v 0.396470 2.300499 0.762082
v 0.482126 2.300499 0.762082
v 0.396470 2.300499 0.739963
v 0.482126 2.300499 0.739963
v 0.482126 2.316249 0.704573
v 0.476218 2.331555 0.704573
v 0.396470 2.316249 0.704573
v 0.402378 2.331555 0.704573
v 0.482126 2.316249 0.682454
v 0.476218 2.331555 0.682454
v 0.396470 2.316249 0.682454
v 0.402378 2.331555 0.682454
v 0.396470 2.300499 0.704573
v 0.482126 2.300499 0.704573
v 0.396470 2.300499 0.682454
v 0.482126 2.300499 0.682454
v 0.482126 2.316249 0.647063
v 0.476218 2.331555 0.647063
v 0.396470 2.316249 0.647063
v 0.402378 2.331555 0.647063
v 0.482126 2.316249 0.624944
v 0.476218 2.331555 0.624944
v 0.396470 2.316249 0.624944
v 0.402378 2.331555 0.624944
v 0.396470 2.300499 0.647063
v 0.482126 2.300499 0.647063
v 0.396470 2.300499 0.624944
v 0.482126 2.300499 0.624944
v 0.482126 2.316249 0.589554
v 0.476218 2.331555 0.589554
v 0.396470 2.316249 0.589554
v 0.402378 2.331555 0.589554
v 0.482126 2.316249 0.567435
v 0.476218 2.331555 0.567435
v 0.396470 2.316249 0.567435
v 0.402378 2.331555 0.567435
v 0.396470 2.300499 0.589554
v 0.482126 2.300499 0.589554
v 0.396470 2.300499 0.567435
v 0.482126 2.300499 0.567435
v 0.482126 2.316249 0.532044
v 0.476218 2.331555 0.532044
v 0.396470 2.316249 0.532044
v 0.402378 2.331555 0.532044
v 0.482126 2.316249 0.509925
v 0.476218 2.331555 0.509925
v 0.396470 2.316249 0.509925
v 0.402378 2.331555 0.509925
v 0.396470 2.300499 0.532044
v 0.482126 2.300499 0.532044
v 0.396470 2.300499 0.509925
v 0.482126 2.300499 0.509925
v 0.482126 2.316249 0.474535
v 0.476218 2.331555 0.474535
v 0.396470 2.316249 0.474535
v 0.402378 2.331555 0.474535
v 0.482126 2.316249 0.452416
v 0.476218 2.331555 0.452416
v 0.396470 2.316249 0.452416
v 0.402378 2.331555 0.452416
v 0.396470 2.300499 0.474535
v 0.482126 2.300499 0.474535
v 0.396470 2.300499 0.452416
v 0.482126 2.300499 0.452416
v 0.482126 2.316249 0.417025
v 0.476218 2.331555 0.417025
v 0.396470 2.316249 0.417025
v 0.402378 2.331555 0.417025
v 0.482126 2.316249 0.394906
v 0.476218 2.331555 0.394906
v 0.396470 2.316249 0.394906
v 0.402378 2.331555 0.394906
v 0.396470 2.300499 0.417025
v 0.482126 2.300499 0.417025
v 0.396470 2.300499 0.394906
v 0.482126 2.300499 0.394906
v 0.482126 2.316249 0.359515
v 0.476218 2.331555 0.359515
v 0.396470 2.316249 0.359515
v 0.402378 2.331555 0.359515
v 0.482126 2.316249 0.337396
v 0.476218 2.331555 0.337396
v 0.396470 2.316249 0.337396
v 0.402378 2.331555 0.337396
v 0.396470 2.300499 0.359515
v 0.482126 2.300499 0.359515
v 0.396470 2.300499 0.337396
v 0.482126 2.300499 0.337396
v 0.482126 2.316249 0.302006
v 0.476218 2.331555 0.302006
v 0.396470 2.316249 0.302006
v 0.402378 2.331555 0.302006
v 0.482126 2.316249 0.279887
v 0.476218 2.331555 0.279887
v 0.396470 2.316249 0.279887
v 0.402378 2.331555 0.279887
v 0.396470 2.300499 0.302006
v 0.482126 2.300499 0.302006
v 0.396470 2.300499 0.279887
v 0.482126 2.300499 0.279887
v 0.482126 2.316249 0.244496
v 0.476218 2.331555 0.244496
v 0.396470 2.316249 0.244496
v 0.402378 2.331555 0.244496
v 0.482126 2.316249 0.222377
v 0.476218 2.331555 0.222377
v 0.396470 2.316249 0.222377
v 0.402378 2.331555 0.222377
v 0.396470 2.300499 0.244496
v 0.482126 2.300499 0.244496
v 0.396470 2.300499 0.222377
v 0.482126 2.300499 0.222377
v 0.485916 2.258123 0.629105
v 0.485916 2.294444 0.629105
v 0.485916 2.270021 0.682384
v 0.485916 2.275342 0.646324
v 0.485916 2.261412 0.639226
v 0.485916 2.287346 0.684830
v 0.485916 2.265221 0.643036
v 0.485916 2.258966 0.634426
v 0.485916 2.291155 0.639226
v 0.485916 2.287346 0.643036
v 0.485916 2.270021 0.645482
v 0.485916 2.265221 0.684830
v 0.485916 2.282546 0.682384
v 0.485916 2.275342 0.681541
v 0.485916 2.293601 0.634426
v 0.485916 2.282546 0.645482
v 0.485916 2.291155 0.688639
v 0.485916 2.261412 0.688639
v 0.485916 2.258966 0.693439
v 0.485916 2.293601 0.693439
v 0.485916 2.294444 0.698761
v 0.485916 2.258123 0.698761
v 0.485916 2.316776 0.629105
v 0.485916 2.243317 0.629105
v 0.485916 2.316776 0.698761
v 0.485916 2.243317 0.698761
v 0.439298 2.294444 0.698761
v 0.439298 2.293601 0.693439
v 0.439298 2.291155 0.688639
v 0.439298 2.287346 0.684830
v 0.439298 2.282546 0.682384
v 0.439298 2.258123 0.698761
v 0.439298 2.275342 0.681541
v 0.439298 2.258966 0.693439
v 0.439298 2.261412 0.688639
v 0.439298 2.265221 0.684830
v 0.439298 2.270021 0.682384
v 0.439298 2.261412 0.639226
v 0.439298 2.265221 0.643036
v 0.439298 2.270021 0.645482
v 0.439298 2.275342 0.646324
v 0.439298 2.294444 0.629105
v 0.439298 2.293601 0.634426
v 0.439298 2.291155 0.639226
v 0.439298 2.287346 0.643036
v 0.439298 2.282546 0.645482
v 0.439298 2.258123 0.629105
v 0.439298 2.258966 0.634426
v 0.439298 2.316776 0.629105
v 0.439298 2.316776 0.698761
v 0.392681 2.258123 0.629105
v 0.392681 2.294444 0.629105
v 0.392681 2.270021 0.682384
v 0.392681 2.275342 0.646324
v 0.392681 2.261412 0.639226
v 0.392681 2.287346 0.684830
v 0.392681 2.265221 0.643036
v 0.392681 2.258966 0.634426
v 0.392681 2.291155 0.639226
v 0.392681 2.287346 0.643036
v 0.392681 2.270021 0.645482
v 0.392681 2.265221 0.684830
v 0.392681 2.282546 0.682384
v 0.392681 2.275342 0.681541
v 0.392681 2.293601 0.634426
v 0.392681 2.282546 0.645482
v 0.392681 2.291155 0.688639
v 0.392681 2.261412 0.688639
v 0.392681 2.258966 0.693439
v 0.392681 2.293601 0.693439
v 0.392681 2.294444 0.698761
v 0.392681 2.258123 0.698761
v 0.392680 2.316776 0.629105
v 0.392680 2.243317 0.629105
v 0.392680 2.316776 0.698761
v 0.392680 2.243317 0.698761
v 0.485916 2.258123 0.842051
v 0.485916 2.294444 0.842051
v 0.485916 2.270021 0.977138
v 0.485916 2.275342 0.859270
v 0.485916 2.261412 0.852172
v 0.485916 2.287346 0.977138
v 0.485916 2.265221 0.855982
v 0.485916 2.258966 0.847372
v 0.485916 2.291155 0.852172
v 0.485916 2.287346 0.855982
v 0.485916 2.270021 0.858427
v 0.485916 2.265221 0.977138
v 0.485916 2.282546 0.977138
v 0.485916 2.275342 0.977138
v 0.485916 2.293601 0.847372
v 0.485916 2.282546 0.858427
v 0.485916 2.291155 0.977138
v 0.485916 2.261412 0.977138
v 0.485916 2.258966 0.977138
v 0.485916 2.293602 0.977138
v 0.485916 2.294444 0.977138
v 0.485916 2.258123 0.977138
v 0.485916 2.316776 0.842051
v 0.485916 2.243317 0.842051
v 0.485916 2.316777 0.977138
v 0.485916 2.243317 0.977138
v 0.485916 2.270021 0.434341
v 0.485916 2.287346 0.431895
v 0.485916 2.291155 0.428086
v 0.485916 2.258966 0.423285
v 0.485916 2.265221 0.431895
v 0.485916 2.287346 0.473689
v 0.485916 2.261412 0.428086
v 0.485916 2.275342 0.435184
v 0.485916 2.270021 0.471243
v 0.485916 2.294444 0.417964
v 0.485916 2.258123 0.417964
v 0.439298 2.261412 0.852172
v 0.439298 2.265221 0.855982
v 0.439298 2.270021 0.858427
v 0.439298 2.275342 0.859270
v 0.439298 2.294444 0.842051
v 0.439298 2.293601 0.847372
v 0.439298 2.291155 0.852172
v 0.439298 2.287346 0.855982
v 0.439298 2.282546 0.858427
v 0.439298 2.258123 0.842051
v 0.439298 2.258966 0.847372
v 0.439298 2.316776 0.842051
v 0.439298 2.316777 0.977138
v 0.392681 2.258123 0.842051
v 0.392681 2.294444 0.842051
v 0.392681 2.270021 0.977138
v 0.392681 2.275342 0.859270
v 0.392681 2.261412 0.852172
v 0.392681 2.287346 0.977138
v 0.392681 2.265221 0.855982
v 0.392681 2.258966 0.847372
v 0.392681 2.291155 0.852172
v 0.392681 2.287346 0.855982
v 0.392681 2.270021 0.858427
v 0.392681 2.265221 0.977138
v 0.392681 2.282546 0.977138
v 0.392681 2.275342 0.977138
v 0.392681 2.293601 0.847372
v 0.392681 2.282546 0.858427
v 0.392681 2.291155 0.977138
v 0.392681 2.261412 0.977138
v 0.392681 2.258966 0.977138
v 0.392681 2.293602 0.977138
v 0.392681 2.294444 0.977138
v 0.392681 2.258123 0.977138
v 0.392680 2.316776 0.842051
v 0.392680 2.243317 0.842051
v 0.392680 2.316777 0.977138
v 0.392680 2.243317 0.977138
v 0.485916 2.265221 0.473689
v 0.485916 2.282546 0.471243
v 0.485916 2.275342 0.470400
v 0.485916 2.293601 0.423285
v 0.485916 2.282546 0.434341
v 0.485916 2.291155 0.477498
v 0.485916 2.261412 0.477498
v 0.485916 2.258966 0.482298
v 0.485916 2.293601 0.482298
v 0.485916 2.294444 0.487620
v 0.485916 2.258123 0.487620
v 0.485916 2.316776 0.417964
v 0.485916 2.243317 0.417964
v 0.485916 2.316776 0.487620
v 0.485916 2.243317 0.487620
v 0.439298 2.294444 0.487620
v 0.439298 2.293601 0.482298
v 0.439298 2.291155 0.477498
v 0.439298 2.287346 0.473689
v 0.439298 2.282546 0.471243
v 0.439298 2.258123 0.487620
v 0.439298 2.275342 0.470400
v 0.439298 2.258966 0.482298
v 0.439298 2.261412 0.477498
v 0.439298 2.265221 0.473689
v 0.439298 2.270021 0.471243
v 0.439298 2.261412 0.428086
v 0.439298 2.265221 0.431895
v 0.439298 2.270021 0.434341
v 0.439298 2.275342 0.435184
v 0.439298 2.294444 0.417964
v 0.439298 2.293601 0.423285
v 0.439298 2.291155 0.428086
v 0.439298 2.287346 0.431895
v 0.439298 2.282546 0.434341
v 0.439298 2.258123 0.417964
v 0.439298 2.258966 0.423285
v 0.439298 2.316776 0.417964
v 0.439298 2.316776 0.487620
v 0.392681 2.258123 0.417964
v 0.392681 2.294444 0.417964
v 0.392681 2.270021 0.471243
v 0.392681 2.275342 0.435184
v 0.392681 2.261412 0.428086
v 0.392681 2.287346 0.473689
v 0.392681 2.265221 0.431895
v 0.392681 2.258966 0.423285
v 0.392681 2.291155 0.428086
v 0.392681 2.287346 0.431895
v 0.392681 2.270021 0.434341
v 0.392681 2.265221 0.473689
v 0.392681 2.282546 0.471243
v 0.392681 2.275342 0.470400
v 0.392681 2.293601 0.423285
v 0.392681 2.282546 0.434341
v 0.392681 2.291155 0.477498
v 0.392681 2.261412 0.477498
v 0.392681 2.258966 0.482298
v 0.392681 2.293601 0.482298
v 0.392681 2.294444 0.487620
v 0.392681 2.258123 0.487620
v 0.392680 2.316776 0.417964
v 0.392680 2.243317 0.417964
v 0.392680 2.316776 0.487620
v 0.392680 2.243317 0.487620
v 0.485916 2.258123 0.274659
v 0.485916 2.294444 0.274659
v 0.485916 2.270021 0.139572
v 0.485916 2.275342 0.257440
v 0.485916 2.261411 0.264538
v 0.485916 2.287346 0.139572
v 0.485916 2.265221 0.260729
v 0.485916 2.258965 0.269338
v 0.485916 2.291155 0.264538
v 0.485916 2.287346 0.260729
v 0.485916 2.270021 0.258283
v 0.485916 2.265221 0.139572
v 0.485916 2.282545 0.139572
v 0.485916 2.275342 0.139572
v 0.485916 2.293601 0.269338
v 0.485916 2.282545 0.258283
v 0.485916 2.291155 0.139572
v 0.485916 2.261411 0.139572
v 0.485916 2.258965 0.139572
v 0.485916 2.293601 0.139572
v 0.485916 2.294444 0.139572
v 0.485916 2.258123 0.139572
v 0.485916 2.316776 0.274660
v 0.485916 2.243317 0.274659
v 0.485916 2.316776 0.139572
v 0.485916 2.243317 0.139572
v 0.439298 2.261411 0.264538
v 0.439298 2.265221 0.260729
v 0.439298 2.270021 0.258283
v 0.439298 2.275342 0.257440
v 0.439298 2.294444 0.274659
v 0.439298 2.293601 0.269338
v 0.439298 2.291155 0.264538
v 0.439298 2.287346 0.260729
v 0.439298 2.282545 0.258283
v 0.439298 2.258123 0.274659
v 0.439298 2.258965 0.269338
v 0.439298 2.316776 0.274660
v 0.439298 2.316776 0.139572
v 0.392681 2.258123 0.274659
v 0.392681 2.294444 0.274659
v 0.392681 2.270021 0.139572
v 0.392681 2.275342 0.257440
v 0.392681 2.261411 0.264538
v 0.392681 2.287346 0.139572
v 0.392681 2.265221 0.260729
v 0.392681 2.258965 0.269338
v 0.392681 2.291155 0.264538
v 0.392681 2.287346 0.260729
v 0.392681 2.270021 0.258283
v 0.392681 2.265221 0.139572
v 0.392681 2.282545 0.139572
v 0.392681 2.275342 0.139572
v 0.392681 2.293601 0.269338
v 0.392681 2.282545 0.258283
v 0.392681 2.291155 0.139572
v 0.392681 2.261411 0.139572
v 0.392681 2.258965 0.139572
v 0.392681 2.293601 0.139572
v 0.392681 2.294444 0.139572
v 0.392681 2.258123 0.139572
v 0.392680 2.316776 0.274660
v 0.392680 2.243317 0.274659
v 0.392680 2.316776 0.139572
v 0.392680 2.243317 0.139572
v 0.492393 1.927437 1.166543
v 0.439299 1.927437 1.166543
v 0.439299 1.811772 1.208877
v 0.467738 1.811772 1.208877
v 0.439299 1.811771 -0.054855
v 0.467738 1.811771 -0.054855
v 0.492393 1.927437 1.049874
v 0.439299 1.811772 1.049874
v 0.467738 1.811772 1.049874
v 0.439299 2.094337 1.166543
v 0.492393 2.094337 1.166543
v 0.439299 2.094337 1.083592
v 0.492393 2.094337 1.083592
v 0.492393 1.874917 -0.054855
v 0.439299 1.874917 1.189028
v 0.492393 1.874917 1.189028
v 0.492393 1.874917 1.049874
v 0.605043 1.927437 1.049874
v 0.605042 1.927437 -0.054855
v 0.593645 1.874917 -0.054855
v 0.593645 1.874917 1.049874
v 0.386204 1.927437 1.166543
v 0.410859 1.811772 1.208877
v 0.410859 1.811771 -0.054855
v 0.386204 1.927437 1.049874
v 0.410859 1.811772 1.049874
v 0.386204 2.094337 1.166543
v 0.386204 2.094337 1.083592
v 0.386204 1.874917 -0.054855
v 0.386204 1.874917 1.189028
v 0.386204 1.874917 1.049874
v 0.273555 1.927437 1.049874
v 0.273555 1.927437 -0.054855
v 0.284953 1.874917 -0.054855
v 0.284952 1.874917 1.049874
v 0.659139 2.202622 0.169324
v 0.630830 2.243317 0.190254
v 0.439299 1.916261 0.008511
v 0.439299 1.916261 -0.546579
v 0.659139 1.916261 0.008517
v 0.659139 2.202622 1.175879
v 0.630830 2.243317 1.175879
v 0.659139 2.202622 -0.612980
v 0.439299 2.202622 -0.612980
v 0.439299 2.202622 1.175879
v 0.439299 2.243317 1.175879
v 0.439299 2.243317 0.189593
v 0.630830 2.334326 0.190254
v 0.659139 2.293631 0.169324
v 0.659139 2.293631 -0.449689
v 0.630830 2.334326 -0.371789
v 0.439299 2.334326 -0.371789
v 0.439299 2.334326 0.189593
v 0.659139 2.202622 0.943751
v 0.630830 2.243317 0.949915
v 0.439299 2.243317 0.949720
v 0.659139 2.096803 0.145808
v 0.659139 2.096803 1.175879
v 0.439299 2.096803 1.175879
v 0.659139 2.096803 0.943751
v 0.439299 1.916262 1.099002
v 0.641100 1.916262 1.099002
v 0.641100 2.074806 0.128293
v 0.641100 2.074806 1.099002
v 0.439299 2.074806 1.099002
v 0.439299 1.916262 0.943751
v 0.641100 2.074806 0.943751
v 0.439299 1.863521 1.070815
v 0.439299 1.863521 0.985584
v 0.439299 2.056986 -1.107967
v 0.659139 2.202621 -1.107967
v 0.439299 2.202621 -1.107967
v 0.659139 2.124926 -1.107967
v 0.439299 2.096802 -1.107967
v 0.439299 2.056986 -0.793400
v 0.659139 2.124926 -0.793400
v 0.659139 2.202622 -0.793400
v 0.439299 2.202622 -0.793400
v 0.439299 2.248164 -0.292019
v 0.622117 2.248164 -0.292019
v 0.622117 2.248164 -0.021114
v 0.647072 2.248164 -0.021114
v 0.647072 2.248164 -0.292019
v 0.659139 1.916261 -0.047230
v 0.659139 2.248164 -0.018409
v 0.659139 2.248164 -0.294723
v 0.659139 2.293631 -0.294723
v 0.659139 2.293631 -0.018409
v 0.630830 2.334326 -0.018409
v 0.630830 2.334326 -0.294723
v 0.439299 2.334326 -0.018409
v 0.439299 2.334326 -0.294723
v 0.439299 2.248164 -0.021114
v 0.659139 2.089602 -0.615014
v 0.659139 2.089602 -0.294723
v 0.659139 2.089602 0.069841
v 0.659139 1.963844 -0.537527
v 0.631271 1.916261 -0.546579
v 0.659139 2.109408 -1.107967
v 0.631271 2.056986 -1.107967
v 0.631271 2.056986 -0.793400
v 0.659139 2.109503 -0.793400
v 0.631271 1.916261 -0.294723
v 0.659139 1.963938 -0.294723
v 0.659139 1.916261 -0.238636
v 0.646267 2.234479 -0.356816
v 0.646267 2.234479 0.043684
v 0.439299 2.320042 0.043684
v 0.439299 2.320042 -0.356816
v 0.599896 2.320042 -0.356816
v 0.642923 2.280055 -0.356816
v 0.642923 2.280055 0.043684
v 0.599896 2.320042 0.043684
v 0.439299 1.781345 0.008517
v 0.439299 1.781345 -0.047230
v 0.439299 1.781345 -0.294723
v 0.439299 1.781344 -0.546579
v 0.529082 1.781344 -0.546579
v 0.566140 1.781345 0.008517
v 0.659139 1.874344 0.008517
v 0.566140 1.781345 -0.047230
v 0.659139 1.874344 -0.047230
v 0.659139 1.874344 -0.238636
v 0.566140 1.781345 -0.216805
v 0.631271 1.874344 -0.294723
v 0.527424 1.781345 -0.294723
v 0.627087 1.874344 -0.546579
v 0.538902 2.279050 0.018830
v 0.522545 2.271339 0.018830
v 0.538902 2.280127 0.013414
v 0.522545 2.273004 0.010463
v 0.538902 2.283195 0.008822
v 0.522545 2.277743 0.003370
v 0.538902 2.287787 0.005754
v 0.522545 2.284836 -0.001369
v 0.538902 2.293203 0.004677
v 0.522545 2.293203 -0.003034
v 0.538902 2.298620 0.005754
v 0.522545 2.301570 -0.001369
v 0.538902 2.303211 0.008822
v 0.522545 2.308663 0.003370
v 0.538902 2.306279 0.013414
v 0.522545 2.313403 0.010463
v 0.538902 2.307357 0.018830
v 0.522545 2.315067 0.018830
v 0.538902 2.306279 0.024247
v 0.522545 2.313403 0.027197
v 0.538902 2.303211 0.028838
v 0.522545 2.308663 0.034290
v 0.538902 2.298620 0.031907
v 0.522545 2.301570 0.039030
v 0.538902 2.293203 0.032984
v 0.522545 2.293203 0.040694
v 0.538902 2.287787 0.031907
v 0.522545 2.284836 0.039030
v 0.538902 2.283195 0.028838
v 0.522545 2.277743 0.034290
v 0.538902 2.280127 0.024247
v 0.522545 2.273004 0.027197
v 0.538902 2.281912 0.018830
v 0.538902 2.282771 0.014509
v 0.538902 2.285219 0.010846
v 0.538902 2.288882 0.008398
v 0.538902 2.293203 0.007539
v 0.538902 2.297524 0.008398
v 0.538902 2.301188 0.010846
v 0.538902 2.303635 0.014509
v 0.538902 2.304495 0.018830
v 0.538902 2.303635 0.023151
v 0.538902 2.301188 0.026815
v 0.538902 2.297524 0.029262
v 0.538902 2.293203 0.030122
v 0.538902 2.288882 0.029262
v 0.538902 2.285219 0.026815
v 0.538902 2.282771 0.023151
v 0.538692 2.283698 0.018830
v 0.538692 2.284421 0.015193
v 0.538692 2.286481 0.012109
v 0.538692 2.289566 0.010048
v 0.538692 2.293203 0.009325
v 0.538692 2.296841 0.010048
v 0.538692 2.299925 0.012109
v 0.538692 2.301985 0.015193
v 0.538692 2.302709 0.018830
v 0.538692 2.301985 0.022468
v 0.538692 2.299925 0.025552
v 0.538692 2.296841 0.027612
v 0.538692 2.293203 0.028336
v 0.538692 2.289566 0.027612
v 0.538692 2.286481 0.025552
v 0.538692 2.284421 0.022468
v 0.538902 2.279049 -0.343994
v 0.522545 2.271339 -0.343994
v 0.538902 2.280127 -0.349410
v 0.522545 2.273003 -0.352361
v 0.538902 2.283195 -0.354002
v 0.522545 2.277743 -0.359454
v 0.538902 2.287787 -0.357070
v 0.522545 2.284836 -0.364194
v 0.538902 2.293203 -0.358148
v 0.522545 2.293203 -0.365858
v 0.538902 2.298620 -0.357070
v 0.522545 2.301570 -0.364194
v 0.538902 2.303211 -0.354002
v 0.522545 2.308663 -0.359454
v 0.538902 2.306279 -0.349410
v 0.522545 2.313403 -0.352361
v 0.538902 2.307357 -0.343994
v 0.522545 2.315067 -0.343994
v 0.538902 2.306279 -0.338578
v 0.522545 2.313403 -0.335627
v 0.538902 2.303211 -0.333986
v 0.522545 2.308663 -0.328534
v 0.538902 2.298620 -0.330918
v 0.522545 2.301570 -0.323794
v 0.538902 2.293203 -0.329840
v 0.522545 2.293203 -0.322130
v 0.538902 2.287787 -0.330918
v 0.522545 2.284836 -0.323794
v 0.538902 2.283195 -0.333986
v 0.522545 2.277743 -0.328534
v 0.538902 2.280127 -0.338578
v 0.522545 2.273003 -0.335627
v 0.538902 2.281912 -0.343994
v 0.538902 2.282771 -0.348315
v 0.538902 2.285219 -0.351978
v 0.538902 2.288882 -0.354426
v 0.538902 2.293203 -0.355286
v 0.538902 2.297524 -0.354426
v 0.538902 2.301187 -0.351978
v 0.538902 2.303635 -0.348315
v 0.538902 2.304494 -0.343994
v 0.538902 2.303635 -0.339673
v 0.538902 2.301187 -0.336010
v 0.538902 2.297524 -0.333562
v 0.538902 2.293203 -0.332703
v 0.538902 2.288882 -0.333562
v 0.538902 2.285219 -0.336010
v 0.538902 2.282771 -0.339673
v 0.538692 2.283697 -0.343994
v 0.538692 2.284421 -0.347632
v 0.538692 2.286481 -0.350716
v 0.538692 2.289565 -0.352776
v 0.538692 2.293203 -0.353500
v 0.538692 2.296840 -0.352776
v 0.538692 2.299924 -0.350716
v 0.538692 2.301985 -0.347632
v 0.538692 2.302708 -0.343994
v 0.538692 2.301985 -0.340356
v 0.538692 2.299924 -0.337273
v 0.538692 2.296840 -0.335212
v 0.538692 2.293203 -0.334489
v 0.538692 2.289565 -0.335212
v 0.538692 2.286481 -0.337273
v 0.538692 2.284421 -0.340356
v 0.439299 2.336889 1.203058
v 0.439299 2.194332 1.172794
v 0.535686 2.194332 1.172794
v 0.439299 2.336889 0.944442
v 0.439299 2.194332 0.860219
v 0.535686 2.194332 0.860219
v 0.502447 2.336889 1.203058
v 0.535686 2.293416 1.172794
v 0.535686 2.293416 0.918758
v 0.502447 2.336889 0.944442
v 0.439299 2.293416 1.172794
v 0.535686 2.194332 1.102441
v 0.439299 2.194332 1.102441
v 0.439299 2.336889 1.102441
v 0.502447 2.336889 1.102441
v 0.535686 2.293416 1.102441
v 0.439299 2.292106 -1.093547
v 0.600754 2.296366 -1.093547
v 0.600754 2.296366 -0.657620
v 0.439299 2.292106 -0.657620
v 0.611675 2.258670 -1.093547
v 0.611675 2.258670 -0.657620
v 0.600754 2.296366 -0.910851
v 0.600754 2.296366 -0.840315
v 0.439299 2.292106 -0.910851
v 0.439299 2.292106 -0.840315
v 0.611675 2.258670 -0.840315
v 0.611675 2.258670 -0.910851
v 0.607160 2.269094 -0.846721
v 0.607160 2.269093 -0.904445
v 0.600754 2.296366 -0.846721
v 0.600754 2.296366 -0.904445
v 0.439299 2.292106 -0.904445
v 0.439299 2.292106 -0.846721
v 0.439299 2.315637 -1.093547
v 0.616859 2.315637 -1.093547
v 0.616859 2.315637 -0.657620
v 0.439299 2.315637 -0.657620
v 0.638053 2.266701 -1.093547
v 0.638053 2.266702 -0.657620
v 0.616859 2.315637 -0.910851
v 0.616859 2.315637 -0.840315
v 0.439299 2.315637 -0.910851
v 0.439299 2.315637 -0.840315
v 0.638053 2.266702 -0.840315
v 0.638053 2.266701 -0.910851
v 0.633538 2.277126 -0.846721
v 0.633538 2.277126 -0.904445
v 0.616859 2.315637 -0.846721
v 0.616859 2.315637 -0.904445
v 0.439299 2.315637 -0.904445
v 0.439299 2.315637 -0.846721
v 0.439299 2.169792 -0.542030
v 0.637180 2.169792 -0.542030
v 0.439299 2.305491 -0.362492
v 0.608695 2.305491 -0.362492
v 0.439299 2.305491 -1.152161
v 0.439299 2.169792 -1.152161
v 0.608695 2.305491 -1.152161
v 0.637180 2.169792 -1.152161
v 0.608695 2.305491 -0.730193
v 0.637180 2.169792 -0.730193
v 0.439299 2.169792 -0.730193
v 0.439299 2.305491 -0.730193
v 0.439299 2.239722 -0.433098
v 0.637180 2.239722 -0.433098
v 0.439299 2.239722 -1.152161
v 0.637180 2.239722 -1.152161
v 0.637180 2.239722 -0.730193
v 0.606243 2.156391 1.231025
v 0.606243 2.156391 1.132445
v 0.602491 2.137529 1.231025
v 0.602491 2.137529 1.132445
v 0.591806 2.121538 1.231025
v 0.591806 2.121538 1.132445
v 0.575816 2.110853 1.231025
v 0.575816 2.110853 1.132445
v 0.556953 2.107102 1.231025
v 0.556953 2.107102 1.132445
v 0.538091 2.110853 1.231025
v 0.538091 2.110853 1.132445
v 0.522100 2.121538 1.231025
v 0.522100 2.121538 1.132445
v 0.511416 2.137529 1.231025
v 0.511416 2.137529 1.132445
v 0.507664 2.156391 1.231025
v 0.507664 2.156391 1.132445
v 0.511416 2.175254 1.231025
v 0.511416 2.175254 1.132445
v 0.522100 2.191244 1.231025
v 0.522100 2.191244 1.132445
v 0.538091 2.201929 1.231025
v 0.538091 2.201929 1.132445
v 0.556953 2.205681 1.231025
v 0.556953 2.205681 1.132445
v 0.575816 2.201929 1.231025
v 0.575816 2.201929 1.132445
v 0.591806 2.191244 1.231025
v 0.591806 2.191244 1.132445
v 0.602491 2.175254 1.231025
v 0.602491 2.175254 1.132445
v 0.594270 2.156391 1.231025
v 0.591429 2.142111 1.231025
v 0.583340 2.130004 1.231025
v 0.571234 2.121915 1.231025
v 0.556953 2.119075 1.231025
v 0.542673 2.121915 1.231025
v 0.530566 2.130004 1.231025
v 0.522477 2.142111 1.231025
v 0.519637 2.156391 1.231025
v 0.522477 2.170672 1.231025
v 0.530566 2.182778 1.231025
v 0.542673 2.190867 1.231025
v 0.556953 2.193708 1.231025
v 0.571234 2.190867 1.231025
v 0.583340 2.182778 1.231025
v 0.591429 2.170672 1.231025
v 0.594270 2.156391 1.208063
v 0.591429 2.142111 1.208063
v 0.583340 2.130004 1.208063
v 0.571234 2.121915 1.208063
v 0.556953 2.119075 1.208063
v 0.542673 2.121915 1.208063
v 0.530566 2.130004 1.208063
v 0.522477 2.142111 1.208063
v 0.519637 2.156391 1.208063
v 0.522477 2.170672 1.208063
v 0.530566 2.182778 1.208063
v 0.542673 2.190867 1.208063
v 0.556953 2.193708 1.208063
v 0.571234 2.190867 1.208063
v 0.583340 2.182778 1.208063
v 0.591429 2.170672 1.208063
v 0.604267 2.012124 1.150796
v 0.604267 2.012124 1.052216
v 0.600515 1.993262 1.150796
v 0.600515 1.993262 1.052216
v 0.589830 1.977271 1.150796
v 0.589830 1.977271 1.052216
v 0.573839 1.966586 1.150796
v 0.573839 1.966586 1.052216
v 0.554977 1.962834 1.150796
v 0.554977 1.962834 1.052216
v 0.536115 1.966586 1.150796
v 0.536115 1.966586 1.052216
v 0.520124 1.977271 1.150796
v 0.520124 1.977271 1.052216
v 0.509439 1.993262 1.150796
v 0.509439 1.993262 1.052216
v 0.505687 2.012124 1.150796
v 0.505687 2.012124 1.052216
v 0.509439 2.030986 1.150796
v 0.509439 2.030986 1.052216
v 0.520124 2.046977 1.150796
v 0.520124 2.046977 1.052216
v 0.536115 2.057661 1.150796
v 0.536115 2.057662 1.052216
v 0.554977 2.061413 1.150796
v 0.554977 2.061413 1.052216
v 0.573839 2.057661 1.150796
v 0.573839 2.057662 1.052216
v 0.589830 2.046977 1.150796
v 0.589830 2.046977 1.052216
v 0.600515 2.030986 1.150796
v 0.600515 2.030986 1.052216
v 0.592294 2.012124 1.150796
v 0.589453 1.997844 1.150796
v 0.581364 1.985737 1.150796
v 0.569257 1.977648 1.150796
v 0.554977 1.974807 1.150796
v 0.540697 1.977648 1.150796
v 0.528590 1.985737 1.150796
v 0.520501 1.997844 1.150796
v 0.517660 2.012124 1.150796
v 0.520501 2.026404 1.150796
v 0.528590 2.038511 1.150796
v 0.540697 2.046600 1.150796
v 0.554977 2.049440 1.150796
v 0.569257 2.046600 1.150796
v 0.581364 2.038511 1.150796
v 0.589453 2.026404 1.150796
v 0.592294 2.012124 1.127835
v 0.589453 1.997844 1.127835
v 0.581364 1.985737 1.127835
v 0.569257 1.977648 1.127835
v 0.554977 1.974807 1.127835
v 0.540697 1.977648 1.127835
v 0.528590 1.985737 1.127835
v 0.520501 1.997844 1.127835
v 0.517660 2.012124 1.127835
v 0.520501 2.026404 1.127835
v 0.528590 2.038511 1.127834
v 0.540697 2.046600 1.127834
v 0.554977 2.049440 1.127834
v 0.569257 2.046600 1.127834
v 0.581364 2.038511 1.127834
v 0.589453 2.026404 1.127835
v 0.641100 1.948462 0.032834
v 0.608900 1.916261 0.008506
v 0.608900 1.916262 0.943751
v 0.641100 1.948462 0.959310
v 0.608900 1.863521 1.070815
v 0.641100 1.895721 1.088024
v 0.641100 1.895721 1.001143
v 0.608900 1.863521 0.985584
v 0.219458 2.202622 0.169324
v 0.247767 2.243317 0.190254
v 0.219458 1.916261 0.008517
v 0.219458 2.202622 1.175879
v 0.247767 2.243317 1.175879
v 0.219458 2.202622 -0.612980
v 0.247767 2.334326 0.190254
v 0.219458 2.293631 0.169324
v 0.219458 2.293631 -0.449689
v 0.247767 2.334326 -0.371789
v 0.219458 2.202622 0.943751
v 0.247767 2.243317 0.949915
v 0.219458 2.096803 0.145808
v 0.219458 2.096803 1.175879
v 0.219458 2.096803 0.943751
v 0.237497 1.916262 1.099002
v 0.237497 2.074806 0.128293
v 0.237497 2.074806 1.099002
v 0.237497 2.074806 0.943751
v 0.219458 2.202621 -1.107967
v 0.219458 2.124926 -1.107967
v 0.219458 2.124926 -0.793400
v 0.219458 2.202622 -0.793400
v 0.256480 2.248164 -0.292019
v 0.256480 2.248164 -0.021114
v 0.231525 2.248164 -0.021114
v 0.231525 2.248164 -0.292019
v 0.219458 1.916261 -0.047230
v 0.219458 2.248164 -0.018409
v 0.219458 2.248164 -0.294723
v 0.219458 2.293631 -0.294723
v 0.219458 2.293631 -0.018409
v 0.247767 2.334326 -0.018409
v 0.247767 2.334326 -0.294723
v 0.219458 2.089602 -0.615014
v 0.219458 2.089602 -0.294723
v 0.219458 2.089602 0.069841
v 0.219458 1.963844 -0.537527
v 0.247326 1.916261 -0.546579
v 0.219458 2.109408 -1.107967
v 0.247326 2.056986 -1.107967
v 0.247326 2.056986 -0.793400
v 0.219458 2.109503 -0.793400
v 0.247326 1.916261 -0.294723
v 0.219458 1.963938 -0.294723
v 0.219458 1.916261 -0.238636
v 0.232330 2.234479 -0.356816
v 0.232330 2.234479 0.043684
v 0.278701 2.320042 -0.356816
v 0.235674 2.280055 -0.356816
v 0.235674 2.280055 0.043684
v 0.278701 2.320042 0.043684
v 0.349515 1.781344 -0.546579
v 0.312458 1.781345 0.008517
v 0.219458 1.874344 0.008517
v 0.312458 1.781345 -0.047230
v 0.219458 1.874344 -0.047230
v 0.219458 1.874344 -0.238636
v 0.312458 1.781345 -0.216805
v 0.247326 1.874344 -0.294723
v 0.351173 1.781345 -0.294723
v 0.251510 1.874344 -0.546579
v 0.339695 2.279050 0.018830
v 0.356052 2.271339 0.018830
v 0.339695 2.280127 0.013414
v 0.356052 2.273004 0.010463
v 0.339695 2.283195 0.008822
v 0.356052 2.277743 0.003370
v 0.339695 2.287787 0.005754
v 0.356052 2.284836 -0.001369
v 0.339695 2.293203 0.004677
v 0.356052 2.293203 -0.003034
v 0.339695 2.298620 0.005754
v 0.356052 2.301570 -0.001369
v 0.339695 2.303211 0.008822
v 0.356052 2.308663 0.003370
v 0.339695 2.306279 0.013414
v 0.356052 2.313403 0.010463
v 0.339695 2.307357 0.018830
v 0.356052 2.315067 0.018830
v 0.339695 2.306279 0.024247
v 0.356052 2.313403 0.027197
v 0.339695 2.303211 0.028838
v 0.356052 2.308663 0.034290
v 0.339695 2.298620 0.031907
v 0.356052 2.301570 0.039030
v 0.339695 2.293203 0.032984
v 0.356052 2.293203 0.040694
v 0.339695 2.287787 0.031907
v 0.356052 2.284836 0.039030
v 0.339695 2.283195 0.028838
v 0.356052 2.277743 0.034290
v 0.339695 2.280127 0.024247
v 0.356052 2.273004 0.027197
v 0.339695 2.281912 0.018830
v 0.339695 2.282771 0.014509
v 0.339695 2.285219 0.010846
v 0.339695 2.288882 0.008398
v 0.339695 2.293203 0.007539
v 0.339695 2.297524 0.008398
v 0.339695 2.301188 0.010846
v 0.339695 2.303635 0.014509
v 0.339695 2.304495 0.018830
v 0.339695 2.303635 0.023151
v 0.339695 2.301188 0.026815
v 0.339695 2.297524 0.029262
v 0.339695 2.293203 0.030122
v 0.339695 2.288882 0.029262
v 0.339695 2.285219 0.026815
v 0.339695 2.282771 0.023151
v 0.339905 2.283698 0.018830
v 0.339905 2.284421 0.015193
v 0.339905 2.286481 0.012109
v 0.339905 2.289566 0.010048
v 0.339905 2.293203 0.009325
v 0.339905 2.296841 0.010048
v 0.339905 2.299925 0.012109
v 0.339905 2.301985 0.015193
v 0.339905 2.302709 0.018830
v 0.339905 2.301985 0.022468
v 0.339905 2.299925 0.025552
v 0.339905 2.296841 0.027612
v 0.339905 2.293203 0.028336
v 0.339905 2.289566 0.027612
v 0.339905 2.286481 0.025552
v 0.339905 2.284421 0.022468
v 0.339695 2.279049 -0.343994
v 0.356052 2.271339 -0.343994
v 0.339695 2.280127 -0.349410
v 0.356052 2.273003 -0.352361
v 0.339695 2.283195 -0.354002
v 0.356052 2.277743 -0.359454
v 0.339695 2.287787 -0.357070
v 0.356052 2.284836 -0.364194
v 0.339695 2.293203 -0.358148
v 0.356052 2.293203 -0.365858
v 0.339695 2.298620 -0.357070
v 0.356052 2.301570 -0.364194
v 0.339695 2.303211 -0.354002
v 0.356052 2.308663 -0.359454
v 0.339695 2.306279 -0.349410
v 0.356052 2.313403 -0.352361
v 0.339695 2.307357 -0.343994
v 0.356052 2.315067 -0.343994
v 0.339695 2.306279 -0.338578
v 0.356052 2.313403 -0.335627
v 0.339695 2.303211 -0.333986
v 0.356052 2.308663 -0.328534
v 0.339695 2.298620 -0.330918
v 0.356052 2.301570 -0.323794
v 0.339695 2.293203 -0.329840
v 0.356052 2.293203 -0.322130
v 0.339695 2.287787 -0.330918
v 0.356052 2.284836 -0.323794
v 0.339695 2.283195 -0.333986
v 0.356052 2.277743 -0.328534
v 0.339695 2.280127 -0.338578
v 0.356052 2.273003 -0.335627
v 0.339695 2.281912 -0.343994
v 0.339695 2.282771 -0.348315
v 0.339695 2.285219 -0.351978
v 0.339695 2.288882 -0.354426
v 0.339695 2.293203 -0.355286
v 0.339695 2.297524 -0.354426
v 0.339695 2.301187 -0.351978
v 0.339695 2.303635 -0.348315
v 0.339695 2.304494 -0.343994
v 0.339695 2.303635 -0.339673
v 0.339695 2.301187 -0.336010
v 0.339695 2.297524 -0.333562
v 0.339695 2.293203 -0.332703
v 0.339695 2.288882 -0.333562
v 0.339695 2.285219 -0.336010
v 0.339695 2.282771 -0.339673
v 0.339905 2.283697 -0.343994
v 0.339905 2.284421 -0.347632
v 0.339905 2.286481 -0.350716
v 0.339905 2.289565 -0.352776
v 0.339905 2.293203 -0.353500
v 0.339905 2.296840 -0.352776
v 0.339905 2.299924 -0.350716
v 0.339905 2.301985 -0.347632
v 0.339905 2.302708 -0.343994
v 0.339905 2.301985 -0.340356
v 0.339905 2.299924 -0.337273
v 0.339905 2.296840 -0.335212
v 0.339905 2.293203 -0.334489
v 0.339905 2.289565 -0.335212
v 0.339905 2.286481 -0.337273
v 0.339905 2.284421 -0.340356
v 0.342911 2.194332 1.172794
v 0.342911 2.194332 0.860219
v 0.376150 2.336889 1.203058
v 0.342911 2.293416 1.172794
v 0.342911 2.293416 0.918758
v 0.376150 2.336889 0.944442
v 0.342911 2.194332 1.102441
v 0.376150 2.336889 1.102441
v 0.342911 2.293416 1.102441
v 0.277843 2.296366 -1.093547
v 0.277843 2.296366 -0.657620
v 0.266922 2.258670 -1.093547
v 0.266922 2.258670 -0.657620
v 0.277843 2.296366 -0.910851
v 0.277843 2.296366 -0.840315
v 0.266922 2.258670 -0.840315
v 0.266922 2.258670 -0.910851
v 0.271437 2.269094 -0.846721
v 0.271437 2.269093 -0.904445
v 0.277843 2.296366 -0.846721
v 0.277843 2.296366 -0.904445
v 0.261738 2.315637 -1.093547
v 0.261738 2.315637 -0.657620
v 0.240544 2.266701 -1.093547
v 0.240544 2.266702 -0.657620
v 0.261738 2.315637 -0.910851
v 0.261738 2.315637 -0.840315
v 0.240544 2.266702 -0.840315
v 0.240544 2.266701 -0.910851
v 0.245059 2.277126 -0.846721
v 0.245059 2.277126 -0.904445
v 0.261738 2.315637 -0.846721
v 0.261738 2.315637 -0.904445
v 0.241417 2.169792 -0.542030
v 0.269902 2.305491 -0.362492
v 0.269902 2.305491 -1.152161
v 0.241417 2.169792 -1.152161
v 0.269902 2.305491 -0.730193
v 0.241417 2.169792 -0.730193
v 0.241417 2.239722 -0.433098
v 0.241417 2.239722 -1.152161
v 0.241417 2.239722 -0.730193
v 0.272354 2.156391 1.231025
v 0.272354 2.156391 1.132445
v 0.276106 2.137529 1.231025
v 0.276106 2.137529 1.132445
v 0.286791 2.121538 1.231025
v 0.286791 2.121538 1.132445
v 0.302782 2.110853 1.231025
v 0.302782 2.110853 1.132445
v 0.321644 2.107102 1.231025
v 0.321644 2.107102 1.132445
v 0.340506 2.110853 1.231025
v 0.340506 2.110853 1.132445
v 0.356497 2.121538 1.231025
v 0.356497 2.121538 1.132445
v 0.367182 2.137529 1.231025
v 0.367182 2.137529 1.132445
v 0.370934 2.156391 1.231025
v 0.370934 2.156391 1.132445
v 0.367182 2.175254 1.231025
v 0.367182 2.175254 1.132445
v 0.356497 2.191244 1.231025
v 0.356497 2.191244 1.132445
v 0.340506 2.201929 1.231025
v 0.340506 2.201929 1.132445
v 0.321644 2.205681 1.231025
v 0.321644 2.205681 1.132445
v 0.302782 2.201929 1.231025
v 0.302782 2.201929 1.132445
v 0.286791 2.191244 1.231025
v 0.286791 2.191244 1.132445
v 0.276106 2.175254 1.231025
v 0.276106 2.175254 1.132445
v 0.284327 2.156391 1.231025
v 0.287168 2.142111 1.231025
v 0.295257 2.130004 1.231025
v 0.307363 2.121915 1.231025
v 0.321644 2.119075 1.231025
v 0.335924 2.121915 1.231025
v 0.348031 2.130004 1.231025
v 0.356120 2.142111 1.231025
v 0.358961 2.156391 1.231025
v 0.356120 2.170672 1.231025
v 0.348031 2.182778 1.231025
v 0.335924 2.190867 1.231025
v 0.321644 2.193708 1.231025
v 0.307363 2.190867 1.231025
v 0.295257 2.182778 1.231025
v 0.287168 2.170672 1.231025
v 0.284327 2.156391 1.208063
v 0.287168 2.142111 1.208063
v 0.295257 2.130004 1.208063
v 0.307363 2.121915 1.208063
v 0.321644 2.119075 1.208063
v 0.335924 2.121915 1.208063
v 0.348031 2.130004 1.208063
v 0.356120 2.142111 1.208063
v 0.358961 2.156391 1.208063
v 0.356120 2.170672 1.208063
v 0.348031 2.182778 1.208063
v 0.335924 2.190867 1.208063
v 0.321644 2.193708 1.208063
v 0.307363 2.190867 1.208063
v 0.295257 2.182778 1.208063
v 0.287168 2.170672 1.208063
v 0.274330 2.012124 1.150796
v 0.274330 2.012124 1.052216
v 0.278082 1.993262 1.150796
v 0.278082 1.993262 1.052216
v 0.288767 1.977271 1.150796
v 0.288767 1.977271 1.052216
v 0.304758 1.966586 1.150796
v 0.304758 1.966586 1.052216
v 0.323620 1.962834 1.150796
v 0.323620 1.962834 1.052216
v 0.342482 1.966586 1.150796
v 0.342482 1.966586 1.052216
v 0.358473 1.977271 1.150796
v 0.358473 1.977271 1.052216
v 0.369158 1.993262 1.150796
v 0.369158 1.993262 1.052216
v 0.372910 2.012124 1.150796
v 0.372910 2.012124 1.052216
v 0.369158 2.030986 1.150796
v 0.369158 2.030986 1.052216
v 0.358473 2.046977 1.150796
v 0.358473 2.046977 1.052216
v 0.342482 2.057661 1.150796
v 0.342482 2.057662 1.052216
v 0.323620 2.061413 1.150796
v 0.323620 2.061413 1.052216
v 0.304758 2.057661 1.150796
v 0.304758 2.057662 1.052216
v 0.288767 2.046977 1.150796
v 0.288767 2.046977 1.052216
v 0.278082 2.030986 1.150796
v 0.278082 2.030986 1.052216
v 0.286303 2.012124 1.150796
v 0.289144 1.997844 1.150796
v 0.297233 1.985737 1.150796
v 0.309340 1.977648 1.150796
v 0.323620 1.974807 1.150796
v 0.337901 1.977648 1.150796
v 0.350007 1.985737 1.150796
v 0.358096 1.997844 1.150796
v 0.360937 2.012124 1.150796
v 0.358096 2.026404 1.150796
v 0.350007 2.038511 1.150796
v 0.337901 2.046600 1.150796
v 0.323620 2.049440 1.150796
v 0.309340 2.046600 1.150796
v 0.297233 2.038511 1.150796
v 0.289144 2.026404 1.150796
v 0.286303 2.012124 1.127835
v 0.289144 1.997844 1.127835
v 0.297233 1.985737 1.127835
v 0.309340 1.977648 1.127835
v 0.323620 1.974807 1.127835
v 0.337901 1.977648 1.127835
v 0.350007 1.985737 1.127835
v 0.358096 1.997844 1.127835
v 0.360937 2.012124 1.127835
v 0.358096 2.026404 1.127835
v 0.350007 2.038511 1.127834
v 0.337901 2.046600 1.127834
v 0.323620 2.049440 1.127834
v 0.309340 2.046600 1.127834
v 0.297233 2.038511 1.127834
v 0.289144 2.026404 1.127835
v 0.237497 1.948462 0.032834
v 0.269698 1.916261 0.008506
v 0.269697 1.916262 0.943751
v 0.237497 1.948462 0.959310
v 0.269697 1.863521 1.070815
v 0.237497 1.895721 1.088024
v 0.237497 1.895721 1.001143
v 0.269697 1.863521 0.985584
v -0.482126 2.316249 0.877102
v -0.476218 2.331555 0.877102
v -0.396470 2.316249 0.877102
v -0.402378 2.331555 0.877102
v -0.482126 2.316249 0.854983
v -0.476218 2.331555 0.854982
v -0.396470 2.316249 0.854983
v -0.402378 2.331555 0.854982
v -0.396470 2.300499 0.877102
v -0.482126 2.300499 0.877102
v -0.396470 2.300499 0.854983
v -0.482126 2.300499 0.854983
v -0.482126 2.316249 0.819592
v -0.476218 2.331555 0.819592
v -0.396470 2.316249 0.819592
v -0.402378 2.331555 0.819592
v -0.482126 2.316249 0.797473
v -0.476218 2.331555 0.797473
v -0.396470 2.316249 0.797473
v -0.402378 2.331555 0.797473
v -0.396470 2.300499 0.819592
v -0.482126 2.300499 0.819592
v -0.396470 2.300499 0.797473
v -0.482126 2.300499 0.797473
v -0.482126 2.316249 0.762082
v -0.476218 2.331555 0.762082
v -0.396470 2.316249 0.762082
v -0.402378 2.331555 0.762082
v -0.482126 2.316249 0.739963
v -0.476218 2.331555 0.739963
v -0.396470 2.316249 0.739963
v -0.402378 2.331555 0.739963
v -0.396470 2.300499 0.762082
v -0.482126 2.300499 0.762082
v -0.396470 2.300499 0.739963
v -0.482126 2.300499 0.739963
v -0.482126 2.316249 0.704573
v -0.476218 2.331555 0.704573
v -0.396470 2.316249 0.704573
v -0.402378 2.331555 0.704573
v -0.482126 2.316249 0.682454
v -0.476218 2.331555 0.682454
v -0.396470 2.316249 0.682454
v -0.402378 2.331555 0.682454
v -0.396470 2.300499 0.704573
v -0.482126 2.300499 0.704573
v -0.396470 2.300499 0.682454
v -0.482126 2.300499 0.682454
v -0.482126 2.316249 0.647063
v -0.476218 2.331555 0.647063
v -0.396470 2.316249 0.647063
v -0.402378 2.331555 0.647063
v -0.482126 2.316249 0.624944
v -0.476218 2.331555 0.624944
v -0.396470 2.316249 0.624944
v -0.402378 2.331555 0.624944
v -0.396470 2.300499 0.647063
v -0.482126 2.300499 0.647063
v -0.396470 2.300499 0.624944
v -0.482126 2.300499 0.624944
v -0.482126 2.316249 0.589554
v -0.476218 2.331555 0.589554
v -0.396470 2.316249 0.589554
v -0.402378 2.331555 0.589554
v -0.482126 2.316249 0.567435
v -0.476218 2.331555 0.567435
v -0.396470 2.316249 0.567435
v -0.402378 2.331555 0.567435
v -0.396470 2.300499 0.589554
v -0.482126 2.300499 0.589554
v -0.396470 2.300499 0.567435
v -0.482126 2.300499 0.567435
v -0.482126 2.316249 0.532044
v -0.476218 2.331555 0.532044
v -0.396470 2.316249 0.532044
v -0.402378 2.331555 0.532044
v -0.482126 2.316249 0.509925
v -0.476218 2.331555 0.509925
v -0.396470 2.316249 0.509925
v -0.402378 2.331555 0.509925
v -0.396470 2.300499 0.532044
v -0.482126 2.300499 0.532044
v -0.396470 2.300499 0.509925
v -0.482126 2.300499 0.509925
v -0.482126 2.316249 0.474535
v -0.476218 2.331555 0.474535
v -0.396470 2.316249 0.474535
v -0.402378 2.331555 0.474535
v -0.482126 2.316249 0.452416
v -0.476218 2.331555 0.452416
v -0.396470 2.316249 0.452416
v -0.402378 2.331555 0.452416
v -0.396470 2.300499 0.474535
v -0.482126 2.300499 0.474535
v -0.396470 2.300499 0.452416
v -0.482126 2.300499 0.452416
v -0.482126 2.316249 0.417025
v -0.476218 2.331555 0.417025
v -0.396470 2.316249 0.417025
v -0.402378 2.331555 0.417025
v -0.482126 2.316249 0.394906
v -0.476218 2.331555 0.394906
v -0.396470 2.316249 0.394906
v -0.402378 2.331555 0.394906
v -0.396470 2.300499 0.417025
v -0.482126 2.300499 0.417025
v -0.396470 2.300499 0.394906
v -0.482126 2.300499 0.394906
v -0.482126 2.316249 0.359515
v -0.476218 2.331555 0.359515
v -0.396470 2.316249 0.359515
v -0.402378 2.331555 0.359515
v -0.482126 2.316249 0.337396
v -0.476218 2.331555 0.337396
v -0.396470 2.316249 0.337396
v -0.402378 2.331555 0.337396
v -0.396470 2.300499 0.359515
v -0.482126 2.300499 0.359515
v -0.396470 2.300499 0.337396
v -0.482126 2.300499 0.337396
v -0.482126 2.316249 0.302006
v -0.476218 2.331555 0.302006
v -0.396470 2.316249 0.302006
v -0.402378 2.331555 0.302006
v -0.482126 2.316249 0.279887
v -0.476218 2.331555 0.279887
v -0.396470 2.316249 0.279887
v -0.402378 2.331555 0.279887
v -0.396470 2.300499 0.302006
v -0.482126 2.300499 0.302006
v -0.396470 2.300499 0.279887
v -0.482126 2.300499 0.279887
v -0.482126 2.316249 0.244496
v -0.476218 2.331555 0.244496
v -0.396470 2.316249 0.244496
v -0.402378 2.331555 0.244496
v -0.482126 2.316249 0.222377
v -0.476218 2.331555 0.222377
v -0.396470 2.316249 0.222377
v -0.402378 2.331555 0.222377
v -0.396470 2.300499 0.244496
v -0.482126 2.300499 0.244496
v -0.396470 2.300499 0.222377
v -0.482126 2.300499 0.222377
v -0.485916 2.258123 0.629105
v -0.485916 2.294444 0.629105
v -0.485916 2.270021 0.682384
v -0.485916 2.275342 0.646324
v -0.485916 2.261412 0.639226
v -0.485916 2.287346 0.684830
v -0.485916 2.265221 0.643036
v -0.485916 2.258966 0.634426
v -0.485916 2.291155 0.639226
v -0.485916 2.287346 0.643036
v -0.485916 2.270021 0.645482
v -0.485916 2.265221 0.684830
v -0.485916 2.282546 0.682384
v -0.485916 2.275342 0.681541
v -0.485916 2.293601 0.634426
v -0.485916 2.282546 0.645482
v -0.485916 2.291155 0.688639
v -0.485916 2.261412 0.688639
v -0.485916 2.258966 0.693439
v -0.485916 2.293601 0.693439
v -0.485916 2.294444 0.698761
v -0.485916 2.258123 0.698761
v -0.485916 2.316776 0.629105
v -0.485916 2.243317 0.629105
v -0.485916 2.316776 0.698761
v -0.485916 2.243317 0.698761
v -0.439298 2.294444 0.698761
v -0.439298 2.293601 0.693439
v -0.439298 2.291155 0.688639
v -0.439298 2.287346 0.684830
v -0.439298 2.282546 0.682384
v -0.439298 2.258123 0.698761
v -0.439298 2.275342 0.681541
v -0.439298 2.258966 0.693439
v -0.439298 2.261412 0.688639
v -0.439298 2.265221 0.684830
v -0.439298 2.270021 0.682384
v -0.439298 2.261412 0.639226
v -0.439298 2.265221 0.643036
v -0.439298 2.270021 0.645482
v -0.439298 2.275342 0.646324
v -0.439298 2.294444 0.629105
v -0.439298 2.293601 0.634426
v -0.439298 2.291155 0.639226
v -0.439298 2.287346 0.643036
v -0.439298 2.282546 0.645482
v -0.439298 2.258123 0.629105
v -0.439298 2.258966 0.634426
v -0.439298 2.316776 0.629105
v -0.439298 2.316776 0.698761
v -0.392681 2.258123 0.629105
v -0.392681 2.294444 0.629105
v -0.392681 2.270021 0.682384
v -0.392681 2.275342 0.646324
v -0.392681 2.261412 0.639226
v -0.392681 2.287346 0.684830
v -0.392681 2.265221 0.643036
v -0.392681 2.258966 0.634426
v -0.392681 2.291155 0.639226
v -0.392681 2.287346 0.643036
v -0.392681 2.270021 0.645482
v -0.392681 2.265221 0.684830
v -0.392681 2.282546 0.682384
v -0.392681 2.275342 0.681541
v -0.392681 2.293601 0.634426
v -0.392681 2.282546 0.645482
v -0.392681 2.291155 0.688639
v -0.392681 2.261412 0.688639
v -0.392681 2.258966 0.693439
v -0.392681 2.293601 0.693439
v -0.392681 2.294444 0.698761
v -0.392681 2.258123 0.698761
v -0.392680 2.316776 0.629105
v -0.392680 2.243317 0.629105
v -0.392680 2.316776 0.698761
v -0.392680 2.243317 0.698761
v -0.485916 2.258123 0.842051
v -0.485916 2.294444 0.842051
v -0.485916 2.270021 0.977138
v -0.485916 2.275342 0.859270
v -0.485916 2.261412 0.852172
v -0.485916 2.287346 0.977138
v -0.485916 2.265221 0.855982
v -0.485916 2.258966 0.847372
v -0.485916 2.291155 0.852172
v -0.485916 2.287346 0.855982
v -0.485916 2.270021 0.858427
v -0.485916 2.265221 0.977138
v -0.485916 2.282546 0.977138
v -0.485916 2.275342 0.977138
v -0.485916 2.293601 0.847372
v -0.485916 2.282546 0.858427
v -0.485916 2.291155 0.977138
v -0.485916 2.261412 0.977138
v -0.485916 2.258966 0.977138
v -0.485916 2.293602 0.977138
v -0.485916 2.294444 0.977138
v -0.485916 2.258123 0.977138
v -0.485916 2.316776 0.842051
v -0.485916 2.243317 0.842051
v -0.485916 2.316777 0.977138
v -0.485916 2.243317 0.977138
v -0.485916 2.270021 0.434341
v -0.485916 2.287346 0.431895
v -0.485916 2.291155 0.428086
v -0.485916 2.258966 0.423285
v -0.485916 2.265221 0.431895
v -0.485916 2.287346 0.473689
v -0.485916 2.261412 0.428086
v -0.485916 2.275342 0.435184
v -0.485916 2.270021 0.471243
v -0.485916 2.294444 0.417964
v -0.485916 2.258123 0.417964
v -0.439298 2.261412 0.852172
v -0.439298 2.265221 0.855982
v -0.439298 2.270021 0.858427
v -0.439298 2.275342 0.859270
v -0.439298 2.294444 0.842051
v -0.439298 2.293601 0.847372
v -0.439298 2.291155 0.852172
v -0.439298 2.287346 0.855982
v -0.439298 2.282546 0.858427
v -0.439298 2.258123 0.842051
v -0.439298 2.258966 0.847372
v -0.439298 2.316776 0.842051
v -0.439298 2.316777 0.977138
v -0.392681 2.258123 0.842051
v -0.392681 2.294444 0.842051
v -0.392681 2.270021 0.977138
v -0.392681 2.275342 0.859270
v -0.392681 2.261412 0.852172
v -0.392681 2.287346 0.977138
v -0.392681 2.265221 0.855982
v -0.392681 2.258966 0.847372
v -0.392681 2.291155 0.852172
v -0.392681 2.287346 0.855982
v -0.392681 2.270021 0.858427
v -0.392681 2.265221 0.977138
v -0.392681 2.282546 0.977138
v -0.392681 2.275342 0.977138
v -0.392681 2.293601 0.847372
v -0.392681 2.282546 0.858427
v -0.392681 2.291155 0.977138
v -0.392681 2.261412 0.977138
v -0.392681 2.258966 0.977138
v -0.392681 2.293602 0.977138
v -0.392681 2.294444 0.977138
v -0.392681 2.258123 0.977138
v -0.392680 2.316776 0.842051
v -0.392680 2.243317 0.842051
v -0.392680 2.316777 0.977138
v -0.392680 2.243317 0.977138
v -0.485916 2.265221 0.473689
v -0.485916 2.282546 0.471243
v -0.485916 2.275342 0.470400
v -0.485916 2.293601 0.423285
v -0.485916 2.282546 0.434341
v -0.485916 2.291155 0.477498
v -0.485916 2.261412 0.477498
v -0.485916 2.258966 0.482298
v -0.485916 2.293601 0.482298
v -0.485916 2.294444 0.487620
v -0.485916 2.258123 0.487620
v -0.485916 2.316776 0.417964
v -0.485916 2.243317 0.417964
v -0.485916 2.316776 0.487620
v -0.485916 2.243317 0.487620
v -0.439298 2.294444 0.487620
v -0.439298 2.293601 0.482298
v -0.439298 2.291155 0.477498
v -0.439298 2.287346 0.473689
v -0.439298 2.282546 0.471243
v -0.439298 2.258123 0.487620
v -0.439298 2.275342 0.470400
v -0.439298 2.258966 0.482298
v -0.439298 2.261412 0.477498
v -0.439298 2.265221 0.473689
v -0.439298 2.270021 0.471243
v -0.439298 2.261412 0.428086
v -0.439298 2.265221 0.431895
v -0.439298 2.270021 0.434341
v -0.439298 2.275342 0.435184
v -0.439298 2.294444 0.417964
v -0.439298 2.293601 0.423285
v -0.439298 2.291155 0.428086
v -0.439298 2.287346 0.431895
v -0.439298 2.282546 0.434341
v -0.439298 2.258123 0.417964
v -0.439298 2.258966 0.423285
v -0.439298 2.316776 0.417964
v -0.439298 2.316776 0.487620
v -0.392681 2.258123 0.417964
v -0.392681 2.294444 0.417964
v -0.392681 2.270021 0.471243
v -0.392681 2.275342 0.435184
v -0.392681 2.261412 0.428086
v -0.392681 2.287346 0.473689
v -0.392681 2.265221 0.431895
v -0.392681 2.258966 0.423285
v -0.392681 2.291155 0.428086
v -0.392681 2.287346 0.431895
v -0.392681 2.270021 0.434341
v -0.392681 2.265221 0.473689
v -0.392681 2.282546 0.471243
v -0.392681 2.275342 0.470400
v -0.392681 2.293601 0.423285
v -0.392681 2.282546 0.434341
v -0.392681 2.291155 0.477498
v -0.392681 2.261412 0.477498
v -0.392681 2.258966 0.482298
v -0.392681 2.293601 0.482298
v -0.392681 2.294444 0.487620
v -0.392681 2.258123 0.487620
v -0.392680 2.316776 0.417964
v -0.392680 2.243317 0.417964
v -0.392680 2.316776 0.487620
v -0.392680 2.243317 0.487620
v -0.485916 2.258123 0.274659
v -0.485916 2.294444 0.274659
v -0.485916 2.270021 0.139572
v -0.485916 2.275342 0.257440
v -0.485916 2.261411 0.264538
v -0.485916 2.287346 0.139572
v -0.485916 2.265221 0.260729
v -0.485916 2.258965 0.269338
v -0.485916 2.291155 0.264538
v -0.485916 2.287346 0.260729
v -0.485916 2.270021 0.258283
v -0.485916 2.265221 0.139572
v -0.485916 2.282545 0.139572
v -0.485916 2.275342 0.139572
v -0.485916 2.293601 0.269338
v -0.485916 2.282545 0.258283
v -0.485916 2.291155 0.139572
v -0.485916 2.261411 0.139572
v -0.485916 2.258965 0.139572
v -0.485916 2.293601 0.139572
v -0.485916 2.294444 0.139572
v -0.485916 2.258123 0.139572
v -0.485916 2.316776 0.274660
v -0.485916 2.243317 0.274659
v -0.485916 2.316776 0.139572
v -0.485916 2.243317 0.139572
v -0.439298 2.261411 0.264538
v -0.439298 2.265221 0.260729
v -0.439298 2.270021 0.258283
v -0.439298 2.275342 0.257440
v -0.439298 2.294444 0.274659
v -0.439298 2.293601 0.269338
v -0.439298 2.291155 0.264538
v -0.439298 2.287346 0.260729
v -0.439298 2.282545 0.258283
v -0.439298 2.258123 0.274659
v -0.439298 2.258965 0.269338
v -0.439298 2.316776 0.274660
v -0.439298 2.316776 0.139572
v -0.392681 2.258123 0.274659
v -0.392681 2.294444 0.274659
v -0.392681 2.270021 0.139572
v -0.392681 2.275342 0.257440
v -0.392681 2.261411 0.264538
v -0.392681 2.287346 0.139572
v -0.392681 2.265221 0.260729
v -0.392681 2.258965 0.269338
v -0.392681 2.291155 0.264538
v -0.392681 2.287346 0.260729
v -0.392681 2.270021 0.258283
v -0.392681 2.265221 0.139572
v -0.392681 2.282545 0.139572
v -0.392681 2.275342 0.139572
v -0.392681 2.293601 0.269338
v -0.392681 2.282545 0.258283
v -0.392681 2.291155 0.139572
v -0.392681 2.261411 0.139572
v -0.392681 2.258965 0.139572
v -0.392681 2.293601 0.139572
v -0.392681 2.294444 0.139572
v -0.392681 2.258123 0.139572
v -0.392680 2.316776 0.274660
v -0.392680 2.243317 0.274659
v -0.392680 2.316776 0.139572
v -0.392680 2.243317 0.139572
v -0.492393 1.927437 1.166543
v -0.439299 1.927437 1.166543
v -0.439299 1.811772 1.208877
v -0.467738 1.811772 1.208877
v -0.439299 1.811771 -0.054855
v -0.467738 1.811771 -0.054855
v -0.492393 1.927437 1.049874
v -0.439299 1.811772 1.049874
v -0.467738 1.811772 1.049874
v -0.439299 2.094337 1.166543
v -0.492393 2.094337 1.166543
v -0.439299 2.094337 1.083592
v -0.492393 2.094337 1.083592
v -0.492393 1.874917 -0.054855
v -0.439299 1.874917 1.189028
v -0.492393 1.874917 1.189028
v -0.492393 1.874917 1.049874
v -0.605043 1.927437 1.049874
v -0.605042 1.927437 -0.054855
v -0.593645 1.874917 -0.054855
v -0.593645 1.874917 1.049874
v -0.386204 1.927437 1.166543
v -0.410859 1.811772 1.208877
v -0.410859 1.811771 -0.054855
v -0.386204 1.927437 1.049874
v -0.410859 1.811772 1.049874
v -0.386204 2.094337 1.166543
v -0.386204 2.094337 1.083592
v -0.386204 1.874917 -0.054855
v -0.386204 1.874917 1.189028
v -0.386204 1.874917 1.049874
v -0.273555 1.927437 1.049874
v -0.273555 1.927437 -0.054855
v -0.284953 1.874917 -0.054855
v -0.284952 1.874917 1.049874
v -0.659139 2.202622 0.169324
v -0.630830 2.243317 0.190254
v -0.439299 1.916261 0.008511
v -0.439299 1.916261 -0.546579
v -0.659139 1.916261 0.008517
v -0.659139 2.202622 1.175879
v -0.630830 2.243317 1.175879
v -0.659139 2.202622 -0.612980
v -0.439299 2.202622 -0.612980
v -0.439299 2.202622 1.175879
v -0.439299 2.243317 1.175879
v -0.439299 2.243317 0.189593
v -0.630830 2.334326 0.190254
v -0.659139 2.293631 0.169324
v -0.659139 2.293631 -0.449689
v -0.630830 2.334326 -0.371789
v -0.439299 2.334326 -0.371789
v -0.439299 2.334326 0.189593
v -0.659139 2.202622 0.943751
v -0.630830 2.243317 0.949915
v -0.439299 2.243317 0.949720
v -0.659139 2.096803 0.145808
v -0.659139 2.096803 1.175879
v -0.439299 2.096803 1.175879
v -0.659139 2.096803 0.943751
v -0.439299 1.916262 1.099002
v -0.641100 1.916262 1.099002
v -0.641100 2.074806 0.128293
v -0.641100 2.074806 1.099002
v -0.439299 2.074806 1.099002
v -0.439299 1.916262 0.943751
v -0.641100 2.074806 0.943751
v -0.439299 1.863521 1.070815
v -0.439299 1.863521 0.985584
v -0.439299 2.056986 -1.107967
v -0.659139 2.202621 -1.107967
v -0.439299 2.202621 -1.107967
v -0.659139 2.124926 -1.107967
v -0.439299 2.096802 -1.107967
v -0.439299 2.056986 -0.793400
v -0.659139 2.124926 -0.793400
v -0.659139 2.202622 -0.793400
v -0.439299 2.202622 -0.793400
v -0.439299 2.248164 -0.292019
v -0.622117 2.248164 -0.292019
v -0.622117 2.248164 -0.021114
v -0.647072 2.248164 -0.021114
v -0.647072 2.248164 -0.292019
v -0.659139 1.916261 -0.047230
v -0.659139 2.248164 -0.018409
v -0.659139 2.248164 -0.294723
v -0.659139 2.293631 -0.294723
v -0.659139 2.293631 -0.018409
v -0.630830 2.334326 -0.018409
v -0.630830 2.334326 -0.294723
v -0.439299 2.334326 -0.018409
v -0.439299 2.334326 -0.294723
v -0.439299 2.248164 -0.021114
v -0.659139 2.089602 -0.615014
v -0.659139 2.089602 -0.294723
v -0.659139 2.089602 0.069841
v -0.659139 1.963844 -0.537527
v -0.631271 1.916261 -0.546579
v -0.659139 2.109408 -1.107967
v -0.631271 2.056986 -1.107967
v -0.631271 2.056986 -0.793400
v -0.659139 2.109503 -0.793400
v -0.631271 1.916261 -0.294723
v -0.659139 1.963938 -0.294723
v -0.659139 1.916261 -0.238636
v -0.646267 2.234479 -0.356816
v -0.646267 2.234479 0.043684
v -0.439299 2.320042 0.043684
v -0.439299 2.320042 -0.356816
v -0.599896 2.320042 -0.356816
v -0.642923 2.280055 -0.356816
v -0.642923 2.280055 0.043684
v -0.599896 2.320042 0.043684
v -0.439299 1.781345 0.008517
v -0.439299 1.781345 -0.047230
v -0.439299 1.781345 -0.294723
v -0.439299 1.781344 -0.546579
v -0.529082 1.781344 -0.546579
v -0.566140 1.781345 0.008517
v -0.659139 1.874344 0.008517
v -0.566140 1.781345 -0.047230
v -0.659139 1.874344 -0.047230
v -0.659139 1.874344 -0.238636
v -0.566140 1.781345 -0.216805
v -0.631271 1.874344 -0.294723
v -0.527424 1.781345 -0.294723
v -0.627087 1.874344 -0.546579
v -0.538902 2.279050 0.018830
v -0.522545 2.271339 0.018830
v -0.538902 2.280127 0.013414
v -0.522545 2.273004 0.010463
v -0.538902 2.283195 0.008822
v -0.522545 2.277743 0.003370
v -0.538902 2.287787 0.005754
v -0.522545 2.284836 -0.001369
v -0.538902 2.293203 0.004677
v -0.522545 2.293203 -0.003034
v -0.538902 2.298620 0.005754
v -0.522545 2.301570 -0.001369
v -0.538902 2.303211 0.008822
v -0.522545 2.308663 0.003370
v -0.538902 2.306279 0.013414
v -0.522545 2.313403 0.010463
v -0.538902 2.307357 0.018830
v -0.522545 2.315067 0.018830
v -0.538902 2.306279 0.024247
v -0.522545 2.313403 0.027197
v -0.538902 2.303211 0.028838
v -0.522545 2.308663 0.034290
v -0.538902 2.298620 0.031907
v -0.522545 2.301570 0.039030
v -0.538902 2.293203 0.032984
v -0.522545 2.293203 0.040694
v -0.538902 2.287787 0.031907
v -0.522545 2.284836 0.039030
v -0.538902 2.283195 0.028838
v -0.522545 2.277743 0.034290
v -0.538902 2.280127 0.024247
v -0.522545 2.273004 0.027197
v -0.538902 2.281912 0.018830
v -0.538902 2.282771 0.014509
v -0.538902 2.285219 0.010846
v -0.538902 2.288882 0.008398
v -0.538902 2.293203 0.007539
v -0.538902 2.297524 0.008398
v -0.538902 2.301188 0.010846
v -0.538902 2.303635 0.014509
v -0.538902 2.304495 0.018830
v -0.538902 2.303635 0.023151
v -0.538902 2.301188 0.026815
v -0.538902 2.297524 0.029262
v -0.538902 2.293203 0.030122
v -0.538902 2.288882 0.029262
v -0.538902 2.285219 0.026815
v -0.538902 2.282771 0.023151
v -0.538692 2.283698 0.018830
v -0.538692 2.284421 0.015193
v -0.538692 2.286481 0.012109
v -0.538692 2.289566 0.010048
v -0.538692 2.293203 0.009325
v -0.538692 2.296841 0.010048
v -0.538692 2.299925 0.012109
v -0.538692 2.301985 0.015193
v -0.538692 2.302709 0.018830
v -0.538692 2.301985 0.022468
v -0.538692 2.299925 0.025552
v -0.538692 2.296841 0.027612
v -0.538692 2.293203 0.028336
v -0.538692 2.289566 0.027612
v -0.538692 2.286481 0.025552
v -0.538692 2.284421 0.022468
v -0.538902 2.279049 -0.343994
v -0.522545 2.271339 -0.343994
v -0.538902 2.280127 -0.349410
v -0.522545 2.273003 -0.352361
v -0.538902 2.283195 -0.354002
v -0.522545 2.277743 -0.359454
v -0.538902 2.287787 -0.357070
v -0.522545 2.284836 -0.364194
v -0.538902 2.293203 -0.358148
v -0.522545 2.293203 -0.365858
v -0.538902 2.298620 -0.357070
v -0.522545 2.301570 -0.364194
v -0.538902 2.303211 -0.354002
v -0.522545 2.308663 -0.359454
v -0.538902 2.306279 -0.349410
v -0.522545 2.313403 -0.352361
v -0.538902 2.307357 -0.343994
v -0.522545 2.315067 -0.343994
v -0.538902 2.306279 -0.338578
v -0.522545 2.313403 -0.335627
v -0.538902 2.303211 -0.333986
v -0.522545 2.308663 -0.328534
v -0.538902 2.298620 -0.330918
v -0.522545 2.301570 -0.323794
v -0.538902 2.293203 -0.329840
v -0.522545 2.293203 -0.322130
v -0.538902 2.287787 -0.330918
v -0.522545 2.284836 -0.323794
v -0.538902 2.283195 -0.333986
v -0.522545 2.277743 -0.328534
v -0.538902 2.280127 -0.338578
v -0.522545 2.273003 -0.335627
v -0.538902 2.281912 -0.343994
v -0.538902 2.282771 -0.348315
v -0.538902 2.285219 -0.351978
v -0.538902 2.288882 -0.354426
v -0.538902 2.293203 -0.355286
v -0.538902 2.297524 -0.354426
v -0.538902 2.301187 -0.351978
v -0.538902 2.303635 -0.348315
v -0.538902 2.304494 -0.343994
v -0.538902 2.303635 -0.339673
v -0.538902 2.301187 -0.336010
v -0.538902 2.297524 -0.333562
v -0.538902 2.293203 -0.332703
v -0.538902 2.288882 -0.333562
v -0.538902 2.285219 -0.336010
v -0.538902 2.282771 -0.339673
v -0.538692 2.283697 -0.343994
v -0.538692 2.284421 -0.347632
v -0.538692 2.286481 -0.350716
v -0.538692 2.289565 -0.352776
v -0.538692 2.293203 -0.353500
v -0.538692 2.296840 -0.352776
v -0.538692 2.299924 -0.350716
v -0.538692 2.301985 -0.347632
v -0.538692 2.302708 -0.343994
v -0.538692 2.301985 -0.340356
v -0.538692 2.299924 -0.337273
v -0.538692 2.296840 -0.335212
v -0.538692 2.293203 -0.334489
v -0.538692 2.289565 -0.335212
v -0.538692 2.286481 -0.337273
v -0.538692 2.284421 -0.340356
v -0.439299 2.336889 1.203058
v -0.439299 2.194332 1.172794
v -0.535686 2.194332 1.172794
v -0.439299 2.336889 0.944442
v -0.439299 2.194332 0.860219
v -0.535686 2.194332 0.860219
v -0.502447 2.336889 1.203058
v -0.535686 2.293416 1.172794
v -0.535686 2.293416 0.918758
v -0.502447 2.336889 0.944442
v -0.439299 2.293416 1.172794
v -0.535686 2.194332 1.102441
v -0.439299 2.194332 1.102441
v -0.439299 2.336889 1.102441
v -0.502447 2.336889 1.102441
v -0.535686 2.293416 1.102441
v -0.439299 2.292106 -1.093547
v -0.600754 2.296366 -1.093547
v -0.600754 2.296366 -0.657620
v -0.439299 2.292106 -0.657620
v -0.611675 2.258670 -1.093547
v -0.611675 2.258670 -0.657620
v -0.600754 2.296366 -0.910851
v -0.600754 2.296366 -0.840315
v -0.439299 2.292106 -0.910851
v -0.439299 2.292106 -0.840315
v -0.611675 2.258670 -0.840315
v -0.611675 2.258670 -0.910851
v -0.607160 2.269094 -0.846721
v -0.607160 2.269093 -0.904445
v -0.600754 2.296366 -0.846721
v -0.600754 2.296366 -0.904445
v -0.439299 2.292106 -0.904445
v -0.439299 2.292106 -0.846721
v -0.439299 2.315637 -1.093547
v -0.616859 2.315637 -1.093547
v -0.616859 2.315637 -0.657620
v -0.439299 2.315637 -0.657620
v -0.638053 2.266701 -1.093547
v -0.638053 2.266702 -0.657620
v -0.616859 2.315637 -0.910851
v -0.616859 2.315637 -0.840315
v -0.439299 2.315637 -0.910851
v -0.439299 2.315637 -0.840315
v -0.638053 2.266702 -0.840315
v -0.638053 2.266701 -0.910851
v -0.633538 2.277126 -0.846721
v -0.633538 2.277126 -0.904445
v -0.616859 2.315637 -0.846721
v -0.616859 2.315637 -0.904445
v -0.439299 2.315637 -0.904445
v -0.439299 2.315637 -0.846721
v -0.439299 2.169792 -0.542030
v -0.637180 2.169792 -0.542030
v -0.439299 2.305491 -0.362492
v -0.608695 2.305491 -0.362492
v -0.439299 2.305491 -1.152161
v -0.439299 2.169792 -1.152161
v -0.608695 2.305491 -1.152161
v -0.637180 2.169792 -1.152161
v -0.608695 2.305491 -0.730193
v -0.637180 2.169792 -0.730193
v -0.439299 2.169792 -0.730193
v -0.439299 2.305491 -0.730193
v -0.439299 2.239722 -0.433098
v -0.637180 2.239722 -0.433098
v -0.439299 2.239722 -1.152161
v -0.637180 2.239722 -1.152161
v -0.637180 2.239722 -0.730193
v -0.606243 2.156391 1.231025
v -0.606243 2.156391 1.132445
v -0.602491 2.137529 1.231025
v -0.602491 2.137529 1.132445
v -0.591806 2.121538 1.231025
v -0.591806 2.121538 1.132445
v -0.575816 2.110853 1.231025
v -0.575816 2.110853 1.132445
v -0.556953 2.107102 1.231025
v -0.556953 2.107102 1.132445
v -0.538091 2.110853 1.231025
v -0.538091 2.110853 1.132445
v -0.522100 2.121538 1.231025
v -0.522100 2.121538 1.132445
v -0.511416 2.137529 1.231025
v -0.511416 2.137529 1.132445
v -0.507664 2.156391 1.231025
v -0.507664 2.156391 1.132445
v -0.511416 2.175254 1.231025
v -0.511416 2.175254 1.132445
v -0.522100 2.191244 1.231025
v -0.522100 2.191244 1.132445
v -0.538091 2.201929 1.231025
v -0.538091 2.201929 1.132445
v -0.556953 2.205681 1.231025
v -0.556953 2.205681 1.132445
v -0.575816 2.201929 1.231025
v -0.575816 2.201929 1.132445
v -0.591806 2.191244 1.231025
v -0.591806 2.191244 1.132445
v -0.602491 2.175254 1.231025
v -0.602491 2.175254 1.132445
v -0.594270 2.156391 1.231025
v -0.591429 2.142111 1.231025
v -0.583340 2.130004 1.231025
v -0.571234 2.121915 1.231025
v -0.556953 2.119075 1.231025
v -0.542673 2.121915 1.231025
v -0.530566 2.130004 1.231025
v -0.522477 2.142111 1.231025
v -0.519637 2.156391 1.231025
v -0.522477 2.170672 1.231025
v -0.530566 2.182778 1.231025
v -0.542673 2.190867 1.231025
v -0.556953 2.193708 1.231025
v -0.571234 2.190867 1.231025
v -0.583340 2.182778 1.231025
v -0.591429 2.170672 1.231025
v -0.594270 2.156391 1.208063
v -0.591429 2.142111 1.208063
v -0.583340 2.130004 1.208063
v -0.571234 2.121915 1.208063
v -0.556953 2.119075 1.208063
v -0.542673 2.121915 1.208063
v -0.530566 2.130004 1.208063
v -0.522477 2.142111 1.208063
v -0.519637 2.156391 1.208063
v -0.522477 2.170672 1.208063
v -0.530566 2.182778 1.208063
v -0.542673 2.190867 1.208063
v -0.556953 2.193708 1.208063
v -0.571234 2.190867 1.208063
v -0.583340 2.182778 1.208063
v -0.591429 2.170672 1.208063
v -0.604267 2.012124 1.150796
v -0.604267 2.012124 1.052216
v -0.600515 1.993262 1.150796
v -0.600515 1.993262 1.052216
v -0.589830 1.977271 1.150796
v -0.589830 1.977271 1.052216
v -0.573839 1.966586 1.150796
v -0.573839 1.966586 1.052216
v -0.554977 1.962834 1.150796
v -0.554977 1.962834 1.052216
v -0.536115 1.966586 1.150796
v -0.536115 1.966586 1.052216
v -0.520124 1.977271 1.150796
v -0.520124 1.977271 1.052216
v -0.509439 1.993262 1.150796
v -0.509439 1.993262 1.052216
v -0.505687 2.012124 1.150796
v -0.505687 2.012124 1.052216
v -0.509439 2.030986 1.150796
v -0.509439 2.030986 1.052216
v -0.520124 2.046977 1.150796
v -0.520124 2.046977 1.052216
v -0.536115 2.057661 1.150796
v -0.536115 2.057662 1.052216
v -0.554977 2.061413 1.150796
v -0.554977 2.061413 1.052216
v -0.573839 2.057661 1.150796
v -0.573839 2.057662 1.052216
v -0.589830 2.046977 1.150796
v -0.589830 2.046977 1.052216
v -0.600515 2.030986 1.150796
v -0.600515 2.030986 1.052216
v -0.592294 2.012124 1.150796
v -0.589453 1.997844 1.150796
v -0.581364 1.985737 1.150796
v -0.569257 1.977648 1.150796
v -0.554977 1.974807 1.150796
v -0.540697 1.977648 1.150796
v -0.528590 1.985737 1.150796
v -0.520501 1.997844 1.150796
v -0.517660 2.012124 1.150796
v -0.520501 2.026404 1.150796
v -0.528590 2.038511 1.150796
v -0.540697 2.046600 1.150796
v -0.554977 2.049440 1.150796
v -0.569257 2.046600 1.150796
v -0.581364 2.038511 1.150796
v -0.589453 2.026404 1.150796
v -0.592294 2.012124 1.127835
v -0.589453 1.997844 1.127835
v -0.581364 1.985737 1.127835
v -0.569257 1.977648 1.127835
v -0.554977 1.974807 1.127835
v -0.540697 1.977648 1.127835
v -0.528590 1.985737 1.127835
v -0.520501 1.997844 1.127835
v -0.517660 2.012124 1.127835
v -0.520501 2.026404 1.127835
v -0.528590 2.038511 1.127834
v -0.540697 2.046600 1.127834
v -0.554977 2.049440 1.127834
v -0.569257 2.046600 1.127834
v -0.581364 2.038511 1.127834
v -0.589453 2.026404 1.127835
v -0.641100 1.948462 0.032834
v -0.608900 1.916261 0.008506
v -0.608900 1.916262 0.943751
v -0.641100 1.948462 0.959310
v -0.608900 1.863521 1.070815
v -0.641100 1.895721 1.088024
v -0.641100 1.895721 1.001143
v -0.608900 1.863521 0.985584
v -0.219458 2.202622 0.169324
v -0.247767 2.243317 0.190254
v -0.219458 1.916261 0.008517
v -0.219458 2.202622 1.175879
v -0.247767 2.243317 1.175879
v -0.219458 2.202622 -0.612980
v -0.247767 2.334326 0.190254
v -0.219458 2.293631 0.169324
v -0.219458 2.293631 -0.449689
v -0.247767 2.334326 -0.371789
v -0.219458 2.202622 0.943751
v -0.247767 2.243317 0.949915
v -0.219458 2.096803 0.145808
v -0.219458 2.096803 1.175879
v -0.219458 2.096803 0.943751
v -0.237497 1.916262 1.099002
v -0.237497 2.074806 0.128293
v -0.237497 2.074806 1.099002
v -0.237497 2.074806 0.943751
v -0.219458 2.202621 -1.107967
v -0.219458 2.124926 -1.107967
v -0.219458 2.124926 -0.793400
v -0.219458 2.202622 -0.793400
v -0.256480 2.248164 -0.292019
v -0.256480 2.248164 -0.021114
v -0.231525 2.248164 -0.021114
v -0.231525 2.248164 -0.292019
v -0.219458 1.916261 -0.047230
v -0.219458 2.248164 -0.018409
v -0.219458 2.248164 -0.294723
v -0.219458 2.293631 -0.294723
v -0.219458 2.293631 -0.018409
v -0.247767 2.334326 -0.018409
v -0.247767 2.334326 -0.294723
v -0.219458 2.089602 -0.615014
v -0.219458 2.089602 -0.294723
v -0.219458 2.089602 0.069841
v -0.219458 1.963844 -0.537527
v -0.247326 1.916261 -0.546579
v -0.219458 2.109408 -1.107967
v -0.247326 2.056986 -1.107967
v -0.247326 2.056986 -0.793400
v -0.219458 2.109503 -0.793400
v -0.247326 1.916261 -0.294723
v -0.219458 1.963938 -0.294723
v -0.219458 1.916261 -0.238636
v -0.232330 2.234479 -0.356816
v -0.232330 2.234479 0.043684
v -0.278701 2.320042 -0.356816
v -0.235674 2.280055 -0.356816
v -0.235674 2.280055 0.043684
v -0.278701 2.320042 0.043684
v -0.349515 1.781344 -0.546579
v -0.312458 1.781345 0.008517
v -0.219458 1.874344 0.008517
v -0.312458 1.781345 -0.047230
v -0.219458 1.874344 -0.047230
v -0.219458 1.874344 -0.238636
v -0.312458 1.781345 -0.216805
v -0.247326 1.874344 -0.294723
v -0.351173 1.781345 -0.294723
v -0.251510 1.874344 -0.546579
v -0.339695 2.279050 0.018830
v -0.356052 2.271339 0.018830
v -0.339695 2.280127 0.013414
v -0.356052 2.273004 0.010463
v -0.339695 2.283195 0.008822
v -0.356052 2.277743 0.003370
v -0.339695 2.287787 0.005754
v -0.356052 2.284836 -0.001369
v -0.339695 2.293203 0.004677
v -0.356052 2.293203 -0.003034
v -0.339695 2.298620 0.005754
v -0.356052 2.301570 -0.001369
v -0.339695 2.303211 0.008822
v -0.356052 2.308663 0.003370
v -0.339695 2.306279 0.013414
v -0.356052 2.313403 0.010463
v -0.339695 2.307357 0.018830
v -0.356052 2.315067 0.018830
v -0.339695 2.306279 0.024247
v -0.356052 2.313403 0.027197
v -0.339695 2.303211 0.028838
v -0.356052 2.308663 0.034290
v -0.339695 2.298620 0.031907
v -0.356052 2.301570 0.039030
v -0.339695 2.293203 0.032984
v -0.356052 2.293203 0.040694
v -0.339695 2.287787 0.031907
v -0.356052 2.284836 0.039030
v -0.339695 2.283195 0.028838
v -0.356052 2.277743 0.034290
v -0.339695 2.280127 0.024247
v -0.356052 2.273004 0.027197
v -0.339695 2.281912 0.018830
v -0.339695 2.282771 0.014509
v -0.339695 2.285219 0.010846
v -0.339695 2.288882 0.008398
v -0.339695 2.293203 0.007539
v -0.339695 2.297524 0.008398
v -0.339695 2.301188 0.010846
v -0.339695 2.303635 0.014509
v -0.339695 2.304495 0.018830
v -0.339695 2.303635 0.023151
v -0.339695 2.301188 0.026815
v -0.339695 2.297524 0.029262
v -0.339695 2.293203 0.030122
v -0.339695 2.288882 0.029262
v -0.339695 2.285219 0.026815
v -0.339695 2.282771 0.023151
v -0.339905 2.283698 0.018830
v -0.339905 2.284421 0.015193
v -0.339905 2.286481 0.012109
v -0.339905 2.289566 0.010048
v -0.339905 2.293203 0.009325
v -0.339905 2.296841 0.010048
v -0.339905 2.299925 0.012109
v -0.339905 2.301985 0.015193
v -0.339905 2.302709 0.018830
v -0.339905 2.301985 0.022468
v -0.339905 2.299925 0.025552
v -0.339905 2.296841 0.027612
v -0.339905 2.293203 0.028336
v -0.339905 2.289566 0.027612
v -0.339905 2.286481 0.025552
v -0.339905 2.284421 0.022468
v -0.339695 2.279049 -0.343994
v -0.356052 2.271339 -0.343994
v -0.339695 2.280127 -0.349410
v -0.356052 2.273003 -0.352361
v -0.339695 2.283195 -0.354002
v -0.356052 2.277743 -0.359454
v -0.339695 2.287787 -0.357070
v -0.356052 2.284836 -0.364194
v -0.339695 2.293203 -0.358148
v -0.356052 2.293203 -0.365858
v -0.339695 2.298620 -0.357070
v -0.356052 2.301570 -0.364194
v -0.339695 2.303211 -0.354002
v -0.356052 2.308663 -0.359454
v -0.339695 2.306279 -0.349410
v -0.356052 2.313403 -0.352361
v -0.339695 2.307357 -0.343994
v -0.356052 2.315067 -0.343994
v -0.339695 2.306279 -0.338578
v -0.356052 2.313403 -0.335627
v -0.339695 2.303211 -0.333986
v -0.356052 2.308663 -0.328534
v -0.339695 2.298620 -0.330918
v -0.356052 2.301570 -0.323794
v -0.339695 2.293203 -0.329840
v -0.356052 2.293203 -0.322130
v -0.339695 2.287787 -0.330918
v -0.356052 2.284836 -0.323794
v -0.339695 2.283195 -0.333986
v -0.356052 2.277743 -0.328534
v -0.339695 2.280127 -0.338578
v -0.356052 2.273003 -0.335627
v -0.339695 2.281912 -0.343994
v -0.339695 2.282771 -0.348315
v -0.339695 2.285219 -0.351978
v -0.339695 2.288882 -0.354426
v -0.339695 2.293203 -0.355286
v -0.339695 2.297524 -0.354426
v -0.339695 2.301187 -0.351978
v -0.339695 2.303635 -0.348315
v -0.339695 2.304494 -0.343994
v -0.339695 2.303635 -0.339673
v -0.339695 2.301187 -0.336010
v -0.339695 2.297524 -0.333562
v -0.339695 2.293203 -0.332703
v -0.339695 2.288882 -0.333562
v -0.339695 2.285219 -0.336010
v -0.339695 2.282771 -0.339673
v -0.339905 2.283697 -0.343994
v -0.339905 2.284421 -0.347632
v -0.339905 2.286481 -0.350716
v -0.339905 2.289565 -0.352776
v -0.339905 2.293203 -0.353500
v -0.339905 2.296840 -0.352776
v -0.339905 2.299924 -0.350716
v -0.339905 2.301985 -0.347632
v -0.339905 2.302708 -0.343994
v -0.339905 2.301985 -0.340356
v -0.339905 2.299924 -0.337273
v -0.339905 2.296840 -0.335212
v -0.339905 2.293203 -0.334489
v -0.339905 2.289565 -0.335212
v -0.339905 2.286481 -0.337273
v -0.339905 2.284421 -0.340356
v -0.342911 2.194332 1.172794
v -0.342911 2.194332 0.860219
v -0.376150 2.336889 1.203058
v -0.342911 2.293416 1.172794
v -0.342911 2.293416 0.918758
v -0.376150 2.336889 0.944442
v -0.342911 2.194332 1.102441
v -0.376150 2.336889 1.102441
v -0.342911 2.293416 1.102441
v -0.277843 2.296366 -1.093547
v -0.277843 2.296366 -0.657620
v -0.266922 2.258670 -1.093547
v -0.266922 2.258670 -0.657620
v -0.277843 2.296366 -0.910851
v -0.277843 2.296366 -0.840315
v -0.266922 2.258670 -0.840315
v -0.266922 2.258670 -0.910851
v -0.271437 2.269094 -0.846721
v -0.271437 2.269093 -0.904445
v -0.277843 2.296366 -0.846721
v -0.277843 2.296366 -0.904445
v -0.261738 2.315637 -1.093547
v -0.261738 2.315637 -0.657620
v -0.240544 2.266701 -1.093547
v -0.240544 2.266702 -0.657620
v -0.261738 2.315637 -0.910851
v -0.261738 2.315637 -0.840315
v -0.240544 2.266702 -0.840315
v -0.240544 2.266701 -0.910851
v -0.245059 2.277126 -0.846721
v -0.245059 2.277126 -0.904445
v -0.261738 2.315637 -0.846721
v -0.261738 2.315637 -0.904445
v -0.241417 2.169792 -0.542030
v -0.269902 2.305491 -0.362492
v -0.269902 2.305491 -1.152161
v -0.241417 2.169792 -1.152161
v -0.269902 2.305491 -0.730193
v -0.241417 2.169792 -0.730193
v -0.241417 2.239722 -0.433098
v -0.241417 2.239722 -1.152161
v -0.241417 2.239722 -0.730193
v -0.272354 2.156391 1.231025
v -0.272354 2.156391 1.132445
v -0.276106 2.137529 1.231025
v -0.276106 2.137529 1.132445
v -0.286791 2.121538 1.231025
v -0.286791 2.121538 1.132445
v -0.302782 2.110853 1.231025
v -0.302782 2.110853 1.132445
v -0.321644 2.107102 1.231025
v -0.321644 2.107102 1.132445
v -0.340506 2.110853 1.231025
v -0.340506 2.110853 1.132445
v -0.356497 2.121538 1.231025
v -0.356497 2.121538 1.132445
v -0.367182 2.137529 1.231025
v -0.367182 2.137529 1.132445
v -0.370934 2.156391 1.231025
v -0.370934 2.156391 1.132445
v -0.367182 2.175254 1.231025
v -0.367182 2.175254 1.132445
v -0.356497 2.191244 1.231025
v -0.356497 2.191244 1.132445
v -0.340506 2.201929 1.231025
v -0.340506 2.201929 1.132445
v -0.321644 2.205681 1.231025
v -0.321644 2.205681 1.132445
v -0.302782 2.201929 1.231025
v -0.302782 2.201929 1.132445
v -0.286791 2.191244 1.231025
v -0.286791 2.191244 1.132445
v -0.276106 2.175254 1.231025
v -0.276106 2.175254 1.132445
v -0.284327 2.156391 1.231025
v -0.287168 2.142111 1.231025
v -0.295257 2.130004 1.231025
v -0.307363 2.121915 1.231025
v -0.321644 2.119075 1.231025
v -0.335924 2.121915 1.231025
v -0.348031 2.130004 1.231025
v -0.356120 2.142111 1.231025
v -0.358961 2.156391 1.231025
v -0.356120 2.170672 1.231025
v -0.348031 2.182778 1.231025
v -0.335924 2.190867 1.231025
v -0.321644 2.193708 1.231025
v -0.307363 2.190867 1.231025
v -0.295257 2.182778 1.231025
v -0.287168 2.170672 1.231025
v -0.284327 2.156391 1.208063
v -0.287168 2.142111 1.208063
v -0.295257 2.130004 1.208063
v -0.307363 2.121915 1.208063
v -0.321644 2.119075 1.208063
v -0.335924 2.121915 1.208063
v -0.348031 2.130004 1.208063
v -0.356120 2.142111 1.208063
v -0.358961 2.156391 1.208063
v -0.356120 2.170672 1.208063
v -0.348031 2.182778 1.208063
v -0.335924 2.190867 1.208063
v -0.321644 2.193708 1.208063
v -0.307363 2.190867 1.208063
v -0.295257 2.182778 1.208063
v -0.287168 2.170672 1.208063
v -0.274330 2.012124 1.150796
v -0.274330 2.012124 1.052216
v -0.278082 1.993262 1.150796
v -0.278082 1.993262 1.052216
v -0.288767 1.977271 1.150796
v -0.288767 1.977271 1.052216
v -0.304758 1.966586 1.150796
v -0.304758 1.966586 1.052216
v -0.323620 1.962834 1.150796
v -0.323620 1.962834 1.052216
v -0.342482 1.966586 1.150796
v -0.342482 1.966586 1.052216
v -0.358473 1.977271 1.150796
v -0.358473 1.977271 1.052216
v -0.369158 1.993262 1.150796
v -0.369158 1.993262 1.052216
v -0.372910 2.012124 1.150796
v -0.372910 2.012124 1.052216
v -0.369158 2.030986 1.150796
v -0.369158 2.030986 1.052216
v -0.358473 2.046977 1.150796
v -0.358473 2.046977 1.052216
v -0.342482 2.057661 1.150796
v -0.342482 2.057662 1.052216
v -0.323620 2.061413 1.150796
v -0.323620 2.061413 1.052216
v -0.304758 2.057661 1.150796
v -0.304758 2.057662 1.052216
v -0.288767 2.046977 1.150796
v -0.288767 2.046977 1.052216
v -0.278082 2.030986 1.150796
v -0.278082 2.030986 1.052216
v -0.286303 2.012124 1.150796
v -0.289144 1.997844 1.150796
v -0.297233 1.985737 1.150796
v -0.309340 1.977648 1.150796
v -0.323620 1.974807 1.150796
v -0.337901 1.977648 1.150796
v -0.350007 1.985737 1.150796
v -0.358096 1.997844 1.150796
v -0.360937 2.012124 1.150796
v -0.358096 2.026404 1.150796
v -0.350007 2.038511 1.150796
v -0.337901 2.046600 1.150796
v -0.323620 2.049440 1.150796
v -0.309340 2.046600 1.150796
v -0.297233 2.038511 1.150796
v -0.289144 2.026404 1.150796
v -0.286303 2.012124 1.127835
v -0.289144 1.997844 1.127835
v -0.297233 1.985737 1.127835
v -0.309340 1.977648 1.127835
v -0.323620 1.974807 1.127835
v -0.337901 1.977648 1.127835
v -0.350007 1.985737 1.127835
v -0.358096 1.997844 1.127835
v -0.360937 2.012124 1.127835
v -0.358096 2.026404 1.127835
v -0.350007 2.038511 1.127834
v -0.337901 2.046600 1.127834
v -0.323620 2.049440 1.127834
v -0.309340 2.046600 1.127834
v -0.297233 2.038511 1.127834
v -0.289144 2.026404 1.127835
v -0.237497 1.948462 0.032834
v -0.269698 1.916261 0.008506
v -0.269697 1.916262 0.943751
v -0.237497 1.948462 0.959310
v -0.269697 1.863521 1.070815
v -0.237497 1.895721 1.088024
v -0.237497 1.895721 1.001143
v -0.269697 1.863521 0.985584
vn -0.0000 -0.0000 1.0000
vn -0.9329 0.3601 -0.0000
vn -0.0000 -0.0000 -1.0000
vn 0.9329 0.3601 -0.0000
vn 1.0000 -0.0000 -0.0000
vn -0.0000 1.0000 -0.0000
vn -1.0000 -0.0000 -0.0000
vn -0.0000 0.8090 -0.5878
vn -0.0000 0.9511 -0.3090
vn -0.0000 -0.5878 0.8090
vn -0.0000 -0.8090 0.5878
vn -0.0000 0.3090 -0.9511
vn -0.0000 0.5878 -0.8090
vn -0.0000 -0.9511 0.3090
vn -0.0000 -0.9969 0.0784
vn -0.0000 0.0203 -0.9998
vn -0.0000 0.0203 0.9998
vn -0.0000 -0.2896 0.9571
vn -0.0000 0.9969 -0.0785
vn -0.0000 0.3090 0.9511
vn -0.0000 0.5878 0.8090
vn -0.0000 0.9511 0.3090
vn -0.0000 0.9969 0.0785
vn -0.0000 0.8090 0.5878
vn -0.0000 -0.2896 -0.9571
vn -0.0000 -0.5878 -0.8090
vn -0.0000 -0.8090 -0.5878
vn -0.0000 -0.9511 -0.3090
vn -0.0000 -0.9969 -0.0784
vn -0.0000 0.9969 0.0784
vn -0.0000 -0.9969 0.0785
vn -0.0000 -1.0000 -0.0000
vn -0.0000 0.2999 0.9540
vn 0.9315 -0.3637 -0.0000
vn -0.0000 0.3936 0.9193
vn 0.9773 -0.2121 -0.0000
vn -0.9315 -0.3637 -0.0000
vn -0.9773 -0.2121 -0.0000
vn -0.0035 -0.0000 1.0000
vn 0.8209 0.5711 -0.0000
vn -0.0038 0.8775 -0.4796
vn 0.5945 -0.0000 0.8041
vn 0.7732 -0.6341 -0.0000
vn -0.0000 -0.9614 0.2751
vn -0.0000 -0.4713 0.8819
vn -0.0000 -0.6214 -0.7835
vn 0.0280 0.0366 -0.9989
vn 0.2187 -0.0000 0.9758
vn 0.2187 -0.0000 -0.9758
vn 0.0280 0.0366 0.9989
vn -0.0000 0.0314 -0.9995
vn -0.0000 0.0314 0.9995
vn 0.7934 -0.4638 -0.3942
vn 0.8539 -0.4522 -0.2576
vn 0.8832 -0.4691 0.0001
vn 0.8631 -0.5050 0.0001
vn -0.0000 -0.8687 -0.4953
vn 0.9973 0.0732 -0.0000
vn 0.6807 0.7325 -0.0000
vn 0.9987 -0.0498 -0.0083
vn 0.8955 -0.0000 -0.4450
vn 0.7071 -0.7071 -0.0000
vn 0.6332 -0.7071 -0.3146
vn 0.6776 -0.7354 -0.0034
vn 0.4264 -0.9045 -0.0000
vn 0.4264 -0.8357 -0.3462
vn 0.4264 -0.6396 -0.6396
vn 0.4264 -0.3462 -0.8357
vn 0.4264 -0.0000 -0.9046
vn 0.4264 0.3461 -0.8357
vn 0.4264 0.6396 -0.6396
vn 0.4264 0.8357 -0.3462
vn 0.4264 0.9045 -0.0000
vn 0.4264 0.8357 0.3462
vn 0.4264 0.6396 0.6396
vn 0.4264 0.3461 0.8357
vn 0.4264 -0.0000 0.9045
vn 0.4264 -0.3462 0.8357
vn 0.4264 -0.6396 0.6396
vn 0.4264 -0.8357 0.3462
vn 0.9932 -0.0000 -0.1168
vn 0.9932 0.0447 -0.1079
vn 0.9978 0.0252 -0.0608
vn 0.9978 -0.0000 -0.0658
vn 0.9978 0.0658 -0.0000
vn 0.9978 0.0608 0.0252
vn 0.9978 0.0465 0.0465
vn 0.9978 0.0252 0.0608
vn 0.9978 -0.0000 0.0658
vn 0.9978 -0.0252 0.0608
vn 0.9978 -0.0465 0.0465
vn 0.9978 -0.0608 0.0252
vn 0.9978 -0.0658 -0.0000
vn 0.9978 -0.0608 -0.0252
vn 0.9978 -0.0465 -0.0465
vn 0.9978 -0.0252 -0.0608
vn 0.9978 0.0465 -0.0465
vn 0.9978 0.0608 -0.0252
vn 0.9932 -0.0447 0.1079
vn 0.9932 -0.0826 0.0826
vn 0.9932 0.0826 -0.0826
vn 0.9932 -0.1079 0.0447
vn 0.9932 0.1079 -0.0447
vn 0.9932 -0.1168 -0.0000
vn 0.9932 0.1168 -0.0000
vn 0.9932 0.1079 0.0447
vn 0.9932 -0.1079 -0.0447
vn 0.9932 0.0826 0.0826
vn 0.9932 -0.0826 -0.0826
vn 0.9932 0.0447 0.1079
vn 0.9932 -0.0447 -0.1079
vn 0.9932 -0.0000 0.1168
vn 0.4264 -0.0000 -0.9045
vn 0.4264 0.3462 -0.8357
vn 0.4264 0.9046 -0.0000
vn 0.4264 0.3462 0.8357
vn 0.9931 -0.0000 -0.1168
vn 0.9931 0.0447 -0.1080
vn 0.9931 0.0826 -0.0826
vn 0.9931 -0.1080 0.0447
vn 0.9931 0.1080 -0.0447
vn 0.9931 0.1169 -0.0000
vn 0.9931 0.1080 0.0447
vn 0.9931 -0.1080 -0.0447
vn 0.9931 0.0826 0.0826
vn 0.9931 0.0447 0.1080
vn -0.0000 0.5087 -0.8610
vn -0.0000 -0.5714 0.8207
vn 0.7944 0.6074 -0.0000
vn 0.0264 -0.9997 -0.0000
vn -0.9605 -0.2783 -0.0000
vn -0.9581 -0.2555 -0.1297
vn -0.9735 -0.2287 -0.0000
vn -0.9581 -0.2555 0.1297
vn 0.9176 0.3974 -0.0000
vn 0.2913 -0.9566 -0.0000
vn 0.1438 -0.4722 -0.8697
vn 0.1438 -0.4722 0.8697
vn -0.0000 -0.7317 0.6816
vn -0.0000 -0.8415 0.5402
vn 0.9239 -0.3827 -0.0000
vn 0.3827 -0.9239 -0.0000
vn -0.3827 -0.9239 -0.0000
vn -0.7071 -0.7071 -0.0000
vn -0.9239 -0.3827 -0.0000
vn -0.9239 0.3827 -0.0000
vn -0.7071 0.7071 -0.0000
vn -0.3827 0.9239 -0.0000
vn 0.3827 0.9239 -0.0000
vn 0.7071 0.7071 -0.0000
vn 0.9239 0.3827 -0.0000
vn -0.0002 -0.6027 0.7980
vn 0.7071 -0.4394 -0.5540
vn -0.0207 -0.6042 0.7966
vn -0.0000 0.0001 1.0000
vn -0.0001 0.0001 1.0000
vn 0.0035 -0.0000 1.0000
vn -0.8209 0.5711 -0.0000
vn 0.0038 0.8775 -0.4796
vn -0.5945 -0.0000 0.8041
vn -0.7732 -0.6341 -0.0000
vn -0.0280 0.0366 -0.9989
vn -0.2187 -0.0000 0.9758
vn -0.2187 -0.0000 -0.9758
vn -0.0280 0.0366 0.9989
vn -0.7934 -0.4638 -0.3942
vn -0.8539 -0.4522 -0.2576
vn -0.8832 -0.4691 0.0001
vn -0.8631 -0.5050 0.0001
vn -0.9973 0.0732 -0.0000
vn -0.6807 0.7325 -0.0000
vn -0.9987 -0.0498 -0.0083
vn -0.8955 -0.0000 -0.4450
vn -0.6332 -0.7071 -0.3146
vn -0.6776 -0.7354 -0.0034
vn -0.4264 -0.9045 -0.0000
vn -0.4264 -0.8357 -0.3462
vn -0.4264 -0.6396 -0.6396
vn -0.4264 -0.3462 -0.8357
vn -0.4264 -0.0000 -0.9046
vn -0.4264 0.3461 -0.8357
vn -0.4264 0.6396 -0.6396
vn -0.4264 0.8357 -0.3462
vn -0.4264 0.9045 -0.0000
vn -0.4264 0.8357 0.3462
vn -0.4264 0.6396 0.6396
vn -0.4264 0.3461 0.8357
vn -0.4264 -0.0000 0.9045
vn -0.4264 -0.3462 0.8357
vn -0.4264 -0.6396 0.6396
vn -0.4264 -0.8357 0.3462
vn -0.9932 -0.0000 -0.1168
vn -0.9978 -0.0000 -0.0658
vn -0.9978 0.0252 -0.0608
vn -0.9932 0.0447 -0.1079
vn -0.9978 0.0658 -0.0000
vn -0.9978 0.0608 -0.0252
vn -0.9978 0.0465 -0.0465
vn -0.9978 -0.0252 -0.0608
vn -0.9978 -0.0465 -0.0465
vn -0.9978 -0.0608 -0.0252
vn -0.9978 -0.0658 -0.0000
vn -0.9978 -0.0608 0.0252
vn -0.9978 -0.0465 0.0465
vn -0.9978 -0.0252 0.0608
vn -0.9978 -0.0000 0.0658
vn -0.9978 0.0252 0.0608
vn -0.9978 0.0465 0.0465
vn -0.9978 0.0608 0.0252
vn -0.9932 -0.0447 0.1079
vn -0.9932 -0.0826 0.0826
vn -0.9932 0.0826 -0.0826
vn -0.9932 -0.1079 0.0447
vn -0.9932 0.1079 -0.0447
vn -0.9932 -0.1168 -0.0000
vn -0.9932 0.1168 -0.0000
vn -0.9932 0.1079 0.0447
vn -0.9932 -0.1079 -0.0447
vn -0.9932 0.0826 0.0826
vn -0.9932 -0.0826 -0.0826
vn -0.9932 0.0447 0.1079
vn -0.9932 -0.0447 -0.1079
vn -0.9932 -0.0000 0.1168
vn -0.4264 -0.0000 -0.9045
vn -0.4264 0.3462 -0.8357
vn -0.4264 0.9046 -0.0000
vn -0.4264 -0.0000 0.9046
vn -0.9931 -0.0000 -0.1169
vn -0.9931 -0.0826 0.0826
vn -0.9931 0.0826 -0.0826
vn -0.9931 -0.1080 0.0447
vn -0.9931 0.1080 -0.0447
vn -0.9931 0.1169 -0.0000
vn -0.9931 0.1080 0.0447
vn -0.9932 -0.1080 -0.0447
vn -0.9931 0.0826 0.0826
vn -0.9932 0.0447 0.1080
vn -0.9932 -0.0447 -0.1080
vn -0.7944 0.6074 -0.0000
vn -0.0264 -0.9997 -0.0000
vn 0.9605 -0.2783 -0.0000
vn 0.9581 -0.2555 -0.1297
vn 0.9735 -0.2287 -0.0000
vn 0.9581 -0.2555 0.1297
vn -0.9176 0.3974 -0.0000
vn -0.2913 -0.9566 -0.0000
vn -0.1438 -0.4722 -0.8697
vn -0.1438 -0.4722 0.8697
vn 0.0002 -0.6027 0.7980
vn -0.7071 -0.4394 -0.5540
vn 0.0207 -0.6042 0.7966
vn 0.0001 0.0001 1.0000
vn -0.4264 0.3462 0.8357
vn -0.9931 0.0447 -0.1080
vn -0.9931 -0.1080 -0.0447
vn -0.9931 0.0447 0.1080
vn 0.9931 -0.0826 0.0826
vn 0.9932 0.0447 0.1080
vt 0.927521 0.037002
vt 0.924617 0.035882
vt 0.924617 0.021874
vt 0.927521 0.020753
vt 0.006149 0.036183
vt 0.006149 0.039295
vt 0.001953 0.039295
vt 0.001953 0.036183
vt 0.918058 0.201891
vt 0.915154 0.200770
vt 0.915154 0.186762
vt 0.918058 0.185642
vt 0.001953 0.056416
vt 0.001953 0.053303
vt 0.006149 0.053303
vt 0.006149 0.056416
vt 0.006149 0.059403
vt 0.001953 0.059403
vt 0.001953 0.033195
vt 0.006149 0.033195
vt 0.930509 0.020753
vt 0.930509 0.037002
vt 0.921045 0.185642
vt 0.921045 0.201891
vt 0.985508 0.830515
vt 0.976665 0.830515
vt 0.976665 0.829493
vt 0.985508 0.829493
vt 0.323083 0.951447
vt 0.314239 0.951447
vt 0.314239 0.950425
vt 0.323083 0.950425
vt 0.985508 0.832559
vt 0.976665 0.832559
vt 0.976665 0.831537
vt 0.985508 0.831537
vt 0.323083 0.949403
vt 0.314239 0.949403
vt 0.314239 0.948381
vt 0.323083 0.948381
vt 0.985508 0.833581
vt 0.976665 0.833581
vt 0.323083 0.953845
vt 0.314239 0.953845
vt 0.314239 0.952469
vt 0.323083 0.952469
vt 0.976665 0.828471
vt 0.985508 0.828471
vt 0.350258 0.849238
vt 0.350258 0.838044
vt 0.350722 0.838954
vt 0.350722 0.848328
vt 0.351445 0.839677
vt 0.351445 0.847605
vt 0.352356 0.840141
vt 0.352356 0.847141
vt 0.353722 0.840301
vt 0.353722 0.846981
vt 0.354732 0.840141
vt 0.354732 0.847141
vt 0.355642 0.839677
vt 0.355642 0.847605
vt 0.356365 0.838954
vt 0.356365 0.848328
vt 0.356829 0.838044
vt 0.356829 0.849238
vt 0.350099 0.850248
vt 0.345862 0.850248
vt 0.345862 0.837034
vt 0.350099 0.837034
vt 0.359798 0.850248
vt 0.356989 0.850248
vt 0.356989 0.837034
vt 0.359798 0.837034
vt 0.314239 0.954867
vt 0.323083 0.954867
vt 0.323083 0.955889
vt 0.314239 0.955889
vt 0.314239 0.957933
vt 0.323083 0.957933
vt 0.323083 0.958955
vt 0.314239 0.958955
vt 0.314239 0.956911
vt 0.323083 0.956911
vt 0.976665 0.834957
vt 0.985508 0.834957
vt 0.985508 0.835979
vt 0.976665 0.835979
vt 0.985508 0.837001
vt 0.976665 0.837001
vt 0.976665 0.838023
vt 0.985508 0.838023
vt 0.985508 0.839045
vt 0.976665 0.839045
vt 0.337018 0.850248
vt 0.337018 0.837034
vt 0.994352 0.829493
vt 0.994352 0.830515
vt 0.331926 0.950425
vt 0.331926 0.951447
vt 0.994352 0.831537
vt 0.994352 0.832559
vt 0.331926 0.948381
vt 0.331926 0.949403
vt 0.994352 0.833581
vt 0.331926 0.952469
vt 0.331926 0.953845
vt 0.994352 0.828471
vt 0.323779 0.849238
vt 0.323315 0.848328
vt 0.323315 0.838954
vt 0.323779 0.838044
vt 0.322592 0.847605
vt 0.322592 0.839677
vt 0.321681 0.847141
vt 0.321681 0.840141
vt 0.320315 0.846981
vt 0.320315 0.840301
vt 0.319305 0.840141
vt 0.319305 0.847141
vt 0.318395 0.839677
vt 0.318395 0.847605
vt 0.317672 0.838954
vt 0.317672 0.848328
vt 0.317208 0.838044
vt 0.317208 0.849238
vt 0.323938 0.850248
vt 0.323938 0.837034
vt 0.328175 0.837034
vt 0.328175 0.850248
vt 0.314239 0.850248
vt 0.314239 0.837034
vt 0.317048 0.837034
vt 0.317048 0.850248
vt 0.331926 0.954867
vt 0.331926 0.955889
vt 0.331926 0.957933
vt 0.331926 0.958955
vt 0.331926 0.956911
vt 0.994352 0.834957
vt 0.994352 0.835979
vt 0.994352 0.837001
vt 0.994352 0.838023
vt 0.994352 0.839045
vt 0.323083 0.988182
vt 0.314239 0.988182
vt 0.314239 0.987160
vt 0.323083 0.987160
vt 0.359798 0.890302
vt 0.356989 0.890302
vt 0.356829 0.889293
vt 0.356829 0.878098
vt 0.356989 0.877088
vt 0.359798 0.877088
vt 0.323083 0.990226
vt 0.314239 0.990226
vt 0.314239 0.989204
vt 0.323083 0.989204
vt 0.350099 0.890302
vt 0.345862 0.890302
vt 0.345862 0.877088
vt 0.350099 0.877088
vt 0.350258 0.878098
vt 0.350258 0.889293
vt 0.356365 0.888382
vt 0.356365 0.879008
vt 0.323083 0.991248
vt 0.314239 0.991248
vt 0.355642 0.887659
vt 0.355642 0.879731
vt 0.314239 0.986138
vt 0.323083 0.986138
vt 0.354732 0.887195
vt 0.354732 0.880195
vt 0.350258 0.808842
vt 0.350258 0.784225
vt 0.350722 0.784225
vt 0.350722 0.807931
vt 0.351445 0.784225
vt 0.351445 0.807209
vt 0.352356 0.784225
vt 0.352356 0.806745
vt 0.353722 0.784225
vt 0.353722 0.806585
vt 0.354732 0.784225
vt 0.354732 0.806745
vt 0.355642 0.784225
vt 0.355642 0.807209
vt 0.356365 0.784225
vt 0.356365 0.807931
vt 0.356829 0.784225
vt 0.356829 0.808842
vt 0.350099 0.809851
vt 0.345862 0.809852
vt 0.345862 0.784225
vt 0.350099 0.784225
vt 0.359798 0.809851
vt 0.356989 0.809851
vt 0.356989 0.784225
vt 0.359798 0.784225
vt 0.353722 0.887035
vt 0.353722 0.880355
vt 0.352356 0.887195
vt 0.352356 0.880195
vt 0.351445 0.887659
vt 0.351445 0.879731
vt 0.350722 0.888382
vt 0.350722 0.879008
vt 0.314239 0.992623
vt 0.323083 0.992623
vt 0.323083 0.993645
vt 0.314239 0.993645
vt 0.323083 0.994667
vt 0.314239 0.994667
vt 0.314239 0.995689
vt 0.323083 0.995689
vt 0.323083 0.996711
vt 0.314239 0.996711
vt 0.337018 0.809852
vt 0.337018 0.784225
vt 0.331926 0.987160
vt 0.331926 0.988182
vt 0.985508 0.795145
vt 0.976665 0.795145
vt 0.976665 0.794123
vt 0.985508 0.794123
vt 0.331926 0.989204
vt 0.331926 0.990226
vt 0.398789 0.480833
vt 0.389945 0.480833
vt 0.389945 0.479811
vt 0.398789 0.479811
vt 0.398789 0.478789
vt 0.389945 0.478789
vt 0.389945 0.477767
vt 0.398789 0.477767
vt 0.331926 0.991248
vt 0.985508 0.796521
vt 0.976665 0.796521
vt 0.331926 0.986138
vt 0.398789 0.482877
vt 0.389945 0.482877
vt 0.389945 0.481855
vt 0.398789 0.481855
vt 0.323779 0.808842
vt 0.323315 0.807931
vt 0.323315 0.784225
vt 0.323779 0.784225
vt 0.322592 0.807209
vt 0.322592 0.784225
vt 0.321681 0.806745
vt 0.321681 0.784225
vt 0.320315 0.806585
vt 0.320315 0.784225
vt 0.319305 0.784225
vt 0.319305 0.806745
vt 0.318395 0.784225
vt 0.318395 0.807209
vt 0.317672 0.784225
vt 0.317672 0.807931
vt 0.317208 0.784225
vt 0.317208 0.808842
vt 0.323938 0.809851
vt 0.323938 0.784225
vt 0.328175 0.784225
vt 0.328175 0.809852
vt 0.314239 0.809851
vt 0.314239 0.784225
vt 0.317048 0.784225
vt 0.317048 0.809851
vt 0.985508 0.793101
vt 0.976665 0.793101
vt 0.976665 0.792079
vt 0.985508 0.792079
vt 0.976665 0.791057
vt 0.985508 0.791057
vt 0.331926 0.992623
vt 0.331926 0.993645
vt 0.331926 0.994667
vt 0.331926 0.995689
vt 0.331926 0.996711
vt 0.976665 0.797543
vt 0.985508 0.797543
vt 0.985508 0.798565
vt 0.976665 0.798565
vt 0.976665 0.800609
vt 0.985508 0.800609
vt 0.985508 0.801631
vt 0.976665 0.801631
vt 0.976665 0.799587
vt 0.985508 0.799587
vt 0.389945 0.484253
vt 0.398789 0.484253
vt 0.398789 0.485275
vt 0.389945 0.485275
vt 0.398789 0.486297
vt 0.389945 0.486297
vt 0.389945 0.487319
vt 0.398789 0.487319
vt 0.398789 0.488341
vt 0.389945 0.488341
vt 0.337018 0.890302
vt 0.337018 0.877088
vt 0.407632 0.478789
vt 0.407632 0.479811
vt 0.994352 0.793101
vt 0.994352 0.794123
vt 0.407632 0.480833
vt 0.407632 0.481855
vt 0.994352 0.791057
vt 0.994352 0.792079
vt 0.407632 0.482877
vt 0.994352 0.795145
vt 0.994352 0.796521
vt 0.407632 0.477767
vt 0.323779 0.889293
vt 0.323315 0.888382
vt 0.323315 0.879008
vt 0.323779 0.878098
vt 0.322592 0.887659
vt 0.322592 0.879731
vt 0.321681 0.887195
vt 0.321681 0.880195
vt 0.320315 0.887035
vt 0.320315 0.880355
vt 0.319305 0.880195
vt 0.319305 0.887195
vt 0.318395 0.879731
vt 0.318395 0.887659
vt 0.317672 0.879008
vt 0.317672 0.888382
vt 0.317208 0.878098
vt 0.317208 0.889293
vt 0.323938 0.890302
vt 0.323938 0.877088
vt 0.328175 0.877088
vt 0.328175 0.890302
vt 0.314239 0.890302
vt 0.314239 0.877088
vt 0.317048 0.877088
vt 0.317048 0.890302
vt 0.994352 0.797543
vt 0.994352 0.798565
vt 0.994352 0.800609
vt 0.994352 0.801631
vt 0.994352 0.799587
vt 0.407632 0.484253
vt 0.407632 0.485275
vt 0.407632 0.486297
vt 0.407632 0.487319
vt 0.407632 0.488341
vt 0.666423 0.174109
vt 0.665401 0.174109
vt 0.665401 0.165266
vt 0.666423 0.165266
vt 0.668467 0.174109
vt 0.667445 0.174109
vt 0.667445 0.165266
vt 0.668467 0.165266
vt 0.669489 0.174109
vt 0.669489 0.165266
vt 0.664379 0.174109
vt 0.664379 0.165266
vt 0.485587 0.960636
vt 0.486497 0.960172
vt 0.510204 0.960172
vt 0.510204 0.960636
vt 0.487220 0.959449
vt 0.510204 0.959449
vt 0.487684 0.958539
vt 0.510204 0.958539
vt 0.487844 0.957172
vt 0.510204 0.957172
vt 0.510204 0.956163
vt 0.487684 0.956163
vt 0.510204 0.955252
vt 0.487220 0.955252
vt 0.510204 0.954530
vt 0.486497 0.954530
vt 0.510204 0.954066
vt 0.485587 0.954066
vt 0.484577 0.960796
vt 0.510204 0.960796
vt 0.510204 0.965032
vt 0.484577 0.965032
vt 0.484577 0.951097
vt 0.510204 0.951097
vt 0.510204 0.953906
vt 0.484577 0.953906
vt 0.670864 0.165266
vt 0.671886 0.165266
vt 0.671886 0.174109
vt 0.670864 0.174109
vt 0.672908 0.165266
vt 0.672908 0.174109
vt 0.673930 0.165266
vt 0.674952 0.165266
vt 0.674952 0.174109
vt 0.673930 0.174109
vt 0.510204 0.973876
vt 0.484577 0.973876
vt 0.666423 0.182953
vt 0.665401 0.182953
vt 0.668467 0.182953
vt 0.667445 0.182953
vt 0.669489 0.182953
vt 0.664379 0.182953
vt 0.485587 0.987116
vt 0.510204 0.987116
vt 0.510204 0.987580
vt 0.486497 0.987580
vt 0.510204 0.988303
vt 0.487220 0.988303
vt 0.510204 0.989213
vt 0.487684 0.989213
vt 0.510204 0.990580
vt 0.487844 0.990580
vt 0.510204 0.991589
vt 0.487684 0.991589
vt 0.510204 0.992500
vt 0.487220 0.992500
vt 0.510204 0.993222
vt 0.486497 0.993222
vt 0.510204 0.993686
vt 0.485587 0.993686
vt 0.484577 0.986956
vt 0.484577 0.982720
vt 0.510204 0.982720
vt 0.510204 0.986956
vt 0.484577 0.996655
vt 0.484577 0.993846
vt 0.510204 0.993846
vt 0.510204 0.996655
vt 0.670864 0.182953
vt 0.671886 0.182953
vt 0.672908 0.182953
vt 0.673930 0.182953
vt 0.674952 0.182953
vt 0.323083 0.921198
vt 0.331926 0.921198
vt 0.314239 0.921198
vt 0.985508 0.764216
vt 0.994352 0.764216
vt 0.976665 0.764216
vt 0.345862 0.917487
vt 0.337018 0.917487
vt 0.328175 0.917487
vt 0.323938 0.917487
vt 0.044538 0.001953
vt 0.050813 0.001953
vt 0.050813 0.021244
vt 0.044538 0.021244
vt 0.057089 0.001953
vt 0.057089 0.021244
vt 0.350099 0.917487
vt 0.359798 0.917487
vt 0.356989 0.917487
vt 0.389945 0.450581
vt 0.398789 0.450581
vt 0.407632 0.450581
vt 0.317048 0.917487
vt 0.314239 0.917487
vt 0.804695 0.547609
vt 0.804695 0.757180
vt 0.799300 0.757180
vt 0.799300 0.547609
vt 0.773815 0.896004
vt 0.763742 0.896004
vt 0.763742 0.883447
vt 0.769138 0.883447
vt 0.786441 0.547609
vt 0.786441 0.521211
vt 0.799300 0.517446
vt 0.786441 0.757180
vt 0.804695 0.517446
vt 0.776477 0.525477
vt 0.776477 0.547609
vt 0.744816 0.541213
vt 0.744816 0.525477
vt 0.763742 0.938504
vt 0.773815 0.938504
vt 0.773815 0.954240
vt 0.763742 0.954240
vt 0.763742 0.906842
vt 0.773815 0.906842
vt 0.757038 0.757180
vt 0.757038 0.547609
vt 0.767233 0.547609
vt 0.767233 0.757180
vt 0.592466 0.061534
vt 0.577726 0.062330
vt 0.575079 0.002620
vt 0.589788 0.001953
vt 0.490098 0.160155
vt 0.489309 0.112740
vt 0.506303 0.112438
vt 0.506868 0.160115
vt 0.580800 0.392226
vt 0.600887 0.392580
vt 0.600071 0.436633
vt 0.579994 0.436264
vt 0.603083 0.245359
vt 0.609637 0.208174
vt 0.618388 0.207525
vt 0.620160 0.242146
vt 0.545493 0.992801
vt 0.525419 0.992801
vt 0.525419 0.951097
vt 0.545493 0.951097
vt 0.748083 0.610442
vt 0.711749 0.610556
vt 0.711695 0.593292
vt 0.748029 0.593177
vt 0.517699 0.987431
vt 0.517699 0.951097
vt 0.610264 0.393931
vt 0.609477 0.436809
vt 0.162828 0.822808
vt 0.162828 0.770676
vt 0.199162 0.770672
vt 0.204534 0.787345
vt 0.204532 0.822808
vt 0.711706 0.553708
vt 0.748040 0.553718
vt 0.612464 0.249850
vt 0.629599 0.246404
vt 0.711695 0.797533
vt 0.711707 0.754667
vt 0.748041 0.754640
vt 0.748029 0.797543
vt 0.582930 0.241035
vt 0.802260 0.156648
vt 0.802260 0.200684
vt 0.796864 0.186100
vt 0.796864 0.156648
vt 0.572321 0.246303
vt 0.568959 0.400882
vt 0.544925 0.404929
vt 0.548711 0.227826
vt 0.556526 0.871203
vt 0.556526 0.912907
vt 0.541357 0.912907
vt 0.541357 0.874625
vt 0.550362 0.112718
vt 0.573225 0.096635
vt 0.576685 0.157388
vt 0.552858 0.158729
vt 0.542876 0.432937
vt 0.538774 0.431482
vt 0.537693 0.415122
vt 0.498772 0.426087
vt 0.500922 0.410184
vt 0.530591 0.413617
vt 0.530057 0.429268
vt 0.867838 0.962021
vt 0.906120 0.962021
vt 0.906120 0.973365
vt 0.873946 0.973365
vt 0.867838 0.966439
vt 0.802260 0.005276
vt 0.796864 0.001953
vt 0.867838 0.931944
vt 0.906120 0.931944
vt 0.503630 0.398516
vt 0.536035 0.401675
vt 0.835864 0.984251
vt 0.815790 0.984251
vt 0.815790 0.942547
vt 0.830529 0.942547
vt 0.574795 0.062495
vt 0.572143 0.002752
vt 0.259645 0.660403
vt 0.233802 0.660403
vt 0.233802 0.618056
vt 0.259645 0.618056
vt 0.162828 0.857034
vt 0.204532 0.857034
vt 0.204532 0.916708
vt 0.162828 0.916708
vt 0.580770 0.226830
vt 0.606661 0.155657
vt 0.843418 0.984251
vt 0.833473 0.942547
vt 0.843418 0.947834
vt 0.544712 0.170010
vt 0.546691 0.206389
vt 0.538649 0.206834
vt 0.537231 0.170839
vt 0.623852 0.140039
vt 0.624668 0.154650
vt 0.615276 0.155177
vt 0.613631 0.125784
vt 0.660960 0.152628
vt 0.660148 0.138024
vt 0.627783 0.207067
vt 0.594648 0.095762
vt 0.547129 0.216939
vt 0.765073 0.496990
vt 0.759448 0.489558
vt 0.761315 0.480683
vt 0.766070 0.480571
vt 0.759221 0.428194
vt 0.759739 0.419643
vt 0.761516 0.428617
vt 0.759011 0.481081
vt 0.766257 0.428752
vt 0.800836 0.429350
vt 0.800946 0.480088
vt 0.765447 0.412245
vt 0.801373 0.496375
vt 0.801373 0.413186
vt 0.572321 0.430165
vt 0.507917 0.222559
vt 0.540223 0.223071
vt 0.542162 0.158833
vt 0.539839 0.111237
vt 0.563459 0.062724
vt 0.560910 0.003245
vt 0.259645 0.698650
vt 0.233802 0.698650
vt 0.534855 0.871410
vt 0.534855 0.947386
vt 0.526186 0.947386
vt 0.526186 0.871410
vt 0.515043 0.947386
vt 0.515043 0.871410
vt 0.484577 0.947386
vt 0.484577 0.871410
vt 0.534074 0.159743
vt 0.531817 0.111646
vt 0.538956 0.217366
vt 0.489309 0.217664
vt 0.489357 0.207078
vt 0.513333 0.207281
vt 0.513458 0.217843
vt 0.247997 0.982478
vt 0.247997 0.946060
vt 0.255949 0.946854
vt 0.273591 0.965446
vt 0.273591 0.982478
vt 0.513614 0.175431
vt 0.084527 0.005547
vt 0.082391 0.005060
vt 0.082980 0.003634
vt 0.084767 0.004903
vt 0.084071 0.002543
vt 0.085237 0.004399
vt 0.085496 0.001953
vt 0.085863 0.004114
vt 0.087039 0.001953
vt 0.086550 0.004089
vt 0.088464 0.002543
vt 0.087195 0.004330
vt 0.089555 0.003634
vt 0.087699 0.004799
vt 0.090145 0.005059
vt 0.087984 0.005425
vt 0.090145 0.006601
vt 0.088008 0.006113
vt 0.089555 0.008026
vt 0.087768 0.006758
vt 0.088464 0.009117
vt 0.087299 0.007261
vt 0.087039 0.009708
vt 0.086673 0.007547
vt 0.085497 0.009708
vt 0.085985 0.007571
vt 0.084072 0.009118
vt 0.085340 0.007331
vt 0.082981 0.008027
vt 0.084837 0.006862
vt 0.082391 0.006602
vt 0.084551 0.006235
vt 0.087410 0.005008
vt 0.087008 0.004634
vt 0.086042 0.007220
vt 0.085527 0.007027
vt 0.085645 0.006837
vt 0.086078 0.006999
vt 0.086590 0.007200
vt 0.087090 0.006972
vt 0.084878 0.005605
vt 0.084898 0.006153
vt 0.086493 0.004441
vt 0.085945 0.004461
vt 0.087464 0.006571
vt 0.087657 0.006056
vt 0.085126 0.006653
vt 0.085445 0.004688
vt 0.085070 0.005090
vt 0.087637 0.005507
vt 0.085099 0.005641
vt 0.085261 0.005208
vt 0.085576 0.004870
vt 0.085996 0.004679
vt 0.086457 0.004662
vt 0.086890 0.004824
vt 0.087228 0.005139
vt 0.087419 0.005559
vt 0.087436 0.006020
vt 0.087274 0.006453
vt 0.086959 0.006791
vt 0.086539 0.006982
vt 0.085307 0.006522
vt 0.085116 0.006102
vt 0.098721 0.005547
vt 0.096585 0.005060
vt 0.097175 0.003634
vt 0.098962 0.004903
vt 0.098266 0.002543
vt 0.099431 0.004399
vt 0.099691 0.001953
vt 0.100058 0.004114
vt 0.101234 0.001953
vt 0.100745 0.004089
vt 0.102659 0.002543
vt 0.101390 0.004330
vt 0.103749 0.003634
vt 0.101893 0.004799
vt 0.104340 0.005059
vt 0.102179 0.005425
vt 0.104340 0.006601
vt 0.102203 0.006113
vt 0.103750 0.008026
vt 0.101963 0.006758
vt 0.102659 0.009117
vt 0.101493 0.007261
vt 0.101234 0.009708
vt 0.100867 0.007547
vt 0.099692 0.009708
vt 0.100180 0.007571
vt 0.098267 0.009118
vt 0.099535 0.007331
vt 0.097176 0.008027
vt 0.099031 0.006862
vt 0.096585 0.006602
vt 0.098746 0.006235
vt 0.101604 0.005008
vt 0.101203 0.004633
vt 0.100236 0.007220
vt 0.099722 0.007027
vt 0.099840 0.006837
vt 0.100272 0.006999
vt 0.100785 0.007200
vt 0.101285 0.006972
vt 0.099073 0.005605
vt 0.099092 0.006153
vt 0.100688 0.004441
vt 0.100139 0.004461
vt 0.101659 0.006571
vt 0.101851 0.006056
vt 0.099320 0.006653
vt 0.099640 0.004688
vt 0.099265 0.005090
vt 0.101832 0.005507
vt 0.099294 0.005641
vt 0.099456 0.005208
vt 0.099771 0.004870
vt 0.100191 0.004679
vt 0.100652 0.004662
vt 0.101085 0.004824
vt 0.101423 0.005139
vt 0.101614 0.005559
vt 0.101630 0.006020
vt 0.101469 0.006453
vt 0.101154 0.006791
vt 0.100734 0.006982
vt 0.099502 0.006522
vt 0.099310 0.006102
vt 0.308081 0.919768
vt 0.308081 0.965719
vt 0.289284 0.954614
vt 0.289284 0.919768
vt 0.014929 0.269830
vt 0.014929 0.285322
vt 0.001953 0.285322
vt 0.001953 0.263032
vt 0.010454 0.263032
vt 0.261550 0.392073
vt 0.261550 0.438023
vt 0.243265 0.438023
vt 0.243265 0.392073
vt 0.249571 0.349882
vt 0.261550 0.349882
vt 0.261550 0.359930
vt 0.243265 0.359930
vt 0.278903 0.919768
vt 0.278903 0.949741
vt 0.266923 0.949741
vt 0.266923 0.919768
vt 0.261550 0.378727
vt 0.243265 0.378727
vt 0.278903 0.900681
vt 0.266923 0.900681
vt 0.289284 0.906422
vt 0.308081 0.906422
vt 0.236605 0.964580
vt 0.214876 0.964546
vt 0.214908 0.939967
vt 0.236655 0.939975
vt 0.241888 0.964594
vt 0.241938 0.939997
vt 0.214908 0.930482
vt 0.236656 0.930469
vt 0.236658 0.931333
vt 0.214908 0.931343
vt 0.241940 0.930451
vt 0.236616 0.905870
vt 0.241898 0.905860
vt 0.240431 0.931347
vt 0.214876 0.905893
vt 0.214909 0.939106
vt 0.236654 0.939111
vt 0.240426 0.939109
vt 0.401807 0.811802
vt 0.401481 0.844764
vt 0.366287 0.844802
vt 0.368419 0.805870
vt 0.410307 0.810914
vt 0.412166 0.842901
vt 0.366311 0.860241
vt 0.366287 0.858825
vt 0.402274 0.856017
vt 0.402290 0.857154
vt 0.413177 0.858201
vt 0.413020 0.888859
vt 0.404572 0.889754
vt 0.411402 0.856609
vt 0.375971 0.899395
vt 0.366297 0.846214
vt 0.401628 0.845876
vt 0.410589 0.844637
vt 0.405015 0.893542
vt 0.378517 0.903516
vt 0.370195 0.801490
vt 0.401842 0.808285
vt 0.416907 0.891914
vt 0.412896 0.807026
vt 0.417733 0.842746
vt 0.418203 0.857647
vt 0.416801 0.845371
vt 0.416922 0.855526
vt 0.856623 0.620038
vt 0.829985 0.620038
vt 0.833820 0.607049
vt 0.856623 0.607049
vt 0.312521 0.039492
vt 0.300045 0.039492
vt 0.300045 0.007357
vt 0.312521 0.001953
vt 0.047685 0.642828
vt 0.047685 0.722877
vt 0.034088 0.722877
vt 0.034088 0.642828
vt 0.098490 0.642828
vt 0.098490 0.722877
vt 0.060951 0.722877
vt 0.060951 0.642828
vt 0.001953 0.722877
vt 0.001953 0.642828
vt 0.034088 0.573074
vt 0.001953 0.573074
vt 0.098490 0.607133
vt 0.060951 0.607133
vt 0.047685 0.586468
vt 0.325787 0.039492
vt 0.325787 0.001953
vt 0.856623 0.637464
vt 0.829985 0.637464
vt 0.976665 0.121650
vt 0.976665 0.118002
vt 0.995366 0.118002
vt 0.995366 0.121650
vt 0.976665 0.114353
vt 0.995366 0.114353
vt 0.976665 0.110705
vt 0.995366 0.110705
vt 0.976665 0.107057
vt 0.995366 0.107057
vt 0.976665 0.165430
vt 0.976665 0.161782
vt 0.995366 0.161782
vt 0.995366 0.165430
vt 0.976665 0.158134
vt 0.995366 0.158134
vt 0.976665 0.154485
vt 0.995366 0.154485
vt 0.976665 0.150837
vt 0.995366 0.150837
vt 0.976665 0.147188
vt 0.995366 0.147188
vt 0.976665 0.143540
vt 0.995366 0.143540
vt 0.976665 0.139892
vt 0.995366 0.139892
vt 0.976665 0.136243
vt 0.995366 0.136243
vt 0.976665 0.132595
vt 0.995366 0.132595
vt 0.976665 0.128947
vt 0.995366 0.128947
vt 0.863106 0.009755
vt 0.863106 0.007166
vt 0.864097 0.004775
vt 0.865928 0.002944
vt 0.868320 0.001953
vt 0.870908 0.001953
vt 0.873300 0.002944
vt 0.875131 0.004775
vt 0.876122 0.007166
vt 0.876122 0.009755
vt 0.875131 0.012147
vt 0.873300 0.013978
vt 0.870908 0.014969
vt 0.868320 0.014969
vt 0.865928 0.013978
vt 0.864097 0.012147
vt 0.976665 0.125298
vt 0.995366 0.125298
vt 0.593333 0.453747
vt 0.594719 0.455609
vt 0.592560 0.457662
vt 0.590876 0.456116
vt 0.597662 0.458799
vt 0.595830 0.460567
vt 0.584738 0.467746
vt 0.586941 0.468252
vt 0.586389 0.471231
vt 0.584141 0.470996
vt 0.585723 0.483994
vt 0.587822 0.483153
vt 0.589060 0.485916
vt 0.587079 0.487006
vt 0.593152 0.494804
vt 0.594529 0.493012
vt 0.596778 0.494762
vt 0.595975 0.496771
vt 0.587085 0.461575
vt 0.589101 0.462603
vt 0.587850 0.465362
vt 0.585724 0.464591
vt 0.584142 0.477592
vt 0.586380 0.477280
vt 0.586924 0.480261
vt 0.584739 0.480841
vt 0.588781 0.489834
vt 0.590615 0.488507
vt 0.592454 0.490888
vt 0.590806 0.492445
vt 0.590678 0.460020
vt 0.588806 0.458739
vt 0.586201 0.474256
vt 0.583941 0.474294
vt 0.596413 0.451857
vt 0.597099 0.454006
vt 0.077350 0.010277
vt 0.076293 0.012829
vt 0.074340 0.014782
vt 0.071788 0.015839
vt 0.069026 0.015839
vt 0.066474 0.014782
vt 0.064521 0.012829
vt 0.063464 0.010277
vt 0.063464 0.007515
vt 0.064521 0.004963
vt 0.066474 0.003010
vt 0.069026 0.001953
vt 0.071788 0.001953
vt 0.074340 0.003010
vt 0.076293 0.004963
vt 0.077350 0.007515
vt 0.590697 0.476783
vt 0.591150 0.479246
vt 0.594253 0.462525
vt 0.591900 0.481636
vt 0.592940 0.464658
vt 0.592937 0.483921
vt 0.594252 0.486068
vt 0.591903 0.466936
vt 0.595835 0.488055
vt 0.591153 0.469324
vt 0.597675 0.489890
vt 0.590698 0.471785
vt 0.599729 0.491712
vt 0.590546 0.474284
vt 0.599729 0.457161
vt 0.598136 0.016547
vt 0.598136 0.012898
vt 0.616837 0.012898
vt 0.616837 0.016547
vt 0.598136 0.009250
vt 0.616837 0.009250
vt 0.598136 0.005602
vt 0.616837 0.005601
vt 0.598136 0.001953
vt 0.616837 0.001953
vt 0.598136 0.060327
vt 0.598136 0.056678
vt 0.616837 0.056678
vt 0.616837 0.060327
vt 0.598136 0.053030
vt 0.616837 0.053030
vt 0.598136 0.049382
vt 0.616837 0.049382
vt 0.598136 0.045733
vt 0.616837 0.045733
vt 0.598136 0.042085
vt 0.616837 0.042085
vt 0.598136 0.038437
vt 0.616837 0.038437
vt 0.598136 0.034788
vt 0.616837 0.034788
vt 0.598136 0.031140
vt 0.616837 0.031140
vt 0.598136 0.027492
vt 0.616837 0.027492
vt 0.598136 0.023843
vt 0.616837 0.023843
vt 0.717417 0.012147
vt 0.716426 0.009755
vt 0.716426 0.007166
vt 0.717417 0.004775
vt 0.719248 0.002944
vt 0.721640 0.001953
vt 0.724229 0.001953
vt 0.726620 0.002944
vt 0.728451 0.004775
vt 0.729442 0.007166
vt 0.729442 0.009755
vt 0.728451 0.012147
vt 0.726620 0.013978
vt 0.724229 0.014969
vt 0.721640 0.014969
vt 0.719248 0.013978
vt 0.598136 0.020195
vt 0.616837 0.020195
vt 0.593333 0.502357
vt 0.594719 0.504218
vt 0.592559 0.506272
vt 0.590876 0.504726
vt 0.597662 0.507408
vt 0.595830 0.509177
vt 0.584738 0.516356
vt 0.586941 0.516862
vt 0.586389 0.519841
vt 0.584141 0.519606
vt 0.585723 0.532604
vt 0.587822 0.531763
vt 0.589060 0.534525
vt 0.587079 0.535616
vt 0.593152 0.543414
vt 0.594529 0.541621
vt 0.596778 0.543371
vt 0.595975 0.545381
vt 0.587085 0.510184
vt 0.589101 0.511213
vt 0.587849 0.513971
vt 0.585724 0.513200
vt 0.584142 0.526202
vt 0.586380 0.525890
vt 0.586924 0.528870
vt 0.584739 0.529451
vt 0.588781 0.538444
vt 0.590615 0.537117
vt 0.592454 0.539498
vt 0.590806 0.541055
vt 0.590678 0.508629
vt 0.588805 0.507348
vt 0.586201 0.522865
vt 0.583941 0.522904
vt 0.596413 0.500467
vt 0.597099 0.502616
vt 0.270516 0.001953
vt 0.273068 0.003010
vt 0.275021 0.004963
vt 0.276078 0.007515
vt 0.276078 0.010277
vt 0.275021 0.012829
vt 0.273068 0.014782
vt 0.270516 0.015839
vt 0.267754 0.015839
vt 0.265202 0.014782
vt 0.263249 0.012829
vt 0.262192 0.010277
vt 0.262192 0.007515
vt 0.263249 0.004963
vt 0.265202 0.003010
vt 0.267754 0.001953
vt 0.590697 0.525393
vt 0.591150 0.527855
vt 0.594253 0.511135
vt 0.591900 0.530246
vt 0.592940 0.513268
vt 0.592937 0.532530
vt 0.594252 0.534677
vt 0.591903 0.515546
vt 0.595835 0.536664
vt 0.591153 0.517933
vt 0.597675 0.538499
vt 0.590698 0.520395
vt 0.599728 0.540322
vt 0.590546 0.522894
vt 0.599728 0.505771
vt 0.024113 0.052473
vt 0.025055 0.042724
vt 0.031898 0.049358
vt 0.001953 0.080255
vt 0.003205 0.074043
vt 0.001953 0.020328
vt 0.019770 0.001953
vt 0.037046 0.018702
vt 0.037433 0.043649
s 1
usemtl MI_Enemies_Large
f 3112/2368/3279 3113/2369/3279 3115/2370/3279 3114/2371/3279
s 0
f 3114/2372/3280 3115/2373/3280 3119/2374/3280 3118/2375/3280
f 3118/2376/3281 3119/2377/3281 3117/2378/3281 3116/2379/3281
f 3116/2380/3282 3117/2381/3282 3113/2382/3282 3112/2383/3282
f 3116/2380/3283 3112/2383/3283 3121/2384/3283 3123/2385/3283
f 3119/2374/3284 3115/2373/3284 3113/2382/3284 3117/2381/3284
f 3114/2372/3285 3118/2375/3285 3122/2386/3285 3120/2387/3285
s 1
f 3112/2368/3279 3114/2371/3279 3120/2388/3279 3121/2389/3279
s 0
f 3118/2376/3281 3116/2379/3281 3123/2390/3281 3122/2391/3281
s 1
f 3124/2368/3279 3125/2369/3279 3127/2370/3279 3126/2371/3279
s 0
f 3126/2372/3280 3127/2373/3280 3131/2374/3280 3130/2375/3280
f 3130/2376/3281 3131/2377/3281 3129/2378/3281 3128/2379/3281
f 3128/2380/3282 3129/2381/3282 3125/2382/3282 3124/2383/3282
f 3128/2380/3283 3124/2383/3283 3133/2384/3283 3135/2385/3283
f 3131/2374/3284 3127/2373/3284 3125/2382/3284 3129/2381/3284
f 3126/2372/3285 3130/2375/3285 3134/2386/3285 3132/2387/3285
s 1
f 3124/2368/3279 3126/2371/3279 3132/2388/3279 3133/2389/3279
s 0
f 3130/2376/3281 3128/2379/3281 3135/2390/3281 3134/2391/3281
s 1
f 3136/2368/3279 3137/2369/3279 3139/2370/3279 3138/2371/3279
s 0
f 3138/2372/3280 3139/2373/3280 3143/2374/3280 3142/2375/3280
f 3142/2376/3281 3143/2377/3281 3141/2378/3281 3140/2379/3281
f 3140/2380/3282 3141/2381/3282 3137/2382/3282 3136/2383/3282
f 3140/2380/3283 3136/2383/3283 3145/2384/3283 3147/2385/3283
f 3143/2374/3284 3139/2373/3284 3137/2382/3284 3141/2381/3284
f 3138/2372/3285 3142/2375/3285 3146/2386/3285 3144/2387/3285
s 1
f 3136/2368/3279 3138/2371/3279 3144/2388/3279 3145/2389/3279
s 0
f 3142/2376/3281 3140/2379/3281 3147/2390/3281 3146/2391/3281
s 1
f 3148/2368/3279 3149/2369/3279 3151/2370/3279 3150/2371/3279
s 0
f 3150/2372/3280 3151/2373/3280 3155/2374/3280 3154/2375/3280
f 3154/2376/3281 3155/2377/3281 3153/2378/3281 3152/2379/3281
f 3152/2380/3282 3153/2381/3282 3149/2382/3282 3148/2383/3282
f 3152/2380/3283 3148/2383/3283 3157/2384/3283 3159/2385/3283
f 3155/2374/3284 3151/2373/3284 3149/2382/3284 3153/2381/3284
f 3150/2372/3285 3154/2375/3285 3158/2386/3285 3156/2387/3285
s 1
f 3148/2368/3279 3150/2371/3279 3156/2388/3279 3157/2389/3279
s 0
f 3154/2376/3281 3152/2379/3281 3159/2390/3281 3158/2391/3281
s 1
f 3160/2368/3279 3161/2369/3279 3163/2370/3279 3162/2371/3279
s 0
f 3162/2372/3280 3163/2373/3280 3167/2374/3280 3166/2375/3280
f 3166/2376/3281 3167/2377/3281 3165/2378/3281 3164/2379/3281
f 3164/2380/3282 3165/2381/3282 3161/2382/3282 3160/2383/3282
f 3164/2380/3283 3160/2383/3283 3169/2384/3283 3171/2385/3283
f 3167/2374/3284 3163/2373/3284 3161/2382/3284 3165/2381/3284
f 3162/2372/3285 3166/2375/3285 3170/2386/3285 3168/2387/3285
s 1
f 3160/2368/3279 3162/2371/3279 3168/2388/3279 3169/2389/3279
s 0
f 3166/2376/3281 3164/2379/3281 3171/2390/3281 3170/2391/3281
s 1
f 3172/2368/3279 3173/2369/3279 3175/2370/3279 3174/2371/3279
s 0
f 3174/2372/3280 3175/2373/3280 3179/2374/3280 3178/2375/3280
f 3178/2376/3281 3179/2377/3281 3177/2378/3281 3176/2379/3281
f 3176/2380/3282 3177/2381/3282 3173/2382/3282 3172/2383/3282
f 3176/2380/3283 3172/2383/3283 3181/2384/3283 3183/2385/3283
f 3179/2374/3284 3175/2373/3284 3173/2382/3284 3177/2381/3284
f 3174/2372/3285 3178/2375/3285 3182/2386/3285 3180/2387/3285
s 1
f 3172/2368/3279 3174/2371/3279 3180/2388/3279 3181/2389/3279
s 0
f 3178/2376/3281 3176/2379/3281 3183/2390/3281 3182/2391/3281
s 1
f 3184/2368/3279 3185/2369/3279 3187/2370/3279 3186/2371/3279
s 0
f 3186/2372/3280 3187/2373/3280 3191/2374/3280 3190/2375/3280
f 3190/2376/3281 3191/2377/3281 3189/2378/3281 3188/2379/3281
f 3188/2380/3282 3189/2381/3282 3185/2382/3282 3184/2383/3282
f 3188/2380/3283 3184/2383/3283 3193/2384/3283 3195/2385/3283
f 3191/2374/3284 3187/2373/3284 3185/2382/3284 3189/2381/3284
f 3186/2372/3285 3190/2375/3285 3194/2386/3285 3192/2387/3285
s 1
f 3184/2368/3279 3186/2371/3279 3192/2388/3279 3193/2389/3279
s 0
f 3190/2376/3281 3188/2379/3281 3195/2390/3281 3194/2391/3281
s 1
f 3196/2368/3279 3197/2369/3279 3199/2370/3279 3198/2371/3279
s 0
f 3198/2372/3280 3199/2373/3280 3203/2374/3280 3202/2375/3280
f 3202/2376/3281 3203/2377/3281 3201/2378/3281 3200/2379/3281
f 3200/2380/3282 3201/2381/3282 3197/2382/3282 3196/2383/3282
f 3200/2380/3283 3196/2383/3283 3205/2384/3283 3207/2385/3283
f 3203/2374/3284 3199/2373/3284 3197/2382/3284 3201/2381/3284
f 3198/2372/3285 3202/2375/3285 3206/2386/3285 3204/2387/3285
s 1
f 3196/2368/3279 3198/2371/3279 3204/2388/3279 3205/2389/3279
s 0
f 3202/2376/3281 3200/2379/3281 3207/2390/3281 3206/2391/3281
s 1
f 3208/2368/3279 3209/2369/3279 3211/2370/3279 3210/2371/3279
s 0
f 3210/2372/3280 3211/2373/3280 3215/2374/3280 3214/2375/3280
f 3214/2376/3281 3215/2377/3281 3213/2378/3281 3212/2379/3281
f 3212/2380/3282 3213/2381/3282 3209/2382/3282 3208/2383/3282
f 3212/2380/3283 3208/2383/3283 3217/2384/3283 3219/2385/3283
f 3215/2374/3284 3211/2373/3284 3209/2382/3284 3213/2381/3284
f 3210/2372/3285 3214/2375/3285 3218/2386/3285 3216/2387/3285
s 1
f 3208/2368/3279 3210/2371/3279 3216/2388/3279 3217/2389/3279
s 0
f 3214/2376/3281 3212/2379/3281 3219/2390/3281 3218/2391/3281
s 1
f 3220/2368/3279 3221/2369/3279 3223/2370/3279 3222/2371/3279
s 0
f 3222/2372/3280 3223/2373/3280 3227/2374/3280 3226/2375/3280
f 3226/2376/3281 3227/2377/3281 3225/2378/3281 3224/2379/3281
f 3224/2380/3282 3225/2381/3282 3221/2382/3282 3220/2383/3282
f 3224/2380/3283 3220/2383/3283 3229/2384/3283 3231/2385/3283
f 3227/2374/3284 3223/2373/3284 3221/2382/3284 3225/2381/3284
f 3222/2372/3285 3226/2375/3285 3230/2386/3285 3228/2387/3285
s 1
f 3220/2368/3279 3222/2371/3279 3228/2388/3279 3229/2389/3279
s 0
f 3226/2376/3281 3224/2379/3281 3231/2390/3281 3230/2391/3281
s 1
f 3232/2368/3279 3233/2369/3279 3235/2370/3279 3234/2371/3279
s 0
f 3234/2372/3280 3235/2373/3280 3239/2374/3280 3238/2375/3280
f 3238/2376/3281 3239/2377/3281 3237/2378/3281 3236/2379/3281
f 3236/2380/3282 3237/2381/3282 3233/2382/3282 3232/2383/3282
f 3236/2380/3283 3232/2383/3283 3241/2384/3283 3243/2385/3283
f 3239/2374/3284 3235/2373/3284 3233/2382/3284 3237/2381/3284
f 3234/2372/3285 3238/2375/3285 3242/2386/3285 3240/2387/3285
s 1
f 3232/2368/3279 3234/2371/3279 3240/2388/3279 3241/2389/3279
s 0
f 3238/2376/3281 3236/2379/3281 3243/2390/3281 3242/2391/3281
s 1
f 3244/2368/3279 3245/2369/3279 3247/2370/3279 3246/2371/3279
s 0
f 3246/2372/3280 3247/2373/3280 3251/2374/3280 3250/2375/3280
f 3250/2376/3281 3251/2377/3281 3249/2378/3281 3248/2379/3281
f 3248/2380/3282 3249/2381/3282 3245/2382/3282 3244/2383/3282
f 3248/2380/3283 3244/2383/3283 3253/2384/3283 3255/2385/3283
f 3251/2374/3284 3247/2373/3284 3245/2382/3284 3249/2381/3284
f 3246/2372/3285 3250/2375/3285 3254/2386/3285 3252/2387/3285
s 1
f 3244/2368/3279 3246/2371/3279 3252/2388/3279 3253/2389/3279
s 0
f 3250/2376/3281 3248/2379/3281 3255/2390/3281 3254/2391/3281
s 1
f 3293/2392/3286 3260/2393/3286 3263/2394/3287 3303/2395/3287
f 3285/2396/3288 3261/2397/3288 3272/2398/3289 3284/2399/3289
f 3295/2400/3290 3266/2401/3290 3262/2402/3291 3294/2403/3291
f 3283/2404/3292 3275/2405/3292 3276/2406/3293 3282/2407/3293
f 3284/2399/3289 3272/2398/3289 3275/2405/3292 3283/2404/3292
f 3296/2408/3294 3259/2409/3294 3266/2401/3290 3295/2400/3290
f 3288/2410/3295 3269/2411/3295 3268/2412/3296 3286/2413/3296
f 3303/2395/3287 3263/2394/3287 3256/2414/3297 3302/2415/3297
f 3294/2403/3291 3262/2402/3291 3260/2393/3286 3293/2392/3286
f 3286/2413/3296 3268/2412/3296 3261/2397/3288 3285/2396/3288
f 3270/2416/3283 3275/2417/3283 3272/2418/3283 3264/2419/3283
f 3264/2419/3283 3272/2418/3283 3261/2420/3283 3265/2421/3283
f 3265/2421/3283 3261/2420/3283 3268/2422/3283 3271/2423/3283
f 3271/2423/3283 3268/2422/3283 3269/2424/3283 3259/2425/3283
f 3258/2426/3283 3266/2427/3283 3259/2425/3283 3269/2424/3283
f 3267/2428/3283 3262/2429/3283 3266/2427/3283 3258/2426/3283
f 3273/2430/3283 3260/2431/3283 3262/2429/3283 3267/2428/3283
f 3274/2432/3283 3263/2433/3283 3260/2431/3283 3273/2430/3283
f 3257/2434/3283 3278/2435/3283 3280/2436/3283 3276/2437/3283 3275/2417/3283 3270/2416/3283
f 3279/2438/3283 3256/2439/3283 3263/2433/3283 3274/2432/3283 3277/2440/3283 3281/2441/3283
f 3258/2442/3298 3292/2443/3298 3291/2444/3299 3267/2445/3299
f 3269/2411/3295 3288/2410/3295 3292/2443/3298 3258/2442/3298
f 3274/2446/3300 3289/2447/3300 3287/2448/3301 3277/2449/3301
f 3273/2450/3302 3290/2451/3302 3289/2447/3300 3274/2446/3300
f 3267/2445/3299 3291/2444/3299 3290/2451/3302 3273/2450/3302
f 3271/2452/3303 3301/2453/3303 3300/2454/3304 3265/2455/3304
f 3265/2455/3304 3300/2454/3304 3299/2456/3305 3264/2457/3305
f 3270/2458/3306 3298/2459/3306 3297/2460/3307 3257/2461/3307
f 3264/2457/3305 3299/2456/3305 3298/2459/3306 3270/2458/3306
f 3259/2409/3294 3296/2408/3294 3301/2453/3303 3271/2452/3303
f 3278/2435/3284 3304/2462/3284 3305/2463/3284 3280/2436/3284
f 3293/2392/3286 3303/2395/3287 3313/2464/3287 3310/2465/3286
f 3285/2396/3288 3284/2399/3289 3322/2466/3289 3311/2467/3288
f 3295/2400/3290 3294/2403/3291 3312/2468/3291 3316/2469/3290
f 3283/2404/3292 3282/2407/3293 3326/2470/3293 3325/2471/3292
f 3284/2399/3289 3283/2404/3292 3325/2471/3292 3322/2466/3289
f 3296/2408/3294 3295/2400/3290 3316/2469/3290 3309/2472/3294
f 3288/2410/3295 3286/2413/3296 3318/2473/3296 3319/2474/3295
f 3303/2395/3287 3302/2415/3297 3306/2475/3297 3313/2464/3287
f 3294/2403/3291 3293/2392/3286 3310/2465/3286 3312/2468/3291
f 3286/2413/3296 3285/2396/3288 3311/2467/3288 3318/2473/3296
f 3320/2476/3285 3314/2477/3285 3322/2478/3285 3325/2479/3285
f 3314/2477/3285 3315/2480/3285 3311/2481/3285 3322/2478/3285
f 3315/2480/3285 3321/2482/3285 3318/2483/3285 3311/2481/3285
f 3321/2482/3285 3309/2484/3285 3319/2485/3285 3318/2483/3285
f 3308/2486/3285 3319/2485/3285 3309/2484/3285 3316/2487/3285
f 3317/2488/3285 3308/2486/3285 3316/2487/3285 3312/2489/3285
f 3323/2490/3285 3317/2488/3285 3312/2489/3285 3310/2491/3285
f 3324/2492/3285 3323/2490/3285 3310/2491/3285 3313/2493/3285
f 3307/2494/3285 3320/2476/3285 3325/2479/3285 3326/2495/3285 3330/2496/3285 3328/2497/3285
f 3329/2498/3285 3331/2499/3285 3327/2500/3285 3324/2492/3285 3313/2493/3285 3306/2501/3285
f 3308/2502/3298 3317/2503/3299 3291/2444/3299 3292/2443/3298
f 3319/2474/3295 3308/2502/3298 3292/2443/3298 3288/2410/3295
f 3324/2504/3300 3327/2505/3301 3287/2448/3301 3289/2447/3300
f 3323/2506/3302 3324/2504/3300 3289/2447/3300 3290/2451/3302
f 3317/2503/3299 3323/2506/3302 3290/2451/3302 3291/2444/3299
f 3321/2507/3303 3315/2508/3304 3300/2454/3304 3301/2453/3303
f 3315/2508/3304 3314/2509/3305 3299/2456/3305 3300/2454/3304
f 3320/2510/3306 3307/2511/3307 3297/2460/3307 3298/2459/3306
f 3314/2509/3305 3320/2510/3306 3298/2459/3306 3299/2456/3305
f 3309/2472/3294 3321/2507/3303 3301/2453/3303 3296/2408/3294
f 3328/2497/3284 3330/2496/3284 3305/2463/3284 3304/2462/3284
f 3369/2512/3286 3336/2513/3286 3339/2514/3287 3379/2515/3287
f 3420/2516/3283 3368/2517/3283 3361/2518/3283 3415/2519/3283 3418/2520/3283 3422/2521/3283
f 3371/2522/3290 3342/2523/3290 3338/2524/3291 3370/2525/3291
f 3367/2526/3283 3419/2527/3283 3421/2528/3283 3417/2529/3283 3416/2530/3283 3411/2531/3283
f 3415/2519/3283 3361/2518/3283 3364/2532/3283 3414/2533/3283
f 3372/2534/3294 3335/2535/3294 3342/2523/3290 3371/2522/3290
f 3414/2533/3283 3364/2532/3283 3362/2536/3283 3408/2537/3283
f 3379/2515/3287 3339/2514/3287 3332/2538/3297 3378/2539/3297
f 3370/2525/3291 3338/2524/3291 3336/2513/3286 3369/2512/3286
f 3408/2537/3283 3362/2536/3283 3358/2540/3283 3366/2541/3283
f 3346/2542/3283 3351/2543/3283 3348/2544/3283 3340/2545/3283
f 3340/2545/3283 3348/2544/3283 3337/2546/3283 3341/2547/3283
f 3341/2547/3283 3337/2546/3283 3344/2548/3283 3347/2549/3283
f 3347/2549/3283 3344/2548/3283 3345/2550/3283 3335/2551/3283
f 3334/2552/3283 3342/2553/3283 3335/2551/3283 3345/2550/3283
f 3343/2554/3283 3338/2555/3283 3342/2553/3283 3334/2552/3283
f 3349/2556/3283 3336/2557/3283 3338/2555/3283 3343/2554/3283
f 3350/2558/3283 3339/2559/3283 3336/2557/3283 3349/2556/3283
f 3333/2560/3283 3354/2561/3283 3356/2562/3283 3352/2563/3283 3351/2543/3283 3346/2542/3283
f 3355/2564/3283 3332/2565/3283 3339/2559/3283 3350/2558/3283 3353/2566/3283 3357/2567/3283
f 3366/2541/3283 3358/2540/3283 3365/2568/3283 3410/2569/3283
f 3412/2570/3283 3409/2571/3283 3410/2569/3283 3365/2568/3283
f 3359/2572/3283 3363/2573/3283 3409/2571/3283 3412/2570/3283
f 3360/2574/3283 3413/2575/3283 3363/2573/3283 3359/2572/3283
f 3411/2531/3283 3416/2530/3283 3413/2575/3283 3360/2574/3283
f 3347/2576/3303 3377/2577/3303 3376/2578/3304 3341/2579/3304
f 3341/2579/3304 3376/2578/3304 3375/2580/3305 3340/2581/3305
f 3346/2582/3306 3374/2583/3306 3373/2584/3307 3333/2585/3307
f 3340/2581/3305 3375/2580/3305 3374/2583/3306 3346/2582/3306
f 3335/2535/3294 3372/2534/3294 3377/2577/3303 3347/2576/3303
f 3354/2561/3284 3380/2586/3284 3381/2587/3284 3356/2562/3284
f 3369/2512/3286 3379/2515/3287 3389/2588/3287 3386/2589/3286
f 3427/2590/3296 3409/2591/3296 3363/2592/3288 3426/2593/3288
f 3371/2522/3290 3370/2525/3291 3388/2594/3291 3392/2595/3290
f 3435/2596/3291 3362/2597/3291 3364/2598/3286 3434/2599/3286
f 3444/2600/3287 3361/2601/3287 3368/2602/3297 3443/2603/3297
f 3372/2534/3294 3371/2522/3290 3392/2595/3290 3385/2604/3294
f 3429/2605/3295 3410/2606/3295 3409/2591/3296 3427/2590/3296
f 3379/2515/3287 3378/2539/3297 3382/2607/3297 3389/2588/3287
f 3370/2525/3291 3369/2512/3286 3386/2589/3286 3388/2594/3291
f 3437/2608/3294 3365/2609/3294 3358/2610/3290 3436/2611/3290
f 3396/2612/3285 3390/2613/3285 3398/2614/3285 3401/2615/3285
f 3390/2613/3285 3391/2616/3285 3387/2617/3285 3398/2614/3285
f 3391/2616/3285 3397/2618/3285 3394/2619/3285 3387/2617/3285
f 3397/2618/3285 3385/2620/3285 3395/2621/3285 3394/2619/3285
f 3384/2622/3285 3395/2621/3285 3385/2620/3285 3392/2623/3285
f 3393/2624/3285 3384/2622/3285 3392/2623/3285 3388/2625/3285
f 3399/2626/3285 3393/2624/3285 3388/2625/3285 3386/2627/3285
f 3400/2628/3285 3399/2626/3285 3386/2627/3285 3389/2629/3285
f 3383/2630/3285 3396/2612/3285 3401/2615/3285 3402/2631/3285 3406/2632/3285 3404/2633/3285
f 3405/2634/3285 3407/2635/3285 3403/2636/3285 3400/2628/3285 3389/2629/3285 3382/2637/3285
f 3425/2638/3289 3413/2639/3289 3416/2640/3292 3424/2641/3292
f 3424/2641/3292 3416/2640/3292 3417/2642/3293 3423/2643/3293
f 3436/2611/3290 3358/2610/3290 3362/2597/3291 3435/2596/3291
f 3426/2593/3288 3363/2592/3288 3413/2639/3289 3425/2638/3289
f 3434/2599/3286 3364/2598/3286 3361/2601/3287 3444/2600/3287
f 3397/2644/3303 3391/2645/3304 3376/2578/3304 3377/2577/3303
f 3391/2645/3304 3390/2646/3305 3375/2580/3305 3376/2578/3304
f 3396/2647/3306 3383/2648/3307 3373/2584/3307 3374/2583/3306
f 3390/2646/3305 3396/2647/3306 3374/2583/3306 3375/2580/3305
f 3385/2604/3294 3397/2644/3303 3377/2577/3303 3372/2534/3294
f 3404/2633/3284 3406/2632/3284 3381/2587/3284 3380/2586/3284
f 3366/2649/3298 3433/2650/3298 3432/2651/3299 3408/2652/3299
f 3410/2606/3295 3429/2605/3295 3433/2650/3298 3366/2649/3298
f 3415/2653/3300 3430/2654/3300 3428/2655/3301 3418/2656/3301
f 3414/2657/3302 3431/2658/3302 3430/2654/3300 3415/2653/3300
f 3408/2652/3299 3432/2651/3299 3431/2658/3302 3414/2657/3302
f 3412/2659/3303 3442/2660/3303 3441/2661/3304 3359/2662/3304
f 3359/2662/3304 3441/2661/3304 3440/2663/3305 3360/2664/3305
f 3411/2665/3306 3439/2666/3306 3438/2667/3307 3367/2668/3307
f 3360/2664/3305 3440/2663/3305 3439/2666/3306 3411/2665/3306
f 3365/2609/3294 3437/2608/3294 3442/2660/3303 3412/2659/3303
f 3419/2527/3284 3445/2669/3284 3446/2670/3284 3421/2528/3284
f 3434/2599/3286 3444/2600/3287 3454/2671/3287 3451/2672/3286
f 3426/2593/3288 3425/2638/3289 3463/2673/3289 3452/2674/3288
f 3436/2611/3290 3435/2596/3291 3453/2675/3291 3457/2676/3290
f 3424/2641/3292 3423/2643/3293 3467/2677/3293 3466/2678/3292
f 3425/2638/3289 3424/2641/3292 3466/2678/3292 3463/2673/3289
f 3437/2608/3294 3436/2611/3290 3457/2676/3290 3450/2679/3294
f 3429/2605/3295 3427/2590/3296 3459/2680/3296 3460/2681/3295
f 3444/2600/3287 3443/2603/3297 3447/2682/3297 3454/2671/3287
f 3435/2596/3291 3434/2599/3286 3451/2672/3286 3453/2675/3291
f 3427/2590/3296 3426/2593/3288 3452/2674/3288 3459/2680/3296
f 3461/2683/3285 3455/2684/3285 3463/2685/3285 3466/2686/3285
f 3455/2684/3285 3456/2687/3285 3452/2688/3285 3463/2685/3285
f 3456/2687/3285 3462/2689/3285 3459/2690/3285 3452/2688/3285
f 3462/2689/3285 3450/2691/3285 3460/2692/3285 3459/2690/3285
f 3449/2693/3285 3460/2692/3285 3450/2691/3285 3457/2694/3285
f 3458/2695/3285 3449/2693/3285 3457/2694/3285 3453/2696/3285
f 3464/2697/3285 3458/2695/3285 3453/2696/3285 3451/2698/3285
f 3465/2699/3285 3464/2697/3285 3451/2698/3285 3454/2700/3285
f 3448/2701/3285 3461/2683/3285 3466/2686/3285 3467/2702/3285 3471/2703/3285 3469/2704/3285
f 3470/2705/3285 3472/2706/3285 3468/2707/3285 3465/2699/3285 3454/2700/3285 3447/2708/3285
f 3449/2709/3298 3458/2710/3299 3432/2651/3299 3433/2650/3298
f 3460/2681/3295 3449/2709/3298 3433/2650/3298 3429/2605/3295
f 3465/2711/3300 3468/2712/3301 3428/2655/3301 3430/2654/3300
f 3464/2713/3302 3465/2711/3300 3430/2654/3300 3431/2658/3302
f 3458/2710/3299 3464/2713/3302 3431/2658/3302 3432/2651/3299
f 3462/2714/3303 3456/2715/3304 3441/2661/3304 3442/2660/3303
f 3456/2715/3304 3455/2716/3305 3440/2663/3305 3441/2661/3304
f 3461/2717/3306 3448/2718/3307 3438/2667/3307 3439/2666/3306
f 3455/2716/3305 3461/2717/3306 3439/2666/3306 3440/2663/3305
f 3450/2679/3294 3462/2714/3303 3442/2660/3303 3437/2608/3294
f 3469/2704/3284 3471/2703/3284 3446/2670/3284 3445/2669/3284
f 3499/2719/3302 3509/2720/3300 3480/2721/3300 3477/2722/3302
f 3501/2723/3298 3500/2724/3299 3479/2725/3299 3483/2726/3298
f 3502/2727/3295 3501/2723/3298 3483/2726/3298 3476/2728/3295
f 3509/2720/3300 3508/2729/3308 3473/2730/3308 3480/2721/3300
f 3500/2724/3299 3499/2719/3302 3477/2722/3302 3479/2725/3299
f 3487/2731/3283 3481/2732/3283 3489/2733/3283 3492/2734/3283
f 3481/2732/3283 3482/2735/3283 3478/2736/3283 3489/2733/3283
f 3482/2735/3283 3488/2737/3283 3485/2738/3283 3478/2736/3283
f 3488/2737/3283 3476/2739/3283 3486/2740/3283 3485/2738/3283
f 3475/2741/3283 3486/2740/3283 3476/2739/3283 3483/2742/3283
f 3484/2743/3283 3475/2741/3283 3483/2742/3283 3479/2744/3283
f 3490/2745/3283 3484/2743/3283 3479/2744/3283 3477/2746/3283
f 3491/2747/3283 3490/2745/3283 3477/2746/3283 3480/2748/3283
f 3474/2749/3283 3487/2731/3283 3492/2734/3283 3493/2750/3283 3497/2751/3283 3495/2752/3283
f 3496/2753/3283 3498/2754/3283 3494/2755/3283 3491/2747/3283 3480/2748/3283 3473/2756/3283
f 3488/2757/3296 3482/2758/3288 3506/2759/3288 3507/2760/3296
f 3482/2758/3288 3481/2761/3289 3505/2762/3289 3506/2759/3288
f 3487/2763/3292 3474/2764/3309 3503/2765/3309 3504/2766/3292
f 3481/2761/3289 3487/2763/3292 3504/2766/3292 3505/2762/3289
f 3476/2728/3295 3488/2757/3296 3507/2760/3296 3502/2727/3295
f 3495/2752/3284 3497/2751/3284 3511/2767/3284 3510/2768/3284
f 3499/2719/3302 3516/2769/3302 3519/2770/3300 3509/2720/3300
f 3501/2723/3298 3522/2771/3298 3518/2772/3299 3500/2724/3299
f 3502/2727/3295 3515/2773/3295 3522/2771/3298 3501/2723/3298
f 3509/2720/3300 3519/2770/3300 3512/2774/3308 3508/2729/3308
f 3500/2724/3299 3518/2772/3299 3516/2769/3302 3499/2719/3302
f 3526/2775/3285 3531/2776/3285 3528/2777/3285 3520/2778/3285
f 3520/2778/3285 3528/2777/3285 3517/2779/3285 3521/2780/3285
f 3521/2780/3285 3517/2779/3285 3524/2781/3285 3527/2782/3285
f 3527/2782/3285 3524/2781/3285 3525/2783/3285 3515/2784/3285
f 3514/2785/3285 3522/2786/3285 3515/2784/3285 3525/2783/3285
f 3523/2787/3285 3518/2788/3285 3522/2786/3285 3514/2785/3285
f 3529/2789/3285 3516/2790/3285 3518/2788/3285 3523/2787/3285
f 3530/2791/3285 3519/2792/3285 3516/2790/3285 3529/2789/3285
f 3513/2793/3285 3534/2794/3285 3536/2795/3285 3532/2796/3285 3531/2776/3285 3526/2775/3285
f 3535/2797/3285 3512/2798/3285 3519/2792/3285 3530/2791/3285 3533/2799/3285 3537/2800/3285
f 3527/2801/3296 3507/2760/3296 3506/2759/3288 3521/2802/3288
f 3521/2802/3288 3506/2759/3288 3505/2762/3289 3520/2803/3289
f 3526/2804/3292 3504/2766/3292 3503/2765/3309 3513/2805/3309
f 3520/2803/3289 3505/2762/3289 3504/2766/3292 3526/2804/3292
f 3515/2773/3295 3502/2727/3295 3507/2760/3296 3527/2801/3296
f 3534/2794/3284 3510/2768/3284 3511/2767/3284 3536/2795/3284
f 3373/2806/3307 3383/2807/3307 3326/2470/3293 3282/2407/3293
f 3383/2630/3285 3404/2633/3285 3330/2496/3285 3326/2495/3285
f 3404/2633/3284 3380/2586/3284 3305/2463/3284 3330/2496/3284
f 3380/2586/3284 3354/2561/3284 3280/2436/3284 3305/2463/3284
f 3354/2561/3283 3333/2560/3283 3276/2437/3283 3280/2436/3283
f 3333/2808/3307 3373/2806/3307 3282/2407/3293 3276/2406/3293
f 3405/2634/3285 3382/2637/3285 3327/2500/3285 3331/2499/3285
f 3382/2607/3297 3378/2539/3297 3287/2448/3301 3327/2505/3301
f 3378/2539/3297 3332/2538/3297 3277/2449/3301 3287/2448/3301
f 3332/2565/3283 3355/2564/3283 3281/2441/3283 3277/2440/3283
f 3422/2521/3283 3418/2520/3283 3256/2439/3283 3279/2438/3283
f 3418/2656/3301 3428/2655/3301 3302/2415/3297 3256/2414/3297
f 3428/2655/3301 3468/2712/3301 3306/2475/3297 3302/2415/3297
f 3468/2707/3285 3472/2706/3285 3329/2498/3285 3306/2501/3285
f 3421/2528/3284 3446/2670/3284 3304/2462/3284 3278/2435/3284
f 3446/2670/3284 3471/2703/3284 3328/2497/3284 3304/2462/3284
f 3471/2703/3285 3467/2702/3285 3307/2494/3285 3328/2497/3285
f 3467/2677/3293 3423/2643/3293 3297/2809/3307 3307/2810/3307
f 3423/2643/3293 3417/2642/3293 3257/2811/3307 3297/2809/3307
f 3417/2529/3283 3421/2528/3283 3278/2435/3283 3257/2434/3283
f 3495/2812/3284 3510/2813/3284 3445/2669/3284 3419/2527/3284
f 3510/2813/3284 3534/2814/3284 3469/2704/3284 3445/2669/3284
f 3534/2814/3285 3513/2815/3285 3448/2701/3285 3469/2704/3285
f 3513/2816/3309 3503/2817/3309 3438/2818/3307 3448/2819/3307
f 3503/2817/3309 3474/2820/3309 3367/2821/3307 3438/2818/3307
f 3474/2822/3283 3495/2812/3283 3419/2527/3283 3367/2526/3283
f 3496/2823/3283 3473/2824/3283 3368/2517/3283 3420/2516/3283
f 3473/2825/3308 3508/2826/3308 3443/2603/3297 3368/2602/3297
f 3508/2826/3308 3512/2827/3308 3447/2682/3297 3443/2603/3297
f 3512/2828/3285 3535/2829/3285 3470/2705/3285 3447/2708/3285
f 3545/2830/3310 3542/2831/3310 3543/2832/3310 3546/2833/3310
s 0
f 3553/2834/3311 3552/2835/3311 3540/2836/3311 3541/2837/3311
s 1
f 3554/2838/3312 3553/2839/3312 3541/2840/3312 3546/2833/3312
f 3551/2841/3312 3554/2838/3312 3546/2833/3312 3543/2832/3312
f 3540/2842/3310 3545/2830/3310 3546/2833/3310 3541/2840/3310
f 3538/2843/3283 3544/2844/3283 3550/2845/3283 3548/2846/3283
s 0
f 3547/2847/3284 3548/2848/3284 3550/2849/3284 3549/2850/3284
f 3539/2851/3279 3538/2852/3279 3548/2848/3279 3547/2847/3279
s 1
f 3544/2844/3283 3538/2843/3283 3553/2839/3283 3554/2838/3283
s 0
f 3538/2852/3313 3539/2851/3313 3552/2835/3313 3553/2834/3313
f 3556/2853/3314 3555/2854/3314 3558/2855/3314 3557/2856/3314
f 3554/2838/3310 3551/2841/3310 3557/2856/3310 3558/2855/3310
s 1
f 3545/2830/3310 3563/2833/3310 3561/2832/3310 3542/2831/3310
s 0
f 3567/2834/3311 3560/2837/3311 3540/2836/3311 3552/2835/3311
s 1
f 3568/2838/3315 3563/2833/3315 3560/2840/3315 3567/2839/3315
f 3566/2841/3315 3561/2832/3315 3563/2833/3315 3568/2838/3315
f 3540/2842/3310 3560/2840/3310 3563/2833/3310 3545/2830/3310
f 3559/2843/3285 3564/2846/3285 3565/2845/3285 3562/2844/3285
s 0
f 3547/2847/3284 3549/2850/3284 3565/2849/3284 3564/2848/3284
f 3539/2851/3279 3547/2847/3279 3564/2848/3279 3559/2852/3279
s 1
f 3562/2844/3285 3568/2838/3285 3567/2839/3285 3559/2843/3285
s 0
f 3559/2852/3313 3567/2834/3313 3552/2835/3313 3539/2851/3313
f 3570/2853/3316 3571/2856/3316 3572/2855/3316 3569/2854/3316
f 3568/2838/3310 3572/2855/3310 3571/2856/3310 3566/2841/3310
s 1
f 3614/2857/3283 3613/2858/3283 3610/2859/3283 3608/2860/3283
s 0
f 3653/2861/3310 3654/2862/3310 3655/2863/3310 3663/2864/3310
s 1
f 3597/2865/3283 3591/2866/3283 3578/2867/3283 3595/2868/3283
f 3573/2869/3283 3622/2870/3283 3625/2871/3283 3586/2872/3283
f 3595/2873/3279 3578/2874/3279 3582/2875/3279 3596/2876/3279
s 0
f 3584/2877/3317 3574/2878/3317 3585/2879/3317 3590/2880/3317
s 1
f 3579/2881/3279 3583/2882/3279 3582/2875/3279 3578/2874/3279
f 3592/2883/3318 3579/2884/3318 3578/2867/3318 3591/2866/3318
s 0
f 3581/2885/3319 3589/2886/3319 3588/2887/3319 3587/2888/3319 3580/2889/3319
f 3590/2880/3284 3585/2879/3284 3626/2890/3284 3628/2891/3284
f 3574/2892/3320 3573/2869/3320 3586/2872/3320 3585/2893/3320
f 3579/2894/3284 3592/2895/3284 3593/2896/3284 3583/2897/3284
s 1
f 3574/2892/3318 3592/2883/3318 3591/2866/3318 3573/2869/3318
f 3573/2869/3283 3591/2866/3283 3597/2865/3283 3594/2898/3283
f 3597/2899/3321 3595/2900/3321 3601/2901/3321 3604/2902/3321
f 3600/2903/3283 3604/2904/3283 3993/2905/3283 3990/2906/3283
s 0
f 3595/2907/3322 3596/2908/3322 3602/2909/3322 3601/2910/3322
s 1
f 3634/2911/3283 3631/2912/3283 3632/2913/3283 3641/2914/3283
f 3993/2905/3283 3599/2915/3283 3995/2916/3283 3996/2917/3283
s 0
f 3605/2918/3310 3606/2919/3310 3997/2920/3310 3994/2921/3310
f 3599/2922/3323 3598/2923/3323 3605/2924/3323 3994/2925/3323 3995/2926/3323
s 1
f 3594/2927/3321 3597/2899/3321 3604/2902/3321 3600/2928/3321
s 0
f 3599/2922/3279 3601/2929/3279 3602/2930/3279 3598/2923/3279
f 3603/2931/3324 3992/2932/3324 3997/2920/3324 3606/2919/3324
s 1
f 3611/2933/3281 3609/2934/3281 3608/2935/3281 3610/2936/3281
f 3613/2858/3283 3639/2937/3283 3636/2938/3283 3610/2859/3283
s 0
f 3638/2939/3310 3612/2940/3310 3607/2941/3310 3637/2942/3310
s 1
f 3615/2943/3284 3614/2944/3284 3608/2945/3284 3609/2946/3284
f 3581/2885/3284 3580/2889/3284 3614/2944/3284 3615/2943/3284
f 3622/2870/3283 3633/2947/3283 3632/2913/3283 3623/2948/3283
f 3631/2912/3283 3634/2911/3283 3639/2937/3283 3613/2858/3283
f 3607/2949/3281 3611/2933/3281 3610/2936/3281 3636/2950/3281 3637/2951/3281
f 3642/2952/3283 3621/2953/3283 3659/2954/3283 3660/2955/3283
s 0
f 3588/2956/3318 3627/2957/3318 3624/2958/3318 3587/2959/3318
f 3629/2960/3284 3627/2957/3284 3588/2956/3284 3589/2961/3284
f 3626/2962/3318 3585/2893/3318 3586/2872/3318 3625/2871/3318
s 1
f 3623/2948/3283 3580/2963/3283 3587/2959/3283 3624/2958/3283
f 3594/2898/3283 3633/2947/3283 3622/2870/3283 3573/2869/3283
f 3621/2953/3283 3633/2947/3283 3594/2898/3283 3577/2964/3283
s 0
f 3626/2965/3325 3625/2966/3325 3619/2967/3325 3618/2968/3325
f 3623/2969/3326 3624/2970/3326 3620/2971/3326
f 3625/2966/3327 3622/2972/3327 3619/2967/3327
s 1
f 3633/2947/3283 3621/2953/3283 3642/2952/3283 3641/2914/3283 3632/2913/3283
f 3631/2912/3283 3580/2963/3283 3623/2948/3283 3632/2913/3283
f 3617/2973/3284 3616/2974/3284 3630/2975/3284 3618/2968/3284
f 3618/2968/3284 3619/2967/3284 3620/2971/3284 3617/2973/3284
s 0
f 3624/2970/3328 3627/2976/3328 3617/2973/3328 3620/2971/3328
f 3628/2977/3329 3626/2965/3329 3618/2968/3329 3630/2975/3329
f 3627/2976/3330 3629/2978/3330 3616/2974/3330 3617/2973/3330
s 1
f 3580/2963/3283 3631/2912/3283 3613/2858/3283 3614/2857/3283
f 3993/2905/3283 3604/2904/3283 3601/2979/3283 3599/2915/3283
s 0
f 3575/2980/3310 3991/2981/3310 3992/2932/3310 3603/2931/3310
f 3574/2878/3284 3584/2877/3284 3593/2896/3284 3592/2895/3284
f 3640/2982/3331 3641/2914/3331 3642/2952/3331
f 3639/2937/3332 3634/2911/3332 3635/2983/3332 3638/2984/3332
f 3636/2938/3333 3639/2937/3333 3638/2984/3333 3637/2985/3333
f 3640/2982/3334 3635/2983/3334 3634/2911/3334 3641/2914/3334
f 3635/2986/3335 3576/2987/3335 3612/2940/3335 3638/2939/3335
f 3644/2988/3336 3643/2989/3336 3648/2990/3336 3649/2991/3336
f 3649/2991/3337 3648/2990/3337 3647/2992/3337 3650/2993/3337
f 3647/2992/3284 3646/2994/3284 3645/2995/3284 3650/2993/3284
f 3635/2983/3338 3640/2982/3338 3662/2996/3338 3664/2997/3338
f 3640/2982/3339 3642/2952/3339 3660/2955/3339 3662/2996/3339
s 1
f 3621/2953/3283 3577/2964/3283 3657/2998/3283 3659/2954/3283
s 0
f 3651/2999/3310 3652/3000/3310 3658/3001/3310 3656/3002/3310
f 3576/3003/3281 3635/3004/3281 3664/3005/3281 3655/3006/3281 3654/3007/3281
f 3653/2861/3310 3663/2864/3310 3661/3008/3310 3658/3001/3310 3652/3000/3310
s 1
f 3659/2954/3340 3657/2998/3340 3656/3002/3340 3658/3001/3340
s 0
f 3661/3008/3341 3663/2864/3341 3662/2996/3341 3660/2955/3341
s 1
f 3660/2955/3340 3659/2954/3340 3658/3001/3340 3661/3008/3340
s 0
f 3664/2997/3342 3662/2996/3342 3663/2864/3342 3655/2863/3342
s 1
f 3665/3009/3343 3666/3010/3343 3668/3011/3344 3667/3012/3344
f 3667/3012/3344 3668/3011/3344 3670/3013/3345 3669/3014/3345
f 3669/3014/3345 3670/3013/3345 3672/3015/3346 3671/3016/3346
f 3671/3016/3346 3672/3015/3346 3674/3017/3347 3673/3018/3347
f 3673/3018/3347 3674/3017/3347 3676/3019/3348 3675/3020/3348
f 3675/3020/3348 3676/3019/3348 3678/3021/3349 3677/3022/3349
f 3677/3022/3349 3678/3021/3349 3680/3023/3350 3679/3024/3350
f 3679/3024/3350 3680/3023/3350 3682/3025/3351 3681/3026/3351
f 3681/3026/3351 3682/3025/3351 3684/3027/3352 3683/3028/3352
f 3683/3028/3352 3684/3027/3352 3686/3029/3353 3685/3030/3353
f 3685/3030/3353 3686/3029/3353 3688/3031/3354 3687/3032/3354
f 3687/3032/3354 3688/3031/3354 3690/3033/3355 3689/3034/3355
f 3689/3034/3355 3690/3033/3355 3692/3035/3356 3691/3036/3356
f 3691/3036/3356 3692/3035/3356 3694/3037/3357 3693/3038/3357
f 3693/3038/3357 3694/3037/3357 3696/3039/3358 3695/3040/3358
f 3695/3040/3358 3696/3039/3358 3666/3010/3343 3665/3009/3343
f 3675/3020/3283 3677/3022/3283 3703/3041/3283 3702/3042/3283
f 3709/3043/3359 3710/3044/3360 3726/3045/3361 3725/3046/3362
f 3685/3030/3283 3687/3032/3283 3708/3047/3283 3707/3048/3283
f 3695/3040/3283 3665/3009/3283 3697/3049/3283 3712/3050/3283
f 3671/3016/3283 3673/3018/3283 3701/3051/3283 3700/3052/3283
f 3681/3026/3283 3683/3028/3283 3706/3053/3283 3705/3054/3283
f 3691/3036/3283 3693/3038/3283 3711/3055/3283 3710/3044/3283
f 3667/3012/3283 3669/3014/3283 3699/3056/3283 3698/3057/3283
f 3677/3022/3283 3679/3024/3283 3704/3058/3283 3703/3041/3283
f 3687/3032/3283 3689/3034/3283 3709/3043/3283 3708/3047/3283
f 3673/3018/3283 3675/3020/3283 3702/3042/3283 3701/3051/3283
f 3683/3028/3283 3685/3030/3283 3707/3048/3283 3706/3053/3283
f 3693/3038/3283 3695/3040/3283 3712/3050/3283 3711/3055/3283
f 3669/3014/3283 3671/3016/3283 3700/3052/3283 3699/3056/3283
f 3679/3024/3283 3681/3026/3283 3705/3054/3283 3704/3058/3283
f 3665/3009/3283 3667/3012/3283 3698/3057/3283 3697/3049/3283
f 3689/3034/3283 3691/3036/3283 3710/3044/3283 3709/3043/3283
f 3713/3059/3363 3714/3060/3364 3715/3061/3365 3716/3062/3366 3717/3063/3367 3718/3064/3368 3719/3065/3369 3720/3066/3370 3721/3067/3371 3722/3068/3372 3723/3069/3373 3724/3070/3374 3725/3046/3362 3726/3045/3361 3727/3071/3375 3728/3072/3376
f 3702/3042/3377 3703/3041/3378 3719/3065/3369 3718/3064/3368
f 3710/3044/3360 3711/3055/3379 3727/3071/3375 3726/3045/3361
f 3703/3041/3378 3704/3058/3380 3720/3066/3370 3719/3065/3369
f 3711/3055/3379 3712/3050/3381 3728/3072/3376 3727/3071/3375
f 3704/3058/3380 3705/3054/3382 3721/3067/3371 3720/3066/3370
f 3697/3049/3383 3698/3057/3384 3714/3060/3364 3713/3059/3363
f 3712/3050/3381 3697/3049/3383 3713/3059/3363 3728/3072/3376
f 3705/3054/3382 3706/3053/3385 3722/3068/3372 3721/3067/3371
f 3698/3057/3384 3699/3056/3386 3715/3061/3365 3714/3060/3364
f 3706/3053/3385 3707/3048/3387 3723/3069/3373 3722/3068/3372
f 3699/3056/3386 3700/3052/3388 3716/3062/3366 3715/3061/3365
f 3707/3048/3387 3708/3047/3389 3724/3070/3374 3723/3069/3373
f 3700/3052/3388 3701/3051/3390 3717/3063/3367 3716/3062/3366
f 3708/3047/3389 3709/3043/3359 3725/3046/3362 3724/3070/3374
f 3701/3051/3390 3702/3042/3377 3718/3064/3368 3717/3063/3367
f 3729/3073/3343 3730/3074/3343 3732/3075/3344 3731/3076/3344
f 3731/3076/3344 3732/3075/3344 3734/3077/3345 3733/3078/3345
f 3733/3078/3345 3734/3077/3345 3736/3079/3346 3735/3080/3346
f 3735/3080/3346 3736/3079/3346 3738/3081/3391 3737/3082/3391
f 3737/3082/3391 3738/3081/3391 3740/3083/3348 3739/3084/3392
f 3739/3084/3392 3740/3083/3348 3742/3085/3349 3741/3086/3349
f 3741/3086/3349 3742/3085/3349 3744/3087/3350 3743/3088/3350
f 3743/3088/3350 3744/3087/3350 3746/3089/3393 3745/3090/3393
f 3745/3090/3393 3746/3089/3393 3748/3091/3352 3747/3092/3352
f 3747/3092/3352 3748/3091/3352 3750/3093/3353 3749/3094/3353
f 3749/3094/3353 3750/3093/3353 3752/3095/3354 3751/3096/3394
f 3751/3096/3394 3752/3095/3354 3754/3097/3355 3753/3098/3355
f 3753/3098/3355 3754/3097/3355 3756/3099/3356 3755/3100/3356
f 3755/3100/3356 3756/3099/3356 3758/3101/3357 3757/3102/3357
f 3757/3102/3357 3758/3101/3357 3760/3103/3358 3759/3104/3358
f 3759/3104/3358 3760/3103/3358 3730/3074/3343 3729/3073/3343
f 3739/3084/3283 3741/3086/3283 3767/3105/3283 3766/3106/3283
f 3773/3107/3395 3774/3108/3396 3790/3109/3361 3789/3110/3362
f 3749/3094/3283 3751/3096/3283 3772/3111/3283 3771/3112/3283
f 3759/3104/3283 3729/3073/3283 3761/3113/3283 3776/3114/3283
f 3735/3080/3283 3737/3082/3283 3765/3115/3283 3764/3116/3283
f 3745/3090/3283 3747/3092/3283 3770/3117/3283 3769/3118/3283
f 3755/3100/3283 3757/3102/3283 3775/3119/3283 3774/3108/3283
f 3731/3076/3283 3733/3078/3283 3763/3120/3283 3762/3121/3283
f 3741/3086/3283 3743/3088/3283 3768/3122/3283 3767/3105/3283
f 3751/3096/3283 3753/3098/3283 3773/3107/3283 3772/3111/3283
f 3737/3082/3283 3739/3084/3283 3766/3106/3283 3765/3115/3283
f 3747/3092/3283 3749/3094/3283 3771/3112/3283 3770/3117/3283
f 3757/3102/3283 3759/3104/3283 3776/3114/3283 3775/3119/3283
f 3733/3078/3283 3735/3080/3283 3764/3116/3283 3763/3120/3283
f 3743/3088/3283 3745/3090/3283 3769/3118/3283 3768/3122/3283
f 3729/3073/3283 3731/3076/3283 3762/3121/3283 3761/3113/3283
f 3753/3098/3283 3755/3100/3283 3774/3108/3283 3773/3107/3283
f 3777/3123/3363 3778/3124/3364 3779/3125/3365 3780/3126/3366 3781/3127/3367 3782/3128/3368 3783/3129/3369 3784/3130/3370 3785/3131/3371 3786/3132/3372 3787/3133/3373 3788/3134/3374 3789/3110/3362 3790/3109/3361 3791/3135/3375 3792/3136/3376
f 3766/3106/3377 3767/3105/3378 3783/3129/3369 3782/3128/3368
f 3774/3108/3396 3775/3119/3397 3791/3135/3375 3790/3109/3361
f 3767/3105/3378 3768/3122/3398 3784/3130/3370 3783/3129/3369
f 3775/3119/3397 3776/3114/3399 3792/3136/3376 3791/3135/3375
f 3768/3122/3398 3769/3118/3382 3785/3131/3371 3784/3130/3370
f 3761/3113/3400 3762/3121/3401 3778/3124/3364 3777/3123/3363
f 3776/3114/3399 3761/3113/3400 3777/3123/3363 3792/3136/3376
f 3769/3118/3382 3770/3117/3402 3786/3132/3372 3785/3131/3371
f 3762/3121/3401 3763/3120/3403 3779/3125/3365 3778/3124/3364
f 3770/3117/3402 3771/3112/3387 3787/3133/3373 3786/3132/3372
f 3763/3120/3403 3764/3116/3404 3780/3126/3366 3779/3125/3365
f 3771/3112/3387 3772/3111/3389 3788/3134/3374 3787/3133/3373
f 3764/3116/3404 3765/3115/3390 3781/3127/3367 3780/3126/3366
f 3772/3111/3389 3773/3107/3395 3789/3110/3362 3788/3134/3374
f 3765/3115/3390 3766/3106/3377 3782/3128/3368 3781/3127/3367
f 3804/3137/3283 3798/3138/3283 3801/3139/3283 3808/3140/3283
s 0
f 3801/3141/3405 3798/3142/3405 3797/3143/3405 3796/3144/3405 3802/3145/3405
s 1
f 3805/3146/3310 3797/3147/3310 3798/3148/3310 3804/3149/3310
s 0
f 3799/3150/3406 3793/3151/3406 3803/3152/3406 3800/3153/3406
f 3807/3154/3407 3808/3140/3407 3801/3139/3407 3802/3155/3407
s 1
f 3807/3154/3284 3802/3155/3284 3796/3156/3284 3806/3157/3284
s 0
f 3803/3152/3279 3794/3158/3279 3795/3159/3279 3800/3153/3279
s 1
f 3799/3160/3284 3807/3154/3284 3806/3157/3284 3793/3161/3284
s 0
f 3799/3160/3407 3800/3162/3407 3808/3140/3407 3807/3154/3407
s 1
f 3794/3158/3310 3805/3146/3310 3804/3149/3310 3795/3159/3310
f 3795/3163/3283 3804/3137/3283 3808/3140/3283 3800/3162/3283
f 3811/3164/3408 3812/3165/3310 3818/3166/3310 3816/3167/3408
s 0
f 3814/3168/3409 3811/3164/3409 3816/3167/3409 3819/3169/3409
s 1
f 3817/3170/3310 3815/3171/3408 3824/3172/3408 3825/3173/3310
s 0
f 3820/3174/3409 3815/3171/3409 3810/3175/3409 3813/3176/3409
f 3815/3171/3410 3820/3174/3410 3822/3177/3410 3824/3172/3410
s 1
f 3815/3171/3408 3817/3170/3310 3809/3178/3310 3810/3175/3408
f 3826/3179/3310 3823/3180/3408 3816/3167/3408 3818/3166/3310
s 0
f 3821/3181/3411 3823/3180/3411 3824/3172/3411 3822/3177/3411
s 1
f 3823/3180/3408 3826/3179/3310 3825/3173/3310 3824/3172/3408
s 0
f 3823/3180/3412 3821/3181/3412 3819/3169/3412 3816/3167/3412
s 1
f 3829/3182/3284 3834/3183/3284 3836/3184/3284 3830/3185/3284
s 0
f 3832/3186/3413 3837/3187/3413 3834/3183/3413 3829/3182/3413
s 1
f 3835/3188/3284 3843/3189/3284 3842/3190/3284 3833/3191/3284
s 0
f 3838/3192/3413 3831/3193/3413 3828/3194/3413 3833/3191/3413
f 3833/3191/3413 3842/3190/3413 3840/3195/3413 3838/3192/3413
s 1
f 3833/3191/3284 3828/3194/3284 3827/3196/3284 3835/3188/3284
f 3844/3197/3284 3836/3184/3284 3834/3183/3284 3841/3198/3284
s 0
f 3839/3199/3413 3840/3195/3413 3842/3190/3413 3841/3198/3413
s 1
f 3841/3198/3284 3842/3190/3284 3843/3189/3284 3844/3197/3284
s 0
f 3841/3198/3413 3834/3183/3413 3837/3187/3413 3839/3199/3413
s 1
f 3810/3200/3281 3809/3201/3281 3827/3196/3281 3828/3194/3281
s 0
f 3812/3202/3279 3811/3203/3279 3829/3182/3279 3830/3185/3279
s 1
f 3813/3204/3281 3810/3200/3281 3828/3194/3281 3831/3193/3281
s 0
f 3811/3203/3279 3814/3205/3279 3832/3186/3279 3829/3182/3279
f 3814/3205/3414 3819/3206/3414 3837/3187/3414 3832/3186/3414
f 3820/3207/3414 3813/3204/3414 3831/3193/3414 3838/3192/3414
f 3821/3208/3414 3822/3209/3414 3840/3195/3414 3839/3199/3414
f 3819/3206/3415 3821/3208/3415 3839/3199/3415 3837/3187/3415
f 3822/3209/3416 3820/3207/3416 3838/3192/3416 3840/3195/3416
f 3857/3210/3417 3858/3211/3417 3848/3212/3417 3847/3213/3417
s 1
f 3859/3214/3281 3849/3215/3281 3851/3216/3281 3860/3217/3281
f 3861/3218/3413 3860/3219/3413 3851/3220/3413 3853/3221/3413
f 3855/3222/3310 3850/3223/3310 3852/3224/3310 3854/3225/3310
f 3853/3221/3284 3851/3220/3284 3849/3226/3284 3856/3227/3284
f 3848/3228/3284 3853/3221/3284 3856/3227/3284 3847/3229/3284
f 3845/3230/3310 3855/3222/3310 3854/3225/3310 3846/3231/3310
f 3858/3232/3413 3861/3218/3413 3853/3221/3413 3848/3228/3413
f 3846/3231/3283 3854/3225/3283 3861/3218/3283 3858/3232/3283
f 3854/3225/3283 3852/3224/3283 3860/3219/3283 3861/3218/3283
f 3850/3233/3281 3859/3214/3281 3860/3217/3281 3852/3234/3281
s 0
f 3845/3235/3418 3846/3236/3418 3858/3211/3418 3857/3210/3418
s 1
f 3862/3237/3283 3864/3238/3419 3865/3239/3419 3863/3240/3283
f 3864/3238/3419 3866/3241/3340 3867/3242/3340 3865/3239/3419
f 3866/3241/3340 3868/3243/3420 3869/3244/3420 3867/3242/3340
f 3868/3243/3420 3870/3245/3310 3871/3246/3310 3869/3244/3420
f 3870/3247/3310 3872/3248/3421 3873/3249/3421 3871/3250/3310
f 3872/3248/3421 3874/3251/3422 3875/3252/3422 3873/3249/3421
f 3874/3251/3422 3876/3253/3423 3877/3254/3423 3875/3252/3422
f 3876/3253/3423 3878/3255/3285 3879/3256/3285 3877/3254/3423
f 3878/3255/3285 3880/3257/3424 3881/3258/3424 3879/3256/3285
f 3880/3257/3424 3882/3259/3425 3883/3260/3425 3881/3258/3424
f 3882/3259/3425 3884/3261/3426 3885/3262/3426 3883/3260/3425
f 3884/3261/3426 3886/3263/3284 3887/3264/3284 3885/3262/3426
f 3886/3263/3284 3888/3265/3427 3889/3266/3427 3887/3264/3284
f 3888/3265/3427 3890/3267/3428 3891/3268/3428 3889/3266/3427
s 0
f 3865/3269/3281 3867/3270/3281 3869/3271/3281 3871/3272/3281 3873/3273/3281 3875/3274/3281 3877/3275/3281 3879/3276/3281 3881/3277/3281 3883/3278/3281 3885/3279/3281 3887/3280/3281 3889/3281/3281 3891/3282/3281 3893/3283/3281 3863/3284/3281
s 1
f 3890/3267/3428 3892/3285/3429 3893/3286/3429 3891/3268/3428
f 3892/3285/3429 3862/3237/3283 3863/3240/3283 3893/3286/3429
f 3872/3287/3279 3899/3288/3279 3900/3289/3279 3874/3290/3279
f 3899/3288/3427 3915/3291/3427 3916/3292/3428 3900/3289/3428
f 3882/3293/3279 3904/3294/3279 3905/3295/3279 3884/3296/3279
f 3892/3297/3279 3909/3298/3279 3894/3299/3279 3862/3300/3279
f 3868/3301/3279 3897/3302/3279 3898/3303/3279 3870/3304/3279
f 3878/3305/3279 3902/3306/3279 3903/3307/3279 3880/3308/3279
f 3888/3309/3279 3907/3310/3279 3908/3311/3279 3890/3312/3279
f 3864/3313/3279 3895/3314/3279 3896/3315/3279 3866/3316/3279
f 3874/3290/3279 3900/3289/3279 3901/3317/3279 3876/3318/3279
f 3884/3296/3279 3905/3295/3279 3906/3319/3279 3886/3320/3279
f 3870/3321/3279 3898/3322/3279 3899/3288/3279 3872/3287/3279
f 3880/3308/3279 3903/3307/3279 3904/3294/3279 3882/3293/3279
f 3890/3312/3279 3908/3311/3279 3909/3298/3279 3892/3297/3279
f 3866/3316/3279 3896/3315/3279 3897/3302/3279 3868/3301/3279
f 3876/3318/3279 3901/3317/3279 3902/3306/3279 3878/3305/3279
f 3862/3300/3279 3894/3299/3279 3895/3314/3279 3864/3313/3279
f 3886/3320/3279 3906/3319/3279 3907/3310/3279 3888/3309/3279
s 0
f 3910/3323/3279 3925/3324/3279 3924/3325/3279 3923/3326/3279 3922/3327/3279 3921/3328/3279 3920/3329/3279 3919/3330/3279 3918/3331/3279 3917/3332/3279 3916/3333/3279 3915/3334/3279 3914/3335/3279 3913/3336/3279 3912/3337/3279 3911/3338/3279
s 1
f 3907/3310/3421 3923/3339/3421 3924/3340/3422 3908/3311/3422
f 3900/3289/3428 3916/3292/3428 3917/3341/3429 3901/3317/3429
f 3908/3311/3422 3924/3340/3422 3925/3342/3423 3909/3298/3423
f 3901/3317/3429 3917/3341/3429 3918/3343/3283 3902/3306/3283
f 3894/3299/3285 3910/3344/3285 3911/3345/3424 3895/3314/3424
f 3909/3298/3423 3925/3342/3423 3910/3344/3285 3894/3299/3285
f 3902/3306/3283 3918/3343/3283 3919/3346/3419 3903/3307/3419
f 3895/3314/3424 3911/3345/3424 3912/3347/3425 3896/3315/3425
f 3903/3307/3419 3919/3346/3419 3920/3348/3340 3904/3294/3340
f 3896/3315/3425 3912/3347/3425 3913/3349/3426 3897/3302/3426
f 3904/3294/3340 3920/3348/3340 3921/3350/3420 3905/3295/3420
f 3897/3302/3426 3913/3349/3426 3914/3351/3284 3898/3303/3284
f 3905/3295/3420 3921/3350/3420 3922/3352/3310 3906/3319/3310
f 3898/3322/3284 3914/3353/3284 3915/3291/3427 3899/3288/3427
f 3906/3319/3310 3922/3352/3310 3923/3339/3421 3907/3310/3421
f 3926/3354/3283 3928/3355/3419 3929/3356/3419 3927/3357/3283
f 3928/3355/3419 3930/3358/3340 3931/3359/3340 3929/3356/3419
f 3930/3358/3340 3932/3360/3420 3933/3361/3420 3931/3359/3340
f 3932/3360/3420 3934/3362/3310 3935/3363/3310 3933/3361/3420
f 3934/3364/3310 3936/3365/3421 3937/3366/3421 3935/3367/3310
f 3936/3365/3421 3938/3368/3422 3939/3369/3422 3937/3366/3421
f 3938/3368/3422 3940/3370/3423 3941/3371/3423 3939/3369/3422
f 3940/3370/3423 3942/3372/3285 3943/3373/3285 3941/3371/3423
f 3942/3372/3285 3944/3374/3424 3945/3375/3424 3943/3373/3285
f 3944/3374/3424 3946/3376/3425 3947/3377/3425 3945/3375/3424
f 3946/3376/3425 3948/3378/3426 3949/3379/3426 3947/3377/3425
f 3948/3378/3426 3950/3380/3284 3951/3381/3284 3949/3379/3426
f 3950/3380/3284 3952/3382/3427 3953/3383/3427 3951/3381/3284
f 3952/3382/3427 3954/3384/3428 3955/3385/3428 3953/3383/3427
s 0
f 3929/3386/3281 3931/3387/3281 3933/3388/3281 3935/3389/3281 3937/3390/3281 3939/3391/3281 3941/3392/3281 3943/3393/3281 3945/3394/3281 3947/3395/3281 3949/3396/3281 3951/3397/3281 3953/3398/3281 3955/3399/3281 3957/3400/3281 3927/3401/3281
s 1
f 3954/3384/3428 3956/3402/3429 3957/3403/3429 3955/3385/3428
f 3956/3402/3429 3926/3354/3283 3927/3357/3283 3957/3403/3429
f 3936/3404/3279 3963/3405/3279 3964/3406/3279 3938/3407/3279
f 3963/3405/3427 3979/3408/3427 3980/3409/3428 3964/3406/3428
f 3946/3410/3279 3968/3411/3279 3969/3412/3279 3948/3413/3279
f 3956/3414/3279 3973/3415/3279 3958/3416/3279 3926/3417/3279
f 3932/3418/3279 3961/3419/3279 3962/3420/3279 3934/3421/3279
f 3942/3422/3279 3966/3423/3279 3967/3424/3279 3944/3425/3279
f 3952/3426/3279 3971/3427/3279 3972/3428/3279 3954/3429/3279
f 3928/3430/3279 3959/3431/3279 3960/3432/3279 3930/3433/3279
f 3938/3407/3279 3964/3406/3279 3965/3434/3279 3940/3435/3279
f 3948/3413/3279 3969/3412/3279 3970/3436/3279 3950/3437/3279
f 3934/3438/3279 3962/3439/3279 3963/3405/3279 3936/3404/3279
f 3944/3425/3279 3967/3424/3279 3968/3411/3279 3946/3410/3279
f 3954/3429/3279 3972/3428/3279 3973/3415/3279 3956/3414/3279
f 3930/3433/3279 3960/3432/3279 3961/3419/3279 3932/3418/3279
f 3940/3435/3279 3965/3434/3279 3966/3423/3279 3942/3422/3279
f 3926/3417/3279 3958/3416/3279 3959/3431/3279 3928/3430/3279
f 3950/3437/3279 3970/3436/3279 3971/3427/3279 3952/3426/3279
s 0
f 3974/3440/3279 3989/3441/3279 3988/3442/3279 3987/3443/3279 3986/3444/3279 3985/3445/3279 3984/3446/3279 3983/3447/3279 3982/3448/3279 3981/3449/3279 3980/3450/3279 3979/3451/3279 3978/3452/3279 3977/3453/3279 3976/3454/3279 3975/3455/3279
s 1
f 3971/3427/3421 3987/3456/3421 3988/3457/3422 3972/3428/3422
f 3964/3406/3428 3980/3409/3428 3981/3458/3429 3965/3434/3429
f 3972/3428/3422 3988/3457/3422 3989/3459/3423 3973/3415/3423
f 3965/3434/3429 3981/3458/3429 3982/3460/3283 3966/3423/3283
f 3958/3416/3285 3974/3461/3285 3975/3462/3424 3959/3431/3424
f 3973/3415/3423 3989/3459/3423 3974/3461/3285 3958/3416/3285
f 3966/3423/3283 3982/3460/3283 3983/3463/3419 3967/3424/3419
f 3959/3431/3424 3975/3462/3424 3976/3464/3425 3960/3432/3425
f 3967/3424/3419 3983/3463/3419 3984/3465/3340 3968/3411/3340
f 3960/3432/3425 3976/3464/3425 3977/3466/3426 3961/3419/3426
f 3968/3411/3340 3984/3465/3340 3985/3467/3420 3969/3412/3420
f 3961/3419/3426 3977/3466/3426 3978/3468/3284 3962/3420/3284
f 3969/3412/3420 3985/3467/3420 3986/3469/3310 3970/3436/3310
f 3962/3439/3284 3978/3470/3284 3979/3408/3427 3963/3405/3427
f 3970/3436/3310 3986/3469/3310 3987/3456/3421 3971/3427/3421
s 0
f 3990/3471/3430 3991/3472/3430 3577/3473/3430
f 3994/2921/3340 3997/2920/3340 3996/2917/3340 3995/2916/3340
f 3993/2905/3431 3996/2917/3431 3997/2920/3431 3992/2932/3431
f 3992/2932/3340 3991/2981/3340 3990/2906/3340 3993/2905/3340
f 3577/3473/3432 3594/3474/3432 3600/3475/3432 3990/3471/3432
f 3575/3476/3433 3651/3477/3433 3656/3478/3433 3991/3472/3433
f 3991/3472/3434 3656/3478/3434 3657/3479/3434 3577/3473/3434
s 1
f 3622/2972/3284 3623/2969/3284 3620/2971/3284 3619/2967/3284
f 4020/2857/3285 4017/2860/3285 4018/2859/3285 4019/2858/3285
s 0
f 3653/2861/3310 4058/2864/3310 4050/2863/3310 3654/2862/3310
s 1
f 4012/2865/3285 4011/2868/3285 4001/2867/3285 4008/2866/3285
f 3998/2869/3285 4005/2872/3285 4029/2871/3285 4026/2870/3285
f 4011/2873/3279 3596/2876/3279 3582/2875/3279 4001/2874/3279
s 0
f 3584/2877/3435 3590/2880/3435 4004/2879/3435 3999/2878/3435
s 1
f 4002/2881/3279 4001/2874/3279 3582/2875/3279 3583/2882/3279
f 4009/2883/3436 4008/2866/3436 4001/2867/3436 4002/2884/3436
s 0
f 3581/2885/3437 4003/2889/3437 4006/2888/3437 4007/2887/3437 3589/2886/3437
f 3590/2880/3284 3628/2891/3284 4030/2890/3284 4004/2879/3284
f 3999/2892/3438 4004/2893/3438 4005/2872/3438 3998/2869/3438
f 4002/2894/3284 3583/2897/3284 3593/2896/3284 4009/2895/3284
s 1
f 3999/2892/3436 3998/2869/3436 4008/2866/3436 4009/2883/3436
f 3998/2869/3285 4010/2898/3285 4012/2865/3285 4008/2866/3285
f 4012/2899/3439 4016/2902/3439 4015/2901/3439 4011/2900/3439
f 4014/2903/3285 4358/2906/3285 4361/2905/3285 4016/2904/3285
s 0
f 4011/2907/3322 4015/2910/3322 3602/2909/3322 3596/2908/3322
s 1
f 4035/2911/3285 4042/2914/3285 4033/2913/3285 4032/2912/3285
f 4361/2905/3285 4364/2917/3285 4363/2916/3285 4013/2915/3285
s 0
f 3605/2918/3310 4362/2921/3310 4365/2920/3310 3606/2919/3310
f 4013/2922/3323 4363/2926/3323 4362/2925/3323 3605/2924/3323 3598/2923/3323
s 1
f 4010/2927/3439 4014/2928/3439 4016/2902/3439 4012/2899/3439
s 0
f 4013/2922/3279 3598/2923/3279 3602/2930/3279 4015/2929/3279
f 3603/2931/3324 3606/2919/3324 4365/2920/3324 4360/2932/3324
s 1
f 3611/2933/3281 4018/2936/3281 4017/2935/3281 3609/2934/3281
f 4019/2858/3285 4018/2859/3285 4037/2938/3285 4040/2937/3285
s 0
f 4039/2939/3310 4038/2942/3310 3607/2941/3310 3612/2940/3310
s 1
f 3615/2943/3284 3609/2946/3284 4017/2945/3284 4020/2944/3284
f 3581/2885/3284 3615/2943/3284 4020/2944/3284 4003/2889/3284
f 4026/2870/3285 4027/2948/3285 4033/2913/3285 4034/2947/3285
f 4032/2912/3285 4019/2858/3285 4040/2937/3285 4035/2911/3285
f 3607/2949/3281 4038/2951/3281 4037/2950/3281 4018/2936/3281 3611/2933/3281
f 4043/2952/3285 4055/2955/3285 4054/2954/3285 4025/2953/3285
s 0
f 4007/2956/3436 4006/2959/3436 4028/2958/3436 4031/2957/3436
f 3629/2960/3284 3589/2961/3284 4007/2956/3284 4031/2957/3284
f 4030/2962/3436 4029/2871/3436 4005/2872/3436 4004/2893/3436
s 1
f 4027/2948/3285 4028/2958/3285 4006/2959/3285 4003/2963/3285
f 4010/2898/3285 3998/2869/3285 4026/2870/3285 4034/2947/3285
f 4025/2953/3285 4000/2964/3285 4010/2898/3285 4034/2947/3285
s 0
f 4030/2965/3440 4022/2968/3440 4023/2967/3440 4029/2966/3440
f 4027/2969/3441 4024/2971/3441 4028/2970/3441
f 4029/2966/3442 4023/2967/3442 4026/2972/3442
s 1
f 4034/2947/3285 4033/2913/3285 4042/2914/3285 4043/2952/3285 4025/2953/3285
f 4032/2912/3285 4033/2913/3285 4027/2948/3285 4003/2963/3285
f 4021/2973/3284 4022/2968/3284 3630/2975/3284 3616/2974/3284
f 4022/2968/3284 4021/2973/3284 4024/2971/3284 4023/2967/3284
s 0
f 4028/2970/3443 4024/2971/3443 4021/2973/3443 4031/2976/3443
f 3628/2977/3329 3630/2975/3329 4022/2968/3329 4030/2965/3329
f 4031/2976/3330 4021/2973/3330 3616/2974/3330 3629/2978/3330
s 1
f 4003/2963/3285 4020/2857/3285 4019/2858/3285 4032/2912/3285
f 4361/2905/3285 4013/2915/3285 4015/2979/3285 4016/2904/3285
s 0
f 3575/2980/3310 3603/2931/3310 4360/2932/3310 4359/2981/3310
f 3999/2878/3284 4009/2895/3284 3593/2896/3284 3584/2877/3284
f 4041/2982/3444 4043/2952/3444 4042/2914/3444
f 4040/2937/3445 4039/2984/3445 4036/2983/3445 4035/2911/3445
f 4037/2938/3446 4038/2985/3446 4039/2984/3446 4040/2937/3446
f 4041/2982/3447 4042/2914/3447 4035/2911/3447 4036/2983/3447
f 4036/2986/3335 4039/2939/3335 3612/2940/3335 3576/2987/3335
f 4045/2988/3448 4048/2991/3448 4047/2990/3448 4044/2989/3448
f 4048/2991/3449 4049/2993/3449 4046/2992/3449 4047/2990/3449
f 4046/2992/3284 4049/2993/3284 3645/2995/3284 3646/2994/3284
f 4036/2983/3450 4059/2997/3450 4057/2996/3450 4041/2982/3450
f 4041/2982/3451 4057/2996/3451 4055/2955/3451 4043/2952/3451
s 1
f 4025/2953/3285 4054/2954/3285 4052/2998/3285 4000/2964/3285
s 0
f 3651/2999/3310 4051/3002/3310 4053/3001/3310 3652/3000/3310
f 3576/3003/3281 3654/3007/3281 4050/3006/3281 4059/3005/3281 4036/3004/3281
f 3653/2861/3310 3652/3000/3310 4053/3001/3310 4056/3008/3310 4058/2864/3310
s 1
f 4054/2954/3422 4053/3001/3422 4051/3002/3422 4052/2998/3422
s 0
f 4056/3008/3452 4055/2955/3452 4057/2996/3452 4058/2864/3452
s 1
f 4055/2955/3422 4056/3008/3422 4053/3001/3422 4054/2954/3422
s 0
f 4059/2997/3453 4050/2863/3453 4058/2864/3453 4057/2996/3453
s 1
f 4060/3009/3454 4062/3012/3455 4063/3011/3455 4061/3010/3454
f 4062/3012/3455 4064/3014/3456 4065/3013/3456 4063/3011/3455
f 4064/3014/3456 4066/3016/3457 4067/3015/3457 4065/3013/3456
f 4066/3016/3457 4068/3018/3458 4069/3017/3458 4067/3015/3457
f 4068/3018/3458 4070/3020/3459 4071/3019/3459 4069/3017/3458
f 4070/3020/3459 4072/3022/3460 4073/3021/3460 4071/3019/3459
f 4072/3022/3460 4074/3024/3461 4075/3023/3461 4073/3021/3460
f 4074/3024/3461 4076/3026/3462 4077/3025/3462 4075/3023/3461
f 4076/3026/3462 4078/3028/3463 4079/3027/3463 4077/3025/3462
f 4078/3028/3463 4080/3030/3464 4081/3029/3464 4079/3027/3463
f 4080/3030/3464 4082/3032/3465 4083/3031/3465 4081/3029/3464
f 4082/3032/3465 4084/3034/3466 4085/3033/3466 4083/3031/3465
f 4084/3034/3466 4086/3036/3467 4087/3035/3467 4085/3033/3466
f 4086/3036/3467 4088/3038/3468 4089/3037/3468 4087/3035/3467
f 4088/3038/3468 4090/3040/3469 4091/3039/3469 4089/3037/3468
f 4090/3040/3469 4060/3009/3454 4061/3010/3454 4091/3039/3469
f 4070/3020/3285 4097/3042/3285 4098/3041/3285 4072/3022/3285
f 4104/3043/3470 4120/3046/3471 4121/3045/3472 4105/3044/3473
f 4080/3030/3285 4102/3048/3285 4103/3047/3285 4082/3032/3285
f 4090/3040/3285 4107/3050/3285 4092/3049/3285 4060/3009/3285
f 4066/3016/3285 4095/3052/3285 4096/3051/3285 4068/3018/3285
f 4076/3026/3285 4100/3054/3285 4101/3053/3285 4078/3028/3285
f 4086/3036/3285 4105/3044/3285 4106/3055/3285 4088/3038/3285
f 4062/3012/3285 4093/3057/3285 4094/3056/3285 4064/3014/3285
f 4072/3022/3285 4098/3041/3285 4099/3058/3285 4074/3024/3285
f 4082/3032/3285 4103/3047/3285 4104/3043/3285 4084/3034/3285
f 4068/3018/3285 4096/3051/3285 4097/3042/3285 4070/3020/3285
f 4078/3028/3285 4101/3053/3285 4102/3048/3285 4080/3030/3285
f 4088/3038/3285 4106/3055/3285 4107/3050/3285 4090/3040/3285
f 4064/3014/3285 4094/3056/3285 4095/3052/3285 4066/3016/3285
f 4074/3024/3285 4099/3058/3285 4100/3054/3285 4076/3026/3285
f 4060/3009/3285 4092/3049/3285 4093/3057/3285 4062/3012/3285
f 4084/3034/3285 4104/3043/3285 4105/3044/3285 4086/3036/3285
f 4108/3059/3474 4123/3072/3475 4122/3071/3476 4121/3045/3472 4120/3046/3471 4119/3070/3477 4118/3069/3478 4117/3068/3479 4116/3067/3480 4115/3066/3481 4114/3065/3482 4113/3064/3483 4112/3063/3484 4111/3062/3485 4110/3061/3486 4109/3060/3487
f 4097/3042/3488 4113/3064/3483 4114/3065/3482 4098/3041/3489
f 4105/3044/3473 4121/3045/3472 4122/3071/3476 4106/3055/3490
f 4098/3041/3489 4114/3065/3482 4115/3066/3481 4099/3058/3491
f 4106/3055/3490 4122/3071/3476 4123/3072/3475 4107/3050/3492
f 4099/3058/3491 4115/3066/3481 4116/3067/3480 4100/3054/3493
f 4092/3049/3494 4108/3059/3474 4109/3060/3487 4093/3057/3495
f 4107/3050/3492 4123/3072/3475 4108/3059/3474 4092/3049/3494
f 4100/3054/3493 4116/3067/3480 4117/3068/3479 4101/3053/3496
f 4093/3057/3495 4109/3060/3487 4110/3061/3486 4094/3056/3497
f 4101/3053/3496 4117/3068/3479 4118/3069/3478 4102/3048/3498
f 4094/3056/3497 4110/3061/3486 4111/3062/3485 4095/3052/3499
f 4102/3048/3498 4118/3069/3478 4119/3070/3477 4103/3047/3500
f 4095/3052/3499 4111/3062/3485 4112/3063/3484 4096/3051/3501
f 4103/3047/3500 4119/3070/3477 4120/3046/3471 4104/3043/3470
f 4096/3051/3501 4112/3063/3484 4113/3064/3483 4097/3042/3488
f 4124/3073/3454 4126/3076/3455 4127/3075/3455 4125/3074/3454
f 4126/3076/3455 4128/3078/3456 4129/3077/3456 4127/3075/3455
f 4128/3078/3456 4130/3080/3457 4131/3079/3457 4129/3077/3456
f 4130/3080/3457 4132/3082/3502 4133/3081/3502 4131/3079/3457
f 4132/3082/3502 4134/3084/3503 4135/3083/3459 4133/3081/3502
f 4134/3084/3503 4136/3086/3460 4137/3085/3460 4135/3083/3459
f 4136/3086/3460 4138/3088/3461 4139/3087/3461 4137/3085/3460
f 4138/3088/3461 4140/3090/3504 4141/3089/3504 4139/3087/3461
f 4140/3090/3504 4142/3092/3463 4143/3091/3463 4141/3089/3504
f 4142/3092/3463 4144/3094/3464 4145/3093/3464 4143/3091/3463
f 4144/3094/3464 4146/3096/3465 4147/3095/3465 4145/3093/3464
f 4146/3096/3465 4148/3098/3505 4149/3097/3505 4147/3095/3465
f 4148/3098/3505 4150/3100/3467 4151/3099/3467 4149/3097/3505
f 4150/3100/3467 4152/3102/3468 4153/3101/3468 4151/3099/3467
f 4152/3102/3468 4154/3104/3469 4155/3103/3469 4153/3101/3468
f 4154/3104/3469 4124/3073/3454 4125/3074/3454 4155/3103/3469
f 4134/3084/3285 4161/3106/3285 4162/3105/3285 4136/3086/3285
f 4168/3107/3506 4184/3110/3471 4185/3109/3472 4169/3108/3473
f 4144/3094/3285 4166/3112/3285 4167/3111/3285 4146/3096/3285
f 4154/3104/3285 4171/3114/3285 4156/3113/3285 4124/3073/3285
f 4130/3080/3285 4159/3116/3285 4160/3115/3285 4132/3082/3285
f 4140/3090/3285 4164/3118/3285 4165/3117/3285 4142/3092/3285
f 4150/3100/3285 4169/3108/3285 4170/3119/3285 4152/3102/3285
f 4126/3076/3285 4157/3121/3285 4158/3120/3285 4128/3078/3285
f 4136/3086/3285 4162/3105/3285 4163/3122/3285 4138/3088/3285
f 4146/3096/3285 4167/3111/3285 4168/3107/3285 4148/3098/3285
f 4132/3082/3285 4160/3115/3285 4161/3106/3285 4134/3084/3285
f 4142/3092/3285 4165/3117/3285 4166/3112/3285 4144/3094/3285
f 4152/3102/3285 4170/3119/3285 4171/3114/3285 4154/3104/3285
f 4128/3078/3285 4158/3120/3285 4159/3116/3285 4130/3080/3285
f 4138/3088/3285 4163/3122/3285 4164/3118/3285 4140/3090/3285
f 4124/3073/3285 4156/3113/3285 4157/3121/3285 4126/3076/3285
f 4148/3098/3285 4168/3107/3285 4169/3108/3285 4150/3100/3285
f 4172/3123/3474 4187/3136/3475 4186/3135/3476 4185/3109/3472 4184/3110/3471 4183/3134/3477 4182/3133/3478 4181/3132/3479 4180/3131/3480 4179/3130/3481 4178/3129/3482 4177/3128/3483 4176/3127/3484 4175/3126/3485 4174/3125/3486 4173/3124/3487
f 4161/3106/3488 4177/3128/3483 4178/3129/3482 4162/3105/3507
f 4169/3108/3473 4185/3109/3472 4186/3135/3476 4170/3119/3508
f 4162/3105/3507 4178/3129/3482 4179/3130/3481 4163/3122/3509
f 4170/3119/3508 4186/3135/3476 4187/3136/3475 4171/3114/3510
f 4163/3122/3509 4179/3130/3481 4180/3131/3480 4164/3118/3493
f 4156/3113/3511 4172/3123/3474 4173/3124/3487 4157/3121/3512
f 4171/3114/3510 4187/3136/3475 4172/3123/3474 4156/3113/3511
f 4164/3118/3493 4180/3131/3480 4181/3132/3479 4165/3117/3513
f 4157/3121/3512 4173/3124/3487 4174/3125/3486 4158/3120/3514
f 4165/3117/3513 4181/3132/3479 4182/3133/3478 4166/3112/3498
f 4158/3120/3514 4174/3125/3486 4175/3126/3485 4159/3116/3515
f 4166/3112/3498 4182/3133/3478 4183/3134/3477 4167/3111/3516
f 4159/3116/3515 4175/3126/3485 4176/3127/3484 4160/3115/3501
f 4167/3111/3516 4183/3134/3477 4184/3110/3471 4168/3107/3506
f 4160/3115/3501 4176/3127/3484 4177/3128/3483 4161/3106/3488
f 4194/3137/3285 4196/3140/3285 4192/3139/3285 4189/3138/3285
s 0
f 4192/3141/3405 4193/3145/3405 3796/3144/3405 3797/3143/3405 4189/3142/3405
s 1
f 3805/3146/3310 4194/3149/3310 4189/3148/3310 3797/3147/3310
s 0
f 4190/3150/3406 4191/3153/3406 3803/3152/3406 3793/3151/3406
f 4195/3154/3517 4193/3155/3517 4192/3139/3517 4196/3140/3517
s 1
f 4195/3154/3284 3806/3157/3284 3796/3156/3284 4193/3155/3284
s 0
f 3803/3152/3279 4191/3153/3279 4188/3159/3279 3794/3158/3279
s 1
f 4190/3160/3284 3793/3161/3284 3806/3157/3284 4195/3154/3284
s 0
f 4190/3160/3517 4195/3154/3517 4196/3140/3517 4191/3162/3517
s 1
f 3794/3158/3310 4188/3159/3310 4194/3149/3310 3805/3146/3310
f 4188/3163/3285 4191/3162/3285 4196/3140/3285 4194/3137/3285
f 4198/3164/3518 4202/3167/3518 3818/3166/3310 3812/3165/3310
s 0
f 4200/3168/3519 4203/3169/3519 4202/3167/3519 4198/3164/3519
s 1
f 3817/3170/3310 3825/3173/3310 4208/3172/3518 4201/3171/3518
s 0
f 4204/3174/3519 4199/3176/3519 4197/3175/3519 4201/3171/3519
f 4201/3171/3520 4208/3172/3520 4206/3177/3520 4204/3174/3520
s 1
f 4201/3171/3518 4197/3175/3518 3809/3178/3310 3817/3170/3310
f 3826/3179/3310 3818/3166/3310 4202/3167/3518 4207/3180/3518
s 0
f 4205/3181/3521 4206/3177/3521 4208/3172/3521 4207/3180/3521
s 1
f 4207/3180/3518 4208/3172/3518 3825/3173/3310 3826/3179/3310
s 0
f 4207/3180/3522 4202/3167/3522 4203/3169/3522 4205/3181/3522
s 1
f 4210/3182/3284 3830/3185/3284 3836/3184/3284 4214/3183/3284
s 0
f 4212/3186/3523 4210/3182/3523 4214/3183/3523 4215/3187/3523
s 1
f 3835/3188/3284 4213/3191/3284 4220/3190/3284 3843/3189/3284
s 0
f 4216/3192/3523 4213/3191/3523 4209/3194/3523 4211/3193/3523
f 4213/3191/3523 4216/3192/3523 4218/3195/3523 4220/3190/3523
s 1
f 4213/3191/3284 3835/3188/3284 3827/3196/3284 4209/3194/3284
f 3844/3197/3284 4219/3198/3284 4214/3183/3284 3836/3184/3284
s 0
f 4217/3199/3523 4219/3198/3523 4220/3190/3523 4218/3195/3523
s 1
f 4219/3198/3284 3844/3197/3284 3843/3189/3284 4220/3190/3284
s 0
f 4219/3198/3523 4217/3199/3523 4215/3187/3523 4214/3183/3523
s 1
f 4197/3200/3281 4209/3194/3281 3827/3196/3281 3809/3201/3281
s 0
f 3812/3202/3279 3830/3185/3279 4210/3182/3279 4198/3203/3279
s 1
f 4199/3204/3281 4211/3193/3281 4209/3194/3281 4197/3200/3281
s 0
f 4198/3203/3279 4210/3182/3279 4212/3186/3279 4200/3205/3279
f 4200/3205/3524 4212/3186/3524 4215/3187/3524 4203/3206/3524
f 4204/3207/3524 4216/3192/3524 4211/3193/3524 4199/3204/3524
f 4205/3208/3524 4217/3199/3524 4218/3195/3524 4206/3209/3524
f 4203/3206/3525 4215/3187/3525 4217/3199/3525 4205/3208/3525
f 4206/3209/3526 4218/3195/3526 4216/3192/3526 4204/3207/3526
f 3857/3210/3417 3847/3213/3417 4222/3212/3417 4227/3211/3417
s 1
f 3859/3214/3281 4228/3217/3281 4223/3216/3281 3849/3215/3281
f 4229/3218/3523 4225/3221/3523 4223/3220/3523 4228/3219/3523
f 3855/3222/3310 4226/3225/3310 4224/3224/3310 3850/3223/3310
f 4225/3221/3284 3856/3227/3284 3849/3226/3284 4223/3220/3284
f 4222/3228/3284 3847/3229/3284 3856/3227/3284 4225/3221/3284
f 3845/3230/3310 4221/3231/3310 4226/3225/3310 3855/3222/3310
f 4227/3232/3523 4222/3228/3523 4225/3221/3523 4229/3218/3523
f 4221/3231/3285 4227/3232/3285 4229/3218/3285 4226/3225/3285
f 4226/3225/3285 4229/3218/3285 4228/3219/3285 4224/3224/3285
f 3850/3233/3281 4224/3234/3281 4228/3217/3281 3859/3214/3281
s 0
f 3845/3235/3418 3857/3210/3418 4227/3211/3418 4221/3236/3418
s 1
f 4230/3237/3285 4231/3240/3285 4233/3239/3423 4232/3238/3423
f 4232/3238/3423 4233/3239/3423 4235/3242/3422 4234/3241/3422
f 4234/3241/3422 4235/3242/3422 4237/3244/3421 4236/3243/3421
f 4236/3243/3421 4237/3244/3421 4239/3246/3310 4238/3245/3310
f 4238/3247/3310 4239/3250/3310 4241/3249/3420 4240/3248/3420
f 4240/3248/3420 4241/3249/3420 4243/3252/3340 4242/3251/3340
f 4242/3251/3340 4243/3252/3340 4245/3254/3419 4244/3253/3419
f 4244/3253/3419 4245/3254/3419 4247/3256/3283 4246/3255/3283
f 4246/3255/3283 4247/3256/3283 4249/3258/3429 4248/3257/3429
f 4248/3257/3429 4249/3258/3429 4251/3260/3428 4250/3259/3428
f 4250/3259/3428 4251/3260/3428 4253/3262/3427 4252/3261/3427
f 4252/3261/3427 4253/3262/3427 4255/3264/3284 4254/3263/3284
f 4254/3263/3284 4255/3264/3284 4257/3266/3426 4256/3265/3426
f 4256/3265/3426 4257/3266/3426 4259/3268/3425 4258/3267/3425
s 0
f 4233/3269/3281 4231/3284/3281 4261/3283/3281 4259/3282/3281 4257/3281/3281 4255/3280/3281 4253/3279/3281 4251/3278/3281 4249/3277/3281 4247/3276/3281 4245/3275/3281 4243/3274/3281 4241/3273/3281 4239/3272/3281 4237/3271/3281 4235/3270/3281
s 1
f 4258/3267/3425 4259/3268/3425 4261/3286/3424 4260/3285/3424
f 4260/3285/3424 4261/3286/3424 4231/3240/3285 4230/3237/3285
f 4240/3287/3279 4242/3290/3279 4268/3289/3279 4267/3288/3279
f 4267/3288/3426 4268/3289/3425 4284/3292/3425 4283/3291/3426
f 4250/3293/3279 4252/3296/3279 4273/3295/3279 4272/3294/3279
f 4260/3297/3279 4230/3300/3279 4262/3299/3279 4277/3298/3279
f 4236/3301/3279 4238/3304/3279 4266/3303/3279 4265/3302/3279
f 4246/3305/3279 4248/3308/3279 4271/3307/3279 4270/3306/3279
f 4256/3309/3279 4258/3312/3279 4276/3311/3279 4275/3310/3279
f 4232/3313/3279 4234/3316/3279 4264/3315/3279 4263/3314/3279
f 4242/3290/3279 4244/3318/3279 4269/3317/3279 4268/3289/3279
f 4252/3296/3279 4254/3320/3279 4274/3319/3279 4273/3295/3279
f 4238/3321/3279 4240/3287/3279 4267/3288/3279 4266/3322/3279
f 4248/3308/3279 4250/3293/3279 4272/3294/3279 4271/3307/3279
f 4258/3312/3279 4260/3297/3279 4277/3298/3279 4276/3311/3279
f 4234/3316/3279 4236/3301/3279 4265/3302/3279 4264/3315/3279
f 4244/3318/3279 4246/3305/3279 4270/3306/3279 4269/3317/3279
f 4230/3300/3279 4232/3313/3279 4263/3314/3279 4262/3299/3279
f 4254/3320/3279 4256/3309/3279 4275/3310/3279 4274/3319/3279
s 0
f 4278/3323/3279 4279/3338/3279 4280/3337/3279 4281/3336/3279 4282/3335/3279 4283/3334/3279 4284/3333/3279 4285/3332/3279 4286/3331/3279 4287/3330/3279 4288/3329/3279 4289/3328/3279 4290/3327/3279 4291/3326/3279 4292/3325/3279 4293/3324/3279
s 1
f 4275/3310/3420 4276/3311/3340 4292/3340/3340 4291/3339/3420
f 4268/3289/3425 4269/3317/3424 4285/3341/3424 4284/3292/3425
f 4276/3311/3340 4277/3298/3419 4293/3342/3419 4292/3340/3340
f 4269/3317/3424 4270/3306/3285 4286/3343/3285 4285/3341/3424
f 4262/3299/3283 4263/3314/3429 4279/3345/3429 4278/3344/3283
f 4277/3298/3419 4262/3299/3283 4278/3344/3283 4293/3342/3419
f 4270/3306/3285 4271/3307/3423 4287/3346/3423 4286/3343/3285
f 4263/3314/3429 4264/3315/3428 4280/3347/3428 4279/3345/3429
f 4271/3307/3423 4272/3294/3422 4288/3348/3422 4287/3346/3423
f 4264/3315/3428 4265/3302/3427 4281/3349/3427 4280/3347/3428
f 4272/3294/3422 4273/3295/3421 4289/3350/3421 4288/3348/3422
f 4265/3302/3427 4266/3303/3284 4282/3351/3284 4281/3349/3427
f 4273/3295/3421 4274/3319/3310 4290/3352/3310 4289/3350/3421
f 4266/3322/3284 4267/3288/3426 4283/3291/3426 4282/3353/3284
f 4274/3319/3310 4275/3310/3420 4291/3339/3420 4290/3352/3310
f 4294/3354/3285 4295/3357/3285 4297/3356/3423 4296/3355/3423
f 4296/3355/3423 4297/3356/3423 4299/3359/3422 4298/3358/3422
f 4298/3358/3422 4299/3359/3422 4301/3361/3421 4300/3360/3421
f 4300/3360/3421 4301/3361/3421 4303/3363/3310 4302/3362/3310
f 4302/3364/3310 4303/3367/3310 4305/3366/3420 4304/3365/3420
f 4304/3365/3420 4305/3366/3420 4307/3369/3340 4306/3368/3340
f 4306/3368/3340 4307/3369/3340 4309/3371/3419 4308/3370/3419
f 4308/3370/3419 4309/3371/3419 4311/3373/3283 4310/3372/3283
f 4310/3372/3283 4311/3373/3283 4313/3375/3429 4312/3374/3429
f 4312/3374/3429 4313/3375/3429 4315/3377/3428 4314/3376/3428
f 4314/3376/3428 4315/3377/3428 4317/3379/3427 4316/3378/3427
f 4316/3378/3427 4317/3379/3427 4319/3381/3284 4318/3380/3284
f 4318/3380/3284 4319/3381/3284 4321/3383/3426 4320/3382/3426
f 4320/3382/3426 4321/3383/3426 4323/3385/3425 4322/3384/3425
s 0
f 4297/3386/3281 4295/3401/3281 4325/3400/3281 4323/3399/3281 4321/3398/3281 4319/3397/3281 4317/3396/3281 4315/3395/3281 4313/3394/3281 4311/3393/3281 4309/3392/3281 4307/3391/3281 4305/3390/3281 4303/3389/3281 4301/3388/3281 4299/3387/3281
s 1
f 4322/3384/3425 4323/3385/3425 4325/3403/3424 4324/3402/3424
f 4324/3402/3424 4325/3403/3424 4295/3357/3285 4294/3354/3285
f 4304/3404/3279 4306/3407/3279 4332/3406/3279 4331/3405/3279
f 4331/3405/3426 4332/3406/3425 4348/3409/3425 4347/3408/3426
f 4314/3410/3279 4316/3413/3279 4337/3412/3279 4336/3411/3279
f 4324/3414/3279 4294/3417/3279 4326/3416/3279 4341/3415/3279
f 4300/3418/3279 4302/3421/3279 4330/3420/3279 4329/3419/3279
f 4310/3422/3279 4312/3425/3279 4335/3424/3279 4334/3423/3279
f 4320/3426/3279 4322/3429/3279 4340/3428/3279 4339/3427/3279
f 4296/3430/3279 4298/3433/3279 4328/3432/3279 4327/3431/3279
f 4306/3407/3279 4308/3435/3279 4333/3434/3279 4332/3406/3279
f 4316/3413/3279 4318/3437/3279 4338/3436/3279 4337/3412/3279
f 4302/3438/3279 4304/3404/3279 4331/3405/3279 4330/3439/3279
f 4312/3425/3279 4314/3410/3279 4336/3411/3279 4335/3424/3279
f 4322/3429/3279 4324/3414/3279 4341/3415/3279 4340/3428/3279
f 4298/3433/3279 4300/3418/3279 4329/3419/3279 4328/3432/3279
f 4308/3435/3279 4310/3422/3279 4334/3423/3279 4333/3434/3279
f 4294/3417/3279 4296/3430/3279 4327/3431/3279 4326/3416/3279
f 4318/3437/3279 4320/3426/3279 4339/3427/3279 4338/3436/3279
s 0
f 4342/3440/3279 4343/3455/3279 4344/3454/3279 4345/3453/3279 4346/3452/3279 4347/3451/3279 4348/3450/3279 4349/3449/3279 4350/3448/3279 4351/3447/3279 4352/3446/3279 4353/3445/3279 4354/3444/3279 4355/3443/3279 4356/3442/3279 4357/3441/3279
s 1
f 4339/3427/3420 4340/3428/3340 4356/3457/3340 4355/3456/3420
f 4332/3406/3425 4333/3434/3424 4349/3458/3424 4348/3409/3425
f 4340/3428/3340 4341/3415/3419 4357/3459/3419 4356/3457/3340
f 4333/3434/3424 4334/3423/3285 4350/3460/3285 4349/3458/3424
f 4326/3416/3283 4327/3431/3429 4343/3462/3429 4342/3461/3283
f 4341/3415/3419 4326/3416/3283 4342/3461/3283 4357/3459/3419
f 4334/3423/3285 4335/3424/3423 4351/3463/3423 4350/3460/3285
f 4327/3431/3429 4328/3432/3428 4344/3464/3428 4343/3462/3429
f 4335/3424/3423 4336/3411/3422 4352/3465/3422 4351/3463/3423
f 4328/3432/3428 4329/3419/3427 4345/3466/3427 4344/3464/3428
f 4336/3411/3422 4337/3412/3421 4353/3467/3421 4352/3465/3422
f 4329/3419/3427 4330/3420/3284 4346/3468/3284 4345/3466/3427
f 4337/3412/3421 4338/3436/3310 4354/3469/3310 4353/3467/3421
f 4330/3439/3284 4331/3405/3426 4347/3408/3426 4346/3470/3284
f 4338/3436/3310 4339/3427/3420 4355/3456/3420 4354/3469/3310
s 0
f 4358/3471/3527 4000/3473/3527 4359/3472/3527
f 4362/2921/3422 4363/2916/3422 4364/2917/3422 4365/2920/3422
f 4361/2905/3528 4360/2932/3528 4365/2920/3528 4364/2917/3528
f 4360/2932/3422 4361/2905/3422 4358/2906/3422 4359/2981/3422
f 4000/3473/3529 4358/3471/3529 4014/3475/3529 4010/3474/3529
f 3575/3476/3433 4359/3472/3433 4051/3478/3433 3651/3477/3433
f 4359/3472/3530 4000/3473/3530 4052/3479/3530 4051/3478/3530
s 1
f 4026/2972/3284 4023/2967/3284 4024/2971/3284 4027/2969/3284
f 4366/2368/3279 4368/2371/3279 4369/2370/3279 4367/2369/3279
s 0
f 4368/2372/3282 4372/2375/3282 4373/2374/3282 4369/2373/3282
f 4372/2376/3281 4370/2379/3281 4371/2378/3281 4373/2377/3281
f 4370/2380/3280 4366/2383/3280 4367/2382/3280 4371/2381/3280
f 4370/2380/3285 4377/2385/3285 4375/2384/3285 4366/2383/3285
f 4373/2374/3284 4371/2381/3284 4367/2382/3284 4369/2373/3284
f 4368/2372/3283 4374/2387/3283 4376/2386/3283 4372/2375/3283
s 1
f 4366/2368/3279 4375/2389/3279 4374/2388/3279 4368/2371/3279
s 0
f 4372/2376/3281 4376/2391/3281 4377/2390/3281 4370/2379/3281
s 1
f 4378/2368/3279 4380/2371/3279 4381/2370/3279 4379/2369/3279
s 0
f 4380/2372/3282 4384/2375/3282 4385/2374/3282 4381/2373/3282
f 4384/2376/3281 4382/2379/3281 4383/2378/3281 4385/2377/3281
f 4382/2380/3280 4378/2383/3280 4379/2382/3280 4383/2381/3280
f 4382/2380/3285 4389/2385/3285 4387/2384/3285 4378/2383/3285
f 4385/2374/3284 4383/2381/3284 4379/2382/3284 4381/2373/3284
f 4380/2372/3283 4386/2387/3283 4388/2386/3283 4384/2375/3283
s 1
f 4378/2368/3279 4387/2389/3279 4386/2388/3279 4380/2371/3279
s 0
f 4384/2376/3281 4388/2391/3281 4389/2390/3281 4382/2379/3281
s 1
f 4390/2368/3279 4392/2371/3279 4393/2370/3279 4391/2369/3279
s 0
f 4392/2372/3282 4396/2375/3282 4397/2374/3282 4393/2373/3282
f 4396/2376/3281 4394/2379/3281 4395/2378/3281 4397/2377/3281
f 4394/2380/3280 4390/2383/3280 4391/2382/3280 4395/2381/3280
f 4394/2380/3285 4401/2385/3285 4399/2384/3285 4390/2383/3285
f 4397/2374/3284 4395/2381/3284 4391/2382/3284 4393/2373/3284
f 4392/2372/3283 4398/2387/3283 4400/2386/3283 4396/2375/3283
s 1
f 4390/2368/3279 4399/2389/3279 4398/2388/3279 4392/2371/3279
s 0
f 4396/2376/3281 4400/2391/3281 4401/2390/3281 4394/2379/3281
s 1
f 4402/2368/3279 4404/2371/3279 4405/2370/3279 4403/2369/3279
s 0
f 4404/2372/3282 4408/2375/3282 4409/2374/3282 4405/2373/3282
f 4408/2376/3281 4406/2379/3281 4407/2378/3281 4409/2377/3281
f 4406/2380/3280 4402/2383/3280 4403/2382/3280 4407/2381/3280
f 4406/2380/3285 4413/2385/3285 4411/2384/3285 4402/2383/3285
f 4409/2374/3284 4407/2381/3284 4403/2382/3284 4405/2373/3284
f 4404/2372/3283 4410/2387/3283 4412/2386/3283 4408/2375/3283
s 1
f 4402/2368/3279 4411/2389/3279 4410/2388/3279 4404/2371/3279
s 0
f 4408/2376/3281 4412/2391/3281 4413/2390/3281 4406/2379/3281
s 1
f 4414/2368/3279 4416/2371/3279 4417/2370/3279 4415/2369/3279
s 0
f 4416/2372/3282 4420/2375/3282 4421/2374/3282 4417/2373/3282
f 4420/2376/3281 4418/2379/3281 4419/2378/3281 4421/2377/3281
f 4418/2380/3280 4414/2383/3280 4415/2382/3280 4419/2381/3280
f 4418/2380/3285 4425/2385/3285 4423/2384/3285 4414/2383/3285
f 4421/2374/3284 4419/2381/3284 4415/2382/3284 4417/2373/3284
f 4416/2372/3283 4422/2387/3283 4424/2386/3283 4420/2375/3283
s 1
f 4414/2368/3279 4423/2389/3279 4422/2388/3279 4416/2371/3279
s 0
f 4420/2376/3281 4424/2391/3281 4425/2390/3281 4418/2379/3281
s 1
f 4426/2368/3279 4428/2371/3279 4429/2370/3279 4427/2369/3279
s 0
f 4428/2372/3282 4432/2375/3282 4433/2374/3282 4429/2373/3282
f 4432/2376/3281 4430/2379/3281 4431/2378/3281 4433/2377/3281
f 4430/2380/3280 4426/2383/3280 4427/2382/3280 4431/2381/3280
f 4430/2380/3285 4437/2385/3285 4435/2384/3285 4426/2383/3285
f 4433/2374/3284 4431/2381/3284 4427/2382/3284 4429/2373/3284
f 4428/2372/3283 4434/2387/3283 4436/2386/3283 4432/2375/3283
s 1
f 4426/2368/3279 4435/2389/3279 4434/2388/3279 4428/2371/3279
s 0
f 4432/2376/3281 4436/2391/3281 4437/2390/3281 4430/2379/3281
s 1
f 4438/2368/3279 4440/2371/3279 4441/2370/3279 4439/2369/3279
s 0
f 4440/2372/3282 4444/2375/3282 4445/2374/3282 4441/2373/3282
f 4444/2376/3281 4442/2379/3281 4443/2378/3281 4445/2377/3281
f 4442/2380/3280 4438/2383/3280 4439/2382/3280 4443/2381/3280
f 4442/2380/3285 4449/2385/3285 4447/2384/3285 4438/2383/3285
f 4445/2374/3284 4443/2381/3284 4439/2382/3284 4441/2373/3284
f 4440/2372/3283 4446/2387/3283 4448/2386/3283 4444/2375/3283
s 1
f 4438/2368/3279 4447/2389/3279 4446/2388/3279 4440/2371/3279
s 0
f 4444/2376/3281 4448/2391/3281 4449/2390/3281 4442/2379/3281
s 1
f 4450/2368/3279 4452/2371/3279 4453/2370/3279 4451/2369/3279
s 0
f 4452/2372/3282 4456/2375/3282 4457/2374/3282 4453/2373/3282
f 4456/2376/3281 4454/2379/3281 4455/2378/3281 4457/2377/3281
f 4454/2380/3280 4450/2383/3280 4451/2382/3280 4455/2381/3280
f 4454/2380/3285 4461/2385/3285 4459/2384/3285 4450/2383/3285
f 4457/2374/3284 4455/2381/3284 4451/2382/3284 4453/2373/3284
f 4452/2372/3283 4458/2387/3283 4460/2386/3283 4456/2375/3283
s 1
f 4450/2368/3279 4459/2389/3279 4458/2388/3279 4452/2371/3279
s 0
f 4456/2376/3281 4460/2391/3281 4461/2390/3281 4454/2379/3281
s 1
f 4462/2368/3279 4464/2371/3279 4465/2370/3279 4463/2369/3279
s 0
f 4464/2372/3282 4468/2375/3282 4469/2374/3282 4465/2373/3282
f 4468/2376/3281 4466/2379/3281 4467/2378/3281 4469/2377/3281
f 4466/2380/3280 4462/2383/3280 4463/2382/3280 4467/2381/3280
f 4466/2380/3285 4473/2385/3285 4471/2384/3285 4462/2383/3285
f 4469/2374/3284 4467/2381/3284 4463/2382/3284 4465/2373/3284
f 4464/2372/3283 4470/2387/3283 4472/2386/3283 4468/2375/3283
s 1
f 4462/2368/3279 4471/2389/3279 4470/2388/3279 4464/2371/3279
s 0
f 4468/2376/3281 4472/2391/3281 4473/2390/3281 4466/2379/3281
s 1
f 4474/2368/3279 4476/2371/3279 4477/2370/3279 4475/2369/3279
s 0
f 4476/2372/3282 4480/2375/3282 4481/2374/3282 4477/2373/3282
f 4480/2376/3281 4478/2379/3281 4479/2378/3281 4481/2377/3281
f 4478/2380/3280 4474/2383/3280 4475/2382/3280 4479/2381/3280
f 4478/2380/3285 4485/2385/3285 4483/2384/3285 4474/2383/3285
f 4481/2374/3284 4479/2381/3284 4475/2382/3284 4477/2373/3284
f 4476/2372/3283 4482/2387/3283 4484/2386/3283 4480/2375/3283
s 1
f 4474/2368/3279 4483/2389/3279 4482/2388/3279 4476/2371/3279
s 0
f 4480/2376/3281 4484/2391/3281 4485/2390/3281 4478/2379/3281
s 1
f 4486/2368/3279 4488/2371/3279 4489/2370/3279 4487/2369/3279
s 0
f 4488/2372/3282 4492/2375/3282 4493/2374/3282 4489/2373/3282
f 4492/2376/3281 4490/2379/3281 4491/2378/3281 4493/2377/3281
f 4490/2380/3280 4486/2383/3280 4487/2382/3280 4491/2381/3280
f 4490/2380/3285 4497/2385/3285 4495/2384/3285 4486/2383/3285
f 4493/2374/3284 4491/2381/3284 4487/2382/3284 4489/2373/3284
f 4488/2372/3283 4494/2387/3283 4496/2386/3283 4492/2375/3283
s 1
f 4486/2368/3279 4495/2389/3279 4494/2388/3279 4488/2371/3279
s 0
f 4492/2376/3281 4496/2391/3281 4497/2390/3281 4490/2379/3281
s 1
f 4498/2368/3279 4500/2371/3279 4501/2370/3279 4499/2369/3279
s 0
f 4500/2372/3282 4504/2375/3282 4505/2374/3282 4501/2373/3282
f 4504/2376/3281 4502/2379/3281 4503/2378/3281 4505/2377/3281
f 4502/2380/3280 4498/2383/3280 4499/2382/3280 4503/2381/3280
f 4502/2380/3285 4509/2385/3285 4507/2384/3285 4498/2383/3285
f 4505/2374/3284 4503/2381/3284 4499/2382/3284 4501/2373/3284
f 4500/2372/3283 4506/2387/3283 4508/2386/3283 4504/2375/3283
s 1
f 4498/2368/3279 4507/2389/3279 4506/2388/3279 4500/2371/3279
s 0
f 4504/2376/3281 4508/2391/3281 4509/2390/3281 4502/2379/3281
s 1
f 4547/2392/3286 4557/2395/3287 4517/2394/3287 4514/2393/3286
f 4539/2396/3288 4538/2399/3289 4526/2398/3289 4515/2397/3288
f 4549/2400/3290 4548/2403/3291 4516/2402/3291 4520/2401/3290
f 4537/2404/3292 4536/2407/3293 4530/2406/3293 4529/2405/3292
f 4538/2399/3289 4537/2404/3292 4529/2405/3292 4526/2398/3289
f 4550/2408/3294 4549/2400/3290 4520/2401/3290 4513/2409/3294
f 4542/2410/3295 4540/2413/3296 4522/2412/3296 4523/2411/3295
f 4557/2395/3287 4556/2415/3297 4510/2414/3297 4517/2394/3287
f 4548/2403/3291 4547/2392/3286 4514/2393/3286 4516/2402/3291
f 4540/2413/3296 4539/2396/3288 4515/2397/3288 4522/2412/3296
f 4524/2416/3285 4518/2419/3285 4526/2418/3285 4529/2417/3285
f 4518/2419/3285 4519/2421/3285 4515/2420/3285 4526/2418/3285
f 4519/2421/3285 4525/2423/3285 4522/2422/3285 4515/2420/3285
f 4525/2423/3285 4513/2425/3285 4523/2424/3285 4522/2422/3285
f 4512/2426/3285 4523/2424/3285 4513/2425/3285 4520/2427/3285
f 4521/2428/3285 4512/2426/3285 4520/2427/3285 4516/2429/3285
f 4527/2430/3285 4521/2428/3285 4516/2429/3285 4514/2431/3285
f 4528/2432/3285 4527/2430/3285 4514/2431/3285 4517/2433/3285
f 4511/2434/3285 4524/2416/3285 4529/2417/3285 4530/2437/3285 4534/2436/3285 4532/2435/3285
f 4533/2438/3285 4535/2441/3285 4531/2440/3285 4528/2432/3285 4517/2433/3285 4510/2439/3285
f 4512/2442/3298 4521/2445/3299 4545/2444/3299 4546/2443/3298
f 4523/2411/3295 4512/2442/3298 4546/2443/3298 4542/2410/3295
f 4528/2446/3300 4531/2449/3301 4541/2448/3301 4543/2447/3300
f 4527/2450/3302 4528/2446/3300 4543/2447/3300 4544/2451/3302
f 4521/2445/3299 4527/2450/3302 4544/2451/3302 4545/2444/3299
f 4525/2452/3303 4519/2455/3304 4554/2454/3304 4555/2453/3303
f 4519/2455/3304 4518/2457/3305 4553/2456/3305 4554/2454/3304
f 4524/2458/3306 4511/2461/3307 4551/2460/3307 4552/2459/3306
f 4518/2457/3305 4524/2458/3306 4552/2459/3306 4553/2456/3305
f 4513/2409/3294 4525/2452/3303 4555/2453/3303 4550/2408/3294
f 4532/2435/3284 4534/2436/3284 4559/2463/3284 4558/2462/3284
f 4547/2392/3286 4564/2465/3286 4567/2464/3287 4557/2395/3287
f 4539/2396/3288 4565/2467/3288 4576/2466/3289 4538/2399/3289
f 4549/2400/3290 4570/2469/3290 4566/2468/3291 4548/2403/3291
f 4537/2404/3292 4579/2471/3292 4580/2470/3293 4536/2407/3293
f 4538/2399/3289 4576/2466/3289 4579/2471/3292 4537/2404/3292
f 4550/2408/3294 4563/2472/3294 4570/2469/3290 4549/2400/3290
f 4542/2410/3295 4573/2474/3295 4572/2473/3296 4540/2413/3296
f 4557/2395/3287 4567/2464/3287 4560/2475/3297 4556/2415/3297
f 4548/2403/3291 4566/2468/3291 4564/2465/3286 4547/2392/3286
f 4540/2413/3296 4572/2473/3296 4565/2467/3288 4539/2396/3288
f 4574/2476/3283 4579/2479/3283 4576/2478/3283 4568/2477/3283
f 4568/2477/3283 4576/2478/3283 4565/2481/3283 4569/2480/3283
f 4569/2480/3283 4565/2481/3283 4572/2483/3283 4575/2482/3283
f 4575/2482/3283 4572/2483/3283 4573/2485/3283 4563/2484/3283
f 4562/2486/3283 4570/2487/3283 4563/2484/3283 4573/2485/3283
f 4571/2488/3283 4566/2489/3283 4570/2487/3283 4562/2486/3283
f 4577/2490/3283 4564/2491/3283 4566/2489/3283 4571/2488/3283
f 4578/2492/3283 4567/2493/3283 4564/2491/3283 4577/2490/3283
f 4561/2494/3283 4582/2497/3283 4584/2496/3283 4580/2495/3283 4579/2479/3283 4574/2476/3283
f 4583/2498/3283 4560/2501/3283 4567/2493/3283 4578/2492/3283 4581/2500/3283 4585/2499/3283
f 4562/2502/3298 4546/2443/3298 4545/2444/3299 4571/2503/3299
f 4573/2474/3295 4542/2410/3295 4546/2443/3298 4562/2502/3298
f 4578/2504/3300 4543/2447/3300 4541/2448/3301 4581/2505/3301
f 4577/2506/3302 4544/2451/3302 4543/2447/3300 4578/2504/3300
f 4571/2503/3299 4545/2444/3299 4544/2451/3302 4577/2506/3302
f 4575/2507/3303 4555/2453/3303 4554/2454/3304 4569/2508/3304
f 4569/2508/3304 4554/2454/3304 4553/2456/3305 4568/2509/3305
f 4574/2510/3306 4552/2459/3306 4551/2460/3307 4561/2511/3307
f 4568/2509/3305 4553/2456/3305 4552/2459/3306 4574/2510/3306
f 4563/2472/3294 4550/2408/3294 4555/2453/3303 4575/2507/3303
f 4582/2497/3284 4558/2462/3284 4559/2463/3284 4584/2496/3284
f 4623/2512/3286 4633/2515/3287 4593/2514/3287 4590/2513/3286
f 4674/2516/3285 4676/2521/3285 4672/2520/3285 4669/2519/3285 4615/2518/3285 4622/2517/3285
f 4625/2522/3290 4624/2525/3291 4592/2524/3291 4596/2523/3290
f 4621/2526/3285 4665/2531/3285 4670/2530/3285 4671/2529/3285 4675/2528/3285 4673/2527/3285
f 4669/2519/3285 4668/2533/3285 4618/2532/3285 4615/2518/3285
f 4626/2534/3294 4625/2522/3290 4596/2523/3290 4589/2535/3294
f 4668/2533/3285 4662/2537/3285 4616/2536/3285 4618/2532/3285
f 4633/2515/3287 4632/2539/3297 4586/2538/3297 4593/2514/3287
f 4624/2525/3291 4623/2512/3286 4590/2513/3286 4592/2524/3291
f 4662/2537/3285 4620/2541/3285 4612/2540/3285 4616/2536/3285
f 4600/2542/3285 4594/2545/3285 4602/2544/3285 4605/2543/3285
f 4594/2545/3285 4595/2547/3285 4591/2546/3285 4602/2544/3285
f 4595/2547/3285 4601/2549/3285 4598/2548/3285 4591/2546/3285
f 4601/2549/3285 4589/2551/3285 4599/2550/3285 4598/2548/3285
f 4588/2552/3285 4599/2550/3285 4589/2551/3285 4596/2553/3285
f 4597/2554/3285 4588/2552/3285 4596/2553/3285 4592/2555/3285
f 4603/2556/3285 4597/2554/3285 4592/2555/3285 4590/2557/3285
f 4604/2558/3285 4603/2556/3285 4590/2557/3285 4593/2559/3285
f 4587/2560/3285 4600/2542/3285 4605/2543/3285 4606/2563/3285 4610/2562/3285 4608/2561/3285
f 4609/2564/3285 4611/2567/3285 4607/2566/3285 4604/2558/3285 4593/2559/3285 4586/2565/3285
f 4620/2541/3285 4664/2569/3285 4619/2568/3285 4612/2540/3285
f 4666/2570/3285 4619/2568/3285 4664/2569/3285 4663/2571/3285
f 4613/2572/3285 4666/2570/3285 4663/2571/3285 4617/2573/3285
f 4614/2574/3285 4613/2572/3285 4617/2573/3285 4667/2575/3285
f 4665/2531/3285 4614/2574/3285 4667/2575/3285 4670/2530/3285
f 4601/2576/3303 4595/2579/3304 4630/2578/3304 4631/2577/3303
f 4595/2579/3304 4594/2581/3305 4629/2580/3305 4630/2578/3304
f 4600/2582/3306 4587/2585/3307 4627/2584/3307 4628/2583/3306
f 4594/2581/3305 4600/2582/3306 4628/2583/3306 4629/2580/3305
f 4589/2535/3294 4601/2576/3303 4631/2577/3303 4626/2534/3294
f 4608/2561/3284 4610/2562/3284 4635/2587/3284 4634/2586/3284
f 4623/2512/3286 4640/2589/3286 4643/2588/3287 4633/2515/3287
f 4681/2590/3296 4680/2593/3288 4617/2592/3288 4663/2591/3296
f 4625/2522/3290 4646/2595/3290 4642/2594/3291 4624/2525/3291
f 4689/2596/3291 4688/2599/3286 4618/2598/3286 4616/2597/3291
f 4698/2600/3287 4697/2603/3297 4622/2602/3297 4615/2601/3287
f 4626/2534/3294 4639/2604/3294 4646/2595/3290 4625/2522/3290
f 4683/2605/3295 4681/2590/3296 4663/2591/3296 4664/2606/3295
f 4633/2515/3287 4643/2588/3287 4636/2607/3297 4632/2539/3297
f 4624/2525/3291 4642/2594/3291 4640/2589/3286 4623/2512/3286
f 4691/2608/3294 4690/2611/3290 4612/2610/3290 4619/2609/3294
f 4650/2612/3283 4655/2615/3283 4652/2614/3283 4644/2613/3283
f 4644/2613/3283 4652/2614/3283 4641/2617/3283 4645/2616/3283
f 4645/2616/3283 4641/2617/3283 4648/2619/3283 4651/2618/3283
f 4651/2618/3283 4648/2619/3283 4649/2621/3283 4639/2620/3283
f 4638/2622/3283 4646/2623/3283 4639/2620/3283 4649/2621/3283
f 4647/2624/3283 4642/2625/3283 4646/2623/3283 4638/2622/3283
f 4653/2626/3283 4640/2627/3283 4642/2625/3283 4647/2624/3283
f 4654/2628/3283 4643/2629/3283 4640/2627/3283 4653/2626/3283
f 4637/2630/3283 4658/2633/3283 4660/2632/3283 4656/2631/3283 4655/2615/3283 4650/2612/3283
f 4659/2634/3283 4636/2637/3283 4643/2629/3283 4654/2628/3283 4657/2636/3283 4661/2635/3283
f 4679/2638/3289 4678/2641/3292 4670/2640/3292 4667/2639/3289
f 4678/2641/3292 4677/2643/3293 4671/2642/3293 4670/2640/3292
f 4690/2611/3290 4689/2596/3291 4616/2597/3291 4612/2610/3290
f 4680/2593/3288 4679/2638/3289 4667/2639/3289 4617/2592/3288
f 4688/2599/3286 4698/2600/3287 4615/2601/3287 4618/2598/3286
f 4651/2644/3303 4631/2577/3303 4630/2578/3304 4645/2645/3304
f 4645/2645/3304 4630/2578/3304 4629/2580/3305 4644/2646/3305
f 4650/2647/3306 4628/2583/3306 4627/2584/3307 4637/2648/3307
f 4644/2646/3305 4629/2580/3305 4628/2583/3306 4650/2647/3306
f 4639/2604/3294 4626/2534/3294 4631/2577/3303 4651/2644/3303
f 4658/2633/3284 4634/2586/3284 4635/2587/3284 4660/2632/3284
f 4620/2649/3298 4662/2652/3299 4686/2651/3299 4687/2650/3298
f 4664/2606/3295 4620/2649/3298 4687/2650/3298 4683/2605/3295
f 4669/2653/3300 4672/2656/3301 4682/2655/3301 4684/2654/3300
f 4668/2657/3302 4669/2653/3300 4684/2654/3300 4685/2658/3302
f 4662/2652/3299 4668/2657/3302 4685/2658/3302 4686/2651/3299
f 4666/2659/3303 4613/2662/3304 4695/2661/3304 4696/2660/3303
f 4613/2662/3304 4614/2664/3305 4694/2663/3305 4695/2661/3304
f 4665/2665/3306 4621/2668/3307 4692/2667/3307 4693/2666/3306
f 4614/2664/3305 4665/2665/3306 4693/2666/3306 4694/2663/3305
f 4619/2609/3294 4666/2659/3303 4696/2660/3303 4691/2608/3294
f 4673/2527/3284 4675/2528/3284 4700/2670/3284 4699/2669/3284
f 4688/2599/3286 4705/2672/3286 4708/2671/3287 4698/2600/3287
f 4680/2593/3288 4706/2674/3288 4717/2673/3289 4679/2638/3289
f 4690/2611/3290 4711/2676/3290 4707/2675/3291 4689/2596/3291
f 4678/2641/3292 4720/2678/3292 4721/2677/3293 4677/2643/3293
f 4679/2638/3289 4717/2673/3289 4720/2678/3292 4678/2641/3292
f 4691/2608/3294 4704/2679/3294 4711/2676/3290 4690/2611/3290
f 4683/2605/3295 4714/2681/3295 4713/2680/3296 4681/2590/3296
f 4698/2600/3287 4708/2671/3287 4701/2682/3297 4697/2603/3297
f 4689/2596/3291 4707/2675/3291 4705/2672/3286 4688/2599/3286
f 4681/2590/3296 4713/2680/3296 4706/2674/3288 4680/2593/3288
f 4715/2683/3283 4720/2686/3283 4717/2685/3283 4709/2684/3283
f 4709/2684/3283 4717/2685/3283 4706/2688/3283 4710/2687/3283
f 4710/2687/3283 4706/2688/3283 4713/2690/3283 4716/2689/3283
f 4716/2689/3283 4713/2690/3283 4714/2692/3283 4704/2691/3283
f 4703/2693/3283 4711/2694/3283 4704/2691/3283 4714/2692/3283
f 4712/2695/3283 4707/2696/3283 4711/2694/3283 4703/2693/3283
f 4718/2697/3283 4705/2698/3283 4707/2696/3283 4712/2695/3283
f 4719/2699/3283 4708/2700/3283 4705/2698/3283 4718/2697/3283
f 4702/2701/3283 4723/2704/3283 4725/2703/3283 4721/2702/3283 4720/2686/3283 4715/2683/3283
f 4724/2705/3283 4701/2708/3283 4708/2700/3283 4719/2699/3283 4722/2707/3283 4726/2706/3283
f 4703/2709/3298 4687/2650/3298 4686/2651/3299 4712/2710/3299
f 4714/2681/3295 4683/2605/3295 4687/2650/3298 4703/2709/3298
f 4719/2711/3300 4684/2654/3300 4682/2655/3301 4722/2712/3301
f 4718/2713/3302 4685/2658/3302 4684/2654/3300 4719/2711/3300
f 4712/2710/3299 4686/2651/3299 4685/2658/3302 4718/2713/3302
f 4716/2714/3303 4696/2660/3303 4695/2661/3304 4710/2715/3304
f 4710/2715/3304 4695/2661/3304 4694/2663/3305 4709/2716/3305
f 4715/2717/3306 4693/2666/3306 4692/2667/3307 4702/2718/3307
f 4709/2716/3305 4694/2663/3305 4693/2666/3306 4715/2717/3306
f 4704/2679/3294 4691/2608/3294 4696/2660/3303 4716/2714/3303
f 4723/2704/3284 4699/2669/3284 4700/2670/3284 4725/2703/3284
f 4753/2719/3302 4731/2722/3302 4734/2721/3300 4763/2720/3300
f 4755/2723/3298 4737/2726/3298 4733/2725/3299 4754/2724/3299
f 4756/2727/3295 4730/2728/3295 4737/2726/3298 4755/2723/3298
f 4763/2720/3300 4734/2721/3300 4727/2730/3308 4762/2729/3308
f 4754/2724/3299 4733/2725/3299 4731/2722/3302 4753/2719/3302
f 4741/2731/3285 4746/2734/3285 4743/2733/3285 4735/2732/3285
f 4735/2732/3285 4743/2733/3285 4732/2736/3285 4736/2735/3285
f 4736/2735/3285 4732/2736/3285 4739/2738/3285 4742/2737/3285
f 4742/2737/3285 4739/2738/3285 4740/2740/3285 4730/2739/3285
f 4729/2741/3285 4737/2742/3285 4730/2739/3285 4740/2740/3285
f 4738/2743/3285 4733/2744/3285 4737/2742/3285 4729/2741/3285
f 4744/2745/3285 4731/2746/3285 4733/2744/3285 4738/2743/3285
f 4745/2747/3285 4734/2748/3285 4731/2746/3285 4744/2745/3285
f 4728/2749/3285 4749/2752/3285 4751/2751/3285 4747/2750/3285 4746/2734/3285 4741/2731/3285
f 4750/2753/3285 4727/2756/3285 4734/2748/3285 4745/2747/3285 4748/2755/3285 4752/2754/3285
f 4742/2757/3296 4761/2760/3296 4760/2759/3288 4736/2758/3288
f 4736/2758/3288 4760/2759/3288 4759/2762/3289 4735/2761/3289
f 4741/2763/3292 4758/2766/3292 4757/2765/3309 4728/2764/3309
f 4735/2761/3289 4759/2762/3289 4758/2766/3292 4741/2763/3292
f 4730/2728/3295 4756/2727/3295 4761/2760/3296 4742/2757/3296
f 4749/2752/3284 4764/2768/3284 4765/2767/3284 4751/2751/3284
f 4753/2719/3302 4763/2720/3300 4773/2770/3300 4770/2769/3302
f 4755/2723/3298 4754/2724/3299 4772/2772/3299 4776/2771/3298
f 4756/2727/3295 4755/2723/3298 4776/2771/3298 4769/2773/3295
f 4763/2720/3300 4762/2729/3308 4766/2774/3308 4773/2770/3300
f 4754/2724/3299 4753/2719/3302 4770/2769/3302 4772/2772/3299
f 4780/2775/3283 4774/2778/3283 4782/2777/3283 4785/2776/3283
f 4774/2778/3283 4775/2780/3283 4771/2779/3283 4782/2777/3283
f 4775/2780/3283 4781/2782/3283 4778/2781/3283 4771/2779/3283
f 4781/2782/3283 4769/2784/3283 4779/2783/3283 4778/2781/3283
f 4768/2785/3283 4779/2783/3283 4769/2784/3283 4776/2786/3283
f 4777/2787/3283 4768/2785/3283 4776/2786/3283 4772/2788/3283
f 4783/2789/3283 4777/2787/3283 4772/2788/3283 4770/2790/3283
f 4784/2791/3283 4783/2789/3283 4770/2790/3283 4773/2792/3283
f 4767/2793/3283 4780/2775/3283 4785/2776/3283 4786/2796/3283 4790/2795/3283 4788/2794/3283
f 4789/2797/3283 4791/2800/3283 4787/2799/3283 4784/2791/3283 4773/2792/3283 4766/2798/3283
f 4781/2801/3296 4775/2802/3288 4760/2759/3288 4761/2760/3296
f 4775/2802/3288 4774/2803/3289 4759/2762/3289 4760/2759/3288
f 4780/2804/3292 4767/2805/3309 4757/2765/3309 4758/2766/3292
f 4774/2803/3289 4780/2804/3292 4758/2766/3292 4759/2762/3289
f 4769/2773/3295 4781/2801/3296 4761/2760/3296 4756/2727/3295
f 4788/2794/3284 4790/2795/3284 4765/2767/3284 4764/2768/3284
f 4627/2806/3307 4536/2407/3293 4580/2470/3293 4637/2807/3307
f 4637/2630/3283 4580/2495/3283 4584/2496/3283 4658/2633/3283
f 4658/2633/3284 4584/2496/3284 4559/2463/3284 4634/2586/3284
f 4634/2586/3284 4559/2463/3284 4534/2436/3284 4608/2561/3284
f 4608/2561/3285 4534/2436/3285 4530/2437/3285 4587/2560/3285
f 4587/2808/3307 4530/2406/3293 4536/2407/3293 4627/2806/3307
f 4659/2634/3283 4585/2499/3283 4581/2500/3283 4636/2637/3283
f 4636/2607/3297 4581/2505/3301 4541/2448/3301 4632/2539/3297
f 4632/2539/3297 4541/2448/3301 4531/2449/3301 4586/2538/3297
f 4586/2565/3285 4531/2440/3285 4535/2441/3285 4609/2564/3285
f 4676/2521/3285 4533/2438/3285 4510/2439/3285 4672/2520/3285
f 4672/2656/3301 4510/2414/3297 4556/2415/3297 4682/2655/3301
f 4682/2655/3301 4556/2415/3297 4560/2475/3297 4722/2712/3301
f 4722/2707/3283 4560/2501/3283 4583/2498/3283 4726/2706/3283
f 4675/2528/3284 4532/2435/3284 4558/2462/3284 4700/2670/3284
f 4700/2670/3284 4558/2462/3284 4582/2497/3284 4725/2703/3284
f 4725/2703/3283 4582/2497/3283 4561/2494/3283 4721/2702/3283
f 4721/2677/3293 4561/2810/3307 4551/2809/3307 4677/2643/3293
f 4677/2643/3293 4551/2809/3307 4511/2811/3307 4671/2642/3293
f 4671/2529/3285 4511/2434/3285 4532/2435/3285 4675/2528/3285
f 4749/2812/3284 4673/2527/3284 4699/2669/3284 4764/2813/3284
f 4764/2813/3284 4699/2669/3284 4723/2704/3284 4788/2814/3284
f 4788/2814/3283 4723/2704/3283 4702/2701/3283 4767/2815/3283
f 4767/2816/3309 4702/2819/3307 4692/2818/3307 4757/2817/3309
f 4757/2817/3309 4692/2818/3307 4621/2821/3307 4728/2820/3309
f 4728/2822/3285 4621/2526/3285 4673/2527/3285 4749/2812/3285
f 4750/2823/3285 4674/2516/3285 4622/2517/3285 4727/2824/3285
f 4727/2825/3308 4622/2602/3297 4697/2603/3297 4762/2826/3308
f 4762/2826/3308 4697/2603/3297 4701/2682/3297 4766/2827/3308
f 4766/2828/3283 4701/2708/3283 4724/2705/3283 4789/2829/3283
f 4799/2830/3310 4800/2833/3310 4797/2832/3310 4796/2831/3310
s 0
f 4807/2834/3311 4795/2837/3311 4794/2836/3311 4806/2835/3311
s 1
f 4808/2838/3315 4800/2833/3315 4795/2840/3315 4807/2839/3315
f 4805/2841/3315 4797/2832/3315 4800/2833/3315 4808/2838/3315
f 4794/2842/3310 4795/2840/3310 4800/2833/3310 4799/2830/3310
f 4792/2843/3285 4802/2846/3285 4804/2845/3285 4798/2844/3285
s 0
f 4801/2847/3284 4803/2850/3284 4804/2849/3284 4802/2848/3284
f 4793/2851/3279 4801/2847/3279 4802/2848/3279 4792/2852/3279
s 1
f 4798/2844/3285 4808/2838/3285 4807/2839/3285 4792/2843/3285
s 0
f 4792/2852/3313 4807/2834/3313 4806/2835/3313 4793/2851/3313
f 4810/2853/3316 4811/2856/3316 4812/2855/3316 4809/2854/3316
f 4808/2838/3310 4812/2855/3310 4811/2856/3310 4805/2841/3310
s 1
f 4799/2830/3310 4796/2831/3310 4815/2832/3310 4817/2833/3310
s 0
f 4821/2834/3311 4806/2835/3311 4794/2836/3311 4814/2837/3311
s 1
f 4822/2838/3312 4821/2839/3312 4814/2840/3312 4817/2833/3312
f 4820/2841/3312 4822/2838/3312 4817/2833/3312 4815/2832/3312
f 4794/2842/3310 4799/2830/3310 4817/2833/3310 4814/2840/3310
f 4813/2843/3283 4816/2844/3283 4819/2845/3283 4818/2846/3283
s 0
f 4801/2847/3284 4818/2848/3284 4819/2849/3284 4803/2850/3284
f 4793/2851/3279 4813/2852/3279 4818/2848/3279 4801/2847/3279
s 1
f 4816/2844/3283 4813/2843/3283 4821/2839/3283 4822/2838/3283
s 0
f 4813/2852/3313 4793/2851/3313 4806/2835/3313 4821/2834/3313
f 4824/2853/3314 4823/2854/3314 4826/2855/3314 4825/2856/3314
f 4822/2838/3310 4820/2841/3310 4825/2856/3310 4826/2855/3310
s 1
f 4868/2857/3285 4862/2860/3285 4864/2859/3285 4867/2858/3285
s 0
f 4907/2861/3310 4917/2864/3310 4909/2863/3310 4908/2862/3310
s 1
f 4851/2865/3285 4849/2868/3285 4832/2867/3285 4845/2866/3285
f 4827/2869/3285 4840/2872/3285 4879/2871/3285 4876/2870/3285
f 4849/2873/3279 4850/2876/3279 4836/2875/3279 4832/2874/3279
s 0
f 4838/2877/3435 4844/2880/3435 4839/2879/3435 4828/2878/3435
s 1
f 4833/2881/3279 4832/2874/3279 4836/2875/3279 4837/2882/3279
f 4846/2883/3436 4845/2866/3436 4832/2867/3436 4833/2884/3436
s 0
f 4835/2885/3437 4834/2889/3437 4841/2888/3437 4842/2887/3437 4843/2886/3437
f 4844/2880/3284 4882/2891/3284 4880/2890/3284 4839/2879/3284
f 4828/2892/3438 4839/2893/3438 4840/2872/3438 4827/2869/3438
f 4833/2894/3284 4837/2897/3284 4847/2896/3284 4846/2895/3284
s 1
f 4828/2892/3436 4827/2869/3436 4845/2866/3436 4846/2883/3436
f 4827/2869/3285 4848/2898/3285 4851/2865/3285 4845/2866/3285
f 4851/2899/3439 4858/2902/3439 4855/2901/3439 4849/2900/3439
f 4854/2903/3285 5244/2906/3285 5247/2905/3285 4858/2904/3285
s 0
f 4849/2907/3322 4855/2910/3322 4856/2909/3322 4850/2908/3322
s 1
f 4888/2911/3285 4895/2914/3285 4886/2913/3285 4885/2912/3285
f 5247/2905/3285 5250/2917/3285 5249/2916/3285 4853/2915/3285
s 0
f 4859/2918/3310 5248/2921/3310 5251/2920/3310 4860/2919/3310
f 4853/2922/3323 5249/2926/3323 5248/2925/3323 4859/2924/3323 4852/2923/3323
s 1
f 4848/2927/3439 4854/2928/3439 4858/2902/3439 4851/2899/3439
s 0
f 4853/2922/3279 4852/2923/3279 4856/2930/3279 4855/2929/3279
f 4857/2931/3324 4860/2919/3324 5251/2920/3324 5246/2932/3324
s 1
f 4865/2933/3281 4864/2936/3281 4862/2935/3281 4863/2934/3281
f 4867/2858/3285 4864/2859/3285 4890/2938/3285 4893/2937/3285
s 0
f 4892/2939/3310 4891/2942/3310 4861/2941/3310 4866/2940/3310
s 1
f 4869/2943/3284 4863/2946/3284 4862/2945/3284 4868/2944/3284
f 4835/2885/3284 4869/2943/3284 4868/2944/3284 4834/2889/3284
f 4876/2870/3285 4877/2948/3285 4886/2913/3285 4887/2947/3285
f 4885/2912/3285 4867/2858/3285 4893/2937/3285 4888/2911/3285
f 4861/2949/3281 4891/2951/3281 4890/2950/3281 4864/2936/3281 4865/2933/3281
f 4896/2952/3285 4914/2955/3285 4913/2954/3285 4875/2953/3285
s 0
f 4842/2956/3436 4841/2959/3436 4878/2958/3436 4881/2957/3436
f 4883/2960/3284 4843/2961/3284 4842/2956/3284 4881/2957/3284
f 4880/2962/3436 4879/2871/3436 4840/2872/3436 4839/2893/3436
s 1
f 4877/2948/3285 4878/2958/3285 4841/2959/3285 4834/2963/3285
f 4848/2898/3285 4827/2869/3285 4876/2870/3285 4887/2947/3285
f 4875/2953/3285 4831/2964/3285 4848/2898/3285 4887/2947/3285
s 0
f 4880/2965/3440 4872/2968/3440 4873/2967/3440 4879/2966/3440
f 4877/2969/3441 4874/2971/3441 4878/2970/3441
f 4879/2966/3442 4873/2967/3442 4876/2972/3442
s 1
f 4887/2947/3285 4886/2913/3285 4895/2914/3285 4896/2952/3285 4875/2953/3285
f 4885/2912/3285 4886/2913/3285 4877/2948/3285 4834/2963/3285
f 4871/2973/3284 4872/2968/3284 4884/2975/3284 4870/2974/3284
f 4872/2968/3284 4871/2973/3284 4874/2971/3284 4873/2967/3284
s 0
f 4878/2970/3443 4874/2971/3443 4871/2973/3443 4881/2976/3443
f 4882/2977/3329 4884/2975/3329 4872/2968/3329 4880/2965/3329
f 4881/2976/3330 4871/2973/3330 4870/2974/3330 4883/2978/3330
s 1
f 4834/2963/3285 4868/2857/3285 4867/2858/3285 4885/2912/3285
f 5247/2905/3285 4853/2915/3285 4855/2979/3285 4858/2904/3285
s 0
f 4829/2980/3310 4857/2931/3310 5246/2932/3310 5245/2981/3310
f 4828/2878/3284 4846/2895/3284 4847/2896/3284 4838/2877/3284
f 4894/2982/3444 4896/2952/3444 4895/2914/3444
f 4893/2937/3445 4892/2984/3445 4889/2983/3445 4888/2911/3445
f 4890/2938/3446 4891/2985/3446 4892/2984/3446 4893/2937/3446
f 4894/2982/3447 4895/2914/3447 4888/2911/3447 4889/2983/3447
f 4889/2986/3335 4892/2939/3335 4866/2940/3335 4830/2987/3335
f 4898/2988/3448 4903/2991/3448 4902/2990/3448 4897/2989/3448
f 4903/2991/3449 4904/2993/3449 4901/2992/3449 4902/2990/3449
f 4901/2992/3284 4904/2993/3284 4899/2995/3284 4900/2994/3284
f 4889/2983/3450 4918/2997/3450 4916/2996/3450 4894/2982/3450
f 4894/2982/3451 4916/2996/3451 4914/2955/3451 4896/2952/3451
s 1
f 4875/2953/3285 4913/2954/3285 4911/2998/3285 4831/2964/3285
s 0
f 4905/2999/3310 4910/3002/3310 4912/3001/3310 4906/3000/3310
f 4830/3003/3281 4908/3007/3281 4909/3006/3281 4918/3005/3281 4889/3004/3281
f 4907/2861/3310 4906/3000/3310 4912/3001/3310 4915/3008/3310 4917/2864/3310
s 1
f 4913/2954/3422 4912/3001/3422 4910/3002/3422 4911/2998/3422
s 0
f 4915/3008/3452 4914/2955/3452 4916/2996/3452 4917/2864/3452
s 1
f 4914/2955/3422 4915/3008/3422 4912/3001/3422 4913/2954/3422
s 0
f 4918/2997/3453 4909/2863/3453 4917/2864/3453 4916/2996/3453
s 1
f 4919/3009/3454 4921/3012/3455 4922/3011/3455 4920/3010/3454
f 4921/3012/3455 4923/3014/3456 4924/3013/3456 4922/3011/3455
f 4923/3014/3456 4925/3016/3457 4926/3015/3457 4924/3013/3456
f 4925/3016/3457 4927/3018/3458 4928/3017/3458 4926/3015/3457
f 4927/3018/3458 4929/3020/3459 4930/3019/3459 4928/3017/3458
f 4929/3020/3459 4931/3022/3460 4932/3021/3460 4930/3019/3459
f 4931/3022/3460 4933/3024/3461 4934/3023/3461 4932/3021/3460
f 4933/3024/3461 4935/3026/3462 4936/3025/3462 4934/3023/3461
f 4935/3026/3462 4937/3028/3463 4938/3027/3463 4936/3025/3462
f 4937/3028/3463 4939/3030/3464 4940/3029/3464 4938/3027/3463
f 4939/3030/3464 4941/3032/3465 4942/3031/3465 4940/3029/3464
f 4941/3032/3465 4943/3034/3466 4944/3033/3466 4942/3031/3465
f 4943/3034/3466 4945/3036/3467 4946/3035/3467 4944/3033/3466
f 4945/3036/3467 4947/3038/3468 4948/3037/3468 4946/3035/3467
f 4947/3038/3468 4949/3040/3469 4950/3039/3469 4948/3037/3468
f 4949/3040/3469 4919/3009/3454 4920/3010/3454 4950/3039/3469
f 4929/3020/3285 4956/3042/3285 4957/3041/3285 4931/3022/3285
f 4963/3043/3470 4979/3046/3471 4980/3045/3472 4964/3044/3473
f 4939/3030/3285 4961/3048/3285 4962/3047/3285 4941/3032/3285
f 4949/3040/3285 4966/3050/3285 4951/3049/3285 4919/3009/3285
f 4925/3016/3285 4954/3052/3285 4955/3051/3285 4927/3018/3285
f 4935/3026/3285 4959/3054/3285 4960/3053/3285 4937/3028/3285
f 4945/3036/3285 4964/3044/3285 4965/3055/3285 4947/3038/3285
f 4921/3012/3285 4952/3057/3285 4953/3056/3285 4923/3014/3285
f 4931/3022/3285 4957/3041/3285 4958/3058/3285 4933/3024/3285
f 4941/3032/3285 4962/3047/3285 4963/3043/3285 4943/3034/3285
f 4927/3018/3285 4955/3051/3285 4956/3042/3285 4929/3020/3285
f 4937/3028/3285 4960/3053/3285 4961/3048/3285 4939/3030/3285
f 4947/3038/3285 4965/3055/3285 4966/3050/3285 4949/3040/3285
f 4923/3014/3285 4953/3056/3285 4954/3052/3285 4925/3016/3285
f 4933/3024/3285 4958/3058/3285 4959/3054/3285 4935/3026/3285
f 4919/3009/3285 4951/3049/3285 4952/3057/3285 4921/3012/3285
f 4943/3034/3285 4963/3043/3285 4964/3044/3285 4945/3036/3285
f 4967/3059/3474 4982/3072/3475 4981/3071/3476 4980/3045/3472 4979/3046/3471 4978/3070/3477 4977/3069/3478 4976/3068/3479 4975/3067/3480 4974/3066/3481 4973/3065/3482 4972/3064/3483 4971/3063/3484 4970/3062/3485 4969/3061/3486 4968/3060/3487
f 4956/3042/3488 4972/3064/3483 4973/3065/3482 4957/3041/3489
f 4964/3044/3473 4980/3045/3472 4981/3071/3476 4965/3055/3490
f 4957/3041/3489 4973/3065/3482 4974/3066/3481 4958/3058/3491
f 4965/3055/3490 4981/3071/3476 4982/3072/3475 4966/3050/3492
f 4958/3058/3491 4974/3066/3481 4975/3067/3480 4959/3054/3493
f 4951/3049/3494 4967/3059/3474 4968/3060/3487 4952/3057/3495
f 4966/3050/3492 4982/3072/3475 4967/3059/3474 4951/3049/3494
f 4959/3054/3493 4975/3067/3480 4976/3068/3479 4960/3053/3496
f 4952/3057/3495 4968/3060/3487 4969/3061/3486 4953/3056/3497
f 4960/3053/3496 4976/3068/3479 4977/3069/3478 4961/3048/3498
f 4953/3056/3497 4969/3061/3486 4970/3062/3485 4954/3052/3499
f 4961/3048/3498 4977/3069/3478 4978/3070/3477 4962/3047/3500
f 4954/3052/3499 4970/3062/3485 4971/3063/3484 4955/3051/3501
f 4962/3047/3500 4978/3070/3477 4979/3046/3471 4963/3043/3470
f 4955/3051/3501 4971/3063/3484 4972/3064/3483 4956/3042/3488
f 4983/3073/3454 4985/3076/3455 4986/3075/3455 4984/3074/3454
f 4985/3076/3455 4987/3078/3456 4988/3077/3456 4986/3075/3455
f 4987/3078/3456 4989/3080/3457 4990/3079/3457 4988/3077/3456
f 4989/3080/3457 4991/3082/3502 4992/3081/3502 4990/3079/3457
f 4991/3082/3502 4993/3084/3503 4994/3083/3459 4992/3081/3502
f 4993/3084/3503 4995/3086/3460 4996/3085/3460 4994/3083/3459
f 4995/3086/3460 4997/3088/3461 4998/3087/3461 4996/3085/3460
f 4997/3088/3461 4999/3090/3504 5000/3089/3504 4998/3087/3461
f 4999/3090/3504 5001/3092/3463 5002/3091/3463 5000/3089/3504
f 5001/3092/3463 5003/3094/3464 5004/3093/3464 5002/3091/3463
f 5003/3094/3464 5005/3096/3531 5006/3095/3465 5004/3093/3464
f 5005/3096/3531 5007/3098/3505 5008/3097/3505 5006/3095/3465
f 5007/3098/3505 5009/3100/3467 5010/3099/3467 5008/3097/3505
f 5009/3100/3467 5011/3102/3468 5012/3101/3468 5010/3099/3467
f 5011/3102/3468 5013/3104/3469 5014/3103/3469 5012/3101/3468
f 5013/3104/3469 4983/3073/3454 4984/3074/3454 5014/3103/3469
f 4993/3084/3285 5020/3106/3285 5021/3105/3285 4995/3086/3285
f 5027/3107/3506 5043/3110/3471 5044/3109/3472 5028/3108/3532
f 5003/3094/3285 5025/3112/3285 5026/3111/3285 5005/3096/3285
f 5013/3104/3285 5030/3114/3285 5015/3113/3285 4983/3073/3285
f 4989/3080/3285 5018/3116/3285 5019/3115/3285 4991/3082/3285
f 4999/3090/3285 5023/3118/3285 5024/3117/3285 5001/3092/3285
f 5009/3100/3285 5028/3108/3285 5029/3119/3285 5011/3102/3285
f 4985/3076/3285 5016/3121/3285 5017/3120/3285 4987/3078/3285
f 4995/3086/3285 5021/3105/3285 5022/3122/3285 4997/3088/3285
f 5005/3096/3285 5026/3111/3285 5027/3107/3285 5007/3098/3285
f 4991/3082/3285 5019/3115/3285 5020/3106/3285 4993/3084/3285
f 5001/3092/3285 5024/3117/3285 5025/3112/3285 5003/3094/3285
f 5011/3102/3285 5029/3119/3285 5030/3114/3285 5013/3104/3285
f 4987/3078/3285 5017/3120/3285 5018/3116/3285 4989/3080/3285
f 4997/3088/3285 5022/3122/3285 5023/3118/3285 4999/3090/3285
f 4983/3073/3285 5015/3113/3285 5016/3121/3285 4985/3076/3285
f 5007/3098/3285 5027/3107/3285 5028/3108/3285 5009/3100/3285
f 5031/3123/3474 5046/3136/3475 5045/3135/3476 5044/3109/3472 5043/3110/3471 5042/3134/3477 5041/3133/3478 5040/3132/3479 5039/3131/3480 5038/3130/3481 5037/3129/3482 5036/3128/3483 5035/3127/3484 5034/3126/3485 5033/3125/3486 5032/3124/3487
f 5020/3106/3488 5036/3128/3483 5037/3129/3482 5021/3105/3507
f 5028/3108/3532 5044/3109/3472 5045/3135/3476 5029/3119/3508
f 5021/3105/3507 5037/3129/3482 5038/3130/3481 5022/3122/3509
f 5029/3119/3508 5045/3135/3476 5046/3136/3475 5030/3114/3510
f 5022/3122/3509 5038/3130/3481 5039/3131/3480 5023/3118/3493
f 5015/3113/3511 5031/3123/3474 5032/3124/3487 5016/3121/3512
f 5030/3114/3510 5046/3136/3475 5031/3123/3474 5015/3113/3511
f 5023/3118/3493 5039/3131/3480 5040/3132/3479 5024/3117/3533
f 5016/3121/3512 5032/3124/3487 5033/3125/3486 5017/3120/3514
f 5024/3117/3533 5040/3132/3479 5041/3133/3478 5025/3112/3498
f 5017/3120/3514 5033/3125/3486 5034/3126/3485 5018/3116/3534
f 5025/3112/3498 5041/3133/3478 5042/3134/3477 5026/3111/3500
f 5018/3116/3534 5034/3126/3485 5035/3127/3484 5019/3115/3501
f 5026/3111/3500 5042/3134/3477 5043/3110/3471 5027/3107/3506
f 5019/3115/3501 5035/3127/3484 5036/3128/3483 5020/3106/3488
f 5058/3137/3285 5062/3140/3285 5055/3139/3285 5052/3138/3285
s 0
f 5055/3141/3405 5056/3145/3405 5050/3144/3405 5051/3143/3405 5052/3142/3405
s 1
f 5059/3146/3310 5058/3149/3310 5052/3148/3310 5051/3147/3310
s 0
f 5053/3150/3406 5054/3153/3406 5057/3152/3406 5047/3151/3406
f 5061/3154/3517 5056/3155/3517 5055/3139/3517 5062/3140/3517
s 1
f 5061/3154/3284 5060/3157/3284 5050/3156/3284 5056/3155/3284
s 0
f 5057/3152/3279 5054/3153/3279 5049/3159/3279 5048/3158/3279
s 1
f 5053/3160/3284 5047/3161/3284 5060/3157/3284 5061/3154/3284
s 0
f 5053/3160/3517 5061/3154/3517 5062/3140/3517 5054/3162/3517
s 1
f 5048/3158/3310 5049/3159/3310 5058/3149/3310 5059/3146/3310
f 5049/3163/3285 5054/3162/3285 5062/3140/3285 5058/3137/3285
f 5065/3164/3518 5070/3167/3518 5072/3166/3310 5066/3165/3310
s 0
f 5068/3168/3519 5073/3169/3519 5070/3167/3519 5065/3164/3519
s 1
f 5071/3170/3310 5079/3173/3310 5078/3172/3518 5069/3171/3518
s 0
f 5074/3174/3519 5067/3176/3519 5064/3175/3519 5069/3171/3519
f 5069/3171/3520 5078/3172/3520 5076/3177/3520 5074/3174/3520
s 1
f 5069/3171/3518 5064/3175/3518 5063/3178/3310 5071/3170/3310
f 5080/3179/3310 5072/3166/3310 5070/3167/3518 5077/3180/3518
s 0
f 5075/3181/3521 5076/3177/3521 5078/3172/3521 5077/3180/3521
s 1
f 5077/3180/3518 5078/3172/3518 5079/3173/3310 5080/3179/3310
s 0
f 5077/3180/3522 5070/3167/3522 5073/3169/3522 5075/3181/3522
s 1
f 5083/3182/3284 5084/3185/3284 5090/3184/3284 5088/3183/3284
s 0
f 5086/3186/3523 5083/3182/3523 5088/3183/3523 5091/3187/3523
s 1
f 5089/3188/3284 5087/3191/3284 5096/3190/3284 5097/3189/3284
s 0
f 5092/3192/3523 5087/3191/3523 5082/3194/3523 5085/3193/3523
f 5087/3191/3523 5092/3192/3523 5094/3195/3523 5096/3190/3523
s 1
f 5087/3191/3284 5089/3188/3284 5081/3196/3284 5082/3194/3284
f 5098/3197/3284 5095/3198/3284 5088/3183/3284 5090/3184/3284
s 0
f 5093/3199/3523 5095/3198/3523 5096/3190/3523 5094/3195/3523
s 1
f 5095/3198/3284 5098/3197/3284 5097/3189/3284 5096/3190/3284
s 0
f 5095/3198/3523 5093/3199/3523 5091/3187/3523 5088/3183/3523
s 1
f 5064/3200/3281 5082/3194/3281 5081/3196/3281 5063/3201/3281
s 0
f 5066/3202/3279 5084/3185/3279 5083/3182/3279 5065/3203/3279
s 1
f 5067/3204/3281 5085/3193/3281 5082/3194/3281 5064/3200/3281
s 0
f 5065/3203/3279 5083/3182/3279 5086/3186/3279 5068/3205/3279
f 5068/3205/3524 5086/3186/3524 5091/3187/3524 5073/3206/3524
f 5074/3207/3524 5092/3192/3524 5085/3193/3524 5067/3204/3524
f 5075/3208/3524 5093/3199/3524 5094/3195/3524 5076/3209/3524
f 5073/3206/3525 5091/3187/3525 5093/3199/3525 5075/3208/3525
f 5076/3209/3526 5094/3195/3526 5092/3192/3526 5074/3207/3526
f 5111/3210/3417 5101/3213/3417 5102/3212/3417 5112/3211/3417
s 1
f 5113/3214/3281 5114/3217/3281 5105/3216/3281 5103/3215/3281
f 5115/3218/3523 5107/3221/3523 5105/3220/3523 5114/3219/3523
f 5109/3222/3310 5108/3225/3310 5106/3224/3310 5104/3223/3310
f 5107/3221/3284 5110/3227/3284 5103/3226/3284 5105/3220/3284
f 5102/3228/3284 5101/3229/3284 5110/3227/3284 5107/3221/3284
f 5099/3230/3310 5100/3231/3310 5108/3225/3310 5109/3222/3310
f 5112/3232/3523 5102/3228/3523 5107/3221/3523 5115/3218/3523
f 5100/3231/3285 5112/3232/3285 5115/3218/3285 5108/3225/3285
f 5108/3225/3285 5115/3218/3285 5114/3219/3285 5106/3224/3285
f 5104/3233/3281 5106/3234/3281 5114/3217/3281 5113/3214/3281
s 0
f 5099/3235/3418 5111/3210/3418 5112/3211/3418 5100/3236/3418
s 1
f 5116/3237/3285 5117/3240/3285 5119/3239/3423 5118/3238/3423
f 5118/3238/3423 5119/3239/3423 5121/3242/3422 5120/3241/3422
f 5120/3241/3422 5121/3242/3422 5123/3244/3421 5122/3243/3421
f 5122/3243/3421 5123/3244/3421 5125/3246/3310 5124/3245/3310
f 5124/3247/3310 5125/3250/3310 5127/3249/3420 5126/3248/3420
f 5126/3248/3420 5127/3249/3420 5129/3252/3340 5128/3251/3340
f 5128/3251/3340 5129/3252/3340 5131/3254/3419 5130/3253/3419
f 5130/3253/3419 5131/3254/3419 5133/3256/3283 5132/3255/3283
f 5132/3255/3283 5133/3256/3283 5135/3258/3429 5134/3257/3429
f 5134/3257/3429 5135/3258/3429 5137/3260/3428 5136/3259/3428
f 5136/3259/3428 5137/3260/3428 5139/3262/3427 5138/3261/3427
f 5138/3261/3427 5139/3262/3427 5141/3264/3284 5140/3263/3284
f 5140/3263/3284 5141/3264/3284 5143/3266/3426 5142/3265/3426
f 5142/3265/3426 5143/3266/3426 5145/3268/3425 5144/3267/3425
s 0
f 5119/3269/3281 5117/3284/3281 5147/3283/3281 5145/3282/3281 5143/3281/3281 5141/3280/3281 5139/3279/3281 5137/3278/3281 5135/3277/3281 5133/3276/3281 5131/3275/3281 5129/3274/3281 5127/3273/3281 5125/3272/3281 5123/3271/3281 5121/3270/3281
s 1
f 5144/3267/3425 5145/3268/3425 5147/3286/3424 5146/3285/3424
f 5146/3285/3424 5147/3286/3424 5117/3240/3285 5116/3237/3285
f 5126/3287/3279 5128/3290/3279 5154/3289/3279 5153/3288/3279
f 5153/3288/3426 5154/3289/3425 5170/3292/3425 5169/3291/3426
f 5136/3293/3279 5138/3296/3279 5159/3295/3279 5158/3294/3279
f 5146/3297/3279 5116/3300/3279 5148/3299/3279 5163/3298/3279
f 5122/3301/3279 5124/3304/3279 5152/3303/3279 5151/3302/3279
f 5132/3305/3279 5134/3308/3279 5157/3307/3279 5156/3306/3279
f 5142/3309/3279 5144/3312/3279 5162/3311/3279 5161/3310/3279
f 5118/3313/3279 5120/3316/3279 5150/3315/3279 5149/3314/3279
f 5128/3290/3279 5130/3318/3279 5155/3317/3279 5154/3289/3279
f 5138/3296/3279 5140/3320/3279 5160/3319/3279 5159/3295/3279
f 5124/3321/3279 5126/3287/3279 5153/3288/3279 5152/3322/3279
f 5134/3308/3279 5136/3293/3279 5158/3294/3279 5157/3307/3279
f 5144/3312/3279 5146/3297/3279 5163/3298/3279 5162/3311/3279
f 5120/3316/3279 5122/3301/3279 5151/3302/3279 5150/3315/3279
f 5130/3318/3279 5132/3305/3279 5156/3306/3279 5155/3317/3279
f 5116/3300/3279 5118/3313/3279 5149/3314/3279 5148/3299/3279
f 5140/3320/3279 5142/3309/3279 5161/3310/3279 5160/3319/3279
s 0
f 5164/3323/3279 5165/3338/3279 5166/3337/3279 5167/3336/3279 5168/3335/3279 5169/3334/3279 5170/3333/3279 5171/3332/3279 5172/3331/3279 5173/3330/3279 5174/3329/3279 5175/3328/3279 5176/3327/3279 5177/3326/3279 5178/3325/3279 5179/3324/3279
s 1
f 5161/3310/3420 5162/3311/3340 5178/3340/3340 5177/3339/3420
f 5154/3289/3425 5155/3317/3424 5171/3341/3424 5170/3292/3425
f 5162/3311/3340 5163/3298/3419 5179/3342/3419 5178/3340/3340
f 5155/3317/3424 5156/3306/3285 5172/3343/3285 5171/3341/3424
f 5148/3299/3283 5149/3314/3429 5165/3345/3429 5164/3344/3283
f 5163/3298/3419 5148/3299/3283 5164/3344/3283 5179/3342/3419
f 5156/3306/3285 5157/3307/3423 5173/3346/3423 5172/3343/3285
f 5149/3314/3429 5150/3315/3428 5166/3347/3428 5165/3345/3429
f 5157/3307/3423 5158/3294/3422 5174/3348/3422 5173/3346/3423
f 5150/3315/3428 5151/3302/3427 5167/3349/3427 5166/3347/3428
f 5158/3294/3422 5159/3295/3421 5175/3350/3421 5174/3348/3422
f 5151/3302/3427 5152/3303/3284 5168/3351/3284 5167/3349/3427
f 5159/3295/3421 5160/3319/3310 5176/3352/3310 5175/3350/3421
f 5152/3322/3284 5153/3288/3426 5169/3291/3426 5168/3353/3284
f 5160/3319/3310 5161/3310/3420 5177/3339/3420 5176/3352/3310
f 5180/3354/3285 5181/3357/3285 5183/3356/3423 5182/3355/3423
f 5182/3355/3423 5183/3356/3423 5185/3359/3422 5184/3358/3422
f 5184/3358/3422 5185/3359/3422 5187/3361/3421 5186/3360/3421
f 5186/3360/3421 5187/3361/3421 5189/3363/3310 5188/3362/3310
f 5188/3364/3310 5189/3367/3310 5191/3366/3420 5190/3365/3420
f 5190/3365/3420 5191/3366/3420 5193/3369/3340 5192/3368/3340
f 5192/3368/3340 5193/3369/3340 5195/3371/3419 5194/3370/3419
f 5194/3370/3419 5195/3371/3419 5197/3373/3283 5196/3372/3283
f 5196/3372/3283 5197/3373/3283 5199/3375/3429 5198/3374/3429
f 5198/3374/3429 5199/3375/3429 5201/3377/3428 5200/3376/3428
f 5200/3376/3428 5201/3377/3428 5203/3379/3427 5202/3378/3427
f 5202/3378/3427 5203/3379/3427 5205/3381/3284 5204/3380/3284
f 5204/3380/3284 5205/3381/3284 5207/3383/3426 5206/3382/3426
f 5206/3382/3426 5207/3383/3426 5209/3385/3425 5208/3384/3425
s 0
f 5183/3386/3281 5181/3401/3281 5211/3400/3281 5209/3399/3281 5207/3398/3281 5205/3397/3281 5203/3396/3281 5201/3395/3281 5199/3394/3281 5197/3393/3281 5195/3392/3281 5193/3391/3281 5191/3390/3281 5189/3389/3281 5187/3388/3281 5185/3387/3281
s 1
f 5208/3384/3425 5209/3385/3425 5211/3403/3424 5210/3402/3424
f 5210/3402/3424 5211/3403/3424 5181/3357/3285 5180/3354/3285
f 5190/3404/3279 5192/3407/3279 5218/3406/3279 5217/3405/3279
f 5217/3405/3426 5218/3406/3425 5234/3409/3425 5233/3408/3426
f 5200/3410/3279 5202/3413/3279 5223/3412/3279 5222/3411/3279
f 5210/3414/3279 5180/3417/3279 5212/3416/3279 5227/3415/3279
f 5186/3418/3279 5188/3421/3279 5216/3420/3279 5215/3419/3279
f 5196/3422/3279 5198/3425/3279 5221/3424/3279 5220/3423/3279
f 5206/3426/3279 5208/3429/3279 5226/3428/3279 5225/3427/3279
f 5182/3430/3279 5184/3433/3279 5214/3432/3279 5213/3431/3279
f 5192/3407/3279 5194/3435/3279 5219/3434/3279 5218/3406/3279
f 5202/3413/3279 5204/3437/3279 5224/3436/3279 5223/3412/3279
f 5188/3438/3279 5190/3404/3279 5217/3405/3279 5216/3439/3279
f 5198/3425/3279 5200/3410/3279 5222/3411/3279 5221/3424/3279
f 5208/3429/3279 5210/3414/3279 5227/3415/3279 5226/3428/3279
f 5184/3433/3279 5186/3418/3279 5215/3419/3279 5214/3432/3279
f 5194/3435/3279 5196/3422/3279 5220/3423/3279 5219/3434/3279
f 5180/3417/3279 5182/3430/3279 5213/3431/3279 5212/3416/3279
f 5204/3437/3279 5206/3426/3279 5225/3427/3279 5224/3436/3279
s 0
f 5228/3440/3279 5229/3455/3279 5230/3454/3279 5231/3453/3279 5232/3452/3279 5233/3451/3279 5234/3450/3279 5235/3449/3279 5236/3448/3279 5237/3447/3279 5238/3446/3279 5239/3445/3279 5240/3444/3279 5241/3443/3279 5242/3442/3279 5243/3441/3279
s 1
f 5225/3427/3420 5226/3428/3340 5242/3457/3340 5241/3456/3420
f 5218/3406/3425 5219/3434/3424 5235/3458/3424 5234/3409/3425
f 5226/3428/3340 5227/3415/3419 5243/3459/3419 5242/3457/3340
f 5219/3434/3424 5220/3423/3285 5236/3460/3285 5235/3458/3424
f 5212/3416/3283 5213/3431/3429 5229/3462/3429 5228/3461/3283
f 5227/3415/3419 5212/3416/3283 5228/3461/3283 5243/3459/3419
f 5220/3423/3285 5221/3424/3423 5237/3463/3423 5236/3460/3285
f 5213/3431/3429 5214/3432/3428 5230/3464/3428 5229/3462/3429
f 5221/3424/3423 5222/3411/3422 5238/3465/3422 5237/3463/3423
f 5214/3432/3428 5215/3419/3427 5231/3466/3427 5230/3464/3428
f 5222/3411/3422 5223/3412/3421 5239/3467/3421 5238/3465/3422
f 5215/3419/3427 5216/3420/3284 5232/3468/3284 5231/3466/3427
f 5223/3412/3421 5224/3436/3310 5240/3469/3310 5239/3467/3421
f 5216/3439/3284 5217/3405/3426 5233/3408/3426 5232/3470/3284
f 5224/3436/3310 5225/3427/3420 5241/3456/3420 5240/3469/3310
s 0
f 5244/3471/3527 4831/3473/3527 5245/3472/3527
f 5248/2921/3422 5249/2916/3422 5250/2917/3422 5251/2920/3422
f 5247/2905/3528 5246/2932/3528 5251/2920/3528 5250/2917/3528
f 5246/2932/3422 5247/2905/3422 5244/2906/3422 5245/2981/3422
f 4831/3473/3529 5244/3471/3529 4854/3475/3529 4848/3474/3529
f 4829/3476/3433 5245/3472/3433 4910/3478/3433 4905/3477/3433
f 5245/3472/3530 4831/3473/3530 4911/3479/3530 4910/3478/3530
s 1
f 4876/2972/3284 4873/2967/3284 4874/2971/3284 4877/2969/3284
f 5274/2857/3283 5273/2858/3283 5272/2859/3283 5271/2860/3283
s 0
f 4907/2861/3310 4908/2862/3310 5304/2863/3310 5312/2864/3310
s 1
f 5266/2865/3283 5262/2866/3283 5255/2867/3283 5265/2868/3283
f 5252/2869/3283 5280/2870/3283 5283/2871/3283 5259/2872/3283
f 5265/2873/3279 5255/2874/3279 4836/2875/3279 4850/2876/3279
s 0
f 4838/2877/3317 5253/2878/3317 5258/2879/3317 4844/2880/3317
s 1
f 5256/2881/3279 4837/2882/3279 4836/2875/3279 5255/2874/3279
f 5263/2883/3318 5256/2884/3318 5255/2867/3318 5262/2866/3318
s 0
f 4835/2885/3319 4843/2886/3319 5261/2887/3319 5260/2888/3319 5257/2889/3319
f 4844/2880/3284 5258/2879/3284 5284/2890/3284 4882/2891/3284
f 5253/2892/3320 5252/2869/3320 5259/2872/3320 5258/2893/3320
f 5256/2894/3284 5263/2895/3284 4847/2896/3284 4837/2897/3284
s 1
f 5253/2892/3318 5263/2883/3318 5262/2866/3318 5252/2869/3318
f 5252/2869/3283 5262/2866/3283 5266/2865/3283 5264/2898/3283
f 5266/2899/3321 5265/2900/3321 5269/2901/3321 5270/2902/3321
f 5268/2903/3283 5270/2904/3283 5615/2905/3283 5612/2906/3283
s 0
f 5265/2907/3322 4850/2908/3322 4856/2909/3322 5269/2910/3322
s 1
f 5289/2911/3283 5286/2912/3283 5287/2913/3283 5296/2914/3283
f 5615/2905/3283 5267/2915/3283 5617/2916/3283 5618/2917/3283
s 0
f 4859/2918/3310 4860/2919/3310 5619/2920/3310 5616/2921/3310
f 5267/2922/3323 4852/2923/3323 4859/2924/3323 5616/2925/3323 5617/2926/3323
s 1
f 5264/2927/3321 5266/2899/3321 5270/2902/3321 5268/2928/3321
s 0
f 5267/2922/3279 5269/2929/3279 4856/2930/3279 4852/2923/3279
f 4857/2931/3324 5614/2932/3324 5619/2920/3324 4860/2919/3324
s 1
f 4865/2933/3281 4863/2934/3281 5271/2935/3281 5272/2936/3281
f 5273/2858/3283 5294/2937/3283 5291/2938/3283 5272/2859/3283
s 0
f 5293/2939/3310 4866/2940/3310 4861/2941/3310 5292/2942/3310
s 1
f 4869/2943/3284 5274/2944/3284 5271/2945/3284 4863/2946/3284
f 4835/2885/3284 5257/2889/3284 5274/2944/3284 4869/2943/3284
f 5280/2870/3283 5288/2947/3283 5287/2913/3283 5281/2948/3283
f 5286/2912/3283 5289/2911/3283 5294/2937/3283 5273/2858/3283
f 4861/2949/3281 4865/2933/3281 5272/2936/3281 5291/2950/3281 5292/2951/3281
f 5297/2952/3283 5279/2953/3283 5308/2954/3283 5309/2955/3283
s 0
f 5261/2956/3318 5285/2957/3318 5282/2958/3318 5260/2959/3318
f 4883/2960/3284 5285/2957/3284 5261/2956/3284 4843/2961/3284
f 5284/2962/3318 5258/2893/3318 5259/2872/3318 5283/2871/3318
s 1
f 5281/2948/3283 5257/2963/3283 5260/2959/3283 5282/2958/3283
f 5264/2898/3283 5288/2947/3283 5280/2870/3283 5252/2869/3283
f 5279/2953/3283 5288/2947/3283 5264/2898/3283 5254/2964/3283
s 0
f 5284/2965/3325 5283/2966/3325 5277/2967/3325 5276/2968/3325
f 5281/2969/3326 5282/2970/3326 5278/2971/3326
f 5283/2966/3327 5280/2972/3327 5277/2967/3327
s 1
f 5288/2947/3283 5279/2953/3283 5297/2952/3283 5296/2914/3283 5287/2913/3283
f 5286/2912/3283 5257/2963/3283 5281/2948/3283 5287/2913/3283
f 5275/2973/3284 4870/2974/3284 4884/2975/3284 5276/2968/3284
f 5276/2968/3284 5277/2967/3284 5278/2971/3284 5275/2973/3284
s 0
f 5282/2970/3328 5285/2976/3328 5275/2973/3328 5278/2971/3328
f 4882/2977/3329 5284/2965/3329 5276/2968/3329 4884/2975/3329
f 5285/2976/3330 4883/2978/3330 4870/2974/3330 5275/2973/3330
s 1
f 5257/2963/3283 5286/2912/3283 5273/2858/3283 5274/2857/3283
f 5615/2905/3283 5270/2904/3283 5269/2979/3283 5267/2915/3283
s 0
f 4829/2980/3310 5613/2981/3310 5614/2932/3310 4857/2931/3310
f 5253/2878/3284 4838/2877/3284 4847/2896/3284 5263/2895/3284
f 5295/2982/3331 5296/2914/3331 5297/2952/3331
f 5294/2937/3332 5289/2911/3332 5290/2983/3332 5293/2984/3332
f 5291/2938/3333 5294/2937/3333 5293/2984/3333 5292/2985/3333
f 5295/2982/3334 5290/2983/3334 5289/2911/3334 5296/2914/3334
f 5290/2986/3335 4830/2987/3335 4866/2940/3335 5293/2939/3335
f 5299/2988/3336 5298/2989/3336 5301/2990/3336 5302/2991/3336
f 5302/2991/3337 5301/2990/3337 5300/2992/3337 5303/2993/3337
f 5300/2992/3284 4900/2994/3284 4899/2995/3284 5303/2993/3284
f 5290/2983/3338 5295/2982/3338 5311/2996/3338 5313/2997/3338
f 5295/2982/3339 5297/2952/3339 5309/2955/3339 5311/2996/3339
s 1
f 5279/2953/3283 5254/2964/3283 5306/2998/3283 5308/2954/3283
s 0
f 4905/2999/3310 4906/3000/3310 5307/3001/3310 5305/3002/3310
f 4830/3003/3281 5290/3004/3281 5313/3005/3281 5304/3006/3281 4908/3007/3281
f 4907/2861/3310 5312/2864/3310 5310/3008/3310 5307/3001/3310 4906/3000/3310
s 1
f 5308/2954/3340 5306/2998/3340 5305/3002/3340 5307/3001/3340
s 0
f 5310/3008/3341 5312/2864/3341 5311/2996/3341 5309/2955/3341
s 1
f 5309/2955/3340 5308/2954/3340 5307/3001/3340 5310/3008/3340
s 0
f 5313/2997/3342 5311/2996/3342 5312/2864/3342 5304/2863/3342
s 1
f 5314/3009/3343 5315/3010/3343 5317/3011/3344 5316/3012/3344
f 5316/3012/3344 5317/3011/3344 5319/3013/3345 5318/3014/3345
f 5318/3014/3345 5319/3013/3345 5321/3015/3346 5320/3016/3346
f 5320/3016/3346 5321/3015/3346 5323/3017/3347 5322/3018/3347
f 5322/3018/3347 5323/3017/3347 5325/3019/3348 5324/3020/3348
f 5324/3020/3348 5325/3019/3348 5327/3021/3349 5326/3022/3349
f 5326/3022/3349 5327/3021/3349 5329/3023/3350 5328/3024/3350
f 5328/3024/3350 5329/3023/3350 5331/3025/3351 5330/3026/3351
f 5330/3026/3351 5331/3025/3351 5333/3027/3352 5332/3028/3352
f 5332/3028/3352 5333/3027/3352 5335/3029/3353 5334/3030/3353
f 5334/3030/3353 5335/3029/3353 5337/3031/3354 5336/3032/3354
f 5336/3032/3354 5337/3031/3354 5339/3033/3355 5338/3034/3355
f 5338/3034/3355 5339/3033/3355 5341/3035/3356 5340/3036/3356
f 5340/3036/3356 5341/3035/3356 5343/3037/3357 5342/3038/3357
f 5342/3038/3357 5343/3037/3357 5345/3039/3358 5344/3040/3358
f 5344/3040/3358 5345/3039/3358 5315/3010/3343 5314/3009/3343
f 5324/3020/3283 5326/3022/3283 5352/3041/3283 5351/3042/3283
f 5358/3043/3359 5359/3044/3360 5375/3045/3361 5374/3046/3362
f 5334/3030/3283 5336/3032/3283 5357/3047/3283 5356/3048/3283
f 5344/3040/3283 5314/3009/3283 5346/3049/3283 5361/3050/3283
f 5320/3016/3283 5322/3018/3283 5350/3051/3283 5349/3052/3283
f 5330/3026/3283 5332/3028/3283 5355/3053/3283 5354/3054/3283
f 5340/3036/3283 5342/3038/3283 5360/3055/3283 5359/3044/3283
f 5316/3012/3283 5318/3014/3283 5348/3056/3283 5347/3057/3283
f 5326/3022/3283 5328/3024/3283 5353/3058/3283 5352/3041/3283
f 5336/3032/3283 5338/3034/3283 5358/3043/3283 5357/3047/3283
f 5322/3018/3283 5324/3020/3283 5351/3042/3283 5350/3051/3283
f 5332/3028/3283 5334/3030/3283 5356/3048/3283 5355/3053/3283
f 5342/3038/3283 5344/3040/3283 5361/3050/3283 5360/3055/3283
f 5318/3014/3283 5320/3016/3283 5349/3052/3283 5348/3056/3283
f 5328/3024/3283 5330/3026/3283 5354/3054/3283 5353/3058/3283
f 5314/3009/3283 5316/3012/3283 5347/3057/3283 5346/3049/3283
f 5338/3034/3283 5340/3036/3283 5359/3044/3283 5358/3043/3283
f 5362/3059/3363 5363/3060/3364 5364/3061/3365 5365/3062/3366 5366/3063/3367 5367/3064/3368 5368/3065/3369 5369/3066/3370 5370/3067/3371 5371/3068/3372 5372/3069/3373 5373/3070/3374 5374/3046/3362 5375/3045/3361 5376/3071/3375 5377/3072/3376
f 5351/3042/3377 5352/3041/3378 5368/3065/3369 5367/3064/3368
f 5359/3044/3360 5360/3055/3379 5376/3071/3375 5375/3045/3361
f 5352/3041/3378 5353/3058/3380 5369/3066/3370 5368/3065/3369
f 5360/3055/3379 5361/3050/3381 5377/3072/3376 5376/3071/3375
f 5353/3058/3380 5354/3054/3382 5370/3067/3371 5369/3066/3370
f 5346/3049/3383 5347/3057/3384 5363/3060/3364 5362/3059/3363
f 5361/3050/3381 5346/3049/3383 5362/3059/3363 5377/3072/3376
f 5354/3054/3382 5355/3053/3385 5371/3068/3372 5370/3067/3371
f 5347/3057/3384 5348/3056/3386 5364/3061/3365 5363/3060/3364
f 5355/3053/3385 5356/3048/3387 5372/3069/3373 5371/3068/3372
f 5348/3056/3386 5349/3052/3388 5365/3062/3366 5364/3061/3365
f 5356/3048/3387 5357/3047/3389 5373/3070/3374 5372/3069/3373
f 5349/3052/3388 5350/3051/3390 5366/3063/3367 5365/3062/3366
f 5357/3047/3389 5358/3043/3359 5374/3046/3362 5373/3070/3374
f 5350/3051/3390 5351/3042/3377 5367/3064/3368 5366/3063/3367
f 5378/3073/3343 5379/3074/3343 5381/3075/3344 5380/3076/3344
f 5380/3076/3344 5381/3075/3344 5383/3077/3345 5382/3078/3345
f 5382/3078/3345 5383/3077/3345 5385/3079/3346 5384/3080/3346
f 5384/3080/3346 5385/3079/3346 5387/3081/3391 5386/3082/3391
f 5386/3082/3391 5387/3081/3391 5389/3083/3348 5388/3084/3392
f 5388/3084/3392 5389/3083/3348 5391/3085/3349 5390/3086/3349
f 5390/3086/3349 5391/3085/3349 5393/3087/3350 5392/3088/3350
f 5392/3088/3350 5393/3087/3350 5395/3089/3393 5394/3090/3393
f 5394/3090/3393 5395/3089/3393 5397/3091/3352 5396/3092/3352
f 5396/3092/3352 5397/3091/3352 5399/3093/3353 5398/3094/3353
f 5398/3094/3353 5399/3093/3353 5401/3095/3354 5400/3096/3394
f 5400/3096/3394 5401/3095/3354 5403/3097/3355 5402/3098/3355
f 5402/3098/3355 5403/3097/3355 5405/3099/3356 5404/3100/3356
f 5404/3100/3356 5405/3099/3356 5407/3101/3357 5406/3102/3357
f 5406/3102/3357 5407/3101/3357 5409/3103/3358 5408/3104/3358
f 5408/3104/3358 5409/3103/3358 5379/3074/3343 5378/3073/3343
f 5388/3084/3283 5390/3086/3283 5416/3105/3283 5415/3106/3283
f 5422/3107/3395 5423/3108/3360 5439/3109/3361 5438/3110/3362
f 5398/3094/3283 5400/3096/3283 5421/3111/3283 5420/3112/3283
f 5408/3104/3283 5378/3073/3283 5410/3113/3283 5425/3114/3283
f 5384/3080/3283 5386/3082/3283 5414/3115/3283 5413/3116/3283
f 5394/3090/3283 5396/3092/3283 5419/3117/3283 5418/3118/3283
f 5404/3100/3283 5406/3102/3283 5424/3119/3283 5423/3108/3283
f 5380/3076/3283 5382/3078/3283 5412/3120/3283 5411/3121/3283
f 5390/3086/3283 5392/3088/3283 5417/3122/3283 5416/3105/3283
f 5400/3096/3283 5402/3098/3283 5422/3107/3283 5421/3111/3283
f 5386/3082/3283 5388/3084/3283 5415/3106/3283 5414/3115/3283
f 5396/3092/3283 5398/3094/3283 5420/3112/3283 5419/3117/3283
f 5406/3102/3283 5408/3104/3283 5425/3114/3283 5424/3119/3283
f 5382/3078/3283 5384/3080/3283 5413/3116/3283 5412/3120/3283
f 5392/3088/3283 5394/3090/3283 5418/3118/3283 5417/3122/3283
f 5378/3073/3283 5380/3076/3283 5411/3121/3283 5410/3113/3283
f 5402/3098/3283 5404/3100/3283 5423/3108/3283 5422/3107/3283
f 5426/3123/3363 5427/3124/3364 5428/3125/3365 5429/3126/3366 5430/3127/3367 5431/3128/3368 5432/3129/3369 5433/3130/3370 5434/3131/3371 5435/3132/3372 5436/3133/3373 5437/3134/3374 5438/3110/3362 5439/3109/3361 5440/3135/3375 5441/3136/3376
f 5415/3106/3377 5416/3105/3535 5432/3129/3369 5431/3128/3368
f 5423/3108/3360 5424/3119/3397 5440/3135/3375 5439/3109/3361
f 5416/3105/3535 5417/3122/3398 5433/3130/3370 5432/3129/3369
f 5424/3119/3397 5425/3114/3399 5441/3136/3376 5440/3135/3375
f 5417/3122/3398 5418/3118/3382 5434/3131/3371 5433/3130/3370
f 5410/3113/3400 5411/3121/3401 5427/3124/3364 5426/3123/3363
f 5425/3114/3399 5410/3113/3400 5426/3123/3363 5441/3136/3376
f 5418/3118/3382 5419/3117/3402 5435/3132/3372 5434/3131/3371
f 5411/3121/3401 5412/3120/3403 5428/3125/3365 5427/3124/3364
f 5419/3117/3402 5420/3112/3387 5436/3133/3373 5435/3132/3372
f 5412/3120/3403 5413/3116/3536 5429/3126/3366 5428/3125/3365
f 5420/3112/3387 5421/3111/3389 5437/3134/3374 5436/3133/3373
f 5413/3116/3536 5414/3115/3390 5430/3127/3367 5429/3126/3366
f 5421/3111/3389 5422/3107/3395 5438/3110/3362 5437/3134/3374
f 5414/3115/3390 5415/3106/3377 5431/3128/3368 5430/3127/3367
f 5448/3137/3283 5443/3138/3283 5446/3139/3283 5450/3140/3283
s 0
f 5446/3141/3405 5443/3142/3405 5051/3143/3405 5050/3144/3405 5447/3145/3405
s 1
f 5059/3146/3310 5051/3147/3310 5443/3148/3310 5448/3149/3310
s 0
f 5444/3150/3406 5047/3151/3406 5057/3152/3406 5445/3153/3406
f 5449/3154/3407 5450/3140/3407 5446/3139/3407 5447/3155/3407
s 1
f 5449/3154/3284 5447/3155/3284 5050/3156/3284 5060/3157/3284
s 0
f 5057/3152/3279 5048/3158/3279 5442/3159/3279 5445/3153/3279
s 1
f 5444/3160/3284 5449/3154/3284 5060/3157/3284 5047/3161/3284
s 0
f 5444/3160/3407 5445/3162/3407 5450/3140/3407 5449/3154/3407
s 1
f 5048/3158/3310 5059/3146/3310 5448/3149/3310 5442/3159/3310
f 5442/3163/3283 5448/3137/3283 5450/3140/3283 5445/3162/3283
f 5452/3164/3408 5066/3165/3310 5072/3166/3310 5456/3167/3408
s 0
f 5454/3168/3409 5452/3164/3409 5456/3167/3409 5457/3169/3409
s 1
f 5071/3170/3310 5455/3171/3408 5462/3172/3408 5079/3173/3310
s 0
f 5458/3174/3409 5455/3171/3409 5451/3175/3409 5453/3176/3409
f 5455/3171/3410 5458/3174/3410 5460/3177/3410 5462/3172/3410
s 1
f 5455/3171/3408 5071/3170/3310 5063/3178/3310 5451/3175/3408
f 5080/3179/3310 5461/3180/3408 5456/3167/3408 5072/3166/3310
s 0
f 5459/3181/3411 5461/3180/3411 5462/3172/3411 5460/3177/3411
s 1
f 5461/3180/3408 5080/3179/3310 5079/3173/3310 5462/3172/3408
s 0
f 5461/3180/3412 5459/3181/3412 5457/3169/3412 5456/3167/3412
s 1
f 5464/3182/3284 5468/3183/3284 5090/3184/3284 5084/3185/3284
s 0
f 5466/3186/3413 5469/3187/3413 5468/3183/3413 5464/3182/3413
s 1
f 5089/3188/3284 5097/3189/3284 5474/3190/3284 5467/3191/3284
s 0
f 5470/3192/3413 5465/3193/3413 5463/3194/3413 5467/3191/3413
f 5467/3191/3413 5474/3190/3413 5472/3195/3413 5470/3192/3413
s 1
f 5467/3191/3284 5463/3194/3284 5081/3196/3284 5089/3188/3284
f 5098/3197/3284 5090/3184/3284 5468/3183/3284 5473/3198/3284
s 0
f 5471/3199/3413 5472/3195/3413 5474/3190/3413 5473/3198/3413
s 1
f 5473/3198/3284 5474/3190/3284 5097/3189/3284 5098/3197/3284
s 0
f 5473/3198/3413 5468/3183/3413 5469/3187/3413 5471/3199/3413
s 1
f 5451/3200/3281 5063/3201/3281 5081/3196/3281 5463/3194/3281
s 0
f 5066/3202/3279 5452/3203/3279 5464/3182/3279 5084/3185/3279
s 1
f 5453/3204/3281 5451/3200/3281 5463/3194/3281 5465/3193/3281
s 0
f 5452/3203/3279 5454/3205/3279 5466/3186/3279 5464/3182/3279
f 5454/3205/3414 5457/3206/3414 5469/3187/3414 5466/3186/3414
f 5458/3207/3414 5453/3204/3414 5465/3193/3414 5470/3192/3414
f 5459/3208/3414 5460/3209/3414 5472/3195/3414 5471/3199/3414
f 5457/3206/3415 5459/3208/3415 5471/3199/3415 5469/3187/3415
f 5460/3209/3416 5458/3207/3416 5470/3192/3416 5472/3195/3416
f 5111/3210/3417 5481/3211/3417 5476/3212/3417 5101/3213/3417
s 1
f 5113/3214/3281 5103/3215/3281 5477/3216/3281 5482/3217/3281
f 5483/3218/3413 5482/3219/3413 5477/3220/3413 5479/3221/3413
f 5109/3222/3310 5104/3223/3310 5478/3224/3310 5480/3225/3310
f 5479/3221/3284 5477/3220/3284 5103/3226/3284 5110/3227/3284
f 5476/3228/3284 5479/3221/3284 5110/3227/3284 5101/3229/3284
f 5099/3230/3310 5109/3222/3310 5480/3225/3310 5475/3231/3310
f 5481/3232/3413 5483/3218/3413 5479/3221/3413 5476/3228/3413
f 5475/3231/3283 5480/3225/3283 5483/3218/3283 5481/3232/3283
f 5480/3225/3283 5478/3224/3283 5482/3219/3283 5483/3218/3283
f 5104/3233/3281 5113/3214/3281 5482/3217/3281 5478/3234/3281
s 0
f 5099/3235/3418 5475/3236/3418 5481/3211/3418 5111/3210/3418
s 1
f 5484/3237/3283 5486/3238/3419 5487/3239/3419 5485/3240/3283
f 5486/3238/3419 5488/3241/3340 5489/3242/3340 5487/3239/3419
f 5488/3241/3340 5490/3243/3420 5491/3244/3420 5489/3242/3340
f 5490/3243/3420 5492/3245/3310 5493/3246/3310 5491/3244/3420
f 5492/3247/3310 5494/3248/3421 5495/3249/3421 5493/3250/3310
f 5494/3248/3421 5496/3251/3422 5497/3252/3422 5495/3249/3421
f 5496/3251/3422 5498/3253/3423 5499/3254/3423 5497/3252/3422
f 5498/3253/3423 5500/3255/3285 5501/3256/3285 5499/3254/3423
f 5500/3255/3285 5502/3257/3424 5503/3258/3424 5501/3256/3285
f 5502/3257/3424 5504/3259/3425 5505/3260/3425 5503/3258/3424
f 5504/3259/3425 5506/3261/3426 5507/3262/3426 5505/3260/3425
f 5506/3261/3426 5508/3263/3284 5509/3264/3284 5507/3262/3426
f 5508/3263/3284 5510/3265/3427 5511/3266/3427 5509/3264/3284
f 5510/3265/3427 5512/3267/3428 5513/3268/3428 5511/3266/3427
s 0
f 5487/3269/3281 5489/3270/3281 5491/3271/3281 5493/3272/3281 5495/3273/3281 5497/3274/3281 5499/3275/3281 5501/3276/3281 5503/3277/3281 5505/3278/3281 5507/3279/3281 5509/3280/3281 5511/3281/3281 5513/3282/3281 5515/3283/3281 5485/3284/3281
s 1
f 5512/3267/3428 5514/3285/3429 5515/3286/3429 5513/3268/3428
f 5514/3285/3429 5484/3237/3283 5485/3240/3283 5515/3286/3429
f 5494/3287/3279 5521/3288/3279 5522/3289/3279 5496/3290/3279
f 5521/3288/3427 5537/3291/3427 5538/3292/3428 5522/3289/3428
f 5504/3293/3279 5526/3294/3279 5527/3295/3279 5506/3296/3279
f 5514/3297/3279 5531/3298/3279 5516/3299/3279 5484/3300/3279
f 5490/3301/3279 5519/3302/3279 5520/3303/3279 5492/3304/3279
f 5500/3305/3279 5524/3306/3279 5525/3307/3279 5502/3308/3279
f 5510/3309/3279 5529/3310/3279 5530/3311/3279 5512/3312/3279
f 5486/3313/3279 5517/3314/3279 5518/3315/3279 5488/3316/3279
f 5496/3290/3279 5522/3289/3279 5523/3317/3279 5498/3318/3279
f 5506/3296/3279 5527/3295/3279 5528/3319/3279 5508/3320/3279
f 5492/3321/3279 5520/3322/3279 5521/3288/3279 5494/3287/3279
f 5502/3308/3279 5525/3307/3279 5526/3294/3279 5504/3293/3279
f 5512/3312/3279 5530/3311/3279 5531/3298/3279 5514/3297/3279
f 5488/3316/3279 5518/3315/3279 5519/3302/3279 5490/3301/3279
f 5498/3318/3279 5523/3317/3279 5524/3306/3279 5500/3305/3279
f 5484/3300/3279 5516/3299/3279 5517/3314/3279 5486/3313/3279
f 5508/3320/3279 5528/3319/3279 5529/3310/3279 5510/3309/3279
s 0
f 5532/3323/3279 5547/3324/3279 5546/3325/3279 5545/3326/3279 5544/3327/3279 5543/3328/3279 5542/3329/3279 5541/3330/3279 5540/3331/3279 5539/3332/3279 5538/3333/3279 5537/3334/3279 5536/3335/3279 5535/3336/3279 5534/3337/3279 5533/3338/3279
s 1
f 5529/3310/3421 5545/3339/3421 5546/3340/3422 5530/3311/3422
f 5522/3289/3428 5538/3292/3428 5539/3341/3429 5523/3317/3429
f 5530/3311/3422 5546/3340/3422 5547/3342/3423 5531/3298/3423
f 5523/3317/3429 5539/3341/3429 5540/3343/3283 5524/3306/3283
f 5516/3299/3285 5532/3344/3285 5533/3345/3424 5517/3314/3424
f 5531/3298/3423 5547/3342/3423 5532/3344/3285 5516/3299/3285
f 5524/3306/3283 5540/3343/3283 5541/3346/3419 5525/3307/3419
f 5517/3314/3424 5533/3345/3424 5534/3347/3425 5518/3315/3425
f 5525/3307/3419 5541/3346/3419 5542/3348/3340 5526/3294/3340
f 5518/3315/3425 5534/3347/3425 5535/3349/3426 5519/3302/3426
f 5526/3294/3340 5542/3348/3340 5543/3350/3420 5527/3295/3420
f 5519/3302/3426 5535/3349/3426 5536/3351/3284 5520/3303/3284
f 5527/3295/3420 5543/3350/3420 5544/3352/3310 5528/3319/3310
f 5520/3322/3284 5536/3353/3284 5537/3291/3427 5521/3288/3427
f 5528/3319/3310 5544/3352/3310 5545/3339/3421 5529/3310/3421
f 5548/3354/3283 5550/3355/3419 5551/3356/3419 5549/3357/3283
f 5550/3355/3419 5552/3358/3340 5553/3359/3340 5551/3356/3419
f 5552/3358/3340 5554/3360/3420 5555/3361/3420 5553/3359/3340
f 5554/3360/3420 5556/3362/3310 5557/3363/3310 5555/3361/3420
f 5556/3364/3310 5558/3365/3421 5559/3366/3421 5557/3367/3310
f 5558/3365/3421 5560/3368/3422 5561/3369/3422 5559/3366/3421
f 5560/3368/3422 5562/3370/3423 5563/3371/3423 5561/3369/3422
f 5562/3370/3423 5564/3372/3285 5565/3373/3285 5563/3371/3423
f 5564/3372/3285 5566/3374/3424 5567/3375/3424 5565/3373/3285
f 5566/3374/3424 5568/3376/3425 5569/3377/3425 5567/3375/3424
f 5568/3376/3425 5570/3378/3426 5571/3379/3426 5569/3377/3425
f 5570/3378/3426 5572/3380/3284 5573/3381/3284 5571/3379/3426
f 5572/3380/3284 5574/3382/3427 5575/3383/3427 5573/3381/3284
f 5574/3382/3427 5576/3384/3428 5577/3385/3428 5575/3383/3427
s 0
f 5551/3386/3281 5553/3387/3281 5555/3388/3281 5557/3389/3281 5559/3390/3281 5561/3391/3281 5563/3392/3281 5565/3393/3281 5567/3394/3281 5569/3395/3281 5571/3396/3281 5573/3397/3281 5575/3398/3281 5577/3399/3281 5579/3400/3281 5549/3401/3281
s 1
f 5576/3384/3428 5578/3402/3429 5579/3403/3429 5577/3385/3428
f 5578/3402/3429 5548/3354/3283 5549/3357/3283 5579/3403/3429
f 5558/3404/3279 5585/3405/3279 5586/3406/3279 5560/3407/3279
f 5585/3405/3427 5601/3408/3427 5602/3409/3428 5586/3406/3428
f 5568/3410/3279 5590/3411/3279 5591/3412/3279 5570/3413/3279
f 5578/3414/3279 5595/3415/3279 5580/3416/3279 5548/3417/3279
f 5554/3418/3279 5583/3419/3279 5584/3420/3279 5556/3421/3279
f 5564/3422/3279 5588/3423/3279 5589/3424/3279 5566/3425/3279
f 5574/3426/3279 5593/3427/3279 5594/3428/3279 5576/3429/3279
f 5550/3430/3279 5581/3431/3279 5582/3432/3279 5552/3433/3279
f 5560/3407/3279 5586/3406/3279 5587/3434/3279 5562/3435/3279
f 5570/3413/3279 5591/3412/3279 5592/3436/3279 5572/3437/3279
f 5556/3438/3279 5584/3439/3279 5585/3405/3279 5558/3404/3279
f 5566/3425/3279 5589/3424/3279 5590/3411/3279 5568/3410/3279
f 5576/3429/3279 5594/3428/3279 5595/3415/3279 5578/3414/3279
f 5552/3433/3279 5582/3432/3279 5583/3419/3279 5554/3418/3279
f 5562/3435/3279 5587/3434/3279 5588/3423/3279 5564/3422/3279
f 5548/3417/3279 5580/3416/3279 5581/3431/3279 5550/3430/3279
f 5572/3437/3279 5592/3436/3279 5593/3427/3279 5574/3426/3279
s 0
f 5596/3440/3279 5611/3441/3279 5610/3442/3279 5609/3443/3279 5608/3444/3279 5607/3445/3279 5606/3446/3279 5605/3447/3279 5604/3448/3279 5603/3449/3279 5602/3450/3279 5601/3451/3279 5600/3452/3279 5599/3453/3279 5598/3454/3279 5597/3455/3279
s 1
f 5593/3427/3421 5609/3456/3421 5610/3457/3422 5594/3428/3422
f 5586/3406/3428 5602/3409/3428 5603/3458/3429 5587/3434/3429
f 5594/3428/3422 5610/3457/3422 5611/3459/3423 5595/3415/3423
f 5587/3434/3429 5603/3458/3429 5604/3460/3283 5588/3423/3283
f 5580/3416/3285 5596/3461/3285 5597/3462/3424 5581/3431/3424
f 5595/3415/3423 5611/3459/3423 5596/3461/3285 5580/3416/3285
f 5588/3423/3283 5604/3460/3283 5605/3463/3419 5589/3424/3419
f 5581/3431/3424 5597/3462/3424 5598/3464/3425 5582/3432/3425
f 5589/3424/3419 5605/3463/3419 5606/3465/3340 5590/3411/3340
f 5582/3432/3425 5598/3464/3425 5599/3466/3426 5583/3419/3426
f 5590/3411/3340 5606/3465/3340 5607/3467/3420 5591/3412/3420
f 5583/3419/3426 5599/3466/3426 5600/3468/3284 5584/3420/3284
f 5591/3412/3420 5607/3467/3420 5608/3469/3310 5592/3436/3310
f 5584/3439/3284 5600/3470/3284 5601/3408/3427 5585/3405/3427
f 5592/3436/3310 5608/3469/3310 5609/3456/3421 5593/3427/3421
s 0
f 5612/3471/3430 5613/3472/3430 5254/3473/3430
f 5616/2921/3340 5619/2920/3340 5618/2917/3340 5617/2916/3340
f 5615/2905/3431 5618/2917/3431 5619/2920/3431 5614/2932/3431
f 5614/2932/3340 5613/2981/3340 5612/2906/3340 5615/2905/3340
f 5254/3473/3432 5264/3474/3432 5268/3475/3432 5612/3471/3432
f 4829/3476/3433 4905/3477/3433 5305/3478/3433 5613/3472/3433
f 5613/3472/3434 5305/3478/3434 5306/3479/3434 5254/3473/3434
s 1
f 5280/2972/3284 5281/2969/3284 5278/2971/3284 5277/2967/3284
