# Blender 4.0.2
# www.blender.org
mtllib Enemy_QuadOrb.mtl
o QuadOrb_Body
v 0.001294 1.072496 -0.354239
v 0.001294 1.189732 -0.237002
v 0.001294 1.253180 -0.083826
v 0.001294 1.261345 -0.000927
v 0.001294 1.253180 0.081972
v 0.001294 1.189733 0.235149
v 0.017467 0.917726 -0.417687
v 0.033018 0.995907 -0.393506
v 0.047351 1.067960 -0.354239
v 0.059913 1.131114 -0.301394
v 0.070222 1.182943 -0.237002
v 0.077883 1.221456 -0.163539
v 0.082600 1.245172 -0.083826
v 0.084193 1.253180 -0.000927
v 0.082600 1.245172 0.081972
v 0.077883 1.221456 0.161685
v 0.070222 1.182944 0.235149
v 0.033018 0.913009 -0.417687
v 0.063523 0.986654 -0.393506
v 0.091637 1.054526 -0.354239
v 0.116278 1.114016 -0.301394
v 0.136501 1.162838 -0.237002
v 0.151528 1.199116 -0.163539
v 0.160782 1.221456 -0.083826
v 0.163906 1.229000 -0.000927
v 0.160782 1.221456 0.081972
v 0.151528 1.199116 0.161685
v 0.136501 1.162838 0.235149
v 0.047351 0.905348 -0.417687
v 0.091637 0.971627 -0.393506
v 0.132451 1.032710 -0.354239
v 0.168225 1.086250 -0.301394
v 0.197584 1.130188 -0.237002
v 0.219400 1.162838 -0.163538
v 0.232834 1.182944 -0.083826
v 0.237370 1.189732 -0.000927
v 0.232834 1.182944 0.081972
v 0.219400 1.162838 0.161685
v 0.197584 1.130189 0.235149
v 0.168225 1.086250 0.299540
v 0.059913 0.895038 -0.417687
v 0.116278 0.951404 -0.393506
v 0.168225 1.003351 -0.354239
v 0.213757 1.048883 -0.301394
v 0.251124 1.086250 -0.237002
v 0.278890 1.114016 -0.163538
v 0.295988 1.131114 -0.083826
v 0.301762 1.136888 -0.000927
v 0.295988 1.131114 0.081972
v 0.278890 1.114016 0.161685
v 0.251124 1.086250 0.235149
v 0.213757 1.048883 0.299540
v 0.070222 0.882476 -0.417687
v 0.136501 0.926763 -0.393506
v 0.197584 0.967577 -0.354239
v 0.001294 0.836420 -0.425851
v 0.077883 0.868144 -0.417687
v 0.151528 0.898649 -0.393506
v 0.219400 0.926763 -0.354239
v 0.305345 0.929846 -0.278060
v 0.318783 0.935412 -0.260337
v 0.380823 0.961160 -0.134696
v 0.386996 0.963717 -0.112667
v 0.399891 0.969070 0.029057
v 0.397805 0.968206 0.051988
v 0.363990 0.986654 0.161685
v 0.327712 0.971627 0.235149
v 0.278890 0.951404 0.299540
v 0.082600 0.852593 -0.417687
v 0.160782 0.868144 -0.393506
v 0.232834 0.882476 -0.354239
v 0.314661 0.898753 -0.277970
v 0.347818 0.905348 -0.237002
v 0.394836 0.914701 -0.134673
v 0.410046 0.917726 -0.083825
v 0.415185 0.918748 0.029060
v 0.410046 0.917726 0.081972
v 0.386330 0.913009 0.161685
v 0.347818 0.905348 0.235149
v 0.295988 0.895039 0.299540
v 0.084193 0.836420 -0.417687
v 0.163906 0.836420 -0.393506
v 0.237370 0.836420 -0.354239
v 0.320801 0.836420 -0.277970
v 0.354606 0.836420 -0.237002
v 0.402546 0.836420 -0.134673
v 0.418054 0.836420 -0.083825
v 0.423294 0.836420 0.029060
v 0.418054 0.836420 0.081972
v 0.393874 0.836420 0.161685
v 0.354606 0.836420 0.235149
v 0.082600 0.820248 -0.417687
v 0.160782 0.804696 -0.393506
v 0.232834 0.790364 -0.354239
v 0.317729 0.804107 -0.278060
v 0.331994 0.801269 -0.260336
v 0.397866 0.788120 -0.134696
v 0.404420 0.786816 -0.112667
v 0.418111 0.784082 0.029057
v 0.415896 0.784522 0.051988
v 0.386330 0.759832 0.161685
v 0.077883 0.804696 -0.417687
v 0.151528 0.774191 -0.393506
v 0.219400 0.746078 -0.354239
v 0.278890 0.721437 -0.301394
v 0.327712 0.701214 -0.237002
v 0.363990 0.686187 -0.163538
v 0.386330 0.676933 -0.083825
v 0.393874 0.673809 -0.000927
v 0.386330 0.676933 0.081972
v 0.363990 0.686187 0.161685
v 0.070222 0.790364 -0.417687
v 0.136501 0.746078 -0.393506
v 0.197584 0.705264 -0.354239
v 0.251124 0.669490 -0.301394
v 0.295063 0.640131 -0.237002
v 0.327712 0.618315 -0.163538
v 0.347818 0.604881 -0.083825
v 0.354606 0.600345 -0.000927
v 0.347818 0.604881 0.081972
v 0.327712 0.618315 0.161685
v 0.059913 0.777802 -0.417687
v 0.116278 0.721437 -0.393506
v 0.168225 0.669490 -0.354239
v 0.213757 0.623958 -0.301394
v 0.251124 0.586591 -0.237002
v 0.278890 0.558825 -0.163538
v 0.295988 0.541727 -0.083825
v 0.301761 0.535953 -0.000927
v 0.295988 0.541727 0.081972
v 0.278890 0.558825 0.161685
v 0.047350 0.767493 -0.417687
v 0.091637 0.701214 -0.393506
v 0.132451 0.640131 -0.354239
v 0.168225 0.586591 -0.301394
v 0.197584 0.542652 -0.237002
v 0.219400 0.510003 -0.163538
v 0.232834 0.489897 -0.083825
v 0.237370 0.483109 -0.000927
v 0.232834 0.489897 0.081972
v 0.219400 0.510003 0.161685
v 0.197584 0.542652 0.235149
v 0.033018 0.759832 -0.417687
v 0.063523 0.686187 -0.393506
v 0.091637 0.618315 -0.354239
v 0.116278 0.558825 -0.301394
v 0.136501 0.510003 -0.237002
v 0.151528 0.473724 -0.163538
v 0.160781 0.451385 -0.083825
v 0.163906 0.443841 -0.000927
v 0.160781 0.451385 0.081972
v 0.151528 0.473725 0.161685
v 0.136501 0.510003 0.235149
v 0.116278 0.558825 0.299540
v 0.017467 0.755115 -0.417687
v 0.033018 0.676933 -0.393506
v 0.047350 0.604881 -0.354239
v 0.059913 0.541727 -0.301394
v 0.070222 0.489897 -0.237002
v 0.077883 0.451384 -0.163538
v 0.082600 0.427669 -0.083825
v 0.084193 0.419661 -0.000927
v 0.082600 0.427669 0.081972
v 0.077883 0.451385 0.161685
v 0.070222 0.489897 0.235149
v 0.059913 0.541727 0.299540
v 0.001294 0.753522 -0.417687
v 0.001294 0.673809 -0.393506
v 0.001294 0.600345 -0.354239
v -0.014878 0.755115 -0.417687
v -0.030430 0.676933 -0.393506
v -0.044762 0.604881 -0.354239
v -0.057324 0.541727 -0.301394
v -0.067633 0.489897 -0.237002
v -0.075294 0.451384 -0.163538
v -0.080011 0.427669 -0.083825
v -0.081604 0.419661 -0.000927
v -0.080011 0.427669 0.081972
v -0.075294 0.451385 0.161685
v -0.067633 0.489897 0.235149
v -0.057324 0.541727 0.299540
v -0.030429 0.759832 -0.417687
v -0.060934 0.686187 -0.393506
v -0.089048 0.618315 -0.354239
v -0.113689 0.558825 -0.301394
v -0.133912 0.510003 -0.237002
v -0.148939 0.473724 -0.163538
v -0.158193 0.451385 -0.083825
v -0.161317 0.443842 -0.000927
v -0.158193 0.451385 0.081972
v -0.148939 0.473725 0.161685
v -0.133912 0.510003 0.235149
v -0.113689 0.558825 0.299540
v -0.044762 0.767493 -0.417687
v -0.089048 0.701214 -0.393506
v -0.129862 0.640131 -0.354239
v -0.165636 0.586591 -0.301394
v -0.194995 0.542652 -0.237002
v -0.216811 0.510003 -0.163538
v -0.230245 0.489897 -0.083825
v -0.234781 0.483109 -0.000927
v -0.230245 0.489897 0.081972
v -0.216811 0.510003 0.161685
v -0.194995 0.542652 0.235149
v -0.057324 0.777802 -0.417687
v -0.113689 0.721437 -0.393506
v -0.165636 0.669490 -0.354239
v -0.211168 0.623958 -0.301394
v -0.248535 0.586591 -0.237002
v -0.276301 0.558825 -0.163538
v -0.293399 0.541727 -0.083825
v -0.299173 0.535954 -0.000927
v -0.293399 0.541727 0.081972
v -0.276301 0.558825 0.161685
v -0.067633 0.790364 -0.417687
v -0.133912 0.746078 -0.393506
v -0.194995 0.705264 -0.354239
v -0.248535 0.669490 -0.301394
v -0.292474 0.640131 -0.237002
v -0.325123 0.618315 -0.163538
v -0.345229 0.604881 -0.083825
v -0.352017 0.600345 -0.000927
v -0.345229 0.604881 0.081972
v -0.325123 0.618315 0.161685
v -0.075294 0.804696 -0.417687
v -0.148939 0.774191 -0.393506
v -0.216811 0.746078 -0.354239
v -0.276301 0.721437 -0.301394
v -0.325123 0.701214 -0.237002
v -0.361401 0.686187 -0.163538
v -0.383741 0.676933 -0.083825
v -0.391285 0.673809 -0.000927
v -0.383741 0.676933 0.081972
v -0.361401 0.686187 0.161685
v -0.080011 0.820248 -0.417687
v -0.158193 0.804696 -0.393506
v -0.230245 0.790364 -0.354239
v -0.315140 0.804107 -0.278060
v -0.329405 0.801269 -0.260336
v -0.395277 0.788120 -0.134696
v -0.401831 0.786816 -0.112667
v -0.415522 0.784082 0.029057
v -0.413307 0.784523 0.051988
v -0.383741 0.759832 0.161685
v -0.081604 0.836420 -0.417687
v -0.161317 0.836420 -0.393506
v -0.234781 0.836420 -0.354239
v -0.318212 0.836420 -0.277970
v -0.352017 0.836420 -0.237002
v -0.399957 0.836420 -0.134673
v -0.415465 0.836420 -0.083825
v -0.420705 0.836421 0.029060
v -0.415465 0.836420 0.081972
v -0.391285 0.836420 0.161685
v -0.352017 0.836421 0.235149
v -0.080011 0.852593 -0.417687
v -0.158193 0.868144 -0.393506
v -0.230245 0.882476 -0.354239
v -0.312072 0.898753 -0.277970
v -0.345229 0.905348 -0.237002
v -0.392247 0.914701 -0.134673
v -0.407457 0.917726 -0.083825
v -0.412596 0.918749 0.029060
v -0.407457 0.917726 0.081972
v -0.383741 0.913009 0.161685
v -0.345229 0.905348 0.235149
v -0.293399 0.895039 0.299540
v -0.075294 0.868144 -0.417687
v -0.148939 0.898649 -0.393506
v -0.216811 0.926763 -0.354239
v -0.302756 0.929846 -0.278060
v -0.316194 0.935412 -0.260337
v -0.378234 0.961160 -0.134696
v -0.384407 0.963717 -0.112667
v -0.397302 0.969070 0.029057
v -0.395216 0.968206 0.051988
v -0.361401 0.986654 0.161685
v -0.325123 0.971627 0.235149
v -0.276301 0.951404 0.299540
v -0.067633 0.882476 -0.417687
v -0.133912 0.926763 -0.393506
v -0.194995 0.967577 -0.354239
v -0.057324 0.895038 -0.417687
v -0.113689 0.951404 -0.393506
v -0.165636 1.003351 -0.354239
v -0.211168 1.048883 -0.301394
v -0.248535 1.086249 -0.237002
v -0.276301 1.114016 -0.163538
v -0.293399 1.131114 -0.083826
v -0.299172 1.136887 -0.000927
v -0.293399 1.131114 0.081972
v -0.276301 1.114016 0.161685
v -0.248535 1.086250 0.235149
v -0.211168 1.048883 0.299540
v -0.044762 0.905348 -0.417687
v -0.089048 0.971627 -0.393506
v -0.129862 1.032710 -0.354239
v -0.165636 1.086250 -0.301394
v -0.194995 1.130188 -0.237002
v -0.216811 1.162838 -0.163538
v -0.230245 1.182944 -0.083826
v -0.234781 1.189732 -0.000927
v -0.230245 1.182944 0.081972
v -0.216811 1.162838 0.161685
v -0.194995 1.130189 0.235149
v -0.165636 1.086250 0.299540
v -0.030429 0.913009 -0.417687
v -0.060934 0.986654 -0.393506
v -0.089048 1.054525 -0.354239
v -0.113689 1.114016 -0.301394
v -0.133912 1.162838 -0.237002
v -0.148939 1.199116 -0.163539
v -0.158192 1.221456 -0.083826
v -0.161317 1.228999 -0.000927
v -0.158192 1.221456 0.081972
v -0.148939 1.199116 0.161685
v -0.133912 1.162838 0.235149
v -0.014878 0.917726 -0.417687
v -0.030429 0.995907 -0.393506
v -0.044761 1.067960 -0.354239
v -0.057324 1.131114 -0.301394
v -0.067633 1.182943 -0.237002
v -0.075294 1.221456 -0.163539
v -0.080011 1.245172 -0.083826
v -0.081604 1.253180 -0.000927
v -0.080011 1.245172 0.081972
v -0.075294 1.221456 0.161685
v -0.067633 1.182944 0.235149
v 0.001294 0.919319 -0.417687
v 0.001295 0.999032 -0.393506
v 0.001295 1.136887 -0.301394
v 0.001294 1.228999 -0.163539
v 0.001294 1.228999 0.161685
v 0.024323 0.952194 0.237840
v 0.013034 0.895441 0.255393
v 0.046467 0.945476 0.237840
v 0.024323 0.892017 0.255393
v 0.066875 0.934568 0.237840
v 0.034727 0.886456 0.255393
v 0.084762 0.919888 0.237840
v 0.043846 0.878972 0.255393
v 0.099442 0.902001 0.237840
v 0.051330 0.869853 0.255393
v 0.110350 0.881593 0.237840
v 0.056891 0.859449 0.255393
v 0.117067 0.859449 0.237840
v 0.060315 0.848160 0.255393
v 0.119336 0.836420 0.237840
v 0.061471 0.836420 0.255393
v 0.117067 0.813392 0.237840
v 0.060315 0.824681 0.255393
v 0.110350 0.791248 0.237840
v 0.056891 0.813392 0.255393
v 0.099442 0.770840 0.237840
v 0.051330 0.802988 0.255393
v 0.084762 0.752953 0.237840
v 0.043846 0.793869 0.255393
v 0.066875 0.738273 0.237840
v 0.034727 0.786385 0.255393
v 0.046467 0.727365 0.237840
v 0.024323 0.780824 0.255393
v 0.024323 0.720647 0.237840
v 0.013034 0.777400 0.255393
v 0.001294 0.718379 0.237840
v 0.001294 0.776244 0.255393
v -0.021734 0.720647 0.237840
v -0.010445 0.777400 0.255393
v -0.043878 0.727365 0.237840
v -0.021734 0.780824 0.255393
v -0.064286 0.738273 0.237840
v -0.032138 0.786385 0.255393
v -0.082173 0.752953 0.237840
v -0.041257 0.793869 0.255393
v 0.001294 0.836420 0.261320
v -0.096853 0.770840 0.237840
v -0.048741 0.802988 0.255393
v -0.107761 0.791248 0.237840
v -0.054302 0.813392 0.255393
v -0.114478 0.813392 0.237840
v -0.057726 0.824681 0.255393
v -0.116747 0.836420 0.237840
v -0.058882 0.836420 0.255393
v -0.114478 0.859449 0.237840
v -0.057726 0.848160 0.255393
v -0.107761 0.881593 0.237840
v -0.054302 0.859449 0.255393
v -0.096853 0.902001 0.237840
v -0.048741 0.869853 0.255393
v -0.082173 0.919888 0.237840
v -0.041257 0.878972 0.255393
v -0.064286 0.934568 0.237840
v -0.032138 0.886456 0.255393
v -0.043878 0.945476 0.237840
v -0.021734 0.892017 0.255393
v -0.021734 0.952194 0.237840
v -0.010445 0.895441 0.255393
v 0.001295 0.954462 0.237840
v 0.001294 0.896597 0.255393
v -0.115630 1.118700 0.293362
v -0.249050 0.940117 0.323747
v -0.326522 0.836420 0.266215
v -0.153473 1.068047 0.317507
v -0.284109 0.893191 0.307314
v -0.186340 1.024055 0.328356
v -0.295020 0.878586 0.299540
v -0.349048 0.806269 0.235149
v -0.122746 1.109175 0.299540
v 0.118219 1.118701 0.293362
v 0.188929 1.024055 0.328356
v 0.351637 0.806270 0.235149
v 0.286698 0.893191 0.307314
v 0.329111 0.836420 0.266215
v 0.156062 1.068047 0.317507
v 0.251639 0.940117 0.323747
v 0.297609 0.878586 0.299540
v 0.125335 1.109175 0.299540
v 0.056512 0.558825 0.313848
v -0.214702 0.558825 0.235149
v -0.053923 0.558825 0.313848
v 0.217291 0.558825 0.235149
v -0.184189 0.558825 0.258850
v 0.186778 0.558825 0.258850
v 0.066528 1.164762 0.212618
v 0.056771 1.115710 0.273559
v 0.048246 1.072851 0.309421
v 0.044882 1.055940 0.323572
v 0.001294 1.171187 0.212618
v 0.111953 1.103961 0.267711
v 0.110116 1.099528 0.273559
v 0.093394 1.059156 0.309421
v 0.086795 1.043226 0.323572
v 0.135002 1.036916 0.309421
v 0.125422 1.022579 0.323572
v 0.118688 1.094947 0.273559
v 0.171472 1.006986 0.309421
v 0.159279 0.994794 0.323572
v 0.201402 0.970516 0.309421
v 0.187065 0.960937 0.323572
v 0.223642 0.928908 0.309421
v 0.207712 0.922310 0.323572
v 0.237337 0.883760 0.309421
v 0.220426 0.880397 0.323572
v 0.311544 0.836809 0.242019
v 0.285660 0.836809 0.273559
v 0.241961 0.836809 0.309421
v 0.224719 0.836809 0.323572
v 0.365697 0.764325 0.143091
v 0.329248 0.771575 0.212618
v 0.280196 0.781332 0.273559
v 0.237337 0.789857 0.309421
v 0.220426 0.793221 0.323572
v 0.344554 0.694626 0.143091
v 0.310220 0.708848 0.212618
v 0.264014 0.727987 0.273559
v 0.223642 0.744709 0.309421
v 0.207712 0.751308 0.323572
v 0.310220 0.630391 0.143091
v 0.279320 0.651038 0.212618
v 0.237736 0.678824 0.273559
v 0.201402 0.703101 0.309421
v 0.187065 0.712681 0.323572
v 0.264014 0.574089 0.143091
v 0.237736 0.600368 0.212618
v 0.202371 0.635732 0.273559
v 0.171472 0.666632 0.309421
v 0.159279 0.678824 0.323572
v 0.176838 0.574089 0.235049
v 0.159279 0.600368 0.273559
v 0.135002 0.636702 0.309421
v 0.125422 0.651038 0.323572
v 0.205715 0.574089 0.212618
v 0.093394 0.614462 0.309421
v 0.086795 0.630392 0.323572
v 0.110116 0.574089 0.273559
v 0.048246 0.600766 0.309421
v 0.044882 0.617677 0.323572
v 0.001294 0.596142 0.309421
v 0.001294 0.613384 0.323572
v -0.045657 0.600766 0.309421
v -0.042293 0.617677 0.323572
v -0.090805 0.614462 0.309421
v -0.084206 0.630392 0.323572
v -0.174249 0.574089 0.235048
v -0.156690 0.600368 0.273559
v -0.132413 0.636702 0.309421
v -0.122833 0.651038 0.323572
v -0.107527 0.574089 0.273559
v -0.261425 0.574089 0.143091
v -0.235147 0.600368 0.212618
v -0.199782 0.635732 0.273559
v -0.168883 0.666632 0.309421
v -0.156690 0.678824 0.323572
v -0.307631 0.630391 0.143091
v -0.276731 0.651038 0.212618
v -0.235147 0.678824 0.273559
v -0.198813 0.703101 0.309421
v -0.184476 0.712681 0.323572
v -0.341965 0.694626 0.143091
v -0.307631 0.708848 0.212618
v -0.261425 0.727987 0.273559
v -0.221053 0.744709 0.309421
v -0.205123 0.751308 0.323572
v -0.363108 0.764325 0.143091
v -0.326659 0.771575 0.212618
v -0.277607 0.781332 0.273559
v -0.234748 0.789857 0.309421
v -0.217837 0.793221 0.323572
v -0.308954 0.836809 0.242019
v -0.283071 0.836809 0.273559
v -0.239372 0.836809 0.309421
v -0.222130 0.836809 0.323572
v -0.330273 0.808273 0.212618
v -0.234748 0.883760 0.309421
v -0.217837 0.880397 0.323572
v -0.279140 0.876715 0.273559
v -0.221052 0.928908 0.309421
v -0.205123 0.922310 0.323572
v -0.198812 0.970516 0.309421
v -0.184476 0.960937 0.323572
v -0.168882 1.006986 0.309421
v -0.156690 0.994793 0.323572
v -0.132413 1.036916 0.309421
v -0.122833 1.022579 0.323572
v -0.109364 1.103961 0.267712
v -0.107527 1.099528 0.273559
v -0.090805 1.059156 0.309421
v -0.084206 1.043226 0.323572
v -0.063939 1.164762 0.212618
v -0.054182 1.115710 0.273559
v -0.045657 1.072851 0.309421
v -0.042293 1.055940 0.323572
v 0.001295 1.077475 0.309421
v 0.001295 1.060233 0.323572
v 0.001295 1.121174 0.273559
v 0.186163 0.800036 0.303787
v -0.131988 0.703526 0.303787
v -0.183574 0.800036 0.303787
v 0.186163 0.873581 0.303787
v 0.189785 0.836809 0.303787
v 0.134577 0.970091 0.303787
v 0.175437 0.764677 0.303787
v -0.035478 1.021677 0.303787
v 0.038067 0.651940 0.303787
v -0.172848 0.908941 0.303787
v -0.070838 0.662666 0.303787
v -0.103425 0.680085 0.303787
v -0.103425 0.993532 0.303787
v -0.070837 1.010951 0.303787
v 0.073427 1.010951 0.303787
v 0.106014 0.993533 0.303787
v 0.158018 0.941528 0.303787
v 0.175437 0.908941 0.303787
v 0.106014 0.680085 0.303787
v 0.073427 0.662666 0.303787
v -0.187196 0.836809 0.303787
v -0.183574 0.873581 0.303787
v -0.155429 0.732089 0.303787
v -0.172848 0.764677 0.303787
v 0.001294 0.648318 0.303787
v -0.035478 0.651940 0.303787
v -0.155429 0.941528 0.303787
v -0.131988 0.970091 0.303787
v 0.001295 1.025299 0.303787
v 0.038067 1.021677 0.303787
v 0.158018 0.732089 0.303787
v 0.134577 0.703526 0.303787
v 0.026624 0.964148 0.335140
v 0.050980 0.956760 0.335140
v 0.073427 0.944762 0.335140
v 0.093101 0.928615 0.335140
v 0.109248 0.908941 0.335140
v 0.121246 0.886494 0.335140
v 0.128634 0.862138 0.335140
v 0.131129 0.836809 0.335140
v 0.128634 0.811479 0.335140
v 0.121246 0.787123 0.335140
v 0.109248 0.764677 0.335140
v 0.093101 0.745002 0.335140
v 0.073427 0.728855 0.335140
v 0.050980 0.716857 0.335140
v 0.026624 0.709469 0.335140
v 0.001294 0.706974 0.335140
v -0.024035 0.709469 0.335140
v -0.048391 0.716857 0.335140
v -0.070838 0.728855 0.335140
v -0.090512 0.745002 0.335140
v -0.106659 0.764677 0.335140
v -0.118657 0.787123 0.335140
v -0.126045 0.811479 0.335140
v -0.128540 0.836809 0.335140
v -0.126045 0.862138 0.335140
v -0.118657 0.886494 0.335140
v -0.106659 0.908941 0.335140
v -0.090512 0.928615 0.335140
v -0.070838 0.944762 0.335140
v -0.048391 0.956760 0.335140
v -0.024035 0.964148 0.335140
v 0.001295 0.966643 0.335140
v 0.080289 0.757814 0.318472
v 0.023089 0.946377 0.318472
v -0.020500 0.727240 0.318472
v -0.108274 0.858603 0.318472
v 0.110863 0.815014 0.318472
v -0.041457 0.940020 0.318472
v 0.104506 0.879560 0.318472
v -0.101917 0.794057 0.318472
v 0.063360 0.743921 0.318472
v 0.044046 0.733597 0.318472
v -0.041457 0.733597 0.318472
v -0.060771 0.743921 0.318472
v -0.101917 0.879560 0.318472
v -0.091593 0.898874 0.318472
v 0.044046 0.940020 0.318472
v 0.063360 0.929697 0.318472
v -0.020500 0.946377 0.318472
v 0.001295 0.948524 0.318472
v 0.104506 0.794057 0.318472
v 0.094182 0.774743 0.318472
v 0.110863 0.858603 0.318472
v 0.113010 0.836809 0.318472
v 0.023089 0.727240 0.318472
v 0.001294 0.725093 0.318472
v -0.108274 0.815014 0.318472
v -0.110421 0.836809 0.318472
v -0.077700 0.757814 0.318472
v -0.091593 0.774743 0.318472
v -0.077700 0.915803 0.318472
v -0.060771 0.929697 0.318472
v 0.080289 0.915803 0.318472
v 0.094182 0.898874 0.318472
v 0.147768 1.056022 0.290563
v 0.178874 1.014388 0.300830
v 0.238223 0.934948 0.296468
v 0.271403 0.890537 0.280916
v 0.053553 0.574089 0.287099
v -0.050964 0.574089 0.287099
v -0.268814 0.890537 0.280916
v -0.235634 0.934948 0.296468
v -0.176285 1.014388 0.300830
v -0.145179 1.056022 0.290563
v -0.116099 1.094947 0.273559
v 0.332862 0.808273 0.212618
v 0.281729 0.876715 0.273559
v -0.203126 0.574089 0.212618
v 0.255082 0.995945 -0.301394
v 0.245796 1.009843 -0.301394
v 0.245732 0.999748 -0.306716
v 0.299021 1.025305 -0.237002
v 0.289735 1.039202 -0.237002
v 0.331670 1.047121 -0.163538
v 0.322384 1.061018 -0.163538
v 0.351775 1.060556 -0.083825
v 0.342490 1.074451 -0.083826
v 0.358564 1.065092 -0.000927
v 0.349279 1.078988 -0.000927
v 0.351775 1.060556 0.081972
v 0.342489 1.074452 0.081972
v 0.331670 1.047121 0.161685
v 0.322383 1.061020 0.161685
v 0.299021 1.025305 0.235149
v 0.289732 1.039206 0.235149
v 0.255082 0.995946 0.299540
v 0.245791 1.009849 0.299540
v -0.007064 0.536776 -0.301394
v 0.009652 0.536776 -0.301394
v 0.001294 0.542438 -0.306716
v -0.007063 0.483932 -0.237002
v 0.009652 0.483932 -0.237002
v -0.007063 0.444664 -0.163538
v 0.009652 0.444664 -0.163538
v -0.007063 0.420484 -0.083825
v 0.009651 0.420484 -0.083825
v -0.007063 0.412319 -0.000927
v 0.009652 0.412319 -0.000927
v -0.007064 0.420484 0.081972
v 0.009652 0.420484 0.081972
v -0.007065 0.444665 0.161685
v 0.009654 0.444665 0.161685
v -0.007067 0.483932 0.235149
v 0.009656 0.483932 0.235149
v -0.007069 0.536777 0.299540
v 0.009658 0.536777 0.299540
v -0.243207 1.009843 -0.301394
v -0.252493 0.995945 -0.301394
v -0.243143 0.999748 -0.306716
v -0.287146 1.039202 -0.237002
v -0.296432 1.025305 -0.237002
v -0.319795 1.061017 -0.163538
v -0.329081 1.047121 -0.163538
v -0.339901 1.074451 -0.083826
v -0.349186 1.060556 -0.083825
v -0.346689 1.078988 -0.000927
v -0.355974 1.065092 -0.000927
v -0.339900 1.074452 0.081972
v -0.349186 1.060556 0.081972
v -0.319794 1.061020 0.161685
v -0.329081 1.047121 0.161685
v -0.287143 1.039206 0.235149
v -0.296432 1.025305 0.235149
v -0.243202 1.009849 0.299540
v -0.252493 0.995946 0.299540
v -0.222374 0.975822 0.329268
v -0.212352 0.989237 0.329989
v 0.224963 0.975822 0.329268
v 0.214941 0.989237 0.329989
v 0.009660 0.558825 0.317635
v -0.007071 0.558825 0.317635
v 0.203223 0.981797 0.302359
v 0.213245 0.968381 0.301637
v 0.202846 0.971481 0.307995
v 0.009660 0.574089 0.290647
v -0.007071 0.574089 0.290647
v 0.001294 0.580574 0.296645
v -0.210656 0.968381 0.301637
v -0.200633 0.981797 0.302359
v -0.200257 0.971481 0.307995
v 0.236236 0.993437 -0.294863
v 0.245225 0.989781 -0.289747
v 0.236297 1.003142 -0.289747
v 0.001244 0.553798 -0.294863
v -0.006791 0.548356 -0.289747
v 0.009279 0.548356 -0.289747
v -0.233747 0.993437 -0.294863
v -0.233808 1.003142 -0.289747
v -0.242736 0.989781 -0.289747
v 0.287466 1.018006 -0.227844
v 0.278538 1.031366 -0.227844
v 0.318853 1.038979 -0.157219
v 0.309926 1.052338 -0.157219
v 0.338181 1.051894 -0.080586
v 0.329255 1.065253 -0.080586
v 0.344708 1.056255 -0.000891
v 0.335781 1.069614 -0.000891
v 0.338181 1.051894 0.078804
v 0.329254 1.065254 0.078804
v 0.318853 1.038979 0.155437
v 0.309925 1.052341 0.155437
v 0.287465 1.018006 0.226062
v 0.278536 1.031369 0.226062
v 0.245225 0.989781 0.287965
v 0.236293 1.003147 0.287965
v -0.006790 0.497553 -0.227844
v 0.009279 0.497553 -0.227844
v -0.006790 0.459803 -0.157219
v 0.009279 0.459803 -0.157219
v -0.006790 0.436557 -0.080586
v 0.009278 0.436557 -0.080586
v -0.006790 0.428708 -0.000891
v 0.009279 0.428708 -0.000891
v -0.006791 0.436557 0.078804
v 0.009279 0.436557 0.078804
v -0.006792 0.459803 0.155437
v 0.009281 0.459803 0.155437
v -0.006794 0.497554 0.226062
v 0.009283 0.497554 0.226062
v -0.006796 0.548356 0.287965
v 0.009285 0.548356 0.287965
v -0.276049 1.031366 -0.227844
v -0.284976 1.018006 -0.227844
v -0.307437 1.052338 -0.157219
v -0.316364 1.038979 -0.157219
v -0.326766 1.065253 -0.080586
v -0.335692 1.051894 -0.080586
v -0.333292 1.069614 -0.000891
v -0.342218 1.056255 -0.000891
v -0.326765 1.065254 0.078804
v -0.335692 1.051894 0.078804
v -0.307436 1.052340 0.155437
v -0.316364 1.038979 0.155437
v -0.276046 1.031369 0.226062
v -0.284976 1.018006 0.226062
v -0.233804 1.003147 0.287965
v -0.242736 0.989781 0.287965
v -0.117923 0.830794 0.301660
v -0.124663 0.837255 0.291699
v 0.120142 0.830794 0.301660
v 0.126882 0.837255 0.291699
v 0.117923 0.845638 0.301660
v 0.124663 0.839176 0.291699
v -0.120142 0.845638 0.301660
v -0.126882 0.839176 0.291699
v 0.074527 0.707037 0.291699
v 0.126882 0.750398 0.291699
v -0.124663 0.750398 0.291699
v -0.072308 0.707037 0.291699
v -0.065568 0.707037 0.301660
v -0.117923 0.750398 0.301660
v 0.120142 0.750398 0.301660
v 0.067787 0.707037 0.301660
v -0.074527 0.982143 0.291699
v -0.126882 0.938781 0.291699
v 0.124663 0.938781 0.291699
v 0.072308 0.982143 0.291699
v 0.065568 0.982143 0.301660
v 0.117923 0.938781 0.301660
v -0.120142 0.938781 0.301660
v -0.067787 0.982143 0.301660
v 0.278890 0.951404 -0.301394
v 0.327712 0.971627 -0.237002
v 0.363990 0.986654 -0.163538
v 0.386330 0.995907 -0.083825
v 0.393874 0.999032 -0.000927
v 0.386330 0.995907 0.081972
v 0.329144 0.901634 -0.260427
v 0.295988 0.895039 -0.301394
v 0.386330 0.913009 -0.163538
v 0.401541 0.916034 -0.112691
v 0.418054 0.919319 -0.000927
v 0.412915 0.918297 0.051985
v 0.420979 0.836420 0.051985
v 0.426219 0.836420 -0.000927
v 0.301762 0.836420 -0.301394
v 0.335567 0.836420 -0.260427
v 0.393874 0.836420 -0.163538
v 0.409382 0.836420 -0.112691
v 0.295988 0.777802 -0.301394
v 0.347818 0.767493 -0.237002
v 0.386330 0.759832 -0.163538
v 0.410046 0.755115 -0.083825
v 0.418054 0.753522 -0.000927
v 0.410046 0.755115 0.081972
v -0.293399 0.777802 -0.301394
v -0.345229 0.767493 -0.237002
v -0.383741 0.759832 -0.163538
v -0.407457 0.755115 -0.083825
v -0.415465 0.753522 -0.000927
v -0.407457 0.755115 0.081972
v -0.406793 0.836420 -0.112691
v -0.391285 0.836420 -0.163538
v -0.423630 0.836421 -0.000927
v -0.418390 0.836420 0.051985
v -0.299173 0.836420 -0.301394
v -0.332978 0.836420 -0.260427
v -0.293399 0.895038 -0.301394
v -0.326555 0.901634 -0.260427
v -0.383741 0.913009 -0.163538
v -0.398952 0.916035 -0.112691
v -0.415465 0.919319 -0.000927
v -0.410326 0.918297 0.051985
v -0.276301 0.951404 -0.301394
v -0.325123 0.971627 -0.237002
v -0.361401 0.986654 -0.163538
v -0.383741 0.995908 -0.083825
v -0.391284 0.999032 -0.000927
v -0.383741 0.995908 0.081972
v 0.313655 0.895401 -0.272345
v 0.322976 0.897967 -0.261312
v 0.388679 0.910425 -0.130251
v 0.394551 0.911612 -0.117113
v 0.408200 0.914200 0.033672
v 0.406212 0.913798 0.047373
v 0.319031 0.839882 -0.272345
v 0.328601 0.839882 -0.261312
v 0.395431 0.840701 -0.130251
v 0.401419 0.840701 -0.117113
v 0.415301 0.840871 0.033672
v 0.413274 0.840871 0.047373
v -0.316472 0.841354 -0.273363
v -0.325703 0.840577 -0.261530
v -0.395306 0.840701 -0.127775
v -0.399520 0.840701 -0.116470
v -0.414739 0.840871 0.033672
v -0.412712 0.840871 0.047373
v -0.311095 0.896873 -0.273363
v -0.320078 0.897258 -0.261530
v -0.388554 0.910425 -0.127775
v -0.392653 0.911613 -0.116470
v -0.407638 0.914200 0.033672
v -0.405650 0.913798 0.047373
v 0.305495 0.923096 -0.272398
v 0.313901 0.928054 -0.261258
v 0.376407 0.951806 -0.130265
v 0.381814 0.954083 -0.117099
v 0.394806 0.959021 0.033670
v 0.392979 0.958252 0.047375
v 0.316341 0.811101 -0.272398
v 0.325472 0.808573 -0.261258
v 0.391333 0.797680 -0.130265
v 0.397072 0.796519 -0.117099
v 0.410762 0.794253 0.033670
v 0.408822 0.794646 0.047375
v -0.313781 0.812572 -0.273417
v -0.322574 0.810024 -0.261477
v -0.391207 0.797680 -0.127789
v -0.395174 0.796519 -0.116456
v -0.410200 0.794254 0.033670
v -0.408260 0.794646 0.047375
v -0.302936 0.924568 -0.273417
v -0.311003 0.926617 -0.261477
v -0.376281 0.951806 -0.127789
v -0.379915 0.954083 -0.116456
v -0.394244 0.959022 0.033670
v -0.392417 0.958252 0.047375
v 0.068721 0.707037 0.293733
v -0.066503 0.707037 0.293733
v 0.037701 0.707037 0.300994
v 0.001109 0.707037 0.303544
v -0.035482 0.707037 0.300994
v -0.064382 0.707037 0.301962
v 0.066789 0.707037 0.301914
v -0.035379 0.707037 0.309346
v 0.001109 0.707037 0.312146
v 0.037597 0.707037 0.309346
v 0.071518 0.830794 0.312167
v -0.069299 0.830794 0.312167
v 0.039214 0.830794 0.316831
v 0.001109 0.830794 0.318469
v -0.036995 0.830794 0.316831
v -0.069187 0.837255 0.303044
v 0.071405 0.837255 0.303044
v -0.036935 0.837255 0.307451
v 0.001109 0.837255 0.308998
v 0.039153 0.837255 0.307451
v -0.068721 0.982143 0.293733
v 0.066503 0.982143 0.293733
v -0.037701 0.982143 0.300994
v -0.001109 0.982143 0.303544
v 0.035482 0.982143 0.300994
v 0.064161 0.982143 0.301928
v -0.066740 0.982143 0.301926
v 0.035379 0.982143 0.309346
v -0.001109 0.982143 0.312146
v -0.037597 0.982143 0.309346
v -0.071518 0.845638 0.312167
v 0.069299 0.845638 0.312167
v -0.039214 0.845638 0.316831
v -0.001109 0.845638 0.318469
v 0.036995 0.845638 0.316831
v 0.069187 0.839176 0.303044
v -0.071405 0.839176 0.303044
v 0.036935 0.839176 0.307451
v -0.001109 0.839176 0.308998
v -0.039153 0.839176 0.307451
v 0.297026 1.184921 0.174077
v 0.265270 1.172999 0.158959
v 0.310336 1.184981 0.149065
v 0.280081 1.173066 0.131127
v 0.327381 1.177824 0.127595
v 0.299049 1.165101 0.107235
v 0.346492 1.164150 0.111768
v 0.320315 1.149886 0.089623
v 0.365799 1.145298 0.103132
v 0.341799 1.128908 0.080014
v 0.383412 1.123113 0.102534
v 0.361398 1.104221 0.079348
v 0.397606 1.099767 0.110031
v 0.377194 1.078243 0.087691
v 0.406993 1.077545 0.124891
v 0.387639 1.053515 0.104226
v 0.410653 1.058623 0.145658
v 0.391712 1.032458 0.127335
v 0.408228 1.044851 0.170300
v 0.389013 1.017134 0.154756
v 0.399956 1.037580 0.196404
v 0.379808 1.009043 0.183804
v 0.386646 1.037520 0.221415
v 0.364997 1.008976 0.211636
v 0.369601 1.044677 0.242886
v 0.346030 1.016940 0.235527
v 0.350489 1.058351 0.258713
v 0.324763 1.032156 0.253140
v 0.331182 1.077203 0.267349
v 0.303279 1.053134 0.262749
v 0.313570 1.099388 0.267947
v 0.283680 1.077820 0.263415
v 0.299375 1.122734 0.260450
v 0.267885 1.103799 0.255072
v 0.289988 1.144956 0.245590
v 0.257440 1.128527 0.238536
v 0.286328 1.163878 0.224823
v 0.253367 1.149583 0.215427
v 0.288753 1.177649 0.200181
v 0.256065 1.164907 0.188007
v 0.323657 1.169845 0.183159
v 0.332775 1.169886 0.166024
v 0.344452 1.164983 0.151316
v 0.357545 1.155615 0.140473
v 0.370771 1.142700 0.134557
v 0.382837 1.127502 0.134147
v 0.392562 1.111509 0.139283
v 0.398992 1.096285 0.149463
v 0.401499 1.083321 0.163690
v 0.399838 1.073888 0.180571
v 0.394171 1.068906 0.198455
v 0.385053 1.068865 0.215589
v 0.373376 1.073768 0.230298
v 0.360283 1.083135 0.241141
v 0.347056 1.096051 0.247057
v 0.334991 1.111249 0.247467
v 0.325266 1.127242 0.242330
v 0.318836 1.142466 0.232150
v 0.316328 1.155429 0.217923
v 0.317990 1.164863 0.201042
v 0.392257 1.102521 0.121286
v 0.389403 1.103188 0.125657
v 0.396938 1.085349 0.137586
v 0.400338 1.083390 0.134079
v 0.382821 1.048933 0.217175
v 0.380604 1.053219 0.215073
v 0.366921 1.058964 0.232308
v 0.368148 1.055095 0.235659
v 0.307691 1.122293 0.250779
v 0.310546 1.121625 0.246408
v 0.303011 1.139464 0.234479
v 0.299610 1.141423 0.237987
v 0.364875 1.141718 0.115346
v 0.363869 1.139739 0.120119
v 0.378008 1.121930 0.119639
v 0.380037 1.122619 0.114831
v 0.401402 1.055245 0.173170
v 0.397929 1.059104 0.174039
v 0.391289 1.053267 0.194994
v 0.394280 1.048985 0.195643
v 0.325883 1.105957 0.254532
v 0.320615 1.103082 0.259844
v 0.336166 1.083494 0.259316
v 0.340022 1.088148 0.254052
v 0.312602 1.174620 0.179176
v 0.306008 1.178601 0.176963
v 0.298704 1.172181 0.200011
v 0.305961 1.168782 0.200132
v 0.352312 1.157945 0.129156
v 0.349683 1.160262 0.121948
v 0.332809 1.172335 0.135923
v 0.336970 1.168922 0.141862
v 0.403818 1.073232 0.156362
v 0.406333 1.067089 0.151871
v 0.403101 1.083796 0.133536
v 0.400880 1.088422 0.139691
v 0.355521 1.073014 0.247119
v 0.353213 1.066849 0.251691
v 0.370087 1.054776 0.237716
v 0.370863 1.062037 0.234413
v 0.323287 1.174668 0.159098
v 0.317760 1.178654 0.154880
v 0.304014 1.157727 0.219913
v 0.296563 1.160022 0.221768
v 0.299795 1.143315 0.240104
v 0.306953 1.142537 0.236584
v 0.393344 1.106261 0.127763
v 0.394814 1.103417 0.120416
v 0.382281 1.124030 0.113796
v 0.381950 1.125003 0.121744
v 0.384546 1.056291 0.217178
v 0.385136 1.048457 0.218760
v 0.396888 1.048510 0.196676
v 0.395231 1.056340 0.197099
v 0.314488 1.124698 0.248513
v 0.308083 1.123695 0.253224
v 0.367811 1.142812 0.122224
v 0.366730 1.143617 0.114324
v 0.401871 1.062177 0.176144
v 0.404192 1.054930 0.173628
v 0.331801 1.169719 0.136407
v 0.333028 1.165849 0.139757
v 0.319345 1.171595 0.156993
v 0.317127 1.175880 0.154890
v 0.298547 1.169569 0.198895
v 0.302019 1.165709 0.198026
v 0.300072 1.154655 0.217808
v 0.296459 1.157713 0.220109
v 0.335074 1.083096 0.256719
v 0.336080 1.085075 0.251946
v 0.351579 1.069941 0.245014
v 0.351695 1.066866 0.249285
v 0.399876 1.070159 0.154257
v 0.403489 1.067100 0.151957
v 0.348370 1.154872 0.127051
v 0.348254 1.157947 0.122781
v 0.321941 1.102884 0.252427
v 0.319911 1.102194 0.257234
v 0.308660 1.171547 0.177071
v 0.305668 1.175829 0.176422
v 0.325351 0.934403 0.150482
v 0.181714 1.140013 0.119325
v 0.205717 1.138559 0.076500
v 0.237076 1.121702 0.042387
v 0.270939 1.091981 0.022359
v 0.302153 1.053921 0.019465
v 0.325964 1.013317 0.034146
v 0.338749 0.976350 0.064165
v 0.338560 0.948648 0.104955
v 0.375252 0.973302 0.177131
v 0.231616 1.178912 0.145974
v 0.255619 1.177458 0.103149
v 0.286977 1.160600 0.069036
v 0.320841 1.130880 0.049008
v 0.352054 1.092820 0.046114
v 0.375866 1.052216 0.060795
v 0.388650 1.015249 0.090815
v 0.388461 0.987547 0.131604
v 0.378162 1.020458 0.185124
v 0.275130 1.167944 0.162774
v 0.292348 1.166902 0.132055
v 0.314841 1.154810 0.107586
v 0.339132 1.133490 0.093219
v 0.361522 1.106189 0.091144
v 0.378602 1.077064 0.101674
v 0.387773 1.050547 0.123208
v 0.387637 1.030676 0.152466
v 0.390277 0.997571 0.186956
v 0.257999 1.186921 0.158263
v 0.280104 1.185582 0.118824
v 0.308983 1.170058 0.087409
v 0.340168 1.142687 0.068965
v 0.368913 1.107637 0.066300
v 0.390842 1.070244 0.079819
v 0.402615 1.036201 0.107465
v 0.402441 1.010689 0.145029
v 0.168560 1.125937 0.164504
v 0.168266 1.098327 0.205355
v 0.180953 1.061413 0.235481
v 0.204690 1.020813 0.250294
v 0.235863 0.982710 0.247540
v 0.269725 0.952903 0.227639
v 0.301123 0.935931 0.193619
v 0.218461 1.164836 0.191153
v 0.218167 1.137226 0.232004
v 0.230855 1.100312 0.262130
v 0.254591 1.059712 0.276943
v 0.285764 1.021609 0.274190
v 0.319627 0.991802 0.254288
v 0.351025 0.974830 0.220268
v 0.265694 1.157847 0.195181
v 0.265484 1.138043 0.224484
v 0.274584 1.111563 0.246094
v 0.291611 1.082441 0.256720
v 0.313972 1.055109 0.254744
v 0.338262 1.033728 0.240469
v 0.360784 1.021554 0.216066
v 0.245885 1.173958 0.199869
v 0.245614 1.148532 0.237489
v 0.257298 1.114537 0.265233
v 0.279158 1.077148 0.278875
v 0.307866 1.042058 0.276339
v 0.339051 1.014608 0.258011
v 0.367965 0.998978 0.226682
v 0.189418 1.114410 0.118245
v 0.204229 1.114476 0.090414
v 0.223196 1.106512 0.066522
v 0.244462 1.091296 0.048910
v 0.265947 1.070318 0.039300
v 0.285546 1.045632 0.038634
v 0.301341 1.019653 0.046978
v 0.311786 0.994925 0.063513
v 0.315859 0.973869 0.086622
v 0.313161 0.958545 0.114042
v 0.303955 0.950453 0.143090
v 0.289144 0.950387 0.170922
v 0.270177 0.958351 0.194814
v 0.248911 0.973566 0.212426
v 0.227426 0.994545 0.222036
v 0.207827 1.019231 0.222701
v 0.192032 1.045210 0.214358
v 0.181587 1.069938 0.197823
v 0.177514 1.090994 0.174714
v 0.180212 1.106318 0.147293
v 0.313232 1.192420 -0.223246
v 0.285523 1.181533 -0.201048
v 0.296693 1.191785 -0.246241
v 0.267119 1.180826 -0.226636
v 0.284920 1.183831 -0.270754
v 0.254019 1.171975 -0.253913
v 0.279067 1.169338 -0.294385
v 0.247505 1.155848 -0.280209
v 0.279705 1.149725 -0.314821
v 0.248216 1.134022 -0.302950
v 0.286773 1.126910 -0.330062
v 0.256081 1.108635 -0.319909
v 0.299579 1.103128 -0.338615
v 0.270330 1.082171 -0.329427
v 0.316868 1.080706 -0.339644
v 0.289570 1.057221 -0.330571
v 0.336950 1.061840 -0.333047
v 0.311916 1.036227 -0.323231
v 0.357857 1.048375 -0.319471
v 0.335181 1.021244 -0.308124
v 0.377544 1.041630 -0.300244
v 0.357088 1.013738 -0.286729
v 0.394084 1.042265 -0.277249
v 0.375492 1.014445 -0.261140
v 0.405856 1.050219 -0.252736
v 0.388592 1.023296 -0.233863
v 0.411710 1.064712 -0.229105
v 0.395106 1.039423 -0.207567
v 0.411071 1.084325 -0.208669
v 0.394396 1.061248 -0.184827
v 0.404003 1.107140 -0.193429
v 0.386531 1.086635 -0.167868
v 0.391198 1.130922 -0.184875
v 0.372281 1.113100 -0.158350
v 0.373908 1.153344 -0.183847
v 0.353041 1.138050 -0.157205
v 0.353826 1.172210 -0.190443
v 0.330695 1.159044 -0.164546
v 0.332919 1.185675 -0.204019
v 0.307430 1.174027 -0.179653
v 0.333031 1.176463 -0.242543
v 0.321701 1.176028 -0.258296
v 0.313636 1.170579 -0.275089
v 0.309626 1.160651 -0.291278
v 0.310063 1.147214 -0.305278
v 0.314905 1.131584 -0.315719
v 0.323678 1.115292 -0.321578
v 0.335523 1.099932 -0.322283
v 0.349280 1.087007 -0.317764
v 0.363603 1.077782 -0.308463
v 0.377090 1.073162 -0.295292
v 0.388420 1.073597 -0.279538
v 0.396485 1.079046 -0.262745
v 0.400495 1.088974 -0.246556
v 0.400058 1.102411 -0.232556
v 0.395216 1.118041 -0.222116
v 0.386443 1.134333 -0.216256
v 0.374599 1.149693 -0.215551
v 0.360841 1.162618 -0.220070
v 0.346518 1.171843 -0.229371
v 0.307328 1.106170 -0.328942
v 0.309991 1.106977 -0.324474
v 0.323870 1.088978 -0.325300
v 0.322212 1.086867 -0.329828
v 0.388686 1.053773 -0.276113
v 0.385856 1.058119 -0.275212
v 0.395306 1.064504 -0.255534
v 0.398821 1.060621 -0.255010
v 0.386202 1.130097 -0.196590
v 0.383539 1.129289 -0.201057
v 0.369659 1.147289 -0.200232
v 0.371317 1.149400 -0.195704
v 0.290219 1.146284 -0.308458
v 0.294037 1.144384 -0.305373
v 0.299711 1.126069 -0.317608
v 0.296304 1.126643 -0.321579
v 0.357499 1.059033 -0.312461
v 0.356775 1.063023 -0.309106
v 0.372578 1.057609 -0.293672
v 0.374448 1.053227 -0.295909
v 0.397477 1.113143 -0.210636
v 0.399885 1.110507 -0.203461
v 0.406126 1.090363 -0.216918
v 0.403151 1.094828 -0.222871
v 0.324609 1.181603 -0.234573
v 0.319741 1.185803 -0.229788
v 0.337123 1.179847 -0.212812
v 0.340413 1.176188 -0.219138
v 0.297182 1.163074 -0.291681
v 0.289575 1.165423 -0.292599
v 0.294744 1.178220 -0.271734
v 0.301881 1.174708 -0.272711
v 0.343649 1.076778 -0.322717
v 0.340682 1.070510 -0.326735
v 0.322952 1.087168 -0.332559
v 0.327528 1.091923 -0.328013
v 0.403663 1.079083 -0.239276
v 0.406690 1.073045 -0.234961
v 0.401521 1.060250 -0.255826
v 0.398964 1.067449 -0.258246
v 0.311332 1.181093 -0.253032
v 0.305138 1.185242 -0.250091
v 0.357197 1.165379 -0.208240
v 0.355583 1.167959 -0.200825
v 0.373313 1.151301 -0.195001
v 0.373317 1.150234 -0.202944
v 0.313649 1.109922 -0.327187
v 0.307686 1.106965 -0.331651
v 0.296380 1.127963 -0.324099
v 0.303369 1.129014 -0.320320
v 0.389514 1.061064 -0.277924
v 0.391127 1.053227 -0.277469
v 0.376524 1.052666 -0.297772
v 0.376237 1.060554 -0.296384
v 0.387197 1.132235 -0.203770
v 0.388579 1.131505 -0.195909
v 0.297695 1.147329 -0.308086
v 0.290139 1.148106 -0.310642
v 0.360433 1.065969 -0.311819
v 0.359142 1.058621 -0.314748
v 0.294709 1.175646 -0.270522
v 0.298223 1.171763 -0.269998
v 0.307674 1.178148 -0.250320
v 0.304843 1.182493 -0.249419
v 0.336030 1.177233 -0.213070
v 0.336755 1.173243 -0.216426
v 0.353539 1.162434 -0.205527
v 0.354029 1.165642 -0.201383
v 0.403310 1.089983 -0.217073
v 0.399493 1.091883 -0.220158
v 0.400005 1.076138 -0.236564
v 0.403860 1.073097 -0.234666
v 0.339991 1.073832 -0.320005
v 0.339500 1.070625 -0.324149
v 0.293524 1.160129 -0.288968
v 0.289669 1.163169 -0.290865
v 0.393819 1.110198 -0.207924
v 0.397226 1.109623 -0.203953
v 0.320951 1.178658 -0.231860
v 0.319082 1.183040 -0.229622
v 0.277547 0.922734 -0.231314
v 0.187801 1.133157 -0.123865
v 0.160005 1.130470 -0.164269
v 0.143146 1.112195 -0.206849
v 0.139917 1.081095 -0.244974
v 0.150809 1.041903 -0.272840
v 0.174164 1.000586 -0.286206
v 0.206427 0.963434 -0.283035
v 0.242686 0.936104 -0.263812
v 0.323854 0.960018 -0.265651
v 0.234108 1.170441 -0.158202
v 0.206313 1.167753 -0.198606
v 0.189454 1.149479 -0.241185
v 0.186224 1.118379 -0.279310
v 0.197116 1.079186 -0.307177
v 0.220472 1.037870 -0.320542
v 0.252735 1.000718 -0.317372
v 0.288993 0.973387 -0.298148
v 0.332710 1.007102 -0.266436
v 0.268334 1.158041 -0.189361
v 0.248396 1.156114 -0.218343
v 0.236303 1.143006 -0.248886
v 0.233986 1.120697 -0.276234
v 0.241799 1.092584 -0.296223
v 0.258552 1.062947 -0.305810
v 0.281695 1.036297 -0.303536
v 0.307704 1.016693 -0.289746
v 0.339519 0.983807 -0.275648
v 0.256870 1.177589 -0.176697
v 0.231272 1.175115 -0.213905
v 0.215747 1.158286 -0.253117
v 0.212773 1.129644 -0.288228
v 0.222803 1.093552 -0.313890
v 0.244312 1.055502 -0.326199
v 0.274023 1.021288 -0.323279
v 0.307415 0.996119 -0.305576
v 0.222375 1.119951 -0.091577
v 0.258643 1.092717 -0.072235
v 0.290958 1.055622 -0.068933
v 0.314400 1.014314 -0.082173
v 0.325399 0.975081 -0.109939
v 0.322282 0.943896 -0.148004
v 0.305523 0.925507 -0.190574
v 0.268682 1.157235 -0.125914
v 0.304951 1.130001 -0.106572
v 0.337266 1.092906 -0.103270
v 0.360707 1.051598 -0.116509
v 0.371707 1.012364 -0.144276
v 0.368590 0.981179 -0.182341
v 0.351831 0.962790 -0.224911
v 0.293134 1.148569 -0.166200
v 0.319150 1.129034 -0.152327
v 0.342330 1.102425 -0.149958
v 0.359145 1.072794 -0.159455
v 0.367035 1.044652 -0.179372
v 0.364799 1.022282 -0.206677
v 0.352777 1.009091 -0.237212
v 0.288709 1.165428 -0.146962
v 0.322110 1.140348 -0.129150
v 0.351869 1.106186 -0.126109
v 0.373457 1.068145 -0.138301
v 0.383587 1.032014 -0.163872
v 0.380716 1.003295 -0.198927
v 0.365283 0.986360 -0.238130
v 0.214954 1.125396 -0.148965
v 0.196549 1.124689 -0.174553
v 0.183449 1.115839 -0.201830
v 0.176936 1.099712 -0.228126
v 0.177646 1.077886 -0.250867
v 0.185511 1.052499 -0.267826
v 0.199761 1.026035 -0.277344
v 0.219000 1.001085 -0.278489
v 0.241346 0.980090 -0.271148
v 0.264612 0.965107 -0.256041
v 0.286519 0.957602 -0.234646
v 0.304923 0.958309 -0.209058
v 0.318023 0.967159 -0.181780
v 0.324537 0.983286 -0.155485
v 0.323826 1.005112 -0.132744
v 0.315961 1.030499 -0.115785
v 0.301711 1.056963 -0.106267
v 0.282472 1.081913 -0.105122
v 0.260126 1.102908 -0.112463
v 0.236861 1.117891 -0.127570
v -0.297026 1.184921 0.174077
v -0.265270 1.172999 0.158959
v -0.310336 1.184981 0.149065
v -0.280081 1.173066 0.131127
v -0.327381 1.177824 0.127595
v -0.299049 1.165101 0.107235
v -0.346492 1.164150 0.111768
v -0.320315 1.149886 0.089623
v -0.365799 1.145298 0.103132
v -0.341799 1.128908 0.080014
v -0.383412 1.123113 0.102534
v -0.361398 1.104221 0.079348
v -0.397606 1.099767 0.110031
v -0.377194 1.078243 0.087691
v -0.406993 1.077545 0.124891
v -0.387639 1.053515 0.104226
v -0.410653 1.058623 0.145658
v -0.391712 1.032458 0.127335
v -0.408228 1.044851 0.170300
v -0.389013 1.017134 0.154756
v -0.399956 1.037580 0.196404
v -0.379808 1.009043 0.183804
v -0.386646 1.037520 0.221415
v -0.364997 1.008976 0.211636
v -0.369601 1.044677 0.242886
v -0.346030 1.016940 0.235527
v -0.350489 1.058351 0.258713
v -0.324763 1.032156 0.253140
v -0.331182 1.077203 0.267349
v -0.303279 1.053134 0.262749
v -0.313570 1.099388 0.267947
v -0.283680 1.077820 0.263415
v -0.299375 1.122734 0.260450
v -0.267885 1.103799 0.255072
v -0.289988 1.144956 0.245590
v -0.257440 1.128527 0.238536
v -0.286328 1.163878 0.224823
v -0.253367 1.149583 0.215427
v -0.288753 1.177649 0.200181
v -0.256065 1.164907 0.188007
v -0.323657 1.169845 0.183159
v -0.332775 1.169886 0.166024
v -0.344452 1.164983 0.151316
v -0.357545 1.155615 0.140473
v -0.370771 1.142700 0.134557
v -0.382837 1.127502 0.134147
v -0.392562 1.111509 0.139283
v -0.398992 1.096285 0.149463
v -0.401499 1.083321 0.163690
v -0.399838 1.073888 0.180571
v -0.394171 1.068906 0.198455
v -0.385053 1.068865 0.215589
v -0.373376 1.073768 0.230298
v -0.360283 1.083135 0.241141
v -0.347056 1.096051 0.247057
v -0.334991 1.111249 0.247467
v -0.325266 1.127242 0.242330
v -0.318836 1.142466 0.232150
v -0.316328 1.155429 0.217923
v -0.317990 1.164863 0.201042
v -0.392257 1.102521 0.121286
v -0.389403 1.103188 0.125657
v -0.396938 1.085349 0.137586
v -0.400338 1.083390 0.134079
v -0.382821 1.048933 0.217175
v -0.380604 1.053219 0.215073
v -0.366921 1.058964 0.232308
v -0.368148 1.055095 0.235659
v -0.307691 1.122293 0.250779
v -0.310546 1.121625 0.246408
v -0.303011 1.139464 0.234479
v -0.299610 1.141423 0.237987
v -0.364875 1.141718 0.115346
v -0.363869 1.139739 0.120119
v -0.378008 1.121930 0.119639
v -0.380037 1.122619 0.114831
v -0.401402 1.055245 0.173170
v -0.397929 1.059104 0.174039
v -0.391289 1.053267 0.194994
v -0.394280 1.048985 0.195643
v -0.325883 1.105957 0.254532
v -0.320615 1.103082 0.259844
v -0.336166 1.083494 0.259316
v -0.340022 1.088148 0.254052
v -0.312602 1.174620 0.179176
v -0.306008 1.178601 0.176963
v -0.298704 1.172181 0.200011
v -0.305961 1.168782 0.200132
v -0.352312 1.157945 0.129156
v -0.349683 1.160262 0.121948
v -0.332809 1.172335 0.135923
v -0.336970 1.168922 0.141862
v -0.403818 1.073232 0.156362
v -0.406333 1.067089 0.151871
v -0.403101 1.083796 0.133536
v -0.400880 1.088422 0.139691
v -0.355521 1.073014 0.247119
v -0.353213 1.066849 0.251691
v -0.370087 1.054776 0.237716
v -0.370863 1.062037 0.234413
v -0.323287 1.174668 0.159098
v -0.317760 1.178654 0.154880
v -0.304014 1.157727 0.219913
v -0.296563 1.160022 0.221768
v -0.299795 1.143315 0.240104
v -0.306953 1.142537 0.236584
v -0.393344 1.106261 0.127763
v -0.394814 1.103417 0.120416
v -0.382281 1.124030 0.113796
v -0.381950 1.125003 0.121744
v -0.384546 1.056291 0.217178
v -0.385136 1.048457 0.218760
v -0.396888 1.048510 0.196676
v -0.395231 1.056340 0.197099
v -0.314488 1.124698 0.248513
v -0.308083 1.123695 0.253224
v -0.367811 1.142812 0.122224
v -0.366730 1.143617 0.114324
v -0.401871 1.062177 0.176144
v -0.404192 1.054930 0.173628
v -0.331801 1.169719 0.136407
v -0.333028 1.165849 0.139757
v -0.319345 1.171595 0.156993
v -0.317127 1.175880 0.154890
v -0.298547 1.169569 0.198895
v -0.302019 1.165709 0.198026
v -0.300072 1.154655 0.217808
v -0.296459 1.157713 0.220109
v -0.335074 1.083096 0.256719
v -0.336080 1.085075 0.251946
v -0.351579 1.069941 0.245014
v -0.351695 1.066866 0.249285
v -0.399876 1.070159 0.154257
v -0.403489 1.067100 0.151957
v -0.348370 1.154872 0.127051
v -0.348254 1.157947 0.122781
v -0.321941 1.102884 0.252427
v -0.319911 1.102194 0.257234
v -0.308660 1.171547 0.177071
v -0.305668 1.175829 0.176422
v -0.325351 0.934403 0.150482
v -0.181714 1.140013 0.119325
v -0.205717 1.138559 0.076500
v -0.237076 1.121702 0.042387
v -0.270939 1.091981 0.022359
v -0.302153 1.053921 0.019465
v -0.325964 1.013317 0.034146
v -0.338749 0.976350 0.064165
v -0.338560 0.948648 0.104955
v -0.375252 0.973302 0.177131
v -0.231616 1.178912 0.145974
v -0.255619 1.177458 0.103149
v -0.286977 1.160600 0.069036
v -0.320841 1.130880 0.049008
v -0.352054 1.092820 0.046114
v -0.375866 1.052216 0.060795
v -0.388650 1.015249 0.090815
v -0.388461 0.987547 0.131604
v -0.378162 1.020458 0.185124
v -0.275130 1.167944 0.162774
v -0.292348 1.166902 0.132055
v -0.314841 1.154810 0.107586
v -0.339132 1.133490 0.093219
v -0.361522 1.106189 0.091144
v -0.378602 1.077064 0.101674
v -0.387773 1.050547 0.123208
v -0.387637 1.030676 0.152466
v -0.390277 0.997571 0.186956
v -0.257999 1.186921 0.158263
v -0.280104 1.185582 0.118824
v -0.308983 1.170058 0.087409
v -0.340168 1.142687 0.068965
v -0.368913 1.107637 0.066300
v -0.390842 1.070244 0.079819
v -0.402615 1.036201 0.107465
v -0.402441 1.010689 0.145029
v -0.168560 1.125937 0.164504
v -0.168266 1.098327 0.205355
v -0.180953 1.061413 0.235481
v -0.204690 1.020813 0.250294
v -0.235863 0.982710 0.247540
v -0.269725 0.952903 0.227639
v -0.301123 0.935931 0.193619
v -0.218461 1.164836 0.191153
v -0.218167 1.137226 0.232004
v -0.230855 1.100312 0.262130
v -0.254591 1.059712 0.276943
v -0.285764 1.021609 0.274190
v -0.319627 0.991802 0.254288
v -0.351025 0.974830 0.220268
v -0.265694 1.157847 0.195181
v -0.265484 1.138043 0.224484
v -0.274584 1.111563 0.246094
v -0.291611 1.082441 0.256720
v -0.313972 1.055109 0.254744
v -0.338262 1.033728 0.240469
v -0.360784 1.021554 0.216066
v -0.245885 1.173958 0.199869
v -0.245614 1.148532 0.237489
v -0.257298 1.114537 0.265233
v -0.279158 1.077148 0.278875
v -0.307866 1.042058 0.276339
v -0.339051 1.014608 0.258011
v -0.367965 0.998978 0.226682
v -0.189418 1.114410 0.118245
v -0.204229 1.114476 0.090414
v -0.223196 1.106512 0.066522
v -0.244462 1.091296 0.048910
v -0.265947 1.070318 0.039300
v -0.285546 1.045632 0.038634
v -0.301341 1.019653 0.046978
v -0.311786 0.994925 0.063513
v -0.315859 0.973869 0.086622
v -0.313161 0.958545 0.114042
v -0.303955 0.950453 0.143090
v -0.289144 0.950387 0.170922
v -0.270177 0.958351 0.194814
v -0.248911 0.973566 0.212426
v -0.227426 0.994545 0.222036
v -0.207827 1.019231 0.222701
v -0.192032 1.045210 0.214358
v -0.181587 1.069938 0.197823
v -0.177514 1.090994 0.174714
v -0.180212 1.106318 0.147293
v -0.295667 1.179658 -0.210107
v -0.267959 1.168771 -0.187908
v -0.279128 1.179023 -0.233102
v -0.249554 1.168064 -0.213497
v -0.267356 1.171069 -0.257615
v -0.236454 1.159213 -0.240774
v -0.261502 1.156576 -0.281246
v -0.229940 1.143086 -0.267070
v -0.262141 1.136963 -0.301682
v -0.230651 1.121260 -0.289810
v -0.269208 1.114148 -0.316922
v -0.238516 1.095873 -0.306769
v -0.282014 1.090366 -0.325476
v -0.252766 1.069409 -0.316287
v -0.299304 1.067944 -0.326504
v -0.272005 1.044459 -0.317432
v -0.319385 1.049078 -0.319908
v -0.294351 1.023465 -0.310091
v -0.340293 1.035613 -0.306332
v -0.317616 1.008482 -0.294984
v -0.359980 1.028868 -0.287105
v -0.339523 1.000976 -0.273589
v -0.376519 1.029503 -0.264110
v -0.357928 1.001683 -0.248001
v -0.388291 1.037457 -0.239597
v -0.371028 1.010534 -0.220724
v -0.394145 1.051950 -0.215966
v -0.377542 1.026660 -0.194428
v -0.393507 1.071563 -0.195530
v -0.376831 1.048486 -0.171687
v -0.386439 1.094378 -0.180289
v -0.368966 1.073873 -0.154728
v -0.373633 1.118160 -0.171736
v -0.354716 1.100338 -0.145210
v -0.356343 1.140582 -0.170707
v -0.335477 1.125288 -0.144066
v -0.336262 1.159448 -0.177304
v -0.313131 1.146282 -0.151406
v -0.315354 1.172913 -0.190880
v -0.289866 1.161265 -0.166513
v -0.315467 1.163701 -0.229403
v -0.304136 1.163266 -0.245157
v -0.296071 1.157817 -0.261950
v -0.292061 1.147889 -0.278139
v -0.292498 1.134452 -0.292139
v -0.297341 1.118822 -0.302579
v -0.306113 1.102530 -0.308439
v -0.317958 1.087170 -0.309144
v -0.331715 1.074244 -0.304624
v -0.346038 1.065020 -0.295324
v -0.359525 1.060400 -0.282152
v -0.370856 1.060835 -0.266399
v -0.378921 1.066284 -0.249606
v -0.382931 1.076212 -0.233417
v -0.382493 1.089649 -0.219417
v -0.377651 1.105278 -0.208976
v -0.368879 1.121571 -0.203117
v -0.357034 1.136931 -0.202412
v -0.343277 1.149856 -0.206931
v -0.328954 1.159081 -0.216232
v -0.289763 1.093408 -0.315803
v -0.292426 1.094215 -0.311335
v -0.306305 1.076216 -0.312161
v -0.304648 1.074105 -0.316688
v -0.371121 1.041011 -0.262973
v -0.368291 1.045357 -0.262072
v -0.377742 1.051742 -0.242394
v -0.381256 1.047858 -0.241871
v -0.368637 1.117335 -0.183450
v -0.365974 1.116527 -0.187918
v -0.352095 1.134527 -0.187092
v -0.353752 1.136638 -0.182564
v -0.272654 1.133522 -0.295319
v -0.276472 1.131622 -0.292234
v -0.282146 1.113307 -0.304469
v -0.278739 1.113881 -0.308439
v -0.339935 1.046271 -0.299322
v -0.339210 1.050261 -0.295967
v -0.355014 1.044847 -0.280532
v -0.356883 1.040465 -0.282770
v -0.379912 1.100381 -0.197497
v -0.382321 1.097744 -0.190322
v -0.388561 1.077601 -0.203778
v -0.385586 1.082066 -0.209731
v -0.307044 1.168841 -0.221433
v -0.302176 1.173041 -0.216649
v -0.319558 1.167085 -0.199673
v -0.322848 1.163426 -0.205999
v -0.279617 1.150312 -0.278541
v -0.272011 1.152661 -0.279459
v -0.277179 1.165457 -0.258595
v -0.284317 1.161946 -0.259571
v -0.326084 1.064016 -0.309578
v -0.323117 1.057748 -0.313595
v -0.305387 1.074406 -0.319419
v -0.309964 1.079161 -0.314873
v -0.386099 1.066321 -0.226137
v -0.389125 1.060283 -0.221822
v -0.383957 1.047487 -0.242686
v -0.381400 1.054687 -0.245107
v -0.293767 1.168331 -0.239893
v -0.287573 1.172480 -0.236952
v -0.339632 1.152617 -0.195100
v -0.338018 1.155197 -0.187686
v -0.355749 1.138539 -0.181862
v -0.355753 1.137472 -0.189805
v -0.296084 1.097160 -0.314047
v -0.290121 1.094203 -0.318511
v -0.278815 1.115201 -0.310959
v -0.285804 1.116252 -0.307181
v -0.371949 1.048302 -0.264785
v -0.373562 1.040465 -0.264329
v -0.358959 1.039904 -0.284633
v -0.358672 1.047792 -0.283245
v -0.369632 1.119473 -0.190630
v -0.371014 1.118742 -0.182770
v -0.280130 1.134567 -0.294947
v -0.272574 1.135344 -0.297503
v -0.342868 1.053207 -0.298679
v -0.341577 1.045859 -0.301608
v -0.277144 1.162884 -0.257382
v -0.280658 1.159001 -0.256859
v -0.290109 1.165385 -0.237181
v -0.287279 1.169731 -0.236279
v -0.318465 1.164471 -0.199931
v -0.319190 1.160481 -0.203286
v -0.335974 1.149672 -0.192388
v -0.336464 1.152880 -0.188243
v -0.385746 1.077220 -0.203934
v -0.381928 1.079121 -0.207019
v -0.382441 1.063376 -0.223424
v -0.386295 1.060335 -0.221527
v -0.322426 1.061070 -0.306865
v -0.321936 1.057863 -0.311009
v -0.275959 1.147367 -0.275829
v -0.272105 1.150407 -0.277726
v -0.376254 1.097436 -0.194784
v -0.379661 1.096861 -0.190813
v -0.303386 1.165896 -0.218721
v -0.301517 1.170278 -0.216483
v -0.277547 0.922734 -0.231314
v -0.187801 1.133157 -0.123865
v -0.160005 1.130470 -0.164269
v -0.143146 1.112195 -0.206849
v -0.139917 1.081095 -0.244974
v -0.150809 1.041903 -0.272840
v -0.174164 1.000586 -0.286206
v -0.206427 0.963434 -0.283035
v -0.242686 0.936104 -0.263812
v -0.323854 0.960018 -0.265651
v -0.234108 1.170441 -0.158202
v -0.206313 1.167753 -0.198606
v -0.189454 1.149479 -0.241185
v -0.186224 1.118379 -0.279310
v -0.197116 1.079186 -0.307177
v -0.220472 1.037870 -0.320542
v -0.252735 1.000718 -0.317372
v -0.288993 0.973387 -0.298148
v -0.332710 1.007102 -0.266436
v -0.268334 1.158041 -0.189361
v -0.248396 1.156114 -0.218343
v -0.236303 1.143006 -0.248886
v -0.233986 1.120697 -0.276234
v -0.241799 1.092584 -0.296223
v -0.258552 1.062947 -0.305810
v -0.281695 1.036297 -0.303536
v -0.307704 1.016693 -0.289746
v -0.339519 0.983807 -0.275648
v -0.256870 1.177589 -0.176697
v -0.231272 1.175115 -0.213905
v -0.215747 1.158286 -0.253117
v -0.212773 1.129644 -0.288228
v -0.222803 1.093552 -0.313890
v -0.244312 1.055502 -0.326199
v -0.274023 1.021288 -0.323279
v -0.307415 0.996119 -0.305576
v -0.222375 1.119951 -0.091577
v -0.258643 1.092717 -0.072235
v -0.290958 1.055622 -0.068933
v -0.314400 1.014314 -0.082173
v -0.325399 0.975081 -0.109939
v -0.322282 0.943896 -0.148004
v -0.305523 0.925507 -0.190574
v -0.268682 1.157235 -0.125914
v -0.304951 1.130001 -0.106572
v -0.337266 1.092906 -0.103270
v -0.360707 1.051598 -0.116509
v -0.371707 1.012364 -0.144276
v -0.368590 0.981179 -0.182341
v -0.351831 0.962790 -0.224911
v -0.293134 1.148569 -0.166200
v -0.319150 1.129034 -0.152327
v -0.342330 1.102425 -0.149958
v -0.359145 1.072794 -0.159455
v -0.367035 1.044652 -0.179372
v -0.364799 1.022282 -0.206677
v -0.352777 1.009091 -0.237212
v -0.288709 1.165428 -0.146962
v -0.322110 1.140348 -0.129150
v -0.351869 1.106186 -0.126109
v -0.373457 1.068145 -0.138301
v -0.383587 1.032014 -0.163872
v -0.380716 1.003295 -0.198927
v -0.365283 0.986360 -0.238130
v -0.197389 1.112634 -0.135825
v -0.178985 1.111927 -0.161414
v -0.165885 1.103077 -0.188691
v -0.159371 1.086950 -0.214987
v -0.160082 1.065124 -0.237727
v -0.167947 1.039737 -0.254687
v -0.182196 1.013273 -0.264204
v -0.201436 0.988323 -0.265349
v -0.223782 0.967328 -0.258009
v -0.247047 0.952345 -0.242902
v -0.268954 0.944840 -0.221507
v -0.287358 0.945547 -0.195918
v -0.300459 0.954397 -0.168641
v -0.306972 0.970524 -0.142345
v -0.306262 0.992350 -0.119605
v -0.298397 1.017737 -0.102645
v -0.284147 1.044201 -0.093128
v -0.264907 1.069151 -0.091983
v -0.242561 1.090146 -0.099323
v -0.219296 1.105129 -0.114430
vn -0.0000 0.2010 -0.9796
vn 0.0392 0.1971 -0.9796
vn -0.0000 -0.0000 -1.0000
vn -0.0000 0.9810 0.1939
vn 0.1914 0.9622 0.1939
vn 0.1951 0.9808 -0.0000
vn -0.0000 1.0000 -0.0000
vn -0.0000 0.3879 -0.9217
vn 0.0757 0.3804 -0.9217
vn -0.0000 0.9248 0.3805
vn 0.1804 0.9070 0.3805
vn -0.0000 0.5598 -0.8286
vn 0.1092 0.5490 -0.8286
vn -0.0000 0.8819 0.4714
vn 0.1839 0.8420 0.5072
vn -0.0000 0.7101 -0.7041
vn 0.1385 0.6965 -0.7041
vn -0.0000 0.8333 -0.5528
vn 0.1626 0.8173 -0.5528
vn -0.0000 0.9248 -0.3805
vn 0.1804 0.9070 -0.3805
vn -0.0000 0.9810 -0.1939
vn 0.1914 0.9622 -0.1939
vn 0.3754 0.9063 -0.1939
vn 0.3539 0.8544 -0.3805
vn 0.3827 0.9239 -0.0000
vn 0.0769 0.1857 -0.9796
vn 0.3754 0.9063 0.1939
vn 0.1484 0.3584 -0.9217
vn 0.3539 0.8544 0.3805
vn 0.2142 0.5172 -0.8286
vn 0.3189 0.7699 0.5528
vn 0.2718 0.6561 -0.7041
vn 0.3189 0.7699 -0.5528
vn 0.4630 0.6929 0.5528
vn 0.5138 0.7689 0.3805
vn 0.3945 0.5905 -0.7041
vn 0.3110 0.4654 -0.8286
vn 0.4630 0.6929 -0.5528
vn 0.5138 0.7689 -0.3805
vn 0.5450 0.8157 -0.1939
vn 0.5556 0.8315 -0.0000
vn 0.1117 0.1671 -0.9796
vn 0.5450 0.8157 0.1939
vn 0.2155 0.3225 -0.9217
vn 0.7071 0.7071 -0.0000
vn 0.6937 0.6937 -0.1939
vn 0.1421 0.1421 -0.9796
vn 0.6937 0.6937 0.1939
vn 0.2743 0.2743 -0.9217
vn 0.6539 0.6539 0.3805
vn 0.3958 0.3958 -0.8286
vn 0.5893 0.5893 0.5528
vn 0.5021 0.5021 -0.7041
vn 0.3945 0.5905 0.7041
vn 0.5021 0.5021 0.7041
vn 0.5893 0.5893 -0.5528
vn 0.6539 0.6539 -0.3805
vn 0.4918 0.4036 0.7715
vn 0.5503 0.4516 0.7023
vn 0.4539 0.4432 0.7730
vn 0.5385 0.4419 -0.7174
vn 0.8653 0.4625 -0.1930
vn 0.9063 0.3755 -0.1938
vn 0.8544 0.3538 -0.3804
vn 0.8161 0.4362 -0.3790
vn 0.8819 0.4714 -0.0000
vn 0.9239 0.3827 -0.0000
vn 0.8653 0.4625 0.1930
vn 0.9064 0.3754 0.1939
vn 0.1671 0.1117 -0.9796
vn 0.8161 0.4362 0.3790
vn 0.8544 0.3539 0.3805
vn 0.3225 0.2155 -0.9217
vn 0.7360 0.3934 0.5509
vn 0.7699 0.3189 0.5528
vn 0.4654 0.3110 -0.8286
vn 0.6278 0.3356 0.7023
vn 0.6561 0.2718 0.7041
vn 0.7360 0.3934 -0.5509
vn 0.7700 0.3191 -0.5526
vn 0.6563 0.2716 -0.7039
vn 0.6144 0.3284 -0.7174
vn 0.1857 0.0769 -0.9796
vn 0.7585 0.6225 0.1930
vn 0.7730 0.6344 -0.0000
vn 0.3584 0.1484 -0.9217
vn 0.7154 0.5871 0.3790
vn 0.5172 0.2142 -0.8286
vn 0.6451 0.5294 0.5509
vn 0.6451 0.5294 -0.5509
vn 0.7154 0.5871 -0.3790
vn 0.7585 0.6225 -0.1930
vn -0.8251 -0.0224 0.5646
vn -0.8393 0.0264 0.5430
vn -0.8335 0.1420 0.5340
vn -0.8184 0.1815 0.5452
vn 0.9074 0.1803 -0.3797
vn 0.8181 0.1630 -0.5515
vn 0.4966 -0.0130 0.8679
vn 0.5088 0.0153 0.8608
vn 0.4812 -0.0473 0.8753
vn 0.9808 0.1951 -0.0003
vn 0.9623 0.1916 -0.1930
vn 0.1971 0.0392 -0.9796
vn 0.8694 -0.4395 -0.2257
vn 0.3804 0.0757 -0.9217
vn 0.9070 0.1804 0.3805
vn 0.9622 0.1913 0.1936
vn 0.5490 0.1092 -0.8286
vn 0.8173 0.1626 0.5528
vn 0.6977 0.1383 -0.7029
vn 0.6965 0.1385 0.7041
vn -0.1463 0.0343 -0.9887
vn -0.1510 0.0269 -0.9882
vn -0.1527 0.0044 -0.9883
vn -0.1474 -0.0061 -0.9891
vn 0.3879 -0.0000 -0.9217
vn 0.2010 -0.0000 -0.9796
vn 0.9248 -0.0000 0.3805
vn 0.9811 0.0001 0.1936
vn 0.5598 -0.0000 -0.8286
vn 0.8333 -0.0000 0.5528
vn 0.7113 0.0005 -0.7029
vn 0.7432 0.0732 0.6651
vn 0.7723 0.0429 0.6338
vn -0.1393 0.0451 -0.9892
vn 0.9251 0.0002 -0.3797
vn 0.8342 -0.0003 -0.5515
vn 0.4677 -0.0468 -0.8827
vn 0.4939 0.0142 -0.8694
vn 0.4826 -0.0128 -0.8758
vn 1.0000 -0.0001 -0.0003
vn 0.9812 -0.0001 -0.1930
vn 0.9071 -0.1803 -0.3804
vn 0.8174 -0.1627 -0.5526
vn 0.7917 -0.4158 -0.4475
vn 0.9808 -0.1951 -0.0000
vn 0.9622 -0.1915 -0.1938
vn 0.1971 -0.0392 -0.9796
vn -0.9215 -0.0421 0.3861
vn -0.9530 0.0484 0.2990
vn -0.9488 0.1657 0.2689
vn -0.9390 0.2038 0.2769
vn 0.3804 -0.0757 -0.9217
vn 0.9273 -0.1618 0.3377
vn 0.9622 -0.1914 0.1939
vn 0.5490 -0.1092 -0.8286
vn 0.8476 -0.0835 0.5240
vn 0.6967 -0.1384 -0.7039
vn -0.9170 0.2733 0.2906
vn 0.3584 -0.1484 -0.9217
vn 0.1857 -0.0769 -0.9796
vn 0.8841 -0.3662 0.2903
vn 0.9063 -0.3754 0.1939
vn 0.5172 -0.2142 -0.8286
vn 0.6561 -0.2718 -0.7041
vn 0.7699 -0.3189 -0.5528
vn 0.8544 -0.3539 -0.3805
vn 0.9063 -0.3754 -0.1939
vn 0.9239 -0.3827 -0.0000
vn 0.7689 -0.5138 -0.3805
vn 0.6929 -0.4630 -0.5528
vn 0.8157 -0.5450 -0.1939
vn 0.8315 -0.5556 -0.0000
vn 0.1671 -0.1117 -0.9796
vn 0.8157 -0.5450 0.1939
vn 0.3225 -0.2155 -0.9217
vn 0.7957 -0.5316 0.2903
vn 0.4654 -0.3110 -0.8286
vn 0.5905 -0.3945 -0.7041
vn 0.6505 -0.6810 0.3362
vn 0.6937 -0.6937 0.1939
vn 0.3958 -0.3958 -0.8286
vn 0.2743 -0.2743 -0.9217
vn 0.5021 -0.5021 -0.7041
vn 0.5893 -0.5893 -0.5528
vn 0.6539 -0.6539 -0.3805
vn 0.6937 -0.6937 -0.1939
vn 0.7071 -0.7071 -0.0000
vn 0.1421 -0.1421 -0.9796
vn 0.5450 -0.8157 -0.1939
vn 0.5138 -0.7689 -0.3805
vn 0.5556 -0.8315 -0.0000
vn 0.1117 -0.1671 -0.9796
vn 0.5450 -0.8157 0.1939
vn 0.2155 -0.3225 -0.9217
vn 0.5138 -0.7689 0.3805
vn 0.3110 -0.4654 -0.8286
vn 0.3945 -0.5905 -0.7041
vn 0.4630 -0.6929 -0.5528
vn 0.4630 -0.6929 0.5528
vn 0.3189 -0.7699 0.5528
vn 0.3539 -0.8544 0.3805
vn 0.2718 -0.6561 -0.7041
vn 0.2142 -0.5172 -0.8286
vn 0.3189 -0.7699 -0.5528
vn 0.3539 -0.8544 -0.3805
vn 0.3754 -0.9063 -0.1939
vn 0.3827 -0.9239 -0.0000
vn 0.0769 -0.1857 -0.9796
vn 0.3754 -0.9063 0.1939
vn 0.1484 -0.3584 -0.9217
vn 0.1951 -0.9808 -0.0000
vn 0.1914 -0.9622 -0.1939
vn 0.0392 -0.1971 -0.9796
vn 0.1914 -0.9622 0.1939
vn 0.0757 -0.3804 -0.9217
vn 0.1804 -0.9070 0.3805
vn 0.1092 -0.5490 -0.8286
vn 0.1626 -0.8173 0.5528
vn 0.1385 -0.6965 -0.7041
vn 0.2654 -0.7091 0.6533
vn 0.1385 -0.6965 0.7041
vn 0.1626 -0.8173 -0.5528
vn 0.1804 -0.9070 -0.3805
vn -0.0818 -0.8305 -0.5509
vn -0.1626 -0.8173 -0.5528
vn -0.1385 -0.6965 -0.7041
vn -0.0683 -0.6933 -0.7174
vn 0.0624 -0.6332 0.7715
vn 0.0698 -0.7084 0.7023
vn 0.1137 -0.6242 0.7730
vn 0.0683 -0.6933 -0.7174
vn -0.0000 -0.6344 -0.7730
vn -0.0000 -0.5598 -0.8286
vn -0.0962 -0.9765 -0.1930
vn -0.1914 -0.9622 -0.1939
vn -0.1804 -0.9070 -0.3805
vn -0.0907 -0.9210 -0.3790
vn -0.0980 -0.9952 -0.0000
vn -0.1951 -0.9808 -0.0000
vn -0.0962 -0.9765 0.1930
vn -0.1914 -0.9622 0.1939
vn -0.0000 -0.2010 -0.9796
vn -0.0907 -0.9210 0.3790
vn -0.1804 -0.9070 0.3805
vn -0.0000 -0.3879 -0.9217
vn -0.0818 -0.8305 0.5509
vn -0.1626 -0.8173 0.5528
vn -0.0698 -0.7084 0.7023
vn -0.1385 -0.6965 0.7041
vn 0.0980 -0.9952 -0.0000
vn 0.0962 -0.9765 -0.1930
vn -0.0392 -0.1971 -0.9796
vn 0.0962 -0.9765 0.1930
vn -0.0757 -0.3804 -0.9217
vn 0.0907 -0.9210 0.3790
vn -0.1092 -0.5490 -0.8286
vn 0.0818 -0.8305 0.5509
vn 0.0818 -0.8305 -0.5509
vn 0.0907 -0.9210 -0.3790
vn -0.2654 -0.7091 0.6533
vn -0.3189 -0.7699 0.5528
vn -0.3189 -0.7699 -0.5528
vn -0.2718 -0.6561 -0.7041
vn -0.3539 -0.8544 -0.3805
vn -0.3754 -0.9063 -0.1939
vn -0.3827 -0.9239 -0.0000
vn -0.0769 -0.1857 -0.9796
vn -0.3754 -0.9063 0.1939
vn -0.1484 -0.3584 -0.9217
vn -0.3539 -0.8544 0.3805
vn -0.2142 -0.5172 -0.8286
vn -0.1117 -0.1671 -0.9796
vn -0.5450 -0.8157 0.1939
vn -0.5556 -0.8315 -0.0000
vn -0.2155 -0.3225 -0.9217
vn -0.5138 -0.7689 0.3805
vn -0.3110 -0.4654 -0.8286
vn -0.4630 -0.6929 0.5528
vn -0.3945 -0.5905 -0.7041
vn -0.4630 -0.6929 -0.5528
vn -0.5138 -0.7689 -0.3805
vn -0.5450 -0.8157 -0.1939
vn -0.5893 -0.5893 -0.5528
vn -0.5021 -0.5021 -0.7041
vn -0.6539 -0.6539 -0.3805
vn -0.6937 -0.6937 -0.1939
vn -0.7071 -0.7071 -0.0000
vn -0.1421 -0.1421 -0.9796
vn -0.6937 -0.6937 0.1939
vn -0.2743 -0.2743 -0.9217
vn -0.6505 -0.6810 0.3362
vn -0.3958 -0.3958 -0.8286
vn -0.5414 -0.6597 0.5213
vn -0.8157 -0.5450 0.1939
vn -0.8315 -0.5556 -0.0000
vn -0.3225 -0.2155 -0.9217
vn -0.1671 -0.1117 -0.9796
vn -0.7957 -0.5316 0.2903
vn -0.4654 -0.3110 -0.8286
vn -0.5905 -0.3945 -0.7041
vn -0.6929 -0.4630 -0.5528
vn -0.7689 -0.5138 -0.3805
vn -0.8157 -0.5450 -0.1939
vn -0.8544 -0.3539 -0.3805
vn -0.7699 -0.3189 -0.5528
vn -0.9063 -0.3754 -0.1939
vn -0.9239 -0.3827 -0.0000
vn -0.1857 -0.0769 -0.9796
vn -0.9063 -0.3754 0.1939
vn -0.3584 -0.1484 -0.9217
vn -0.8841 -0.3662 0.2903
vn -0.5172 -0.2142 -0.8286
vn -0.6561 -0.2718 -0.7041
vn -0.9273 -0.1618 0.3377
vn -0.9622 -0.1914 0.1939
vn -0.5490 -0.1092 -0.8286
vn -0.3804 -0.0757 -0.9217
vn -0.6967 -0.1384 -0.7039
vn -0.8174 -0.1627 -0.5526
vn -0.9071 -0.1803 -0.3804
vn -0.9622 -0.1915 -0.1938
vn -0.9808 -0.1951 -0.0000
vn -0.1971 -0.0392 -0.9796
vn 0.1215 -0.0144 -0.9925
vn 0.1291 0.0031 -0.9916
vn 0.1256 -0.0049 -0.9921
vn -1.0000 -0.0001 -0.0003
vn -0.9812 -0.0001 -0.1930
vn -0.2010 -0.0000 -0.9796
vn -0.1422 -0.0167 -0.9897
vn -0.3879 -0.0000 -0.9217
vn -0.9248 -0.0000 0.3805
vn -0.9811 0.0001 0.1936
vn -0.5598 -0.0000 -0.8286
vn -0.7113 0.0005 -0.7029
vn -0.6051 0.1818 -0.7751
vn -0.6438 0.1073 -0.7576
vn -0.6267 0.1414 -0.7663
vn -0.9251 0.0002 -0.3797
vn -0.8342 -0.0003 -0.5515
vn -0.5490 0.1092 -0.8286
vn -0.3804 0.0757 -0.9217
vn -0.8333 -0.0000 0.5528
vn -0.8173 0.1626 0.5528
vn -0.9070 0.1804 0.3805
vn -0.6977 0.1383 -0.7029
vn 0.5244 -0.0140 0.8513
vn 0.5383 0.0173 0.8426
vn 0.5080 -0.0492 0.8600
vn -0.9074 0.1803 -0.3797
vn -0.8181 0.1630 -0.5515
vn -0.9006 -0.0859 0.4262
vn -0.9808 0.1951 -0.0003
vn -0.9623 0.1916 -0.1930
vn -0.1971 0.0392 -0.9796
vn -0.6080 0.1371 0.7820
vn -0.6241 0.1048 0.7743
vn -0.5869 0.1770 0.7901
vn -0.9622 0.1913 0.1936
vn 0.8126 0.5775 0.0790
vn -0.9239 0.3827 -0.0000
vn -0.9063 0.3755 -0.1938
vn -0.1857 0.0769 -0.9796
vn -0.6243 -0.0195 -0.7809
vn -0.6452 0.0236 -0.7637
vn -0.6039 -0.0587 -0.7949
vn -0.3584 0.1484 -0.9217
vn -0.8544 0.3539 0.3805
vn -0.9064 0.3754 0.1939
vn -0.5172 0.2142 -0.8286
vn -0.7699 0.3189 0.5528
vn -0.6563 0.2716 -0.7039
vn -0.6965 0.1385 0.7041
vn -0.6561 0.2718 0.7041
vn -0.7940 0.2378 0.5595
vn -0.8544 0.3538 -0.3804
vn -0.7700 0.3191 -0.5526
vn -0.5503 0.4516 0.7023
vn -0.5021 0.5021 0.7041
vn -0.5893 0.5893 0.5528
vn -0.6451 0.5294 0.5509
vn -0.6451 0.5294 -0.5509
vn -0.5893 0.5893 -0.5528
vn -0.5021 0.5021 -0.7041
vn -0.5385 0.4419 -0.7174
vn -0.5611 0.2999 0.7715
vn -0.6278 0.3356 0.7023
vn -0.5811 0.2547 0.7729
vn -0.6144 0.3284 -0.7174
vn -0.5275 0.3524 -0.7730
vn -0.4654 0.3110 -0.8286
vn -0.7585 0.6225 -0.1930
vn -0.6937 0.6937 -0.1939
vn -0.6539 0.6539 -0.3805
vn -0.7154 0.5871 -0.3790
vn -0.7730 0.6344 -0.0000
vn -0.7071 0.7071 -0.0000
vn -0.7585 0.6225 0.1930
vn -0.6937 0.6937 0.1939
vn -0.1671 0.1117 -0.9796
vn -0.7154 0.5871 0.3790
vn -0.6539 0.6539 0.3805
vn -0.3225 0.2155 -0.9217
vn -0.8819 0.4714 -0.0000
vn -0.8653 0.4625 -0.1930
vn -0.1421 0.1421 -0.9796
vn -0.8653 0.4625 0.1930
vn -0.2743 0.2743 -0.9217
vn -0.8161 0.4362 0.3790
vn -0.3958 0.3958 -0.8286
vn -0.7360 0.3934 0.5509
vn -0.7360 0.3934 -0.5509
vn -0.8161 0.4362 -0.3790
vn -0.3945 0.5905 -0.7041
vn -0.3110 0.4654 -0.8286
vn -0.3945 0.5905 0.7041
vn -0.4630 0.6929 0.5528
vn -0.4630 0.6929 -0.5528
vn -0.5138 0.7689 -0.3805
vn -0.5450 0.8157 -0.1939
vn -0.5556 0.8315 -0.0000
vn -0.1117 0.1671 -0.9796
vn -0.5450 0.8157 0.1939
vn -0.2155 0.3225 -0.9217
vn -0.5138 0.7689 0.3805
vn -0.3827 0.9239 -0.0000
vn -0.3754 0.9063 -0.1939
vn -0.0769 0.1857 -0.9796
vn -0.3754 0.9063 0.1939
vn -0.1484 0.3584 -0.9217
vn -0.3539 0.8544 0.3805
vn -0.2142 0.5172 -0.8286
vn -0.3189 0.7699 0.5528
vn -0.2718 0.6561 -0.7041
vn -0.3544 0.6631 0.6593
vn -0.3302 0.6993 0.6339
vn -0.3189 0.7699 -0.5528
vn -0.3539 0.8544 -0.3805
vn -0.1626 0.8173 -0.5528
vn -0.1385 0.6965 -0.7041
vn -0.1804 0.9070 -0.3805
vn -0.1914 0.9622 -0.1939
vn -0.1951 0.9808 -0.0000
vn -0.0392 0.1971 -0.9796
vn -0.1914 0.9622 0.1939
vn -0.0757 0.3804 -0.9217
vn -0.1804 0.9070 0.3805
vn -0.1092 0.5490 -0.8286
vn -0.1839 0.8420 0.5072
vn 0.4598 -0.8325 0.3091
vn 0.4874 -0.8066 0.3344
vn 0.4973 -0.7967 0.3435
vn -0.9779 -0.1942 -0.0773
vn -0.9969 0.0003 -0.0782
vn -0.9969 -0.0003 -0.0782
vn -0.9778 -0.1948 -0.0773
vn -0.6633 -0.6048 0.4408
vn -0.6619 -0.6065 0.4405
vn -0.6233 -0.6551 0.4270
vn -0.6249 -0.6531 0.4277
vn -0.9211 -0.3818 -0.0764
vn -0.9213 -0.3813 -0.0764
vn 0.8195 -0.3877 0.4220
vn 0.8221 -0.3838 0.4205
vn 0.8576 -0.3266 0.3972
vn 0.8528 -0.3348 0.4007
vn -0.0000 -0.9973 -0.0734
vn -0.1946 -0.9781 -0.0735
vn -0.1945 -0.9781 -0.0735
vn -0.5856 -0.7002 0.4084
vn -0.5807 -0.7058 0.4057
vn -0.5392 -0.7518 0.3795
vn -0.5435 -0.7472 0.3826
vn -0.8290 -0.5542 -0.0756
vn -0.8292 -0.5538 -0.0756
vn 0.1945 -0.9781 -0.0735
vn 0.1946 -0.9781 -0.0735
vn -0.6335 0.1922 0.7495
vn -0.6096 0.2519 0.7516
vn -0.6092 0.2529 0.7516
vn -0.8718 -0.3014 0.3862
vn -0.8576 -0.3266 0.3972
vn -0.8528 -0.3348 0.4007
vn -0.7050 -0.7053 -0.0748
vn -0.7053 -0.7050 -0.0748
vn 0.3815 -0.9214 -0.0738
vn 0.3817 -0.9213 -0.0738
vn -0.7845 -0.4394 0.4376
vn -0.7864 -0.4367 0.4369
vn -0.7477 -0.4921 0.4459
vn -0.7464 -0.4939 0.4461
vn -0.5539 -0.8293 -0.0742
vn -0.5542 -0.8291 -0.0742
vn 0.5539 -0.8293 -0.0742
vn 0.5542 -0.8291 -0.0742
vn -0.4874 -0.8066 0.3344
vn -0.4973 -0.7967 0.3435
vn -0.3815 -0.9214 -0.0738
vn -0.3817 -0.9213 -0.0738
vn 0.0758 -0.7699 0.6337
vn -0.0000 -0.7721 0.6355
vn 0.7050 -0.7053 -0.0748
vn 0.7053 -0.7050 -0.0748
vn -0.8221 -0.3838 0.4205
vn -0.8195 -0.3877 0.4220
vn 0.4193 0.8370 0.3516
vn 0.3780 0.8450 0.3783
vn 0.3623 0.8475 0.3880
vn 0.8290 -0.5542 -0.0756
vn 0.8292 -0.5538 -0.0756
vn -0.1802 0.8662 0.4661
vn -0.1916 0.8654 0.4630
vn -0.2919 0.8559 0.4270
vn -0.2850 0.8565 0.4303
vn -0.5472 0.3662 0.7526
vn -0.5478 0.3654 0.7526
vn -0.5099 0.4185 0.7515
vn 0.9211 -0.3818 -0.0764
vn 0.9213 -0.3813 -0.0764
vn -0.3623 0.8475 0.3880
vn -0.3780 0.8450 0.3783
vn -0.4193 0.8370 0.3516
vn 0.9778 -0.1948 -0.0773
vn 0.9779 -0.1942 -0.0773
vn -0.0767 0.8696 0.4878
vn -0.0787 0.8696 0.4875
vn 0.9969 -0.0003 -0.0782
vn 0.9969 0.0003 -0.0782
vn 0.2919 0.8559 0.4270
vn 0.2850 0.8565 0.4303
vn 0.5472 0.3662 0.7526
vn 0.5478 0.3654 0.7526
vn 0.6096 0.2519 0.7516
vn 0.6092 0.2529 0.7516
vn 0.9778 0.1942 -0.0791
vn 0.9777 0.1948 -0.0791
vn 0.1802 0.8662 0.4661
vn 0.1916 0.8654 0.4630
vn 0.0787 0.8696 0.4875
vn 0.0767 0.8696 0.4878
vn -0.0758 -0.7699 0.6337
vn -0.0000 0.9966 -0.0830
vn 0.1944 0.9774 -0.0829
vn 0.1945 0.9774 -0.0829
vn 0.7046 0.7049 -0.0816
vn 0.8286 0.5540 -0.0809
vn 0.8289 0.5535 -0.0809
vn 0.7049 0.7046 -0.0816
vn -0.8286 0.5540 -0.0809
vn -0.7046 0.7049 -0.0816
vn -0.7049 0.7046 -0.0816
vn -0.8289 0.5535 -0.0809
vn -0.1944 0.9774 -0.0829
vn -0.1945 0.9774 -0.0829
vn 0.5536 0.8287 -0.0822
vn 0.5538 0.8286 -0.0822
vn -0.9208 0.3817 -0.0800
vn -0.9210 0.3812 -0.0800
vn -0.3813 0.9208 -0.0826
vn -0.3815 0.9207 -0.0826
vn 0.3813 0.9208 -0.0826
vn 0.3815 0.9207 -0.0826
vn -0.9777 0.1948 -0.0791
vn -0.9778 0.1942 -0.0791
vn 0.9210 0.3812 -0.0800
vn 0.9208 0.3817 -0.0800
vn -0.5536 0.8288 -0.0822
vn -0.5538 0.8286 -0.0822
vn 0.5275 0.3524 0.7730
vn 0.5861 0.2428 0.7730
vn 0.5907 0.2315 0.7730
vn 0.4760 0.2759 0.8350
vn 0.5364 0.3588 0.7638
vn 0.5099 0.4185 0.7515
vn 0.0398 0.8697 0.4919
vn 0.5435 -0.7472 0.3826
vn 0.5392 -0.7518 0.3795
vn 0.5807 -0.7058 0.4057
vn 0.5856 -0.7002 0.4084
vn 0.7845 -0.4395 0.4376
vn 0.7864 -0.4367 0.4369
vn 0.6335 0.1922 0.7495
vn 0.7464 -0.4939 0.4461
vn 0.7477 -0.4921 0.4459
vn -0.6828 -0.5790 0.4455
vn 0.7260 -0.5214 0.4483
vn 0.6249 -0.6531 0.4277
vn 0.6233 -0.6551 0.4270
vn 0.6619 -0.6065 0.4405
vn 0.6633 -0.6048 0.4408
vn -0.0398 0.8697 0.4919
vn -0.0000 -0.0000 1.0000
vn 0.0392 0.1971 0.9796
vn -0.0000 0.2010 0.9796
vn 0.0566 0.2847 0.9569
vn -0.0000 0.2903 0.9569
vn 0.0769 0.1857 0.9796
vn 0.1111 0.2682 0.9569
vn 0.1117 0.1671 0.9796
vn 0.1613 0.2414 0.9569
vn 0.1421 0.1421 0.9796
vn 0.2053 0.2053 0.9569
vn 0.1671 0.1117 0.9796
vn 0.2414 0.1613 0.9569
vn 0.1857 0.0769 0.9796
vn 0.2682 0.1111 0.9569
vn 0.1971 0.0392 0.9796
vn 0.2847 0.0566 0.9569
vn 0.2010 -0.0000 0.9796
vn 0.2903 -0.0000 0.9569
vn 0.1971 -0.0392 0.9796
vn 0.2847 -0.0566 0.9569
vn 0.1857 -0.0769 0.9796
vn 0.2682 -0.1111 0.9569
vn 0.1671 -0.1117 0.9796
vn 0.2414 -0.1613 0.9569
vn 0.1421 -0.1421 0.9796
vn 0.2053 -0.2053 0.9569
vn 0.1117 -0.1671 0.9796
vn 0.1613 -0.2414 0.9569
vn 0.0769 -0.1857 0.9796
vn 0.1111 -0.2682 0.9569
vn 0.0392 -0.1971 0.9796
vn 0.0566 -0.2847 0.9569
vn -0.0000 -0.2010 0.9796
vn -0.0000 -0.2903 0.9569
vn -0.0392 -0.1971 0.9796
vn -0.0566 -0.2847 0.9569
vn -0.0769 -0.1857 0.9796
vn -0.1111 -0.2682 0.9569
vn -0.1117 -0.1671 0.9796
vn -0.1613 -0.2414 0.9569
vn -0.1421 -0.1421 0.9796
vn -0.2053 -0.2053 0.9569
vn -0.1671 -0.1117 0.9796
vn -0.2414 -0.1613 0.9569
vn -0.1857 -0.0769 0.9796
vn -0.2682 -0.1111 0.9569
vn -0.1971 -0.0392 0.9796
vn -0.2847 -0.0566 0.9569
vn -0.2010 -0.0000 0.9796
vn -0.2903 -0.0000 0.9569
vn -0.1971 0.0392 0.9796
vn -0.2847 0.0566 0.9569
vn -0.1857 0.0769 0.9796
vn -0.2682 0.1111 0.9569
vn -0.1671 0.1117 0.9796
vn -0.2414 0.1613 0.9569
vn -0.1421 0.1421 0.9796
vn -0.2053 0.2053 0.9569
vn -0.1117 0.1671 0.9796
vn -0.1613 0.2414 0.9569
vn -0.0769 0.1857 0.9796
vn -0.1111 0.2682 0.9569
vn -0.0392 0.1971 0.9796
vn -0.0566 0.2847 0.9569
vn -0.4598 -0.8325 0.3091
vn -0.8476 -0.0835 0.5240
vn -0.6177 0.1458 0.7728
vn -0.7432 0.0732 0.6651
vn -0.4539 0.4432 0.7730
vn -0.4918 0.4036 0.7715
vn 0.6828 -0.5790 0.4455
vn -0.3669 0.5177 0.7729
vn -0.7723 0.0429 0.6338
vn -0.0000 0.7101 0.7041
vn 0.1385 0.6965 0.7041
vn 0.1209 0.7637 0.6341
vn -0.0000 0.7730 0.6344
vn 0.6177 0.1458 0.7728
vn 0.3544 0.6631 0.6593
vn 0.3302 0.6993 0.6339
vn 0.3669 0.5177 0.7729
vn 0.8718 -0.3014 0.3862
vn 0.5811 0.2547 0.7729
vn 0.5611 0.2999 0.7715
vn -0.3956 -0.6646 0.6339
vn -0.1137 -0.6242 0.7730
vn -0.0624 -0.6332 0.7715
vn 0.3956 -0.6646 0.6339
vn 0.5414 -0.6597 0.5213
vn -0.7260 -0.5214 0.4483
vn -0.0000 0.6344 0.7730
vn 0.1238 0.6222 0.7730
vn 0.2718 0.6561 0.7041
vn 0.2631 0.7272 0.6340
vn 0.2428 0.5861 0.7730
vn 0.3137 0.5869 0.7464
vn 0.3525 0.5275 0.7730
vn 0.3386 0.5366 0.7729
vn 0.4486 0.4486 0.7730
vn 0.4435 0.4536 0.7730
vn -0.0000 -0.6344 0.7730
vn -0.1238 -0.6222 0.7730
vn -0.1333 -0.6203 0.7730
vn -0.0465 -0.6453 0.7625
vn -0.0000 -0.6454 0.7638
vn 0.4463 0.3327 0.8307
vn 0.6222 0.1238 0.7730
vn 0.6262 0.1027 0.7728
vn 0.6344 -0.0000 0.7730
vn 0.7101 -0.0000 0.7041
vn 0.6679 0.0658 0.7414
vn 0.6222 -0.1238 0.7730
vn 0.6965 -0.1385 0.7041
vn 0.8173 -0.1626 0.5528
vn 0.8103 -0.0798 0.5805
vn 0.7724 -0.0408 0.6339
vn 0.7699 -0.3189 0.5528
vn 0.8148 -0.3375 0.4714
vn 0.8545 -0.2196 0.4708
vn 0.6561 -0.2718 0.7041
vn 0.5861 -0.2428 0.7730
vn 0.6929 -0.4630 0.5528
vn 0.7333 -0.4900 0.4714
vn 0.5905 -0.3945 0.7041
vn 0.5275 -0.3525 0.7730
vn 0.5893 -0.5893 0.5528
vn 0.6552 -0.5907 0.4709
vn 0.5021 -0.5021 0.7041
vn 0.4486 -0.4486 0.7730
vn 0.5155 -0.6282 0.5828
vn 0.3945 -0.5905 0.7041
vn 0.4608 -0.6211 0.6339
vn 0.3524 -0.5275 0.7730
vn 0.2762 -0.6061 0.7459
vn 0.2428 -0.5861 0.7730
vn 0.1238 -0.6222 0.7730
vn 0.1333 -0.6203 0.7730
vn -0.5275 0.3524 0.7730
vn -0.4486 0.4486 0.7730
vn -0.4435 0.4536 0.7730
vn -0.4462 0.3327 0.8308
vn -0.5364 0.3588 0.7638
vn 0.0465 -0.6453 0.7625
vn -0.2428 -0.5861 0.7730
vn -0.2762 -0.6061 0.7459
vn -0.3945 -0.5905 0.7041
vn -0.4608 -0.6211 0.6339
vn -0.3524 -0.5275 0.7730
vn -0.4486 -0.4486 0.7730
vn -0.5021 -0.5021 0.7041
vn -0.5893 -0.5893 0.5528
vn -0.5155 -0.6282 0.5828
vn -0.6929 -0.4630 0.5528
vn -0.7333 -0.4900 0.4714
vn -0.6552 -0.5907 0.4709
vn -0.5905 -0.3945 0.7041
vn -0.5275 -0.3524 0.7730
vn -0.5861 -0.2428 0.7730
vn -0.6561 -0.2718 0.7041
vn -0.2738 -0.4097 0.8701
vn -0.3485 -0.3485 0.8701
vn 0.2738 0.4097 0.8701
vn 0.3485 0.3485 0.8701
vn -0.7699 -0.3189 0.5528
vn -0.8148 -0.3375 0.4714
vn -0.8173 -0.1626 0.5528
vn -0.8545 -0.2196 0.4708
vn -0.6965 -0.1385 0.7041
vn -0.6222 -0.1238 0.7730
vn -0.4928 -0.0000 0.8701
vn -0.4833 0.0961 0.8701
vn 0.1886 -0.4553 0.8701
vn 0.0961 -0.4833 0.8701
vn 0.4553 0.1886 0.8701
vn 0.4833 0.0961 0.8701
vn -0.1886 0.4553 0.8701
vn -0.0961 0.4833 0.8701
vn 0.4833 -0.0961 0.8701
vn 0.4553 -0.1886 0.8701
vn -0.4553 0.1886 0.8701
vn -0.8103 -0.0798 0.5805
vn -0.7101 -0.0000 0.7041
vn -0.7724 -0.0408 0.6339
vn -0.6344 -0.0000 0.7730
vn -0.6679 0.0658 0.7414
vn -0.6222 0.1238 0.7730
vn -0.6262 0.1027 0.7728
vn -0.0961 -0.4833 0.8701
vn -0.1886 -0.4553 0.8701
vn -0.4553 -0.1886 0.8701
vn -0.4833 -0.0961 0.8701
vn 0.4097 0.2738 0.8701
vn 0.0961 0.4833 0.8701
vn 0.1886 0.4553 0.8701
vn 0.3485 -0.3485 0.8701
vn 0.2738 -0.4097 0.8701
vn -0.5861 0.2428 0.7730
vn -0.5907 0.2315 0.7730
vn -0.3485 0.3485 0.8701
vn -0.2738 0.4097 0.8701
vn 0.4928 -0.0000 0.8701
vn -0.4097 -0.2738 0.8701
vn -0.4097 0.2738 0.8701
vn -0.0000 -0.4928 0.8701
vn -0.4758 0.2758 0.8352
vn -0.0000 0.4928 0.8701
vn -0.3524 0.5275 0.7730
vn -0.3386 0.5366 0.7729
vn 0.4097 -0.2738 0.8701
vn -0.2428 0.5861 0.7730
vn -0.2718 0.6561 0.7041
vn -0.3137 0.5869 0.7464
vn -0.1385 0.6965 0.7041
vn -0.1209 0.7637 0.6341
vn -0.2631 0.7272 0.6340
vn -0.1238 0.6222 0.7730
vn -0.0000 0.4714 0.8819
vn 0.0920 0.4623 0.8819
vn 0.1804 0.4355 0.8819
vn 0.2619 0.3920 0.8819
vn 0.3333 0.3333 0.8819
vn 0.3920 0.2619 0.8819
vn 0.4355 0.1804 0.8819
vn 0.4623 0.0920 0.8819
vn 0.4714 -0.0000 0.8819
vn 0.4623 -0.0920 0.8819
vn 0.4355 -0.1804 0.8819
vn 0.3920 -0.2619 0.8819
vn 0.3333 -0.3333 0.8819
vn 0.2619 -0.3920 0.8819
vn 0.1804 -0.4355 0.8819
vn 0.0920 -0.4623 0.8819
vn -0.0000 -0.4714 0.8819
vn -0.4787 0.4787 0.7360
vn -0.3761 0.5629 0.7360
vn -0.0920 -0.4623 0.8819
vn 0.6640 -0.1321 0.7360
vn 0.6255 -0.2591 0.7360
vn -0.1804 -0.4355 0.8819
vn -0.1321 -0.6640 0.7360
vn -0.2591 -0.6255 0.7360
vn -0.6640 0.1321 0.7360
vn -0.6255 0.2591 0.7360
vn 0.1321 0.6640 0.7360
vn 0.2591 0.6255 0.7360
vn -0.2619 -0.3920 0.8819
vn 0.6255 0.2591 0.7360
vn 0.6640 0.1321 0.7360
vn -0.3333 -0.3333 0.8819
vn 0.2591 -0.6255 0.7360
vn 0.1321 -0.6640 0.7360
vn -0.6255 -0.2591 0.7360
vn -0.6640 -0.1321 0.7360
vn -0.3920 -0.2619 0.8819
vn -0.2591 0.6255 0.7360
vn -0.1321 0.6640 0.7360
vn 0.3761 0.5629 0.7360
vn 0.4787 0.4787 0.7360
vn -0.4355 -0.1804 0.8819
vn 0.5629 -0.3761 0.7360
vn 0.4787 -0.4787 0.7360
vn -0.3761 -0.5629 0.7360
vn -0.4787 -0.4787 0.7360
vn -0.4623 -0.0920 0.8819
vn -0.5629 0.3761 0.7360
vn -0.0000 -0.6770 0.7360
vn -0.4714 -0.0000 0.8819
vn -0.0000 0.6770 0.7360
vn 0.6770 -0.0000 0.7360
vn -0.4623 0.0920 0.8819
vn -0.6770 -0.0000 0.7360
vn 0.3761 -0.5629 0.7360
vn -0.5629 -0.3761 0.7360
vn 0.5629 0.3761 0.7360
vn -0.4355 0.1804 0.8819
vn -0.3920 0.2619 0.8819
vn -0.3333 0.3333 0.8819
vn -0.2619 0.3920 0.8819
vn -0.1804 0.4355 0.8819
vn -0.0920 0.4623 0.8819
vn -0.3525 0.5275 0.7730
vn -0.5275 0.3525 0.7730
vn 0.5275 0.3525 0.7730
vn -0.0614 0.8600 0.5066
vn 0.9999 -0.0154 0.0064
vn 0.9999 -0.0139 0.0093
vn 0.5430 0.8397 0.0100
vn 0.5416 0.8406 0.0069
vn -0.5380 0.8429 0.0042
vn -0.5390 0.8422 0.0082
vn -0.9997 -0.0210 0.0087
vn -0.9997 -0.0223 0.0045
vn -0.8193 -0.2714 0.5050
vn 0.5701 -0.8215 0.0035
vn 0.5704 -0.8214 -0.0000
vn -0.5719 -0.8203 0.0082
vn -0.5703 -0.8214 0.0120
vn -0.6809 -0.5302 0.5053
vn 0.9999 -0.0163 0.0033
vn 0.5408 0.8412 0.0035
vn -0.5377 0.8431 -0.0000
vn -0.9997 -0.0228 -0.0000
vn 0.6808 -0.5273 0.5083
vn 0.5701 -0.8216 -0.0035
vn -0.5729 -0.8196 0.0042
vn 0.8165 -0.2733 0.5086
vn 0.9999 -0.0167 -0.0000
vn 0.5405 0.8414 -0.0000
vn -0.5381 0.8429 -0.0042
vn -0.9997 -0.0223 -0.0044
vn 0.0612 0.8598 0.5069
vn 0.5693 -0.8221 -0.0069
vn -0.5733 -0.8194 -0.0000
vn -0.9999 0.0028 0.0116
vn -0.9999 -0.0059 0.0129
vn -0.9999 -0.0074 0.0131
vn 0.9999 -0.0163 -0.0032
vn 0.5408 0.8412 -0.0035
vn 0.9999 -0.0054 0.0096
vn 0.9999 -0.0043 0.0094
vn 1.0000 0.0021 0.0085
vn -0.5391 0.8422 -0.0082
vn -0.9997 -0.0210 -0.0087
vn 0.6202 0.4144 -0.6660
vn 0.5695 0.3805 -0.7286
vn -0.0000 -0.7459 -0.6660
vn -0.0000 -0.6849 -0.7286
vn -0.6202 0.4144 -0.6660
vn -0.5695 0.3805 -0.7286
vn 0.6913 0.4619 -0.5556
vn 0.7682 0.5133 -0.3827
vn 0.8155 0.5449 -0.1951
vn 0.8315 0.5556 -0.0000
vn 0.8155 0.5449 0.1951
vn 0.7682 0.5133 0.3827
vn 0.6913 0.4620 0.5556
vn 0.4820 0.3148 0.8176
vn 0.4829 0.3154 0.8169
vn -0.0000 -0.8315 -0.5556
vn -0.0000 -0.9239 -0.3827
vn -0.0000 -0.9808 -0.1951
vn -0.0000 -1.0000 -0.0000
vn -0.0000 -0.9808 0.1951
vn -0.0000 -0.9239 0.3827
vn -0.0000 -0.8315 0.5556
vn -0.0000 -0.7730 0.6344
vn -0.6913 0.4619 -0.5556
vn -0.7682 0.5133 -0.3827
vn -0.8155 0.5449 -0.1951
vn -0.8315 0.5556 -0.0000
vn -0.8155 0.5449 0.1951
vn -0.7682 0.5133 0.3827
vn -0.6913 0.4620 0.5556
vn -0.4827 0.3153 0.8170
vn -0.4817 0.3146 0.8179
vn -0.0000 -0.1037 0.9946
vn -0.5591 -0.8291 0.0088
vn -0.5599 -0.8285 0.0092
vn 0.5693 -0.8221 0.0069
vn -0.9997 -0.0189 0.0127
vn -0.5407 0.8411 0.0119
vn 0.5468 0.8372 0.0114
vn 0.5471 0.8370 0.0114
vn 0.5679 -0.8230 0.0100
vn -0.5461 0.8376 0.0131
vn -0.5457 0.8379 0.0131
vn -0.5693 -0.8220 -0.0136
vn -0.5702 -0.8214 -0.0119
vn 0.5588 -0.8293 0.0074
vn 0.5580 -0.8298 0.0070
vn 0.5430 0.8397 -0.0100
vn 0.5439 0.8391 -0.0115
vn 0.9999 -0.0129 -0.0106
vn 0.9999 -0.0138 -0.0092
vn -0.5719 -0.8203 -0.0082
vn -0.5505 -0.8349 0.0047
vn -0.9997 -0.0189 -0.0126
vn -0.9997 -0.0176 -0.0145
vn -0.5417 0.8405 -0.0136
vn -0.5407 0.8411 -0.0118
vn 0.5497 0.8353 0.0113
vn 0.5416 0.8406 -0.0069
vn 0.9999 -0.0154 -0.0064
vn -0.5497 0.8353 0.0126
vn -0.5729 -0.8196 -0.0042
vn 0.5679 -0.8231 -0.0100
vn 0.5679 -0.8230 -0.0100
vn 0.5671 -0.8236 -0.0114
vn 0.5504 -0.8349 0.0033
vn -0.1605 -0.0646 0.9849
vn -0.1596 -0.0643 0.9851
vn -0.1277 -0.0538 0.9904
vn -0.1032 0.8091 0.5786
vn -0.1229 0.8014 0.5854
vn -0.0997 0.8104 0.5773
vn 0.1229 0.8014 0.5854
vn 0.1032 0.8091 0.5786
vn 0.0997 0.8104 0.5773
vn 0.1274 -0.0537 0.9904
vn 0.1596 -0.0643 0.9851
vn 0.1604 -0.0645 0.9849
vn -0.8282 -0.0000 0.5604
vn 0.1596 0.0583 0.9855
vn 0.1586 0.0580 0.9856
vn 0.1245 0.0479 0.9911
vn 0.1032 -0.8091 0.5786
vn 0.1229 -0.8014 0.5854
vn 0.0997 -0.8104 0.5773
vn -0.1229 -0.8014 0.5854
vn -0.1032 -0.8091 0.5786
vn -0.0997 -0.8104 0.5773
vn -0.1250 0.0478 0.9910
vn -0.1584 0.0578 0.9857
vn -0.1592 0.0581 0.9855
vn 0.8282 -0.0000 0.5604
vn -0.5856 -0.7071 0.3963
vn 0.5856 -0.7071 0.3963
vn 0.5856 0.7071 0.3963
vn -0.5856 0.7071 0.3963
vn 0.7419 0.2242 -0.6319
vn 0.7415 0.2256 -0.6319
vn 0.9163 0.2776 -0.2885
vn 0.9162 0.2782 -0.2885
vn 0.9524 0.2890 0.0974
vn 0.9524 0.2888 0.0974
vn 0.7600 0.1518 -0.6319
vn 0.7603 0.1503 -0.6319
vn 0.9391 0.1865 -0.2885
vn 0.9390 0.1871 -0.2885
vn 0.9761 0.1943 0.0974
vn 0.9761 0.1941 0.0974
vn 0.9952 0.0001 0.0974
vn 0.9952 -0.0001 0.0974
vn 0.7750 0.0009 -0.6319
vn 0.7750 -0.0006 -0.6319
vn 0.9575 0.0003 -0.2885
vn 0.9575 -0.0003 -0.2885
vn 0.7712 -0.0766 -0.6319
vn 0.7714 -0.0752 -0.6319
vn 0.9528 -0.0942 -0.2885
vn 0.9529 -0.0935 -0.2885
vn 0.9905 -0.0974 0.0974
vn 0.9904 -0.0977 0.0974
vn -0.7857 0.0481 -0.6168
vn -0.7830 0.0139 -0.6218
vn -0.9527 -0.0939 -0.2891
vn -0.9528 -0.0942 -0.2885
vn -0.9904 -0.0977 0.0974
vn -0.9905 -0.0974 0.0974
vn -0.9575 -0.0003 -0.2885
vn -0.9575 0.0003 -0.2885
vn -0.9952 -0.0001 0.0974
vn -0.9952 0.0001 0.0974
vn -0.7750 0.0009 -0.6319
vn -0.7750 -0.0006 -0.6319
vn -0.7603 0.1503 -0.6319
vn -0.7600 0.1518 -0.6319
vn -0.9391 0.1865 -0.2885
vn -0.9390 0.1871 -0.2885
vn -0.9761 0.1943 0.0974
vn -0.9761 0.1941 0.0974
vn -0.7415 0.2256 -0.6319
vn -0.7419 0.2242 -0.6319
vn -0.9162 0.2782 -0.2885
vn -0.9163 0.2776 -0.2885
vn -0.9524 0.2888 0.0974
vn -0.9524 0.2890 0.0974
vn 0.7254 0.2164 -0.6534
vn 0.7409 0.1474 -0.6552
vn 0.7418 0.1429 -0.6552
vn 0.8744 0.2608 -0.4093
vn 0.8938 0.1751 -0.4128
vn 0.8939 0.1748 -0.4128
vn 0.9483 0.2828 0.1441
vn 0.9710 0.1899 0.1456
vn 0.9709 0.1900 0.1456
vn 0.9894 -0.0000 0.1455
vn 0.7579 -0.0002 -0.6524
vn 0.9109 -0.0001 -0.4126
vn 0.9084 -0.0880 -0.4089
vn 0.9850 -0.0954 0.1439
vn 0.7582 -0.0734 -0.6478
vn -0.9351 -0.0906 -0.3425
vn -0.9380 -0.0001 -0.3466
vn -0.9850 -0.0954 0.1439
vn -0.9894 -0.0000 0.1455
vn -0.7895 0.2494 -0.5608
vn -0.7923 -0.0026 -0.6101
vn -0.7924 0.0025 -0.6100
vn -0.7954 0.1983 -0.5728
vn -0.7874 0.1519 -0.5974
vn -0.7867 0.1612 -0.5960
vn -0.9192 0.1817 -0.3493
vn -0.9199 0.1782 -0.3493
vn -0.9710 0.1899 0.1456
vn -0.9709 0.1900 0.1456
vn -0.8984 0.2680 -0.3479
vn -0.9483 0.2828 0.1441
vn -0.7783 0.2351 -0.5822
vn 0.8935 -0.4427 0.0757
vn 0.4943 -0.0481 -0.8679
vn 0.5232 0.0163 -0.8521
vn 0.5103 -0.0133 -0.8599
vn -0.4607 0.1023 -0.8816
vn -0.4704 0.0815 -0.8787
vn -0.4708 0.0149 -0.8821
vn -0.4574 -0.0133 -0.8891
vn 0.1268 0.0293 -0.9915
vn 0.1291 0.0236 -0.9913
vn 0.1227 0.0396 -0.9917
vn 0.9501 -0.0289 0.3106
vn 0.9610 0.0333 0.2746
vn 0.9348 -0.0890 0.3439
vn 0.4996 0.1091 0.8594
vn 0.5081 0.0890 0.8567
vn -0.6058 -0.0189 0.7954
vn -0.6254 0.0221 0.7800
vn 0.9105 0.2714 0.3120
vn 0.9515 0.1568 0.2647
vn 0.9340 0.2117 0.2878
vn 0.5108 0.1532 0.8459
vn 0.5377 0.0932 0.8380
vn 0.5280 0.1155 0.8414
vn -0.8350 0.5016 -0.2263
vn -0.7884 -0.3975 -0.4695
vn 0.4851 0.1062 -0.8680
vn 0.4931 0.0870 -0.8656
vn 0.4694 0.1424 -0.8714
vn -0.8869 0.4531 0.0903
vn -0.9127 -0.3456 -0.2182
vn 0.4834 0.1458 0.8632
vn -0.4422 -0.0442 -0.8958
vn -0.9558 -0.2799 0.0896
vn 0.5135 0.1121 -0.8507
vn 0.5226 0.0910 -0.8477
vn 0.4969 0.1493 -0.8549
vn -0.8059 -0.0777 0.5870
vn 0.6995 0.5416 -0.4663
vn -0.4450 0.1350 -0.8853
vn -0.5860 -0.0576 0.8083
vn 0.7885 0.5682 -0.2356
vn -0.0506 0.8216 0.5679
vn -0.0531 0.8213 0.5681
vn -0.0000 0.8248 0.5654
vn 0.0506 0.8216 0.5679
vn 0.0531 0.8213 0.5681
vn 0.1265 -0.0657 0.9898
vn 0.1260 -0.0656 0.9899
vn -0.0000 -0.0561 0.9984
vn -0.1264 -0.0657 0.9898
vn -0.1260 -0.0656 0.9899
vn 0.0506 -0.8216 0.5679
vn 0.0531 -0.8212 0.5681
vn -0.0000 -0.8248 0.5654
vn -0.0506 -0.8216 0.5679
vn -0.0531 -0.8213 0.5681
vn -0.1265 0.0596 0.9902
vn -0.1261 0.0595 0.9902
vn -0.0000 0.0509 0.9987
vn 0.1270 0.0597 0.9901
vn 0.1266 0.0597 0.9902
vn 0.5275 0.3524 -0.7730
vn -0.3465 0.9380 -0.0118
vn -0.2052 0.9386 -0.2773
vn -0.3159 0.8852 -0.3414
vn -0.4617 0.8844 -0.0679
vn -0.0243 0.8626 -0.5053
vn -0.1294 0.8070 -0.5762
vn 0.1787 0.7174 -0.6733
vn 0.0794 0.6573 -0.7494
vn 0.3836 0.5173 -0.7650
vn 0.2903 0.4509 -0.8441
vn 0.5706 0.2818 -0.7714
vn 0.4825 0.2079 -0.8509
vn 0.7213 0.0339 -0.6918
vn 0.6372 -0.0479 -0.7692
vn 0.8210 -0.2020 -0.5340
vn 0.7394 -0.2915 -0.6070
vn 0.8599 -0.4029 -0.3135
vn 0.7789 -0.4989 -0.3801
vn 0.8341 -0.5492 -0.0519
vn 0.7519 -0.6499 -0.1108
vn 0.7463 -0.6264 0.2253
vn 0.6610 -0.7298 0.1746
vn 0.6050 -0.6270 0.4908
vn 0.5152 -0.7306 0.4481
vn 0.4240 -0.5510 0.7188
vn 0.3288 -0.6523 0.6830
vn 0.2211 -0.4058 0.8868
vn 0.1198 -0.5026 0.8562
vn 0.0161 -0.2057 0.9785
vn -0.0910 -0.2961 0.9508
vn -0.1709 0.0299 0.9848
vn -0.2833 -0.0531 0.9576
vn -0.3216 0.2777 0.9052
vn -0.4380 0.2027 0.8758
vn -0.4212 0.5137 0.7475
vn -0.5401 0.4463 0.7136
vn -0.4601 0.7146 0.5270
vn -0.5795 0.6537 0.4867
vn -0.4344 0.8608 0.2654
vn -0.5525 0.8046 0.2174
vn 0.5404 0.4820 0.6896
vn 0.4843 0.5744 0.6600
vn 0.7268 0.5666 0.3882
vn 0.4750 0.8204 0.3182
vn 0.5276 0.8207 0.2193
vn 0.6707 0.7383 0.0717
vn 0.7471 0.6637 0.0375
vn 0.9245 0.3208 0.2058
vn 0.9149 0.2663 0.3033
vn 0.7621 0.2656 0.5905
vn 0.6865 0.3197 0.6531
vn 0.4422 0.7917 0.4215
vn 0.4471 0.6623 0.6012
vn 0.4326 0.7372 0.5190
vn 0.8168 0.5759 0.0352
vn 0.8729 0.4835 0.0648
vn 0.8822 0.2375 0.4066
vn 0.8296 0.2373 0.5055
vn 0.6101 0.3943 0.6873
vn 0.5951 0.7924 0.1343
vn 0.9101 0.3956 0.1236
vn 0.3027 0.9171 0.2593
vn 0.3824 0.9175 0.1096
vn 0.5988 0.7928 -0.1137
vn 0.7144 0.6799 -0.1654
vn 0.9829 0.1611 0.0892
vn 0.9684 0.0786 0.2367
vn 0.7371 0.0776 0.6713
vn 0.7372 0.0776 0.6713
vn 0.6227 0.1594 0.7660
vn 0.2606 0.6779 0.6875
vn 0.2386 0.7912 0.5631
vn 0.8198 0.5471 -0.1689
vn 0.9048 0.4074 -0.1241
vn 0.9189 0.0351 0.3930
vn 0.8392 0.0347 0.5427
vn 0.7269 0.5666 0.3882
vn 0.3168 0.5449 0.7764
vn 0.9610 0.2743 -0.0351
vn 0.4844 0.8746 -0.0189
vn 0.2532 0.8736 0.4156
vn 0.5072 0.2723 0.8177
vn 0.4017 0.4051 0.8213
vn -0.6864 0.5812 0.4371
vn -0.6460 0.3722 0.6664
vn -0.3856 -0.1310 0.9133
vn -0.1911 -0.3760 0.9067
vn 0.4942 0.8138 -0.3059
vn 0.6461 0.6654 -0.3739
vn 0.2350 0.3041 0.9232
vn 0.1233 0.4878 0.8642
vn 0.6460 -0.3722 -0.6664
vn 0.5424 -0.1268 -0.8305
vn 0.9800 -0.1251 0.1547
vn 0.9149 -0.1823 0.3601
vn 0.0397 0.9200 0.3899
vn 0.1048 0.9772 0.1844
vn 0.3856 0.1310 -0.9133
vn -0.5683 0.8135 -0.1233
vn -0.6597 0.7332 0.1650
vn 0.0221 -0.5842 0.8113
vn 0.2096 0.9777 -0.0124
vn 0.3437 0.9214 -0.1814
vn 0.6760 -0.1265 0.7260
vn 0.5256 -0.0189 0.8505
vn 0.5683 -0.8135 0.1233
vn 0.6597 -0.7332 -0.1650
vn 0.4213 -0.8142 0.3995
vn -0.0221 0.5842 -0.8113
vn -0.2331 0.7352 -0.6366
vn -0.2331 0.7351 -0.6366
vn 0.9991 -0.0167 -0.0392
vn 0.7847 0.4908 -0.3786
vn 0.8964 0.3071 -0.3196
vn 0.2331 -0.7352 0.6366
vn 0.0495 0.6627 0.7472
vn 0.0207 0.8116 0.5838
vn 0.1911 0.3760 -0.9067
vn 0.6865 -0.5811 -0.4371
vn 0.9703 0.1322 -0.2027
vn -0.4213 0.8142 -0.3995
vn 0.3736 0.1295 0.9185
vn 0.3737 0.1295 0.9185
vn 0.8102 -0.1828 0.5570
vn -0.5424 0.1268 0.8305
vn 0.8755 -0.4739 -0.0948
vn 0.8590 -0.4122 0.3036
vn 0.7900 -0.5583 0.2535
vn 0.7832 -0.5982 -0.1696
vn 0.2555 0.5208 -0.8146
vn 0.4991 0.2237 -0.8372
vn 0.3847 0.1323 -0.9135
vn 0.1377 0.4334 -0.8906
vn -0.1162 0.9443 -0.3079
vn -0.2534 0.8843 -0.3923
vn -0.3509 0.9066 -0.2343
vn -0.1197 0.9886 0.0913
vn 0.1177 0.8185 -0.5623
vn -0.0088 0.7527 -0.6583
vn 0.3706 0.5966 -0.7119
vn 0.6037 0.3124 -0.7335
vn 0.7815 0.0092 -0.6239
vn 0.6850 -0.0932 -0.7226
vn 0.8769 -0.2669 -0.3997
vn 0.7848 -0.3818 -0.4883
vn 0.8098 0.4684 0.3533
vn 0.7851 0.4734 0.3994
vn 0.8064 0.4332 0.4026
vn 0.8100 0.4975 0.3103
vn 0.7966 0.5364 0.2787
vn 0.7715 0.5791 0.2633
vn 0.7387 0.6192 0.2663
vn 0.7031 0.6504 0.2874
vn 0.6701 0.6682 0.3232
vn 0.6597 0.6529 0.3722
vn 0.6297 0.6862 0.3643
vn 0.5732 -0.1891 -0.7973
vn -0.3781 0.8019 -0.4625
vn -0.7065 0.6786 -0.2010
vn 0.6359 -0.7687 -0.0686
vn 0.6728 -0.7010 -0.2366
vn 0.6743 -0.4816 -0.5598
vn -0.1302 0.6686 -0.7321
vn 0.5962 -0.5687 0.5666
vn 0.4913 -0.6973 0.5219
vn -0.4469 0.2822 0.8489
vn -0.5743 0.1915 0.7959
vn -0.3865 -0.1297 0.9131
vn -0.2616 -0.0347 0.9645
vn -0.3939 0.8499 0.3499
vn -0.5437 0.7856 0.2953
vn -0.3961 0.6440 0.6546
vn -0.5459 0.5703 0.6138
vn -0.3013 0.3683 0.8795
vn -0.1241 0.0652 0.9901
vn 0.1087 -0.2194 0.9696
vn -0.0183 -0.3321 0.9431
vn 0.3615 -0.4419 0.8210
vn 0.2460 -0.5648 0.7877
vn 0.7705 0.4550 0.4464
vn 0.7374 0.4729 0.4823
vn 0.7018 0.5042 0.5032
vn 0.6690 0.5443 0.5061
vn 0.6441 0.5870 0.4905
vn 0.6307 0.6258 0.4588
vn 0.6310 0.6549 0.4159
vn -0.1398 -0.4313 0.8913
vn -0.6725 0.7020 0.2346
vn 0.3768 -0.8015 0.4643
vn 0.1281 -0.6671 0.7338
vn -0.6747 0.4837 0.5575
vn -0.0189 0.5869 -0.8094
vn -0.2295 0.7380 -0.6345
vn 0.6849 -0.5821 -0.4383
vn 0.6455 -0.3722 -0.6670
vn 0.0186 -0.5866 0.8096
vn 0.2294 -0.7380 0.6346
vn -0.4176 0.8170 -0.3976
vn -0.5650 0.8161 -0.1218
vn -0.6849 0.5826 0.4376
vn -0.6457 0.3729 0.6663
vn 0.5429 -0.1258 -0.8303
vn 0.3872 0.1328 -0.9124
vn 0.4177 -0.8170 0.3974
vn 0.5652 -0.8160 0.1213
vn -0.5433 0.1267 0.8299
vn -0.3877 -0.1320 0.9123
vn 0.1936 0.3783 -0.9052
vn 0.6572 -0.7350 -0.1667
vn -0.1941 -0.3778 0.9053
vn -0.6571 0.7353 0.1660
vn -0.1559 0.9498 0.2712
vn -0.3315 0.9431 0.0271
vn -0.4384 0.8932 0.0998
vn -0.2577 0.9000 0.3515
vn -0.4565 0.8586 -0.2332
vn -0.5671 0.8062 -0.1683
vn -0.5187 0.7047 -0.4841
vn -0.6313 0.6476 -0.4267
vn -0.5119 0.4965 -0.7010
vn -0.6246 0.4329 -0.6500
vn -0.4368 0.2543 -0.8629
vn -0.5478 0.1830 -0.8164
vn -0.3009 0.0018 -0.9537
vn -0.4082 -0.0776 -0.9096
vn -0.1173 -0.2363 -0.9646
vn -0.2196 -0.3233 -0.9205
vn 0.0959 -0.4366 -0.8945
vn -0.0005 -0.5301 -0.8480
vn 0.3179 -0.5795 -0.7504
vn 0.2278 -0.6777 -0.6991
vn 0.5269 -0.6511 -0.5463
vn 0.4428 -0.7518 -0.4886
vn 0.7025 -0.6444 -0.3021
vn 0.6236 -0.7450 -0.2369
vn 0.8275 -0.5599 -0.0419
vn 0.7524 -0.6580 0.0313
vn 0.8896 -0.4061 0.2090
vn 0.8165 -0.4993 0.2897
vn 0.8828 -0.1978 0.4260
vn 0.8098 -0.2845 0.5130
vn 0.8078 0.0444 0.5878
vn 0.7329 -0.0346 0.6794
vn 0.6718 0.2969 0.6786
vn 0.5933 0.2259 0.7726
vn 0.4883 0.5349 0.6895
vn 0.4047 0.4716 0.7834
vn 0.2751 0.7352 0.6195
vn 0.1856 0.6784 0.7109
vn 0.0531 0.8782 0.4753
vn -0.0427 0.8260 0.5620
vn 0.8616 0.4679 -0.1966
vn 0.8110 0.5620 -0.1628
vn 0.6745 0.5431 -0.5001
vn 0.5025 0.8053 -0.3146
vn 0.4371 0.8028 -0.4056
vn 0.3673 0.7140 -0.5961
vn 0.3698 0.6364 -0.6769
vn 0.5963 0.2887 -0.7490
vn 0.6791 0.2354 -0.6953
vn 0.8690 0.2427 -0.4313
vn 0.8921 0.3000 -0.3378
vn 0.5804 0.7786 -0.2386
vn 0.7426 0.6507 -0.1587
vn 0.6631 0.7253 -0.1848
vn 0.3978 0.5461 -0.7372
vn 0.4485 0.4520 -0.7711
vn 0.7569 0.2087 -0.6193
vn 0.8224 0.2112 -0.5283
vn 0.8896 0.3776 -0.2569
vn 0.3905 0.7713 -0.5026
vn 0.5169 0.3633 -0.7751
vn 0.3743 0.9077 -0.1898
vn 0.2753 0.9039 -0.3275
vn 0.1698 0.7695 -0.6157
vn 0.1736 0.6521 -0.7380
vn 0.5163 0.1260 -0.8471
vn 0.6414 0.0454 -0.7658
vn 0.9288 0.0564 -0.3663
vn 0.9638 0.1432 -0.2249
vn 0.7375 0.6738 0.0461
vn 0.6173 0.7867 0.0066
vn 0.2159 0.5155 -0.8292
vn 0.2926 0.3731 -0.8804
vn 0.7593 0.0050 -0.6507
vn 0.8583 0.0088 -0.5131
vn 0.8410 0.5395 0.0399
vn 0.3961 0.2389 -0.8866
vn 0.2048 0.8563 -0.4742
vn 0.4921 0.8673 -0.0747
vn 0.9600 0.2606 -0.1025
vn 0.9177 0.3972 -0.0113
vn 0.0932 0.6094 0.7874
vn 0.3149 0.4011 0.8602
vn 0.6473 -0.1092 0.7544
vn 0.7253 -0.3611 0.5861
vn -0.0488 0.7927 -0.6077
vn -0.0438 0.6383 -0.7685
vn 0.9345 0.3031 0.1868
vn 0.9344 0.3031 0.1868
vn 0.8337 0.4903 0.2541
vn -0.3149 -0.4011 -0.8602
vn -0.5059 -0.1535 -0.8488
vn 0.5713 -0.1593 -0.8051
vn 0.7262 -0.2124 -0.6538
vn 0.3750 0.9212 0.1034
vn 0.2201 0.9743 -0.0478
vn -0.6473 0.1092 -0.7544
vn -0.3551 0.8326 0.4251
vn -0.1377 0.7581 0.6375
vn 0.7324 -0.5777 0.3604
vn 0.0899 0.9693 -0.2288
vn -0.0028 0.9067 -0.4217
vn 0.9490 -0.1448 -0.2799
vn 0.9951 -0.0308 -0.0939
vn 0.3551 -0.8326 -0.4251
vn 0.1377 -0.7581 -0.6375
vn 0.5377 -0.8256 -0.1712
vn -0.7324 0.5777 -0.3604
vn -0.6677 0.7377 -0.0995
vn 0.4067 -0.0534 -0.9120
vn 0.0118 0.4587 -0.8885
vn 0.1126 0.2716 -0.9558
vn 0.6677 -0.7377 0.0995
vn 0.6976 0.6668 0.2622
vn 0.5396 0.8153 0.2103
vn 0.6745 0.5430 -0.5001
vn 0.6745 0.5430 -0.5002
vn -0.7253 0.3611 -0.5861
vn -0.0932 -0.6094 -0.7874
vn 0.2487 0.0951 -0.9639
vn -0.5377 0.8256 0.1712
vn 0.9901 0.1236 0.0669
vn 0.8564 -0.2074 -0.4729
vn 0.5059 0.1535 0.8489
vn 0.2983 -0.5062 -0.8092
vn 0.6488 -0.4406 -0.6204
vn 0.5721 -0.5845 -0.5754
vn 0.1894 -0.6277 -0.7551
vn -0.6130 0.5042 -0.6083
vn -0.5280 0.1983 -0.8258
vn -0.6478 0.1104 -0.7537
vn -0.7340 0.4206 -0.5332
vn -0.3195 0.9453 -0.0664
vn -0.4564 0.8895 0.0213
vn -0.3577 0.9168 0.1778
vn 0.0373 0.9930 0.1117
vn -0.4452 0.8089 -0.3840
vn -0.5878 0.7470 -0.3107
vn -0.4693 0.5767 -0.6687
vn -0.3880 0.2840 -0.8768
vn -0.2136 -0.0245 -0.9766
vn -0.3457 -0.1242 -0.9301
vn 0.0273 -0.3019 -0.9529
vn -0.0939 -0.4142 -0.9053
vn 0.6791 0.4416 -0.5864
vn 0.7096 0.4479 -0.5440
vn 0.7215 0.4070 -0.5601
vn 0.6409 0.4704 -0.6066
vn 0.6070 0.5095 -0.6099
vn 0.5824 0.5529 -0.5959
vn 0.5709 0.5942 -0.5666
vn 0.5743 0.6269 -0.5265
vn 0.5920 0.6461 -0.4817
vn 0.5921 0.6461 -0.4817
vn 0.6312 0.6316 -0.4502
vn 0.6111 0.6659 -0.4280
vn -0.4630 -0.2165 -0.8595
vn -0.5752 0.8112 0.1051
vn -0.4871 0.7021 0.5195
vn 0.2133 -0.7919 -0.5722
vn 0.0795 -0.7269 -0.6821
vn -0.2077 -0.5105 -0.8344
vn -0.7085 0.6667 -0.2315
vn 0.7671 -0.5852 -0.2629
vn 0.6794 -0.7103 -0.1840
vn 0.5659 0.3054 0.7658
vn 0.4612 0.2190 0.8598
vn 0.6467 -0.1079 0.7551
vn 0.7489 -0.0170 0.6625
vn 0.1467 0.8666 0.4769
vn 0.0309 0.8074 0.5893
vn 0.4172 0.6634 0.6211
vn 0.3137 0.5949 0.7400
vn 0.6585 0.3864 0.6458
vn 0.8336 0.0780 0.5469
vn 0.9157 -0.2150 0.3396
vn 0.8348 -0.3233 0.4457
vn 0.8924 -0.4478 0.0553
vn 0.8104 -0.5667 0.1486
vn 0.7451 0.4305 -0.5094
vn 0.7628 0.4498 -0.4646
vn 0.7660 0.4826 -0.4245
vn 0.7545 0.5239 -0.3953
vn 0.7298 0.5674 -0.3814
vn 0.6958 0.6064 -0.3849
vn 0.6577 0.6350 -0.4052
vn 0.7338 -0.4183 0.5353
vn -0.0812 0.7279 0.6808
vn 0.5763 -0.8107 -0.1031
vn 0.7091 -0.6651 0.2341
vn 0.2055 0.5126 0.8337
vn -0.7292 0.5803 -0.3626
vn -0.6643 0.7405 -0.1020
vn -0.0950 -0.6103 -0.7865
vn -0.3157 -0.4010 -0.8600
vn 0.7293 -0.5801 0.3629
vn 0.6643 -0.7404 0.1021
vn -0.5344 0.8282 0.1686
vn -0.3522 0.8350 0.4227
vn 0.0943 0.6108 0.7861
vn 0.3150 0.4018 0.8599
vn -0.5055 -0.1525 -0.8493
vn -0.6458 0.1109 -0.7555
vn 0.5343 -0.8283 -0.1688
vn 0.3519 -0.8349 -0.4231
vn 0.5049 0.1533 0.8494
vn 0.6454 -0.1101 0.7558
vn -0.7228 0.3634 -0.5878
vn 0.1351 -0.7598 -0.6359
vn 0.7227 -0.3629 0.5882
vn -0.1356 0.7601 0.6355
vn 0.3465 0.9380 -0.0118
vn 0.4617 0.8844 -0.0679
vn 0.3159 0.8852 -0.3414
vn 0.2052 0.9386 -0.2773
vn 0.1294 0.8070 -0.5762
vn 0.0243 0.8626 -0.5053
vn -0.0794 0.6573 -0.7494
vn -0.1787 0.7174 -0.6733
vn -0.2903 0.4509 -0.8441
vn -0.3836 0.5173 -0.7650
vn -0.4825 0.2079 -0.8509
vn -0.5706 0.2818 -0.7714
vn -0.6372 -0.0479 -0.7692
vn -0.7213 0.0339 -0.6918
vn -0.7394 -0.2915 -0.6070
vn -0.8210 -0.2020 -0.5340
vn -0.7789 -0.4989 -0.3801
vn -0.8599 -0.4029 -0.3135
vn -0.7519 -0.6499 -0.1108
vn -0.8341 -0.5492 -0.0519
vn -0.6610 -0.7298 0.1746
vn -0.7463 -0.6264 0.2253
vn -0.5152 -0.7306 0.4481
vn -0.6050 -0.6270 0.4908
vn -0.3288 -0.6523 0.6830
vn -0.4240 -0.5510 0.7188
vn -0.1198 -0.5026 0.8562
vn -0.2211 -0.4058 0.8868
vn 0.0910 -0.2961 0.9508
vn -0.0161 -0.2057 0.9785
vn 0.2833 -0.0531 0.9576
vn 0.1709 0.0299 0.9848
vn 0.4380 0.2027 0.8758
vn 0.3216 0.2777 0.9052
vn 0.5401 0.4463 0.7136
vn 0.4212 0.5137 0.7475
vn 0.5795 0.6537 0.4867
vn 0.4601 0.7146 0.5270
vn 0.5525 0.8046 0.2174
vn 0.4344 0.8608 0.2654
vn -0.5404 0.4820 0.6896
vn -0.4843 0.5744 0.6600
vn -0.7268 0.5666 0.3882
vn -0.4750 0.8204 0.3182
vn -0.5276 0.8207 0.2193
vn -0.6707 0.7383 0.0717
vn -0.7471 0.6637 0.0375
vn -0.9245 0.3208 0.2058
vn -0.9149 0.2663 0.3033
vn -0.7621 0.2656 0.5905
vn -0.6865 0.3197 0.6531
vn -0.4422 0.7917 0.4215
vn -0.4471 0.6623 0.6012
vn -0.4326 0.7372 0.5190
vn -0.8168 0.5759 0.0352
vn -0.8729 0.4835 0.0648
vn -0.8822 0.2375 0.4066
vn -0.8296 0.2373 0.5055
vn -0.6101 0.3943 0.6873
vn -0.5951 0.7924 0.1343
vn -0.9101 0.3956 0.1236
vn -0.3027 0.9171 0.2593
vn -0.3824 0.9175 0.1096
vn -0.5988 0.7928 -0.1137
vn -0.7144 0.6799 -0.1654
vn -0.9829 0.1611 0.0892
vn -0.9684 0.0786 0.2367
vn -0.7371 0.0776 0.6713
vn -0.6227 0.1594 0.7660
vn -0.7372 0.0776 0.6713
vn -0.2606 0.6779 0.6875
vn -0.2386 0.7912 0.5631
vn -0.2606 0.6779 0.6874
vn -0.8198 0.5471 -0.1689
vn -0.9048 0.4074 -0.1241
vn -0.9189 0.0351 0.3930
vn -0.8392 0.0347 0.5427
vn -0.3168 0.5449 0.7764
vn -0.9610 0.2743 -0.0351
vn -0.4844 0.8746 -0.0189
vn -0.2532 0.8736 0.4156
vn -0.5072 0.2723 0.8177
vn -0.4017 0.4051 0.8213
vn 0.6864 0.5812 0.4371
vn 0.6460 0.3722 0.6664
vn 0.3856 -0.1310 0.9133
vn 0.1911 -0.3760 0.9067
vn -0.4942 0.8138 -0.3059
vn -0.6461 0.6654 -0.3739
vn -0.2350 0.3041 0.9232
vn -0.1233 0.4878 0.8642
vn -0.6460 -0.3722 -0.6664
vn -0.5424 -0.1268 -0.8305
vn -0.9800 -0.1251 0.1547
vn -0.9149 -0.1823 0.3601
vn -0.0397 0.9200 0.3899
vn -0.1048 0.9772 0.1844
vn -0.3856 0.1310 -0.9133
vn 0.5683 0.8135 -0.1233
vn 0.6597 0.7332 0.1650
vn -0.0221 -0.5842 0.8113
vn -0.2096 0.9777 -0.0124
vn -0.3437 0.9214 -0.1814
vn -0.6760 -0.1265 0.7260
vn -0.5256 -0.0189 0.8505
vn -0.5683 -0.8135 0.1233
vn -0.6597 -0.7332 -0.1650
vn -0.4213 -0.8142 0.3995
vn 0.0221 0.5842 -0.8113
vn 0.2331 0.7352 -0.6366
vn -0.9991 -0.0167 -0.0392
vn -0.7847 0.4908 -0.3786
vn -0.8964 0.3071 -0.3196
vn -0.2331 -0.7352 0.6366
vn -0.0495 0.6627 0.7472
vn -0.0207 0.8116 0.5838
vn -0.7269 0.5666 0.3882
vn -0.1911 0.3760 -0.9067
vn -0.6865 -0.5811 -0.4371
vn -0.9703 0.1322 -0.2027
vn 0.4213 0.8142 -0.3995
vn -0.3736 0.1295 0.9185
vn -0.3737 0.1295 0.9185
vn -0.8102 -0.1828 0.5570
vn 0.5424 0.1268 0.8305
vn -0.8755 -0.4739 -0.0948
vn -0.7832 -0.5982 -0.1696
vn -0.7900 -0.5583 0.2535
vn -0.8590 -0.4122 0.3036
vn -0.2555 0.5208 -0.8146
vn -0.1377 0.4334 -0.8906
vn -0.3847 0.1323 -0.9135
vn -0.4991 0.2237 -0.8372
vn 0.1162 0.9443 -0.3079
vn 0.1197 0.9886 0.0913
vn 0.3509 0.9066 -0.2343
vn 0.2534 0.8843 -0.3923
vn -0.1177 0.8185 -0.5623
vn 0.0088 0.7527 -0.6583
vn -0.3706 0.5966 -0.7119
vn -0.6037 0.3124 -0.7335
vn -0.7815 0.0092 -0.6239
vn -0.6850 -0.0932 -0.7226
vn -0.8769 -0.2669 -0.3997
vn -0.7848 -0.3818 -0.4883
vn -0.8098 0.4684 0.3533
vn -0.8064 0.4332 0.4026
vn -0.7851 0.4734 0.3994
vn -0.8100 0.4975 0.3103
vn -0.7966 0.5364 0.2787
vn -0.7715 0.5791 0.2633
vn -0.7387 0.6192 0.2663
vn -0.7031 0.6504 0.2874
vn -0.6701 0.6682 0.3232
vn -0.6597 0.6529 0.3722
vn -0.6297 0.6862 0.3643
vn -0.5732 -0.1891 -0.7973
vn 0.7065 0.6786 -0.2010
vn 0.3782 0.8019 -0.4625
vn -0.6728 -0.7010 -0.2366
vn -0.6359 -0.7687 -0.0686
vn -0.6743 -0.4816 -0.5598
vn 0.1302 0.6686 -0.7321
vn -0.5962 -0.5687 0.5666
vn -0.4913 -0.6973 0.5219
vn 0.4469 0.2822 0.8489
vn 0.2616 -0.0347 0.9645
vn 0.3865 -0.1297 0.9131
vn 0.5743 0.1915 0.7959
vn 0.3939 0.8499 0.3499
vn 0.5437 0.7856 0.2953
vn 0.3961 0.6440 0.6546
vn 0.5459 0.5703 0.6138
vn 0.3013 0.3683 0.8795
vn 0.1241 0.0652 0.9901
vn -0.1087 -0.2194 0.9696
vn 0.0183 -0.3321 0.9431
vn -0.3615 -0.4419 0.8210
vn -0.2460 -0.5648 0.7877
vn -0.7705 0.4550 0.4464
vn -0.7374 0.4729 0.4823
vn -0.7018 0.5042 0.5032
vn -0.6690 0.5443 0.5061
vn -0.6441 0.5870 0.4905
vn -0.6307 0.6258 0.4588
vn -0.6310 0.6549 0.4159
vn 0.1398 -0.4313 0.8913
vn 0.6725 0.7020 0.2346
vn -0.3768 -0.8015 0.4643
vn -0.1281 -0.6671 0.7338
vn 0.6747 0.4837 0.5575
vn 0.2295 0.7380 -0.6345
vn 0.0189 0.5869 -0.8094
vn -0.6455 -0.3722 -0.6670
vn -0.6849 -0.5821 -0.4383
vn -0.2294 -0.7380 0.6346
vn -0.0186 -0.5866 0.8096
vn 0.5650 0.8161 -0.1218
vn 0.4176 0.8170 -0.3976
vn 0.6457 0.3729 0.6663
vn 0.6849 0.5826 0.4376
vn -0.3872 0.1328 -0.9124
vn -0.5429 -0.1258 -0.8303
vn -0.5652 -0.8160 0.1213
vn -0.4177 -0.8170 0.3974
vn 0.3877 -0.1320 0.9123
vn 0.5433 0.1267 0.8299
vn -0.1936 0.3783 -0.9052
vn -0.6572 -0.7350 -0.1667
vn 0.1941 -0.3778 0.9053
vn 0.6571 0.7353 0.1660
vn 0.1559 0.9498 0.2712
vn 0.2577 0.9000 0.3515
vn 0.4384 0.8932 0.0998
vn 0.3315 0.9431 0.0271
vn 0.5671 0.8062 -0.1683
vn 0.4565 0.8586 -0.2332
vn 0.6313 0.6476 -0.4267
vn 0.5187 0.7047 -0.4841
vn 0.6246 0.4329 -0.6500
vn 0.5119 0.4965 -0.7010
vn 0.5478 0.1830 -0.8164
vn 0.4368 0.2543 -0.8629
vn 0.4082 -0.0776 -0.9096
vn 0.3009 0.0018 -0.9537
vn 0.2196 -0.3233 -0.9205
vn 0.1173 -0.2363 -0.9646
vn 0.0005 -0.5301 -0.8480
vn -0.0959 -0.4366 -0.8945
vn -0.2278 -0.6777 -0.6991
vn -0.3179 -0.5795 -0.7504
vn -0.4428 -0.7518 -0.4886
vn -0.5269 -0.6511 -0.5463
vn -0.6236 -0.7450 -0.2369
vn -0.7025 -0.6444 -0.3021
vn -0.7524 -0.6580 0.0313
vn -0.8275 -0.5599 -0.0419
vn -0.8165 -0.4993 0.2897
vn -0.8896 -0.4061 0.2090
vn -0.8098 -0.2845 0.5130
vn -0.8828 -0.1978 0.4260
vn -0.7329 -0.0346 0.6794
vn -0.8078 0.0444 0.5878
vn -0.5933 0.2259 0.7726
vn -0.6718 0.2969 0.6786
vn -0.4047 0.4716 0.7834
vn -0.4883 0.5349 0.6895
vn -0.1856 0.6784 0.7109
vn -0.2751 0.7352 0.6195
vn 0.0427 0.8260 0.5620
vn -0.0531 0.8782 0.4753
vn -0.8616 0.4679 -0.1966
vn -0.8110 0.5620 -0.1628
vn -0.6745 0.5431 -0.5001
vn -0.5025 0.8053 -0.3146
vn -0.4371 0.8028 -0.4056
vn -0.3673 0.7140 -0.5961
vn -0.3698 0.6364 -0.6769
vn -0.5963 0.2887 -0.7490
vn -0.6791 0.2354 -0.6953
vn -0.8690 0.2427 -0.4313
vn -0.8921 0.3000 -0.3378
vn -0.5804 0.7786 -0.2386
vn -0.7426 0.6507 -0.1587
vn -0.6631 0.7253 -0.1848
vn -0.3978 0.5461 -0.7372
vn -0.4485 0.4520 -0.7711
vn -0.7569 0.2087 -0.6193
vn -0.8224 0.2112 -0.5283
vn -0.8896 0.3776 -0.2569
vn -0.3905 0.7713 -0.5026
vn -0.5169 0.3633 -0.7751
vn -0.3743 0.9077 -0.1898
vn -0.2753 0.9039 -0.3275
vn -0.1698 0.7695 -0.6157
vn -0.1736 0.6521 -0.7380
vn -0.5163 0.1260 -0.8471
vn -0.6414 0.0454 -0.7658
vn -0.9288 0.0564 -0.3663
vn -0.9638 0.1432 -0.2249
vn -0.7375 0.6738 0.0461
vn -0.6173 0.7867 0.0066
vn -0.2159 0.5155 -0.8292
vn -0.2926 0.3731 -0.8804
vn -0.7593 0.0050 -0.6507
vn -0.8583 0.0088 -0.5131
vn -0.8410 0.5395 0.0399
vn -0.3961 0.2389 -0.8866
vn -0.2048 0.8563 -0.4742
vn -0.4921 0.8673 -0.0747
vn -0.9600 0.2606 -0.1025
vn -0.9177 0.3972 -0.0113
vn -0.0932 0.6094 0.7874
vn -0.3150 0.4011 0.8602
vn -0.3149 0.4011 0.8602
vn -0.6473 -0.1092 0.7544
vn -0.7253 -0.3611 0.5861
vn 0.0488 0.7927 -0.6077
vn 0.0438 0.6383 -0.7685
vn -0.9345 0.3031 0.1868
vn -0.8337 0.4903 0.2541
vn 0.3149 -0.4011 -0.8602
vn 0.5059 -0.1535 -0.8489
vn 0.5059 -0.1535 -0.8488
vn -0.5713 -0.1593 -0.8051
vn -0.7262 -0.2124 -0.6538
vn -0.3750 0.9212 0.1034
vn -0.2201 0.9743 -0.0478
vn 0.6473 0.1092 -0.7544
vn 0.3551 0.8326 0.4251
vn 0.1377 0.7581 0.6375
vn -0.7324 -0.5777 0.3604
vn -0.0899 0.9693 -0.2288
vn 0.0028 0.9067 -0.4217
vn -0.9490 -0.1448 -0.2799
vn -0.9951 -0.0308 -0.0939
vn -0.3551 -0.8326 -0.4251
vn -0.1377 -0.7581 -0.6375
vn -0.5377 -0.8256 -0.1712
vn 0.7324 0.5777 -0.3604
vn 0.6677 0.7377 -0.0995
vn -0.4067 -0.0534 -0.9120
vn -0.0118 0.4587 -0.8885
vn -0.1126 0.2716 -0.9558
vn -0.6677 -0.7377 0.0995
vn -0.6976 0.6668 0.2622
vn -0.5396 0.8153 0.2103
vn -0.6745 0.5430 -0.5001
vn 0.7253 0.3611 -0.5861
vn 0.0932 -0.6094 -0.7874
vn -0.2487 0.0951 -0.9639
vn 0.5377 0.8255 0.1712
vn -0.9901 0.1236 0.0669
vn -0.8564 -0.2074 -0.4729
vn -0.5059 0.1535 0.8489
vn -0.2983 -0.5062 -0.8092
vn -0.1894 -0.6277 -0.7551
vn -0.5721 -0.5845 -0.5754
vn -0.6488 -0.4406 -0.6204
vn 0.6130 0.5042 -0.6083
vn 0.7340 0.4206 -0.5332
vn 0.6478 0.1104 -0.7537
vn 0.5280 0.1983 -0.8258
vn 0.3195 0.9453 -0.0664
vn -0.0373 0.9930 0.1117
vn 0.3577 0.9168 0.1778
vn 0.4564 0.8895 0.0213
vn 0.4452 0.8089 -0.3840
vn 0.5878 0.7470 -0.3107
vn 0.4693 0.5767 -0.6687
vn 0.3880 0.2840 -0.8768
vn 0.2136 -0.0245 -0.9766
vn 0.3457 -0.1242 -0.9301
vn -0.0273 -0.3019 -0.9529
vn 0.0939 -0.4142 -0.9053
vn -0.6791 0.4416 -0.5864
vn -0.7215 0.4070 -0.5601
vn -0.7096 0.4479 -0.5440
vn -0.6409 0.4704 -0.6066
vn -0.6070 0.5095 -0.6099
vn -0.5824 0.5529 -0.5959
vn -0.5709 0.5942 -0.5666
vn -0.5743 0.6269 -0.5265
vn -0.5920 0.6461 -0.4817
vn -0.5921 0.6461 -0.4817
vn -0.6312 0.6316 -0.4502
vn -0.6111 0.6659 -0.4280
vn 0.4630 -0.2165 -0.8595
vn 0.4871 0.7021 0.5195
vn 0.5752 0.8112 0.1051
vn -0.0795 -0.7269 -0.6821
vn -0.2133 -0.7918 -0.5722
vn 0.2077 -0.5105 -0.8344
vn 0.7085 0.6667 -0.2315
vn -0.7671 -0.5852 -0.2629
vn -0.6794 -0.7103 -0.1840
vn -0.5659 0.3054 0.7658
vn -0.7489 -0.0170 0.6625
vn -0.6467 -0.1079 0.7551
vn -0.4612 0.2190 0.8598
vn -0.1467 0.8666 0.4769
vn -0.0309 0.8074 0.5893
vn -0.4172 0.6634 0.6211
vn -0.3137 0.5949 0.7400
vn -0.6585 0.3864 0.6458
vn -0.8336 0.0780 0.5469
vn -0.9157 -0.2150 0.3396
vn -0.8348 -0.3233 0.4457
vn -0.8924 -0.4478 0.0553
vn -0.8104 -0.5667 0.1486
vn -0.7451 0.4305 -0.5094
vn -0.7628 0.4498 -0.4646
vn -0.7660 0.4826 -0.4245
vn -0.7545 0.5239 -0.3953
vn -0.7298 0.5674 -0.3814
vn -0.6958 0.6064 -0.3849
vn -0.6577 0.6350 -0.4052
vn -0.7338 -0.4183 0.5353
vn 0.0812 0.7279 0.6808
vn -0.5763 -0.8107 -0.1031
vn -0.7091 -0.6651 0.2341
vn -0.2055 0.5126 0.8337
vn 0.6643 0.7405 -0.1020
vn 0.7292 0.5803 -0.3626
vn 0.3157 -0.4010 -0.8600
vn 0.0950 -0.6103 -0.7865
vn -0.6643 -0.7404 0.1021
vn -0.7293 -0.5801 0.3629
vn 0.3522 0.8350 0.4227
vn 0.5344 0.8282 0.1686
vn -0.3150 0.4018 0.8599
vn -0.0943 0.6108 0.7861
vn 0.6458 0.1109 -0.7555
vn 0.5055 -0.1525 -0.8493
vn -0.3519 -0.8349 -0.4231
vn -0.5343 -0.8283 -0.1688
vn -0.6454 -0.1101 0.7558
vn -0.5049 0.1533 0.8494
vn 0.7228 0.3634 -0.5878
vn -0.1351 -0.7598 -0.6359
vn -0.7227 -0.3629 0.5882
vn 0.1356 0.7601 0.6355
vt 0.605743 0.429359
vt 0.600573 0.429190
vt 0.604426 0.404455
vt 0.612608 0.621404
vt 0.589222 0.621797
vt 0.588557 0.597015
vt 0.611559 0.596715
vt 0.606823 0.453666
vt 0.596842 0.453418
vt 0.613755 0.646556
vt 0.589964 0.647300
vt 0.607688 0.477489
vt 0.593647 0.477255
vt 0.615398 0.671343
vt 0.589194 0.674282
vt 0.608410 0.501082
vt 0.591194 0.500919
vt 0.609092 0.524699
vt 0.589572 0.524662
vt 0.609822 0.548463
vt 0.588641 0.548564
vt 0.610635 0.572439
vt 0.588322 0.572655
vt 0.565838 0.571342
vt 0.567367 0.547057
vt 0.565347 0.595749
vt 0.595549 0.428174
vt 0.565684 0.620302
vt 0.587075 0.451762
vt 0.566287 0.645021
vt 0.579771 0.475336
vt 0.565428 0.669770
vt 0.574031 0.498966
vt 0.570043 0.522903
vt 0.543152 0.666529
vt 0.542688 0.642477
vt 0.557024 0.495175
vt 0.566300 0.471679
vt 0.550560 0.519472
vt 0.545962 0.544089
vt 0.543060 0.568798
vt 0.541757 0.593501
vt 0.590852 0.426324
vt 0.541816 0.618099
vt 0.577797 0.448673
vt 0.517722 0.590908
vt 0.519907 0.565358
vt 0.586662 0.423674
vt 0.517630 0.616248
vt 0.569321 0.444118
vt 0.519149 0.641120
vt 0.553580 0.466169
vt 0.521439 0.665326
vt 0.540277 0.489508
vt 0.540915 0.690568
vt 0.523368 0.689151
vt 0.531208 0.514481
vt 0.524402 0.539829
vt 0.512600 0.702396
vt 0.508348 0.690542
vt 0.523491 0.702057
vt 0.526213 0.483117
vt 0.691469 0.150058
vt 0.670587 0.155669
vt 0.664322 0.130688
vt 0.683528 0.124473
vt 0.696718 0.175777
vt 0.674840 0.180336
vt 0.700068 0.201264
vt 0.678215 0.204933
vt 0.583154 0.420279
vt 0.701991 0.226454
vt 0.681176 0.228695
vt 0.561998 0.438039
vt 0.702740 0.251575
vt 0.684069 0.252329
vt 0.542214 0.458433
vt 0.701218 0.276577
vt 0.686087 0.275928
vt 0.673004 0.099346
vt 0.656554 0.105759
vt 0.646133 0.081639
vt 0.659907 0.073783
vt 0.598473 0.015470
vt 0.595328 0.019242
vt 0.575453 0.001953
vt 0.495730 0.615542
vt 0.495699 0.588629
vt 0.621163 0.031463
vt 0.614382 0.038223
vt 0.498358 0.641784
vt 0.642157 0.050456
vt 0.631664 0.059085
vt 0.502760 0.666981
vt 0.514399 0.508833
vt 0.505036 0.534848
vt 0.498748 0.561559
vt 0.299296 0.392072
vt 0.297810 0.394225
vt 0.278359 0.390112
vt 0.277736 0.387552
vt 0.643096 0.136138
vt 0.637405 0.112621
vt 0.627933 0.198961
vt 0.629544 0.201214
vt 0.616285 0.203986
vt 0.613006 0.202274
vt 0.650890 0.185326
vt 0.647518 0.161900
vt 0.591442 0.022326
vt 0.659809 0.149239
vt 0.656872 0.147687
vt 0.655599 0.144299
vt 0.658055 0.141834
vt 0.606362 0.043565
vt 0.657567 0.233469
vt 0.653829 0.210798
vt 0.619356 0.065656
vt 0.663203 0.256294
vt 0.629758 0.088342
vt 0.669268 0.279592
vt 0.287260 0.346248
vt 0.288745 0.344473
vt 0.304555 0.348794
vt 0.305361 0.351092
vt 0.597470 0.047504
vt 0.586985 0.024651
vt 0.633436 0.239842
vt 0.629471 0.216651
vt 0.606270 0.070493
vt 0.642897 0.262390
vt 0.613137 0.093483
vt 0.664806 0.281257
vt 0.647820 0.273591
vt 0.277767 0.342371
vt 0.280668 0.341287
vt 0.621876 0.141113
vt 0.618125 0.117795
vt 0.610094 0.159993
vt 0.612970 0.157445
vt 0.624977 0.155625
vt 0.624022 0.158422
vt 0.627083 0.190442
vt 0.624741 0.166868
vt 0.600798 0.145366
vt 0.598964 0.121214
vt 0.644467 0.100330
vt 0.642011 0.099274
vt 0.639943 0.095749
vt 0.641550 0.093562
vt 0.603374 0.194933
vt 0.602157 0.170023
vt 0.582131 0.026169
vt 0.306965 0.343442
vt 0.305257 0.344457
vt 0.289673 0.340130
vt 0.289586 0.338638
vt 0.588026 0.050038
vt 0.607630 0.247854
vt 0.605342 0.220505
vt 0.592789 0.073668
vt 0.634593 0.265952
vt 0.596407 0.097264
vt 0.281815 0.337292
vt 0.280660 0.335481
vt 0.578298 0.051148
vt 0.577056 0.026850
vt 0.579709 0.245503
vt 0.579447 0.220936
vt 0.579113 0.075044
vt 0.579564 0.098830
vt 0.579703 0.122766
vt 0.579631 0.146951
vt 0.579459 0.171398
vt 0.579283 0.196122
vt 0.558510 0.146266
vt 0.560495 0.122155
vt 0.556723 0.170652
vt 0.554994 0.195343
vt 0.571935 0.026682
vt 0.553225 0.220219
vt 0.568529 0.050827
vt 0.552210 0.244448
vt 0.565436 0.074604
vt 0.562765 0.098302
vt 0.523079 0.244921
vt 0.527991 0.217966
vt 0.551954 0.072353
vt 0.558956 0.049077
vt 0.546134 0.095707
vt 0.541441 0.119368
vt 0.537547 0.143356
vt 0.534217 0.167679
vt 0.531179 0.192454
vt 0.566940 0.025671
vt 0.511933 0.162372
vt 0.516775 0.138287
vt 0.507775 0.186673
vt 0.562243 0.023837
vt 0.503695 0.211092
vt 0.549827 0.045907
vt 0.498092 0.235155
vt 0.538878 0.068301
vt 0.529794 0.091070
vt 0.522624 0.114471
vt 0.486802 0.257194
vt 0.467381 0.248913
vt 0.474652 0.226385
vt 0.513877 0.084423
vt 0.526466 0.062458
vt 0.504116 0.107645
vt 0.496149 0.131390
vt 0.489672 0.155342
vt 0.484387 0.179329
vt 0.558015 0.021220
vt 0.479742 0.203128
vt 0.541414 0.041336
vt 0.460848 0.171579
vt 0.467309 0.147270
vt 0.554421 0.017881
vt 0.455807 0.195725
vt 0.534027 0.035383
vt 0.451461 0.219435
vt 0.515111 0.054794
vt 0.447012 0.242656
vt 0.498511 0.075823
vt 0.458072 0.271777
vt 0.442244 0.266078
vt 0.485992 0.099171
vt 0.475628 0.123071
vt 0.451921 0.331315
vt 0.436185 0.339314
vt 0.424022 0.316334
vt 0.436704 0.307228
vt 0.429105 0.270628
vt 0.428157 0.263485
vt 0.440469 0.272436
vt 0.485877 0.066941
vt 0.486410 0.063063
vt 0.505551 0.045093
vt 0.474932 0.379325
vt 0.454603 0.386841
vt 0.446322 0.363027
vt 0.464782 0.354977
vt 0.482607 0.404057
vt 0.461269 0.410663
vt 0.488242 0.428851
vt 0.466798 0.434295
vt 0.551615 0.013905
vt 0.492394 0.453584
vt 0.471851 0.457609
vt 0.527977 0.028081
vt 0.495336 0.478439
vt 0.476875 0.480860
vt 0.495607 0.503316
vt 0.481028 0.504262
vt 0.439492 0.164797
vt 0.447108 0.139399
vt 0.370282 0.253927
vt 0.367516 0.257983
vt 0.345846 0.242601
vt 0.434260 0.190264
vt 0.394704 0.267956
vt 0.388526 0.275302
vt 0.430798 0.215405
vt 0.417752 0.285354
vt 0.407605 0.294821
vt 0.428450 0.240067
vt 0.470462 0.090541
vt 0.457430 0.114544
vt 0.464859 0.509251
vt 0.456581 0.486589
vt 0.417824 0.347582
vt 0.408336 0.324567
vt 0.425680 0.371096
vt 0.432240 0.394744
vt 0.437832 0.418347
vt 0.363933 0.261413
vt 0.443005 0.441656
vt 0.380989 0.281335
vt 0.448822 0.464262
vt 0.395954 0.302451
vt 0.359696 0.264134
vt 0.419312 0.449874
vt 0.414653 0.425818
vt 0.372455 0.286029
vt 0.425594 0.472914
vt 0.383366 0.308366
vt 0.437064 0.494593
vt 0.392239 0.331132
vt 0.399213 0.354392
vt 0.405041 0.378009
vt 0.410075 0.401835
vt 0.380380 0.359465
vt 0.375816 0.335894
vt 0.384316 0.383320
vt 0.387922 0.407444
vt 0.391539 0.431907
vt 0.354980 0.266085
vt 0.395750 0.456936
vt 0.363234 0.289359
vt 0.400906 0.483595
vt 0.370181 0.312577
vt 0.430446 0.498259
vt 0.370234 0.460143
vt 0.367698 0.435534
vt 0.353591 0.291301
vt 0.349957 0.267224
vt 0.373065 0.484534
vt 0.356639 0.315058
vt 0.359165 0.338753
vt 0.361361 0.362581
vt 0.363423 0.386658
vt 0.365498 0.410977
vt 0.342400 0.387872
vt 0.342216 0.363613
vt 0.342890 0.412394
vt 0.343534 0.437235
vt 0.344802 0.267527
vt 0.344218 0.462282
vt 0.343769 0.291836
vt 0.345760 0.486504
vt 0.342941 0.315772
vt 0.342390 0.339639
vt 0.316951 0.490368
vt 0.319013 0.462999
vt 0.329271 0.314686
vt 0.333996 0.290950
vt 0.325620 0.338508
vt 0.322998 0.362512
vt 0.321373 0.386844
vt 0.320288 0.411669
vt 0.319700 0.436637
vt 0.339687 0.266984
vt 0.606617 0.110920
vt 0.608624 0.108784
vt 0.617319 0.107236
vt 0.616700 0.109416
vt 0.296081 0.433177
vt 0.297684 0.408947
vt 0.334789 0.265604
vt 0.313135 0.350120
vt 0.315279 0.352485
vt 0.324512 0.288648
vt 0.291060 0.483267
vt 0.294183 0.458891
vt 0.315772 0.311827
vt 0.309053 0.335112
vt 0.255312 0.441249
vt 0.258482 0.440155
vt 0.271928 0.443229
vt 0.270653 0.445010
vt 0.300422 0.383516
vt 0.303802 0.359633
vt 0.302701 0.307252
vt 0.315594 0.284926
vt 0.282015 0.506174
vt 0.261706 0.499928
vt 0.266836 0.476904
vt 0.292444 0.330143
vt 0.622988 0.149516
vt 0.624528 0.151518
vt 0.612929 0.153888
vt 0.609890 0.152514
vt 0.279280 0.378861
vt 0.284738 0.354752
vt 0.316078 0.345568
vt 0.313265 0.346217
vt 0.272233 0.428382
vt 0.274993 0.404277
vt 0.330282 0.263411
vt 0.271427 0.436968
vt 0.272302 0.439245
vt 0.258660 0.436521
vt 0.256119 0.434055
vt 0.269676 0.453437
vt 0.616856 0.207372
vt 0.613562 0.209960
vt 0.248044 0.423393
vt 0.252099 0.398452
vt 0.326341 0.260448
vt 0.294822 0.450145
vt 0.293604 0.447803
vt 0.307178 0.449862
vt 0.310159 0.452294
vt 0.307563 0.279768
vt 0.243130 0.472137
vt 0.245359 0.448084
vt 0.290480 0.300889
vt 0.240781 0.495695
vt 0.275889 0.323443
vt 0.254919 0.523611
vt 0.238282 0.519374
vt 0.266514 0.387167
vt 0.264356 0.384374
vt 0.257894 0.373202
vt 0.265896 0.348330
vt 0.722855 0.681510
vt 0.707676 0.679814
vt 0.707716 0.656311
vt 0.726480 0.656807
vt 0.702970 0.502288
vt 0.686479 0.508583
vt 0.676008 0.484535
vt 0.689550 0.476717
vt 0.225780 0.530099
vt 0.223382 0.518373
vt 0.236604 0.530170
vt 0.262340 0.316148
vt 0.262454 0.312259
vt 0.279847 0.292341
vt 0.721725 0.553400
vt 0.700729 0.558258
vt 0.694695 0.533360
vt 0.713909 0.527497
vt 0.726493 0.579650
vt 0.704656 0.583199
vt 0.728507 0.605820
vt 0.706759 0.607993
vt 0.323130 0.256783
vt 0.728293 0.631575
vt 0.707544 0.632414
vt 0.300738 0.273163
vt 0.226157 0.418807
vt 0.231204 0.392750
vt 0.627383 0.418017
vt 0.624218 0.421779
vt 0.223443 0.444640
vt 0.650449 0.434027
vt 0.643578 0.440761
vt 0.222271 0.469915
vt 0.672157 0.453246
vt 0.661133 0.461724
vt 0.222118 0.494657
vt 0.249439 0.341511
vt 0.238914 0.366828
vt 0.659482 0.491175
vt 0.648707 0.468230
vt 0.690258 0.682242
vt 0.686195 0.658830
vt 0.667305 0.514832
vt 0.673336 0.538939
vt 0.677802 0.563180
vt 0.680870 0.587439
vt 0.620294 0.424852
vt 0.682813 0.611609
vt 0.635436 0.446076
vt 0.684191 0.635499
vt 0.657531 0.591538
vt 0.655235 0.567443
vt 0.615786 0.427168
vt 0.659246 0.615778
vt 0.626389 0.449993
vt 0.660910 0.640128
vt 0.635445 0.472983
vt 0.664319 0.663777
vt 0.642644 0.496177
vt 0.676131 0.685848
vt 0.672381 0.684527
vt 0.647988 0.519696
vt 0.652111 0.543486
vt 0.628572 0.523022
vt 0.625590 0.499490
vt 0.630959 0.546736
vt 0.632896 0.570654
vt 0.634512 0.594840
vt 0.610875 0.428680
vt 0.636017 0.619408
vt 0.616759 0.452524
vt 0.637922 0.644544
vt 0.621690 0.476062
vt 0.641036 0.671004
vt 0.321640 0.498031
vt 0.296238 0.515706
vt 0.290152 0.509702
vt 0.952933 0.519932
vt 0.952847 0.513031
vt 0.976971 0.513033
vt 0.977052 0.519564
vt 0.687098 0.287100
vt 0.686633 0.295796
vt 0.667351 0.291554
vt 0.670193 0.283129
vt 0.977231 0.526093
vt 0.953123 0.526832
vt 0.672565 0.693691
vt 0.668086 0.691817
vt 0.956395 0.568100
vt 0.955600 0.561244
vt 0.979576 0.558662
vt 0.980329 0.565150
vt 0.660793 0.289207
vt 0.642641 0.280663
vt 0.977509 0.532620
vt 0.953416 0.533727
vt 0.981174 0.571627
vt 0.957289 0.574944
vt 0.604110 0.255874
vt 0.579175 0.253809
vt 0.593173 0.682656
vt 0.564397 0.698419
vt 0.559187 0.691421
vt 0.977883 0.539141
vt 0.953811 0.540618
vt 0.982113 0.578091
vt 0.958281 0.581774
vt 0.539630 0.699069
vt 0.542462 0.707699
vt 0.523429 0.711087
vt 0.978353 0.545656
vt 0.954308 0.547502
vt 0.983145 0.584541
vt 0.959372 0.588589
vt 0.628816 0.271754
vt 0.978918 0.552163
vt 0.954904 0.554377
vt 0.638819 0.679750
vt 0.616090 0.679834
vt 0.984272 0.590975
vt 0.960561 0.595387
vt 0.559945 0.700841
vt 0.555406 0.693125
vt 0.526934 0.253125
vt 0.498640 0.267625
vt 0.493373 0.260823
vt 0.985492 0.597392
vt 0.961851 0.602168
vt 0.462538 0.517767
vt 0.437578 0.510528
vt 0.441547 0.502724
vt 0.552749 0.252617
vt 0.986807 0.603790
vt 0.963241 0.608928
vt 0.425485 0.504815
vt 0.398225 0.492001
vt 0.988218 0.610168
vt 0.964731 0.615667
vt 0.482415 0.510913
vt 0.482844 0.519753
vt 0.989725 0.616524
vt 0.966324 0.622382
vt 0.486123 0.273427
vt 0.482174 0.265465
vt 0.373196 0.492866
vt 0.346919 0.494560
vt 0.966324 0.403733
vt 0.989725 0.409591
vt 0.988157 0.415932
vt 0.964667 0.410433
vt 0.460181 0.280360
vt 0.439101 0.281405
vt 0.956063 0.457948
vt 0.956963 0.451105
vt 0.980866 0.454425
vt 0.980014 0.460901
vt 0.960328 0.430676
vt 0.961668 0.423906
vt 0.985319 0.428683
vt 0.984051 0.435091
vt 0.953231 0.492331
vt 0.953576 0.485438
vt 0.977660 0.486918
vt 0.977334 0.493442
vt 0.955274 0.464804
vt 0.979268 0.467390
vt 0.959096 0.437467
vt 0.982885 0.441518
vt 0.952995 0.499229
vt 0.977111 0.499970
vt 0.954597 0.471673
vt 0.978627 0.473890
vt 0.957975 0.444277
vt 0.981823 0.447963
vt 0.952867 0.506129
vt 0.976990 0.506501
vt 0.986688 0.422297
vt 0.963115 0.417158
vt 0.954031 0.478551
vt 0.978091 0.480400
vt 0.103356 0.185311
vt 0.091613 0.193256
vt 0.087572 0.188632
vt 0.099485 0.183522
vt 0.103036 0.184728
vt 0.423576 0.274695
vt 0.276788 0.517497
vt 0.282007 0.524600
vt 0.263278 0.533168
vt 0.259331 0.525342
vt 0.692107 0.690577
vt 0.689933 0.699289
vt 0.707969 0.693041
vt 0.708259 0.701705
vt 0.697496 0.286700
vt 0.701416 0.293318
vt 0.718370 0.691966
vt 0.722618 0.698496
vt 0.253811 0.527070
vt 0.256496 0.535804
vt 0.236282 0.539190
vt 0.493804 0.509219
vt 0.497949 0.515927
vt 0.777679 0.213587
vt 0.794792 0.208415
vt 0.795472 0.211853
vt 0.811953 0.203190
vt 0.813323 0.210077
vt 0.793454 0.205176
vt 0.809266 0.196704
vt 0.791510 0.202260
vt 0.805365 0.190866
vt 0.789034 0.199779
vt 0.800401 0.185901
vt 0.786122 0.197829
vt 0.794563 0.182000
vt 0.782886 0.196485
vt 0.788076 0.179313
vt 0.779449 0.195798
vt 0.781190 0.177944
vt 0.775945 0.195794
vt 0.774169 0.177944
vt 0.772507 0.196474
vt 0.767282 0.179313
vt 0.769268 0.197812
vt 0.760796 0.182000
vt 0.766352 0.199756
vt 0.754958 0.185901
vt 0.763871 0.202232
vt 0.749993 0.190866
vt 0.761921 0.205144
vt 0.746092 0.196704
vt 0.760577 0.208380
vt 0.743405 0.203190
vt 0.759890 0.211817
vt 0.742036 0.210077
vt 0.759886 0.215322
vt 0.742036 0.217098
vt 0.760566 0.218760
vt 0.743405 0.223984
vt 0.761904 0.221999
vt 0.746092 0.230471
vt 0.763848 0.224915
vt 0.749993 0.236309
vt 0.766324 0.227395
vt 0.754958 0.241273
vt 0.769236 0.229345
vt 0.760796 0.245174
vt 0.772473 0.230690
vt 0.767282 0.247861
vt 0.775909 0.231377
vt 0.774169 0.249231
vt 0.779414 0.231380
vt 0.781190 0.249231
vt 0.782852 0.230700
vt 0.788076 0.247861
vt 0.786091 0.229362
vt 0.794563 0.245174
vt 0.789007 0.227418
vt 0.800401 0.241273
vt 0.791487 0.224942
vt 0.805365 0.236309
vt 0.793437 0.222030
vt 0.809266 0.230471
vt 0.794782 0.218794
vt 0.811953 0.223984
vt 0.795469 0.215357
vt 0.813323 0.217098
vt 0.220553 0.534566
vt 0.178748 0.171332
vt 0.163343 0.164848
vt 0.170891 0.142749
vt 0.189549 0.150506
vt 0.436454 0.303561
vt 0.689598 0.473045
vt 0.507700 0.707423
vt 0.170948 0.186110
vt 0.158213 0.180744
vt 0.146856 0.161045
vt 0.147263 0.158861
vt 0.144611 0.177735
vt 0.143906 0.160914
vt 0.130521 0.177358
vt 0.130010 0.168541
vt 0.116527 0.179850
vt 0.115399 0.175988
vt 0.103552 0.310709
vt 0.116349 0.316058
vt 0.113384 0.326165
vt 0.101639 0.319427
vt 0.100662 0.315926
vt 0.104119 0.181403
vt 0.081893 0.203367
vt 0.070911 0.195375
vt 0.074667 0.215071
vt 0.059252 0.208157
vt 0.065426 0.197477
vt 0.070022 0.227848
vt 0.053800 0.223798
vt 0.030788 0.219267
vt 0.033769 0.208364
vt 0.047607 0.203669
vt 0.028173 0.238936
vt 0.004716 0.238175
vt 0.007247 0.215741
vt 0.051315 0.240064
vt 0.067870 0.241216
vt 0.028612 0.258719
vt 0.005363 0.260963
vt 0.051620 0.256467
vt 0.068110 0.254770
vt 0.032052 0.278226
vt 0.009203 0.283127
vt 0.054641 0.272640
vt 0.070690 0.268136
vt 0.035992 0.290188
vt 0.060378 0.288277
vt 0.046628 0.293925
vt 0.075484 0.280949
vt 0.069021 0.302898
vt 0.082635 0.292721
vt 0.092136 0.302803
vt 0.085219 0.310664
vt 0.208494 0.241922
vt 0.205973 0.227863
vt 0.209858 0.226723
vt 0.211387 0.239206
vt 0.209159 0.241883
vt 0.097165 0.316956
vt 0.129905 0.318627
vt 0.128790 0.335617
vt 0.145867 0.334927
vt 0.148632 0.349795
vt 0.143581 0.318286
vt 0.156808 0.315299
vt 0.161934 0.331204
vt 0.170089 0.353108
vt 0.157882 0.356678
vt 0.188200 0.344983
vt 0.199828 0.365354
vt 0.179361 0.374990
vt 0.177021 0.324709
vt 0.169268 0.310037
vt 0.180628 0.302659
vt 0.190775 0.315767
vt 0.263842 0.694642
vt 0.254598 0.702207
vt 0.246622 0.694234
vt 0.254212 0.685011
vt 0.156432 0.782787
vt 0.165675 0.775222
vt 0.173652 0.783195
vt 0.166062 0.792418
vt 0.204786 0.334166
vt 0.218892 0.352786
vt 0.219543 0.320928
vt 0.235712 0.337832
vt 0.202900 0.304587
vt 0.190584 0.293372
vt 0.203328 0.669574
vt 0.204483 0.681462
vt 0.193423 0.683665
vt 0.189971 0.672231
vt 0.276618 0.758883
vt 0.265193 0.755401
vt 0.267389 0.744339
vt 0.279275 0.745525
vt 0.189968 0.805198
vt 0.193451 0.793772
vt 0.204512 0.795970
vt 0.203326 0.807855
vt 0.143656 0.718547
vt 0.155081 0.722028
vt 0.152884 0.733090
vt 0.140999 0.731904
vt 0.230303 0.805198
vt 0.226851 0.793764
vt 0.237269 0.789445
vt 0.242886 0.799987
vt 0.183005 0.687984
vt 0.177388 0.677443
vt 0.226719 0.312316
vt 0.213081 0.291312
vt 0.222934 0.298517
vt 0.198786 0.282353
vt 0.218610 0.280428
vt 0.204804 0.269805
vt 0.217376 0.274693
vt 0.276618 0.718549
vt 0.265184 0.722001
vt 0.260866 0.711583
vt 0.271407 0.705966
vt 0.230305 0.672232
vt 0.226823 0.683657
vt 0.215761 0.681459
vt 0.216948 0.669574
vt 0.183030 0.789459
vt 0.177386 0.799985
vt 0.143655 0.758880
vt 0.155090 0.755428
vt 0.159408 0.765846
vt 0.148866 0.771463
vt 0.263840 0.782790
vt 0.254617 0.775200
vt 0.260880 0.765821
vt 0.271407 0.771465
vt 0.208117 0.256124
vt 0.214121 0.257081
vt 0.156433 0.694640
vt 0.165657 0.702229
vt 0.159394 0.711608
vt 0.148867 0.705964
vt 0.215790 0.795967
vt 0.216945 0.807855
vt 0.237243 0.687970
vt 0.242888 0.677444
vt 0.173629 0.694252
vt 0.166064 0.685009
vt 0.267386 0.733061
vt 0.279275 0.731906
vt 0.212065 0.244271
vt 0.152887 0.744368
vt 0.140999 0.745523
vt 0.200473 0.214736
vt 0.208252 0.210368
vt 0.246645 0.783177
vt 0.254210 0.792420
vt 0.192535 0.203224
vt 0.205186 0.191942
vt 0.206983 0.194365
vt 0.192767 0.180420
vt 0.206677 0.161294
vt 0.206837 0.190332
vt 0.182517 0.193638
vt 0.247874 0.735029
vt 0.246430 0.727737
vt 0.243592 0.720867
vt 0.239468 0.714682
vt 0.234216 0.709421
vt 0.228039 0.705286
vt 0.221174 0.702436
vt 0.213884 0.700980
vt 0.206451 0.700975
vt 0.199159 0.702419
vt 0.192289 0.705257
vt 0.186105 0.709382
vt 0.180845 0.714634
vt 0.176710 0.720811
vt 0.173861 0.727677
vt 0.172405 0.734967
vt 0.172400 0.742400
vt 0.186465 0.719277
vt 0.183129 0.724269
vt 0.173844 0.749692
vt 0.221115 0.775011
vt 0.219022 0.768027
vt 0.224569 0.765731
vt 0.227985 0.772172
vt 0.176682 0.756562
vt 0.239446 0.729829
vt 0.237151 0.724281
vt 0.201252 0.709402
vt 0.195704 0.711698
vt 0.180827 0.747600
vt 0.183123 0.753148
vt 0.180806 0.762747
vt 0.199100 0.774993
vt 0.201239 0.768024
vt 0.207128 0.769196
vt 0.206389 0.776449
vt 0.186058 0.768008
vt 0.246413 0.749752
vt 0.239443 0.747614
vt 0.240615 0.741725
vt 0.247868 0.742462
vt 0.219035 0.709405
vt 0.213146 0.708233
vt 0.192235 0.772143
vt 0.180830 0.729815
vt 0.179658 0.735704
vt 0.186457 0.758141
vt 0.190701 0.762388
vt 0.234169 0.768047
vt 0.229562 0.762397
vt 0.233808 0.758152
vt 0.239429 0.762795
vt 0.233817 0.719288
vt 0.229572 0.715041
vt 0.190711 0.715032
vt 0.240616 0.735720
vt 0.213823 0.776455
vt 0.179658 0.741709
vt 0.213132 0.769197
vt 0.207142 0.708233
vt 0.243563 0.756618
vt 0.237145 0.753160
vt 0.224581 0.711704
vt 0.195693 0.765725
vt 0.178350 0.198799
vt 0.167814 0.191955
vt 0.187427 0.207492
vt 0.194617 0.217904
vt 0.199580 0.229716
vt 0.201843 0.242372
vt 0.201502 0.255221
vt 0.198501 0.267604
vt 0.193046 0.278992
vt 0.185601 0.289012
vt 0.176557 0.297447
vt 0.166239 0.304154
vt 0.154906 0.308939
vt 0.142873 0.311679
vt 0.130515 0.311990
vt 0.118281 0.309683
vt 0.106734 0.304867
vt 0.096457 0.297727
vt 0.087883 0.288608
vt 0.081406 0.277938
vt 0.077051 0.266254
vt 0.074680 0.254048
vt 0.074465 0.241734
vt 0.076417 0.229602
vt 0.080630 0.218034
vt 0.087171 0.207448
vt 0.095952 0.198325
vt 0.106583 0.191135
vt 0.118470 0.186222
vt 0.131093 0.183995
vt 0.143863 0.184337
vt 0.156225 0.187068
vt 0.257257 0.315263
vt 0.257515 0.311946
vt 0.497241 0.452859
vt 0.500261 0.478305
vt 0.217250 0.494866
vt 0.217391 0.469705
vt 0.704924 0.200632
vt 0.706895 0.226163
vt 0.425937 0.214780
vt 0.429480 0.189252
vt 0.694511 0.472875
vt 0.694690 0.475995
vt 0.490856 0.615564
vt 0.490856 0.588181
vt 0.733168 0.631608
vt 0.731367 0.657358
vt 0.480948 0.065433
vt 0.481586 0.062158
vt 0.493005 0.427775
vt 0.218602 0.444087
vt 0.701511 0.174828
vt 0.434828 0.163394
vt 0.441279 0.302924
vt 0.441733 0.306007
vt 0.493979 0.560640
vt 0.733348 0.605475
vt 0.521065 0.482456
vt 0.521188 0.479146
vt 0.526121 0.479322
vt 0.487272 0.402665
vt 0.221388 0.417896
vt 0.696164 0.148767
vt 0.442593 0.137603
vt 0.659774 0.069928
vt 0.664639 0.069587
vt 0.664988 0.072814
vt 0.500378 0.533509
vt 0.731279 0.578921
vt 0.423882 0.265064
vt 0.479476 0.377606
vt 0.226533 0.391459
vt 0.500261 0.504749
vt 0.688119 0.122851
vt 0.453088 0.112390
vt 0.001953 0.005060
vt 0.002987 0.001953
vt 0.006161 0.002759
vt 0.006162 0.493930
vt 0.002989 0.494737
vt 0.001953 0.491631
vt 0.414684 0.225710
vt 0.417070 0.227952
vt 0.415008 0.230495
vt 0.017627 0.023729
vt 0.013419 0.026030
vt 0.029093 0.044700
vt 0.024886 0.047000
vt 0.040560 0.065670
vt 0.036352 0.067971
vt 0.052026 0.086641
vt 0.047819 0.088941
vt 0.063493 0.107611
vt 0.059285 0.109912
vt 0.074960 0.128581
vt 0.070752 0.130882
vt 0.086427 0.149551
vt 0.082218 0.151852
vt 0.097896 0.170521
vt 0.093684 0.172823
vt 0.013410 0.470655
vt 0.017619 0.472954
vt 0.024867 0.449680
vt 0.029076 0.451978
vt 0.036324 0.428704
vt 0.040533 0.431003
vt 0.047781 0.407728
vt 0.051990 0.410027
vt 0.059238 0.386753
vt 0.063447 0.389052
vt 0.070695 0.365777
vt 0.074905 0.368076
vt 0.082151 0.344801
vt 0.086362 0.347101
vt 0.093606 0.323823
vt 0.097822 0.326127
vt 0.391162 0.232109
vt 0.390838 0.227325
vt 0.367316 0.233724
vt 0.366992 0.228940
vt 0.343470 0.235339
vt 0.343146 0.230555
vt 0.319624 0.236953
vt 0.319300 0.232169
vt 0.295778 0.238568
vt 0.295454 0.233784
vt 0.271932 0.240183
vt 0.271608 0.235398
vt 0.248086 0.241797
vt 0.247762 0.237011
vt 0.224240 0.243413
vt 0.223915 0.238623
vt 0.727541 0.683275
vt 0.493490 0.642253
vt 0.423576 0.239970
vt 0.707672 0.251824
vt 0.218947 0.519759
vt 0.497954 0.667913
vt 0.705978 0.278179
vt 0.707493 0.500547
vt 0.504087 0.692518
vt 0.245020 0.339702
vt 0.456251 0.329113
vt 0.718497 0.525973
vt 0.466277 0.088220
vt 0.677519 0.097532
vt 0.234369 0.365191
vt 0.469186 0.352940
vt 0.726427 0.552266
vt 0.509865 0.507283
vt 0.112173 0.889808
vt 0.080062 0.888686
vt 0.080072 0.873604
vt 0.098125 0.874152
vt 0.112303 0.889265
vt 0.441562 0.021290
vt 0.439588 0.022115
vt 0.439722 0.021299
vt 0.441762 0.018765
vt 0.695479 0.052509
vt 0.692697 0.035851
vt 0.696239 0.037860
vt 0.698813 0.052472
vt 0.692697 0.111164
vt 0.695479 0.094506
vt 0.698814 0.094543
vt 0.696239 0.109155
vt 0.099671 0.945397
vt 0.080153 0.946463
vt 0.080370 0.931226
vt 0.112091 0.929683
vt 0.112238 0.930168
vt 0.114271 0.932357
vt 0.113994 0.930025
vt 0.428014 0.081056
vt 0.405635 0.082326
vt 0.407577 0.078503
vt 0.427091 0.077417
vt 0.078204 0.869943
vt 0.098770 0.870513
vt 0.407476 0.020701
vt 0.407498 0.005616
vt 0.425546 0.006181
vt 0.717905 0.206401
vt 0.715124 0.189743
vt 0.718666 0.191752
vt 0.721240 0.206364
vt 0.715124 0.265056
vt 0.717906 0.248398
vt 0.721241 0.248435
vt 0.718666 0.263047
vt 0.407771 0.063262
vt 0.439483 0.061679
vt 0.439632 0.062180
vt 0.441669 0.064365
vt 0.441388 0.062036
vt 0.405635 0.001953
vt 0.426191 0.002541
vt 0.114345 0.886736
vt 0.100588 0.949038
vt 0.078204 0.950283
vt 0.667131 0.191003
vt 0.667921 0.198429
vt 0.634885 0.104188
vt 0.632498 0.096636
vt 0.644512 0.144580
vt 0.646046 0.153430
vt 0.651701 0.193717
vt 0.652727 0.202478
vt 0.628786 0.208063
vt 0.615100 0.101812
vt 0.606006 0.104017
vt 0.312629 0.394476
vt 0.312173 0.401754
vt 0.310625 0.444660
vt 0.298448 0.400269
vt 0.295403 0.441836
vt 0.276400 0.395675
vt 0.262617 0.391651
vt 0.633597 0.102573
vt 0.632115 0.098546
vt 0.644732 0.151206
vt 0.644003 0.147089
vt 0.664817 0.197053
vt 0.651452 0.200335
vt 0.651020 0.196435
vt 0.664372 0.193653
vt 0.629923 0.205218
vt 0.616474 0.103144
vt 0.608383 0.104990
vt 0.309610 0.399238
vt 0.297445 0.397742
vt 0.309507 0.396085
vt 0.293906 0.443738
vt 0.307371 0.446146
vt 0.277669 0.393596
vt 0.265616 0.390317
vt 0.110548 0.920497
vt 0.112979 0.920511
vt 0.110285 0.909627
vt 0.112838 0.909622
vt 0.110700 0.898782
vt 0.113114 0.898746
vt 0.114143 0.889260
vt 0.699960 0.062139
vt 0.696562 0.062158
vt 0.700364 0.073508
vt 0.696944 0.073508
vt 0.699960 0.084876
vt 0.696563 0.084858
vt 0.080074 0.921662
vt 0.079701 0.910072
vt 0.079726 0.898459
vt 0.437936 0.052517
vt 0.440366 0.052532
vt 0.437680 0.041655
vt 0.440232 0.041653
vt 0.438109 0.030814
vt 0.440524 0.030784
vt 0.722386 0.216031
vt 0.718989 0.216050
vt 0.722790 0.227400
vt 0.719371 0.227400
vt 0.722387 0.238768
vt 0.718990 0.238750
vt 0.407462 0.053690
vt 0.407092 0.042091
vt 0.407129 0.030474
vt 0.345840 0.910995
vt 0.339466 0.902277
vt 0.329330 0.907327
vt 0.337760 0.918930
vt 0.336099 0.892016
vt 0.324898 0.893686
vt 0.336067 0.881217
vt 0.324898 0.879344
vt 0.339373 0.870936
vt 0.329330 0.865704
vt 0.345695 0.862180
vt 0.337760 0.854101
vt 0.354413 0.855807
vt 0.349363 0.845671
vt 0.364674 0.852439
vt 0.363003 0.841239
vt 0.375473 0.852407
vt 0.377345 0.841238
vt 0.385754 0.855714
vt 0.390986 0.845670
vt 0.394509 0.862036
vt 0.402589 0.854101
vt 0.400883 0.870754
vt 0.411019 0.865704
vt 0.404250 0.881014
vt 0.415451 0.879344
vt 0.404282 0.891814
vt 0.415451 0.893686
vt 0.400976 0.902094
vt 0.411019 0.907326
vt 0.394654 0.910850
vt 0.402589 0.918930
vt 0.385936 0.917224
vt 0.390986 0.927360
vt 0.375675 0.920591
vt 0.377346 0.931792
vt 0.364876 0.920624
vt 0.363004 0.931792
vt 0.354595 0.917317
vt 0.349363 0.927360
vt 0.391494 0.907714
vt 0.383900 0.913264
vt 0.491836 0.879697
vt 0.498944 0.869919
vt 0.502684 0.858424
vt 0.502688 0.846335
vt 0.498956 0.834837
vt 0.491854 0.825055
vt 0.482076 0.817946
vt 0.470581 0.814206
vt 0.458492 0.814202
vt 0.446994 0.817934
vt 0.437212 0.825036
vt 0.430103 0.834814
vt 0.426364 0.846310
vt 0.426361 0.858398
vt 0.430092 0.869896
vt 0.437194 0.879678
vt 0.446971 0.886787
vt 0.458467 0.890527
vt 0.470555 0.890531
vt 0.482053 0.886799
vt 0.348977 0.907835
vt 0.343426 0.900240
vt 0.340467 0.881897
vt 0.343348 0.872943
vt 0.374793 0.856807
vt 0.383747 0.859689
vt 0.399855 0.881727
vt 0.399882 0.891134
vt 0.356602 0.913342
vt 0.374962 0.916196
vt 0.365556 0.916223
vt 0.348856 0.865317
vt 0.356450 0.859766
vt 0.391373 0.865196
vt 0.396923 0.872790
vt 0.397001 0.900088
vt 0.340494 0.891303
vt 0.365387 0.856834
vt 0.497050 0.884895
vt 0.485406 0.893354
vt 0.457325 0.897800
vt 0.443638 0.893352
vt 0.419091 0.845170
vt 0.423538 0.831482
vt 0.457329 0.806932
vt 0.471722 0.806933
vt 0.509958 0.845173
vt 0.509957 0.859565
vt 0.431995 0.884892
vt 0.423536 0.873247
vt 0.431998 0.819838
vt 0.443641 0.811379
vt 0.018672 0.886540
vt 0.017145 0.885072
vt 0.011113 0.892718
vt 0.012890 0.893869
vt 0.505511 0.831484
vt 0.419091 0.859560
vt 0.471718 0.897801
vt 0.505509 0.873252
vt 0.485410 0.811381
vt 0.497052 0.819841
vt 0.051972 0.967748
vt 0.051902 0.969365
vt 0.061223 0.968886
vt 0.060990 0.967284
vt 0.061000 0.873542
vt 0.061230 0.871932
vt 0.051908 0.871461
vt 0.051982 0.873078
vt 0.041940 0.869721
vt 0.042175 0.870700
vt 0.051819 0.869345
vt 0.051774 0.868339
vt 0.002898 0.930291
vt 0.003886 0.930100
vt 0.002960 0.920405
vt 0.001953 0.920406
vt 0.007557 0.911423
vt 0.005968 0.911118
vt 0.005078 0.920410
vt 0.006696 0.920409
vt 0.041925 0.971102
vt 0.042159 0.970123
vt 0.032948 0.966960
vt 0.032533 0.967877
vt 0.010266 0.892173
vt 0.016417 0.884376
vt 0.005967 0.929703
vt 0.007555 0.929395
vt 0.034495 0.963559
vt 0.033828 0.965034
vt 0.042658 0.968064
vt 0.043033 0.966490
vt 0.042664 0.872761
vt 0.043042 0.874334
vt 0.024518 0.878709
vt 0.023935 0.877888
vt 0.032963 0.873860
vt 0.032547 0.872943
vt 0.016406 0.956439
vt 0.017134 0.955743
vt 0.011104 0.948095
vt 0.010258 0.948641
vt 0.019842 0.887657
vt 0.014251 0.894744
vt 0.026676 0.881759
vt 0.025738 0.880440
vt 0.014246 0.946074
vt 0.012887 0.946953
vt 0.018668 0.954283
vt 0.019836 0.953163
vt 0.051759 0.972487
vt 0.051803 0.971481
vt 0.061694 0.868840
vt 0.061546 0.869837
vt 0.071053 0.872175
vt 0.071416 0.871234
vt 0.034504 0.877263
vt 0.033834 0.875790
vt 0.002901 0.910520
vt 0.003889 0.910711
vt 0.006640 0.901369
vt 0.005705 0.900994
vt 0.006634 0.939443
vt 0.008601 0.938659
vt 0.061532 0.970991
vt 0.071048 0.968610
vt 0.070209 0.966659
vt 0.024504 0.962108
vt 0.025733 0.960384
vt 0.008604 0.902162
vt 0.070239 0.874119
vt 0.010103 0.938055
vt 0.010106 0.902763
vt 0.061681 0.971988
vt 0.026668 0.959063
vt 0.005700 0.939818
vt 0.023922 0.962930
vt 0.069827 0.965099
vt 0.071416 0.969550
vt 0.069867 0.875694
vt 0.136595 0.813586
vt 0.138647 0.819858
vt 0.147238 0.817763
vt 0.145908 0.810483
vt 0.148219 0.896855
vt 0.147898 0.904054
vt 0.168383 0.905434
vt 0.168421 0.897992
vt 0.139989 0.881991
vt 0.148513 0.882498
vt 0.148590 0.875326
vt 0.140057 0.874969
vt 0.139892 0.888983
vt 0.148403 0.889673
vt 0.139725 0.895927
vt 0.139419 0.902802
vt 0.138849 0.909580
vt 0.147341 0.911285
vt 0.137772 0.916211
vt 0.146425 0.918573
vt 0.135701 0.922555
vt 0.145060 0.925976
vt 0.133060 0.816022
vt 0.134889 0.821223
vt 0.133942 0.914751
vt 0.132028 0.920031
vt 0.134946 0.908677
vt 0.135491 0.902216
vt 0.135789 0.895537
vt 0.135953 0.888723
vt 0.136049 0.881822
vt 0.136118 0.874870
vt 0.168346 0.912890
vt 0.168494 0.883189
vt 0.168531 0.875822
vt 0.168826 0.816132
vt 0.168864 0.808496
vt 0.168309 0.920327
vt 0.168458 0.890576
vt 0.168272 0.927699
vt 0.327802 0.893227
vt 0.327802 0.879804
vt 0.334323 0.880837
vt 0.334323 0.892194
vt 0.363463 0.844142
vt 0.376886 0.844142
vt 0.375853 0.850663
vt 0.364496 0.850663
vt 0.412547 0.879804
vt 0.412547 0.893226
vt 0.406026 0.892193
vt 0.406026 0.880837
vt 0.339839 0.916851
vt 0.331950 0.905992
vt 0.337832 0.902995
vt 0.344508 0.912182
vt 0.376886 0.928889
vt 0.363464 0.928889
vt 0.364496 0.922367
vt 0.375853 0.922367
vt 0.339839 0.856180
vt 0.350698 0.848290
vt 0.353695 0.854173
vt 0.344508 0.860848
vt 0.400510 0.856179
vt 0.408400 0.867038
vt 0.402517 0.870036
vt 0.395841 0.860848
vt 0.400511 0.916851
vt 0.389652 0.924741
vt 0.386654 0.918858
vt 0.395842 0.912182
vt 0.331949 0.867039
vt 0.337832 0.870036
vt 0.389651 0.848290
vt 0.386654 0.854173
vt 0.408400 0.905992
vt 0.402517 0.902994
vt 0.350698 0.924741
vt 0.353695 0.918858
s 1
usemtl MI_Enemies
f 329/1/1 7/2/2 56/3/3
f 5/4/4 15/5/5 14/6/6 4/7/7
f 330/8/8 8/9/9 7/2/2 329/1/1
f 333/10/10 16/11/11 15/5/5 5/4/4
f 1/12/12 9/13/13 8/9/9 330/8/8
f 6/14/14 17/15/15 16/11/11 333/10/10
f 331/16/16 10/17/17 9/13/13 1/12/12
f 2/18/18 11/19/19 10/17/17 331/16/16
f 332/20/20 12/21/21 11/19/19 2/18/18
f 3/22/22 13/23/23 12/21/21 332/20/20
f 4/7/7 14/6/6 13/23/23 3/22/22
f 13/23/23 24/24/24 23/25/25 12/21/21
f 14/6/6 25/26/26 24/24/24 13/23/23
f 7/2/2 18/27/27 56/3/3
f 15/5/5 26/28/28 25/26/26 14/6/6
f 8/9/9 19/29/29 18/27/27 7/2/2
f 16/11/11 27/30/30 26/28/28 15/5/5
f 9/13/13 20/31/31 19/29/29 8/9/9
f 17/15/15 28/32/32 27/30/30 16/11/11
f 10/17/17 21/33/33 20/31/31 9/13/13
f 11/19/19 22/34/34 21/33/33 10/17/17
f 12/21/21 23/25/25 22/34/34 11/19/19
f 28/32/32 39/35/35 38/36/36 27/30/30
f 21/33/33 32/37/37 31/38/38 20/31/31
f 22/34/34 33/39/39 32/37/37 21/33/33
f 23/25/25 34/40/40 33/39/39 22/34/34
f 24/24/24 35/41/41 34/40/40 23/25/25
f 25/26/26 36/42/42 35/41/41 24/24/24
f 18/27/27 29/43/43 56/3/3
f 26/28/28 37/44/44 36/42/42 25/26/26
f 19/29/29 30/45/45 29/43/43 18/27/27
f 27/30/30 38/36/36 37/44/44 26/28/28
f 20/31/31 31/38/38 30/45/45 19/29/29
f 36/42/42 48/46/46 47/47/47 35/41/41
f 29/43/43 41/48/48 56/3/3
f 37/44/44 49/49/49 48/46/46 36/42/42
f 30/45/45 42/50/50 41/48/48 29/43/43
f 38/36/36 50/51/51 49/49/49 37/44/44
f 31/38/38 43/52/52 42/50/50 30/45/45
f 39/35/35 51/53/53 50/51/51 38/36/36
f 32/37/37 44/54/54 43/52/52 31/38/38
f 40/55/55 52/56/56 51/53/53 39/35/35
f 33/39/39 45/57/57 44/54/54 32/37/37
f 34/40/40 46/58/58 45/57/57 33/39/39
f 35/41/41 47/47/47 46/58/58 34/40/40
f 705/59/59 663/60/60 52/56/56 409/61/61
f 44/54/54 646/62/62 43/52/52
f 652/63/63 801/64/64 800/65/65 650/66/66
f 654/67/67 802/68/68 801/64/64 652/63/63
f 656/69/69 803/70/70 802/68/68 654/67/67
f 41/48/48 53/71/71 56/3/3
f 658/72/72 66/73/73 803/70/70 656/69/69
f 42/50/50 54/74/74 53/71/71 41/48/48
f 660/75/75 67/76/76 66/73/73 658/72/72
f 43/52/52 55/77/77 54/74/74 42/50/50
f 662/78/78 68/79/79 67/76/76 660/75/75
f 648/80/80 799/81/81 798/82/82 645/83/83
f 53/84/71 57/85/84 56/86/3
f 49/49/49 657/87/85 655/88/86 48/46/46
f 54/89/74 58/90/87 57/85/84 53/84/71
f 50/51/51 659/91/88 657/87/85 49/49/49
f 55/92/77 59/93/89 58/90/87 54/89/74
f 51/53/53 661/94/90 659/91/88 50/51/51
f 45/57/57 649/95/91 646/62/62 44/54/54
f 52/56/56 663/60/60 661/94/90 51/53/53
f 650/66/66 800/65/65 799/81/81 648/80/80
f 46/58/58 651/96/92 649/95/91 45/57/57
f 47/47/47 653/97/93 651/96/92 46/58/58
f 48/46/46 655/88/86 653/97/93 47/47/47
f 250/98/94 860/99/95 866/100/96 261/101/97
f 800/65/65 806/102/98 73/103/99 799/81/81
f 88/104/100 856/105/101 880/106/102 99/107/102
f 802/68/68 808/108/103 75/109/104 801/64/64
f 57/85/84 69/110/105 56/86/3
f 63/111/106 873/112/106 872/113/106 62/114/106
f 58/90/87 70/115/107 69/110/105 57/85/84
f 66/73/73 78/116/108 77/117/109 803/70/70
f 59/93/89 71/118/110 70/115/107 58/90/87
f 67/76/76 79/119/111 78/116/108 66/73/73
f 798/82/82 805/120/112 71/118/110 59/93/89
f 68/79/79 80/121/113 79/119/111 67/76/76
f 835/122/114 865/123/115 859/124/116 833/125/117
f 70/115/107 82/126/118 81/127/119 69/110/105
f 78/116/108 90/128/120 89/129/121 77/117/109
f 71/118/110 83/130/122 82/126/118 70/115/107
f 79/119/111 91/131/123 90/128/120 78/116/108
f 805/120/112 812/132/124 83/130/122 71/118/110
f 80/121/113 415/133/125 412/134/126 91/131/123 79/119/111
f 272/135/127 889/136/127 865/123/115 835/122/114
f 806/102/98 814/137/128 85/138/129 73/103/99
f 98/139/130 879/140/130 855/141/131 815/142/132
f 808/108/103 811/143/133 87/144/134 75/109/104
f 69/110/105 81/127/119 56/86/3
f 814/137/128 818/145/135 817/146/136 85/138/129
f 61/147/137 871/148/137 870/149/137 60/150/137
f 811/143/133 820/151/138 819/152/139 87/144/134
f 81/127/119 92/153/140 56/86/3
f 248/154/141 858/155/142 864/156/143 259/157/144
f 82/126/118 93/158/145 92/153/140 81/127/119
f 90/128/120 101/159/146 821/160/147 89/129/121
f 83/130/122 94/161/148 93/158/145 82/126/118
f 91/131/123 410/162/149 101/159/146 90/128/120
f 812/132/124 816/163/150 94/161/148 83/130/122
f 259/157/144 864/156/143 888/164/151 271/165/151
f 93/158/145 103/166/152 102/167/153 92/153/140
f 101/159/146 111/168/154 110/169/155 821/160/147
f 94/161/148 104/170/156 103/166/152 93/158/145
f 816/163/150 105/171/157 104/170/156 94/161/148
f 817/146/136 106/172/158 105/171/157 816/163/150
f 818/145/135 107/173/159 106/172/158 817/146/136
f 819/152/139 108/174/160 107/173/159 818/145/135
f 820/151/138 109/175/161 108/174/160 819/152/139
f 92/153/140 102/167/153 56/86/3
f 821/160/147 110/169/155 109/175/161 820/151/138
f 107/173/159 117/176/162 116/177/163 106/172/158
f 108/174/160 118/178/164 117/176/162 107/173/159
f 109/175/161 119/179/165 118/178/164 108/174/160
f 102/167/153 112/180/166 56/86/3
f 110/169/155 120/181/167 119/179/165 109/175/161
f 103/166/152 113/182/168 112/180/166 102/167/153
f 111/168/154 121/183/169 120/181/167 110/169/155
f 104/170/156 114/184/170 113/182/168 103/166/152
f 105/171/157 115/185/171 114/184/170 104/170/156
f 106/172/158 116/177/163 115/185/171 105/171/157
f 121/183/169 131/186/172 130/187/173 120/181/167
f 114/184/170 124/188/174 123/189/175 113/182/168
f 115/185/171 125/190/176 124/188/174 114/184/170
f 116/177/163 126/191/177 125/190/176 115/185/171
f 117/176/162 127/192/178 126/191/177 116/177/163
f 118/178/164 128/193/179 127/192/178 117/176/162
f 119/179/165 129/194/180 128/193/179 118/178/164
f 112/180/166 122/195/181 56/86/3
f 120/181/167 130/187/173 129/194/180 119/179/165
f 113/182/168 123/189/175 122/195/181 112/180/166
f 128/193/179 138/196/182 137/197/183 127/192/178
f 129/194/180 139/198/184 138/196/182 128/193/179
f 122/195/181 132/199/185 56/86/3
f 130/187/173 140/200/186 139/198/184 129/194/180
f 123/189/175 133/201/187 132/199/185 122/195/181
f 131/186/172 141/202/188 140/200/186 130/187/173
f 124/188/174 134/203/189 133/201/187 123/189/175
f 125/190/176 135/204/190 134/203/189 124/188/174
f 126/191/177 136/205/191 135/204/190 125/190/176
f 127/192/178 137/197/183 136/205/191 126/191/177
f 142/206/192 153/207/193 152/208/194 141/202/188
f 135/204/190 146/209/195 145/210/196 134/203/189
f 136/205/191 147/211/197 146/209/195 135/204/190
f 137/197/183 148/212/198 147/211/197 136/205/191
f 138/196/182 149/213/199 148/212/198 137/197/183
f 139/198/184 150/214/200 149/213/199 138/196/182
f 132/199/185 143/215/201 56/86/3
f 140/200/186 151/216/202 150/214/200 139/198/184
f 133/201/187 144/217/203 143/215/201 132/199/185
f 141/202/188 152/208/194 151/216/202 140/200/186
f 134/203/189 145/210/196 144/217/203 133/201/187
f 150/214/200 162/218/204 161/219/205 149/213/199
f 143/215/201 155/220/206 56/86/3
f 151/216/202 163/221/207 162/218/204 150/214/200
f 144/217/203 156/222/208 155/220/206 143/215/201
f 152/208/194 164/223/209 163/221/207 151/216/202
f 145/210/196 157/224/210 156/222/208 144/217/203
f 153/207/193 165/225/211 164/223/209 152/208/194
f 146/209/195 158/226/212 157/224/210 145/210/196
f 154/227/213 166/228/214 165/225/211 153/207/193
f 147/211/197 159/229/215 158/226/212 146/209/195
f 148/212/198 160/230/216 159/229/215 147/211/197
f 149/213/199 161/219/205 160/230/216 148/212/198
f 667/231/217 174/232/218 173/233/219 664/234/220
f 706/235/221 682/236/222 166/228/214 417/237/223
f 158/226/212 665/238/224 666/239/225 169/240/226 157/224/210
f 671/241/227 176/242/228 175/243/229 669/244/230
f 673/245/231 177/246/232 176/242/228 671/241/227
f 675/247/233 178/248/234 177/246/232 673/245/231
f 155/220/206 167/249/235 56/86/3
f 677/250/236 179/251/237 178/248/234 675/247/233
f 156/222/208 168/252/238 167/249/235 155/220/206
f 679/253/239 180/254/240 179/251/237 677/250/236
f 157/224/210 169/240/226 168/252/238 156/222/208
f 681/255/241 181/256/242 180/254/240 679/253/239
f 162/218/204 674/257/243 672/258/244 161/219/205
f 167/259/235 170/260/245 56/261/3
f 163/221/207 676/262/246 674/257/243 162/218/204
f 168/263/238 171/264/247 170/260/245 167/259/235
f 164/223/209 678/265/248 676/262/246 163/221/207
f 169/266/226 172/267/249 171/264/247 168/263/238
f 165/225/211 680/268/250 678/265/248 164/223/209
f 159/229/215 668/269/251 665/238/224 158/226/212
f 166/228/214 682/236/222 680/268/250 165/225/211
f 669/244/230 175/243/229 174/232/218 667/231/217
f 160/230/216 670/270/252 668/269/251 159/229/215
f 161/219/205 672/258/244 670/270/252 160/230/216
f 181/256/242 193/271/253 192/272/254 180/254/240
f 174/232/218 186/273/255 185/274/256 173/233/219
f 175/243/229 187/275/257 186/273/255 174/232/218
f 176/242/228 188/276/258 187/275/257 175/243/229
f 177/246/232 189/277/259 188/276/258 176/242/228
f 170/260/245 182/278/260 56/261/3
f 178/248/234 190/279/261 189/277/259 177/246/232
f 171/264/247 183/280/262 182/278/260 170/260/245
f 179/251/237 191/281/263 190/279/261 178/248/234
f 172/267/249 184/282/264 183/280/262 171/264/247
f 180/254/240 192/272/254 191/281/263 179/251/237
f 173/233/219 185/274/256 184/282/264 172/267/249
f 182/278/260 194/283/265 56/261/3
f 190/279/261 202/284/266 201/285/267 189/277/259
f 183/280/262 195/286/268 194/283/265 182/278/260
f 191/281/263 203/287/269 202/284/266 190/279/261
f 184/282/264 196/288/270 195/286/268 183/280/262
f 192/272/254 204/289/271 203/287/269 191/281/263
f 185/274/256 197/290/272 196/288/270 184/282/264
f 186/273/255 198/291/273 197/290/272 185/274/256
f 187/275/257 199/292/274 198/291/273 186/273/255
f 188/276/258 200/293/275 199/292/274 187/275/257
f 189/277/259 201/285/267 200/293/275 188/276/258
f 198/291/273 209/294/276 208/295/277 197/290/272
f 199/292/274 210/296/278 209/294/276 198/291/273
f 200/293/275 211/297/279 210/296/278 199/292/274
f 201/285/267 212/298/280 211/297/279 200/293/275
f 194/283/265 205/299/281 56/261/3
f 202/284/266 213/300/282 212/298/280 201/285/267
f 195/286/268 206/301/283 205/299/281 194/283/265
f 203/287/269 214/302/284 213/300/282 202/284/266
f 196/288/270 207/303/285 206/301/283 195/286/268
f 204/289/271 418/304/286 214/302/284 203/287/269
f 197/290/272 208/295/277 207/303/285 196/288/270
f 213/300/282 223/305/287 222/306/288 212/298/280
f 206/301/283 216/307/289 215/308/290 205/299/281
f 214/302/284 224/309/291 223/305/287 213/300/282
f 207/303/285 217/310/292 216/307/289 206/301/283
f 208/295/277 218/311/293 217/310/292 207/303/285
f 209/294/276 219/312/294 218/311/293 208/295/277
f 210/296/278 220/313/295 219/312/294 209/294/276
f 211/297/279 221/314/296 220/313/295 210/296/278
f 212/298/280 222/306/288 221/314/296 211/297/279
f 205/299/281 215/308/290 56/261/3
f 220/313/295 230/315/297 229/316/298 219/312/294
f 221/314/296 231/317/299 230/315/297 220/313/295
f 222/306/288 232/318/300 231/317/299 221/314/296
f 215/308/290 225/319/301 56/261/3
f 223/305/287 233/320/302 232/318/300 222/306/288
f 216/307/289 226/321/303 225/319/301 215/308/290
f 224/309/291 234/322/304 233/320/302 223/305/287
f 217/310/292 227/323/305 226/321/303 216/307/289
f 218/311/293 228/324/306 227/323/305 217/310/292
f 219/312/294 229/316/298 228/324/306 218/311/293
f 234/322/304 244/325/307 827/326/308 233/320/302
f 227/323/305 237/327/309 236/328/310 226/321/303
f 228/324/306 822/329/311 237/327/309 227/323/305
f 229/316/298 823/330/312 822/329/311 228/324/306
f 230/315/297 824/331/313 823/330/312 229/316/298
f 231/317/299 825/332/314 824/331/313 230/315/297
f 232/318/300 826/333/315 825/332/314 231/317/299
f 225/319/301 235/334/316 56/261/3
f 233/320/302 827/326/308 826/333/315 232/318/300
f 226/321/303 236/328/310 235/334/316 225/319/301
f 96/335/317 877/336/317 853/337/318 813/338/319
f 826/333/315 830/339/320 251/340/321 825/332/314
f 235/334/316 245/341/322 56/261/3
f 833/125/117 859/124/116 883/342/323 239/343/323
f 236/328/310 246/344/324 245/341/322 235/334/316
f 244/325/307 254/345/325 253/346/326 827/326/308
f 237/327/309 247/347/327 246/344/324 236/328/310
f 822/329/311 832/348/328 247/347/327 237/327/309
f 276/349/329 893/350/329 869/351/330 839/352/331
f 824/331/313 829/353/332 249/354/333 823/330/312
f 247/347/327 258/355/334 257/356/335 246/344/324
f 255/357/336 266/358/337 265/359/338 254/345/325
f 832/348/328 834/360/339 258/355/334 247/347/327
f 86/361/340 854/362/341 878/363/342 97/364/342
f 829/353/332 836/365/343 260/366/344 249/354/333
f 238/367/345 882/368/345 858/155/142 248/154/141
f 830/339/320 838/369/346 262/370/347 251/340/321
f 245/341/322 256/371/348 56/261/3
f 263/372/349 868/373/350 892/374/351 275/375/351
f 246/344/324 257/356/335 256/371/348 245/341/322
f 254/345/325 265/359/338 264/376/352 253/346/326
f 99/107/353 880/106/353 881/377/353 100/378/353
f 838/369/346 844/379/354 843/380/355 262/370/347
f 256/371/348 268/381/356 56/261/3
f 831/382/357 863/383/358 887/384/359 243/385/359
f 257/356/335 269/386/360 268/381/356 256/371/348
f 265/359/338 277/387/361 845/388/362 264/376/352
f 258/355/334 270/389/363 269/386/360 257/356/335
f 266/358/337 278/390/364 277/387/361 265/359/338
f 834/360/339 840/391/365 270/389/363 258/355/334
f 267/392/366 279/393/367 278/390/364 266/358/337
f 261/101/97 866/100/96 890/394/368 273/395/368
f 836/365/343 842/396/369 841/397/370 260/366/344
f 700/398/371 294/399/372 293/400/373 698/401/374
f 686/402/375 287/403/376 286/404/377 683/405/378
f 702/406/379 701/407/380 279/393/367 400/408/381
f 840/391/365 684/409/382 685/410/383 282/411/384 270/389/363
f 690/412/385 289/413/386 288/414/387 688/415/388
f 692/416/389 290/417/390 289/413/386 690/412/385
f 694/418/391 291/419/392 290/417/390 692/416/389
f 268/381/356 280/420/393 56/261/3
f 696/421/394 292/422/395 291/419/392 694/418/391
f 269/386/360 281/423/396 280/420/393 268/381/356
f 698/401/374 293/400/373 292/422/395 696/421/394
f 270/389/363 282/411/384 281/423/396 269/386/360
f 844/379/354 693/424/397 691/425/398 843/380/355
f 280/426/393 283/427/399 56/3/3
f 845/388/362 695/428/400 693/424/397 844/379/354
f 281/429/396 284/430/401 283/427/399 280/426/393
f 277/387/361 697/431/402 695/428/400 845/388/362
f 282/432/384 285/433/403 284/430/401 281/429/396
f 278/390/364 699/434/404 697/431/402 277/387/361
f 841/397/370 687/435/405 684/409/382 840/391/365
f 279/393/367 701/407/380 699/434/404 278/390/364
f 688/415/388 288/414/387 287/403/376 686/402/375
f 842/396/369 689/436/406 687/435/405 841/397/370
f 843/380/355 691/425/398 689/436/406 842/396/369
f 286/404/377 298/437/407 297/438/408 285/433/403
f 294/399/372 306/439/409 305/440/410 293/400/373
f 287/403/376 299/441/411 298/437/407 286/404/377
f 288/414/387 300/442/412 299/441/411 287/403/376
f 289/413/386 301/443/413 300/442/412 288/414/387
f 290/417/390 302/444/414 301/443/413 289/413/386
f 283/427/399 295/445/415 56/3/3
f 291/419/392 303/446/416 302/444/414 290/417/390
f 284/430/401 296/447/417 295/445/415 283/427/399
f 292/422/395 304/448/418 303/446/416 291/419/392
f 285/433/403 297/438/408 296/447/417 284/430/401
f 293/400/373 305/440/410 304/448/418 292/422/395
f 302/444/414 314/449/419 313/450/420 301/443/413
f 295/445/415 307/451/421 56/3/3
f 303/446/416 315/452/422 314/449/419 302/444/414
f 296/447/417 308/453/423 307/451/421 295/445/415
f 304/448/418 316/454/424 315/452/422 303/446/416
f 297/438/408 309/455/425 308/453/423 296/447/417
f 305/440/410 317/456/426 316/454/424 304/448/418
f 298/437/407 310/457/427 309/455/425 297/438/408
f 306/439/409 407/458/428 399/459/429 317/456/426 305/440/410
f 299/441/411 311/460/430 310/457/427 298/437/407
f 300/442/412 312/461/431 311/460/430 299/441/411
f 301/443/413 313/450/420 312/461/431 300/442/412
f 311/460/430 322/462/432 321/463/433 310/457/427
f 312/461/431 323/464/434 322/462/432 311/460/430
f 313/450/420 324/465/435 323/464/434 312/461/431
f 314/449/419 325/466/436 324/465/435 313/450/420
f 307/451/421 318/467/437 56/3/3
f 315/452/422 326/468/438 325/466/436 314/449/419
f 308/453/423 319/469/439 318/467/437 307/451/421
f 316/454/424 327/470/440 326/468/438 315/452/422
f 309/455/425 320/471/441 319/469/439 308/453/423
f 317/456/426 328/472/442 327/470/440 316/454/424
f 310/457/427 321/463/433 320/471/441 309/455/425
f 326/468/438 5/4/4 4/7/7 325/466/436
f 319/469/439 330/8/8 329/1/1 318/467/437
f 327/470/440 333/10/10 5/4/4 326/468/438
f 320/471/441 1/12/12 330/8/8 319/469/439
f 328/472/442 6/14/14 333/10/10 327/470/440
f 321/463/433 331/16/16 1/12/12 320/471/441
f 322/462/432 2/18/18 331/16/16 321/463/433
f 323/464/434 332/20/20 2/18/18 322/462/432
f 324/465/435 3/22/22 332/20/20 323/464/434
f 325/466/436 4/7/7 3/22/22 324/465/435
f 318/467/437 329/1/1 56/3/3
f 244/325/443 503/473/443 512/474/444 406/475/445
f 346/476/446 348/477/447 620/478/448 619/479/449
f 414/480/450 633/481/451 634/482/452 411/483/453
f 346/476/446 619/479/449 605/484/454 344/485/455
f 407/458/456 641/486/457 524/487/458 399/459/459
f 397/488/460 334/489/461 600/490/462 616/491/460
f 415/133/463 643/492/464 443/493/465 412/134/466
f 605/484/454 630/494/467 342/495/468 344/485/455
f 397/488/460 616/491/460 615/496/469 395/497/470
f 101/159/471 447/498/471 452/499/472 111/168/473
f 17/15/474 423/500/474 428/501/475 408/502/476
f 630/494/467 629/503/477 340/504/478 342/495/468
f 615/496/469 604/505/479 393/506/480 395/497/470
f 413/507/481 631/508/482 632/509/483 409/61/484
f 629/503/477 614/510/485 338/511/486 340/504/478
f 393/506/480 604/505/479 628/512/487 391/513/488
f 412/134/466 443/493/465 642/514/489 410/162/490
f 338/511/486 614/510/485 613/515/491 336/516/492
f 328/472/493 528/517/493 427/518/494 6/14/494
f 391/513/488 628/512/487 627/519/495 389/520/496
f 408/502/476 428/501/475 434/521/497 416/522/498
f 131/186/499 462/523/499 471/524/500 420/525/501
f 389/520/496 627/519/495 612/526/502 387/527/503
f 411/483/453 634/482/452 643/492/464 415/133/463
f 193/271/504 487/528/505 483/529/506 421/530/507
f 121/183/508 457/531/509 462/523/510 131/186/510
f 387/527/503 612/526/502 611/532/511 385/533/512
f 418/304/513 644/534/514 488/535/515 214/302/515
f 385/533/512 611/532/511 602/536/516 383/537/517
f 419/538/518 636/539/519 487/528/505 193/271/504
f 383/537/517 602/536/516 624/540/520 381/541/521
f 420/525/501 471/524/500 467/542/522 422/543/523
f 224/309/524 493/544/525 498/545/526 234/322/527
f 381/546/521 624/547/520 623/548/528 379/549/529
f 154/227/530 474/550/531 635/551/532 417/237/533
f 6/14/494 427/518/494 423/500/534 17/15/534
f 364/552/535 366/553/536 601/554/537 622/555/535
f 372/556/538 375/557/539 626/558/540 625/559/541
f 354/560/542 356/561/543 599/562/544 618/563/545
f 362/564/546 364/552/535 622/555/535 621/565/547
f 370/566/548 372/556/538 625/559/541 610/567/549
f 352/568/550 354/560/542 618/563/545 617/569/551
f 360/570/552 362/564/546 621/565/547 608/571/553
f 368/572/554 370/566/548 610/567/549 609/573/555
f 350/574/556 352/568/550 617/569/551 603/575/557
f 379/549/529 623/548/528 606/576/558 377/577/559
f 358/578/560 360/570/552 608/571/553 607/579/561
f 366/553/536 368/572/554 609/573/555 601/554/537
f 348/477/447 350/574/556 603/575/557 620/478/448
f 375/557/539 377/577/559 606/576/558 626/558/540
f 356/561/543 358/578/560 607/579/561 599/562/544
f 422/543/523 467/542/522 474/550/531 154/227/530
f 437/580/562 439/581/563 633/582/564 709/583/565 710/584/566
f 214/302/567 488/535/567 493/544/525 224/309/524
f 421/530/507 483/529/506 644/534/514 418/304/513
f 417/237/533 635/551/532 711/585/568 706/235/568
f 401/586/569 508/587/570 515/588/571 405/589/572
f 406/475/445 512/474/444 508/587/570 401/586/569
f 402/590/573 640/591/574 641/486/457 407/458/456
f 234/322/527 498/545/526 503/473/575 244/325/575
f 404/592/576 639/593/577 640/591/574 402/590/573
f 704/594/578 709/595/578 633/481/451 414/480/450
f 703/596/579 715/597/579 639/593/577 404/592/576
f 416/522/498 434/521/497 631/508/482 413/507/481
f 403/598/580 637/599/581 638/600/582 400/408/583
f 707/601/584 712/602/584 636/539/519 419/538/518
f 111/168/473 452/499/472 457/531/509 121/183/508
f 405/589/572 515/588/571 637/599/581 403/598/580
f 374/603/585 335/604/586 398/605/587
f 398/605/587 335/604/586 334/606/588 397/607/589
f 335/604/586 337/608/590 336/609/591 334/606/588
f 374/603/585 337/608/590 335/604/586
f 337/608/590 339/610/592 338/611/593 336/609/591
f 374/603/585 339/610/592 337/608/590
f 339/610/592 341/612/594 340/613/595 338/611/593
f 374/603/585 341/612/594 339/610/592
f 341/612/594 343/614/596 342/615/597 340/613/595
f 374/603/585 343/614/596 341/612/594
f 374/603/585 345/616/598 343/614/596
f 343/614/596 345/616/598 344/617/599 342/615/597
f 345/616/598 347/618/600 346/619/601 344/617/599
f 374/603/585 347/618/600 345/616/598
f 347/618/600 349/620/602 348/621/603 346/619/601
f 374/603/585 349/620/602 347/618/600
f 349/620/602 351/622/604 350/623/605 348/621/603
f 374/603/585 351/622/604 349/620/602
f 351/622/604 353/624/606 352/625/607 350/623/605
f 374/603/585 353/624/606 351/622/604
f 353/624/606 355/626/608 354/627/609 352/625/607
f 374/603/585 355/626/608 353/624/606
f 355/626/608 357/628/610 356/629/611 354/627/609
f 374/603/585 357/628/610 355/626/608
f 357/628/610 359/630/612 358/631/613 356/629/611
f 374/603/585 359/630/612 357/628/610
f 359/630/612 361/632/614 360/633/615 358/631/613
f 374/603/585 361/632/614 359/630/612
f 361/632/614 363/634/616 362/635/617 360/633/615
f 374/603/585 363/634/616 361/632/614
f 363/634/616 365/636/618 364/637/619 362/635/617
f 374/603/585 365/636/618 363/634/616
f 374/603/585 367/638/620 365/636/618
f 365/636/618 367/638/620 366/639/621 364/637/619
f 367/638/620 369/640/622 368/641/623 366/639/621
f 374/603/585 369/640/622 367/638/620
f 374/603/585 371/642/624 369/640/622
f 369/640/622 371/642/624 370/643/625 368/641/623
f 371/642/624 373/644/626 372/645/627 370/643/625
f 374/603/585 373/644/626 371/642/624
f 373/644/626 376/646/628 375/647/629 372/645/627
f 374/603/585 376/646/628 373/644/626
f 376/646/628 378/648/630 377/649/631 375/647/629
f 374/603/585 378/648/630 376/646/628
f 378/648/630 380/650/632 379/651/633 377/649/631
f 374/603/585 380/650/632 378/648/630
f 380/650/632 382/652/634 381/653/635 379/651/633
f 374/603/585 382/652/634 380/650/632
f 382/652/634 384/654/636 383/655/637 381/653/635
f 374/603/585 384/654/636 382/652/634
f 384/654/636 386/656/638 385/657/639 383/655/637
f 374/603/585 386/656/638 384/654/636
f 386/656/638 388/658/640 387/659/641 385/657/639
f 374/603/585 388/658/640 386/656/638
f 388/658/640 390/660/642 389/661/643 387/659/641
f 374/603/585 390/660/642 388/658/640
f 390/660/642 392/662/644 391/663/645 389/661/643
f 374/603/585 392/662/644 390/660/642
f 374/603/585 394/664/646 392/662/644
f 392/662/644 394/664/646 393/665/647 391/663/645
f 394/664/646 396/666/648 395/667/649 393/665/647
f 374/603/585 396/666/648 394/664/646
f 374/603/585 398/605/587 396/666/648
f 396/666/648 398/605/587 397/607/589 395/667/649
f 410/162/490 642/514/489 447/498/650 101/159/650
f 406/475/651 255/357/336 254/345/325 244/325/307
f 328/472/442 317/456/426 399/459/429
f 403/598/652 267/392/366 405/589/653
f 400/408/381 279/393/367 267/392/366 403/598/652
f 404/592/654 294/399/372 700/398/371 703/596/655
f 400/408/583 638/600/582 714/668/656 702/406/656
f 402/590/657 306/439/409 294/399/372 404/592/654
f 407/458/428 306/439/409 402/590/657
f 401/586/658 255/357/336 406/475/651
f 405/589/653 267/392/366 266/358/337 255/357/336 401/586/658
f 534/669/659 424/670/660 423/671/661 427/672/662
f 415/133/125 80/121/113 411/483/663
f 416/522/664 40/55/55 39/35/35 28/32/32 408/502/665
f 410/162/149 91/131/123 412/134/126
f 409/61/61 52/56/56 40/55/55 413/507/666
f 408/502/665 28/32/32 17/15/15
f 399/459/459 524/487/458 528/517/667 328/472/667
f 411/483/663 80/121/113 68/79/79 414/480/668
f 664/234/220 173/233/219 172/267/249 169/266/226 666/673/225
f 414/480/668 68/79/79 662/78/78 704/594/669
f 413/507/666 40/55/55 416/522/664
f 683/405/378 286/404/377 285/433/403 282/432/384 685/674/383
f 418/304/286 204/289/271 421/530/670
f 419/538/671 181/256/242 681/255/241 707/601/672
f 154/227/213 153/207/193 142/206/192 422/543/673
f 417/237/223 166/228/214 154/227/213
f 422/543/673 142/206/192 420/525/674
f 193/271/253 181/256/242 419/538/671
f 409/61/484 632/509/483 708/675/675 705/59/675
f 421/530/670 204/289/271 192/272/254 193/271/253
f 420/525/674 142/206/192 141/202/188 131/186/172
f 532/676/676 425/677/677 424/670/660 534/669/659
f 424/670/660 429/678/678 428/679/679 423/671/661
f 425/677/677 430/680/680 429/678/678 424/670/660
f 429/678/678 434/681/681 428/679/679
f 430/680/680 432/682/682 631/683/683 434/681/681 429/678/678
f 432/682/682 435/684/684 632/685/685 631/683/683
f 477/686/686 479/687/687 636/688/688 712/689/689 713/690/690
f 435/684/684 437/580/562 710/584/566 708/691/691 632/685/685
f 439/581/563 441/692/692 634/693/693 633/582/564
f 441/692/692 445/694/694 444/695/695 643/696/696 634/693/693
f 445/694/694 450/697/697 449/698/698 444/695/695
f 444/695/695 449/698/698 448/699/699 642/700/700 443/701/701
f 448/699/699 453/702/702 452/703/703 447/704/704
f 449/698/698 454/705/705 453/702/702 448/699/699
f 450/697/697 455/706/706 454/705/705 449/698/698
f 453/702/702 458/707/707 457/708/708 452/703/703
f 454/705/705 459/709/709 458/707/707 453/702/702
f 455/706/706 460/710/710 459/709/709 454/705/705
f 458/707/707 463/711/711 462/712/712 457/708/708
f 459/709/709 464/713/713 463/711/711 458/707/707
f 460/710/710 465/714/714 464/713/713 459/709/709
f 463/711/711 471/715/715 462/712/712
f 464/713/713 468/716/716 467/717/717 471/715/715 463/711/711
f 465/714/714 469/718/718 468/716/716 464/713/713
f 468/716/716 474/719/719 467/717/717
f 469/718/718 472/720/720 474/719/719 468/716/716
f 472/720/720 475/721/721 635/722/722 474/719/719
f 518/723/723 520/724/724 639/725/725 715/726/726 716/727/727
f 475/721/721 477/686/686 713/690/690 711/728/728 635/722/722
f 479/687/687 481/729/729 487/730/730 636/688/688
f 487/730/730 484/731/731 483/732/732
f 481/729/729 485/733/733 484/731/731 487/730/730
f 485/733/733 491/734/734 490/735/735 484/731/731
f 484/731/731 490/735/735 489/736/736 644/737/737 483/732/732
f 489/736/736 494/738/738 493/739/739 488/740/740
f 490/735/735 495/741/741 494/738/738 489/736/736
f 491/734/734 496/742/742 495/741/741 490/735/735
f 496/742/742 501/743/743 500/744/744 495/741/741
f 433/745/745 550/746/745 540/747/746 436/748/746
f 486/749/747 546/750/747 536/751/748 492/752/748
f 494/738/738 499/753/749 498/754/750 493/739/739
f 495/741/741 500/744/744 499/753/749 494/738/738
f 499/753/749 504/755/751 503/756/752 498/754/750
f 500/744/744 505/757/753 504/755/751 499/753/749
f 501/743/743 506/758/754 505/757/753 500/744/744
f 446/759/755 539/760/755 535/761/756 451/762/756
f 527/763/757 548/764/757 542/765/758 531/766/758
f 502/767/759 558/768/759 537/769/760 507/770/760
f 473/771/761 554/772/761 543/773/762 476/774/762
f 514/775/763 556/776/763 544/777/764 517/778/764
f 451/762/756 535/761/756 541/779/765 456/780/765
f 504/755/751 512/781/766 503/756/752
f 505/757/753 509/782/767 508/783/768 512/781/766 504/755/751
f 506/758/754 510/784/769 509/782/767 505/757/753
f 509/782/767 515/785/770 508/783/768
f 510/784/769 513/786/771 637/787/772 515/785/770 509/782/767
f 426/788/773 564/789/773 549/790/774 431/791/774
f 440/792/775 552/793/775 538/794/776 442/795/776
f 492/752/748 536/751/748 557/796/777 497/797/777
f 480/798/778 560/799/778 545/800/779 482/801/779
f 521/802/780 562/803/780 547/804/781 523/805/781
f 513/786/771 516/806/782 638/807/783 637/787/772
f 466/808/784 566/809/784 553/810/785 470/811/785
f 507/770/760 537/769/760 555/812/786 511/813/786
f 442/795/776 538/794/776 539/760/755 446/759/755
f 436/748/746 540/747/746 551/814/787 438/815/787
f 456/780/765 541/779/765 565/816/788 461/817/788
f 531/766/758 542/765/758 563/818/789 533/819/789
f 516/806/782 518/723/723 716/727/727 714/820/790 638/807/783
f 476/774/762 543/773/762 559/821/791 478/822/791
f 520/724/724 522/823/792 640/824/793 639/725/725
f 517/778/764 544/777/764 561/825/794 519/826/794
f 482/801/779 545/800/779 546/750/747 486/749/747
f 523/805/781 547/804/781 548/764/757 527/763/757
f 431/791/774 549/790/774 550/746/745 433/745/745
f 522/823/792 526/827/795 525/828/796 641/829/797 640/824/793
f 438/815/787 551/814/787 552/793/775 440/792/775
f 470/811/785 553/810/785 554/772/761 473/771/761
f 525/828/796 529/830/798 528/831/799 524/832/800
f 526/827/795 530/833/801 529/830/798 525/828/796
f 511/813/786 555/812/786 556/776/763 514/775/763
f 497/797/777 557/796/777 558/768/759 502/767/759
f 478/822/791 559/821/791 560/799/778 480/798/778
f 519/826/794 561/825/794 562/803/780 521/802/780
f 529/830/798 534/669/659 427/672/662 528/831/799
f 530/833/801 532/676/676 534/669/659 529/830/798
f 533/819/789 563/818/789 564/789/773 426/788/773
f 461/817/788 565/816/788 566/809/784 466/808/784
f 598/834/802 567/835/803 564/789/803 563/818/802
f 567/835/803 568/836/804 549/790/804 564/789/803
f 568/836/804 569/837/805 550/746/805 549/790/804
f 569/837/805 570/838/806 540/747/806 550/746/805
f 570/838/806 571/839/807 551/814/807 540/747/806
f 571/839/807 572/840/808 552/793/808 551/814/807
f 572/840/808 573/841/809 538/794/809 552/793/808
f 573/841/809 574/842/810 539/760/810 538/794/809
f 574/842/810 575/843/811 535/761/811 539/760/810
f 575/843/811 576/844/812 541/779/812 535/761/811
f 576/844/812 577/845/813 565/816/813 541/779/812
f 577/845/813 578/846/814 566/809/814 565/816/813
f 578/846/814 579/847/815 553/810/815 566/809/814
f 579/847/815 580/848/816 554/772/816 553/810/815
f 580/848/816 581/849/817 543/773/817 554/772/816
f 581/849/817 582/850/818 559/821/818 543/773/817
f 578/846/819 599/851/819 607/852/820 579/847/820
f 582/850/818 583/853/821 560/799/821 559/821/818
f 591/854/822 602/855/822 611/856/823 592/857/823
f 583/853/821 584/858/824 545/800/824 560/799/821
f 567/835/825 600/859/825 613/860/826 568/836/826
f 575/843/827 603/861/827 617/862/828 576/844/828
f 583/853/829 601/863/829 609/864/830 584/858/830
f 584/858/824 585/865/831 546/750/831 545/800/824
f 588/866/832 606/867/832 623/868/833 589/869/833
f 585/865/831 586/870/834 536/751/834 546/750/831
f 596/871/835 604/872/835 615/873/836 597/874/836
f 572/840/837 605/875/837 619/876/838 573/841/838
f 586/870/834 587/877/839 557/796/839 536/751/834
f 580/848/840 608/878/840 621/879/841 581/849/841
f 585/865/842 610/880/842 625/881/843 586/870/843
f 587/877/839 588/866/844 558/768/844 557/796/839
f 593/882/845 612/883/845 627/884/846 594/885/846
f 569/837/847 614/886/847 629/887/848 570/838/848
f 588/866/844 589/869/849 537/769/849 558/768/844
f 577/845/850 618/888/850 599/851/819 578/846/819
f 598/834/851 616/889/851 600/859/825 567/835/825
f 589/869/849 590/890/852 555/812/852 537/769/849
f 582/850/853 622/891/853 601/863/829 583/853/829
f 590/890/854 624/892/854 602/855/822 591/854/822
f 590/890/852 591/854/855 556/776/855 555/812/852
f 574/842/856 620/893/856 603/861/827 575/843/827
f 595/894/857 628/895/857 604/872/835 596/871/835
f 571/839/858 630/896/858 605/875/837 572/840/837
f 587/877/859 626/897/859 606/867/832 588/866/832
f 591/854/855 592/857/860 544/777/860 556/776/855
f 592/857/860 593/882/861 561/825/861 544/777/860
f 579/847/820 607/852/820 608/878/840 580/848/840
f 584/858/830 609/864/830 610/880/842 585/865/842
f 592/857/823 611/856/823 612/883/845 593/882/845
f 568/836/826 613/860/826 614/886/847 569/837/847
f 593/882/861 594/885/862 562/803/862 561/825/861
f 594/885/862 595/894/863 547/804/863 562/803/862
f 597/874/836 615/873/836 616/889/851 598/834/851
f 576/844/828 617/862/828 618/888/850 577/845/850
f 573/841/838 619/876/838 620/893/856 574/842/856
f 595/894/863 596/871/864 548/764/864 547/804/863
f 581/849/841 621/879/841 622/891/853 582/850/853
f 596/871/864 597/874/865 542/765/865 548/764/864
f 589/869/833 623/868/833 624/892/854 590/890/854
f 586/870/843 625/881/843 626/897/859 587/877/859
f 594/885/846 627/884/846 628/895/857 595/894/857
f 597/874/865 598/834/802 563/818/802 542/765/865
f 570/838/848 629/887/848 630/896/858 571/839/858
f 531/898/801 533/899/676 532/676/676 530/833/801
f 527/900/795 531/898/801 530/833/801 526/827/795
f 523/901/866 527/900/795 526/827/795 522/823/792
f 521/902/724 523/901/866 522/823/792 520/724/724
f 519/903/867 521/902/724 520/724/724 518/723/723
f 517/904/782 519/903/867 518/723/723 516/806/782
f 514/905/771 517/904/782 516/806/782 513/786/771
f 511/906/769 514/905/771 513/786/771 510/784/769
f 507/907/754 511/906/769 510/784/769 506/758/754
f 502/908/743 507/907/754 506/758/754 501/743/743
f 497/909/742 502/908/743 501/743/743 496/742/742
f 492/910/734 497/909/742 496/742/742 491/734/734
f 486/911/733 492/910/734 491/734/734 485/733/733
f 482/912/729 486/911/733 485/733/733 481/729/729
f 480/913/687 482/912/729 481/729/729 479/687/687
f 478/914/686 480/913/687 479/687/687 477/686/686
f 476/915/721 478/914/686 477/686/686 475/721/721
f 473/916/720 476/915/721 475/721/721 472/720/720
f 470/917/718 473/916/720 472/720/720 469/718/718
f 466/918/714 470/917/718 469/718/718 465/714/714
f 461/919/710 466/918/714 465/714/714 460/710/710
f 456/920/706 461/919/710 460/710/710 455/706/706
f 451/921/697 456/920/706 455/706/706 450/697/697
f 446/922/694 451/921/697 450/697/697 445/694/694
f 442/923/692 446/922/694 445/694/694 441/692/692
f 440/924/563 442/923/692 441/692/692 439/581/563
f 438/925/868 440/924/563 439/581/563 437/580/562
f 436/926/684 438/925/868 437/580/562 435/684/684
f 433/927/682 436/926/684 435/684/684 432/682/682
f 431/928/680 433/927/682 432/682/682 430/680/680
f 426/929/677 431/928/680 430/680/680 425/677/677
f 533/899/676 426/929/677 425/677/677 532/676/676
f 641/829/797 525/828/796 524/832/800
f 643/696/696 444/695/695 443/701/701
f 642/700/700 448/699/699 447/704/704
f 644/737/737 489/736/736 488/740/740
f 336/516/492 613/515/491 600/490/462 334/489/461
f 684/409/869 725/930/869 723/931/869 685/410/869
f 677/250/870 752/932/870 754/933/871 679/253/871
f 699/434/872 771/934/872 769/935/873 697/431/873
f 708/691/691 710/584/566 709/583/565
f 711/728/728 713/690/690 712/689/689
f 714/820/790 716/727/727 715/726/726
f 656/69/874 734/936/874 736/937/875 658/72/875
f 678/265/876 753/938/876 751/939/877 676/262/877
f 685/674/878 723/940/878 724/941/878 683/405/878
f 657/87/879 735/942/879 733/943/880 655/88/880
f 696/421/881 768/944/881 770/945/882 698/401/882
f 665/238/883 722/946/883 720/947/883 666/239/883
f 675/247/884 750/948/884 752/932/870 677/250/870
f 697/431/873 769/935/873 767/949/885 695/428/885
f 654/67/886 732/950/886 734/936/874 656/69/874
f 676/262/877 751/939/877 749/951/887 674/257/887
f 666/673/888 720/952/888 721/953/888 664/234/888
f 655/88/880 733/943/880 731/954/889 653/97/889
f 694/418/890 766/955/890 768/944/881 696/421/881
f 646/62/891 719/956/891 717/957/891 647/958/891
f 673/245/892 748/959/892 750/948/884 675/247/884
f 695/428/885 767/949/885 765/960/893 693/424/893
f 652/63/894 730/961/894 732/950/886 654/67/886
f 674/257/887 749/951/887 747/962/895 672/258/895
f 647/963/896 717/964/896 718/965/896 645/83/896
f 653/97/889 731/954/889 729/966/897 651/96/897
f 692/416/898 764/967/898 766/955/890 694/418/890
f 706/235/899 711/585/899 757/968/900 682/236/901
f 671/241/902 746/969/902 748/959/892 673/245/892
f 693/424/893 765/960/893 763/970/903 691/425/903
f 681/255/904 756/971/905 712/602/906 707/601/906
f 650/66/907 728/972/907 730/961/894 652/63/894
f 672/258/895 747/962/895 745/973/908 670/270/908
f 645/83/83 798/82/82 59/93/89
f 718/974/909 717/975/910 719/976/909
f 721/977/911 720/978/912 722/979/911
f 724/980/913 723/981/914 725/982/913
f 718/974/909 719/976/909 727/983/915 726/984/915
f 726/984/915 727/983/915 729/985/916 728/986/916
f 728/986/916 729/985/916 731/987/917 730/988/917
f 730/988/917 731/987/917 733/989/918 732/990/918
f 732/990/918 733/989/918 735/991/919 734/992/919
f 734/992/919 735/991/919 737/993/920 736/994/920
f 736/994/920 737/993/920 739/995/921 738/996/921
f 738/996/921 739/995/921 741/997/922 740/998/923
f 721/977/911 722/979/911 743/999/924 742/1000/924
f 742/1000/924 743/999/924 745/1001/925 744/1002/925
f 744/1002/925 745/1001/925 747/1003/926 746/1004/926
f 746/1004/926 747/1003/926 749/1005/927 748/1006/927
f 748/1006/927 749/1005/927 751/1007/928 750/1008/928
f 750/1008/928 751/1007/928 753/1009/929 752/1010/929
f 752/1010/929 753/1009/929 755/1011/930 754/1012/930
f 754/1012/930 755/1011/930 757/1013/931 756/1014/931
f 724/980/913 725/982/913 759/1015/932 758/1016/932
f 758/1016/932 759/1015/932 761/1017/933 760/1018/933
f 760/1018/933 761/1017/933 763/1019/934 762/1020/934
f 762/1020/934 763/1019/934 765/1021/935 764/1022/935
f 764/1022/935 765/1021/935 767/1023/936 766/1024/936
f 766/1024/936 767/1023/936 769/1025/937 768/1026/937
f 768/1026/937 769/1025/937 771/1027/938 770/1028/938
f 770/1028/938 771/1027/938 773/1029/939 772/1030/940
f 772/1030/940 773/1029/939 714/820/790 715/726/726
f 740/998/923 741/997/922 708/691/691 709/583/565
f 756/1014/941 757/1013/941 711/728/941 712/689/941
f 698/401/882 770/945/882 772/1031/942 700/398/943
f 659/91/944 737/1032/944 735/942/879 657/87/879
f 680/268/945 755/1033/945 753/938/876 678/265/876
f 658/72/875 736/937/875 738/1034/946 660/75/946
f 701/407/947 773/1035/948 771/934/872 699/434/872
f 679/253/871 754/933/871 756/971/905 681/255/904
f 661/94/949 739/1036/949 737/1032/944 659/91/944
f 682/236/901 757/968/900 755/1033/945 680/268/945
f 660/75/946 738/1034/946 740/1037/950 662/78/951
f 683/405/952 724/941/952 758/1038/953 686/402/953
f 663/60/954 741/1039/955 739/1036/949 661/94/949
f 687/435/956 759/1040/956 725/930/957 684/409/957
f 664/234/958 721/953/958 742/1041/959 667/231/959
f 686/402/953 758/1038/953 760/1042/960 688/415/960
f 700/398/943 772/1031/942 715/597/961 703/596/961
f 668/269/962 743/1043/962 722/946/963 665/238/963
f 645/83/964 718/965/964 726/1044/965 648/80/965
f 702/406/966 714/668/966 773/1035/948 701/407/947
f 689/436/967 761/1045/967 759/1040/956 687/435/956
f 667/231/959 742/1041/959 744/1046/968 669/244/968
f 662/78/951 740/1037/950 709/595/969 704/594/969
f 688/415/960 760/1042/960 762/1047/970 690/412/970
f 649/95/971 727/1048/972 719/956/973 646/62/973
f 670/270/908 745/973/908 743/1043/962 668/269/962
f 648/80/965 726/1044/965 728/972/907 650/66/907
f 705/59/974 708/675/974 741/1039/955 663/60/954
f 691/425/903 763/970/903 761/1045/967 689/436/967
f 669/244/968 744/1046/968 746/969/902 671/241/902
f 690/412/970 762/1047/970 764/967/898 692/416/898
f 651/96/897 729/966/897 727/1048/972 649/95/971
f 899/1049/975 905/1050/976 774/1051/977 787/1052/977 786/1053/977
f 915/1054/7 919/1055/7 794/1056/7 793/1057/7
f 909/1058/978 775/1059/979 774/1060/979 905/1061/980
f 777/1062/981 910/1063/982 904/1064/983 776/1065/981
f 788/1066/984 776/1067/984 904/1068/985 900/1069/986 789/1070/984
f 782/1071/927 789/1070/927 900/1069/927 894/1072/927
f 791/1073/987 781/1074/987 780/1075/987 796/1076/987
f 787/1052/987 774/1051/987 775/1077/987 784/1078/987
f 919/1055/988 925/1079/989 778/1080/990 795/1081/990 794/1056/990
f 929/1082/991 779/1083/992 778/1084/992 925/1085/993
f 781/1086/994 930/1087/995 924/1088/996 780/1089/994
f 796/1076/997 780/1075/997 924/1090/998 920/1091/999 797/1092/997
f 790/1093/7 797/1092/7 920/1091/7 914/1094/7
f 795/1081/1000 778/1080/1000 779/1095/1000 792/1096/1000
f 786/1053/1001 787/1052/1001 784/1078/1001 785/1097/1001
f 788/1066/1002 789/1070/1002 782/1071/1002 783/1098/1002
f 794/1056/1003 795/1081/1003 792/1096/1003 793/1057/1003
f 796/1076/1004 797/1092/1004 790/1093/1004 791/1073/1004
f 783/1098/1000 777/1099/1000 776/1067/1000 788/1066/1000
f 60/150/1005 798/82/82 799/81/81 61/147/1006
f 62/114/1007 800/65/65 801/64/64 63/111/1008
f 64/1100/1009 802/68/68 803/70/70 65/1101/1010
f 61/147/1006 799/81/81 73/103/99 804/1102/1011
f 72/1103/1012 805/120/112 798/82/82 60/150/1005
f 74/1104/1013 806/102/98 800/65/65 62/114/1007
f 63/111/1008 801/64/64 75/109/104 807/1105/1014
f 76/1106/1015 808/108/103 802/68/68 64/1100/1009
f 65/1101/1010 803/70/70 77/117/109 809/1107/1016
f 809/1107/1016 77/117/109 89/129/121 810/1108/1017
f 88/104/1018 811/143/133 808/108/103 76/1106/1015
f 84/1109/1019 812/132/124 805/120/112 72/1103/1012
f 804/1102/1011 73/103/99 85/138/129 813/338/1020
f 86/361/1021 814/137/128 806/102/98 74/1104/1013
f 807/1105/1014 75/109/104 87/144/134 815/142/1022
f 96/335/1023 817/146/136 816/163/150 95/1110/1024
f 98/139/1025 819/152/139 818/145/135 97/364/1026
f 100/378/1027 821/160/147 820/151/138 99/107/1028
f 97/364/1026 818/145/135 814/137/128 86/361/1021
f 813/338/1020 85/138/129 817/146/136 96/335/1023
f 815/142/1022 87/144/134 819/152/139 98/139/1025
f 99/107/1028 820/151/138 811/143/133 88/104/1018
f 810/1108/1017 89/129/121 821/160/147 100/378/1027
f 95/1110/1024 816/163/150 812/132/124 84/1109/1019
f 238/367/1029 822/329/311 823/330/312 239/343/1030
f 240/1111/1031 824/331/313 825/332/314 241/1112/1032
f 242/1113/1033 826/333/315 827/326/308 243/385/1034
f 241/1112/1032 825/332/314 251/340/321 828/1114/1035
f 250/98/1036 829/353/332 824/331/313 240/1111/1031
f 252/1115/1037 830/339/320 826/333/315 242/1113/1033
f 243/385/1034 827/326/308 253/346/326 831/382/1038
f 248/154/1039 832/348/328 822/329/311 238/367/1029
f 239/343/1030 823/330/312 249/354/333 833/125/1040
f 259/157/1041 834/360/339 832/348/328 248/154/1039
f 833/125/1040 249/354/333 260/366/344 835/122/1042
f 261/101/1043 836/365/343 829/353/332 250/98/1036
f 828/1114/1035 251/340/321 262/370/347 837/1116/1044
f 263/372/1045 838/369/346 830/339/320 252/1115/1037
f 831/382/1038 253/346/326 264/376/352 839/352/1046
f 272/135/1047 841/397/370 840/391/365 271/165/1048
f 274/1117/1049 843/380/355 842/396/369 273/395/1050
f 276/349/1051 845/388/362 844/379/354 275/375/1052
f 837/1116/1044 262/370/347 843/380/355 274/1117/1049
f 273/395/1050 842/396/369 836/365/343 261/101/1043
f 275/375/1052 844/379/354 838/369/346 263/372/1045
f 839/352/1046 264/376/352 845/388/362 276/349/1051
f 271/165/1048 840/391/365 834/360/339 259/157/1041
f 835/122/1042 260/366/344 841/397/370 272/135/1047
f 871/148/1053 847/1118/1054 846/1119/1055 870/149/1053
f 873/112/1056 849/1120/1057 848/1121/1058 872/113/1056
f 875/1122/1059 851/1123/1060 850/1124/1061 874/1125/1059
f 851/1123/1060 857/1126/1062 856/105/1062 850/1124/1061
f 847/1118/1054 853/337/1063 852/1127/1063 846/1119/1055
f 849/1120/1057 855/141/1064 854/362/1064 848/1121/1058
f 855/141/1064 879/140/1065 878/363/1065 854/362/1064
f 857/1126/1062 881/377/1066 880/106/1066 856/105/1062
f 853/337/1063 877/336/1067 876/1128/1067 852/1127/1063
f 885/1129/1068 861/1130/1069 860/99/1069 884/1131/1068
f 887/384/1070 863/383/1071 862/1132/1071 886/1133/1070
f 883/342/1072 859/124/1073 858/155/1074 882/368/1075
f 859/124/1073 865/123/1076 864/156/1077 858/155/1074
f 861/1130/1069 867/1134/1078 866/100/1079 860/99/1069
f 863/383/1071 869/351/1080 868/373/1081 862/1132/1071
f 867/1134/1078 891/1135/1082 890/394/1082 866/100/1079
f 869/351/1080 893/350/1083 892/374/1083 868/373/1081
f 865/123/1076 889/136/1084 888/164/1084 864/156/1077
f 65/1101/1085 875/1122/1085 874/1125/1085 64/1100/1085
f 100/378/1086 881/377/1086 857/1126/1087 810/1108/1088
f 837/1116/1089 867/1134/1090 861/1130/1091 828/1114/1092
f 804/1102/1093 847/1118/1094 871/148/1095 61/147/1095
f 84/1109/1096 852/1127/1097 876/1128/1098 95/1110/1098
f 76/1106/1099 850/1124/1100 856/105/101 88/104/100
f 252/1115/1101 862/1132/1102 868/373/350 263/372/349
f 60/150/1103 870/149/1103 846/1119/1104 72/1103/1105
f 239/343/1030 883/342/1072 882/368/1075 238/367/1029
f 72/1103/1105 846/1119/1104 852/1127/1097 84/1109/1096
f 839/352/331 869/351/330 863/383/358 831/382/357
f 62/114/1106 872/113/1106 848/1121/1107 74/1104/1108
f 241/1112/1109 885/1129/1109 884/1131/1109 240/1111/1109
f 813/338/319 853/337/318 847/1118/1094 804/1102/1093
f 271/165/1110 888/164/1110 889/136/1110 272/135/1110
f 807/1105/1111 849/1120/1112 873/112/1113 63/111/1113
f 243/385/1114 887/384/1114 886/1133/1114 242/1113/1114
f 74/1104/1108 848/1121/1107 854/362/341 86/361/340
f 273/395/1115 890/394/1115 891/1135/1115 274/1117/1115
f 64/1100/1116 874/1125/1116 850/1124/1100 76/1106/1099
f 828/1114/1092 861/1130/1091 885/1129/1117 241/1112/1117
f 815/142/132 855/141/131 849/1120/1112 807/1105/1111
f 275/375/1118 892/374/1118 893/350/1118 276/349/1118
f 809/1107/1119 851/1123/1120 875/1122/1121 65/1101/1121
f 240/1111/1122 884/1131/1122 860/99/95 250/98/94
f 95/1110/1123 876/1128/1123 877/336/1123 96/335/1123
f 274/1117/1124 891/1135/1124 867/1134/1090 837/1116/1089
f 810/1108/1088 857/1126/1087 851/1123/1120 809/1107/1119
f 242/1113/1125 886/1133/1125 862/1132/1102 252/1115/1101
f 97/364/1126 878/363/1126 879/140/1126 98/139/1126
f 900/1069/927 903/1136/927 896/1137/927 894/1072/927
f 903/1136/927 902/1138/927 897/1139/927 896/1137/927
f 902/1138/927 901/1140/927 898/1141/927 897/1139/927
f 901/1140/927 899/1049/927 895/1142/927 898/1141/927
f 905/1061/980 908/1143/1127 911/1144/1128 909/1058/978
f 908/1143/1127 907/1145/1129 912/1146/1129 911/1144/1128
f 907/1145/1129 906/1147/1130 913/1148/1131 912/1146/1129
f 906/1147/1130 904/1064/983 910/1063/982 913/1148/1131
f 904/1068/985 906/1149/1132 903/1136/1133 900/1069/986
f 906/1149/1132 907/1150/1134 902/1138/1134 903/1136/1133
f 907/1150/1134 908/1151/1135 901/1140/1136 902/1138/1134
f 908/1151/1135 905/1050/976 899/1049/975 901/1140/1136
f 920/1091/7 923/1152/7 916/1153/7 914/1094/7
f 923/1152/7 922/1154/7 917/1155/7 916/1153/7
f 922/1154/7 921/1156/7 918/1157/7 917/1155/7
f 921/1156/7 919/1055/7 915/1054/7 918/1157/7
f 925/1085/993 928/1158/1137 931/1159/1138 929/1082/991
f 928/1158/1137 927/1160/1139 932/1161/1139 931/1159/1138
f 927/1160/1139 926/1162/1140 933/1163/1141 932/1161/1139
f 926/1162/1140 924/1088/996 930/1087/995 933/1163/1141
f 924/1090/998 926/1164/1142 923/1152/1143 920/1091/999
f 926/1164/1142 927/1165/1144 922/1154/1144 923/1152/1143
f 927/1165/1144 928/1166/1145 921/1156/1146 922/1154/1144
f 928/1166/1145 925/1079/989 919/1055/988 921/1156/1146
f 895/1142/927 899/1049/927 786/1053/927 785/1097/927
f 59/93/89 55/92/77 647/963/1147 645/83/83
f 646/62/62 647/958/1147 55/77/77 43/52/52
f 934/1167/1148 936/1168/1149 937/1169/1150 935/1170/1151
f 936/1168/1149 938/1171/1152 939/1172/1153 937/1169/1150
f 938/1171/1152 940/1173/1154 941/1174/1155 939/1172/1153
f 940/1173/1154 942/1175/1156 943/1176/1157 941/1174/1155
f 942/1175/1156 944/1177/1158 945/1178/1159 943/1176/1157
f 944/1177/1158 946/1179/1160 947/1180/1161 945/1178/1159
f 946/1179/1160 948/1181/1162 949/1182/1163 947/1180/1161
f 948/1181/1162 950/1183/1164 951/1184/1165 949/1182/1163
f 950/1183/1164 952/1185/1166 953/1186/1167 951/1184/1165
f 952/1185/1166 954/1187/1168 955/1188/1169 953/1186/1167
f 954/1187/1168 956/1189/1170 957/1190/1171 955/1188/1169
f 956/1189/1170 958/1191/1172 959/1192/1173 957/1190/1171
f 958/1191/1172 960/1193/1174 961/1194/1175 959/1192/1173
f 960/1193/1174 962/1195/1176 963/1196/1177 961/1194/1175
f 962/1195/1176 964/1197/1178 965/1198/1179 963/1196/1177
f 964/1197/1178 966/1199/1180 967/1200/1181 965/1198/1179
f 966/1199/1180 968/1201/1182 969/1202/1183 967/1200/1181
f 968/1201/1182 970/1203/1184 971/1204/1185 969/1202/1183
f 970/1203/1184 972/1205/1186 973/1206/1187 971/1204/1185
f 972/1205/1186 934/1167/1148 935/1170/1151 973/1206/1187
f 964/1197/1188 1015/1207/1188 1049/1208/1189 966/1199/1189
f 974/1209/1190 993/1210/1190 992/1211/1190 991/1212/1190 990/1213/1190 989/1214/1190 988/1215/1190 987/1216/1190 986/1217/1190 985/1218/1190 984/1219/1190 983/1220/1190 982/1221/1190 981/1222/1190 980/1223/1190 979/1224/1190 978/1225/1190 977/1226/1190 976/1227/1190 975/1228/1190
f 934/1167/1191 1019/1229/1191 1035/1230/1192 936/1168/1192
f 940/1173/1193 1023/1231/1193 1051/1232/1194 942/1175/1194
f 950/1183/1195 1027/1233/1195 1053/1234/1196 952/1185/1196
f 958/1191/1197 1032/1235/1197 1031/1236/1198 960/1193/1198
f 972/1205/1199 1020/1237/1199 1019/1229/1191 934/1167/1191
f 968/1201/1200 1038/1238/1200 1037/1239/1201 970/1203/1201
f 944/1177/1202 1042/1240/1202 1041/1241/1203 946/1179/1203
f 954/1187/1204 1046/1242/1204 1045/1243/1205 956/1189/1205
f 962/1195/1206 1016/1244/1206 1015/1207/1188 964/1197/1188
f 938/1171/1207 1024/1245/1207 1023/1231/1193 940/1173/1193
f 948/1181/1208 1028/1246/1208 1027/1233/1195 950/1183/1195
f 1018/1247/1209 974/1209/1209 975/1228/1210 1034/1248/1210
f 1022/1249/1211 977/1226/1211 978/1225/1212 1050/1250/1212
f 1026/1251/1213 982/1221/1213 983/1220/1214 1052/1252/1214
f 1033/1253/1215 986/1217/1216 987/1216/1217 1030/1254/1217
f 1039/1255/1218 991/1212/1218 992/1211/1219 1036/1256/1219
f 1043/1257/1220 979/1224/1220 980/1223/1221 1040/1258/1221
f 1047/1259/1222 984/1219/1222 985/1218/1223 1044/1260/1223
f 1012/1261/1224 1013/1262/1224 1010/1263/1190 1011/1264/1190
f 1052/1252/1214 983/1220/1214 984/1219/1222 1047/1259/1222
f 1050/1250/1212 978/1225/1212 979/1224/1220 1043/1257/1220
f 1048/1265/1225 990/1213/1225 991/1212/1218 1039/1255/1218
f 1044/1260/1223 985/1218/1223 986/1217/1216 1033/1253/1215
f 1040/1258/1221 980/1223/1221 981/1222/1226 1029/1266/1226
f 1034/1248/1210 975/1228/1210 976/1227/1227 1025/1267/1227
f 1036/1256/1219 992/1211/1219 993/1210/1228 1021/1268/1228
f 1030/1254/1217 987/1216/1217 988/1215/1229 1017/1269/1229
f 946/1179/1203 1041/1241/1203 1028/1246/1208 948/1181/1208
f 936/1168/1192 1035/1230/1192 1024/1245/1207 938/1171/1207
f 960/1193/1198 1031/1236/1198 1016/1244/1206 962/1195/1206
f 952/1185/1196 1053/1234/1196 1046/1242/1204 954/1187/1204
f 942/1175/1194 1051/1232/1194 1042/1240/1202 944/1177/1202
f 966/1199/1189 1049/1208/1189 1038/1238/1200 968/1201/1200
f 970/1203/1201 1037/1239/1201 1020/1237/1199 972/1205/1199
f 956/1189/1205 1045/1243/1205 1032/1235/1197 958/1191/1197
f 1029/1266/1226 981/1222/1226 982/1221/1213 1026/1251/1213
f 1025/1267/1227 976/1227/1227 977/1226/1211 1022/1249/1211
f 1021/1268/1228 993/1210/1228 974/1209/1209 1018/1247/1209
f 1017/1269/1229 988/1215/1229 989/1214/1230 1014/1270/1230
f 1036/1271/1231 1060/1272/1231 1004/1273/1232 1039/1274/1232
f 1014/1275/1233 1070/1276/1233 1063/1277/1234 1017/1278/1234
f 1031/1279/1235 1065/1280/1235 1062/1281/1236 1016/1282/1236
f 1042/1283/1237 1009/1284/1237 994/1285/1238 1041/1286/1238
f 1029/1287/1239 996/1288/1239 995/1289/1240 1040/1290/1240
f 1020/1291/1241 1058/1292/1241 1073/1293/1242 1019/1294/1242
f 1053/1295/1243 1010/1263/1243 1013/1262/1244 1046/1296/1244
f 1040/1290/1240 995/1289/1240 1008/1297/1245 1043/1298/1245
f 1018/1299/1246 1072/1300/1246 1059/1301/1247 1021/1302/1247
f 1017/1278/1234 1063/1277/1234 1064/1303/1248 1030/1304/1248
f 1046/1296/1244 1013/1262/1244 998/1305/1249 1045/1306/1249
f 1045/1306/1249 998/1305/1249 1001/1307/1250 1032/1308/1250
f 1024/1309/1251 1054/1310/1251 1069/1311/1252 1023/1312/1252
f 1047/1313/1253 1012/1261/1253 1011/1264/1254 1052/1314/1254
f 1044/1315/1255 999/1316/1255 1012/1261/1253 1047/1313/1253
f 1022/1317/1256 1068/1318/1256 1055/1319/1257 1025/1320/1258
f 1037/1321/1259 1061/1322/1259 1058/1292/1241 1020/1291/1241
f 1015/1323/1260 1071/1324/1260 1002/1325/1261 1049/1326/1261
f 1033/1327/1262 1000/1328/1262 999/1316/1255 1044/1315/1255
f 1028/1329/1263 997/1330/1263 1067/1331/1264 1027/1332/1264
f 1014/1270/1230 989/1214/1230 990/1213/1225 1048/1265/1225
f 1008/1297/1190 1009/1284/1190 1006/1333/1190 1007/1334/1190
f 1004/1273/1190 1005/1335/1190 1002/1336/1190 1003/1337/1190
f 1000/1328/1224 1001/1307/1224 998/1305/1224 999/1316/1224
f 996/1288/1224 997/1330/1224 994/1285/1190 995/1289/1190
f 1055/1319/1224 1054/1310/1224 1057/1338/1190 1056/1339/1190
f 1059/1301/1224 1058/1292/1224 1061/1322/1190 1060/1272/1190
f 1063/1277/1190 1062/1281/1190 1065/1280/1190 1064/1303/1190
f 1011/1264/1190 1010/1263/1190 1067/1331/1190 1066/1340/1190
f 1007/1334/1190 1006/1333/1190 1069/1311/1190 1068/1318/1190
f 1003/1341/1190 1002/1325/1190 1071/1324/1190 1070/1276/1190
f 999/1316/1224 998/1305/1224 1013/1262/1224 1012/1261/1224
f 995/1289/1190 994/1285/1190 1009/1284/1190 1008/1297/1190
f 1060/1272/1190 1061/1322/1190 1005/1335/1190 1004/1273/1190
f 1056/1339/1190 1057/1338/1190 1073/1293/1224 1072/1300/1224
f 1064/1303/1190 1065/1280/1190 1001/1307/1224 1000/1328/1224
f 1066/1340/1190 1067/1331/1190 997/1330/1224 996/1288/1224
f 1068/1318/1190 1069/1311/1190 1054/1310/1224 1055/1319/1224
f 1072/1300/1224 1073/1293/1224 1058/1292/1224 1059/1301/1224
f 1070/1276/1190 1071/1324/1190 1062/1281/1190 1063/1277/1190
f 1043/1298/1245 1008/1297/1245 1007/1334/1265 1050/1342/1265
f 1052/1314/1254 1011/1264/1254 1066/1340/1266 1026/1343/1266
f 1016/1282/1236 1062/1281/1236 1071/1324/1260 1015/1323/1260
f 1041/1286/1238 994/1285/1238 997/1330/1263 1028/1329/1263
f 1038/1344/1267 1005/1335/1267 1061/1322/1259 1037/1321/1259
f 1034/1345/1268 1056/1339/1268 1072/1300/1246 1018/1299/1246
f 1051/1346/1269 1006/1333/1270 1009/1284/1237 1042/1283/1237
f 1027/1332/1264 1067/1331/1264 1010/1263/1243 1053/1295/1243
f 1025/1320/1258 1055/1319/1257 1056/1339/1268 1034/1345/1268
f 1050/1342/1265 1007/1334/1265 1068/1318/1256 1022/1317/1256
f 1019/1294/1242 1073/1293/1242 1057/1338/1271 1035/1347/1271
f 1039/1274/1232 1004/1273/1232 1003/1337/1272 1048/1348/1272
f 1035/1347/1271 1057/1338/1271 1054/1310/1251 1024/1309/1251
f 1030/1304/1248 1064/1303/1248 1000/1328/1262 1033/1327/1262
f 1023/1312/1252 1069/1311/1252 1006/1333/1270 1051/1346/1269
f 1032/1308/1250 1001/1307/1250 1065/1280/1235 1031/1279/1235
f 1049/1349/1261 1002/1336/1261 1005/1335/1267 1038/1344/1267
f 1048/1350/1272 1003/1341/1272 1070/1276/1233 1014/1275/1233
f 1021/1302/1247 1059/1301/1247 1060/1272/1231 1036/1271/1231
f 1026/1343/1266 1066/1340/1266 996/1288/1239 1029/1287/1239
f 1109/1351/1273 1101/1352/1274 1083/1353/1275 1091/1354/1276
f 1087/1355/1277 1088/1356/1278 1079/1357/1279 1078/1358/1280
f 1103/1359/1281 1085/1360/1282 1084/1361/1283 1102/1362/1284
f 1104/1363/1285 1086/1364/1286 1085/1360/1282 1103/1359/1281
f 1105/1365/1287 1087/1355/1277 1086/1364/1286 1104/1363/1285
f 1106/1366/1288 1088/1356/1278 1087/1355/1277 1105/1365/1287
f 1107/1367/1289 1089/1368/1290 1088/1356/1278 1106/1366/1288
f 1108/1369/1291 1090/1370/1292 1089/1368/1290 1107/1367/1289
f 1109/1371/1273 1091/1372/1276 1090/1370/1292 1108/1369/1291
f 1100/1373/1293 1092/1374/1294 1101/1352/1295 1109/1351/1293
f 1099/1375/1296 1100/1376/1293 1109/1371/1293 1108/1369/1296
f 1098/1377/1297 1099/1375/1296 1108/1369/1296 1107/1367/1297
f 1097/1378/1298 1098/1377/1297 1107/1367/1297 1106/1366/1298
f 1096/1379/1299 1097/1378/1298 1106/1366/1298 1105/1365/1299
f 1095/1380/1300 1096/1379/1299 1105/1365/1299 1104/1363/1300
f 1094/1381/1301 1095/1380/1300 1104/1363/1300 1103/1359/1301
f 1093/1382/1302 1094/1381/1301 1103/1359/1301 1102/1362/1303
f 1088/1356/1278 1089/1368/1290 1080/1383/1304 1079/1357/1279
f 1084/1361/1283 1085/1360/1282 1076/1384/1305 1075/1385/1306
f 1091/1354/1276 1083/1353/1275 1074/1386/1307 1082/1387/1308
f 1089/1368/1290 1090/1370/1292 1081/1388/1309 1080/1383/1304
f 1085/1360/1282 1086/1364/1286 1077/1389/1310 1076/1384/1305
f 1090/1370/1292 1091/1372/1276 1082/1390/1308 1081/1388/1309
f 1086/1364/1286 1087/1355/1277 1078/1358/1280 1077/1389/1310
f 1137/1351/1311 1123/1354/1312 1083/1353/1275 1101/1352/1274
f 1119/1355/1313 1112/1358/1314 1113/1357/1315 1120/1356/1316
f 1131/1359/1317 1102/1362/1284 1084/1361/1283 1117/1360/1318
f 1132/1363/1319 1131/1359/1317 1117/1360/1318 1118/1364/1320
f 1133/1365/1321 1132/1363/1319 1118/1364/1320 1119/1355/1313
f 1134/1366/1322 1133/1365/1321 1119/1355/1313 1120/1356/1316
f 1135/1367/1323 1134/1366/1322 1120/1356/1316 1121/1368/1324
f 1136/1369/1325 1135/1367/1323 1121/1368/1324 1122/1370/1326
f 1137/1371/1311 1136/1369/1325 1122/1370/1326 1123/1372/1312
f 1130/1373/1327 1137/1351/1327 1101/1352/1295 1092/1374/1294
f 1129/1375/1328 1136/1369/1328 1137/1371/1327 1130/1376/1327
f 1128/1377/1329 1135/1367/1329 1136/1369/1328 1129/1375/1328
f 1127/1378/1330 1134/1366/1330 1135/1367/1329 1128/1377/1329
f 1126/1379/1331 1133/1365/1331 1134/1366/1330 1127/1378/1330
f 1125/1380/1332 1132/1363/1332 1133/1365/1331 1126/1379/1331
f 1124/1381/1333 1131/1359/1333 1132/1363/1332 1125/1380/1332
f 1093/1382/1302 1102/1362/1303 1131/1359/1333 1124/1381/1333
f 1120/1356/1316 1113/1357/1315 1114/1383/1334 1121/1368/1324
f 1084/1361/1283 1075/1385/1306 1110/1384/1335 1117/1360/1318
f 1123/1354/1312 1116/1387/1336 1074/1386/1307 1083/1353/1275
f 1121/1368/1324 1114/1383/1334 1115/1388/1337 1122/1370/1326
f 1117/1360/1318 1110/1384/1335 1111/1389/1338 1118/1364/1320
f 1122/1370/1326 1115/1388/1337 1116/1390/1336 1123/1372/1312
f 1118/1364/1320 1111/1389/1338 1112/1358/1314 1119/1355/1313
f 939/1391/1153 941/1392/1155 1141/1393/1339 1140/1394/1340
f 949/1395/1163 951/1396/1165 1146/1397/1341 1145/1398/1342
f 959/1399/1173 961/1400/1175 1151/1401/1343 1150/1402/1344
f 935/1403/1151 937/1404/1150 1139/1405/1345 1138/1406/1346
f 969/1407/1183 971/1408/1185 1156/1409/1347 1155/1410/1348
f 945/1411/1159 947/1412/1161 1144/1413/1349 1143/1414/1350
f 955/1415/1169 957/1416/1171 1149/1417/1351 1148/1418/1352
f 965/1419/1179 967/1420/1181 1154/1421/1353 1153/1422/1354
f 941/1392/1155 943/1423/1157 1142/1424/1355 1141/1393/1339
f 951/1396/1165 953/1425/1167 1147/1426/1356 1146/1397/1341
f 961/1400/1175 963/1427/1177 1152/1428/1357 1151/1401/1343
f 971/1408/1185 973/1429/1187 1157/1430/1358 1156/1409/1347
f 937/1404/1150 939/1391/1153 1140/1394/1340 1139/1405/1345
f 947/1412/1161 949/1395/1163 1145/1398/1342 1144/1413/1349
f 957/1416/1171 959/1399/1173 1150/1402/1344 1149/1417/1351
f 967/1420/1181 969/1407/1183 1155/1410/1348 1154/1421/1353
f 973/1429/1187 935/1403/1151 1138/1406/1346 1157/1430/1358
f 943/1423/1157 945/1411/1159 1143/1414/1350 1142/1424/1355
f 953/1425/1167 955/1415/1169 1148/1418/1352 1147/1426/1356
f 963/1427/1177 965/1419/1179 1153/1422/1354 1152/1428/1357
f 1158/1167/1359 1160/1168/1360 1161/1169/1361 1159/1170/1362
f 1160/1168/1360 1162/1171/1363 1163/1172/1364 1161/1169/1361
f 1162/1171/1363 1164/1173/1365 1165/1174/1366 1163/1172/1364
f 1164/1173/1365 1166/1175/1367 1167/1176/1368 1165/1174/1366
f 1166/1175/1367 1168/1177/1369 1169/1178/1370 1167/1176/1368
f 1168/1177/1369 1170/1179/1371 1171/1180/1372 1169/1178/1370
f 1170/1179/1371 1172/1181/1373 1173/1182/1374 1171/1180/1372
f 1172/1181/1373 1174/1183/1375 1175/1184/1376 1173/1182/1374
f 1174/1183/1375 1176/1185/1377 1177/1186/1378 1175/1184/1376
f 1176/1185/1377 1178/1187/1379 1179/1188/1380 1177/1186/1378
f 1178/1187/1379 1180/1189/1381 1181/1190/1382 1179/1188/1380
f 1180/1189/1381 1182/1191/1383 1183/1192/1384 1181/1190/1382
f 1182/1191/1383 1184/1193/1385 1185/1194/1386 1183/1192/1384
f 1184/1193/1385 1186/1195/1387 1187/1196/1388 1185/1194/1386
f 1186/1195/1387 1188/1197/1389 1189/1198/1390 1187/1196/1388
f 1188/1197/1389 1190/1199/1391 1191/1200/1392 1189/1198/1390
f 1190/1199/1391 1192/1201/1393 1193/1202/1394 1191/1200/1392
f 1192/1201/1393 1194/1203/1395 1195/1204/1396 1193/1202/1394
f 1194/1203/1395 1196/1205/1397 1197/1206/1398 1195/1204/1396
f 1196/1205/1397 1158/1167/1359 1159/1170/1362 1197/1206/1398
f 1188/1197/1399 1239/1207/1399 1273/1208/1400 1190/1199/1400
f 1198/1209/1401 1217/1210/1401 1216/1211/1401 1215/1212/1401 1214/1213/1401 1213/1214/1401 1212/1215/1401 1211/1216/1401 1210/1217/1401 1209/1218/1401 1208/1219/1401 1207/1220/1401 1206/1221/1401 1205/1222/1401 1204/1223/1401 1203/1224/1401 1202/1225/1401 1201/1226/1401 1200/1227/1401 1199/1228/1401
f 1158/1167/1402 1243/1229/1402 1259/1230/1403 1160/1168/1403
f 1164/1173/1404 1247/1231/1404 1275/1232/1405 1166/1175/1405
f 1174/1183/1406 1251/1233/1406 1277/1234/1407 1176/1185/1407
f 1182/1191/1408 1256/1235/1408 1255/1236/1409 1184/1193/1409
f 1196/1205/1410 1244/1237/1410 1243/1229/1402 1158/1167/1402
f 1192/1201/1411 1262/1238/1411 1261/1239/1412 1194/1203/1412
f 1168/1177/1413 1266/1240/1413 1265/1241/1414 1170/1179/1414
f 1178/1187/1415 1270/1242/1415 1269/1243/1416 1180/1189/1416
f 1186/1195/1417 1240/1244/1417 1239/1207/1399 1188/1197/1399
f 1162/1171/1418 1248/1245/1418 1247/1231/1404 1164/1173/1404
f 1172/1181/1419 1252/1246/1419 1251/1233/1406 1174/1183/1406
f 1242/1247/1420 1198/1209/1420 1199/1228/1421 1258/1248/1421
f 1246/1249/1422 1201/1226/1422 1202/1225/1423 1274/1250/1423
f 1250/1251/1424 1206/1221/1424 1207/1220/1425 1276/1252/1425
f 1257/1253/1426 1210/1217/1426 1211/1216/1427 1254/1254/1427
f 1263/1255/1428 1215/1212/1428 1216/1211/1429 1260/1256/1429
f 1267/1257/1430 1203/1224/1430 1204/1223/1431 1264/1258/1431
f 1271/1259/1432 1208/1219/1432 1209/1218/1433 1268/1260/1433
f 1236/1261/1401 1237/1262/1401 1234/1263/1401 1235/1264/1401
f 1276/1252/1425 1207/1220/1425 1208/1219/1432 1271/1259/1432
f 1274/1250/1423 1202/1225/1423 1203/1224/1430 1267/1257/1430
f 1272/1265/1434 1214/1213/1434 1215/1212/1428 1263/1255/1428
f 1268/1260/1433 1209/1218/1433 1210/1217/1426 1257/1253/1426
f 1264/1258/1431 1204/1223/1431 1205/1222/1435 1253/1266/1435
f 1258/1248/1421 1199/1228/1421 1200/1227/1436 1249/1267/1436
f 1260/1256/1429 1216/1211/1429 1217/1210/1437 1245/1268/1437
f 1254/1254/1427 1211/1216/1427 1212/1215/1438 1241/1269/1438
f 1170/1179/1414 1265/1241/1414 1252/1246/1419 1172/1181/1419
f 1160/1168/1403 1259/1230/1403 1248/1245/1418 1162/1171/1418
f 1184/1193/1409 1255/1236/1409 1240/1244/1417 1186/1195/1417
f 1176/1185/1407 1277/1234/1407 1270/1242/1415 1178/1187/1415
f 1166/1175/1405 1275/1232/1405 1266/1240/1413 1168/1177/1413
f 1190/1199/1400 1273/1208/1400 1262/1238/1411 1192/1201/1411
f 1194/1203/1412 1261/1239/1412 1244/1237/1410 1196/1205/1410
f 1180/1189/1416 1269/1243/1416 1256/1235/1408 1182/1191/1408
f 1253/1266/1435 1205/1222/1435 1206/1221/1424 1250/1251/1424
f 1249/1267/1436 1200/1227/1436 1201/1226/1422 1246/1249/1422
f 1245/1268/1437 1217/1210/1437 1198/1209/1420 1242/1247/1420
f 1241/1269/1438 1212/1215/1438 1213/1214/1439 1238/1270/1439
f 1260/1271/1440 1284/1272/1440 1228/1273/1441 1263/1274/1441
f 1238/1275/1442 1294/1276/1442 1287/1277/1443 1241/1278/1443
f 1255/1279/1444 1289/1280/1444 1286/1281/1445 1240/1282/1445
f 1266/1283/1446 1233/1284/1447 1218/1285/1448 1265/1286/1448
f 1253/1287/1449 1220/1288/1449 1219/1289/1450 1264/1290/1450
f 1244/1291/1451 1282/1292/1451 1297/1293/1452 1243/1294/1452
f 1277/1295/1453 1234/1263/1453 1237/1262/1454 1270/1296/1454
f 1264/1290/1450 1219/1289/1450 1232/1297/1455 1267/1298/1455
f 1242/1299/1456 1296/1300/1456 1283/1301/1457 1245/1302/1457
f 1241/1278/1443 1287/1277/1443 1288/1303/1458 1254/1304/1458
f 1270/1296/1454 1237/1262/1454 1222/1305/1459 1269/1306/1459
f 1269/1306/1459 1222/1305/1459 1225/1307/1460 1256/1308/1460
f 1248/1309/1461 1278/1310/1461 1293/1311/1462 1247/1312/1462
f 1271/1313/1463 1236/1261/1463 1235/1264/1464 1276/1314/1464
f 1268/1315/1465 1223/1316/1465 1236/1261/1463 1271/1313/1463
f 1246/1317/1466 1292/1318/1466 1279/1319/1467 1249/1320/1467
f 1261/1321/1468 1285/1322/1468 1282/1292/1451 1244/1291/1451
f 1239/1323/1469 1295/1324/1469 1226/1325/1470 1273/1326/1470
f 1257/1327/1471 1224/1328/1471 1223/1316/1465 1268/1315/1465
f 1252/1329/1472 1221/1330/1472 1291/1331/1473 1251/1332/1473
f 1238/1270/1439 1213/1214/1439 1214/1213/1434 1272/1265/1434
f 1232/1297/1401 1233/1284/1401 1230/1333/1401 1231/1334/1401
f 1228/1273/1401 1229/1335/1401 1226/1336/1401 1227/1337/1401
f 1224/1328/1474 1225/1307/1474 1222/1305/1474 1223/1316/1474
f 1220/1288/1401 1221/1330/1401 1218/1285/1401 1219/1289/1401
f 1279/1319/1401 1278/1310/1401 1281/1338/1401 1280/1339/1401
f 1283/1301/1475 1282/1292/1475 1285/1322/1401 1284/1272/1401
f 1287/1277/1401 1286/1281/1401 1289/1280/1401 1288/1303/1401
f 1235/1264/1401 1234/1263/1401 1291/1331/1401 1290/1340/1401
f 1231/1334/1401 1230/1333/1401 1293/1311/1401 1292/1318/1401
f 1227/1341/1401 1226/1325/1401 1295/1324/1401 1294/1276/1401
f 1223/1316/1474 1222/1305/1474 1237/1262/1401 1236/1261/1401
f 1219/1289/1401 1218/1285/1401 1233/1284/1401 1232/1297/1401
f 1284/1272/1401 1285/1322/1401 1229/1335/1401 1228/1273/1401
f 1280/1339/1401 1281/1338/1401 1297/1293/1401 1296/1300/1401
f 1288/1303/1401 1289/1280/1401 1225/1307/1474 1224/1328/1474
f 1290/1340/1401 1291/1331/1401 1221/1330/1401 1220/1288/1401
f 1292/1318/1401 1293/1311/1401 1278/1310/1401 1279/1319/1401
f 1296/1300/1401 1297/1293/1401 1282/1292/1475 1283/1301/1475
f 1294/1276/1401 1295/1324/1401 1286/1281/1401 1287/1277/1401
f 1267/1298/1455 1232/1297/1455 1231/1334/1476 1274/1342/1476
f 1276/1314/1464 1235/1264/1464 1290/1340/1477 1250/1343/1477
f 1240/1282/1445 1286/1281/1445 1295/1324/1469 1239/1323/1469
f 1265/1286/1448 1218/1285/1448 1221/1330/1472 1252/1329/1472
f 1262/1344/1478 1229/1335/1478 1285/1322/1468 1261/1321/1468
f 1258/1345/1479 1280/1339/1479 1296/1300/1456 1242/1299/1456
f 1275/1346/1480 1230/1333/1480 1233/1284/1447 1266/1283/1446
f 1251/1332/1473 1291/1331/1473 1234/1263/1453 1277/1295/1453
f 1249/1320/1467 1279/1319/1467 1280/1339/1479 1258/1345/1479
f 1274/1342/1476 1231/1334/1476 1292/1318/1466 1246/1317/1466
f 1243/1294/1452 1297/1293/1452 1281/1338/1481 1259/1347/1481
f 1263/1274/1441 1228/1273/1441 1227/1337/1482 1272/1348/1482
f 1259/1347/1481 1281/1338/1481 1278/1310/1461 1248/1309/1461
f 1254/1304/1458 1288/1303/1458 1224/1328/1471 1257/1327/1471
f 1247/1312/1462 1293/1311/1462 1230/1333/1480 1275/1346/1480
f 1256/1308/1460 1225/1307/1460 1289/1280/1444 1255/1279/1444
f 1273/1349/1470 1226/1336/1470 1229/1335/1478 1262/1344/1478
f 1272/1350/1482 1227/1341/1482 1294/1276/1442 1238/1275/1442
f 1245/1302/1457 1283/1301/1457 1284/1272/1440 1260/1271/1440
f 1250/1343/1477 1290/1340/1477 1220/1288/1449 1253/1287/1449
f 1333/1351/1483 1325/1352/1484 1307/1353/1485 1315/1354/1486
f 1311/1355/1487 1312/1356/1488 1303/1357/1489 1302/1358/1490
f 1327/1359/1491 1309/1360/1492 1308/1361/1493 1326/1362/1494
f 1328/1363/1495 1310/1364/1496 1309/1360/1492 1327/1359/1491
f 1329/1365/1497 1311/1355/1487 1310/1364/1496 1328/1363/1495
f 1330/1366/1498 1312/1356/1488 1311/1355/1487 1329/1365/1497
f 1331/1367/1499 1313/1368/1500 1312/1356/1488 1330/1366/1498
f 1332/1369/1501 1314/1370/1502 1313/1368/1500 1331/1367/1499
f 1333/1371/1483 1315/1372/1486 1314/1370/1502 1332/1369/1501
f 1324/1373/1503 1316/1374/1504 1325/1352/1505 1333/1351/1503
f 1323/1375/1506 1324/1376/1503 1333/1371/1503 1332/1369/1506
f 1322/1377/1507 1323/1375/1506 1332/1369/1506 1331/1367/1507
f 1321/1378/1508 1322/1377/1507 1331/1367/1507 1330/1366/1508
f 1320/1379/1509 1321/1378/1508 1330/1366/1508 1329/1365/1509
f 1319/1380/1510 1320/1379/1509 1329/1365/1509 1328/1363/1510
f 1318/1381/1511 1319/1380/1510 1328/1363/1510 1327/1359/1512
f 1317/1382/1513 1318/1381/1511 1327/1359/1512 1326/1362/1514
f 1312/1356/1488 1313/1368/1500 1304/1383/1515 1303/1357/1489
f 1308/1361/1493 1309/1360/1492 1300/1384/1516 1299/1385/1517
f 1315/1354/1486 1307/1353/1485 1298/1386/1518 1306/1387/1519
f 1313/1368/1500 1314/1370/1502 1305/1388/1520 1304/1383/1515
f 1309/1360/1492 1310/1364/1496 1301/1389/1521 1300/1384/1516
f 1314/1370/1502 1315/1372/1486 1306/1390/1519 1305/1388/1520
f 1310/1364/1496 1311/1355/1487 1302/1358/1490 1301/1389/1521
f 1361/1351/1522 1347/1354/1523 1307/1353/1485 1325/1352/1484
f 1343/1355/1524 1336/1358/1525 1337/1357/1526 1344/1356/1527
f 1355/1359/1528 1326/1362/1494 1308/1361/1493 1341/1360/1529
f 1356/1363/1530 1355/1359/1528 1341/1360/1529 1342/1364/1531
f 1357/1365/1532 1356/1363/1530 1342/1364/1531 1343/1355/1524
f 1358/1366/1533 1357/1365/1532 1343/1355/1524 1344/1356/1527
f 1359/1367/1534 1358/1366/1533 1344/1356/1527 1345/1368/1535
f 1360/1369/1536 1359/1367/1534 1345/1368/1535 1346/1370/1537
f 1361/1371/1522 1360/1369/1536 1346/1370/1537 1347/1372/1523
f 1354/1373/1538 1361/1351/1538 1325/1352/1505 1316/1374/1504
f 1353/1375/1539 1360/1369/1539 1361/1371/1538 1354/1376/1538
f 1352/1377/1540 1359/1367/1540 1360/1369/1539 1353/1375/1539
f 1351/1378/1541 1358/1366/1541 1359/1367/1540 1352/1377/1540
f 1350/1379/1542 1357/1365/1542 1358/1366/1541 1351/1378/1541
f 1349/1380/1543 1356/1363/1543 1357/1365/1542 1350/1379/1542
f 1348/1381/1544 1355/1359/1544 1356/1363/1543 1349/1380/1543
f 1317/1382/1513 1326/1362/1514 1355/1359/1544 1348/1381/1544
f 1344/1356/1527 1337/1357/1526 1338/1383/1545 1345/1368/1535
f 1308/1361/1493 1299/1385/1517 1334/1384/1546 1341/1360/1529
f 1347/1354/1523 1340/1387/1547 1298/1386/1518 1307/1353/1485
f 1345/1368/1535 1338/1383/1545 1339/1388/1548 1346/1370/1537
f 1341/1360/1529 1334/1384/1546 1335/1389/1549 1342/1364/1531
f 1346/1370/1537 1339/1388/1548 1340/1390/1547 1347/1372/1523
f 1342/1364/1531 1335/1389/1549 1336/1358/1525 1343/1355/1524
f 1163/1391/1364 1165/1392/1366 1365/1393/1550 1364/1394/1551
f 1173/1395/1374 1175/1396/1376 1370/1397/1552 1369/1398/1553
f 1183/1399/1384 1185/1400/1386 1375/1401/1554 1374/1402/1555
f 1159/1403/1362 1161/1404/1361 1363/1405/1556 1362/1406/1557
f 1193/1407/1394 1195/1408/1396 1380/1409/1558 1379/1410/1559
f 1169/1411/1370 1171/1412/1372 1368/1413/1560 1367/1414/1561
f 1179/1415/1380 1181/1416/1382 1373/1417/1562 1372/1418/1563
f 1189/1419/1390 1191/1420/1392 1378/1421/1564 1377/1422/1565
f 1165/1392/1366 1167/1423/1368 1366/1424/1566 1365/1393/1550
f 1175/1396/1376 1177/1425/1378 1371/1426/1567 1370/1397/1552
f 1185/1400/1386 1187/1427/1388 1376/1428/1568 1375/1401/1554
f 1195/1408/1396 1197/1429/1398 1381/1430/1569 1380/1409/1558
f 1161/1404/1361 1163/1391/1364 1364/1394/1551 1363/1405/1556
f 1171/1412/1372 1173/1395/1374 1369/1398/1553 1368/1413/1560
f 1181/1416/1382 1183/1399/1384 1374/1402/1555 1373/1417/1562
f 1191/1420/1392 1193/1407/1394 1379/1410/1559 1378/1421/1564
f 1197/1429/1398 1159/1403/1362 1362/1406/1557 1381/1430/1569
f 1167/1423/1368 1169/1411/1370 1367/1414/1561 1366/1424/1566
f 1177/1425/1378 1179/1415/1380 1372/1418/1563 1371/1426/1567
f 1187/1427/1388 1189/1419/1390 1377/1422/1565 1376/1428/1568
f 1382/1167/1570 1383/1170/1571 1385/1169/1572 1384/1168/1573
f 1384/1168/1573 1385/1169/1572 1387/1172/1574 1386/1171/1575
f 1386/1171/1575 1387/1172/1574 1389/1174/1576 1388/1173/1577
f 1388/1173/1577 1389/1174/1576 1391/1176/1578 1390/1175/1579
f 1390/1175/1579 1391/1176/1578 1393/1178/1580 1392/1177/1581
f 1392/1177/1581 1393/1178/1580 1395/1180/1582 1394/1179/1583
f 1394/1179/1583 1395/1180/1582 1397/1182/1584 1396/1181/1585
f 1396/1181/1585 1397/1182/1584 1399/1184/1586 1398/1183/1587
f 1398/1183/1587 1399/1184/1586 1401/1186/1588 1400/1185/1589
f 1400/1185/1589 1401/1186/1588 1403/1188/1590 1402/1187/1591
f 1402/1187/1591 1403/1188/1590 1405/1190/1592 1404/1189/1593
f 1404/1189/1593 1405/1190/1592 1407/1192/1594 1406/1191/1595
f 1406/1191/1595 1407/1192/1594 1409/1194/1596 1408/1193/1597
f 1408/1193/1597 1409/1194/1596 1411/1196/1598 1410/1195/1599
f 1410/1195/1599 1411/1196/1598 1413/1198/1600 1412/1197/1601
f 1412/1197/1601 1413/1198/1600 1415/1200/1602 1414/1199/1603
f 1414/1199/1603 1415/1200/1602 1417/1202/1604 1416/1201/1605
f 1416/1201/1605 1417/1202/1604 1419/1204/1606 1418/1203/1607
f 1418/1203/1607 1419/1204/1606 1421/1206/1608 1420/1205/1609
f 1420/1205/1609 1421/1206/1608 1383/1170/1571 1382/1167/1570
f 1412/1197/1610 1414/1199/1611 1497/1208/1611 1463/1207/1610
f 1422/1209/1612 1423/1228/1612 1424/1227/1612 1425/1226/1612 1426/1225/1612 1427/1224/1612 1428/1223/1612 1429/1222/1612 1430/1221/1612 1431/1220/1612 1432/1219/1612 1433/1218/1612 1434/1217/1612 1435/1216/1612 1436/1215/1612 1437/1214/1612 1438/1213/1612 1439/1212/1612 1440/1211/1612 1441/1210/1612
f 1382/1167/1613 1384/1168/1614 1483/1230/1614 1467/1229/1613
f 1388/1173/1615 1390/1175/1616 1499/1232/1616 1471/1231/1615
f 1398/1183/1617 1400/1185/1618 1501/1234/1618 1475/1233/1617
f 1406/1191/1619 1408/1193/1620 1479/1236/1620 1480/1235/1619
f 1420/1205/1621 1382/1167/1613 1467/1229/1613 1468/1237/1621
f 1416/1201/1622 1418/1203/1623 1485/1239/1623 1486/1238/1622
f 1392/1177/1624 1394/1179/1625 1489/1241/1625 1490/1240/1624
f 1402/1187/1626 1404/1189/1627 1493/1243/1627 1494/1242/1626
f 1410/1195/1628 1412/1197/1610 1463/1207/1610 1464/1244/1628
f 1386/1171/1629 1388/1173/1615 1471/1231/1615 1472/1245/1629
f 1396/1181/1630 1398/1183/1617 1475/1233/1617 1476/1246/1630
f 1466/1247/1631 1482/1248/1632 1423/1228/1632 1422/1209/1631
f 1470/1249/1633 1498/1250/1634 1426/1225/1634 1425/1226/1633
f 1474/1251/1635 1500/1252/1636 1431/1220/1636 1430/1221/1635
f 1481/1253/1637 1478/1254/1638 1435/1216/1638 1434/1217/1639
f 1487/1255/1640 1484/1256/1641 1440/1211/1641 1439/1212/1642
f 1491/1257/1643 1488/1258/1644 1428/1223/1644 1427/1224/1643
f 1495/1259/1645 1492/1260/1646 1433/1218/1646 1432/1219/1645
f 1460/1261/1612 1459/1264/1612 1458/1263/1612 1461/1262/1612
f 1500/1252/1636 1495/1259/1645 1432/1219/1645 1431/1220/1636
f 1498/1250/1634 1491/1257/1643 1427/1224/1643 1426/1225/1634
f 1496/1265/1647 1487/1255/1640 1439/1212/1642 1438/1213/1647
f 1492/1260/1646 1481/1253/1637 1434/1217/1639 1433/1218/1646
f 1488/1258/1644 1477/1266/1648 1429/1222/1648 1428/1223/1644
f 1482/1248/1632 1473/1267/1649 1424/1227/1649 1423/1228/1632
f 1484/1256/1641 1469/1268/1650 1441/1210/1650 1440/1211/1641
f 1478/1254/1638 1465/1269/1651 1436/1215/1651 1435/1216/1638
f 1394/1179/1625 1396/1181/1630 1476/1246/1630 1489/1241/1625
f 1384/1168/1614 1386/1171/1629 1472/1245/1629 1483/1230/1614
f 1408/1193/1620 1410/1195/1628 1464/1244/1628 1479/1236/1620
f 1400/1185/1618 1402/1187/1626 1494/1242/1626 1501/1234/1618
f 1390/1175/1616 1392/1177/1624 1490/1240/1624 1499/1232/1616
f 1414/1199/1611 1416/1201/1622 1486/1238/1622 1497/1208/1611
f 1418/1203/1623 1420/1205/1621 1468/1237/1621 1485/1239/1623
f 1404/1189/1627 1406/1191/1619 1480/1235/1619 1493/1243/1627
f 1477/1266/1648 1474/1251/1635 1430/1221/1635 1429/1222/1648
f 1473/1267/1649 1470/1249/1633 1425/1226/1633 1424/1227/1649
f 1469/1268/1650 1466/1247/1631 1422/1209/1631 1441/1210/1650
f 1465/1269/1651 1462/1270/1652 1437/1214/1652 1436/1215/1651
f 1484/1271/1653 1487/1274/1654 1452/1273/1654 1508/1272/1653
f 1462/1275/1655 1465/1278/1656 1511/1277/1656 1518/1276/1655
f 1479/1279/1657 1464/1282/1658 1510/1281/1658 1513/1280/1657
f 1490/1283/1659 1489/1286/1660 1442/1285/1660 1457/1284/1659
f 1477/1287/1661 1488/1290/1662 1443/1289/1662 1444/1288/1661
f 1468/1291/1663 1467/1294/1664 1521/1293/1664 1506/1292/1663
f 1501/1295/1665 1494/1296/1666 1461/1262/1666 1458/1263/1665
f 1488/1290/1662 1491/1298/1667 1456/1297/1667 1443/1289/1662
f 1466/1299/1668 1469/1302/1669 1507/1301/1669 1520/1300/1668
f 1465/1278/1656 1478/1304/1670 1512/1303/1670 1511/1277/1656
f 1494/1296/1666 1493/1306/1671 1446/1305/1671 1461/1262/1666
f 1493/1306/1671 1480/1308/1672 1449/1307/1672 1446/1305/1671
f 1472/1309/1673 1471/1312/1674 1517/1311/1674 1502/1310/1673
f 1495/1313/1675 1500/1314/1676 1459/1264/1676 1460/1261/1675
f 1492/1315/1677 1495/1313/1675 1460/1261/1675 1447/1316/1677
f 1470/1317/1678 1473/1320/1679 1503/1319/1679 1516/1318/1678
f 1485/1321/1680 1468/1291/1663 1506/1292/1663 1509/1322/1680
f 1463/1323/1681 1497/1326/1682 1450/1325/1682 1519/1324/1681
f 1481/1327/1683 1492/1315/1677 1447/1316/1677 1448/1328/1683
f 1476/1329/1684 1475/1332/1685 1515/1331/1685 1445/1330/1684
f 1462/1270/1652 1496/1265/1647 1438/1213/1647 1437/1214/1652
f 1456/1297/1612 1455/1334/1612 1454/1333/1612 1457/1284/1612
f 1452/1273/1612 1451/1337/1612 1450/1336/1612 1453/1335/1612
f 1448/1328/1686 1447/1316/1686 1446/1305/1686 1449/1307/1686
f 1444/1288/1612 1443/1289/1612 1442/1285/1612 1445/1330/1612
f 1503/1319/1686 1504/1339/1612 1505/1338/1612 1502/1310/1686
f 1507/1301/1686 1508/1272/1686 1509/1322/1686 1506/1292/1686
f 1511/1277/1612 1512/1303/1612 1513/1280/1612 1510/1281/1612
f 1459/1264/1612 1514/1340/1612 1515/1331/1612 1458/1263/1612
f 1455/1334/1612 1516/1318/1612 1517/1311/1612 1454/1333/1612
f 1451/1341/1612 1518/1276/1612 1519/1324/1612 1450/1325/1612
f 1447/1316/1686 1460/1261/1612 1461/1262/1612 1446/1305/1686
f 1443/1289/1612 1456/1297/1612 1457/1284/1612 1442/1285/1612
f 1508/1272/1686 1452/1273/1612 1453/1335/1612 1509/1322/1686
f 1504/1339/1612 1520/1300/1686 1521/1293/1686 1505/1338/1612
f 1512/1303/1612 1448/1328/1686 1449/1307/1686 1513/1280/1612
f 1514/1340/1612 1444/1288/1612 1445/1330/1612 1515/1331/1612
f 1516/1318/1612 1503/1319/1686 1502/1310/1686 1517/1311/1612
f 1520/1300/1686 1507/1301/1686 1506/1292/1686 1521/1293/1686
f 1518/1276/1612 1511/1277/1612 1510/1281/1612 1519/1324/1612
f 1491/1298/1667 1498/1342/1687 1455/1334/1687 1456/1297/1667
f 1500/1314/1676 1474/1343/1688 1514/1340/1688 1459/1264/1676
f 1464/1282/1658 1463/1323/1681 1519/1324/1681 1510/1281/1658
f 1489/1286/1660 1476/1329/1684 1445/1330/1684 1442/1285/1660
f 1486/1344/1689 1485/1321/1680 1509/1322/1680 1453/1335/1689
f 1482/1345/1690 1466/1299/1668 1520/1300/1668 1504/1339/1690
f 1499/1346/1691 1490/1283/1659 1457/1284/1659 1454/1333/1692
f 1475/1332/1685 1501/1295/1665 1458/1263/1665 1515/1331/1685
f 1473/1320/1679 1482/1345/1690 1504/1339/1690 1503/1319/1679
f 1498/1342/1687 1470/1317/1678 1516/1318/1678 1455/1334/1687
f 1467/1294/1664 1483/1347/1693 1505/1338/1693 1521/1293/1664
f 1487/1274/1654 1496/1348/1694 1451/1337/1694 1452/1273/1654
f 1483/1347/1693 1472/1309/1673 1502/1310/1673 1505/1338/1693
f 1478/1304/1670 1481/1327/1683 1448/1328/1683 1512/1303/1670
f 1471/1312/1674 1499/1346/1691 1454/1333/1692 1517/1311/1674
f 1480/1308/1672 1479/1279/1657 1513/1280/1657 1449/1307/1672
f 1497/1349/1682 1486/1344/1689 1453/1335/1689 1450/1336/1682
f 1496/1350/1694 1462/1275/1655 1518/1276/1655 1451/1341/1694
f 1469/1302/1669 1484/1271/1653 1508/1272/1653 1507/1301/1669
f 1474/1343/1688 1477/1287/1661 1444/1288/1661 1514/1340/1688
f 1557/1351/1695 1539/1354/1696 1531/1353/1697 1549/1352/1698
f 1535/1355/1699 1526/1358/1700 1527/1357/1701 1536/1356/1702
f 1551/1359/1703 1550/1362/1704 1532/1361/1705 1533/1360/1706
f 1552/1363/1707 1551/1359/1703 1533/1360/1706 1534/1364/1708
f 1553/1365/1709 1552/1363/1707 1534/1364/1708 1535/1355/1699
f 1554/1366/1710 1553/1365/1709 1535/1355/1699 1536/1356/1702
f 1555/1367/1711 1554/1366/1710 1536/1356/1702 1537/1368/1712
f 1556/1369/1713 1555/1367/1711 1537/1368/1712 1538/1370/1714
f 1557/1371/1695 1556/1369/1713 1538/1370/1714 1539/1372/1696
f 1548/1373/1715 1557/1351/1715 1549/1352/1716 1540/1374/1717
f 1547/1375/1718 1556/1369/1718 1557/1371/1715 1548/1376/1715
f 1546/1377/1719 1555/1367/1719 1556/1369/1718 1547/1375/1718
f 1545/1378/1720 1554/1366/1720 1555/1367/1719 1546/1377/1719
f 1544/1379/1721 1553/1365/1721 1554/1366/1720 1545/1378/1720
f 1543/1380/1722 1552/1363/1722 1553/1365/1721 1544/1379/1721
f 1542/1381/1723 1551/1359/1723 1552/1363/1722 1543/1380/1722
f 1541/1382/1724 1550/1362/1725 1551/1359/1723 1542/1381/1723
f 1536/1356/1702 1527/1357/1701 1528/1383/1726 1537/1368/1712
f 1532/1361/1705 1523/1385/1727 1524/1384/1728 1533/1360/1706
f 1539/1354/1696 1530/1387/1729 1522/1386/1730 1531/1353/1697
f 1537/1368/1712 1528/1383/1726 1529/1388/1731 1538/1370/1714
f 1533/1360/1706 1524/1384/1728 1525/1389/1732 1534/1364/1708
f 1538/1370/1714 1529/1388/1731 1530/1390/1729 1539/1372/1696
f 1534/1364/1708 1525/1389/1732 1526/1358/1700 1535/1355/1699
f 1585/1351/1733 1549/1352/1698 1531/1353/1697 1571/1354/1734
f 1567/1355/1735 1568/1356/1736 1561/1357/1737 1560/1358/1738
f 1579/1359/1739 1565/1360/1740 1532/1361/1705 1550/1362/1704
f 1580/1363/1741 1566/1364/1742 1565/1360/1740 1579/1359/1739
f 1581/1365/1743 1567/1355/1735 1566/1364/1742 1580/1363/1741
f 1582/1366/1744 1568/1356/1736 1567/1355/1735 1581/1365/1743
f 1583/1367/1745 1569/1368/1746 1568/1356/1736 1582/1366/1744
f 1584/1369/1747 1570/1370/1748 1569/1368/1746 1583/1367/1745
f 1585/1371/1733 1571/1372/1734 1570/1370/1748 1584/1369/1747
f 1578/1373/1749 1540/1374/1717 1549/1352/1716 1585/1351/1749
f 1577/1375/1750 1578/1376/1749 1585/1371/1749 1584/1369/1750
f 1576/1377/1751 1577/1375/1750 1584/1369/1750 1583/1367/1751
f 1575/1378/1752 1576/1377/1751 1583/1367/1751 1582/1366/1752
f 1574/1379/1753 1575/1378/1752 1582/1366/1752 1581/1365/1753
f 1573/1380/1754 1574/1379/1753 1581/1365/1753 1580/1363/1754
f 1572/1381/1755 1573/1380/1754 1580/1363/1754 1579/1359/1755
f 1541/1382/1724 1572/1381/1755 1579/1359/1755 1550/1362/1725
f 1568/1356/1736 1569/1368/1746 1562/1383/1756 1561/1357/1737
f 1532/1361/1705 1565/1360/1740 1558/1384/1757 1523/1385/1727
f 1571/1354/1734 1531/1353/1697 1522/1386/1730 1564/1387/1758
f 1569/1368/1746 1570/1370/1748 1563/1388/1759 1562/1383/1756
f 1565/1360/1740 1566/1364/1742 1559/1389/1760 1558/1384/1757
f 1570/1370/1748 1571/1372/1734 1564/1390/1758 1563/1388/1759
f 1566/1364/1742 1567/1355/1735 1560/1358/1738 1559/1389/1760
f 1387/1391/1574 1588/1394/1761 1589/1393/1762 1389/1392/1576
f 1397/1395/1584 1593/1398/1763 1594/1397/1764 1399/1396/1586
f 1407/1399/1594 1598/1402/1765 1599/1401/1766 1409/1400/1596
f 1383/1403/1571 1586/1406/1767 1587/1405/1768 1385/1404/1572
f 1417/1407/1604 1603/1410/1769 1604/1409/1770 1419/1408/1606
f 1393/1411/1580 1591/1414/1771 1592/1413/1772 1395/1412/1582
f 1403/1415/1590 1596/1418/1773 1597/1417/1774 1405/1416/1592
f 1413/1419/1600 1601/1422/1775 1602/1421/1776 1415/1420/1602
f 1389/1392/1576 1589/1393/1762 1590/1424/1777 1391/1423/1578
f 1399/1396/1586 1594/1397/1764 1595/1426/1778 1401/1425/1588
f 1409/1400/1596 1599/1401/1766 1600/1428/1779 1411/1427/1598
f 1419/1408/1606 1604/1409/1770 1605/1430/1780 1421/1429/1608
f 1385/1404/1572 1587/1405/1768 1588/1394/1761 1387/1391/1574
f 1395/1412/1582 1592/1413/1772 1593/1398/1763 1397/1395/1584
f 1405/1416/1592 1597/1417/1774 1598/1402/1765 1407/1399/1594
f 1415/1420/1602 1602/1421/1776 1603/1410/1769 1417/1407/1604
f 1421/1429/1608 1605/1430/1780 1586/1406/1767 1383/1403/1571
f 1391/1423/1578 1590/1424/1777 1591/1414/1771 1393/1411/1580
f 1401/1425/1588 1595/1426/1778 1596/1418/1773 1403/1415/1590
f 1411/1427/1598 1600/1428/1779 1601/1422/1775 1413/1419/1600
f 1606/1167/1781 1607/1170/1782 1609/1169/1783 1608/1168/1784
f 1608/1168/1784 1609/1169/1783 1611/1172/1785 1610/1171/1786
f 1610/1171/1786 1611/1172/1785 1613/1174/1787 1612/1173/1788
f 1612/1173/1788 1613/1174/1787 1615/1176/1789 1614/1175/1790
f 1614/1175/1790 1615/1176/1789 1617/1178/1791 1616/1177/1792
f 1616/1177/1792 1617/1178/1791 1619/1180/1793 1618/1179/1794
f 1618/1179/1794 1619/1180/1793 1621/1182/1795 1620/1181/1796
f 1620/1181/1796 1621/1182/1795 1623/1184/1797 1622/1183/1798
f 1622/1183/1798 1623/1184/1797 1625/1186/1799 1624/1185/1800
f 1624/1185/1800 1625/1186/1799 1627/1188/1801 1626/1187/1802
f 1626/1187/1802 1627/1188/1801 1629/1190/1803 1628/1189/1804
f 1628/1189/1804 1629/1190/1803 1631/1192/1805 1630/1191/1806
f 1630/1191/1806 1631/1192/1805 1633/1194/1807 1632/1193/1808
f 1632/1193/1808 1633/1194/1807 1635/1196/1809 1634/1195/1810
f 1634/1195/1810 1635/1196/1809 1637/1198/1811 1636/1197/1812
f 1636/1197/1812 1637/1198/1811 1639/1200/1813 1638/1199/1814
f 1638/1199/1814 1639/1200/1813 1641/1202/1815 1640/1201/1816
f 1640/1201/1816 1641/1202/1815 1643/1204/1817 1642/1203/1818
f 1642/1203/1818 1643/1204/1817 1645/1206/1819 1644/1205/1820
f 1644/1205/1820 1645/1206/1819 1607/1170/1782 1606/1167/1781
f 1636/1197/1821 1638/1199/1822 1721/1208/1822 1687/1207/1821
f 1646/1209/1823 1647/1228/1823 1648/1227/1823 1649/1226/1823 1650/1225/1823 1651/1224/1823 1652/1223/1823 1653/1222/1823 1654/1221/1823 1655/1220/1823 1656/1219/1823 1657/1218/1823 1658/1217/1823 1659/1216/1823 1660/1215/1823 1661/1214/1823 1662/1213/1823 1663/1212/1823 1664/1211/1823 1665/1210/1823
f 1606/1167/1824 1608/1168/1825 1707/1230/1825 1691/1229/1824
f 1612/1173/1826 1614/1175/1827 1723/1232/1827 1695/1231/1826
f 1622/1183/1828 1624/1185/1829 1725/1234/1829 1699/1233/1828
f 1630/1191/1830 1632/1193/1831 1703/1236/1831 1704/1235/1830
f 1644/1205/1832 1606/1167/1824 1691/1229/1824 1692/1237/1832
f 1640/1201/1833 1642/1203/1834 1709/1239/1834 1710/1238/1833
f 1616/1177/1835 1618/1179/1836 1713/1241/1836 1714/1240/1835
f 1626/1187/1837 1628/1189/1838 1717/1243/1838 1718/1242/1837
f 1634/1195/1839 1636/1197/1821 1687/1207/1821 1688/1244/1839
f 1610/1171/1840 1612/1173/1826 1695/1231/1826 1696/1245/1840
f 1620/1181/1841 1622/1183/1828 1699/1233/1828 1700/1246/1841
f 1690/1247/1842 1706/1248/1843 1647/1228/1843 1646/1209/1842
f 1694/1249/1844 1722/1250/1845 1650/1225/1845 1649/1226/1844
f 1698/1251/1846 1724/1252/1847 1655/1220/1847 1654/1221/1846
f 1705/1253/1848 1702/1254/1849 1659/1216/1849 1658/1217/1848
f 1711/1255/1850 1708/1256/1851 1664/1211/1851 1663/1212/1850
f 1715/1257/1852 1712/1258/1853 1652/1223/1853 1651/1224/1852
f 1719/1259/1854 1716/1260/1855 1657/1218/1855 1656/1219/1854
f 1684/1261/1823 1683/1264/1823 1682/1263/1823 1685/1262/1823
f 1724/1252/1847 1719/1259/1854 1656/1219/1854 1655/1220/1847
f 1722/1250/1845 1715/1257/1852 1651/1224/1852 1650/1225/1845
f 1720/1265/1856 1711/1255/1850 1663/1212/1850 1662/1213/1856
f 1716/1260/1855 1705/1253/1848 1658/1217/1848 1657/1218/1855
f 1712/1258/1853 1701/1266/1857 1653/1222/1857 1652/1223/1853
f 1706/1248/1843 1697/1267/1858 1648/1227/1858 1647/1228/1843
f 1708/1256/1851 1693/1268/1859 1665/1210/1859 1664/1211/1851
f 1702/1254/1849 1689/1269/1860 1660/1215/1860 1659/1216/1849
f 1618/1179/1836 1620/1181/1841 1700/1246/1841 1713/1241/1836
f 1608/1168/1825 1610/1171/1840 1696/1245/1840 1707/1230/1825
f 1632/1193/1831 1634/1195/1839 1688/1244/1839 1703/1236/1831
f 1624/1185/1829 1626/1187/1837 1718/1242/1837 1725/1234/1829
f 1614/1175/1827 1616/1177/1835 1714/1240/1835 1723/1232/1827
f 1638/1199/1822 1640/1201/1833 1710/1238/1833 1721/1208/1822
f 1642/1203/1834 1644/1205/1832 1692/1237/1832 1709/1239/1834
f 1628/1189/1838 1630/1191/1830 1704/1235/1830 1717/1243/1838
f 1701/1266/1857 1698/1251/1846 1654/1221/1846 1653/1222/1857
f 1697/1267/1858 1694/1249/1844 1649/1226/1844 1648/1227/1858
f 1693/1268/1859 1690/1247/1842 1646/1209/1842 1665/1210/1859
f 1689/1269/1860 1686/1270/1861 1661/1214/1861 1660/1215/1860
f 1708/1271/1862 1711/1274/1863 1676/1273/1864 1732/1272/1862
f 1686/1275/1865 1689/1278/1866 1735/1277/1866 1742/1276/1865
f 1703/1279/1867 1688/1282/1868 1734/1281/1868 1737/1280/1867
f 1714/1283/1869 1713/1286/1870 1666/1285/1870 1681/1284/1869
f 1701/1287/1871 1712/1290/1872 1667/1289/1873 1668/1288/1871
f 1692/1291/1874 1691/1294/1875 1745/1293/1875 1730/1292/1874
f 1725/1295/1876 1718/1296/1877 1685/1262/1877 1682/1263/1876
f 1712/1290/1872 1715/1298/1878 1680/1297/1878 1667/1289/1873
f 1690/1299/1879 1693/1302/1880 1731/1301/1880 1744/1300/1879
f 1689/1278/1866 1702/1304/1881 1736/1303/1881 1735/1277/1866
f 1718/1296/1877 1717/1306/1882 1670/1305/1882 1685/1262/1877
f 1717/1306/1882 1704/1308/1883 1673/1307/1883 1670/1305/1882
f 1696/1309/1884 1695/1312/1885 1741/1311/1885 1726/1310/1884
f 1719/1313/1886 1724/1314/1887 1683/1264/1887 1684/1261/1886
f 1716/1315/1888 1719/1313/1886 1684/1261/1886 1671/1316/1888
f 1694/1317/1889 1697/1320/1890 1727/1319/1890 1740/1318/1889
f 1709/1321/1891 1692/1291/1874 1730/1292/1874 1733/1322/1891
f 1687/1323/1892 1721/1326/1893 1674/1325/1893 1743/1324/1892
f 1705/1327/1894 1716/1315/1888 1671/1316/1888 1672/1328/1894
f 1700/1329/1895 1699/1332/1896 1739/1331/1896 1669/1330/1895
f 1686/1270/1861 1720/1265/1856 1662/1213/1856 1661/1214/1861
f 1680/1297/1823 1679/1334/1823 1678/1333/1823 1681/1284/1823
f 1676/1273/1823 1675/1337/1823 1674/1336/1823 1677/1335/1823
f 1672/1328/1897 1671/1316/1897 1670/1305/1897 1673/1307/1897
f 1668/1288/1823 1667/1289/1823 1666/1285/1823 1669/1330/1823
f 1727/1319/1897 1728/1339/1823 1729/1338/1823 1726/1310/1897
f 1731/1301/1897 1732/1272/1823 1733/1322/1823 1730/1292/1897
f 1735/1277/1823 1736/1303/1823 1737/1280/1823 1734/1281/1823
f 1683/1264/1823 1738/1340/1823 1739/1331/1823 1682/1263/1823
f 1679/1334/1823 1740/1318/1823 1741/1311/1823 1678/1333/1823
f 1675/1341/1823 1742/1276/1823 1743/1324/1823 1674/1325/1823
f 1671/1316/1897 1684/1261/1823 1685/1262/1823 1670/1305/1897
f 1667/1289/1823 1680/1297/1823 1681/1284/1823 1666/1285/1823
f 1732/1272/1823 1676/1273/1823 1677/1335/1823 1733/1322/1823
f 1728/1339/1823 1744/1300/1823 1745/1293/1823 1729/1338/1823
f 1736/1303/1823 1672/1328/1897 1673/1307/1897 1737/1280/1823
f 1738/1340/1823 1668/1288/1823 1669/1330/1823 1739/1331/1823
f 1740/1318/1823 1727/1319/1897 1726/1310/1897 1741/1311/1823
f 1744/1300/1823 1731/1301/1897 1730/1292/1897 1745/1293/1823
f 1742/1276/1823 1735/1277/1823 1734/1281/1823 1743/1324/1823
f 1715/1298/1878 1722/1342/1898 1679/1334/1898 1680/1297/1878
f 1724/1314/1887 1698/1343/1899 1738/1340/1899 1683/1264/1887
f 1688/1282/1868 1687/1323/1892 1743/1324/1892 1734/1281/1868
f 1713/1286/1870 1700/1329/1895 1669/1330/1895 1666/1285/1870
f 1710/1344/1900 1709/1321/1891 1733/1322/1891 1677/1335/1900
f 1706/1345/1901 1690/1299/1879 1744/1300/1879 1728/1339/1901
f 1723/1346/1902 1714/1283/1869 1681/1284/1869 1678/1333/1902
f 1699/1332/1896 1725/1295/1876 1682/1263/1876 1739/1331/1896
f 1697/1320/1890 1706/1345/1901 1728/1339/1901 1727/1319/1890
f 1722/1342/1898 1694/1317/1889 1740/1318/1889 1679/1334/1898
f 1691/1294/1875 1707/1347/1903 1729/1338/1903 1745/1293/1875
f 1711/1274/1863 1720/1348/1904 1675/1337/1904 1676/1273/1864
f 1707/1347/1903 1696/1309/1884 1726/1310/1884 1729/1338/1903
f 1702/1304/1881 1705/1327/1894 1672/1328/1894 1736/1303/1881
f 1695/1312/1885 1723/1346/1902 1678/1333/1902 1741/1311/1885
f 1704/1308/1883 1703/1279/1867 1737/1280/1867 1673/1307/1883
f 1721/1349/1893 1710/1344/1900 1677/1335/1900 1674/1336/1893
f 1720/1350/1904 1686/1275/1865 1742/1276/1865 1675/1341/1904
f 1693/1302/1880 1708/1271/1862 1732/1272/1862 1731/1301/1880
f 1698/1343/1899 1701/1287/1871 1668/1288/1871 1738/1340/1899
f 1781/1351/1905 1763/1354/1906 1755/1353/1907 1773/1352/1908
f 1759/1355/1909 1750/1358/1910 1751/1357/1911 1760/1356/1912
f 1775/1359/1913 1774/1362/1914 1756/1361/1915 1757/1360/1916
f 1776/1363/1917 1775/1359/1913 1757/1360/1916 1758/1364/1918
f 1777/1365/1919 1776/1363/1917 1758/1364/1918 1759/1355/1909
f 1778/1366/1920 1777/1365/1919 1759/1355/1909 1760/1356/1912
f 1779/1367/1921 1778/1366/1920 1760/1356/1912 1761/1368/1922
f 1780/1369/1923 1779/1367/1921 1761/1368/1922 1762/1370/1924
f 1781/1371/1905 1780/1369/1923 1762/1370/1924 1763/1372/1906
f 1772/1373/1925 1781/1351/1925 1773/1352/1926 1764/1374/1927
f 1771/1375/1928 1780/1369/1928 1781/1371/1925 1772/1376/1925
f 1770/1377/1929 1779/1367/1929 1780/1369/1928 1771/1375/1928
f 1769/1378/1930 1778/1366/1930 1779/1367/1929 1770/1377/1929
f 1768/1379/1931 1777/1365/1931 1778/1366/1930 1769/1378/1930
f 1767/1380/1932 1776/1363/1932 1777/1365/1931 1768/1379/1931
f 1766/1381/1933 1775/1359/1934 1776/1363/1932 1767/1380/1932
f 1765/1382/1935 1774/1362/1936 1775/1359/1934 1766/1381/1933
f 1760/1356/1912 1751/1357/1911 1752/1383/1937 1761/1368/1922
f 1756/1361/1915 1747/1385/1938 1748/1384/1939 1757/1360/1916
f 1763/1354/1906 1754/1387/1940 1746/1386/1941 1755/1353/1907
f 1761/1368/1922 1752/1383/1937 1753/1388/1942 1762/1370/1924
f 1757/1360/1916 1748/1384/1939 1749/1389/1943 1758/1364/1918
f 1762/1370/1924 1753/1388/1942 1754/1390/1940 1763/1372/1906
f 1758/1364/1918 1749/1389/1943 1750/1358/1910 1759/1355/1909
f 1809/1351/1944 1773/1352/1908 1755/1353/1907 1795/1354/1945
f 1791/1355/1946 1792/1356/1947 1785/1357/1948 1784/1358/1949
f 1803/1359/1950 1789/1360/1951 1756/1361/1915 1774/1362/1914
f 1804/1363/1952 1790/1364/1953 1789/1360/1951 1803/1359/1950
f 1805/1365/1954 1791/1355/1946 1790/1364/1953 1804/1363/1952
f 1806/1366/1955 1792/1356/1947 1791/1355/1946 1805/1365/1954
f 1807/1367/1956 1793/1368/1957 1792/1356/1947 1806/1366/1955
f 1808/1369/1958 1794/1370/1959 1793/1368/1957 1807/1367/1956
f 1809/1371/1944 1795/1372/1945 1794/1370/1959 1808/1369/1958
f 1802/1373/1960 1764/1374/1927 1773/1352/1926 1809/1351/1960
f 1801/1375/1961 1802/1376/1960 1809/1371/1960 1808/1369/1961
f 1800/1377/1962 1801/1375/1961 1808/1369/1961 1807/1367/1962
f 1799/1378/1963 1800/1377/1962 1807/1367/1962 1806/1366/1963
f 1798/1379/1964 1799/1378/1963 1806/1366/1963 1805/1365/1964
f 1797/1380/1965 1798/1379/1964 1805/1365/1964 1804/1363/1965
f 1796/1381/1966 1797/1380/1965 1804/1363/1965 1803/1359/1966
f 1765/1382/1935 1796/1381/1966 1803/1359/1966 1774/1362/1936
f 1792/1356/1947 1793/1368/1957 1786/1383/1967 1785/1357/1948
f 1756/1361/1915 1789/1360/1951 1782/1384/1968 1747/1385/1938
f 1795/1354/1945 1755/1353/1907 1746/1386/1941 1788/1387/1969
f 1793/1368/1957 1794/1370/1959 1787/1388/1970 1786/1383/1967
f 1789/1360/1951 1790/1364/1953 1783/1389/1971 1782/1384/1968
f 1794/1370/1959 1795/1372/1945 1788/1390/1969 1787/1388/1970
f 1790/1364/1953 1791/1355/1946 1784/1358/1949 1783/1389/1971
f 1611/1391/1785 1812/1394/1972 1813/1393/1973 1613/1392/1787
f 1621/1395/1795 1817/1398/1974 1818/1397/1975 1623/1396/1797
f 1631/1399/1805 1822/1402/1976 1823/1401/1977 1633/1400/1807
f 1607/1403/1782 1810/1406/1978 1811/1405/1979 1609/1404/1783
f 1641/1407/1815 1827/1410/1980 1828/1409/1981 1643/1408/1817
f 1617/1411/1791 1815/1414/1982 1816/1413/1983 1619/1412/1793
f 1627/1415/1801 1820/1418/1984 1821/1417/1985 1629/1416/1803
f 1637/1419/1811 1825/1422/1986 1826/1421/1987 1639/1420/1813
f 1613/1392/1787 1813/1393/1973 1814/1424/1988 1615/1423/1789
f 1623/1396/1797 1818/1397/1975 1819/1426/1989 1625/1425/1799
f 1633/1400/1807 1823/1401/1977 1824/1428/1990 1635/1427/1809
f 1643/1408/1817 1828/1409/1981 1829/1430/1991 1645/1429/1819
f 1609/1404/1783 1811/1405/1979 1812/1394/1972 1611/1391/1785
f 1619/1412/1793 1816/1413/1983 1817/1398/1974 1621/1395/1795
f 1629/1416/1803 1821/1417/1985 1822/1402/1976 1631/1399/1805
f 1639/1420/1813 1826/1421/1987 1827/1410/1980 1641/1407/1815
f 1645/1429/1819 1829/1430/1991 1810/1406/1978 1607/1403/1782
f 1615/1423/1789 1814/1424/1988 1815/1414/1982 1617/1411/1791
f 1625/1425/1799 1819/1426/1989 1820/1418/1984 1627/1415/1801
f 1635/1427/1809 1824/1428/1990 1825/1422/1986 1637/1419/1811
o QuadOrb_Legs
v 0.709693 0.468087 0.740225
v 0.761635 0.454772 0.776013
v 0.743257 0.485476 0.759061
v 0.932445 0.002456 0.961124
v 0.677362 0.411112 0.728719
v 0.925177 0.009447 0.955270
v 0.763311 0.473980 0.749265
v 0.749399 0.475215 0.764727
v 0.698888 0.449046 0.736380
v 0.957731 0.075110 0.956631
v 0.774662 0.453548 0.761371
v 0.752544 0.484554 0.748479
v 0.947360 0.016978 0.964621
v 0.956261 0.076843 0.964249
v 0.898952 0.049415 0.931715
v 0.959456 0.077002 0.961734
v 0.731415 0.479830 0.752335
v 0.949774 0.004950 0.971919
v 0.736701 0.441243 0.762121
v 0.945055 0.016552 0.966952
v 0.733182 0.466935 0.755606
v 0.979059 0.033741 0.983034
v 0.972422 0.007973 0.983228
v 0.944904 0.067337 0.958474
v 0.953702 0.075836 0.960775
v 0.946420 0.067964 0.957365
v 0.950877 0.005010 0.971107
v 0.826828 0.346011 0.819013
v 0.795826 0.335523 0.817826
v 0.817256 0.346747 0.829810
v 0.740995 0.306774 0.787071
v 0.779315 0.463709 0.667558
v 0.816519 0.451321 0.718728
v 0.800640 0.481868 0.699169
v 0.981553 -0.000632 0.909869
v 0.762978 0.405728 0.639359
v 0.975811 0.006263 0.902422
v 0.791074 0.472234 0.720287
v 0.805947 0.471659 0.705706
v 0.773856 0.444332 0.658134
v 0.982565 0.073548 0.930711
v 0.802426 0.451802 0.732394
v 0.790446 0.482171 0.708919
v 0.986577 0.014512 0.923689
v 0.990200 0.074709 0.928826
v 0.953554 0.045981 0.874726
v 0.987844 0.075217 0.932105
v 0.793066 0.475954 0.687989
v 0.993240 0.002217 0.926552
v 0.800742 0.437216 0.695280
v 0.988774 0.013803 0.921322
v 0.795631 0.463008 0.690425
v 1.007359 0.031962 0.953497
v 1.005708 0.005879 0.948485
v 0.983364 0.064918 0.918333
v 0.986561 0.073770 0.926480
v 0.982362 0.065704 0.919850
v 0.992483 0.002394 0.927682
v 0.855771 0.344191 0.788804
v 0.852575 0.331954 0.758595
v 0.866155 0.343672 0.778772
v 0.817735 0.301948 0.706976
v 0.750557 0.465960 0.737529
v 0.743297 0.479164 0.739945
v 0.778321 0.464214 0.708551
v 0.781199 0.476780 0.700385
v 0.412524 0.485646 0.458962
v 0.230455 0.722059 0.265222
v 0.168177 0.627995 0.248889
v 0.424066 0.485776 0.446722
v 0.216278 0.713161 0.263521
v 0.400817 0.474327 0.459208
v 0.345464 0.556336 0.388126
v 0.274247 0.457116 0.369658
v 0.332746 0.541260 0.392248
v 0.375905 0.541063 0.418914
v 0.292060 0.427828 0.390085
v 0.364205 0.526039 0.419316
v 0.372364 0.397295 0.457130
v 0.316246 0.388466 0.417721
v 0.483595 0.481964 0.382920
v 0.289443 0.719004 0.202108
v 0.264352 0.623013 0.145987
v 0.472197 0.483282 0.395224
v 0.286344 0.709531 0.188554
v 0.482491 0.470096 0.371822
v 0.411815 0.552899 0.317134
v 0.383734 0.451444 0.252512
v 0.414321 0.537034 0.304967
v 0.443848 0.537543 0.346219
v 0.403900 0.422035 0.270422
v 0.442720 0.521972 0.335309
v 0.474750 0.391991 0.347584
v 0.431200 0.382511 0.294727
v 0.408417 0.471234 0.443639
v 0.224890 0.707331 0.250901
v 0.176047 0.623357 0.236264
v 0.413483 0.471707 0.437340
v 0.220928 0.705315 0.249380
v 0.406963 0.467876 0.445639
v 0.342607 0.538967 0.375356
v 0.282117 0.452478 0.357033
v 0.338995 0.533646 0.378941
v 0.372779 0.523240 0.406299
v 0.299929 0.423191 0.377460
v 0.370172 0.518108 0.406113
v 0.380234 0.392657 0.444505
v 0.324116 0.383828 0.405096
v 0.467349 0.468181 0.380585
v 0.274079 0.704783 0.198271
v 0.252089 0.619418 0.154904
v 0.461443 0.469222 0.386025
v 0.272194 0.702659 0.194528
v 0.469080 0.464659 0.379178
v 0.398056 0.536095 0.316029
v 0.371471 0.447849 0.261429
v 0.401124 0.530428 0.312467
v 0.430202 0.520266 0.344859
v 0.391636 0.418440 0.279339
v 0.429590 0.515030 0.342539
v 0.462486 0.388396 0.356501
v 0.418936 0.378916 0.303644
v 0.248650 0.695841 0.284667
v 0.289553 0.636901 0.328378
v 0.223058 0.539582 0.311375
v 0.184583 0.601566 0.267568
v 0.275477 0.625786 0.328951
v 0.235353 0.685007 0.284604
v 0.352325 0.633649 0.261216
v 0.308803 0.692725 0.220306
v 0.282817 0.596477 0.162463
v 0.326121 0.534243 0.201103
v 0.307305 0.681279 0.207620
v 0.351393 0.621853 0.247725
v 0.285012 0.621342 0.314465
v 0.243882 0.680168 0.270980
v 0.192448 0.596936 0.254938
v 0.230932 0.534936 0.298755
v 0.240378 0.677034 0.270723
v 0.280827 0.618222 0.315110
v 0.294081 0.677568 0.217270
v 0.337398 0.618628 0.258414
v 0.313863 0.530640 0.210025
v 0.270548 0.592890 0.171375
v 0.337604 0.615281 0.254362
v 0.293433 0.674286 0.213957
v 0.581891 0.531932 0.544309
v 0.524937 0.451771 0.494503
v 0.621581 0.587795 0.579017
v 0.652367 0.446660 0.509989
v 0.623067 0.529644 0.500906
v 0.637539 0.519897 0.492062
v 0.818585 0.590158 0.660112
v 0.712546 0.449728 0.566918
v 0.566112 0.449483 0.451100
v 0.613632 0.395362 0.475946
v 0.580016 0.438935 0.441759
v 0.662757 0.585507 0.535614
v 0.679595 0.579089 0.528839
v 0.686472 0.571630 0.535756
v 0.713332 0.561664 0.561762
v 0.746643 0.569561 0.592947
v 0.795817 0.560005 0.640102
v 0.766097 0.586121 0.610530
v 0.785517 0.608906 0.627753
v 0.547338 0.452971 0.621365
v 0.540716 0.534220 0.587712
v 0.532166 0.525753 0.603135
v 0.713212 0.596014 0.771186
v 0.607173 0.455583 0.677992
v 0.483761 0.454059 0.537906
v 0.508259 0.401217 0.587019
v 0.474643 0.444791 0.552832
v 0.580406 0.590083 0.622420
v 0.574222 0.584945 0.639912
v 0.581099 0.577486 0.646829
v 0.607959 0.567519 0.672836
v 0.641270 0.575417 0.704021
v 0.690444 0.565861 0.751175
v 0.660724 0.591977 0.721604
v 0.680144 0.614761 0.738826
v 0.588676 0.522814 0.551226
v 0.531721 0.442653 0.501420
v 0.628366 0.578677 0.585934
v 0.643217 0.447169 0.519634
v 0.627444 0.520660 0.510360
v 0.632347 0.515086 0.505742
v 0.809435 0.590667 0.669757
v 0.703396 0.450236 0.576563
v 0.570287 0.440549 0.460705
v 0.604481 0.395871 0.485591
v 0.572108 0.436396 0.454889
v 0.667089 0.576534 0.545101
v 0.674059 0.574536 0.542498
v 0.677321 0.572139 0.545401
v 0.704181 0.562172 0.571408
v 0.737493 0.570070 0.602593
v 0.786667 0.560514 0.649747
v 0.756947 0.586630 0.620176
v 0.776367 0.609414 0.637398
v 0.556488 0.452462 0.611719
v 0.549908 0.524968 0.592091
v 0.545275 0.519925 0.597525
v 0.722362 0.595505 0.761540
v 0.616323 0.455075 0.668346
v 0.493095 0.444838 0.542073
v 0.517409 0.400709 0.577374
v 0.487175 0.441115 0.544416
v 0.589629 0.580839 0.626752
v 0.587304 0.579357 0.633946
v 0.590249 0.576977 0.637184
v 0.617109 0.567011 0.663191
v 0.650420 0.574908 0.694376
v 0.699594 0.565352 0.741530
v 0.669874 0.591468 0.711959
v 0.689294 0.614253 0.729181
v 0.728856 0.562934 0.576423
v 0.719706 0.563442 0.586069
v 0.623483 0.568789 0.687497
v 0.632633 0.568281 0.677852
v 0.696389 0.562017 0.602776
v 0.681435 0.687013 0.580918
v 0.747259 0.595463 0.649500
v 0.709917 0.563191 0.615666
v 0.695944 0.591009 0.600603
v 0.643592 0.650848 0.546840
v 0.659831 0.685139 0.560332
v 0.671845 0.563561 0.628393
v 0.670413 0.656849 0.621400
v 0.656892 0.688557 0.606535
v 0.685373 0.564735 0.641283
v 0.722715 0.597006 0.675116
v 0.671400 0.592553 0.626220
v 0.619049 0.652391 0.572457
v 0.635287 0.686682 0.585949
v 0.647301 0.565104 0.654010
v 0.632348 0.690100 0.632152
v 0.698171 0.598549 0.700733
v 0.660829 0.566278 0.666900
v 0.646856 0.594096 0.651837
v 0.594505 0.653935 0.598074
v 0.610744 0.688225 0.611566
v 0.513229 0.262027 0.387725
v 0.482663 0.305618 0.356430
v 0.407856 0.267882 0.498798
v 0.377290 0.311473 0.467504
v 0.504079 0.262535 0.397370
v 0.473513 0.306126 0.366075
v 0.417006 0.267374 0.489153
v 0.386440 0.310965 0.457858
v 0.753800 0.581839 0.559378
v 0.716399 0.558519 0.608363
v 0.763418 0.588227 0.568208
v 0.732950 0.569513 0.623559
v 0.770686 0.599120 0.574516
v 0.745459 0.588258 0.634414
v 0.774500 0.612858 0.577342
v 0.752022 0.611901 0.639278
v 0.774277 0.627351 0.576256
v 0.751639 0.636843 0.637408
v 0.770053 0.640392 0.571422
v 0.744369 0.659285 0.629090
v 0.762469 0.649996 0.563578
v 0.731318 0.675812 0.615591
v 0.752681 0.654700 0.553917
v 0.714473 0.683908 0.598964
v 0.742179 0.653789 0.543909
v 0.696400 0.682339 0.581742
v 0.732561 0.647400 0.535079
v 0.679848 0.671346 0.566547
v 0.725292 0.636508 0.528771
v 0.667339 0.652600 0.555691
v 0.721479 0.622769 0.525945
v 0.660776 0.628957 0.550827
v 0.721701 0.608276 0.527032
v 0.661159 0.604016 0.552697
v 0.725926 0.595235 0.531865
v 0.668430 0.581573 0.561015
v 0.733510 0.585632 0.539710
v 0.681481 0.565046 0.574515
v 0.743298 0.580928 0.549371
v 0.698325 0.556950 0.591141
v 0.728188 0.575101 0.589345
v 0.740061 0.582987 0.600245
v 0.749034 0.596433 0.608032
v 0.753741 0.613393 0.611521
v 0.753466 0.631283 0.610179
v 0.748251 0.647382 0.604213
v 0.738890 0.659237 0.594529
v 0.726807 0.665044 0.582603
v 0.713843 0.663919 0.570249
v 0.701970 0.656033 0.559350
v 0.692997 0.642587 0.551563
v 0.688289 0.625627 0.548074
v 0.688564 0.607737 0.549415
v 0.693779 0.591638 0.555382
v 0.703141 0.579783 0.565065
v 0.715224 0.573976 0.576991
v 0.728645 0.562595 0.593704
v 0.743887 0.572719 0.607697
v 0.755407 0.589982 0.617695
v 0.761451 0.611756 0.622173
v 0.761098 0.634725 0.620452
v 0.754403 0.655393 0.612792
v 0.742384 0.670613 0.600359
v 0.726872 0.678068 0.585048
v 0.710227 0.676624 0.569188
v 0.694984 0.666499 0.555194
v 0.683465 0.649236 0.545197
v 0.677421 0.627463 0.540718
v 0.677774 0.604494 0.542440
v 0.684469 0.583826 0.550100
v 0.696488 0.568606 0.562532
v 0.712000 0.561151 0.577844
v 0.684977 0.560495 0.641159
v 0.701529 0.571488 0.656354
v 0.714038 0.590234 0.667210
v 0.720600 0.613877 0.672073
v 0.720218 0.638818 0.670204
v 0.712947 0.661261 0.661886
v 0.699896 0.677788 0.648386
v 0.683052 0.685884 0.631760
v 0.664978 0.684315 0.614538
v 0.648427 0.673321 0.599342
v 0.635917 0.654576 0.588486
v 0.629355 0.630933 0.583623
v 0.629738 0.605992 0.585493
v 0.637008 0.583549 0.593810
v 0.650059 0.567022 0.607310
v 0.666903 0.558926 0.623937
v 0.607776 0.591021 0.711787
v 0.653556 0.562470 0.673955
v 0.617394 0.597410 0.720617
v 0.670107 0.573464 0.689150
v 0.624663 0.608302 0.726925
v 0.682616 0.592210 0.700006
v 0.628477 0.622041 0.729751
v 0.689179 0.615853 0.704869
v 0.628254 0.636533 0.728665
v 0.688796 0.640794 0.702999
v 0.624029 0.649575 0.723831
v 0.681526 0.663237 0.694682
v 0.616446 0.659178 0.715987
v 0.668475 0.679764 0.681182
v 0.606658 0.663883 0.706326
v 0.651630 0.687859 0.664555
v 0.596155 0.662971 0.696318
v 0.633556 0.686291 0.647334
v 0.586538 0.656583 0.687489
v 0.617005 0.675297 0.632138
v 0.579269 0.645690 0.681180
v 0.604496 0.656552 0.621282
v 0.575455 0.631952 0.678354
v 0.597933 0.632909 0.616419
v 0.575678 0.617459 0.679441
v 0.598316 0.607968 0.618288
v 0.579902 0.604418 0.684274
v 0.605586 0.585525 0.626606
v 0.587486 0.594814 0.692119
v 0.618637 0.568998 0.640106
v 0.597274 0.590110 0.701780
v 0.635482 0.560902 0.656733
v 0.636113 0.580891 0.685447
v 0.647985 0.588777 0.696347
v 0.656958 0.602223 0.704134
v 0.661666 0.619183 0.707623
v 0.661391 0.637073 0.706281
v 0.656176 0.653172 0.700315
v 0.646814 0.665027 0.690631
v 0.634732 0.670834 0.678705
v 0.621767 0.669709 0.666351
v 0.609894 0.661823 0.655452
v 0.600922 0.648377 0.647664
v 0.596214 0.631417 0.644176
v 0.596489 0.613526 0.645517
v 0.601704 0.597428 0.651484
v 0.611065 0.585573 0.661167
v 0.623148 0.579766 0.673093
v 0.639728 0.568186 0.686509
v 0.654971 0.578311 0.700503
v 0.666491 0.595574 0.710500
v 0.672534 0.617347 0.714979
v 0.672182 0.640316 0.713257
v 0.665486 0.660984 0.705597
v 0.653467 0.676204 0.693165
v 0.637955 0.683659 0.677853
v 0.621310 0.682215 0.661993
v 0.606068 0.672091 0.647999
v 0.594548 0.654828 0.638002
v 0.588504 0.633054 0.633523
v 0.588857 0.610085 0.635245
v 0.595552 0.589418 0.642905
v 0.607571 0.574197 0.655337
v 0.623084 0.566742 0.670649
v 0.688907 0.669492 0.589132
v 0.695264 0.635262 0.597286
v 0.681063 0.656179 0.610284
v 0.680432 0.654045 0.581943
v 0.693274 0.653590 0.594275
v 0.732658 0.673075 0.630835
v 0.746579 0.639715 0.646182
v 0.742375 0.657788 0.641065
v 0.708191 0.674543 0.656530
v 0.722036 0.641259 0.671799
v 0.717853 0.659310 0.666705
v 0.646177 0.638349 0.648519
v 0.639820 0.672579 0.640366
v 0.631345 0.657132 0.633177
v 0.659763 0.657518 0.632516
v 0.644187 0.656677 0.645509
v 0.697492 0.642802 0.697416
v 0.683571 0.676161 0.682069
v 0.693287 0.660875 0.692299
v 0.703180 0.688900 0.601638
v 0.725170 0.680399 0.623219
v 0.714680 0.686850 0.612780
v 0.678636 0.690444 0.627255
v 0.700627 0.681942 0.648836
v 0.690137 0.688393 0.638397
v 0.676083 0.683485 0.674453
v 0.654092 0.691987 0.652872
v 0.665593 0.689936 0.664014
v 0.708192 0.608223 0.577283
v 0.690782 0.623997 0.559652
v 0.757839 0.686005 0.620163
v 0.729965 0.685386 0.593495
v 0.710149 0.774009 0.622973
v 0.723586 0.756258 0.607247
v 0.716307 0.771357 0.616317
v 0.721225 0.764860 0.610561
v 0.744742 0.758296 0.627523
v 0.729781 0.775911 0.641667
v 0.741619 0.766829 0.630047
v 0.736143 0.773277 0.635224
v 0.695700 0.608266 0.589452
v 0.680176 0.626995 0.573450
v 0.745828 0.684051 0.632831
v 0.717869 0.684480 0.606200
v 0.709042 0.756748 0.625890
v 0.712252 0.750946 0.619539
v 0.711160 0.755791 0.623293
v 0.711854 0.754297 0.621432
v 0.733462 0.752807 0.639784
v 0.728690 0.758646 0.644568
v 0.732377 0.756051 0.640806
v 0.731095 0.757639 0.642103
v 0.715102 0.776834 0.656988
v 0.695470 0.774932 0.638294
v 0.715460 0.759478 0.658377
v 0.695828 0.757579 0.639682
v 0.625182 0.613443 0.663923
v 0.607772 0.629216 0.646292
v 0.674829 0.691225 0.706803
v 0.646955 0.690605 0.680135
v 0.680791 0.775855 0.653614
v 0.664642 0.759965 0.668768
v 0.674270 0.774000 0.660193
v 0.668359 0.768184 0.665740
v 0.685927 0.761994 0.688910
v 0.700423 0.777757 0.672309
v 0.688817 0.770150 0.685158
v 0.694123 0.775919 0.679082
v 0.636763 0.611972 0.650966
v 0.621239 0.630701 0.634965
v 0.686808 0.687762 0.694432
v 0.659031 0.688180 0.667611
v 0.682614 0.758410 0.653474
v 0.676076 0.753220 0.657297
v 0.680061 0.757747 0.655752
v 0.678147 0.756416 0.656613
v 0.697321 0.755079 0.677506
v 0.702230 0.760310 0.672186
v 0.698487 0.758182 0.676178
v 0.699819 0.759606 0.674748
v 0.490504 0.301192 0.444901
v 0.484031 0.300122 0.449512
v 0.476916 0.296651 0.450798
v 0.471068 0.291709 0.448413
v 0.468052 0.286620 0.442998
v 0.468677 0.282748 0.436003
v 0.472776 0.281130 0.429303
v 0.479250 0.282200 0.424692
v 0.486364 0.285671 0.423406
v 0.492212 0.290613 0.425790
v 0.495228 0.295702 0.431205
v 0.494603 0.299575 0.438200
v 0.466039 0.302460 0.471078
v 0.470137 0.300842 0.464377
v 0.470762 0.296970 0.457382
v 0.467747 0.291881 0.451967
v 0.461898 0.286939 0.449583
v 0.454784 0.283468 0.450869
v 0.448310 0.282397 0.455480
v 0.444212 0.284015 0.462180
v 0.443586 0.287887 0.469175
v 0.446602 0.292976 0.474590
v 0.452451 0.297918 0.476975
v 0.459565 0.301390 0.475689
v 0.193342 0.795168 0.149749
v 0.201410 0.796502 0.144003
v 0.184475 0.790842 0.151352
v 0.177186 0.784682 0.148380
v 0.173427 0.778340 0.141631
v 0.174206 0.773514 0.132913
v 0.179314 0.771498 0.124562
v 0.187383 0.772831 0.118815
v 0.196250 0.777158 0.117213
v 0.203539 0.783317 0.120184
v 0.207297 0.789660 0.126933
v 0.206518 0.794485 0.135651
v 0.175355 0.796100 0.168994
v 0.170247 0.798116 0.177345
v 0.176134 0.791274 0.160276
v 0.172376 0.784932 0.153527
v 0.165086 0.778772 0.150556
v 0.156220 0.774446 0.152158
v 0.148151 0.773112 0.157905
v 0.143043 0.775128 0.166256
v 0.142264 0.779954 0.174974
v 0.146023 0.786297 0.181723
v 0.153312 0.792456 0.184694
v 0.162179 0.796782 0.183092
v 0.824153 0.362827 0.761563
v 0.689421 0.604155 0.611134
v 0.817618 0.361818 0.766101
v 0.681277 0.602896 0.616791
v 0.810474 0.358386 0.767324
v 0.672373 0.598619 0.618314
v 0.804634 0.353452 0.764903
v 0.665094 0.592470 0.615297
v 0.801663 0.348337 0.759487
v 0.661391 0.586095 0.608548
v 0.802357 0.344412 0.752528
v 0.662256 0.581204 0.599874
v 0.806531 0.342729 0.745890
v 0.667458 0.579106 0.591601
v 0.813065 0.343739 0.741352
v 0.675602 0.580364 0.585945
v 0.820210 0.347171 0.740129
v 0.684507 0.584642 0.584421
v 0.826050 0.352105 0.742550
v 0.691785 0.590791 0.587438
v 0.829021 0.357220 0.747966
v 0.695488 0.597166 0.594188
v 0.828327 0.361144 0.754925
v 0.694623 0.602057 0.602861
v 0.799373 0.364385 0.787427
v 0.657857 0.606139 0.644078
v 0.803547 0.362702 0.780789
v 0.663059 0.604042 0.635805
v 0.804241 0.358778 0.773829
v 0.663925 0.599150 0.627132
v 0.801270 0.353663 0.768414
v 0.660222 0.592776 0.620382
v 0.795430 0.348729 0.765993
v 0.652943 0.586626 0.617365
v 0.788285 0.345297 0.767215
v 0.644039 0.582349 0.618888
v 0.781751 0.344288 0.771754
v 0.635895 0.581091 0.624545
v 0.777577 0.345970 0.778392
v 0.630693 0.583188 0.632818
v 0.776883 0.349895 0.785351
v 0.629828 0.588080 0.641491
v 0.779854 0.355010 0.790767
v 0.633530 0.594454 0.648241
v 0.785694 0.359944 0.793188
v 0.640809 0.600604 0.651258
v 0.792839 0.363376 0.791965
v 0.649713 0.604881 0.649734
v 0.483695 0.320681 0.430792
v 0.478434 0.319365 0.439188
v 0.477341 0.315033 0.448129
v 0.480709 0.308844 0.455218
v 0.487635 0.302458 0.458557
v 0.496263 0.297585 0.457250
v 0.504282 0.295531 0.451649
v 0.509543 0.296847 0.443252
v 0.510636 0.301179 0.434312
v 0.507268 0.307368 0.427222
v 0.500342 0.313754 0.423883
v 0.491714 0.318627 0.425190
v 0.452287 0.322426 0.463898
v 0.460306 0.320372 0.458296
v 0.468935 0.315500 0.456990
v 0.475861 0.309113 0.460328
v 0.479229 0.302925 0.467418
v 0.478136 0.298592 0.476359
v 0.472875 0.297276 0.484755
v 0.464856 0.299330 0.490357
v 0.456227 0.304203 0.491663
v 0.449301 0.310589 0.488325
v 0.445934 0.316778 0.481235
v 0.447027 0.321110 0.472294
v 0.678507 0.620083 0.606592
v 0.674286 0.619027 0.613329
v 0.673409 0.615551 0.620502
v 0.676111 0.610585 0.626191
v 0.681668 0.605461 0.628870
v 0.688592 0.601551 0.627821
v 0.695026 0.599903 0.623327
v 0.699247 0.600959 0.616590
v 0.700124 0.604436 0.609416
v 0.697421 0.609401 0.603728
v 0.691864 0.614525 0.601049
v 0.684941 0.618435 0.602097
v 0.653850 0.621453 0.632583
v 0.660284 0.619805 0.628088
v 0.667207 0.615895 0.627040
v 0.672764 0.610771 0.629719
v 0.675466 0.605806 0.635407
v 0.674589 0.602329 0.642581
v 0.670368 0.601274 0.649318
v 0.663934 0.602921 0.653813
v 0.657011 0.606831 0.654861
v 0.651454 0.611955 0.652182
v 0.648752 0.616921 0.646494
v 0.649629 0.620397 0.639320
v 0.569162 0.260544 0.366838
v 0.536326 0.239987 0.421769
v 0.577180 0.270381 0.373925
v 0.550124 0.256916 0.433966
v 0.581961 0.283558 0.377767
v 0.558353 0.279594 0.440578
v 0.582779 0.298071 0.377778
v 0.559761 0.304568 0.440597
v 0.579509 0.311708 0.373957
v 0.554133 0.328037 0.434021
v 0.572649 0.322395 0.366885
v 0.542327 0.346428 0.421851
v 0.563243 0.328503 0.357640
v 0.526139 0.356941 0.405940
v 0.552722 0.329104 0.347628
v 0.508034 0.357974 0.388710
v 0.542690 0.324106 0.338374
v 0.490769 0.349372 0.372784
v 0.534672 0.314268 0.331286
v 0.476972 0.332443 0.360587
v 0.529891 0.301091 0.327444
v 0.468742 0.309765 0.353976
v 0.529073 0.286578 0.327433
v 0.467335 0.284791 0.353957
v 0.532343 0.272941 0.331255
v 0.472962 0.261321 0.360533
v 0.539203 0.262254 0.338326
v 0.484769 0.242931 0.372703
v 0.548609 0.256146 0.347572
v 0.500956 0.232418 0.388614
v 0.559130 0.255545 0.357584
v 0.519061 0.231384 0.405844
v 0.551850 0.254227 0.391694
v 0.561748 0.266370 0.400443
v 0.567650 0.282638 0.405185
v 0.568660 0.300552 0.405199
v 0.564623 0.317387 0.400482
v 0.556155 0.330579 0.391752
v 0.544543 0.338120 0.380339
v 0.531556 0.338861 0.367980
v 0.519172 0.332691 0.356556
v 0.509275 0.320547 0.347807
v 0.503372 0.304280 0.343065
v 0.502362 0.286366 0.343051
v 0.506399 0.269531 0.347768
v 0.514868 0.256339 0.356498
v 0.526479 0.248798 0.367911
v 0.539466 0.248057 0.380270
v 0.554115 0.243223 0.399183
v 0.566821 0.258813 0.410415
v 0.574400 0.279698 0.416503
v 0.575696 0.302698 0.416521
v 0.570514 0.324311 0.410465
v 0.559641 0.341247 0.399257
v 0.544733 0.350928 0.384605
v 0.528060 0.351880 0.368737
v 0.512161 0.343958 0.354071
v 0.499454 0.328368 0.342838
v 0.491876 0.307484 0.336750
v 0.490579 0.284484 0.336733
v 0.495762 0.262871 0.342789
v 0.506635 0.245934 0.353996
v 0.521542 0.236253 0.368649
v 0.538215 0.235301 0.384516
v 0.489109 0.242611 0.471541
v 0.502907 0.259539 0.483737
v 0.511136 0.282217 0.490349
v 0.512544 0.307192 0.490368
v 0.506916 0.330661 0.483792
v 0.495110 0.349052 0.471622
v 0.478922 0.359564 0.455711
v 0.460817 0.360598 0.438481
v 0.443552 0.351996 0.422555
v 0.429755 0.335067 0.410358
v 0.421526 0.312389 0.403747
v 0.420118 0.287414 0.403728
v 0.425745 0.263945 0.410304
v 0.437552 0.245554 0.422474
v 0.453740 0.235042 0.438385
v 0.471844 0.234008 0.455615
v 0.389972 0.270501 0.555722
v 0.441893 0.245234 0.521312
v 0.397989 0.280338 0.562809
v 0.455690 0.262163 0.533509
v 0.402771 0.293516 0.566651
v 0.463919 0.284841 0.540120
v 0.403589 0.308028 0.566662
v 0.465327 0.309816 0.540139
v 0.400319 0.321665 0.562841
v 0.459699 0.333285 0.533563
v 0.393459 0.332352 0.555769
v 0.447893 0.351676 0.521393
v 0.384052 0.338461 0.546524
v 0.431705 0.362188 0.505482
v 0.373532 0.339061 0.536511
v 0.413601 0.363222 0.488252
v 0.363499 0.334063 0.527257
v 0.396335 0.354620 0.472326
v 0.355482 0.324226 0.520170
v 0.382538 0.337691 0.460129
v 0.350700 0.311048 0.516328
v 0.374309 0.315013 0.453518
v 0.349882 0.296536 0.516317
v 0.372901 0.290038 0.453499
v 0.353152 0.282898 0.520139
v 0.378529 0.266569 0.460075
v 0.360013 0.272212 0.527210
v 0.390335 0.248178 0.472245
v 0.369419 0.266103 0.536456
v 0.406523 0.237666 0.488156
v 0.379939 0.265502 0.546468
v 0.424627 0.236632 0.505386
v 0.413490 0.261916 0.537539
v 0.423387 0.274059 0.546288
v 0.429290 0.290326 0.551031
v 0.430300 0.308241 0.551044
v 0.426263 0.325076 0.546327
v 0.417794 0.338267 0.537598
v 0.406182 0.345808 0.526184
v 0.393196 0.346550 0.513825
v 0.380811 0.340379 0.502401
v 0.370914 0.328236 0.493652
v 0.365011 0.311969 0.488910
v 0.364001 0.294054 0.488896
v 0.368038 0.277219 0.493614
v 0.376507 0.264027 0.502343
v 0.388119 0.256487 0.513756
v 0.401105 0.255745 0.526116
v 0.420501 0.250648 0.540025
v 0.433207 0.266238 0.551257
v 0.440786 0.287123 0.557345
v 0.442082 0.310122 0.557363
v 0.436900 0.331735 0.551307
v 0.426027 0.348672 0.540099
v 0.411119 0.358353 0.525447
v 0.394446 0.359305 0.509579
v 0.378547 0.351383 0.494913
v 0.365840 0.335793 0.483681
v 0.358262 0.314909 0.477592
v 0.356965 0.291909 0.477575
v 0.362148 0.270296 0.483631
v 0.373021 0.253359 0.494838
v 0.387928 0.243678 0.509491
v 0.404601 0.242726 0.525358
v 0.820751 0.362240 -0.764220
v 0.684008 0.603958 -0.616253
v 0.814254 0.361178 -0.768800
v 0.675911 0.602634 -0.621961
v 0.807132 0.357712 -0.770054
v 0.667034 0.598314 -0.623524
v 0.801293 0.352770 -0.767646
v 0.659757 0.592155 -0.620522
v 0.798301 0.347677 -0.762221
v 0.656029 0.585808 -0.613761
v 0.798959 0.343797 -0.755233
v 0.656849 0.580972 -0.605052
v 0.803091 0.342170 -0.748555
v 0.661998 0.578945 -0.596729
v 0.809588 0.343232 -0.743975
v 0.670095 0.580268 -0.591021
v 0.816710 0.346699 -0.742721
v 0.678972 0.584589 -0.589458
v 0.822549 0.351641 -0.745129
v 0.686249 0.590748 -0.592459
v 0.825540 0.356734 -0.750554
v 0.689977 0.597095 -0.599221
v 0.824882 0.360613 -0.757542
v 0.689157 0.601931 -0.607930
v 0.796156 0.363547 -0.790274
v 0.652680 0.605623 -0.649439
v 0.800287 0.361920 -0.783595
v 0.657829 0.603595 -0.641115
v 0.800945 0.358040 -0.776607
v 0.658649 0.598760 -0.632406
v 0.797954 0.352947 -0.771182
v 0.654921 0.592412 -0.625645
v 0.792115 0.348005 -0.768774
v 0.647644 0.586253 -0.622643
v 0.784992 0.344539 -0.770028
v 0.638767 0.581933 -0.624206
v 0.778495 0.343477 -0.774608
v 0.630669 0.580609 -0.629914
v 0.774364 0.345104 -0.781286
v 0.625521 0.582636 -0.638238
v 0.773706 0.348983 -0.788274
v 0.624701 0.587472 -0.646947
v 0.776697 0.354076 -0.793699
v 0.628428 0.593819 -0.653708
v 0.782536 0.359018 -0.796107
v 0.635706 0.599978 -0.656709
v 0.789659 0.362485 -0.794853
v 0.644583 0.604299 -0.655146
v 0.705741 0.467189 -0.744361
v 0.757993 0.453856 -0.779687
v 0.739376 0.484592 -0.763057
v 0.931865 0.001082 -0.960787
v 0.673541 0.410161 -0.732746
v 0.924528 0.008081 -0.955028
v 0.759401 0.473232 -0.753044
v 0.745598 0.474320 -0.768615
v 0.694980 0.448131 -0.740480
v 0.956842 0.073858 -0.956551
v 0.770918 0.452771 -0.764943
v 0.748588 0.483770 -0.752402
v 0.946750 0.015640 -0.964262
v 0.955421 0.075540 -0.964190
v 0.897980 0.048090 -0.931909
v 0.958597 0.075726 -0.961653
v 0.727507 0.478942 -0.756383
v 0.949263 0.003577 -0.971470
v 0.733010 0.440316 -0.765896
v 0.944464 0.015191 -0.966608
v 0.729346 0.466033 -0.759562
v 0.978520 0.032412 -0.982545
v 0.971981 0.006618 -0.982631
v 0.944059 0.066025 -0.958440
v 0.952842 0.074544 -0.960729
v 0.945564 0.066665 -0.957324
v 0.950360 0.003646 -0.970650
v 0.823911 0.345086 -0.821546
v 0.792940 0.334487 -0.820522
v 0.814415 0.345720 -0.832417
v 0.737995 0.305716 -0.789994
v 0.774845 0.463518 -0.671161
v 0.812469 0.450962 -0.721982
v 0.796332 0.481566 -0.702726
v 0.980606 -0.001507 -0.909156
v 0.758520 0.405647 -0.642731
v 0.974784 0.005411 -0.901793
v 0.786957 0.471768 -0.723854
v 0.801725 0.471338 -0.709161
v 0.769389 0.444178 -0.661660
v 0.981491 0.072548 -0.930441
v 0.798474 0.451307 -0.735753
v 0.786208 0.481771 -0.712552
v 0.985675 0.013572 -0.923031
v 0.989108 0.073750 -0.928507
v 0.952174 0.045211 -0.874503
v 0.986774 0.074229 -0.931806
v 0.788698 0.475691 -0.691566
v 0.992405 0.001285 -0.925770
v 0.796574 0.436940 -0.698564
v 0.987857 0.012885 -0.920643
v 0.791330 0.462740 -0.693905
v 1.006608 0.030920 -0.952791
v 1.005020 0.004862 -0.947633
v 0.982232 0.063997 -0.918006
v 0.985455 0.072811 -0.926182
v 0.981239 0.064770 -0.919535
v 0.991656 0.001452 -0.926906
v 0.852638 0.343560 -0.791115
v 0.849267 0.331495 -0.760857
v 0.862951 0.343142 -0.781005
v 0.814163 0.301669 -0.709312
v 0.746592 0.465234 -0.741353
v 0.739300 0.478396 -0.743903
v 0.774149 0.463770 -0.712163
v 0.776920 0.476397 -0.704053
v 0.407961 0.485832 -0.462532
v 0.230930 0.722287 -0.264228
v 0.168293 0.628553 -0.247382
v 0.419714 0.485807 -0.450494
v 0.216723 0.713476 -0.262334
v 0.396173 0.474595 -0.462643
v 0.342633 0.556541 -0.390114
v 0.271060 0.457699 -0.371009
v 0.329741 0.541578 -0.394105
v 0.372429 0.541250 -0.421519
v 0.288311 0.428417 -0.391920
v 0.360619 0.526310 -0.421808
v 0.367226 0.397748 -0.460536
v 0.311740 0.389061 -0.420210
v 0.480314 0.481195 -0.387762
v 0.290982 0.718439 -0.202170
v 0.266203 0.622278 -0.146201
v 0.468713 0.482667 -0.399858
v 0.288054 0.708905 -0.188621
v 0.479320 0.469267 -0.376719
v 0.410181 0.552212 -0.320310
v 0.382522 0.450556 -0.255823
v 0.412788 0.536256 -0.308284
v 0.441597 0.536818 -0.350040
v 0.402169 0.421120 -0.274259
v 0.440551 0.521188 -0.339206
v 0.471458 0.391068 -0.352822
v 0.428768 0.381561 -0.299273
v 0.404020 0.471354 -0.447227
v 0.225513 0.707509 -0.249901
v 0.176348 0.623783 -0.234924
v 0.409197 0.471753 -0.441015
v 0.221563 0.705511 -0.248323
v 0.402509 0.468019 -0.449222
v 0.339878 0.539114 -0.377402
v 0.279115 0.452929 -0.358552
v 0.336167 0.533840 -0.380955
v 0.369398 0.523372 -0.408959
v 0.296366 0.423647 -0.379462
v 0.366759 0.518257 -0.408759
v 0.375281 0.392979 -0.448078
v 0.319795 0.384292 -0.407752
v 0.464015 0.467510 -0.385229
v 0.275589 0.704300 -0.198152
v 0.253762 0.618822 -0.154925
v 0.458023 0.468624 -0.390559
v 0.273754 0.702166 -0.194389
v 0.465746 0.463966 -0.383873
v 0.396327 0.535497 -0.319067
v 0.370081 0.447100 -0.264547
v 0.399417 0.529787 -0.315593
v 0.427857 0.519626 -0.348548
v 0.389727 0.417664 -0.282983
v 0.427249 0.514380 -0.346248
v 0.459017 0.387612 -0.361546
v 0.416326 0.378105 -0.307997
v 0.248602 0.696065 -0.284144
v 0.288330 0.637117 -0.328916
v 0.221465 0.540152 -0.311347
v 0.184188 0.602127 -0.266503
v 0.274169 0.626102 -0.329311
v 0.235233 0.685322 -0.283915
v 0.352234 0.633021 -0.262877
v 0.309840 0.692141 -0.220860
v 0.284194 0.595718 -0.163156
v 0.326387 0.533428 -0.202920
v 0.308483 0.680628 -0.208219
v 0.351455 0.621149 -0.249444
v 0.283923 0.621504 -0.315020
v 0.243964 0.680341 -0.270471
v 0.192238 0.597365 -0.254040
v 0.229524 0.535376 -0.298895
v 0.240443 0.677230 -0.270173
v 0.279705 0.618417 -0.315612
v 0.295068 0.677066 -0.217660
v 0.337254 0.618086 -0.259908
v 0.313951 0.529965 -0.211648
v 0.271747 0.592270 -0.171875
v 0.337507 0.614713 -0.255880
v 0.294455 0.673769 -0.214356
v 0.576560 0.531569 -0.549677
v 0.519473 0.451505 -0.499866
v 0.616343 0.587363 -0.584389
v 0.646846 0.446012 -0.515681
v 0.617837 0.529073 -0.506382
v 0.632300 0.519265 -0.497590
v 0.813149 0.589233 -0.665974
v 0.706892 0.448983 -0.572756
v 0.560749 0.449010 -0.456571
v 0.608031 0.394780 -0.481629
v 0.574642 0.438402 -0.447282
v 0.657619 0.584868 -0.541093
v 0.674453 0.578385 -0.534371
v 0.681289 0.570916 -0.541318
v 0.708051 0.560908 -0.567410
v 0.741309 0.568752 -0.598665
v 0.790334 0.559119 -0.645959
v 0.760772 0.585279 -0.616268
v 0.780223 0.608031 -0.633500
v 0.541559 0.452852 -0.626781
v 0.535284 0.534064 -0.592972
v 0.526668 0.525651 -0.608388
v 0.707517 0.595619 -0.776772
v 0.601260 0.455369 -0.683554
v 0.478196 0.454001 -0.543161
v 0.502400 0.401166 -0.592427
v 0.469011 0.444788 -0.558080
v 0.575066 0.589859 -0.627684
v 0.568822 0.584771 -0.645169
v 0.575657 0.577302 -0.652116
v 0.602419 0.567294 -0.678208
v 0.635677 0.575138 -0.709463
v 0.684702 0.565505 -0.756757
v 0.655141 0.591665 -0.727066
v 0.674591 0.614417 -0.744298
v 0.583298 0.522441 -0.556627
v 0.526211 0.442377 -0.506816
v 0.623080 0.578235 -0.591339
v 0.637674 0.446566 -0.525302
v 0.622161 0.520091 -0.515863
v 0.627058 0.514494 -0.511266
v 0.803976 0.589787 -0.675596
v 0.697720 0.449538 -0.582377
v 0.564871 0.440079 -0.466201
v 0.598859 0.395334 -0.491250
v 0.566694 0.435910 -0.460397
v 0.661898 0.575898 -0.550607
v 0.668868 0.573873 -0.548024
v 0.672116 0.571470 -0.550940
v 0.698879 0.561462 -0.577031
v 0.732136 0.569306 -0.608286
v 0.781161 0.559673 -0.655580
v 0.751600 0.585834 -0.625889
v 0.771050 0.608585 -0.643121
v 0.550732 0.452298 -0.617160
v 0.544434 0.524790 -0.597391
v 0.539772 0.519771 -0.602822
v 0.716690 0.595064 -0.767151
v 0.610433 0.454815 -0.673932
v 0.487489 0.444757 -0.547368
v 0.511572 0.400611 -0.582806
v 0.481552 0.441058 -0.549703
v 0.584248 0.580592 -0.632055
v 0.581901 0.579130 -0.639246
v 0.584830 0.576747 -0.642495
v 0.611592 0.566739 -0.668586
v 0.644850 0.574583 -0.699842
v 0.693875 0.564950 -0.747135
v 0.664313 0.591111 -0.717445
v 0.683764 0.613862 -0.734677
v 0.723543 0.562153 -0.582107
v 0.714370 0.562707 -0.591729
v 0.617911 0.568539 -0.692905
v 0.627084 0.567984 -0.683284
v 0.691074 0.561899 -0.607588
v 0.675488 0.686968 -0.586601
v 0.742159 0.595255 -0.654141
v 0.704692 0.563047 -0.620386
v 0.690503 0.590902 -0.605594
v 0.637533 0.650865 -0.552581
v 0.653741 0.685135 -0.566163
v 0.666713 0.563193 -0.633392
v 0.664877 0.656516 -0.626978
v 0.651128 0.688262 -0.612406
v 0.680331 0.564341 -0.646190
v 0.717798 0.596549 -0.679945
v 0.666143 0.592196 -0.631399
v 0.613173 0.652159 -0.578385
v 0.629380 0.686429 -0.591967
v 0.642353 0.564488 -0.659197
v 0.626767 0.689556 -0.638211
v 0.693437 0.597843 -0.705750
v 0.655970 0.565635 -0.671995
v 0.641782 0.593490 -0.657204
v 0.588812 0.653453 -0.604190
v 0.605020 0.687723 -0.617772
v 0.477968 0.320439 -0.436277
v 0.472682 0.319155 -0.444662
v 0.471553 0.314841 -0.453607
v 0.474883 0.308654 -0.460716
v 0.481780 0.302251 -0.464083
v 0.490396 0.297348 -0.462806
v 0.498422 0.295259 -0.457228
v 0.503708 0.296543 -0.448843
v 0.504838 0.300857 -0.439898
v 0.501508 0.307044 -0.432789
v 0.494611 0.313447 -0.429422
v 0.485995 0.318350 -0.430699
v 0.446484 0.322343 -0.469301
v 0.454510 0.320253 -0.463723
v 0.463126 0.315350 -0.462446
v 0.470023 0.308948 -0.465813
v 0.473353 0.302760 -0.472922
v 0.472224 0.298447 -0.481867
v 0.466938 0.297162 -0.490253
v 0.458912 0.299252 -0.495831
v 0.450296 0.304154 -0.497107
v 0.443399 0.310557 -0.493740
v 0.440069 0.316744 -0.486632
v 0.441198 0.321058 -0.477686
v 0.507421 0.261616 -0.393385
v 0.477075 0.305251 -0.361939
v 0.401789 0.268002 -0.504183
v 0.371443 0.311637 -0.472737
v 0.498249 0.262170 -0.403006
v 0.467902 0.305805 -0.371560
v 0.410962 0.267447 -0.494562
v 0.380616 0.311082 -0.463115
v 0.673303 0.619516 -0.612051
v 0.669061 0.618485 -0.618779
v 0.668155 0.615024 -0.625956
v 0.670827 0.610060 -0.631660
v 0.676361 0.604922 -0.634362
v 0.683274 0.600988 -0.633337
v 0.689714 0.599312 -0.628862
v 0.693956 0.600343 -0.622134
v 0.694862 0.603804 -0.614956
v 0.692190 0.608768 -0.609253
v 0.686656 0.613905 -0.606551
v 0.679743 0.617839 -0.607575
v 0.648585 0.621010 -0.637978
v 0.655025 0.619334 -0.633502
v 0.661938 0.615400 -0.632478
v 0.667472 0.610262 -0.635180
v 0.670144 0.605298 -0.640883
v 0.669238 0.601837 -0.648061
v 0.664996 0.600806 -0.654789
v 0.658556 0.602483 -0.659264
v 0.651643 0.606417 -0.660289
v 0.646109 0.611554 -0.657587
v 0.643438 0.616518 -0.651883
v 0.644344 0.619979 -0.644706
v 0.563402 0.259917 -0.372641
v 0.530362 0.239560 -0.427525
v 0.571433 0.269740 -0.379732
v 0.544183 0.256466 -0.439728
v 0.576247 0.282909 -0.383563
v 0.552469 0.279129 -0.446321
v 0.577112 0.297419 -0.383551
v 0.553957 0.304099 -0.446300
v 0.573896 0.311060 -0.379698
v 0.548422 0.327574 -0.439670
v 0.567087 0.321756 -0.372591
v 0.536705 0.345982 -0.427439
v 0.557724 0.327879 -0.363311
v 0.520591 0.356519 -0.411469
v 0.547231 0.328497 -0.353272
v 0.502533 0.357581 -0.394192
v 0.537206 0.323514 -0.344001
v 0.485280 0.349007 -0.378238
v 0.529174 0.313691 -0.336911
v 0.471459 0.332102 -0.366035
v 0.524360 0.300522 -0.333080
v 0.463174 0.309439 -0.359442
v 0.523495 0.286012 -0.333091
v 0.461685 0.284469 -0.359462
v 0.526711 0.272371 -0.336944
v 0.467221 0.260993 -0.366093
v 0.533520 0.261675 -0.344051
v 0.478937 0.242586 -0.378324
v 0.542883 0.255552 -0.353331
v 0.495051 0.232049 -0.394294
v 0.553376 0.254935 -0.363371
v 0.513109 0.230986 -0.411571
v 0.546007 0.253699 -0.397464
v 0.555921 0.265825 -0.406217
v 0.561865 0.282082 -0.410947
v 0.562932 0.299993 -0.410932
v 0.558962 0.316832 -0.406176
v 0.550557 0.330036 -0.397402
v 0.538999 0.337595 -0.385947
v 0.526046 0.338357 -0.373554
v 0.513670 0.332206 -0.362110
v 0.503756 0.320080 -0.353357
v 0.497812 0.303824 -0.348628
v 0.496745 0.285913 -0.348642
v 0.500715 0.269073 -0.353398
v 0.509120 0.255869 -0.362172
v 0.520678 0.248311 -0.373627
v 0.533632 0.247549 -0.386020
v 0.548218 0.242701 -0.404978
v 0.560946 0.258269 -0.416215
v 0.568576 0.279140 -0.422287
v 0.569947 0.302135 -0.422268
v 0.564849 0.323754 -0.416162
v 0.554059 0.340707 -0.404898
v 0.539220 0.350410 -0.390191
v 0.522590 0.351388 -0.374280
v 0.506701 0.343492 -0.359588
v 0.493973 0.327924 -0.348350
v 0.486343 0.307053 -0.342279
v 0.484972 0.284058 -0.342297
v 0.490070 0.262439 -0.348404
v 0.500860 0.245487 -0.359667
v 0.515699 0.235783 -0.374374
v 0.532329 0.234805 -0.390285
v 0.483029 0.242422 -0.477173
v 0.496851 0.259327 -0.489375
v 0.505136 0.281990 -0.495968
v 0.506624 0.306960 -0.495948
v 0.501089 0.330436 -0.489318
v 0.489372 0.348844 -0.477086
v 0.473258 0.359381 -0.461117
v 0.455201 0.360443 -0.443839
v 0.437948 0.351869 -0.427885
v 0.424126 0.334963 -0.415683
v 0.415841 0.312301 -0.409090
v 0.414353 0.287331 -0.409110
v 0.419888 0.263855 -0.415741
v 0.431605 0.245447 -0.427972
v 0.447718 0.234910 -0.443941
v 0.465776 0.233848 -0.461219
v 0.383771 0.270776 -0.561057
v 0.435696 0.245283 -0.526821
v 0.391803 0.280600 -0.568148
v 0.449518 0.262189 -0.539023
v 0.396617 0.293769 -0.571978
v 0.457803 0.284852 -0.545616
v 0.397482 0.308278 -0.571967
v 0.459292 0.309822 -0.545596
v 0.394265 0.321920 -0.568114
v 0.453756 0.333297 -0.538965
v 0.387457 0.332616 -0.561007
v 0.442040 0.351705 -0.526734
v 0.378094 0.338739 -0.551727
v 0.425926 0.362242 -0.510764
v 0.367601 0.339356 -0.541687
v 0.407868 0.363304 -0.493487
v 0.357575 0.334374 -0.532417
v 0.390615 0.354730 -0.477533
v 0.349544 0.324551 -0.525326
v 0.376794 0.337825 -0.465330
v 0.344730 0.311381 -0.521495
v 0.368508 0.315162 -0.458738
v 0.343865 0.296872 -0.521507
v 0.367020 0.290192 -0.458758
v 0.347081 0.283231 -0.525360
v 0.372555 0.266716 -0.465388
v 0.353890 0.272534 -0.532467
v 0.384272 0.248309 -0.477619
v 0.363253 0.266412 -0.541747
v 0.400386 0.237772 -0.493589
v 0.373746 0.265794 -0.551786
v 0.418444 0.236709 -0.510866
v 0.407307 0.262084 -0.542948
v 0.417221 0.274211 -0.551701
v 0.423165 0.290467 -0.556430
v 0.424232 0.308378 -0.556416
v 0.420262 0.325218 -0.551660
v 0.411857 0.338422 -0.542886
v 0.400299 0.345980 -0.531431
v 0.387345 0.346742 -0.519038
v 0.374970 0.340592 -0.507594
v 0.365056 0.328465 -0.498841
v 0.359112 0.312209 -0.494112
v 0.358045 0.294298 -0.494126
v 0.362015 0.277458 -0.498882
v 0.370420 0.264254 -0.507656
v 0.381978 0.256696 -0.519111
v 0.394932 0.255934 -0.531504
v 0.414276 0.250798 -0.545470
v 0.427004 0.266367 -0.556708
v 0.434634 0.287237 -0.562779
v 0.436005 0.310233 -0.562761
v 0.430907 0.331852 -0.556655
v 0.420117 0.348804 -0.545391
v 0.405278 0.358508 -0.530684
v 0.388648 0.359486 -0.514773
v 0.372759 0.351590 -0.500080
v 0.360031 0.336021 -0.488843
v 0.352401 0.315151 -0.482772
v 0.351030 0.292155 -0.482790
v 0.356128 0.270536 -0.488896
v 0.366918 0.253584 -0.500160
v 0.381757 0.243880 -0.514867
v 0.398387 0.242902 -0.530778
v 0.748090 0.582203 -0.563893
v 0.711138 0.558444 -0.613007
v 0.757748 0.588574 -0.572691
v 0.727758 0.569408 -0.628148
v 0.765022 0.599456 -0.579012
v 0.740276 0.588135 -0.639026
v 0.768804 0.613192 -0.581893
v 0.746785 0.611773 -0.643985
v 0.768519 0.627690 -0.580897
v 0.746294 0.636724 -0.642270
v 0.764209 0.640744 -0.576174
v 0.738878 0.659189 -0.634142
v 0.756532 0.650366 -0.568444
v 0.725666 0.675747 -0.620839
v 0.746656 0.655091 -0.558883
v 0.708669 0.683879 -0.604386
v 0.736084 0.654200 -0.548948
v 0.690476 0.682346 -0.587287
v 0.726426 0.647829 -0.540150
v 0.673855 0.671381 -0.572146
v 0.719152 0.636947 -0.533829
v 0.661338 0.652654 -0.561269
v 0.715370 0.623211 -0.530947
v 0.654829 0.629016 -0.556309
v 0.715655 0.608713 -0.531943
v 0.655320 0.604066 -0.558024
v 0.719964 0.595659 -0.536666
v 0.662736 0.581601 -0.566152
v 0.727642 0.586038 -0.544396
v 0.675948 0.565042 -0.579455
v 0.737518 0.581312 -0.553957
v 0.692944 0.556910 -0.595908
v 0.722724 0.575186 -0.594005
v 0.734647 0.583051 -0.604865
v 0.743626 0.596484 -0.612668
v 0.748294 0.613440 -0.616225
v 0.747942 0.631337 -0.614995
v 0.742623 0.647451 -0.609165
v 0.733146 0.659329 -0.599623
v 0.720954 0.665162 -0.587821
v 0.707904 0.664062 -0.575556
v 0.695981 0.656197 -0.564695
v 0.687002 0.642764 -0.556892
v 0.682333 0.625808 -0.553335
v 0.682685 0.607911 -0.554565
v 0.688005 0.591797 -0.560395
v 0.697482 0.579919 -0.569937
v 0.709674 0.574086 -0.581739
v 0.723260 0.562655 -0.598283
v 0.738567 0.572753 -0.612227
v 0.750094 0.589999 -0.622245
v 0.756088 0.611768 -0.626811
v 0.755636 0.634745 -0.625232
v 0.748807 0.655433 -0.617747
v 0.736640 0.670683 -0.605496
v 0.720987 0.678171 -0.590344
v 0.704233 0.676759 -0.574598
v 0.688926 0.666662 -0.560654
v 0.677398 0.649416 -0.550636
v 0.671404 0.627647 -0.546070
v 0.671856 0.604669 -0.547649
v 0.678686 0.583981 -0.555134
v 0.690853 0.568732 -0.567385
v 0.706505 0.561244 -0.582537
v 0.679950 0.560100 -0.646043
v 0.696571 0.571065 -0.661184
v 0.709088 0.589792 -0.672062
v 0.715597 0.613430 -0.677021
v 0.715106 0.638381 -0.675306
v 0.707690 0.660845 -0.667178
v 0.694479 0.677404 -0.653875
v 0.677482 0.685536 -0.637422
v 0.659288 0.684003 -0.620323
v 0.642668 0.673038 -0.605183
v 0.630150 0.654311 -0.594305
v 0.623641 0.630673 -0.589345
v 0.624132 0.605722 -0.591060
v 0.631548 0.583258 -0.599188
v 0.644760 0.566699 -0.612491
v 0.661757 0.558567 -0.628944
v 0.603155 0.589903 -0.717419
v 0.648763 0.561757 -0.679079
v 0.612813 0.596274 -0.726217
v 0.665383 0.572722 -0.694220
v 0.620086 0.607156 -0.732538
v 0.677901 0.591449 -0.705098
v 0.623869 0.620892 -0.735419
v 0.684410 0.615087 -0.710057
v 0.623583 0.635390 -0.734423
v 0.683919 0.640038 -0.708342
v 0.619274 0.648444 -0.729700
v 0.676503 0.662502 -0.700214
v 0.611597 0.658066 -0.721970
v 0.663291 0.679061 -0.686911
v 0.601721 0.662791 -0.712409
v 0.646295 0.687193 -0.670458
v 0.591149 0.661900 -0.702473
v 0.628101 0.685660 -0.653359
v 0.581491 0.655529 -0.693675
v 0.611480 0.674695 -0.638218
v 0.574217 0.644647 -0.687355
v 0.598963 0.655968 -0.627340
v 0.570435 0.630911 -0.684473
v 0.592454 0.632330 -0.622381
v 0.570720 0.616413 -0.685469
v 0.592945 0.607379 -0.624096
v 0.575029 0.603359 -0.690192
v 0.600361 0.584915 -0.632224
v 0.582707 0.593737 -0.697922
v 0.613573 0.568356 -0.645527
v 0.592583 0.589012 -0.707483
v 0.630569 0.560224 -0.661980
v 0.631335 0.580041 -0.690811
v 0.643257 0.587906 -0.701671
v 0.652236 0.601339 -0.709474
v 0.656905 0.618295 -0.713031
v 0.656553 0.636192 -0.711801
v 0.651233 0.652307 -0.705971
v 0.641756 0.664184 -0.696429
v 0.629565 0.670017 -0.684627
v 0.616514 0.668917 -0.672362
v 0.604592 0.661052 -0.661501
v 0.595613 0.647619 -0.653698
v 0.590944 0.630663 -0.650141
v 0.591296 0.612766 -0.651371
v 0.596616 0.596652 -0.657201
v 0.606093 0.584774 -0.666743
v 0.618285 0.578941 -0.678546
v 0.635006 0.567344 -0.691769
v 0.650312 0.577441 -0.705712
v 0.661840 0.594687 -0.715730
v 0.667834 0.616456 -0.720297
v 0.667382 0.639434 -0.718717
v 0.660553 0.660122 -0.711232
v 0.648386 0.675371 -0.698981
v 0.632733 0.682860 -0.683829
v 0.615978 0.681448 -0.668083
v 0.600672 0.671350 -0.654139
v 0.589144 0.654104 -0.644122
v 0.583150 0.632335 -0.639555
v 0.583602 0.609358 -0.641134
v 0.590432 0.588670 -0.648619
v 0.602599 0.573421 -0.660870
v 0.618251 0.565932 -0.676022
v 0.683086 0.669425 -0.594654
v 0.689632 0.635171 -0.602552
v 0.675448 0.655955 -0.615781
v 0.674617 0.653990 -0.587433
v 0.687551 0.653509 -0.599667
v 0.727128 0.672922 -0.636056
v 0.741288 0.639524 -0.651098
v 0.736977 0.657611 -0.646122
v 0.702845 0.674142 -0.661938
v 0.716927 0.640818 -0.676903
v 0.712639 0.658884 -0.671949
v 0.640911 0.637760 -0.654161
v 0.634365 0.672014 -0.646263
v 0.625896 0.656578 -0.639042
v 0.654306 0.657078 -0.638175
v 0.638830 0.656098 -0.651277
v 0.692566 0.642112 -0.702708
v 0.678407 0.675511 -0.687666
v 0.688255 0.660200 -0.697731
v 0.697377 0.688812 -0.607173
v 0.719557 0.680264 -0.628541
v 0.708967 0.686738 -0.618218
v 0.673016 0.690106 -0.632977
v 0.695197 0.681558 -0.654345
v 0.684606 0.688032 -0.644023
v 0.670836 0.682852 -0.680150
v 0.648655 0.691401 -0.658782
v 0.660245 0.689326 -0.669827
v 0.702515 0.608303 -0.582291
v 0.684917 0.624117 -0.564884
v 0.752181 0.686013 -0.625280
v 0.724115 0.685449 -0.598813
v 0.704181 0.773816 -0.628974
v 0.717569 0.756212 -0.613042
v 0.710300 0.771227 -0.622257
v 0.715200 0.764784 -0.616426
v 0.738866 0.758208 -0.633175
v 0.723942 0.775680 -0.647535
v 0.735729 0.766714 -0.635774
v 0.730267 0.773109 -0.641030
v 0.690113 0.608225 -0.594551
v 0.674401 0.626992 -0.578778
v 0.740270 0.683937 -0.638023
v 0.712116 0.684420 -0.611601
v 0.703161 0.756533 -0.631794
v 0.706345 0.750782 -0.625385
v 0.705263 0.755600 -0.629175
v 0.705949 0.754120 -0.627301
v 0.727697 0.752601 -0.645485
v 0.722938 0.758394 -0.650339
v 0.726606 0.755835 -0.646535
v 0.725328 0.757410 -0.647851
v 0.709372 0.776454 -0.662969
v 0.689611 0.774590 -0.644407
v 0.709806 0.759091 -0.664249
v 0.690045 0.757230 -0.645687
v 0.620124 0.612680 -0.669566
v 0.602525 0.628494 -0.652159
v 0.669790 0.690390 -0.712555
v 0.641723 0.689826 -0.686087
v 0.675042 0.775364 -0.659840
v 0.659064 0.759320 -0.675014
v 0.668576 0.773444 -0.666455
v 0.662728 0.767572 -0.672009
v 0.680489 0.761309 -0.695012
v 0.694803 0.777228 -0.678402
v 0.683320 0.769498 -0.691289
v 0.688559 0.775325 -0.685209
v 0.631615 0.611332 -0.656516
v 0.615903 0.630099 -0.640743
v 0.681691 0.687049 -0.700075
v 0.653717 0.687523 -0.673461
v 0.676930 0.757927 -0.659580
v 0.670439 0.752689 -0.663419
v 0.674396 0.757240 -0.661873
v 0.672493 0.755897 -0.662740
v 0.691825 0.754507 -0.683483
v 0.696674 0.759789 -0.678159
v 0.692969 0.757622 -0.682166
v 0.694285 0.759059 -0.680734
v 0.484889 0.300766 -0.450946
v 0.478329 0.299768 -0.455450
v 0.471170 0.296354 -0.456632
v 0.465329 0.291437 -0.454177
v 0.462373 0.286336 -0.448741
v 0.463092 0.282416 -0.441781
v 0.467295 0.280729 -0.435163
v 0.473855 0.281727 -0.430659
v 0.481015 0.285141 -0.429476
v 0.486855 0.290058 -0.431932
v 0.489812 0.295159 -0.437368
v 0.489092 0.299079 -0.444327
v 0.459982 0.302362 -0.476685
v 0.464185 0.300675 -0.470066
v 0.464905 0.296755 -0.463107
v 0.461948 0.291654 -0.457671
v 0.456108 0.286737 -0.455215
v 0.448948 0.283323 -0.456398
v 0.442388 0.282325 -0.460902
v 0.438185 0.284013 -0.467520
v 0.437466 0.287932 -0.474480
v 0.440422 0.293033 -0.479916
v 0.446263 0.297950 -0.482371
v 0.453422 0.301364 -0.481189
v 0.196336 0.794935 -0.147687
v 0.204512 0.796178 -0.142073
v 0.187413 0.790680 -0.149161
v 0.180134 0.784552 -0.146100
v 0.176449 0.778194 -0.139325
v 0.177346 0.773309 -0.130651
v 0.182584 0.771206 -0.122402
v 0.190760 0.772449 -0.116789
v 0.199683 0.776705 -0.115315
v 0.206962 0.782833 -0.118376
v 0.210647 0.789191 -0.125151
v 0.209750 0.794075 -0.133824
v 0.178025 0.796109 -0.166609
v 0.172787 0.798211 -0.174858
v 0.178922 0.791224 -0.157936
v 0.175237 0.784866 -0.151161
v 0.167958 0.778738 -0.148100
v 0.159035 0.774483 -0.149574
v 0.150859 0.773240 -0.155187
v 0.145621 0.775342 -0.163436
v 0.144724 0.780227 -0.172110
v 0.148409 0.786585 -0.178885
v 0.155688 0.792713 -0.181946
v 0.164611 0.796968 -0.180472
v -0.824153 0.362827 0.761563
v -0.689421 0.604155 0.611135
v -0.817619 0.361818 0.766101
v -0.681277 0.602896 0.616791
v -0.810474 0.358386 0.767324
v -0.672373 0.598619 0.618314
v -0.804634 0.353452 0.764903
v -0.665094 0.592470 0.615297
v -0.801663 0.348337 0.759487
v -0.661391 0.586095 0.608548
v -0.802357 0.344412 0.752528
v -0.662256 0.581204 0.599874
v -0.806531 0.342729 0.745890
v -0.667458 0.579106 0.591601
v -0.813065 0.343739 0.741352
v -0.675602 0.580364 0.585945
v -0.820210 0.347171 0.740129
v -0.684507 0.584642 0.584421
v -0.826050 0.352105 0.742550
v -0.691785 0.590791 0.587438
v -0.829021 0.357220 0.747966
v -0.695488 0.597166 0.594188
v -0.828327 0.361144 0.754925
v -0.694623 0.602057 0.602861
v -0.799373 0.364386 0.787427
v -0.657858 0.606139 0.644078
v -0.803547 0.362703 0.780789
v -0.663059 0.604042 0.635805
v -0.804241 0.358778 0.773830
v -0.663925 0.599151 0.627132
v -0.801270 0.353663 0.768414
v -0.660222 0.592776 0.620382
v -0.795430 0.348729 0.765993
v -0.652943 0.586626 0.617365
v -0.788285 0.345297 0.767215
v -0.644039 0.582349 0.618888
v -0.781751 0.344288 0.771754
v -0.635895 0.581091 0.624545
v -0.777577 0.345971 0.778392
v -0.630693 0.583188 0.632818
v -0.776883 0.349895 0.785351
v -0.629828 0.588080 0.641491
v -0.779854 0.355010 0.790767
v -0.633530 0.594454 0.648241
v -0.785694 0.359944 0.793188
v -0.640809 0.600604 0.651258
v -0.792839 0.363376 0.791965
v -0.649713 0.604881 0.649734
v -0.709693 0.468087 0.740225
v -0.761635 0.454772 0.776013
v -0.743257 0.485476 0.759061
v -0.932445 0.002456 0.961124
v -0.677362 0.411112 0.728720
v -0.925177 0.009447 0.955270
v -0.763311 0.473980 0.749265
v -0.749399 0.475215 0.764727
v -0.698888 0.449046 0.736380
v -0.957731 0.075110 0.956631
v -0.774662 0.453548 0.761372
v -0.752544 0.484554 0.748479
v -0.947360 0.016978 0.964621
v -0.956261 0.076844 0.964249
v -0.898953 0.049415 0.931715
v -0.959456 0.077002 0.961734
v -0.731415 0.479831 0.752335
v -0.949774 0.004950 0.971919
v -0.736701 0.441243 0.762121
v -0.945055 0.016552 0.966953
v -0.733182 0.466935 0.755606
v -0.979059 0.033741 0.983034
v -0.972422 0.007973 0.983228
v -0.944904 0.067337 0.958474
v -0.953702 0.075836 0.960775
v -0.946420 0.067964 0.957365
v -0.950877 0.005010 0.971107
v -0.826828 0.346011 0.819013
v -0.795826 0.335523 0.817826
v -0.817256 0.346747 0.829810
v -0.740995 0.306774 0.787071
v -0.779316 0.463709 0.667558
v -0.816520 0.451321 0.718728
v -0.800640 0.481868 0.699169
v -0.981553 -0.000632 0.909869
v -0.762978 0.405728 0.639359
v -0.975811 0.006263 0.902422
v -0.791074 0.472234 0.720287
v -0.805947 0.471659 0.705706
v -0.773856 0.444332 0.658134
v -0.982565 0.073548 0.930711
v -0.802426 0.451802 0.732394
v -0.790446 0.482171 0.708919
v -0.986577 0.014512 0.923689
v -0.990200 0.074709 0.928826
v -0.953554 0.045981 0.874726
v -0.987844 0.075217 0.932105
v -0.793066 0.475954 0.687989
v -0.993240 0.002217 0.926553
v -0.800742 0.437216 0.695280
v -0.988774 0.013803 0.921322
v -0.795631 0.463008 0.690425
v -1.007359 0.031962 0.953497
v -1.005709 0.005880 0.948485
v -0.983364 0.064918 0.918333
v -0.986561 0.073770 0.926480
v -0.982362 0.065704 0.919850
v -0.992483 0.002394 0.927682
v -0.855771 0.344191 0.788804
v -0.852575 0.331955 0.758595
v -0.866155 0.343672 0.778772
v -0.817735 0.301948 0.706976
v -0.750557 0.465960 0.737529
v -0.743297 0.479164 0.739945
v -0.778321 0.464214 0.708551
v -0.781200 0.476780 0.700385
v -0.412524 0.485646 0.458962
v -0.230455 0.722060 0.265222
v -0.168177 0.627995 0.248889
v -0.424066 0.485776 0.446722
v -0.216278 0.713161 0.263521
v -0.400817 0.474327 0.459208
v -0.345464 0.556336 0.388126
v -0.274247 0.457116 0.369658
v -0.332746 0.541260 0.392248
v -0.375905 0.541063 0.418914
v -0.292060 0.427829 0.390085
v -0.364205 0.526040 0.419316
v -0.372364 0.397295 0.457130
v -0.316246 0.388466 0.417721
v -0.483595 0.481965 0.382920
v -0.289443 0.719004 0.202108
v -0.264352 0.623013 0.145987
v -0.472197 0.483283 0.395224
v -0.286344 0.709531 0.188554
v -0.482491 0.470096 0.371822
v -0.411815 0.552899 0.317134
v -0.383734 0.451444 0.252512
v -0.414321 0.537034 0.304967
v -0.443848 0.537543 0.346219
v -0.403900 0.422035 0.270422
v -0.442720 0.521972 0.335309
v -0.474750 0.391991 0.347584
v -0.431200 0.382511 0.294727
v -0.408417 0.471234 0.443639
v -0.224890 0.707331 0.250901
v -0.176047 0.623357 0.236264
v -0.413483 0.471707 0.437340
v -0.220928 0.705315 0.249380
v -0.406963 0.467877 0.445639
v -0.342607 0.538968 0.375356
v -0.282117 0.452478 0.357033
v -0.338995 0.533647 0.378941
v -0.372779 0.523240 0.406299
v -0.299929 0.423191 0.377460
v -0.370172 0.518108 0.406113
v -0.380234 0.392657 0.444505
v -0.324116 0.383829 0.405096
v -0.467349 0.468181 0.380585
v -0.274079 0.704783 0.198271
v -0.252089 0.619418 0.154904
v -0.461443 0.469222 0.386025
v -0.272194 0.702659 0.194528
v -0.469080 0.464659 0.379178
v -0.398056 0.536095 0.316029
v -0.371471 0.447849 0.261429
v -0.401124 0.530428 0.312467
v -0.430202 0.520266 0.344859
v -0.391636 0.418440 0.279339
v -0.429590 0.515030 0.342539
v -0.462486 0.388396 0.356501
v -0.418936 0.378916 0.303644
v -0.248650 0.695841 0.284667
v -0.289553 0.636901 0.328378
v -0.223058 0.539582 0.311375
v -0.184583 0.601566 0.267568
v -0.275477 0.625786 0.328951
v -0.235353 0.685007 0.284604
v -0.352325 0.633649 0.261216
v -0.308803 0.692725 0.220306
v -0.282817 0.596477 0.162463
v -0.326121 0.534243 0.201103
v -0.307305 0.681280 0.207620
v -0.351393 0.621853 0.247725
v -0.285012 0.621342 0.314464
v -0.243882 0.680168 0.270980
v -0.192448 0.596936 0.254938
v -0.230932 0.534936 0.298755
v -0.240378 0.677035 0.270723
v -0.280827 0.618222 0.315110
v -0.294081 0.677568 0.217270
v -0.337398 0.618628 0.258414
v -0.313863 0.530640 0.210025
v -0.270548 0.592890 0.171375
v -0.337604 0.615281 0.254362
v -0.293433 0.674286 0.213957
v -0.581891 0.531932 0.544309
v -0.524937 0.451771 0.494503
v -0.621581 0.587795 0.579017
v -0.652367 0.446660 0.509989
v -0.623067 0.529644 0.500906
v -0.637539 0.519897 0.492061
v -0.818585 0.590158 0.660112
v -0.712546 0.449728 0.566918
v -0.566112 0.449483 0.451100
v -0.613632 0.395362 0.475946
v -0.580016 0.438935 0.441759
v -0.662757 0.585507 0.535614
v -0.679595 0.579089 0.528838
v -0.686472 0.571630 0.535756
v -0.713332 0.561664 0.561762
v -0.746643 0.569561 0.592947
v -0.795817 0.560005 0.640102
v -0.766097 0.586121 0.610530
v -0.785517 0.608906 0.627753
v -0.547337 0.452971 0.621365
v -0.540716 0.534220 0.587712
v -0.532166 0.525753 0.603135
v -0.713212 0.596014 0.771186
v -0.607173 0.455583 0.677992
v -0.483761 0.454059 0.537906
v -0.508258 0.401218 0.587019
v -0.474643 0.444791 0.552832
v -0.580406 0.590083 0.622420
v -0.574222 0.584945 0.639912
v -0.581099 0.577486 0.646829
v -0.607958 0.567519 0.672836
v -0.641270 0.575417 0.704021
v -0.690444 0.565861 0.751175
v -0.660724 0.591977 0.721604
v -0.680144 0.614761 0.738826
v -0.588676 0.522814 0.551226
v -0.531721 0.442653 0.501420
v -0.628366 0.578677 0.585934
v -0.643217 0.447169 0.519634
v -0.627444 0.520660 0.510360
v -0.632347 0.515086 0.505742
v -0.809435 0.590667 0.669757
v -0.703396 0.450236 0.576563
v -0.570287 0.440549 0.460705
v -0.604481 0.395871 0.485591
v -0.572108 0.436396 0.454889
v -0.667089 0.576534 0.545101
v -0.674059 0.574536 0.542498
v -0.677321 0.572139 0.545401
v -0.704181 0.562173 0.571408
v -0.737492 0.570070 0.602593
v -0.786667 0.560514 0.649747
v -0.756947 0.586630 0.620176
v -0.776367 0.609414 0.637398
v -0.556488 0.452462 0.611719
v -0.549908 0.524968 0.592091
v -0.545275 0.519925 0.597525
v -0.722362 0.595505 0.761540
v -0.616323 0.455075 0.668346
v -0.493095 0.444838 0.542073
v -0.517409 0.400709 0.577374
v -0.487175 0.441116 0.544416
v -0.589628 0.580839 0.626752
v -0.587304 0.579357 0.633946
v -0.590249 0.576977 0.637184
v -0.617109 0.567011 0.663191
v -0.650420 0.574908 0.694376
v -0.699594 0.565352 0.741530
v -0.669874 0.591468 0.711959
v -0.689294 0.614253 0.729181
v -0.728856 0.562934 0.576423
v -0.719706 0.563442 0.586069
v -0.623483 0.568789 0.687497
v -0.632633 0.568281 0.677852
v -0.696389 0.562017 0.602776
v -0.681435 0.687014 0.580918
v -0.747259 0.595463 0.649500
v -0.709917 0.563191 0.615666
v -0.695944 0.591009 0.600603
v -0.643592 0.650848 0.546840
v -0.659831 0.685139 0.560332
v -0.671845 0.563561 0.628393
v -0.670413 0.656849 0.621400
v -0.656892 0.688557 0.606535
v -0.685373 0.564735 0.641283
v -0.722715 0.597006 0.675117
v -0.671400 0.592553 0.626220
v -0.619049 0.652391 0.572457
v -0.635287 0.686682 0.585949
v -0.647301 0.565104 0.654010
v -0.632348 0.690100 0.632152
v -0.698172 0.598549 0.700734
v -0.660829 0.566278 0.666900
v -0.646856 0.594096 0.651837
v -0.594505 0.653935 0.598074
v -0.610744 0.688225 0.611566
v -0.483695 0.320681 0.430792
v -0.478434 0.319365 0.439188
v -0.477341 0.315033 0.448129
v -0.480709 0.308844 0.455218
v -0.487635 0.302458 0.458557
v -0.496263 0.297585 0.457250
v -0.504282 0.295531 0.451649
v -0.509543 0.296847 0.443252
v -0.510636 0.301179 0.434312
v -0.507268 0.307368 0.427222
v -0.500342 0.313754 0.423883
v -0.491714 0.318627 0.425190
v -0.452287 0.322426 0.463898
v -0.460306 0.320372 0.458296
v -0.468935 0.315500 0.456990
v -0.475861 0.309113 0.460328
v -0.479229 0.302925 0.467418
v -0.478136 0.298592 0.476359
v -0.472875 0.297276 0.484755
v -0.464856 0.299330 0.490357
v -0.456227 0.304203 0.491663
v -0.449301 0.310589 0.488325
v -0.445934 0.316778 0.481235
v -0.447027 0.321110 0.472294
v -0.513229 0.262027 0.387725
v -0.482663 0.305618 0.356430
v -0.407856 0.267882 0.498798
v -0.377290 0.311473 0.467504
v -0.504079 0.262535 0.397370
v -0.473513 0.306126 0.366075
v -0.417006 0.267374 0.489153
v -0.386440 0.310965 0.457858
v -0.678507 0.620083 0.606592
v -0.674286 0.619027 0.613329
v -0.673409 0.615551 0.620502
v -0.676111 0.610585 0.626191
v -0.681668 0.605461 0.628870
v -0.688592 0.601551 0.627821
v -0.695026 0.599903 0.623327
v -0.699247 0.600959 0.616590
v -0.700124 0.604436 0.609416
v -0.697422 0.609401 0.603728
v -0.691864 0.614525 0.601049
v -0.684941 0.618435 0.602097
v -0.653850 0.621453 0.632583
v -0.660284 0.619805 0.628088
v -0.667207 0.615895 0.627040
v -0.672764 0.610771 0.629719
v -0.675466 0.605806 0.635407
v -0.674589 0.602329 0.642581
v -0.670368 0.601274 0.649318
v -0.663934 0.602921 0.653813
v -0.657011 0.606831 0.654861
v -0.651454 0.611956 0.652182
v -0.648752 0.616921 0.646494
v -0.649629 0.620397 0.639320
v -0.569162 0.260544 0.366838
v -0.536326 0.239987 0.421769
v -0.577180 0.270381 0.373925
v -0.550124 0.256916 0.433966
v -0.581961 0.283558 0.377767
v -0.558353 0.279594 0.440578
v -0.582779 0.298071 0.377778
v -0.559761 0.304568 0.440597
v -0.579509 0.311708 0.373957
v -0.554133 0.328037 0.434021
v -0.572649 0.322395 0.366885
v -0.542327 0.346428 0.421851
v -0.563242 0.328503 0.357640
v -0.526139 0.356941 0.405940
v -0.552722 0.329104 0.347628
v -0.508034 0.357974 0.388710
v -0.542690 0.324106 0.338374
v -0.490769 0.349372 0.372784
v -0.534672 0.314268 0.331286
v -0.476972 0.332443 0.360587
v -0.529891 0.301091 0.327444
v -0.468742 0.309765 0.353976
v -0.529073 0.286578 0.327433
v -0.467335 0.284791 0.353957
v -0.532343 0.272941 0.331255
v -0.472962 0.261322 0.360533
v -0.539203 0.262254 0.338326
v -0.484769 0.242931 0.372703
v -0.548609 0.256146 0.347572
v -0.500956 0.232418 0.388614
v -0.559130 0.255545 0.357584
v -0.519061 0.231384 0.405844
v -0.551850 0.254227 0.391694
v -0.561747 0.266370 0.400443
v -0.567650 0.282638 0.405185
v -0.568660 0.300552 0.405199
v -0.564623 0.317387 0.400482
v -0.556155 0.330579 0.391752
v -0.544543 0.338120 0.380339
v -0.531556 0.338861 0.367980
v -0.519172 0.332691 0.356556
v -0.509275 0.320547 0.347807
v -0.503372 0.304280 0.343065
v -0.502362 0.286366 0.343051
v -0.506399 0.269531 0.347768
v -0.514868 0.256339 0.356498
v -0.526479 0.248798 0.367911
v -0.539466 0.248057 0.380270
v -0.554115 0.243223 0.399183
v -0.566821 0.258813 0.410415
v -0.574400 0.279698 0.416503
v -0.575696 0.302698 0.416521
v -0.570514 0.324311 0.410465
v -0.559641 0.341247 0.399257
v -0.544733 0.350928 0.384605
v -0.528060 0.351880 0.368737
v -0.512161 0.343959 0.354071
v -0.499454 0.328368 0.342838
v -0.491876 0.307484 0.336750
v -0.490579 0.284484 0.336733
v -0.495762 0.262871 0.342789
v -0.506635 0.245935 0.353996
v -0.521542 0.236253 0.368649
v -0.538215 0.235301 0.384516
v -0.489109 0.242611 0.471541
v -0.502907 0.259539 0.483737
v -0.511136 0.282217 0.490349
v -0.512544 0.307192 0.490368
v -0.506916 0.330661 0.483792
v -0.495110 0.349052 0.471622
v -0.478922 0.359564 0.455711
v -0.460817 0.360598 0.438481
v -0.443552 0.351996 0.422555
v -0.429755 0.335067 0.410358
v -0.421526 0.312389 0.403747
v -0.420118 0.287415 0.403728
v -0.425745 0.263945 0.410304
v -0.437552 0.245555 0.422474
v -0.453740 0.235042 0.438385
v -0.471844 0.234008 0.455615
v -0.389972 0.270501 0.555722
v -0.441893 0.245234 0.521312
v -0.397989 0.280338 0.562809
v -0.455690 0.262163 0.533509
v -0.402771 0.293516 0.566651
v -0.463919 0.284841 0.540120
v -0.403589 0.308028 0.566662
v -0.465327 0.309816 0.540139
v -0.400319 0.321666 0.562841
v -0.459699 0.333285 0.533563
v -0.393459 0.332352 0.555769
v -0.447893 0.351676 0.521393
v -0.384052 0.338461 0.546524
v -0.431705 0.362188 0.505482
v -0.373532 0.339061 0.536511
v -0.413601 0.363222 0.488252
v -0.363499 0.334063 0.527257
v -0.396335 0.354620 0.472326
v -0.355482 0.324226 0.520170
v -0.382538 0.337691 0.460129
v -0.350700 0.311048 0.516328
v -0.374309 0.315013 0.453518
v -0.349882 0.296536 0.516317
v -0.372901 0.290038 0.453499
v -0.353152 0.282898 0.520138
v -0.378529 0.266569 0.460075
v -0.360013 0.272212 0.527210
v -0.390335 0.248178 0.472245
v -0.369419 0.266103 0.536456
v -0.406523 0.237666 0.488156
v -0.379939 0.265502 0.546468
v -0.424627 0.236632 0.505386
v -0.413490 0.261916 0.537539
v -0.423387 0.274059 0.546288
v -0.429290 0.290326 0.551031
v -0.430300 0.308241 0.551044
v -0.426263 0.325076 0.546327
v -0.417794 0.338267 0.537598
v -0.406182 0.345808 0.526184
v -0.393196 0.346550 0.513825
v -0.380811 0.340379 0.502401
v -0.370914 0.328236 0.493652
v -0.365011 0.311969 0.488910
v -0.364001 0.294054 0.488896
v -0.368038 0.277219 0.493614
v -0.376507 0.264028 0.502343
v -0.388119 0.256487 0.513756
v -0.401105 0.255745 0.526116
v -0.420501 0.250648 0.540025
v -0.433207 0.266238 0.551257
v -0.440786 0.287123 0.557345
v -0.442082 0.310122 0.557363
v -0.436900 0.331736 0.551307
v -0.426027 0.348672 0.540099
v -0.411119 0.358353 0.525447
v -0.394446 0.359305 0.509579
v -0.378547 0.351383 0.494913
v -0.365840 0.335793 0.483681
v -0.358262 0.314909 0.477592
v -0.356965 0.291909 0.477575
v -0.362148 0.270296 0.483631
v -0.373021 0.253359 0.494838
v -0.387928 0.243678 0.509491
v -0.404601 0.242726 0.525358
v -0.753800 0.581839 0.559378
v -0.716399 0.558519 0.608363
v -0.763418 0.588227 0.568208
v -0.732950 0.569513 0.623559
v -0.770686 0.599120 0.574516
v -0.745460 0.588258 0.634414
v -0.774500 0.612859 0.577342
v -0.752022 0.611901 0.639278
v -0.774277 0.627351 0.576256
v -0.751639 0.636843 0.637408
v -0.770053 0.640392 0.571422
v -0.744369 0.659285 0.629090
v -0.762469 0.649996 0.563578
v -0.731318 0.675812 0.615591
v -0.752681 0.654700 0.553917
v -0.714473 0.683908 0.598964
v -0.742179 0.653789 0.543909
v -0.696400 0.682340 0.581742
v -0.732561 0.647400 0.535079
v -0.679848 0.671346 0.566547
v -0.725292 0.636508 0.528771
v -0.667339 0.652600 0.555691
v -0.721479 0.622769 0.525945
v -0.660776 0.628957 0.550827
v -0.721701 0.608276 0.527032
v -0.661159 0.604016 0.552697
v -0.725926 0.595235 0.531865
v -0.668430 0.581573 0.561015
v -0.733510 0.585632 0.539710
v -0.681481 0.565046 0.574515
v -0.743298 0.580928 0.549371
v -0.698325 0.556950 0.591141
v -0.728188 0.575101 0.589345
v -0.740061 0.582987 0.600245
v -0.749034 0.596433 0.608032
v -0.753741 0.613393 0.611521
v -0.753467 0.631284 0.610180
v -0.748251 0.647382 0.604213
v -0.738890 0.659237 0.594529
v -0.726807 0.665044 0.582603
v -0.713843 0.663919 0.570250
v -0.701970 0.656033 0.559350
v -0.692997 0.642587 0.551563
v -0.688289 0.625627 0.548074
v -0.688564 0.607737 0.549415
v -0.693779 0.591638 0.555382
v -0.703141 0.579783 0.565065
v -0.715224 0.573976 0.576991
v -0.728645 0.562595 0.593704
v -0.743887 0.572720 0.607697
v -0.755407 0.589983 0.617695
v -0.761451 0.611756 0.622174
v -0.761098 0.634725 0.620452
v -0.754403 0.655393 0.612792
v -0.742384 0.670613 0.600360
v -0.726872 0.678068 0.585048
v -0.710227 0.676624 0.569188
v -0.694985 0.666499 0.555194
v -0.683465 0.649237 0.545197
v -0.677421 0.627463 0.540718
v -0.677774 0.604494 0.542440
v -0.684469 0.583826 0.550100
v -0.696488 0.568606 0.562532
v -0.712000 0.561151 0.577844
v -0.684977 0.560495 0.641159
v -0.701529 0.571489 0.656354
v -0.714038 0.590234 0.667210
v -0.720601 0.613877 0.672073
v -0.720218 0.638818 0.670204
v -0.712947 0.661261 0.661886
v -0.699896 0.677788 0.648386
v -0.683052 0.685884 0.631760
v -0.664978 0.684315 0.614538
v -0.648427 0.673322 0.599342
v -0.635917 0.654576 0.588486
v -0.629355 0.630933 0.583623
v -0.629738 0.605992 0.585493
v -0.637008 0.583549 0.593811
v -0.650059 0.567022 0.607310
v -0.666903 0.558926 0.623937
v -0.607776 0.591021 0.711787
v -0.653556 0.562471 0.673955
v -0.617394 0.597410 0.720617
v -0.670107 0.573464 0.689150
v -0.624663 0.608302 0.726925
v -0.682616 0.592210 0.700006
v -0.628477 0.622041 0.729751
v -0.689179 0.615853 0.704869
v -0.628254 0.636534 0.728665
v -0.688796 0.640794 0.703000
v -0.624029 0.649575 0.723832
v -0.681526 0.663237 0.694682
v -0.616446 0.659178 0.715987
v -0.668475 0.679764 0.681182
v -0.606658 0.663883 0.706326
v -0.651630 0.687860 0.664556
v -0.596155 0.662971 0.696318
v -0.633556 0.686291 0.647334
v -0.586538 0.656583 0.687489
v -0.617005 0.675297 0.632138
v -0.579269 0.645690 0.681180
v -0.604496 0.656552 0.621282
v -0.575455 0.631952 0.678355
v -0.597933 0.632909 0.616419
v -0.575678 0.617459 0.679441
v -0.598316 0.607968 0.618288
v -0.579903 0.604418 0.684274
v -0.605586 0.585525 0.626606
v -0.587486 0.594814 0.692119
v -0.618637 0.568998 0.640106
v -0.597274 0.590110 0.701780
v -0.635482 0.560902 0.656733
v -0.636113 0.580891 0.685447
v -0.647985 0.588777 0.696347
v -0.656958 0.602223 0.704134
v -0.661666 0.619183 0.707623
v -0.661391 0.637074 0.706282
v -0.656176 0.653172 0.700315
v -0.646814 0.665027 0.690631
v -0.634732 0.670834 0.678705
v -0.621767 0.669709 0.666352
v -0.609894 0.661823 0.655452
v -0.600922 0.648377 0.647665
v -0.596214 0.631417 0.644176
v -0.596489 0.613526 0.645517
v -0.601704 0.597428 0.651484
v -0.611065 0.585573 0.661167
v -0.623148 0.579766 0.673094
v -0.639728 0.568187 0.686509
v -0.654971 0.578311 0.700503
v -0.666491 0.595574 0.710500
v -0.672534 0.617347 0.714979
v -0.672182 0.640316 0.713257
v -0.665486 0.660984 0.705597
v -0.653467 0.676204 0.693165
v -0.637955 0.683659 0.677853
v -0.621310 0.682215 0.661993
v -0.606068 0.672091 0.647999
v -0.594548 0.654828 0.638002
v -0.588504 0.633054 0.633523
v -0.588857 0.610085 0.635245
v -0.595552 0.589418 0.642905
v -0.607571 0.574197 0.655337
v -0.623084 0.566742 0.670649
v -0.688907 0.669492 0.589132
v -0.695264 0.635262 0.597286
v -0.681063 0.656179 0.610284
v -0.680432 0.654045 0.581943
v -0.693275 0.653590 0.594275
v -0.732658 0.673075 0.630835
v -0.746579 0.639715 0.646182
v -0.742375 0.657788 0.641065
v -0.708191 0.674543 0.656530
v -0.722036 0.641259 0.671799
v -0.717853 0.659310 0.666705
v -0.646177 0.638349 0.648520
v -0.639820 0.672579 0.640366
v -0.631345 0.657132 0.633177
v -0.659763 0.657519 0.632516
v -0.644187 0.656677 0.645509
v -0.697492 0.642802 0.697416
v -0.683571 0.676161 0.682069
v -0.693287 0.660875 0.692299
v -0.703180 0.688901 0.601638
v -0.725170 0.680399 0.623220
v -0.714680 0.686850 0.612780
v -0.678636 0.690444 0.627255
v -0.700627 0.681942 0.648837
v -0.690137 0.688393 0.638397
v -0.676083 0.683486 0.674454
v -0.654092 0.691987 0.652872
v -0.665593 0.689936 0.664014
v -0.708192 0.608223 0.577283
v -0.690782 0.623997 0.559652
v -0.757839 0.686005 0.620163
v -0.729965 0.685386 0.593495
v -0.710149 0.774009 0.622973
v -0.723586 0.756258 0.607247
v -0.716307 0.771357 0.616317
v -0.721225 0.764860 0.610561
v -0.744742 0.758296 0.627523
v -0.729781 0.775911 0.641667
v -0.741619 0.766829 0.630047
v -0.736143 0.773277 0.635224
v -0.695700 0.608266 0.589452
v -0.680176 0.626995 0.573451
v -0.745828 0.684051 0.632831
v -0.717869 0.684480 0.606201
v -0.709042 0.756748 0.625890
v -0.712252 0.750946 0.619539
v -0.711161 0.755791 0.623293
v -0.711854 0.754297 0.621432
v -0.733462 0.752807 0.639784
v -0.728690 0.758646 0.644568
v -0.732377 0.756051 0.640806
v -0.731095 0.757639 0.642103
v -0.715102 0.776834 0.656988
v -0.695470 0.774932 0.638294
v -0.715460 0.759478 0.658377
v -0.695828 0.757579 0.639682
v -0.625182 0.613443 0.663923
v -0.607772 0.629217 0.646292
v -0.674829 0.691225 0.706803
v -0.646955 0.690606 0.680135
v -0.680791 0.775855 0.653615
v -0.664642 0.759965 0.668768
v -0.674270 0.774000 0.660193
v -0.668359 0.768184 0.665740
v -0.685927 0.761994 0.688910
v -0.700423 0.777757 0.672309
v -0.688817 0.770150 0.685158
v -0.694123 0.775919 0.679082
v -0.636763 0.611972 0.650967
v -0.621239 0.630702 0.634965
v -0.686808 0.687762 0.694432
v -0.659031 0.688180 0.667611
v -0.682614 0.758410 0.653474
v -0.676076 0.753221 0.657298
v -0.680061 0.757747 0.655752
v -0.678147 0.756416 0.656613
v -0.697321 0.755079 0.677506
v -0.702230 0.760310 0.672186
v -0.698487 0.758182 0.676178
v -0.699819 0.759606 0.674748
v -0.490504 0.301192 0.444901
v -0.484031 0.300122 0.449512
v -0.476916 0.296651 0.450798
v -0.471068 0.291709 0.448413
v -0.468052 0.286620 0.442998
v -0.468677 0.282748 0.436003
v -0.472776 0.281130 0.429303
v -0.479250 0.282200 0.424692
v -0.486364 0.285671 0.423406
v -0.492212 0.290614 0.425790
v -0.495228 0.295702 0.431205
v -0.494603 0.299575 0.438200
v -0.466039 0.302460 0.471078
v -0.470137 0.300842 0.464377
v -0.470762 0.296970 0.457382
v -0.467747 0.291881 0.451967
v -0.461898 0.286939 0.449583
v -0.454784 0.283468 0.450869
v -0.448310 0.282397 0.455480
v -0.444212 0.284015 0.462180
v -0.443586 0.287887 0.469175
v -0.446602 0.292976 0.474590
v -0.452451 0.297918 0.476975
v -0.459565 0.301390 0.475689
v -0.193342 0.795168 0.149749
v -0.201410 0.796502 0.144003
v -0.184475 0.790842 0.151352
v -0.177186 0.784682 0.148380
v -0.173427 0.778340 0.141631
v -0.174206 0.773514 0.132913
v -0.179314 0.771498 0.124562
v -0.187383 0.772832 0.118815
v -0.196250 0.777158 0.117213
v -0.203539 0.783317 0.120184
v -0.207297 0.789660 0.126933
v -0.206518 0.794486 0.135651
v -0.175355 0.796100 0.168994
v -0.170247 0.798116 0.177345
v -0.176134 0.791274 0.160276
v -0.172376 0.784932 0.153527
v -0.165086 0.778772 0.150555
v -0.156220 0.774446 0.152158
v -0.148151 0.773112 0.157905
v -0.143043 0.775128 0.166256
v -0.142264 0.779954 0.174974
v -0.146023 0.786297 0.181723
v -0.153312 0.792456 0.184694
v -0.162179 0.796782 0.183092
v -0.820751 0.362240 -0.764220
v -0.684008 0.603958 -0.616253
v -0.814254 0.361178 -0.768800
v -0.675911 0.602634 -0.621961
v -0.807132 0.357712 -0.770054
v -0.667034 0.598314 -0.623524
v -0.801293 0.352770 -0.767646
v -0.659757 0.592155 -0.620522
v -0.798302 0.347677 -0.762221
v -0.656029 0.585808 -0.613761
v -0.798959 0.343797 -0.755233
v -0.656849 0.580972 -0.605052
v -0.803091 0.342170 -0.748555
v -0.661998 0.578945 -0.596729
v -0.809588 0.343233 -0.743975
v -0.670095 0.580268 -0.591021
v -0.816710 0.346699 -0.742721
v -0.678972 0.584589 -0.589458
v -0.822549 0.351641 -0.745129
v -0.686249 0.590748 -0.592459
v -0.825540 0.356734 -0.750554
v -0.689977 0.597095 -0.599221
v -0.824883 0.360614 -0.757542
v -0.689157 0.601931 -0.607930
v -0.796156 0.363547 -0.790274
v -0.652680 0.605623 -0.649439
v -0.800287 0.361920 -0.783595
v -0.657829 0.603595 -0.641115
v -0.800945 0.358040 -0.776607
v -0.658649 0.598760 -0.632406
v -0.797954 0.352947 -0.771182
v -0.654921 0.592412 -0.625645
v -0.792115 0.348006 -0.768774
v -0.647644 0.586253 -0.622643
v -0.784992 0.344539 -0.770028
v -0.638767 0.581933 -0.624206
v -0.778495 0.343477 -0.774608
v -0.630670 0.580609 -0.629914
v -0.774364 0.345104 -0.781286
v -0.625521 0.582637 -0.638238
v -0.773706 0.348983 -0.788274
v -0.624701 0.587472 -0.646947
v -0.776697 0.354077 -0.793699
v -0.628429 0.593819 -0.653708
v -0.782536 0.359018 -0.796107
v -0.635706 0.599979 -0.656709
v -0.789659 0.362485 -0.794853
v -0.644583 0.604299 -0.655146
v -0.705741 0.467189 -0.744361
v -0.757994 0.453856 -0.779687
v -0.739376 0.484592 -0.763057
v -0.931865 0.001082 -0.960787
v -0.673542 0.410162 -0.732746
v -0.924528 0.008081 -0.955028
v -0.759401 0.473232 -0.753044
v -0.745598 0.474320 -0.768615
v -0.694980 0.448131 -0.740480
v -0.956842 0.073858 -0.956551
v -0.770918 0.452771 -0.764943
v -0.748588 0.483770 -0.752402
v -0.946750 0.015640 -0.964262
v -0.955422 0.075540 -0.964190
v -0.897980 0.048090 -0.931909
v -0.958597 0.075726 -0.961653
v -0.727507 0.478942 -0.756383
v -0.949263 0.003577 -0.971470
v -0.733010 0.440316 -0.765896
v -0.944464 0.015191 -0.966608
v -0.729346 0.466033 -0.759562
v -0.978520 0.032412 -0.982545
v -0.971981 0.006618 -0.982631
v -0.944059 0.066025 -0.958440
v -0.952842 0.074544 -0.960729
v -0.945564 0.066665 -0.957324
v -0.950360 0.003647 -0.970650
v -0.823911 0.345086 -0.821546
v -0.792940 0.334487 -0.820522
v -0.814415 0.345720 -0.832417
v -0.737995 0.305716 -0.789994
v -0.774845 0.463518 -0.671161
v -0.812469 0.450962 -0.721982
v -0.796332 0.481566 -0.702726
v -0.980606 -0.001507 -0.909156
v -0.758520 0.405647 -0.642731
v -0.974785 0.005411 -0.901793
v -0.786958 0.471768 -0.723854
v -0.801725 0.471338 -0.709161
v -0.769389 0.444178 -0.661660
v -0.981491 0.072549 -0.930441
v -0.798474 0.451307 -0.735753
v -0.786208 0.481771 -0.712552
v -0.985675 0.013572 -0.923031
v -0.989108 0.073751 -0.928507
v -0.952174 0.045211 -0.874503
v -0.986774 0.074230 -0.931806
v -0.788698 0.475691 -0.691566
v -0.992405 0.001285 -0.925770
v -0.796574 0.436940 -0.698564
v -0.987857 0.012886 -0.920643
v -0.791330 0.462740 -0.693905
v -1.006608 0.030920 -0.952791
v -1.005020 0.004863 -0.947633
v -0.982232 0.063997 -0.918005
v -0.985455 0.072811 -0.926182
v -0.981239 0.064770 -0.919535
v -0.991656 0.001453 -0.926906
v -0.852638 0.343560 -0.791115
v -0.849267 0.331495 -0.760857
v -0.862951 0.343142 -0.781005
v -0.814163 0.301669 -0.709312
v -0.746592 0.465234 -0.741353
v -0.739300 0.478396 -0.743903
v -0.774149 0.463770 -0.712163
v -0.776920 0.476397 -0.704053
v -0.407961 0.485832 -0.462532
v -0.230930 0.722288 -0.264228
v -0.168293 0.628553 -0.247382
v -0.419714 0.485807 -0.450494
v -0.216723 0.713476 -0.262334
v -0.396173 0.474595 -0.462643
v -0.342633 0.556541 -0.390114
v -0.271060 0.457699 -0.371009
v -0.329741 0.541578 -0.394105
v -0.372429 0.541250 -0.421519
v -0.288311 0.428417 -0.391920
v -0.360619 0.526310 -0.421808
v -0.367226 0.397748 -0.460536
v -0.311740 0.389061 -0.420210
v -0.480314 0.481195 -0.387762
v -0.290982 0.718439 -0.202170
v -0.266203 0.622278 -0.146201
v -0.468713 0.482667 -0.399858
v -0.288054 0.708905 -0.188621
v -0.479320 0.469267 -0.376719
v -0.410181 0.552212 -0.320310
v -0.382522 0.450556 -0.255823
v -0.412788 0.536256 -0.308284
v -0.441597 0.536818 -0.350040
v -0.402169 0.421120 -0.274259
v -0.440551 0.521188 -0.339207
v -0.471458 0.391068 -0.352822
v -0.428768 0.381561 -0.299273
v -0.404020 0.471354 -0.447227
v -0.225513 0.707509 -0.249901
v -0.176348 0.623783 -0.234924
v -0.409197 0.471754 -0.441015
v -0.221563 0.705511 -0.248323
v -0.402509 0.468019 -0.449222
v -0.339878 0.539114 -0.377402
v -0.279115 0.452929 -0.358552
v -0.336167 0.533840 -0.380955
v -0.369398 0.523372 -0.408959
v -0.296366 0.423647 -0.379462
v -0.366759 0.518257 -0.408759
v -0.375281 0.392979 -0.448078
v -0.319795 0.384292 -0.407753
v -0.464015 0.467510 -0.385229
v -0.275589 0.704300 -0.198152
v -0.253762 0.618822 -0.154925
v -0.458023 0.468624 -0.390559
v -0.273754 0.702166 -0.194389
v -0.465746 0.463966 -0.383873
v -0.396327 0.535497 -0.319067
v -0.370081 0.447100 -0.264547
v -0.399417 0.529787 -0.315593
v -0.427857 0.519626 -0.348548
v -0.389727 0.417664 -0.282983
v -0.427249 0.514380 -0.346248
v -0.459017 0.387613 -0.361546
v -0.416326 0.378106 -0.307997
v -0.248602 0.696065 -0.284144
v -0.288330 0.637117 -0.328916
v -0.221465 0.540153 -0.311347
v -0.184188 0.602127 -0.266503
v -0.274169 0.626102 -0.329311
v -0.235233 0.685322 -0.283915
v -0.352234 0.633022 -0.262877
v -0.309840 0.692141 -0.220860
v -0.284194 0.595718 -0.163156
v -0.326387 0.533429 -0.202920
v -0.308483 0.680628 -0.208219
v -0.351455 0.621149 -0.249444
v -0.283923 0.621504 -0.315020
v -0.243964 0.680341 -0.270471
v -0.192238 0.597365 -0.254040
v -0.229524 0.535376 -0.298895
v -0.240443 0.677230 -0.270173
v -0.279705 0.618417 -0.315612
v -0.295068 0.677066 -0.217660
v -0.337254 0.618086 -0.259908
v -0.313951 0.529965 -0.211648
v -0.271747 0.592270 -0.171875
v -0.337507 0.614713 -0.255880
v -0.294455 0.673769 -0.214356
v -0.576560 0.531569 -0.549677
v -0.519473 0.451505 -0.499866
v -0.616343 0.587363 -0.584389
v -0.646847 0.446012 -0.515681
v -0.617837 0.529073 -0.506382
v -0.632300 0.519265 -0.497590
v -0.813149 0.589233 -0.665974
v -0.706892 0.448983 -0.572756
v -0.560749 0.449010 -0.456571
v -0.608032 0.394780 -0.481629
v -0.574642 0.438402 -0.447282
v -0.657619 0.584868 -0.541093
v -0.674453 0.578385 -0.534371
v -0.681289 0.570916 -0.541318
v -0.708051 0.560908 -0.567410
v -0.741309 0.568752 -0.598665
v -0.790334 0.559119 -0.645959
v -0.760773 0.585279 -0.616268
v -0.780223 0.608031 -0.633500
v -0.541559 0.452852 -0.626781
v -0.535283 0.534064 -0.592972
v -0.526668 0.525651 -0.608388
v -0.707517 0.595619 -0.776772
v -0.601261 0.455369 -0.683554
v -0.478196 0.454001 -0.543162
v -0.502400 0.401166 -0.592427
v -0.469011 0.444788 -0.558080
v -0.575066 0.589859 -0.627684
v -0.568822 0.584771 -0.645169
v -0.575657 0.577302 -0.652116
v -0.602419 0.567294 -0.678208
v -0.635677 0.575138 -0.709463
v -0.684702 0.565505 -0.756757
v -0.655141 0.591665 -0.727066
v -0.674591 0.614417 -0.744298
v -0.583298 0.522441 -0.556627
v -0.526211 0.442377 -0.506816
v -0.623080 0.578235 -0.591339
v -0.637674 0.446566 -0.525302
v -0.622161 0.520091 -0.515863
v -0.627058 0.514494 -0.511266
v -0.803976 0.589787 -0.675596
v -0.697719 0.449538 -0.582377
v -0.564871 0.440079 -0.466201
v -0.598859 0.395334 -0.491250
v -0.566694 0.435910 -0.460397
v -0.661898 0.575898 -0.550607
v -0.668868 0.573873 -0.548024
v -0.672116 0.571470 -0.550940
v -0.698879 0.561462 -0.577031
v -0.732136 0.569306 -0.608286
v -0.781161 0.559673 -0.655580
v -0.751600 0.585834 -0.625889
v -0.771050 0.608585 -0.643121
v -0.550732 0.452298 -0.617160
v -0.544434 0.524790 -0.597391
v -0.539772 0.519771 -0.602822
v -0.716690 0.595064 -0.767151
v -0.610433 0.454815 -0.673932
v -0.487489 0.444757 -0.547368
v -0.511572 0.400611 -0.582806
v -0.481552 0.441058 -0.549703
v -0.584248 0.580592 -0.632055
v -0.581901 0.579130 -0.639246
v -0.584830 0.576747 -0.642495
v -0.611592 0.566739 -0.668586
v -0.644850 0.574583 -0.699842
v -0.693875 0.564950 -0.747135
v -0.664313 0.591111 -0.717445
v -0.683764 0.613862 -0.734677
v -0.723543 0.562153 -0.582107
v -0.714370 0.562707 -0.591729
v -0.617911 0.568539 -0.692905
v -0.627084 0.567984 -0.683284
v -0.691074 0.561899 -0.607588
v -0.675488 0.686968 -0.586601
v -0.742159 0.595255 -0.654141
v -0.704692 0.563047 -0.620386
v -0.690503 0.590902 -0.605594
v -0.637533 0.650865 -0.552581
v -0.653741 0.685135 -0.566163
v -0.666713 0.563193 -0.633392
v -0.664877 0.656516 -0.626978
v -0.651128 0.688262 -0.612406
v -0.680331 0.564341 -0.646190
v -0.717798 0.596549 -0.679945
v -0.666143 0.592196 -0.631399
v -0.613173 0.652159 -0.578385
v -0.629380 0.686429 -0.591967
v -0.642353 0.564488 -0.659197
v -0.626767 0.689556 -0.638211
v -0.693437 0.597843 -0.705750
v -0.655970 0.565635 -0.671995
v -0.641782 0.593490 -0.657204
v -0.588812 0.653453 -0.604190
v -0.605020 0.687723 -0.617772
v -0.477968 0.320439 -0.436277
v -0.472682 0.319155 -0.444662
v -0.471553 0.314841 -0.453607
v -0.474883 0.308654 -0.460716
v -0.481780 0.302251 -0.464083
v -0.490396 0.297348 -0.462806
v -0.498422 0.295259 -0.457228
v -0.503708 0.296543 -0.448843
v -0.504838 0.300857 -0.439898
v -0.501508 0.307044 -0.432789
v -0.494611 0.313447 -0.429422
v -0.485995 0.318350 -0.430699
v -0.446484 0.322343 -0.469301
v -0.454510 0.320253 -0.463723
v -0.463126 0.315350 -0.462446
v -0.470023 0.308948 -0.465813
v -0.473353 0.302760 -0.472922
v -0.472224 0.298447 -0.481867
v -0.466938 0.297162 -0.490253
v -0.458912 0.299252 -0.495831
v -0.450296 0.304154 -0.497107
v -0.443399 0.310557 -0.493740
v -0.440069 0.316744 -0.486632
v -0.441198 0.321058 -0.477686
v -0.507421 0.261616 -0.393385
v -0.477075 0.305251 -0.361939
v -0.401789 0.268002 -0.504183
v -0.371443 0.311637 -0.472737
v -0.498249 0.262171 -0.403006
v -0.467902 0.305805 -0.371560
v -0.410962 0.267447 -0.494562
v -0.380616 0.311082 -0.463115
v -0.673303 0.619516 -0.612051
v -0.669062 0.618485 -0.618779
v -0.668155 0.615024 -0.625957
v -0.670827 0.610060 -0.631660
v -0.676361 0.604922 -0.634362
v -0.683274 0.600988 -0.633337
v -0.689714 0.599312 -0.628862
v -0.693956 0.600343 -0.622134
v -0.694862 0.603804 -0.614956
v -0.692190 0.608768 -0.609253
v -0.686656 0.613906 -0.606551
v -0.679743 0.617839 -0.607575
v -0.648585 0.621010 -0.637978
v -0.655025 0.619334 -0.633502
v -0.661938 0.615400 -0.632478
v -0.667472 0.610262 -0.635180
v -0.670144 0.605298 -0.640883
v -0.669238 0.601837 -0.648061
v -0.664996 0.600806 -0.654789
v -0.658556 0.602483 -0.659264
v -0.651643 0.606417 -0.660289
v -0.646109 0.611554 -0.657587
v -0.643438 0.616518 -0.651883
v -0.644344 0.619979 -0.644706
v -0.563402 0.259917 -0.372641
v -0.530362 0.239560 -0.427525
v -0.571433 0.269740 -0.379732
v -0.544183 0.256466 -0.439728
v -0.576247 0.282909 -0.383563
v -0.552469 0.279129 -0.446321
v -0.577112 0.297419 -0.383551
v -0.553957 0.304099 -0.446300
v -0.573896 0.311060 -0.379698
v -0.548422 0.327574 -0.439670
v -0.567087 0.321756 -0.372591
v -0.536705 0.345982 -0.427439
v -0.557724 0.327879 -0.363311
v -0.520591 0.356519 -0.411469
v -0.547231 0.328497 -0.353272
v -0.502533 0.357581 -0.394192
v -0.537205 0.323514 -0.344001
v -0.485280 0.349007 -0.378238
v -0.529174 0.313691 -0.336911
v -0.471459 0.332102 -0.366035
v -0.524360 0.300522 -0.333080
v -0.463174 0.309439 -0.359442
v -0.523495 0.286012 -0.333091
v -0.461685 0.284469 -0.359462
v -0.526711 0.272371 -0.336944
v -0.467221 0.260993 -0.366093
v -0.533520 0.261675 -0.344051
v -0.478937 0.242586 -0.378324
v -0.542883 0.255552 -0.353331
v -0.495051 0.232048 -0.394294
v -0.553376 0.254935 -0.363371
v -0.513109 0.230986 -0.411571
v -0.546007 0.253699 -0.397465
v -0.555921 0.265825 -0.406217
v -0.561865 0.282082 -0.410947
v -0.562932 0.299993 -0.410932
v -0.558962 0.316832 -0.406176
v -0.550557 0.330036 -0.397402
v -0.538999 0.337595 -0.385947
v -0.526046 0.338357 -0.373554
v -0.513670 0.332206 -0.362110
v -0.503756 0.320080 -0.353357
v -0.497812 0.303824 -0.348628
v -0.496745 0.285912 -0.348642
v -0.500715 0.269073 -0.353398
v -0.509120 0.255869 -0.362172
v -0.520678 0.248311 -0.373627
v -0.533632 0.247549 -0.386020
v -0.548218 0.242701 -0.404978
v -0.560946 0.258269 -0.416215
v -0.568576 0.279140 -0.422287
v -0.569947 0.302135 -0.422268
v -0.564849 0.323755 -0.416162
v -0.554059 0.340706 -0.404898
v -0.539220 0.350410 -0.390191
v -0.522590 0.351388 -0.374280
v -0.506701 0.343492 -0.359588
v -0.493973 0.327924 -0.348350
v -0.486343 0.307053 -0.342279
v -0.484972 0.284058 -0.342297
v -0.490070 0.262439 -0.348403
v -0.500860 0.245487 -0.359667
v -0.515699 0.235783 -0.374374
v -0.532329 0.234805 -0.390285
v -0.483029 0.242422 -0.477173
v -0.496851 0.259327 -0.489375
v -0.505136 0.281990 -0.495968
v -0.506624 0.306960 -0.495948
v -0.501089 0.330436 -0.489318
v -0.489372 0.348844 -0.477086
v -0.473259 0.359381 -0.461117
v -0.455201 0.360443 -0.443840
v -0.437948 0.351869 -0.427885
v -0.424126 0.334963 -0.415683
v -0.415841 0.312301 -0.409090
v -0.414353 0.287331 -0.409110
v -0.419888 0.263855 -0.415741
v -0.431605 0.245447 -0.427972
v -0.447718 0.234910 -0.443942
v -0.465776 0.233848 -0.461219
v -0.383771 0.270776 -0.561057
v -0.435697 0.245283 -0.526821
v -0.391803 0.280600 -0.568148
v -0.449518 0.262189 -0.539023
v -0.396617 0.293769 -0.571979
v -0.457803 0.284852 -0.545616
v -0.397482 0.308278 -0.571967
v -0.459292 0.309822 -0.545596
v -0.394266 0.321920 -0.568114
v -0.453756 0.333297 -0.538965
v -0.387457 0.332616 -0.561007
v -0.442040 0.351705 -0.526734
v -0.378094 0.338739 -0.551727
v -0.425926 0.362242 -0.510764
v -0.367601 0.339356 -0.541687
v -0.407868 0.363304 -0.493487
v -0.357575 0.334374 -0.532417
v -0.390615 0.354730 -0.477533
v -0.349544 0.324550 -0.525326
v -0.376794 0.337825 -0.465330
v -0.344730 0.311381 -0.521495
v -0.368508 0.315162 -0.458738
v -0.343865 0.296872 -0.521507
v -0.367020 0.290192 -0.458758
v -0.347081 0.283231 -0.525360
v -0.372555 0.266716 -0.465388
v -0.353890 0.272534 -0.532467
v -0.384272 0.248309 -0.477619
v -0.363253 0.266412 -0.541747
v -0.400386 0.237771 -0.493589
v -0.373746 0.265794 -0.551786
v -0.418444 0.236709 -0.510866
v -0.407307 0.262084 -0.542948
v -0.417221 0.274211 -0.551701
v -0.423165 0.290467 -0.556430
v -0.424232 0.308378 -0.556416
v -0.420262 0.325218 -0.551660
v -0.411857 0.338422 -0.542886
v -0.400299 0.345980 -0.531431
v -0.387345 0.346742 -0.519038
v -0.374970 0.340592 -0.507594
v -0.365056 0.328465 -0.498841
v -0.359112 0.312209 -0.494112
v -0.358045 0.294298 -0.494126
v -0.362015 0.277458 -0.498882
v -0.370420 0.264254 -0.507656
v -0.381978 0.256696 -0.519111
v -0.394932 0.255934 -0.531504
v -0.414276 0.250798 -0.545470
v -0.427004 0.266367 -0.556708
v -0.434634 0.287237 -0.562779
v -0.436005 0.310233 -0.562761
v -0.430907 0.331852 -0.556655
v -0.420117 0.348804 -0.545391
v -0.405278 0.358508 -0.530684
v -0.388648 0.359486 -0.514773
v -0.372759 0.351590 -0.500081
v -0.360031 0.336021 -0.488843
v -0.352401 0.315151 -0.482772
v -0.351030 0.292155 -0.482790
v -0.356128 0.270536 -0.488896
v -0.366918 0.253584 -0.500160
v -0.381757 0.243880 -0.514867
v -0.398387 0.242902 -0.530778
v -0.748090 0.582203 -0.563893
v -0.711138 0.558444 -0.613007
v -0.757748 0.588575 -0.572691
v -0.727758 0.569408 -0.628148
v -0.765022 0.599456 -0.579012
v -0.740276 0.588135 -0.639026
v -0.768804 0.613192 -0.581893
v -0.746785 0.611773 -0.643985
v -0.768519 0.627690 -0.580897
v -0.746294 0.636724 -0.642270
v -0.764209 0.640744 -0.576174
v -0.738878 0.659189 -0.634142
v -0.756532 0.650366 -0.568444
v -0.725666 0.675747 -0.620839
v -0.746656 0.655091 -0.558883
v -0.708669 0.683879 -0.604386
v -0.736084 0.654200 -0.548948
v -0.690476 0.682346 -0.587287
v -0.726426 0.647829 -0.540150
v -0.673855 0.671381 -0.572146
v -0.719152 0.636947 -0.533829
v -0.661338 0.652654 -0.561269
v -0.715370 0.623212 -0.530947
v -0.654829 0.629016 -0.556309
v -0.715655 0.608713 -0.531943
v -0.655320 0.604066 -0.558024
v -0.719964 0.595659 -0.536666
v -0.662736 0.581601 -0.566152
v -0.727642 0.586038 -0.544396
v -0.675948 0.565042 -0.579455
v -0.737518 0.581312 -0.553957
v -0.692944 0.556910 -0.595908
v -0.722724 0.575186 -0.594005
v -0.734647 0.583051 -0.604865
v -0.743626 0.596484 -0.612668
v -0.748294 0.613440 -0.616225
v -0.747942 0.631337 -0.614995
v -0.742623 0.647451 -0.609165
v -0.733146 0.659329 -0.599623
v -0.720954 0.665162 -0.587821
v -0.707904 0.664062 -0.575556
v -0.695981 0.656197 -0.564695
v -0.687002 0.642764 -0.556892
v -0.682333 0.625808 -0.553335
v -0.682685 0.607911 -0.554565
v -0.688005 0.591797 -0.560395
v -0.697482 0.579919 -0.569937
v -0.709674 0.574086 -0.581739
v -0.723260 0.562656 -0.598283
v -0.738567 0.572753 -0.612227
v -0.750094 0.589999 -0.622245
v -0.756088 0.611768 -0.626811
v -0.755636 0.634745 -0.625232
v -0.748807 0.655433 -0.617747
v -0.736640 0.670683 -0.605496
v -0.720987 0.678171 -0.590344
v -0.704233 0.676759 -0.574598
v -0.688926 0.666662 -0.560654
v -0.677398 0.649416 -0.550636
v -0.671404 0.627647 -0.546070
v -0.671857 0.604669 -0.547649
v -0.678686 0.583981 -0.555134
v -0.690853 0.568732 -0.567385
v -0.706506 0.561244 -0.582537
v -0.679950 0.560100 -0.646043
v -0.696571 0.571065 -0.661184
v -0.709088 0.589792 -0.672062
v -0.715597 0.613430 -0.677021
v -0.715106 0.638381 -0.675306
v -0.707690 0.660845 -0.667178
v -0.694479 0.677404 -0.653875
v -0.677482 0.685536 -0.637422
v -0.659288 0.684003 -0.620323
v -0.642668 0.673038 -0.605183
v -0.630150 0.654311 -0.594305
v -0.623641 0.630673 -0.589345
v -0.624132 0.605722 -0.591060
v -0.631548 0.583258 -0.599188
v -0.644760 0.566699 -0.612491
v -0.661757 0.558567 -0.628944
v -0.603155 0.589903 -0.717419
v -0.648763 0.561757 -0.679079
v -0.612813 0.596274 -0.726217
v -0.665383 0.572722 -0.694220
v -0.620086 0.607156 -0.732538
v -0.677901 0.591449 -0.705098
v -0.623869 0.620892 -0.735419
v -0.684410 0.615087 -0.710057
v -0.623583 0.635390 -0.734423
v -0.683919 0.640038 -0.708342
v -0.619274 0.648444 -0.729700
v -0.676503 0.662502 -0.700214
v -0.611597 0.658066 -0.721970
v -0.663291 0.679061 -0.686911
v -0.601721 0.662791 -0.712409
v -0.646295 0.687193 -0.670458
v -0.591149 0.661900 -0.702473
v -0.628101 0.685660 -0.653359
v -0.581491 0.655529 -0.693675
v -0.611480 0.674695 -0.638218
v -0.574217 0.644647 -0.687355
v -0.598963 0.655968 -0.627340
v -0.570435 0.630911 -0.684473
v -0.592454 0.632330 -0.622381
v -0.570720 0.616413 -0.685469
v -0.592945 0.607379 -0.624096
v -0.575029 0.603359 -0.690192
v -0.600361 0.584915 -0.632224
v -0.582707 0.593737 -0.697922
v -0.613573 0.568356 -0.645527
v -0.592583 0.589012 -0.707483
v -0.630569 0.560224 -0.661980
v -0.631335 0.580041 -0.690811
v -0.643257 0.587906 -0.701671
v -0.652236 0.601339 -0.709474
v -0.656905 0.618295 -0.713031
v -0.656553 0.636192 -0.711801
v -0.651233 0.652307 -0.705971
v -0.641757 0.664184 -0.696429
v -0.629565 0.670017 -0.684627
v -0.616514 0.668917 -0.672362
v -0.604592 0.661052 -0.661501
v -0.595613 0.647619 -0.653698
v -0.590944 0.630663 -0.650141
v -0.591296 0.612766 -0.651371
v -0.596616 0.596652 -0.657201
v -0.606093 0.584774 -0.666743
v -0.618285 0.578941 -0.678546
v -0.635006 0.567344 -0.691769
v -0.650313 0.577442 -0.705712
v -0.661840 0.594688 -0.715730
v -0.667834 0.616456 -0.720297
v -0.667382 0.639434 -0.718717
v -0.660553 0.660122 -0.711232
v -0.648386 0.675371 -0.698981
v -0.632733 0.682860 -0.683829
v -0.615978 0.681448 -0.668083
v -0.600672 0.671350 -0.654139
v -0.589144 0.654104 -0.644122
v -0.583150 0.632335 -0.639555
v -0.583602 0.609358 -0.641134
v -0.590432 0.588670 -0.648619
v -0.602599 0.573421 -0.660870
v -0.618251 0.565932 -0.676022
v -0.683086 0.669425 -0.594654
v -0.689632 0.635171 -0.602552
v -0.675448 0.655955 -0.615781
v -0.674617 0.653990 -0.587433
v -0.687552 0.653509 -0.599667
v -0.727128 0.672922 -0.636056
v -0.741288 0.639524 -0.651098
v -0.736977 0.657612 -0.646122
v -0.702845 0.674142 -0.661938
v -0.716927 0.640818 -0.676903
v -0.712639 0.658884 -0.671949
v -0.640911 0.637760 -0.654161
v -0.634365 0.672014 -0.646263
v -0.625896 0.656578 -0.639042
v -0.654306 0.657078 -0.638175
v -0.638830 0.656098 -0.651277
v -0.692566 0.642113 -0.702708
v -0.678407 0.675511 -0.687666
v -0.688255 0.660200 -0.697731
v -0.697377 0.688812 -0.607173
v -0.719557 0.680264 -0.628541
v -0.708967 0.686738 -0.618218
v -0.673016 0.690106 -0.632977
v -0.695197 0.681558 -0.654345
v -0.684606 0.688032 -0.644023
v -0.670836 0.682852 -0.680150
v -0.648655 0.691401 -0.658782
v -0.660245 0.689326 -0.669827
v -0.702516 0.608303 -0.582291
v -0.684917 0.624117 -0.564884
v -0.752181 0.686013 -0.625280
v -0.724115 0.685449 -0.598813
v -0.704181 0.773816 -0.628974
v -0.717569 0.756212 -0.613042
v -0.710300 0.771227 -0.622257
v -0.715200 0.764784 -0.616426
v -0.738866 0.758208 -0.633175
v -0.723942 0.775680 -0.647535
v -0.735729 0.766714 -0.635774
v -0.730267 0.773109 -0.641030
v -0.690113 0.608225 -0.594551
v -0.674401 0.626991 -0.578778
v -0.740270 0.683937 -0.638023
v -0.712116 0.684420 -0.611601
v -0.703161 0.756533 -0.631794
v -0.706345 0.750782 -0.625385
v -0.705263 0.755600 -0.629175
v -0.705949 0.754120 -0.627301
v -0.727697 0.752601 -0.645485
v -0.722938 0.758394 -0.650339
v -0.726607 0.755835 -0.646535
v -0.725328 0.757410 -0.647851
v -0.709372 0.776454 -0.662969
v -0.689611 0.774590 -0.644407
v -0.709806 0.759091 -0.664249
v -0.690045 0.757230 -0.645687
v -0.620124 0.612680 -0.669566
v -0.602525 0.628494 -0.652159
v -0.669790 0.690390 -0.712555
v -0.641723 0.689826 -0.686087
v -0.675042 0.775364 -0.659840
v -0.659064 0.759320 -0.675014
v -0.668576 0.773444 -0.666455
v -0.662728 0.767572 -0.672009
v -0.680489 0.761309 -0.695012
v -0.694803 0.777228 -0.678402
v -0.683320 0.769498 -0.691289
v -0.688560 0.775325 -0.685209
v -0.631615 0.611332 -0.656516
v -0.615904 0.630099 -0.640743
v -0.681691 0.687049 -0.700075
v -0.653717 0.687523 -0.673461
v -0.676930 0.757927 -0.659580
v -0.670439 0.752690 -0.663419
v -0.674396 0.757240 -0.661873
v -0.672493 0.755897 -0.662740
v -0.691825 0.754507 -0.683483
v -0.696675 0.759789 -0.678159
v -0.692969 0.757622 -0.682166
v -0.694285 0.759059 -0.680734
v -0.484889 0.300766 -0.450946
v -0.478329 0.299768 -0.455450
v -0.471170 0.296354 -0.456632
v -0.465329 0.291437 -0.454177
v -0.462373 0.286336 -0.448741
v -0.463092 0.282416 -0.441781
v -0.467295 0.280729 -0.435163
v -0.473855 0.281727 -0.430659
v -0.481015 0.285141 -0.429476
v -0.486855 0.290058 -0.431932
v -0.489812 0.295159 -0.437368
v -0.489092 0.299079 -0.444327
v -0.459982 0.302362 -0.476685
v -0.464185 0.300675 -0.470066
v -0.464905 0.296755 -0.463107
v -0.461948 0.291654 -0.457671
v -0.456108 0.286737 -0.455215
v -0.448948 0.283323 -0.456398
v -0.442388 0.282326 -0.460902
v -0.438185 0.284013 -0.467520
v -0.437466 0.287932 -0.474480
v -0.440422 0.293033 -0.479916
v -0.446263 0.297950 -0.482372
v -0.453422 0.301365 -0.481189
v -0.196336 0.794935 -0.147687
v -0.204512 0.796178 -0.142073
v -0.187413 0.790680 -0.149161
v -0.180134 0.784552 -0.146100
v -0.176449 0.778194 -0.139325
v -0.177346 0.773309 -0.130651
v -0.182584 0.771207 -0.122403
v -0.190760 0.772449 -0.116789
v -0.199683 0.776705 -0.115315
v -0.206962 0.782833 -0.118376
v -0.210647 0.789191 -0.125151
v -0.209750 0.794075 -0.133824
v -0.178025 0.796109 -0.166610
v -0.172787 0.798211 -0.174858
v -0.178922 0.791224 -0.157936
v -0.175237 0.784866 -0.151161
v -0.167958 0.778738 -0.148100
v -0.159035 0.774483 -0.149574
v -0.150859 0.773240 -0.155187
v -0.145621 0.775342 -0.163436
v -0.144724 0.780227 -0.172110
v -0.148409 0.786585 -0.178885
v -0.155688 0.792713 -0.181946
v -0.164611 0.796968 -0.180472
vn 0.5413 0.5129 0.6662
vn 0.5798 0.6293 0.5176
vn -0.5379 0.1373 0.8318
vn -0.5380 0.1372 0.8317
vn -0.5378 0.1373 0.8318
vn 0.6013 0.6364 0.4831
vn 0.6042 0.6289 0.4893
vn 0.6043 0.6288 0.4894
vn 0.7049 -0.7019 -0.1022
vn 0.2243 -0.9360 0.2713
vn 0.6010 0.6371 0.4826
vn -0.7059 -0.2644 -0.6571
vn 0.7054 -0.1765 0.6865
vn 0.6035 0.5838 0.5431
vn 0.6016 0.5842 0.5447
vn 0.6051 0.5840 0.5411
vn 0.5985 0.5838 0.5487
vn 0.6007 0.5844 0.5455
vn -0.5381 0.1371 0.8317
vn 0.6117 0.6249 0.4851
vn 0.1527 -0.9568 0.2472
vn -0.5378 0.1374 0.8318
vn -0.5386 0.1126 0.8350
vn -0.5404 0.1898 0.8197
vn 0.6059 0.5841 0.5401
vn 0.6451 0.1235 0.7541
vn -0.5376 0.1375 0.8319
vn 0.6301 0.5813 0.5150
vn 0.0675 -0.9899 0.1243
vn 0.0670 -0.9900 0.1238
vn 0.0667 -0.9901 0.1235
vn 0.7193 0.5017 0.4804
vn 0.8137 0.0523 -0.5789
vn 0.8136 0.0522 -0.5790
vn 0.8136 0.0522 -0.5791
vn 0.5468 0.6399 0.5400
vn 0.5527 0.6320 0.5432
vn 0.5527 0.6321 0.5431
vn -0.1127 -0.6505 0.7511
vn 0.5463 0.6406 0.5397
vn -0.7027 -0.2646 -0.6605
vn 0.6089 0.5832 0.5378
vn 0.8136 0.0521 -0.5791
vn 0.5485 0.6289 0.5510
vn 0.1959 -0.9595 0.2022
vn 0.8138 0.0524 -0.5788
vn 0.8154 0.0275 -0.5782
vn 0.8047 0.1052 -0.5842
vn 0.7881 0.1145 0.6048
vn 0.8139 0.0525 -0.5787
vn 0.8139 0.0525 -0.5786
vn 0.5765 0.5846 0.5708
vn 0.0688 -0.9897 0.1255
vn -0.6199 0.4775 -0.6227
vn -0.5752 -0.6375 -0.5127
vn -0.5746 -0.6385 -0.5120
vn -0.5739 -0.6396 -0.5113
vn -0.5611 -0.6615 -0.4977
vn -0.4564 -0.8002 -0.3890
vn 0.5799 0.6290 0.5177
vn -0.2589 0.9166 -0.3047
vn 0.4702 0.4100 -0.7816
vn -0.7338 0.4857 0.4750
vn -0.2603 0.9167 -0.3032
vn -0.2763 0.9065 -0.3193
vn 0.0517 0.9987 -0.0044
vn 0.0516 0.9987 -0.0056
vn 0.0568 0.9983 -0.0109
vn 0.0579 0.9983 -0.0109
vn 0.0517 0.9987 -0.0042
vn 0.0582 0.9982 -0.0109
vn 0.5308 0.7107 0.4617
vn -0.7454 -0.6235 -0.2356
vn -0.7436 -0.6265 -0.2334
vn -0.7455 -0.6234 -0.2357
vn -0.3417 0.3997 0.8506
vn -0.4593 0.3092 0.8327
vn -0.4634 0.3059 0.8317
vn -0.3304 0.4078 0.8512
vn -0.3648 0.4634 0.8076
vn -0.5037 0.3168 0.8037
vn -0.4983 0.3278 0.8027
vn -0.4269 0.4298 0.7956
vn -0.5840 0.1945 0.7881
vn -0.5079 0.2672 0.8189
vn -0.3882 0.3658 0.8459
vn 0.4065 0.8485 0.3388
vn 0.4148 0.8412 0.3469
vn 0.8434 0.3383 -0.4174
vn 0.8452 0.3469 -0.4066
vn 0.8117 0.2399 -0.5326
vn 0.8131 0.2433 -0.5288
vn -0.5302 -0.7115 -0.4611
vn -0.4092 -0.8462 -0.3414
vn 0.8020 0.4029 -0.4409
vn 0.7843 0.3671 -0.5002
vn 0.7814 0.2615 -0.5665
vn 0.7816 0.2502 -0.5714
vn 0.7546 0.1251 -0.6442
vn 0.8339 0.3025 -0.4617
vn 0.7940 0.1997 -0.5741
vn 0.4285 -0.3310 -0.8407
vn 0.3700 -0.3775 -0.8488
vn 0.4793 -0.2912 -0.8279
vn 0.5082 -0.2648 -0.8195
vn 0.5840 -0.1939 -0.7882
vn 0.5838 -0.1942 -0.7884
vn 0.2517 -0.5308 -0.8092
vn 0.4203 -0.4470 -0.7897
vn 0.4931 -0.3308 -0.8046
vn 0.4848 -0.3456 -0.8035
vn 0.5841 -0.1957 -0.7877
vn 0.5842 -0.1953 -0.7878
vn 0.3845 -0.3651 -0.8479
vn 0.5276 -0.2478 -0.8126
vn 0.5836 -0.1945 -0.7884
vn -0.4165 -0.8396 -0.3487
vn -0.7552 -0.1254 0.6434
vn -0.7543 -0.1264 0.6443
vn -0.7840 -0.2799 0.5540
vn -0.8282 -0.2864 0.4818
vn -0.8243 -0.2661 0.4997
vn -0.7945 -0.1973 0.5743
vn -0.8061 -0.2246 0.5475
vn -0.8387 -0.3149 0.4444
vn -0.7547 -0.1245 0.6441
vn -0.7549 -0.1248 0.6439
vn -0.8147 -0.4756 0.3318
vn -0.7839 -0.2646 0.5617
vn -0.7796 -0.3848 0.4941
vn -0.7543 -0.1260 0.6443
vn -0.7854 -0.1798 0.5923
vn -0.8361 -0.3018 0.4581
vn -0.7550 -0.1252 0.6437
vn -0.4984 0.6468 -0.5773
vn -0.4442 0.7144 -0.5406
vn -0.4199 0.7218 -0.5502
vn -0.5644 0.5961 -0.5711
vn 0.7450 -0.4425 0.4991
vn 0.7845 -0.2958 0.5450
vn 0.7496 -0.4290 0.5040
vn 0.5240 -0.7000 0.4853
vn 0.6181 -0.6346 0.4638
vn 0.6240 -0.6294 0.4631
vn 0.5242 -0.6999 0.4851
vn -0.7455 -0.6235 -0.2356
vn -0.7464 -0.6219 -0.2368
vn -0.7464 -0.6220 -0.2368
vn -0.6911 0.4750 -0.5448
vn -0.0665 -0.9493 0.3073
vn -0.5348 0.7191 -0.4438
vn -0.5422 0.7281 -0.4193
vn 0.4857 -0.6979 0.5263
vn 0.4857 -0.6980 0.5262
vn -0.5782 0.6510 -0.4918
vn -0.5791 0.5969 -0.5554
vn 0.5827 -0.2854 0.7609
vn 0.5271 -0.4312 0.7322
vn 0.5330 -0.4178 0.7358
vn 0.4740 -0.6272 0.6180
vn 0.4740 -0.6216 0.6237
vn -0.3172 -0.6442 -0.6960
vn -0.3161 -0.6457 -0.6951
vn -0.5674 0.4685 -0.6771
vn -0.3160 -0.6458 -0.6950
vn 0.2559 -0.9660 -0.0376
vn 0.8163 0.2521 -0.5197
vn -0.5356 -0.7039 -0.4665
vn -0.8536 -0.4247 0.3016
vn 0.5832 -0.1947 -0.7886
vn 0.4094 -0.3505 -0.8423
vn 0.2214 -0.4804 -0.8486
vn -0.3138 -0.6488 -0.6932
vn 0.8489 0.3689 -0.3784
vn -0.4497 0.3177 0.8348
vn -0.3010 0.4285 0.8519
vn 0.5371 0.7018 0.4680
vn -0.6877 0.0382 0.7249
vn -0.5099 0.6853 -0.5199
vn 0.6877 -0.0382 -0.7249
vn -0.1055 0.5778 -0.8093
vn -0.6758 0.0333 0.7364
vn -0.6836 0.0262 0.7294
vn -0.6835 0.0263 0.7295
vn -0.7824 0.6154 -0.0958
vn 0.6919 -0.0502 -0.7202
vn 0.6918 -0.0503 -0.7203
vn 0.6995 -0.0431 -0.7134
vn 0.5100 -0.6853 0.5199
vn 0.5099 -0.6854 0.5199
vn 0.5101 -0.6854 0.5196
vn 0.5101 -0.6853 0.5198
vn -0.6869 0.0369 0.7258
vn -0.6873 0.0376 0.7254
vn -0.6874 0.0378 0.7253
vn 0.1181 -0.5821 0.8045
vn 0.5098 -0.6855 0.5198
vn 0.5102 -0.6855 0.5194
vn -0.6756 0.0334 0.7365
vn 0.2270 -0.6351 0.7383
vn 0.4938 -0.7074 0.5057
vn 0.4941 -0.7069 0.5061
vn 0.5099 -0.6853 0.5200
vn 0.5097 -0.6854 0.5201
vn 0.6886 -0.0395 -0.7240
vn 0.6881 -0.0387 -0.7246
vn 0.6876 -0.0380 -0.7251
vn 0.7780 -0.6188 0.1089
vn 0.5094 -0.6855 0.5202
vn 0.6996 -0.0430 -0.7132
vn 0.7151 -0.6622 0.2238
vn 0.4934 -0.7079 0.5054
vn -0.5994 0.7009 -0.3865
vn 0.4941 -0.7069 0.5060
vn 0.5167 0.7272 0.4518
vn 0.4093 0.8199 0.4003
vn 0.2124 0.9655 0.1506
vn -0.0168 0.9975 -0.0686
vn 0.2970 0.9260 0.2330
vn -0.5167 -0.7272 -0.4518
vn 0.4526 0.7595 0.4673
vn -0.7993 -0.4734 -0.3701
vn -0.4592 0.7506 -0.4752
vn -0.3654 0.8446 -0.3912
vn -0.3809 0.6888 -0.6168
vn 0.4643 0.8168 0.3423
vn -0.1658 0.9639 -0.2081
vn 0.5304 0.7551 0.3853
vn -0.4371 -0.4935 -0.7519
vn 0.0006 -0.9986 0.0532
vn -0.0033 -0.9988 0.0495
vn -0.7225 -0.0627 -0.6885
vn 0.6912 -0.0435 -0.7214
vn 0.7225 0.0627 0.6885
vn 0.7131 0.2038 0.6708
vn 0.7130 0.2038 0.6709
vn 0.1962 -0.9494 0.2452
vn 0.3645 -0.8410 0.3999
vn 0.0534 0.9985 -0.0090
vn -0.0153 0.9971 -0.0747
vn -0.5997 0.5225 -0.6061
vn 0.0153 -0.9971 0.0747
vn 0.4959 0.7546 0.4297
vn 0.4958 0.7550 0.4292
vn 0.3767 0.8736 0.3082
vn -0.6912 0.0435 0.7214
vn 0.7129 0.2038 0.6710
vn 0.4955 0.7550 0.4296
vn -0.5311 -0.7073 -0.4665
vn 0.0578 -0.9675 -0.2462
vn 0.3300 -0.9439 0.0132
vn 0.2437 -0.9632 0.1129
vn -0.0358 -0.9875 -0.1535
vn -0.6166 0.1263 -0.7770
vn -0.6107 -0.2595 -0.7481
vn -0.7057 -0.2560 -0.6607
vn -0.7116 0.1330 -0.6898
vn 0.3032 -0.9519 0.0451
vn 0.5551 -0.7845 0.2764
vn 0.7678 -0.4959 0.4057
vn 0.6933 -0.5032 0.5159
vn 0.4998 -0.7932 0.3480
vn 0.5794 -0.7783 0.2421
vn 0.8667 -0.1397 0.4789
vn 0.7948 -0.1375 0.5911
vn 0.8609 0.2360 0.4508
vn 0.7888 0.2483 0.5622
vn 0.7514 0.5740 0.3255
vn 0.6764 0.5954 0.4336
vn 0.5548 0.8230 0.1221
vn 0.4745 0.8511 0.2247
vn 0.3010 0.9449 -0.1283
vn 0.2140 0.9763 -0.0324
vn 0.0288 0.9213 -0.3878
vn -0.0656 0.9520 -0.2988
vn -0.2206 0.7557 -0.6167
vn -0.3216 0.7820 -0.5339
vn -0.4090 0.4733 -0.7802
vn -0.5151 0.4920 -0.7018
vn -0.5078 0.1172 -0.8534
vn -0.5021 -0.2585 -0.8253
vn -0.3925 -0.5966 -0.7000
vn -0.4983 -0.6066 -0.6195
vn -0.1960 -0.8456 -0.4966
vn -0.2964 -0.8623 -0.4106
vn 0.1259 0.9902 0.0610
vn 0.3887 0.8639 0.3204
vn 0.7077 -0.2093 -0.6748
vn 0.7522 -0.1798 -0.6339
vn 0.0280 -0.9758 -0.2171
vn -0.2284 -0.8525 -0.4702
vn -0.4270 -0.6009 -0.6757
vn -0.5377 -0.2593 -0.8023
vn -0.5435 0.1203 -0.8307
vn -0.4436 0.4802 -0.7567
vn -0.2532 0.7655 -0.5915
vn -0.0013 0.9329 -0.3602
vn 0.2738 0.9568 -0.0980
vn 0.5302 0.8335 0.1551
vn 0.7289 0.5820 0.3606
vn 0.8396 0.2404 0.4872
vn 0.8454 -0.1393 0.5156
vn 0.7455 -0.4992 0.4416
vn 0.6591 -0.2135 -0.7211
vn 0.6138 -0.1918 -0.7658
vn 0.5787 -0.1473 -0.8021
vn 0.5591 -0.0870 -0.8245
vn 0.5581 -0.0199 -0.8295
vn 0.5758 0.0437 -0.8165
vn 0.6094 0.0941 -0.7873
vn 0.6539 0.1237 -0.7464
vn 0.7025 0.1279 -0.7001
vn 0.7478 0.1062 -0.6553
vn 0.7829 0.0617 -0.6190
vn 0.8025 0.0013 -0.5967
vn 0.8035 -0.0657 -0.5916
vn 0.7859 -0.1293 -0.6047
vn 0.7116 -0.1330 0.6898
vn 0.6093 -0.5018 0.6140
vn -0.1560 0.9657 -0.2076
vn 0.7057 0.2560 0.6607
vn -0.5923 -0.6061 -0.5309
vn -0.4141 0.7942 -0.4446
vn 0.1560 -0.9657 0.2076
vn -0.1259 -0.9902 -0.0610
vn 0.5923 0.6061 0.5309
vn -0.3887 -0.8639 -0.3204
vn 0.4141 -0.7942 0.4446
vn -0.6093 0.5018 -0.6140
vn -0.3010 -0.9449 0.1283
vn -0.2140 -0.9763 0.0325
vn 0.0656 -0.9520 0.2988
vn -0.0288 -0.9213 0.3878
vn -0.7948 0.1375 -0.5911
vn -0.7888 -0.2483 -0.5622
vn 0.0013 -0.9329 0.3602
vn 0.2532 -0.7655 0.5915
vn 0.4090 -0.4733 0.7802
vn 0.2205 -0.7557 0.6167
vn 0.3216 -0.7820 0.5339
vn 0.5151 -0.4920 0.7018
vn 0.5078 -0.1172 0.8534
vn 0.6167 -0.1263 0.7770
vn 0.5021 0.2585 0.8253
vn 0.6107 0.2595 0.7481
vn 0.3926 0.5966 0.7000
vn 0.4983 0.6066 0.6195
vn 0.1960 0.8456 0.4966
vn 0.2964 0.8623 0.4106
vn -0.0578 0.9675 0.2462
vn 0.0358 0.9875 0.1535
vn -0.3300 0.9439 -0.0133
vn -0.2437 0.9632 -0.1129
vn -0.5794 0.7783 -0.2422
vn -0.4998 0.7932 -0.3480
vn -0.7678 0.4959 -0.4057
vn -0.6933 0.5032 -0.5159
vn -0.8667 0.1397 -0.4789
vn -0.8609 -0.2360 -0.4508
vn -0.7514 -0.5740 -0.3255
vn -0.6764 -0.5954 -0.4336
vn -0.5548 -0.8230 -0.1221
vn -0.4745 -0.8511 -0.2247
vn -0.6539 -0.1237 0.7464
vn -0.6094 -0.0941 0.7873
vn -0.2738 -0.9568 0.0980
vn -0.5302 -0.8335 -0.1551
vn -0.7289 -0.5820 -0.3606
vn -0.8396 -0.2403 -0.4872
vn -0.8396 -0.2404 -0.4872
vn -0.8454 0.1393 -0.5156
vn -0.7455 0.4992 -0.4416
vn -0.5551 0.7845 -0.2764
vn -0.3032 0.9519 -0.0451
vn -0.0280 0.9758 0.2171
vn 0.2284 0.8525 0.4702
vn 0.4270 0.6010 0.6757
vn 0.5377 0.2593 0.8023
vn 0.5435 -0.1203 0.8307
vn 0.4436 -0.4802 0.7567
vn -0.7025 -0.1279 0.7001
vn -0.7478 -0.1061 0.6553
vn -0.7829 -0.0617 0.6190
vn -0.8025 -0.0013 0.5967
vn -0.8035 0.0657 0.5916
vn -0.7859 0.1293 0.6047
vn -0.7522 0.1798 0.6339
vn -0.7077 0.2093 0.6748
vn -0.6591 0.2135 0.7211
vn -0.6138 0.1918 0.7658
vn -0.5787 0.1473 0.8021
vn -0.5591 0.0870 0.8245
vn -0.5581 0.0199 0.8295
vn -0.5758 -0.0437 0.8165
vn 0.6328 0.5187 0.5750
vn 0.6330 0.5188 0.5746
vn 0.6324 0.5189 0.5752
vn 0.2212 0.9630 0.1539
vn 0.6886 0.0516 -0.7233
vn 0.6838 0.1112 -0.7212
vn 0.0631 0.9840 -0.1663
vn 0.0622 0.9843 -0.1654
vn 0.2834 0.8778 -0.3862
vn 0.2889 0.8737 -0.3915
vn 0.5188 0.6050 -0.6040
vn 0.5259 0.5927 -0.6100
vn 0.6430 0.3129 -0.6990
vn 0.6460 0.3028 -0.7007
vn -0.6900 0.0419 0.7226
vn -0.6841 -0.1101 0.7210
vn -0.6882 -0.0534 0.7236
vn -0.0633 -0.9841 0.1661
vn -0.2950 -0.8692 0.3968
vn -0.2765 -0.8832 0.3788
vn -0.0609 -0.9847 0.1636
vn -0.5348 -0.5764 0.6179
vn -0.5115 -0.6174 0.5976
vn -0.6478 -0.2983 0.7009
vn -0.6418 -0.3184 0.6977
vn 0.5645 -0.6515 0.5068
vn -0.5512 0.6497 -0.5234
vn -0.7387 -0.0617 -0.6712
vn -0.7746 -0.0143 -0.6323
vn -0.7740 -0.0155 -0.6329
vn -0.7386 -0.0617 -0.6713
vn 0.7264 0.0653 0.6841
vn 0.7237 0.0692 0.6867
vn -0.7835 0.0598 -0.6185
vn -0.7838 0.0585 -0.6182
vn 0.7272 0.0577 0.6840
vn -0.7552 0.0814 -0.6504
vn -0.7556 0.0817 -0.6499
vn 0.7234 0.0566 0.6881
vn 0.7204 0.0599 0.6910
vn -0.7364 0.0685 -0.6731
vn -0.7224 -0.0699 -0.6879
vn 0.7224 0.0700 0.6879
vn 0.0205 -0.9966 0.0797
vn -0.0206 0.9966 -0.0798
vn -0.6820 0.1971 0.7043
vn -0.6875 0.1381 0.7129
vn -0.1039 0.9946 0.0080
vn -0.3251 0.9123 0.2493
vn -0.3197 0.9157 0.2433
vn -0.1030 0.9947 0.0070
vn -0.5493 0.6603 0.5121
vn -0.5428 0.6718 0.5041
vn -0.6517 0.3844 0.6538
vn -0.6495 0.3942 0.6501
vn 0.6923 -0.0450 -0.7202
vn 0.6876 -0.1400 -0.7124
vn 0.6819 -0.1960 -0.7047
vn 0.1037 -0.9946 -0.0082
vn 0.1012 -0.9948 -0.0056
vn 0.3123 -0.9202 -0.2358
vn 0.3303 -0.9085 -0.2559
vn 0.5361 -0.6833 -0.4957
vn 0.5576 -0.6451 -0.5223
vn 0.6480 -0.3995 -0.6485
vn 0.6522 -0.3801 -0.6559
vn 0.4914 -0.6469 0.5831
vn -0.5075 0.6470 -0.5691
vn -0.7060 -0.0637 -0.7054
vn -0.7060 -0.0638 -0.7053
vn -0.6666 -0.0222 -0.7451
vn -0.6659 -0.0212 -0.7457
vn 0.7185 0.0658 0.6924
vn 0.7212 0.0694 0.6893
vn -0.6479 0.0500 -0.7601
vn -0.6481 0.0513 -0.7598
vn 0.7180 0.0583 0.6936
vn 0.7180 0.0582 0.6936
vn -0.6769 0.0767 -0.7321
vn -0.6774 0.0765 -0.7316
vn 0.7218 0.0567 0.6898
vn 0.7218 0.0567 0.6897
vn 0.7247 0.0597 0.6864
vn -0.6999 0.0662 -0.7111
vn -0.3057 0.3545 0.8837
vn -0.3047 0.3552 0.8837
vn -0.6832 0.0366 0.7293
vn -0.8775 -0.2930 0.3798
vn -0.8773 -0.2922 0.3808
vn -0.8354 -0.5450 -0.0709
vn -0.8361 -0.5443 -0.0690
vn -0.5686 -0.6520 -0.5016
vn -0.5703 -0.6519 -0.4998
vn -0.1489 -0.5854 -0.7969
vn -0.1508 -0.5861 -0.7961
vn 0.3111 -0.3635 -0.8781
vn 0.3100 -0.3641 -0.8782
vn 0.6885 -0.0456 -0.7238
vn 0.8826 0.2833 -0.3753
vn 0.8827 0.2840 -0.3743
vn 0.8414 0.5353 0.0744
vn 0.8407 0.5360 0.0763
vn 0.5757 0.6429 0.5052
vn 0.5740 0.6430 0.5070
vn 0.8380 0.5411 0.0709
vn 0.8373 0.5418 0.0728
vn 0.8767 0.2933 -0.3814
vn 0.8768 0.2940 -0.3804
vn 0.6816 -0.0341 -0.7309
vn 0.3051 -0.3535 -0.8843
vn 0.3041 -0.3542 -0.8844
vn -0.1524 -0.5797 -0.8005
vn -0.1543 -0.5803 -0.7996
vn -0.8319 -0.5508 -0.0674
vn -0.8326 -0.5500 -0.0655
vn -0.8714 -0.3029 0.3858
vn -0.8712 -0.3022 0.3868
vn -0.6762 0.0251 0.7363
vn -0.2987 0.3452 0.8897
vn -0.2997 0.3445 0.8897
vn 0.1596 0.5713 0.8050
vn 0.1578 0.5707 0.8059
vn 0.1543 0.5765 0.8024
vn 0.1562 0.5771 0.8016
vn 0.5723 0.6395 0.5134
vn 0.5759 0.6392 0.5097
vn 0.1509 0.5808 0.8000
vn 0.1469 0.5795 0.8016
vn -0.3137 0.3637 0.8771
vn -0.3159 0.3623 0.8769
vn -0.6927 0.0461 0.7197
vn -0.8837 -0.2864 0.3702
vn -0.8834 -0.2849 0.3722
vn -0.8355 -0.5441 -0.0772
vn -0.8369 -0.5424 -0.0734
vn -0.5615 -0.6579 -0.5019
vn -0.5651 -0.6576 -0.4982
vn -0.1361 -0.5979 -0.7900
vn -0.1400 -0.5991 -0.7883
vn 0.3266 -0.3806 -0.8651
vn 0.3244 -0.3820 -0.8653
vn 0.7033 -0.0645 -0.7080
vn 0.8939 0.2663 -0.3606
vn 0.8943 0.2679 -0.3586
vn 0.8475 0.5239 0.0848
vn 0.8461 0.5256 0.0887
vn 0.5758 0.6393 0.5096
vn 0.8407 0.5359 0.0774
vn 0.8393 0.5375 0.0814
vn 0.5723 0.6394 0.5134
vn 0.8821 0.2870 -0.3735
vn 0.8825 0.2885 -0.3715
vn 0.6896 -0.0408 -0.7230
vn 0.3147 -0.3602 -0.8782
vn 0.3125 -0.3616 -0.8784
vn -0.1431 -0.5861 -0.7975
vn -0.1470 -0.5874 -0.7958
vn -0.5650 -0.6577 -0.4982
vn -0.8284 -0.5558 -0.0699
vn -0.8297 -0.5542 -0.0660
vn -0.8714 -0.3068 0.3828
vn -0.8710 -0.3053 0.3849
vn -0.6785 0.0224 0.7342
vn -0.3016 0.3431 0.8896
vn -0.3037 0.3417 0.8894
vn 0.1578 0.5689 0.8072
vn 0.1539 0.5675 0.8088
vn -0.8628 0.3585 0.3565
vn -0.8626 0.3573 0.3582
vn -0.8044 0.5852 -0.1022
vn -0.8033 0.5862 -0.1053
vn -0.6891 0.0361 0.7238
vn -0.3288 -0.2939 0.8975
vn -0.3304 -0.2928 0.8973
vn 0.1210 -0.5429 0.8310
vn 0.1180 -0.5417 0.8323
vn 0.5392 -0.6440 0.5427
vn 0.5364 -0.6439 0.5456
vn 0.8138 -0.5706 0.1104
vn 0.8126 -0.5716 0.1135
vn 0.8718 -0.3427 -0.3499
vn 0.8721 -0.3439 -0.3482
vn 0.6984 -0.0216 -0.7154
vn 0.3398 0.3072 -0.8889
vn 0.3381 0.3084 -0.8891
vn -0.1085 0.5561 -0.8240
vn -0.1116 0.5574 -0.8227
vn -0.5269 0.6584 -0.5374
vn -0.5298 0.6585 -0.5345
vn -0.5297 0.6586 -0.5345
vn -0.5270 0.6584 -0.5374
vn -0.1146 0.5468 -0.8294
vn -0.1176 0.5481 -0.8281
vn 0.3293 0.2911 -0.8982
vn 0.3277 0.2923 -0.8984
vn 0.6864 -0.0403 -0.7261
vn 0.8615 -0.3590 -0.3591
vn 0.8617 -0.3601 -0.3574
vn 0.8078 -0.5800 0.1051
vn 0.8067 -0.5810 0.1083
vn 0.1271 -0.5335 0.8362
vn 0.1240 -0.5322 0.8375
vn -0.3182 -0.2777 0.9064
vn -0.3198 -0.2765 0.9062
vn -0.6768 0.0548 0.7341
vn -0.8521 0.3746 0.3655
vn -0.8519 0.3735 0.3672
vn -0.7971 0.5955 -0.1001
vn -0.7983 0.5945 -0.0969
vn 0.2052 -0.9787 0.0045
vn 0.4703 -0.8466 0.2491
vn 0.4138 -0.8532 0.3175
vn 0.1455 -0.9869 0.0700
vn -0.6583 -0.1570 -0.7362
vn -0.5708 -0.5217 -0.6341
vn -0.6331 -0.5203 -0.5731
vn -0.7208 -0.1542 -0.6757
vn 0.5350 -0.8292 0.1619
vn 0.7414 -0.5759 0.3444
vn 0.8086 -0.2384 0.5379
vn 0.7561 -0.2377 0.6098
vn 0.6282 -0.5901 0.5070
vn 0.6822 -0.5866 0.4364
vn 0.8302 0.1452 0.5382
vn 0.7780 0.1503 0.6101
vn 0.7438 0.5056 0.4372
vn 0.6905 0.5150 0.5079
vn 0.5625 0.7880 0.2503
vn 0.5070 0.8008 0.3188
vn 0.3139 0.9494 0.0060
vn 0.2555 0.9642 0.0715
vn 0.0358 0.9653 -0.2586
vn -0.0258 0.9802 -0.1962
vn -0.2293 0.8332 -0.5032
vn -0.2941 0.8466 -0.4437
vn -0.4412 0.5732 -0.6905
vn -0.5085 0.5835 -0.6332
vn -0.5676 0.2250 -0.7920
vn -0.6364 0.2311 -0.7359
vn -0.5892 -0.1586 -0.7923
vn -0.5027 -0.5190 -0.6913
vn -0.3214 -0.8014 -0.5044
vn -0.3874 -0.8075 -0.4449
vn -0.0728 -0.9628 -0.2601
vn -0.1358 -0.9708 -0.1977
vn -0.0860 0.9873 -0.1336
vn 0.1964 0.9712 0.1351
vn 0.7557 -0.2550 -0.6032
vn 0.8107 -0.1875 -0.5546
vn 0.2766 -0.9579 -0.0764
vn 0.0057 -0.9425 -0.3343
vn -0.2365 -0.7852 -0.5723
vn -0.4132 -0.5100 -0.7545
vn -0.4974 -0.1588 -0.8529
vn -0.4763 0.2150 -0.8526
vn -0.3532 0.5543 -0.7536
vn -0.1467 0.8076 -0.5711
vn 0.1116 0.9364 -0.3328
vn 0.3825 0.9209 -0.0750
vn 0.6248 0.7636 0.1631
vn 0.8014 0.4884 0.3452
vn 0.8857 0.1372 0.4436
vn 0.8646 -0.2365 0.4433
vn 0.6869 -0.2893 -0.6667
vn 0.6147 -0.2852 -0.7354
vn 0.5502 -0.2433 -0.7988
vn 0.5031 -0.1699 -0.8474
vn 0.4807 -0.0764 -0.8736
vn 0.4863 0.0232 -0.8735
vn 0.5191 0.1136 -0.8471
vn 0.5741 0.1811 -0.7985
vn 0.6429 0.2154 -0.7350
vn 0.7151 0.2113 -0.6663
vn 0.7796 0.1694 -0.6029
vn 0.8267 0.0960 -0.5544
vn 0.8491 0.0025 -0.5282
vn 0.8435 -0.0971 -0.5282
vn 0.7208 0.1542 0.6757
vn 0.6989 -0.2353 0.6754
vn -0.3553 0.8531 -0.3820
vn 0.6331 0.5203 0.5731
vn -0.4489 -0.8072 -0.3833
vn -0.5705 0.5891 -0.5723
vn 0.3553 -0.8531 0.3820
vn 0.0860 -0.9873 0.1336
vn 0.4489 0.8072 0.3833
vn -0.1964 -0.9712 -0.1351
vn 0.5705 -0.5891 0.5723
vn -0.6989 0.2353 -0.6754
vn -0.0358 -0.9653 0.2586
vn 0.0258 -0.9802 0.1962
vn 0.2941 -0.8465 0.4437
vn 0.2293 -0.8332 0.5032
vn -0.7780 -0.1503 -0.6101
vn -0.6905 -0.5150 -0.5079
vn 0.1467 -0.8076 0.5711
vn 0.3532 -0.5543 0.7537
vn 0.5676 -0.2250 0.7920
vn 0.4412 -0.5732 0.6905
vn 0.5085 -0.5835 0.6332
vn 0.6364 -0.2311 0.7359
vn 0.5892 0.1586 0.7923
vn 0.6583 0.1570 0.7362
vn 0.5028 0.5190 0.6913
vn 0.5708 0.5217 0.6340
vn 0.3214 0.8014 0.5044
vn 0.3874 0.8075 0.4449
vn 0.0729 0.9628 0.2601
vn 0.1358 0.9708 0.1977
vn -0.2052 0.9787 -0.0045
vn -0.1455 0.9869 -0.0700
vn -0.4703 0.8466 -0.2491
vn -0.4138 0.8532 -0.3175
vn -0.6822 0.5866 -0.4364
vn -0.6282 0.5901 -0.5070
vn -0.8086 0.2384 -0.5379
vn -0.7561 0.2377 -0.6098
vn -0.8302 -0.1452 -0.5382
vn -0.7438 -0.5056 -0.4372
vn -0.5625 -0.7880 -0.2503
vn -0.5070 -0.8008 -0.3188
vn -0.3139 -0.9494 -0.0060
vn -0.2555 -0.9642 -0.0715
vn -0.5741 -0.1811 0.7985
vn -0.5191 -0.1136 0.8471
vn -0.1116 -0.9364 0.3328
vn -0.3825 -0.9209 0.0750
vn -0.6248 -0.7636 -0.1631
vn -0.8014 -0.4884 -0.3452
vn -0.8857 -0.1372 -0.4436
vn -0.8646 0.2365 -0.4433
vn -0.7414 0.5759 -0.3444
vn -0.5350 0.8292 -0.1619
vn -0.2766 0.9579 0.0764
vn -0.0057 0.9425 0.3343
vn 0.2365 0.7852 0.5724
vn 0.4132 0.5100 0.7545
vn 0.4974 0.1588 0.8529
vn 0.4763 -0.2150 0.8526
vn -0.6429 -0.2154 0.7350
vn -0.7151 -0.2113 0.6663
vn -0.7796 -0.1694 0.6029
vn -0.8267 -0.0960 0.5544
vn -0.8491 -0.0025 0.5282
vn -0.8435 0.0971 0.5282
vn -0.8107 0.1875 0.5546
vn -0.7557 0.2550 0.6032
vn -0.6869 0.2893 0.6667
vn -0.6147 0.2852 0.7354
vn -0.5502 0.2433 0.7988
vn -0.5031 0.1699 0.8474
vn -0.4807 0.0764 0.8736
vn -0.4863 -0.0232 0.8735
vn 0.5736 0.6386 -0.5130
vn 0.1506 0.5752 -0.8040
vn 0.1545 0.5765 -0.8024
vn 0.5772 0.6383 -0.5093
vn -0.3108 0.3558 -0.8814
vn -0.3087 0.3572 -0.8816
vn -0.6876 0.0391 -0.7251
vn -0.8795 -0.2905 -0.3769
vn -0.8799 -0.2920 -0.3749
vn -0.8353 -0.5452 0.0705
vn -0.8339 -0.5468 0.0744
vn -0.5662 -0.6568 0.4980
vn -0.5627 -0.6570 0.5017
vn -0.1435 -0.5948 0.7909
vn -0.1396 -0.5936 0.7926
vn 0.3195 -0.3755 0.8700
vn 0.3217 -0.3741 0.8698
vn 0.6983 -0.0575 0.7135
vn 0.8906 0.2734 0.3635
vn 0.8902 0.2719 0.3655
vn 0.8447 0.5283 -0.0857
vn 0.8461 0.5266 -0.0818
vn 0.5772 0.6384 -0.5093
vn 0.5737 0.6385 -0.5131
vn 0.8379 0.5402 -0.0785
vn 0.8392 0.5386 -0.0745
vn 0.8787 0.2941 0.3761
vn 0.8783 0.2926 0.3782
vn 0.6844 -0.0338 0.7283
vn 0.3074 -0.3551 0.8828
vn 0.3096 -0.3537 0.8827
vn -0.1506 -0.5831 0.7983
vn -0.1467 -0.5818 0.8000
vn -0.5627 -0.6570 0.5018
vn -0.8281 -0.5570 0.0633
vn -0.8268 -0.5585 0.0672
vn -0.8670 -0.3110 -0.3894
vn -0.8674 -0.3124 -0.3873
vn -0.6732 0.0153 -0.7393
vn -0.2985 0.3351 -0.8937
vn -0.2964 0.3365 -0.8938
vn 0.1576 0.5632 -0.8111
vn 0.1615 0.5646 -0.8094
vn 0.5443 0.5109 -0.6654
vn 0.5812 0.6283 -0.5172
vn -0.5323 0.1302 -0.8365
vn -0.5324 0.1301 -0.8364
vn -0.5322 0.1302 -0.8365
vn 0.6024 0.6358 -0.4826
vn 0.6055 0.6281 -0.4888
vn 0.6054 0.6282 -0.4887
vn 0.7067 -0.6986 0.1116
vn 0.2298 -0.9367 -0.2640
vn 0.6021 0.6365 -0.4820
vn -0.7097 -0.2632 0.6536
vn 0.7111 -0.1780 -0.6802
vn 0.6053 0.5828 -0.5422
vn 0.6068 0.5830 -0.5402
vn 0.6034 0.5832 -0.5438
vn 0.6002 0.5828 -0.5478
vn 0.6025 0.5834 -0.5447
vn -0.5325 0.1300 -0.8364
vn 0.6128 0.6243 -0.4844
vn 0.1582 -0.9577 -0.2403
vn -0.5322 0.1303 -0.8365
vn -0.5329 0.1055 -0.8396
vn -0.5351 0.1828 -0.8248
vn 0.6076 0.5831 -0.5392
vn 0.6501 0.1214 -0.7501
vn -0.5320 0.1304 -0.8366
vn -0.5320 0.1304 -0.8367
vn 0.6316 0.5805 -0.5139
vn 0.0720 -0.9904 -0.1177
vn 0.0713 -0.9906 -0.1170
vn 0.0718 -0.9905 -0.1175
vn 0.7209 0.5015 -0.4783
vn 0.8092 0.0589 0.5845
vn 0.8092 0.0588 0.5847
vn 0.8093 0.0589 0.5845
vn 0.8091 0.0588 0.5847
vn 0.5484 0.6387 -0.5398
vn 0.5542 0.6309 -0.5429
vn 0.5543 0.6308 -0.5430
vn -0.1047 -0.6555 -0.7479
vn 0.5478 0.6394 -0.5395
vn -0.7065 -0.2633 0.6569
vn 0.6106 0.5822 -0.5369
vn 0.8091 0.0587 0.5847
vn 0.5502 0.6277 -0.5508
vn 0.8092 0.0589 0.5846
vn 0.2010 -0.9600 -0.1950
vn 0.8093 0.0590 0.5844
vn 0.8110 0.0341 0.5840
vn 0.8000 0.1118 0.5895
vn 0.7921 0.1138 -0.5997
vn 0.8094 0.0591 0.5842
vn 0.8094 0.0591 0.5843
vn 0.5785 0.5833 -0.5701
vn 0.0735 -0.9902 -0.1190
vn -0.6262 0.4789 0.6152
vn -0.5765 -0.6366 0.5123
vn -0.5759 -0.6376 0.5117
vn -0.5752 -0.6387 0.5110
vn -0.5622 -0.6606 0.4976
vn -0.4562 -0.7996 0.3906
vn 0.5813 0.6280 -0.5173
vn -0.2646 0.9174 0.2972
vn 0.4629 0.4165 0.7825
vn -0.7321 0.4800 -0.4833
vn -0.2660 0.9175 0.2957
vn -0.2820 0.9074 0.3117
vn 0.0479 0.9989 -0.0013
vn 0.0540 0.9985 0.0052
vn 0.0529 0.9986 0.0052
vn 0.0478 0.9989 -0.0001
vn 0.0479 0.9989 -0.0015
vn 0.0543 0.9985 0.0052
vn 0.5276 0.7099 -0.4665
vn -0.7456 -0.6199 0.2448
vn -0.7456 -0.6198 0.2449
vn -0.7438 -0.6229 0.2425
vn -0.3537 0.4073 -0.8420
vn -0.3423 0.4153 -0.8428
vn -0.4756 0.3142 -0.8216
vn -0.4716 0.3175 -0.8227
vn -0.3756 0.4708 -0.7983
vn -0.4376 0.4376 -0.7855
vn -0.5098 0.3362 -0.7919
vn -0.5154 0.3251 -0.7929
vn -0.5963 0.2033 -0.7766
vn -0.4003 0.3737 -0.8367
vn -0.5202 0.2757 -0.8083
vn 0.4064 0.8478 -0.3407
vn 0.4145 0.8404 -0.3490
vn 0.8528 0.3300 0.4047
vn 0.8239 0.2345 0.5160
vn 0.8224 0.2310 0.5198
vn 0.8545 0.3386 0.3940
vn -0.5270 -0.7107 0.4659
vn -0.4090 -0.8454 0.3434
vn 0.8123 0.3947 0.4293
vn 0.7931 0.2413 0.5593
vn 0.7929 0.2527 0.5544
vn 0.7954 0.3586 0.4887
vn 0.7665 0.1160 0.6317
vn 0.8053 0.1908 0.5614
vn 0.8438 0.2939 0.4489
vn 0.4407 -0.3391 0.8311
vn 0.5205 -0.2733 0.8089
vn 0.4916 -0.2996 0.8177
vn 0.3821 -0.3853 0.8400
vn 0.5962 -0.2027 0.7768
vn 0.5960 -0.2030 0.7769
vn 0.2620 -0.5375 0.8015
vn 0.4962 -0.3539 0.7928
vn 0.5047 -0.3391 0.7939
vn 0.4308 -0.4547 0.7795
vn 0.5963 -0.2046 0.7762
vn 0.5964 -0.2041 0.7763
vn 0.5399 -0.2564 0.8017
vn 0.3966 -0.3729 0.8388
vn 0.5958 -0.2034 0.7770
vn -0.4162 -0.8389 0.3508
vn -0.7671 -0.1162 -0.6309
vn -0.8384 -0.2777 -0.4690
vn -0.7954 -0.2711 -0.5420
vn -0.7662 -0.1173 -0.6318
vn -0.8347 -0.2574 -0.4869
vn -0.8484 -0.3064 -0.4316
vn -0.8171 -0.2157 -0.5347
vn -0.8057 -0.1883 -0.5616
vn -0.7666 -0.1154 -0.6316
vn -0.7668 -0.1157 -0.6314
vn -0.8236 -0.4680 -0.3204
vn -0.7907 -0.3764 -0.4828
vn -0.7953 -0.2558 -0.5496
vn -0.7662 -0.1168 -0.6318
vn -0.8460 -0.2933 -0.4453
vn -0.7968 -0.1707 -0.5796
vn -0.7669 -0.1160 -0.6312
vn -0.4838 0.6467 0.5897
vn -0.5502 0.5964 0.5844
vn -0.4053 0.7213 0.5617
vn -0.4298 0.7141 0.5526
vn 0.7332 -0.4445 -0.5147
vn 0.7377 -0.4310 -0.5196
vn 0.7728 -0.2978 -0.5604
vn 0.5106 -0.7006 -0.4985
vn 0.5108 -0.7005 -0.4984
vn 0.6115 -0.6308 -0.4777
vn 0.6056 -0.6360 -0.4784
vn -0.7456 -0.6198 0.2448
vn -0.7464 -0.6183 0.2459
vn -0.7465 -0.6183 0.2460
vn -0.6782 0.4763 0.5596
vn -0.0784 -0.9469 -0.3118
vn -0.5298 0.7292 0.4330
vn -0.5220 0.7200 0.4574
vn 0.4717 -0.6981 -0.5387
vn 0.4716 -0.6980 -0.5389
vn -0.5652 0.5974 0.5689
vn -0.5651 0.6519 0.5057
vn 0.5674 -0.2847 -0.7727
vn 0.5173 -0.4169 -0.7474
vn 0.5113 -0.4303 -0.7439
vn 0.4589 -0.6266 -0.6300
vn 0.4588 -0.6210 -0.6356
vn -0.3096 -0.6463 0.6975
vn -0.3095 -0.6463 0.6975
vn -0.3084 -0.6478 0.6965
vn -0.5523 0.4682 0.6897
vn -0.3084 -0.6479 0.6965
vn -0.3085 -0.6478 0.6966
vn 0.2497 -0.9679 0.0273
vn 0.8269 0.2433 0.5069
vn -0.5323 -0.7031 0.4715
vn -0.8617 -0.4170 -0.2892
vn 0.5955 -0.2036 0.7772
vn 0.4215 -0.3585 0.8329
vn 0.2327 -0.4871 0.8417
vn -0.3063 -0.6509 0.6946
vn 0.8579 0.3608 0.3658
vn -0.4619 0.3259 -0.8249
vn -0.3128 0.4358 -0.8439
vn 0.5337 0.7010 -0.4730
vn -0.6894 0.0417 -0.7232
vn -0.5064 0.6861 0.5224
vn 0.6894 -0.0417 0.7232
vn -0.1016 0.5767 0.8106
vn 0.6894 -0.0417 0.7231
vn -0.6775 0.0367 -0.7346
vn -0.6852 0.0297 -0.7278
vn -0.6853 0.0296 -0.7277
vn -0.6894 0.0417 -0.7231
vn -0.7801 0.6178 0.0989
vn 0.6936 -0.0536 0.7184
vn 0.7011 -0.0466 0.7115
vn 0.6934 -0.0537 0.7185
vn 0.5065 -0.6860 -0.5224
vn 0.5066 -0.6860 -0.5223
vn 0.5066 -0.6861 -0.5221
vn 0.5064 -0.6861 -0.5223
vn -0.6886 0.0404 -0.7241
vn -0.6891 0.0412 -0.7235
vn -0.6890 0.0411 -0.7236
vn 0.1142 -0.5811 -0.8058
vn 0.5066 -0.6863 -0.5218
vn 0.5063 -0.6863 -0.5222
vn -0.6774 0.0369 -0.7347
vn 0.2231 -0.6346 -0.7400
vn 0.4902 -0.7081 -0.5082
vn 0.4906 -0.7076 -0.5085
vn 0.5061 -0.6861 -0.5225
vn 0.5064 -0.6860 -0.5225
vn 0.6903 -0.0430 0.7222
vn 0.6893 -0.0415 0.7233
vn 0.6897 -0.0421 0.7228
vn 0.7757 -0.6211 -0.1119
vn 0.5059 -0.6862 -0.5226
vn 0.7012 -0.0464 0.7114
vn 0.7124 -0.6641 -0.2268
vn 0.4898 -0.7086 -0.5078
vn -0.5962 0.7022 0.3892
vn 0.5179 0.7263 -0.4519
vn 0.4110 0.8193 -0.3999
vn 0.2151 0.9651 -0.1495
vn -0.0134 0.9974 0.0703
vn 0.2994 0.9255 -0.2321
vn -0.5179 -0.7263 0.4519
vn 0.4538 0.7588 -0.4672
vn -0.7999 -0.4714 0.3713
vn -0.4556 0.7512 0.4776
vn -0.3617 0.8451 0.3936
vn -0.3771 0.6889 0.6190
vn 0.4661 0.8159 -0.3421
vn -0.1622 0.9641 0.2102
vn 0.5318 0.7541 -0.3853
vn -0.4368 -0.4934 0.7521
vn -0.0028 -0.9985 -0.0549
vn -0.0135 0.9974 0.0703
vn -0.0066 -0.9987 -0.0512
vn -0.7273 -0.0613 0.6836
vn 0.6860 -0.0364 0.7267
vn 0.7273 0.0613 -0.6836
vn 0.7171 0.2025 -0.6669
vn 0.7173 0.2025 -0.6667
vn 0.2016 -0.9501 -0.2379
vn 0.3706 -0.8420 -0.3921
vn 0.0496 0.9988 0.0033
vn -0.0196 0.9975 0.0686
vn -0.6061 0.5239 0.5985
vn 0.0196 -0.9975 -0.0686
vn 0.4962 0.7539 -0.4306
vn 0.3756 0.8731 -0.3108
vn 0.4961 0.7542 -0.4301
vn -0.6860 0.0364 -0.7267
vn -0.7273 -0.0613 0.6835
vn 0.7170 0.2025 -0.6670
vn 0.4957 0.7542 -0.4305
vn -0.8625 0.3618 -0.3537
vn -0.8011 0.5886 0.1084
vn -0.8023 0.5876 0.1052
vn -0.8623 0.3607 -0.3554
vn -0.6908 0.0396 -0.7220
vn -0.3320 -0.2913 -0.8972
vn -0.3336 -0.2902 -0.8970
vn 0.1172 -0.5419 -0.8323
vn 0.1141 -0.5406 -0.8335
vn 0.5358 -0.6448 -0.5451
vn 0.5329 -0.6447 -0.5481
vn 0.8117 -0.5730 -0.1134
vn 0.8105 -0.5740 -0.1166
vn 0.8716 -0.3461 0.3471
vn 0.8718 -0.3473 0.3454
vn 0.7001 -0.0251 0.7136
vn 0.3430 0.3046 0.8886
vn 0.3414 0.3058 0.8888
vn -0.1046 0.5551 0.8252
vn -0.1077 0.5563 0.8240
vn -0.5235 0.6592 0.5399
vn -0.5263 0.6593 0.5369
vn -0.5263 0.6594 0.5369
vn -0.1138 0.5471 0.8293
vn -0.1108 0.5458 0.8306
vn -0.5235 0.6591 0.5399
vn 0.3309 0.2897 0.8981
vn 0.3325 0.2885 0.8979
vn 0.6881 -0.0438 0.7243
vn 0.8615 -0.3635 0.3546
vn 0.8612 -0.3624 0.3563
vn 0.8045 -0.5834 -0.1113
vn 0.8057 -0.5824 -0.1081
vn 0.5330 -0.6446 -0.5481
vn 0.1202 -0.5312 -0.8387
vn 0.1232 -0.5325 -0.8374
vn -0.3230 -0.2739 -0.9059
vn -0.3213 -0.2751 -0.9061
vn -0.6784 0.0583 -0.7323
vn -0.8516 0.3768 -0.3644
vn -0.8518 0.3779 -0.3627
vn -0.7961 0.5969 0.0999
vn -0.7949 0.5979 0.1031
vn -0.5322 -0.7064 0.4667
vn 0.2020 -0.9794 -0.0067
vn 0.1422 -0.9872 -0.0721
vn 0.4103 -0.8540 -0.3200
vn 0.4670 -0.8477 -0.2517
vn -0.6569 -0.1561 0.7376
vn -0.7196 -0.1531 0.6773
vn -0.6333 -0.5193 0.5738
vn -0.5709 -0.5209 0.6346
vn 0.5319 -0.8306 -0.1647
vn 0.7387 -0.5777 -0.3473
vn 0.8065 -0.2400 -0.5404
vn 0.6792 -0.5881 -0.4391
vn 0.6250 -0.5913 -0.5096
vn 0.7538 -0.2391 -0.6121
vn 0.8293 0.1434 -0.5401
vn 0.7769 0.1489 -0.6118
vn 0.7443 0.5039 -0.4382
vn 0.6909 0.5137 -0.5087
vn 0.5644 0.7866 -0.2504
vn 0.5088 0.7997 -0.3187
vn 0.3169 0.9484 -0.0052
vn 0.2584 0.9635 -0.0705
vn 0.0396 0.9648 0.2602
vn -0.0222 0.9800 0.1980
vn -0.2253 0.8331 0.5052
vn -0.2903 0.8467 0.4459
vn -0.4376 0.5735 0.6926
vn -0.5050 0.5840 0.6355
vn -0.5648 0.2254 0.7938
vn -0.6338 0.2319 0.7379
vn -0.5877 -0.1580 0.7935
vn -0.5027 -0.5185 0.6917
vn -0.3228 -0.8012 0.5038
vn -0.3888 -0.8070 0.4445
vn -0.0753 -0.9630 0.2586
vn -0.1384 -0.9707 0.1964
vn 0.1992 0.9708 -0.1340
vn -0.0825 0.9873 0.1355
vn 0.7564 -0.2585 0.6009
vn 0.8115 -0.1911 0.5522
vn 0.2737 -0.9589 0.0741
vn 0.0035 -0.9431 0.3326
vn -0.2376 -0.7854 0.5716
vn -0.4129 -0.5099 0.7546
vn -0.4958 -0.1586 0.8538
vn -0.4735 0.2150 0.8541
vn -0.3495 0.5541 0.7555
vn -0.1427 0.8071 0.5729
vn 0.1155 0.9354 0.3341
vn 0.3857 0.9195 0.0756
vn 0.6268 0.7618 -0.1634
vn 0.8021 0.4864 -0.3464
vn 0.8850 0.1351 -0.4456
vn 0.8627 -0.2385 -0.4459
vn 0.6876 -0.2926 0.6645
vn 0.6156 -0.2884 0.7334
vn 0.5514 -0.2464 0.7970
vn 0.5047 -0.1730 0.8458
vn 0.4826 -0.0794 0.8722
vn 0.4885 0.0201 0.8723
vn 0.5216 0.1105 0.8460
vn 0.5767 0.1779 0.7974
vn 0.6455 0.2121 0.7338
vn 0.7174 0.2078 0.6649
vn 0.7817 0.1658 0.6012
vn 0.8284 0.0924 0.5525
vn 0.8505 -0.0012 0.5260
vn 0.8445 -0.1007 0.5260
vn 0.6964 -0.2364 -0.6776
vn 0.7196 0.1531 -0.6773
vn -0.3516 0.8536 0.3844
vn 0.6333 0.5193 -0.5738
vn -0.4505 -0.8064 0.3831
vn -0.5672 0.5899 0.5747
vn 0.0825 -0.9873 -0.1355
vn 0.3516 -0.8536 -0.3844
vn 0.4505 0.8064 -0.3831
vn -0.1992 -0.9708 0.1340
vn 0.5672 -0.5899 -0.5747
vn -0.6964 0.2364 0.6776
vn -0.0396 -0.9648 -0.2602
vn 0.2253 -0.8331 -0.5052
vn 0.2903 -0.8467 -0.4459
vn 0.0222 -0.9800 -0.1980
vn -0.7769 -0.1489 0.6118
vn -0.6909 -0.5137 0.5087
vn 0.1427 -0.8071 -0.5729
vn 0.3495 -0.5541 -0.7555
vn 0.5648 -0.2254 -0.7938
vn 0.6338 -0.2319 -0.7379
vn 0.5050 -0.5840 -0.6355
vn 0.4376 -0.5735 -0.6926
vn 0.5877 0.1580 -0.7935
vn 0.6569 0.1561 -0.7376
vn 0.5027 0.5185 -0.6917
vn 0.5709 0.5209 -0.6346
vn 0.3228 0.8012 -0.5038
vn 0.3888 0.8070 -0.4445
vn 0.0753 0.9630 -0.2586
vn 0.1384 0.9707 -0.1964
vn -0.2020 0.9794 0.0067
vn -0.1422 0.9872 0.0721
vn -0.4670 0.8477 0.2517
vn -0.4103 0.8540 0.3200
vn -0.6792 0.5881 0.4391
vn -0.6250 0.5913 0.5096
vn -0.8065 0.2400 0.5404
vn -0.7538 0.2391 0.6121
vn -0.8293 -0.1434 0.5401
vn -0.7443 -0.5039 0.4382
vn -0.5644 -0.7866 0.2504
vn -0.5088 -0.7997 0.3187
vn -0.3169 -0.9484 0.0052
vn -0.2584 -0.9635 0.0705
vn -0.5767 -0.1779 -0.7974
vn -0.5216 -0.1105 -0.8460
vn -0.1155 -0.9354 -0.3341
vn -0.3857 -0.9195 -0.0756
vn -0.6268 -0.7618 0.1634
vn -0.8021 -0.4864 0.3464
vn -0.8850 -0.1351 0.4456
vn -0.8627 0.2385 0.4459
vn -0.7387 0.5777 0.3473
vn -0.5319 0.8306 0.1647
vn -0.2737 0.9590 -0.0741
vn -0.0035 0.9431 -0.3326
vn 0.2376 0.7854 -0.5716
vn 0.4129 0.5099 -0.7546
vn 0.4958 0.1586 -0.8538
vn 0.4735 -0.2150 -0.8541
vn -0.6455 -0.2120 -0.7338
vn -0.7174 -0.2078 -0.6649
vn -0.7817 -0.1658 -0.6012
vn -0.8284 -0.0924 -0.5525
vn -0.8505 0.0012 -0.5260
vn -0.8445 0.1007 -0.5260
vn -0.8115 0.1911 -0.5522
vn -0.7564 0.2585 -0.6009
vn -0.6876 0.2926 -0.6645
vn -0.6156 0.2884 -0.7334
vn -0.5514 0.2464 -0.7970
vn -0.5047 0.1730 -0.8458
vn -0.4826 0.0794 -0.8722
vn -0.4885 -0.0201 -0.8723
vn 0.0596 -0.9658 0.2525
vn -0.0332 -0.9867 0.1592
vn 0.2482 -0.9630 -0.1053
vn 0.3337 -0.9427 -0.0051
vn -0.6228 0.1287 0.7717
vn -0.7172 0.1345 0.6838
vn -0.7095 -0.2547 0.6570
vn -0.6152 -0.2573 0.7452
vn 0.3071 -0.9510 -0.0371
vn 0.5601 -0.7841 -0.2675
vn 0.7726 -0.4954 -0.3970
vn 0.5841 -0.7775 -0.2332
vn 0.5053 -0.7934 -0.3395
vn 0.6989 -0.5037 -0.5078
vn 0.8707 -0.1393 -0.4717
vn 0.7996 -0.1381 -0.5845
vn 0.8633 0.2365 -0.4459
vn 0.7920 0.2479 -0.5579
vn 0.7516 0.5749 -0.3235
vn 0.6773 0.5954 -0.4322
vn 0.5525 0.8243 -0.1231
vn 0.4729 0.8515 -0.2264
vn 0.2965 0.9468 0.1248
vn 0.2100 0.9773 0.0281
vn 0.0225 0.9237 0.3823
vn -0.0714 0.9536 0.2926
vn -0.2279 0.7586 0.6104
vn -0.3285 0.7840 0.5268
vn -0.4165 0.4765 0.7743
vn -0.5221 0.4943 0.6950
vn -0.5145 0.1204 0.8490
vn -0.5071 -0.2554 0.8231
vn -0.3954 -0.5938 0.7007
vn -0.5005 -0.6048 0.6195
vn -0.1964 -0.8433 0.5003
vn -0.2961 -0.8609 0.4137
vn 0.3878 0.8634 -0.3228
vn 0.1226 0.9902 -0.0661
vn 0.7035 -0.2025 0.6812
vn 0.7482 -0.1730 0.6405
vn 0.0301 -0.9743 0.2232
vn -0.2286 -0.8505 0.4737
vn -0.4297 -0.5985 0.6762
vn -0.5426 -0.2565 0.7999
vn -0.5500 0.1233 0.8260
vn -0.4510 0.4831 0.7505
vn -0.2604 0.7681 0.5849
vn -0.0074 0.9350 0.3544
vn 0.2695 0.9584 0.0942
vn 0.5282 0.8346 -0.1563
vn 0.7293 0.5826 -0.3588
vn 0.8422 0.2406 -0.4825
vn 0.8497 -0.1392 -0.5086
vn 0.7506 -0.4990 -0.4331
vn 0.6546 -0.2067 0.7272
vn 0.6089 -0.1848 0.7714
vn 0.5733 -0.1402 0.8072
vn 0.5534 -0.0798 0.8291
vn 0.5521 -0.0127 0.8337
vn 0.5696 0.0509 0.8204
vn 0.6032 0.1012 0.7911
vn 0.6480 0.1307 0.7504
vn 0.6969 0.1349 0.7044
vn 0.7426 0.1130 0.6601
vn 0.7781 0.0684 0.6244
vn 0.7981 0.0080 0.6025
vn 0.7994 -0.0591 0.5979
vn 0.7819 -0.1227 0.6112
vn 0.6157 -0.5032 -0.6064
vn 0.7172 -0.1345 -0.6838
vn -0.1611 0.9663 0.2006
vn 0.7095 0.2547 -0.6570
vn -0.5938 -0.6051 0.5303
vn -0.4204 0.7953 0.4368
vn -0.1226 -0.9902 0.0661
vn 0.1611 -0.9663 -0.2006
vn 0.5938 0.6051 -0.5303
vn -0.3878 -0.8634 0.3228
vn 0.4204 -0.7953 -0.4368
vn -0.6157 0.5032 0.6064
vn -0.2965 -0.9468 -0.1248
vn -0.0225 -0.9237 -0.3823
vn 0.0714 -0.9536 -0.2926
vn -0.2100 -0.9773 -0.0281
vn -0.7996 0.1381 0.5845
vn -0.7920 -0.2479 0.5579
vn 0.0074 -0.9350 -0.3544
vn 0.2604 -0.7681 -0.5849
vn 0.4165 -0.4765 -0.7743
vn 0.5221 -0.4943 -0.6950
vn 0.3285 -0.7840 -0.5268
vn 0.2279 -0.7586 -0.6104
vn 0.5145 -0.1204 -0.8490
vn 0.6228 -0.1287 -0.7717
vn 0.5071 0.2554 -0.8231
vn 0.6152 0.2573 -0.7452
vn 0.3954 0.5938 -0.7007
vn 0.5005 0.6048 -0.6195
vn 0.1964 0.8433 -0.5003
vn 0.2961 0.8609 -0.4137
vn -0.0596 0.9658 -0.2525
vn 0.0332 0.9867 -0.1592
vn -0.3337 0.9427 0.0051
vn -0.2482 0.9630 0.1053
vn -0.5841 0.7775 0.2332
vn -0.5053 0.7934 0.3395
vn -0.7726 0.4954 0.3970
vn -0.6989 0.5037 0.5078
vn -0.8707 0.1393 0.4717
vn -0.8633 -0.2365 0.4459
vn -0.7516 -0.5749 0.3235
vn -0.6773 -0.5954 0.4322
vn -0.5525 -0.8243 0.1231
vn -0.4729 -0.8515 0.2264
vn -0.6480 -0.1307 -0.7504
vn -0.6032 -0.1012 -0.7911
vn -0.2695 -0.9584 -0.0942
vn -0.5282 -0.8346 0.1563
vn -0.7293 -0.5826 0.3588
vn -0.8422 -0.2406 0.4825
vn -0.8497 0.1392 0.5086
vn -0.7506 0.4990 0.4331
vn -0.5601 0.7841 0.2675
vn -0.3071 0.9510 0.0371
vn -0.0301 0.9743 -0.2232
vn 0.2286 0.8505 -0.4737
vn 0.4297 0.5985 -0.6762
vn 0.5426 0.2565 -0.7999
vn 0.5501 -0.1233 -0.8260
vn 0.4510 -0.4831 -0.7505
vn -0.6969 -0.1349 -0.7044
vn -0.7426 -0.1130 -0.6601
vn -0.7781 -0.0684 -0.6244
vn -0.7981 -0.0080 -0.6025
vn -0.7994 0.0591 -0.5979
vn -0.7819 0.1227 -0.6112
vn -0.7482 0.1730 -0.6405
vn -0.7035 0.2025 -0.6812
vn -0.6546 0.2067 -0.7272
vn -0.6089 0.1848 -0.7714
vn -0.5733 0.1402 -0.8072
vn -0.5534 0.0798 -0.8291
vn -0.5521 0.0127 -0.8337
vn -0.5696 -0.0509 -0.8204
vn 0.6352 0.5178 -0.5731
vn 0.6350 0.5176 -0.5735
vn 0.6346 0.5178 -0.5737
vn 0.2187 0.9629 -0.1582
vn 0.6780 0.1182 0.7255
vn 0.6831 0.0586 0.7280
vn 0.0582 0.9853 0.1608
vn 0.2827 0.8771 0.3883
vn 0.2772 0.8812 0.3829
vn 0.0572 0.9855 0.1598
vn 0.5191 0.5984 0.6102
vn 0.5121 0.6107 0.6040
vn 0.6397 0.3095 0.7035
vn 0.6367 0.3196 0.7017
vn -0.6848 0.0349 -0.7279
vn -0.6827 -0.0605 -0.7282
vn -0.6784 -0.1171 -0.7253
vn -0.0584 -0.9853 -0.1606
vn -0.0559 -0.9859 -0.1580
vn -0.2704 -0.8865 -0.3754
vn -0.2888 -0.8727 -0.3936
vn -0.5047 -0.6230 -0.5976
vn -0.5280 -0.5822 -0.6182
vn -0.6355 -0.3250 -0.7004
vn -0.6415 -0.3050 -0.7038
vn 0.5707 -0.6524 -0.4987
vn -0.5575 0.6508 0.5154
vn -0.7434 -0.0604 0.6661
vn -0.7433 -0.0605 0.6662
vn -0.7786 -0.0146 0.6273
vn -0.7791 -0.0135 0.6267
vn 0.7312 0.0639 -0.6792
vn 0.7284 0.0678 -0.6818
vn -0.7886 0.0593 0.6121
vn -0.7882 0.0606 0.6124
vn 0.7320 0.0563 -0.6790
vn -0.7606 0.0827 0.6439
vn -0.7602 0.0825 0.6444
vn 0.7282 0.0552 -0.6831
vn 0.7252 0.0585 -0.6860
vn -0.7415 0.0697 0.6673
vn -0.7272 -0.0685 0.6830
vn 0.7272 0.0685 -0.6830
vn 0.0249 -0.9970 -0.0735
vn -0.0249 0.9970 0.0736
vn -0.6828 0.1311 -0.7188
vn -0.6775 0.1902 -0.7105
vn -0.1076 0.9941 -0.0148
vn -0.1067 0.9942 -0.0138
vn -0.3214 0.9130 -0.2512
vn -0.3267 0.9095 -0.2572
vn -0.5416 0.6666 -0.5121
vn -0.5480 0.6551 -0.5201
vn -0.6462 0.3878 -0.6573
vn -0.6483 0.3780 -0.6609
vn 0.6872 -0.0380 0.7255
vn 0.6774 -0.1891 0.7109
vn 0.6829 -0.1330 0.7183
vn 0.1074 -0.9941 0.0150
vn 0.3318 -0.9057 0.2638
vn 0.3141 -0.9176 0.2437
vn 0.1050 -0.9944 0.0124
vn 0.5562 -0.6398 0.5303
vn 0.5350 -0.6782 0.5038
vn 0.6488 -0.3736 0.6630
vn 0.6447 -0.3930 0.6556
vn 0.4981 -0.6485 -0.5756
vn -0.5141 0.6485 0.5614
vn -0.7109 -0.0622 0.7006
vn -0.6713 -0.0192 0.7409
vn -0.6720 -0.0202 0.7403
vn -0.7109 -0.0622 0.7005
vn 0.7233 0.0644 -0.6875
vn 0.7259 0.0680 -0.6844
vn 0.7233 0.0643 -0.6875
vn -0.6539 0.0534 0.7547
vn -0.6536 0.0521 0.7550
vn 0.7228 0.0568 -0.6887
vn -0.6830 0.0784 0.7262
vn -0.6825 0.0786 0.7266
vn 0.7266 0.0553 -0.6848
vn 0.7267 0.0553 -0.6848
vn 0.7295 0.0583 -0.6815
vn -0.7054 0.0678 0.7056
vn -0.3185 0.3620 -0.8760
vn -0.6955 0.0458 -0.7171
vn -0.3175 0.3627 -0.8761
vn -0.8858 -0.2839 -0.3672
vn -0.8859 -0.2846 -0.3662
vn -0.8385 -0.5389 0.0802
vn -0.8378 -0.5397 0.0821
vn -0.5661 -0.6510 0.5057
vn -0.5643 -0.6512 0.5074
vn -0.1411 -0.5899 0.7951
vn -0.1391 -0.5893 0.7958
vn 0.3227 -0.3717 0.8705
vn 0.3237 -0.3710 0.8704
vn 0.7006 -0.0548 0.7115
vn 0.8911 0.2756 0.3606
vn 0.8909 0.2749 0.3616
vn 0.8430 0.5307 -0.0877
vn 0.8437 0.5299 -0.0858
vn 0.5695 0.6422 -0.5130
vn 0.5713 0.6421 -0.5113
vn 0.8404 0.5357 -0.0822
vn 0.5695 0.6422 -0.5131
vn 0.8397 0.5365 -0.0841
vn 0.8852 0.2849 0.3679
vn 0.8853 0.2856 0.3669
vn 0.6940 -0.0432 0.7187
vn 0.3179 -0.3610 0.8767
vn 0.3169 -0.3617 0.8768
vn -0.1425 -0.5835 0.7995
vn -0.1444 -0.5842 0.7987
vn -0.5643 -0.6512 0.5075
vn -0.5661 -0.6511 0.5057
vn -0.8344 -0.5455 0.0785
vn -0.8351 -0.5447 0.0766
vn -0.8801 -0.2946 -0.3724
vn -0.8799 -0.2939 -0.3734
vn -0.6887 0.0343 -0.7242
vn -0.3117 0.3527 -0.8823
vn -0.3127 0.3520 -0.8822
vn 0.1496 0.5752 -0.8042
vn 0.1477 0.5745 -0.8050
vn 0.1444 0.5804 -0.8015
vn 0.1463 0.5810 -0.8007
vn -0.5723 0.6395 0.5134
vn -0.1469 0.5795 0.8016
vn -0.1509 0.5808 0.8000
vn -0.5759 0.6392 0.5097
vn 0.3159 0.3623 0.8769
vn 0.3137 0.3637 0.8771
vn 0.6927 0.0461 0.7197
vn 0.8834 -0.2849 0.3722
vn 0.8837 -0.2864 0.3702
vn 0.8369 -0.5424 -0.0734
vn 0.8355 -0.5441 -0.0772
vn 0.5651 -0.6576 -0.4982
vn 0.5615 -0.6579 -0.5019
vn 0.1400 -0.5991 -0.7883
vn 0.1361 -0.5979 -0.7900
vn -0.3244 -0.3820 -0.8653
vn -0.3266 -0.3806 -0.8651
vn -0.7033 -0.0645 -0.7080
vn -0.8942 0.2679 -0.3586
vn -0.8939 0.2663 -0.3606
vn -0.8461 0.5256 0.0887
vn -0.8475 0.5239 0.0848
vn -0.5758 0.6393 0.5096
vn -0.5723 0.6394 0.5134
vn -0.8393 0.5375 0.0814
vn -0.8407 0.5359 0.0774
vn -0.8825 0.2885 -0.3715
vn -0.8821 0.2870 -0.3735
vn -0.6896 -0.0408 -0.7230
vn -0.3125 -0.3616 -0.8784
vn -0.3147 -0.3602 -0.8782
vn 0.1470 -0.5874 -0.7958
vn 0.1431 -0.5861 -0.7975
vn 0.5650 -0.6577 -0.4982
vn 0.8297 -0.5542 -0.0660
vn 0.8284 -0.5558 -0.0699
vn 0.8710 -0.3053 0.3849
vn 0.8714 -0.3068 0.3828
vn 0.6785 0.0224 0.7342
vn 0.3037 0.3417 0.8894
vn 0.3016 0.3431 0.8896
vn -0.1539 0.5675 0.8088
vn -0.1578 0.5689 0.8072
vn -0.5413 0.5129 0.6662
vn -0.5798 0.6293 0.5176
vn 0.5379 0.1373 0.8318
vn 0.5380 0.1372 0.8317
vn 0.5378 0.1373 0.8318
vn -0.6013 0.6364 0.4831
vn -0.6043 0.6288 0.4894
vn -0.6042 0.6289 0.4893
vn -0.7049 -0.7020 -0.1022
vn -0.2243 -0.9360 0.2713
vn -0.6010 0.6371 0.4826
vn 0.7059 -0.2644 -0.6571
vn -0.7054 -0.1765 0.6865
vn -0.6035 0.5838 0.5431
vn -0.6051 0.5840 0.5411
vn -0.6016 0.5842 0.5447
vn -0.5984 0.5838 0.5487
vn -0.6007 0.5844 0.5455
vn 0.5381 0.1371 0.8317
vn -0.6117 0.6249 0.4851
vn -0.1527 -0.9568 0.2472
vn 0.5378 0.1374 0.8318
vn 0.5386 0.1126 0.8350
vn 0.5404 0.1898 0.8197
vn -0.6059 0.5841 0.5401
vn -0.6451 0.1235 0.7541
vn 0.5376 0.1375 0.8319
vn -0.6301 0.5813 0.5150
vn -0.0673 -0.9900 0.1242
vn -0.0667 -0.9901 0.1235
vn -0.0672 -0.9900 0.1241
vn -0.7193 0.5017 0.4804
vn -0.8137 0.0523 -0.5789
vn -0.8136 0.0522 -0.5790
vn -0.8136 0.0522 -0.5791
vn -0.5468 0.6399 0.5400
vn -0.5527 0.6321 0.5431
vn -0.5527 0.6320 0.5432
vn 0.1127 -0.6505 0.7511
vn -0.5463 0.6406 0.5397
vn 0.7027 -0.2646 -0.6605
vn -0.6089 0.5832 0.5378
vn -0.8136 0.0521 -0.5791
vn -0.5485 0.6289 0.5510
vn -0.1959 -0.9595 0.2022
vn -0.8138 0.0524 -0.5788
vn -0.8154 0.0275 -0.5782
vn -0.8047 0.1052 -0.5842
vn -0.7881 0.1145 0.6047
vn -0.8139 0.0525 -0.5786
vn -0.8139 0.0525 -0.5787
vn -0.5765 0.5846 0.5708
vn -0.0688 -0.9897 0.1255
vn 0.6199 0.4775 -0.6227
vn 0.5752 -0.6375 -0.5127
vn 0.5746 -0.6385 -0.5120
vn 0.5739 -0.6396 -0.5113
vn 0.5611 -0.6615 -0.4977
vn 0.4564 -0.8002 -0.3890
vn -0.5799 0.6290 0.5177
vn 0.2589 0.9166 -0.3047
vn -0.4702 0.4100 -0.7816
vn 0.7338 0.4857 0.4750
vn 0.2603 0.9167 -0.3032
vn 0.2763 0.9065 -0.3193
vn -0.0517 0.9987 -0.0044
vn -0.0579 0.9983 -0.0109
vn -0.0568 0.9983 -0.0109
vn -0.0516 0.9987 -0.0058
vn -0.0517 0.9987 -0.0042
vn -0.0582 0.9982 -0.0109
vn -0.5308 0.7107 0.4617
vn 0.7454 -0.6235 -0.2356
vn 0.7455 -0.6234 -0.2357
vn 0.7436 -0.6265 -0.2334
vn 0.3417 0.3997 0.8506
vn 0.3304 0.4078 0.8512
vn 0.4634 0.3059 0.8317
vn 0.4593 0.3092 0.8327
vn 0.3648 0.4634 0.8076
vn 0.4269 0.4298 0.7956
vn 0.4983 0.3278 0.8027
vn 0.5037 0.3168 0.8037
vn 0.5840 0.1945 0.7881
vn 0.3882 0.3658 0.8459
vn 0.5079 0.2672 0.8189
vn -0.4065 0.8485 0.3388
vn -0.4148 0.8412 0.3469
vn -0.8434 0.3383 -0.4174
vn -0.8131 0.2433 -0.5288
vn -0.8117 0.2399 -0.5326
vn -0.8452 0.3469 -0.4066
vn 0.5302 -0.7115 -0.4611
vn 0.4092 -0.8462 -0.3414
vn -0.8020 0.4029 -0.4409
vn -0.7816 0.2502 -0.5714
vn -0.7814 0.2615 -0.5665
vn -0.7843 0.3671 -0.5002
vn -0.7546 0.1251 -0.6442
vn -0.7940 0.1997 -0.5741
vn -0.8339 0.3025 -0.4617
vn -0.4285 -0.3310 -0.8407
vn -0.5082 -0.2648 -0.8195
vn -0.4793 -0.2912 -0.8279
vn -0.3700 -0.3775 -0.8488
vn -0.5840 -0.1939 -0.7882
vn -0.5838 -0.1942 -0.7884
vn -0.2517 -0.5308 -0.8092
vn -0.4848 -0.3456 -0.8035
vn -0.4931 -0.3308 -0.8046
vn -0.4203 -0.4470 -0.7897
vn -0.5841 -0.1957 -0.7877
vn -0.5842 -0.1953 -0.7878
vn -0.5276 -0.2478 -0.8126
vn -0.3845 -0.3651 -0.8479
vn -0.5836 -0.1945 -0.7884
vn 0.4165 -0.8396 -0.3487
vn 0.7552 -0.1254 0.6434
vn 0.8282 -0.2864 0.4818
vn 0.7840 -0.2799 0.5540
vn 0.7543 -0.1264 0.6443
vn 0.8243 -0.2661 0.4997
vn 0.8387 -0.3149 0.4444
vn 0.8061 -0.2246 0.5475
vn 0.7945 -0.1973 0.5743
vn 0.7547 -0.1245 0.6441
vn 0.7549 -0.1248 0.6439
vn 0.8147 -0.4756 0.3318
vn 0.7796 -0.3848 0.4941
vn 0.7839 -0.2646 0.5617
vn 0.7543 -0.1260 0.6443
vn 0.8361 -0.3018 0.4581
vn 0.7854 -0.1798 0.5923
vn 0.7550 -0.1252 0.6437
vn 0.4984 0.6468 -0.5773
vn 0.5644 0.5961 -0.5711
vn 0.4199 0.7218 -0.5502
vn 0.4442 0.7144 -0.5406
vn -0.7450 -0.4425 0.4991
vn -0.7496 -0.4290 0.5040
vn -0.7845 -0.2958 0.5450
vn -0.5240 -0.7000 0.4852
vn -0.5242 -0.6999 0.4851
vn -0.6240 -0.6294 0.4631
vn -0.6181 -0.6346 0.4638
vn 0.7455 -0.6235 -0.2356
vn 0.7464 -0.6220 -0.2368
vn 0.7464 -0.6219 -0.2368
vn 0.6911 0.4750 -0.5448
vn 0.0665 -0.9493 0.3073
vn 0.5422 0.7281 -0.4193
vn 0.5348 0.7191 -0.4438
vn -0.4857 -0.6980 0.5262
vn -0.4857 -0.6979 0.5263
vn 0.5791 0.5969 -0.5554
vn 0.5782 0.6510 -0.4918
vn -0.5827 -0.2854 0.7609
vn -0.5330 -0.4178 0.7358
vn -0.5271 -0.4312 0.7322
vn -0.4740 -0.6272 0.6180
vn -0.4740 -0.6216 0.6237
vn 0.3172 -0.6442 -0.6960
vn 0.3161 -0.6457 -0.6951
vn 0.5674 0.4686 -0.6771
vn 0.3160 -0.6458 -0.6950
vn -0.2559 -0.9660 -0.0376
vn -0.8163 0.2521 -0.5197
vn 0.5356 -0.7039 -0.4665
vn 0.8536 -0.4247 0.3016
vn -0.5832 -0.1947 -0.7886
vn -0.4094 -0.3505 -0.8423
vn -0.2214 -0.4804 -0.8486
vn 0.3138 -0.6488 -0.6932
vn -0.8489 0.3689 -0.3785
vn 0.4497 0.3177 0.8348
vn 0.3010 0.4285 0.8519
vn -0.5371 0.7018 0.4680
vn 0.6877 0.0382 0.7249
vn 0.5099 0.6853 -0.5199
vn -0.6877 -0.0382 -0.7249
vn 0.1055 0.5778 -0.8093
vn 0.6758 0.0333 0.7364
vn 0.6835 0.0263 0.7295
vn 0.6836 0.0262 0.7294
vn 0.7824 0.6154 -0.0958
vn -0.6919 -0.0502 -0.7202
vn -0.6995 -0.0431 -0.7134
vn -0.6918 -0.0503 -0.7203
vn -0.5100 -0.6853 0.5199
vn -0.5101 -0.6853 0.5198
vn -0.5101 -0.6854 0.5196
vn -0.5099 -0.6854 0.5199
vn 0.6869 0.0369 0.7258
vn 0.6872 0.0374 0.7255
vn 0.6873 0.0376 0.7254
vn -0.1181 -0.5821 0.8045
vn -0.5102 -0.6855 0.5194
vn -0.5098 -0.6855 0.5198
vn 0.6756 0.0334 0.7365
vn -0.2270 -0.6351 0.7383
vn -0.4938 -0.7074 0.5057
vn -0.4941 -0.7069 0.5060
vn -0.5097 -0.6854 0.5201
vn -0.5099 -0.6853 0.5200
vn -0.6886 -0.0395 -0.7240
vn -0.6878 -0.0384 -0.7248
vn -0.6881 -0.0387 -0.7246
vn -0.7780 -0.6188 0.1089
vn -0.5094 -0.6855 0.5202
vn -0.6996 -0.0430 -0.7132
vn -0.7151 -0.6622 0.2238
vn -0.4934 -0.7079 0.5054
vn 0.5994 0.7009 -0.3865
vn -0.4941 -0.7069 0.5061
vn -0.5167 0.7272 0.4518
vn -0.4093 0.8199 0.4003
vn -0.2124 0.9655 0.1506
vn 0.0168 0.9975 -0.0686
vn -0.2970 0.9260 0.2330
vn 0.5167 -0.7272 -0.4518
vn -0.4526 0.7595 0.4673
vn 0.7993 -0.4734 -0.3701
vn 0.4592 0.7506 -0.4752
vn 0.3654 0.8446 -0.3912
vn 0.3809 0.6888 -0.6168
vn -0.4643 0.8168 0.3423
vn 0.1658 0.9639 -0.2081
vn -0.5304 0.7551 0.3853
vn 0.4371 -0.4935 -0.7519
vn -0.0006 -0.9986 0.0532
vn 0.0033 -0.9988 0.0495
vn 0.7225 -0.0627 -0.6885
vn -0.6912 -0.0435 -0.7214
vn -0.7225 0.0627 0.6885
vn -0.7130 0.2038 0.6709
vn -0.7131 0.2038 0.6708
vn -0.1962 -0.9494 0.2452
vn -0.3645 -0.8410 0.3999
vn -0.0534 0.9985 -0.0090
vn 0.0153 0.9971 -0.0747
vn 0.5997 0.5225 -0.6061
vn -0.0153 -0.9971 0.0747
vn -0.4959 0.7546 0.4297
vn -0.3767 0.8736 0.3082
vn -0.4958 0.7550 0.4292
vn 0.6912 0.0435 0.7214
vn -0.7129 0.2038 0.6710
vn -0.4954 0.7550 0.4296
vn 0.8628 0.3585 0.3565
vn 0.8033 0.5862 -0.1053
vn 0.8044 0.5852 -0.1022
vn 0.8626 0.3573 0.3582
vn 0.6891 0.0361 0.7238
vn 0.3288 -0.2939 0.8975
vn 0.3304 -0.2928 0.8973
vn -0.1210 -0.5429 0.8310
vn -0.1180 -0.5417 0.8323
vn -0.5392 -0.6440 0.5427
vn -0.5364 -0.6439 0.5456
vn -0.8138 -0.5706 0.1104
vn -0.8126 -0.5716 0.1135
vn -0.8718 -0.3427 -0.3499
vn -0.8721 -0.3439 -0.3482
vn -0.6984 -0.0216 -0.7154
vn -0.3398 0.3072 -0.8889
vn -0.3381 0.3084 -0.8891
vn 0.1085 0.5561 -0.8240
vn 0.1116 0.5574 -0.8227
vn 0.5269 0.6584 -0.5374
vn 0.5298 0.6585 -0.5345
vn 0.5297 0.6586 -0.5345
vn 0.1176 0.5481 -0.8281
vn 0.1146 0.5468 -0.8294
vn 0.5270 0.6584 -0.5374
vn -0.3277 0.2923 -0.8984
vn -0.3293 0.2911 -0.8982
vn -0.6864 -0.0403 -0.7261
vn -0.8617 -0.3601 -0.3574
vn -0.8615 -0.3590 -0.3591
vn -0.8067 -0.5810 0.1083
vn -0.8078 -0.5800 0.1051
vn -0.1240 -0.5322 0.8375
vn -0.1271 -0.5335 0.8362
vn 0.3198 -0.2765 0.9062
vn 0.3182 -0.2777 0.9064
vn 0.6768 0.0548 0.7341
vn 0.8519 0.3735 0.3672
vn 0.8521 0.3746 0.3655
vn 0.7983 0.5945 -0.0969
vn 0.7971 0.5955 -0.1001
vn 0.5311 -0.7073 -0.4665
vn -0.2052 -0.9787 0.0045
vn -0.1455 -0.9869 0.0700
vn -0.4138 -0.8532 0.3175
vn -0.4703 -0.8466 0.2491
vn 0.6583 -0.1570 -0.7362
vn 0.7208 -0.1542 -0.6757
vn 0.6331 -0.5203 -0.5731
vn 0.5708 -0.5217 -0.6341
vn -0.5350 -0.8292 0.1619
vn -0.7414 -0.5759 0.3444
vn -0.8086 -0.2384 0.5379
vn -0.6822 -0.5866 0.4364
vn -0.6282 -0.5901 0.5070
vn -0.7561 -0.2377 0.6098
vn -0.8302 0.1452 0.5382
vn -0.7780 0.1503 0.6101
vn -0.7438 0.5056 0.4372
vn -0.6905 0.5150 0.5079
vn -0.5625 0.7880 0.2503
vn -0.5070 0.8008 0.3188
vn -0.3139 0.9494 0.0060
vn -0.2555 0.9642 0.0715
vn -0.0358 0.9653 -0.2586
vn 0.0258 0.9802 -0.1962
vn 0.2293 0.8332 -0.5032
vn 0.2941 0.8466 -0.4437
vn 0.4412 0.5732 -0.6905
vn 0.5085 0.5835 -0.6332
vn 0.5676 0.2250 -0.7920
vn 0.6364 0.2311 -0.7359
vn 0.5892 -0.1586 -0.7923
vn 0.5027 -0.5190 -0.6913
vn 0.3214 -0.8014 -0.5044
vn 0.3874 -0.8075 -0.4449
vn 0.0728 -0.9628 -0.2601
vn 0.1358 -0.9708 -0.1977
vn -0.1964 0.9712 0.1351
vn 0.0860 0.9873 -0.1336
vn -0.7557 -0.2550 -0.6032
vn -0.8107 -0.1875 -0.5546
vn -0.2766 -0.9579 -0.0764
vn -0.0057 -0.9425 -0.3343
vn 0.2365 -0.7852 -0.5723
vn 0.2365 -0.7852 -0.5724
vn 0.4132 -0.5100 -0.7545
vn 0.4974 -0.1588 -0.8529
vn 0.4763 0.2150 -0.8526
vn 0.3532 0.5543 -0.7536
vn 0.1467 0.8076 -0.5711
vn -0.1116 0.9364 -0.3328
vn -0.3825 0.9209 -0.0750
vn -0.6248 0.7636 0.1631
vn -0.8014 0.4884 0.3452
vn -0.8857 0.1372 0.4436
vn -0.8646 -0.2365 0.4433
vn -0.6869 -0.2893 -0.6667
vn -0.6147 -0.2852 -0.7354
vn -0.5502 -0.2433 -0.7988
vn -0.5031 -0.1699 -0.8474
vn -0.4807 -0.0764 -0.8736
vn -0.4863 0.0232 -0.8735
vn -0.5191 0.1136 -0.8471
vn -0.5741 0.1811 -0.7985
vn -0.6429 0.2154 -0.7350
vn -0.7151 0.2113 -0.6663
vn -0.7796 0.1694 -0.6029
vn -0.8267 0.0960 -0.5544
vn -0.8491 0.0025 -0.5282
vn -0.8435 -0.0971 -0.5282
vn -0.6989 -0.2353 0.6754
vn -0.7208 0.1542 0.6757
vn 0.3553 0.8531 -0.3820
vn -0.6331 0.5203 0.5731
vn 0.4489 -0.8072 -0.3833
vn 0.5705 0.5891 -0.5723
vn -0.0860 -0.9873 0.1336
vn -0.3553 -0.8531 0.3820
vn -0.4489 0.8072 0.3833
vn 0.1964 -0.9712 -0.1351
vn -0.5705 -0.5891 0.5723
vn 0.6989 0.2353 -0.6754
vn 0.0358 -0.9653 0.2586
vn -0.2293 -0.8332 0.5032
vn -0.2941 -0.8465 0.4437
vn -0.0258 -0.9802 0.1962
vn 0.7780 -0.1503 -0.6101
vn 0.6905 -0.5150 -0.5079
vn -0.1467 -0.8076 0.5711
vn -0.3532 -0.5543 0.7537
vn -0.3532 -0.5543 0.7536
vn -0.5676 -0.2250 0.7920
vn -0.6364 -0.2311 0.7359
vn -0.5085 -0.5835 0.6332
vn -0.4412 -0.5732 0.6905
vn -0.5892 0.1586 0.7923
vn -0.6583 0.1570 0.7362
vn -0.5028 0.5190 0.6913
vn -0.5708 0.5217 0.6340
vn -0.3214 0.8014 0.5044
vn -0.3874 0.8075 0.4449
vn -0.0728 0.9628 0.2601
vn -0.1358 0.9708 0.1977
vn 0.2052 0.9787 -0.0045
vn 0.1455 0.9869 -0.0700
vn 0.4703 0.8466 -0.2491
vn 0.4138 0.8532 -0.3175
vn 0.6822 0.5866 -0.4364
vn 0.6282 0.5901 -0.5070
vn 0.8086 0.2384 -0.5379
vn 0.7561 0.2377 -0.6098
vn 0.8302 -0.1452 -0.5382
vn 0.7438 -0.5056 -0.4372
vn 0.5625 -0.7880 -0.2503
vn 0.5070 -0.8008 -0.3188
vn 0.3139 -0.9494 -0.0060
vn 0.2555 -0.9642 -0.0715
vn 0.5741 -0.1811 0.7985
vn 0.5191 -0.1136 0.8471
vn 0.1116 -0.9364 0.3328
vn 0.3825 -0.9209 0.0750
vn 0.6248 -0.7636 -0.1631
vn 0.8014 -0.4884 -0.3452
vn 0.8857 -0.1372 -0.4436
vn 0.8646 0.2365 -0.4433
vn 0.7414 0.5759 -0.3444
vn 0.5350 0.8292 -0.1619
vn 0.2766 0.9579 0.0764
vn 0.0057 0.9425 0.3343
vn -0.2365 0.7852 0.5724
vn -0.4132 0.5100 0.7545
vn -0.4974 0.1588 0.8529
vn -0.4763 -0.2150 0.8526
vn 0.6429 -0.2154 0.7350
vn 0.7151 -0.2113 0.6663
vn 0.7796 -0.1694 0.6029
vn 0.8267 -0.0960 0.5544
vn 0.8491 -0.0025 0.5282
vn 0.8435 0.0971 0.5282
vn 0.8107 0.1875 0.5546
vn 0.7557 0.2550 0.6032
vn 0.6869 0.2893 0.6667
vn 0.6147 0.2852 0.7354
vn 0.5502 0.2432 0.7988
vn 0.5031 0.1699 0.8474
vn 0.4807 0.0764 0.8736
vn 0.4863 -0.0232 0.8735
vn -0.0578 -0.9675 -0.2462
vn 0.0358 -0.9875 -0.1535
vn -0.2437 -0.9632 0.1129
vn -0.3300 -0.9439 0.0132
vn 0.6166 0.1263 -0.7770
vn 0.7116 0.1330 -0.6898
vn 0.7057 -0.2560 -0.6607
vn 0.6107 -0.2595 -0.7481
vn -0.3031 -0.9519 0.0451
vn -0.5551 -0.7845 0.2764
vn -0.7678 -0.4959 0.4057
vn -0.5794 -0.7783 0.2421
vn -0.4998 -0.7932 0.3480
vn -0.6933 -0.5032 0.5159
vn -0.8667 -0.1397 0.4789
vn -0.7948 -0.1375 0.5911
vn -0.8609 0.2360 0.4508
vn -0.7888 0.2483 0.5622
vn -0.7514 0.5740 0.3255
vn -0.6764 0.5954 0.4336
vn -0.5548 0.8230 0.1221
vn -0.4745 0.8511 0.2247
vn -0.3010 0.9449 -0.1283
vn -0.2140 0.9763 -0.0324
vn -0.0288 0.9213 -0.3878
vn 0.0656 0.9520 -0.2988
vn 0.2205 0.7557 -0.6167
vn 0.3216 0.7820 -0.5339
vn 0.4090 0.4733 -0.7802
vn 0.5151 0.4920 -0.7018
vn 0.5078 0.1172 -0.8534
vn 0.5021 -0.2585 -0.8253
vn 0.3925 -0.5966 -0.7000
vn 0.4983 -0.6066 -0.6195
vn 0.1960 -0.8456 -0.4966
vn 0.2964 -0.8623 -0.4106
vn -0.3887 0.8639 0.3204
vn -0.1259 0.9902 0.0610
vn -0.7077 -0.2093 -0.6748
vn -0.7522 -0.1798 -0.6339
vn -0.0280 -0.9758 -0.2171
vn 0.2284 -0.8525 -0.4702
vn 0.4270 -0.6010 -0.6757
vn 0.5377 -0.2593 -0.8023
vn 0.5435 0.1203 -0.8307
vn 0.4436 0.4802 -0.7567
vn 0.2532 0.7655 -0.5915
vn 0.0013 0.9329 -0.3602
vn -0.2738 0.9568 -0.0980
vn -0.5302 0.8335 0.1551
vn -0.7289 0.5820 0.3606
vn -0.8396 0.2404 0.4872
vn -0.8454 -0.1393 0.5156
vn -0.7455 -0.4992 0.4416
vn -0.6591 -0.2136 -0.7211
vn -0.6138 -0.1918 -0.7658
vn -0.5787 -0.1473 -0.8021
vn -0.5591 -0.0870 -0.8245
vn -0.5581 -0.0199 -0.8295
vn -0.5758 0.0437 -0.8165
vn -0.6094 0.0941 -0.7873
vn -0.6539 0.1237 -0.7464
vn -0.7025 0.1279 -0.7001
vn -0.7478 0.1062 -0.6553
vn -0.7829 0.0617 -0.6190
vn -0.8025 0.0013 -0.5967
vn -0.8035 -0.0657 -0.5916
vn -0.7859 -0.1293 -0.6047
vn -0.6093 -0.5018 0.6140
vn -0.7116 -0.1330 0.6898
vn 0.1560 0.9657 -0.2076
vn -0.7057 0.2560 0.6607
vn 0.5923 -0.6061 -0.5309
vn 0.4142 0.7942 -0.4446
vn 0.1259 -0.9902 -0.0610
vn -0.1560 -0.9657 0.2076
vn -0.5923 0.6061 0.5309
vn 0.3887 -0.8639 -0.3204
vn -0.4142 -0.7942 0.4446
vn 0.6093 0.5018 -0.6140
vn 0.3010 -0.9449 0.1283
vn 0.0288 -0.9213 0.3878
vn -0.0656 -0.9520 0.2988
vn 0.2140 -0.9763 0.0324
vn 0.7948 0.1375 -0.5911
vn 0.7888 -0.2483 -0.5622
vn -0.0013 -0.9329 0.3602
vn -0.2532 -0.7655 0.5915
vn -0.2532 -0.7656 0.5915
vn -0.4090 -0.4733 0.7802
vn -0.5151 -0.4920 0.7018
vn -0.3216 -0.7820 0.5339
vn -0.2205 -0.7557 0.6167
vn -0.5078 -0.1172 0.8534
vn -0.6167 -0.1263 0.7770
vn -0.5021 0.2585 0.8253
vn -0.6107 0.2595 0.7481
vn -0.3926 0.5966 0.7000
vn -0.4983 0.6066 0.6195
vn -0.1960 0.8456 0.4966
vn -0.2964 0.8623 0.4106
vn 0.0578 0.9675 0.2462
vn -0.0358 0.9875 0.1535
vn 0.3300 0.9439 -0.0132
vn 0.2437 0.9632 -0.1129
vn 0.5794 0.7783 -0.2422
vn 0.4998 0.7932 -0.3480
vn 0.7678 0.4959 -0.4057
vn 0.6933 0.5032 -0.5159
vn 0.8667 0.1397 -0.4789
vn 0.8609 -0.2360 -0.4508
vn 0.7514 -0.5740 -0.3255
vn 0.6764 -0.5954 -0.4336
vn 0.5548 -0.8230 -0.1221
vn 0.4745 -0.8511 -0.2247
vn 0.6539 -0.1237 0.7464
vn 0.6094 -0.0941 0.7873
vn 0.2738 -0.9568 0.0980
vn 0.5302 -0.8335 -0.1551
vn 0.7289 -0.5820 -0.3606
vn 0.8396 -0.2403 -0.4872
vn 0.8454 0.1393 -0.5156
vn 0.7455 0.4992 -0.4416
vn 0.5551 0.7845 -0.2764
vn 0.3032 0.9519 -0.0451
vn 0.0280 0.9758 0.2171
vn -0.2284 0.8525 0.4702
vn -0.4270 0.6010 0.6757
vn -0.5377 0.2593 0.8023
vn -0.5435 -0.1203 0.8307
vn -0.4436 -0.4802 0.7567
vn 0.7025 -0.1279 0.7001
vn 0.7478 -0.1062 0.6553
vn 0.7829 -0.0617 0.6190
vn 0.8025 -0.0013 0.5967
vn 0.8035 0.0658 0.5916
vn 0.8035 0.0657 0.5916
vn 0.7859 0.1293 0.6047
vn 0.7522 0.1798 0.6339
vn 0.7077 0.2093 0.6748
vn 0.6591 0.2135 0.7211
vn 0.6138 0.1918 0.7658
vn 0.5787 0.1473 0.8021
vn 0.5591 0.0870 0.8245
vn 0.5581 0.0199 0.8295
vn 0.5758 -0.0437 0.8165
vn -0.6330 0.5188 0.5746
vn -0.6328 0.5187 0.5750
vn -0.6324 0.5189 0.5752
vn -0.2212 0.9630 0.1539
vn -0.6838 0.1112 -0.7212
vn -0.6886 0.0516 -0.7233
vn -0.0631 0.9840 -0.1663
vn -0.2889 0.8737 -0.3915
vn -0.2834 0.8778 -0.3862
vn -0.0622 0.9843 -0.1654
vn -0.5259 0.5927 -0.6100
vn -0.5188 0.6050 -0.6040
vn -0.6460 0.3028 -0.7007
vn -0.6430 0.3129 -0.6990
vn 0.6900 0.0419 0.7226
vn 0.6882 -0.0534 0.7236
vn 0.6841 -0.1101 0.7210
vn 0.0633 -0.9841 0.1661
vn 0.0609 -0.9847 0.1636
vn 0.2765 -0.8832 0.3788
vn 0.2951 -0.8692 0.3968
vn 0.5115 -0.6174 0.5976
vn 0.5348 -0.5764 0.6179
vn 0.6418 -0.3184 0.6977
vn 0.6478 -0.2983 0.7009
vn -0.5645 -0.6515 0.5068
vn 0.5512 0.6497 -0.5234
vn 0.7387 -0.0617 -0.6712
vn 0.7386 -0.0617 -0.6713
vn 0.7740 -0.0155 -0.6329
vn 0.7746 -0.0143 -0.6323
vn -0.7264 0.0653 0.6841
vn -0.7237 0.0692 0.6867
vn 0.7838 0.0585 -0.6182
vn 0.7835 0.0598 -0.6185
vn -0.7272 0.0577 0.6840
vn 0.7556 0.0817 -0.6499
vn 0.7552 0.0814 -0.6504
vn -0.7234 0.0566 0.6881
vn -0.7204 0.0599 0.6910
vn 0.7364 0.0685 -0.6731
vn 0.7224 -0.0699 -0.6879
vn -0.7224 0.0699 0.6879
vn -0.0205 -0.9966 0.0797
vn 0.0206 0.9966 -0.0798
vn 0.6875 0.1381 0.7129
vn 0.6820 0.1971 0.7043
vn 0.1039 0.9946 0.0080
vn 0.1030 0.9947 0.0070
vn 0.3197 0.9157 0.2433
vn 0.3250 0.9123 0.2493
vn 0.5428 0.6718 0.5041
vn 0.5493 0.6603 0.5121
vn 0.6495 0.3942 0.6501
vn 0.6517 0.3844 0.6538
vn -0.6923 -0.0450 -0.7202
vn -0.6819 -0.1960 -0.7047
vn -0.6876 -0.1400 -0.7124
vn -0.1037 -0.9946 -0.0082
vn -0.3303 -0.9085 -0.2559
vn -0.3123 -0.9202 -0.2358
vn -0.1012 -0.9948 -0.0056
vn -0.5576 -0.6451 -0.5223
vn -0.5361 -0.6833 -0.4957
vn -0.6522 -0.3801 -0.6559
vn -0.6480 -0.3995 -0.6485
vn -0.4914 -0.6469 0.5831
vn 0.5075 0.6470 -0.5691
vn 0.7060 -0.0637 -0.7054
vn 0.6659 -0.0212 -0.7457
vn 0.6666 -0.0222 -0.7451
vn 0.7060 -0.0638 -0.7053
vn -0.7185 0.0658 0.6924
vn -0.7212 0.0694 0.6893
vn 0.6481 0.0513 -0.7598
vn 0.6479 0.0500 -0.7601
vn -0.7180 0.0583 0.6936
vn 0.6774 0.0765 -0.7316
vn 0.6769 0.0767 -0.7321
vn -0.7218 0.0567 0.6898
vn -0.7218 0.0567 0.6897
vn -0.7247 0.0597 0.6864
vn 0.7000 0.0662 -0.7111
vn 0.3057 0.3545 0.8837
vn 0.6832 0.0366 0.7293
vn 0.3047 0.3552 0.8837
vn 0.8773 -0.2923 0.3808
vn 0.8775 -0.2930 0.3798
vn 0.8361 -0.5443 -0.0690
vn 0.8354 -0.5450 -0.0709
vn 0.5703 -0.6519 -0.4998
vn 0.5686 -0.6520 -0.5016
vn 0.1508 -0.5861 -0.7961
vn 0.1489 -0.5854 -0.7969
vn -0.3100 -0.3641 -0.8782
vn -0.3111 -0.3635 -0.8781
vn -0.6885 -0.0456 -0.7238
vn -0.8827 0.2840 -0.3743
vn -0.8826 0.2833 -0.3753
vn -0.8407 0.5360 0.0763
vn -0.8414 0.5353 0.0744
vn -0.5740 0.6430 0.5070
vn -0.5757 0.6429 0.5052
vn -0.8380 0.5411 0.0709
vn -0.8373 0.5418 0.0728
vn -0.8766 0.2933 -0.3814
vn -0.8768 0.2940 -0.3804
vn -0.6816 -0.0341 -0.7309
vn -0.3051 -0.3535 -0.8843
vn -0.3041 -0.3542 -0.8844
vn 0.1524 -0.5797 -0.8005
vn 0.1543 -0.5803 -0.7996
vn 0.8319 -0.5508 -0.0674
vn 0.8326 -0.5500 -0.0655
vn 0.8714 -0.3029 0.3858
vn 0.8712 -0.3022 0.3868
vn 0.6762 0.0251 0.7363
vn 0.2987 0.3452 0.8897
vn 0.2997 0.3445 0.8897
vn -0.1596 0.5713 0.8050
vn -0.1578 0.5707 0.8059
vn -0.1543 0.5765 0.8024
vn -0.1562 0.5771 0.8016
vn -0.5736 0.6386 -0.5130
vn -0.5772 0.6383 -0.5093
vn -0.1545 0.5765 -0.8024
vn -0.1506 0.5752 -0.8040
vn 0.3087 0.3572 -0.8816
vn 0.3108 0.3558 -0.8814
vn 0.6876 0.0391 -0.7251
vn 0.8799 -0.2920 -0.3749
vn 0.8795 -0.2905 -0.3769
vn 0.8339 -0.5468 0.0744
vn 0.8353 -0.5452 0.0705
vn 0.5627 -0.6570 0.5017
vn 0.5662 -0.6568 0.4980
vn 0.1396 -0.5936 0.7926
vn 0.1435 -0.5948 0.7909
vn -0.3217 -0.3741 0.8698
vn -0.3195 -0.3755 0.8700
vn -0.6983 -0.0575 0.7135
vn -0.8902 0.2719 0.3655
vn -0.8906 0.2734 0.3635
vn -0.8461 0.5266 -0.0818
vn -0.8447 0.5283 -0.0857
vn -0.5772 0.6384 -0.5093
vn -0.8392 0.5386 -0.0745
vn -0.8379 0.5402 -0.0785
vn -0.5737 0.6385 -0.5131
vn -0.8783 0.2926 0.3782
vn -0.8787 0.2941 0.3761
vn -0.6844 -0.0338 0.7283
vn -0.3096 -0.3537 0.8827
vn -0.3074 -0.3551 0.8828
vn 0.1467 -0.5818 0.8000
vn 0.1506 -0.5831 0.7983
vn 0.5627 -0.6570 0.5018
vn 0.8268 -0.5585 0.0672
vn 0.8281 -0.5570 0.0633
vn 0.8674 -0.3124 -0.3873
vn 0.8670 -0.3110 -0.3894
vn 0.6732 0.0153 -0.7393
vn 0.2964 0.3365 -0.8938
vn 0.2985 0.3351 -0.8937
vn -0.1615 0.5646 -0.8094
vn -0.1576 0.5632 -0.8111
vn -0.5443 0.5109 -0.6654
vn -0.5812 0.6283 -0.5172
vn 0.5323 0.1302 -0.8365
vn 0.5324 0.1301 -0.8364
vn 0.5322 0.1302 -0.8365
vn -0.6024 0.6358 -0.4826
vn -0.6054 0.6282 -0.4887
vn -0.6055 0.6281 -0.4888
vn -0.7067 -0.6986 0.1116
vn -0.2298 -0.9367 -0.2640
vn -0.6021 0.6365 -0.4820
vn 0.7097 -0.2631 0.6536
vn -0.7111 -0.1780 -0.6802
vn -0.6053 0.5828 -0.5422
vn -0.6034 0.5832 -0.5438
vn -0.6068 0.5830 -0.5402
vn -0.6002 0.5828 -0.5478
vn -0.6025 0.5834 -0.5447
vn 0.5325 0.1300 -0.8364
vn -0.6128 0.6243 -0.4844
vn -0.1582 -0.9577 -0.2403
vn 0.5322 0.1303 -0.8365
vn 0.5329 0.1055 -0.8396
vn 0.5351 0.1828 -0.8248
vn -0.6076 0.5831 -0.5392
vn -0.6501 0.1214 -0.7501
vn 0.5320 0.1304 -0.8367
vn 0.5320 0.1304 -0.8366
vn -0.6316 0.5805 -0.5139
vn -0.0720 -0.9904 -0.1177
vn -0.0720 -0.9904 -0.1176
vn -0.0713 -0.9906 -0.1170
vn -0.7209 0.5016 -0.4782
vn -0.8092 0.0589 0.5845
vn -0.8092 0.0588 0.5847
vn -0.8093 0.0589 0.5845
vn -0.8091 0.0588 0.5847
vn -0.5484 0.6387 -0.5398
vn -0.5543 0.6308 -0.5429
vn -0.5542 0.6309 -0.5429
vn 0.1047 -0.6555 -0.7479
vn -0.5478 0.6394 -0.5395
vn 0.7065 -0.2633 0.6569
vn -0.6106 0.5822 -0.5369
vn -0.8091 0.0587 0.5847
vn -0.5502 0.6277 -0.5508
vn -0.2010 -0.9600 -0.1950
vn -0.8093 0.0590 0.5844
vn -0.8110 0.0341 0.5840
vn -0.8000 0.1118 0.5895
vn -0.7921 0.1138 -0.5997
vn -0.8094 0.0591 0.5843
vn -0.8094 0.0591 0.5842
vn -0.5785 0.5833 -0.5701
vn -0.0735 -0.9902 -0.1190
vn 0.6262 0.4789 0.6152
vn 0.5765 -0.6366 0.5123
vn 0.5759 -0.6376 0.5117
vn 0.5752 -0.6387 0.5110
vn 0.5622 -0.6606 0.4976
vn 0.4562 -0.7996 0.3906
vn -0.5813 0.6280 -0.5173
vn 0.2646 0.9174 0.2972
vn -0.4629 0.4165 0.7825
vn 0.7321 0.4800 -0.4833
vn 0.2660 0.9175 0.2957
vn 0.2820 0.9074 0.3117
vn -0.0479 0.9989 -0.0013
vn -0.0478 0.9989 -0.0000
vn -0.0528 0.9986 0.0052
vn -0.0540 0.9985 0.0052
vn -0.0479 0.9989 -0.0015
vn -0.0543 0.9985 0.0052
vn -0.5276 0.7099 -0.4665
vn 0.7456 -0.6199 0.2448
vn 0.7438 -0.6229 0.2425
vn 0.7456 -0.6198 0.2449
vn 0.3537 0.4073 -0.8420
vn 0.4716 0.3175 -0.8227
vn 0.4756 0.3142 -0.8216
vn 0.3423 0.4153 -0.8428
vn 0.3756 0.4708 -0.7983
vn 0.5154 0.3251 -0.7929
vn 0.5098 0.3362 -0.7919
vn 0.4376 0.4376 -0.7855
vn 0.5963 0.2033 -0.7766
vn 0.5202 0.2757 -0.8083
vn 0.4003 0.3736 -0.8367
vn -0.4064 0.8478 -0.3407
vn -0.4145 0.8404 -0.3490
vn -0.8528 0.3300 0.4047
vn -0.8545 0.3386 0.3940
vn -0.8224 0.2310 0.5198
vn -0.8239 0.2345 0.5160
vn 0.5270 -0.7107 0.4659
vn 0.4090 -0.8454 0.3434
vn -0.8123 0.3947 0.4293
vn -0.7953 0.3586 0.4887
vn -0.7929 0.2527 0.5544
vn -0.7931 0.2413 0.5593
vn -0.7665 0.1160 0.6317
vn -0.8438 0.2939 0.4489
vn -0.8053 0.1908 0.5614
vn -0.4407 -0.3391 0.8311
vn -0.3821 -0.3853 0.8400
vn -0.4916 -0.2996 0.8177
vn -0.5205 -0.2733 0.8089
vn -0.5962 -0.2027 0.7768
vn -0.5960 -0.2030 0.7769
vn -0.2621 -0.5375 0.8015
vn -0.4308 -0.4547 0.7795
vn -0.5047 -0.3391 0.7939
vn -0.4962 -0.3539 0.7928
vn -0.5963 -0.2046 0.7762
vn -0.5964 -0.2041 0.7763
vn -0.3966 -0.3729 0.8388
vn -0.5399 -0.2564 0.8017
vn -0.5958 -0.2034 0.7770
vn 0.4162 -0.8389 0.3508
vn 0.7671 -0.1162 -0.6309
vn 0.7662 -0.1173 -0.6318
vn 0.7954 -0.2711 -0.5420
vn 0.8384 -0.2777 -0.4690
vn 0.8347 -0.2574 -0.4869
vn 0.8057 -0.1883 -0.5616
vn 0.8171 -0.2157 -0.5347
vn 0.8484 -0.3064 -0.4316
vn 0.7666 -0.1154 -0.6316
vn 0.7668 -0.1157 -0.6314
vn 0.8236 -0.4680 -0.3204
vn 0.7953 -0.2558 -0.5496
vn 0.7907 -0.3764 -0.4828
vn 0.7662 -0.1168 -0.6318
vn 0.7968 -0.1707 -0.5796
vn 0.8460 -0.2933 -0.4453
vn 0.7669 -0.1160 -0.6312
vn 0.4838 0.6467 0.5897
vn 0.4298 0.7141 0.5526
vn 0.4053 0.7212 0.5617
vn 0.5502 0.5964 0.5844
vn -0.7332 -0.4445 -0.5147
vn -0.7729 -0.2978 -0.5604
vn -0.7377 -0.4310 -0.5196
vn -0.5106 -0.7006 -0.4985
vn -0.6056 -0.6360 -0.4784
vn -0.6115 -0.6308 -0.4777
vn -0.5108 -0.7005 -0.4984
vn 0.7456 -0.6198 0.2448
vn 0.7465 -0.6183 0.2460
vn 0.7464 -0.6183 0.2459
vn 0.6782 0.4763 0.5596
vn 0.0784 -0.9469 -0.3118
vn 0.5220 0.7200 0.4574
vn 0.5298 0.7292 0.4330
vn -0.4716 -0.6980 -0.5389
vn -0.4717 -0.6981 -0.5387
vn 0.5651 0.6519 0.5057
vn 0.5652 0.5974 0.5689
vn -0.5674 -0.2847 -0.7727
vn -0.5113 -0.4303 -0.7439
vn -0.5173 -0.4169 -0.7474
vn -0.4589 -0.6266 -0.6300
vn -0.4588 -0.6210 -0.6356
vn 0.3096 -0.6463 0.6975
vn 0.3084 -0.6478 0.6965
vn 0.3095 -0.6463 0.6975
vn 0.5523 0.4682 0.6897
vn 0.3084 -0.6479 0.6965
vn 0.3085 -0.6478 0.6966
vn -0.2497 -0.9679 0.0273
vn -0.8269 0.2433 0.5069
vn 0.5323 -0.7031 0.4715
vn 0.8617 -0.4170 -0.2892
vn -0.5955 -0.2036 0.7772
vn -0.4215 -0.3585 0.8329
vn -0.2327 -0.4871 0.8417
vn 0.3063 -0.6509 0.6946
vn -0.8579 0.3608 0.3658
vn 0.4619 0.3259 -0.8249
vn 0.3128 0.4358 -0.8439
vn -0.5337 0.7010 -0.4730
vn 0.6894 0.0417 -0.7232
vn 0.5064 0.6861 0.5224
vn -0.6894 -0.0417 0.7231
vn -0.6894 -0.0417 0.7232
vn 0.1016 0.5767 0.8106
vn 0.6775 0.0367 -0.7346
vn 0.6853 0.0296 -0.7277
vn 0.6852 0.0297 -0.7278
vn 0.7801 0.6178 0.0989
vn 0.7801 0.6178 0.0988
vn -0.6936 -0.0536 0.7184
vn -0.6934 -0.0537 0.7185
vn -0.7011 -0.0466 0.7115
vn -0.5065 -0.6860 -0.5224
vn -0.5064 -0.6861 -0.5223
vn -0.5066 -0.6861 -0.5221
vn -0.5066 -0.6860 -0.5223
vn 0.6886 0.0404 -0.7241
vn 0.6890 0.0411 -0.7236
vn 0.6891 0.0412 -0.7235
vn -0.1142 -0.5811 -0.8058
vn -0.5063 -0.6863 -0.5222
vn -0.5066 -0.6863 -0.5218
vn 0.6774 0.0369 -0.7347
vn -0.2231 -0.6346 -0.7400
vn 0.6894 0.0417 -0.7231
vn -0.4902 -0.7081 -0.5082
vn -0.4906 -0.7076 -0.5085
vn -0.5064 -0.6860 -0.5225
vn -0.5061 -0.6861 -0.5225
vn -0.6903 -0.0430 0.7222
vn -0.6897 -0.0421 0.7228
vn -0.7757 -0.6211 -0.1119
vn -0.5059 -0.6862 -0.5226
vn -0.7012 -0.0464 0.7114
vn -0.7124 -0.6641 -0.2268
vn -0.4898 -0.7086 -0.5078
vn 0.5962 0.7022 0.3892
vn -0.5179 0.7263 -0.4519
vn -0.4110 0.8193 -0.3999
vn -0.2151 0.9651 -0.1495
vn 0.0135 0.9974 0.0703
vn -0.2994 0.9255 -0.2321
vn 0.5179 -0.7263 0.4519
vn -0.4538 0.7588 -0.4672
vn 0.7999 -0.4714 0.3713
vn 0.4556 0.7512 0.4776
vn 0.3617 0.8451 0.3936
vn 0.3771 0.6890 0.6190
vn -0.4661 0.8159 -0.3420
vn 0.1622 0.9641 0.2102
vn -0.5318 0.7541 -0.3853
vn 0.4368 -0.4934 0.7521
vn 0.0028 -0.9985 -0.0549
vn 0.0066 -0.9987 -0.0512
vn 0.7273 -0.0613 0.6836
vn -0.6860 -0.0364 0.7267
vn -0.7273 0.0613 -0.6836
vn -0.7173 0.2025 -0.6667
vn -0.7171 0.2025 -0.6669
vn -0.2016 -0.9501 -0.2379
vn -0.3706 -0.8420 -0.3921
vn -0.0496 0.9988 0.0033
vn 0.0196 0.9975 0.0686
vn 0.6061 0.5239 0.5985
vn -0.0196 -0.9975 -0.0686
vn -0.4962 0.7539 -0.4306
vn -0.4961 0.7542 -0.4301
vn -0.3756 0.8731 -0.3108
vn 0.6860 0.0364 -0.7267
vn -0.7170 0.2025 -0.6670
vn -0.4957 0.7542 -0.4305
vn 0.8625 0.3618 -0.3537
vn 0.8623 0.3607 -0.3554
vn 0.8023 0.5876 0.1052
vn 0.8011 0.5886 0.1084
vn 0.6908 0.0396 -0.7220
vn 0.3320 -0.2913 -0.8972
vn 0.3336 -0.2902 -0.8970
vn -0.1172 -0.5419 -0.8323
vn -0.1141 -0.5406 -0.8335
vn -0.5358 -0.6448 -0.5451
vn -0.5329 -0.6447 -0.5481
vn -0.8117 -0.5730 -0.1134
vn -0.8105 -0.5740 -0.1166
vn -0.8716 -0.3461 0.3471
vn -0.8718 -0.3473 0.3454
vn -0.7001 -0.0251 0.7136
vn -0.3430 0.3046 0.8886
vn -0.3414 0.3058 0.8888
vn 0.1047 0.5551 0.8252
vn 0.1077 0.5563 0.8240
vn 0.5235 0.6592 0.5399
vn 0.5263 0.6593 0.5369
vn 0.5263 0.6594 0.5369
vn 0.5235 0.6591 0.5399
vn 0.1108 0.5458 0.8306
vn 0.1138 0.5471 0.8293
vn -0.3325 0.2885 0.8979
vn -0.3309 0.2897 0.8981
vn -0.6881 -0.0438 0.7243
vn -0.8612 -0.3624 0.3563
vn -0.8615 -0.3635 0.3546
vn -0.8057 -0.5824 -0.1081
vn -0.8045 -0.5834 -0.1113
vn -0.5330 -0.6446 -0.5481
vn -0.1232 -0.5325 -0.8374
vn -0.1202 -0.5312 -0.8387
vn 0.3213 -0.2751 -0.9061
vn 0.3230 -0.2739 -0.9059
vn 0.6784 0.0583 -0.7323
vn 0.8518 0.3779 -0.3627
vn 0.8516 0.3768 -0.3644
vn 0.7949 0.5979 0.1031
vn 0.7961 0.5969 0.0999
vn 0.5322 -0.7064 0.4667
vn -0.2020 -0.9794 -0.0067
vn -0.4670 -0.8477 -0.2517
vn -0.4103 -0.8540 -0.3200
vn -0.1422 -0.9872 -0.0721
vn 0.6569 -0.1561 0.7376
vn 0.5709 -0.5209 0.6346
vn 0.6333 -0.5193 0.5738
vn 0.7196 -0.1531 0.6773
vn -0.5319 -0.8306 -0.1647
vn -0.7387 -0.5777 -0.3473
vn -0.8065 -0.2400 -0.5404
vn -0.7538 -0.2391 -0.6121
vn -0.6250 -0.5913 -0.5096
vn -0.6792 -0.5881 -0.4391
vn -0.8293 0.1434 -0.5401
vn -0.7769 0.1489 -0.6118
vn -0.7443 0.5039 -0.4382
vn -0.6909 0.5137 -0.5087
vn -0.5644 0.7866 -0.2504
vn -0.5088 0.7997 -0.3187
vn -0.3169 0.9484 -0.0052
vn -0.2584 0.9635 -0.0705
vn -0.0396 0.9648 0.2602
vn 0.0222 0.9800 0.1980
vn 0.2253 0.8331 0.5052
vn 0.2903 0.8467 0.4459
vn 0.4376 0.5735 0.6926
vn 0.5050 0.5840 0.6355
vn 0.5648 0.2254 0.7938
vn 0.6338 0.2319 0.7379
vn 0.5877 -0.1580 0.7935
vn 0.5027 -0.5185 0.6917
vn 0.3228 -0.8012 0.5038
vn 0.3888 -0.8070 0.4445
vn 0.0753 -0.9630 0.2586
vn 0.1384 -0.9707 0.1964
vn 0.0825 0.9873 0.1355
vn -0.1992 0.9708 -0.1340
vn -0.7564 -0.2585 0.6009
vn -0.8115 -0.1911 0.5522
vn -0.2737 -0.9589 0.0741
vn -0.2737 -0.9590 0.0741
vn -0.0035 -0.9431 0.3326
vn 0.2376 -0.7854 0.5716
vn 0.4129 -0.5099 0.7546
vn 0.4958 -0.1586 0.8538
vn 0.4735 0.2150 0.8541
vn 0.3495 0.5541 0.7555
vn 0.1427 0.8071 0.5729
vn -0.1155 0.9354 0.3341
vn -0.3857 0.9195 0.0756
vn -0.6268 0.7618 -0.1634
vn -0.8021 0.4864 -0.3464
vn -0.8850 0.1351 -0.4456
vn -0.8627 -0.2385 -0.4459
vn -0.6876 -0.2926 0.6645
vn -0.6156 -0.2884 0.7334
vn -0.5514 -0.2464 0.7970
vn -0.5047 -0.1730 0.8458
vn -0.4826 -0.0794 0.8722
vn -0.4885 0.0201 0.8723
vn -0.5216 0.1105 0.8460
vn -0.5767 0.1779 0.7974
vn -0.6455 0.2121 0.7338
vn -0.7174 0.2078 0.6649
vn -0.7817 0.1658 0.6012
vn -0.8284 0.0924 0.5525
vn -0.8505 -0.0012 0.5260
vn -0.8445 -0.1007 0.5260
vn -0.7196 0.1531 -0.6773
vn -0.6964 -0.2364 -0.6776
vn 0.3516 0.8536 0.3844
vn -0.6333 0.5193 -0.5738
vn 0.4505 -0.8064 0.3831
vn 0.5672 0.5899 0.5747
vn -0.3516 -0.8536 -0.3844
vn -0.0825 -0.9873 -0.1355
vn -0.4505 0.8064 -0.3831
vn 0.1992 -0.9708 0.1340
vn -0.5672 -0.5899 -0.5747
vn 0.6964 0.2364 0.6776
vn 0.0396 -0.9648 -0.2602
vn -0.0222 -0.9800 -0.1980
vn -0.2903 -0.8467 -0.4459
vn -0.2253 -0.8331 -0.5052
vn 0.7769 -0.1489 0.6118
vn 0.6909 -0.5137 0.5087
vn -0.1427 -0.8071 -0.5729
vn -0.3495 -0.5541 -0.7555
vn -0.5648 -0.2254 -0.7938
vn -0.4376 -0.5735 -0.6926
vn -0.5050 -0.5840 -0.6355
vn -0.6338 -0.2319 -0.7379
vn -0.5877 0.1580 -0.7935
vn -0.6569 0.1561 -0.7376
vn -0.5027 0.5185 -0.6917
vn -0.5709 0.5209 -0.6346
vn -0.3228 0.8012 -0.5038
vn -0.3888 0.8070 -0.4445
vn -0.0753 0.9630 -0.2586
vn -0.1384 0.9707 -0.1964
vn 0.2020 0.9794 0.0067
vn 0.1422 0.9872 0.0721
vn 0.4670 0.8477 0.2517
vn 0.4103 0.8540 0.3200
vn 0.6792 0.5881 0.4391
vn 0.6250 0.5913 0.5096
vn 0.8065 0.2400 0.5404
vn 0.7538 0.2391 0.6121
vn 0.8293 -0.1434 0.5401
vn 0.7443 -0.5039 0.4382
vn 0.5644 -0.7866 0.2504
vn 0.5088 -0.7997 0.3187
vn 0.3169 -0.9484 0.0052
vn 0.2584 -0.9635 0.0705
vn 0.5767 -0.1779 -0.7974
vn 0.5216 -0.1105 -0.8460
vn 0.1155 -0.9354 -0.3342
vn 0.3857 -0.9195 -0.0756
vn 0.6268 -0.7618 0.1634
vn 0.8021 -0.4864 0.3464
vn 0.8850 -0.1351 0.4456
vn 0.8627 0.2385 0.4459
vn 0.7387 0.5777 0.3473
vn 0.5319 0.8306 0.1647
vn 0.2737 0.9590 -0.0741
vn 0.0035 0.9431 -0.3326
vn -0.2376 0.7854 -0.5716
vn -0.4129 0.5099 -0.7546
vn -0.4958 0.1586 -0.8538
vn -0.4735 -0.2150 -0.8541
vn 0.6455 -0.2120 -0.7338
vn 0.7174 -0.2078 -0.6649
vn 0.7817 -0.1658 -0.6012
vn 0.8284 -0.0924 -0.5525
vn 0.8505 0.0012 -0.5260
vn 0.8445 0.1007 -0.5260
vn 0.8115 0.1911 -0.5522
vn 0.7564 0.2585 -0.6009
vn 0.6876 0.2926 -0.6645
vn 0.6156 0.2884 -0.7334
vn 0.5514 0.2464 -0.7970
vn 0.5047 0.1730 -0.8458
vn 0.4826 0.0794 -0.8722
vn 0.4885 -0.0201 -0.8723
vn -0.0596 -0.9658 0.2525
vn -0.3337 -0.9427 -0.0051
vn -0.2482 -0.9630 -0.1053
vn 0.0332 -0.9867 0.1592
vn 0.6228 0.1287 0.7717
vn 0.6152 -0.2573 0.7452
vn 0.7095 -0.2547 0.6570
vn 0.7172 0.1345 0.6838
vn -0.3071 -0.9510 -0.0371
vn -0.5601 -0.7841 -0.2675
vn -0.7726 -0.4954 -0.3970
vn -0.6989 -0.5037 -0.5078
vn -0.5053 -0.7934 -0.3395
vn -0.5841 -0.7775 -0.2332
vn -0.8707 -0.1393 -0.4717
vn -0.7996 -0.1381 -0.5845
vn -0.8633 0.2365 -0.4459
vn -0.7920 0.2479 -0.5579
vn -0.7516 0.5749 -0.3235
vn -0.6773 0.5954 -0.4322
vn -0.5525 0.8243 -0.1231
vn -0.4729 0.8515 -0.2264
vn -0.2965 0.9468 0.1248
vn -0.2100 0.9773 0.0281
vn -0.0225 0.9237 0.3823
vn 0.0714 0.9536 0.2926
vn 0.2279 0.7586 0.6104
vn 0.3285 0.7840 0.5268
vn 0.4165 0.4765 0.7743
vn 0.5221 0.4943 0.6950
vn 0.5145 0.1204 0.8490
vn 0.5071 -0.2554 0.8231
vn 0.3954 -0.5938 0.7007
vn 0.5005 -0.6048 0.6195
vn 0.1964 -0.8433 0.5003
vn 0.2961 -0.8609 0.4137
vn -0.1226 0.9902 -0.0661
vn -0.3878 0.8634 -0.3228
vn -0.7035 -0.2025 0.6812
vn -0.7482 -0.1730 0.6405
vn -0.0301 -0.9743 0.2232
vn 0.2286 -0.8505 0.4737
vn 0.4297 -0.5985 0.6762
vn 0.5426 -0.2565 0.7999
vn 0.5501 0.1233 0.8260
vn 0.4510 0.4831 0.7505
vn 0.2604 0.7681 0.5849
vn 0.0074 0.9350 0.3544
vn -0.2695 0.9584 0.0942
vn -0.5282 0.8346 -0.1563
vn -0.7293 0.5826 -0.3588
vn -0.8422 0.2406 -0.4825
vn -0.8497 -0.1392 -0.5086
vn -0.7506 -0.4990 -0.4331
vn -0.6546 -0.2067 0.7272
vn -0.6089 -0.1848 0.7714
vn -0.5733 -0.1402 0.8072
vn -0.5534 -0.0798 0.8291
vn -0.5521 -0.0127 0.8337
vn -0.5696 0.0509 0.8204
vn -0.6032 0.1012 0.7911
vn -0.6480 0.1307 0.7504
vn -0.6969 0.1349 0.7044
vn -0.7426 0.1130 0.6601
vn -0.7781 0.0684 0.6244
vn -0.7981 0.0080 0.6025
vn -0.7994 -0.0591 0.5979
vn -0.7819 -0.1227 0.6112
vn -0.7172 -0.1345 -0.6838
vn -0.6157 -0.5032 -0.6064
vn 0.1611 0.9663 0.2006
vn -0.7095 0.2547 -0.6570
vn 0.5938 -0.6051 0.5303
vn 0.4204 0.7953 0.4368
vn -0.1611 -0.9663 -0.2006
vn 0.1226 -0.9902 0.0661
vn -0.5938 0.6051 -0.5303
vn 0.3878 -0.8634 0.3228
vn -0.4204 -0.7953 -0.4368
vn 0.6157 0.5032 0.6064
vn 0.2965 -0.9468 -0.1248
vn 0.2100 -0.9773 -0.0281
vn -0.0714 -0.9536 -0.2926
vn 0.0225 -0.9237 -0.3823
vn 0.7996 0.1381 0.5845
vn 0.7920 -0.2479 0.5579
vn -0.0074 -0.9350 -0.3544
vn -0.2604 -0.7681 -0.5849
vn -0.4165 -0.4765 -0.7743
vn -0.2279 -0.7586 -0.6104
vn -0.3285 -0.7840 -0.5268
vn -0.5221 -0.4943 -0.6950
vn -0.5145 -0.1204 -0.8490
vn -0.6228 -0.1287 -0.7717
vn -0.5071 0.2554 -0.8231
vn -0.6152 0.2573 -0.7452
vn -0.3954 0.5938 -0.7007
vn -0.5005 0.6048 -0.6195
vn -0.1964 0.8433 -0.5003
vn -0.2961 0.8609 -0.4137
vn 0.0596 0.9658 -0.2525
vn -0.0332 0.9867 -0.1592
vn 0.3337 0.9427 0.0051
vn 0.2482 0.9630 0.1053
vn 0.5841 0.7775 0.2332
vn 0.5053 0.7934 0.3395
vn 0.7726 0.4954 0.3970
vn 0.6989 0.5037 0.5078
vn 0.8707 0.1393 0.4717
vn 0.8633 -0.2365 0.4459
vn 0.7516 -0.5749 0.3235
vn 0.6773 -0.5954 0.4322
vn 0.5525 -0.8243 0.1231
vn 0.4729 -0.8515 0.2264
vn 0.6480 -0.1307 -0.7504
vn 0.6032 -0.1012 -0.7911
vn 0.2695 -0.9584 -0.0942
vn 0.5282 -0.8346 0.1563
vn 0.7293 -0.5826 0.3588
vn 0.8422 -0.2406 0.4825
vn 0.8497 0.1392 0.5086
vn 0.7506 0.4990 0.4331
vn 0.5601 0.7841 0.2675
vn 0.3071 0.9510 0.0371
vn 0.0301 0.9743 -0.2232
vn -0.2286 0.8505 -0.4737
vn -0.4297 0.5985 -0.6762
vn -0.5426 0.2565 -0.7999
vn -0.5501 -0.1233 -0.8260
vn -0.4510 -0.4831 -0.7505
vn 0.6969 -0.1349 -0.7044
vn 0.7426 -0.1130 -0.6601
vn 0.7781 -0.0684 -0.6244
vn 0.7981 -0.0080 -0.6025
vn 0.7994 0.0591 -0.5979
vn 0.7819 0.1227 -0.6112
vn 0.7482 0.1730 -0.6405
vn 0.7035 0.2025 -0.6812
vn 0.6546 0.2067 -0.7272
vn 0.6089 0.1848 -0.7714
vn 0.5733 0.1402 -0.8072
vn 0.5534 0.0798 -0.8291
vn 0.5521 0.0127 -0.8337
vn 0.5696 -0.0509 -0.8204
vn -0.6350 0.5176 -0.5735
vn -0.6352 0.5178 -0.5731
vn -0.6346 0.5178 -0.5737
vn -0.2187 0.9629 -0.1582
vn -0.6831 0.0586 0.7280
vn -0.6780 0.1182 0.7255
vn -0.0582 0.9853 0.1608
vn -0.0572 0.9855 0.1598
vn -0.2772 0.8812 0.3829
vn -0.2827 0.8771 0.3883
vn -0.5121 0.6107 0.6040
vn -0.5191 0.5984 0.6102
vn -0.6367 0.3196 0.7017
vn -0.6397 0.3095 0.7035
vn 0.6848 0.0349 -0.7279
vn 0.6784 -0.1171 -0.7253
vn 0.6827 -0.0605 -0.7282
vn 0.0584 -0.9853 -0.1606
vn 0.2888 -0.8727 -0.3936
vn 0.2704 -0.8865 -0.3754
vn 0.0559 -0.9859 -0.1580
vn 0.5280 -0.5822 -0.6182
vn 0.5047 -0.6230 -0.5976
vn 0.6415 -0.3050 -0.7038
vn 0.6355 -0.3250 -0.7004
vn -0.5707 -0.6524 -0.4987
vn 0.5575 0.6508 0.5154
vn 0.7434 -0.0604 0.6661
vn 0.7791 -0.0135 0.6267
vn 0.7786 -0.0146 0.6274
vn 0.7433 -0.0605 0.6662
vn -0.7312 0.0639 -0.6792
vn -0.7284 0.0678 -0.6818
vn 0.7882 0.0606 0.6124
vn 0.7886 0.0593 0.6121
vn -0.7320 0.0563 -0.6790
vn 0.7602 0.0825 0.6444
vn 0.7606 0.0827 0.6439
vn -0.7282 0.0552 -0.6831
vn -0.7252 0.0585 -0.6860
vn 0.7415 0.0697 0.6673
vn 0.7272 -0.0685 0.6830
vn -0.7272 0.0685 -0.6830
vn -0.0249 -0.9970 -0.0735
vn 0.0249 0.9970 0.0736
vn 0.6775 0.1902 -0.7105
vn 0.6828 0.1311 -0.7188
vn 0.1076 0.9941 -0.0148
vn 0.3267 0.9095 -0.2572
vn 0.3214 0.9130 -0.2512
vn 0.1067 0.9942 -0.0138
vn 0.5480 0.6551 -0.5201
vn 0.5416 0.6666 -0.5121
vn 0.6483 0.3780 -0.6609
vn 0.6462 0.3878 -0.6573
vn -0.6872 -0.0380 0.7255
vn -0.6829 -0.1330 0.7183
vn -0.6774 -0.1891 0.7109
vn -0.1074 -0.9941 0.0150
vn -0.1050 -0.9944 0.0124
vn -0.3141 -0.9176 0.2437
vn -0.3318 -0.9057 0.2638
vn -0.5350 -0.6783 0.5038
vn -0.5562 -0.6398 0.5303
vn -0.6447 -0.3930 0.6556
vn -0.6488 -0.3736 0.6630
vn -0.4981 -0.6485 -0.5756
vn 0.5141 0.6485 0.5614
vn 0.7109 -0.0622 0.7006
vn 0.7109 -0.0622 0.7005
vn 0.6720 -0.0202 0.7403
vn 0.6713 -0.0192 0.7409
vn -0.7233 0.0644 -0.6875
vn -0.7233 0.0643 -0.6875
vn -0.7260 0.0680 -0.6844
vn 0.6536 0.0521 0.7550
vn 0.6539 0.0534 0.7547
vn -0.7228 0.0568 -0.6887
vn 0.6825 0.0786 0.7266
vn 0.6830 0.0784 0.7262
vn -0.7266 0.0553 -0.6848
vn -0.7267 0.0553 -0.6848
vn -0.7295 0.0583 -0.6815
vn 0.7054 0.0678 0.7056
vn 0.3185 0.3620 -0.8760
vn 0.3175 0.3627 -0.8761
vn 0.6955 0.0458 -0.7171
vn 0.8859 -0.2846 -0.3662
vn 0.8858 -0.2839 -0.3672
vn 0.8378 -0.5397 0.0821
vn 0.8385 -0.5389 0.0802
vn 0.5643 -0.6512 0.5074
vn 0.5661 -0.6510 0.5057
vn 0.1391 -0.5893 0.7958
vn 0.1411 -0.5899 0.7951
vn -0.3237 -0.3710 0.8704
vn -0.3227 -0.3717 0.8705
vn -0.7006 -0.0548 0.7115
vn -0.8909 0.2749 0.3616
vn -0.8911 0.2756 0.3606
vn -0.8437 0.5299 -0.0858
vn -0.8430 0.5307 -0.0877
vn -0.5713 0.6421 -0.5113
vn -0.5695 0.6422 -0.5130
vn -0.8404 0.5357 -0.0822
vn -0.8397 0.5365 -0.0841
vn -0.5713 0.6421 -0.5112
vn -0.8852 0.2849 0.3679
vn -0.8853 0.2856 0.3669
vn -0.6940 -0.0432 0.7187
vn -0.3179 -0.3610 0.8767
vn -0.3169 -0.3617 0.8768
vn 0.1425 -0.5835 0.7995
vn 0.1444 -0.5842 0.7987
vn 0.5643 -0.6512 0.5075
vn 0.5661 -0.6511 0.5057
vn 0.8344 -0.5455 0.0785
vn 0.8351 -0.5447 0.0766
vn 0.8801 -0.2946 -0.3724
vn 0.8799 -0.2939 -0.3734
vn 0.6887 0.0343 -0.7242
vn 0.3117 0.3527 -0.8823
vn 0.3127 0.3520 -0.8822
vn -0.1496 0.5752 -0.8042
vn -0.1477 0.5745 -0.8050
vn -0.1444 0.5804 -0.8015
vn -0.1463 0.5810 -0.8007
vt 0.818837 0.537521
vt 0.816650 0.533982
vt 0.816986 0.533751
vt 0.819691 0.537019
vt 0.029650 0.025265
vt 0.028865 0.013533
vt 0.044757 0.013235
vt 0.045005 0.024522
vt 0.813006 0.541888
vt 0.812539 0.538546
vt 0.853392 0.696386
vt 0.841191 0.700779
vt 0.828418 0.697263
vt 0.849262 0.689518
vt 0.830757 0.548992
vt 0.815817 0.557340
vt 0.865273 0.693084
vt 0.859105 0.694167
vt 0.858108 0.686404
vt 0.863829 0.685332
vt 0.835561 0.549846
vt 0.831288 0.548704
vt 0.834948 0.548977
vt 0.836997 0.547976
vt 0.847976 0.545742
vt 0.848818 0.547145
vt 0.836743 0.549560
vt 0.863789 0.697371
vt 0.859608 0.698083
vt 0.656326 0.402422
vt 0.652329 0.400244
vt 0.652338 0.395120
vt 0.656337 0.394938
vt 0.052159 0.010862
vt 0.052159 0.026736
vt 0.875523 0.683038
vt 0.855852 0.646486
vt 0.868113 0.644060
vt 0.851605 0.647245
vt 0.824734 0.656925
vt 0.844083 0.649927
vt 0.028933 0.011620
vt 0.855522 0.699804
vt 0.029939 0.008043
vt 0.045988 0.001953
vt 0.050439 0.003011
vt 0.193062 0.003572
vt 0.193058 0.021526
vt 0.185852 0.019729
vt 0.185856 0.005365
vt 0.861772 0.530051
vt 0.860790 0.529871
vt 0.862113 0.526004
vt 0.862508 0.526104
vt 0.867939 0.529072
vt 0.868867 0.532293
vt 0.889363 0.689283
vt 0.890597 0.681362
vt 0.912813 0.680596
vt 0.902313 0.688718
vt 0.854169 0.544417
vt 0.871103 0.546953
vt 0.877114 0.690734
vt 0.881224 0.681849
vt 0.883235 0.689401
vt 0.850021 0.546970
vt 0.850272 0.545933
vt 0.853567 0.544329
vt 0.880106 0.694139
vt 0.884247 0.693215
vt 0.652338 0.421704
vt 0.652329 0.416580
vt 0.656326 0.414403
vt 0.656337 0.421887
vt 0.872330 0.643155
vt 0.900970 0.641850
vt 0.880314 0.642787
vt 0.029777 0.027159
vt 0.888680 0.693259
vt 0.046627 0.035800
vt 0.030905 0.030641
vt 0.050934 0.034616
vt 0.193136 0.003170
vt 0.199149 0.001953
vt 0.199149 0.023145
vt 0.193136 0.021927
vt 0.664574 0.393390
vt 0.671103 0.392237
vt 0.671103 0.424588
vt 0.664574 0.423435
vt 0.684109 0.389939
vt 0.684109 0.426885
vt 0.791375 0.698827
vt 0.791641 0.658491
vt 0.792243 0.559131
vt 0.791391 0.543746
vt 0.791375 0.540264
vt 0.375201 0.065982
vt 0.374891 0.061785
vt 0.379166 0.060757
vt 0.379283 0.065880
vt 0.375201 0.086769
vt 0.374237 0.082366
vt 0.379933 0.082366
vt 0.379282 0.086871
vt 0.374237 0.070385
vt 0.379933 0.070385
vt 0.374891 0.090966
vt 0.379166 0.091994
vt 0.847621 0.702528
vt 0.897018 0.692777
vt 0.123599 0.125654
vt 0.120316 0.115333
vt 0.144303 0.111795
vt 0.144686 0.122294
vt 0.067740 0.060088
vt 0.077773 0.095439
vt 0.073335 0.096969
vt 0.063097 0.061034
vt 0.120827 0.127508
vt 0.115903 0.116791
vt 0.087744 0.121536
vt 0.094701 0.130927
vt 0.093603 0.135354
vt 0.083830 0.124300
vt 0.107679 0.060047
vt 0.100957 0.059538
vt 0.102606 0.046765
vt 0.107873 0.046978
vt 0.064945 0.047458
vt 0.100784 0.024458
vt 0.104836 0.025203
vt 0.064330 0.029831
vt 0.079172 0.017178
vt 0.139784 0.055144
vt 0.136148 0.043040
vt 0.148985 0.111568
vt 0.147844 0.123040
vt 0.664946 0.907100
vt 0.647633 0.909010
vt 0.643301 0.882527
vt 0.662881 0.880204
vt 0.141183 0.041311
vt 0.146194 0.052838
vt 0.178641 0.044390
vt 0.178095 0.031689
vt 0.133750 0.021700
vt 0.137521 0.019881
vt 0.173797 0.014539
vt 0.156040 0.006403
vt 0.667413 0.934895
vt 0.666651 0.926121
vt 0.667699 0.925954
vt 0.668444 0.935104
vt 0.688236 0.927172
vt 0.687973 0.918959
vt 0.660416 0.870033
vt 0.661453 0.869581
vt 0.664390 0.879204
vt 0.687223 0.874309
vt 0.687822 0.865297
vt 0.659372 0.853413
vt 0.660076 0.852768
vt 0.688236 0.853018
vt 0.675614 0.843704
vt 0.643176 0.872353
vt 0.624013 0.907267
vt 0.618245 0.882883
vt 0.641593 0.881967
vt 0.646449 0.909086
vt 0.651357 0.936722
vt 0.650398 0.937160
vt 0.649118 0.928090
vt 0.650178 0.928017
vt 0.629406 0.933832
vt 0.627894 0.925788
vt 0.642048 0.872170
vt 0.615429 0.874460
vt 0.639083 0.855894
vt 0.639918 0.856350
vt 0.611961 0.862723
vt 0.621843 0.850663
vt 0.123481 0.131374
vt 0.121771 0.131962
vt 0.077989 0.012779
vt 0.102184 0.019527
vt 0.109059 0.024280
vt 0.104033 0.019550
vt 0.107020 0.018317
vt 0.060263 0.047451
vt 0.060304 0.027759
vt 0.145949 0.127579
vt 0.129956 0.015675
vt 0.129297 0.021528
vt 0.148389 0.127659
vt 0.135089 0.015579
vt 0.155687 0.001953
vt 0.133353 0.015962
vt 0.173123 0.118500
vt 0.176374 0.107551
vt 0.177009 0.011230
vt 0.182732 0.030423
vt 0.175925 0.122006
vt 0.183387 0.044118
vt 0.178637 0.080266
vt 0.148232 0.087397
vt 0.641769 0.856226
vt 0.657614 0.853867
vt 0.687398 0.899766
vt 0.666118 0.906896
vt 0.180769 0.108877
vt 0.183387 0.080575
vt 0.142618 0.087923
vt 0.108596 0.093979
vt 0.114195 0.092875
vt 0.230913 0.610664
vt 0.229951 0.666081
vt 0.211532 0.666026
vt 0.211612 0.609718
vt 0.256297 0.554245
vt 0.274145 0.554808
vt 0.273423 0.577708
vt 0.255574 0.577144
vt 0.279886 0.554699
vt 0.283540 0.554441
vt 0.293863 0.549281
vt 0.298763 0.590774
vt 0.279120 0.578964
vt 0.272385 0.610568
vt 0.254537 0.610005
vt 0.297394 0.612426
vt 0.278073 0.612152
vt 0.298382 0.544778
vt 0.316663 0.573719
vt 0.319605 0.527173
vt 0.305077 0.529616
vt 0.306367 0.519396
vt 0.320410 0.514446
vt 0.302495 0.538499
vt 0.724592 0.745867
vt 0.721970 0.703796
vt 0.735950 0.703063
vt 0.738250 0.745795
vt 0.237726 0.576581
vt 0.238449 0.553681
vt 0.232727 0.553211
vt 0.231961 0.577475
vt 0.211612 0.587830
vt 0.219120 0.546922
vt 0.229097 0.552722
vt 0.236689 0.609441
vt 0.214894 0.542142
vt 0.194823 0.523234
vt 0.194823 0.510481
vt 0.208525 0.516307
vt 0.209168 0.526589
vt 0.194823 0.569872
vt 0.211185 0.535616
vt 0.682986 0.747400
vt 0.682814 0.704607
vt 0.696812 0.704529
vt 0.696625 0.746681
vt 0.711874 0.789737
vt 0.711365 0.772330
vt 0.724148 0.771961
vt 0.724624 0.789371
vt 0.726360 0.789543
vt 0.725930 0.771091
vt 0.739161 0.762249
vt 0.735283 0.793752
vt 0.727459 0.789797
vt 0.710640 0.747356
vt 0.723345 0.746978
vt 0.738702 0.797191
vt 0.752702 0.775269
vt 0.754767 0.810648
vt 0.755332 0.820323
vt 0.744677 0.816510
vt 0.743734 0.808738
vt 0.741805 0.801978
vt 0.760246 0.661722
vt 0.752568 0.605939
vt 0.756499 0.605398
vt 0.764177 0.661181
vt 0.699124 0.790111
vt 0.698582 0.772707
vt 0.697401 0.790384
vt 0.696319 0.790702
vt 0.688736 0.795111
vt 0.683030 0.764026
vt 0.696751 0.771942
vt 0.697935 0.747718
vt 0.685524 0.798743
vt 0.670270 0.813113
vt 0.681173 0.810564
vt 0.680684 0.818377
vt 0.670270 0.822805
vt 0.670270 0.777671
vt 0.682705 0.803703
vt 0.767135 0.682674
vt 0.763204 0.683215
vt 0.746631 0.532216
vt 0.753988 0.587151
vt 0.750057 0.587692
vt 0.742036 0.532812
vt 0.937292 0.548351
vt 0.930438 0.492461
vt 0.934377 0.491978
vt 0.941230 0.547868
vt 0.782725 0.832456
vt 0.765060 0.835062
vt 0.764480 0.831137
vt 0.781098 0.828689
vt 0.786766 0.825312
vt 0.787265 0.828940
vt 0.782953 0.827334
vt 0.782834 0.825853
vt 0.785192 0.813879
vt 0.781261 0.814420
vt 0.784322 0.807559
vt 0.780391 0.808100
vt 0.776865 0.753370
vt 0.778603 0.766004
vt 0.774672 0.766545
vt 0.772933 0.753911
vt 0.780633 0.780754
vt 0.776702 0.781295
vt 0.940275 0.405392
vt 0.955748 0.396478
vt 0.956751 0.400459
vt 0.942256 0.408830
vt 0.961652 0.396388
vt 0.958927 0.400137
vt 0.782038 0.790959
vt 0.778107 0.791500
vt 0.783299 0.800123
vt 0.779368 0.800664
vt 0.770506 0.707167
vt 0.766575 0.707708
vt 0.926045 0.418568
vt 0.932135 0.473695
vt 0.928196 0.474178
vt 0.921450 0.419165
vt 0.939956 0.570076
vt 0.943894 0.569593
vt 0.747394 0.837669
vt 0.747864 0.833592
vt 0.957894 0.716486
vt 0.957464 0.712849
vt 0.961403 0.712366
vt 0.961652 0.713831
vt 0.956059 0.701394
vt 0.959998 0.700911
vt 0.955283 0.695061
vt 0.954369 0.687611
vt 0.958308 0.687128
vt 0.959221 0.694578
vt 0.950177 0.653426
vt 0.948625 0.640769
vt 0.952563 0.640286
vt 0.954116 0.652943
vt 0.951989 0.668205
vt 0.955928 0.667722
vt 0.924802 0.414306
vt 0.927744 0.417170
vt 0.742036 0.835605
vt 0.745700 0.832822
vt 0.953243 0.678430
vt 0.957182 0.677947
vt 0.942948 0.594477
vt 0.946887 0.593994
vt 0.713229 0.844287
vt 0.713110 0.835576
vt 0.723672 0.835513
vt 0.723805 0.844162
vt 0.859422 0.007863
vt 0.854176 0.014768
vt 0.837309 0.001953
vt 0.854976 0.004485
vt 0.724164 0.867589
vt 0.724359 0.880831
vt 0.713764 0.880986
vt 0.713569 0.867742
vt 0.713309 0.849883
vt 0.723895 0.849740
vt 0.703541 0.906592
vt 0.714137 0.906437
vt 0.714269 0.915417
vt 0.703673 0.915572
vt 0.724865 0.915261
vt 0.724996 0.924183
vt 0.714400 0.924339
vt 0.827455 0.024060
vt 0.841795 0.035036
vt 0.840875 0.041155
vt 0.833728 0.035724
vt 0.830515 0.032138
vt 0.828434 0.027796
vt 0.725172 0.936199
vt 0.714576 0.936354
vt 0.847314 0.033710
vt 0.859422 0.042910
vt 0.847976 0.046550
vt 0.846167 0.025309
vt 0.829300 0.012493
vt 0.713938 0.892899
vt 0.724535 0.892782
vt 0.724591 0.896647
vt 0.713996 0.896803
vt 0.038033 0.168354
vt 0.039013 0.164618
vt 0.041093 0.160275
vt 0.044307 0.156689
vt 0.051454 0.151259
vt 0.052374 0.157377
vt 0.702651 0.844471
vt 0.702536 0.835838
vt 0.070001 0.184550
vt 0.065554 0.187929
vt 0.047888 0.190460
vt 0.064754 0.177645
vt 0.702975 0.867899
vt 0.703168 0.881142
vt 0.058555 0.145863
vt 0.070001 0.149503
vt 0.057892 0.158704
vt 0.702723 0.850048
vt 0.703804 0.924494
vt 0.039879 0.179920
vt 0.056746 0.167105
vt 0.703980 0.936510
vt 0.703400 0.896958
vt 0.703343 0.893093
vt 0.708162 0.816733
vt 0.701319 0.811933
vt 0.698563 0.797164
vt 0.708959 0.795395
vt 0.712901 0.816258
vt 0.293923 0.668628
vt 0.275537 0.667520
vt 0.778971 0.845762
vt 0.777138 0.839088
vt 0.783570 0.836949
vt 0.784785 0.844237
vt 0.785972 0.872887
vt 0.785930 0.865769
vt 0.799289 0.865151
vt 0.799315 0.872419
vt 0.994094 0.630358
vt 0.991507 0.633837
vt 0.981640 0.627135
vt 0.984833 0.622840
vt 0.780274 0.936176
vt 0.786023 0.937043
vt 0.785379 0.944238
vt 0.779578 0.942840
vt 0.780495 0.929376
vt 0.786247 0.929863
vt 0.780510 0.922473
vt 0.786271 0.922710
vt 0.780445 0.915499
vt 0.786217 0.915575
vt 0.780363 0.908481
vt 0.786144 0.908452
vt 0.780291 0.901437
vt 0.786078 0.901335
vt 0.780241 0.894380
vt 0.786030 0.894222
vt 0.780215 0.887323
vt 0.786001 0.887111
vt 0.780207 0.880276
vt 0.785986 0.879999
vt 0.780204 0.873251
vt 0.780176 0.866261
vt 0.780062 0.859325
vt 0.785804 0.858638
vt 0.779742 0.852471
vt 0.785486 0.851476
vt 0.799420 0.901213
vt 0.799446 0.908414
vt 0.774202 0.947057
vt 0.775832 0.941657
vt 0.777756 0.949398
vt 0.217250 0.214856
vt 0.218909 0.210851
vt 0.221975 0.207785
vt 0.225980 0.206126
vt 0.230315 0.206126
vt 0.234320 0.207785
vt 0.237386 0.210851
vt 0.239045 0.214856
vt 0.239045 0.219192
vt 0.237386 0.223197
vt 0.234320 0.226262
vt 0.230315 0.227921
vt 0.225980 0.227921
vt 0.221974 0.226262
vt 0.218909 0.223197
vt 0.217250 0.219191
vt 0.994094 0.694491
vt 0.984833 0.702009
vt 0.981640 0.697714
vt 0.991507 0.691012
vt 0.989226 0.687325
vt 0.978824 0.693163
vt 0.987268 0.683457
vt 0.976406 0.688388
vt 0.985645 0.679437
vt 0.974404 0.683425
vt 0.984371 0.675293
vt 0.972831 0.678310
vt 0.983454 0.671056
vt 0.971699 0.673079
vt 0.982901 0.666756
vt 0.971017 0.667771
vt 0.982717 0.662425
vt 0.970788 0.662425
vt 0.982901 0.658093
vt 0.971017 0.657078
vt 0.983454 0.653793
vt 0.971699 0.651770
vt 0.984371 0.649556
vt 0.972831 0.646539
vt 0.985645 0.645412
vt 0.974404 0.641424
vt 0.987268 0.641392
vt 0.976406 0.636461
vt 0.989226 0.637524
vt 0.978824 0.631686
vt 0.784107 0.951370
vt 0.775134 0.847015
vt 0.773433 0.841494
vt 0.775885 0.853227
vt 0.776198 0.859793
vt 0.776309 0.866558
vt 0.776337 0.873444
vt 0.776339 0.880403
vt 0.776346 0.887404
vt 0.776373 0.894424
vt 0.776424 0.901442
vt 0.776498 0.908439
vt 0.776583 0.915389
vt 0.776651 0.922256
vt 0.776644 0.928987
vt 0.776448 0.935501
vt 0.799526 0.930309
vt 0.799553 0.937775
vt 0.799394 0.894027
vt 0.799499 0.922941
vt 0.799262 0.857830
vt 0.799368 0.886843
vt 0.799181 0.835767
vt 0.799208 0.843080
vt 0.799472 0.915650
vt 0.799235 0.850461
vt 0.799580 0.945343
vt 0.799608 0.953003
vt 0.799342 0.879645
vt 0.819463 0.845614
vt 0.813638 0.844131
vt 0.814800 0.836834
vt 0.821248 0.838926
vt 0.812662 0.872789
vt 0.812652 0.865671
vt 0.061141 0.948958
vt 0.051880 0.956475
vt 0.048687 0.952180
vt 0.058555 0.945478
vt 0.818819 0.936036
vt 0.819563 0.942695
vt 0.813773 0.944135
vt 0.813077 0.936945
vt 0.818549 0.929238
vt 0.812800 0.929767
vt 0.818484 0.922335
vt 0.812724 0.922614
vt 0.818498 0.915361
vt 0.812727 0.915479
vt 0.818529 0.908342
vt 0.812748 0.908355
vt 0.818550 0.901298
vt 0.812762 0.901238
vt 0.818549 0.894241
vt 0.812759 0.894125
vt 0.818524 0.887184
vt 0.812736 0.887013
vt 0.818480 0.880137
vt 0.812699 0.879902
vt 0.818432 0.873111
vt 0.818409 0.866121
vt 0.818472 0.859184
vt 0.812726 0.858540
vt 0.818742 0.852328
vt 0.812991 0.851375
vt 0.824970 0.946873
vt 0.821433 0.949239
vt 0.823301 0.941485
vt 0.396032 0.010683
vt 0.396032 0.015018
vt 0.394373 0.019024
vt 0.391308 0.022089
vt 0.387302 0.023748
vt 0.382967 0.023748
vt 0.378962 0.022089
vt 0.375896 0.019024
vt 0.374237 0.015018
vt 0.374237 0.010683
vt 0.375896 0.006678
vt 0.378962 0.003612
vt 0.382967 0.001953
vt 0.387302 0.001953
vt 0.391308 0.003612
vt 0.394373 0.006678
vt 0.061141 0.884825
vt 0.058555 0.888304
vt 0.048687 0.881602
vt 0.051880 0.877307
vt 0.056274 0.891991
vt 0.045872 0.886153
vt 0.054315 0.895858
vt 0.043454 0.890927
vt 0.052693 0.899879
vt 0.041451 0.895890
vt 0.051418 0.904023
vt 0.039878 0.901006
vt 0.050502 0.908260
vt 0.038746 0.906236
vt 0.049949 0.912560
vt 0.038064 0.911544
vt 0.049764 0.916891
vt 0.037836 0.916891
vt 0.049949 0.921223
vt 0.038064 0.922238
vt 0.050502 0.925523
vt 0.038746 0.927546
vt 0.051418 0.929760
vt 0.039878 0.932777
vt 0.052693 0.933904
vt 0.041451 0.937892
vt 0.054315 0.937924
vt 0.043454 0.942855
vt 0.056274 0.941792
vt 0.045872 0.947629
vt 0.815097 0.951257
vt 0.823310 0.846838
vt 0.824970 0.841305
vt 0.822604 0.853055
vt 0.822340 0.859623
vt 0.822278 0.866390
vt 0.822301 0.873277
vt 0.822350 0.880236
vt 0.822393 0.887237
vt 0.822417 0.894256
vt 0.822417 0.901275
vt 0.822394 0.908273
vt 0.822360 0.915223
vt 0.822341 0.922090
vt 0.822397 0.928821
vt 0.822640 0.935334
vt 0.827257 0.017858
vt 0.843384 0.030135
vt 0.713848 0.886720
vt 0.724443 0.886575
vt 0.037836 0.174555
vt 0.053963 0.162278
vt 0.703252 0.886886
vt 0.722145 0.808136
vt 0.717603 0.815776
vt 0.719077 0.793289
vt 0.724733 0.906281
vt 0.714066 0.901620
vt 0.724662 0.901464
vt 0.703470 0.901775
vt 0.587619 0.977930
vt 0.580563 0.972737
vt 0.597178 0.955484
vt 0.608670 0.956069
vt 0.600771 0.925464
vt 0.608877 0.925464
vt 0.608870 0.928277
vt 0.600677 0.928280
vt 0.608854 0.931235
vt 0.600420 0.931245
vt 0.608833 0.934048
vt 0.600072 0.934061
vt 0.920478 0.628510
vt 0.899261 0.607257
vt 0.910743 0.606360
vt 0.926734 0.622486
vt 0.907128 0.583457
vt 0.907225 0.584492
vt 0.899031 0.584534
vt 0.899023 0.583464
vt 0.907488 0.585185
vt 0.899054 0.585255
vt 0.907860 0.586277
vt 0.899097 0.586319
vt 0.914889 0.849039
vt 0.912397 0.879285
vt 0.907258 0.878264
vt 0.909735 0.848335
vt 0.501843 0.428187
vt 0.499827 0.404320
vt 0.505076 0.404752
vt 0.507020 0.427379
vt 0.514923 0.453541
vt 0.512160 0.452989
vt 0.514314 0.448132
vt 0.515336 0.448326
vt 0.902499 0.904616
vt 0.899741 0.905172
vt 0.899330 0.899956
vt 0.900379 0.899744
vt 0.509737 0.451262
vt 0.513699 0.447718
vt 0.904898 0.902886
vt 0.900961 0.899318
vt 0.508289 0.448821
vt 0.513089 0.446739
vt 0.906298 0.900446
vt 0.901486 0.898392
vt 0.521251 0.453275
vt 0.521033 0.448086
vt 0.893412 0.904912
vt 0.893626 0.899722
vt 0.899023 0.577754
vt 0.907128 0.577754
vt 0.600771 0.919130
vt 0.608877 0.919130
vt 0.587619 0.860329
vt 0.608670 0.882190
vt 0.597178 0.882776
vt 0.580563 0.865523
vt 0.600771 0.912795
vt 0.600677 0.909979
vt 0.608870 0.909983
vt 0.608877 0.912795
vt 0.600421 0.907015
vt 0.608854 0.907025
vt 0.600072 0.904198
vt 0.608833 0.904212
vt 0.920478 0.526998
vt 0.926734 0.533022
vt 0.910743 0.549149
vt 0.899261 0.548252
vt 0.907128 0.572052
vt 0.899023 0.572045
vt 0.899031 0.570975
vt 0.907225 0.571017
vt 0.899054 0.570254
vt 0.907488 0.570324
vt 0.899097 0.569190
vt 0.907860 0.569232
vt 0.876596 0.847464
vt 0.881790 0.847186
vt 0.881801 0.877217
vt 0.876596 0.877813
vt 0.538478 0.426642
vt 0.533252 0.426273
vt 0.533284 0.403562
vt 0.538478 0.402690
vt 0.527580 0.453008
vt 0.526730 0.447845
vt 0.527731 0.447566
vt 0.530287 0.452225
vt 0.884381 0.903871
vt 0.886894 0.899189
vt 0.887921 0.899487
vt 0.887083 0.904651
vt 0.528309 0.447102
vt 0.532556 0.450299
vt 0.882131 0.901950
vt 0.886348 0.898717
vt 0.528835 0.446075
vt 0.533793 0.447745
vt 0.880937 0.899403
vt 0.885901 0.897751
vt 0.270360 0.997610
vt 0.268003 0.804464
vt 0.270984 0.804438
vt 0.272752 0.997589
vt 0.273965 0.804410
vt 0.275144 0.997567
vt 0.276946 0.804380
vt 0.277535 0.997543
vt 0.279927 0.804354
vt 0.279927 0.997522
vt 0.251231 0.998047
vt 0.244162 0.805008
vt 0.247140 0.804882
vt 0.253620 0.997945
vt 0.250120 0.804771
vt 0.256011 0.997856
vt 0.253099 0.804678
vt 0.258401 0.997782
vt 0.256080 0.804607
vt 0.260793 0.997725
vt 0.259060 0.804555
vt 0.263184 0.997683
vt 0.262041 0.804518
vt 0.265576 0.997653
vt 0.020977 0.691201
vt 0.016853 0.498081
vt 0.019833 0.498000
vt 0.023368 0.691136
vt 0.018586 0.691268
vt 0.013873 0.498165
vt 0.016195 0.691335
vt 0.010893 0.498248
vt 0.013804 0.691399
vt 0.007913 0.498329
vt 0.011413 0.691463
vt 0.004933 0.498408
vt 0.009022 0.691530
vt 0.001953 0.498491
vt 0.035326 0.690991
vt 0.034737 0.497819
vt 0.037718 0.497837
vt 0.037718 0.691004
vt 0.032935 0.690989
vt 0.031756 0.497817
vt 0.030543 0.691002
vt 0.028775 0.497834
vt 0.028151 0.691032
vt 0.025794 0.497872
vt 0.025759 0.691078
vt 0.022814 0.497928
vt 0.267968 0.997630
vt 0.265022 0.804489
vt 0.848649 0.151681
vt 0.845116 0.245469
vt 0.842139 0.245303
vt 0.846261 0.151547
vt 0.839163 0.245130
vt 0.843873 0.151408
vt 0.836187 0.244959
vt 0.841485 0.151271
vt 0.833210 0.244793
vt 0.839097 0.151138
vt 0.830234 0.244630
vt 0.836709 0.151007
vt 0.827257 0.244459
vt 0.834321 0.150870
vt 0.862995 0.151951
vt 0.862995 0.245806
vt 0.860014 0.245842
vt 0.860603 0.151979
vt 0.857033 0.245846
vt 0.858211 0.151983
vt 0.854052 0.245812
vt 0.855820 0.151955
vt 0.851072 0.245734
vt 0.853429 0.151893
vt 0.848093 0.245617
vt 0.851038 0.151799
vt 0.644251 0.388853
vt 0.641860 0.388807
vt 0.644805 0.295007
vt 0.647786 0.295065
vt 0.639468 0.388766
vt 0.641824 0.294955
vt 0.637076 0.388723
vt 0.638844 0.294902
vt 0.634685 0.388676
vt 0.635863 0.294843
vt 0.632294 0.388627
vt 0.632883 0.294782
vt 0.629902 0.388583
vt 0.629902 0.294728
vt 0.658577 0.389664
vt 0.656194 0.389455
vt 0.662670 0.295815
vt 0.665640 0.296075
vt 0.653809 0.389271
vt 0.659698 0.295586
vt 0.651422 0.389119
vt 0.656723 0.295396
vt 0.649033 0.389001
vt 0.653745 0.295249
vt 0.646642 0.388915
vt 0.650766 0.295141
vt 0.013876 0.413765
vt 0.011520 0.295057
vt 0.013912 0.295025
vt 0.016857 0.413725
vt 0.010895 0.413808
vt 0.009128 0.295091
vt 0.007915 0.413854
vt 0.006736 0.295129
vt 0.004934 0.413902
vt 0.004345 0.295167
vt 0.001953 0.413945
vt 0.001953 0.295202
vt 0.034730 0.413086
vt 0.028252 0.294512
vt 0.030639 0.294347
vt 0.037705 0.412880
vt 0.031755 0.413267
vt 0.025865 0.294658
vt 0.028777 0.413417
vt 0.023476 0.294778
vt 0.025799 0.413533
vt 0.021086 0.294871
vt 0.022819 0.413618
vt 0.018695 0.294939
vt 0.019838 0.413679
vt 0.016303 0.294988
vt 0.019838 0.081863
vt 0.016303 0.200553
vt 0.013912 0.200517
vt 0.016857 0.081817
vt 0.011520 0.200484
vt 0.013876 0.081776
vt 0.009128 0.200450
vt 0.010895 0.081734
vt 0.006736 0.200413
vt 0.007915 0.081687
vt 0.004345 0.200374
vt 0.004934 0.081639
vt 0.001953 0.200340
vt 0.001953 0.081596
vt 0.037705 0.082661
vt 0.030639 0.201194
vt 0.028252 0.201029
vt 0.034730 0.082456
vt 0.025865 0.200884
vt 0.031755 0.082274
vt 0.023476 0.200764
vt 0.028777 0.082124
vt 0.021086 0.200670
vt 0.025799 0.082008
vt 0.018695 0.200602
vt 0.022819 0.081923
vt 0.201081 0.813904
vt 0.198967 0.820155
vt 0.190397 0.817975
vt 0.191799 0.810709
vt 0.188632 0.897057
vt 0.188882 0.904259
vt 0.168383 0.905434
vt 0.168421 0.897992
vt 0.322841 0.599156
vt 0.319994 0.602426
vt 0.312710 0.596760
vt 0.316224 0.592723
vt 0.197447 0.833473
vt 0.188953 0.832410
vt 0.189473 0.825187
vt 0.197946 0.826764
vt 0.197207 0.840293
vt 0.188690 0.839620
vt 0.197099 0.847201
vt 0.188569 0.846815
vt 0.197055 0.854173
vt 0.188519 0.853999
vt 0.197036 0.861185
vt 0.188497 0.861177
vt 0.197023 0.868217
vt 0.188484 0.868351
vt 0.197012 0.875252
vt 0.188477 0.875524
vt 0.197010 0.882275
vt 0.188481 0.882696
vt 0.197038 0.889268
vt 0.188520 0.889872
vt 0.197135 0.896213
vt 0.197372 0.903091
vt 0.197875 0.909874
vt 0.189366 0.911495
vt 0.198885 0.916515
vt 0.190210 0.918792
vt 0.200893 0.922880
vt 0.191501 0.926208
vt 0.168568 0.868465
vt 0.168604 0.861105
vt 0.202712 0.821557
vt 0.201812 0.827599
vt 0.003612 0.072287
vt 0.001953 0.068282
vt 0.001953 0.063946
vt 0.003612 0.059941
vt 0.006678 0.056875
vt 0.010683 0.055216
vt 0.015018 0.055216
vt 0.019024 0.056875
vt 0.022089 0.059941
vt 0.023748 0.063946
vt 0.023748 0.068281
vt 0.022089 0.072287
vt 0.019024 0.075352
vt 0.015018 0.077011
vt 0.010683 0.077011
vt 0.006678 0.075352
vt 0.320160 0.589097
vt 0.326029 0.596219
vt 0.322841 0.654037
vt 0.326029 0.656974
vt 0.320160 0.664096
vt 0.316224 0.660470
vt 0.319994 0.650767
vt 0.312710 0.656433
vt 0.317525 0.647203
vt 0.309662 0.652035
vt 0.315462 0.643390
vt 0.307116 0.647327
vt 0.313832 0.639373
vt 0.305102 0.642369
vt 0.312652 0.635201
vt 0.303647 0.637219
vt 0.311939 0.630925
vt 0.302766 0.631940
vt 0.311700 0.626596
vt 0.302472 0.626596
vt 0.311939 0.622268
vt 0.302766 0.621253
vt 0.312652 0.617991
vt 0.303647 0.615974
vt 0.313832 0.613819
vt 0.305102 0.610824
vt 0.315462 0.609803
vt 0.307116 0.605865
vt 0.317525 0.605989
vt 0.309662 0.601158
vt 0.204591 0.816374
vt 0.202730 0.915094
vt 0.204591 0.920393
vt 0.201787 0.909010
vt 0.201306 0.902544
vt 0.201075 0.895863
vt 0.200979 0.889047
vt 0.200951 0.882145
vt 0.200953 0.875192
vt 0.200963 0.868217
vt 0.200974 0.861244
vt 0.200992 0.854302
vt 0.201034 0.847420
vt 0.201136 0.840639
vt 0.201359 0.834007
vt 0.168714 0.838848
vt 0.168751 0.831328
vt 0.168531 0.875822
vt 0.168678 0.846311
vt 0.168346 0.912890
vt 0.168494 0.883189
vt 0.168826 0.816132
vt 0.168864 0.808496
vt 0.168641 0.853725
vt 0.168309 0.920327
vt 0.168789 0.823751
vt 0.168458 0.890576
vt 0.168272 0.927699
vt 0.136595 0.813586
vt 0.145908 0.810483
vt 0.147238 0.817763
vt 0.138647 0.819858
vt 0.148219 0.896855
vt 0.147898 0.904054
vt 0.313870 0.943406
vt 0.307253 0.949839
vt 0.303739 0.945802
vt 0.311024 0.940135
vt 0.140036 0.833190
vt 0.139603 0.826476
vt 0.148091 0.824983
vt 0.148541 0.832211
vt 0.140209 0.840011
vt 0.148732 0.839422
vt 0.140249 0.846920
vt 0.148782 0.846618
vt 0.140224 0.853891
vt 0.148762 0.853802
vt 0.140173 0.860903
vt 0.148712 0.860980
vt 0.140116 0.867934
vt 0.148653 0.868153
vt 0.140057 0.874969
vt 0.148590 0.875326
vt 0.139989 0.881991
vt 0.148513 0.882498
vt 0.139892 0.888983
vt 0.148403 0.889673
vt 0.139725 0.895927
vt 0.139419 0.902802
vt 0.138849 0.909580
vt 0.147341 0.911285
vt 0.137772 0.916211
vt 0.146425 0.918573
vt 0.135701 0.922555
vt 0.145060 0.925976
vt 0.134889 0.821223
vt 0.135729 0.827274
vt 0.138708 0.152934
vt 0.135643 0.155999
vt 0.131637 0.157658
vt 0.127302 0.157658
vt 0.123297 0.155999
vt 0.120231 0.152934
vt 0.118572 0.148929
vt 0.118572 0.144593
vt 0.120231 0.140588
vt 0.123297 0.137522
vt 0.127302 0.135863
vt 0.131637 0.135863
vt 0.135643 0.137522
vt 0.138708 0.140588
vt 0.140367 0.144593
vt 0.140367 0.148929
vt 0.317059 0.946343
vt 0.311189 0.953465
vt 0.313870 0.888525
vt 0.307253 0.882092
vt 0.311189 0.878466
vt 0.317059 0.885588
vt 0.311024 0.891795
vt 0.303739 0.886128
vt 0.308554 0.895358
vt 0.300691 0.890527
vt 0.306492 0.899171
vt 0.298145 0.895234
vt 0.304861 0.903188
vt 0.296132 0.900193
vt 0.303682 0.907360
vt 0.294676 0.905343
vt 0.302968 0.911636
vt 0.293795 0.910622
vt 0.302730 0.915965
vt 0.293501 0.915965
vt 0.302968 0.920294
vt 0.293796 0.921309
vt 0.303682 0.924570
vt 0.294676 0.926588
vt 0.304861 0.928742
vt 0.296132 0.931737
vt 0.306492 0.932759
vt 0.298145 0.936696
vt 0.308554 0.936572
vt 0.300691 0.941403
vt 0.133060 0.816022
vt 0.133942 0.914751
vt 0.132028 0.920031
vt 0.134946 0.908677
vt 0.135491 0.902216
vt 0.135789 0.895537
vt 0.135953 0.888723
vt 0.136049 0.881822
vt 0.136118 0.874870
vt 0.136177 0.867895
vt 0.136235 0.860923
vt 0.136286 0.853981
vt 0.136312 0.847100
vt 0.136277 0.840318
vt 0.136119 0.833686
s 1
usemtl MI_Enemies
f 1849/1431/1992 1847/1432/1992 1856/1433/1992 1842/1434/1992
f 1870/1435/1993 1839/1436/1993 1851/1437/1993 1882/1438/1993
f 1849/1431/1994 1835/1439/1994 1833/1440/1994 1847/1432/1994
f 1850/1441/1994 1838/1442/1994 1834/1443/1995 1848/1444/1994
f 1853/1445/1996 1844/1446/1995 1835/1439/1994 1849/1431/1994
f 1836/1447/1997 1837/1448/1998 1831/1449/1999 1840/1450/1999
f 1843/1451/2000 1853/1445/2000 1855/1452/2000 1854/1453/2000
f 1839/1454/2001 1870/1455/2001 1876/1456/2001 1845/1457/2001
f 1841/1458/2002 1832/1459/2002 1837/1448/1998 1836/1447/1997
f 1894/1460/2003 1895/1461/2003 1877/1462/2003 1881/1463/2003
f 1851/1437/2004 1852/1464/2004 1883/1465/2004 1882/1438/2004
f 1871/1466/2005 1840/1450/2005 1857/1467/2006 1888/1468/2007
f 1859/1469/2008 1843/1451/2008 1845/1457/2009 1857/1467/2006
f 1860/1470/2010 1844/1446/1995 1853/1445/1996 1858/1471/1994
f 1839/1436/2011 1854/1472/2011 1851/1437/2011
f 1832/1459/1994 1846/1473/1994 1850/1441/1994 1837/1448/1994
f 1845/1457/2012 1843/1451/2012 1854/1453/2012 1839/1454/2012
f 1837/1448/1994 1850/1441/1994 1848/1444/1994 1831/1449/2013
f 1854/1472/2014 1855/1474/2014 1842/1475/2014 1851/1437/2014
f 1851/1437/2015 1842/1475/2015 1856/1476/2015 1852/1464/2015
f 1888/1468/2007 1857/1467/2006 1845/1457/2009 1876/1456/2016
f 1853/1445/2017 1849/1431/2017 1842/1434/2017 1855/1452/2017
f 1858/1471/1994 1853/1445/1996 1843/1451/2018 1859/1469/2018
f 1848/1444/1994 1858/1471/1994 1859/1469/2018 1831/1449/2013
f 1834/1443/1995 1860/1470/2010 1858/1471/1994 1848/1444/1994
f 1831/1449/2019 1859/1469/2019 1857/1467/2019 1840/1450/2019
f 1856/1477/2020 1887/1478/2021 1883/1479/2022 1852/1480/2022
f 1880/1481/2023 1873/1482/2023 1887/1483/2023 1878/1484/2023
f 1880/1481/2024 1878/1484/2024 1864/1485/2024 1866/1486/2024
f 1881/1487/2024 1879/1488/2024 1865/1489/2025 1869/1490/2024
f 1884/1491/2024 1880/1481/2024 1866/1486/2024 1875/1492/2026
f 1867/1493/2027 1871/1466/2028 1862/1494/2028 1868/1495/2029
f 1874/1496/2030 1885/1497/2030 1886/1498/2030 1884/1491/2030
f 1872/1499/2031 1867/1493/2027 1868/1495/2029 1863/1500/2031
f 1846/1501/2032 1893/1502/2032 1892/1503/2032 1850/1504/2032
f 1890/1505/2033 1888/1468/2007 1876/1456/2016 1874/1496/2033
f 1891/1506/2034 1889/1507/2024 1884/1491/2024 1875/1492/2026
f 1870/1435/2035 1882/1438/2035 1885/1508/2035
f 1863/1500/2024 1868/1495/2024 1881/1487/2024 1877/1509/2024
f 1876/1456/2036 1870/1455/2036 1885/1497/2036 1874/1496/2036
f 1868/1495/2024 1862/1494/2037 1879/1488/2024 1881/1487/2024
f 1885/1508/2038 1882/1438/2038 1873/1510/2038 1886/1511/2038
f 1882/1438/2039 1883/1465/2039 1887/1512/2039 1873/1510/2039
f 1884/1491/2040 1886/1498/2040 1873/1482/2040 1880/1481/2040
f 1889/1507/2024 1890/1505/2041 1874/1496/2042 1884/1491/2024
f 1879/1488/2024 1862/1494/2037 1890/1505/2041 1889/1507/2024
f 1865/1489/2025 1879/1488/2024 1889/1507/2024 1891/1506/2034
f 1862/1494/2043 1871/1466/2043 1888/1468/2043 1890/1505/2043
f 1847/1513/2044 1833/1514/2044 1864/1515/2044 1878/1516/2044 1887/1478/2021 1856/1477/2020
f 1861/1517/2045 1869/1518/2045 1838/1519/2045 1830/1520/2045
f 1869/1518/2045 1865/1521/2045 1834/1522/2045 1838/1519/2045
f 1865/1523/2046 1891/1524/2047 1860/1470/2047 1834/1443/2046
f 1891/1524/2047 1875/1525/2048 1844/1446/2048 1860/1470/2047
f 1875/1525/2049 1866/1526/2049 1835/1439/2049 1844/1446/2049
f 1866/1526/2050 1864/1527/2050 1833/1440/2050 1835/1439/2050
f 1867/1493/2051 1836/1447/2051 1840/1450/2051 1871/1466/2051
f 1872/1528/2052 1863/1529/2052 1877/1530/2052 1895/1531/2052
f 1841/1532/2053 1836/1533/2053 1892/1534/2053 1893/1535/2053
f 1867/1536/2054 1872/1528/2054 1895/1531/2054 1894/1537/2054
f 1832/1538/2055 1841/1532/2055 1893/1535/2055 1846/1539/2055
f 1836/1533/2056 1867/1536/2056 1894/1537/2056 1892/1534/2056
f 1830/1520/2057 1892/1503/2058 1894/1460/2059 1861/1517/2060
f 1892/1503/2058 1830/1520/2057 1850/1504/2061
f 1850/1441/1994 1830/1540/1994 1838/1442/1994
f 1861/1541/2024 1881/1487/2024 1869/1490/2024
f 1894/1460/2059 1881/1463/2062 1861/1517/2060
f 1897/1542/2063 1952/1543/2063 1959/1544/2063 1911/1545/2063
f 1903/1546/2064 1954/1547/2065 1967/1548/2065 1931/1549/2066
f 1897/1542/2067 1900/1550/2068 1957/1551/2069 1952/1543/2070
f 1955/1552/2065 1898/1553/2065 1926/1554/2065 1966/1555/2065
f 1902/1556/2071 1904/1557/2072 1907/1558/2073 1905/1559/2074
f 1903/1546/2075 1906/1560/2075 1907/1558/2073 1904/1557/2072
f 1905/1559/2074 1907/1558/2073 1901/1561/2076 1896/1562/2077
f 1909/1563/2075 1908/1564/2075 1901/1561/2076 1907/1558/2073 1906/1560/2075
f 1916/1565/2078 1902/1556/2078 1905/1559/2079 1919/1566/2079
f 1911/1545/2080 1959/1544/2081 1962/1567/2082 1914/1568/2083
f 1964/1569/2084 1971/1570/2084 1944/1571/2085 1930/1572/2085
f 1916/1565/2086 1919/1566/2087 1921/1573/2088 1918/1574/2089
f 1917/1575/2090 1918/1574/2089 1921/1573/2088 1920/1576/2090
f 1919/1566/2087 1910/1577/2091 1915/1578/2092 1921/1573/2088
f 1923/1579/2090 1920/1576/2090 1921/1573/2088 1915/1578/2092 1922/1580/2090
f 1925/1581/2093 1965/1582/2094 1968/1583/2095 1928/1584/2096
f 1926/1585/2097 1928/1584/2096 1968/1583/2095 1966/1586/2098
f 1930/1572/2099 1933/1587/2100 1935/1588/2101 1932/1589/2102
f 1931/1590/2103 1932/1589/2102 1935/1588/2101 1934/1591/2104
f 1933/1587/2100 1924/1592/2105 1929/1593/2106 1935/1588/2101
f 1937/1594/2107 1934/1591/2104 1935/1588/2101 1929/1593/2106 1936/1595/2107
f 1933/1587/2108 1930/1572/2085 1944/1571/2085 1947/1596/2108
f 1972/1597/2109 1945/1598/2110 1946/1599/2111 1974/1600/2112
f 1939/1601/2113 1942/1602/2114 1975/1603/2115 1970/1604/2116
f 1940/1605/2117 1973/1606/2118 1975/1603/2115 1942/1602/2114
f 1944/1571/2119 1946/1599/2111 1949/1607/2120 1947/1596/2121
f 1945/1598/2110 1948/1608/2122 1949/1607/2120 1946/1599/2111
f 1947/1596/2121 1949/1607/2120 1943/1609/2123 1938/1610/2124
f 1951/1611/2125 1950/1612/2125 1943/1609/2123 1949/1607/2120 1948/1608/2122
f 1900/1550/2126 1897/1542/2127 1925/1613/2128 1928/1614/2129
f 1901/1561/2130 1908/1564/2131 1936/1615/2131 1929/1616/2132
f 1899/1617/2133 1896/1562/2134 1924/1618/2135 1927/1619/2136
f 1909/1563/2137 1906/1560/2138 1934/1620/2139 1937/1621/2137
f 1898/1553/2140 1900/1550/2126 1928/1614/2129 1926/1554/2140
f 1906/1560/2138 1903/1546/2064 1931/1549/2066 1934/1620/2139
f 1896/1562/2134 1901/1561/2130 1929/1616/2132 1924/1618/2135
f 1908/1564/2141 1909/1563/2141 1937/1621/2141 1936/1615/2141
f 1897/1542/2127 1911/1545/2142 1939/1622/2143 1925/1613/2128
f 1899/1617/2133 1927/1619/2136 1941/1623/2144 1913/1624/2145
f 1911/1545/2142 1914/1568/2146 1942/1625/2147 1939/1622/2143
f 1922/1580/2148 1915/1578/2149 1943/1626/2150 1950/1627/2148
f 1910/1577/2151 1913/1624/2145 1941/1623/2144 1938/1628/2152
f 1912/1629/2090 1914/1568/2083 1962/1567/2082 1960/1630/2090
f 1920/1576/2153 1923/1579/2154 1951/1631/2154 1948/1632/2153
f 1914/1568/2146 1912/1629/2155 1940/1633/2155 1942/1625/2147
f 1917/1575/2156 1920/1576/2153 1948/1632/2153 1945/1634/2154
f 1915/1578/2149 1910/1577/2151 1938/1628/2152 1943/1626/2150
f 1923/1579/2157 1922/1580/2157 1950/1627/2157 1951/1631/2157
f 1961/1635/2090 1963/1636/2158 1918/1574/2089 1917/1575/2090
f 1898/1553/2075 1955/1552/2075 1957/1551/2069 1900/1550/2068
f 1933/1587/2108 1947/1596/2108 1938/1610/2159 1941/1637/2159 1927/1638/2159 1924/1592/2159
f 1971/1570/2160 1974/1600/2112 1946/1599/2111 1944/1571/2119
f 1970/1604/2084 1965/1582/2084 1925/1581/2084 1939/1601/2084
f 1967/1639/2161 1969/1640/2162 1932/1589/2102 1931/1590/2103
f 1964/1569/2163 1930/1572/2099 1932/1589/2102 1969/1640/2162
f 1912/1629/2164 1960/1630/2164 1973/1641/2164 1940/1633/2164
f 1961/1635/2164 1917/1575/2156 1945/1634/2154 1972/1642/2164
f 1958/1643/2165 1916/1565/2086 1918/1574/2089 1963/1636/2158
f 1954/1547/2075 1903/1546/2075 1904/1557/2072 1956/1644/2166
f 1953/1645/2167 1956/1644/2166 1904/1557/2072 1902/1556/2071
f 1953/1645/2063 1902/1556/2078 1916/1565/2078 1958/1643/2063
f 1961/1635/2164 1972/1642/2164 1973/1641/2164 1960/1630/2164
f 1955/1552/2065 1966/1555/2065 1967/1548/2065 1954/1547/2065
f 1972/1597/2109 1974/1600/2112 1975/1603/2115 1973/1606/2118
f 1974/1600/2112 1971/1570/2160 1970/1604/2116 1975/1603/2115
f 1969/1640/2162 1967/1639/2161 1966/1586/2098 1968/1583/2095
f 1964/1569/2163 1969/1640/2162 1968/1583/2095 1965/1582/2094
f 1970/1604/2084 1971/1570/2084 1964/1569/2084 1965/1582/2084
f 1963/1636/2158 1961/1635/2090 1960/1630/2090 1962/1567/2082
f 1962/1567/2082 1959/1544/2081 1958/1643/2165 1963/1636/2158
f 1954/1547/2075 1956/1644/2166 1957/1551/2069 1955/1552/2075
f 1953/1645/2167 1952/1543/2070 1957/1551/2069 1956/1644/2166
f 1953/1645/2063 1958/1643/2063 1959/1544/2063 1952/1543/2063
f 1899/1617/2168 1913/1624/2168 1910/1577/2168 1919/1566/2079 1905/1559/2079 1896/1562/2168
f 2002/1646/2169 2075/1647/2169 2074/1648/2169 2001/1649/2169
f 1978/1650/2170 1987/1651/2170 1980/1652/2170 1976/1653/2170
f 1988/1654/2171 1989/1655/2171 1990/1656/2171 1979/1657/2171 1981/1658/2171
f 1980/1652/2172 1987/1651/2172 1988/1654/2172 1981/1658/2172
f 1976/1653/2170 1980/1652/2170 1984/1659/2170 1977/1660/2170
f 1979/1657/2171 1985/1661/2171 1986/1662/2171 1981/1658/2171
f 1980/1652/2172 1981/1658/2172 1986/1662/2172 1984/1659/2172
f 2046/1663/2171 1983/1664/2171 1979/1657/2171 1990/1656/2171
f 1992/1665/2171 1993/1666/2171 1994/1667/2171 1982/1668/2171
f 1983/1664/2171 1991/1669/2171 1993/1666/2171 1992/1665/2171
f 2021/1670/2173 2077/1671/2174 2076/1672/2174 2020/1673/2175
f 1978/1650/2170 1976/1653/2170 1996/1674/2170 2003/1675/2170
f 2004/1676/2169 1997/1677/2169 1995/1678/2169 2006/1679/2169 2005/1680/2169
f 1996/1674/2176 1997/1677/2176 2004/1676/2176 2003/1675/2176
f 1976/1653/2170 1977/1660/2170 2000/1681/2170 1996/1674/2170
f 1995/1678/2169 1997/1677/2169 2002/1646/2169 2001/1649/2169
f 1996/1674/2176 2000/1681/2176 2002/1646/2176 1997/1677/2176
f 2048/1682/2169 2006/1679/2169 1995/1678/2169
f 2008/1683/2169 1998/1684/2169 2010/1685/2169 2009/1686/2169
f 1999/1687/2169 2008/1683/2169 2009/1686/2169 2007/1688/2169
f 2036/1689/2177 2078/1690/2178 2079/1691/2178 2037/1692/2179
f 2013/1693/2180 2011/1694/2181 2015/1695/2182 2022/1696/2183
f 2023/1697/2184 2016/1698/2184 2014/1699/2185 2025/1700/2186 2024/1701/2184
f 2015/1695/2187 2016/1698/2187 2023/1697/2187 2022/1696/2187
f 2011/1694/2181 2012/1702/2188 2019/1703/2189 2015/1695/2182
f 2014/1699/2190 2016/1698/2190 2021/1670/2173 2020/1673/2175
f 2015/1695/2191 2019/1703/2191 2021/1670/2191 2016/1698/2191
f 2047/1704/2169 2025/1700/2186 2014/1699/2185 2018/1705/2169
f 2027/1706/2169 2017/1707/2169 2029/1708/2169 2028/1709/2169
f 2018/1705/2169 2027/1706/2169 2028/1709/2169 2026/1710/2169
f 2020/1711/2192 2076/1712/2193 2072/1713/2193 1985/1714/2192
f 2013/1693/2180 2038/1715/2194 2031/1716/2195 2011/1694/2181
f 2039/1717/2196 2040/1718/2196 2041/1719/2197 2030/1720/2198 2032/1721/2196
f 2031/1716/2199 2038/1715/2199 2039/1717/2199 2032/1721/2199
f 2011/1694/2181 2031/1716/2195 2035/1722/2200 2012/1702/2188
f 2030/1720/2201 2036/1689/2177 2037/1692/2179 2032/1721/2201
f 2031/1716/2202 2032/1721/2202 2037/1692/2202 2035/1722/2202
f 2049/1723/2171 2030/1720/2198 2041/1719/2197
f 2043/1724/2171 2044/1725/2171 2045/1726/2171 2033/1727/2171
f 2034/1728/2171 2042/1729/2171 2044/1725/2171 2043/1724/2171
f 1985/1714/2192 1979/1730/2203 2014/1731/2203 2020/1711/2192
f 1986/1732/2204 2073/1733/2204 2077/1734/2204 2021/1735/2204
f 2001/1736/2192 2074/1737/2205 2078/1738/2205 2036/1739/2192
f 1987/1740/2206 1978/1741/2206 2013/1742/2206 2022/1743/2206
f 1989/1744/2207 1988/1745/2207 2023/1746/2207 2024/1747/2207
f 1990/1748/2208 1989/1744/2208 2024/1747/2208 2025/1749/2208
f 2046/1750/2209 1990/1748/2209 2025/1749/2209 2047/1751/2209
f 1992/1752/2203 1982/1753/2203 2017/1754/2203 2027/1755/2203
f 1982/1753/2210 1994/1756/2210 2029/1757/2210 2017/1754/2210
f 1977/1758/2211 1984/1759/2211 2019/1760/2211 2012/1761/2211
f 1988/1745/2212 1987/1740/2212 2022/1743/2212 2023/1746/2212
f 1984/1759/2213 1986/1762/2213 2021/1763/2213 2019/1760/2213
f 1994/1756/2214 1993/1764/2214 2028/1765/2214 2029/1757/2214
f 1993/1764/2215 1991/1766/2215 2026/1767/2215 2028/1765/2215
f 1983/1768/2203 1992/1752/2203 2027/1755/2203 2018/1769/2203
f 2037/1770/2216 2079/1771/2216 2075/1772/2216 2002/1773/2216
f 1995/1774/2203 2001/1736/2192 2036/1739/2192 2030/1775/2203
f 1978/1741/2206 2003/1776/2206 2038/1777/2206 2013/1742/2206
f 2004/1778/2217 2005/1779/2217 2040/1780/2217 2039/1781/2217
f 2005/1779/2208 2006/1782/2208 2041/1783/2208 2040/1780/2208
f 2048/1784/2218 2007/1785/2218 2042/1786/2218 2049/1787/2218
f 1998/1788/2203 2008/1789/2203 2043/1790/2203 2033/1791/2203
f 2010/1792/2210 1998/1788/2210 2033/1791/2210 2045/1793/2210
f 2000/1794/2211 1977/1758/2211 2012/1761/2211 2035/1795/2211
f 2003/1776/2219 2004/1796/2219 2039/1797/2219 2038/1777/2219
f 2002/1773/2220 2000/1794/2220 2035/1795/2220 2037/1770/2220
f 2009/1798/2214 2010/1792/2214 2045/1793/2214 2044/1799/2214
f 2007/1785/2215 2009/1798/2215 2044/1799/2215 2042/1786/2215
f 2008/1789/2203 1999/1800/2203 2034/1801/2203 2043/1790/2203
f 1991/1766/2218 2046/1750/2218 2047/1751/2218 2026/1767/2218
f 1979/1730/2221 1983/1768/2221 2018/1769/2221 2014/1731/2221
f 2026/1710/2169 2047/1704/2169 2018/1705/2169
f 1991/1669/2171 1983/1664/2171 2046/1663/2171
f 2006/1782/2209 2048/1784/2209 2049/1787/2209 2041/1783/2209
f 1999/1800/2222 1995/1774/2222 2030/1775/2222 2034/1801/2222
f 2042/1729/2171 2034/1728/2171 2030/1720/2198 2049/1723/2171
f 2007/1688/2169 2048/1682/2169 1995/1678/2169 1999/1687/2169
f 2057/1802/2223 2062/1803/2223 2054/1804/2223 2050/1805/2223
f 2050/1806/2224 2054/1807/2224 2052/1808/2224 2053/1809/2224
f 2052/1810/2225 2230/1811/2226 2233/1812/2227 2061/1813/2225
f 2060/1814/2228 2053/1815/2228 2052/1810/2229 2061/1813/2229
f 2250/1816/2230 2246/1817/2230 2059/1818/2231 2066/1819/2231
f 2059/1818/2231 2051/1820/2231 2056/1821/2231 2064/1822/2231
f 2229/1823/2224 2224/1824/2224 2051/1825/2224 2243/1826/2224 2245/1827/2224 2244/1828/2224
f 2055/1829/2232 2063/1830/2232 2064/1822/2232 2056/1821/2232
f 2051/1825/2224 2224/1824/2224 2227/1831/2224 2055/1832/2224 2056/1833/2224
f 2050/1805/2233 2053/1815/2228 2060/1814/2228 2057/1802/2233
f 2052/1808/2224 2054/1807/2224 2225/1834/2224 2230/1835/2224
f 2232/1836/2234 2229/1837/2235 2244/1838/2236 2247/1839/2236
f 2241/1840/2237 2249/1841/2237 2251/1842/2237 2250/1843/2237 2066/1844/2237 2236/1845/2237
f 2057/1802/2223 2065/1846/2223 2069/1847/2223 2062/1803/2223
f 2065/1848/2237 2068/1849/2237 2067/1850/2237 2069/1851/2237
f 2067/1852/2225 2061/1813/2225 2233/1812/2227 2240/1853/2238
f 2066/1844/2237 2071/1854/2237 2070/1855/2237 2237/1856/2237 2236/1845/2237
f 2060/1814/2228 2061/1813/2229 2067/1852/2229 2068/1857/2228
f 2059/1818/2231 2064/1822/2231 2071/1858/2231 2066/1819/2231
f 2067/1850/2237 2240/1859/2237 2235/1860/2237 2069/1851/2237
f 2070/1861/2232 2071/1858/2232 2064/1822/2232 2063/1830/2232
f 2065/1846/2233 2057/1802/2233 2060/1814/2228 2068/1857/2228
f 2232/1836/2234 2247/1839/2236 2249/1862/2236 2241/1863/2239
f 2238/1864/2233 2237/1865/2233 2070/1866/2233 2063/1867/2233 2058/1868/2233
f 2073/1733/2240 2072/1713/2240 2076/1712/2240 2077/1734/2240
f 2074/1737/2240 2075/1772/2240 2079/1771/2240 2078/1738/2240
f 1985/1661/2171 2072/1869/2171 2073/1870/2171 1986/1662/2171
f 2143/1871/2241 2128/1872/2242 2081/1873/2243 2111/1874/2244
f 2103/1875/2245 2105/1876/2246 2156/1877/2247 2155/1878/2248
f 2080/1879/2249 2082/1880/2250 2113/1881/2250 2112/1882/2249
f 2130/1883/2251 2085/1884/2252 2083/1885/2253 2129/1886/2254
f 2131/1887/2255 2087/1888/2256 2085/1884/2252 2130/1883/2251
f 2132/1889/2257 2089/1890/2258 2087/1888/2256 2131/1887/2255
f 2133/1891/2259 2091/1892/2260 2089/1890/2258 2132/1889/2257
f 2134/1893/2261 2093/1894/2262 2091/1892/2260 2133/1891/2259
f 2135/1895/2263 2095/1896/2264 2093/1894/2262 2134/1893/2261
f 2136/1897/2265 2097/1898/2266 2095/1896/2264 2135/1895/2263
f 2137/1899/2267 2099/1900/2268 2097/1898/2266 2136/1897/2265
f 2138/1901/2269 2101/1902/2270 2099/1900/2268 2137/1899/2267
f 2139/1903/2271 2103/1875/2245 2101/1902/2270 2138/1901/2269
f 2140/1904/2272 2105/1876/2246 2103/1875/2245 2139/1903/2271
f 2141/1905/2273 2107/1906/2274 2105/1876/2246 2140/1904/2272
f 2142/1907/2275 2109/1908/2276 2107/1906/2274 2141/1905/2273
f 2143/1871/2241 2111/1874/2244 2109/1908/2276 2142/1907/2275
f 2093/1894/2262 2095/1896/2264 2151/1909/2277 2150/1910/2278
f 2112/1911/2279 2113/1912/2280 2129/1886/2280 2128/1913/2279
f 2080/1914/2224 2110/1915/2224 2108/1916/2224 2106/1917/2224 2104/1918/2224 2102/1919/2224 2100/1920/2224 2098/1921/2224 2096/1922/2224 2094/1923/2224 2092/1924/2224 2090/1925/2224 2088/1926/2224 2086/1927/2224 2084/1928/2224 2082/1929/2224
f 2080/1930/2249 2112/1931/2249 2127/1932/2281 2110/1933/2281
f 2108/1934/2282 2110/1933/2281 2127/1932/2281 2126/1935/2282
f 2106/1936/2283 2108/1934/2282 2126/1935/2282 2125/1937/2283
f 2104/1938/2284 2106/1936/2283 2125/1937/2283 2124/1939/2284
f 2102/1940/2285 2104/1938/2284 2124/1939/2284 2123/1941/2285
f 2100/1942/2286 2102/1940/2285 2123/1941/2285 2122/1943/2286
f 2098/1944/2287 2100/1942/2286 2122/1943/2286 2121/1945/2287
f 2096/1946/2288 2098/1944/2287 2121/1945/2287 2120/1947/2288
f 2094/1948/2289 2096/1946/2288 2120/1947/2288 2119/1949/2289
f 2092/1950/2290 2094/1948/2289 2119/1949/2289 2118/1951/2290
f 2090/1952/2291 2092/1950/2290 2118/1951/2290 2117/1953/2291
f 2088/1954/2292 2090/1952/2291 2117/1953/2291 2116/1955/2292
f 2086/1956/2293 2088/1954/2292 2116/1955/2292 2115/1957/2293
f 2084/1958/2294 2086/1956/2293 2115/1957/2293 2114/1959/2294
f 2082/1880/2250 2084/1958/2294 2114/1959/2294 2113/1881/2250
f 2129/1886/2254 2083/1885/2253 2081/1960/2243 2128/1913/2242
f 2127/1961/2295 2112/1962/2279 2128/1872/2279 2143/1871/2295
f 2126/1963/2296 2127/1961/2295 2143/1871/2295 2142/1907/2296
f 2125/1964/2297 2126/1963/2296 2142/1907/2296 2141/1905/2297
f 2124/1965/2298 2125/1964/2297 2141/1905/2297 2140/1904/2298
f 2123/1966/2299 2124/1965/2298 2140/1904/2298 2139/1903/2299
f 2122/1967/2300 2123/1966/2299 2139/1903/2299 2138/1901/2300
f 2121/1968/2301 2122/1967/2300 2138/1901/2300 2137/1899/2301
f 2120/1969/2302 2121/1968/2301 2137/1899/2301 2136/1897/2302
f 2119/1970/2303 2120/1969/2302 2136/1897/2302 2135/1895/2303
f 2118/1971/2304 2119/1970/2303 2135/1895/2303 2134/1893/2304
f 2117/1972/2305 2118/1971/2304 2134/1893/2304 2133/1891/2305
f 2116/1973/2306 2117/1972/2305 2133/1891/2305 2132/1889/2306
f 2115/1974/2307 2116/1973/2306 2132/1889/2306 2131/1887/2307
f 2114/1975/2308 2115/1974/2307 2131/1887/2307 2130/1883/2308
f 2113/1912/2280 2114/1975/2308 2130/1883/2308 2129/1886/2280
f 2085/1884/2252 2087/1888/2256 2147/1976/2309 2146/1977/2310
f 2095/1896/2264 2097/1898/2266 2152/1978/2311 2151/1909/2277
f 2087/1888/2256 2089/1890/2258 2148/1979/2312 2147/1976/2309
f 2105/1876/2246 2107/1906/2274 2157/1980/2313 2156/1877/2247
f 2097/1898/2266 2099/1900/2268 2153/1981/2314 2152/1978/2311
f 2111/1874/2244 2081/1873/2243 2144/1982/2315 2159/1983/2316
f 2089/1890/2258 2091/1892/2260 2149/1984/2317 2148/1979/2312
f 2107/1906/2274 2109/1908/2276 2158/1985/2318 2157/1980/2313
f 2081/1960/2243 2083/1885/2253 2145/1986/2319 2144/1987/2315
f 2099/1900/2268 2101/1902/2270 2154/1988/2320 2153/1981/2314
f 2091/1892/2260 2093/1894/2262 2150/1910/2278 2149/1984/2317
f 2109/1908/2276 2111/1874/2244 2159/1983/2316 2158/1985/2318
f 2083/1885/2253 2085/1884/2252 2146/1977/2310 2145/1986/2319
f 2101/1902/2270 2103/1875/2245 2155/1878/2248 2154/1988/2320
f 2223/1989/2321 2191/1990/2322 2161/1991/2323 2208/1992/2324
f 2183/1993/2325 2155/1878/2248 2156/1877/2247 2185/1994/2326
f 2160/1995/2327 2192/1996/2327 2193/1997/2328 2162/1998/2328
f 2210/1999/2329 2209/2000/2330 2163/2001/2331 2165/2002/2332
f 2211/2003/2333 2210/1999/2329 2165/2002/2332 2167/2004/2334
f 2212/2005/2335 2211/2003/2333 2167/2004/2334 2169/2006/2336
f 2213/2007/2337 2212/2005/2335 2169/2006/2336 2171/2008/2338
f 2214/2009/2339 2213/2007/2337 2171/2008/2338 2173/2010/2340
f 2215/2011/2341 2214/2009/2339 2173/2010/2340 2175/2012/2342
f 2216/2013/2343 2215/2011/2341 2175/2012/2342 2177/2014/2344
f 2217/2015/2345 2216/2013/2343 2177/2014/2344 2179/2016/2346
f 2218/2017/2347 2217/2015/2345 2179/2016/2346 2181/2018/2348
f 2219/2019/2349 2218/2017/2347 2181/2018/2348 2183/1993/2325
f 2220/2020/2350 2219/2019/2349 2183/1993/2325 2185/1994/2326
f 2221/2021/2351 2220/2020/2350 2185/1994/2326 2187/2022/2352
f 2222/2023/2353 2221/2021/2351 2187/2022/2352 2189/2024/2354
f 2223/1989/2321 2222/2023/2353 2189/2024/2354 2191/1990/2322
f 2173/2010/2340 2150/1910/2278 2151/1909/2277 2175/2012/2342
f 2192/2025/2355 2208/2026/2355 2209/2000/2356 2193/2027/2356
f 2160/2028/2237 2162/2029/2237 2164/2030/2237 2166/2031/2237 2168/2032/2237 2170/2033/2237 2172/2034/2237 2174/2035/2237 2176/2036/2237 2178/2037/2237 2180/2038/2237 2182/2039/2237 2184/2040/2237 2186/2041/2237 2188/2042/2237 2190/2043/2237
f 2160/2044/2327 2190/2045/2357 2207/2046/2357 2192/2047/2327
f 2188/2048/2358 2206/2049/2358 2207/2046/2357 2190/2045/2357
f 2186/2050/2359 2205/2051/2359 2206/2049/2358 2188/2048/2358
f 2184/2052/2360 2204/2053/2361 2205/2051/2359 2186/2050/2359
f 2182/2054/2362 2203/2055/2362 2204/2053/2361 2184/2052/2360
f 2180/2056/2363 2202/2057/2363 2203/2055/2362 2182/2054/2362
f 2178/2058/2364 2201/2059/2364 2202/2057/2363 2180/2056/2363
f 2176/2060/2365 2200/2061/2365 2201/2059/2364 2178/2058/2364
f 2174/2062/2366 2199/2063/2366 2200/2061/2365 2176/2060/2365
f 2172/2064/2367 2198/2065/2367 2199/2063/2366 2174/2062/2366
f 2170/2066/2368 2197/2067/2368 2198/2065/2367 2172/2064/2367
f 2168/2068/2369 2196/2069/2369 2197/2067/2368 2170/2066/2368
f 2166/2070/2370 2195/2071/2370 2196/2069/2369 2168/2068/2369
f 2164/2072/2371 2194/2073/2371 2195/2071/2370 2166/2070/2370
f 2162/1998/2328 2193/1997/2328 2194/2073/2371 2164/2072/2371
f 2209/2000/2330 2208/2026/2324 2161/2074/2323 2163/2001/2331
f 2207/2075/2372 2223/1989/2372 2208/1992/2355 2192/2076/2355
f 2206/2077/2373 2222/2023/2373 2223/1989/2372 2207/2075/2372
f 2205/2078/2374 2221/2021/2374 2222/2023/2373 2206/2077/2373
f 2204/2079/2375 2220/2020/2375 2221/2021/2374 2205/2078/2374
f 2203/2080/2376 2219/2019/2376 2220/2020/2375 2204/2079/2375
f 2202/2081/2377 2218/2017/2377 2219/2019/2376 2203/2080/2376
f 2201/2082/2378 2217/2015/2378 2218/2017/2377 2202/2081/2377
f 2200/2083/2379 2216/2013/2379 2217/2015/2378 2201/2082/2378
f 2199/2084/2380 2215/2011/2380 2216/2013/2379 2200/2083/2379
f 2198/2085/2381 2214/2009/2381 2215/2011/2380 2199/2084/2380
f 2197/2086/2382 2213/2007/2382 2214/2009/2381 2198/2085/2381
f 2196/2087/2383 2212/2005/2383 2213/2007/2382 2197/2086/2382
f 2195/2088/2384 2211/2003/2384 2212/2005/2383 2196/2087/2383
f 2194/2089/2385 2210/1999/2385 2211/2003/2384 2195/2088/2384
f 2193/2027/2356 2209/2000/2356 2210/1999/2385 2194/2089/2385
f 2165/2002/2332 2146/1977/2310 2147/1976/2309 2167/2004/2334
f 2175/2012/2342 2151/1909/2277 2152/1978/2311 2177/2014/2344
f 2167/2004/2334 2147/1976/2309 2148/1979/2312 2169/2006/2336
f 2185/1994/2326 2156/1877/2247 2157/1980/2313 2187/2022/2352
f 2177/2014/2344 2152/1978/2311 2153/1981/2314 2179/2016/2346
f 2191/1990/2322 2159/1983/2316 2144/1982/2315 2161/1991/2323
f 2169/2006/2336 2148/1979/2312 2149/1984/2317 2171/2008/2338
f 2187/2022/2352 2157/1980/2313 2158/1985/2318 2189/2024/2354
f 2161/2074/2323 2144/1987/2315 2145/1986/2319 2163/2001/2331
f 2179/2016/2346 2153/1981/2314 2154/1988/2320 2181/2018/2348
f 2171/2008/2338 2149/1984/2317 2150/1910/2278 2173/2010/2340
f 2189/2024/2354 2158/1985/2318 2159/1983/2316 2191/1990/2322
f 2163/2001/2331 2145/1986/2319 2146/1977/2310 2165/2002/2332
f 2181/2018/2348 2154/1988/2320 2155/1878/2248 2183/1993/2325
f 2224/1824/2224 2229/1823/2224 2231/2090/2224 2228/2091/2224
f 2228/2091/2224 2231/2090/2224 2230/1835/2224 2225/1834/2224
f 2229/1837/2235 2232/1836/2234 2234/2092/2386 2231/2093/2387
f 2231/2093/2387 2234/2092/2386 2233/1812/2227 2230/1811/2226
f 2235/1860/2237 2240/1859/2237 2242/2094/2237 2239/2095/2237
f 2239/2095/2237 2242/2094/2237 2241/1840/2237 2236/1845/2237
f 2240/1853/2238 2233/1812/2227 2234/2092/2386 2242/2096/2388
f 2242/2096/2388 2234/2092/2386 2232/1836/2234 2241/1863/2239
f 2227/2097/2233 2226/2098/2233 2058/1868/2233 2063/1867/2233 2055/2099/2233
f 2243/2100/2230 2246/1817/2230 2248/2101/2389 2245/2102/2389
f 2245/2102/2389 2248/2101/2389 2247/1839/2236 2244/1838/2236
f 2249/1862/2236 2247/1839/2236 2248/2101/2389 2251/2103/2389
f 2251/2103/2389 2248/2101/2389 2246/1817/2230 2250/1816/2230
f 2243/2100/2230 2051/1820/2231 2059/1818/2231 2246/1817/2230
f 2252/2104/2224 2253/2105/2224 2255/2106/2390 2254/2107/2391
f 2256/2108/2392 2261/2109/2393 2263/2110/2394 2258/2111/2395
f 2258/2111/2395 2263/2110/2394 2262/2112/2396 2259/2113/2397
f 2259/2113/2397 2262/2112/2396 2260/2114/2398 2257/2115/2399
f 2254/2107/2391 2255/2106/2390 2257/2115/2399 2260/2114/2398
f 2264/2116/2400 2266/2117/2401 2267/2118/2402 2265/2119/2400
f 2268/2120/2403 2270/2121/2404 2275/2122/2405 2273/2123/2406
f 2270/2121/2404 2271/2124/2407 2274/2125/2408 2275/2122/2405
f 2271/2124/2407 2269/2126/2409 2272/2127/2410 2274/2125/2408
f 2266/2117/2401 2272/2127/2410 2269/2126/2409 2267/2118/2402
f 2252/2128/2411 2254/2129/2411 2266/2130/2411 2264/2131/2411
f 2255/2132/2412 2253/2133/2412 2265/2134/2412 2267/2135/2412
f 2256/2136/2413 2258/2137/2414 2270/2138/2415 2268/2139/2416
f 2263/2140/2417 2261/2141/2418 2273/2142/2418 2275/2143/2417
f 2258/2137/2414 2259/2144/2419 2271/2145/2420 2270/2138/2415
f 2262/2146/2421 2263/2140/2417 2275/2143/2417 2274/2147/2421
f 2259/2144/2419 2257/2148/2422 2269/2149/2423 2271/2145/2420
f 2260/2150/2424 2262/2146/2421 2274/2147/2421 2272/2151/2424
f 2254/2129/2425 2260/2150/2424 2272/2151/2424 2266/2130/2425
f 2257/2148/2422 2255/2132/2426 2267/2135/2426 2269/2149/2423
f 2277/2152/2427 2256/2136/2413 2268/2139/2416 2279/2153/2427
f 2261/2141/2418 2276/2154/2428 2278/2155/2428 2273/2142/2418
f 2273/2123/2406 2278/2156/2429 2279/2157/2429 2268/2120/2403
f 2261/2109/2393 2256/2108/2392 2277/2158/2430 2276/2159/2430
f 2280/2160/2237 2282/2161/2431 2283/2162/2432 2281/2163/2237
f 2284/2164/2433 2286/2165/2434 2291/2166/2435 2289/2167/2436
f 2286/2165/2434 2287/2168/2437 2290/2169/2438 2291/2166/2435
f 2287/2168/2437 2285/2170/2439 2288/2171/2440 2290/2169/2438
f 2282/2161/2431 2288/2171/2440 2285/2170/2439 2283/2162/2432
f 2292/2172/2441 2293/2173/2441 2295/2174/2442 2294/2175/2443
f 2296/2176/2444 2301/2177/2445 2303/2178/2446 2298/2179/2447
f 2298/2179/2447 2303/2178/2446 2302/2180/2448 2299/2181/2449
f 2299/2181/2449 2302/2180/2448 2300/2182/2450 2297/2183/2451
f 2294/2175/2443 2295/2174/2442 2297/2183/2451 2300/2182/2450
f 2280/2184/2452 2292/2185/2452 2294/2186/2452 2282/2187/2452
f 2283/2188/2453 2295/2189/2453 2293/2190/2453 2281/2191/2453
f 2284/2192/2454 2296/2193/2455 2298/2194/2456 2286/2195/2457
f 2291/2196/2458 2303/2197/2458 2301/2198/2459 2289/2199/2459
f 2286/2195/2457 2298/2194/2456 2299/2200/2460 2287/2201/2461
f 2290/2202/2462 2302/2203/2463 2303/2197/2458 2291/2196/2458
f 2287/2201/2461 2299/2200/2460 2297/2204/2464 2285/2205/2465
f 2288/2206/2466 2300/2207/2467 2302/2203/2463 2290/2202/2462
f 2282/2187/2468 2294/2186/2468 2300/2207/2467 2288/2206/2466
f 2285/2205/2465 2297/2204/2464 2295/2189/2469 2283/2188/2469
f 2277/2152/2427 2279/2153/2427 2296/2193/2455 2284/2192/2454
f 2289/2199/2459 2301/2198/2459 2278/2155/2428 2276/2154/2428
f 2301/2177/2445 2296/2176/2444 2279/2157/2429 2278/2156/2429
f 2289/2167/2436 2276/2159/2430 2277/2158/2430 2284/2164/2433
f 2306/2208/2470 2330/2209/2471 2331/2210/2472 2307/2211/2472
f 2307/2211/2472 2331/2210/2472 2332/2212/2473 2308/2213/2474
f 2308/2213/2474 2332/2212/2473 2333/2214/2475 2309/2215/2476
f 2309/2215/2476 2333/2214/2475 2334/2216/2477 2310/2217/2478
f 2310/2218/2478 2334/2219/2477 2335/2220/2479 2311/2221/2480
f 2311/2221/2480 2335/2220/2479 2336/2222/2481 2312/2223/2482
f 2312/2223/2482 2336/2222/2481 2337/2224/2483 2313/2225/2483
f 2313/2225/2483 2337/2224/2483 2338/2226/2484 2314/2227/2485
f 2314/2227/2485 2338/2226/2484 2339/2228/2486 2315/2229/2487
f 2315/2229/2487 2339/2228/2486 2329/2230/2488 2304/2231/2489
f 2317/2232/2490 2340/2233/2491 2341/2234/2489 2316/2235/2488
f 2318/2236/2492 2342/2237/2493 2340/2233/2491 2317/2232/2490
f 2319/2238/2494 2343/2239/2494 2342/2237/2493 2318/2236/2492
f 2320/2240/2495 2344/2241/2496 2343/2239/2494 2319/2238/2494
f 2321/2242/2497 2345/2243/2498 2344/2241/2496 2320/2240/2495
f 2322/2244/2477 2346/2245/2478 2345/2243/2498 2321/2242/2497
f 2323/2246/2499 2347/2247/2500 2346/2248/2478 2322/2249/2477
f 2324/2250/2501 2348/2251/2502 2347/2247/2500 2323/2246/2499
f 2325/2252/2503 2349/2253/2503 2348/2251/2502 2324/2250/2501
f 2326/2254/2504 2350/2255/2505 2349/2253/2503 2325/2252/2503
f 2327/2256/2506 2351/2257/2507 2350/2255/2505 2326/2254/2504
f 2316/2235/2488 2341/2234/2489 2351/2257/2507 2327/2256/2506
f 2305/2258/2508 2328/2259/2509 2330/2209/2471 2306/2208/2470
f 2304/2231/2489 2329/2230/2488 2328/2259/2509 2305/2258/2508
f 2352/2260/2510 2353/2261/2511 2355/2262/2512 2354/2263/2513
f 2354/2263/2513 2355/2262/2512 2357/2264/2514 2356/2265/2515
f 2356/2265/2515 2357/2264/2514 2359/2266/2516 2358/2267/2516
f 2358/2267/2516 2359/2266/2516 2361/2268/2517 2360/2269/2518
f 2360/2269/2518 2361/2268/2517 2363/2270/2519 2362/2271/2520
f 2362/2271/2520 2363/2270/2519 2365/2272/2521 2364/2273/2522
f 2364/2274/2522 2365/2275/2521 2367/2276/2523 2366/2277/2524
f 2366/2277/2524 2367/2276/2523 2369/2278/2525 2368/2279/2526
f 2368/2279/2526 2369/2278/2525 2371/2280/2527 2370/2281/2527
f 2370/2281/2527 2371/2280/2527 2373/2282/2528 2372/2283/2529
f 2372/2283/2529 2373/2282/2528 2375/2284/2530 2374/2285/2531
f 2374/2285/2531 2375/2284/2530 2353/2261/2511 2352/2260/2510
f 2376/2286/2532 2378/2287/2533 2379/2288/2534 2377/2289/2535
f 2378/2287/2533 2380/2290/2536 2381/2291/2537 2379/2288/2534
f 2380/2290/2536 2382/2292/2538 2383/2293/2538 2381/2291/2537
f 2382/2292/2538 2384/2294/2539 2385/2295/2540 2383/2293/2538
f 2384/2294/2539 2386/2296/2541 2387/2297/2542 2385/2295/2540
f 2386/2296/2541 2388/2298/2521 2389/2299/2543 2387/2297/2542
f 2388/2300/2521 2390/2301/2544 2391/2302/2545 2389/2303/2543
f 2390/2301/2544 2392/2304/2546 2393/2305/2547 2391/2302/2545
f 2392/2304/2546 2394/2306/2548 2395/2307/2548 2393/2305/2547
f 2394/2306/2548 2396/2308/2549 2397/2309/2550 2395/2307/2548
f 2396/2308/2549 2398/2310/2551 2399/2311/2552 2397/2309/2550
f 2398/2310/2551 2376/2286/2532 2377/2289/2535 2399/2311/2552
f 2402/2312/2553 2426/2313/2554 2425/2314/2555 2401/2315/2556
f 2403/2316/2557 2427/2317/2557 2426/2313/2554 2402/2312/2553
f 2404/2318/2558 2428/2319/2559 2427/2317/2557 2403/2316/2557
f 2405/2320/2560 2429/2321/2561 2428/2319/2559 2404/2318/2558
f 2406/2322/2562 2430/2323/2563 2429/2321/2561 2405/2320/2560
f 2407/2324/2564 2431/2325/2565 2430/2326/2563 2406/2327/2562
f 2408/2328/2566 2432/2329/2567 2431/2325/2565 2407/2324/2564
f 2409/2330/2568 2433/2331/2568 2432/2329/2567 2408/2328/2566
f 2410/2332/2569 2434/2333/2570 2433/2331/2568 2409/2330/2568
f 2411/2334/2571 2435/2335/2572 2434/2333/2570 2410/2332/2569
f 2400/2336/2573 2424/2337/2574 2435/2335/2572 2411/2334/2571
f 2412/2338/2575 2436/2339/2576 2437/2340/2577 2413/2341/2578
f 2413/2341/2578 2437/2340/2577 2438/2342/2579 2414/2343/2580
f 2414/2343/2580 2438/2342/2579 2439/2344/2581 2415/2345/2581
f 2415/2345/2581 2439/2344/2581 2440/2346/2582 2416/2347/2583
f 2416/2347/2583 2440/2346/2582 2441/2348/2584 2417/2349/2585
f 2417/2349/2585 2441/2348/2584 2442/2350/2562 2418/2351/2563
f 2418/2352/2563 2442/2353/2562 2443/2354/2586 2419/2355/2587
f 2419/2355/2587 2443/2354/2586 2444/2356/2588 2420/2357/2589
f 2420/2357/2589 2444/2356/2588 2445/2358/2590 2421/2359/2590
f 2421/2359/2590 2445/2358/2590 2446/2360/2591 2422/2361/2592
f 2422/2361/2592 2446/2360/2591 2447/2362/2593 2423/2363/2594
f 2423/2363/2594 2447/2362/2593 2436/2339/2576 2412/2338/2575
f 2401/2315/2556 2425/2314/2555 2424/2337/2574 2400/2336/2573
f 2511/2364/2595 2496/2365/2596 2449/2366/2597 2479/2367/2598
f 2471/2368/2599 2473/2369/2600 2524/2370/2601 2523/2371/2602
f 2448/2372/2603 2450/2373/2604 2481/2374/2604 2480/2375/2603
f 2498/2376/2605 2453/2377/2606 2451/2378/2607 2497/2379/2608
f 2499/2380/2609 2455/2381/2610 2453/2377/2606 2498/2376/2605
f 2500/2382/2611 2457/2383/2612 2455/2381/2610 2499/2380/2609
f 2501/2384/2613 2459/2385/2614 2457/2383/2612 2500/2382/2611
f 2502/2386/2615 2461/2387/2616 2459/2385/2614 2501/2384/2613
f 2503/2388/2617 2463/2389/2618 2461/2387/2616 2502/2386/2615
f 2504/2390/2619 2465/2391/2620 2463/2389/2618 2503/2388/2617
f 2505/2392/2621 2467/2393/2622 2465/2391/2620 2504/2390/2619
f 2506/2394/2623 2469/2395/2624 2467/2393/2622 2505/2392/2621
f 2507/2396/2625 2471/2368/2599 2469/2395/2624 2506/2394/2623
f 2508/2397/2626 2473/2369/2600 2471/2368/2599 2507/2396/2625
f 2509/2398/2627 2475/2399/2628 2473/2369/2600 2508/2397/2626
f 2510/2400/2629 2477/2401/2630 2475/2399/2628 2509/2398/2627
f 2511/2402/2595 2479/2403/2598 2477/2401/2630 2510/2400/2629
f 2461/2387/2616 2463/2389/2618 2519/2404/2631 2518/2405/2632
f 2480/2406/2633 2481/2407/2634 2497/2379/2634 2496/2365/2633
f 2448/2408/2171 2478/2409/2171 2476/2410/2171 2474/2411/2171 2472/2412/2171 2470/2413/2171 2468/2414/2171 2466/2415/2171 2464/2416/2171 2462/2417/2171 2460/2418/2171 2458/2419/2171 2456/2420/2171 2454/2421/2171 2452/2422/2171 2450/2423/2171
f 2448/2372/2603 2480/2375/2603 2495/2424/2635 2478/2425/2635
f 2476/2426/2636 2478/2427/2635 2495/2428/2635 2494/2429/2636
f 2474/2430/2637 2476/2426/2636 2494/2429/2636 2493/2431/2637
f 2472/2432/2638 2474/2430/2637 2493/2431/2637 2492/2433/2638
f 2470/2434/2639 2472/2432/2638 2492/2433/2638 2491/2435/2639
f 2468/2436/2640 2470/2434/2639 2491/2435/2639 2490/2437/2640
f 2466/2438/2641 2468/2436/2640 2490/2437/2640 2489/2439/2641
f 2464/2440/2642 2466/2438/2641 2489/2439/2641 2488/2441/2642
f 2462/2442/2643 2464/2440/2642 2488/2441/2642 2487/2443/2643
f 2460/2444/2644 2462/2442/2643 2487/2443/2643 2486/2445/2644
f 2458/2446/2645 2460/2444/2644 2486/2445/2644 2485/2447/2645
f 2456/2448/2646 2458/2446/2645 2485/2447/2645 2484/2449/2646
f 2454/2450/2647 2456/2448/2646 2484/2449/2646 2483/2451/2647
f 2452/2452/2648 2454/2450/2647 2483/2451/2647 2482/2453/2648
f 2450/2373/2604 2452/2452/2648 2482/2453/2648 2481/2374/2604
f 2497/2379/2608 2451/2378/2607 2449/2366/2597 2496/2365/2596
f 2495/2454/2649 2480/2406/2633 2496/2365/2633 2511/2364/2649
f 2494/2455/2650 2495/2456/2649 2511/2402/2649 2510/2400/2650
f 2493/2457/2651 2494/2455/2650 2510/2400/2650 2509/2398/2651
f 2492/2458/2652 2493/2457/2651 2509/2398/2651 2508/2397/2652
f 2491/2459/2653 2492/2458/2652 2508/2397/2652 2507/2396/2653
f 2490/2460/2654 2491/2459/2653 2507/2396/2653 2506/2394/2654
f 2489/2461/2655 2490/2460/2654 2506/2394/2654 2505/2392/2655
f 2488/2462/2656 2489/2461/2655 2505/2392/2655 2504/2390/2656
f 2487/2463/2657 2488/2462/2656 2504/2390/2656 2503/2388/2657
f 2486/2464/2658 2487/2463/2657 2503/2388/2657 2502/2386/2658
f 2485/2465/2659 2486/2464/2658 2502/2386/2658 2501/2384/2659
f 2484/2466/2660 2485/2465/2659 2501/2384/2659 2500/2382/2660
f 2483/2467/2661 2484/2466/2660 2500/2382/2660 2499/2380/2661
f 2482/2468/2662 2483/2467/2661 2499/2380/2661 2498/2376/2662
f 2481/2407/2634 2482/2468/2662 2498/2376/2662 2497/2379/2634
f 2453/2377/2606 2455/2381/2610 2515/2469/2663 2514/2470/2664
f 2463/2389/2618 2465/2391/2620 2520/2471/2665 2519/2404/2631
f 2455/2381/2610 2457/2383/2612 2516/2472/2666 2515/2469/2663
f 2473/2369/2600 2475/2399/2628 2525/2473/2667 2524/2370/2601
f 2465/2391/2620 2467/2393/2622 2521/2474/2668 2520/2471/2665
f 2479/2367/2598 2449/2366/2597 2512/2475/2669 2527/2476/2670
f 2457/2383/2612 2459/2385/2614 2517/2477/2671 2516/2472/2666
f 2475/2399/2628 2477/2401/2630 2526/2478/2672 2525/2473/2667
f 2449/2366/2597 2451/2378/2607 2513/2479/2673 2512/2475/2669
f 2467/2393/2622 2469/2395/2624 2522/2480/2674 2521/2474/2668
f 2459/2385/2614 2461/2387/2616 2518/2405/2632 2517/2477/2671
f 2477/2401/2630 2479/2403/2598 2527/2481/2670 2526/2478/2672
f 2451/2378/2607 2453/2377/2606 2514/2470/2664 2513/2479/2673
f 2469/2395/2624 2471/2368/2599 2523/2371/2602 2522/2480/2674
f 2591/2482/2675 2559/2483/2676 2529/2484/2677 2576/2485/2678
f 2551/2486/2679 2523/2371/2602 2524/2370/2601 2553/2487/2680
f 2528/2488/2681 2560/2489/2681 2561/2490/2682 2530/2491/2682
f 2578/2492/2683 2577/2493/2684 2531/2494/2685 2533/2495/2686
f 2579/2496/2687 2578/2492/2683 2533/2495/2686 2535/2497/2688
f 2580/2498/2689 2579/2496/2687 2535/2497/2688 2537/2499/2690
f 2581/2500/2691 2580/2498/2689 2537/2499/2690 2539/2501/2692
f 2582/2502/2693 2581/2500/2691 2539/2501/2692 2541/2503/2694
f 2583/2504/2695 2582/2502/2693 2541/2503/2694 2543/2505/2696
f 2584/2506/2697 2583/2504/2695 2543/2505/2696 2545/2507/2698
f 2585/2508/2699 2584/2506/2697 2545/2507/2698 2547/2509/2700
f 2586/2510/2701 2585/2508/2699 2547/2509/2700 2549/2511/2702
f 2587/2512/2703 2586/2510/2701 2549/2511/2702 2551/2486/2679
f 2588/2513/2704 2587/2512/2703 2551/2486/2679 2553/2487/2680
f 2589/2514/2705 2588/2513/2704 2553/2487/2680 2555/2515/2706
f 2590/2516/2707 2589/2514/2705 2555/2515/2706 2557/2517/2708
f 2591/2518/2675 2590/2516/2707 2557/2517/2708 2559/2519/2676
f 2541/2503/2694 2518/2405/2632 2519/2404/2631 2543/2505/2696
f 2560/2520/2709 2576/2485/2709 2577/2493/2710 2561/2521/2710
f 2528/2522/2169 2530/2523/2169 2532/2524/2169 2534/2525/2169 2536/2526/2169 2538/2527/2169 2540/2528/2169 2542/2529/2169 2544/2530/2169 2546/2531/2169 2548/2532/2169 2550/2533/2169 2552/2534/2169 2554/2535/2169 2556/2536/2169 2558/2537/2169
f 2528/2488/2681 2558/2538/2711 2575/2539/2711 2560/2489/2681
f 2556/2540/2712 2574/2541/2712 2575/2542/2711 2558/2543/2711
f 2554/2544/2713 2573/2545/2713 2574/2541/2712 2556/2540/2712
f 2552/2546/2714 2572/2547/2714 2573/2545/2713 2554/2544/2713
f 2550/2548/2715 2571/2549/2715 2572/2547/2714 2552/2546/2714
f 2548/2550/2716 2570/2551/2716 2571/2549/2715 2550/2548/2715
f 2546/2552/2717 2569/2553/2717 2570/2551/2716 2548/2550/2716
f 2544/2554/2718 2568/2555/2718 2569/2553/2717 2546/2552/2717
f 2542/2556/2719 2567/2557/2719 2568/2555/2718 2544/2554/2718
f 2540/2558/2720 2566/2559/2720 2567/2557/2719 2542/2556/2719
f 2538/2560/2721 2565/2561/2721 2566/2559/2720 2540/2558/2720
f 2536/2562/2722 2564/2563/2722 2565/2561/2721 2538/2560/2721
f 2534/2564/2723 2563/2565/2723 2564/2563/2722 2536/2562/2722
f 2532/2566/2724 2562/2567/2724 2563/2565/2723 2534/2564/2723
f 2530/2491/2682 2561/2490/2682 2562/2567/2724 2532/2566/2724
f 2577/2493/2684 2576/2485/2678 2529/2484/2677 2531/2494/2685
f 2575/2568/2725 2591/2482/2725 2576/2485/2709 2560/2520/2709
f 2574/2569/2726 2590/2516/2726 2591/2518/2725 2575/2570/2725
f 2573/2571/2727 2589/2514/2727 2590/2516/2726 2574/2569/2726
f 2572/2572/2728 2588/2513/2728 2589/2514/2727 2573/2571/2727
f 2571/2573/2729 2587/2512/2729 2588/2513/2728 2572/2572/2728
f 2570/2574/2730 2586/2510/2730 2587/2512/2729 2571/2573/2729
f 2569/2575/2731 2585/2508/2731 2586/2510/2730 2570/2574/2730
f 2568/2576/2732 2584/2506/2732 2585/2508/2731 2569/2575/2731
f 2567/2577/2733 2583/2504/2733 2584/2506/2732 2568/2576/2732
f 2566/2578/2734 2582/2502/2734 2583/2504/2733 2567/2577/2733
f 2565/2579/2735 2581/2500/2735 2582/2502/2734 2566/2578/2734
f 2564/2580/2736 2580/2498/2736 2581/2500/2735 2565/2579/2735
f 2563/2581/2737 2579/2496/2737 2580/2498/2736 2564/2580/2736
f 2562/2582/2738 2578/2492/2738 2579/2496/2737 2563/2581/2737
f 2561/2521/2710 2577/2493/2710 2578/2492/2738 2562/2582/2738
f 2533/2495/2686 2514/2470/2664 2515/2469/2663 2535/2497/2688
f 2543/2505/2696 2519/2404/2631 2520/2471/2665 2545/2507/2698
f 2535/2497/2688 2515/2469/2663 2516/2472/2666 2537/2499/2690
f 2553/2487/2680 2524/2370/2601 2525/2473/2667 2555/2515/2706
f 2545/2507/2698 2520/2471/2665 2521/2474/2668 2547/2509/2700
f 2559/2483/2676 2527/2476/2670 2512/2475/2669 2529/2484/2677
f 2537/2499/2690 2516/2472/2666 2517/2477/2671 2539/2501/2692
f 2555/2515/2706 2525/2473/2667 2526/2478/2672 2557/2517/2708
f 2529/2484/2677 2512/2475/2669 2513/2479/2673 2531/2494/2685
f 2547/2509/2700 2521/2474/2668 2522/2480/2674 2549/2511/2702
f 2539/2501/2692 2517/2477/2671 2518/2405/2632 2541/2503/2694
f 2557/2517/2708 2526/2478/2672 2527/2481/2670 2559/2519/2676
f 2531/2494/2685 2513/2479/2673 2514/2470/2664 2533/2495/2686
f 2549/2511/2702 2522/2480/2674 2523/2371/2602 2551/2486/2679
f 2592/2260/2739 2594/2263/2740 2595/2262/2741 2593/2261/2742
f 2594/2263/2740 2596/2265/2743 2597/2264/2744 2595/2262/2741
f 2596/2265/2743 2598/2267/2745 2599/2266/2745 2597/2264/2744
f 2598/2267/2745 2600/2269/2746 2601/2268/2747 2599/2266/2745
f 2600/2269/2746 2602/2271/2748 2603/2270/2749 2601/2268/2747
f 2602/2271/2748 2604/2273/2750 2605/2272/2751 2603/2270/2749
f 2604/2274/2750 2606/2277/2752 2607/2276/2753 2605/2275/2751
f 2606/2277/2752 2608/2279/2754 2609/2278/2755 2607/2276/2753
f 2608/2279/2754 2610/2281/2756 2611/2280/2756 2609/2278/2755
f 2610/2281/2756 2612/2283/2757 2613/2282/2758 2611/2280/2756
f 2612/2283/2757 2614/2285/2759 2615/2284/2760 2613/2282/2758
f 2614/2285/2759 2592/2260/2739 2593/2261/2742 2615/2284/2760
f 2616/2286/2761 2617/2289/2762 2619/2288/2763 2618/2287/2764
f 2618/2287/2764 2619/2288/2763 2621/2291/2765 2620/2290/2766
f 2620/2290/2766 2621/2291/2765 2623/2293/2767 2622/2292/2767
f 2622/2292/2767 2623/2293/2767 2625/2295/2768 2624/2294/2769
f 2624/2294/2769 2625/2295/2768 2627/2297/2770 2626/2296/2771
f 2626/2296/2771 2627/2297/2770 2629/2299/2750 2628/2298/2772
f 2628/2300/2772 2629/2303/2750 2631/2302/2773 2630/2301/2774
f 2630/2301/2774 2631/2302/2773 2633/2305/2775 2632/2304/2776
f 2632/2304/2776 2633/2305/2775 2635/2307/2777 2634/2306/2777
f 2634/2306/2777 2635/2307/2777 2637/2309/2778 2636/2308/2779
f 2636/2308/2779 2637/2309/2778 2639/2311/2780 2638/2310/2781
f 2638/2310/2781 2639/2311/2780 2617/2289/2762 2616/2286/2761
f 2659/1431/2782 2652/1434/2782 2666/1433/2782 2657/1432/2782
f 2680/1435/2783 2692/1438/2783 2661/1437/2783 2649/1436/2783
f 2659/1431/2784 2657/1432/2784 2643/1440/2784 2645/1439/2784
f 2660/1441/2784 2658/1444/2784 2644/1443/2785 2648/1442/2784
f 2663/1445/2786 2659/1431/2784 2645/1439/2784 2654/1446/2785
f 2646/1447/2787 2650/1450/2788 2641/1449/2788 2647/1448/2789
f 2653/1451/2790 2664/1453/2790 2665/1452/2790 2663/1445/2790
f 2649/1454/2791 2655/1457/2791 2686/1456/2791 2680/1455/2791
f 2651/1458/2792 2646/1447/2787 2647/1448/2789 2642/1459/2792
f 2704/1460/2793 2691/1463/2793 2687/1462/2793 2705/1461/2793
f 2661/1437/2794 2692/1438/2794 2693/1465/2794 2662/1464/2794
f 2681/1466/2795 2698/1468/2796 2667/1467/2797 2650/1450/2795
f 2669/1469/2798 2667/1467/2797 2655/1457/2799 2653/1451/2798
f 2670/1470/2800 2668/1471/2784 2663/1445/2786 2654/1446/2785
f 2649/1436/2801 2661/1437/2801 2664/1472/2801
f 2642/1459/2784 2647/1448/2784 2660/1441/2784 2656/1473/2784
f 2655/1457/2802 2649/1454/2802 2664/1453/2802 2653/1451/2802
f 2647/1448/2784 2641/1449/2803 2658/1444/2784 2660/1441/2784
f 2664/1472/2804 2661/1437/2804 2652/1475/2804 2665/1474/2804
f 2661/1437/2805 2662/1464/2805 2666/1476/2805 2652/1475/2805
f 2698/1468/2796 2686/1456/2806 2655/1457/2799 2667/1467/2797
f 2663/1445/2807 2665/1452/2807 2652/1434/2807 2659/1431/2807
f 2668/1471/2784 2669/1469/2808 2653/1451/2809 2663/1445/2786
f 2658/1444/2784 2641/1449/2803 2669/1469/2808 2668/1471/2784
f 2644/1443/2785 2658/1444/2784 2668/1471/2784 2670/1470/2800
f 2641/1449/2810 2650/1450/2810 2667/1467/2810 2669/1469/2810
f 2666/1477/2811 2662/1480/2812 2693/1479/2812 2697/1478/2813
f 2690/1481/2814 2688/1484/2814 2697/1483/2814 2683/1482/2814
f 2690/1481/2815 2676/1486/2815 2674/1485/2815 2688/1484/2815
f 2691/1487/2815 2679/1490/2815 2675/1489/2816 2689/1488/2815
f 2694/1491/2817 2685/1492/2818 2676/1486/2815 2690/1481/2815
f 2677/1493/2819 2678/1495/2820 2672/1494/2821 2681/1466/2821
f 2684/1496/2822 2694/1491/2822 2696/1498/2822 2695/1497/2822
f 2682/1499/2823 2673/1500/2823 2678/1495/2820 2677/1493/2819
f 2656/1501/2824 2660/1504/2824 2702/1503/2824 2703/1502/2824
f 2700/1505/2825 2684/1496/2825 2686/1456/2806 2698/1468/2796
f 2701/1506/2826 2685/1492/2818 2694/1491/2817 2699/1507/2815
f 2680/1435/2827 2695/1508/2827 2692/1438/2827
f 2673/1500/2828 2687/1509/2828 2691/1487/2815 2678/1495/2815
f 2686/1456/2829 2684/1496/2829 2695/1497/2829 2680/1455/2829
f 2678/1495/2815 2691/1487/2815 2689/1488/2815 2672/1494/2830
f 2695/1508/2831 2696/1511/2831 2683/1510/2831 2692/1438/2831
f 2692/1438/2832 2683/1510/2832 2697/1512/2832 2693/1465/2832
f 2694/1491/2833 2690/1481/2833 2683/1482/2833 2696/1498/2833
f 2699/1507/2815 2694/1491/2817 2684/1496/2834 2700/1505/2835
f 2689/1488/2815 2699/1507/2815 2700/1505/2835 2672/1494/2830
f 2675/1489/2816 2701/1506/2826 2699/1507/2815 2689/1488/2815
f 2672/1494/2836 2700/1505/2836 2698/1468/2836 2681/1466/2836
f 2657/1513/2837 2666/1477/2811 2697/1478/2813 2688/1516/2837 2674/1515/2837 2643/1514/2837
f 2671/1517/2838 2640/1520/2838 2648/1519/2838 2679/1518/2838
f 2679/1518/2838 2648/1519/2838 2644/1522/2838 2675/1521/2838
f 2675/1523/2839 2644/1443/2839 2670/1470/2840 2701/1524/2840
f 2701/1524/2840 2670/1470/2840 2654/1446/2841 2685/1525/2841
f 2685/1525/2842 2654/1446/2842 2645/1439/2842 2676/1526/2842
f 2676/1526/2843 2645/1439/2843 2643/1440/2843 2674/1527/2843
f 2677/1493/2844 2681/1466/2844 2650/1450/2844 2646/1447/2844
f 2682/1528/2845 2705/1531/2845 2687/1530/2845 2673/1529/2845
f 2651/1532/2846 2703/1535/2846 2702/1534/2846 2646/1533/2846
f 2677/1536/2847 2704/1537/2847 2705/1531/2847 2682/1528/2847
f 2642/1538/2848 2656/1539/2848 2703/1535/2848 2651/1532/2848
f 2646/1533/2849 2702/1534/2849 2704/1537/2849 2677/1536/2849
f 2640/1520/2850 2671/1517/2851 2704/1460/2852 2702/1503/2853
f 2702/1503/2853 2660/1504/2854 2640/1520/2850
f 2660/1441/2784 2648/1442/2784 2640/1540/2784
f 2671/1541/2815 2679/1490/2815 2691/1487/2815
f 2704/1460/2852 2671/1517/2851 2691/1463/2855
f 2707/1542/2856 2721/1545/2856 2769/1544/2856 2762/1543/2856
f 2713/1546/2857 2741/1549/2858 2777/1548/2859 2764/1547/2859
f 2707/1542/2860 2762/1543/2861 2767/1551/2862 2710/1550/2863
f 2765/1552/2859 2776/1555/2859 2736/1554/2859 2708/1553/2859
f 2712/1556/2864 2715/1559/2865 2717/1558/2866 2714/1557/2867
f 2713/1546/2868 2714/1557/2867 2717/1558/2866 2716/1560/2868
f 2715/1559/2865 2706/1562/2869 2711/1561/2870 2717/1558/2866
f 2719/1563/2868 2716/1560/2868 2717/1558/2866 2711/1561/2870 2718/1564/2868
f 2726/1565/2871 2729/1566/2872 2715/1559/2872 2712/1556/2871
f 2721/1545/2873 2724/1568/2874 2772/1567/2875 2769/1544/2876
f 2774/1569/2877 2740/1572/2878 2754/1571/2878 2781/1570/2877
f 2726/1565/2879 2728/1574/2880 2731/1573/2881 2729/1566/2882
f 2727/1575/2883 2730/1576/2883 2731/1573/2881 2728/1574/2880
f 2729/1566/2882 2731/1573/2881 2725/1578/2884 2720/1577/2885
f 2733/1579/2883 2732/1580/2883 2725/1578/2884 2731/1573/2881 2730/1576/2883
f 2735/1581/2886 2738/1584/2887 2778/1583/2888 2775/1582/2889
f 2736/1585/2890 2776/1586/2891 2778/1583/2888 2738/1584/2887
f 2740/1572/2892 2742/1589/2893 2745/1588/2894 2743/1587/2895
f 2741/1590/2896 2744/1591/2897 2745/1588/2894 2742/1589/2893
f 2743/1587/2895 2745/1588/2894 2739/1593/2898 2734/1592/2899
f 2747/1594/2900 2746/1595/2900 2739/1593/2898 2745/1588/2894 2744/1591/2897
f 2743/1587/2901 2757/1596/2901 2754/1571/2878 2740/1572/2878
f 2782/1597/2902 2784/1600/2903 2756/1599/2904 2755/1598/2905
f 2749/1601/2906 2780/1604/2907 2785/1603/2908 2752/1602/2909
f 2750/1605/2910 2752/1602/2909 2785/1603/2908 2783/1606/2911
f 2754/1571/2912 2757/1596/2913 2759/1607/2914 2756/1599/2904
f 2755/1598/2905 2756/1599/2904 2759/1607/2914 2758/1608/2915
f 2757/1596/2913 2748/1610/2916 2753/1609/2917 2759/1607/2914
f 2761/1611/2918 2758/1608/2915 2759/1607/2914 2753/1609/2917 2760/1612/2918
f 2710/1550/2919 2738/1614/2920 2735/1613/2921 2707/1542/2922
f 2711/1561/2923 2739/1616/2924 2746/1615/2925 2718/1564/2925
f 2709/1617/2926 2737/1619/2927 2734/1618/2928 2706/1562/2929
f 2719/1563/2930 2747/1621/2930 2744/1620/2931 2716/1560/2932
f 2708/1553/2933 2736/1554/2933 2738/1614/2920 2710/1550/2919
f 2716/1560/2932 2744/1620/2931 2741/1549/2858 2713/1546/2857
f 2706/1562/2929 2734/1618/2928 2739/1616/2924 2711/1561/2923
f 2718/1564/2934 2746/1615/2934 2747/1621/2934 2719/1563/2934
f 2707/1542/2922 2735/1613/2921 2749/1622/2935 2721/1545/2936
f 2709/1617/2926 2723/1624/2937 2751/1623/2938 2737/1619/2927
f 2721/1545/2936 2749/1622/2935 2752/1625/2939 2724/1568/2940
f 2732/1580/2941 2760/1627/2941 2753/1626/2942 2725/1578/2943
f 2720/1577/2944 2748/1628/2945 2751/1623/2938 2723/1624/2937
f 2722/1629/2883 2770/1630/2883 2772/1567/2875 2724/1568/2874
f 2730/1576/2946 2758/1632/2947 2761/1631/2948 2733/1579/2948
f 2724/1568/2940 2752/1625/2939 2750/1633/2949 2722/1629/2949
f 2727/1575/2950 2755/1634/2951 2758/1632/2947 2730/1576/2946
f 2725/1578/2943 2753/1626/2942 2748/1628/2945 2720/1577/2944
f 2733/1579/2952 2761/1631/2952 2760/1627/2952 2732/1580/2952
f 2771/1635/2883 2727/1575/2883 2728/1574/2880 2773/1636/2953
f 2708/1553/2868 2710/1550/2863 2767/1551/2862 2765/1552/2868
f 2743/1587/2901 2734/1592/2954 2737/1638/2954 2751/1637/2954 2748/1610/2954 2757/1596/2901
f 2781/1570/2955 2754/1571/2912 2756/1599/2904 2784/1600/2903
f 2780/1604/2877 2749/1601/2877 2735/1581/2877 2775/1582/2877
f 2777/1639/2956 2741/1590/2896 2742/1589/2893 2779/1640/2957
f 2774/1569/2958 2779/1640/2957 2742/1589/2893 2740/1572/2892
f 2722/1629/2959 2750/1633/2959 2783/1641/2959 2770/1630/2959
f 2771/1635/2959 2782/1642/2959 2755/1634/2951 2727/1575/2950
f 2768/1643/2960 2773/1636/2953 2728/1574/2880 2726/1565/2879
f 2764/1547/2868 2766/1644/2961 2714/1557/2867 2713/1546/2868
f 2763/1645/2962 2712/1556/2864 2714/1557/2867 2766/1644/2961
f 2763/1645/2856 2768/1643/2856 2726/1565/2871 2712/1556/2871
f 2771/1635/2959 2770/1630/2959 2783/1641/2959 2782/1642/2959
f 2765/1552/2859 2764/1547/2859 2777/1548/2859 2776/1555/2859
f 2782/1597/2902 2783/1606/2911 2785/1603/2908 2784/1600/2903
f 2784/1600/2903 2785/1603/2908 2780/1604/2907 2781/1570/2955
f 2779/1640/2957 2778/1583/2888 2776/1586/2891 2777/1639/2956
f 2774/1569/2958 2775/1582/2889 2778/1583/2888 2779/1640/2957
f 2780/1604/2877 2775/1582/2877 2774/1569/2877 2781/1570/2877
f 2773/1636/2953 2772/1567/2875 2770/1630/2883 2771/1635/2883
f 2772/1567/2875 2773/1636/2953 2768/1643/2960 2769/1544/2876
f 2764/1547/2868 2765/1552/2868 2767/1551/2862 2766/1644/2961
f 2763/1645/2962 2766/1644/2961 2767/1551/2862 2762/1543/2861
f 2763/1645/2856 2762/1543/2856 2769/1544/2856 2768/1643/2856
f 2709/1617/2963 2706/1562/2963 2715/1559/2872 2729/1566/2872 2720/1577/2963 2723/1624/2963
f 2812/1646/2964 2811/1649/2964 2908/1648/2964 2909/1647/2964
f 2788/1650/2965 2786/1653/2965 2790/1652/2965 2797/1651/2965
f 2798/1654/2966 2791/1658/2966 2789/1657/2966 2800/1656/2966 2799/1655/2966
f 2790/1652/2967 2791/1658/2967 2798/1654/2967 2797/1651/2967
f 2786/1653/2965 2787/1660/2965 2794/1659/2965 2790/1652/2965
f 2789/1657/2966 2791/1658/2966 2796/1662/2966 2795/1661/2966
f 2790/1652/2967 2794/1659/2967 2796/1662/2967 2791/1658/2967
f 2856/1663/2968 2800/1656/2966 2789/1657/2966 2793/1664/2968
f 2802/1665/2966 2792/1668/2966 2804/1667/2966 2803/1666/2966
f 2793/1664/2968 2802/1665/2966 2803/1666/2966 2801/1669/2968
f 2831/1670/2969 2830/1673/2970 2910/1672/2971 2911/1671/2971
f 2788/1650/2965 2813/1675/2965 2806/1674/2965 2786/1653/2965
f 2814/1676/2964 2815/1680/2964 2816/1679/2972 2805/1678/2964 2807/1677/2964
f 2806/1674/2973 2813/1675/2973 2814/1676/2973 2807/1677/2973
f 2786/1653/2965 2806/1674/2965 2810/1681/2965 2787/1660/2965
f 2805/1678/2964 2811/1649/2964 2812/1646/2964 2807/1677/2964
f 2806/1674/2973 2807/1677/2973 2812/1646/2973 2810/1681/2973
f 2858/1682/2972 2805/1678/2964 2816/1679/2972
f 2818/1683/2964 2819/1686/2964 2820/1685/2964 2808/1684/2964
f 2809/1687/2972 2817/1688/2964 2819/1686/2964 2818/1683/2964
f 2846/1689/2974 2847/1692/2975 2913/1691/2976 2912/1690/2976
f 2823/1693/2977 2832/1696/2978 2825/1695/2979 2821/1694/2980
f 2833/1697/2981 2834/1701/2981 2835/1700/2982 2824/1699/2983 2826/1698/2981
f 2825/1695/2984 2832/1696/2984 2833/1697/2984 2826/1698/2984
f 2821/1694/2980 2825/1695/2979 2829/1703/2985 2822/1702/2986
f 2824/1699/2987 2830/1673/2970 2831/1670/2969 2826/1698/2987
f 2825/1695/2988 2826/1698/2988 2831/1670/2988 2829/1703/2988
f 2857/1704/2964 2828/1705/2972 2824/1699/2983 2835/1700/2982
f 2837/1706/2964 2838/1709/2964 2839/1708/2964 2827/1707/2964
f 2828/1705/2972 2836/1710/2972 2838/1709/2964 2837/1706/2964
f 2830/1711/2989 2795/1714/2989 2906/1713/2990 2910/1712/2990
f 2823/1693/2977 2821/1694/2980 2841/1716/2991 2848/1715/2992
f 2849/1717/2993 2842/1721/2993 2840/1720/2994 2851/1719/2995 2850/1718/2993
f 2841/1716/2996 2842/1721/2996 2849/1717/2996 2848/1715/2996
f 2821/1694/2980 2822/1702/2986 2845/1722/2997 2841/1716/2991
f 2840/1720/2998 2842/1721/2998 2847/1692/2975 2846/1689/2974
f 2841/1716/2999 2845/1722/2999 2847/1692/2999 2842/1721/2999
f 2859/1723/2966 2851/1719/2995 2840/1720/2994
f 2853/1724/2966 2843/1727/2966 2855/1726/2966 2854/1725/2966
f 2844/1728/2966 2853/1724/2966 2854/1725/2966 2852/1729/2966
f 2795/1714/2989 2830/1711/2989 2824/1731/3000 2789/1730/3000
f 2796/1732/3001 2831/1735/3001 2911/1734/3001 2907/1733/3001
f 2811/1736/2989 2846/1739/2989 2912/1738/2990 2908/1737/2990
f 2797/1740/3002 2832/1743/3002 2823/1742/3002 2788/1741/3002
f 2799/1744/3003 2834/1747/3003 2833/1746/3003 2798/1745/3003
f 2800/1748/3004 2835/1749/3004 2834/1747/3004 2799/1744/3004
f 2856/1750/3005 2857/1751/3005 2835/1749/3005 2800/1748/3005
f 2802/1752/3000 2837/1755/3000 2827/1754/3000 2792/1753/3000
f 2792/1753/3006 2827/1754/3006 2839/1757/3006 2804/1756/3006
f 2787/1758/3007 2822/1761/3007 2829/1760/3007 2794/1759/3007
f 2798/1745/3008 2833/1746/3008 2832/1743/3008 2797/1740/3008
f 2794/1759/3009 2829/1760/3009 2831/1763/3009 2796/1762/3009
f 2804/1756/3010 2839/1757/3010 2838/1765/3010 2803/1764/3010
f 2803/1764/3011 2838/1765/3011 2836/1767/3011 2801/1766/3011
f 2793/1768/3000 2828/1769/3000 2837/1755/3000 2802/1752/3000
f 2847/1770/3012 2812/1773/3012 2909/1772/3012 2913/1771/3012
f 2805/1774/3000 2840/1775/3000 2846/1739/2989 2811/1736/2989
f 2788/1741/3002 2823/1742/3002 2848/1777/3002 2813/1776/3002
f 2814/1778/3013 2849/1781/3013 2850/1780/3013 2815/1779/3013
f 2815/1779/3004 2850/1780/3004 2851/1783/3004 2816/1782/3004
f 2858/1784/3014 2859/1787/3014 2852/1786/3014 2817/1785/3014
f 2808/1788/3000 2843/1791/3000 2853/1790/3000 2818/1789/3000
f 2820/1792/3006 2855/1793/3006 2843/1791/3006 2808/1788/3006
f 2810/1794/3007 2845/1795/3007 2822/1761/3007 2787/1758/3007
f 2813/1776/3015 2848/1777/3015 2849/1797/3015 2814/1796/3015
f 2812/1773/3016 2847/1770/3016 2845/1795/3016 2810/1794/3016
f 2819/1798/3010 2854/1799/3010 2855/1793/3010 2820/1792/3010
f 2817/1785/3011 2852/1786/3011 2854/1799/3011 2819/1798/3011
f 2818/1789/3000 2853/1790/3000 2844/1801/3000 2809/1800/3000
f 2801/1766/3014 2836/1767/3014 2857/1751/3014 2856/1750/3014
f 2789/1730/3017 2824/1731/3017 2828/1769/3017 2793/1768/3017
f 2836/1710/2972 2828/1705/2972 2857/1704/2964
f 2801/1669/2968 2856/1663/2968 2793/1664/2968
f 2816/1782/3018 2851/1783/3018 2859/1787/3018 2858/1784/3018
f 2809/1800/3019 2844/1801/3019 2840/1775/3019 2805/1774/3019
f 2852/1729/2966 2859/1723/2966 2840/1720/2994 2844/1728/2966
f 2817/1688/2964 2809/1687/2972 2805/1678/2964 2858/1682/2972
f 2867/1802/3020 2860/1805/3020 2864/1804/3020 2872/1803/3020
f 2860/1806/3021 2863/1809/3021 2862/1808/3021 2864/1807/3021
f 2862/1810/3022 2871/1813/3022 3235/1812/3023 3232/1811/3024
f 2870/1814/3025 2871/1813/3026 2862/1810/3026 2863/1815/3025
f 3252/1816/3027 2876/1819/3028 2869/1818/3028 3248/1817/3027
f 2869/1818/3028 2874/1822/3028 2866/1821/3028 2861/1820/3028
f 3231/1823/3021 3246/1828/3021 3247/1827/3021 3245/1826/3021 2861/1825/3021 3226/1824/3021
f 2865/1829/3029 2866/1821/3029 2874/1822/3029 2873/1830/3029
f 2861/1825/3021 2866/1833/3021 2865/1832/3021 3229/1831/3021 3226/1824/3021
f 2860/1805/3030 2867/1802/3030 2870/1814/3025 2863/1815/3025
f 2862/1808/3021 3232/1835/3021 3227/1834/3021 2864/1807/3021
f 3234/1836/3031 3249/1839/3032 3246/1838/3032 3231/1837/3033
f 3243/1840/3034 3238/1845/3034 2876/1844/3034 3252/1843/3034 3253/1842/3034 3251/1841/3034
f 2867/1802/3020 2872/1803/3020 2879/1847/3035 2875/1846/3035
f 2875/1848/3034 2879/1851/3034 2877/1850/3034 2878/1849/3034
f 2877/1852/3022 3242/1853/3036 3235/1812/3023 2871/1813/3022
f 2876/1844/3034 3238/1845/3034 3239/1856/3034 2880/1855/3034 2881/1854/3034
f 2870/1814/3025 2878/1857/3025 2877/1852/3026 2871/1813/3026
f 2869/1818/3028 2876/1819/3028 2881/1858/3028 2874/1822/3028
f 2877/1850/3034 2879/1851/3034 3237/1860/3034 3242/1859/3034
f 2880/1861/3029 2873/1830/3029 2874/1822/3029 2881/1858/3029
f 2875/1846/3030 2878/1857/3025 2870/1814/3025 2867/1802/3030
f 3234/1836/3031 3243/1863/3037 3251/1862/3032 3249/1839/3032
f 3240/1864/3030 2868/1868/3030 2873/1867/3030 2880/1866/3030 3239/1865/3030
f 2884/2312/3038 2883/2315/3039 2915/2314/3040 2916/2313/3041
f 2885/2316/3042 2884/2312/3038 2916/2313/3041 2917/2317/3042
f 2886/2318/3043 2885/2316/3042 2917/2317/3042 2918/2319/3044
f 2887/2320/3045 2886/2318/3043 2918/2319/3044 2919/2321/3046
f 2888/2322/3047 2887/2320/3045 2919/2321/3046 2920/2323/3048
f 2889/2324/3049 2888/2327/3047 2920/2326/3048 2921/2325/3050
f 2890/2328/3051 2889/2324/3049 2921/2325/3050 2922/2329/3052
f 2891/2330/3053 2890/2328/3051 2922/2329/3052 2923/2331/3053
f 2892/2332/3054 2891/2330/3053 2923/2331/3053 2924/2333/3055
f 2893/2334/3056 2892/2332/3054 2924/2333/3055 2925/2335/3057
f 2882/2336/3058 2893/2334/3056 2925/2335/3057 2914/2337/3059
f 2894/2338/3060 2895/2341/3061 2927/2340/3062 2926/2339/3063
f 2895/2341/3061 2896/2343/3064 2928/2342/3065 2927/2340/3062
f 2896/2343/3064 2897/2345/3066 2929/2344/3066 2928/2342/3065
f 2897/2345/3066 2898/2347/3067 2930/2346/3068 2929/2344/3066
f 2898/2347/3067 2899/2349/3069 2931/2348/3070 2930/2346/3068
f 2899/2349/3069 2900/2351/3071 2932/2350/3047 2931/2348/3070
f 2900/2352/3071 2901/2355/3072 2933/2354/3073 2932/2353/3047
f 2901/2355/3072 2902/2357/3074 2934/2356/3075 2933/2354/3073
f 2902/2357/3074 2903/2359/3076 2935/2358/3076 2934/2356/3075
f 2903/2359/3076 2904/2361/3077 2936/2360/3078 2935/2358/3076
f 2904/2361/3077 2905/2363/3079 2937/2362/3080 2936/2360/3078
f 2905/2363/3079 2894/2338/3060 2926/2339/3063 2937/2362/3080
f 2907/1733/3081 2911/1734/3081 2910/1712/3081 2906/1713/3081
f 2908/1737/3081 2912/1738/3081 2913/1771/3081 2909/1772/3081
f 2795/1661/2966 2796/1662/2966 2907/1870/2966 2906/1869/2966
f 2883/2315/3039 2882/2336/3058 2914/2337/3059 2915/2314/3040
f 3001/2364/3082 2969/2367/3083 2939/2366/3084 2986/2365/3085
f 2961/2368/3086 3013/2371/3087 3014/2370/3088 2963/2369/3089
f 2938/2372/3090 2970/2375/3090 2971/2374/3091 2940/2373/3091
f 2988/2376/3092 2987/2379/3093 2941/2378/3094 2943/2377/3095
f 2989/2380/3096 2988/2376/3092 2943/2377/3095 2945/2381/3097
f 2990/2382/3098 2989/2380/3096 2945/2381/3097 2947/2383/3099
f 2991/2384/3100 2990/2382/3098 2947/2383/3099 2949/2385/3101
f 2992/2386/3102 2991/2384/3100 2949/2385/3101 2951/2387/3103
f 2993/2388/3104 2992/2386/3102 2951/2387/3103 2953/2389/3105
f 2994/2390/3106 2993/2388/3104 2953/2389/3105 2955/2391/3107
f 2995/2392/3108 2994/2390/3106 2955/2391/3107 2957/2393/3109
f 2996/2394/3110 2995/2392/3108 2957/2393/3109 2959/2395/3111
f 2997/2396/3112 2996/2394/3110 2959/2395/3111 2961/2368/3086
f 2998/2397/3113 2997/2396/3112 2961/2368/3086 2963/2369/3089
f 2999/2398/3114 2998/2397/3113 2963/2369/3089 2965/2399/3115
f 3000/2400/3116 2999/2398/3114 2965/2399/3115 2967/2401/3117
f 3001/2402/3082 3000/2400/3116 2967/2401/3117 2969/2403/3083
f 2951/2387/3103 3008/2405/3118 3009/2404/3119 2953/2389/3105
f 2970/2406/3120 2986/2365/3120 2987/2379/3121 2971/2407/3121
f 2938/2408/2966 2940/2423/2966 2942/2422/2966 2944/2421/2966 2946/2420/2966 2948/2419/2966 2950/2418/2966 2952/2417/2966 2954/2416/2966 2956/2415/2966 2958/2414/2966 2960/2413/2966 2962/2412/2966 2964/2411/2966 2966/2410/2966 2968/2409/2966
f 2938/2372/3090 2968/2425/3122 2985/2424/3122 2970/2375/3090
f 2966/2426/3123 2984/2429/3123 2985/2428/3122 2968/2427/3122
f 2964/2430/3124 2983/2431/3124 2984/2429/3123 2966/2426/3123
f 2962/2432/3125 2982/2433/3125 2983/2431/3124 2964/2430/3124
f 2960/2434/3126 2981/2435/3126 2982/2433/3125 2962/2432/3125
f 2958/2436/3127 2980/2437/3127 2981/2435/3126 2960/2434/3126
f 2956/2438/3128 2979/2439/3128 2980/2437/3127 2958/2436/3127
f 2954/2440/3129 2978/2441/3129 2979/2439/3128 2956/2438/3128
f 2952/2442/3130 2977/2443/3130 2978/2441/3129 2954/2440/3129
f 2950/2444/3131 2976/2445/3131 2977/2443/3130 2952/2442/3130
f 2948/2446/3132 2975/2447/3132 2976/2445/3131 2950/2444/3131
f 2946/2448/3133 2974/2449/3133 2975/2447/3132 2948/2446/3132
f 2944/2450/3134 2973/2451/3134 2974/2449/3133 2946/2448/3133
f 2942/2452/3135 2972/2453/3135 2973/2451/3134 2944/2450/3134
f 2940/2373/3091 2971/2374/3091 2972/2453/3135 2942/2452/3135
f 2987/2379/3093 2986/2365/3085 2939/2366/3084 2941/2378/3094
f 2985/2454/3136 3001/2364/3136 2986/2365/3120 2970/2406/3120
f 2984/2455/3137 3000/2400/3137 3001/2402/3136 2985/2456/3136
f 2983/2457/3138 2999/2398/3138 3000/2400/3137 2984/2455/3137
f 2982/2458/3139 2998/2397/3139 2999/2398/3138 2983/2457/3138
f 2981/2459/3140 2997/2396/3140 2998/2397/3139 2982/2458/3139
f 2980/2460/3141 2996/2394/3141 2997/2396/3140 2981/2459/3140
f 2979/2461/3142 2995/2392/3142 2996/2394/3141 2980/2460/3141
f 2978/2462/3143 2994/2390/3143 2995/2392/3142 2979/2461/3142
f 2977/2463/3144 2993/2388/3144 2994/2390/3143 2978/2462/3143
f 2976/2464/3145 2992/2386/3145 2993/2388/3144 2977/2463/3144
f 2975/2465/3146 2991/2384/3146 2992/2386/3145 2976/2464/3145
f 2974/2466/3147 2990/2382/3147 2991/2384/3146 2975/2465/3146
f 2973/2467/3148 2989/2380/3148 2990/2382/3147 2974/2466/3147
f 2972/2468/3149 2988/2376/3149 2989/2380/3148 2973/2467/3148
f 2971/2407/3121 2987/2379/3121 2988/2376/3149 2972/2468/3149
f 2943/2377/3095 3004/2470/3150 3005/2469/3151 2945/2381/3097
f 2953/2389/3105 3009/2404/3119 3010/2471/3152 2955/2391/3107
f 2945/2381/3097 3005/2469/3151 3006/2472/3153 2947/2383/3099
f 2963/2369/3089 3014/2370/3088 3015/2473/3154 2965/2399/3115
f 2955/2391/3107 3010/2471/3152 3011/2474/3155 2957/2393/3109
f 2969/2367/3083 3017/2476/3156 3002/2475/3157 2939/2366/3084
f 2947/2383/3099 3006/2472/3153 3007/2477/3158 2949/2385/3101
f 2965/2399/3115 3015/2473/3154 3016/2478/3159 2967/2401/3117
f 2939/2366/3084 3002/2475/3157 3003/2479/3160 2941/2378/3094
f 2957/2393/3109 3011/2474/3155 3012/2480/3161 2959/2395/3111
f 2949/2385/3101 3007/2477/3158 3008/2405/3118 2951/2387/3103
f 2967/2401/3117 3016/2478/3159 3017/2481/3156 2969/2403/3083
f 2941/2378/3094 3003/2479/3160 3004/2470/3150 2943/2377/3095
f 2959/2395/3111 3012/2480/3161 3013/2371/3087 2961/2368/3086
f 3081/2482/3162 3066/2485/3163 3019/2484/3164 3049/2483/3165
f 3041/2486/3166 3043/2487/3167 3014/2370/3088 3013/2371/3087
f 3018/2488/3168 3020/2491/3169 3051/2490/3169 3050/2489/3168
f 3068/2492/3170 3023/2495/3171 3021/2494/3172 3067/2493/3173
f 3069/2496/3174 3025/2497/3175 3023/2495/3171 3068/2492/3170
f 3070/2498/3176 3027/2499/3177 3025/2497/3175 3069/2496/3174
f 3071/2500/3178 3029/2501/3179 3027/2499/3177 3070/2498/3176
f 3072/2502/3180 3031/2503/3181 3029/2501/3179 3071/2500/3178
f 3073/2504/3182 3033/2505/3183 3031/2503/3181 3072/2502/3180
f 3074/2506/3184 3035/2507/3185 3033/2505/3183 3073/2504/3182
f 3075/2508/3186 3037/2509/3187 3035/2507/3185 3074/2506/3184
f 3076/2510/3188 3039/2511/3189 3037/2509/3187 3075/2508/3186
f 3077/2512/3190 3041/2486/3166 3039/2511/3189 3076/2510/3188
f 3078/2513/3191 3043/2487/3167 3041/2486/3166 3077/2512/3190
f 3079/2514/3192 3045/2515/3193 3043/2487/3167 3078/2513/3191
f 3080/2516/3194 3047/2517/3195 3045/2515/3193 3079/2514/3192
f 3081/2518/3162 3049/2519/3165 3047/2517/3195 3080/2516/3194
f 3031/2503/3181 3033/2505/3183 3009/2404/3119 3008/2405/3118
f 3050/2520/3196 3051/2521/3197 3067/2493/3197 3066/2485/3196
f 3018/2522/2964 3048/2537/2964 3046/2536/2964 3044/2535/2964 3042/2534/2964 3040/2533/2964 3038/2532/2964 3036/2531/2964 3034/2530/2964 3032/2529/2964 3030/2528/2964 3028/2527/2964 3026/2526/2964 3024/2525/2964 3022/2524/2964 3020/2523/2964
f 3018/2488/3168 3050/2489/3168 3065/2539/3198 3048/2538/3198
f 3046/2540/3199 3048/2543/3198 3065/2542/3198 3064/2541/3199
f 3044/2544/3200 3046/2540/3199 3064/2541/3199 3063/2545/3200
f 3042/2546/3201 3044/2544/3200 3063/2545/3200 3062/2547/3201
f 3040/2548/3202 3042/2546/3201 3062/2547/3201 3061/2549/3202
f 3038/2550/3203 3040/2548/3202 3061/2549/3202 3060/2551/3203
f 3036/2552/3204 3038/2550/3203 3060/2551/3203 3059/2553/3204
f 3034/2554/3205 3036/2552/3204 3059/2553/3204 3058/2555/3205
f 3032/2556/3206 3034/2554/3205 3058/2555/3205 3057/2557/3206
f 3030/2558/3207 3032/2556/3206 3057/2557/3206 3056/2559/3207
f 3028/2560/3208 3030/2558/3207 3056/2559/3207 3055/2561/3208
f 3026/2562/3209 3028/2560/3208 3055/2561/3208 3054/2563/3209
f 3024/2564/3210 3026/2562/3209 3054/2563/3209 3053/2565/3210
f 3022/2566/3211 3024/2564/3210 3053/2565/3210 3052/2567/3211
f 3020/2491/3169 3022/2566/3211 3052/2567/3211 3051/2490/3169
f 3067/2493/3173 3021/2494/3172 3019/2484/3164 3066/2485/3163
f 3065/2568/3212 3050/2520/3196 3066/2485/3196 3081/2482/3212
f 3064/2569/3213 3065/2570/3212 3081/2518/3212 3080/2516/3213
f 3063/2571/3214 3064/2569/3213 3080/2516/3213 3079/2514/3214
f 3062/2572/3215 3063/2571/3214 3079/2514/3214 3078/2513/3215
f 3061/2573/3216 3062/2572/3215 3078/2513/3215 3077/2512/3216
f 3060/2574/3217 3061/2573/3216 3077/2512/3216 3076/2510/3217
f 3059/2575/3218 3060/2574/3217 3076/2510/3217 3075/2508/3218
f 3058/2576/3219 3059/2575/3218 3075/2508/3218 3074/2506/3219
f 3057/2577/3220 3058/2576/3219 3074/2506/3219 3073/2504/3220
f 3056/2578/3221 3057/2577/3220 3073/2504/3220 3072/2502/3221
f 3055/2579/3222 3056/2578/3221 3072/2502/3221 3071/2500/3222
f 3054/2580/3223 3055/2579/3222 3071/2500/3222 3070/2498/3223
f 3053/2581/3224 3054/2580/3223 3070/2498/3223 3069/2496/3224
f 3052/2582/3225 3053/2581/3224 3069/2496/3224 3068/2492/3225
f 3051/2521/3197 3052/2582/3225 3068/2492/3225 3067/2493/3197
f 3023/2495/3171 3025/2497/3175 3005/2469/3151 3004/2470/3150
f 3033/2505/3183 3035/2507/3185 3010/2471/3152 3009/2404/3119
f 3025/2497/3175 3027/2499/3177 3006/2472/3153 3005/2469/3151
f 3043/2487/3167 3045/2515/3193 3015/2473/3154 3014/2370/3088
f 3035/2507/3185 3037/2509/3187 3011/2474/3155 3010/2471/3152
f 3049/2483/3165 3019/2484/3164 3002/2475/3157 3017/2476/3156
f 3027/2499/3177 3029/2501/3179 3007/2477/3158 3006/2472/3153
f 3045/2515/3193 3047/2517/3195 3016/2478/3159 3015/2473/3154
f 3019/2484/3164 3021/2494/3172 3003/2479/3160 3002/2475/3157
f 3037/2509/3187 3039/2511/3189 3012/2480/3161 3011/2474/3155
f 3029/2501/3179 3031/2503/3181 3008/2405/3118 3007/2477/3158
f 3047/2517/3195 3049/2519/3165 3017/2481/3156 3016/2478/3159
f 3021/2494/3172 3023/2495/3171 3004/2470/3150 3003/2479/3160
f 3039/2511/3189 3041/2486/3166 3013/2371/3087 3012/2480/3161
f 3145/1871/3226 3113/1874/3227 3083/1873/3228 3130/1872/3229
f 3105/1875/3230 3157/1878/3231 3158/1877/3232 3107/1876/3233
f 3082/1879/3234 3114/1882/3234 3115/1881/3235 3084/1880/3235
f 3132/1883/3236 3131/1886/3237 3085/1885/3238 3087/1884/3239
f 3133/1887/3240 3132/1883/3236 3087/1884/3239 3089/1888/3241
f 3134/1889/3242 3133/1887/3240 3089/1888/3241 3091/1890/3243
f 3135/1891/3244 3134/1889/3242 3091/1890/3243 3093/1892/3245
f 3136/1893/3246 3135/1891/3244 3093/1892/3245 3095/1894/3247
f 3137/1895/3248 3136/1893/3246 3095/1894/3247 3097/1896/3249
f 3138/1897/3250 3137/1895/3248 3097/1896/3249 3099/1898/3251
f 3139/1899/3252 3138/1897/3250 3099/1898/3251 3101/1900/3253
f 3140/1901/3254 3139/1899/3252 3101/1900/3253 3103/1902/3255
f 3141/1903/3256 3140/1901/3254 3103/1902/3255 3105/1875/3230
f 3142/1904/3257 3141/1903/3256 3105/1875/3230 3107/1876/3233
f 3143/1905/3258 3142/1904/3257 3107/1876/3233 3109/1906/3259
f 3144/1907/3260 3143/1905/3258 3109/1906/3259 3111/1908/3261
f 3145/1871/3226 3144/1907/3260 3111/1908/3261 3113/1874/3227
f 3095/1894/3247 3152/1910/3262 3153/1909/3263 3097/1896/3249
f 3114/1911/3264 3130/1913/3264 3131/1886/3265 3115/1912/3265
f 3082/1914/3021 3084/1929/3021 3086/1928/3021 3088/1927/3021 3090/1926/3021 3092/1925/3021 3094/1924/3021 3096/1923/3021 3098/1922/3021 3100/1921/3021 3102/1920/3021 3104/1919/3021 3106/1918/3021 3108/1917/3021 3110/1916/3021 3112/1915/3021
f 3082/1930/3234 3112/1933/3266 3129/1932/3266 3114/1931/3234
f 3110/1934/3267 3128/1935/3267 3129/1932/3266 3112/1933/3266
f 3108/1936/3268 3127/1937/3268 3128/1935/3267 3110/1934/3267
f 3106/1938/3269 3126/1939/3269 3127/1937/3268 3108/1936/3268
f 3104/1940/3270 3125/1941/3270 3126/1939/3269 3106/1938/3269
f 3102/1942/3271 3124/1943/3271 3125/1941/3270 3104/1940/3270
f 3100/1944/3272 3123/1945/3272 3124/1943/3271 3102/1942/3271
f 3098/1946/3273 3122/1947/3273 3123/1945/3272 3100/1944/3272
f 3096/1948/3274 3121/1949/3274 3122/1947/3273 3098/1946/3273
f 3094/1950/3275 3120/1951/3275 3121/1949/3274 3096/1948/3274
f 3092/1952/3276 3119/1953/3276 3120/1951/3275 3094/1950/3275
f 3090/1954/3277 3118/1955/3277 3119/1953/3276 3092/1952/3276
f 3088/1956/3278 3117/1957/3278 3118/1955/3277 3090/1954/3277
f 3086/1958/3279 3116/1959/3279 3117/1957/3278 3088/1956/3278
f 3084/1880/3235 3115/1881/3235 3116/1959/3279 3086/1958/3279
f 3131/1886/3237 3130/1913/3229 3083/1960/3228 3085/1885/3238
f 3129/1961/3280 3145/1871/3280 3130/1872/3264 3114/1962/3264
f 3128/1963/3281 3144/1907/3281 3145/1871/3280 3129/1961/3280
f 3127/1964/3282 3143/1905/3282 3144/1907/3281 3128/1963/3281
f 3126/1965/3283 3142/1904/3283 3143/1905/3282 3127/1964/3282
f 3125/1966/3284 3141/1903/3284 3142/1904/3283 3126/1965/3283
f 3124/1967/3285 3140/1901/3285 3141/1903/3284 3125/1966/3284
f 3123/1968/3286 3139/1899/3286 3140/1901/3285 3124/1967/3285
f 3122/1969/3287 3138/1897/3287 3139/1899/3286 3123/1968/3286
f 3121/1970/3288 3137/1895/3288 3138/1897/3287 3122/1969/3287
f 3120/1971/3289 3136/1893/3289 3137/1895/3288 3121/1970/3288
f 3119/1972/3290 3135/1891/3290 3136/1893/3289 3120/1971/3289
f 3118/1973/3291 3134/1889/3291 3135/1891/3290 3119/1972/3290
f 3117/1974/3292 3133/1887/3292 3134/1889/3291 3118/1973/3291
f 3116/1975/3293 3132/1883/3293 3133/1887/3292 3117/1974/3292
f 3115/1912/3265 3131/1886/3265 3132/1883/3293 3116/1975/3293
f 3087/1884/3239 3148/1977/3294 3149/1976/3295 3089/1888/3241
f 3097/1896/3249 3153/1909/3263 3154/1978/3296 3099/1898/3251
f 3089/1888/3241 3149/1976/3295 3150/1979/3297 3091/1890/3243
f 3107/1876/3233 3158/1877/3232 3159/1980/3298 3109/1906/3259
f 3099/1898/3251 3154/1978/3296 3155/1981/3299 3101/1900/3253
f 3113/1874/3227 3161/1983/3300 3146/1982/3301 3083/1873/3228
f 3091/1890/3243 3150/1979/3297 3151/1984/3302 3093/1892/3245
f 3109/1906/3259 3159/1980/3298 3160/1985/3303 3111/1908/3261
f 3083/1960/3228 3146/1987/3301 3147/1986/3304 3085/1885/3238
f 3101/1900/3253 3155/1981/3299 3156/1988/3305 3103/1902/3255
f 3093/1892/3245 3151/1984/3302 3152/1910/3262 3095/1894/3247
f 3111/1908/3261 3160/1985/3303 3161/1983/3300 3113/1874/3227
f 3085/1885/3238 3147/1986/3304 3148/1977/3294 3087/1884/3239
f 3103/1902/3255 3156/1988/3305 3157/1878/3231 3105/1875/3230
f 3225/1989/3306 3210/1992/3307 3163/1991/3308 3193/1990/3309
f 3185/1993/3310 3187/1994/3311 3158/1877/3232 3157/1878/3231
f 3162/1995/3312 3164/1998/3313 3195/1997/3313 3194/1996/3312
f 3212/1999/3314 3167/2002/3315 3165/2001/3316 3211/2000/3317
f 3213/2003/3318 3169/2004/3319 3167/2002/3315 3212/1999/3314
f 3214/2005/3320 3171/2006/3321 3169/2004/3319 3213/2003/3318
f 3215/2007/3322 3173/2008/3323 3171/2006/3321 3214/2005/3320
f 3216/2009/3324 3175/2010/3325 3173/2008/3323 3215/2007/3322
f 3217/2011/3326 3177/2012/3327 3175/2010/3325 3216/2009/3324
f 3218/2013/3328 3179/2014/3329 3177/2012/3327 3217/2011/3326
f 3219/2015/3330 3181/2016/3331 3179/2014/3329 3218/2013/3328
f 3220/2017/3332 3183/2018/3333 3181/2016/3331 3219/2015/3330
f 3221/2019/3334 3185/1993/3310 3183/2018/3333 3220/2017/3332
f 3222/2020/3335 3187/1994/3311 3185/1993/3310 3221/2019/3334
f 3223/2021/3336 3189/2022/3337 3187/1994/3311 3222/2020/3335
f 3224/2023/3338 3191/2024/3339 3189/2022/3337 3223/2021/3336
f 3225/1989/3306 3193/1990/3309 3191/2024/3339 3224/2023/3338
f 3175/2010/3325 3177/2012/3327 3153/1909/3263 3152/1910/3262
f 3194/2025/3340 3195/2027/3341 3211/2000/3341 3210/2026/3340
f 3162/2028/3034 3192/2043/3034 3190/2042/3034 3188/2041/3034 3186/2040/3034 3184/2039/3034 3182/2038/3034 3180/2037/3034 3178/2036/3034 3176/2035/3034 3174/2034/3034 3172/2033/3034 3170/2032/3034 3168/2031/3034 3166/2030/3034 3164/2029/3034
f 3162/2044/3312 3194/2047/3312 3209/2046/3342 3192/2045/3342
f 3190/2048/3343 3192/2045/3342 3209/2046/3342 3208/2049/3343
f 3188/2050/3344 3190/2048/3343 3208/2049/3343 3207/2051/3344
f 3186/2052/3345 3188/2050/3344 3207/2051/3344 3206/2053/3345
f 3184/2054/3346 3186/2052/3345 3206/2053/3345 3205/2055/3346
f 3182/2056/3347 3184/2054/3346 3205/2055/3346 3204/2057/3347
f 3180/2058/3348 3182/2056/3347 3204/2057/3347 3203/2059/3348
f 3178/2060/3349 3180/2058/3348 3203/2059/3348 3202/2061/3349
f 3176/2062/3350 3178/2060/3349 3202/2061/3349 3201/2063/3350
f 3174/2064/3351 3176/2062/3350 3201/2063/3350 3200/2065/3351
f 3172/2066/3352 3174/2064/3351 3200/2065/3351 3199/2067/3352
f 3170/2068/3353 3172/2066/3352 3199/2067/3352 3198/2069/3353
f 3168/2070/3354 3170/2068/3353 3198/2069/3353 3197/2071/3354
f 3166/2072/3355 3168/2070/3354 3197/2071/3354 3196/2073/3355
f 3164/1998/3313 3166/2072/3355 3196/2073/3355 3195/1997/3313
f 3211/2000/3317 3165/2001/3316 3163/2074/3308 3210/2026/3307
f 3209/2075/3356 3194/2076/3340 3210/1992/3340 3225/1989/3356
f 3208/2077/3357 3209/2075/3356 3225/1989/3356 3224/2023/3357
f 3207/2078/3358 3208/2077/3357 3224/2023/3357 3223/2021/3358
f 3206/2079/3359 3207/2078/3358 3223/2021/3358 3222/2020/3359
f 3205/2080/3360 3206/2079/3359 3222/2020/3359 3221/2019/3360
f 3204/2081/3361 3205/2080/3360 3221/2019/3360 3220/2017/3361
f 3203/2082/3362 3204/2081/3361 3220/2017/3361 3219/2015/3362
f 3202/2083/3363 3203/2082/3362 3219/2015/3362 3218/2013/3363
f 3201/2084/3364 3202/2083/3363 3218/2013/3363 3217/2011/3364
f 3200/2085/3365 3201/2084/3364 3217/2011/3364 3216/2009/3365
f 3199/2086/3366 3200/2085/3365 3216/2009/3365 3215/2007/3366
f 3198/2087/3367 3199/2086/3366 3215/2007/3366 3214/2005/3367
f 3197/2088/3368 3198/2087/3367 3214/2005/3367 3213/2003/3368
f 3196/2089/3369 3197/2088/3368 3213/2003/3368 3212/1999/3369
f 3195/2027/3341 3196/2089/3369 3212/1999/3369 3211/2000/3341
f 3167/2002/3315 3169/2004/3319 3149/1976/3295 3148/1977/3294
f 3177/2012/3327 3179/2014/3329 3154/1978/3296 3153/1909/3263
f 3169/2004/3319 3171/2006/3321 3150/1979/3297 3149/1976/3295
f 3187/1994/3311 3189/2022/3337 3159/1980/3298 3158/1877/3232
f 3179/2014/3329 3181/2016/3331 3155/1981/3299 3154/1978/3296
f 3193/1990/3309 3163/1991/3308 3146/1982/3301 3161/1983/3300
f 3171/2006/3321 3173/2008/3323 3151/1984/3302 3150/1979/3297
f 3189/2022/3337 3191/2024/3339 3160/1985/3303 3159/1980/3298
f 3163/2074/3308 3165/2001/3316 3147/1986/3304 3146/1987/3301
f 3181/2016/3331 3183/2018/3333 3156/1988/3305 3155/1981/3299
f 3173/2008/3323 3175/2010/3325 3152/1910/3262 3151/1984/3302
f 3191/2024/3339 3193/1990/3309 3161/1983/3300 3160/1985/3303
f 3165/2001/3316 3167/2002/3315 3148/1977/3294 3147/1986/3304
f 3183/2018/3333 3185/1993/3310 3157/1878/3231 3156/1988/3305
f 3226/1824/3021 3230/2091/3021 3233/2090/3021 3231/1823/3021
f 3230/2091/3021 3227/1834/3021 3232/1835/3021 3233/2090/3021
f 3231/1837/3033 3233/2093/3370 3236/2092/3371 3234/1836/3031
f 3233/2093/3370 3232/1811/3024 3235/1812/3023 3236/2092/3371
f 3237/1860/3034 3241/2095/3034 3244/2094/3034 3242/1859/3034
f 3241/2095/3034 3238/1845/3034 3243/1840/3034 3244/2094/3034
f 3242/1853/3036 3244/2096/3372 3236/2092/3371 3235/1812/3023
f 3244/2096/3372 3243/1863/3037 3234/1836/3031 3236/2092/3371
f 3229/2097/3030 2865/2099/3030 2873/1867/3030 2868/1868/3030 3228/2098/3030
f 3245/2100/3027 3247/2102/3373 3250/2101/3373 3248/1817/3027
f 3247/2102/3373 3246/1838/3032 3249/1839/3032 3250/2101/3373
f 3251/1862/3032 3253/2103/3373 3250/2101/3373 3249/1839/3032
f 3253/2103/3373 3252/1816/3027 3248/1817/3027 3250/2101/3373
f 3245/2100/3027 3248/1817/3027 2869/1818/3028 2861/1820/3028
f 3254/2104/3021 3256/2107/3374 3257/2106/3375 3255/2105/3021
f 3258/2108/3376 3260/2111/3377 3265/2110/3378 3263/2109/3379
f 3260/2111/3377 3261/2113/3380 3264/2112/3381 3265/2110/3378
f 3261/2113/3380 3259/2115/3382 3262/2114/3383 3264/2112/3381
f 3256/2107/3374 3262/2114/3383 3259/2115/3382 3257/2106/3375
f 3266/2116/3384 3267/2119/3384 3269/2118/3385 3268/2117/3386
f 3270/2120/3387 3275/2123/3388 3277/2122/3389 3272/2121/3390
f 3272/2121/3390 3277/2122/3389 3276/2125/3391 3273/2124/3392
f 3273/2124/3392 3276/2125/3391 3274/2127/3393 3271/2126/3394
f 3268/2117/3386 3269/2118/3385 3271/2126/3394 3274/2127/3393
f 3254/2128/3395 3266/2131/3395 3268/2130/3395 3256/2129/3395
f 3257/2132/3396 3269/2135/3396 3267/2134/3396 3255/2133/3396
f 3258/2136/3397 3270/2139/3398 3272/2138/3399 3260/2137/3400
f 3265/2140/3401 3277/2143/3401 3275/2142/3402 3263/2141/3402
f 3260/2137/3400 3272/2138/3399 3273/2145/3403 3261/2144/3404
f 3264/2146/3405 3276/2147/3405 3277/2143/3401 3265/2140/3401
f 3261/2144/3404 3273/2145/3403 3271/2149/3406 3259/2148/3407
f 3262/2150/3408 3274/2151/3408 3276/2147/3405 3264/2146/3405
f 3256/2129/3409 3268/2130/3409 3274/2151/3408 3262/2150/3408
f 3259/2148/3407 3271/2149/3406 3269/2135/3410 3257/2132/3410
f 3279/2152/3411 3281/2153/3411 3270/2139/3398 3258/2136/3397
f 3263/2141/3402 3275/2142/3402 3280/2155/3412 3278/2154/3412
f 3275/2123/3388 3270/2120/3387 3281/2157/3413 3280/2156/3413
f 3263/2109/3379 3278/2159/3414 3279/2158/3414 3258/2108/3376
f 3282/2160/3034 3283/2163/3034 3285/2162/3415 3284/2161/3416
f 3286/2164/3417 3291/2167/3418 3293/2166/3419 3288/2165/3420
f 3288/2165/3420 3293/2166/3419 3292/2169/3421 3289/2168/3422
f 3289/2168/3422 3292/2169/3421 3290/2171/3423 3287/2170/3424
f 3284/2161/3416 3285/2162/3415 3287/2170/3424 3290/2171/3423
f 3294/2172/3425 3296/2175/3426 3297/2174/3427 3295/2173/3425
f 3298/2176/3428 3300/2179/3429 3305/2178/3430 3303/2177/3431
f 3300/2179/3429 3301/2181/3432 3304/2180/3433 3305/2178/3430
f 3301/2181/3432 3299/2183/3434 3302/2182/3435 3304/2180/3433
f 3296/2175/3426 3302/2182/3435 3299/2183/3434 3297/2174/3427
f 3282/2184/3436 3284/2187/3436 3296/2186/3436 3294/2185/3436
f 3285/2188/3437 3283/2191/3437 3295/2190/3437 3297/2189/3437
f 3286/2192/3438 3288/2195/3439 3300/2194/3440 3298/2193/3441
f 3293/2196/3442 3291/2199/3443 3303/2198/3443 3305/2197/3444
f 3288/2195/3439 3289/2201/3445 3301/2200/3446 3300/2194/3440
f 3292/2202/3447 3293/2196/3442 3305/2197/3444 3304/2203/3447
f 3289/2201/3445 3287/2205/3448 3299/2204/3449 3301/2200/3446
f 3290/2206/3450 3292/2202/3447 3304/2203/3447 3302/2207/3451
f 3284/2187/3452 3290/2206/3450 3302/2207/3451 3296/2186/3452
f 3287/2205/3448 3285/2188/3453 3297/2189/3453 3299/2204/3449
f 3279/2152/3411 3286/2192/3438 3298/2193/3441 3281/2153/3411
f 3291/2199/3443 3278/2154/3412 3280/2155/3412 3303/2198/3443
f 3303/2177/3431 3280/2156/3413 3281/2157/3413 3298/2176/3428
f 3291/2167/3418 3286/2164/3417 3279/2158/3414 3278/2159/3414
f 3308/2208/3454 3309/2211/3455 3333/2210/3455 3332/2209/3456
f 3309/2211/3455 3310/2213/3457 3334/2212/3458 3333/2210/3455
f 3310/2213/3457 3311/2215/3459 3335/2214/3460 3334/2212/3458
f 3311/2215/3459 3312/2217/3461 3336/2216/3462 3335/2214/3460
f 3312/2218/3461 3313/2221/3463 3337/2220/3464 3336/2219/3462
f 3313/2221/3463 3314/2223/3465 3338/2222/3466 3337/2220/3464
f 3314/2223/3465 3315/2225/3467 3339/2224/3467 3338/2222/3466
f 3315/2225/3467 3316/2227/3468 3340/2226/3469 3339/2224/3467
f 3316/2227/3468 3317/2229/3470 3341/2228/3471 3340/2226/3469
f 3317/2229/3470 3306/2231/3472 3331/2230/3473 3341/2228/3471
f 3319/2232/3474 3318/2235/3473 3343/2234/3475 3342/2233/3476
f 3320/2236/3477 3319/2232/3474 3342/2233/3476 3344/2237/3478
f 3321/2238/3479 3320/2236/3477 3344/2237/3478 3345/2239/3479
f 3322/2240/3480 3321/2238/3479 3345/2239/3479 3346/2241/3481
f 3323/2242/3482 3322/2240/3480 3346/2241/3481 3347/2243/3483
f 3324/2244/3484 3323/2242/3482 3347/2243/3483 3348/2245/3485
f 3325/2246/3486 3324/2249/3484 3348/2248/3485 3349/2247/3487
f 3326/2250/3488 3325/2246/3486 3349/2247/3487 3350/2251/3489
f 3327/2252/3490 3326/2250/3488 3350/2251/3489 3351/2253/3490
f 3328/2254/3491 3327/2252/3490 3351/2253/3490 3352/2255/3492
f 3329/2256/3493 3328/2254/3491 3352/2255/3492 3353/2257/3494
f 3318/2235/3473 3329/2256/3493 3353/2257/3494 3343/2234/3475
f 3307/2258/3495 3308/2208/3454 3332/2209/3456 3330/2259/3496
f 3306/2231/3472 3307/2258/3495 3330/2259/3496 3331/2230/3473
f 3354/2260/3497 3356/2263/3498 3357/2262/3499 3355/2261/3500
f 3356/2263/3498 3358/2265/3501 3359/2264/3502 3357/2262/3499
f 3358/2265/3501 3360/2267/3503 3361/2266/3503 3359/2264/3502
f 3360/2267/3503 3362/2269/3504 3363/2268/3505 3361/2266/3503
f 3362/2269/3504 3364/2271/3506 3365/2270/3507 3363/2268/3505
f 3364/2271/3506 3366/2273/3508 3367/2272/3509 3365/2270/3507
f 3366/2274/3508 3368/2277/3510 3369/2276/3511 3367/2275/3509
f 3368/2277/3510 3370/2279/3512 3371/2278/3513 3369/2276/3511
f 3370/2279/3512 3372/2281/3514 3373/2280/3514 3371/2278/3513
f 3372/2281/3514 3374/2283/3515 3375/2282/3516 3373/2280/3514
f 3374/2283/3515 3376/2285/3517 3377/2284/3518 3375/2282/3516
f 3376/2285/3517 3354/2260/3497 3355/2261/3500 3377/2284/3518
f 3378/2286/3519 3379/2289/3520 3381/2288/3521 3380/2287/3522
f 3380/2287/3522 3381/2288/3521 3383/2291/3523 3382/2290/3524
f 3382/2290/3524 3383/2291/3523 3385/2293/3525 3384/2292/3525
f 3384/2292/3525 3385/2293/3525 3387/2295/3526 3386/2294/3527
f 3386/2294/3527 3387/2295/3526 3389/2297/3528 3388/2296/3529
f 3388/2296/3529 3389/2297/3528 3391/2299/3530 3390/2298/3509
f 3390/2300/3509 3391/2303/3530 3393/2302/3531 3392/2301/3532
f 3392/2301/3532 3393/2302/3531 3395/2305/3533 3394/2304/3534
f 3394/2304/3534 3395/2305/3533 3397/2307/3535 3396/2306/3535
f 3396/2306/3535 3397/2307/3535 3399/2309/3536 3398/2308/3537
f 3398/2308/3537 3399/2309/3536 3401/2311/3538 3400/2310/3539
f 3400/2310/3539 3401/2311/3538 3379/2289/3520 3378/2286/3519
f 3421/1431/3540 3414/1434/3540 3428/1433/3540 3419/1432/3540
f 3442/1435/3541 3454/1438/3541 3423/1437/3541 3411/1436/3541
f 3421/1431/3542 3419/1432/3542 3405/1440/3542 3407/1439/3542
f 3422/1441/3542 3420/1444/3542 3406/1443/3543 3410/1442/3542
f 3425/1445/3544 3421/1431/3542 3407/1439/3542 3416/1446/3543
f 3408/1447/3545 3412/1450/3546 3403/1449/3546 3409/1448/3547
f 3415/1451/3548 3426/1453/3548 3427/1452/3548 3425/1445/3548
f 3411/1454/3549 3417/1457/3549 3448/1456/3549 3442/1455/3549
f 3413/1458/3550 3408/1447/3545 3409/1448/3547 3404/1459/3550
f 3466/1460/3551 3453/1463/3551 3449/1462/3551 3467/1461/3551
f 3423/1437/3552 3454/1438/3552 3455/1465/3552 3424/1464/3552
f 3443/1466/3553 3460/1468/3554 3429/1467/3555 3412/1450/3553
f 3431/1469/3556 3429/1467/3555 3417/1457/3557 3415/1451/3556
f 3432/1470/3558 3430/1471/3542 3425/1445/3544 3416/1446/3543
f 3411/1436/3559 3423/1437/3559 3426/1472/3559
f 3404/1459/3542 3409/1448/3542 3422/1441/3542 3418/1473/3542
f 3417/1457/3560 3411/1454/3560 3426/1453/3560 3415/1451/3560
f 3409/1448/3542 3403/1449/3561 3420/1444/3542 3422/1441/3542
f 3426/1472/3562 3423/1437/3562 3414/1475/3562 3427/1474/3562
f 3423/1437/3563 3424/1464/3563 3428/1476/3563 3414/1475/3563
f 3460/1468/3554 3448/1456/3564 3417/1457/3557 3429/1467/3555
f 3425/1445/3565 3427/1452/3565 3414/1434/3565 3421/1431/3565
f 3430/1471/3542 3431/1469/3566 3415/1451/3566 3425/1445/3544
f 3420/1444/3542 3403/1449/3561 3431/1469/3566 3430/1471/3542
f 3406/1443/3543 3420/1444/3542 3430/1471/3542 3432/1470/3558
f 3403/1449/3567 3412/1450/3567 3429/1467/3567 3431/1469/3567
f 3428/1477/3568 3424/1480/3569 3455/1479/3569 3459/1478/3570
f 3452/1481/3571 3450/1484/3571 3459/1483/3571 3445/1482/3571
f 3452/1481/3572 3438/1486/3572 3436/1485/3572 3450/1484/3572
f 3453/1487/3572 3441/1490/3572 3437/1489/3573 3451/1488/3572
f 3456/1491/3572 3447/1492/3574 3438/1486/3572 3452/1481/3572
f 3439/1493/3575 3440/1495/3576 3434/1494/3577 3443/1466/3577
f 3446/1496/3578 3456/1491/3578 3458/1498/3578 3457/1497/3578
f 3444/1499/3579 3435/1500/3579 3440/1495/3576 3439/1493/3575
f 3418/1501/3580 3422/1504/3580 3464/1503/3580 3465/1502/3580
f 3462/1505/3581 3446/1496/3581 3448/1456/3564 3460/1468/3554
f 3463/1506/3582 3447/1492/3574 3456/1491/3572 3461/1507/3572
f 3442/1435/3583 3457/1508/3583 3454/1438/3583
f 3435/1500/3572 3449/1509/3572 3453/1487/3572 3440/1495/3572
f 3448/1456/3584 3446/1496/3584 3457/1497/3584 3442/1455/3584
f 3440/1495/3572 3453/1487/3572 3451/1488/3572 3434/1494/3585
f 3457/1508/3586 3458/1511/3586 3445/1510/3586 3454/1438/3586
f 3454/1438/3587 3445/1510/3587 3459/1512/3587 3455/1465/3587
f 3456/1491/3588 3452/1481/3588 3445/1482/3588 3458/1498/3588
f 3461/1507/3572 3456/1491/3572 3446/1496/3589 3462/1505/3590
f 3451/1488/3572 3461/1507/3572 3462/1505/3590 3434/1494/3585
f 3437/1489/3573 3463/1506/3582 3461/1507/3572 3451/1488/3572
f 3434/1494/3591 3462/1505/3591 3460/1468/3591 3443/1466/3591
f 3419/1513/3592 3428/1477/3568 3459/1478/3570 3450/1516/3592 3436/1515/3592 3405/1514/3592
f 3433/1517/3593 3402/1520/3593 3410/1519/3593 3441/1518/3593
f 3441/1518/3593 3410/1519/3593 3406/1522/3593 3437/1521/3593
f 3437/1523/3594 3406/1443/3594 3432/1470/3595 3463/1524/3595
f 3463/1524/3595 3432/1470/3595 3416/1446/3596 3447/1525/3596
f 3447/1525/3597 3416/1446/3597 3407/1439/3597 3438/1526/3597
f 3438/1526/3598 3407/1439/3598 3405/1440/3598 3436/1527/3598
f 3439/1493/3599 3443/1466/3599 3412/1450/3599 3408/1447/3599
f 3444/1528/3600 3467/1531/3600 3449/1530/3600 3435/1529/3600
f 3413/1532/3601 3465/1535/3601 3464/1534/3601 3408/1533/3601
f 3439/1536/3602 3466/1537/3602 3467/1531/3602 3444/1528/3602
f 3404/1538/3603 3418/1539/3603 3465/1535/3603 3413/1532/3603
f 3408/1533/3604 3464/1534/3604 3466/1537/3604 3439/1536/3604
f 3402/1520/3605 3433/1517/3606 3466/1460/3607 3464/1503/3608
f 3464/1503/3608 3422/1504/3609 3402/1520/3605
f 3422/1441/3542 3410/1442/3542 3402/1540/3542
f 3433/1541/3572 3441/1490/3572 3453/1487/3572
f 3466/1460/3607 3433/1517/3606 3453/1463/3610
f 3469/1542/3611 3483/1545/3611 3531/1544/3611 3524/1543/3611
f 3475/1546/3612 3503/1549/3613 3539/1548/3614 3526/1547/3614
f 3469/1542/3615 3524/1543/3616 3529/1551/3617 3472/1550/3618
f 3527/1552/3614 3538/1555/3614 3498/1554/3614 3470/1553/3614
f 3474/1556/3619 3477/1559/3620 3479/1558/3621 3476/1557/3622
f 3475/1546/3623 3476/1557/3622 3479/1558/3621 3478/1560/3623
f 3477/1559/3620 3468/1562/3624 3473/1561/3625 3479/1558/3621
f 3481/1563/3623 3478/1560/3623 3479/1558/3621 3473/1561/3625 3480/1564/3623
f 3488/1565/3626 3491/1566/3627 3477/1559/3627 3474/1556/3626
f 3483/1545/3628 3486/1568/3629 3534/1567/3630 3531/1544/3631
f 3536/1569/3632 3502/1572/3633 3516/1571/3633 3543/1570/3632
f 3488/1565/3634 3490/1574/3635 3493/1573/3636 3491/1566/3637
f 3489/1575/3638 3492/1576/3638 3493/1573/3636 3490/1574/3635
f 3491/1566/3637 3493/1573/3636 3487/1578/3639 3482/1577/3640
f 3495/1579/3638 3494/1580/3638 3487/1578/3639 3493/1573/3636 3492/1576/3638
f 3497/1581/3641 3500/1584/3642 3540/1583/3643 3537/1582/3644
f 3498/1585/3645 3538/1586/3646 3540/1583/3643 3500/1584/3642
f 3502/1572/3647 3504/1589/3648 3507/1588/3649 3505/1587/3650
f 3503/1590/3651 3506/1591/3652 3507/1588/3649 3504/1589/3648
f 3505/1587/3650 3507/1588/3649 3501/1593/3653 3496/1592/3654
f 3509/1594/3655 3508/1595/3655 3501/1593/3653 3507/1588/3649 3506/1591/3652
f 3505/1587/3656 3519/1596/3656 3516/1571/3633 3502/1572/3633
f 3544/1597/3657 3546/1600/3658 3518/1599/3659 3517/1598/3660
f 3511/1601/3661 3542/1604/3662 3547/1603/3663 3514/1602/3664
f 3512/1605/3665 3514/1602/3664 3547/1603/3663 3545/1606/3666
f 3516/1571/3667 3519/1596/3668 3521/1607/3669 3518/1599/3659
f 3517/1598/3660 3518/1599/3659 3521/1607/3669 3520/1608/3670
f 3519/1596/3668 3510/1610/3671 3515/1609/3672 3521/1607/3669
f 3523/1611/3673 3520/1608/3670 3521/1607/3669 3515/1609/3672 3522/1612/3673
f 3472/1550/3674 3500/1614/3675 3497/1613/3676 3469/1542/3677
f 3473/1561/3678 3501/1616/3679 3508/1615/3680 3480/1564/3680
f 3471/1617/3681 3499/1619/3682 3496/1618/3683 3468/1562/3684
f 3481/1563/3685 3509/1621/3685 3506/1620/3686 3478/1560/3687
f 3470/1553/3688 3498/1554/3688 3500/1614/3675 3472/1550/3674
f 3478/1560/3687 3506/1620/3686 3503/1549/3613 3475/1546/3612
f 3468/1562/3684 3496/1618/3683 3501/1616/3679 3473/1561/3678
f 3480/1564/3689 3508/1615/3689 3509/1621/3689 3481/1563/3689
f 3469/1542/3677 3497/1613/3676 3511/1622/3690 3483/1545/3691
f 3471/1617/3681 3485/1624/3692 3513/1623/3693 3499/1619/3682
f 3483/1545/3691 3511/1622/3690 3514/1625/3694 3486/1568/3695
f 3494/1580/3696 3522/1627/3696 3515/1626/3697 3487/1578/3698
f 3482/1577/3699 3510/1628/3700 3513/1623/3693 3485/1624/3692
f 3484/1629/3638 3532/1630/3638 3534/1567/3630 3486/1568/3629
f 3492/1576/3701 3520/1632/3701 3523/1631/3702 3495/1579/3702
f 3486/1568/3695 3514/1625/3694 3512/1633/3703 3484/1629/3703
f 3489/1575/3704 3517/1634/3702 3520/1632/3701 3492/1576/3701
f 3487/1578/3698 3515/1626/3697 3510/1628/3700 3482/1577/3699
f 3495/1579/3705 3523/1631/3705 3522/1627/3705 3494/1580/3705
f 3533/1635/3638 3489/1575/3638 3490/1574/3635 3535/1636/3706
f 3470/1553/3623 3472/1550/3618 3529/1551/3617 3527/1552/3623
f 3505/1587/3656 3496/1592/3707 3499/1638/3707 3513/1637/3707 3510/1610/3707 3519/1596/3656
f 3543/1570/3708 3516/1571/3667 3518/1599/3659 3546/1600/3658
f 3542/1604/3632 3511/1601/3632 3497/1581/3632 3537/1582/3632
f 3539/1639/3709 3503/1590/3651 3504/1589/3648 3541/1640/3710
f 3536/1569/3711 3541/1640/3710 3504/1589/3648 3502/1572/3647
f 3484/1629/3712 3512/1633/3712 3545/1641/3712 3532/1630/3712
f 3533/1635/3712 3544/1642/3712 3517/1634/3702 3489/1575/3704
f 3530/1643/3713 3535/1636/3706 3490/1574/3635 3488/1565/3634
f 3526/1547/3623 3528/1644/3714 3476/1557/3622 3475/1546/3623
f 3525/1645/3715 3474/1556/3619 3476/1557/3622 3528/1644/3714
f 3525/1645/3611 3530/1643/3611 3488/1565/3626 3474/1556/3626
f 3533/1635/3712 3532/1630/3712 3545/1641/3712 3544/1642/3712
f 3527/1552/3614 3526/1547/3614 3539/1548/3614 3538/1555/3614
f 3544/1597/3657 3545/1606/3666 3547/1603/3663 3546/1600/3658
f 3546/1600/3658 3547/1603/3663 3542/1604/3662 3543/1570/3708
f 3541/1640/3710 3540/1583/3643 3538/1586/3646 3539/1639/3709
f 3536/1569/3711 3537/1582/3644 3540/1583/3643 3541/1640/3710
f 3542/1604/3632 3537/1582/3632 3536/1569/3632 3543/1570/3632
f 3535/1636/3706 3534/1567/3630 3532/1630/3638 3533/1635/3638
f 3534/1567/3630 3535/1636/3706 3530/1643/3713 3531/1544/3631
f 3526/1547/3623 3527/1552/3623 3529/1551/3617 3528/1644/3714
f 3525/1645/3715 3528/1644/3714 3529/1551/3617 3524/1543/3616
f 3525/1645/3611 3524/1543/3611 3531/1544/3611 3530/1643/3611
f 3471/1617/3716 3468/1562/3716 3477/1559/3627 3491/1566/3627 3482/1577/3716 3485/1624/3716
f 3574/1646/3717 3573/1649/3717 3670/1648/3717 3671/1647/3717
f 3550/1650/3718 3548/1653/3718 3552/1652/3718 3559/1651/3718
f 3560/1654/3719 3553/1658/3719 3551/1657/3719 3562/1656/3719 3561/1655/3719
f 3552/1652/3720 3553/1658/3720 3560/1654/3720 3559/1651/3720
f 3548/1653/3718 3549/1660/3718 3556/1659/3718 3552/1652/3718
f 3551/1657/3719 3553/1658/3719 3558/1662/3719 3557/1661/3719
f 3552/1652/3720 3556/1659/3720 3558/1662/3720 3553/1658/3720
f 3618/1663/3719 3562/1656/3719 3551/1657/3719 3555/1664/3719
f 3564/1665/3719 3554/1668/3719 3566/1667/3719 3565/1666/3719
f 3555/1664/3719 3564/1665/3719 3565/1666/3719 3563/1669/3719
f 3593/1670/3721 3592/1673/3722 3672/1672/3723 3673/1671/3723
f 3550/1650/3718 3575/1675/3718 3568/1674/3718 3548/1653/3718
f 3576/1676/3717 3577/1680/3717 3578/1679/3717 3567/1678/3717 3569/1677/3717
f 3568/1674/3724 3575/1675/3724 3576/1676/3724 3569/1677/3724
f 3548/1653/3718 3568/1674/3718 3572/1681/3718 3549/1660/3718
f 3567/1678/3717 3573/1649/3717 3574/1646/3717 3569/1677/3717
f 3568/1674/3724 3569/1677/3724 3574/1646/3724 3572/1681/3724
f 3620/1682/3717 3567/1678/3717 3578/1679/3717
f 3580/1683/3717 3581/1686/3717 3582/1685/3717 3570/1684/3717
f 3571/1687/3717 3579/1688/3717 3581/1686/3717 3580/1683/3717
f 3608/1689/3725 3609/1692/3726 3675/1691/3727 3674/1690/3727
f 3585/1693/3728 3594/1696/3729 3587/1695/3730 3583/1694/3731
f 3595/1697/3732 3596/1701/3732 3597/1700/3733 3586/1699/3734 3588/1698/3732
f 3587/1695/3735 3594/1696/3735 3595/1697/3735 3588/1698/3735
f 3583/1694/3731 3587/1695/3730 3591/1703/3736 3584/1702/3737
f 3586/1699/3738 3592/1673/3722 3593/1670/3721 3588/1698/3738
f 3587/1695/3739 3588/1698/3739 3593/1670/3739 3591/1703/3739
f 3619/1704/3717 3590/1705/3717 3586/1699/3734 3597/1700/3733
f 3599/1706/3717 3600/1709/3717 3601/1708/3717 3589/1707/3717
f 3590/1705/3717 3598/1710/3717 3600/1709/3717 3599/1706/3717
f 3592/1711/3740 3557/1714/3740 3668/1713/3741 3672/1712/3741
f 3585/1693/3728 3583/1694/3731 3603/1716/3742 3610/1715/3743
f 3611/1717/3744 3604/1721/3744 3602/1720/3745 3613/1719/3746 3612/1718/3744
f 3603/1716/3747 3604/1721/3747 3611/1717/3747 3610/1715/3747
f 3583/1694/3731 3584/1702/3737 3607/1722/3748 3603/1716/3742
f 3602/1720/3749 3604/1721/3749 3609/1692/3726 3608/1689/3725
f 3603/1716/3750 3607/1722/3750 3609/1692/3750 3604/1721/3750
f 3621/1723/3719 3613/1719/3746 3602/1720/3745
f 3615/1724/3719 3605/1727/3719 3617/1726/3719 3616/1725/3719
f 3606/1728/3719 3615/1724/3719 3616/1725/3719 3614/1729/3719
f 3557/1714/3740 3592/1711/3740 3586/1731/3751 3551/1730/3751
f 3558/1732/3752 3593/1735/3752 3673/1734/3752 3669/1733/3752
f 3573/1736/3740 3608/1739/3740 3674/1738/3753 3670/1737/3753
f 3559/1740/3754 3594/1743/3754 3585/1742/3754 3550/1741/3754
f 3561/1744/3755 3596/1747/3755 3595/1746/3755 3560/1745/3755
f 3562/1748/3756 3597/1749/3756 3596/1747/3756 3561/1744/3756
f 3618/1750/3757 3619/1751/3757 3597/1749/3757 3562/1748/3757
f 3564/1752/3751 3599/1755/3751 3589/1754/3751 3554/1753/3751
f 3554/1753/3758 3589/1754/3758 3601/1757/3758 3566/1756/3758
f 3549/1758/3759 3584/1761/3759 3591/1760/3759 3556/1759/3759
f 3560/1745/3760 3595/1746/3760 3594/1743/3760 3559/1740/3760
f 3556/1759/3761 3591/1760/3761 3593/1763/3761 3558/1762/3761
f 3566/1756/3762 3601/1757/3762 3600/1765/3762 3565/1764/3762
f 3565/1764/3763 3600/1765/3763 3598/1767/3763 3563/1766/3763
f 3555/1768/3751 3590/1769/3751 3599/1755/3751 3564/1752/3751
f 3609/1770/3764 3574/1773/3764 3671/1772/3764 3675/1771/3764
f 3567/1774/3751 3602/1775/3751 3608/1739/3740 3573/1736/3740
f 3550/1741/3754 3585/1742/3754 3610/1777/3754 3575/1776/3754
f 3576/1778/3765 3611/1781/3765 3612/1780/3765 3577/1779/3765
f 3577/1779/3756 3612/1780/3756 3613/1783/3756 3578/1782/3756
f 3620/1784/3766 3621/1787/3766 3614/1786/3766 3579/1785/3766
f 3570/1788/3751 3605/1791/3751 3615/1790/3751 3580/1789/3751
f 3582/1792/3758 3617/1793/3758 3605/1791/3758 3570/1788/3758
f 3572/1794/3759 3607/1795/3759 3584/1761/3759 3549/1758/3759
f 3575/1776/3767 3610/1777/3767 3611/1797/3767 3576/1796/3767
f 3574/1773/3768 3609/1770/3768 3607/1795/3768 3572/1794/3768
f 3581/1798/3762 3616/1799/3762 3617/1793/3762 3582/1792/3762
f 3579/1785/3763 3614/1786/3763 3616/1799/3763 3581/1798/3763
f 3580/1789/3751 3615/1790/3751 3606/1801/3751 3571/1800/3751
f 3563/1766/3766 3598/1767/3766 3619/1751/3766 3618/1750/3766
f 3551/1730/3769 3586/1731/3769 3590/1769/3769 3555/1768/3769
f 3598/1710/3717 3590/1705/3717 3619/1704/3717
f 3563/1669/3719 3618/1663/3719 3555/1664/3719
f 3578/1782/3757 3613/1783/3757 3621/1787/3757 3620/1784/3757
f 3571/1800/3770 3606/1801/3770 3602/1775/3770 3567/1774/3770
f 3614/1729/3719 3621/1723/3719 3602/1720/3745 3606/1728/3719
f 3579/1688/3717 3571/1687/3717 3567/1678/3717 3620/1682/3717
f 3629/1802/3771 3622/1805/3771 3626/1804/3771 3634/1803/3771
f 3622/1806/3772 3625/1809/3772 3624/1808/3772 3626/1807/3772
f 3624/1810/3773 3633/1813/3773 3997/1812/3774 3994/1811/3775
f 3632/1814/3776 3633/1813/3777 3624/1810/3777 3625/1815/3776
f 4014/1816/3778 3638/1819/3779 3631/1818/3779 4010/1817/3778
f 3631/1818/3779 3636/1822/3779 3628/1821/3779 3623/1820/3779
f 3993/1823/3772 4008/1828/3772 4009/1827/3772 4007/1826/3772 3623/1825/3772 3988/1824/3772
f 3627/1829/3780 3628/1821/3780 3636/1822/3780 3635/1830/3780
f 3623/1825/3772 3628/1833/3772 3627/1832/3772 3991/1831/3772 3988/1824/3772
f 3622/1805/3781 3629/1802/3781 3632/1814/3776 3625/1815/3776
f 3624/1808/3772 3994/1835/3772 3989/1834/3772 3626/1807/3772
f 3996/1836/3782 4011/1839/3783 4008/1838/3783 3993/1837/3784
f 4005/1840/3785 4000/1845/3785 3638/1844/3785 4014/1843/3785 4015/1842/3785 4013/1841/3785
f 3629/1802/3771 3634/1803/3771 3641/1847/3771 3637/1846/3771
f 3637/1848/3785 3641/1851/3785 3639/1850/3785 3640/1849/3785
f 3639/1852/3773 4004/1853/3786 3997/1812/3774 3633/1813/3773
f 3638/1844/3785 4000/1845/3785 4001/1856/3785 3642/1855/3785 3643/1854/3785
f 3632/1814/3776 3640/1857/3776 3639/1852/3777 3633/1813/3777
f 3631/1818/3779 3638/1819/3779 3643/1858/3779 3636/1822/3779
f 3639/1850/3785 3641/1851/3785 3999/1860/3785 4004/1859/3785
f 3642/1861/3780 3635/1830/3780 3636/1822/3780 3643/1858/3780
f 3637/1846/3781 3640/1857/3776 3632/1814/3776 3629/1802/3781
f 3996/1836/3782 4005/1863/3787 4013/1862/3783 4011/1839/3783
f 4002/1864/3781 3630/1868/3781 3635/1867/3781 3642/1866/3781 4001/1865/3781
f 3646/2312/3788 3645/2315/3789 3677/2314/3790 3678/2313/3791
f 3647/2316/3792 3646/2312/3788 3678/2313/3791 3679/2317/3792
f 3648/2318/3793 3647/2316/3792 3679/2317/3792 3680/2319/3794
f 3649/2320/3795 3648/2318/3793 3680/2319/3794 3681/2321/3796
f 3650/2322/3797 3649/2320/3795 3681/2321/3796 3682/2323/3798
f 3651/2324/3799 3650/2327/3797 3682/2326/3798 3683/2325/3800
f 3652/2328/3801 3651/2324/3799 3683/2325/3800 3684/2329/3802
f 3653/2330/3803 3652/2328/3801 3684/2329/3802 3685/2331/3803
f 3654/2332/3804 3653/2330/3803 3685/2331/3803 3686/2333/3805
f 3655/2334/3806 3654/2332/3804 3686/2333/3805 3687/2335/3807
f 3644/2336/3808 3655/2334/3806 3687/2335/3807 3676/2337/3809
f 3656/2338/3810 3657/2341/3811 3689/2340/3812 3688/2339/3813
f 3657/2341/3811 3658/2343/3814 3690/2342/3815 3689/2340/3812
f 3658/2343/3814 3659/2345/3816 3691/2344/3816 3690/2342/3815
f 3659/2345/3816 3660/2347/3817 3692/2346/3818 3691/2344/3816
f 3660/2347/3817 3661/2349/3819 3693/2348/3820 3692/2346/3818
f 3661/2349/3819 3662/2351/3798 3694/2350/3797 3693/2348/3820
f 3662/2352/3798 3663/2355/3821 3695/2354/3822 3694/2353/3797
f 3663/2355/3821 3664/2357/3823 3696/2356/3824 3695/2354/3822
f 3664/2357/3823 3665/2359/3825 3697/2358/3825 3696/2356/3824
f 3665/2359/3825 3666/2361/3826 3698/2360/3827 3697/2358/3825
f 3666/2361/3826 3667/2363/3828 3699/2362/3829 3698/2360/3827
f 3667/2363/3828 3656/2338/3810 3688/2339/3813 3699/2362/3829
f 3669/1733/3830 3673/1734/3830 3672/1712/3830 3668/1713/3830
f 3670/1737/3830 3674/1738/3830 3675/1771/3830 3671/1772/3830
f 3557/1661/3719 3558/1662/3719 3669/1870/3719 3668/1869/3719
f 3645/2315/3789 3644/2336/3808 3676/2337/3809 3677/2314/3790
f 3763/2364/3831 3731/2367/3832 3701/2366/3833 3748/2365/3834
f 3723/2368/3835 3775/2371/3836 3776/2370/3837 3725/2369/3838
f 3700/2372/3839 3732/2375/3839 3733/2374/3840 3702/2373/3840
f 3750/2376/3841 3749/2379/3842 3703/2378/3843 3705/2377/3844
f 3751/2380/3845 3750/2376/3841 3705/2377/3844 3707/2381/3846
f 3752/2382/3847 3751/2380/3845 3707/2381/3846 3709/2383/3848
f 3753/2384/3849 3752/2382/3847 3709/2383/3848 3711/2385/3850
f 3754/2386/3851 3753/2384/3849 3711/2385/3850 3713/2387/3852
f 3755/2388/3853 3754/2386/3851 3713/2387/3852 3715/2389/3854
f 3756/2390/3855 3755/2388/3853 3715/2389/3854 3717/2391/3856
f 3757/2392/3857 3756/2390/3855 3717/2391/3856 3719/2393/3858
f 3758/2394/3859 3757/2392/3857 3719/2393/3858 3721/2395/3860
f 3759/2396/3861 3758/2394/3859 3721/2395/3860 3723/2368/3835
f 3760/2397/3862 3759/2396/3861 3723/2368/3835 3725/2369/3838
f 3761/2398/3863 3760/2397/3862 3725/2369/3838 3727/2399/3864
f 3762/2400/3865 3761/2398/3863 3727/2399/3864 3729/2401/3866
f 3763/2402/3831 3762/2400/3865 3729/2401/3866 3731/2403/3832
f 3713/2387/3852 3770/2405/3867 3771/2404/3868 3715/2389/3854
f 3732/2406/3869 3748/2365/3869 3749/2379/3870 3733/2407/3870
f 3700/2408/3719 3702/2423/3719 3704/2422/3719 3706/2421/3719 3708/2420/3719 3710/2419/3719 3712/2418/3719 3714/2417/3719 3716/2416/3719 3718/2415/3719 3720/2414/3719 3722/2413/3719 3724/2412/3719 3726/2411/3719 3728/2410/3719 3730/2409/3719
f 3700/2372/3839 3730/2425/3871 3747/2424/3871 3732/2375/3839
f 3728/2426/3872 3746/2429/3872 3747/2428/3871 3730/2427/3871
f 3726/2430/3873 3745/2431/3874 3746/2429/3872 3728/2426/3872
f 3724/2432/3875 3744/2433/3875 3745/2431/3874 3726/2430/3873
f 3722/2434/3876 3743/2435/3876 3744/2433/3875 3724/2432/3875
f 3720/2436/3877 3742/2437/3877 3743/2435/3876 3722/2434/3876
f 3718/2438/3878 3741/2439/3878 3742/2437/3877 3720/2436/3877
f 3716/2440/3879 3740/2441/3879 3741/2439/3878 3718/2438/3878
f 3714/2442/3880 3739/2443/3880 3740/2441/3879 3716/2440/3879
f 3712/2444/3881 3738/2445/3881 3739/2443/3880 3714/2442/3880
f 3710/2446/3882 3737/2447/3882 3738/2445/3881 3712/2444/3881
f 3708/2448/3883 3736/2449/3883 3737/2447/3882 3710/2446/3882
f 3706/2450/3884 3735/2451/3884 3736/2449/3883 3708/2448/3883
f 3704/2452/3885 3734/2453/3885 3735/2451/3884 3706/2450/3884
f 3702/2373/3840 3733/2374/3840 3734/2453/3885 3704/2452/3885
f 3749/2379/3842 3748/2365/3834 3701/2366/3833 3703/2378/3843
f 3747/2454/3886 3763/2364/3886 3748/2365/3869 3732/2406/3869
f 3746/2455/3887 3762/2400/3887 3763/2402/3886 3747/2456/3886
f 3745/2457/3888 3761/2398/3888 3762/2400/3887 3746/2455/3887
f 3744/2458/3889 3760/2397/3889 3761/2398/3888 3745/2457/3888
f 3743/2459/3890 3759/2396/3890 3760/2397/3889 3744/2458/3889
f 3742/2460/3891 3758/2394/3891 3759/2396/3890 3743/2459/3890
f 3741/2461/3892 3757/2392/3892 3758/2394/3891 3742/2460/3891
f 3740/2462/3893 3756/2390/3893 3757/2392/3892 3741/2461/3892
f 3739/2463/3894 3755/2388/3894 3756/2390/3893 3740/2462/3893
f 3738/2464/3895 3754/2386/3895 3755/2388/3894 3739/2463/3894
f 3737/2465/3896 3753/2384/3896 3754/2386/3895 3738/2464/3895
f 3736/2466/3897 3752/2382/3897 3753/2384/3896 3737/2465/3896
f 3735/2467/3898 3751/2380/3898 3752/2382/3897 3736/2466/3897
f 3734/2468/3899 3750/2376/3899 3751/2380/3898 3735/2467/3898
f 3733/2407/3870 3749/2379/3870 3750/2376/3899 3734/2468/3899
f 3705/2377/3844 3766/2470/3900 3767/2469/3901 3707/2381/3846
f 3715/2389/3854 3771/2404/3868 3772/2471/3902 3717/2391/3856
f 3707/2381/3846 3767/2469/3901 3768/2472/3903 3709/2383/3848
f 3725/2369/3838 3776/2370/3837 3777/2473/3904 3727/2399/3864
f 3717/2391/3856 3772/2471/3902 3773/2474/3905 3719/2393/3858
f 3731/2367/3832 3779/2476/3906 3764/2475/3907 3701/2366/3833
f 3709/2383/3848 3768/2472/3903 3769/2477/3908 3711/2385/3850
f 3727/2399/3864 3777/2473/3904 3778/2478/3909 3729/2401/3866
f 3701/2366/3833 3764/2475/3907 3765/2479/3910 3703/2378/3843
f 3719/2393/3858 3773/2474/3905 3774/2480/3911 3721/2395/3860
f 3711/2385/3850 3769/2477/3908 3770/2405/3867 3713/2387/3852
f 3729/2401/3866 3778/2478/3909 3779/2481/3906 3731/2403/3832
f 3703/2378/3843 3765/2479/3910 3766/2470/3900 3705/2377/3844
f 3721/2395/3860 3774/2480/3911 3775/2371/3836 3723/2368/3835
f 3843/2482/3912 3828/2485/3913 3781/2484/3914 3811/2483/3915
f 3803/2486/3916 3805/2487/3917 3776/2370/3837 3775/2371/3836
f 3780/2488/3918 3782/2491/3919 3813/2490/3920 3812/2489/3918
f 3830/2492/3921 3785/2495/3922 3783/2494/3923 3829/2493/3924
f 3831/2496/3925 3787/2497/3926 3785/2495/3922 3830/2492/3921
f 3832/2498/3927 3789/2499/3928 3787/2497/3926 3831/2496/3925
f 3833/2500/3929 3791/2501/3930 3789/2499/3928 3832/2498/3927
f 3834/2502/3931 3793/2503/3932 3791/2501/3930 3833/2500/3929
f 3835/2504/3933 3795/2505/3934 3793/2503/3932 3834/2502/3931
f 3836/2506/3935 3797/2507/3936 3795/2505/3934 3835/2504/3933
f 3837/2508/3937 3799/2509/3938 3797/2507/3936 3836/2506/3935
f 3838/2510/3939 3801/2511/3940 3799/2509/3938 3837/2508/3937
f 3839/2512/3941 3803/2486/3916 3801/2511/3940 3838/2510/3939
f 3840/2513/3942 3805/2487/3917 3803/2486/3916 3839/2512/3941
f 3841/2514/3943 3807/2515/3944 3805/2487/3917 3840/2513/3942
f 3842/2516/3945 3809/2517/3946 3807/2515/3944 3841/2514/3943
f 3843/2518/3912 3811/2519/3915 3809/2517/3946 3842/2516/3945
f 3793/2503/3932 3795/2505/3934 3771/2404/3868 3770/2405/3867
f 3812/2520/3947 3813/2521/3948 3829/2493/3948 3828/2485/3947
f 3780/2522/3717 3810/2537/3717 3808/2536/3717 3806/2535/3717 3804/2534/3717 3802/2533/3717 3800/2532/3717 3798/2531/3717 3796/2530/3717 3794/2529/3717 3792/2528/3717 3790/2527/3717 3788/2526/3717 3786/2525/3717 3784/2524/3717 3782/2523/3717
f 3780/2488/3918 3812/2489/3918 3827/2539/3949 3810/2538/3949
f 3808/2540/3950 3810/2543/3949 3827/2542/3949 3826/2541/3950
f 3806/2544/3951 3808/2540/3950 3826/2541/3950 3825/2545/3951
f 3804/2546/3952 3806/2544/3951 3825/2545/3951 3824/2547/3952
f 3802/2548/3953 3804/2546/3952 3824/2547/3952 3823/2549/3953
f 3800/2550/3954 3802/2548/3953 3823/2549/3953 3822/2551/3954
f 3798/2552/3955 3800/2550/3954 3822/2551/3954 3821/2553/3955
f 3796/2554/3956 3798/2552/3955 3821/2553/3955 3820/2555/3956
f 3794/2556/3957 3796/2554/3956 3820/2555/3956 3819/2557/3957
f 3792/2558/3958 3794/2556/3957 3819/2557/3957 3818/2559/3958
f 3790/2560/3959 3792/2558/3958 3818/2559/3958 3817/2561/3959
f 3788/2562/3960 3790/2560/3959 3817/2561/3959 3816/2563/3960
f 3786/2564/3961 3788/2562/3960 3816/2563/3960 3815/2565/3961
f 3784/2566/3962 3786/2564/3961 3815/2565/3961 3814/2567/3962
f 3782/2491/3919 3784/2566/3962 3814/2567/3962 3813/2490/3920
f 3829/2493/3924 3783/2494/3923 3781/2484/3914 3828/2485/3913
f 3827/2568/3963 3812/2520/3947 3828/2485/3947 3843/2482/3963
f 3826/2569/3964 3827/2570/3963 3843/2518/3963 3842/2516/3964
f 3825/2571/3965 3826/2569/3964 3842/2516/3964 3841/2514/3965
f 3824/2572/3966 3825/2571/3965 3841/2514/3965 3840/2513/3966
f 3823/2573/3967 3824/2572/3966 3840/2513/3966 3839/2512/3967
f 3822/2574/3968 3823/2573/3967 3839/2512/3967 3838/2510/3968
f 3821/2575/3969 3822/2574/3968 3838/2510/3968 3837/2508/3969
f 3820/2576/3970 3821/2575/3969 3837/2508/3969 3836/2506/3970
f 3819/2577/3971 3820/2576/3970 3836/2506/3970 3835/2504/3971
f 3818/2578/3972 3819/2577/3971 3835/2504/3971 3834/2502/3972
f 3817/2579/3973 3818/2578/3972 3834/2502/3972 3833/2500/3973
f 3816/2580/3974 3817/2579/3973 3833/2500/3973 3832/2498/3974
f 3815/2581/3975 3816/2580/3974 3832/2498/3974 3831/2496/3975
f 3814/2582/3976 3815/2581/3975 3831/2496/3975 3830/2492/3976
f 3813/2521/3948 3814/2582/3976 3830/2492/3976 3829/2493/3948
f 3785/2495/3922 3787/2497/3926 3767/2469/3901 3766/2470/3900
f 3795/2505/3934 3797/2507/3936 3772/2471/3902 3771/2404/3868
f 3787/2497/3926 3789/2499/3928 3768/2472/3903 3767/2469/3901
f 3805/2487/3917 3807/2515/3944 3777/2473/3904 3776/2370/3837
f 3797/2507/3936 3799/2509/3938 3773/2474/3905 3772/2471/3902
f 3811/2483/3915 3781/2484/3914 3764/2475/3907 3779/2476/3906
f 3789/2499/3928 3791/2501/3930 3769/2477/3908 3768/2472/3903
f 3807/2515/3944 3809/2517/3946 3778/2478/3909 3777/2473/3904
f 3781/2484/3914 3783/2494/3923 3765/2479/3910 3764/2475/3907
f 3799/2509/3938 3801/2511/3940 3774/2480/3911 3773/2474/3905
f 3791/2501/3930 3793/2503/3932 3770/2405/3867 3769/2477/3908
f 3809/2517/3946 3811/2519/3915 3779/2481/3906 3778/2478/3909
f 3783/2494/3923 3785/2495/3922 3766/2470/3900 3765/2479/3910
f 3801/2511/3940 3803/2486/3916 3775/2371/3836 3774/2480/3911
f 3907/1871/3977 3875/1874/3978 3845/1873/3979 3892/1872/3980
f 3867/1875/3981 3919/1878/3982 3920/1877/3983 3869/1876/3984
f 3844/1879/3985 3876/1882/3985 3877/1881/3986 3846/1880/3986
f 3894/1883/3987 3893/1886/3988 3847/1885/3989 3849/1884/3990
f 3895/1887/3991 3894/1883/3987 3849/1884/3990 3851/1888/3992
f 3896/1889/3993 3895/1887/3991 3851/1888/3992 3853/1890/3994
f 3897/1891/3995 3896/1889/3993 3853/1890/3994 3855/1892/3996
f 3898/1893/3997 3897/1891/3995 3855/1892/3996 3857/1894/3998
f 3899/1895/3999 3898/1893/3997 3857/1894/3998 3859/1896/4000
f 3900/1897/4001 3899/1895/3999 3859/1896/4000 3861/1898/4002
f 3901/1899/4003 3900/1897/4001 3861/1898/4002 3863/1900/4004
f 3902/1901/4005 3901/1899/4003 3863/1900/4004 3865/1902/4006
f 3903/1903/4007 3902/1901/4005 3865/1902/4006 3867/1875/3981
f 3904/1904/4008 3903/1903/4007 3867/1875/3981 3869/1876/3984
f 3905/1905/4009 3904/1904/4008 3869/1876/3984 3871/1906/4010
f 3906/1907/4011 3905/1905/4009 3871/1906/4010 3873/1908/4012
f 3907/1871/3977 3906/1907/4011 3873/1908/4012 3875/1874/3978
f 3857/1894/3998 3914/1910/4013 3915/1909/4014 3859/1896/4000
f 3876/1911/4015 3892/1913/4015 3893/1886/4016 3877/1912/4016
f 3844/1914/3772 3846/1929/3772 3848/1928/3772 3850/1927/3772 3852/1926/3772 3854/1925/3772 3856/1924/3772 3858/1923/3772 3860/1922/3772 3862/1921/3772 3864/1920/3772 3866/1919/3772 3868/1918/3772 3870/1917/3772 3872/1916/3772 3874/1915/3772
f 3844/1930/3985 3874/1933/4017 3891/1932/4017 3876/1931/3985
f 3872/1934/4018 3890/1935/4018 3891/1932/4017 3874/1933/4017
f 3870/1936/4019 3889/1937/4019 3890/1935/4018 3872/1934/4018
f 3868/1938/4020 3888/1939/4020 3889/1937/4019 3870/1936/4019
f 3866/1940/4021 3887/1941/4021 3888/1939/4020 3868/1938/4020
f 3864/1942/4022 3886/1943/4022 3887/1941/4021 3866/1940/4021
f 3862/1944/4023 3885/1945/4023 3886/1943/4022 3864/1942/4022
f 3860/1946/4024 3884/1947/4024 3885/1945/4023 3862/1944/4023
f 3858/1948/4025 3883/1949/4025 3884/1947/4024 3860/1946/4024
f 3856/1950/4026 3882/1951/4026 3883/1949/4025 3858/1948/4025
f 3854/1952/4027 3881/1953/4027 3882/1951/4026 3856/1950/4026
f 3852/1954/4028 3880/1955/4028 3881/1953/4027 3854/1952/4027
f 3850/1956/4029 3879/1957/4029 3880/1955/4028 3852/1954/4028
f 3848/1958/4030 3878/1959/4030 3879/1957/4029 3850/1956/4029
f 3846/1880/3986 3877/1881/3986 3878/1959/4030 3848/1958/4030
f 3893/1886/3988 3892/1913/3980 3845/1960/3979 3847/1885/3989
f 3891/1961/4031 3907/1871/4031 3892/1872/4015 3876/1962/4015
f 3890/1963/4032 3906/1907/4032 3907/1871/4031 3891/1961/4031
f 3889/1964/4033 3905/1905/4033 3906/1907/4032 3890/1963/4032
f 3888/1965/4034 3904/1904/4034 3905/1905/4033 3889/1964/4033
f 3887/1966/4035 3903/1903/4035 3904/1904/4034 3888/1965/4034
f 3886/1967/4036 3902/1901/4036 3903/1903/4035 3887/1966/4035
f 3885/1968/4037 3901/1899/4037 3902/1901/4036 3886/1967/4036
f 3884/1969/4038 3900/1897/4038 3901/1899/4037 3885/1968/4037
f 3883/1970/4039 3899/1895/4039 3900/1897/4038 3884/1969/4038
f 3882/1971/4040 3898/1893/4040 3899/1895/4039 3883/1970/4039
f 3881/1972/4041 3897/1891/4041 3898/1893/4040 3882/1971/4040
f 3880/1973/4042 3896/1889/4042 3897/1891/4041 3881/1972/4041
f 3879/1974/4043 3895/1887/4043 3896/1889/4042 3880/1973/4042
f 3878/1975/4044 3894/1883/4044 3895/1887/4043 3879/1974/4043
f 3877/1912/4016 3893/1886/4016 3894/1883/4044 3878/1975/4044
f 3849/1884/3990 3910/1977/4045 3911/1976/4046 3851/1888/3992
f 3859/1896/4000 3915/1909/4014 3916/1978/4047 3861/1898/4002
f 3851/1888/3992 3911/1976/4046 3912/1979/4048 3853/1890/3994
f 3869/1876/3984 3920/1877/3983 3921/1980/4049 3871/1906/4010
f 3861/1898/4002 3916/1978/4047 3917/1981/4050 3863/1900/4004
f 3875/1874/3978 3923/1983/4051 3908/1982/4052 3845/1873/3979
f 3853/1890/3994 3912/1979/4048 3913/1984/4053 3855/1892/3996
f 3871/1906/4010 3921/1980/4049 3922/1985/4054 3873/1908/4012
f 3845/1960/3979 3908/1987/4052 3909/1986/4055 3847/1885/3989
f 3863/1900/4004 3917/1981/4050 3918/1988/4056 3865/1902/4006
f 3855/1892/3996 3913/1984/4053 3914/1910/4013 3857/1894/3998
f 3873/1908/4012 3922/1985/4054 3923/1983/4051 3875/1874/3978
f 3847/1885/3989 3909/1986/4055 3910/1977/4045 3849/1884/3990
f 3865/1902/4006 3918/1988/4056 3919/1878/3982 3867/1875/3981
f 3987/1989/4057 3972/1992/4058 3925/1991/4059 3955/1990/4060
f 3947/1993/4061 3949/1994/4062 3920/1877/3983 3919/1878/3982
f 3924/1995/4063 3926/1998/4064 3957/1997/4065 3956/1996/4063
f 3974/1999/4066 3929/2002/4067 3927/2001/4068 3973/2000/4069
f 3975/2003/4070 3931/2004/4071 3929/2002/4067 3974/1999/4066
f 3976/2005/4072 3933/2006/4073 3931/2004/4071 3975/2003/4070
f 3977/2007/4074 3935/2008/4075 3933/2006/4073 3976/2005/4072
f 3978/2009/4076 3937/2010/4077 3935/2008/4075 3977/2007/4074
f 3979/2011/4078 3939/2012/4079 3937/2010/4077 3978/2009/4076
f 3980/2013/4080 3941/2014/4081 3939/2012/4079 3979/2011/4078
f 3981/2015/4082 3943/2016/4083 3941/2014/4081 3980/2013/4080
f 3982/2017/4084 3945/2018/4085 3943/2016/4083 3981/2015/4082
f 3983/2019/4086 3947/1993/4061 3945/2018/4085 3982/2017/4084
f 3984/2020/4087 3949/1994/4062 3947/1993/4061 3983/2019/4086
f 3985/2021/4088 3951/2022/4089 3949/1994/4062 3984/2020/4087
f 3986/2023/4090 3953/2024/4091 3951/2022/4089 3985/2021/4088
f 3987/1989/4057 3955/1990/4060 3953/2024/4091 3986/2023/4090
f 3937/2010/4077 3939/2012/4079 3915/1909/4014 3914/1910/4013
f 3956/2025/4092 3957/2027/4093 3973/2000/4093 3972/2026/4092
f 3924/2028/3785 3954/2043/3785 3952/2042/3785 3950/2041/3785 3948/2040/3785 3946/2039/3785 3944/2038/3785 3942/2037/3785 3940/2036/3785 3938/2035/3785 3936/2034/3785 3934/2033/3785 3932/2032/3785 3930/2031/3785 3928/2030/3785 3926/2029/3785
f 3924/2044/4063 3956/2047/4063 3971/2046/4094 3954/2045/4094
f 3952/2048/4095 3954/2045/4094 3971/2046/4094 3970/2049/4095
f 3950/2050/4096 3952/2048/4095 3970/2049/4095 3969/2051/4096
f 3948/2052/4097 3950/2050/4096 3969/2051/4096 3968/2053/4097
f 3946/2054/4098 3948/2052/4097 3968/2053/4097 3967/2055/4098
f 3944/2056/4099 3946/2054/4098 3967/2055/4098 3966/2057/4099
f 3942/2058/4100 3944/2056/4099 3966/2057/4099 3965/2059/4100
f 3940/2060/4101 3942/2058/4100 3965/2059/4100 3964/2061/4101
f 3938/2062/4102 3940/2060/4101 3964/2061/4101 3963/2063/4102
f 3936/2064/4103 3938/2062/4102 3963/2063/4102 3962/2065/4103
f 3934/2066/4104 3936/2064/4103 3962/2065/4103 3961/2067/4104
f 3932/2068/4105 3934/2066/4104 3961/2067/4104 3960/2069/4105
f 3930/2070/4106 3932/2068/4105 3960/2069/4105 3959/2071/4106
f 3928/2072/4107 3930/2070/4106 3959/2071/4106 3958/2073/4107
f 3926/1998/4064 3928/2072/4107 3958/2073/4107 3957/1997/4065
f 3973/2000/4069 3927/2001/4068 3925/2074/4059 3972/2026/4058
f 3971/2075/4108 3956/2076/4092 3972/1992/4092 3987/1989/4108
f 3970/2077/4109 3971/2075/4108 3987/1989/4108 3986/2023/4109
f 3969/2078/4110 3970/2077/4109 3986/2023/4109 3985/2021/4110
f 3968/2079/4111 3969/2078/4110 3985/2021/4110 3984/2020/4111
f 3967/2080/4112 3968/2079/4111 3984/2020/4111 3983/2019/4113
f 3966/2081/4114 3967/2080/4112 3983/2019/4113 3982/2017/4114
f 3965/2082/4115 3966/2081/4114 3982/2017/4114 3981/2015/4115
f 3964/2083/4116 3965/2082/4115 3981/2015/4115 3980/2013/4116
f 3963/2084/4117 3964/2083/4116 3980/2013/4116 3979/2011/4117
f 3962/2085/4118 3963/2084/4117 3979/2011/4117 3978/2009/4118
f 3961/2086/4119 3962/2085/4118 3978/2009/4118 3977/2007/4119
f 3960/2087/4120 3961/2086/4119 3977/2007/4119 3976/2005/4120
f 3959/2088/4121 3960/2087/4120 3976/2005/4120 3975/2003/4121
f 3958/2089/4122 3959/2088/4121 3975/2003/4121 3974/1999/4122
f 3957/2027/4093 3958/2089/4122 3974/1999/4122 3973/2000/4093
f 3929/2002/4067 3931/2004/4071 3911/1976/4046 3910/1977/4045
f 3939/2012/4079 3941/2014/4081 3916/1978/4047 3915/1909/4014
f 3931/2004/4071 3933/2006/4073 3912/1979/4048 3911/1976/4046
f 3949/1994/4062 3951/2022/4089 3921/1980/4049 3920/1877/3983
f 3941/2014/4081 3943/2016/4083 3917/1981/4050 3916/1978/4047
f 3955/1990/4060 3925/1991/4059 3908/1982/4052 3923/1983/4051
f 3933/2006/4073 3935/2008/4075 3913/1984/4053 3912/1979/4048
f 3951/2022/4089 3953/2024/4091 3922/1985/4054 3921/1980/4049
f 3925/2074/4059 3927/2001/4068 3909/1986/4055 3908/1987/4052
f 3943/2016/4083 3945/2018/4085 3918/1988/4056 3917/1981/4050
f 3935/2008/4075 3937/2010/4077 3914/1910/4013 3913/1984/4053
f 3953/2024/4091 3955/1990/4060 3923/1983/4051 3922/1985/4054
f 3927/2001/4068 3929/2002/4067 3910/1977/4045 3909/1986/4055
f 3945/2018/4085 3947/1993/4061 3919/1878/3982 3918/1988/4056
f 3988/1824/3772 3992/2091/3772 3995/2090/3772 3993/1823/3772
f 3992/2091/3772 3989/1834/3772 3994/1835/3772 3995/2090/3772
f 3993/1837/3784 3995/2093/4123 3998/2092/4124 3996/1836/3782
f 3995/2093/4123 3994/1811/3775 3997/1812/3774 3998/2092/4124
f 3999/1860/3785 4003/2095/3785 4006/2094/3785 4004/1859/3785
f 4003/2095/3785 4000/1845/3785 4005/1840/3785 4006/2094/3785
f 4004/1853/3786 4006/2096/4125 3998/2092/4124 3997/1812/3774
f 4006/2096/4125 4005/1863/3787 3996/1836/3782 3998/2092/4124
f 3991/2097/3781 3627/2099/3781 3635/1867/3781 3630/1868/3781 3990/2098/3781
f 4007/2100/3778 4009/2102/4126 4012/2101/4126 4010/1817/3778
f 4009/2102/4126 4008/1838/3783 4011/1839/3783 4012/2101/4126
f 4013/1862/3783 4015/2103/4126 4012/2101/4126 4011/1839/3783
f 4015/2103/4126 4014/1816/3778 4010/1817/3778 4012/2101/4126
f 4007/2100/3778 4010/1817/3778 3631/1818/3779 3623/1820/3779
f 4016/2104/3772 4018/2107/4127 4019/2106/4128 4017/2105/3772
f 4020/2108/4129 4022/2111/4130 4027/2110/4131 4025/2109/4132
f 4022/2111/4130 4023/2113/4133 4026/2112/4134 4027/2110/4131
f 4023/2113/4133 4021/2115/4135 4024/2114/4136 4026/2112/4134
f 4018/2107/4127 4024/2114/4136 4021/2115/4135 4019/2106/4128
f 4028/2116/4137 4029/2119/4137 4031/2118/4138 4030/2117/4139
f 4032/2120/4140 4037/2123/4141 4039/2122/4142 4034/2121/4143
f 4034/2121/4143 4039/2122/4142 4038/2125/4144 4035/2124/4145
f 4035/2124/4145 4038/2125/4144 4036/2127/4146 4033/2126/4147
f 4030/2117/4139 4031/2118/4138 4033/2126/4147 4036/2127/4146
f 4016/2128/4148 4028/2131/4148 4030/2130/4148 4018/2129/4148
f 4019/2132/4149 4031/2135/4149 4029/2134/4149 4017/2133/4149
f 4020/2136/4150 4032/2139/4151 4034/2138/4152 4022/2137/4153
f 4027/2140/4154 4039/2143/4154 4037/2142/4155 4025/2141/4155
f 4022/2137/4153 4034/2138/4152 4035/2145/4156 4023/2144/4157
f 4026/2146/4158 4038/2147/4158 4039/2143/4154 4027/2140/4154
f 4023/2144/4157 4035/2145/4156 4033/2149/4159 4021/2148/4160
f 4024/2150/4161 4036/2151/4161 4038/2147/4158 4026/2146/4158
f 4018/2129/4162 4030/2130/4162 4036/2151/4161 4024/2150/4161
f 4021/2148/4160 4033/2149/4159 4031/2135/4163 4019/2132/4163
f 4041/2152/4164 4043/2153/4164 4032/2139/4151 4020/2136/4150
f 4025/2141/4155 4037/2142/4155 4042/2155/4165 4040/2154/4165
f 4037/2123/4141 4032/2120/4140 4043/2157/4166 4042/2156/4166
f 4025/2109/4132 4040/2159/4167 4041/2158/4167 4020/2108/4129
f 4044/2160/3785 4045/2163/3785 4047/2162/4168 4046/2161/4169
f 4048/2164/4170 4053/2167/4171 4055/2166/4172 4050/2165/4173
f 4050/2165/4173 4055/2166/4172 4054/2169/4174 4051/2168/4175
f 4051/2168/4175 4054/2169/4174 4052/2171/4176 4049/2170/4177
f 4046/2161/4169 4047/2162/4168 4049/2170/4177 4052/2171/4176
f 4056/2172/4178 4058/2175/4179 4059/2174/4180 4057/2173/4178
f 4060/2176/4181 4062/2179/4182 4067/2178/4183 4065/2177/4184
f 4062/2179/4182 4063/2181/4185 4066/2180/4186 4067/2178/4183
f 4063/2181/4185 4061/2183/4187 4064/2182/4188 4066/2180/4186
f 4058/2175/4179 4064/2182/4188 4061/2183/4187 4059/2174/4180
f 4044/2184/4189 4046/2187/4189 4058/2186/4189 4056/2185/4189
f 4047/2188/4190 4045/2191/4190 4057/2190/4190 4059/2189/4190
f 4048/2192/4191 4050/2195/4192 4062/2194/4193 4060/2193/4194
f 4055/2196/4195 4053/2199/4196 4065/2198/4196 4067/2197/4195
f 4050/2195/4192 4051/2201/4197 4063/2200/4198 4062/2194/4193
f 4054/2202/4199 4055/2196/4195 4067/2197/4195 4066/2203/4199
f 4051/2201/4197 4049/2205/4200 4061/2204/4201 4063/2200/4198
f 4052/2206/4202 4054/2202/4199 4066/2203/4199 4064/2207/4203
f 4046/2187/4204 4052/2206/4202 4064/2207/4203 4058/2186/4204
f 4049/2205/4200 4047/2188/4205 4059/2189/4205 4061/2204/4201
f 4041/2152/4164 4048/2192/4191 4060/2193/4194 4043/2153/4164
f 4053/2199/4196 4040/2154/4165 4042/2155/4165 4065/2198/4196
f 4065/2177/4184 4042/2156/4166 4043/2157/4166 4060/2176/4181
f 4053/2167/4171 4048/2164/4170 4041/2158/4167 4040/2159/4167
f 4070/2208/4206 4071/2211/4207 4095/2210/4207 4094/2209/4208
f 4071/2211/4207 4072/2213/4209 4096/2212/4210 4095/2210/4207
f 4072/2213/4209 4073/2215/4211 4097/2214/4212 4096/2212/4210
f 4073/2215/4211 4074/2217/4213 4098/2216/4214 4097/2214/4212
f 4074/2218/4213 4075/2221/4215 4099/2220/4216 4098/2219/4214
f 4075/2221/4215 4076/2223/4217 4100/2222/4218 4099/2220/4216
f 4076/2223/4217 4077/2225/4219 4101/2224/4219 4100/2222/4218
f 4077/2225/4219 4078/2227/4220 4102/2226/4221 4101/2224/4219
f 4078/2227/4220 4079/2229/4222 4103/2228/4223 4102/2226/4221
f 4079/2229/4222 4068/2231/4224 4093/2230/4225 4103/2228/4223
f 4081/2232/4226 4080/2235/4225 4105/2234/4224 4104/2233/4227
f 4082/2236/4228 4081/2232/4226 4104/2233/4227 4106/2237/4229
f 4083/2238/4230 4082/2236/4228 4106/2237/4229 4107/2239/4230
f 4084/2240/4231 4083/2238/4230 4107/2239/4230 4108/2241/4232
f 4085/2242/4233 4084/2240/4231 4108/2241/4232 4109/2243/4234
f 4086/2244/4214 4085/2242/4233 4109/2243/4234 4110/2245/4213
f 4087/2246/4235 4086/2249/4214 4110/2248/4213 4111/2247/4236
f 4088/2250/4237 4087/2246/4235 4111/2247/4236 4112/2251/4238
f 4089/2252/4239 4088/2250/4237 4112/2251/4238 4113/2253/4239
f 4090/2254/4240 4089/2252/4239 4113/2253/4239 4114/2255/4241
f 4091/2256/4242 4090/2254/4240 4114/2255/4241 4115/2257/4243
f 4080/2235/4225 4091/2256/4242 4115/2257/4243 4105/2234/4224
f 4069/2258/4244 4070/2208/4206 4094/2209/4208 4092/2259/4245
f 4068/2231/4224 4069/2258/4244 4092/2259/4245 4093/2230/4225
f 4116/2260/4246 4117/2261/4247 4119/2262/4248 4118/2263/4249
f 4118/2263/4249 4119/2262/4248 4121/2264/4250 4120/2265/4251
f 4120/2265/4251 4121/2264/4250 4123/2266/4252 4122/2267/4252
f 4122/2267/4252 4123/2266/4252 4125/2268/4253 4124/2269/4254
f 4124/2269/4254 4125/2268/4253 4127/2270/4255 4126/2271/4256
f 4126/2271/4256 4127/2270/4255 4129/2272/4257 4128/2273/4258
f 4128/2274/4258 4129/2275/4257 4131/2276/4259 4130/2277/4260
f 4130/2277/4260 4131/2276/4259 4133/2278/4261 4132/2279/4262
f 4132/2279/4262 4133/2278/4261 4135/2280/4263 4134/2281/4263
f 4134/2281/4263 4135/2280/4263 4137/2282/4264 4136/2283/4265
f 4136/2283/4265 4137/2282/4264 4139/2284/4266 4138/2285/4267
f 4138/2285/4267 4139/2284/4266 4117/2261/4247 4116/2260/4246
f 4140/2286/4268 4142/2287/4269 4143/2288/4270 4141/2289/4271
f 4142/2287/4269 4144/2290/4272 4145/2291/4273 4143/2288/4270
f 4144/2290/4272 4146/2292/4274 4147/2293/4274 4145/2291/4273
f 4146/2292/4274 4148/2294/4275 4149/2295/4276 4147/2293/4274
f 4148/2294/4275 4150/2296/4277 4151/2297/4278 4149/2295/4276
f 4150/2296/4277 4152/2298/4279 4153/2299/4258 4151/2297/4278
f 4152/2300/4279 4154/2301/4280 4155/2302/4281 4153/2303/4258
f 4154/2301/4280 4156/2304/4282 4157/2305/4283 4155/2302/4281
f 4156/2304/4282 4158/2306/4284 4159/2307/4284 4157/2305/4283
f 4158/2306/4284 4160/2308/4285 4161/2309/4286 4159/2307/4284
f 4160/2308/4285 4162/2310/4287 4163/2311/4288 4161/2309/4286
f 4162/2310/4287 4140/2286/4268 4141/2289/4271 4163/2311/4288
f 4183/1431/4289 4181/1432/4289 4190/1433/4289 4176/1434/4289
f 4204/1435/4290 4173/1436/4290 4185/1437/4290 4216/1438/4290
f 4183/1431/4291 4169/1439/4291 4167/1440/4291 4181/1432/4291
f 4184/1441/4291 4172/1442/4291 4168/1443/4292 4182/1444/4291
f 4187/1445/4293 4178/1446/4292 4169/1439/4291 4183/1431/4291
f 4170/1447/4294 4171/1448/4295 4165/1449/4296 4174/1450/4296
f 4177/1451/4297 4187/1445/4297 4189/1452/4297 4188/1453/4297
f 4173/1454/4298 4204/1455/4298 4210/1456/4298 4179/1457/4298
f 4175/1458/4299 4166/1459/4299 4171/1448/4295 4170/1447/4294
f 4228/1460/4300 4229/1461/4300 4211/1462/4300 4215/1463/4300
f 4185/1437/4301 4186/1464/4301 4217/1465/4301 4216/1438/4301
f 4205/1466/4302 4174/1450/4302 4191/1467/4303 4222/1468/4304
f 4193/1469/4305 4177/1451/4305 4179/1457/4306 4191/1467/4303
f 4194/1470/4307 4178/1446/4292 4187/1445/4293 4192/1471/4291
f 4173/1436/4308 4188/1472/4308 4185/1437/4308
f 4166/1459/4291 4180/1473/4291 4184/1441/4291 4171/1448/4291
f 4179/1457/4309 4177/1451/4309 4188/1453/4309 4173/1454/4309
f 4171/1448/4291 4184/1441/4291 4182/1444/4291 4165/1449/4310
f 4188/1472/4311 4189/1474/4311 4176/1475/4311 4185/1437/4311
f 4185/1437/4312 4176/1475/4312 4190/1476/4312 4186/1464/4312
f 4222/1468/4304 4191/1467/4303 4179/1457/4306 4210/1456/4313
f 4187/1445/4314 4183/1431/4314 4176/1434/4314 4189/1452/4314
f 4192/1471/4291 4187/1445/4293 4177/1451/4315 4193/1469/4316
f 4182/1444/4291 4192/1471/4291 4193/1469/4316 4165/1449/4310
f 4168/1443/4292 4194/1470/4307 4192/1471/4291 4182/1444/4291
f 4165/1449/4317 4193/1469/4317 4191/1467/4317 4174/1450/4317
f 4190/1477/4318 4221/1478/4319 4217/1479/4320 4186/1480/4320
f 4214/1481/4321 4207/1482/4321 4221/1483/4321 4212/1484/4321
f 4214/1481/4322 4212/1484/4322 4198/1485/4322 4200/1486/4322
f 4215/1487/4322 4213/1488/4322 4199/1489/4323 4203/1490/4322
f 4218/1491/4324 4214/1481/4322 4200/1486/4322 4209/1492/4325
f 4201/1493/4326 4205/1466/4327 4196/1494/4327 4202/1495/4328
f 4208/1496/4329 4219/1497/4329 4220/1498/4329 4218/1491/4329
f 4206/1499/4330 4201/1493/4326 4202/1495/4328 4197/1500/4330
f 4180/1501/4331 4227/1502/4331 4226/1503/4331 4184/1504/4331
f 4224/1505/4332 4222/1468/4304 4210/1456/4313 4208/1496/4332
f 4225/1506/4333 4223/1507/4322 4218/1491/4324 4209/1492/4325
f 4204/1435/4334 4216/1438/4334 4219/1508/4334
f 4197/1500/4322 4202/1495/4322 4215/1487/4322 4211/1509/4322
f 4210/1456/4335 4204/1455/4335 4219/1497/4335 4208/1496/4335
f 4202/1495/4322 4196/1494/4336 4213/1488/4322 4215/1487/4322
f 4219/1508/4337 4216/1438/4337 4207/1510/4337 4220/1511/4337
f 4216/1438/4338 4217/1465/4338 4221/1512/4338 4207/1510/4338
f 4218/1491/4339 4220/1498/4339 4207/1482/4339 4214/1481/4339
f 4223/1507/4322 4224/1505/4340 4208/1496/4341 4218/1491/4324
f 4213/1488/4322 4196/1494/4336 4224/1505/4340 4223/1507/4322
f 4199/1489/4323 4213/1488/4322 4223/1507/4322 4225/1506/4333
f 4196/1494/4342 4205/1466/4342 4222/1468/4342 4224/1505/4342
f 4181/1513/4343 4167/1514/4343 4198/1515/4343 4212/1516/4343 4221/1478/4319 4190/1477/4318
f 4195/1517/4344 4203/1518/4344 4172/1519/4344 4164/1520/4344
f 4203/1518/4344 4199/1521/4344 4168/1522/4344 4172/1519/4344
f 4199/1523/4345 4225/1524/4346 4194/1470/4346 4168/1443/4345
f 4225/1524/4346 4209/1525/4347 4178/1446/4347 4194/1470/4346
f 4209/1525/4348 4200/1526/4348 4169/1439/4348 4178/1446/4348
f 4200/1526/4349 4198/1527/4349 4167/1440/4349 4169/1439/4349
f 4201/1493/4350 4170/1447/4350 4174/1450/4350 4205/1466/4350
f 4206/1528/4351 4197/1529/4351 4211/1530/4351 4229/1531/4351
f 4175/1532/4352 4170/1533/4352 4226/1534/4352 4227/1535/4352
f 4201/1536/4353 4206/1528/4353 4229/1531/4353 4228/1537/4353
f 4166/1538/4354 4175/1532/4354 4227/1535/4354 4180/1539/4354
f 4170/1533/4355 4201/1536/4355 4228/1537/4355 4226/1534/4355
f 4164/1520/4356 4226/1503/4357 4228/1460/4358 4195/1517/4359
f 4226/1503/4357 4164/1520/4356 4184/1504/4360
f 4184/1441/4291 4164/1540/4291 4172/1442/4291
f 4195/1541/4322 4215/1487/4322 4203/1490/4322
f 4228/1460/4358 4215/1463/4361 4195/1517/4359
f 4231/1542/4362 4286/1543/4362 4293/1544/4362 4245/1545/4362
f 4237/1546/4363 4288/1547/4364 4301/1548/4364 4265/1549/4365
f 4231/1542/4366 4234/1550/4367 4291/1551/4368 4286/1543/4369
f 4289/1552/4364 4232/1553/4364 4260/1554/4364 4300/1555/4364
f 4236/1556/4370 4238/1557/4371 4241/1558/4372 4239/1559/4373
f 4237/1546/4374 4240/1560/4374 4241/1558/4372 4238/1557/4371
f 4239/1559/4373 4241/1558/4372 4235/1561/4375 4230/1562/4376
f 4243/1563/4374 4242/1564/4374 4235/1561/4375 4241/1558/4372 4240/1560/4374
f 4250/1565/4377 4236/1556/4377 4239/1559/4378 4253/1566/4378
f 4245/1545/4379 4293/1544/4380 4296/1567/4381 4248/1568/4382
f 4298/1569/4383 4305/1570/4383 4278/1571/4384 4264/1572/4384
f 4250/1565/4385 4253/1566/4386 4255/1573/4387 4252/1574/4388
f 4251/1575/4389 4252/1574/4388 4255/1573/4387 4254/1576/4389
f 4253/1566/4386 4244/1577/4390 4249/1578/4391 4255/1573/4387
f 4257/1579/4389 4254/1576/4389 4255/1573/4387 4249/1578/4391 4256/1580/4389
f 4259/1581/4392 4299/1582/4393 4302/1583/4394 4262/1584/4395
f 4260/1585/4396 4262/1584/4395 4302/1583/4394 4300/1586/4397
f 4264/1572/4398 4267/1587/4399 4269/1588/4400 4266/1589/4401
f 4265/1590/4402 4266/1589/4401 4269/1588/4400 4268/1591/4403
f 4267/1587/4399 4258/1592/4404 4263/1593/4405 4269/1588/4400
f 4271/1594/4406 4268/1591/4403 4269/1588/4400 4263/1593/4405 4270/1595/4406
f 4267/1587/4407 4264/1572/4384 4278/1571/4384 4281/1596/4407
f 4306/1597/4408 4279/1598/4409 4280/1599/4410 4308/1600/4411
f 4273/1601/4412 4276/1602/4413 4309/1603/4414 4304/1604/4415
f 4274/1605/4416 4307/1606/4417 4309/1603/4414 4276/1602/4413
f 4278/1571/4418 4280/1599/4410 4283/1607/4419 4281/1596/4420
f 4279/1598/4409 4282/1608/4421 4283/1607/4419 4280/1599/4410
f 4281/1596/4420 4283/1607/4419 4277/1609/4422 4272/1610/4423
f 4285/1611/4424 4284/1612/4424 4277/1609/4422 4283/1607/4419 4282/1608/4421
f 4234/1550/4425 4231/1542/4426 4259/1613/4427 4262/1614/4428
f 4235/1561/4429 4242/1564/4430 4270/1615/4430 4263/1616/4431
f 4233/1617/4432 4230/1562/4433 4258/1618/4434 4261/1619/4435
f 4243/1563/4436 4240/1560/4437 4268/1620/4438 4271/1621/4436
f 4232/1553/4439 4234/1550/4425 4262/1614/4428 4260/1554/4439
f 4240/1560/4437 4237/1546/4363 4265/1549/4365 4268/1620/4438
f 4230/1562/4433 4235/1561/4429 4263/1616/4431 4258/1618/4434
f 4242/1564/4440 4243/1563/4440 4271/1621/4440 4270/1615/4440
f 4231/1542/4426 4245/1545/4441 4273/1622/4442 4259/1613/4427
f 4233/1617/4432 4261/1619/4435 4275/1623/4443 4247/1624/4444
f 4245/1545/4441 4248/1568/4445 4276/1625/4446 4273/1622/4442
f 4256/1580/4447 4249/1578/4448 4277/1626/4449 4284/1627/4447
f 4244/1577/4450 4247/1624/4444 4275/1623/4443 4272/1628/4451
f 4246/1629/4389 4248/1568/4382 4296/1567/4381 4294/1630/4389
f 4254/1576/4452 4257/1579/4453 4285/1631/4453 4282/1632/4454
f 4248/1568/4445 4246/1629/4455 4274/1633/4455 4276/1625/4446
f 4251/1575/4456 4254/1576/4452 4282/1632/4454 4279/1634/4457
f 4249/1578/4448 4244/1577/4450 4272/1628/4451 4277/1626/4449
f 4257/1579/4458 4256/1580/4458 4284/1627/4458 4285/1631/4458
f 4295/1635/4389 4297/1636/4459 4252/1574/4388 4251/1575/4389
f 4232/1553/4374 4289/1552/4374 4291/1551/4368 4234/1550/4367
f 4267/1587/4407 4281/1596/4407 4272/1610/4460 4275/1637/4460 4261/1638/4460 4258/1592/4460
f 4305/1570/4461 4308/1600/4411 4280/1599/4410 4278/1571/4418
f 4304/1604/4383 4299/1582/4383 4259/1581/4383 4273/1601/4383
f 4301/1639/4462 4303/1640/4463 4266/1589/4401 4265/1590/4402
f 4298/1569/4464 4264/1572/4398 4266/1589/4401 4303/1640/4463
f 4246/1629/4465 4294/1630/4465 4307/1641/4465 4274/1633/4465
f 4295/1635/4465 4251/1575/4456 4279/1634/4457 4306/1642/4465
f 4292/1643/4466 4250/1565/4385 4252/1574/4388 4297/1636/4459
f 4288/1547/4374 4237/1546/4374 4238/1557/4371 4290/1644/4467
f 4287/1645/4468 4290/1644/4467 4238/1557/4371 4236/1556/4370
f 4287/1645/4362 4236/1556/4377 4250/1565/4377 4292/1643/4362
f 4295/1635/4465 4306/1642/4465 4307/1641/4465 4294/1630/4465
f 4289/1552/4364 4300/1555/4364 4301/1548/4364 4288/1547/4364
f 4306/1597/4408 4308/1600/4411 4309/1603/4414 4307/1606/4417
f 4308/1600/4411 4305/1570/4461 4304/1604/4415 4309/1603/4414
f 4303/1640/4463 4301/1639/4462 4300/1586/4397 4302/1583/4394
f 4298/1569/4464 4303/1640/4463 4302/1583/4394 4299/1582/4393
f 4304/1604/4383 4305/1570/4383 4298/1569/4383 4299/1582/4383
f 4297/1636/4459 4295/1635/4389 4294/1630/4389 4296/1567/4381
f 4296/1567/4381 4293/1544/4380 4292/1643/4466 4297/1636/4459
f 4288/1547/4374 4290/1644/4467 4291/1551/4368 4289/1552/4374
f 4287/1645/4468 4286/1543/4369 4291/1551/4368 4290/1644/4467
f 4287/1645/4362 4292/1643/4362 4293/1544/4362 4286/1543/4362
f 4233/1617/4469 4247/1624/4469 4244/1577/4469 4253/1566/4378 4239/1559/4378 4230/1562/4469
f 4336/1646/4470 4433/1647/4470 4432/1648/4470 4335/1649/4470
f 4312/1650/4471 4321/1651/4471 4314/1652/4471 4310/1653/4471
f 4322/1654/4472 4323/1655/4472 4324/1656/4473 4313/1657/4473 4315/1658/4473
f 4314/1652/4474 4321/1651/4474 4322/1654/4474 4315/1658/4474
f 4310/1653/4471 4314/1652/4471 4318/1659/4471 4311/1660/4471
f 4313/1657/4473 4319/1661/4473 4320/1662/4473 4315/1658/4473
f 4314/1652/4474 4315/1658/4474 4320/1662/4474 4318/1659/4474
f 4380/1663/4472 4317/1664/4473 4313/1657/4473 4324/1656/4473
f 4326/1665/4473 4327/1666/4473 4328/1667/4473 4316/1668/4473
f 4317/1664/4473 4325/1669/4472 4327/1666/4473 4326/1665/4473
f 4355/1670/4475 4435/1671/4476 4434/1672/4476 4354/1673/4477
f 4312/1650/4471 4310/1653/4471 4330/1674/4471 4337/1675/4471
f 4338/1676/4470 4331/1677/4470 4329/1678/4470 4340/1679/4470 4339/1680/4470
f 4330/1674/4478 4331/1677/4478 4338/1676/4478 4337/1675/4478
f 4310/1653/4471 4311/1660/4471 4334/1681/4471 4330/1674/4471
f 4329/1678/4470 4331/1677/4470 4336/1646/4470 4335/1649/4470
f 4330/1674/4478 4334/1681/4479 4336/1646/4479 4331/1677/4478
f 4382/1682/4470 4340/1679/4470 4329/1678/4470
f 4342/1683/4470 4332/1684/4470 4344/1685/4470 4343/1686/4470
f 4333/1687/4470 4342/1683/4470 4343/1686/4470 4341/1688/4470
f 4370/1689/4480 4436/1690/4481 4437/1691/4481 4371/1692/4482
f 4347/1693/4483 4345/1694/4484 4349/1695/4485 4356/1696/4486
f 4357/1697/4487 4350/1698/4487 4348/1699/4488 4359/1700/4489 4358/1701/4487
f 4349/1695/4490 4350/1698/4490 4357/1697/4490 4356/1696/4490
f 4345/1694/4484 4346/1702/4491 4353/1703/4492 4349/1695/4485
f 4348/1699/4493 4350/1698/4493 4355/1670/4475 4354/1673/4477
f 4349/1695/4494 4353/1703/4494 4355/1670/4494 4350/1698/4494
f 4381/1704/4495 4359/1700/4489 4348/1699/4488 4352/1705/4470
f 4361/1706/4495 4351/1707/4495 4363/1708/4495 4362/1709/4495
f 4352/1705/4470 4361/1706/4495 4362/1709/4495 4360/1710/4495
f 4354/1711/4496 4434/1712/4497 4430/1713/4497 4319/1714/4496
f 4347/1693/4483 4372/1715/4498 4365/1716/4499 4345/1694/4484
f 4373/1717/4500 4374/1718/4500 4375/1719/4501 4364/1720/4473 4366/1721/4500
f 4365/1716/4502 4372/1715/4502 4373/1717/4502 4366/1721/4502
f 4345/1694/4484 4365/1716/4499 4369/1722/4503 4346/1702/4491
f 4364/1720/4504 4370/1689/4480 4371/1692/4482 4366/1721/4504
f 4365/1716/4505 4366/1721/4505 4371/1692/4505 4369/1722/4505
f 4383/1723/4473 4364/1720/4473 4375/1719/4501
f 4377/1724/4473 4378/1725/4473 4379/1726/4473 4367/1727/4473
f 4368/1728/4473 4376/1729/4473 4378/1725/4473 4377/1724/4473
f 4319/1714/4496 4313/1730/4506 4348/1731/4506 4354/1711/4496
f 4320/1732/4507 4431/1733/4507 4435/1734/4507 4355/1735/4507
f 4335/1736/4496 4432/1737/4497 4436/1738/4497 4370/1739/4496
f 4321/1740/4508 4312/1741/4508 4347/1742/4508 4356/1743/4508
f 4323/1744/4509 4322/1745/4509 4357/1746/4509 4358/1747/4509
f 4324/1748/4510 4323/1744/4510 4358/1747/4510 4359/1749/4510
f 4380/1750/4511 4324/1748/4511 4359/1749/4511 4381/1751/4511
f 4326/1752/4506 4316/1753/4506 4351/1754/4506 4361/1755/4506
f 4316/1753/4512 4328/1756/4512 4363/1757/4512 4351/1754/4512
f 4311/1758/4513 4318/1759/4513 4353/1760/4513 4346/1761/4513
f 4322/1745/4514 4321/1740/4514 4356/1743/4514 4357/1746/4514
f 4318/1759/4515 4320/1762/4515 4355/1763/4515 4353/1760/4515
f 4328/1756/4516 4327/1764/4516 4362/1765/4516 4363/1757/4516
f 4327/1764/4517 4325/1766/4517 4360/1767/4517 4362/1765/4517
f 4317/1768/4506 4326/1752/4506 4361/1755/4506 4352/1769/4506
f 4371/1770/4518 4437/1771/4518 4433/1772/4518 4336/1773/4518
f 4329/1774/4506 4335/1736/4496 4370/1739/4496 4364/1775/4506
f 4312/1741/4508 4337/1776/4508 4372/1777/4508 4347/1742/4508
f 4338/1778/4519 4339/1779/4519 4374/1780/4519 4373/1781/4519
f 4339/1779/4510 4340/1782/4510 4375/1783/4510 4374/1780/4510
f 4382/1784/4520 4341/1785/4520 4376/1786/4520 4383/1787/4520
f 4332/1788/4506 4342/1789/4506 4377/1790/4506 4367/1791/4506
f 4344/1792/4512 4332/1788/4512 4367/1791/4512 4379/1793/4512
f 4334/1794/4513 4311/1758/4513 4346/1761/4513 4369/1795/4513
f 4337/1776/4521 4338/1796/4521 4373/1797/4521 4372/1777/4521
f 4336/1773/4522 4334/1794/4522 4369/1795/4522 4371/1770/4522
f 4343/1798/4516 4344/1792/4516 4379/1793/4516 4378/1799/4516
f 4341/1785/4517 4343/1798/4517 4378/1799/4517 4376/1786/4517
f 4342/1789/4506 4333/1800/4506 4368/1801/4506 4377/1790/4506
f 4325/1766/4520 4380/1750/4520 4381/1751/4520 4360/1767/4520
f 4313/1730/4523 4317/1768/4523 4352/1769/4523 4348/1731/4523
f 4360/1710/4495 4381/1704/4495 4352/1705/4470
f 4325/1669/4472 4317/1664/4473 4380/1663/4472
f 4340/1782/4511 4382/1784/4511 4383/1787/4511 4375/1783/4511
f 4333/1800/4524 4329/1774/4524 4364/1775/4524 4368/1801/4524
f 4376/1729/4473 4368/1728/4473 4364/1720/4473 4383/1723/4473
f 4341/1688/4470 4382/1682/4470 4329/1678/4470 4333/1687/4470
f 4391/1802/4525 4396/1803/4525 4388/1804/4525 4384/1805/4525
f 4384/1806/4526 4388/1807/4526 4386/1808/4526 4387/1809/4526
f 4386/1810/4527 4756/1811/4528 4759/1812/4529 4395/1813/4527
f 4394/1814/4530 4387/1815/4530 4386/1810/4531 4395/1813/4531
f 4776/1816/4532 4772/1817/4532 4393/1818/4533 4400/1819/4533
f 4393/1818/4533 4385/1820/4533 4390/1821/4533 4398/1822/4533
f 4755/1823/4526 4750/1824/4526 4385/1825/4526 4769/1826/4526 4771/1827/4526 4770/1828/4526
f 4389/1829/4534 4397/1830/4534 4398/1822/4534 4390/1821/4534
f 4385/1825/4526 4750/1824/4526 4753/1831/4526 4389/1832/4526 4390/1833/4526
f 4384/1805/4535 4387/1815/4530 4394/1814/4530 4391/1802/4535
f 4386/1808/4526 4388/1807/4526 4751/1834/4526 4756/1835/4526
f 4758/1836/4536 4755/1837/4537 4770/1838/4538 4773/1839/4538
f 4767/1840/4539 4775/1841/4539 4777/1842/4539 4776/1843/4539 4400/1844/4539 4762/1845/4539
f 4391/1802/4525 4399/1846/4525 4403/1847/4525 4396/1803/4525
f 4399/1848/4539 4402/1849/4539 4401/1850/4539 4403/1851/4539
f 4401/1852/4527 4395/1813/4527 4759/1812/4529 4766/1853/4540
f 4400/1844/4539 4405/1854/4539 4404/1855/4539 4763/1856/4539 4762/1845/4539
f 4394/1814/4530 4395/1813/4531 4401/1852/4531 4402/1857/4530
f 4393/1818/4533 4398/1822/4533 4405/1858/4533 4400/1819/4533
f 4401/1850/4539 4766/1859/4539 4761/1860/4539 4403/1851/4539
f 4404/1861/4534 4405/1858/4534 4398/1822/4534 4397/1830/4534
f 4399/1846/4535 4391/1802/4535 4394/1814/4530 4402/1857/4530
f 4758/1836/4536 4773/1839/4538 4775/1862/4538 4767/1863/4541
f 4764/1864/4535 4763/1865/4535 4404/1866/4535 4397/1867/4535 4392/1868/4535
f 4408/2312/4542 4440/2313/4543 4439/2314/4544 4407/2315/4545
f 4409/2316/4546 4441/2317/4546 4440/2313/4543 4408/2312/4542
f 4410/2318/4547 4442/2319/4548 4441/2317/4546 4409/2316/4546
f 4411/2320/4549 4443/2321/4550 4442/2319/4548 4410/2318/4547
f 4412/2322/4551 4444/2323/4552 4443/2321/4550 4411/2320/4549
f 4413/2324/4553 4445/2325/4554 4444/2326/4552 4412/2327/4551
f 4414/2328/4555 4446/2329/4556 4445/2325/4554 4413/2324/4553
f 4415/2330/4557 4447/2331/4557 4446/2329/4556 4414/2328/4555
f 4416/2332/4558 4448/2333/4559 4447/2331/4557 4415/2330/4557
f 4417/2334/4560 4449/2335/4561 4448/2333/4559 4416/2332/4558
f 4406/2336/4562 4438/2337/4563 4449/2335/4561 4417/2334/4560
f 4418/2338/4564 4450/2339/4565 4451/2340/4566 4419/2341/4567
f 4419/2341/4567 4451/2340/4566 4452/2342/4568 4420/2343/4569
f 4420/2343/4569 4452/2342/4568 4453/2344/4570 4421/2345/4570
f 4421/2345/4570 4453/2344/4570 4454/2346/4571 4422/2347/4572
f 4422/2347/4572 4454/2346/4571 4455/2348/4573 4423/2349/4574
f 4423/2349/4574 4455/2348/4573 4456/2350/4551 4424/2351/4575
f 4424/2352/4575 4456/2353/4551 4457/2354/4576 4425/2355/4577
f 4425/2355/4577 4457/2354/4576 4458/2356/4578 4426/2357/4579
f 4426/2357/4579 4458/2356/4578 4459/2358/4580 4427/2359/4580
f 4427/2359/4580 4459/2358/4580 4460/2360/4581 4428/2361/4582
f 4428/2361/4582 4460/2360/4581 4461/2362/4583 4429/2363/4584
f 4429/2363/4584 4461/2362/4583 4450/2339/4565 4418/2338/4564
f 4431/1733/4585 4430/1713/4585 4434/1712/4585 4435/1734/4585
f 4432/1737/4585 4433/1772/4585 4437/1771/4585 4436/1738/4585
f 4319/1661/4473 4430/1869/4473 4431/1870/4473 4320/1662/4473
f 4407/2315/4545 4439/2314/4544 4438/2337/4563 4406/2336/4562
f 4525/2364/4586 4510/2365/4587 4463/2366/4588 4493/2367/4589
f 4485/2368/4590 4487/2369/4591 4538/2370/4592 4537/2371/4593
f 4462/2372/4594 4464/2373/4595 4495/2374/4595 4494/2375/4594
f 4512/2376/4596 4467/2377/4597 4465/2378/4598 4511/2379/4599
f 4513/2380/4600 4469/2381/4601 4467/2377/4597 4512/2376/4596
f 4514/2382/4602 4471/2383/4603 4469/2381/4601 4513/2380/4600
f 4515/2384/4604 4473/2385/4605 4471/2383/4603 4514/2382/4602
f 4516/2386/4606 4475/2387/4607 4473/2385/4605 4515/2384/4604
f 4517/2388/4608 4477/2389/4609 4475/2387/4607 4516/2386/4606
f 4518/2390/4610 4479/2391/4611 4477/2389/4609 4517/2388/4608
f 4519/2392/4612 4481/2393/4613 4479/2391/4611 4518/2390/4610
f 4520/2394/4614 4483/2395/4615 4481/2393/4613 4519/2392/4612
f 4521/2396/4616 4485/2368/4590 4483/2395/4615 4520/2394/4614
f 4522/2397/4617 4487/2369/4591 4485/2368/4590 4521/2396/4616
f 4523/2398/4618 4489/2399/4619 4487/2369/4591 4522/2397/4617
f 4524/2400/4620 4491/2401/4621 4489/2399/4619 4523/2398/4618
f 4525/2402/4586 4493/2403/4589 4491/2401/4621 4524/2400/4620
f 4475/2387/4607 4477/2389/4609 4533/2404/4622 4532/2405/4623
f 4494/2406/4624 4495/2407/4625 4511/2379/4625 4510/2365/4624
f 4462/2408/4473 4492/2409/4473 4490/2410/4473 4488/2411/4473 4486/2412/4473 4484/2413/4473 4482/2414/4473 4480/2415/4473 4478/2416/4473 4476/2417/4473 4474/2418/4473 4472/2419/4473 4470/2420/4473 4468/2421/4473 4466/2422/4473 4464/2423/4473
f 4462/2372/4594 4494/2375/4594 4509/2424/4626 4492/2425/4627
f 4490/2426/4628 4492/2427/4627 4509/2428/4626 4508/2429/4628
f 4488/2430/4629 4490/2426/4628 4508/2429/4628 4507/2431/4629
f 4486/2432/4630 4488/2430/4629 4507/2431/4629 4506/2433/4630
f 4484/2434/4631 4486/2432/4630 4506/2433/4630 4505/2435/4631
f 4482/2436/4632 4484/2434/4631 4505/2435/4631 4504/2437/4632
f 4480/2438/4633 4482/2436/4632 4504/2437/4632 4503/2439/4633
f 4478/2440/4634 4480/2438/4633 4503/2439/4633 4502/2441/4634
f 4476/2442/4635 4478/2440/4634 4502/2441/4634 4501/2443/4635
f 4474/2444/4636 4476/2442/4635 4501/2443/4635 4500/2445/4636
f 4472/2446/4637 4474/2444/4636 4500/2445/4636 4499/2447/4637
f 4470/2448/4638 4472/2446/4637 4499/2447/4637 4498/2449/4638
f 4468/2450/4639 4470/2448/4638 4498/2449/4638 4497/2451/4639
f 4466/2452/4640 4468/2450/4639 4497/2451/4639 4496/2453/4640
f 4464/2373/4595 4466/2452/4640 4496/2453/4640 4495/2374/4595
f 4511/2379/4599 4465/2378/4598 4463/2366/4588 4510/2365/4587
f 4509/2454/4641 4494/2406/4624 4510/2365/4624 4525/2364/4641
f 4508/2455/4642 4509/2456/4641 4525/2402/4641 4524/2400/4642
f 4507/2457/4643 4508/2455/4642 4524/2400/4642 4523/2398/4643
f 4506/2458/4644 4507/2457/4643 4523/2398/4643 4522/2397/4644
f 4505/2459/4645 4506/2458/4644 4522/2397/4644 4521/2396/4645
f 4504/2460/4646 4505/2459/4645 4521/2396/4645 4520/2394/4646
f 4503/2461/4647 4504/2460/4646 4520/2394/4646 4519/2392/4647
f 4502/2462/4648 4503/2461/4647 4519/2392/4647 4518/2390/4648
f 4501/2463/4649 4502/2462/4648 4518/2390/4648 4517/2388/4649
f 4500/2464/4650 4501/2463/4649 4517/2388/4649 4516/2386/4650
f 4499/2465/4651 4500/2464/4650 4516/2386/4650 4515/2384/4651
f 4498/2466/4652 4499/2465/4651 4515/2384/4651 4514/2382/4652
f 4497/2467/4653 4498/2466/4652 4514/2382/4652 4513/2380/4653
f 4496/2468/4654 4497/2467/4653 4513/2380/4653 4512/2376/4654
f 4495/2407/4625 4496/2468/4654 4512/2376/4654 4511/2379/4625
f 4467/2377/4597 4469/2381/4601 4529/2469/4655 4528/2470/4656
f 4477/2389/4609 4479/2391/4611 4534/2471/4657 4533/2404/4622
f 4469/2381/4601 4471/2383/4603 4530/2472/4658 4529/2469/4655
f 4487/2369/4591 4489/2399/4619 4539/2473/4659 4538/2370/4592
f 4479/2391/4611 4481/2393/4613 4535/2474/4660 4534/2471/4657
f 4493/2367/4589 4463/2366/4588 4526/2475/4661 4541/2476/4662
f 4471/2383/4603 4473/2385/4605 4531/2477/4663 4530/2472/4658
f 4489/2399/4619 4491/2401/4621 4540/2478/4664 4539/2473/4659
f 4463/2366/4588 4465/2378/4598 4527/2479/4665 4526/2475/4661
f 4481/2393/4613 4483/2395/4615 4536/2480/4666 4535/2474/4660
f 4473/2385/4605 4475/2387/4607 4532/2405/4623 4531/2477/4663
f 4491/2401/4621 4493/2403/4589 4541/2481/4662 4540/2478/4664
f 4465/2378/4598 4467/2377/4597 4528/2470/4656 4527/2479/4665
f 4483/2395/4615 4485/2368/4590 4537/2371/4593 4536/2480/4666
f 4605/2482/4667 4573/2483/4668 4543/2484/4669 4590/2485/4670
f 4565/2486/4671 4537/2371/4593 4538/2370/4592 4567/2487/4672
f 4542/2488/4673 4574/2489/4673 4575/2490/4674 4544/2491/4674
f 4592/2492/4675 4591/2493/4676 4545/2494/4677 4547/2495/4678
f 4593/2496/4679 4592/2492/4675 4547/2495/4678 4549/2497/4680
f 4594/2498/4681 4593/2496/4679 4549/2497/4680 4551/2499/4682
f 4595/2500/4683 4594/2498/4681 4551/2499/4682 4553/2501/4684
f 4596/2502/4685 4595/2500/4683 4553/2501/4684 4555/2503/4686
f 4597/2504/4687 4596/2502/4685 4555/2503/4686 4557/2505/4688
f 4598/2506/4689 4597/2504/4687 4557/2505/4688 4559/2507/4690
f 4599/2508/4691 4598/2506/4689 4559/2507/4690 4561/2509/4692
f 4600/2510/4693 4599/2508/4691 4561/2509/4692 4563/2511/4694
f 4601/2512/4695 4600/2510/4693 4563/2511/4694 4565/2486/4671
f 4602/2513/4696 4601/2512/4695 4565/2486/4671 4567/2487/4672
f 4603/2514/4697 4602/2513/4696 4567/2487/4672 4569/2515/4698
f 4604/2516/4699 4603/2514/4697 4569/2515/4698 4571/2517/4700
f 4605/2518/4667 4604/2516/4699 4571/2517/4700 4573/2519/4668
f 4555/2503/4686 4532/2405/4623 4533/2404/4622 4557/2505/4688
f 4574/2520/4701 4590/2485/4701 4591/2493/4702 4575/2521/4702
f 4542/2522/4470 4544/2523/4470 4546/2524/4470 4548/2525/4470 4550/2526/4470 4552/2527/4470 4554/2528/4470 4556/2529/4470 4558/2530/4470 4560/2531/4470 4562/2532/4470 4564/2533/4470 4566/2534/4470 4568/2535/4470 4570/2536/4470 4572/2537/4470
f 4542/2488/4673 4572/2538/4703 4589/2539/4703 4574/2489/4673
f 4570/2540/4704 4588/2541/4704 4589/2542/4703 4572/2543/4703
f 4568/2544/4705 4587/2545/4705 4588/2541/4704 4570/2540/4704
f 4566/2546/4706 4586/2547/4706 4587/2545/4705 4568/2544/4705
f 4564/2548/4707 4585/2549/4707 4586/2547/4706 4566/2546/4706
f 4562/2550/4708 4584/2551/4708 4585/2549/4707 4564/2548/4707
f 4560/2552/4709 4583/2553/4709 4584/2551/4708 4562/2550/4708
f 4558/2554/4710 4582/2555/4710 4583/2553/4709 4560/2552/4709
f 4556/2556/4711 4581/2557/4711 4582/2555/4710 4558/2554/4710
f 4554/2558/4712 4580/2559/4712 4581/2557/4711 4556/2556/4711
f 4552/2560/4713 4579/2561/4713 4580/2559/4712 4554/2558/4712
f 4550/2562/4714 4578/2563/4714 4579/2561/4713 4552/2560/4713
f 4548/2564/4715 4577/2565/4715 4578/2563/4714 4550/2562/4714
f 4546/2566/4716 4576/2567/4716 4577/2565/4715 4548/2564/4715
f 4544/2491/4674 4575/2490/4674 4576/2567/4716 4546/2566/4716
f 4591/2493/4676 4590/2485/4670 4543/2484/4669 4545/2494/4677
f 4589/2568/4717 4605/2482/4717 4590/2485/4701 4574/2520/4701
f 4588/2569/4718 4604/2516/4718 4605/2518/4717 4589/2570/4717
f 4587/2571/4719 4603/2514/4719 4604/2516/4718 4588/2569/4718
f 4586/2572/4720 4602/2513/4720 4603/2514/4719 4587/2571/4719
f 4585/2573/4721 4601/2512/4721 4602/2513/4720 4586/2572/4720
f 4584/2574/4722 4600/2510/4722 4601/2512/4721 4585/2573/4721
f 4583/2575/4723 4599/2508/4723 4600/2510/4722 4584/2574/4722
f 4582/2576/4724 4598/2506/4724 4599/2508/4723 4583/2575/4723
f 4581/2577/4725 4597/2504/4725 4598/2506/4724 4582/2576/4724
f 4580/2578/4726 4596/2502/4726 4597/2504/4725 4581/2577/4725
f 4579/2579/4727 4595/2500/4727 4596/2502/4726 4580/2578/4726
f 4578/2580/4728 4594/2498/4728 4595/2500/4727 4579/2579/4727
f 4577/2581/4729 4593/2496/4729 4594/2498/4728 4578/2580/4728
f 4576/2582/4730 4592/2492/4730 4593/2496/4729 4577/2581/4729
f 4575/2521/4702 4591/2493/4702 4592/2492/4730 4576/2582/4730
f 4547/2495/4678 4528/2470/4656 4529/2469/4655 4549/2497/4680
f 4557/2505/4688 4533/2404/4622 4534/2471/4657 4559/2507/4690
f 4549/2497/4680 4529/2469/4655 4530/2472/4658 4551/2499/4682
f 4567/2487/4672 4538/2370/4592 4539/2473/4659 4569/2515/4698
f 4559/2507/4690 4534/2471/4657 4535/2474/4660 4561/2509/4692
f 4573/2483/4668 4541/2476/4662 4526/2475/4661 4543/2484/4669
f 4551/2499/4682 4530/2472/4658 4531/2477/4663 4553/2501/4684
f 4569/2515/4698 4539/2473/4659 4540/2478/4664 4571/2517/4700
f 4543/2484/4669 4526/2475/4661 4527/2479/4665 4545/2494/4677
f 4561/2509/4692 4535/2474/4660 4536/2480/4666 4563/2511/4694
f 4553/2501/4684 4531/2477/4663 4532/2405/4623 4555/2503/4686
f 4571/2517/4700 4540/2478/4664 4541/2481/4662 4573/2519/4668
f 4545/2494/4677 4527/2479/4665 4528/2470/4656 4547/2495/4678
f 4563/2511/4694 4536/2480/4666 4537/2371/4593 4565/2486/4671
f 4669/1871/4731 4654/1872/4732 4607/1873/4733 4637/1874/4734
f 4629/1875/4735 4631/1876/4736 4682/1877/4737 4681/1878/4738
f 4606/1879/4739 4608/1880/4740 4639/1881/4740 4638/1882/4739
f 4656/1883/4741 4611/1884/4742 4609/1885/4743 4655/1886/4744
f 4657/1887/4745 4613/1888/4746 4611/1884/4742 4656/1883/4741
f 4658/1889/4747 4615/1890/4748 4613/1888/4746 4657/1887/4745
f 4659/1891/4749 4617/1892/4750 4615/1890/4748 4658/1889/4747
f 4660/1893/4751 4619/1894/4752 4617/1892/4750 4659/1891/4749
f 4661/1895/4753 4621/1896/4754 4619/1894/4752 4660/1893/4751
f 4662/1897/4755 4623/1898/4756 4621/1896/4754 4661/1895/4753
f 4663/1899/4757 4625/1900/4758 4623/1898/4756 4662/1897/4755
f 4664/1901/4759 4627/1902/4760 4625/1900/4758 4663/1899/4757
f 4665/1903/4761 4629/1875/4735 4627/1902/4760 4664/1901/4759
f 4666/1904/4762 4631/1876/4736 4629/1875/4735 4665/1903/4761
f 4667/1905/4763 4633/1906/4764 4631/1876/4736 4666/1904/4762
f 4668/1907/4765 4635/1908/4766 4633/1906/4764 4667/1905/4763
f 4669/1871/4731 4637/1874/4734 4635/1908/4766 4668/1907/4765
f 4619/1894/4752 4621/1896/4754 4677/1909/4767 4676/1910/4768
f 4638/1911/4769 4639/1912/4770 4655/1886/4770 4654/1913/4769
f 4606/1914/4526 4636/1915/4526 4634/1916/4526 4632/1917/4526 4630/1918/4526 4628/1919/4526 4626/1920/4526 4624/1921/4526 4622/1922/4526 4620/1923/4526 4618/1924/4526 4616/1925/4526 4614/1926/4526 4612/1927/4526 4610/1928/4526 4608/1929/4526
f 4606/1930/4739 4638/1931/4739 4653/1932/4771 4636/1933/4771
f 4634/1934/4772 4636/1933/4771 4653/1932/4771 4652/1935/4772
f 4632/1936/4773 4634/1934/4772 4652/1935/4772 4651/1937/4773
f 4630/1938/4774 4632/1936/4773 4651/1937/4773 4650/1939/4774
f 4628/1940/4775 4630/1938/4774 4650/1939/4774 4649/1941/4775
f 4626/1942/4776 4628/1940/4775 4649/1941/4775 4648/1943/4776
f 4624/1944/4777 4626/1942/4776 4648/1943/4776 4647/1945/4777
f 4622/1946/4778 4624/1944/4777 4647/1945/4777 4646/1947/4778
f 4620/1948/4779 4622/1946/4778 4646/1947/4778 4645/1949/4779
f 4618/1950/4780 4620/1948/4779 4645/1949/4779 4644/1951/4780
f 4616/1952/4781 4618/1950/4780 4644/1951/4780 4643/1953/4781
f 4614/1954/4782 4616/1952/4781 4643/1953/4781 4642/1955/4782
f 4612/1956/4783 4614/1954/4782 4642/1955/4782 4641/1957/4783
f 4610/1958/4784 4612/1956/4783 4641/1957/4783 4640/1959/4784
f 4608/1880/4740 4610/1958/4784 4640/1959/4784 4639/1881/4740
f 4655/1886/4744 4609/1885/4743 4607/1960/4733 4654/1913/4732
f 4653/1961/4785 4638/1962/4769 4654/1872/4769 4669/1871/4785
f 4652/1963/4786 4653/1961/4785 4669/1871/4785 4668/1907/4786
f 4651/1964/4787 4652/1963/4786 4668/1907/4786 4667/1905/4787
f 4650/1965/4788 4651/1964/4787 4667/1905/4787 4666/1904/4788
f 4649/1966/4789 4650/1965/4788 4666/1904/4788 4665/1903/4789
f 4648/1967/4790 4649/1966/4789 4665/1903/4789 4664/1901/4790
f 4647/1968/4791 4648/1967/4790 4664/1901/4790 4663/1899/4791
f 4646/1969/4792 4647/1968/4791 4663/1899/4791 4662/1897/4792
f 4645/1970/4793 4646/1969/4792 4662/1897/4792 4661/1895/4793
f 4644/1971/4794 4645/1970/4793 4661/1895/4793 4660/1893/4794
f 4643/1972/4795 4644/1971/4794 4660/1893/4794 4659/1891/4795
f 4642/1973/4796 4643/1972/4795 4659/1891/4795 4658/1889/4796
f 4641/1974/4797 4642/1973/4796 4658/1889/4796 4657/1887/4797
f 4640/1975/4798 4641/1974/4797 4657/1887/4797 4656/1883/4798
f 4639/1912/4770 4640/1975/4798 4656/1883/4798 4655/1886/4770
f 4611/1884/4742 4613/1888/4746 4673/1976/4799 4672/1977/4800
f 4621/1896/4754 4623/1898/4756 4678/1978/4801 4677/1909/4767
f 4613/1888/4746 4615/1890/4748 4674/1979/4802 4673/1976/4799
f 4631/1876/4736 4633/1906/4764 4683/1980/4803 4682/1877/4737
f 4623/1898/4756 4625/1900/4758 4679/1981/4804 4678/1978/4801
f 4637/1874/4734 4607/1873/4733 4670/1982/4805 4685/1983/4806
f 4615/1890/4748 4617/1892/4750 4675/1984/4807 4674/1979/4802
f 4633/1906/4764 4635/1908/4766 4684/1985/4808 4683/1980/4803
f 4607/1960/4733 4609/1885/4743 4671/1986/4809 4670/1987/4805
f 4625/1900/4758 4627/1902/4760 4680/1988/4810 4679/1981/4804
f 4617/1892/4750 4619/1894/4752 4676/1910/4768 4675/1984/4807
f 4635/1908/4766 4637/1874/4734 4685/1983/4806 4684/1985/4808
f 4609/1885/4743 4611/1884/4742 4672/1977/4800 4671/1986/4809
f 4627/1902/4760 4629/1875/4735 4681/1878/4738 4680/1988/4810
f 4749/1989/4811 4717/1990/4812 4687/1991/4813 4734/1992/4814
f 4709/1993/4815 4681/1878/4738 4682/1877/4737 4711/1994/4816
f 4686/1995/4817 4718/1996/4817 4719/1997/4818 4688/1998/4818
f 4736/1999/4819 4735/2000/4820 4689/2001/4821 4691/2002/4822
f 4737/2003/4823 4736/1999/4819 4691/2002/4822 4693/2004/4824
f 4738/2005/4825 4737/2003/4823 4693/2004/4824 4695/2006/4826
f 4739/2007/4827 4738/2005/4825 4695/2006/4826 4697/2008/4828
f 4740/2009/4829 4739/2007/4827 4697/2008/4828 4699/2010/4830
f 4741/2011/4831 4740/2009/4829 4699/2010/4830 4701/2012/4832
f 4742/2013/4833 4741/2011/4831 4701/2012/4832 4703/2014/4834
f 4743/2015/4835 4742/2013/4833 4703/2014/4834 4705/2016/4836
f 4744/2017/4837 4743/2015/4835 4705/2016/4836 4707/2018/4838
f 4745/2019/4839 4744/2017/4837 4707/2018/4838 4709/1993/4815
f 4746/2020/4840 4745/2019/4839 4709/1993/4815 4711/1994/4816
f 4747/2021/4841 4746/2020/4840 4711/1994/4816 4713/2022/4842
f 4748/2023/4843 4747/2021/4841 4713/2022/4842 4715/2024/4844
f 4749/1989/4811 4748/2023/4843 4715/2024/4844 4717/1990/4812
f 4699/2010/4830 4676/1910/4768 4677/1909/4767 4701/2012/4832
f 4718/2025/4845 4734/2026/4845 4735/2000/4846 4719/2027/4846
f 4686/2028/4539 4688/2029/4539 4690/2030/4539 4692/2031/4539 4694/2032/4539 4696/2033/4539 4698/2034/4539 4700/2035/4539 4702/2036/4539 4704/2037/4539 4706/2038/4539 4708/2039/4539 4710/2040/4539 4712/2041/4539 4714/2042/4539 4716/2043/4539
f 4686/2044/4817 4716/2045/4847 4733/2046/4847 4718/2047/4817
f 4714/2048/4848 4732/2049/4848 4733/2046/4847 4716/2045/4847
f 4712/2050/4849 4731/2051/4849 4732/2049/4848 4714/2048/4848
f 4710/2052/4850 4730/2053/4850 4731/2051/4849 4712/2050/4849
f 4708/2054/4851 4729/2055/4851 4730/2053/4850 4710/2052/4850
f 4706/2056/4852 4728/2057/4852 4729/2055/4851 4708/2054/4851
f 4704/2058/4853 4727/2059/4853 4728/2057/4852 4706/2056/4852
f 4702/2060/4854 4726/2061/4854 4727/2059/4853 4704/2058/4853
f 4700/2062/4855 4725/2063/4855 4726/2061/4854 4702/2060/4854
f 4698/2064/4856 4724/2065/4856 4725/2063/4855 4700/2062/4855
f 4696/2066/4857 4723/2067/4857 4724/2065/4856 4698/2064/4856
f 4694/2068/4858 4722/2069/4858 4723/2067/4857 4696/2066/4857
f 4692/2070/4859 4721/2071/4859 4722/2069/4858 4694/2068/4858
f 4690/2072/4860 4720/2073/4860 4721/2071/4859 4692/2070/4859
f 4688/1998/4818 4719/1997/4818 4720/2073/4860 4690/2072/4860
f 4735/2000/4820 4734/2026/4814 4687/2074/4813 4689/2001/4821
f 4733/2075/4861 4749/1989/4861 4734/1992/4845 4718/2076/4845
f 4732/2077/4862 4748/2023/4862 4749/1989/4861 4733/2075/4861
f 4731/2078/4863 4747/2021/4863 4748/2023/4862 4732/2077/4862
f 4730/2079/4864 4746/2020/4864 4747/2021/4863 4731/2078/4863
f 4729/2080/4865 4745/2019/4865 4746/2020/4864 4730/2079/4864
f 4728/2081/4866 4744/2017/4866 4745/2019/4865 4729/2080/4865
f 4727/2082/4867 4743/2015/4867 4744/2017/4866 4728/2081/4866
f 4726/2083/4868 4742/2013/4868 4743/2015/4867 4727/2082/4867
f 4725/2084/4869 4741/2011/4869 4742/2013/4868 4726/2083/4868
f 4724/2085/4870 4740/2009/4870 4741/2011/4869 4725/2084/4869
f 4723/2086/4871 4739/2007/4871 4740/2009/4870 4724/2085/4870
f 4722/2087/4872 4738/2005/4872 4739/2007/4871 4723/2086/4871
f 4721/2088/4873 4737/2003/4873 4738/2005/4872 4722/2087/4872
f 4720/2089/4874 4736/1999/4874 4737/2003/4873 4721/2088/4873
f 4719/2027/4846 4735/2000/4846 4736/1999/4874 4720/2089/4874
f 4691/2002/4822 4672/1977/4800 4673/1976/4799 4693/2004/4824
f 4701/2012/4832 4677/1909/4767 4678/1978/4801 4703/2014/4834
f 4693/2004/4824 4673/1976/4799 4674/1979/4802 4695/2006/4826
f 4711/1994/4816 4682/1877/4737 4683/1980/4803 4713/2022/4842
f 4703/2014/4834 4678/1978/4801 4679/1981/4804 4705/2016/4836
f 4717/1990/4812 4685/1983/4806 4670/1982/4805 4687/1991/4813
f 4695/2006/4826 4674/1979/4802 4675/1984/4807 4697/2008/4828
f 4713/2022/4842 4683/1980/4803 4684/1985/4808 4715/2024/4844
f 4687/2074/4813 4670/1987/4805 4671/1986/4809 4689/2001/4821
f 4705/2016/4836 4679/1981/4804 4680/1988/4810 4707/2018/4838
f 4697/2008/4828 4675/1984/4807 4676/1910/4768 4699/2010/4830
f 4715/2024/4844 4684/1985/4808 4685/1983/4806 4717/1990/4812
f 4689/2001/4821 4671/1986/4809 4672/1977/4800 4691/2002/4822
f 4707/2018/4838 4680/1988/4810 4681/1878/4738 4709/1993/4815
f 4750/1824/4526 4755/1823/4526 4757/2090/4526 4754/2091/4526
f 4754/2091/4526 4757/2090/4526 4756/1835/4526 4751/1834/4526
f 4755/1837/4537 4758/1836/4536 4760/2092/4875 4757/2093/4876
f 4757/2093/4876 4760/2092/4875 4759/1812/4529 4756/1811/4528
f 4761/1860/4539 4766/1859/4539 4768/2094/4539 4765/2095/4539
f 4765/2095/4539 4768/2094/4539 4767/1840/4539 4762/1845/4539
f 4766/1853/4540 4759/1812/4529 4760/2092/4875 4768/2096/4877
f 4768/2096/4877 4760/2092/4875 4758/1836/4536 4767/1863/4541
f 4753/2097/4535 4752/2098/4535 4392/1868/4535 4397/1867/4535 4389/2099/4535
f 4769/2100/4532 4772/1817/4532 4774/2101/4878 4771/2102/4878
f 4771/2102/4878 4774/2101/4878 4773/1839/4538 4770/1838/4538
f 4775/1862/4538 4773/1839/4538 4774/2101/4878 4777/2103/4878
f 4777/2103/4878 4774/2101/4878 4772/1817/4532 4776/1816/4532
f 4769/2100/4532 4385/1820/4533 4393/1818/4533 4772/1817/4532
f 4778/2104/4526 4779/2105/4526 4781/2106/4879 4780/2107/4880
f 4782/2108/4881 4787/2109/4882 4789/2110/4883 4784/2111/4884
f 4784/2111/4884 4789/2110/4883 4788/2112/4885 4785/2113/4886
f 4785/2113/4886 4788/2112/4885 4786/2114/4887 4783/2115/4888
f 4780/2107/4880 4781/2106/4879 4783/2115/4888 4786/2114/4887
f 4790/2116/4889 4792/2117/4890 4793/2118/4891 4791/2119/4889
f 4794/2120/4892 4796/2121/4893 4801/2122/4894 4799/2123/4895
f 4796/2121/4893 4797/2124/4896 4800/2125/4897 4801/2122/4894
f 4797/2124/4896 4795/2126/4898 4798/2127/4899 4800/2125/4897
f 4792/2117/4890 4798/2127/4899 4795/2126/4898 4793/2118/4891
f 4778/2128/4900 4780/2129/4900 4792/2130/4900 4790/2131/4900
f 4781/2132/4901 4779/2133/4901 4791/2134/4901 4793/2135/4901
f 4782/2136/4902 4784/2137/4903 4796/2138/4904 4794/2139/4905
f 4789/2140/4906 4787/2141/4907 4799/2142/4907 4801/2143/4906
f 4784/2137/4903 4785/2144/4908 4797/2145/4909 4796/2138/4904
f 4788/2146/4910 4789/2140/4906 4801/2143/4906 4800/2147/4910
f 4785/2144/4908 4783/2148/4911 4795/2149/4912 4797/2145/4909
f 4786/2150/4913 4788/2146/4910 4800/2147/4910 4798/2151/4913
f 4780/2129/4914 4786/2150/4913 4798/2151/4913 4792/2130/4914
f 4783/2148/4911 4781/2132/4915 4793/2135/4915 4795/2149/4912
f 4803/2152/4916 4782/2136/4902 4794/2139/4905 4805/2153/4916
f 4787/2141/4907 4802/2154/4917 4804/2155/4917 4799/2142/4907
f 4799/2123/4895 4804/2156/4918 4805/2157/4918 4794/2120/4892
f 4787/2109/4882 4782/2108/4881 4803/2158/4919 4802/2159/4919
f 4806/2160/4539 4808/2161/4920 4809/2162/4921 4807/2163/4539
f 4810/2164/4922 4812/2165/4923 4817/2166/4924 4815/2167/4925
f 4812/2165/4923 4813/2168/4926 4816/2169/4927 4817/2166/4924
f 4813/2168/4926 4811/2170/4928 4814/2171/4929 4816/2169/4927
f 4808/2161/4920 4814/2171/4929 4811/2170/4928 4809/2162/4921
f 4818/2172/4930 4819/2173/4930 4821/2174/4931 4820/2175/4932
f 4822/2176/4933 4827/2177/4934 4829/2178/4935 4824/2179/4936
f 4824/2179/4936 4829/2178/4935 4828/2180/4937 4825/2181/4938
f 4825/2181/4938 4828/2180/4937 4826/2182/4939 4823/2183/4940
f 4820/2175/4932 4821/2174/4931 4823/2183/4940 4826/2182/4939
f 4806/2184/4941 4818/2185/4941 4820/2186/4941 4808/2187/4941
f 4809/2188/4942 4821/2189/4942 4819/2190/4942 4807/2191/4942
f 4810/2192/4943 4822/2193/4944 4824/2194/4945 4812/2195/4946
f 4817/2196/4947 4829/2197/4948 4827/2198/4949 4815/2199/4949
f 4812/2195/4946 4824/2194/4945 4825/2200/4950 4813/2201/4951
f 4816/2202/4952 4828/2203/4952 4829/2197/4948 4817/2196/4947
f 4813/2201/4951 4825/2200/4950 4823/2204/4953 4811/2205/4954
f 4814/2206/4955 4826/2207/4956 4828/2203/4952 4816/2202/4952
f 4808/2187/4957 4820/2186/4957 4826/2207/4956 4814/2206/4955
f 4811/2205/4954 4823/2204/4953 4821/2189/4958 4809/2188/4958
f 4803/2152/4916 4805/2153/4916 4822/2193/4944 4810/2192/4943
f 4815/2199/4949 4827/2198/4949 4804/2155/4917 4802/2154/4917
f 4827/2177/4934 4822/2176/4933 4805/2157/4918 4804/2156/4918
f 4815/2167/4925 4802/2159/4919 4803/2158/4919 4810/2164/4922
f 4832/2208/4959 4856/2209/4960 4857/2210/4961 4833/2211/4961
f 4833/2211/4961 4857/2210/4961 4858/2212/4962 4834/2213/4963
f 4834/2213/4963 4858/2212/4962 4859/2214/4964 4835/2215/4965
f 4835/2215/4965 4859/2214/4964 4860/2216/4966 4836/2217/4967
f 4836/2218/4967 4860/2219/4966 4861/2220/4968 4837/2221/4969
f 4837/2221/4969 4861/2220/4968 4862/2222/4970 4838/2223/4971
f 4838/2223/4971 4862/2222/4970 4863/2224/4972 4839/2225/4972
f 4839/2225/4972 4863/2224/4972 4864/2226/4973 4840/2227/4974
f 4840/2227/4974 4864/2226/4973 4865/2228/4975 4841/2229/4976
f 4841/2229/4976 4865/2228/4975 4855/2230/4977 4830/2231/4978
f 4843/2232/4979 4866/2233/4980 4867/2234/4978 4842/2235/4981
f 4844/2236/4982 4868/2237/4983 4866/2233/4980 4843/2232/4979
f 4845/2238/4984 4869/2239/4984 4868/2237/4983 4844/2236/4982
f 4846/2240/4985 4870/2241/4986 4869/2239/4984 4845/2238/4984
f 4847/2242/4987 4871/2243/4988 4870/2241/4986 4846/2240/4985
f 4848/2244/4989 4872/2245/4990 4871/2243/4988 4847/2242/4987
f 4849/2246/4991 4873/2247/4992 4872/2248/4990 4848/2249/4989
f 4850/2250/4993 4874/2251/4994 4873/2247/4992 4849/2246/4991
f 4851/2252/4995 4875/2253/4995 4874/2251/4994 4850/2250/4993
f 4852/2254/4996 4876/2255/4997 4875/2253/4995 4851/2252/4995
f 4853/2256/4998 4877/2257/4999 4876/2255/4997 4852/2254/4996
f 4842/2235/4981 4867/2234/4978 4877/2257/4999 4853/2256/4998
f 4831/2258/5000 4854/2259/5001 4856/2209/4960 4832/2208/4959
f 4830/2231/4978 4855/2230/4977 4854/2259/5001 4831/2258/5000
