# Blender v3.6.0 OBJ File: 'AllModels.blend'
# www.blender.org
mtllib Gun_Shotgun_Red.mtl
o Gun_Shotgun_Red_Cube.015
v -0.096145 0.079581 0.019736
v -0.037579 0.079561 -0.000000
v -0.037592 0.079546 0.006108
v 0.016159 -0.039569 0.019736
v 0.034135 0.004214 0.010586
v 0.016143 -0.039569 0.000000
v 0.034207 0.005101 -0.000000
v 0.011106 -0.069862 0.019736
v 0.059290 -0.013579 0.010669
v 0.011106 -0.069862 0.000000
v 0.059197 -0.012632 0.000000
v -0.044336 0.079562 0.019736
v 0.031805 -0.015095 0.019783
v 0.046897 -0.030428 0.019805
v 0.056187 -0.060858 0.000000
v -0.088064 0.119112 -0.000000
v -0.060657 0.056549 0.019736
v -0.089229 0.119112 0.019736
v 0.080683 -0.038548 0.000000
v -0.041736 0.040876 0.019736
v 0.025816 -0.088517 0.000000
v -0.060260 0.032491 -0.000000
v -0.018798 0.050772 -0.000000
v -0.060293 0.032810 0.019736
v -0.018971 0.050714 0.006108
v -0.027542 0.046725 0.019736
v 0.039172 -0.039924 0.019736
v -0.257976 0.025616 0.019736
v -0.116276 0.119112 0.019736
v -0.057392 0.119112 0.006108
v -0.062183 0.119112 0.019736
v -0.028159 0.062648 -0.000000
v -0.087172 0.053117 0.019736
v -0.028412 0.062500 0.006108
v -0.034143 0.059981 0.019736
v 0.028736 -0.026787 0.019736
v -0.257976 0.056214 0.019736
v -0.116276 0.119112 -0.000000
v -0.057392 0.119112 -0.000000
v -0.059853 0.119112 -0.000000
v -0.070240 0.079572 0.019736
v -0.129840 0.004231 -0.000000
v -0.129840 0.004231 0.019736
v -0.149442 -0.011536 0.000000
v -0.129624 0.030128 -0.000000
v -0.129624 0.030355 0.019736
v -0.007497 -0.088502 0.000000
v -0.033974 -0.088601 0.000000
v -0.007458 -0.088465 0.019736
v -0.034002 -0.088574 0.019736
v -0.036211 -0.119330 0.000000
v -0.009045 -0.120265 0.000000
v -0.044324 0.092999 0.006108
v -0.102990 0.093022 0.019736
v -0.050404 0.093009 0.019736
v -0.076697 0.093016 0.019736
v -0.044316 0.093009 -0.000000
v 0.048546 -0.055280 0.019904
v 0.056359 -0.060760 0.008422
v 0.073492 -0.033271 0.019699
v 0.080700 -0.038592 0.008395
v 0.026144 -0.088278 0.008432
v 0.017848 -0.082306 0.019844
v -0.144287 -0.000404 0.019736
v -0.149442 -0.011536 0.008438
v -0.143950 0.030315 0.019736
v -0.143950 0.054266 0.019736
v -0.008043 -0.105067 0.019609
v -0.008994 -0.120279 0.008428
v -0.036245 -0.119296 0.008439
v -0.035173 -0.104268 0.019738
v 0.078221 -0.027875 0.012932
v 0.077348 -0.026302 0.000000
v 0.082381 -0.037061 0.008280
v 0.082403 -0.036982 0.000000
v -0.257976 0.010319 -0.000000
v -0.257976 0.025781 -0.000000
v -0.257976 0.025781 0.008439
v -0.257976 0.021451 0.019736
v -0.257976 0.010319 0.008438
v -0.129624 0.079581 0.019736
v -0.129624 0.119112 0.019736
v -0.129624 0.054018 0.019736
v -0.129624 0.093022 0.019736
v -0.257976 0.056185 -0.000000
v -0.257976 0.056185 0.008439
v -0.048489 0.024473 -0.000000
v -0.032647 0.011128 -0.000000
v -0.040243 0.018109 -0.000000
v -0.048440 0.024565 0.019736
v -0.032645 0.011128 0.019736
v -0.040228 0.018135 0.019736
v -0.016067 0.047285 0.006108
v -0.001464 0.033012 0.006929
v -0.009052 0.039871 0.006348
v -0.001301 0.033134 -0.000000
v -0.015937 0.047352 -0.000000
v -0.008931 0.039938 -0.000000
v -0.011829 0.027561 0.019743
v -0.025021 0.043108 0.019736
v -0.018753 0.035106 0.019738
v -0.021384 0.020286 0.019736
v -0.035942 0.034767 0.019736
v -0.028775 0.027464 0.019736
v -0.096145 0.079581 -0.019736
v -0.037592 0.079546 -0.006108
v 0.016159 -0.039569 -0.019736
v 0.034135 0.004214 -0.010586
v 0.011106 -0.069862 -0.019736
v 0.059290 -0.013579 -0.010669
v -0.044336 0.079562 -0.019736
v 0.031805 -0.015095 -0.019783
v 0.046897 -0.030428 -0.019805
v -0.060657 0.056549 -0.019736
v -0.089229 0.119112 -0.019736
v -0.041736 0.040876 -0.019736
v -0.060293 0.032810 -0.019736
v -0.018971 0.050714 -0.006108
v -0.027542 0.046725 -0.019736
v 0.039172 -0.039924 -0.019736
v -0.257976 0.025616 -0.019736
v -0.116276 0.119112 -0.019736
v -0.057392 0.119112 -0.006108
v -0.062183 0.119112 -0.019736
v -0.087172 0.053117 -0.019736
v -0.028412 0.062500 -0.006108
v -0.034143 0.059981 -0.019736
v 0.028736 -0.026787 -0.019736
v -0.257976 0.056214 -0.019736
v -0.070240 0.079572 -0.019736
v -0.129840 0.004231 -0.019736
v -0.129624 0.030355 -0.019736
v -0.007458 -0.088465 -0.019736
v -0.034002 -0.088574 -0.019736
v -0.044324 0.092999 -0.006108
v -0.102990 0.093022 -0.019736
v -0.050404 0.093009 -0.019736
v -0.076697 0.093016 -0.019736
v 0.048546 -0.055280 -0.019904
v 0.056359 -0.060760 -0.008422
v 0.073492 -0.033271 -0.019699
v 0.080700 -0.038592 -0.008395
v 0.026144 -0.088278 -0.008432
v 0.017848 -0.082306 -0.019844
v -0.144287 -0.000404 -0.019736
v -0.149442 -0.011536 -0.008438
v -0.143950 0.030315 -0.019736
v -0.143950 0.054266 -0.019736
v -0.008043 -0.105067 -0.019609
v -0.008994 -0.120279 -0.008428
v -0.036245 -0.119296 -0.008438
v -0.035173 -0.104268 -0.019738
v 0.078221 -0.027875 -0.012932
v 0.082381 -0.037061 -0.008280
v -0.257976 0.025781 -0.008439
v -0.257976 0.021451 -0.019736
v -0.257976 0.010319 -0.008438
v -0.129624 0.079581 -0.019736
v -0.129624 0.119112 -0.019736
v -0.129624 0.054018 -0.019736
v -0.129624 0.093022 -0.019736
v -0.257976 0.056185 -0.008439
v -0.048440 0.024565 -0.019736
v -0.032645 0.011128 -0.019736
v -0.040228 0.018135 -0.019736
v -0.016067 0.047285 -0.006108
v -0.001464 0.033012 -0.006929
v -0.009052 0.039871 -0.006348
v -0.011829 0.027561 -0.019743
v -0.025021 0.043108 -0.019736
v -0.018753 0.035106 -0.019738
v -0.021384 0.020286 -0.019736
v -0.035942 0.034767 -0.019736
v -0.028775 0.027464 -0.019736
v -0.072097 0.113463 0.008644
v -0.087629 0.121829 0.007577
v -0.058627 0.136507 -0.000000
v -0.087629 0.138641 -0.000000
v -0.039109 0.091026 -0.000000
v -0.041544 0.102917 -0.000000
v -0.041305 0.115358 -0.000000
v -0.062530 0.106961 0.008826
v -0.046070 0.138472 -0.000000
v -0.035949 0.132316 -0.000000
v -0.037060 0.143582 -0.000000
v -0.033956 0.137697 -0.000000
v -0.046013 0.080199 0.004809
v -0.054558 0.098210 0.007226
v -0.087629 0.138641 0.005433
v -0.058627 0.136507 0.005705
v -0.039109 0.091027 0.004666
v -0.041544 0.102917 0.006816
v -0.041305 0.115358 0.007822
v -0.046070 0.138472 0.005455
v -0.035949 0.132316 0.006240
v -0.037060 0.143582 0.004803
v -0.033956 0.137697 0.005553
v -0.052084 0.137258 -0.000000
v -0.039432 0.123837 -0.000000
v -0.052084 0.137258 0.005610
v -0.039432 0.123837 0.007321
v -0.072097 0.113463 -0.008644
v -0.087629 0.121829 -0.007577
v -0.062530 0.106961 -0.008826
v -0.046013 0.080199 -0.004809
v -0.054558 0.098210 -0.007226
v -0.087629 0.138641 -0.005433
v -0.058627 0.136507 -0.005705
v -0.039109 0.091027 -0.004666
v -0.041544 0.102917 -0.006816
v -0.041305 0.115358 -0.007822
v -0.046070 0.138472 -0.005455
v -0.035949 0.132316 -0.006240
v -0.037060 0.143582 -0.004803
v -0.033956 0.137697 -0.005553
v -0.052084 0.137258 -0.005610
v -0.039432 0.123837 -0.007321
v -0.046013 0.080199 -0.000000
v -0.531817 0.139563 0.015815
v -0.531817 0.139563 -0.015815
v -0.531817 0.138493 -0.015815
v -0.531817 0.138493 0.015815
v -0.243186 0.139563 0.015815
v -0.243186 0.139563 -0.015815
v -0.243186 0.135948 -0.015815
v -0.243186 0.135948 0.015815
v -0.531817 0.145828 0.008152
v -0.531817 0.145828 -0.008152
v -0.243186 0.145828 0.008152
v -0.243186 0.145828 -0.008152
v -0.486906 0.139563 0.015815
v -0.486906 0.139563 -0.015815
v -0.486906 0.145828 0.008152
v -0.486906 0.145828 -0.008152
v -0.486906 0.138493 0.015815
v -0.486906 0.138493 -0.015815
v -0.470658 0.139563 0.015815
v -0.454410 0.139563 0.015815
v -0.438162 0.139563 0.015815
v -0.421914 0.139563 0.015815
v -0.405666 0.139563 0.015815
v -0.389418 0.139563 0.015815
v -0.373170 0.139563 0.015815
v -0.356922 0.139563 0.015815
v -0.340674 0.139563 0.015815
v -0.324426 0.139563 0.015815
v -0.308178 0.139563 0.015815
v -0.291930 0.139563 0.015815
v -0.275682 0.139563 0.015815
v -0.259434 0.139563 0.015815
v -0.470658 0.145828 0.008152
v -0.454410 0.145828 0.008152
v -0.438162 0.145828 0.008152
v -0.421914 0.145828 0.008152
v -0.405666 0.145828 0.008152
v -0.389418 0.145828 0.008152
v -0.373170 0.145828 0.008152
v -0.356922 0.145828 0.008152
v -0.340674 0.145828 0.008152
v -0.324426 0.145828 0.008152
v -0.308178 0.145828 0.008152
v -0.291930 0.145828 0.008152
v -0.275682 0.145828 0.008152
v -0.259434 0.145828 0.008152
v -0.259434 0.139563 -0.015815
v -0.275682 0.139563 -0.015815
v -0.291930 0.139563 -0.015815
v -0.308178 0.139563 -0.015815
v -0.324426 0.139563 -0.015815
v -0.340674 0.139563 -0.015815
v -0.356922 0.139563 -0.015815
v -0.373170 0.139563 -0.015815
v -0.389418 0.139563 -0.015815
v -0.405666 0.139563 -0.015815
v -0.421914 0.139563 -0.015815
v -0.438162 0.139563 -0.015815
v -0.454410 0.139563 -0.015815
v -0.470658 0.139563 -0.015815
v -0.259434 0.145828 -0.008152
v -0.275682 0.145828 -0.008152
v -0.291930 0.145828 -0.008152
v -0.308178 0.145828 -0.008152
v -0.324426 0.145828 -0.008152
v -0.340674 0.145828 -0.008152
v -0.356922 0.145828 -0.008152
v -0.373170 0.145828 -0.008152
v -0.389418 0.145828 -0.008152
v -0.405666 0.145828 -0.008152
v -0.421914 0.145828 -0.008152
v -0.438162 0.145828 -0.008152
v -0.454410 0.145828 -0.008152
v -0.470658 0.145828 -0.008152
v -0.259434 0.135948 0.015815
v -0.275682 0.135948 0.015815
v -0.291930 0.135948 0.015815
v -0.308178 0.135948 0.015815
v -0.324426 0.135948 0.015815
v -0.340674 0.138493 0.015815
v -0.356922 0.138493 0.015815
v -0.373170 0.138493 0.015815
v -0.389418 0.138493 0.015815
v -0.405666 0.138493 0.015815
v -0.421914 0.138493 0.015815
v -0.438162 0.138493 0.015815
v -0.454410 0.138493 0.015815
v -0.470658 0.138493 0.015815
v -0.259434 0.135948 -0.015815
v -0.275682 0.135948 -0.015815
v -0.291930 0.135948 -0.015815
v -0.308178 0.135948 -0.015815
v -0.324426 0.135948 -0.015815
v -0.340674 0.138493 -0.015815
v -0.356922 0.138493 -0.015815
v -0.373170 0.138493 -0.015815
v -0.389418 0.138493 -0.015815
v -0.405666 0.138493 -0.015815
v -0.421914 0.138493 -0.015815
v -0.438162 0.138493 -0.015815
v -0.454410 0.138493 -0.015815
v -0.470658 0.138493 -0.015815
v -0.257471 0.143512 0.015815
v -0.245148 0.143512 0.015815
v -0.257471 0.149777 0.008152
v -0.245148 0.149777 0.008152
v -0.245148 0.149777 -0.008152
v -0.245148 0.143512 -0.015815
v -0.472621 0.143512 -0.015815
v -0.484944 0.143512 -0.015815
v -0.472621 0.149777 -0.008152
v -0.484944 0.149777 -0.008152
v -0.484944 0.143512 0.015815
v -0.484944 0.149777 0.008152
v -0.472621 0.143512 0.015815
v -0.452448 0.143512 0.015815
v -0.440125 0.143512 0.015815
v -0.419952 0.143512 0.015815
v -0.407629 0.143512 0.015815
v -0.387455 0.143512 0.015815
v -0.375133 0.143512 0.015815
v -0.354959 0.143512 0.015815
v -0.342637 0.143512 0.015815
v -0.322463 0.143512 0.015815
v -0.310141 0.143512 0.015815
v -0.289967 0.143512 0.015815
v -0.277644 0.143512 0.015815
v -0.472621 0.149777 0.008152
v -0.452448 0.149777 0.008152
v -0.440125 0.149777 0.008152
v -0.419952 0.149777 0.008152
v -0.407629 0.149777 0.008152
v -0.387455 0.149777 0.008152
v -0.375133 0.149777 0.008152
v -0.354959 0.149777 0.008152
v -0.342637 0.149777 0.008152
v -0.322463 0.149777 0.008152
v -0.310141 0.149777 0.008152
v -0.289967 0.149777 0.008152
v -0.277644 0.149777 0.008152
v -0.257471 0.143512 -0.015815
v -0.277644 0.143512 -0.015815
v -0.289967 0.143512 -0.015815
v -0.310141 0.143512 -0.015815
v -0.322463 0.143512 -0.015815
v -0.342637 0.143512 -0.015815
v -0.354959 0.143512 -0.015815
v -0.375133 0.143512 -0.015815
v -0.387455 0.143512 -0.015815
v -0.407629 0.143512 -0.015815
v -0.419952 0.143512 -0.015815
v -0.440125 0.143512 -0.015815
v -0.452448 0.143512 -0.015815
v -0.257471 0.149777 -0.008152
v -0.277644 0.149777 -0.008152
v -0.289967 0.149777 -0.008152
v -0.310141 0.149777 -0.008152
v -0.322463 0.149777 -0.008152
v -0.342637 0.149777 -0.008152
v -0.354959 0.149777 -0.008152
v -0.375133 0.149777 -0.008152
v -0.387455 0.149777 -0.008152
v -0.407629 0.149777 -0.008152
v -0.419951 0.149777 -0.008152
v -0.440125 0.149777 -0.008152
v -0.452448 0.149777 -0.008152
v -0.530667 0.141640 -0.000000
v -0.530667 0.141640 0.003863
v -0.488674 0.141640 0.003863
v -0.488674 0.141640 -0.000000
v -0.530667 0.155832 0.003863
v -0.530667 0.155832 -0.000000
v -0.488674 0.142416 -0.000000
v -0.488674 0.142416 0.003863
v -0.510853 0.141640 0.003863
v -0.510853 0.159837 0.003863
v -0.510853 0.159837 -0.000000
v -0.523684 0.141640 0.003863
v -0.523684 0.159837 0.003863
v -0.523684 0.159837 -0.000000
v -0.530667 0.141640 -0.003863
v -0.488674 0.141640 -0.003863
v -0.530667 0.155832 -0.003863
v -0.488674 0.142416 -0.003863
v -0.510853 0.141640 -0.003863
v -0.510853 0.159837 -0.003863
v -0.523684 0.141640 -0.003863
v -0.523684 0.159837 -0.003863
v -0.085586 0.139542 0.015815
v -0.085586 0.139542 -0.015815
v -0.061061 0.118273 -0.015815
v -0.061061 0.118273 0.015815
v -0.095552 0.145807 0.008152
v -0.095552 0.145807 -0.008152
v -0.242386 0.139563 0.015815
v -0.146127 0.139542 0.015815
v -0.242386 0.145828 0.008152
v -0.142528 0.145807 0.008152
v -0.146127 0.139542 -0.015815
v -0.242386 0.139563 -0.015815
v -0.142528 0.145807 -0.008152
v -0.242386 0.145828 -0.008152
v -0.149941 0.135927 0.015815
v -0.242386 0.135948 0.015815
v -0.149941 0.135927 -0.015815
v -0.242386 0.135948 -0.015815
v -0.141074 0.148338 0.014434
v -0.099578 0.148338 0.014434
v -0.140259 0.149756 0.008152
v -0.101835 0.149756 0.008152
v -0.101835 0.149756 -0.008152
v -0.099578 0.148338 -0.014434
v -0.141074 0.148338 -0.014434
v -0.140259 0.149756 -0.008152
v -0.128934 0.160461 0.012207
v -0.106307 0.160461 0.012207
v -0.128934 0.160461 0.008152
v -0.106307 0.160461 0.008152
v -0.106307 0.160461 -0.008152
v -0.106307 0.160461 -0.012207
v -0.128934 0.160461 -0.012207
v -0.128934 0.160461 -0.008152
v -0.334996 0.139563 0.015815
v -0.334996 0.145828 0.008152
v -0.334996 0.139563 -0.015815
v -0.334996 0.145828 -0.008152
v -0.334996 0.138493 0.015815
v -0.334996 0.138493 -0.015815
v -0.332436 0.139563 0.015815
v -0.332436 0.145828 0.008152
v -0.332436 0.139563 -0.015815
v -0.332436 0.145828 -0.008152
v -0.332436 0.135948 0.015815
v -0.332436 0.135948 -0.015815
v -0.126029 0.139542 0.015815
v -0.126029 0.139542 -0.015815
v -0.126029 0.117835 0.015815
v -0.126029 0.117835 -0.015815
v -0.126029 0.148338 0.014434
v -0.126029 0.149756 0.008152
v -0.126029 0.148338 -0.014434
v -0.126029 0.149756 -0.008152
v -0.126029 0.160461 0.012207
v -0.126029 0.160461 0.008152
v -0.126029 0.160461 -0.012207
v -0.126029 0.160461 -0.008152
v -0.531817 0.130343 -0.003306
v -0.531817 0.130343 0.003306
v -0.129138 0.111584 0.063824
v -0.528365 0.111333 0.063635
v -0.101511 0.060564 0.054329
v -0.507085 0.083337 0.054329
v -0.545993 0.139190 0.034134
v -0.545993 0.139190 0.014841
v -0.538893 0.130829 0.003362
v -0.137635 0.128632 0.000000
v -0.538893 0.130829 0.000000
v -0.232285 0.128265 0.000000
v -0.159739 0.128265 0.000000
v -0.214138 0.048965 0.054329
v -0.225902 0.111333 0.063819
v -0.330702 0.128265 0.000000
v -0.330702 0.128192 0.003524
v -0.159739 0.128192 0.003524
v -0.112592 0.046741 0.054329
v -0.148269 0.111333 0.063819
v -0.232285 0.128192 0.003524
v -0.137627 0.128545 0.003531
v -0.523446 0.105540 0.063819
v -0.122760 0.099760 0.063823
v -0.225128 0.100052 0.063819
v -0.140008 0.096376 0.063819
v -0.486759 0.082997 0.054329
v -0.486793 0.111333 0.063819
v -0.486793 0.139190 0.034134
v -0.486793 0.139190 0.014841
v -0.486793 0.130829 0.003362
v -0.486793 0.130829 0.000000
v -0.486793 0.105248 0.063819
v -0.308575 0.104257 0.063819
v -0.288205 0.079675 0.054329
v -0.314712 0.111333 0.063819
v -0.332939 0.139190 0.034134
v -0.332939 0.139190 0.014841
v -0.332939 0.130829 0.003362
v -0.332939 0.130829 0.000000
v -0.140899 0.133882 0.039368
v -0.541496 0.133894 0.039368
v -0.227074 0.133894 0.039368
v -0.156813 0.133894 0.039368
v -0.486793 0.133894 0.039368
v -0.328289 0.133894 0.039368
v -0.139426 0.131269 0.033556
v -0.142137 0.136402 0.028319
v -0.142028 0.136461 0.015485
v -0.227476 0.136454 0.028320
v -0.227476 0.136454 0.015485
v -0.159739 0.136454 0.028320
v -0.159739 0.136454 0.015485
v -0.227074 0.131158 0.033554
v -0.156813 0.131158 0.033554
v -0.330702 0.136454 0.028320
v -0.330702 0.136454 0.015485
v -0.326051 0.131158 0.033554
v -0.515284 0.095927 0.063819
v -0.112176 0.080141 0.063821
v -0.222655 0.074639 0.063819
v -0.126300 0.071559 0.063819
v -0.486793 0.095150 0.063819
v -0.298393 0.092515 0.063819
v -0.129013 0.111967 0.033579
v -0.101335 0.060660 0.033531
v -0.122635 0.100143 0.033578
v -0.112051 0.080524 0.033575
v -0.128963 0.111994 0.027686
v -0.101283 0.060688 0.027416
v -0.122585 0.100170 0.027685
v -0.112001 0.080551 0.027683
v -0.128851 0.112055 0.014454
v -0.101177 0.060745 0.014890
v -0.122473 0.100231 0.014452
v -0.111889 0.080611 0.014450
v -0.128760 0.112104 0.003669
v -0.101076 0.060799 0.003027
v -0.122381 0.100280 0.003667
v -0.111797 0.080661 0.003665
v -0.128728 0.112121 0.000000
v -0.101050 0.060813 0.000000
v -0.122350 0.100297 0.000000
v -0.111766 0.080677 0.000000
v -0.138982 0.130557 0.028167
v -0.138178 0.129330 0.015184
v -0.112592 0.046741 0.000000
v -0.112592 0.046741 0.003022
v -0.112592 0.046741 0.014886
v -0.112592 0.046741 0.027413
v -0.112592 0.046741 0.033529
v -0.230367 0.063741 0.054329
v -0.264462 0.079278 0.054329
v -0.241064 0.071403 0.054329
v -0.253544 0.077090 0.054329
v -0.232151 0.111333 0.063819
v -0.266571 0.111333 0.063819
v -0.243624 0.111333 0.063819
v -0.255098 0.111333 0.063819
v -0.268331 0.128265 0.000000
v -0.233778 0.128265 0.000000
v -0.256813 0.128265 0.000000
v -0.245296 0.128265 0.000000
v -0.268331 0.128192 0.003524
v -0.233781 0.128192 0.003524
v -0.256815 0.128192 0.003524
v -0.245298 0.128192 0.003524
v -0.266087 0.103963 0.063819
v -0.231499 0.100378 0.063819
v -0.255107 0.103439 0.063819
v -0.242447 0.102127 0.063819
v -0.267886 0.133894 0.039368
v -0.233418 0.133894 0.039368
v -0.256397 0.133894 0.039368
v -0.244907 0.133894 0.039368
v -0.268334 0.136454 0.028320
v -0.233806 0.136454 0.028320
v -0.256825 0.136454 0.028320
v -0.245316 0.136454 0.028320
v -0.268332 0.136454 0.015485
v -0.233790 0.136454 0.015485
v -0.256818 0.136454 0.015485
v -0.245304 0.136454 0.015485
v -0.233381 0.131158 0.033554
v -0.267885 0.131158 0.033554
v -0.244882 0.131158 0.033554
v -0.256383 0.131158 0.033554
v -0.265285 0.091794 0.063819
v -0.230229 0.079666 0.063819
v -0.254236 0.090030 0.063819
v -0.241405 0.085591 0.063819
v -0.130612 0.110142 0.061760
v -0.528363 0.109779 0.062195
v -0.104074 0.060992 0.052963
v -0.507056 0.084633 0.052653
v -0.545993 0.136979 0.033430
v -0.545993 0.137026 0.015413
v -0.538893 0.128734 0.004142
v -0.138878 0.126487 0.000000
v -0.538893 0.128710 0.000000
v -0.232285 0.126147 0.000000
v -0.159722 0.126147 0.000000
v -0.213923 0.049803 0.052319
v -0.225902 0.110405 0.061700
v -0.331678 0.126149 0.000000
v -0.331653 0.126055 0.004146
v -0.159725 0.126059 0.004158
v -0.113845 0.048152 0.052550
v -0.148266 0.110408 0.061699
v -0.232285 0.126060 0.004165
v -0.139137 0.126527 0.003825
v -0.523446 0.105540 0.061700
v -0.124607 0.098764 0.061704
v -0.225128 0.100052 0.061700
v -0.140008 0.096376 0.061700
v -0.486735 0.084288 0.052649
v -0.486792 0.110119 0.061869
v -0.486793 0.137071 0.033249
v -0.486793 0.137071 0.015530
v -0.486793 0.128710 0.004052
v -0.486793 0.128710 0.000000
v -0.486793 0.105248 0.061700
v -0.308575 0.104257 0.061700
v -0.288181 0.080955 0.052640
v -0.314712 0.110405 0.061700
v -0.333780 0.136946 0.033391
v -0.333901 0.137068 0.015522
v -0.334044 0.128777 0.004058
v -0.333911 0.128710 0.000000
v -0.141944 0.131358 0.039007
v -0.541495 0.132380 0.037885
v -0.227074 0.131369 0.038980
v -0.156807 0.131374 0.038976
v -0.486792 0.132370 0.037895
v -0.328806 0.131540 0.038306
v -0.141336 0.129218 0.033389
v -0.143266 0.134156 0.027548
v -0.143168 0.134219 0.016018
v -0.227476 0.134335 0.027435
v -0.227476 0.134335 0.016145
v -0.159739 0.134337 0.027438
v -0.159735 0.134335 0.016139
v -0.227074 0.128603 0.033100
v -0.156809 0.128609 0.033102
v -0.332117 0.134243 0.028004
v -0.331820 0.134400 0.016151
v -0.326787 0.128649 0.033158
v -0.515273 0.096395 0.061566
v -0.114121 0.079516 0.061666
v -0.222321 0.075197 0.061717
v -0.126428 0.071971 0.061702
v -0.486779 0.095873 0.061701
v -0.298381 0.093228 0.061701
v -0.130878 0.110961 0.033558
v -0.103869 0.060894 0.033514
v -0.124500 0.099137 0.033557
v -0.113916 0.079518 0.033555
v -0.130828 0.110988 0.027666
v -0.103818 0.060925 0.027398
v -0.124450 0.099164 0.027664
v -0.113866 0.079545 0.027662
v -0.130716 0.111049 0.014433
v -0.103714 0.060986 0.014873
v -0.124337 0.099225 0.014432
v -0.113753 0.079605 0.014430
v -0.130624 0.111098 0.003648
v -0.103615 0.061043 0.003010
v -0.124246 0.099274 0.003647
v -0.113662 0.079655 0.003645
v -0.130593 0.111115 0.000000
v -0.103590 0.061053 0.000000
v -0.124215 0.099291 0.000000
v -0.113631 0.079672 0.000000
v -0.140847 0.129551 0.028147
v -0.140043 0.128324 0.015163
v -0.114231 0.048084 0.000000
v -0.114232 0.048083 0.003018
v -0.114235 0.048079 0.014882
v -0.114237 0.048076 0.027409
v -0.114241 0.048072 0.033525
v -0.229617 0.064731 0.052609
v -0.264327 0.080552 0.052639
v -0.240463 0.072526 0.052631
v -0.253167 0.078320 0.052640
v -0.232151 0.110405 0.061700
v -0.266571 0.110405 0.061700
v -0.243624 0.110405 0.061700
v -0.255098 0.110405 0.061700
v -0.268331 0.126147 0.000000
v -0.233778 0.126147 0.000000
v -0.256813 0.126147 0.000000
v -0.245296 0.126147 0.000000
v -0.268331 0.126060 0.004165
v -0.233781 0.126060 0.004165
v -0.256815 0.126060 0.004165
v -0.245298 0.126060 0.004165
v -0.266087 0.103963 0.061700
v -0.231499 0.100378 0.061700
v -0.255107 0.103439 0.061700
v -0.242447 0.102127 0.061700
v -0.267886 0.131369 0.038980
v -0.233418 0.131369 0.038980
v -0.256397 0.131369 0.038980
v -0.244907 0.131369 0.038980
v -0.268334 0.134335 0.027435
v -0.233806 0.134335 0.027435
v -0.256825 0.134335 0.027435
v -0.245316 0.134335 0.027435
v -0.268332 0.134335 0.016145
v -0.233790 0.134335 0.016145
v -0.256818 0.134335 0.016145
v -0.245304 0.134335 0.016145
v -0.233381 0.128603 0.033100
v -0.267885 0.128603 0.033100
v -0.244882 0.128603 0.033100
v -0.256383 0.128603 0.033100
v -0.265221 0.092475 0.061689
v -0.229848 0.080220 0.061695
v -0.254060 0.090687 0.061685
v -0.241112 0.086203 0.061689
v -0.129138 0.111584 -0.063824
v -0.528365 0.111333 -0.063635
v -0.101511 0.060564 -0.054329
v -0.507085 0.083337 -0.054329
v -0.545993 0.139190 -0.034134
v -0.545993 0.139190 -0.014841
v -0.538893 0.130829 -0.003362
v -0.214138 0.048965 -0.054329
v -0.225902 0.111333 -0.063819
v -0.330702 0.128192 -0.003524
v -0.159739 0.128192 -0.003524
v -0.112592 0.046741 -0.054329
v -0.148269 0.111333 -0.063819
v -0.232285 0.128192 -0.003524
v -0.137627 0.128545 -0.003531
v -0.523446 0.105540 -0.063819
v -0.122760 0.099760 -0.063823
v -0.225128 0.100052 -0.063819
v -0.140008 0.096376 -0.063819
v -0.486759 0.082997 -0.054329
v -0.486793 0.111333 -0.063819
v -0.486793 0.139190 -0.034134
v -0.486793 0.139190 -0.014841
v -0.486793 0.130829 -0.003362
v -0.486793 0.105248 -0.063819
v -0.308575 0.104257 -0.063819
v -0.288205 0.079675 -0.054329
v -0.314712 0.111333 -0.063819
v -0.332939 0.139190 -0.034134
v -0.332939 0.139190 -0.014841
v -0.332939 0.130829 -0.003362
v -0.140899 0.133882 -0.039368
v -0.541496 0.133894 -0.039368
v -0.227074 0.133894 -0.039368
v -0.156813 0.133894 -0.039368
v -0.486793 0.133894 -0.039368
v -0.328289 0.133894 -0.039368
v -0.139426 0.131269 -0.033556
v -0.142137 0.136402 -0.028319
v -0.142028 0.136461 -0.015485
v -0.227476 0.136454 -0.028320
v -0.227476 0.136454 -0.015485
v -0.159739 0.136454 -0.028320
v -0.159739 0.136454 -0.015485
v -0.227074 0.131158 -0.033554
v -0.156813 0.131158 -0.033554
v -0.330702 0.136454 -0.028320
v -0.330702 0.136454 -0.015485
v -0.326051 0.131158 -0.033554
v -0.515284 0.095927 -0.063819
v -0.112176 0.080141 -0.063821
v -0.222655 0.074639 -0.063819
v -0.126300 0.071559 -0.063819
v -0.486793 0.095150 -0.063819
v -0.298393 0.092515 -0.063819
v -0.129013 0.111967 -0.033579
v -0.101335 0.060660 -0.033531
v -0.122635 0.100143 -0.033578
v -0.112051 0.080524 -0.033575
v -0.128963 0.111994 -0.027686
v -0.101283 0.060688 -0.027416
v -0.122585 0.100170 -0.027685
v -0.112001 0.080551 -0.027683
v -0.128851 0.112055 -0.014454
v -0.101177 0.060745 -0.014890
v -0.122473 0.100231 -0.014452
v -0.111889 0.080611 -0.014450
v -0.128760 0.112104 -0.003669
v -0.101076 0.060799 -0.003027
v -0.122381 0.100280 -0.003667
v -0.111797 0.080661 -0.003665
v -0.138982 0.130557 -0.028167
v -0.138178 0.129330 -0.015184
v -0.112592 0.046741 -0.003022
v -0.112592 0.046741 -0.014886
v -0.112592 0.046741 -0.027413
v -0.112592 0.046741 -0.033529
v -0.230367 0.063741 -0.054329
v -0.264462 0.079278 -0.054329
v -0.241064 0.071403 -0.054329
v -0.253544 0.077090 -0.054329
v -0.232151 0.111333 -0.063819
v -0.266571 0.111333 -0.063819
v -0.243624 0.111333 -0.063819
v -0.255098 0.111333 -0.063819
v -0.268331 0.128192 -0.003524
v -0.233781 0.128192 -0.003524
v -0.256815 0.128192 -0.003524
v -0.245298 0.128192 -0.003524
v -0.266087 0.103963 -0.063819
v -0.231499 0.100378 -0.063819
v -0.255107 0.103439 -0.063819
v -0.242447 0.102127 -0.063819
v -0.267886 0.133894 -0.039368
v -0.233418 0.133894 -0.039368
v -0.256397 0.133894 -0.039368
v -0.244907 0.133894 -0.039368
v -0.268334 0.136454 -0.028320
v -0.233806 0.136454 -0.028320
v -0.256825 0.136454 -0.028320
v -0.245316 0.136454 -0.028320
v -0.268332 0.136454 -0.015485
v -0.233790 0.136454 -0.015485
v -0.256818 0.136454 -0.015485
v -0.245304 0.136454 -0.015485
v -0.233381 0.131158 -0.033554
v -0.267885 0.131158 -0.033554
v -0.244882 0.131158 -0.033554
v -0.256383 0.131158 -0.033554
v -0.265285 0.091794 -0.063819
v -0.230229 0.079666 -0.063819
v -0.254236 0.090030 -0.063819
v -0.241405 0.085591 -0.063819
v -0.130612 0.110142 -0.061760
v -0.528363 0.109779 -0.062195
v -0.104074 0.060992 -0.052963
v -0.507056 0.084633 -0.052653
v -0.545993 0.136979 -0.033430
v -0.545993 0.137026 -0.015413
v -0.538893 0.128734 -0.004142
v -0.213923 0.049803 -0.052319
v -0.225902 0.110405 -0.061700
v -0.331653 0.126055 -0.004146
v -0.159725 0.126059 -0.004158
v -0.113845 0.048152 -0.052550
v -0.148266 0.110408 -0.061699
v -0.232285 0.126060 -0.004165
v -0.139137 0.126527 -0.003825
v -0.523446 0.105540 -0.061700
v -0.124607 0.098764 -0.061704
v -0.225128 0.100052 -0.061700
v -0.140008 0.096376 -0.061700
v -0.486735 0.084288 -0.052649
v -0.486792 0.110119 -0.061869
v -0.486793 0.137071 -0.033249
v -0.486793 0.137071 -0.015530
v -0.486793 0.128710 -0.004052
v -0.486793 0.105248 -0.061700
v -0.308575 0.104257 -0.061700
v -0.288181 0.080955 -0.052640
v -0.314712 0.110405 -0.061700
v -0.333780 0.136946 -0.033391
v -0.333901 0.137068 -0.015522
v -0.334044 0.128777 -0.004058
v -0.141944 0.131358 -0.039007
v -0.541495 0.132380 -0.037885
v -0.227074 0.131369 -0.038980
v -0.156807 0.131374 -0.038976
v -0.486792 0.132370 -0.037895
v -0.328806 0.131540 -0.038306
v -0.141336 0.129218 -0.033389
v -0.143266 0.134156 -0.027548
v -0.143168 0.134219 -0.016018
v -0.227476 0.134335 -0.027435
v -0.227476 0.134335 -0.016145
v -0.159739 0.134337 -0.027438
v -0.159735 0.134335 -0.016139
v -0.227074 0.128603 -0.033100
v -0.156809 0.128609 -0.033102
v -0.332117 0.134243 -0.028004
v -0.331820 0.134400 -0.016151
v -0.326787 0.128649 -0.033158
v -0.515273 0.096395 -0.061566
v -0.114121 0.079516 -0.061666
v -0.222321 0.075197 -0.061717
v -0.126428 0.071971 -0.061702
v -0.486779 0.095873 -0.061701
v -0.298381 0.093228 -0.061701
v -0.130878 0.110961 -0.033558
v -0.103869 0.060894 -0.033514
v -0.124500 0.099137 -0.033557
v -0.113916 0.079518 -0.033555
v -0.130828 0.110988 -0.027666
v -0.103818 0.060925 -0.027398
v -0.124450 0.099164 -0.027664
v -0.113866 0.079545 -0.027662
v -0.130716 0.111049 -0.014433
v -0.103714 0.060986 -0.014873
v -0.124337 0.099225 -0.014432
v -0.113753 0.079605 -0.014430
v -0.130624 0.111098 -0.003648
v -0.103615 0.061043 -0.003010
v -0.124246 0.099274 -0.003647
v -0.113662 0.079655 -0.003645
v -0.140847 0.129551 -0.028147
v -0.140043 0.128324 -0.015163
v -0.114232 0.048083 -0.003018
v -0.114235 0.048079 -0.014882
v -0.114237 0.048076 -0.027409
v -0.114241 0.048072 -0.033525
v -0.229617 0.064731 -0.052609
v -0.264327 0.080552 -0.052639
v -0.240463 0.072526 -0.052631
v -0.253167 0.078320 -0.052640
v -0.232151 0.110405 -0.061700
v -0.266571 0.110405 -0.061700
v -0.243624 0.110405 -0.061700
v -0.255098 0.110405 -0.061700
v -0.268331 0.126060 -0.004165
v -0.233781 0.126060 -0.004165
v -0.256815 0.126060 -0.004165
v -0.245298 0.126060 -0.004165
v -0.266087 0.103963 -0.061700
v -0.231499 0.100378 -0.061700
v -0.255107 0.103439 -0.061700
v -0.242447 0.102127 -0.061700
v -0.267886 0.131369 -0.038980
v -0.233418 0.131369 -0.038980
v -0.256397 0.131369 -0.038980
v -0.244907 0.131369 -0.038980
v -0.268334 0.134335 -0.027435
v -0.233806 0.134335 -0.027435
v -0.256825 0.134335 -0.027435
v -0.245316 0.134335 -0.027435
v -0.268332 0.134335 -0.016145
v -0.233790 0.134335 -0.016145
v -0.256818 0.134335 -0.016145
v -0.245304 0.134335 -0.016145
v -0.233381 0.128603 -0.033100
v -0.267885 0.128603 -0.033100
v -0.244882 0.128603 -0.033100
v -0.256383 0.128603 -0.033100
v -0.265221 0.092475 -0.061689
v -0.229848 0.080220 -0.061695
v -0.254060 0.090687 -0.061685
v -0.241112 0.086203 -0.061689
v -0.408640 0.026769 -0.017846
v -0.246515 0.026769 -0.017846
v -0.408640 0.020916 -0.016973
v -0.246515 0.020916 -0.016973
v -0.408640 0.015636 -0.014438
v -0.246515 0.015636 -0.014438
v -0.408640 0.011445 -0.010490
v -0.246515 0.011445 -0.010490
v -0.408640 0.008755 -0.005515
v -0.246515 0.008755 -0.005515
v -0.408640 0.007828 0.000000
v -0.246515 0.007828 0.000000
v -0.408640 0.008755 0.005515
v -0.246515 0.008755 0.005515
v -0.408640 0.011445 0.010490
v -0.246515 0.011445 0.010490
v -0.408640 0.015636 0.014438
v -0.246515 0.015636 0.014438
v -0.408640 0.020916 0.016973
v -0.246515 0.020916 0.016973
v -0.408640 0.026769 0.017846
v -0.246515 0.026769 0.017846
v -0.408640 0.060076 -0.017846
v -0.246515 0.060076 -0.017846
v -0.408640 0.060076 0.017846
v -0.246515 0.060076 0.017846
v -0.385430 0.023926 -0.016973
v -0.403487 0.023926 -0.016973
v -0.391154 0.025303 -0.016973
v -0.397763 0.025303 -0.016973
v -0.385873 0.019055 -0.014438
v -0.403044 0.019055 -0.014438
v -0.391316 0.020365 -0.014438
v -0.397601 0.020365 -0.014438
v -0.386186 0.015174 -0.010490
v -0.402731 0.015174 -0.010490
v -0.391431 0.016436 -0.010490
v -0.397486 0.016436 -0.010490
v -0.386368 0.012674 -0.005515
v -0.402549 0.012674 -0.005515
v -0.391497 0.013909 -0.005515
v -0.397420 0.013909 -0.005515
v -0.386427 0.011811 0.000000
v -0.402490 0.011811 0.000000
v -0.391519 0.013037 0.000000
v -0.397398 0.013037 0.000000
v -0.386368 0.012674 0.005515
v -0.402549 0.012674 0.005515
v -0.391497 0.013909 0.005515
v -0.397420 0.013909 0.005515
v -0.386186 0.015174 0.010490
v -0.402731 0.015174 0.010490
v -0.391431 0.016436 0.010490
v -0.397486 0.016436 0.010490
v -0.385873 0.019055 0.014438
v -0.403044 0.019055 0.014438
v -0.391316 0.020365 0.014438
v -0.397601 0.020365 0.014438
v -0.385430 0.023926 0.016973
v -0.403487 0.023926 0.016973
v -0.391154 0.025303 0.016973
v -0.397763 0.025303 0.016973
v -0.384985 0.029344 0.017846
v -0.403932 0.029344 0.017846
v -0.390991 0.030790 0.017846
v -0.397926 0.030790 0.017846
v -0.404091 0.059269 0.017846
v -0.384826 0.059269 0.017846
v -0.397670 0.059269 0.017846
v -0.391248 0.059269 0.017846
v -0.403932 0.029344 -0.017846
v -0.384985 0.029344 -0.017846
v -0.397926 0.030790 -0.017846
v -0.390991 0.030790 -0.017846
v -0.384826 0.059269 -0.017846
v -0.404091 0.059269 -0.017846
v -0.391248 0.059269 -0.017846
v -0.397670 0.059269 -0.017846
v -0.376091 0.029231 -0.017846
v -0.357710 0.029231 -0.017846
v -0.370265 0.030718 -0.017846
v -0.363537 0.030718 -0.017846
v -0.358181 0.023836 -0.016973
v -0.375620 0.023836 -0.016973
v -0.363709 0.025246 -0.016973
v -0.370092 0.025246 -0.016973
v -0.358633 0.018980 -0.014438
v -0.375169 0.018980 -0.014438
v -0.363874 0.020318 -0.014438
v -0.369927 0.020318 -0.014438
v -0.358946 0.015107 -0.010490
v -0.374856 0.015107 -0.010490
v -0.363989 0.016394 -0.010490
v -0.369813 0.016394 -0.010490
v -0.359125 0.012610 -0.005515
v -0.374676 0.012610 -0.005515
v -0.364055 0.013868 -0.005515
v -0.369747 0.013868 -0.005515
v -0.359183 0.011749 0.000000
v -0.374618 0.011749 0.000000
v -0.364076 0.012997 0.000000
v -0.369726 0.012997 0.000000
v -0.359125 0.012610 0.005515
v -0.374676 0.012610 0.005515
v -0.364055 0.013868 0.005515
v -0.369747 0.013868 0.005515
v -0.358946 0.015107 0.010490
v -0.374856 0.015107 0.010490
v -0.363989 0.016394 0.010490
v -0.369813 0.016394 0.010490
v -0.358633 0.018980 0.014438
v -0.375169 0.018980 0.014438
v -0.363874 0.020318 0.014438
v -0.369927 0.020318 0.014438
v -0.358181 0.023836 0.016973
v -0.375620 0.023836 0.016973
v -0.363709 0.025246 0.016973
v -0.370092 0.025246 0.016973
v -0.357710 0.029231 0.017846
v -0.376091 0.029231 0.017846
v -0.363537 0.030718 0.017846
v -0.370265 0.030718 0.017846
v -0.357540 0.059269 -0.017846
v -0.376262 0.059269 -0.017846
v -0.363780 0.059269 -0.017846
v -0.370021 0.059269 -0.017846
v -0.376262 0.059269 0.017846
v -0.357540 0.059269 0.017846
v -0.370021 0.059269 0.017846
v -0.363780 0.059269 0.017846
v -0.349339 0.029231 -0.017846
v -0.330958 0.029231 -0.017846
v -0.343512 0.030718 -0.017846
v -0.336784 0.030718 -0.017846
v -0.331429 0.023836 -0.016973
v -0.348868 0.023836 -0.016973
v -0.336957 0.025246 -0.016973
v -0.343340 0.025246 -0.016973
v -0.331880 0.018980 -0.014438
v -0.348416 0.018980 -0.014438
v -0.337122 0.020318 -0.014438
v -0.343174 0.020318 -0.014438
v -0.332193 0.015107 -0.010490
v -0.348103 0.015107 -0.010490
v -0.337236 0.016394 -0.010490
v -0.343060 0.016394 -0.010490
v -0.332372 0.012610 -0.005515
v -0.347924 0.012610 -0.005515
v -0.337302 0.013868 -0.005515
v -0.342994 0.013868 -0.005515
v -0.332431 0.011749 0.000000
v -0.347866 0.011749 0.000000
v -0.337323 0.012997 0.000000
v -0.342973 0.012997 0.000000
v -0.332372 0.012610 0.005515
v -0.347924 0.012610 0.005515
v -0.337302 0.013868 0.005515
v -0.342994 0.013868 0.005515
v -0.332193 0.015107 0.010490
v -0.348103 0.015107 0.010490
v -0.337236 0.016394 0.010490
v -0.343060 0.016394 0.010490
v -0.331880 0.018980 0.014438
v -0.348416 0.018980 0.014438
v -0.337122 0.020318 0.014438
v -0.343174 0.020318 0.014438
v -0.331429 0.023836 0.016973
v -0.348868 0.023836 0.016973
v -0.336957 0.025246 0.016973
v -0.343340 0.025246 0.016973
v -0.330958 0.029231 0.017846
v -0.349339 0.029231 0.017846
v -0.336784 0.030718 0.017846
v -0.343512 0.030718 0.017846
v -0.330787 0.059269 -0.017846
v -0.349509 0.059269 -0.017846
v -0.337028 0.059269 -0.017846
v -0.343269 0.059269 -0.017846
v -0.349509 0.059269 0.017846
v -0.330787 0.059269 0.017846
v -0.343269 0.059269 0.017846
v -0.337028 0.059269 0.017846
v -0.322586 0.029231 -0.017846
v -0.304205 0.029231 -0.017846
v -0.316760 0.030718 -0.017846
v -0.310032 0.030718 -0.017846
v -0.304676 0.023836 -0.016973
v -0.322115 0.023836 -0.016973
v -0.310204 0.025246 -0.016973
v -0.316587 0.025246 -0.016973
v -0.305128 0.018980 -0.014438
v -0.321664 0.018980 -0.014438
v -0.310369 0.020318 -0.014438
v -0.316422 0.020318 -0.014438
v -0.305441 0.015107 -0.010490
v -0.321351 0.015107 -0.010490
v -0.310484 0.016394 -0.010490
v -0.316307 0.016394 -0.010490
v -0.305620 0.012610 -0.005515
v -0.321171 0.012610 -0.005515
v -0.310550 0.013868 -0.005515
v -0.316242 0.013868 -0.005515
v -0.305678 0.011749 0.000000
v -0.321113 0.011749 0.000000
v -0.310571 0.012997 0.000000
v -0.316221 0.012997 0.000000
v -0.305620 0.012610 0.005515
v -0.321171 0.012610 0.005515
v -0.310550 0.013868 0.005515
v -0.316242 0.013868 0.005515
v -0.305441 0.015107 0.010490
v -0.321351 0.015107 0.010490
v -0.310484 0.016394 0.010490
v -0.316307 0.016394 0.010490
v -0.305128 0.018980 0.014438
v -0.321664 0.018980 0.014438
v -0.310369 0.020318 0.014438
v -0.316422 0.020318 0.014438
v -0.304676 0.023836 0.016973
v -0.322115 0.023836 0.016973
v -0.310204 0.025246 0.016973
v -0.316587 0.025246 0.016973
v -0.304205 0.029231 0.017846
v -0.322586 0.029231 0.017846
v -0.310032 0.030718 0.017846
v -0.316760 0.030718 0.017846
v -0.304035 0.059269 -0.017846
v -0.322757 0.059269 -0.017846
v -0.310275 0.059269 -0.017846
v -0.316516 0.059269 -0.017846
v -0.322757 0.059269 0.017846
v -0.304035 0.059269 0.017846
v -0.316516 0.059269 0.017846
v -0.310275 0.059269 0.017846
v -0.295834 0.029231 -0.017846
v -0.277453 0.029231 -0.017846
v -0.290007 0.030718 -0.017846
v -0.283279 0.030718 -0.017846
v -0.277924 0.023836 -0.016973
v -0.295363 0.023836 -0.016973
v -0.283452 0.025246 -0.016973
v -0.289835 0.025246 -0.016973
v -0.278375 0.018980 -0.014438
v -0.294911 0.018980 -0.014438
v -0.283617 0.020318 -0.014438
v -0.289669 0.020318 -0.014438
v -0.278688 0.015107 -0.010490
v -0.294598 0.015107 -0.010490
v -0.283731 0.016394 -0.010490
v -0.289555 0.016394 -0.010490
v -0.278868 0.012610 -0.005515
v -0.294419 0.012610 -0.005515
v -0.283797 0.013868 -0.005515
v -0.289489 0.013868 -0.005515
v -0.278926 0.011749 0.000000
v -0.294361 0.011749 0.000000
v -0.283818 0.012997 0.000000
v -0.289468 0.012997 0.000000
v -0.278868 0.012610 0.005515
v -0.294419 0.012610 0.005515
v -0.283797 0.013868 0.005515
v -0.289489 0.013868 0.005515
v -0.278688 0.015107 0.010490
v -0.294598 0.015107 0.010490
v -0.283731 0.016394 0.010490
v -0.289555 0.016394 0.010490
v -0.278375 0.018980 0.014438
v -0.294911 0.018980 0.014438
v -0.283617 0.020318 0.014438
v -0.289669 0.020318 0.014438
v -0.277924 0.023836 0.016973
v -0.295363 0.023836 0.016973
v -0.283452 0.025246 0.016973
v -0.289835 0.025246 0.016973
v -0.277453 0.029231 0.017846
v -0.295834 0.029231 0.017846
v -0.283279 0.030718 0.017846
v -0.290007 0.030718 0.017846
v -0.277282 0.059269 -0.017846
v -0.296004 0.059269 -0.017846
v -0.283523 0.059269 -0.017846
v -0.289764 0.059269 -0.017846
v -0.296004 0.059269 0.017846
v -0.277282 0.059269 0.017846
v -0.289764 0.059269 0.017846
v -0.283523 0.059269 0.017846
v -0.250700 0.029231 -0.017846
v -0.269081 0.029231 -0.017846
v -0.256527 0.030718 -0.017846
v -0.263255 0.030718 -0.017846
v -0.250530 0.059269 -0.017846
v -0.269252 0.059269 -0.017846
v -0.256770 0.059269 -0.017846
v -0.263011 0.059269 -0.017846
v -0.268610 0.023836 -0.016973
v -0.251171 0.023836 -0.016973
v -0.263082 0.025246 -0.016973
v -0.256699 0.025246 -0.016973
v -0.268159 0.018980 -0.014438
v -0.251623 0.018980 -0.014438
v -0.262917 0.020318 -0.014438
v -0.256865 0.020318 -0.014438
v -0.267846 0.015107 -0.010490
v -0.251936 0.015107 -0.010490
v -0.262803 0.016394 -0.010490
v -0.256979 0.016394 -0.010490
v -0.267666 0.012610 -0.005515
v -0.252115 0.012610 -0.005515
v -0.262737 0.013868 -0.005515
v -0.257045 0.013868 -0.005515
v -0.267608 0.011749 0.000000
v -0.252173 0.011749 0.000000
v -0.262716 0.012997 0.000000
v -0.257066 0.012997 0.000000
v -0.267666 0.012610 0.005515
v -0.252115 0.012610 0.005515
v -0.262737 0.013868 0.005515
v -0.257045 0.013868 0.005515
v -0.267846 0.015107 0.010490
v -0.251936 0.015107 0.010490
v -0.262803 0.016394 0.010490
v -0.256979 0.016394 0.010490
v -0.268159 0.018980 0.014438
v -0.251623 0.018980 0.014438
v -0.262917 0.020318 0.014438
v -0.256865 0.020318 0.014438
v -0.268610 0.023836 0.016973
v -0.251171 0.023836 0.016973
v -0.263082 0.025246 0.016973
v -0.256699 0.025246 0.016973
v -0.269081 0.029231 0.017846
v -0.250700 0.029231 0.017846
v -0.263255 0.030718 0.017846
v -0.256527 0.030718 0.017846
v -0.269252 0.059269 0.017846
v -0.250530 0.059269 0.017846
v -0.263011 0.059269 0.017846
v -0.256770 0.059269 0.017846
v -0.376629 0.028915 -0.017846
v -0.384090 0.028855 -0.017846
v -0.349876 0.028915 -0.017846
v -0.357172 0.028915 -0.017846
v -0.323124 0.028915 -0.017846
v -0.330420 0.028915 -0.017846
v -0.296372 0.028915 -0.017846
v -0.303667 0.028915 -0.017846
v -0.269619 0.028915 -0.017846
v -0.276915 0.028915 -0.017846
v -0.276596 0.023003 -0.016973
v -0.269938 0.023003 -0.016973
v -0.303348 0.023003 -0.016973
v -0.296691 0.023003 -0.016973
v -0.330101 0.023003 -0.016973
v -0.323443 0.023003 -0.016973
v -0.356853 0.023003 -0.016973
v -0.350196 0.023003 -0.016973
v -0.383785 0.022965 -0.016973
v -0.376948 0.023003 -0.016973
v -0.276296 0.017619 -0.014438
v -0.270238 0.017619 -0.014438
v -0.303048 0.017619 -0.014438
v -0.296991 0.017619 -0.014438
v -0.329801 0.017619 -0.014438
v -0.323743 0.017619 -0.014438
v -0.356553 0.017619 -0.014438
v -0.350496 0.017619 -0.014438
v -0.383478 0.017592 -0.014438
v -0.377248 0.017619 -0.014438
v -0.276092 0.013353 -0.010490
v -0.270442 0.013353 -0.010490
v -0.302844 0.013353 -0.010490
v -0.297195 0.013353 -0.010490
v -0.329597 0.013353 -0.010490
v -0.323947 0.013353 -0.010490
v -0.356349 0.013353 -0.010490
v -0.350700 0.013353 -0.010490
v -0.383265 0.013331 -0.010490
v -0.377452 0.013353 -0.010490
v -0.275976 0.010619 -0.005515
v -0.270558 0.010619 -0.005515
v -0.302728 0.010619 -0.005515
v -0.297311 0.010619 -0.005515
v -0.329481 0.010619 -0.005515
v -0.324063 0.010619 -0.005515
v -0.356233 0.010619 -0.005515
v -0.350816 0.010619 -0.005515
v -0.383143 0.010599 -0.005515
v -0.377568 0.010619 -0.005515
v -0.275938 0.009678 0.000000
v -0.270596 0.009678 0.000000
v -0.302690 0.009678 0.000000
v -0.297349 0.009678 0.000000
v -0.329443 0.009678 0.000000
v -0.324101 0.009678 0.000000
v -0.356195 0.009678 0.000000
v -0.350854 0.009678 0.000000
v -0.383103 0.009658 0.000000
v -0.377606 0.009678 0.000000
v -0.275976 0.010619 0.005515
v -0.270558 0.010619 0.005515
v -0.302728 0.010619 0.005515
v -0.297311 0.010619 0.005515
v -0.329481 0.010619 0.005515
v -0.324063 0.010619 0.005515
v -0.356233 0.010619 0.005515
v -0.350816 0.010619 0.005515
v -0.383143 0.010599 0.005515
v -0.377568 0.010619 0.005515
v -0.276092 0.013353 0.010490
v -0.270442 0.013353 0.010490
v -0.302844 0.013353 0.010490
v -0.297195 0.013353 0.010490
v -0.329597 0.013353 0.010490
v -0.323947 0.013353 0.010490
v -0.356349 0.013353 0.010490
v -0.350700 0.013353 0.010490
v -0.383265 0.013331 0.010490
v -0.377452 0.013353 0.010490
v -0.276296 0.017619 0.014438
v -0.270238 0.017619 0.014438
v -0.303048 0.017619 0.014438
v -0.296991 0.017619 0.014438
v -0.329801 0.017619 0.014438
v -0.323743 0.017619 0.014438
v -0.356553 0.017619 0.014438
v -0.350496 0.017619 0.014438
v -0.383478 0.017592 0.014438
v -0.377248 0.017619 0.014438
v -0.276596 0.023003 0.016973
v -0.269938 0.023003 0.016973
v -0.303348 0.023003 0.016973
v -0.296691 0.023003 0.016973
v -0.330101 0.023003 0.016973
v -0.323443 0.023003 0.016973
v -0.356853 0.023003 0.016973
v -0.350196 0.023003 0.016973
v -0.383785 0.022965 0.016973
v -0.376948 0.023003 0.016973
v -0.276915 0.028915 0.017846
v -0.269619 0.028915 0.017846
v -0.303667 0.028915 0.017846
v -0.296372 0.028915 0.017846
v -0.330420 0.028915 0.017846
v -0.323124 0.028915 0.017846
v -0.357172 0.028915 0.017846
v -0.349877 0.028915 0.017846
v -0.384090 0.028855 0.017846
v -0.376629 0.028915 0.017846
v -0.376520 0.059321 -0.017846
v -0.384193 0.059381 -0.017846
v -0.349767 0.059321 -0.017846
v -0.357282 0.059321 -0.017846
v -0.323015 0.059321 -0.017846
v -0.330529 0.059321 -0.017846
v -0.296262 0.059321 -0.017846
v -0.303777 0.059321 -0.017846
v -0.269510 0.059321 -0.017846
v -0.277024 0.059321 -0.017846
v -0.277024 0.059321 0.017846
v -0.269510 0.059321 0.017846
v -0.303777 0.059321 0.017846
v -0.296262 0.059321 0.017846
v -0.330529 0.059321 0.017846
v -0.323015 0.059321 0.017846
v -0.357282 0.059321 0.017846
v -0.349767 0.059321 0.017846
v -0.384193 0.059381 0.017846
v -0.376520 0.059321 0.017846
v -0.428875 0.026769 -0.017846
v -0.428875 0.020916 -0.016973
v -0.428875 0.015636 -0.014438
v -0.428875 0.011445 -0.010490
v -0.428875 0.008755 -0.005515
v -0.428875 0.007828 0.000000
v -0.428875 0.008755 0.005515
v -0.428875 0.011445 0.010490
v -0.428875 0.015636 0.014438
v -0.428875 0.020916 0.016973
v -0.428875 0.026769 0.017846
v -0.428875 0.060076 -0.017846
v -0.428875 0.060076 0.017846
v -0.518967 0.101349 -0.000000
v -0.518967 0.094665 0.001022
v -0.518967 0.088435 0.003602
v -0.518967 0.083086 0.007706
v -0.518967 0.078981 0.013056
v -0.518967 0.076401 0.019285
v -0.518967 0.075521 0.025970
v -0.518967 0.076401 0.032655
v -0.518967 0.078981 0.038884
v -0.518967 0.083086 0.044233
v -0.518967 0.088435 0.048338
v -0.518967 0.094665 0.050918
v -0.518967 0.101349 0.051798
v -0.518967 0.108034 0.050918
v -0.518967 0.114263 0.048338
v -0.518967 0.119613 0.044233
v -0.518967 0.123717 0.038884
v -0.518967 0.126298 0.032655
v -0.518967 0.127178 0.025970
v -0.518967 0.126298 0.019285
v -0.518967 0.123717 0.013056
v -0.518967 0.119613 0.007706
v -0.518967 0.114263 0.003602
v -0.518967 0.108034 0.001022
v -0.525706 0.101349 0.007462
v -0.525706 0.096559 0.008092
v -0.525706 0.092095 0.009941
v -0.525706 0.088262 0.012883
v -0.525706 0.085321 0.016716
v -0.525706 0.083472 0.021180
v -0.525706 0.082841 0.025970
v -0.525706 0.083472 0.030760
v -0.525706 0.085321 0.035224
v -0.525706 0.088262 0.039057
v -0.525706 0.092095 0.041998
v -0.525706 0.096559 0.043847
v -0.525706 0.101349 0.044478
v -0.525706 0.106140 0.043847
v -0.525706 0.110603 0.041998
v -0.525706 0.114437 0.039057
v -0.525706 0.117378 0.035224
v -0.525706 0.119227 0.030760
v -0.525706 0.119858 0.025970
v -0.525706 0.119227 0.021179
v -0.525706 0.117378 0.016716
v -0.525706 0.114437 0.012882
v -0.525706 0.110603 0.009941
v -0.525706 0.106140 0.008092
v -0.525706 0.101349 0.013922
v -0.525706 0.098231 0.014332
v -0.525706 0.095325 0.015536
v -0.525706 0.092830 0.017451
v -0.525706 0.090916 0.019946
v -0.525706 0.089712 0.022852
v -0.525706 0.089301 0.025970
v -0.525706 0.089712 0.029088
v -0.525706 0.090916 0.031994
v -0.525706 0.092830 0.034489
v -0.525706 0.095325 0.036404
v -0.525706 0.098231 0.037607
v -0.525706 0.101349 0.038018
v -0.525706 0.104468 0.037607
v -0.525706 0.107373 0.036404
v -0.525706 0.109869 0.034489
v -0.525706 0.111783 0.031994
v -0.525706 0.112987 0.029088
v -0.525706 0.113397 0.025970
v -0.525706 0.112987 0.022852
v -0.525706 0.111783 0.019946
v -0.525706 0.109869 0.017451
v -0.525706 0.107373 0.015536
v -0.525706 0.104468 0.014332
v -0.478790 0.101349 0.013922
v -0.478790 0.098231 0.014332
v -0.478790 0.095325 0.015536
v -0.478790 0.092830 0.017451
v -0.478790 0.090916 0.019946
v -0.478790 0.089712 0.022852
v -0.478790 0.089301 0.025970
v -0.478790 0.089712 0.029088
v -0.478790 0.090916 0.031994
v -0.478790 0.092830 0.034489
v -0.478790 0.095325 0.036404
v -0.478790 0.098231 0.037607
v -0.478790 0.101349 0.038018
v -0.478790 0.104468 0.037607
v -0.478790 0.107373 0.036404
v -0.478790 0.109869 0.034489
v -0.478790 0.111783 0.031994
v -0.478790 0.112987 0.029088
v -0.478790 0.113397 0.025970
v -0.478790 0.112987 0.022852
v -0.478790 0.111783 0.019946
v -0.478790 0.109869 0.017451
v -0.478790 0.107373 0.015536
v -0.478790 0.104468 0.014332
v -0.117290 0.094665 0.001022
v -0.120782 0.101349 -0.000000
v -0.114035 0.088435 0.003602
v -0.111241 0.083086 0.007706
v -0.109096 0.078982 0.013056
v -0.107748 0.076401 0.019285
v -0.107288 0.075521 0.025970
v -0.107748 0.076401 0.032655
v -0.109096 0.078982 0.038884
v -0.111241 0.083086 0.044233
v -0.114035 0.088435 0.048338
v -0.117290 0.094665 0.050918
v -0.120782 0.101349 0.051798
v -0.124275 0.108034 0.050918
v -0.127529 0.114264 0.048338
v -0.130324 0.119613 0.044233
v -0.132468 0.123717 0.038884
v -0.133816 0.126298 0.032655
v -0.134276 0.127178 0.025970
v -0.133816 0.126298 0.019285
v -0.132468 0.123717 0.013056
v -0.130324 0.119613 0.007706
v -0.127529 0.114264 0.003602
v -0.124275 0.108034 0.001022
v -0.518967 0.094665 -0.001022
v -0.518967 0.088435 -0.003602
v -0.518967 0.083086 -0.007706
v -0.518967 0.078981 -0.013056
v -0.518967 0.076401 -0.019285
v -0.518967 0.075521 -0.025970
v -0.518967 0.076401 -0.032655
v -0.518967 0.078981 -0.038884
v -0.518967 0.083086 -0.044233
v -0.518967 0.088435 -0.048338
v -0.518967 0.094665 -0.050918
v -0.518967 0.101349 -0.051798
v -0.518967 0.108034 -0.050918
v -0.518967 0.114263 -0.048338
v -0.518967 0.119613 -0.044233
v -0.518967 0.123717 -0.038884
v -0.518967 0.126298 -0.032655
v -0.518967 0.127178 -0.025970
v -0.518967 0.126298 -0.019285
v -0.518967 0.123717 -0.013056
v -0.518967 0.119613 -0.007706
v -0.518967 0.114263 -0.003602
v -0.518967 0.108034 -0.001022
v -0.525706 0.101349 -0.007462
v -0.525706 0.096559 -0.008092
v -0.525706 0.092095 -0.009941
v -0.525706 0.088262 -0.012883
v -0.525706 0.085321 -0.016716
v -0.525706 0.083472 -0.021180
v -0.525706 0.082841 -0.025970
v -0.525706 0.083472 -0.030760
v -0.525706 0.085321 -0.035224
v -0.525706 0.088262 -0.039057
v -0.525706 0.092095 -0.041998
v -0.525706 0.096559 -0.043847
v -0.525706 0.101349 -0.044478
v -0.525706 0.106140 -0.043847
v -0.525706 0.110603 -0.041998
v -0.525706 0.114437 -0.039057
v -0.525706 0.117378 -0.035224
v -0.525706 0.119227 -0.030760
v -0.525706 0.119858 -0.025970
v -0.525706 0.119227 -0.021180
v -0.525706 0.117378 -0.016716
v -0.525706 0.114437 -0.012883
v -0.525706 0.110603 -0.009941
v -0.525706 0.106140 -0.008092
v -0.525706 0.101349 -0.013922
v -0.525706 0.098231 -0.014332
v -0.525706 0.095325 -0.015536
v -0.525706 0.092830 -0.017451
v -0.525706 0.090916 -0.019946
v -0.525706 0.089712 -0.022852
v -0.525706 0.089301 -0.025970
v -0.525706 0.089712 -0.029088
v -0.525706 0.090916 -0.031994
v -0.525706 0.092830 -0.034489
v -0.525706 0.095325 -0.036404
v -0.525706 0.098231 -0.037607
v -0.525706 0.101349 -0.038018
v -0.525706 0.104468 -0.037607
v -0.525706 0.107373 -0.036404
v -0.525706 0.109869 -0.034489
v -0.525706 0.111783 -0.031994
v -0.525706 0.112987 -0.029088
v -0.525706 0.113397 -0.025970
v -0.525706 0.112987 -0.022852
v -0.525706 0.111783 -0.019946
v -0.525706 0.109869 -0.017451
v -0.525706 0.107373 -0.015536
v -0.525706 0.104468 -0.014332
v -0.478790 0.101349 -0.013922
v -0.478790 0.098231 -0.014332
v -0.478790 0.095325 -0.015536
v -0.478790 0.092830 -0.017451
v -0.478790 0.090916 -0.019946
v -0.478790 0.089712 -0.022852
v -0.478790 0.089301 -0.025970
v -0.478790 0.089712 -0.029088
v -0.478790 0.090916 -0.031994
v -0.478790 0.092830 -0.034489
v -0.478790 0.095325 -0.036404
v -0.478790 0.098231 -0.037607
v -0.478790 0.101349 -0.038018
v -0.478790 0.104468 -0.037607
v -0.478790 0.107373 -0.036404
v -0.478790 0.109869 -0.034489
v -0.478790 0.111783 -0.031994
v -0.478790 0.112987 -0.029088
v -0.478790 0.113397 -0.025970
v -0.478790 0.112987 -0.022852
v -0.478790 0.111783 -0.019946
v -0.478790 0.109869 -0.017451
v -0.478790 0.107373 -0.015536
v -0.478790 0.104468 -0.014332
v -0.117290 0.094665 -0.001022
v -0.114035 0.088435 -0.003602
v -0.111241 0.083086 -0.007706
v -0.109096 0.078982 -0.013056
v -0.107748 0.076401 -0.019285
v -0.107288 0.075521 -0.025970
v -0.107748 0.076401 -0.032655
v -0.109096 0.078982 -0.038884
v -0.111241 0.083086 -0.044233
v -0.114035 0.088435 -0.048338
v -0.117290 0.094665 -0.050918
v -0.120782 0.101349 -0.051798
v -0.124275 0.108034 -0.050918
v -0.127529 0.114264 -0.048338
v -0.130324 0.119613 -0.044233
v -0.132468 0.123717 -0.038884
v -0.133816 0.126298 -0.032655
v -0.134276 0.127178 -0.025970
v -0.133816 0.126298 -0.019285
v -0.132468 0.123717 -0.013056
v -0.130324 0.119613 -0.007706
v -0.127529 0.114264 -0.003602
v -0.124275 0.108034 -0.001022
v -0.513158 0.077803 0.031979
v -0.113237 0.077803 0.051188
v -0.513158 0.055190 -0.000000
v -0.513158 0.077803 -0.000000
v -0.113237 0.041002 -0.000000
v -0.113237 0.077803 -0.000000
v -0.513158 0.055190 0.018545
v -0.513158 0.068617 0.031979
v -0.113237 0.054429 0.051188
v -0.113237 0.041002 0.037754
v -0.513158 0.077803 -0.031979
v -0.113237 0.077803 -0.051188
v -0.513158 0.055190 -0.018545
v -0.513158 0.068617 -0.031979
v -0.113237 0.054429 -0.051188
v -0.113237 0.041002 -0.037754
v -0.025675 0.006797 0.016082
v 0.024661 -0.059772 0.016505
v -0.034677 -0.002693 0.013602
v -0.036603 -0.004758 -0.000000
v 0.014913 -0.068443 0.013913
v 0.011793 -0.069567 0.000000
v 0.017759 -0.039449 0.016455
v -0.000480 -0.049544 0.013913
v -0.004271 -0.051643 0.000000
v -0.004634 -0.011016 0.016455
v -0.018576 -0.020950 0.013913
v -0.021520 -0.023042 0.000000
v -0.045337 0.025331 0.014588
v -0.054810 0.016018 0.012358
v -0.056837 0.013984 -0.000000
v -0.011438 -0.040497 0.000000
v 0.010477 -0.027394 0.016455
v -0.007658 -0.038243 0.013913
v -0.010549 0.015226 0.019307
v 0.056969 -0.043013 0.013748
v 0.007726 0.030326 0.013794
v 0.011492 0.033525 -0.000000
v 0.074431 -0.027797 0.012513
v 0.076488 -0.026124 0.000000
v 0.045180 -0.032072 0.018854
v 0.066378 -0.014049 0.014313
v 0.070729 -0.010335 0.000000
v 0.013152 -0.006519 0.019292
v 0.037747 0.011122 0.014386
v 0.042798 0.014789 0.000000
v -0.026468 0.031060 0.019366
v -0.012006 0.043227 0.011427
v -0.008991 0.045829 -0.000000
v 0.061743 -0.000699 0.000000
v 0.033664 -0.021870 0.019292
v 0.056957 -0.004326 0.014386
v -0.040277 0.045435 0.019381
v -0.023264 0.053806 0.010835
v -0.019686 0.055559 -0.000000
v -0.046416 0.060159 0.016151
v -0.030331 0.066779 0.010216
v -0.028514 0.067692 -0.000000
v -0.046494 0.060440 -0.000000
v -0.045508 0.056869 0.019381
v -0.027685 0.064378 0.010835
v -0.023992 0.065918 -0.000000
v 0.057160 -0.043111 0.000000
v 0.078298 -0.020023 0.000000
v 0.054320 -0.040597 0.017068
v 0.074247 -0.023530 0.014015
v -0.070939 0.045457 0.014265
v -0.084040 0.042712 0.012047
v -0.086153 0.040688 -0.000000
v -0.025675 0.006797 -0.016082
v 0.024661 -0.059772 -0.016504
v -0.034677 -0.002693 -0.013602
v 0.014913 -0.068443 -0.013913
v 0.017759 -0.039449 -0.016455
v -0.000480 -0.049544 -0.013913
v -0.004634 -0.011016 -0.016455
v -0.018576 -0.020950 -0.013913
v -0.045337 0.025331 -0.014588
v -0.054810 0.016018 -0.012358
v 0.010477 -0.027394 -0.016455
v -0.007658 -0.038243 -0.013913
v -0.010549 0.015226 -0.019307
v 0.056969 -0.043013 -0.013747
v 0.007726 0.030326 -0.013794
v 0.074431 -0.027797 -0.012513
v 0.045180 -0.032072 -0.018854
v 0.066378 -0.014049 -0.014313
v 0.013152 -0.006519 -0.019292
v 0.037747 0.011122 -0.014386
v -0.026468 0.031060 -0.019366
v -0.012006 0.043227 -0.011427
v 0.033664 -0.021870 -0.019292
v 0.056957 -0.004326 -0.014386
v -0.040277 0.045435 -0.019381
v -0.023264 0.053806 -0.010835
v -0.046416 0.060159 -0.016151
v -0.030331 0.066779 -0.010216
v -0.045508 0.056869 -0.019381
v -0.027685 0.064378 -0.010835
v 0.054320 -0.040597 -0.017068
v 0.074247 -0.023530 -0.014015
v -0.070939 0.045457 -0.014265
v -0.084040 0.042712 -0.012047
v -0.009779 -0.006470 0.016449
v -0.015165 -0.001967 0.016408
v -0.020545 0.002464 0.016298
v -0.035753 -0.003836 0.011114
v -0.036329 -0.004455 0.007844
v -0.036560 -0.004709 0.004052
v -0.022248 -0.016233 0.013908
v -0.026199 -0.011609 0.013874
v -0.030364 -0.007091 0.013782
v -0.001079 -0.055387 0.000000
v 0.002819 -0.059763 0.000000
v 0.007188 -0.064559 0.000000
v 0.013149 -0.069070 0.011368
v 0.012218 -0.069406 0.008023
v 0.011855 -0.069541 0.004145
v 0.017605 -0.067412 0.015482
v 0.020627 -0.065768 0.016257
v 0.023209 -0.063281 0.016507
v -0.033000 -0.000920 0.015134
v -0.030831 0.001367 0.015885
v -0.028335 0.003996 0.016114
v 0.024204 -0.054995 0.016476
v 0.022505 -0.049611 0.016461
v 0.020138 -0.044214 0.016456
v 0.010507 -0.063146 0.013913
v 0.006325 -0.058078 0.013913
v 0.002588 -0.053468 0.013913
v -0.009857 -0.043481 0.000000
v -0.008365 -0.046054 0.000000
v -0.006617 -0.048636 0.000000
v 0.012359 -0.042438 0.016486
v 0.007295 -0.045240 0.016250
v 0.002903 -0.047671 0.015482
v -0.002628 -0.050733 0.011368
v -0.003759 -0.051359 0.008023
v -0.004197 -0.051602 0.004145
v 0.007681 -0.023927 0.016455
v 0.004182 -0.019918 0.016455
v 0.000054 -0.015552 0.016455
v -0.009746 -0.034579 0.013913
v -0.012286 -0.030328 0.013913
v -0.015241 -0.025710 0.013913
v -0.032459 -0.009157 -0.000000
v -0.028546 -0.013675 0.000000
v -0.024891 -0.018306 0.000000
v -0.020231 -0.022128 0.011368
v -0.021110 -0.022752 0.008023
v -0.021458 -0.022999 0.004145
v -0.008757 -0.013955 0.016486
v -0.012625 -0.016711 0.016250
v -0.015983 -0.019103 0.015482
v -0.055942 0.014894 0.010099
v -0.056548 0.014284 0.007128
v -0.056792 0.014033 0.003683
v -0.053045 0.017759 0.013746
v -0.050762 0.020003 0.014423
v -0.048136 0.022584 0.014624
v -0.030411 0.011045 0.015743
v -0.035019 0.015397 0.015335
v -0.039871 0.020082 0.014927
v -0.039117 0.001613 0.013320
v -0.043827 0.006014 0.012980
v -0.048996 0.010739 0.012640
v -0.040982 -0.000447 -0.000000
v -0.045715 0.003962 -0.000000
v -0.050950 0.008697 -0.000000
v -0.018459 -0.027837 0.000000
v -0.015738 -0.032499 0.000000
v -0.013387 -0.036796 0.000000
v 0.015857 -0.035772 0.016455
v 0.014246 -0.032871 0.016455
v 0.012571 -0.030246 0.016455
v -0.002750 -0.046424 0.013913
v -0.004473 -0.043789 0.013913
v -0.005995 -0.041205 0.013913
v -0.009797 -0.039521 0.011368
v -0.010924 -0.040193 0.008023
v -0.011363 -0.040454 0.004145
v 0.005109 -0.030606 0.016486
v 0.000074 -0.033619 0.016250
v -0.004293 -0.036231 0.015482
v 0.006963 -0.001232 0.019292
v 0.000753 0.004398 0.019294
v -0.005183 0.010005 0.019298
v 0.009870 0.032121 0.011025
v 0.010991 0.033077 0.007674
v 0.011422 0.033457 0.003934
v 0.030513 0.015996 0.014377
v 0.022717 0.020996 0.014312
v 0.014931 0.025861 0.014136
v 0.079263 -0.021425 0.000000
v 0.079443 -0.022590 0.000000
v 0.078598 -0.023997 0.000000
v 0.076440 -0.026169 0.004110
v 0.076126 -0.026431 0.007821
v 0.075367 -0.027046 0.010755
v 0.071989 -0.029971 0.013131
v 0.067898 -0.033555 0.013609
v 0.062714 -0.038051 0.013771
v 0.004341 0.027517 0.015852
v -0.000059 0.023880 0.017327
v -0.005135 0.019691 0.018414
v 0.052497 -0.038922 0.017485
v 0.050241 -0.036838 0.017974
v 0.047739 -0.034501 0.018457
v 0.072668 -0.021591 0.014085
v 0.070709 -0.019203 0.014166
v 0.068552 -0.016609 0.014247
v 0.064455 -0.003385 0.000000
v 0.066720 -0.005743 0.000000
v 0.068744 -0.007987 0.000000
v 0.051462 -0.026733 0.018291
v 0.057351 -0.021726 0.017500
v 0.062454 -0.017387 0.016250
v 0.068859 -0.011935 0.011536
v 0.070155 -0.010829 0.008073
v 0.070650 -0.010404 0.004151
v 0.029431 -0.018756 0.019292
v 0.024521 -0.015224 0.019292
v 0.019054 -0.011177 0.019292
v 0.053454 -0.001153 0.014386
v 0.049160 0.002499 0.014386
v 0.043963 0.006601 0.014386
v 0.019070 0.029203 -0.000000
v 0.027232 0.024476 -0.000000
v 0.035350 0.019590 -0.000000
v 0.040628 0.013200 0.011567
v 0.042131 0.014294 0.008082
v 0.042706 0.014718 0.004152
v 0.020440 -0.001296 0.018621
v 0.027273 0.003602 0.017728
v 0.033194 0.007850 0.016390
v -0.010299 0.044680 0.008856
v -0.009400 0.045458 0.006040
v -0.009050 0.045771 0.003061
v -0.022187 0.034656 0.017585
v -0.018172 0.038029 0.015723
v -0.014689 0.040960 0.013697
v -0.015147 0.019791 0.019320
v -0.019152 0.023814 0.019336
v -0.022835 0.027501 0.019352
v 0.001546 0.034195 0.013258
v -0.003674 0.037542 0.012610
v -0.008127 0.040506 0.011963
v -0.005073 0.043287 -0.000000
v -0.000471 0.040473 -0.000000
v 0.004992 0.037261 -0.000000
v 0.049077 0.010287 0.000000
v 0.054220 0.006169 0.000000
v 0.058388 0.002489 0.000000
v 0.042684 -0.029666 0.019107
v 0.040087 -0.027228 0.019237
v 0.037158 -0.024662 0.019285
v 0.064301 -0.011694 0.014355
v 0.062179 -0.009419 0.014377
v 0.059801 -0.007028 0.014385
v 0.059685 -0.002264 0.011567
v 0.061111 -0.001184 0.008082
v 0.061655 -0.000767 0.004152
v 0.040566 -0.016674 0.018621
v 0.047037 -0.011801 0.017728
v 0.052644 -0.007577 0.016390
v -0.021249 0.054796 0.008314
v -0.020181 0.055319 0.005632
v -0.019760 0.055523 0.002843
v -0.035244 0.047912 0.017378
v -0.030523 0.050236 0.015322
v -0.026426 0.052252 0.013159
v -0.037396 0.041895 0.019380
v -0.033962 0.038286 0.019379
v -0.030234 0.034658 0.019374
v -0.015465 0.045836 0.011084
v -0.018513 0.048418 0.010909
v -0.021123 0.051049 0.010844
v -0.012373 0.048220 -0.000000
v -0.015269 0.050569 -0.000000
v -0.017699 0.052980 -0.000000
v -0.029514 0.067193 0.008574
v -0.028845 0.067529 0.006082
v -0.028561 0.067670 0.003148
v -0.041157 0.062372 0.014496
v -0.036398 0.064354 0.012879
v -0.032615 0.065889 0.011363
v -0.044877 0.054704 0.019381
v -0.043898 0.051978 0.019381
v -0.042416 0.048839 0.019381
v -0.028143 0.065866 0.010822
v -0.028668 0.066688 0.010733
v -0.029462 0.066914 0.010510
v -0.024479 0.067397 -0.000000
v -0.025143 0.068180 -0.000000
v -0.026361 0.068275 -0.000000
v -0.046493 0.060436 0.004795
v -0.046484 0.060405 0.009287
v -0.046461 0.060322 0.013173
v -0.041178 0.062672 -0.000000
v -0.036191 0.064736 -0.000000
v -0.031860 0.066465 -0.000000
v -0.046337 0.059871 0.018018
v -0.046186 0.059327 0.018977
v -0.045924 0.058376 0.019330
v -0.024927 0.056715 0.010835
v -0.026168 0.059597 0.010835
v -0.027063 0.062227 0.010835
v -0.021258 0.058351 -0.000000
v -0.022463 0.061171 -0.000000
v -0.023356 0.063775 -0.000000
v -0.024062 0.065890 0.002843
v -0.024488 0.065715 0.005632
v -0.025589 0.065257 0.008314
v -0.030990 0.062988 0.013159
v -0.035281 0.061180 0.015322
v -0.040230 0.059094 0.017378
v 0.057082 -0.043094 0.011199
v 0.057138 -0.043121 0.007889
v 0.057158 -0.043118 0.004071
v 0.072974 -0.029321 0.000000
v 0.068330 -0.033418 0.000000
v 0.062934 -0.038115 0.000000
v 0.072816 -0.012925 0.000000
v 0.074892 -0.015575 0.000000
v 0.076778 -0.018027 0.000000
v 0.056762 -0.042835 0.015372
v 0.056343 -0.042454 0.016272
v 0.055575 -0.041749 0.016740
v 0.075208 -0.026896 0.013164
v 0.075613 -0.025901 0.013699
v 0.075274 -0.024880 0.013938
v 0.060229 -0.035539 0.016947
v 0.065768 -0.030799 0.016569
v 0.070564 -0.026690 0.015678
v 0.076569 -0.021531 0.011411
v 0.077774 -0.020486 0.008035
v 0.078228 -0.020087 0.004146
v -0.085220 0.041592 0.009845
v -0.085852 0.040986 0.006949
v -0.086106 0.040736 0.003590
v -0.082149 0.044343 0.013400
v -0.079411 0.045854 0.014063
v -0.075700 0.046453 0.014273
v -0.076213 0.035550 0.012052
v -0.068593 0.028583 0.012086
v -0.061390 0.022007 0.012178
v -0.051632 0.031199 0.014373
v -0.058357 0.037039 0.014268
v -0.064960 0.042031 0.014242
v -0.078324 0.033525 -0.000000
v -0.070695 0.026558 -0.000000
v -0.063466 0.019979 -0.000000
v -0.009779 -0.006470 -0.016449
v -0.015165 -0.001967 -0.016408
v -0.020545 0.002464 -0.016298
v -0.035753 -0.003836 -0.011114
v -0.036329 -0.004455 -0.007844
v -0.036560 -0.004709 -0.004052
v -0.022248 -0.016233 -0.013908
v -0.026199 -0.011609 -0.013874
v -0.030364 -0.007091 -0.013782
v 0.013149 -0.069070 -0.011368
v 0.012218 -0.069406 -0.008023
v 0.011855 -0.069541 -0.004145
v 0.017605 -0.067412 -0.015482
v 0.020627 -0.065768 -0.016257
v 0.023209 -0.063281 -0.016507
v -0.033000 -0.000920 -0.015134
v -0.030831 0.001367 -0.015885
v -0.028335 0.003996 -0.016114
v 0.024204 -0.054995 -0.016476
v 0.022505 -0.049611 -0.016461
v 0.020138 -0.044214 -0.016456
v 0.010507 -0.063146 -0.013913
v 0.006325 -0.058078 -0.013913
v 0.002588 -0.053468 -0.013913
v 0.012359 -0.042438 -0.016486
v 0.007295 -0.045240 -0.016250
v 0.002903 -0.047671 -0.015482
v -0.002628 -0.050733 -0.011368
v -0.003759 -0.051359 -0.008023
v -0.004197 -0.051602 -0.004145
v 0.007681 -0.023927 -0.016455
v 0.004182 -0.019918 -0.016455
v 0.000054 -0.015552 -0.016455
v -0.009746 -0.034580 -0.013913
v -0.012286 -0.030328 -0.013913
v -0.015241 -0.025710 -0.013913
v -0.020231 -0.022128 -0.011368
v -0.021110 -0.022752 -0.008023
v -0.021458 -0.022999 -0.004145
v -0.008757 -0.013955 -0.016486
v -0.012625 -0.016711 -0.016250
v -0.015983 -0.019103 -0.015482
v -0.055942 0.014893 -0.010099
v -0.056548 0.014284 -0.007128
v -0.056792 0.014033 -0.003683
v -0.053045 0.017759 -0.013746
v -0.050762 0.020003 -0.014423
v -0.048136 0.022584 -0.014624
v -0.030411 0.011045 -0.015743
v -0.035019 0.015397 -0.015335
v -0.039871 0.020082 -0.014927
v -0.039117 0.001613 -0.013320
v -0.043827 0.006014 -0.012980
v -0.048996 0.010739 -0.012640
v 0.015857 -0.035772 -0.016455
v 0.014246 -0.032871 -0.016455
v 0.012571 -0.030246 -0.016455
v -0.002750 -0.046424 -0.013913
v -0.004473 -0.043789 -0.013913
v -0.005995 -0.041205 -0.013913
v -0.009797 -0.039521 -0.011368
v -0.010924 -0.040193 -0.008023
v -0.011363 -0.040454 -0.004145
v 0.005109 -0.030606 -0.016486
v 0.000074 -0.033619 -0.016250
v -0.004293 -0.036231 -0.015482
v 0.006963 -0.001232 -0.019292
v 0.000753 0.004398 -0.019294
v -0.005183 0.010005 -0.019298
v 0.009870 0.032121 -0.011025
v 0.010991 0.033077 -0.007674
v 0.011422 0.033457 -0.003934
v 0.030513 0.015996 -0.014377
v 0.022717 0.020996 -0.014312
v 0.014931 0.025861 -0.014136
v 0.076440 -0.026169 -0.004110
v 0.076126 -0.026431 -0.007821
v 0.075367 -0.027046 -0.010755
v 0.071989 -0.029971 -0.013131
v 0.067898 -0.033555 -0.013609
v 0.062714 -0.038051 -0.013771
v 0.004341 0.027517 -0.015852
v -0.000059 0.023880 -0.017327
v -0.005135 0.019691 -0.018414
v 0.052497 -0.038922 -0.017485
v 0.050241 -0.036838 -0.017974
v 0.047739 -0.034501 -0.018457
v 0.072668 -0.021591 -0.014085
v 0.070709 -0.019203 -0.014166
v 0.068552 -0.016609 -0.014247
v 0.051462 -0.026733 -0.018291
v 0.057351 -0.021726 -0.017500
v 0.062454 -0.017387 -0.016250
v 0.068859 -0.011935 -0.011536
v 0.070155 -0.010829 -0.008073
v 0.070650 -0.010404 -0.004151
v 0.029431 -0.018756 -0.019292
v 0.024521 -0.015224 -0.019292
v 0.019054 -0.011177 -0.019292
v 0.053454 -0.001153 -0.014386
v 0.049160 0.002499 -0.014386
v 0.043963 0.006601 -0.014386
v 0.040628 0.013200 -0.011567
v 0.042131 0.014294 -0.008082
v 0.042706 0.014718 -0.004152
v 0.020440 -0.001296 -0.018621
v 0.027273 0.003602 -0.017728
v 0.033194 0.007850 -0.016390
v -0.010299 0.044680 -0.008856
v -0.009400 0.045458 -0.006040
v -0.009050 0.045771 -0.003061
v -0.022187 0.034656 -0.017585
v -0.018172 0.038029 -0.015723
v -0.014689 0.040960 -0.013698
v -0.015147 0.019791 -0.019320
v -0.019152 0.023814 -0.019336
v -0.022835 0.027501 -0.019352
v 0.001546 0.034195 -0.013258
v -0.003674 0.037542 -0.012610
v -0.008127 0.040506 -0.011963
v 0.042684 -0.029666 -0.019107
v 0.040087 -0.027228 -0.019237
v 0.037158 -0.024662 -0.019285
v 0.064301 -0.011694 -0.014355
v 0.062179 -0.009419 -0.014377
v 0.059801 -0.007028 -0.014385
v 0.059685 -0.002264 -0.011567
v 0.061111 -0.001184 -0.008082
v 0.061655 -0.000767 -0.004152
v 0.040566 -0.016674 -0.018621
v 0.047037 -0.011801 -0.017728
v 0.052644 -0.007577 -0.016390
v -0.021249 0.054796 -0.008314
v -0.020181 0.055319 -0.005632
v -0.019760 0.055523 -0.002843
v -0.035244 0.047912 -0.017378
v -0.030523 0.050236 -0.015322
v -0.026426 0.052252 -0.013159
v -0.037396 0.041895 -0.019381
v -0.033962 0.038286 -0.019379
v -0.030234 0.034658 -0.019374
v -0.015465 0.045836 -0.011084
v -0.018513 0.048418 -0.010909
v -0.021123 0.051049 -0.010844
v -0.029514 0.067193 -0.008574
v -0.028845 0.067529 -0.006082
v -0.028561 0.067670 -0.003148
v -0.041157 0.062372 -0.014496
v -0.036398 0.064354 -0.012879
v -0.032615 0.065889 -0.011363
v -0.044877 0.054704 -0.019381
v -0.043898 0.051978 -0.019381
v -0.042416 0.048839 -0.019381
v -0.028143 0.065866 -0.010822
v -0.028668 0.066688 -0.010733
v -0.029462 0.066914 -0.010510
v -0.046493 0.060436 -0.004795
v -0.046484 0.060405 -0.009287
v -0.046461 0.060322 -0.013173
v -0.046337 0.059871 -0.018018
v -0.046186 0.059327 -0.018977
v -0.045924 0.058376 -0.019330
v -0.024927 0.056715 -0.010835
v -0.026168 0.059597 -0.010835
v -0.027063 0.062227 -0.010835
v -0.024062 0.065890 -0.002843
v -0.024488 0.065715 -0.005632
v -0.025589 0.065257 -0.008314
v -0.030990 0.062988 -0.013159
v -0.035281 0.061180 -0.015322
v -0.040230 0.059094 -0.017378
v 0.057082 -0.043094 -0.011199
v 0.057138 -0.043121 -0.007889
v 0.057158 -0.043118 -0.004071
v 0.056762 -0.042835 -0.015371
v 0.056343 -0.042454 -0.016272
v 0.055575 -0.041749 -0.016740
v 0.075208 -0.026896 -0.013164
v 0.075613 -0.025901 -0.013699
v 0.075274 -0.024880 -0.013938
v 0.060229 -0.035539 -0.016947
v 0.065768 -0.030799 -0.016569
v 0.070564 -0.026690 -0.015678
v 0.076569 -0.021531 -0.011411
v 0.077774 -0.020486 -0.008035
v 0.078228 -0.020087 -0.004146
v -0.085220 0.041592 -0.009845
v -0.085852 0.040986 -0.006949
v -0.086106 0.040736 -0.003590
v -0.082149 0.044343 -0.013400
v -0.079411 0.045854 -0.014063
v -0.075700 0.046453 -0.014273
v -0.076213 0.035550 -0.012052
v -0.068593 0.028583 -0.012086
v -0.061390 0.022007 -0.012178
v -0.051632 0.031199 -0.014373
v -0.058357 0.037039 -0.014268
v -0.064960 0.042031 -0.014242
v 0.000510 -0.054553 0.011368
v -0.000583 -0.055126 0.008023
v -0.001008 -0.055349 0.004145
v 0.004339 -0.059029 0.011368
v 0.003294 -0.059531 0.008023
v 0.002888 -0.059729 0.004145
v 0.008629 -0.063940 0.011368
v 0.007639 -0.064362 0.008023
v 0.007254 -0.064530 0.004145
v 0.014957 -0.046963 0.016486
v 0.010090 -0.049536 0.016250
v 0.005857 -0.051759 0.015482
v 0.017836 -0.052196 0.016489
v 0.013394 -0.054580 0.016251
v 0.009435 -0.056577 0.015482
v 0.020616 -0.057714 0.016496
v 0.016954 -0.060068 0.016254
v 0.013420 -0.061875 0.015482
v 0.007075 -0.033491 0.016486
v 0.001920 -0.036534 0.016250
v -0.002550 -0.039173 0.015482
v 0.008704 -0.036104 0.016486
v 0.003506 -0.039136 0.016250
v -0.001001 -0.041764 0.015482
v 0.010348 -0.038926 0.016486
v 0.005181 -0.041884 0.016250
v 0.000701 -0.044449 0.015482
v -0.008183 -0.042496 0.011368
v -0.009334 -0.043174 0.008023
v -0.009782 -0.043437 0.004145
v -0.006679 -0.045074 0.011368
v -0.007839 -0.045749 0.008023
v -0.008289 -0.046011 0.004145
v -0.004942 -0.047679 0.011368
v -0.006095 -0.048338 0.008023
v -0.006542 -0.048594 0.004145
v -0.031535 -0.008239 0.011261
v -0.032162 -0.008857 0.007947
v -0.032413 -0.009109 0.004106
v -0.027514 -0.012762 0.011336
v -0.028215 -0.013380 0.008000
v -0.028496 -0.013629 0.004133
v -0.023731 -0.017395 0.011364
v -0.024521 -0.018015 0.008020
v -0.024835 -0.018262 0.004143
v -0.023447 -0.000357 0.016329
v -0.026170 -0.003005 0.016096
v -0.028535 -0.005308 0.015335
v -0.018426 -0.004816 0.016439
v -0.021487 -0.007489 0.016205
v -0.024145 -0.009812 0.015438
v -0.013466 -0.009356 0.016480
v -0.016925 -0.012064 0.016245
v -0.019928 -0.014416 0.015476
v -0.032983 0.008262 0.015776
v -0.037622 0.012629 0.015369
v -0.042567 0.017326 0.014962
v -0.035397 0.005649 0.015553
v -0.040064 0.010030 0.015154
v -0.045097 0.014738 0.014754
v -0.037494 0.003376 0.014820
v -0.042186 0.007768 0.014440
v -0.047296 0.012486 0.014061
v -0.040158 0.000474 0.010884
v -0.044881 0.004880 0.010607
v -0.050087 0.009611 0.010329
v -0.040716 -0.000143 0.007682
v -0.045445 0.004266 0.007486
v -0.050671 0.008999 0.007290
v -0.040940 -0.000397 0.003969
v -0.045673 0.004012 0.003868
v -0.050907 0.008747 0.003767
v -0.017054 -0.026911 0.011368
v -0.018014 -0.027546 0.008023
v -0.018392 -0.027795 0.004145
v -0.014234 -0.031556 0.011368
v -0.015264 -0.032204 0.008023
v -0.015668 -0.032456 0.004145
v -0.011804 -0.035835 0.011368
v -0.012890 -0.036496 0.008023
v -0.013315 -0.036753 0.004145
v -0.004471 -0.018558 0.016486
v -0.008715 -0.021378 0.016250
v -0.012399 -0.023824 0.015482
v -0.000691 -0.023000 0.016486
v -0.005262 -0.025889 0.016250
v -0.009228 -0.028396 0.015482
v 0.002523 -0.027081 0.016486
v -0.002315 -0.030039 0.016250
v -0.006511 -0.032603 0.015482
v 0.077562 -0.022910 0.011373
v 0.077806 -0.024013 0.011239
v 0.077123 -0.025257 0.010958
v 0.078749 -0.021881 0.008024
v 0.078948 -0.023028 0.007978
v 0.078147 -0.024389 0.007885
v 0.079195 -0.021488 0.004145
v 0.079378 -0.022651 0.004138
v 0.078539 -0.024052 0.004123
v 0.061429 -0.036740 0.016690
v 0.062152 -0.037473 0.016263
v 0.062531 -0.037870 0.015384
v 0.066909 -0.032050 0.016379
v 0.067546 -0.032842 0.016000
v 0.067794 -0.033328 0.015164
v 0.071644 -0.027994 0.015548
v 0.072134 -0.028897 0.015228
v 0.072098 -0.029597 0.014490
v 0.043868 -0.019439 0.018616
v 0.046634 -0.021952 0.018580
v 0.049090 -0.024342 0.018482
v 0.050158 -0.014541 0.017724
v 0.052770 -0.017006 0.017699
v 0.055095 -0.019350 0.017632
v 0.055609 -0.010296 0.016388
v 0.058089 -0.012718 0.016373
v 0.060299 -0.015023 0.016331
v 0.062454 -0.004957 0.011567
v 0.064767 -0.007328 0.011563
v 0.066834 -0.009585 0.011554
v 0.063839 -0.003872 0.008082
v 0.066120 -0.006233 0.008081
v 0.068157 -0.008480 0.008078
v 0.064369 -0.003454 0.004152
v 0.066637 -0.005812 0.004152
v 0.068662 -0.008056 0.004152
v 0.017289 0.027741 0.011338
v 0.025290 0.022960 0.011499
v 0.033271 0.018029 0.011559
v 0.018521 0.028739 0.007910
v 0.026635 0.023998 0.008031
v 0.034712 0.019101 0.008075
v 0.018993 0.029133 0.004060
v 0.027149 0.024405 0.004125
v 0.035262 0.019519 0.004149
v 0.000777 0.014695 0.018534
v 0.007261 0.009309 0.018595
v 0.013941 0.003868 0.018618
v 0.006364 0.019095 0.017559
v 0.013363 0.013916 0.017678
v 0.020484 0.008650 0.017721
v 0.011206 0.022913 0.016163
v 0.018650 0.017913 0.016323
v 0.026153 0.012798 0.016382
v -0.010202 0.024049 0.018226
v -0.005566 0.028044 0.016964
v -0.001547 0.031513 0.015364
v -0.014568 0.027871 0.018000
v -0.010270 0.031678 0.016525
v -0.006543 0.034985 0.014775
v -0.018480 0.031344 0.017773
v -0.014396 0.034950 0.016087
v -0.010855 0.038083 0.014186
v 0.003506 0.035912 0.010534
v 0.004532 0.036828 0.007303
v 0.004927 0.037194 0.003736
v -0.001855 0.039180 0.009941
v -0.000900 0.040057 0.006857
v -0.000532 0.040408 0.003497
v -0.006396 0.042059 0.009347
v -0.005485 0.042891 0.006410
v -0.005132 0.043225 0.003259
v 0.046880 0.008692 0.011567
v 0.052046 0.004583 0.011567
v 0.056267 0.000916 0.011567
v 0.048403 0.009791 0.008082
v 0.053552 0.005677 0.008082
v 0.057736 0.002002 0.008082
v 0.048984 0.010216 0.004152
v 0.054128 0.006099 0.004152
v 0.058298 0.002420 0.004152
v 0.026436 -0.005912 0.018621
v 0.031823 -0.009975 0.018621
v 0.036550 -0.013542 0.018621
v 0.033356 -0.000976 0.017728
v 0.038668 -0.005053 0.017728
v 0.043223 -0.008654 0.017728
v 0.039352 0.003305 0.016390
v 0.044599 -0.000786 0.016390
v 0.049006 -0.004415 0.016390
v -0.025863 0.037961 0.017466
v -0.021764 0.041061 0.015491
v -0.018207 0.043754 0.013386
v -0.029391 0.041281 0.017404
v -0.025104 0.044092 0.015372
v -0.021383 0.046532 0.013226
v -0.032582 0.044602 0.017382
v -0.028066 0.047142 0.015329
v -0.024147 0.049347 0.013167
v -0.013719 0.047169 0.008543
v -0.012797 0.047882 0.005804
v -0.012435 0.048168 0.002935
v -0.016684 0.049624 0.008382
v -0.015716 0.050266 0.005683
v -0.015335 0.050522 0.002870
v -0.019194 0.052135 0.008322
v -0.018172 0.052712 0.005638
v -0.017770 0.052940 0.002846
v -0.040647 0.060601 0.017333
v -0.035704 0.062684 0.015285
v -0.031429 0.064484 0.013133
v -0.040914 0.061549 0.017019
v -0.036014 0.063610 0.015026
v -0.031840 0.065359 0.012954
v -0.041075 0.062087 0.016165
v -0.036266 0.064100 0.014313
v -0.032319 0.065733 0.012453
v -0.026060 0.066740 0.008312
v -0.024969 0.067196 0.005637
v -0.024548 0.067370 0.002847
v -0.026663 0.067534 0.008303
v -0.025613 0.067982 0.005672
v -0.025209 0.068153 0.002879
v -0.027715 0.067668 0.008314
v -0.026784 0.068086 0.005783
v -0.026421 0.068250 0.002967
v -0.041186 0.062539 0.011827
v -0.036361 0.064541 0.010537
v -0.032397 0.066131 0.009382
v -0.041186 0.062631 0.008340
v -0.036259 0.064672 0.007444
v -0.032054 0.066353 0.006659
v -0.041181 0.062666 0.004306
v -0.036203 0.064727 0.003848
v -0.031889 0.066449 0.003450
v -0.022857 0.057642 0.008314
v -0.021762 0.058130 0.005632
v -0.021332 0.058319 0.002843
v -0.024074 0.060492 0.008314
v -0.022969 0.060961 0.005632
v -0.022537 0.061142 0.002843
v -0.024963 0.063109 0.008314
v -0.023858 0.063570 0.005632
v -0.023428 0.063747 0.002843
v -0.037241 0.051171 0.017378
v -0.032387 0.053358 0.015322
v -0.028176 0.055254 0.013159
v -0.038650 0.054235 0.017378
v -0.033729 0.056351 0.015322
v -0.029460 0.058185 0.013159
v -0.039603 0.056933 0.017378
v -0.034657 0.059023 0.015322
v -0.030368 0.060834 0.013159
v 0.072331 -0.029807 0.010917
v 0.068067 -0.033566 0.011151
v 0.062830 -0.038121 0.011229
v 0.072754 -0.029501 0.007852
v 0.068239 -0.033485 0.007910
v 0.062900 -0.038133 0.007918
v 0.072944 -0.029350 0.004105
v 0.068317 -0.033432 0.004101
v 0.062929 -0.038123 0.004089
v 0.053907 -0.029200 0.017992
v 0.056308 -0.031613 0.017629
v 0.058478 -0.033787 0.017261
v 0.059690 -0.024230 0.017293
v 0.061996 -0.026714 0.017041
v 0.064083 -0.028973 0.016786
v 0.064700 -0.019922 0.016123
v 0.066923 -0.022469 0.015968
v 0.068938 -0.024800 0.015811
v 0.070987 -0.014511 0.011509
v 0.073101 -0.017136 0.011475
v 0.075021 -0.019560 0.011440
v 0.072256 -0.013413 0.008064
v 0.074345 -0.016056 0.008054
v 0.076244 -0.018499 0.008044
v 0.072739 -0.012993 0.004150
v 0.074818 -0.015642 0.004149
v 0.076706 -0.018093 0.004147
v -0.059580 0.023743 0.013546
v -0.057234 0.025968 0.014211
v -0.054524 0.028506 0.014409
v -0.066754 0.030301 0.013443
v -0.064327 0.032418 0.014104
v -0.061457 0.034697 0.014302
v -0.074347 0.037231 0.013405
v -0.071783 0.039089 0.014066
v -0.068575 0.040708 0.014268
v -0.063420 0.020028 0.003629
v -0.063170 0.020278 0.007025
v -0.062549 0.020886 0.009952
v -0.070648 0.026606 0.003602
v -0.070396 0.026856 0.006972
v -0.069767 0.027463 0.009877
v -0.078277 0.033574 0.003592
v -0.078023 0.033823 0.006952
v -0.077392 0.034430 0.009849
v 0.000510 -0.054553 -0.011368
v 0.004339 -0.059029 -0.011368
v 0.008629 -0.063940 -0.011368
v -0.000583 -0.055126 -0.008023
v 0.003294 -0.059531 -0.008023
v 0.007639 -0.064362 -0.008023
v -0.001008 -0.055349 -0.004145
v 0.002888 -0.059729 -0.004145
v 0.007254 -0.064530 -0.004145
v 0.014957 -0.046963 -0.016486
v 0.017836 -0.052196 -0.016489
v 0.020616 -0.057714 -0.016496
v 0.010090 -0.049536 -0.016250
v 0.013394 -0.054580 -0.016251
v 0.016954 -0.060068 -0.016254
v 0.005857 -0.051759 -0.015482
v 0.009435 -0.056577 -0.015482
v 0.013420 -0.061875 -0.015482
v 0.007075 -0.033491 -0.016486
v 0.008704 -0.036104 -0.016486
v 0.010348 -0.038926 -0.016486
v 0.001920 -0.036534 -0.016250
v 0.003506 -0.039136 -0.016250
v 0.005181 -0.041884 -0.016250
v -0.002550 -0.039173 -0.015482
v -0.001001 -0.041764 -0.015482
v 0.000701 -0.044449 -0.015482
v -0.008183 -0.042496 -0.011368
v -0.006679 -0.045074 -0.011368
v -0.004942 -0.047679 -0.011368
v -0.009334 -0.043174 -0.008023
v -0.007839 -0.045749 -0.008023
v -0.006095 -0.048338 -0.008023
v -0.009782 -0.043437 -0.004145
v -0.008289 -0.046011 -0.004145
v -0.006542 -0.048594 -0.004145
v -0.031535 -0.008239 -0.011261
v -0.027514 -0.012762 -0.011336
v -0.023731 -0.017395 -0.011364
v -0.032162 -0.008857 -0.007947
v -0.028215 -0.013380 -0.008000
v -0.024521 -0.018015 -0.008020
v -0.032413 -0.009109 -0.004106
v -0.028496 -0.013629 -0.004133
v -0.024835 -0.018262 -0.004143
v -0.023447 -0.000357 -0.016329
v -0.018426 -0.004816 -0.016439
v -0.013466 -0.009356 -0.016480
v -0.026170 -0.003005 -0.016096
v -0.021487 -0.007489 -0.016205
v -0.016925 -0.012064 -0.016245
v -0.028535 -0.005308 -0.015335
v -0.024145 -0.009812 -0.015438
v -0.019928 -0.014416 -0.015476
v -0.032983 0.008262 -0.015776
v -0.035397 0.005649 -0.015553
v -0.037494 0.003376 -0.014820
v -0.037622 0.012629 -0.015369
v -0.040064 0.010030 -0.015154
v -0.042186 0.007768 -0.014440
v -0.042567 0.017326 -0.014962
v -0.045097 0.014738 -0.014754
v -0.047296 0.012486 -0.014061
v -0.040158 0.000474 -0.010884
v -0.040716 -0.000143 -0.007682
v -0.040940 -0.000397 -0.003969
v -0.044881 0.004880 -0.010607
v -0.045445 0.004266 -0.007486
v -0.045673 0.004012 -0.003868
v -0.050087 0.009611 -0.010329
v -0.050671 0.008999 -0.007290
v -0.050907 0.008747 -0.003767
v -0.017054 -0.026911 -0.011368
v -0.014234 -0.031556 -0.011368
v -0.011804 -0.035835 -0.011368
v -0.018014 -0.027546 -0.008023
v -0.015264 -0.032204 -0.008023
v -0.012890 -0.036496 -0.008023
v -0.018392 -0.027795 -0.004145
v -0.015668 -0.032456 -0.004145
v -0.013315 -0.036753 -0.004145
v -0.004471 -0.018558 -0.016486
v -0.000691 -0.023000 -0.016486
v 0.002523 -0.027081 -0.016486
v -0.008715 -0.021378 -0.016250
v -0.005262 -0.025889 -0.016250
v -0.002315 -0.030039 -0.016250
v -0.012399 -0.023824 -0.015482
v -0.009228 -0.028396 -0.015482
v -0.006511 -0.032603 -0.015482
v 0.077562 -0.022910 -0.011373
v 0.078749 -0.021881 -0.008024
v 0.079195 -0.021488 -0.004145
v 0.077806 -0.024013 -0.011239
v 0.078948 -0.023028 -0.007978
v 0.079378 -0.022651 -0.004138
v 0.077123 -0.025257 -0.010958
v 0.078147 -0.024389 -0.007885
v 0.078539 -0.024052 -0.004123
v 0.061429 -0.036740 -0.016690
v 0.066909 -0.032050 -0.016379
v 0.071644 -0.027994 -0.015548
v 0.062152 -0.037473 -0.016263
v 0.067546 -0.032842 -0.016000
v 0.072134 -0.028897 -0.015228
v 0.062531 -0.037870 -0.015384
v 0.067794 -0.033328 -0.015164
v 0.072098 -0.029597 -0.014490
v 0.043868 -0.019439 -0.018616
v 0.050158 -0.014541 -0.017724
v 0.055609 -0.010296 -0.016388
v 0.046634 -0.021952 -0.018580
v 0.052770 -0.017006 -0.017699
v 0.058089 -0.012718 -0.016373
v 0.049090 -0.024342 -0.018482
v 0.055095 -0.019350 -0.017632
v 0.060299 -0.015023 -0.016331
v 0.062454 -0.004957 -0.011567
v 0.063839 -0.003872 -0.008082
v 0.064369 -0.003454 -0.004152
v 0.064767 -0.007328 -0.011563
v 0.066120 -0.006233 -0.008081
v 0.066637 -0.005812 -0.004152
v 0.066834 -0.009585 -0.011554
v 0.068157 -0.008480 -0.008078
v 0.068662 -0.008056 -0.004152
v 0.017289 0.027741 -0.011338
v 0.018521 0.028739 -0.007910
v 0.018993 0.029133 -0.004060
v 0.025290 0.022960 -0.011499
v 0.026635 0.023998 -0.008031
v 0.027149 0.024405 -0.004125
v 0.033271 0.018029 -0.011559
v 0.034712 0.019101 -0.008075
v 0.035262 0.019519 -0.004149
v 0.000777 0.014695 -0.018534
v 0.006364 0.019095 -0.017559
v 0.011206 0.022913 -0.016163
v 0.007261 0.009309 -0.018595
v 0.013363 0.013916 -0.017678
v 0.018650 0.017913 -0.016323
v 0.013941 0.003868 -0.018618
v 0.020484 0.008650 -0.017721
v 0.026153 0.012798 -0.016382
v -0.010202 0.024049 -0.018226
v -0.014568 0.027871 -0.018000
v -0.018480 0.031344 -0.017773
v -0.005566 0.028044 -0.016964
v -0.010270 0.031678 -0.016525
v -0.014396 0.034950 -0.016087
v -0.001547 0.031513 -0.015364
v -0.006543 0.034985 -0.014775
v -0.010855 0.038083 -0.014186
v 0.003506 0.035912 -0.010534
v -0.001855 0.039180 -0.009941
v -0.006396 0.042059 -0.009347
v 0.004532 0.036828 -0.007303
v -0.000900 0.040057 -0.006857
v -0.005485 0.042891 -0.006410
v 0.004927 0.037194 -0.003736
v -0.000532 0.040408 -0.003497
v -0.005132 0.043225 -0.003259
v 0.046880 0.008692 -0.011567
v 0.048403 0.009791 -0.008082
v 0.048984 0.010216 -0.004152
v 0.052046 0.004583 -0.011567
v 0.053552 0.005677 -0.008082
v 0.054128 0.006099 -0.004152
v 0.056267 0.000916 -0.011567
v 0.057736 0.002002 -0.008082
v 0.058298 0.002420 -0.004152
v 0.026436 -0.005912 -0.018621
v 0.033356 -0.000976 -0.017728
v 0.039352 0.003305 -0.016390
v 0.031823 -0.009975 -0.018621
v 0.038668 -0.005053 -0.017728
v 0.044599 -0.000786 -0.016390
v 0.036550 -0.013542 -0.018621
v 0.043223 -0.008654 -0.017728
v 0.049006 -0.004415 -0.016390
v -0.025863 0.037961 -0.017466
v -0.029391 0.041281 -0.017404
v -0.032582 0.044602 -0.017382
v -0.021764 0.041061 -0.015491
v -0.025104 0.044092 -0.015372
v -0.028066 0.047142 -0.015329
v -0.018207 0.043754 -0.013386
v -0.021383 0.046532 -0.013226
v -0.024147 0.049347 -0.013167
v -0.013719 0.047169 -0.008543
v -0.016684 0.049624 -0.008382
v -0.019194 0.052135 -0.008322
v -0.012797 0.047882 -0.005804
v -0.015716 0.050266 -0.005683
v -0.018172 0.052712 -0.005638
v -0.012435 0.048168 -0.002935
v -0.015335 0.050522 -0.002870
v -0.017770 0.052940 -0.002846
v -0.040647 0.060601 -0.017333
v -0.040914 0.061549 -0.017019
v -0.041075 0.062087 -0.016165
v -0.035704 0.062684 -0.015285
v -0.036014 0.063610 -0.015026
v -0.036266 0.064100 -0.014313
v -0.031429 0.064484 -0.013133
v -0.031840 0.065359 -0.012954
v -0.032319 0.065733 -0.012453
v -0.026060 0.066740 -0.008312
v -0.026663 0.067534 -0.008303
v -0.027715 0.067668 -0.008314
v -0.024969 0.067196 -0.005637
v -0.025613 0.067982 -0.005672
v -0.026784 0.068086 -0.005783
v -0.024548 0.067369 -0.002847
v -0.025209 0.068153 -0.002879
v -0.026421 0.068250 -0.002967
v -0.041186 0.062539 -0.011827
v -0.041186 0.062631 -0.008340
v -0.041181 0.062666 -0.004307
v -0.036361 0.064541 -0.010537
v -0.036259 0.064672 -0.007444
v -0.036203 0.064727 -0.003848
v -0.032397 0.066131 -0.009382
v -0.032054 0.066353 -0.006659
v -0.031889 0.066449 -0.003450
v -0.022857 0.057642 -0.008314
v -0.024074 0.060492 -0.008314
v -0.024963 0.063109 -0.008314
v -0.021762 0.058130 -0.005632
v -0.022969 0.060961 -0.005632
v -0.023858 0.063570 -0.005632
v -0.021332 0.058319 -0.002843
v -0.022537 0.061142 -0.002843
v -0.023428 0.063747 -0.002843
v -0.037241 0.051171 -0.017378
v -0.038650 0.054235 -0.017378
v -0.039603 0.056933 -0.017378
v -0.032387 0.053358 -0.015322
v -0.033729 0.056351 -0.015322
v -0.034657 0.059023 -0.015322
v -0.028176 0.055254 -0.013159
v -0.029460 0.058185 -0.013159
v -0.030368 0.060834 -0.013159
v 0.072331 -0.029807 -0.010917
v 0.072754 -0.029501 -0.007852
v 0.072944 -0.029350 -0.004105
v 0.068067 -0.033566 -0.011151
v 0.068239 -0.033485 -0.007910
v 0.068317 -0.033432 -0.004101
v 0.062830 -0.038121 -0.011229
v 0.062900 -0.038133 -0.007918
v 0.062929 -0.038123 -0.004089
v 0.053907 -0.029200 -0.017992
v 0.059690 -0.024230 -0.017293
v 0.064700 -0.019922 -0.016123
v 0.056308 -0.031613 -0.017629
v 0.061996 -0.026714 -0.017041
v 0.066923 -0.022469 -0.015968
v 0.058478 -0.033787 -0.017261
v 0.064083 -0.028973 -0.016786
v 0.068938 -0.024800 -0.015811
v 0.070987 -0.014511 -0.011509
v 0.072256 -0.013413 -0.008064
v 0.072739 -0.012993 -0.004150
v 0.073101 -0.017136 -0.011475
v 0.074345 -0.016056 -0.008054
v 0.074818 -0.015642 -0.004149
v 0.075021 -0.019560 -0.011440
v 0.076244 -0.018499 -0.008044
v 0.076706 -0.018093 -0.004147
v -0.059580 0.023743 -0.013546
v -0.066754 0.030301 -0.013443
v -0.074347 0.037231 -0.013405
v -0.057234 0.025968 -0.014211
v -0.064327 0.032418 -0.014104
v -0.071783 0.039089 -0.014066
v -0.054524 0.028506 -0.014409
v -0.061457 0.034697 -0.014302
v -0.068575 0.040708 -0.014268
v -0.063420 0.020028 -0.003629
v -0.070648 0.026606 -0.003602
v -0.078277 0.033574 -0.003592
v -0.063170 0.020278 -0.007025
v -0.070396 0.026856 -0.006972
v -0.078023 0.033823 -0.006952
v -0.062549 0.020886 -0.009952
v -0.069767 0.027463 -0.009877
v -0.077392 0.034430 -0.009849
v -0.351025 0.121427 0.063591
v -0.351025 0.113523 0.055778
v -0.346570 0.121923 0.063089
v -0.346570 0.114019 0.055277
v -0.342551 0.123362 0.061633
v -0.342551 0.115459 0.053820
v -0.339362 0.125604 0.059364
v -0.339362 0.117701 0.051552
v -0.337314 0.128429 0.056506
v -0.337314 0.120526 0.048694
v -0.336608 0.131561 0.053338
v -0.336608 0.123658 0.045525
v -0.337314 0.134693 0.050170
v -0.337314 0.126789 0.042357
v -0.339362 0.137518 0.047311
v -0.339362 0.129614 0.039499
v -0.342551 0.139760 0.045043
v -0.342551 0.131856 0.037231
v -0.346570 0.141200 0.043587
v -0.346570 0.133296 0.035774
v -0.351025 0.141696 0.043085
v -0.351025 0.133792 0.035273
v -0.355479 0.141200 0.043587
v -0.355479 0.133296 0.035774
v -0.359498 0.139760 0.045043
v -0.359498 0.131856 0.037231
v -0.362688 0.137518 0.047311
v -0.362688 0.129614 0.039499
v -0.364735 0.134693 0.050170
v -0.364735 0.126789 0.042357
v -0.365441 0.131561 0.053338
v -0.365441 0.123658 0.045525
v -0.364735 0.128429 0.056506
v -0.364735 0.120526 0.048694
v -0.362688 0.125604 0.059364
v -0.362688 0.117701 0.051552
v -0.359498 0.123362 0.061633
v -0.359498 0.115459 0.053820
v -0.355479 0.121923 0.063089
v -0.355479 0.114019 0.055277
v -0.351025 0.126620 0.063377
v -0.347745 0.126986 0.063008
v -0.344786 0.128045 0.061936
v -0.342438 0.129696 0.060266
v -0.340931 0.131776 0.058162
v -0.340411 0.134081 0.055829
v -0.340931 0.136387 0.053496
v -0.342438 0.138467 0.051392
v -0.344786 0.140118 0.049722
v -0.347745 0.141177 0.048650
v -0.351025 0.141543 0.048281
v -0.354304 0.141177 0.048650
v -0.357263 0.140118 0.049722
v -0.359611 0.138467 0.051392
v -0.361118 0.136387 0.053496
v -0.361638 0.134081 0.055829
v -0.361118 0.131776 0.058162
v -0.359611 0.129696 0.060266
v -0.357263 0.128045 0.061936
v -0.354304 0.126986 0.063008
v -0.338340 0.134817 0.050761
v -0.339196 0.134622 0.050959
v -0.340963 0.137059 0.048493
v -0.340234 0.137431 0.048117
v -0.355146 0.140837 0.044671
v -0.354868 0.140235 0.045280
v -0.358335 0.138993 0.046537
v -0.358864 0.139505 0.046018
v -0.363709 0.129023 0.056624
v -0.362853 0.129218 0.056426
v -0.361086 0.126781 0.058891
v -0.361815 0.126409 0.059268
v -0.338340 0.129023 0.056624
v -0.339196 0.129218 0.056426
v -0.338588 0.131920 0.053692
v -0.337687 0.131920 0.053692
v -0.346903 0.140837 0.044671
v -0.347181 0.140235 0.045280
v -0.351025 0.140663 0.044847
v -0.351025 0.141296 0.044207
v -0.363461 0.132873 0.054635
v -0.364703 0.132276 0.054045
v -0.364034 0.135248 0.051038
v -0.362853 0.135575 0.051901
v -0.351025 0.124130 0.063480
v -0.351025 0.122660 0.063773
v -0.355252 0.123131 0.063297
v -0.354868 0.124558 0.063047
v -0.340963 0.127734 0.059834
v -0.339958 0.126624 0.059763
v -0.342984 0.124497 0.061915
v -0.343714 0.125800 0.061790
v -0.343714 0.139946 0.047479
v -0.342984 0.140056 0.046174
v -0.339958 0.137928 0.048326
v -0.340963 0.138012 0.049435
v -0.361086 0.138012 0.049435
v -0.362091 0.137928 0.048326
v -0.359065 0.140056 0.046174
v -0.358335 0.139946 0.047479
v -0.347181 0.124558 0.063047
v -0.346798 0.123131 0.063297
v -0.358335 0.125800 0.061790
v -0.359065 0.124497 0.061915
v -0.362091 0.126624 0.059763
v -0.361086 0.127734 0.059834
v -0.339196 0.135575 0.051901
v -0.338015 0.135248 0.051038
v -0.337346 0.132276 0.054045
v -0.338588 0.132873 0.054635
v -0.354868 0.141188 0.046222
v -0.355252 0.141422 0.044792
v -0.351025 0.141892 0.044316
v -0.351025 0.141616 0.045789
v -0.362853 0.130171 0.057368
v -0.364034 0.129305 0.057051
v -0.339196 0.130171 0.057368
v -0.338015 0.129305 0.057051
v -0.347181 0.141188 0.046222
v -0.346798 0.141422 0.044792
v -0.343185 0.124335 0.061366
v -0.343714 0.124847 0.060848
v -0.347181 0.123605 0.062105
v -0.346903 0.123003 0.062714
v -0.355146 0.123003 0.062714
v -0.354868 0.123605 0.062105
v -0.358335 0.124847 0.060848
v -0.358864 0.124335 0.061366
v -0.363709 0.134817 0.050761
v -0.362853 0.134622 0.050959
v -0.361086 0.137059 0.048493
v -0.361815 0.137431 0.048117
v -0.343714 0.138993 0.046537
v -0.343185 0.139505 0.046018
v -0.340963 0.126781 0.058891
v -0.340234 0.126409 0.059268
v -0.363461 0.131920 0.053692
v -0.364362 0.131920 0.053692
v -0.351025 0.123177 0.062537
v -0.351025 0.122544 0.063178
v -0.416627 0.121427 0.063591
v -0.416627 0.113523 0.055778
v -0.412172 0.121923 0.063089
v -0.412172 0.114019 0.055277
v -0.408153 0.123362 0.061633
v -0.408153 0.115459 0.053820
v -0.404964 0.125604 0.059364
v -0.404964 0.117701 0.051552
v -0.402916 0.128429 0.056506
v -0.402916 0.120526 0.048694
v -0.402211 0.131561 0.053338
v -0.402211 0.123657 0.045526
v -0.402916 0.134693 0.050170
v -0.402916 0.126789 0.042357
v -0.404964 0.137518 0.047311
v -0.404964 0.129614 0.039499
v -0.408153 0.139760 0.045043
v -0.408153 0.131856 0.037231
v -0.412172 0.141200 0.043587
v -0.412172 0.133296 0.035774
v -0.416627 0.141696 0.043085
v -0.416627 0.133792 0.035273
v -0.421082 0.141200 0.043587
v -0.421082 0.133296 0.035774
v -0.425100 0.139760 0.045043
v -0.425100 0.131856 0.037231
v -0.428290 0.137518 0.047311
v -0.428290 0.129614 0.039499
v -0.430337 0.134693 0.050170
v -0.430337 0.126789 0.042357
v -0.431043 0.131561 0.053338
v -0.431043 0.123657 0.045526
v -0.430337 0.128429 0.056506
v -0.430337 0.120526 0.048694
v -0.428290 0.125604 0.059364
v -0.428290 0.117701 0.051552
v -0.425100 0.123362 0.061633
v -0.425100 0.115459 0.053820
v -0.421082 0.121923 0.063089
v -0.421082 0.114019 0.055277
v -0.416627 0.126620 0.063377
v -0.413347 0.126986 0.063008
v -0.410388 0.128045 0.061936
v -0.408040 0.129696 0.060266
v -0.406533 0.131776 0.058162
v -0.406013 0.134081 0.055829
v -0.406533 0.136387 0.053496
v -0.408040 0.138467 0.051392
v -0.410388 0.140118 0.049722
v -0.413347 0.141177 0.048650
v -0.416627 0.141543 0.048281
v -0.419907 0.141177 0.048650
v -0.422865 0.140118 0.049722
v -0.425213 0.138467 0.051392
v -0.426721 0.136387 0.053496
v -0.427240 0.134081 0.055829
v -0.426721 0.131776 0.058162
v -0.425213 0.129696 0.060266
v -0.422865 0.128045 0.061936
v -0.419907 0.126986 0.063008
v -0.403942 0.134817 0.050761
v -0.404799 0.134622 0.050959
v -0.406565 0.137059 0.048493
v -0.405837 0.137431 0.048117
v -0.420748 0.140837 0.044671
v -0.420470 0.140235 0.045280
v -0.423937 0.138993 0.046537
v -0.424466 0.139505 0.046018
v -0.429311 0.129023 0.056624
v -0.428455 0.129218 0.056426
v -0.426688 0.126781 0.058891
v -0.427417 0.126409 0.059268
v -0.403942 0.129023 0.056624
v -0.404799 0.129218 0.056426
v -0.404190 0.131920 0.053692
v -0.403289 0.131920 0.053692
v -0.412505 0.140837 0.044671
v -0.412784 0.140235 0.045280
v -0.416627 0.140663 0.044847
v -0.416627 0.141296 0.044207
v -0.429064 0.132873 0.054635
v -0.430305 0.132276 0.054045
v -0.429636 0.135248 0.051038
v -0.428455 0.135575 0.051901
v -0.416627 0.124130 0.063480
v -0.416627 0.122660 0.063773
v -0.420854 0.123131 0.063297
v -0.420470 0.124558 0.063047
v -0.406565 0.127734 0.059834
v -0.405560 0.126624 0.059763
v -0.408587 0.124497 0.061915
v -0.409317 0.125800 0.061790
v -0.409317 0.139946 0.047479
v -0.408587 0.140056 0.046174
v -0.405560 0.137928 0.048326
v -0.406565 0.138012 0.049436
v -0.426688 0.138012 0.049436
v -0.427693 0.137928 0.048326
v -0.424667 0.140056 0.046174
v -0.423937 0.139946 0.047479
v -0.412784 0.124558 0.063047
v -0.412400 0.123131 0.063297
v -0.423937 0.125800 0.061790
v -0.424667 0.124497 0.061915
v -0.427693 0.126624 0.059763
v -0.426688 0.127734 0.059834
v -0.404799 0.135575 0.051901
v -0.403618 0.135248 0.051038
v -0.402948 0.132276 0.054045
v -0.404190 0.132873 0.054635
v -0.420470 0.141188 0.046222
v -0.420854 0.141422 0.044792
v -0.416627 0.141892 0.044316
v -0.416627 0.141616 0.045789
v -0.428455 0.130171 0.057368
v -0.429636 0.129305 0.057051
v -0.404799 0.130171 0.057368
v -0.403618 0.129305 0.057051
v -0.412784 0.141188 0.046222
v -0.412400 0.141422 0.044792
v -0.408787 0.124335 0.061366
v -0.409317 0.124847 0.060848
v -0.412784 0.123605 0.062105
v -0.412505 0.123003 0.062714
v -0.420748 0.123003 0.062714
v -0.420470 0.123605 0.062105
v -0.423937 0.124847 0.060848
v -0.424466 0.124335 0.061366
v -0.429311 0.134817 0.050761
v -0.428455 0.134622 0.050959
v -0.426688 0.137059 0.048493
v -0.427417 0.137431 0.048117
v -0.409317 0.138993 0.046537
v -0.408787 0.139505 0.046018
v -0.406565 0.126781 0.058891
v -0.405837 0.126409 0.059268
v -0.429064 0.131920 0.053692
v -0.429964 0.131920 0.053692
v -0.416627 0.123177 0.062538
v -0.416627 0.122544 0.063178
v -0.482229 0.121427 0.063591
v -0.482229 0.113523 0.055778
v -0.477774 0.121923 0.063089
v -0.477774 0.114019 0.055277
v -0.473755 0.123362 0.061633
v -0.473755 0.115459 0.053820
v -0.470566 0.125604 0.059364
v -0.470566 0.117701 0.051552
v -0.468518 0.128429 0.056506
v -0.468518 0.120526 0.048694
v -0.467813 0.131561 0.053338
v -0.467813 0.123657 0.045526
v -0.468518 0.134693 0.050170
v -0.468518 0.126789 0.042357
v -0.470566 0.137518 0.047311
v -0.470566 0.129614 0.039499
v -0.473755 0.139760 0.045043
v -0.473755 0.131856 0.037231
v -0.477774 0.141200 0.043587
v -0.477774 0.133296 0.035774
v -0.482229 0.141696 0.043085
v -0.482229 0.133792 0.035273
v -0.486684 0.141200 0.043587
v -0.486684 0.133296 0.035774
v -0.490703 0.139760 0.045043
v -0.490703 0.131856 0.037231
v -0.493892 0.137518 0.047311
v -0.493892 0.129614 0.039499
v -0.495940 0.134693 0.050170
v -0.495940 0.126789 0.042357
v -0.496645 0.131561 0.053338
v -0.496645 0.123657 0.045526
v -0.495940 0.128429 0.056506
v -0.495940 0.120526 0.048694
v -0.493892 0.125604 0.059364
v -0.493892 0.117701 0.051552
v -0.490703 0.123362 0.061633
v -0.490703 0.115459 0.053820
v -0.486684 0.121923 0.063089
v -0.486684 0.114019 0.055277
v -0.482229 0.126620 0.063377
v -0.478949 0.126986 0.063008
v -0.475991 0.128045 0.061936
v -0.473642 0.129696 0.060266
v -0.472135 0.131776 0.058162
v -0.471616 0.134081 0.055829
v -0.472135 0.136387 0.053496
v -0.473642 0.138467 0.051392
v -0.475991 0.140118 0.049722
v -0.478949 0.141177 0.048650
v -0.482229 0.141543 0.048281
v -0.485509 0.141177 0.048650
v -0.488467 0.140118 0.049722
v -0.490815 0.138467 0.051392
v -0.492323 0.136387 0.053496
v -0.492842 0.134081 0.055829
v -0.492323 0.131776 0.058162
v -0.490815 0.129696 0.060266
v -0.488467 0.128045 0.061936
v -0.485509 0.126986 0.063008
v -0.469544 0.134817 0.050761
v -0.470401 0.134622 0.050959
v -0.472167 0.137059 0.048493
v -0.471439 0.137431 0.048117
v -0.486350 0.140837 0.044671
v -0.486072 0.140235 0.045280
v -0.489539 0.138993 0.046537
v -0.490068 0.139505 0.046018
v -0.494913 0.129023 0.056624
v -0.494057 0.129218 0.056426
v -0.492291 0.126781 0.058891
v -0.493019 0.126409 0.059268
v -0.469544 0.129023 0.056624
v -0.470401 0.129218 0.056426
v -0.469792 0.131920 0.053692
v -0.468892 0.131920 0.053692
v -0.478107 0.140837 0.044671
v -0.478386 0.140235 0.045280
v -0.482229 0.140663 0.044847
v -0.482229 0.141296 0.044207
v -0.494666 0.132873 0.054635
v -0.495908 0.132276 0.054045
v -0.495238 0.135248 0.051038
v -0.494057 0.135575 0.051901
v -0.482229 0.124130 0.063480
v -0.482229 0.122660 0.063773
v -0.486456 0.123131 0.063297
v -0.486072 0.124558 0.063047
v -0.472167 0.127734 0.059834
v -0.471163 0.126624 0.059763
v -0.474189 0.124497 0.061915
v -0.474919 0.125800 0.061790
v -0.474919 0.139946 0.047479
v -0.474189 0.140056 0.046174
v -0.471163 0.137928 0.048326
v -0.472167 0.138012 0.049436
v -0.492291 0.138012 0.049436
v -0.493295 0.137928 0.048326
v -0.490269 0.140056 0.046174
v -0.489539 0.139946 0.047479
v -0.478386 0.124558 0.063047
v -0.478002 0.123131 0.063297
v -0.489539 0.125800 0.061790
v -0.490269 0.124497 0.061915
v -0.493295 0.126624 0.059763
v -0.492291 0.127734 0.059834
v -0.470401 0.135575 0.051901
v -0.469220 0.135248 0.051038
v -0.468550 0.132276 0.054045
v -0.469792 0.132873 0.054635
v -0.486072 0.141188 0.046222
v -0.486456 0.141422 0.044792
v -0.482229 0.141892 0.044316
v -0.482229 0.141616 0.045789
v -0.494057 0.130171 0.057368
v -0.495238 0.129305 0.057051
v -0.470401 0.130171 0.057368
v -0.469220 0.129305 0.057051
v -0.478386 0.141188 0.046222
v -0.478002 0.141422 0.044792
v -0.474389 0.124335 0.061366
v -0.474919 0.124847 0.060848
v -0.478386 0.123605 0.062105
v -0.478107 0.123003 0.062714
v -0.486350 0.123003 0.062714
v -0.486072 0.123605 0.062105
v -0.489539 0.124847 0.060848
v -0.490068 0.124335 0.061366
v -0.494913 0.134817 0.050761
v -0.494057 0.134622 0.050959
v -0.492291 0.137059 0.048493
v -0.493019 0.137431 0.048117
v -0.474919 0.138993 0.046537
v -0.474389 0.139505 0.046018
v -0.472167 0.126781 0.058891
v -0.471439 0.126409 0.059268
v -0.494666 0.131920 0.053692
v -0.495566 0.131920 0.053692
v -0.482229 0.123177 0.062538
v -0.482229 0.122544 0.063178
v -0.351025 0.121427 -0.063591
v -0.351025 0.113523 -0.055778
v -0.346570 0.121923 -0.063089
v -0.346570 0.114019 -0.055277
v -0.342551 0.123362 -0.061633
v -0.342551 0.115459 -0.053820
v -0.339362 0.125604 -0.059364
v -0.339362 0.117701 -0.051552
v -0.337314 0.128429 -0.056506
v -0.337314 0.120526 -0.048694
v -0.336608 0.131561 -0.053338
v -0.336608 0.123657 -0.045526
v -0.337314 0.134693 -0.050170
v -0.337314 0.126789 -0.042357
v -0.339362 0.137518 -0.047311
v -0.339362 0.129614 -0.039499
v -0.342551 0.139760 -0.045043
v -0.342551 0.131856 -0.037231
v -0.346570 0.141200 -0.043587
v -0.346570 0.133296 -0.035774
v -0.351025 0.141696 -0.043085
v -0.351025 0.133792 -0.035273
v -0.355479 0.141200 -0.043587
v -0.355479 0.133296 -0.035774
v -0.359498 0.139760 -0.045043
v -0.359498 0.131856 -0.037231
v -0.362688 0.137518 -0.047311
v -0.362688 0.129614 -0.039499
v -0.364735 0.134693 -0.050170
v -0.364735 0.126789 -0.042357
v -0.365441 0.131561 -0.053338
v -0.365441 0.123657 -0.045526
v -0.364735 0.128429 -0.056506
v -0.364735 0.120526 -0.048694
v -0.362688 0.125604 -0.059364
v -0.362688 0.117701 -0.051552
v -0.359498 0.123362 -0.061633
v -0.359498 0.115459 -0.053820
v -0.355479 0.121923 -0.063089
v -0.355479 0.114019 -0.055277
v -0.351025 0.126620 -0.063377
v -0.347745 0.126985 -0.063008
v -0.344786 0.128045 -0.061936
v -0.342438 0.129696 -0.060266
v -0.340931 0.131776 -0.058162
v -0.340411 0.134081 -0.055829
v -0.340931 0.136387 -0.053496
v -0.342438 0.138467 -0.051392
v -0.344786 0.140118 -0.049722
v -0.347745 0.141177 -0.048650
v -0.351025 0.141543 -0.048281
v -0.354304 0.141177 -0.048650
v -0.357263 0.140118 -0.049722
v -0.359611 0.138467 -0.051392
v -0.361118 0.136387 -0.053496
v -0.361638 0.134081 -0.055829
v -0.361118 0.131776 -0.058162
v -0.359611 0.129696 -0.060266
v -0.357263 0.128045 -0.061936
v -0.354304 0.126985 -0.063008
v -0.338340 0.134817 -0.050761
v -0.339196 0.134622 -0.050959
v -0.340963 0.137059 -0.048493
v -0.340234 0.137431 -0.048117
v -0.355146 0.140837 -0.044671
v -0.354868 0.140235 -0.045280
v -0.358335 0.138993 -0.046537
v -0.358864 0.139505 -0.046018
v -0.363709 0.129022 -0.056624
v -0.362853 0.129218 -0.056426
v -0.361086 0.126781 -0.058891
v -0.361815 0.126409 -0.059268
v -0.338340 0.129022 -0.056624
v -0.339196 0.129218 -0.056426
v -0.338588 0.131920 -0.053692
v -0.337687 0.131920 -0.053692
v -0.346903 0.140837 -0.044671
v -0.347181 0.140235 -0.045280
v -0.351025 0.140663 -0.044847
v -0.351025 0.141296 -0.044207
v -0.363461 0.132873 -0.054635
v -0.364703 0.132276 -0.054045
v -0.364034 0.135248 -0.051038
v -0.362853 0.135575 -0.051901
v -0.351025 0.124130 -0.063480
v -0.351025 0.122660 -0.063773
v -0.355252 0.123131 -0.063297
v -0.354868 0.124558 -0.063047
v -0.340963 0.127734 -0.059834
v -0.339958 0.126624 -0.059763
v -0.342984 0.124497 -0.061915
v -0.343714 0.125800 -0.061790
v -0.343714 0.139946 -0.047479
v -0.342984 0.140056 -0.046174
v -0.339958 0.137928 -0.048326
v -0.340963 0.138012 -0.049436
v -0.361086 0.138012 -0.049436
v -0.362091 0.137928 -0.048326
v -0.359065 0.140056 -0.046174
v -0.358335 0.139946 -0.047479
v -0.347181 0.124558 -0.063047
v -0.346798 0.123131 -0.063297
v -0.358335 0.125800 -0.061790
v -0.359065 0.124497 -0.061915
v -0.362091 0.126624 -0.059763
v -0.361086 0.127734 -0.059834
v -0.339196 0.135575 -0.051901
v -0.338015 0.135248 -0.051038
v -0.337346 0.132276 -0.054045
v -0.338588 0.132873 -0.054635
v -0.354868 0.141188 -0.046222
v -0.355252 0.141422 -0.044792
v -0.351025 0.141892 -0.044316
v -0.351025 0.141616 -0.045789
v -0.362853 0.130171 -0.057368
v -0.364034 0.129305 -0.057051
v -0.339196 0.130171 -0.057368
v -0.338015 0.129305 -0.057051
v -0.347181 0.141188 -0.046222
v -0.346798 0.141422 -0.044792
v -0.343185 0.124335 -0.061366
v -0.343714 0.124847 -0.060848
v -0.347181 0.123605 -0.062105
v -0.346903 0.123003 -0.062714
v -0.355146 0.123003 -0.062714
v -0.354868 0.123605 -0.062105
v -0.358335 0.124847 -0.060848
v -0.358864 0.124335 -0.061366
v -0.363709 0.134817 -0.050761
v -0.362853 0.134622 -0.050959
v -0.361086 0.137059 -0.048493
v -0.361815 0.137431 -0.048117
v -0.343714 0.138993 -0.046537
v -0.343185 0.139505 -0.046018
v -0.340963 0.126781 -0.058891
v -0.340234 0.126409 -0.059268
v -0.363461 0.131920 -0.053692
v -0.364362 0.131920 -0.053692
v -0.351025 0.123177 -0.062538
v -0.351025 0.122544 -0.063178
v -0.416627 0.121427 -0.063591
v -0.416627 0.113523 -0.055778
v -0.412172 0.121923 -0.063089
v -0.412172 0.114019 -0.055277
v -0.408153 0.123362 -0.061633
v -0.408153 0.115459 -0.053820
v -0.404964 0.125604 -0.059364
v -0.404964 0.117701 -0.051552
v -0.402916 0.128429 -0.056506
v -0.402916 0.120526 -0.048694
v -0.402211 0.131561 -0.053338
v -0.402211 0.123657 -0.045526
v -0.402916 0.134693 -0.050170
v -0.402916 0.126789 -0.042357
v -0.404964 0.137518 -0.047311
v -0.404964 0.129614 -0.039499
v -0.408153 0.139760 -0.045043
v -0.408153 0.131856 -0.037231
v -0.412172 0.141200 -0.043587
v -0.412172 0.133296 -0.035775
v -0.416627 0.141696 -0.043085
v -0.416627 0.133792 -0.035273
v -0.421082 0.141200 -0.043587
v -0.421082 0.133296 -0.035775
v -0.425100 0.139760 -0.045043
v -0.425100 0.131856 -0.037231
v -0.428290 0.137518 -0.047311
v -0.428290 0.129614 -0.039499
v -0.430337 0.134693 -0.050170
v -0.430337 0.126789 -0.042357
v -0.431043 0.131561 -0.053338
v -0.431043 0.123657 -0.045526
v -0.430337 0.128429 -0.056506
v -0.430337 0.120526 -0.048694
v -0.428290 0.125604 -0.059364
v -0.428290 0.117701 -0.051552
v -0.425100 0.123362 -0.061633
v -0.425100 0.115459 -0.053820
v -0.421082 0.121923 -0.063089
v -0.421082 0.114019 -0.055277
v -0.416627 0.126620 -0.063377
v -0.413347 0.126985 -0.063008
v -0.410388 0.128045 -0.061936
v -0.408040 0.129696 -0.060266
v -0.406533 0.131776 -0.058162
v -0.406013 0.134081 -0.055829
v -0.406533 0.136387 -0.053497
v -0.408040 0.138467 -0.051392
v -0.410388 0.140118 -0.049722
v -0.413347 0.141177 -0.048650
v -0.416627 0.141543 -0.048281
v -0.419907 0.141177 -0.048650
v -0.422865 0.140118 -0.049722
v -0.425213 0.138467 -0.051392
v -0.426721 0.136387 -0.053497
v -0.427240 0.134081 -0.055829
v -0.426721 0.131776 -0.058162
v -0.425213 0.129696 -0.060266
v -0.422865 0.128045 -0.061936
v -0.419907 0.126985 -0.063008
v -0.403942 0.134817 -0.050761
v -0.404799 0.134622 -0.050959
v -0.406565 0.137059 -0.048493
v -0.405837 0.137431 -0.048117
v -0.420748 0.140837 -0.044671
v -0.420470 0.140235 -0.045280
v -0.423937 0.138993 -0.046537
v -0.424466 0.139505 -0.046018
v -0.429311 0.129022 -0.056624
v -0.428455 0.129218 -0.056426
v -0.426688 0.126781 -0.058891
v -0.427417 0.126409 -0.059268
v -0.403942 0.129022 -0.056624
v -0.404799 0.129218 -0.056426
v -0.404190 0.131920 -0.053692
v -0.403289 0.131920 -0.053692
v -0.412505 0.140837 -0.044671
v -0.412784 0.140235 -0.045280
v -0.416627 0.140663 -0.044847
v -0.416627 0.141296 -0.044207
v -0.429064 0.132873 -0.054635
v -0.430305 0.132276 -0.054045
v -0.429636 0.135248 -0.051038
v -0.428455 0.135575 -0.051901
v -0.416627 0.124130 -0.063480
v -0.416627 0.122660 -0.063773
v -0.420854 0.123131 -0.063297
v -0.420470 0.124558 -0.063047
v -0.406565 0.127734 -0.059834
v -0.405560 0.126624 -0.059763
v -0.408587 0.124497 -0.061915
v -0.409317 0.125800 -0.061790
v -0.409317 0.139946 -0.047479
v -0.408587 0.140056 -0.046174
v -0.405560 0.137928 -0.048327
v -0.406565 0.138012 -0.049436
v -0.426688 0.138012 -0.049436
v -0.427693 0.137928 -0.048327
v -0.424667 0.140056 -0.046174
v -0.423937 0.139946 -0.047479
v -0.412784 0.124558 -0.063047
v -0.412400 0.123131 -0.063297
v -0.423937 0.125800 -0.061790
v -0.424667 0.124497 -0.061915
v -0.427693 0.126624 -0.059763
v -0.426688 0.127734 -0.059834
v -0.404799 0.135575 -0.051901
v -0.403618 0.135248 -0.051038
v -0.402948 0.132276 -0.054045
v -0.404190 0.132873 -0.054635
v -0.420470 0.141188 -0.046222
v -0.420854 0.141422 -0.044792
v -0.416627 0.141892 -0.044316
v -0.416627 0.141616 -0.045789
v -0.428455 0.130171 -0.057368
v -0.429636 0.129305 -0.057051
v -0.404799 0.130171 -0.057368
v -0.403618 0.129305 -0.057051
v -0.412784 0.141188 -0.046222
v -0.412400 0.141422 -0.044792
v -0.408787 0.124335 -0.061366
v -0.409317 0.124847 -0.060848
v -0.412784 0.123605 -0.062105
v -0.412505 0.123003 -0.062714
v -0.420748 0.123003 -0.062714
v -0.420470 0.123605 -0.062105
v -0.423937 0.124847 -0.060848
v -0.424466 0.124335 -0.061366
v -0.429311 0.134817 -0.050761
v -0.428455 0.134622 -0.050959
v -0.426688 0.137059 -0.048493
v -0.427417 0.137431 -0.048117
v -0.409317 0.138993 -0.046537
v -0.408787 0.139505 -0.046018
v -0.406565 0.126781 -0.058891
v -0.405837 0.126409 -0.059268
v -0.429064 0.131920 -0.053692
v -0.429964 0.131920 -0.053692
v -0.416627 0.123177 -0.062538
v -0.416627 0.122544 -0.063178
v -0.482229 0.121427 -0.063591
v -0.482229 0.113523 -0.055778
v -0.477774 0.121923 -0.063089
v -0.477774 0.114019 -0.055277
v -0.473755 0.123362 -0.061633
v -0.473755 0.115459 -0.053820
v -0.470566 0.125604 -0.059364
v -0.470566 0.117701 -0.051552
v -0.468518 0.128429 -0.056506
v -0.468518 0.120526 -0.048694
v -0.467813 0.131561 -0.053338
v -0.467813 0.123657 -0.045526
v -0.468518 0.134693 -0.050170
v -0.468518 0.126789 -0.042357
v -0.470566 0.137518 -0.047311
v -0.470566 0.129614 -0.039499
v -0.473755 0.139760 -0.045043
v -0.473755 0.131856 -0.037231
v -0.477774 0.141200 -0.043587
v -0.477774 0.133296 -0.035775
v -0.482229 0.141696 -0.043085
v -0.482229 0.133792 -0.035273
v -0.486684 0.141200 -0.043587
v -0.486684 0.133296 -0.035775
v -0.490703 0.139760 -0.045043
v -0.490703 0.131856 -0.037231
v -0.493892 0.137518 -0.047311
v -0.493892 0.129614 -0.039499
v -0.495940 0.134693 -0.050170
v -0.495940 0.126789 -0.042357
v -0.496645 0.131561 -0.053338
v -0.496645 0.123657 -0.045526
v -0.495940 0.128429 -0.056506
v -0.495940 0.120526 -0.048694
v -0.493892 0.125604 -0.059364
v -0.493892 0.117701 -0.051552
v -0.490703 0.123362 -0.061633
v -0.490703 0.115459 -0.053820
v -0.486684 0.121923 -0.063089
v -0.486684 0.114019 -0.055277
v -0.482229 0.126620 -0.063377
v -0.478949 0.126985 -0.063008
v -0.475991 0.128045 -0.061936
v -0.473642 0.129696 -0.060266
v -0.472135 0.131776 -0.058162
v -0.471616 0.134081 -0.055829
v -0.472135 0.136387 -0.053497
v -0.473642 0.138467 -0.051392
v -0.475991 0.140118 -0.049722
v -0.478949 0.141177 -0.048650
v -0.482229 0.141543 -0.048281
v -0.485509 0.141177 -0.048650
v -0.488467 0.140118 -0.049722
v -0.490815 0.138467 -0.051392
v -0.492323 0.136387 -0.053497
v -0.492842 0.134081 -0.055829
v -0.492323 0.131776 -0.058162
v -0.490815 0.129696 -0.060266
v -0.488467 0.128045 -0.061936
v -0.485509 0.126985 -0.063008
v -0.469544 0.134817 -0.050761
v -0.470401 0.134622 -0.050959
v -0.472167 0.137059 -0.048493
v -0.471439 0.137431 -0.048117
v -0.486350 0.140837 -0.044671
v -0.486072 0.140235 -0.045280
v -0.489539 0.138993 -0.046537
v -0.490068 0.139505 -0.046018
v -0.494913 0.129022 -0.056624
v -0.494057 0.129218 -0.056426
v -0.492291 0.126781 -0.058891
v -0.493019 0.126409 -0.059268
v -0.469544 0.129022 -0.056624
v -0.470401 0.129218 -0.056426
v -0.469792 0.131920 -0.053692
v -0.468892 0.131920 -0.053692
v -0.478107 0.140837 -0.044671
v -0.478386 0.140235 -0.045280
v -0.482229 0.140663 -0.044847
v -0.482229 0.141296 -0.044207
v -0.494666 0.132873 -0.054635
v -0.495908 0.132276 -0.054045
v -0.495238 0.135248 -0.051038
v -0.494057 0.135575 -0.051901
v -0.482229 0.124130 -0.063480
v -0.482229 0.122660 -0.063773
v -0.486456 0.123131 -0.063297
v -0.486072 0.124558 -0.063047
v -0.472167 0.127734 -0.059834
v -0.471163 0.126624 -0.059763
v -0.474189 0.124497 -0.061915
v -0.474919 0.125800 -0.061790
v -0.474919 0.139946 -0.047479
v -0.474189 0.140056 -0.046174
v -0.471163 0.137928 -0.048327
v -0.472167 0.138012 -0.049436
v -0.492291 0.138012 -0.049436
v -0.493295 0.137928 -0.048327
v -0.490269 0.140056 -0.046174
v -0.489539 0.139946 -0.047479
v -0.478386 0.124558 -0.063047
v -0.478002 0.123131 -0.063297
v -0.489539 0.125800 -0.061790
v -0.490269 0.124497 -0.061915
v -0.493295 0.126624 -0.059763
v -0.492291 0.127734 -0.059834
v -0.470401 0.135575 -0.051901
v -0.469220 0.135248 -0.051038
v -0.468550 0.132276 -0.054045
v -0.469792 0.132873 -0.054635
v -0.486072 0.141188 -0.046222
v -0.486456 0.141422 -0.044792
v -0.482229 0.141892 -0.044316
v -0.482229 0.141616 -0.045789
v -0.494057 0.130171 -0.057368
v -0.495238 0.129305 -0.057051
v -0.470401 0.130171 -0.057368
v -0.469220 0.129305 -0.057051
v -0.478386 0.141188 -0.046222
v -0.478002 0.141422 -0.044792
v -0.474389 0.124335 -0.061366
v -0.474919 0.124847 -0.060848
v -0.478386 0.123605 -0.062105
v -0.478107 0.123003 -0.062714
v -0.486350 0.123003 -0.062714
v -0.486072 0.123605 -0.062105
v -0.489539 0.124847 -0.060848
v -0.490068 0.124335 -0.061366
v -0.494913 0.134817 -0.050761
v -0.494057 0.134622 -0.050959
v -0.492291 0.137059 -0.048493
v -0.493019 0.137431 -0.048117
v -0.474919 0.138993 -0.046537
v -0.474389 0.139505 -0.046018
v -0.472167 0.126781 -0.058891
v -0.471439 0.126409 -0.059268
v -0.494666 0.131920 -0.053692
v -0.495566 0.131920 -0.053692
v -0.482229 0.123177 -0.062538
v -0.482229 0.122544 -0.063178
v -0.125254 0.111333 0.045788
v -0.136723 0.132092 0.025273
v -0.136723 0.132092 -0.000000
v -0.097201 0.060544 -0.000000
v -0.091215 0.111333 0.045788
v -0.102684 0.132092 0.025273
v -0.102684 0.132092 -0.000000
v -0.089544 0.060544 -0.000000
v -0.075918 0.083637 -0.000000
v -0.113185 0.132092 -0.000000
v -0.109857 0.132092 -0.000000
v -0.079666 0.077285 -0.000000
v -0.081386 0.074369 -0.000000
v -0.101756 0.111333 0.045788
v -0.098414 0.111333 0.045788
v -0.109854 0.132092 0.025273
v -0.113188 0.132092 0.025273
v -0.097201 0.060544 0.041157
v -0.099758 0.065174 0.045788
v -0.078516 0.088343 0.045788
v -0.075917 0.083637 0.041157
v -0.092188 0.065174 0.045788
v -0.089544 0.060544 0.041157
v -0.079664 0.077288 0.041157
v -0.082259 0.082000 0.045788
v -0.083984 0.079077 0.045788
v -0.081388 0.074366 0.041157
v -0.081519 0.076045 -0.000000
v -0.080240 0.078212 -0.000000
v -0.109263 0.130902 0.025314
v -0.111740 0.130902 0.025314
v -0.100748 0.110945 0.045036
v -0.098265 0.110945 0.045036
v -0.109266 0.130902 -0.000000
v -0.111739 0.130902 -0.000000
v -0.080239 0.078215 0.040585
v -0.082734 0.082745 0.045036
v -0.084015 0.080573 0.045036
v -0.081520 0.076043 0.040585
v -0.125254 0.111333 -0.045788
v -0.136723 0.132092 -0.025273
v -0.091215 0.111333 -0.045788
v -0.102684 0.132092 -0.025273
v -0.101756 0.111333 -0.045788
v -0.098414 0.111333 -0.045788
v -0.109854 0.132092 -0.025273
v -0.113188 0.132092 -0.025273
v -0.097201 0.060544 -0.041157
v -0.099758 0.065174 -0.045788
v -0.078516 0.088343 -0.045788
v -0.075917 0.083637 -0.041157
v -0.092188 0.065174 -0.045788
v -0.089544 0.060544 -0.041157
v -0.079664 0.077288 -0.041157
v -0.082259 0.082000 -0.045788
v -0.083984 0.079077 -0.045788
v -0.081388 0.074366 -0.041157
v -0.109263 0.130902 -0.025314
v -0.111740 0.130902 -0.025314
v -0.100748 0.110945 -0.045036
v -0.098265 0.110945 -0.045036
v -0.080239 0.078214 -0.040585
v -0.082734 0.082745 -0.045036
v -0.084015 0.080573 -0.045036
v -0.081520 0.076043 -0.040585
v -0.472148 0.060280 -0.000000
v -0.472148 0.060280 0.020507
v -0.447897 0.005634 -0.000000
v -0.478325 0.040106 -0.000000
v -0.478325 0.040106 0.020507
v -0.407305 0.060280 0.020507
v -0.429360 0.004860 -0.000000
v -0.414641 0.021556 -0.000000
v -0.460583 0.020006 0.020507
v -0.447897 0.005634 0.005243
v -0.454240 0.012820 0.018462
v -0.449596 0.007559 0.012875
v -0.429360 0.004860 0.005243
v -0.415078 0.021060 0.020507
v -0.427446 0.007030 0.012875
v -0.422219 0.012960 0.018462
v -0.224077 0.038224 0.020507
v -0.217066 0.050839 0.020507
v -0.216770 0.051151 -0.000000
v -0.223385 0.038952 -0.000000
v -0.397321 0.040018 0.020507
v -0.408114 0.029513 0.020507
v -0.418264 0.040018 0.020507
v -0.407793 0.050490 0.020507
v -0.407472 0.030242 -0.000000
v -0.397321 0.040747 -0.000000
v -0.471544 0.060280 -0.000000
v -0.471544 0.060280 0.016167
v -0.448788 0.008031 -0.000000
v -0.477340 0.039170 -0.000000
v -0.477340 0.039170 0.016168
v -0.460692 0.021014 0.016168
v -0.448788 0.008031 0.001845
v -0.454740 0.014523 0.014249
v -0.450383 0.009771 0.009006
v -0.482957 0.060280 -0.000000
v -0.482957 0.060280 0.016168
v -0.460200 0.004981 -0.000000
v -0.488753 0.036120 -0.000000
v -0.488753 0.036120 0.016168
v -0.466153 0.011472 0.014249
v -0.472105 0.017964 0.016168
v -0.461795 0.006720 0.009006
v -0.460200 0.004981 0.001845
v -0.472148 0.060280 -0.020507
v -0.478325 0.040106 -0.020507
v -0.407305 0.060280 -0.020507
v -0.460583 0.020006 -0.020507
v -0.447897 0.005634 -0.005243
v -0.454240 0.012820 -0.018462
v -0.449596 0.007559 -0.012875
v -0.429360 0.004860 -0.005243
v -0.415078 0.021060 -0.020507
v -0.427446 0.007030 -0.012875
v -0.422219 0.012960 -0.018462
v -0.224077 0.038224 -0.020507
v -0.217066 0.050839 -0.020507
v -0.397321 0.040018 -0.020507
v -0.408114 0.029513 -0.020507
v -0.418264 0.040018 -0.020507
v -0.407793 0.050490 -0.020507
v -0.471544 0.060280 -0.016168
v -0.477340 0.039170 -0.016168
v -0.460692 0.021014 -0.016168
v -0.448788 0.008031 -0.001845
v -0.454740 0.014523 -0.014249
v -0.450383 0.009771 -0.009006
v -0.482957 0.060280 -0.016168
v -0.488753 0.036120 -0.016168
v -0.466153 0.011472 -0.014249
v -0.472105 0.017964 -0.016168
v -0.461795 0.006720 -0.009006
v -0.460200 0.004981 -0.001845
v -0.082083 0.039919 0.005604
v -0.082083 0.039919 -0.000000
v -0.102841 0.033149 0.005604
v -0.102841 0.033149 -0.000000
v -0.081207 -0.004013 0.005604
v -0.081207 -0.004013 0.000000
v -0.084559 -0.005531 0.000000
v -0.084559 -0.005531 0.005604
v -0.085900 -0.001418 0.000000
v -0.085900 -0.001418 0.005604
v -0.076326 0.001735 0.005604
v -0.076326 0.001735 -0.000000
v -0.089056 -0.006998 0.000000
v -0.089056 -0.006998 0.005604
v -0.089746 -0.004884 0.000000
v -0.089746 -0.004884 0.005604
v -0.095245 0.027237 0.005604
v -0.079610 0.032336 0.005604
v -0.095245 0.027237 -0.000000
v -0.089095 0.008379 -0.000000
v -0.089095 0.008379 0.005604
v -0.078933 0.011705 0.005604
v -0.078933 0.011705 -0.000000
v -0.053298 0.039919 0.005604
v -0.053298 0.039919 -0.000000
v -0.053298 0.032336 0.005604
v -0.053298 0.032336 -0.000000
v -0.053298 0.013478 0.005604
v -0.053298 0.013478 -0.000000
v -0.082083 0.039919 -0.005604
v -0.102841 0.033149 -0.005604
v -0.081207 -0.004013 -0.005604
v -0.084559 -0.005531 -0.005604
v -0.085900 -0.001418 -0.005604
v -0.076326 0.001735 -0.005604
v -0.089056 -0.006998 -0.005604
v -0.089746 -0.004884 -0.005604
v -0.095245 0.027237 -0.005604
v -0.079610 0.032336 -0.005604
v -0.089095 0.008379 -0.005604
v -0.078933 0.011705 -0.005604
v -0.053298 0.039919 -0.005604
v -0.053298 0.032336 -0.005604
v -0.053298 0.013478 -0.005604
v -0.011195 0.033310 0.020116
v -0.008667 0.035890 0.013690
v -0.012460 0.034137 0.020116
v -0.011113 0.037488 0.013690
v -0.013946 0.034417 0.020116
v -0.013983 0.038028 0.013690
v -0.015425 0.034107 0.020116
v -0.016842 0.037429 0.013690
v -0.016674 0.033254 0.020116
v -0.019254 0.035781 0.013690
v -0.017780 0.030503 0.020116
v -0.018711 0.030493 0.017825
v -0.016617 0.027775 0.020116
v -0.017269 0.027110 0.017825
v -0.013866 0.026668 0.020116
v -0.013857 0.025737 0.017825
v -0.011138 0.027831 0.020116
v -0.008558 0.025304 0.013690
v -0.010311 0.029097 0.020116
v -0.006961 0.027749 0.013690
v -0.010032 0.030583 0.020116
v -0.006420 0.030620 0.013690
v -0.010342 0.032062 0.020116
v -0.007020 0.033479 0.013690
v -0.013928 0.030520 0.020113
v 0.012335 0.010260 0.020116
v 0.014862 0.012840 0.013690
v 0.011069 0.011087 0.020116
v 0.012417 0.014438 0.013690
v 0.009584 0.011367 0.020116
v 0.009547 0.014978 0.013690
v 0.008104 0.011057 0.020116
v 0.006688 0.014379 0.013690
v 0.006856 0.010204 0.020116
v 0.004276 0.012731 0.013690
v 0.005750 0.007453 0.020116
v 0.004819 0.007443 0.017825
v 0.006912 0.004725 0.020116
v 0.006261 0.004060 0.017825
v 0.009664 0.003619 0.020116
v 0.009673 0.002688 0.017825
v 0.012391 0.004781 0.020116
v 0.014971 0.002254 0.013690
v 0.013218 0.006047 0.020116
v 0.016569 0.004699 0.013690
v 0.013498 0.007533 0.020116
v 0.017109 0.007570 0.013690
v 0.013188 0.009012 0.020116
v 0.016510 0.010429 0.013690
v 0.009602 0.007470 0.020113
v 0.035865 -0.012790 0.020116
v 0.038392 -0.010210 0.013690
v 0.034599 -0.011963 0.020116
v 0.035947 -0.008612 0.013690
v 0.033113 -0.011683 0.020116
v 0.033076 -0.008072 0.013690
v 0.031634 -0.011993 0.020116
v 0.030218 -0.008671 0.013690
v 0.030386 -0.012846 0.020116
v 0.027806 -0.010319 0.013690
v 0.029279 -0.015597 0.020116
v 0.028348 -0.015607 0.017825
v 0.030442 -0.018325 0.020116
v 0.029791 -0.018990 0.017825
v 0.033193 -0.019431 0.020116
v 0.033203 -0.020362 0.017825
v 0.035921 -0.018269 0.020116
v 0.038501 -0.020796 0.013690
v 0.036748 -0.017003 0.020116
v 0.040099 -0.018351 0.013690
v 0.037028 -0.015517 0.020116
v 0.040639 -0.015480 0.013690
v 0.036717 -0.014038 0.020116
v 0.040040 -0.012621 0.013690
v 0.033131 -0.015580 0.020113
v -0.462560 0.114329 0.063994
v -0.462560 0.116412 0.057657
v -0.463675 0.114107 0.063994
v -0.464715 0.115984 0.057657
v -0.464621 0.113475 0.063994
v -0.466542 0.114763 0.057657
v -0.465253 0.112529 0.063994
v -0.467763 0.112936 0.057657
v -0.465474 0.111414 0.063994
v -0.468191 0.110781 0.057657
v -0.464621 0.109353 0.063994
v -0.465116 0.108225 0.060767
v -0.462560 0.108499 0.063994
v -0.462560 0.107166 0.060767
v -0.460499 0.109353 0.063994
v -0.460004 0.108225 0.060767
v -0.459645 0.111414 0.063994
v -0.456928 0.110781 0.057657
v -0.459867 0.112529 0.063994
v -0.457357 0.112936 0.057657
v -0.460499 0.113475 0.063994
v -0.458578 0.114763 0.057657
v -0.461444 0.114107 0.063994
v -0.460405 0.115984 0.057657
v -0.462560 0.111390 0.063992
v -0.399486 0.114329 0.063994
v -0.399486 0.116412 0.057657
v -0.400602 0.114107 0.063994
v -0.401641 0.115984 0.057657
v -0.401547 0.113475 0.063994
v -0.403468 0.114763 0.057657
v -0.402179 0.112529 0.063994
v -0.404689 0.112936 0.057657
v -0.402401 0.111414 0.063994
v -0.405118 0.110781 0.057657
v -0.401547 0.109353 0.063994
v -0.402042 0.108225 0.060767
v -0.399486 0.108499 0.063994
v -0.399486 0.107166 0.060767
v -0.397425 0.109353 0.063994
v -0.396930 0.108225 0.060767
v -0.396572 0.111414 0.063994
v -0.393855 0.110781 0.057657
v -0.396793 0.112529 0.063994
v -0.394283 0.112936 0.057657
v -0.397425 0.113475 0.063994
v -0.395504 0.114763 0.057657
v -0.398371 0.114107 0.063994
v -0.397331 0.115984 0.057657
v -0.399486 0.111390 0.063992
v -0.336413 0.114329 0.063994
v -0.336413 0.116412 0.057657
v -0.337528 0.114107 0.063994
v -0.338568 0.115984 0.057657
v -0.338473 0.113475 0.063994
v -0.340395 0.114763 0.057657
v -0.339105 0.112529 0.063994
v -0.341615 0.112936 0.057657
v -0.339327 0.111414 0.063994
v -0.342044 0.110781 0.057657
v -0.338473 0.109353 0.063994
v -0.338969 0.108225 0.060767
v -0.336413 0.108499 0.063994
v -0.336413 0.107166 0.060767
v -0.334352 0.109353 0.063994
v -0.333856 0.108225 0.060767
v -0.333498 0.111414 0.063994
v -0.330781 0.110781 0.057657
v -0.333720 0.112529 0.063994
v -0.331210 0.112936 0.057657
v -0.334352 0.113475 0.063994
v -0.332430 0.114763 0.057657
v -0.335297 0.114107 0.063994
v -0.334257 0.115984 0.057657
v -0.336413 0.111390 0.063992
v -0.273339 0.114328 0.063994
v -0.273339 0.116412 0.057657
v -0.274454 0.114107 0.063994
v -0.275494 0.115984 0.057657
v -0.275400 0.113475 0.063994
v -0.277321 0.114763 0.057657
v -0.276032 0.112529 0.063994
v -0.278542 0.112936 0.057657
v -0.276253 0.111414 0.063994
v -0.278970 0.110781 0.057657
v -0.275400 0.109353 0.063994
v -0.275895 0.108225 0.060767
v -0.273339 0.108499 0.063994
v -0.273339 0.107166 0.060767
v -0.271278 0.109353 0.063994
v -0.270783 0.108225 0.060767
v -0.270424 0.111414 0.063994
v -0.267707 0.110781 0.057657
v -0.270646 0.112529 0.063994
v -0.268136 0.112936 0.057657
v -0.271278 0.113475 0.063994
v -0.269357 0.114763 0.057657
v -0.272224 0.114107 0.063994
v -0.271184 0.115984 0.057657
v -0.273339 0.111390 0.063992
v -0.210265 0.114328 0.063994
v -0.210265 0.116412 0.057657
v -0.211381 0.114107 0.063994
v -0.212420 0.115984 0.057657
v -0.212326 0.113475 0.063994
v -0.214247 0.114763 0.057657
v -0.212958 0.112529 0.063994
v -0.215468 0.112936 0.057657
v -0.213180 0.111414 0.063994
v -0.215897 0.110781 0.057657
v -0.212326 0.109353 0.063994
v -0.212821 0.108225 0.060767
v -0.210265 0.108499 0.063994
v -0.210265 0.107166 0.060767
v -0.208204 0.109353 0.063994
v -0.207709 0.108225 0.060767
v -0.207351 0.111414 0.063994
v -0.204634 0.110781 0.057657
v -0.207573 0.112529 0.063994
v -0.205062 0.112936 0.057657
v -0.208204 0.113475 0.063994
v -0.206283 0.114763 0.057657
v -0.209150 0.114107 0.063994
v -0.208110 0.115984 0.057657
v -0.210265 0.111390 0.063992
v -0.235661 0.014295 0.020283
v -0.236240 0.011950 0.014215
v -0.234297 0.014286 0.020283
v -0.233605 0.011931 0.014215
v -0.233034 0.014798 0.020283
v -0.231164 0.012922 0.014215
v -0.232062 0.015756 0.020283
v -0.229287 0.014772 0.014215
v -0.231532 0.017012 0.020283
v -0.228262 0.017199 0.014215
v -0.232034 0.019639 0.020283
v -0.231253 0.020946 0.017945
v -0.234248 0.021141 0.020283
v -0.233999 0.022809 0.017945
v -0.236875 0.020638 0.020283
v -0.237257 0.022185 0.017945
v -0.238377 0.018425 0.020283
v -0.241489 0.019929 0.014215
v -0.238387 0.017061 0.020283
v -0.241508 0.017294 0.014215
v -0.237874 0.015798 0.020283
v -0.240517 0.014853 0.014215
v -0.236917 0.014826 0.020283
v -0.238667 0.012976 0.014215
v -0.234949 0.017746 0.020280
v -0.198625 0.006650 0.020283
v -0.199204 0.004305 0.014215
v -0.197261 0.006641 0.020283
v -0.196570 0.004286 0.014215
v -0.195998 0.007153 0.020283
v -0.194128 0.005277 0.014215
v -0.195027 0.008111 0.020283
v -0.192251 0.007126 0.014215
v -0.194496 0.009367 0.020283
v -0.191226 0.009553 0.014215
v -0.194998 0.011994 0.020283
v -0.194218 0.013301 0.017945
v -0.197212 0.013496 0.020283
v -0.196963 0.015164 0.017945
v -0.199839 0.012993 0.020283
v -0.200221 0.014540 0.017945
v -0.201341 0.010780 0.020283
v -0.204453 0.012284 0.014215
v -0.201351 0.009416 0.020283
v -0.204472 0.009649 0.014215
v -0.200838 0.008152 0.020283
v -0.203481 0.007207 0.014215
v -0.199881 0.007181 0.020283
v -0.201631 0.005331 0.014215
v -0.197913 0.010101 0.020280
v -0.161589 -0.000995 0.020283
v -0.162168 -0.003340 0.014215
v -0.160225 -0.001005 0.020283
v -0.159534 -0.003359 0.014215
v -0.158962 -0.000492 0.020283
v -0.157092 -0.002368 0.014215
v -0.157991 0.000465 0.020283
v -0.155216 -0.000519 0.014215
v -0.157460 0.001721 0.020283
v -0.154190 0.001908 0.014215
v -0.157963 0.004349 0.020283
v -0.157182 0.005656 0.017945
v -0.160176 0.005851 0.020283
v -0.159927 0.007519 0.017945
v -0.162803 0.005348 0.020283
v -0.163186 0.006895 0.017945
v -0.164305 0.003135 0.020283
v -0.167417 0.004639 0.014215
v -0.164315 0.001771 0.020283
v -0.167436 0.002004 0.014215
v -0.163802 0.000507 0.020283
v -0.166445 -0.000438 0.014215
v -0.162845 -0.000464 0.020283
v -0.164595 -0.002314 0.014215
v -0.160877 0.002456 0.020280
v -0.011195 0.033310 -0.020116
v -0.008667 0.035890 -0.013690
v -0.012460 0.034137 -0.020116
v -0.011113 0.037488 -0.013690
v -0.013946 0.034417 -0.020116
v -0.013983 0.038028 -0.013690
v -0.015425 0.034107 -0.020116
v -0.016842 0.037429 -0.013690
v -0.016674 0.033254 -0.020116
v -0.019254 0.035781 -0.013690
v -0.017780 0.030503 -0.020116
v -0.018711 0.030493 -0.017825
v -0.016617 0.027775 -0.020116
v -0.017269 0.027110 -0.017825
v -0.013866 0.026668 -0.020116
v -0.013857 0.025737 -0.017825
v -0.011138 0.027831 -0.020116
v -0.008558 0.025304 -0.013690
v -0.010311 0.029097 -0.020116
v -0.006961 0.027749 -0.013690
v -0.010032 0.030583 -0.020116
v -0.006420 0.030620 -0.013690
v -0.010342 0.032062 -0.020116
v -0.007020 0.033479 -0.013690
v -0.013928 0.030520 -0.020113
v 0.012335 0.010260 -0.020116
v 0.014862 0.012840 -0.013690
v 0.011069 0.011087 -0.020116
v 0.012417 0.014438 -0.013690
v 0.009584 0.011367 -0.020116
v 0.009547 0.014978 -0.013690
v 0.008104 0.011057 -0.020116
v 0.006688 0.014379 -0.013690
v 0.006856 0.010204 -0.020116
v 0.004276 0.012731 -0.013690
v 0.005750 0.007453 -0.020116
v 0.004819 0.007443 -0.017825
v 0.006912 0.004725 -0.020116
v 0.006261 0.004060 -0.017825
v 0.009664 0.003619 -0.020116
v 0.009673 0.002688 -0.017825
v 0.012391 0.004781 -0.020116
v 0.014971 0.002254 -0.013690
v 0.013218 0.006047 -0.020116
v 0.016569 0.004699 -0.013690
v 0.013498 0.007533 -0.020116
v 0.017109 0.007570 -0.013690
v 0.013188 0.009012 -0.020116
v 0.016510 0.010429 -0.013690
v 0.009602 0.007470 -0.020113
v 0.035865 -0.012790 -0.020116
v 0.038392 -0.010210 -0.013690
v 0.034599 -0.011963 -0.020116
v 0.035947 -0.008612 -0.013690
v 0.033113 -0.011683 -0.020116
v 0.033076 -0.008072 -0.013690
v 0.031634 -0.011993 -0.020116
v 0.030218 -0.008671 -0.013690
v 0.030386 -0.012846 -0.020116
v 0.027806 -0.010319 -0.013690
v 0.029279 -0.015597 -0.020116
v 0.028348 -0.015607 -0.017825
v 0.030442 -0.018325 -0.020116
v 0.029791 -0.018990 -0.017825
v 0.033193 -0.019431 -0.020116
v 0.033203 -0.020362 -0.017825
v 0.035921 -0.018269 -0.020116
v 0.038501 -0.020796 -0.013690
v 0.036748 -0.017003 -0.020116
v 0.040099 -0.018351 -0.013690
v 0.037028 -0.015517 -0.020116
v 0.040639 -0.015480 -0.013690
v 0.036717 -0.014038 -0.020116
v 0.040040 -0.012621 -0.013690
v 0.033131 -0.015580 -0.020113
v -0.462560 0.114329 -0.063994
v -0.462560 0.116412 -0.057657
v -0.463675 0.114107 -0.063994
v -0.464715 0.115984 -0.057657
v -0.464621 0.113475 -0.063994
v -0.466542 0.114763 -0.057657
v -0.465253 0.112529 -0.063994
v -0.467763 0.112936 -0.057657
v -0.465474 0.111414 -0.063994
v -0.468191 0.110781 -0.057657
v -0.464621 0.109353 -0.063994
v -0.465116 0.108225 -0.060767
v -0.462560 0.108499 -0.063994
v -0.462560 0.107166 -0.060767
v -0.460499 0.109353 -0.063994
v -0.460004 0.108225 -0.060767
v -0.459645 0.111414 -0.063994
v -0.456928 0.110781 -0.057657
v -0.459867 0.112529 -0.063994
v -0.457357 0.112936 -0.057657
v -0.460499 0.113475 -0.063994
v -0.458578 0.114763 -0.057657
v -0.461444 0.114107 -0.063994
v -0.460405 0.115984 -0.057657
v -0.462560 0.111390 -0.063992
v -0.399486 0.114329 -0.063994
v -0.399486 0.116412 -0.057657
v -0.400602 0.114107 -0.063994
v -0.401641 0.115984 -0.057657
v -0.401547 0.113475 -0.063994
v -0.403468 0.114763 -0.057657
v -0.402179 0.112529 -0.063994
v -0.404689 0.112936 -0.057657
v -0.402401 0.111414 -0.063994
v -0.405118 0.110781 -0.057657
v -0.401547 0.109353 -0.063994
v -0.402042 0.108225 -0.060767
v -0.399486 0.108499 -0.063994
v -0.399486 0.107166 -0.060767
v -0.397425 0.109353 -0.063994
v -0.396930 0.108225 -0.060767
v -0.396572 0.111414 -0.063994
v -0.393855 0.110781 -0.057657
v -0.396793 0.112529 -0.063994
v -0.394283 0.112936 -0.057657
v -0.397425 0.113475 -0.063994
v -0.395504 0.114763 -0.057657
v -0.398371 0.114107 -0.063994
v -0.397331 0.115984 -0.057657
v -0.399486 0.111390 -0.063992
v -0.336413 0.114329 -0.063994
v -0.336413 0.116412 -0.057657
v -0.337528 0.114107 -0.063994
v -0.338568 0.115984 -0.057657
v -0.338473 0.113475 -0.063994
v -0.340395 0.114763 -0.057657
v -0.339105 0.112529 -0.063994
v -0.341615 0.112936 -0.057657
v -0.339327 0.111414 -0.063994
v -0.342044 0.110781 -0.057657
v -0.338473 0.109353 -0.063994
v -0.338969 0.108225 -0.060767
v -0.336413 0.108499 -0.063994
v -0.336413 0.107166 -0.060767
v -0.334352 0.109353 -0.063994
v -0.333856 0.108225 -0.060767
v -0.333498 0.111414 -0.063994
v -0.330781 0.110781 -0.057657
v -0.333720 0.112529 -0.063994
v -0.331210 0.112936 -0.057657
v -0.334352 0.113475 -0.063994
v -0.332430 0.114763 -0.057657
v -0.335297 0.114107 -0.063994
v -0.334257 0.115984 -0.057657
v -0.336413 0.111390 -0.063992
v -0.273339 0.114328 -0.063994
v -0.273339 0.116412 -0.057657
v -0.274454 0.114107 -0.063994
v -0.275494 0.115984 -0.057657
v -0.275400 0.113475 -0.063994
v -0.277321 0.114763 -0.057657
v -0.276032 0.112529 -0.063994
v -0.278542 0.112936 -0.057657
v -0.276253 0.111414 -0.063994
v -0.278970 0.110781 -0.057657
v -0.275400 0.109353 -0.063994
v -0.275895 0.108225 -0.060767
v -0.273339 0.108499 -0.063994
v -0.273339 0.107166 -0.060767
v -0.271278 0.109353 -0.063994
v -0.270783 0.108225 -0.060767
v -0.270424 0.111414 -0.063994
v -0.267707 0.110781 -0.057657
v -0.270646 0.112529 -0.063994
v -0.268136 0.112936 -0.057657
v -0.271278 0.113475 -0.063994
v -0.269357 0.114763 -0.057657
v -0.272224 0.114107 -0.063994
v -0.271184 0.115984 -0.057657
v -0.273339 0.111390 -0.063992
v -0.210265 0.114328 -0.063994
v -0.210265 0.116412 -0.057657
v -0.211381 0.114107 -0.063994
v -0.212420 0.115984 -0.057657
v -0.212326 0.113475 -0.063994
v -0.214247 0.114763 -0.057657
v -0.212958 0.112529 -0.063994
v -0.215468 0.112936 -0.057657
v -0.213180 0.111414 -0.063994
v -0.215897 0.110781 -0.057657
v -0.212326 0.109353 -0.063994
v -0.212821 0.108225 -0.060767
v -0.210265 0.108499 -0.063994
v -0.210265 0.107166 -0.060767
v -0.208204 0.109353 -0.063994
v -0.207709 0.108225 -0.060767
v -0.207351 0.111414 -0.063994
v -0.204634 0.110781 -0.057657
v -0.207573 0.112529 -0.063994
v -0.205062 0.112936 -0.057657
v -0.208204 0.113475 -0.063994
v -0.206283 0.114763 -0.057657
v -0.209150 0.114107 -0.063994
v -0.208110 0.115984 -0.057657
v -0.210265 0.111390 -0.063992
v -0.235661 0.014295 -0.020283
v -0.236240 0.011950 -0.014215
v -0.234297 0.014286 -0.020283
v -0.233605 0.011931 -0.014215
v -0.233034 0.014798 -0.020283
v -0.231164 0.012922 -0.014215
v -0.232062 0.015756 -0.020283
v -0.229287 0.014772 -0.014215
v -0.231532 0.017012 -0.020283
v -0.228262 0.017199 -0.014215
v -0.232034 0.019639 -0.020283
v -0.231253 0.020946 -0.017945
v -0.234248 0.021141 -0.020283
v -0.233999 0.022809 -0.017945
v -0.236875 0.020638 -0.020283
v -0.237257 0.022185 -0.017945
v -0.238377 0.018425 -0.020283
v -0.241489 0.019929 -0.014215
v -0.238387 0.017061 -0.020283
v -0.241508 0.017294 -0.014215
v -0.237874 0.015798 -0.020283
v -0.240517 0.014853 -0.014215
v -0.236917 0.014826 -0.020283
v -0.238667 0.012976 -0.014215
v -0.234949 0.017746 -0.020280
v -0.198625 0.006650 -0.020283
v -0.199204 0.004305 -0.014215
v -0.197261 0.006641 -0.020283
v -0.196570 0.004286 -0.014215
v -0.195998 0.007153 -0.020283
v -0.194128 0.005277 -0.014215
v -0.195027 0.008111 -0.020283
v -0.192251 0.007126 -0.014215
v -0.194496 0.009367 -0.020283
v -0.191226 0.009553 -0.014215
v -0.194998 0.011994 -0.020283
v -0.194218 0.013301 -0.017945
v -0.197212 0.013496 -0.020283
v -0.196963 0.015164 -0.017945
v -0.199839 0.012993 -0.020283
v -0.200221 0.014540 -0.017945
v -0.201341 0.010780 -0.020283
v -0.204453 0.012284 -0.014215
v -0.201351 0.009416 -0.020283
v -0.204472 0.009649 -0.014215
v -0.200838 0.008152 -0.020283
v -0.203481 0.007207 -0.014215
v -0.199881 0.007181 -0.020283
v -0.201631 0.005331 -0.014215
v -0.197913 0.010101 -0.020280
v -0.161589 -0.000995 -0.020283
v -0.162168 -0.003340 -0.014215
v -0.160225 -0.001005 -0.020283
v -0.159534 -0.003359 -0.014215
v -0.158962 -0.000492 -0.020283
v -0.157092 -0.002368 -0.014215
v -0.157991 0.000465 -0.020283
v -0.155216 -0.000519 -0.014215
v -0.157460 0.001721 -0.020283
v -0.154190 0.001908 -0.014215
v -0.157963 0.004349 -0.020283
v -0.157182 0.005656 -0.017945
v -0.160176 0.005851 -0.020283
v -0.159927 0.007519 -0.017945
v -0.162803 0.005348 -0.020283
v -0.163186 0.006895 -0.017945
v -0.164305 0.003135 -0.020283
v -0.167417 0.004639 -0.014215
v -0.164315 0.001771 -0.020283
v -0.167436 0.002004 -0.014215
v -0.163802 0.000507 -0.020283
v -0.166445 -0.000438 -0.014215
v -0.162845 -0.000464 -0.020283
v -0.164595 -0.002314 -0.014215
v -0.160877 0.002456 -0.020280
vt 0.879166 0.731197
vt 0.879113 0.709818
vt 0.892853 0.709784
vt 0.892906 0.731165
vt 0.879034 0.673051
vt 0.878923 0.580146
vt 0.892663 0.580130
vt 0.892774 0.673007
vt 0.884494 0.381279
vt 0.884494 0.484046
vt 0.878901 0.484046
vt 0.878901 0.381279
vt 0.878901 0.562116
vt 0.892641 0.561942
vt 0.879067 0.691484
vt 0.892807 0.691487
vt 0.884494 0.363222
vt 0.878901 0.363222
vt 0.004528 0.162954
vt 0.010170 0.171183
vt 0.008931 0.172187
vt 0.001953 0.169418
vt 0.012070 0.176789
vt 0.010532 0.177412
vt 0.893032 0.804658
vt 0.892642 0.852954
vt 0.878901 0.852849
vt 0.879291 0.804531
vt 0.884494 0.558341
vt 0.878901 0.558341
vt 0.892906 0.731165
vt 0.892853 0.709784
vt 0.892774 0.673007
vt 0.892663 0.580130
vt 0.884494 0.381279
vt 0.884494 0.484046
vt 0.892641 0.561942
vt 0.892807 0.691487
vt 0.884494 0.363222
vt 0.004528 0.162954
vt 0.001953 0.169418
vt 0.008931 0.172187
vt 0.010170 0.171183
vt 0.893032 0.804658
vt 0.892642 0.852954
vt 0.884494 0.558341
vt 0.685871 0.150695
vt 0.678924 0.151138
vt 0.680182 0.148315
vt 0.686645 0.147812
vt 0.706121 0.228042
vt 0.699087 0.227952
vt 0.699126 0.227390
vt 0.706197 0.227496
vt 0.677172 0.033789
vt 0.676882 0.002550
vt 0.683756 0.002472
vt 0.684289 0.034087
vt 0.684621 0.059668
vt 0.696708 0.059511
vt 0.695956 0.062397
vt 0.685348 0.062441
vt 0.702018 0.001953
vt 0.703077 0.033221
vt 0.696153 0.033887
vt 0.695082 0.002255
vt 0.680041 0.213431
vt 0.679983 0.202439
vt 0.686851 0.201950
vt 0.687273 0.213517
vt 0.679027 0.162169
vt 0.686287 0.162243
vt 0.687043 0.165008
vt 0.680462 0.164746
vt 0.679548 0.187785
vt 0.679521 0.176808
vt 0.686397 0.176311
vt 0.686793 0.187870
vt 0.687543 0.227621
vt 0.680684 0.228129
vt 0.681824 0.225292
vt 0.688199 0.224723
vt 0.679176 0.155027
vt 0.686138 0.154719
vt 0.696323 0.047951
vt 0.684244 0.048115
vt 0.684998 0.045243
vt 0.695586 0.045184
vt 0.678620 0.136478
vt 0.678611 0.125495
vt 0.685483 0.125026
vt 0.685865 0.136596
vt 0.680719 0.173987
vt 0.687144 0.173423
vt 0.678204 0.110838
vt 0.678195 0.099854
vt 0.685069 0.099382
vt 0.685449 0.110945
vt 0.677791 0.085198
vt 0.677782 0.074214
vt 0.684657 0.073742
vt 0.685036 0.085303
vt 0.677375 0.059553
vt 0.677370 0.048558
vt 0.687522 0.190643
vt 0.680952 0.190356
vt 0.703573 0.048018
vt 0.703587 0.059025
vt 0.698470 0.224628
vt 0.703984 0.073692
vt 0.703991 0.084678
vt 0.697116 0.085154
vt 0.696739 0.073591
vt 0.681181 0.199616
vt 0.687594 0.199063
vt 0.704392 0.099334
vt 0.704399 0.110317
vt 0.697525 0.110795
vt 0.697148 0.099233
vt 0.699258 0.213341
vt 0.706114 0.212864
vt 0.704886 0.215682
vt 0.698492 0.216223
vt 0.704802 0.124967
vt 0.704816 0.135938
vt 0.697940 0.136433
vt 0.697557 0.124873
vt 0.705720 0.176248
vt 0.705736 0.187232
vt 0.698864 0.187706
vt 0.698475 0.176139
vt 0.688022 0.216292
vt 0.681464 0.216008
vt 0.706136 0.201886
vt 0.698898 0.201784
vt 0.698174 0.199010
vt 0.704741 0.199311
vt 0.704530 0.190053
vt 0.698114 0.190591
vt 0.697746 0.173361
vt 0.704321 0.173672
vt 0.698450 0.162045
vt 0.705379 0.161593
vt 0.704136 0.164413
vt 0.697683 0.164930
vt 0.704938 0.224923
vt 0.678587 0.045737
vt 0.678451 0.036439
vt 0.684981 0.036850
vt 0.680018 0.139056
vt 0.686591 0.139375
vt 0.679817 0.122675
vt 0.679604 0.113415
vt 0.686175 0.113720
vt 0.686235 0.122141
vt 0.679402 0.097034
vt 0.679191 0.087774
vt 0.685763 0.088078
vt 0.685821 0.096497
vt 0.678989 0.071394
vt 0.678775 0.062133
vt 0.685408 0.070858
vt 0.701896 0.036101
vt 0.702174 0.045434
vt 0.695470 0.036784
vt 0.702378 0.061850
vt 0.702585 0.071116
vt 0.696013 0.070817
vt 0.702784 0.087498
vt 0.702993 0.096758
vt 0.696422 0.096459
vt 0.696364 0.088039
vt 0.703193 0.113138
vt 0.703402 0.122395
vt 0.696831 0.122099
vt 0.696773 0.113680
vt 0.703615 0.138757
vt 0.703873 0.147985
vt 0.697293 0.147736
vt 0.697190 0.139320
vt 0.698056 0.150500
vt 0.705316 0.150557
vt 0.682203 0.294691
vt 0.680773 0.228672
vt 0.687616 0.228192
vt 0.689169 0.298247
vt 0.048610 0.325210
vt 0.043275 0.333405
vt 0.044237 0.321899
vt 0.048610 0.320043
vt 0.700973 0.298606
vt 0.707467 0.294307
vt 0.705536 0.300254
vt 0.701044 0.301975
vt 0.688615 0.301615
vt 0.684653 0.299801
vt 0.064334 0.321899
vt 0.059961 0.320043
vt 0.060505 0.311985
vt 0.063322 0.312175
vt 0.065296 0.333405
vt 0.059961 0.325210
vt 0.045177 0.312167
vt 0.047994 0.311990
vt 0.709414 0.311713
vt 0.706826 0.312003
vt 0.681891 0.309945
vt 0.679441 0.309064
vt 0.065296 0.356005
vt 0.043275 0.356005
vt 0.705109 0.154405
vt 0.698080 0.154535
vt 0.679247 0.156760
vt 0.686206 0.156541
vt 0.086077 0.234510
vt 0.068956 0.222658
vt 0.079209 0.215732
vt 0.093076 0.225414
vt 0.220815 0.848579
vt 0.218628 0.847743
vt 0.219382 0.845454
vt 0.221661 0.846366
vt 0.208796 0.848778
vt 0.209300 0.846329
vt 0.079855 0.301197
vt 0.061641 0.293040
vt 0.305917 0.601090
vt 0.305663 0.599717
vt 0.307370 0.599622
vt 0.307603 0.601065
vt 0.313406 0.600141
vt 0.313394 0.601509
vt 0.768709 0.030901
vt 0.768709 0.001959
vt 0.770184 0.001953
vt 0.770307 0.030896
vt 0.440452 0.907058
vt 0.427367 0.910094
vt 0.427415 0.908537
vt 0.439626 0.905670
vt 0.417026 0.906192
vt 0.417208 0.904646
vt 0.414752 0.906747
vt 0.414402 0.905314
vt 0.878901 0.281233
vt 0.884123 0.210713
vt 0.885626 0.210961
vt 0.880532 0.280457
vt 0.793140 0.132279
vt 0.793140 0.157798
vt 0.791665 0.157798
vt 0.791665 0.132279
vt 0.410583 0.006187
vt 0.410730 0.001953
vt 0.412057 0.002845
vt 0.412057 0.006238
vt 0.086077 0.234510
vt 0.093076 0.225414
vt 0.079209 0.215732
vt 0.068956 0.222658
vt 0.219382 0.845454
vt 0.218628 0.847743
vt 0.209300 0.846329
vt 0.208796 0.848778
vt 0.079855 0.301197
vt 0.061641 0.293040
vt 0.307603 0.601065
vt 0.307370 0.599622
vt 0.313394 0.601509
vt 0.313406 0.600141
vt 0.768709 0.030901
vt 0.770307 0.030896
vt 0.770184 0.001953
vt 0.768709 0.001959
vt 0.440452 0.907058
vt 0.439626 0.905670
vt 0.427415 0.908537
vt 0.427367 0.910094
vt 0.417208 0.904646
vt 0.417026 0.906192
vt 0.878901 0.281233
vt 0.880532 0.280457
vt 0.885626 0.210961
vt 0.884123 0.210713
vt 0.793140 0.132279
vt 0.791665 0.132279
vt 0.791665 0.157798
vt 0.793140 0.157798
vt 0.410583 0.006187
vt 0.412057 0.006238
vt 0.412057 0.002845
vt 0.410730 0.001953
vt 0.996543 0.686738
vt 0.995976 0.688853
vt 0.994881 0.690749
vt 0.993333 0.692298
vt 0.991436 0.693393
vt 0.989321 0.693959
vt 0.987132 0.693959
vt 0.985017 0.693393
vt 0.983121 0.692298
vt 0.981572 0.690749
vt 0.980477 0.688853
vt 0.979911 0.686738
vt 0.979911 0.684548
vt 0.980477 0.682433
vt 0.981572 0.680537
vt 0.983121 0.678989
vt 0.985017 0.677894
vt 0.987132 0.677327
vt 0.989321 0.677327
vt 0.991436 0.677894
vt 0.993333 0.678989
vt 0.994881 0.680537
vt 0.995976 0.682433
vt 0.996543 0.684548
vt 0.301608 0.720182
vt 0.300391 0.715038
vt 0.300391 0.709751
vt 0.301608 0.704683
vt 0.303959 0.700179
vt 0.307285 0.696545
vt 0.311357 0.694029
vt 0.315900 0.692803
vt 0.320603 0.692950
vt 0.325145 0.694461
vt 0.329218 0.697231
vt 0.332543 0.701073
vt 0.334894 0.705725
vt 0.336111 0.710870
vt 0.336111 0.716156
vt 0.334894 0.721224
vt 0.332543 0.725729
vt 0.329218 0.729363
vt 0.325145 0.731879
vt 0.320603 0.733105
vt 0.315900 0.732957
vt 0.311357 0.731447
vt 0.307285 0.728676
vt 0.303959 0.724834
vt 0.996543 0.686738
vt 0.996543 0.684548
vt 0.995976 0.682433
vt 0.994881 0.680537
vt 0.993333 0.678989
vt 0.991436 0.677894
vt 0.989321 0.677327
vt 0.987132 0.677327
vt 0.985017 0.677894
vt 0.983121 0.678989
vt 0.981572 0.680537
vt 0.980477 0.682433
vt 0.979911 0.684548
vt 0.979911 0.686738
vt 0.980477 0.688853
vt 0.981572 0.690749
vt 0.983121 0.692298
vt 0.985017 0.693393
vt 0.987132 0.693959
vt 0.989321 0.693959
vt 0.991436 0.693393
vt 0.993333 0.692298
vt 0.994881 0.690749
vt 0.995976 0.688853
vt 0.301608 0.720182
vt 0.303959 0.724834
vt 0.307285 0.728676
vt 0.311357 0.731447
vt 0.315900 0.732957
vt 0.320603 0.733105
vt 0.325145 0.731879
vt 0.329218 0.729363
vt 0.332543 0.725729
vt 0.334894 0.721224
vt 0.336111 0.716156
vt 0.336111 0.710870
vt 0.334894 0.705725
vt 0.332543 0.701073
vt 0.329218 0.697231
vt 0.325145 0.694461
vt 0.320603 0.692950
vt 0.315900 0.692803
vt 0.311357 0.694029
vt 0.307285 0.696545
vt 0.303959 0.700179
vt 0.301608 0.704683
vt 0.300391 0.709751
vt 0.748826 0.985065
vt 0.723205 0.985065
vt 0.723205 0.949428
vt 0.739478 0.949428
vt 0.748826 0.958781
vt 0.741408 0.617474
vt 0.718204 0.339845
vt 0.744396 0.337656
vt 0.754274 0.616399
vt 0.757607 0.337070
vt 0.773879 0.337070
vt 0.773879 0.615813
vt 0.767484 0.615813
vt 0.497819 0.168682
vt 0.507167 0.159329
vt 0.513562 0.159329
vt 0.513562 0.181592
vt 0.497819 0.181592
vt 0.748826 0.958781
vt 0.739478 0.949428
vt 0.723205 0.949428
vt 0.754274 0.616399
vt 0.744396 0.337656
vt 0.757607 0.337070
vt 0.767484 0.615813
vt 0.773879 0.615813
vt 0.773879 0.337070
vt 0.497819 0.168682
vt 0.513562 0.159329
vt 0.507167 0.159329
vt 0.729443 0.285649
vt 0.727616 0.286973
vt 0.725468 0.287667
vt 0.723211 0.287663
vt 0.721066 0.286962
vt 0.719242 0.285633
vt 0.717919 0.283805
vt 0.717225 0.281657
vt 0.717228 0.279400
vt 0.717929 0.277255
vt 0.719258 0.275431
vt 0.721086 0.274107
vt 0.723234 0.273413
vt 0.725490 0.273417
vt 0.727636 0.274118
vt 0.729459 0.275447
vt 0.730783 0.277275
vt 0.731477 0.279423
vt 0.731474 0.281679
vt 0.730773 0.283825
vt 0.224395 0.401602
vt 0.222567 0.402926
vt 0.220420 0.403620
vt 0.218163 0.403616
vt 0.216017 0.402915
vt 0.214194 0.401586
vt 0.212870 0.399758
vt 0.212177 0.397610
vt 0.212180 0.395353
vt 0.212880 0.393208
vt 0.214210 0.391384
vt 0.216037 0.390060
vt 0.218185 0.389366
vt 0.220442 0.389370
vt 0.222587 0.390071
vt 0.224411 0.391400
vt 0.225735 0.393228
vt 0.226429 0.395376
vt 0.226425 0.397632
vt 0.225724 0.399778
vt 0.793722 0.923351
vt 0.791895 0.924675
vt 0.789747 0.925369
vt 0.787490 0.925366
vt 0.785345 0.924665
vt 0.783521 0.923335
vt 0.782198 0.921507
vt 0.781504 0.919360
vt 0.781507 0.917103
vt 0.782208 0.914957
vt 0.783537 0.913134
vt 0.785365 0.911810
vt 0.787512 0.911116
vt 0.789769 0.911119
vt 0.791915 0.911820
vt 0.793738 0.913150
vt 0.795062 0.914978
vt 0.795756 0.917125
vt 0.795753 0.919382
vt 0.795052 0.921527
vt 0.729443 0.285649
vt 0.730773 0.283825
vt 0.731474 0.281679
vt 0.731477 0.279423
vt 0.730783 0.277275
vt 0.729459 0.275447
vt 0.727636 0.274118
vt 0.725490 0.273417
vt 0.723234 0.273413
vt 0.721086 0.274107
vt 0.719258 0.275431
vt 0.717929 0.277255
vt 0.717228 0.279400
vt 0.717225 0.281657
vt 0.717919 0.283805
vt 0.719242 0.285633
vt 0.721066 0.286962
vt 0.723211 0.287663
vt 0.725468 0.287667
vt 0.727616 0.286973
vt 0.224395 0.401602
vt 0.225724 0.399778
vt 0.226425 0.397632
vt 0.226429 0.395376
vt 0.225735 0.393228
vt 0.224411 0.391400
vt 0.222587 0.390071
vt 0.220442 0.389370
vt 0.218185 0.389366
vt 0.216037 0.390060
vt 0.214210 0.391384
vt 0.212880 0.393208
vt 0.212180 0.395353
vt 0.212177 0.397610
vt 0.212870 0.399758
vt 0.214194 0.401586
vt 0.216017 0.402915
vt 0.218163 0.403616
vt 0.220420 0.403620
vt 0.222567 0.402926
vt 0.793722 0.923351
vt 0.795052 0.921527
vt 0.795753 0.919382
vt 0.795756 0.917125
vt 0.795062 0.914978
vt 0.793738 0.913150
vt 0.791915 0.911820
vt 0.789769 0.911119
vt 0.787512 0.911116
vt 0.785365 0.911810
vt 0.783537 0.913134
vt 0.782208 0.914957
vt 0.781507 0.917103
vt 0.781504 0.919360
vt 0.782198 0.921507
vt 0.783521 0.923335
vt 0.785345 0.924665
vt 0.787490 0.925366
vt 0.789747 0.925369
vt 0.791895 0.924675
vt 0.321034 0.872938
vt 0.315678 0.872162
vt 0.320720 0.844892
vt 0.325801 0.844504
vt 0.302403 0.838704
vt 0.307178 0.840275
vt 0.300929 0.869051
vt 0.295800 0.867966
vt 0.304580 0.869825
vt 0.310530 0.841357
vt 0.304406 0.771354
vt 0.309275 0.788608
vt 0.308271 0.789407
vt 0.303180 0.771689
vt 0.307422 0.811702
vt 0.307798 0.835460
vt 0.303248 0.833181
vt 0.302929 0.814133
vt 0.396547 0.420460
vt 0.382265 0.436972
vt 0.364670 0.436972
vt 0.364670 0.380066
vt 0.393323 0.380066
vt 0.396547 0.383748
vt 0.305873 0.789550
vt 0.301178 0.791286
vt 0.277434 0.897468
vt 0.277434 0.879184
vt 0.280658 0.875441
vt 0.309311 0.875441
vt 0.309311 0.913980
vt 0.291716 0.913980
vt 0.325480 0.803467
vt 0.310316 0.810536
vt 0.324647 0.782540
vt 0.319530 0.766401
vt 0.307845 0.840595
vt 0.301687 0.869208
vt 0.308369 0.834928
vt 0.303419 0.869571
vt 0.309449 0.841172
vt 0.300701 0.772327
vt 0.295800 0.773534
vt 0.320771 0.840785
vt 0.325517 0.839006
vt 0.310796 0.836522
vt 0.309984 0.835722
vt 0.309531 0.810974
vt 0.307976 0.811793
vt 0.306611 0.790010
vt 0.301572 0.772119
vt 0.325801 0.844504
vt 0.320720 0.844892
vt 0.302403 0.838704
vt 0.307178 0.840275
vt 0.310530 0.841357
vt 0.308271 0.789407
vt 0.309275 0.788608
vt 0.307422 0.811702
vt 0.302929 0.814133
vt 0.303248 0.833181
vt 0.307798 0.835460
vt 0.396547 0.420460
vt 0.396547 0.383748
vt 0.393323 0.380066
vt 0.382265 0.436972
vt 0.305873 0.789550
vt 0.301178 0.791286
vt 0.277434 0.897468
vt 0.291716 0.913980
vt 0.280658 0.875441
vt 0.277434 0.879184
vt 0.325480 0.803467
vt 0.324647 0.782540
vt 0.310316 0.810536
vt 0.307845 0.840595
vt 0.308369 0.834928
vt 0.309449 0.841172
vt 0.320771 0.840785
vt 0.325517 0.839006
vt 0.309531 0.810974
vt 0.309984 0.835722
vt 0.310796 0.836522
vt 0.307976 0.811793
vt 0.306611 0.790010
vt 0.916143 0.752037
vt 0.901858 0.751995
vt 0.902258 0.630896
vt 0.916542 0.631420
vt 0.952363 0.549602
vt 0.952363 0.517591
vt 0.956013 0.517591
vt 0.961326 0.519379
vt 0.965216 0.524264
vt 0.966639 0.530937
vt 0.966639 0.549602
vt 0.952363 0.564291
vt 0.966639 0.564291
vt 0.150744 0.343823
vt 0.138848 0.344713
vt 0.142900 0.326931
vt 0.145224 0.321549
vt 0.148946 0.318369
vt 0.153839 0.317486
vt 0.155140 0.317333
vt 0.155140 0.357430
vt 0.143955 0.360058
vt 0.952363 0.901467
vt 0.952363 0.872054
vt 0.953647 0.872054
vt 0.958633 0.873697
vt 0.962282 0.878186
vt 0.963618 0.884317
vt 0.963618 0.901467
vt 0.952363 0.918764
vt 0.963618 0.918764
vt 0.154321 0.363922
vt 0.154321 0.378215
vt 0.144672 0.378673
vt 0.144285 0.364398
vt 0.916143 0.752037
vt 0.916542 0.631420
vt 0.966639 0.549602
vt 0.966639 0.530937
vt 0.965216 0.524264
vt 0.961326 0.519379
vt 0.956013 0.517591
vt 0.966639 0.564291
vt 0.153839 0.317486
vt 0.148946 0.318369
vt 0.145224 0.321549
vt 0.142900 0.326931
vt 0.138848 0.344713
vt 0.143955 0.360058
vt 0.963618 0.901467
vt 0.963618 0.884317
vt 0.962282 0.878186
vt 0.958633 0.873697
vt 0.953647 0.872054
vt 0.963618 0.918764
vt 0.154321 0.363922
vt 0.144285 0.364398
vt 0.388380 0.498423
vt 0.378137 0.500639
vt 0.375597 0.487344
vt 0.385346 0.483187
vt 0.400932 0.505327
vt 0.400619 0.511153
vt 0.390959 0.511788
vt 0.390610 0.508657
vt 0.398177 0.573238
vt 0.390930 0.569004
vt 0.391594 0.526324
vt 0.399888 0.525392
vt 0.414569 0.501396
vt 0.411901 0.510844
vt 0.375040 0.511483
vt 0.379268 0.511131
vt 0.379448 0.514274
vt 0.375225 0.514449
vt 0.378583 0.560571
vt 0.379673 0.528574
vt 0.367950 0.579999
vt 0.371330 0.559247
vt 0.375212 0.581790
vt 0.404285 0.488531
vt 0.399560 0.584829
vt 0.391056 0.584131
vt 0.589612 0.359304
vt 0.575872 0.360115
vt 0.575872 0.340474
vt 0.589612 0.340474
vt 0.420194 0.478695
vt 0.402772 0.596968
vt 0.379974 0.599099
vt 0.410680 0.573285
vt 0.428171 0.585527
vt 0.484778 0.480488
vt 0.508260 0.570348
vt 0.500507 0.577522
vt 0.474862 0.475828
vt 0.413525 0.460500
vt 0.399468 0.471857
vt 0.373911 0.501240
vt 0.374846 0.528205
vt 0.369199 0.478013
vt 0.364670 0.458240
vt 0.368813 0.457327
vt 0.373355 0.477135
vt 0.378092 0.453696
vt 0.382879 0.473107
vt 0.371408 0.488133
vt 0.397169 0.461716
vt 0.392664 0.442038
vt 0.407242 0.430258
vt 0.411399 0.450224
vt 0.589612 0.378133
vt 0.575872 0.379755
vt 0.431077 0.594942
vt 0.580124 0.381469
vt 0.575872 0.381469
vt 0.409930 0.524636
vt 0.884494 0.306761
vt 0.878901 0.306761
vt 0.878901 0.284826
vt 0.884494 0.284826
vt 0.884494 0.333916
vt 0.878901 0.333916
vt 0.446471 0.585356
vt 0.459460 0.572206
vt 0.467836 0.579270
vt 0.455015 0.593155
vt 0.524173 0.579155
vt 0.519248 0.587828
vt 0.895355 0.333916
vt 0.895355 0.306761
vt 0.895355 0.284826
vt 0.895355 0.363222
vt 0.895355 0.381279
vt 0.895355 0.484046
vt 0.373243 0.598260
vt 0.364670 0.595357
vt 0.001953 0.179150
vt 0.556189 0.331838
vt 0.556189 0.321073
vt 0.562064 0.321073
vt 0.562064 0.331838
vt 0.548324 0.321188
vt 0.548324 0.324088
vt 0.425809 0.438560
vt 0.431646 0.445824
vt 0.442783 0.459616
vt 0.453206 0.472334
vt 0.414464 0.424423
vt 0.538521 0.587251
vt 0.533770 0.596022
vt 0.548324 0.299886
vt 0.556189 0.299906
vt 0.562064 0.299906
vt 0.495940 0.665825
vt 0.477388 0.655357
vt 0.474862 0.653932
vt 0.895355 0.558341
vt 0.879278 0.794616
vt 0.893018 0.794605
vt 0.391477 0.519020
vt 0.379672 0.521409
vt 0.375247 0.521330
vt 0.892994 0.780156
vt 0.893006 0.787345
vt 0.879266 0.787364
vt 0.879253 0.780182
vt 0.400258 0.518243
vt 0.410542 0.517742
vt 0.388380 0.498423
vt 0.385346 0.483187
vt 0.375597 0.487344
vt 0.378137 0.500639
vt 0.400932 0.505327
vt 0.390610 0.508657
vt 0.390959 0.511788
vt 0.400619 0.511153
vt 0.398177 0.573238
vt 0.399888 0.525392
vt 0.391594 0.526324
vt 0.390930 0.569004
vt 0.414569 0.501396
vt 0.411901 0.510844
vt 0.379448 0.514274
vt 0.379268 0.511131
vt 0.379673 0.528574
vt 0.378583 0.560571
vt 0.375212 0.581790
vt 0.404285 0.488531
vt 0.391056 0.584131
vt 0.399560 0.584829
vt 0.589612 0.359304
vt 0.589612 0.340474
vt 0.420194 0.478695
vt 0.402772 0.596968
vt 0.379974 0.599099
vt 0.410680 0.573285
vt 0.428171 0.585527
vt 0.484778 0.480488
vt 0.474862 0.475828
vt 0.500507 0.577522
vt 0.508260 0.570348
vt 0.413525 0.460500
vt 0.399468 0.471857
vt 0.373355 0.477135
vt 0.368813 0.457327
vt 0.382879 0.473107
vt 0.378092 0.453696
vt 0.397169 0.461716
vt 0.411399 0.450224
vt 0.407242 0.430258
vt 0.392664 0.442038
vt 0.589612 0.378133
vt 0.431077 0.594942
vt 0.580124 0.381469
vt 0.409930 0.524636
vt 0.884494 0.306761
vt 0.884494 0.284826
vt 0.884494 0.333916
vt 0.446471 0.585356
vt 0.455015 0.593155
vt 0.467836 0.579270
vt 0.459460 0.572206
vt 0.519248 0.587828
vt 0.524173 0.579155
vt 0.895355 0.333916
vt 0.895355 0.306761
vt 0.895355 0.284826
vt 0.895355 0.381279
vt 0.895355 0.363222
vt 0.895355 0.484046
vt 0.373243 0.598260
vt 0.556189 0.331838
vt 0.556189 0.321073
vt 0.548324 0.321188
vt 0.548324 0.324088
vt 0.431646 0.445824
vt 0.425809 0.438560
vt 0.442783 0.459616
vt 0.453206 0.472334
vt 0.414464 0.424423
vt 0.538521 0.587251
vt 0.533770 0.596022
vt 0.556189 0.299906
vt 0.548324 0.299886
vt 0.477388 0.655357
vt 0.495940 0.665825
vt 0.474862 0.653932
vt 0.895355 0.558341
vt 0.893018 0.794605
vt 0.379672 0.521409
vt 0.391477 0.519020
vt 0.892994 0.780156
vt 0.893006 0.787345
vt 0.400258 0.518243
vt 0.410542 0.517742
vt 0.066797 0.986418
vt 0.071064 0.986650
vt 0.070954 0.990446
vt 0.066684 0.990322
vt 0.062216 0.986219
vt 0.062101 0.990189
vt 0.041864 0.989602
vt 0.041974 0.985821
vt 0.209800 0.865836
vt 0.195193 0.872135
vt 0.194839 0.863826
vt 0.203580 0.859765
vt 0.116313 0.991761
vt 0.107867 0.991516
vt 0.108004 0.986773
vt 0.116407 0.988514
vt 0.093165 0.991090
vt 0.086786 0.990905
vt 0.086912 0.986563
vt 0.093313 0.985995
vt 0.193677 0.880045
vt 0.211751 0.884825
vt 0.218906 0.879617
vt 0.220831 0.871579
vt 0.224483 0.873268
vt 0.225877 0.877716
vt 0.078259 0.987312
vt 0.078163 0.990655
vt 0.082904 0.986925
vt 0.082792 0.990789
vt 0.099365 0.985822
vt 0.099208 0.991265
vt 0.190198 0.850638
vt 0.198932 0.852552
vt 0.215343 0.881976
vt 0.214908 0.869088
vt 0.198553 0.900180
vt 0.190198 0.891848
vt 0.066571 0.994226
vt 0.070844 0.994242
vt 0.061986 0.994160
vt 0.041754 0.993383
vt 0.533139 0.555319
vt 0.527760 0.560570
vt 0.520198 0.557058
vt 0.520505 0.549871
vt 0.116219 0.995008
vt 0.107729 0.996260
vt 0.093017 0.996185
vt 0.086660 0.995247
vt 0.519194 0.543028
vt 0.534827 0.538893
vt 0.541016 0.543398
vt 0.547046 0.545043
vt 0.545841 0.548891
vt 0.542682 0.550352
vt 0.078066 0.993997
vt 0.082680 0.994654
vt 0.099050 0.996709
vt 0.523739 0.566810
vt 0.516184 0.568466
vt 0.537558 0.552507
vt 0.537935 0.541358
vt 0.516184 0.532819
vt 0.523411 0.525612
vt 0.125347 0.988674
vt 0.125250 0.992020
vt 0.125153 0.995366
vt 0.815975 0.191585
vt 0.815975 0.202897
vt 0.813458 0.202897
vt 0.813458 0.191585
vt 0.398637 0.023974
vt 0.397892 0.023974
vt 0.397892 0.001953
vt 0.398637 0.001953
vt 0.069659 0.643750
vt 0.069659 0.632438
vt 0.072176 0.632438
vt 0.072176 0.643750
vt 0.072176 0.688997
vt 0.072176 0.677685
vt 0.074926 0.679052
vt 0.074926 0.687631
vt 0.402999 0.007288
vt 0.402999 0.018639
vt 0.069659 0.631881
vt 0.072176 0.631881
vt 0.071431 0.833381
vt 0.071431 0.802114
vt 0.072176 0.802114
vt 0.072176 0.833381
vt 0.815975 0.001953
vt 0.815975 0.033220
vt 0.815230 0.033220
vt 0.815230 0.001953
vt 0.815975 0.112402
vt 0.815975 0.101091
vt 0.818725 0.102457
vt 0.818725 0.111036
vt 0.072176 0.711620
vt 0.072176 0.700309
vt 0.074926 0.701675
vt 0.074926 0.710254
vt 0.815975 0.135026
vt 0.815975 0.123714
vt 0.818725 0.125080
vt 0.818725 0.133660
vt 0.072176 0.734244
vt 0.072176 0.722932
vt 0.074926 0.724299
vt 0.074926 0.732878
vt 0.705125 0.156136
vt 0.698115 0.156357
vt 0.815975 0.157649
vt 0.815975 0.146338
vt 0.818725 0.147704
vt 0.818725 0.156283
vt 0.071431 0.790803
vt 0.072176 0.790803
vt 0.071431 0.779491
vt 0.072176 0.779491
vt 0.071431 0.768179
vt 0.072176 0.768179
vt 0.071431 0.756867
vt 0.072176 0.756867
vt 0.071431 0.745556
vt 0.072176 0.745556
vt 0.071431 0.734244
vt 0.071431 0.722932
vt 0.071431 0.711620
vt 0.071432 0.700309
vt 0.069659 0.694573
vt 0.069659 0.688997
vt 0.072176 0.694573
vt 0.069659 0.677685
vt 0.069659 0.666373
vt 0.072176 0.666373
vt 0.069659 0.655062
vt 0.072176 0.655062
vt 0.815975 0.044532
vt 0.815230 0.044532
vt 0.815975 0.055843
vt 0.815230 0.055843
vt 0.815975 0.067155
vt 0.815230 0.067155
vt 0.815975 0.078467
vt 0.815230 0.078467
vt 0.815975 0.089779
vt 0.815230 0.089779
vt 0.815230 0.101091
vt 0.815230 0.112402
vt 0.815230 0.123714
vt 0.815230 0.135026
vt 0.815975 0.140761
vt 0.813458 0.146338
vt 0.813458 0.140761
vt 0.813458 0.157649
vt 0.815975 0.168961
vt 0.813458 0.168961
vt 0.815975 0.180273
vt 0.813458 0.180273
vt 0.074926 0.746922
vt 0.074926 0.755501
vt 0.818725 0.170328
vt 0.818725 0.178907
vt 0.074926 0.769546
vt 0.074926 0.778125
vt 0.818725 0.079833
vt 0.818725 0.088412
vt 0.074926 0.656428
vt 0.074926 0.665007
vt 0.818725 0.057210
vt 0.818725 0.065789
vt 0.818725 0.034586
vt 0.818725 0.043165
vt 0.074926 0.792169
vt 0.074926 0.800748
vt 0.074926 0.633804
vt 0.074926 0.642384
vt 0.818725 0.192951
vt 0.818725 0.201530
vt 0.238801 0.962850
vt 0.238801 0.968455
vt 0.236112 0.968455
vt 0.236112 0.962850
vt 0.257964 0.885379
vt 0.257964 0.900820
vt 0.257424 0.900820
vt 0.245295 0.885379
vt 0.238801 0.978335
vt 0.236112 0.978335
vt 0.236112 0.933743
vt 0.238801 0.933743
vt 0.238801 0.934283
vt 0.236112 0.934283
vt 0.257964 0.876446
vt 0.245295 0.876446
vt 0.238801 0.953918
vt 0.236112 0.953918
vt 0.257964 0.871584
vt 0.248083 0.871584
vt 0.241491 0.962850
vt 0.241491 0.968455
vt 0.432435 0.343363
vt 0.419766 0.343363
vt 0.431895 0.327923
vt 0.432435 0.327923
vt 0.241491 0.978335
vt 0.241491 0.933743
vt 0.241491 0.934283
vt 0.432435 0.352296
vt 0.419766 0.352296
vt 0.241491 0.953918
vt 0.432435 0.357158
vt 0.422554 0.357158
vt 0.815961 0.284461
vt 0.815961 0.312617
vt 0.801153 0.329691
vt 0.800848 0.284461
vt 0.057049 0.550874
vt 0.057355 0.505644
vt 0.072162 0.522718
vt 0.072162 0.550874
vt 0.069645 0.567522
vt 0.072162 0.564866
vt 0.815975 0.203453
vt 0.815961 0.270468
vt 0.813443 0.267813
vt 0.813458 0.203453
vt 0.688728 0.311629
vt 0.699571 0.312539
vt 0.697523 0.329727
vt 0.686730 0.328509
vt 0.679701 0.324818
vt 0.681542 0.311641
vt 0.078360 0.532459
vt 0.078360 0.550874
vt 0.822159 0.273986
vt 0.822159 0.284461
vt 0.709380 0.314137
vt 0.707919 0.328043
vt 0.705104 0.327658
vt 0.706554 0.313880
vt 0.678787 0.311138
vt 0.830740 0.282438
vt 0.830740 0.284461
vt 0.086942 0.537144
vt 0.086942 0.550874
vt 0.815975 0.138979
vt 0.815230 0.138979
vt 0.071432 0.696355
vt 0.072176 0.696355
vt 0.078360 0.561349
vt 0.086942 0.552897
vt 0.822159 0.302875
vt 0.830740 0.298191
vt 0.676882 0.324484
vt 0.392218 0.015265
vt 0.392218 0.010662
vt 0.196337 0.843759
vt 0.201011 0.842989
vt 0.434827 0.773624
vt 0.434718 0.758239
vt 0.437178 0.758229
vt 0.437281 0.773618
vt 0.410583 0.824886
vt 0.410583 0.820495
vt 0.415767 0.820775
vt 0.415767 0.825183
vt 0.424706 0.892641
vt 0.424704 0.849220
vt 0.434824 0.849218
vt 0.434827 0.892640
vt 0.104292 0.311062
vt 0.104845 0.306740
vt 0.127720 0.310377
vt 0.127176 0.314743
vt 0.434823 0.825165
vt 0.434823 0.824124
vt 0.437277 0.824123
vt 0.437277 0.825163
vt 0.194790 0.837846
vt 0.199464 0.837077
vt 0.085965 0.355495
vt 0.075660 0.347299
vt 0.077069 0.330940
vt 0.087936 0.332431
vt 0.093320 0.363431
vt 0.096320 0.333942
vt 0.424703 0.820775
vt 0.424709 0.773617
vt 0.206846 0.768420
vt 0.215215 0.720226
vt 0.219623 0.720991
vt 0.211254 0.769185
vt 0.097131 0.305226
vt 0.102046 0.246057
vt 0.111652 0.253052
vt 0.097752 0.368215
vt 0.101392 0.334864
vt 0.124335 0.338447
vt 0.119741 0.380140
vt 0.105818 0.234391
vt 0.113451 0.239834
vt 0.071967 0.505883
vt 0.061641 0.499064
vt 0.062925 0.484965
vt 0.073597 0.486110
vt 0.312396 0.977926
vt 0.397376 0.977143
vt 0.397482 0.988710
vt 0.305517 0.989558
vt 0.108526 0.531366
vt 0.112974 0.490392
vt 0.126328 0.491842
vt 0.121880 0.532816
vt 0.136157 0.492909
vt 0.132242 0.528969
vt 0.138484 0.493162
vt 0.134569 0.529222
vt 0.084796 0.487331
vt 0.080585 0.486873
vt 0.643583 0.974905
vt 0.636466 0.986538
vt 0.124545 0.383918
vt 0.137898 0.385367
vt 0.147727 0.386434
vt 0.150054 0.386687
vt 0.396905 0.925466
vt 0.664265 0.923060
vt 0.332322 0.926267
vt 0.133878 0.261856
vt 0.096771 0.309671
vt 0.437279 0.849218
vt 0.437281 0.892640
vt 0.135269 0.250862
vt 0.410593 0.771572
vt 0.410676 0.759460
vt 0.415780 0.761358
vt 0.415775 0.773614
vt 0.424722 0.761285
vt 0.424703 0.825172
vt 0.415771 0.892641
vt 0.415768 0.849221
vt 0.410587 0.889404
vt 0.410584 0.848909
vt 0.206090 0.772771
vt 0.210502 0.773511
vt 0.217114 0.709310
vt 0.221661 0.709059
vt 0.077998 0.512263
vt 0.201985 0.796414
vt 0.206392 0.797178
vt 0.082573 0.306902
vt 0.473384 0.521799
vt 0.473382 0.537319
vt 0.452325 0.537125
vt 0.452326 0.521606
vt 0.473385 0.512446
vt 0.452327 0.512253
vt 0.456358 0.494897
vt 0.452311 0.496984
vt 0.466774 0.552839
vt 0.452294 0.552839
vt 0.448224 0.521606
vt 0.448225 0.512253
vt 0.448560 0.497567
vt 0.448036 0.552839
vt 0.448222 0.537125
vt 0.439009 0.537125
vt 0.439011 0.521606
vt 0.448665 0.492943
vt 0.439520 0.498585
vt 0.439730 0.492943
vt 0.439012 0.512253
vt 0.439316 0.552839
vt 0.431500 0.537125
vt 0.431502 0.521606
vt 0.431407 0.499248
vt 0.431503 0.512253
vt 0.431056 0.552839
vt 0.428949 0.512253
vt 0.428949 0.499192
vt 0.428949 0.521606
vt 0.428949 0.552839
vt 0.428949 0.537125
vt 0.548324 0.219478
vt 0.560824 0.219369
vt 0.560902 0.228089
vt 0.548324 0.228199
vt 0.560976 0.236349
vt 0.548324 0.236458
vt 0.560994 0.238453
vt 0.548324 0.238566
vt 0.548324 0.215220
vt 0.560786 0.215111
vt 0.548324 0.200740
vt 0.560658 0.200631
vt 0.203353 0.788533
vt 0.207762 0.789289
vt 0.204722 0.780652
vt 0.209132 0.781400
vt 0.437278 0.833181
vt 0.434824 0.833183
vt 0.437278 0.841200
vt 0.434824 0.841200
vt 0.103289 0.318994
vt 0.097002 0.317403
vt 0.102321 0.326927
vt 0.096836 0.326283
vt 0.424703 0.833188
vt 0.424704 0.841204
vt 0.085622 0.315219
vt 0.087582 0.324564
vt 0.126205 0.322646
vt 0.125258 0.330546
vt 0.415767 0.833196
vt 0.415768 0.841209
vt 0.410584 0.832894
vt 0.410584 0.840901
vt 0.069633 0.306118
vt 0.073714 0.314277
vt 0.076432 0.323318
vt 0.351811 0.514459
vt 0.348686 0.509374
vt 0.357019 0.504857
vt 0.362282 0.509024
vt 0.318412 0.600174
vt 0.320748 0.601441
vt 0.306705 0.528858
vt 0.304982 0.528860
vt 0.305072 0.520205
vt 0.306657 0.520323
vt 0.321152 0.559267
vt 0.317818 0.559470
vt 0.317781 0.556849
vt 0.321116 0.556655
vt 0.307283 0.573744
vt 0.313341 0.573767
vt 0.336616 0.558571
vt 0.323841 0.559257
vt 0.323806 0.556628
vt 0.336575 0.555973
vt 0.307113 0.559532
vt 0.305387 0.559542
vt 0.305377 0.558928
vt 0.307104 0.558915
vt 0.321442 0.597654
vt 0.323738 0.598976
vt 0.343852 0.586039
vt 0.344187 0.572251
vt 0.350405 0.571987
vt 0.350146 0.581779
vt 0.339319 0.590312
vt 0.339423 0.572658
vt 0.313107 0.556883
vt 0.312725 0.528827
vt 0.320692 0.527585
vt 0.323363 0.527527
vt 0.351094 0.554159
vt 0.362282 0.550559
vt 0.336061 0.523750
vt 0.341794 0.520218
vt 0.340849 0.555577
vt 0.336792 0.592887
vt 0.336756 0.572887
vt 0.324007 0.573547
vt 0.336008 0.516413
vt 0.340712 0.513833
vt 0.343768 0.675924
vt 0.343743 0.664115
vt 0.349834 0.664007
vt 0.349838 0.672433
vt 0.324685 0.687147
vt 0.322064 0.689060
vt 0.321534 0.664533
vt 0.324276 0.664481
vt 0.314591 0.689202
vt 0.314151 0.664665
vt 0.308733 0.686373
vt 0.308235 0.664771
vt 0.307016 0.686410
vt 0.306558 0.664801
vt 0.337839 0.664230
vt 0.339859 0.664194
vt 0.338351 0.681442
vt 0.340767 0.558234
vt 0.305556 0.573739
vt 0.323188 0.521380
vt 0.317386 0.528807
vt 0.317465 0.521992
vt 0.320657 0.521200
vt 0.312659 0.521960
vt 0.313145 0.559495
vt 0.317980 0.573760
vt 0.321295 0.573554
vt 0.340047 0.679388
vt 0.349112 0.557342
vt 0.144328 0.816999
vt 0.163924 0.816796
vt 0.163929 0.832317
vt 0.144359 0.832257
vt 0.144285 0.808044
vt 0.163921 0.807441
vt 0.160097 0.791276
vt 0.164021 0.792793
vt 0.163961 0.847050
vt 0.150421 0.846925
vt 0.168025 0.807442
vt 0.168027 0.816796
vt 0.167693 0.792755
vt 0.168032 0.832316
vt 0.168218 0.847046
vt 0.177240 0.816795
vt 0.177244 0.832315
vt 0.168114 0.789133
vt 0.176140 0.789130
vt 0.176733 0.793775
vt 0.177238 0.807442
vt 0.176938 0.847042
vt 0.184749 0.816795
vt 0.184753 0.832314
vt 0.184626 0.795176
vt 0.184747 0.807443
vt 0.185198 0.847039
vt 0.187293 0.795288
vt 0.187287 0.807444
vt 0.187288 0.816795
vt 0.187290 0.832314
vt 0.187293 0.847041
vt 0.592097 0.850188
vt 0.592119 0.858909
vt 0.580527 0.858827
vt 0.580580 0.850106
vt 0.580476 0.867086
vt 0.592140 0.867168
vt 0.592142 0.869264
vt 0.580463 0.869188
vt 0.580604 0.845848
vt 0.592086 0.845931
vt 0.592142 0.832389
vt 0.580907 0.832603
vt 0.321267 0.568797
vt 0.323952 0.568781
vt 0.321213 0.564031
vt 0.323900 0.564019
vt 0.307182 0.564276
vt 0.305456 0.564281
vt 0.307242 0.569015
vt 0.305515 0.569014
vt 0.340116 0.562803
vt 0.336685 0.563343
vt 0.339625 0.568081
vt 0.336732 0.568113
vt 0.313211 0.564252
vt 0.313274 0.569007
vt 0.346730 0.562108
vt 0.344929 0.567567
vt 0.317882 0.564232
vt 0.317938 0.568994
vt 0.356590 0.557547
vt 0.353573 0.562168
vt 0.351313 0.567429
vt 0.880130 0.016175
vt 0.878901 0.002076
vt 0.880371 0.001953
vt 0.881600 0.016049
vt 0.806877 0.001953
vt 0.809593 0.014023
vt 0.808013 0.013758
vt 0.805439 0.002283
vt 0.459504 0.882775
vt 0.444042 0.902181
vt 0.442866 0.901290
vt 0.458352 0.881853
vt 0.892136 0.153904
vt 0.893606 0.153777
vt 0.806841 0.022360
vt 0.805439 0.021900
vt 0.770184 0.238824
vt 0.770184 0.247083
vt 0.768709 0.247081
vt 0.768709 0.238821
vt 0.770184 0.236720
vt 0.768709 0.236720
vt 0.770184 0.255804
vt 0.770184 0.260062
vt 0.768709 0.260059
vt 0.768709 0.255802
vt 0.770184 0.274543
vt 0.768867 0.273307
vt 0.889353 0.196357
vt 0.891864 0.187547
vt 0.893312 0.187841
vt 0.890767 0.196784
vt 0.893398 0.178124
vt 0.894872 0.178245
vt 0.893572 0.170373
vt 0.895048 0.170324
vt 0.201011 0.842989
vt 0.196337 0.843759
vt 0.434827 0.773624
vt 0.434718 0.758239
vt 0.410583 0.824886
vt 0.415767 0.825183
vt 0.415767 0.820775
vt 0.410583 0.820495
vt 0.424706 0.892641
vt 0.434827 0.892640
vt 0.434824 0.849218
vt 0.424704 0.849220
vt 0.104292 0.311062
vt 0.127176 0.314743
vt 0.127720 0.310377
vt 0.104845 0.306740
vt 0.434823 0.825165
vt 0.434823 0.824124
vt 0.199464 0.837077
vt 0.194790 0.837846
vt 0.085965 0.355495
vt 0.087936 0.332431
vt 0.077069 0.330940
vt 0.075660 0.347299
vt 0.093320 0.363431
vt 0.096320 0.333942
vt 0.424703 0.820775
vt 0.424709 0.773617
vt 0.206846 0.768420
vt 0.211254 0.769185
vt 0.219623 0.720991
vt 0.215215 0.720226
vt 0.111652 0.253052
vt 0.102046 0.246057
vt 0.097131 0.305226
vt 0.097752 0.368215
vt 0.101392 0.334864
vt 0.119741 0.380140
vt 0.124335 0.338447
vt 0.113451 0.239834
vt 0.105818 0.234391
vt 0.071967 0.505883
vt 0.073597 0.486110
vt 0.062925 0.484965
vt 0.061641 0.499064
vt 0.312396 0.977926
vt 0.305517 0.989558
vt 0.397482 0.988710
vt 0.397376 0.977143
vt 0.108526 0.531366
vt 0.121880 0.532816
vt 0.126328 0.491842
vt 0.112974 0.490392
vt 0.132242 0.528969
vt 0.136157 0.492909
vt 0.084796 0.487331
vt 0.080585 0.486873
vt 0.636466 0.986538
vt 0.643583 0.974905
vt 0.137898 0.385367
vt 0.124545 0.383918
vt 0.147727 0.386434
vt 0.396905 0.925466
vt 0.664265 0.923060
vt 0.332322 0.926267
vt 0.133878 0.261856
vt 0.096771 0.309671
vt 0.135269 0.250862
vt 0.410593 0.771572
vt 0.415775 0.773614
vt 0.415780 0.761358
vt 0.410676 0.759460
vt 0.424722 0.761285
vt 0.424703 0.825172
vt 0.415771 0.892641
vt 0.415768 0.849221
vt 0.410587 0.889404
vt 0.410584 0.848909
vt 0.206090 0.772771
vt 0.210502 0.773511
vt 0.221661 0.709059
vt 0.217114 0.709310
vt 0.077998 0.512263
vt 0.206392 0.797178
vt 0.201985 0.796414
vt 0.082573 0.306902
vt 0.473384 0.521799
vt 0.452326 0.521606
vt 0.452325 0.537125
vt 0.473382 0.537319
vt 0.473385 0.512446
vt 0.452327 0.512253
vt 0.456358 0.494897
vt 0.452311 0.496984
vt 0.452294 0.552839
vt 0.466774 0.552839
vt 0.448225 0.512253
vt 0.448224 0.521606
vt 0.448560 0.497567
vt 0.448222 0.537125
vt 0.448036 0.552839
vt 0.439011 0.521606
vt 0.439009 0.537125
vt 0.448665 0.492943
vt 0.439730 0.492943
vt 0.439520 0.498585
vt 0.439012 0.512253
vt 0.439316 0.552839
vt 0.431502 0.521606
vt 0.431500 0.537125
vt 0.431407 0.499248
vt 0.431503 0.512253
vt 0.431056 0.552839
vt 0.548324 0.219478
vt 0.548324 0.228199
vt 0.560902 0.228089
vt 0.560824 0.219369
vt 0.560976 0.236349
vt 0.548324 0.236458
vt 0.560786 0.215111
vt 0.548324 0.215220
vt 0.548324 0.200740
vt 0.560658 0.200631
vt 0.207762 0.789289
vt 0.203353 0.788533
vt 0.209132 0.781400
vt 0.204722 0.780652
vt 0.434824 0.833183
vt 0.434824 0.841200
vt 0.097002 0.317403
vt 0.103289 0.318994
vt 0.096836 0.326283
vt 0.102321 0.326927
vt 0.424703 0.833188
vt 0.424704 0.841204
vt 0.085622 0.315219
vt 0.087582 0.324564
vt 0.126205 0.322646
vt 0.125258 0.330546
vt 0.415767 0.833196
vt 0.415768 0.841209
vt 0.410584 0.832894
vt 0.410584 0.840901
vt 0.069633 0.306118
vt 0.073714 0.314277
vt 0.076432 0.323318
vt 0.351811 0.514459
vt 0.362282 0.509024
vt 0.357019 0.504857
vt 0.348686 0.509374
vt 0.320748 0.601441
vt 0.318412 0.600174
vt 0.306705 0.528858
vt 0.306657 0.520323
vt 0.321152 0.559267
vt 0.321116 0.556655
vt 0.317781 0.556849
vt 0.317818 0.559470
vt 0.313341 0.573767
vt 0.307283 0.573744
vt 0.336616 0.558571
vt 0.336575 0.555973
vt 0.323806 0.556628
vt 0.323841 0.559257
vt 0.307113 0.559532
vt 0.307104 0.558915
vt 0.323738 0.598976
vt 0.321442 0.597654
vt 0.343852 0.586039
vt 0.350146 0.581779
vt 0.350405 0.571987
vt 0.344187 0.572251
vt 0.339319 0.590312
vt 0.339423 0.572658
vt 0.313107 0.556883
vt 0.312725 0.528827
vt 0.323363 0.527527
vt 0.320692 0.527585
vt 0.351094 0.554159
vt 0.362282 0.550559
vt 0.340849 0.555577
vt 0.341794 0.520218
vt 0.336061 0.523750
vt 0.336792 0.592887
vt 0.336756 0.572887
vt 0.324007 0.573547
vt 0.340712 0.513833
vt 0.336008 0.516413
vt 0.343768 0.675924
vt 0.349838 0.672433
vt 0.349834 0.664007
vt 0.343743 0.664115
vt 0.324685 0.687147
vt 0.324276 0.664481
vt 0.321534 0.664533
vt 0.322064 0.689060
vt 0.314151 0.664665
vt 0.314591 0.689202
vt 0.308235 0.664771
vt 0.308733 0.686373
vt 0.337839 0.664230
vt 0.339859 0.664194
vt 0.338351 0.681442
vt 0.340767 0.558234
vt 0.323188 0.521380
vt 0.320657 0.521200
vt 0.317465 0.521992
vt 0.317386 0.528807
vt 0.312659 0.521960
vt 0.313145 0.559495
vt 0.317980 0.573760
vt 0.321295 0.573554
vt 0.340047 0.679388
vt 0.349112 0.557342
vt 0.144328 0.816999
vt 0.144359 0.832257
vt 0.163929 0.832317
vt 0.163924 0.816796
vt 0.144285 0.808044
vt 0.163921 0.807441
vt 0.160097 0.791276
vt 0.164021 0.792793
vt 0.150421 0.846925
vt 0.163961 0.847050
vt 0.168027 0.816796
vt 0.168025 0.807442
vt 0.167693 0.792755
vt 0.168218 0.847046
vt 0.168032 0.832316
vt 0.177244 0.832315
vt 0.177240 0.816795
vt 0.168114 0.789133
vt 0.176733 0.793775
vt 0.176140 0.789130
vt 0.177238 0.807442
vt 0.176938 0.847042
vt 0.184753 0.832314
vt 0.184749 0.816795
vt 0.184626 0.795176
vt 0.184747 0.807443
vt 0.185198 0.847039
vt 0.592097 0.850188
vt 0.580580 0.850106
vt 0.580527 0.858827
vt 0.592119 0.858909
vt 0.580476 0.867086
vt 0.592140 0.867168
vt 0.592086 0.845931
vt 0.580604 0.845848
vt 0.592142 0.832389
vt 0.580907 0.832603
vt 0.323952 0.568781
vt 0.321267 0.568797
vt 0.323900 0.564019
vt 0.321213 0.564031
vt 0.307182 0.564276
vt 0.307242 0.569015
vt 0.336685 0.563343
vt 0.340116 0.562803
vt 0.336732 0.568113
vt 0.339625 0.568081
vt 0.313211 0.564252
vt 0.313274 0.569007
vt 0.346730 0.562108
vt 0.344929 0.567567
vt 0.317882 0.564232
vt 0.317938 0.568994
vt 0.356590 0.557547
vt 0.353573 0.562168
vt 0.351313 0.567429
vt 0.880130 0.016175
vt 0.881600 0.016049
vt 0.880371 0.001953
vt 0.878901 0.002076
vt 0.806877 0.001953
vt 0.805439 0.002283
vt 0.808013 0.013758
vt 0.809593 0.014023
vt 0.459504 0.882775
vt 0.458352 0.881853
vt 0.442866 0.901290
vt 0.444042 0.902181
vt 0.892136 0.153904
vt 0.893606 0.153777
vt 0.805439 0.021900
vt 0.806841 0.022360
vt 0.770184 0.238824
vt 0.768709 0.238821
vt 0.768709 0.247081
vt 0.770184 0.247083
vt 0.770184 0.255804
vt 0.768709 0.255802
vt 0.768709 0.260059
vt 0.770184 0.260062
vt 0.768867 0.273307
vt 0.770184 0.274543
vt 0.889353 0.196357
vt 0.890767 0.196784
vt 0.893312 0.187841
vt 0.891864 0.187547
vt 0.894872 0.178245
vt 0.893398 0.178124
vt 0.895048 0.170324
vt 0.893572 0.170373
vt 0.647452 0.109433
vt 0.647245 0.109819
vt 0.643152 0.110243
vt 0.643648 0.109270
vt 0.639596 0.090109
vt 0.638908 0.091666
vt 0.635143 0.091924
vt 0.635768 0.089903
vt 0.631545 0.092103
vt 0.631898 0.089783
vt 0.628041 0.092198
vt 0.628009 0.089774
vt 0.624535 0.092208
vt 0.624127 0.089885
vt 0.620936 0.092132
vt 0.620280 0.090101
vt 0.617175 0.091965
vt 0.616479 0.090394
vt 0.613231 0.091712
vt 0.612723 0.090741
vt 0.609187 0.091457
vt 0.608972 0.091072
vt 0.588080 0.091169
vt 0.588115 0.090989
vt 0.646778 0.058398
vt 0.646992 0.058780
vt 0.643226 0.059125
vt 0.642722 0.058159
vt 0.642918 0.096034
vt 0.643433 0.096985
vt 0.639666 0.097433
vt 0.638960 0.095885
vt 0.668406 0.108721
vt 0.668448 0.108897
vt 0.647197 0.096537
vt 0.646977 0.096163
vt 0.668121 0.095659
vt 0.668088 0.095838
vt 0.647037 0.077678
vt 0.646821 0.077299
vt 0.667930 0.077132
vt 0.667895 0.077312
vt 0.667914 0.058529
vt 0.667877 0.058709
vt 0.646882 0.039479
vt 0.647092 0.039864
vt 0.643289 0.040147
vt 0.642790 0.039171
vt 0.643281 0.078067
vt 0.642774 0.077108
vt 0.647403 0.114938
vt 0.647633 0.115305
vt 0.643827 0.115856
vt 0.643286 0.114923
vt 0.646927 0.131049
vt 0.648366 0.128053
vt 0.669253 0.127136
vt 0.669973 0.129890
vt 0.608859 0.017375
vt 0.607397 0.020755
vt 0.586544 0.021582
vt 0.585790 0.018470
vt 0.608146 0.033985
vt 0.608502 0.034604
vt 0.587163 0.035276
vt 0.587225 0.034837
vt 0.608655 0.053201
vt 0.608875 0.053578
vt 0.587721 0.053887
vt 0.587754 0.053707
vt 0.608849 0.072118
vt 0.609065 0.072499
vt 0.587965 0.072509
vt 0.588000 0.072329
vt 0.612822 0.017033
vt 0.611331 0.020833
vt 0.609008 0.110041
vt 0.609222 0.110429
vt 0.588013 0.109754
vt 0.588051 0.109577
vt 0.611992 0.033504
vt 0.612616 0.034673
vt 0.612426 0.052787
vt 0.612942 0.053744
vt 0.612602 0.071748
vt 0.613111 0.072711
vt 0.616672 0.016650
vt 0.615308 0.020908
vt 0.612792 0.109787
vt 0.613298 0.110770
vt 0.615846 0.033011
vt 0.616640 0.034777
vt 0.616203 0.052370
vt 0.616910 0.053925
vt 0.616360 0.071369
vt 0.617058 0.072931
vt 0.620391 0.016295
vt 0.619368 0.020934
vt 0.616576 0.109504
vt 0.617274 0.111096
vt 0.619751 0.032594
vt 0.620479 0.034837
vt 0.620028 0.052026
vt 0.620692 0.054045
vt 0.620164 0.071056
vt 0.620820 0.073078
vt 0.623999 0.016030
vt 0.623496 0.020918
vt 0.620401 0.109256
vt 0.621062 0.111313
vt 0.623706 0.032295
vt 0.624154 0.034850
vt 0.623900 0.051782
vt 0.624310 0.054099
vt 0.624016 0.070831
vt 0.624421 0.073146
vt 0.627548 0.015895
vt 0.627658 0.020867
vt 0.624268 0.109058
vt 0.624684 0.111409
vt 0.627695 0.032154
vt 0.627731 0.034822
vt 0.627806 0.051667
vt 0.627834 0.054090
vt 0.627901 0.070723
vt 0.627929 0.073141
vt 0.631104 0.015901
vt 0.631809 0.020786
vt 0.628167 0.108936
vt 0.628212 0.111389
vt 0.631691 0.032194
vt 0.631303 0.034753
vt 0.631717 0.051700
vt 0.631354 0.054017
vt 0.631793 0.070749
vt 0.631434 0.073061
vt 0.634728 0.016039
vt 0.635911 0.020681
vt 0.632078 0.108906
vt 0.631739 0.111254
vt 0.635661 0.032402
vt 0.634968 0.034645
vt 0.635606 0.051869
vt 0.634966 0.053882
vt 0.635663 0.070896
vt 0.635031 0.072909
vt 0.646933 0.034192
vt 0.647282 0.033567
vt 0.668183 0.034170
vt 0.668251 0.034611
vt 0.635974 0.108963
vt 0.635363 0.111009
vt 0.639581 0.032739
vt 0.638800 0.034500
vt 0.639449 0.052145
vt 0.638746 0.053690
vt 0.639488 0.071139
vt 0.638794 0.072688
vt 0.638464 0.016277
vt 0.639938 0.020555
vt 0.642822 0.034327
vt 0.643441 0.033159
vt 0.647009 0.052845
vt 0.646792 0.053225
vt 0.642720 0.053450
vt 0.643236 0.052498
vt 0.647020 0.071751
vt 0.646806 0.072133
vt 0.642751 0.072408
vt 0.643260 0.071451
vt 0.647137 0.090624
vt 0.646925 0.091009
vt 0.642867 0.091338
vt 0.643372 0.090375
vt 0.639835 0.109090
vt 0.639159 0.110665
vt 0.646296 0.016842
vt 0.647799 0.020243
vt 0.643884 0.020396
vt 0.642326 0.016567
vt 0.638792 0.038867
vt 0.639479 0.040448
vt 0.635624 0.040699
vt 0.634976 0.038654
vt 0.631722 0.040884
vt 0.631321 0.038546
vt 0.627789 0.040981
vt 0.627760 0.038541
vt 0.623848 0.040974
vt 0.624200 0.038638
vt 0.619925 0.040872
vt 0.620548 0.038837
vt 0.616045 0.040696
vt 0.616727 0.039129
vt 0.612217 0.040466
vt 0.612716 0.039497
vt 0.608404 0.040254
vt 0.608610 0.039869
vt 0.587432 0.040753
vt 0.587390 0.040575
vt 0.669355 0.017692
vt 0.668634 0.020841
vt 0.638764 0.057916
vt 0.639457 0.059481
vt 0.635641 0.059777
vt 0.634990 0.057752
vt 0.631780 0.059990
vt 0.631377 0.057672
vt 0.627886 0.060093
vt 0.627859 0.057673
vt 0.623986 0.060070
vt 0.624343 0.057753
vt 0.620107 0.059932
vt 0.620735 0.057914
vt 0.616273 0.059703
vt 0.616961 0.058149
vt 0.612491 0.059411
vt 0.612996 0.058449
vt 0.608721 0.059133
vt 0.608932 0.058749
vt 0.587843 0.059294
vt 0.587804 0.059115
vt 0.667907 0.053114
vt 0.667942 0.053294
vt 0.638826 0.076906
vt 0.639522 0.078462
vt 0.635717 0.078788
vt 0.635063 0.076771
vt 0.631867 0.079022
vt 0.631462 0.076709
vt 0.627984 0.079135
vt 0.627955 0.076718
vt 0.624095 0.079111
vt 0.624452 0.076796
vt 0.620229 0.078958
vt 0.620857 0.076944
vt 0.616408 0.078706
vt 0.617098 0.077156
vt 0.612640 0.078380
vt 0.613146 0.077423
vt 0.608885 0.078062
vt 0.609097 0.077680
vt 0.588043 0.077938
vt 0.588005 0.077758
vt 0.667876 0.071724
vt 0.667913 0.071903
vt 0.635854 0.097807
vt 0.635190 0.095792
vt 0.631997 0.098078
vt 0.631584 0.095760
vt 0.628109 0.098214
vt 0.628074 0.095787
vt 0.624216 0.098195
vt 0.624569 0.095871
vt 0.620346 0.098032
vt 0.620973 0.096012
vt 0.616521 0.097754
vt 0.617212 0.096204
vt 0.612749 0.097390
vt 0.613258 0.096436
vt 0.608991 0.097025
vt 0.609205 0.096646
vt 0.588120 0.096590
vt 0.588083 0.096410
vt 0.668009 0.090281
vt 0.668047 0.090459
vt 0.640017 0.116421
vt 0.639274 0.114890
vt 0.636161 0.116912
vt 0.635457 0.114900
vt 0.632260 0.117284
vt 0.631812 0.114947
vt 0.628327 0.117484
vt 0.628269 0.115021
vt 0.624385 0.117478
vt 0.624732 0.115119
vt 0.620465 0.117273
vt 0.621101 0.115236
vt 0.616587 0.116912
vt 0.617296 0.115367
vt 0.612763 0.116446
vt 0.613289 0.115505
vt 0.608954 0.115975
vt 0.609177 0.115603
vt 0.587957 0.115137
vt 0.587925 0.114957
vt 0.668636 0.114066
vt 0.668606 0.114246
vt 0.608557 0.128841
vt 0.610025 0.131853
vt 0.586798 0.130811
vt 0.587518 0.128046
vt 0.612466 0.128776
vt 0.614016 0.132273
vt 0.616403 0.128727
vt 0.617924 0.132726
vt 0.620412 0.128687
vt 0.621711 0.133090
vt 0.624479 0.128605
vt 0.625364 0.133273
vt 0.628571 0.128469
vt 0.628907 0.133231
vt 0.632651 0.128299
vt 0.632388 0.132964
vt 0.636683 0.128134
vt 0.635873 0.132518
vt 0.640642 0.128021
vt 0.639432 0.131976
vt 0.644518 0.128005
vt 0.643119 0.131451
vt 0.644363 0.029122
vt 0.648358 0.029359
vt 0.644518 0.024467
vt 0.648540 0.024493
vt 0.640314 0.028881
vt 0.640438 0.024448
vt 0.636176 0.028684
vt 0.636260 0.024433
vt 0.631956 0.028569
vt 0.631994 0.024443
vt 0.627689 0.028566
vt 0.627671 0.024490
vt 0.623421 0.028685
vt 0.623344 0.024572
vt 0.619201 0.028905
vt 0.619063 0.024677
vt 0.615059 0.029193
vt 0.614867 0.024791
vt 0.611005 0.029513
vt 0.610768 0.024892
vt 0.607002 0.029818
vt 0.606731 0.024987
vt 0.587039 0.030420
vt 0.586810 0.026006
vt 0.668447 0.025282
vt 0.668297 0.029721
vt 0.644093 0.048580
vt 0.648014 0.048735
vt 0.644112 0.044075
vt 0.648043 0.043994
vt 0.640129 0.048427
vt 0.640140 0.044173
vt 0.636085 0.048311
vt 0.636089 0.044264
vt 0.631966 0.048248
vt 0.631964 0.044346
vt 0.627804 0.048256
vt 0.627792 0.044407
vt 0.623642 0.048339
vt 0.623618 0.044440
vt 0.619527 0.048486
vt 0.619486 0.044446
vt 0.615485 0.048677
vt 0.615425 0.044432
vt 0.611522 0.048897
vt 0.611444 0.044403
vt 0.607600 0.049113
vt 0.607507 0.044384
vt 0.587672 0.049383
vt 0.587564 0.045068
vt 0.668056 0.040116
vt 0.667982 0.044443
vt 0.667935 0.048773
vt 0.644091 0.067530
vt 0.647993 0.067632
vt 0.644078 0.063033
vt 0.647982 0.062894
vt 0.640149 0.067424
vt 0.640137 0.063183
vt 0.636128 0.067346
vt 0.636118 0.063318
vt 0.632035 0.067308
vt 0.632026 0.063427
vt 0.627899 0.067324
vt 0.627888 0.063495
vt 0.623765 0.067397
vt 0.623749 0.063515
vt 0.619676 0.067518
vt 0.619653 0.063487
vt 0.615662 0.067670
vt 0.615629 0.063425
vt 0.611726 0.067842
vt 0.611684 0.063341
vt 0.607828 0.068005
vt 0.607779 0.063262
vt 0.587961 0.067982
vt 0.587909 0.063640
vt 0.667862 0.063046
vt 0.667862 0.067382
vt 0.644183 0.086448
vt 0.648086 0.086500
vt 0.644149 0.081958
vt 0.648048 0.081771
vt 0.640241 0.086388
vt 0.640214 0.082151
vt 0.636223 0.086347
vt 0.636202 0.082321
vt 0.632133 0.086337
vt 0.632117 0.082454
vt 0.628002 0.086368
vt 0.627988 0.082536
vt 0.623875 0.086443
vt 0.623858 0.082555
vt 0.619793 0.086551
vt 0.619772 0.082514
vt 0.615786 0.086679
vt 0.615759 0.082427
vt 0.611856 0.086818
vt 0.611824 0.082308
vt 0.607962 0.086939
vt 0.607929 0.082186
vt 0.588104 0.086643
vt 0.588079 0.082295
vt 0.667916 0.081638
vt 0.667955 0.085959
vt 0.644415 0.105336
vt 0.648344 0.105311
vt 0.644336 0.100856
vt 0.648250 0.100602
vt 0.640447 0.105353
vt 0.640384 0.101115
vt 0.636404 0.105383
vt 0.636358 0.101343
vt 0.632294 0.105429
vt 0.632261 0.101523
vt 0.628147 0.105495
vt 0.628122 0.101633
vt 0.624006 0.105579
vt 0.623983 0.101659
vt 0.619911 0.105669
vt 0.619889 0.101604
vt 0.615886 0.105757
vt 0.615866 0.101483
vt 0.611937 0.105839
vt 0.611921 0.101317
vt 0.608024 0.105894
vt 0.608016 0.101140
vt 0.588100 0.105259
vt 0.588120 0.100933
vt 0.668165 0.100137
vt 0.668271 0.104428
vt 0.668789 0.118530
vt 0.648809 0.119310
vt 0.669008 0.122822
vt 0.649074 0.123965
vt 0.587715 0.123743
vt 0.607746 0.124739
vt 0.587859 0.119445
vt 0.607883 0.120040
vt 0.611762 0.124837
vt 0.611861 0.120344
vt 0.615826 0.124939
vt 0.615885 0.120646
vt 0.619973 0.125017
vt 0.619988 0.120884
vt 0.624196 0.125020
vt 0.624161 0.121005
vt 0.628461 0.124926
vt 0.628374 0.120968
vt 0.632719 0.124745
vt 0.632584 0.120772
vt 0.636927 0.124516
vt 0.636746 0.120455
vt 0.641052 0.124288
vt 0.640835 0.120073
vt 0.645089 0.124104
vt 0.644843 0.119675
vt 0.668095 0.039938
vt 0.623404 0.002133
vt 0.627232 0.001991
vt 0.642933 0.002387
vt 0.646968 0.002620
vt 0.615686 0.002657
vt 0.619563 0.002365
vt 0.634971 0.002019
vt 0.638926 0.002173
vt 0.607821 0.003282
vt 0.611769 0.002974
vt 0.631078 0.001953
vt 0.669973 0.003569
vt 0.585055 0.004338
vt 0.647951 0.336580
vt 0.647951 0.533438
vt 0.644433 0.533438
vt 0.644433 0.336580
vt 0.641029 0.533438
vt 0.641029 0.336580
vt 0.637654 0.533438
vt 0.637654 0.336580
vt 0.634304 0.533438
vt 0.634304 0.336580
vt 0.630968 0.533438
vt 0.630968 0.336580
vt 0.712407 0.336580
vt 0.712407 0.533438
vt 0.709071 0.533438
vt 0.709071 0.336580
vt 0.705721 0.533438
vt 0.705721 0.336580
vt 0.702346 0.533438
vt 0.702346 0.336580
vt 0.698942 0.533438
vt 0.698942 0.336580
vt 0.695513 0.533438
vt 0.695513 0.336580
vt 0.692069 0.533438
vt 0.692069 0.336580
vt 0.688626 0.533438
vt 0.688626 0.336580
vt 0.685197 0.533438
vt 0.685197 0.336580
vt 0.681792 0.533438
vt 0.681792 0.336580
vt 0.678417 0.533438
vt 0.678417 0.336580
vt 0.675067 0.533438
vt 0.675067 0.336580
vt 0.671732 0.533438
vt 0.671732 0.336580
vt 0.668396 0.533438
vt 0.668396 0.336580
vt 0.665046 0.533438
vt 0.665046 0.336580
vt 0.661671 0.533438
vt 0.661671 0.336580
vt 0.658267 0.533438
vt 0.658267 0.336580
vt 0.654837 0.533438
vt 0.654837 0.336580
vt 0.651394 0.533438
vt 0.651394 0.336580
vt 0.028306 0.906739
vt 0.023526 0.907308
vt 0.023476 0.900409
vt 0.026728 0.900025
vt 0.020223 0.900057
vt 0.021226 0.895653
vt 0.023469 0.895895
vt 0.006667 0.899276
vt 0.004093 0.895198
vt 0.010297 0.892176
vt 0.012039 0.894945
vt 0.004096 0.876514
vt 0.006672 0.872437
vt 0.012067 0.876740
vt 0.010316 0.879503
vt 0.032866 0.866629
vt 0.036915 0.869229
vt 0.032601 0.874625
vt 0.029849 0.872834
vt 0.036872 0.902553
vt 0.032831 0.905123
vt 0.029816 0.898923
vt 0.032589 0.897156
vt 0.014179 0.905225
vt 0.010087 0.902675
vt 0.014356 0.897254
vt 0.017131 0.898988
vt 0.001953 0.885856
vt 0.002496 0.881064
vt 0.009226 0.882588
vt 0.008854 0.885838
vt 0.014189 0.866491
vt 0.018750 0.864924
vt 0.020267 0.871654
vt 0.017171 0.872713
vt 0.023546 0.864417
vt 0.028332 0.864995
vt 0.026770 0.871714
vt 0.023521 0.871315
vt 0.042826 0.895256
vt 0.040240 0.899189
vt 0.034915 0.894802
vt 0.036689 0.891961
vt 0.018736 0.906795
vt 0.002494 0.890648
vt 0.009217 0.889089
vt 0.010094 0.869039
vt 0.014391 0.874438
vt 0.040281 0.872643
vt 0.034886 0.877005
vt 0.042826 0.876655
vt 0.036595 0.879866
vt 0.534550 0.871336
vt 0.534550 0.869146
vt 0.567212 0.869146
vt 0.567212 0.871336
vt 0.031253 0.879661
vt 0.029704 0.878061
vt 0.014374 0.881491
vt 0.013626 0.883618
vt 0.019093 0.894918
vt 0.032349 0.881564
vt 0.015578 0.879584
vt 0.017178 0.893725
vt 0.031309 0.892072
vt 0.032446 0.890169
vt 0.017178 0.877994
vt 0.015578 0.892135
vt 0.029737 0.893668
vt 0.019092 0.876802
vt 0.023464 0.875828
vt 0.021223 0.876068
vt 0.014374 0.890228
vt 0.027836 0.894875
vt 0.025700 0.876094
vt 0.013626 0.888100
vt 0.025710 0.895630
vt 0.027817 0.876851
vt 0.013373 0.885859
vt 0.534550 0.866956
vt 0.534550 0.864767
vt 0.567212 0.864767
vt 0.567212 0.866956
vt 0.534550 0.886663
vt 0.534550 0.884473
vt 0.567212 0.884473
vt 0.567212 0.886663
vt 0.534550 0.901990
vt 0.534550 0.899801
vt 0.567212 0.899801
vt 0.567212 0.901990
vt 0.534550 0.862577
vt 0.567212 0.862577
vt 0.534550 0.882284
vt 0.567212 0.882284
vt 0.534550 0.897611
vt 0.567212 0.897611
vt 0.534550 0.860387
vt 0.567212 0.860387
vt 0.534550 0.880094
vt 0.567212 0.880094
vt 0.534550 0.895421
vt 0.567212 0.895421
vt 0.534550 0.858198
vt 0.567212 0.858198
vt 0.534550 0.877904
vt 0.567212 0.877904
vt 0.534550 0.893232
vt 0.567212 0.893232
vt 0.534550 0.856008
vt 0.567212 0.856008
vt 0.534550 0.875715
vt 0.567212 0.875715
vt 0.534550 0.891042
vt 0.567212 0.891042
vt 0.534550 0.853819
vt 0.567212 0.853819
vt 0.534550 0.873525
vt 0.567212 0.873525
vt 0.534550 0.888853
vt 0.567212 0.888853
vt 0.534550 0.906370
vt 0.534550 0.904180
vt 0.567212 0.904180
vt 0.567212 0.906370
vt 0.647951 0.336580
vt 0.644433 0.336580
vt 0.644433 0.533438
vt 0.647951 0.533438
vt 0.641029 0.336580
vt 0.641029 0.533438
vt 0.637654 0.336580
vt 0.637654 0.533438
vt 0.634304 0.336580
vt 0.634304 0.533438
vt 0.630968 0.336580
vt 0.630968 0.533438
vt 0.712407 0.336580
vt 0.709071 0.336580
vt 0.709071 0.533438
vt 0.712407 0.533438
vt 0.705721 0.336580
vt 0.705721 0.533438
vt 0.702346 0.336580
vt 0.702346 0.533438
vt 0.698942 0.336580
vt 0.698942 0.533438
vt 0.695513 0.336580
vt 0.695513 0.533438
vt 0.692069 0.336580
vt 0.692069 0.533438
vt 0.688626 0.336580
vt 0.688626 0.533438
vt 0.685197 0.336580
vt 0.685197 0.533438
vt 0.681792 0.336580
vt 0.681792 0.533438
vt 0.678417 0.336580
vt 0.678417 0.533438
vt 0.675067 0.336580
vt 0.675067 0.533438
vt 0.671732 0.336580
vt 0.671732 0.533438
vt 0.668396 0.336580
vt 0.668396 0.533438
vt 0.665046 0.336580
vt 0.665046 0.533438
vt 0.661671 0.336580
vt 0.661671 0.533438
vt 0.658267 0.336580
vt 0.658267 0.533438
vt 0.654837 0.336580
vt 0.654837 0.533438
vt 0.028306 0.906739
vt 0.026728 0.900025
vt 0.023476 0.900409
vt 0.023526 0.907308
vt 0.023469 0.895895
vt 0.021226 0.895653
vt 0.020223 0.900057
vt 0.006667 0.899276
vt 0.012039 0.894945
vt 0.010297 0.892176
vt 0.004093 0.895198
vt 0.004096 0.876514
vt 0.010316 0.879503
vt 0.012067 0.876740
vt 0.006672 0.872437
vt 0.032866 0.866629
vt 0.029849 0.872834
vt 0.032601 0.874625
vt 0.036915 0.869229
vt 0.036872 0.902553
vt 0.032589 0.897156
vt 0.029816 0.898923
vt 0.032831 0.905123
vt 0.014179 0.905225
vt 0.017131 0.898988
vt 0.014356 0.897254
vt 0.010087 0.902675
vt 0.001953 0.885856
vt 0.008854 0.885838
vt 0.009226 0.882588
vt 0.002496 0.881064
vt 0.014189 0.866491
vt 0.017171 0.872713
vt 0.020267 0.871654
vt 0.023546 0.864417
vt 0.023521 0.871315
vt 0.026770 0.871714
vt 0.028332 0.864995
vt 0.042826 0.895256
vt 0.036689 0.891961
vt 0.034915 0.894802
vt 0.040240 0.899189
vt 0.018736 0.906795
vt 0.009217 0.889089
vt 0.002494 0.890648
vt 0.014391 0.874438
vt 0.010094 0.869039
vt 0.034886 0.877005
vt 0.040281 0.872643
vt 0.036595 0.879866
vt 0.042826 0.876655
vt 0.534550 0.871336
vt 0.567212 0.871336
vt 0.567212 0.869146
vt 0.534550 0.869146
vt 0.029704 0.878061
vt 0.031253 0.879661
vt 0.013626 0.883618
vt 0.014374 0.881491
vt 0.019093 0.894918
vt 0.032349 0.881564
vt 0.015578 0.879584
vt 0.017178 0.893725
vt 0.032446 0.890169
vt 0.031309 0.892072
vt 0.017178 0.877994
vt 0.015578 0.892135
vt 0.029737 0.893668
vt 0.019092 0.876802
vt 0.021223 0.876068
vt 0.023464 0.875828
vt 0.014374 0.890228
vt 0.027836 0.894875
vt 0.025700 0.876094
vt 0.013626 0.888100
vt 0.025710 0.895630
vt 0.027817 0.876851
vt 0.013373 0.885859
vt 0.534550 0.866956
vt 0.567212 0.866956
vt 0.567212 0.864767
vt 0.534550 0.864767
vt 0.534550 0.886663
vt 0.567212 0.886663
vt 0.567212 0.884473
vt 0.534550 0.884473
vt 0.534550 0.901990
vt 0.567212 0.901990
vt 0.567212 0.899801
vt 0.534550 0.899801
vt 0.567212 0.862577
vt 0.534550 0.862577
vt 0.567212 0.882284
vt 0.534550 0.882284
vt 0.567212 0.897611
vt 0.534550 0.897611
vt 0.567212 0.860387
vt 0.534550 0.860387
vt 0.567212 0.880094
vt 0.534550 0.880094
vt 0.567212 0.895421
vt 0.534550 0.895421
vt 0.567212 0.858198
vt 0.534550 0.858198
vt 0.567212 0.877904
vt 0.534550 0.877904
vt 0.567212 0.893232
vt 0.534550 0.893232
vt 0.567212 0.856008
vt 0.534550 0.856008
vt 0.567212 0.875715
vt 0.534550 0.875715
vt 0.567212 0.891042
vt 0.534550 0.891042
vt 0.567212 0.853819
vt 0.534550 0.853819
vt 0.567212 0.873525
vt 0.534550 0.873525
vt 0.567212 0.888853
vt 0.534550 0.888853
vt 0.534550 0.906370
vt 0.567212 0.906370
vt 0.567212 0.904180
vt 0.534550 0.904180
vt 0.512312 0.208374
vt 0.509906 0.208590
vt 0.509855 0.204544
vt 0.512274 0.204309
vt 0.507268 0.208717
vt 0.507181 0.204673
vt 0.509791 0.200051
vt 0.512222 0.199795
vt 0.507082 0.200186
vt 0.514706 0.211460
vt 0.512349 0.211777
vt 0.514636 0.208015
vt 0.509955 0.211980
vt 0.507345 0.212111
vt 0.504578 0.212204
vt 0.504470 0.208806
vt 0.504343 0.204762
vt 0.504201 0.200277
vt 0.504052 0.195561
vt 0.506973 0.195464
vt 0.509719 0.195320
vt 0.512162 0.195046
vt 0.514445 0.199346
vt 0.514329 0.194558
vt 0.514551 0.203905
vt 0.524299 0.206113
vt 0.520571 0.206840
vt 0.520128 0.202640
vt 0.523560 0.201972
vt 0.517317 0.207490
vt 0.517096 0.203316
vt 0.519572 0.198097
vt 0.522590 0.197739
vt 0.516825 0.198707
vt 0.529046 0.209049
vt 0.524825 0.209752
vt 0.528299 0.205352
vt 0.520900 0.210420
vt 0.517490 0.211001
vt 0.516528 0.193882
vt 0.518952 0.193402
vt 0.521467 0.193583
vt 0.525730 0.197618
vt 0.523826 0.194826
vt 0.527216 0.201320
vt 0.525621 0.217009
vt 0.521525 0.217564
vt 0.521354 0.215438
vt 0.525455 0.214856
vt 0.517962 0.218031
vt 0.517794 0.215933
vt 0.521150 0.213191
vt 0.525196 0.212576
vt 0.517639 0.213720
vt 0.530020 0.218908
vt 0.525695 0.219452
vt 0.530020 0.216428
vt 0.521660 0.219973
vt 0.518138 0.220408
vt 0.515253 0.220720
vt 0.515061 0.218371
vt 0.514904 0.216302
vt 0.514788 0.214126
vt 0.529550 0.211931
vt 0.529867 0.214246
vt 0.512639 0.218610
vt 0.510216 0.218802
vt 0.510100 0.216752
vt 0.512500 0.216559
vt 0.507584 0.218960
vt 0.507494 0.216900
vt 0.510016 0.214606
vt 0.512406 0.214409
vt 0.507417 0.214745
vt 0.512821 0.220942
vt 0.510367 0.221134
vt 0.507698 0.221299
vt 0.504869 0.221417
vt 0.504795 0.219072
vt 0.504730 0.217006
vt 0.504661 0.214844
vt 0.513801 0.247835
vt 0.511370 0.247867
vt 0.511311 0.243615
vt 0.513782 0.243559
vt 0.508630 0.247929
vt 0.508534 0.243694
vt 0.511220 0.239416
vt 0.513721 0.239327
vt 0.508422 0.239518
vt 0.515848 0.252152
vt 0.513777 0.252136
vt 0.515930 0.247836
vt 0.511395 0.252157
vt 0.508708 0.252210
vt 0.505845 0.252289
vt 0.505710 0.248015
vt 0.505576 0.243788
vt 0.505445 0.239619
vt 0.505315 0.235521
vt 0.508293 0.235411
vt 0.511093 0.235285
vt 0.513612 0.235162
vt 0.515985 0.239248
vt 0.515940 0.235038
vt 0.515976 0.243525
vt 0.523097 0.247986
vt 0.520426 0.247917
vt 0.520765 0.243470
vt 0.523632 0.243444
vt 0.518041 0.247865
vt 0.518209 0.243498
vt 0.521123 0.239033
vt 0.524226 0.238897
vt 0.518363 0.239153
vt 0.525382 0.252569
vt 0.522686 0.252428
vt 0.525926 0.248065
vt 0.520145 0.252304
vt 0.517873 0.252208
vt 0.518467 0.234881
vt 0.521439 0.234673
vt 0.524790 0.234430
vt 0.527511 0.238758
vt 0.528338 0.234177
vt 0.526666 0.243422
vt 0.522428 0.256731
vt 0.522299 0.261094
vt 0.519806 0.261033
vt 0.519940 0.256612
vt 0.522268 0.265780
vt 0.519742 0.265807
vt 0.517584 0.260997
vt 0.517717 0.256525
vt 0.517495 0.265847
vt 0.525068 0.256866
vt 0.524948 0.261167
vt 0.524955 0.265757
vt 0.525041 0.270927
vt 0.522317 0.271053
vt 0.519755 0.271174
vt 0.517482 0.271291
vt 0.515507 0.271400
vt 0.515528 0.265901
vt 0.515618 0.260995
vt 0.515737 0.256481
vt 0.513715 0.256477
vt 0.513637 0.261021
vt 0.511378 0.261063
vt 0.511392 0.256504
vt 0.513581 0.265963
vt 0.511381 0.266024
vt 0.508834 0.261121
vt 0.508772 0.256556
vt 0.508911 0.266090
vt 0.513584 0.271492
vt 0.511432 0.271571
vt 0.509023 0.271644
vt 0.506460 0.271722
vt 0.506284 0.266167
vt 0.506127 0.261198
vt 0.505983 0.256634
vt 0.513450 0.231107
vt 0.510931 0.231259
vt 0.510745 0.227461
vt 0.513251 0.227289
vt 0.508147 0.231405
vt 0.507992 0.227622
vt 0.510551 0.224039
vt 0.513033 0.223853
vt 0.507838 0.224205
vt 0.515828 0.230950
vt 0.505189 0.231523
vt 0.505069 0.227744
vt 0.504961 0.224327
vt 0.515464 0.223648
vt 0.515663 0.227105
vt 0.525227 0.230129
vt 0.521649 0.230463
vt 0.521747 0.226519
vt 0.525520 0.226110
vt 0.518486 0.230743
vt 0.518426 0.226859
vt 0.521745 0.222976
vt 0.525671 0.222504
vt 0.518303 0.223367
vt 0.529025 0.229782
vt 0.529865 0.222011
vt 0.529536 0.225683
vt 0.627452 0.648120
vt 0.627358 0.647363
vt 0.629808 0.647269
vt 0.629908 0.648061
vt 0.626952 0.646483
vt 0.629499 0.646232
vt 0.632497 0.647121
vt 0.632555 0.647941
vt 0.632353 0.645996
vt 0.624713 0.649164
vt 0.624820 0.648009
vt 0.627417 0.649264
vt 0.624768 0.647267
vt 0.624444 0.646536
vt 0.753454 0.916315
vt 0.754277 0.916776
vt 0.753443 0.918000
vt 0.751699 0.917853
vt 0.752762 0.920042
vt 0.750763 0.919994
vt 0.752476 0.922626
vt 0.750401 0.922615
vt 0.752430 0.925488
vt 0.750343 0.925488
vt 0.635414 0.645922
vt 0.635407 0.647059
vt 0.635401 0.647887
vt 0.632580 0.649127
vt 0.635393 0.649083
vt 0.629926 0.649225
vt 0.611943 0.647430
vt 0.612072 0.646651
vt 0.617103 0.646813
vt 0.617013 0.647573
vt 0.612173 0.645928
vt 0.617146 0.646117
vt 0.621411 0.647016
vt 0.621392 0.647763
vt 0.621295 0.646333
vt 0.606304 0.648404
vt 0.606546 0.647175
vt 0.611744 0.648638
vt 0.606702 0.646374
vt 0.606815 0.645632
vt 0.770428 0.914766
vt 0.770401 0.915912
vt 0.765116 0.915898
vt 0.765129 0.914761
vt 0.760339 0.916012
vt 0.760288 0.914917
vt 0.756553 0.916346
vt 0.756322 0.915389
vt 0.621236 0.648947
vt 0.616836 0.648770
vt 0.610221 0.665438
vt 0.610379 0.662678
vt 0.615783 0.662278
vt 0.615667 0.664841
vt 0.610510 0.660149
vt 0.615876 0.659921
vt 0.620488 0.661958
vt 0.620411 0.664356
vt 0.620546 0.659748
vt 0.604096 0.669567
vt 0.604363 0.666127
vt 0.610008 0.668615
vt 0.604560 0.663129
vt 0.604728 0.660394
vt 0.604929 0.657743
vt 0.610662 0.657667
vt 0.615982 0.657581
vt 0.620608 0.657530
vt 0.624338 0.657508
vt 0.624309 0.659629
vt 0.624277 0.661728
vt 0.624230 0.664002
vt 0.620311 0.667136
vt 0.624170 0.666645
vt 0.615513 0.667800
vt 0.627183 0.663791
vt 0.627212 0.661592
vt 0.629835 0.661529
vt 0.629814 0.663695
vt 0.627230 0.659558
vt 0.629848 0.659523
vt 0.632516 0.661514
vt 0.632499 0.663674
vt 0.632529 0.659513
vt 0.627147 0.666353
vt 0.627242 0.657493
vt 0.629856 0.657478
vt 0.632540 0.657468
vt 0.635336 0.657473
vt 0.635322 0.659522
vt 0.635309 0.661526
vt 0.635294 0.663687
vt 0.632478 0.666189
vt 0.635277 0.666203
vt 0.629788 0.666220
vt 0.626822 0.701381
vt 0.626787 0.694982
vt 0.629451 0.694705
vt 0.629452 0.701143
vt 0.626835 0.688613
vt 0.629512 0.688320
vt 0.632208 0.694650
vt 0.632188 0.701105
vt 0.632262 0.688256
vt 0.624245 0.707832
vt 0.624024 0.701936
vt 0.626959 0.707365
vt 0.623901 0.695599
vt 0.623874 0.689254
vt 0.623919 0.683317
vt 0.626929 0.682698
vt 0.629604 0.682412
vt 0.632330 0.682344
vt 0.635167 0.682364
vt 0.635127 0.688278
vt 0.635084 0.694676
vt 0.635040 0.701136
vt 0.632212 0.707168
vt 0.634999 0.707212
vt 0.629534 0.707179
vt 0.611642 0.705371
vt 0.610783 0.699403
vt 0.615843 0.697901
vt 0.616399 0.704026
vt 0.610072 0.693225
vt 0.615414 0.691642
vt 0.620283 0.696604
vt 0.620585 0.702850
vt 0.620092 0.690293
vt 0.607763 0.712022
vt 0.606582 0.706843
vt 0.612519 0.710776
vt 0.605391 0.701067
vt 0.604372 0.695004
vt 0.603687 0.688994
vt 0.609614 0.687207
vt 0.615166 0.685640
vt 0.620017 0.684323
vt 0.620963 0.708620
vt 0.617002 0.709630
vt 0.613311 0.715389
vt 0.617582 0.714444
vt 0.618102 0.718572
vt 0.613983 0.719344
vt 0.621380 0.713605
vt 0.621793 0.717884
vt 0.618532 0.722213
vt 0.614518 0.722871
vt 0.622158 0.721631
vt 0.608807 0.716421
vt 0.624553 0.712949
vt 0.624900 0.717345
vt 0.625230 0.721173
vt 0.625484 0.724586
vt 0.622430 0.725017
vt 0.618843 0.725566
vt 0.614899 0.726192
vt 0.610345 0.723601
vt 0.610819 0.726884
vt 0.609671 0.720195
vt 0.627197 0.712572
vt 0.629699 0.712435
vt 0.629913 0.716942
vt 0.627491 0.717042
vt 0.632284 0.712440
vt 0.632385 0.716957
vt 0.630130 0.720833
vt 0.627782 0.720916
vt 0.632491 0.720848
vt 0.634963 0.712477
vt 0.634933 0.716993
vt 0.634906 0.720881
vt 0.634883 0.724276
vt 0.632574 0.724250
vt 0.630304 0.724246
vt 0.628012 0.724336
vt 0.627011 0.677552
vt 0.627071 0.673162
vt 0.629730 0.672944
vt 0.629679 0.677294
vt 0.627113 0.669451
vt 0.629763 0.669276
vt 0.632427 0.672889
vt 0.632386 0.677230
vt 0.632455 0.669233
vt 0.623981 0.678108
vt 0.624047 0.673634
vt 0.624110 0.669832
vt 0.635256 0.669247
vt 0.635232 0.672904
vt 0.635202 0.677247
vt 0.609454 0.681676
vt 0.609529 0.676722
vt 0.615175 0.675458
vt 0.615100 0.680226
vt 0.609748 0.672365
vt 0.615333 0.671322
vt 0.620097 0.674415
vt 0.620027 0.679020
vt 0.620200 0.670467
vt 0.603420 0.683355
vt 0.603490 0.678202
vt 0.603764 0.673591
vt 0.615106 0.729473
vt 0.619007 0.728783
vt 0.619071 0.731861
vt 0.615191 0.732680
vt 0.622571 0.728183
vt 0.622624 0.731151
vt 0.619129 0.734762
vt 0.615255 0.735735
vt 0.622675 0.733923
vt 0.611080 0.730221
vt 0.625618 0.727715
vt 0.625671 0.730604
vt 0.625719 0.733283
vt 0.625850 0.735799
vt 0.622828 0.736509
vt 0.619298 0.737456
vt 0.615431 0.738562
vt 0.611242 0.736758
vt 0.611405 0.739720
vt 0.611183 0.733551
vt 0.628136 0.727432
vt 0.630396 0.727310
vt 0.630432 0.730093
vt 0.628186 0.730262
vt 0.632616 0.727290
vt 0.632628 0.730039
vt 0.630459 0.732658
vt 0.628227 0.732877
vt 0.632634 0.732567
vt 0.634863 0.727306
vt 0.634844 0.730042
vt 0.634827 0.732554
vt 0.634811 0.734934
vt 0.632659 0.734962
vt 0.630524 0.735087
vt 0.628329 0.735347
vt 0.617965 0.747589
vt 0.621645 0.746433
vt 0.621916 0.747077
vt 0.618295 0.748225
vt 0.624853 0.745508
vt 0.625021 0.746173
vt 0.197470 0.945779
vt 0.193786 0.944349
vt 0.193879 0.943729
vt 0.197482 0.945069
vt 0.190649 0.942871
vt 0.190934 0.942401
vt 0.613544 0.747832
vt 0.617552 0.746591
vt 0.613968 0.748822
vt 0.621270 0.745419
vt 0.624540 0.744471
vt 0.627233 0.743823
vt 0.627471 0.744882
vt 0.627534 0.745568
vt 0.188276 0.941287
vt 0.188813 0.941032
vt 0.189420 0.940817
vt 0.191107 0.941628
vt 0.193924 0.942714
vt 0.197488 0.943889
vt 0.201430 0.946429
vt 0.201435 0.945111
vt 0.201430 0.947203
vt 0.614318 0.749459
vt 0.629522 0.744509
vt 0.631291 0.744284
vt 0.631267 0.744996
vt 0.629522 0.745209
vt 0.633007 0.744162
vt 0.632988 0.744881
vt 0.186776 0.939570
vt 0.185975 0.937720
vt 0.186796 0.937759
vt 0.187509 0.939510
vt 0.185660 0.935755
vt 0.186508 0.935801
vt 0.629358 0.743433
vt 0.631194 0.743196
vt 0.632968 0.743065
vt 0.634756 0.743033
vt 0.634749 0.744136
vt 0.634744 0.744857
vt 0.185607 0.933729
vt 0.186461 0.933732
vt 0.188022 0.933737
vt 0.188055 0.935921
vt 0.188280 0.937953
vt 0.188798 0.939677
vt 0.197497 0.942025
vt 0.193880 0.941081
vt 0.193806 0.938928
vt 0.197509 0.939591
vt 0.190925 0.940247
vt 0.190659 0.938356
vt 0.193772 0.936428
vt 0.197524 0.936775
vt 0.190532 0.936134
vt 0.201461 0.943027
vt 0.190514 0.933746
vt 0.193772 0.933757
vt 0.197537 0.933769
vt 0.201533 0.937151
vt 0.201556 0.933783
vt 0.201499 0.940304
vt 0.628538 0.737723
vt 0.630660 0.737447
vt 0.630842 0.739667
vt 0.628814 0.739938
vt 0.632720 0.737301
vt 0.632804 0.739515
vt 0.631032 0.741626
vt 0.629103 0.741881
vt 0.632894 0.741481
vt 0.626124 0.738185
vt 0.634795 0.737262
vt 0.634780 0.739473
vt 0.634767 0.741442
vt 0.626882 0.742298
vt 0.626491 0.740383
vt 0.615824 0.741096
vt 0.619670 0.739916
vt 0.620188 0.742103
vt 0.616379 0.743305
vt 0.623158 0.738916
vt 0.623609 0.741099
vt 0.620756 0.743959
vt 0.616993 0.745152
vt 0.624099 0.742980
vt 0.611792 0.742331
vt 0.612973 0.746408
vt 0.612350 0.744566
vt 0.756299 0.917889
vt 0.760256 0.917726
vt 0.760129 0.919982
vt 0.755938 0.920022
vt 0.765088 0.917670
vt 0.765057 0.919975
vt 0.760064 0.922633
vt 0.755767 0.922630
vt 0.765037 0.922641
vt 0.770379 0.917689
vt 0.770362 0.919994
vt 0.770351 0.922653
vt 0.770347 0.925488
vt 0.765032 0.925488
vt 0.760051 0.925488
vt 0.755738 0.925488
vt 0.610883 0.655117
vt 0.611165 0.652635
vt 0.616354 0.652718
vt 0.616140 0.655134
vt 0.611470 0.650413
vt 0.616600 0.650530
vt 0.620851 0.652831
vt 0.620706 0.655180
vt 0.621036 0.650685
vt 0.605219 0.655063
vt 0.605583 0.652489
vt 0.605966 0.650210
vt 0.624578 0.650861
vt 0.624465 0.652953
vt 0.624386 0.655237
vt 0.627261 0.655265
vt 0.627298 0.653013
vt 0.629887 0.653009
vt 0.629867 0.655261
vt 0.627354 0.650944
vt 0.629912 0.650926
vt 0.632569 0.652972
vt 0.632553 0.655243
vt 0.632582 0.650860
vt 0.635381 0.650831
vt 0.635367 0.652958
vt 0.635351 0.655242
vt 0.517558 0.277473
vt 0.519846 0.277288
vt 0.519974 0.283955
vt 0.517709 0.284249
vt 0.522423 0.277070
vt 0.522486 0.283509
vt 0.520090 0.290916
vt 0.517898 0.291410
vt 0.522405 0.289978
vt 0.515578 0.277621
vt 0.525164 0.276829
vt 0.525134 0.282973
vt 0.524749 0.288693
vt 0.523831 0.293391
vt 0.522187 0.296341
vt 0.520179 0.298013
vt 0.518092 0.298761
vt 0.515929 0.291627
vt 0.516139 0.299016
vt 0.515730 0.284430
vt 0.509179 0.277900
vt 0.511550 0.277823
vt 0.511726 0.284649
vt 0.509374 0.284728
vt 0.513671 0.277734
vt 0.513831 0.284554
vt 0.511935 0.291853
vt 0.509592 0.291934
vt 0.514033 0.291756
vt 0.506658 0.277977
vt 0.514247 0.299146
vt 0.512154 0.299243
vt 0.509818 0.299324
vt 0.507101 0.292011
vt 0.507335 0.299401
vt 0.506873 0.284806
vt 0.496617 0.208870
vt 0.496399 0.204811
vt 0.498828 0.204893
vt 0.499032 0.208934
vt 0.496165 0.200302
vt 0.498607 0.200404
vt 0.501504 0.204852
vt 0.501673 0.208893
vt 0.501320 0.200368
vt 0.494423 0.212101
vt 0.494276 0.208659
vt 0.496796 0.212268
vt 0.494100 0.204552
vt 0.493918 0.199995
vt 0.493732 0.195209
vt 0.495925 0.195559
vt 0.498380 0.195679
vt 0.501129 0.195648
vt 0.501811 0.212286
vt 0.499197 0.212320
vt 0.484511 0.207371
vt 0.484987 0.203192
vt 0.488454 0.203641
vt 0.488278 0.207861
vt 0.485687 0.198906
vt 0.488722 0.199073
vt 0.491523 0.204125
vt 0.491566 0.208305
vt 0.491503 0.199507
vt 0.479959 0.210602
vt 0.480471 0.206864
vt 0.484217 0.211036
vt 0.481298 0.202772
vt 0.482546 0.198983
vt 0.484270 0.196077
vt 0.486546 0.194687
vt 0.489044 0.194347
vt 0.491494 0.194673
vt 0.491616 0.211820
vt 0.488176 0.211455
vt 0.483881 0.218329
vt 0.483909 0.216169
vt 0.488040 0.216492
vt 0.488003 0.218624
vt 0.484025 0.213878
vt 0.488101 0.214236
vt 0.491624 0.216760
vt 0.491588 0.218865
vt 0.491638 0.214542
vt 0.479610 0.220501
vt 0.479454 0.218027
vt 0.483960 0.220772
vt 0.479468 0.215839
vt 0.479638 0.213509
vt 0.494510 0.214768
vt 0.494531 0.216946
vt 0.494505 0.219021
vt 0.491563 0.221248
vt 0.494462 0.221378
vt 0.488020 0.221037
vt 0.496937 0.219106
vt 0.496946 0.217051
vt 0.499354 0.217092
vt 0.499368 0.219145
vt 0.496905 0.214900
vt 0.499303 0.214945
vt 0.501965 0.217075
vt 0.502004 0.219136
vt 0.501905 0.214919
vt 0.496904 0.221446
vt 0.502039 0.221478
vt 0.499364 0.221482
vt 0.497624 0.248347
vt 0.497373 0.244078
vt 0.499843 0.243978
vt 0.500052 0.248225
vt 0.497166 0.239850
vt 0.499669 0.239781
vt 0.502619 0.243881
vt 0.502791 0.248114
vt 0.502467 0.239706
vt 0.495854 0.252784
vt 0.495500 0.248482
vt 0.497920 0.252638
vt 0.495181 0.244182
vt 0.494902 0.239914
vt 0.494681 0.235711
vt 0.497012 0.235687
vt 0.499534 0.235651
vt 0.502336 0.235599
vt 0.502983 0.252391
vt 0.500298 0.252508
vt 0.488357 0.249084
vt 0.487536 0.244586
vt 0.490398 0.244430
vt 0.491018 0.248846
vt 0.486655 0.240085
vt 0.489761 0.240025
vt 0.492951 0.244296
vt 0.493395 0.248645
vt 0.492523 0.239970
vt 0.486366 0.253802
vt 0.485538 0.249342
vt 0.489047 0.253492
vt 0.484506 0.244755
vt 0.483368 0.240153
vt 0.482253 0.235635
vt 0.485810 0.235662
vt 0.489170 0.235693
vt 0.492149 0.235713
vt 0.493836 0.252968
vt 0.491576 0.253207
vt 0.489576 0.257770
vt 0.492052 0.257494
vt 0.492465 0.261898
vt 0.489980 0.262116
vt 0.494265 0.257266
vt 0.494681 0.261721
vt 0.492831 0.266658
vt 0.490307 0.266790
vt 0.495075 0.266556
vt 0.486950 0.258071
vt 0.496238 0.257097
vt 0.496642 0.261595
vt 0.497042 0.266486
vt 0.497411 0.271972
vt 0.495433 0.271988
vt 0.493156 0.272015
vt 0.490592 0.272056
vt 0.487625 0.266937
vt 0.487865 0.272102
vt 0.487342 0.262356
vt 0.498256 0.256966
vt 0.500576 0.256846
vt 0.500878 0.261395
vt 0.498621 0.261496
vt 0.503194 0.256733
vt 0.503420 0.261293
vt 0.501188 0.266346
vt 0.498989 0.266424
vt 0.503657 0.266256
vt 0.503897 0.271806
vt 0.501488 0.271885
vt 0.499336 0.271943
vt 0.496918 0.231630
vt 0.496875 0.227807
vt 0.499387 0.227821
vt 0.499441 0.231622
vt 0.496875 0.224364
vt 0.499365 0.224392
vt 0.502145 0.227807
vt 0.502229 0.231592
vt 0.502083 0.224387
vt 0.494534 0.231623
vt 0.494457 0.227776
vt 0.494437 0.224313
vt 0.485102 0.231398
vt 0.484556 0.227405
vt 0.488347 0.227575
vt 0.488695 0.231505
vt 0.484178 0.223816
vt 0.488126 0.224039
vt 0.491683 0.227705
vt 0.491869 0.231585
vt 0.491585 0.224212
vt 0.481291 0.231291
vt 0.480521 0.227233
vt 0.479961 0.223589
vt 0.643346 0.648227
vt 0.640891 0.648136
vt 0.641002 0.647345
vt 0.643451 0.647472
vt 0.638246 0.647979
vt 0.638315 0.647161
vt 0.641325 0.646312
vt 0.643869 0.646598
vt 0.638475 0.646037
vt 0.646071 0.649309
vt 0.643366 0.649372
vt 0.645979 0.648152
vt 0.640858 0.649299
vt 0.638205 0.649165
vt 0.750401 0.928361
vt 0.752476 0.928350
vt 0.750763 0.930982
vt 0.752762 0.930933
vt 0.751699 0.933122
vt 0.753443 0.932976
vt 0.753454 0.934661
vt 0.754277 0.934200
vt 0.646042 0.647411
vt 0.646376 0.646685
vt 0.658863 0.647748
vt 0.653792 0.647823
vt 0.653712 0.647062
vt 0.658745 0.646967
vt 0.649410 0.647953
vt 0.649402 0.647206
vt 0.653678 0.646365
vt 0.658654 0.646243
vt 0.649527 0.646525
vt 0.664488 0.648798
vt 0.659046 0.648959
vt 0.664263 0.647566
vt 0.653953 0.649022
vt 0.649551 0.649139
vt 0.756322 0.935586
vt 0.756553 0.934630
vt 0.760288 0.936059
vt 0.760339 0.934963
vt 0.765129 0.936215
vt 0.765116 0.935077
vt 0.770428 0.936210
vt 0.770401 0.935063
vt 0.664118 0.646763
vt 0.664015 0.646020
vt 0.660341 0.665778
vt 0.654903 0.665107
vt 0.654823 0.662543
vt 0.660221 0.663016
vt 0.650167 0.664558
vt 0.650123 0.662159
vt 0.654761 0.660185
vt 0.660124 0.660485
vt 0.650094 0.659948
vt 0.666410 0.669989
vt 0.660511 0.668957
vt 0.666189 0.666546
vt 0.655017 0.668068
vt 0.650229 0.667338
vt 0.646377 0.666796
vt 0.646353 0.664152
vt 0.646337 0.661878
vt 0.646333 0.659778
vt 0.646333 0.657657
vt 0.650062 0.657730
vt 0.654687 0.657843
vt 0.660006 0.658002
vt 0.665902 0.660808
vt 0.665737 0.658155
vt 0.666033 0.663546
vt 0.643403 0.663901
vt 0.640774 0.663770
vt 0.640782 0.661603
vt 0.643403 0.661702
vt 0.638089 0.663712
vt 0.638101 0.661552
vt 0.640796 0.659597
vt 0.643413 0.659668
vt 0.638115 0.659550
vt 0.643404 0.666463
vt 0.640766 0.666294
vt 0.638076 0.666227
vt 0.638132 0.657506
vt 0.640816 0.657553
vt 0.643429 0.657602
vt 0.643254 0.701493
vt 0.640628 0.701218
vt 0.640717 0.694781
vt 0.643377 0.695094
vt 0.637893 0.701144
vt 0.637960 0.694689
vt 0.640741 0.688396
vt 0.643415 0.688726
vt 0.637992 0.688294
vt 0.645744 0.707977
vt 0.643036 0.707474
vt 0.646045 0.702085
vt 0.640464 0.707253
vt 0.637786 0.707205
vt 0.638004 0.682383
vt 0.640730 0.682487
vt 0.643400 0.682810
vt 0.646366 0.689407
vt 0.646402 0.683469
vt 0.646254 0.695751
vt 0.658379 0.705688
vt 0.653641 0.704278
vt 0.654280 0.698161
vt 0.659319 0.699732
vt 0.649471 0.703046
vt 0.649857 0.696804
vt 0.654793 0.691909
vt 0.660114 0.693564
vt 0.650134 0.690496
vt 0.662167 0.712391
vt 0.657429 0.711080
vt 0.663419 0.707228
vt 0.652961 0.709874
vt 0.649015 0.708810
vt 0.650290 0.684528
vt 0.655122 0.685911
vt 0.660652 0.687553
vt 0.665789 0.695420
vt 0.666556 0.689421
vt 0.664688 0.701469
vt 0.656574 0.715683
vt 0.655849 0.719628
vt 0.651741 0.718800
vt 0.652316 0.714680
vt 0.655266 0.723147
vt 0.651261 0.722435
vt 0.648059 0.718062
vt 0.648530 0.713789
vt 0.647643 0.721804
vt 0.661063 0.716775
vt 0.660149 0.720537
vt 0.659428 0.723934
vt 0.658910 0.727210
vt 0.654840 0.726463
vt 0.650905 0.725783
vt 0.647326 0.725186
vt 0.644277 0.724714
vt 0.644578 0.721304
vt 0.644960 0.717481
vt 0.645366 0.713090
vt 0.642727 0.712677
vt 0.642373 0.717143
vt 0.639952 0.717010
vt 0.640227 0.712507
vt 0.642030 0.721012
vt 0.639683 0.720897
vt 0.637481 0.716992
vt 0.637643 0.712477
vt 0.637322 0.720881
vt 0.641753 0.724430
vt 0.639463 0.724308
vt 0.637192 0.724281
vt 0.643388 0.677663
vt 0.640724 0.677368
vt 0.640733 0.673018
vt 0.643388 0.673273
vt 0.638018 0.677269
vt 0.638036 0.672927
vt 0.640749 0.669350
vt 0.643396 0.669561
vt 0.638057 0.669271
vt 0.646410 0.678260
vt 0.646394 0.669983
vt 0.646406 0.673786
vt 0.660888 0.682024
vt 0.655262 0.680498
vt 0.655252 0.675730
vt 0.660880 0.677070
vt 0.650352 0.679225
vt 0.650345 0.674620
vt 0.655150 0.671592
vt 0.660720 0.672711
vt 0.650295 0.670671
vt 0.666898 0.683785
vt 0.666687 0.674018
vt 0.666899 0.678632
vt 0.654588 0.729741
vt 0.654460 0.732947
vt 0.650592 0.732075
vt 0.650697 0.728998
vt 0.654355 0.736000
vt 0.650495 0.734975
vt 0.647049 0.731317
vt 0.647142 0.728349
vt 0.646960 0.734087
vt 0.658603 0.730543
vt 0.658456 0.733872
vt 0.658354 0.737077
vt 0.658150 0.740037
vt 0.654140 0.738824
vt 0.650288 0.737666
vt 0.646772 0.736671
vt 0.643760 0.735920
vt 0.643925 0.733407
vt 0.644009 0.730728
vt 0.644101 0.727841
vt 0.641588 0.727523
vt 0.641499 0.730352
vt 0.639255 0.730152
vt 0.639329 0.727371
vt 0.641422 0.732967
vt 0.639194 0.732717
vt 0.637061 0.730069
vt 0.637110 0.727320
vt 0.637020 0.732596
vt 0.641287 0.735435
vt 0.639096 0.735145
vt 0.636963 0.734991
vt 0.651484 0.747816
vt 0.651145 0.748447
vt 0.647540 0.747251
vt 0.647820 0.746610
vt 0.197551 0.921759
vt 0.197558 0.922470
vt 0.193946 0.923785
vt 0.193857 0.923165
vt 0.644448 0.746305
vt 0.644625 0.745642
vt 0.190992 0.925093
vt 0.190711 0.924622
vt 0.655902 0.748119
vt 0.655464 0.749103
vt 0.651911 0.746823
vt 0.655105 0.749735
vt 0.201521 0.920362
vt 0.201515 0.921137
vt 0.201511 0.922455
vt 0.197556 0.923650
vt 0.193984 0.924800
vt 0.191160 0.925868
vt 0.189468 0.926667
vt 0.188862 0.926448
vt 0.188327 0.926190
vt 0.641943 0.745666
vt 0.642016 0.744981
vt 0.644952 0.744609
vt 0.642268 0.743925
vt 0.648209 0.745601
vt 0.639970 0.744580
vt 0.639961 0.745280
vt 0.638218 0.745044
vt 0.638204 0.744331
vt 0.186815 0.927897
vt 0.187547 0.927962
vt 0.186823 0.929708
vt 0.186002 0.929741
vt 0.636499 0.744905
vt 0.636490 0.744186
vt 0.186522 0.931663
vt 0.185673 0.931704
vt 0.640148 0.743506
vt 0.188838 0.927803
vt 0.188308 0.929524
vt 0.188070 0.931554
vt 0.636544 0.743089
vt 0.638315 0.743244
vt 0.197552 0.925514
vt 0.197548 0.927948
vt 0.193841 0.928586
vt 0.193929 0.926434
vt 0.197545 0.930764
vt 0.193790 0.931085
vt 0.190690 0.929136
vt 0.190969 0.927247
vt 0.190548 0.931358
vt 0.201524 0.924538
vt 0.201543 0.927261
vt 0.201556 0.930415
vt 0.641046 0.737808
vt 0.640740 0.740019
vt 0.638716 0.739720
vt 0.638927 0.737503
vt 0.640424 0.741958
vt 0.638499 0.741677
vt 0.636756 0.739542
vt 0.636870 0.737329
vt 0.636640 0.741507
vt 0.643453 0.738302
vt 0.643057 0.740496
vt 0.642639 0.742405
vt 0.653713 0.741353
vt 0.653128 0.743554
vt 0.649336 0.742300
vt 0.649883 0.740121
vt 0.652489 0.745393
vt 0.648742 0.744149
vt 0.645929 0.741251
vt 0.646410 0.739074
vt 0.645413 0.743125
vt 0.657728 0.742643
vt 0.657140 0.744869
vt 0.656491 0.746703
vt 0.756299 0.933087
vt 0.755938 0.930953
vt 0.760129 0.930994
vt 0.760256 0.933250
vt 0.755767 0.928345
vt 0.760064 0.928342
vt 0.765057 0.931000
vt 0.765088 0.933305
vt 0.765037 0.928335
vt 0.770351 0.928323
vt 0.770362 0.930981
vt 0.770379 0.933287
vt 0.659819 0.655449
vt 0.654562 0.655395
vt 0.654381 0.652976
vt 0.659570 0.652963
vt 0.649996 0.655378
vt 0.649883 0.653028
vt 0.654165 0.650785
vt 0.659296 0.650737
vt 0.649727 0.650880
vt 0.665483 0.655471
vt 0.646316 0.655386
vt 0.646267 0.653101
vt 0.646183 0.651007
vt 0.664802 0.650609
vt 0.665154 0.652892
vt 0.643440 0.655374
vt 0.640835 0.655336
vt 0.640845 0.653083
vt 0.643434 0.653122
vt 0.638150 0.655281
vt 0.638164 0.653010
vt 0.640848 0.651000
vt 0.643406 0.651053
vt 0.638179 0.650898
vt 0.495747 0.278163
vt 0.496025 0.284935
vt 0.493745 0.284784
vt 0.493452 0.278123
vt 0.496288 0.292094
vt 0.494070 0.291739
vt 0.491210 0.284497
vt 0.490866 0.278068
vt 0.491700 0.290949
vt 0.497732 0.278185
vt 0.498011 0.284990
vt 0.498267 0.292185
vt 0.498525 0.299573
vt 0.496559 0.299442
vt 0.494429 0.298827
vt 0.492319 0.297286
vt 0.490493 0.294445
vt 0.489279 0.289815
vt 0.488533 0.284130
vt 0.488116 0.278000
vt 0.504136 0.278060
vt 0.504373 0.284886
vt 0.502021 0.284955
vt 0.501765 0.278132
vt 0.504611 0.292091
vt 0.502267 0.292158
vt 0.499914 0.284994
vt 0.499643 0.278178
vt 0.500167 0.292194
vt 0.504852 0.299481
vt 0.502516 0.299548
vt 0.500421 0.299583
vt 0.077841 0.973229
vt 0.070156 0.974961
vt 0.069439 0.971851
vt 0.077046 0.970230
vt 0.068774 0.968703
vt 0.076387 0.967228
vt 0.068180 0.965526
vt 0.075818 0.964220
vt 0.067663 0.962330
vt 0.075327 0.961203
vt 0.067224 0.959119
vt 0.074913 0.958178
vt 0.066865 0.955897
vt 0.074574 0.955145
vt 0.066586 0.952666
vt 0.074311 0.952105
vt 0.066388 0.949428
vt 0.074124 0.949059
vt 0.066270 0.946187
vt 0.074012 0.946010
vt 0.066232 0.942944
vt 0.073977 0.942959
vt 0.066275 0.939701
vt 0.074017 0.939909
vt 0.066399 0.936460
vt 0.074133 0.936860
vt 0.066604 0.933223
vt 0.074325 0.933814
vt 0.066889 0.929992
vt 0.074592 0.930775
vt 0.067255 0.926771
vt 0.074934 0.927742
vt 0.067702 0.923561
vt 0.075351 0.924717
vt 0.068231 0.920366
vt 0.075841 0.921701
vt 0.068841 0.917193
vt 0.076406 0.918692
vt 0.069528 0.914053
vt 0.077055 0.915684
vt 0.070251 0.910976
vt 0.077849 0.912658
vt 0.076207 0.924841
vt 0.075794 0.927844
vt 0.077883 0.970008
vt 0.078665 0.972902
vt 0.076183 0.961070
vt 0.076669 0.964064
vt 0.074878 0.945984
vt 0.074988 0.949012
vt 0.075189 0.933874
vt 0.074998 0.936898
vt 0.078665 0.912982
vt 0.077889 0.915896
vt 0.077252 0.918864
vt 0.076694 0.921847
vt 0.075435 0.955054
vt 0.075771 0.958066
vt 0.074883 0.939925
vt 0.074843 0.942955
vt 0.075454 0.930856
vt 0.077233 0.967046
vt 0.075174 0.952036
vt 0.730650 0.286843
vt 0.728394 0.288481
vt 0.722954 0.289341
vt 0.720303 0.288478
vt 0.715551 0.279144
vt 0.716413 0.276492
vt 0.722960 0.271738
vt 0.725748 0.271739
vt 0.733152 0.279149
vt 0.733151 0.281937
vt 0.718048 0.286839
vt 0.716411 0.284582
vt 0.718052 0.274237
vt 0.720308 0.272599
vt 0.717405 0.273593
vt 0.715599 0.276080
vt 0.715042 0.275795
vt 0.716964 0.273151
vt 0.732291 0.276497
vt 0.715550 0.281931
vt 0.725742 0.289342
vt 0.732289 0.284588
vt 0.728399 0.272602
vt 0.730654 0.274242
vt 0.734053 0.279004
vt 0.734053 0.282078
vt 0.728812 0.271788
vt 0.731298 0.273595
vt 0.726053 0.269801
vt 0.729288 0.270853
vt 0.729096 0.271231
vt 0.725987 0.270220
vt 0.716662 0.288227
vt 0.714663 0.285475
vt 0.715041 0.285281
vt 0.716961 0.287927
vt 0.715598 0.284998
vt 0.714649 0.282075
vt 0.734038 0.285477
vt 0.732039 0.288229
vt 0.731738 0.287929
vt 0.733660 0.285285
vt 0.714663 0.275603
vt 0.716663 0.272851
vt 0.717404 0.287485
vt 0.733103 0.285001
vt 0.731297 0.287487
vt 0.725889 0.270837
vt 0.719415 0.270852
vt 0.719609 0.271229
vt 0.722651 0.269800
vt 0.722718 0.270220
vt 0.726051 0.291279
vt 0.722649 0.291279
vt 0.722715 0.290860
vt 0.725984 0.290860
vt 0.719892 0.271787
vt 0.725887 0.290243
vt 0.722813 0.290243
vt 0.735090 0.282242
vt 0.734670 0.282176
vt 0.732040 0.272853
vt 0.734039 0.275605
vt 0.733661 0.275798
vt 0.731740 0.273153
vt 0.722815 0.270837
vt 0.713612 0.282240
vt 0.713612 0.278839
vt 0.714032 0.278904
vt 0.714032 0.282173
vt 0.719890 0.289292
vt 0.719606 0.289849
vt 0.733104 0.276081
vt 0.734671 0.278907
vt 0.728810 0.289293
vt 0.729093 0.289850
vt 0.714649 0.279003
vt 0.735090 0.278840
vt 0.719414 0.290227
vt 0.729287 0.290228
vt 0.817049 0.395501
vt 0.809363 0.397232
vt 0.808647 0.394123
vt 0.816253 0.392502
vt 0.807982 0.390974
vt 0.815594 0.389499
vt 0.807388 0.387798
vt 0.815025 0.386491
vt 0.806871 0.384602
vt 0.814534 0.383475
vt 0.806432 0.381391
vt 0.814120 0.380450
vt 0.806073 0.378168
vt 0.813781 0.377417
vt 0.805794 0.374937
vt 0.813518 0.374377
vt 0.805595 0.371700
vt 0.813331 0.371331
vt 0.805477 0.368459
vt 0.813220 0.368282
vt 0.805439 0.365216
vt 0.813184 0.365231
vt 0.805483 0.361972
vt 0.813224 0.362180
vt 0.805606 0.358731
vt 0.813340 0.359131
vt 0.805811 0.355494
vt 0.813532 0.356086
vt 0.806096 0.352264
vt 0.813799 0.353046
vt 0.806462 0.349042
vt 0.814141 0.350013
vt 0.806909 0.345832
vt 0.814558 0.346989
vt 0.807438 0.342638
vt 0.815048 0.343973
vt 0.808049 0.339464
vt 0.815613 0.340964
vt 0.808736 0.336325
vt 0.816263 0.337955
vt 0.809459 0.333247
vt 0.817056 0.334929
vt 0.815415 0.347113
vt 0.815001 0.350116
vt 0.817090 0.392280
vt 0.817872 0.395174
vt 0.815390 0.383341
vt 0.815877 0.386335
vt 0.814085 0.368256
vt 0.814196 0.371283
vt 0.814396 0.356146
vt 0.814206 0.359169
vt 0.817872 0.335254
vt 0.817097 0.338168
vt 0.816460 0.341136
vt 0.815901 0.344119
vt 0.814643 0.377326
vt 0.814979 0.380338
vt 0.814090 0.362197
vt 0.814050 0.365226
vt 0.814661 0.353127
vt 0.816441 0.389318
vt 0.814382 0.374307
vt 0.225601 0.402795
vt 0.223345 0.404434
vt 0.217906 0.405293
vt 0.215254 0.404431
vt 0.210503 0.395096
vt 0.211364 0.392445
vt 0.217911 0.387691
vt 0.220699 0.387692
vt 0.228103 0.395102
vt 0.228103 0.397890
vt 0.213000 0.402791
vt 0.211362 0.400535
vt 0.213004 0.390190
vt 0.215260 0.388552
vt 0.212357 0.389546
vt 0.210550 0.392033
vt 0.209993 0.391748
vt 0.211915 0.389104
vt 0.227243 0.392450
vt 0.210502 0.397884
vt 0.220694 0.405295
vt 0.227240 0.400541
vt 0.223350 0.388555
vt 0.225605 0.390194
vt 0.229005 0.394957
vt 0.229005 0.398031
vt 0.223763 0.387741
vt 0.226249 0.389548
vt 0.221005 0.385754
vt 0.224240 0.386806
vt 0.224048 0.387184
vt 0.220939 0.386173
vt 0.211613 0.404180
vt 0.209614 0.401428
vt 0.209992 0.401234
vt 0.211913 0.403880
vt 0.210549 0.400951
vt 0.209600 0.398028
vt 0.228990 0.401430
vt 0.226990 0.404182
vt 0.226690 0.403882
vt 0.228611 0.401238
vt 0.209615 0.391556
vt 0.211614 0.388804
vt 0.212355 0.403438
vt 0.228054 0.400953
vt 0.226248 0.403440
vt 0.220840 0.386790
vt 0.214367 0.386805
vt 0.214560 0.387182
vt 0.217602 0.385753
vt 0.217669 0.386173
vt 0.221002 0.407232
vt 0.217600 0.407232
vt 0.217666 0.406813
vt 0.220935 0.406813
vt 0.214843 0.387740
vt 0.220838 0.406196
vt 0.217764 0.406195
vt 0.230041 0.398195
vt 0.229622 0.398129
vt 0.226991 0.388806
vt 0.228990 0.391558
vt 0.228613 0.391751
vt 0.226692 0.389106
vt 0.217767 0.386790
vt 0.208564 0.398193
vt 0.208564 0.394792
vt 0.208983 0.394857
vt 0.208983 0.398126
vt 0.214841 0.405245
vt 0.214557 0.405802
vt 0.228055 0.392034
vt 0.229622 0.394860
vt 0.223762 0.405246
vt 0.224045 0.405803
vt 0.209600 0.394956
vt 0.230041 0.394793
vt 0.214365 0.406180
vt 0.224238 0.406181
vt 0.054885 0.421856
vt 0.047199 0.423588
vt 0.046483 0.420478
vt 0.054089 0.418857
vt 0.045818 0.417330
vt 0.053430 0.415855
vt 0.045224 0.414153
vt 0.052861 0.412847
vt 0.044706 0.410957
vt 0.052370 0.409831
vt 0.044268 0.407746
vt 0.051956 0.406805
vt 0.043909 0.404524
vt 0.051617 0.403772
vt 0.043630 0.401293
vt 0.051354 0.400732
vt 0.043431 0.398056
vt 0.051167 0.397687
vt 0.043313 0.394814
vt 0.051056 0.394637
vt 0.043275 0.391571
vt 0.051020 0.391587
vt 0.043318 0.388328
vt 0.051060 0.388536
vt 0.043442 0.385087
vt 0.051176 0.385487
vt 0.043647 0.381850
vt 0.051368 0.382441
vt 0.043932 0.378619
vt 0.051635 0.379402
vt 0.044298 0.375398
vt 0.051977 0.376369
vt 0.044745 0.372188
vt 0.052394 0.373344
vt 0.045274 0.368993
vt 0.052884 0.370328
vt 0.045885 0.365820
vt 0.053449 0.367319
vt 0.046571 0.362680
vt 0.054099 0.364311
vt 0.047295 0.359603
vt 0.054892 0.361285
vt 0.053251 0.373468
vt 0.052837 0.376471
vt 0.054926 0.418635
vt 0.055708 0.421530
vt 0.053226 0.409697
vt 0.053713 0.412691
vt 0.051921 0.394611
vt 0.052032 0.397639
vt 0.052232 0.382501
vt 0.052041 0.385525
vt 0.055708 0.361609
vt 0.054932 0.364523
vt 0.054296 0.367491
vt 0.053737 0.370474
vt 0.052478 0.403681
vt 0.052815 0.406693
vt 0.051926 0.388552
vt 0.051886 0.391582
vt 0.052497 0.379483
vt 0.054277 0.415673
vt 0.052217 0.400663
vt 0.794929 0.924545
vt 0.792673 0.926183
vt 0.787233 0.927043
vt 0.784582 0.926181
vt 0.779830 0.916846
vt 0.780692 0.914195
vt 0.787239 0.909441
vt 0.790027 0.909442
vt 0.797431 0.916851
vt 0.797430 0.919639
vt 0.782327 0.924541
vt 0.780690 0.922285
vt 0.782331 0.911940
vt 0.784587 0.910302
vt 0.781684 0.911296
vt 0.779877 0.913782
vt 0.779321 0.913498
vt 0.781242 0.910853
vt 0.796570 0.914200
vt 0.779829 0.919633
vt 0.790021 0.927044
vt 0.796568 0.922290
vt 0.792678 0.910304
vt 0.794932 0.911944
vt 0.798332 0.916707
vt 0.798332 0.919780
vt 0.793091 0.909490
vt 0.795577 0.911297
vt 0.790332 0.907503
vt 0.793567 0.908555
vt 0.793375 0.908934
vt 0.790266 0.907923
vt 0.780940 0.925930
vt 0.778942 0.923177
vt 0.779320 0.922984
vt 0.781240 0.925629
vt 0.779877 0.922701
vt 0.778928 0.919778
vt 0.798317 0.923179
vt 0.796318 0.925931
vt 0.796017 0.925631
vt 0.797939 0.922987
vt 0.778942 0.913306
vt 0.780942 0.910554
vt 0.781683 0.925188
vt 0.797382 0.922703
vt 0.795575 0.925189
vt 0.790168 0.908540
vt 0.783694 0.908554
vt 0.783887 0.908932
vt 0.786930 0.907503
vt 0.786997 0.907922
vt 0.790330 0.928982
vt 0.786928 0.928982
vt 0.786994 0.928562
vt 0.790263 0.928563
vt 0.784171 0.909489
vt 0.790166 0.927945
vt 0.787092 0.927945
vt 0.799369 0.919944
vt 0.798949 0.919879
vt 0.796319 0.910555
vt 0.798318 0.913307
vt 0.797940 0.913500
vt 0.796019 0.910856
vt 0.787094 0.908539
vt 0.777891 0.919942
vt 0.777891 0.916541
vt 0.778311 0.916607
vt 0.778310 0.919875
vt 0.784169 0.926995
vt 0.783885 0.927551
vt 0.797383 0.913784
vt 0.798950 0.916610
vt 0.793089 0.926996
vt 0.793372 0.927553
vt 0.778928 0.916705
vt 0.799369 0.916543
vt 0.783692 0.927930
vt 0.793566 0.927931
vt 0.077841 0.973229
vt 0.077046 0.970230
vt 0.069439 0.971851
vt 0.070156 0.974961
vt 0.076387 0.967228
vt 0.068774 0.968703
vt 0.075818 0.964220
vt 0.068180 0.965526
vt 0.075327 0.961203
vt 0.067663 0.962330
vt 0.074913 0.958178
vt 0.067224 0.959119
vt 0.074574 0.955145
vt 0.066865 0.955897
vt 0.074311 0.952105
vt 0.066586 0.952666
vt 0.074124 0.949059
vt 0.066388 0.949428
vt 0.074012 0.946010
vt 0.066270 0.946187
vt 0.073977 0.942959
vt 0.066232 0.942944
vt 0.074017 0.939909
vt 0.066275 0.939701
vt 0.074133 0.936860
vt 0.066399 0.936460
vt 0.074325 0.933814
vt 0.066604 0.933223
vt 0.074592 0.930775
vt 0.066889 0.929992
vt 0.074934 0.927742
vt 0.067255 0.926771
vt 0.075351 0.924717
vt 0.067702 0.923561
vt 0.075841 0.921701
vt 0.068231 0.920366
vt 0.076406 0.918692
vt 0.068841 0.917193
vt 0.077055 0.915684
vt 0.069528 0.914053
vt 0.077849 0.912658
vt 0.070251 0.910976
vt 0.075794 0.927844
vt 0.076207 0.924841
vt 0.078665 0.972902
vt 0.077883 0.970008
vt 0.076669 0.964064
vt 0.076183 0.961070
vt 0.074988 0.949012
vt 0.074878 0.945984
vt 0.074998 0.936898
vt 0.075189 0.933874
vt 0.077889 0.915896
vt 0.078665 0.912982
vt 0.076694 0.921847
vt 0.077252 0.918864
vt 0.075771 0.958066
vt 0.075435 0.955054
vt 0.074843 0.942955
vt 0.074883 0.939925
vt 0.075454 0.930856
vt 0.077233 0.967046
vt 0.075174 0.952036
vt 0.730650 0.286843
vt 0.728394 0.288481
vt 0.722954 0.289341
vt 0.720303 0.288478
vt 0.715551 0.279144
vt 0.716413 0.276492
vt 0.722960 0.271738
vt 0.725748 0.271739
vt 0.733152 0.279149
vt 0.733151 0.281937
vt 0.718048 0.286839
vt 0.716411 0.284582
vt 0.718052 0.274237
vt 0.720308 0.272599
vt 0.717405 0.273593
vt 0.716964 0.273151
vt 0.715042 0.275795
vt 0.715599 0.276080
vt 0.732291 0.276497
vt 0.715550 0.281931
vt 0.725742 0.289342
vt 0.732289 0.284588
vt 0.728399 0.272602
vt 0.730654 0.274242
vt 0.734053 0.282078
vt 0.734053 0.279004
vt 0.731298 0.273595
vt 0.728812 0.271788
vt 0.726053 0.269801
vt 0.725987 0.270220
vt 0.729096 0.271231
vt 0.729288 0.270853
vt 0.716662 0.288227
vt 0.716961 0.287927
vt 0.715041 0.285281
vt 0.714663 0.285475
vt 0.714649 0.282075
vt 0.715598 0.284998
vt 0.734038 0.285477
vt 0.733660 0.285285
vt 0.731738 0.287929
vt 0.732039 0.288229
vt 0.714663 0.275603
vt 0.716663 0.272851
vt 0.717404 0.287485
vt 0.731297 0.287487
vt 0.733103 0.285001
vt 0.725889 0.270837
vt 0.719609 0.271229
vt 0.719415 0.270852
vt 0.722718 0.270220
vt 0.722651 0.269800
vt 0.726051 0.291279
vt 0.725984 0.290860
vt 0.722715 0.290860
vt 0.722649 0.291279
vt 0.719892 0.271787
vt 0.722813 0.290243
vt 0.725887 0.290243
vt 0.735090 0.282242
vt 0.734670 0.282176
vt 0.732040 0.272853
vt 0.731740 0.273153
vt 0.733661 0.275798
vt 0.734039 0.275605
vt 0.722815 0.270837
vt 0.713612 0.282240
vt 0.714032 0.282173
vt 0.714032 0.278904
vt 0.713612 0.278839
vt 0.719606 0.289849
vt 0.719890 0.289292
vt 0.734671 0.278907
vt 0.733104 0.276081
vt 0.729093 0.289850
vt 0.728810 0.289293
vt 0.714649 0.279003
vt 0.735090 0.278840
vt 0.719414 0.290227
vt 0.729287 0.290228
vt 0.817049 0.395501
vt 0.816253 0.392502
vt 0.808647 0.394123
vt 0.809363 0.397232
vt 0.815594 0.389499
vt 0.807982 0.390974
vt 0.815025 0.386491
vt 0.807388 0.387798
vt 0.814534 0.383475
vt 0.806871 0.384602
vt 0.814120 0.380450
vt 0.806432 0.381391
vt 0.813781 0.377417
vt 0.806073 0.378168
vt 0.813518 0.374377
vt 0.805794 0.374937
vt 0.813331 0.371331
vt 0.805595 0.371700
vt 0.813220 0.368282
vt 0.805477 0.368459
vt 0.813184 0.365231
vt 0.805439 0.365216
vt 0.813224 0.362180
vt 0.805483 0.361972
vt 0.813340 0.359131
vt 0.805606 0.358731
vt 0.813532 0.356086
vt 0.805811 0.355494
vt 0.813799 0.353046
vt 0.806096 0.352264
vt 0.814141 0.350013
vt 0.806462 0.349042
vt 0.814558 0.346989
vt 0.806909 0.345832
vt 0.815048 0.343973
vt 0.807438 0.342638
vt 0.815613 0.340964
vt 0.808049 0.339464
vt 0.816263 0.337955
vt 0.808736 0.336325
vt 0.817056 0.334929
vt 0.809459 0.333247
vt 0.815001 0.350116
vt 0.815415 0.347113
vt 0.817872 0.395174
vt 0.817090 0.392280
vt 0.815877 0.386335
vt 0.815390 0.383341
vt 0.814196 0.371283
vt 0.814085 0.368256
vt 0.814206 0.359169
vt 0.814396 0.356146
vt 0.817097 0.338168
vt 0.817872 0.335254
vt 0.815901 0.344119
vt 0.816460 0.341136
vt 0.814979 0.380338
vt 0.814643 0.377326
vt 0.814050 0.365226
vt 0.814090 0.362197
vt 0.814661 0.353127
vt 0.816441 0.389318
vt 0.814382 0.374307
vt 0.225601 0.402795
vt 0.223345 0.404434
vt 0.217906 0.405293
vt 0.215254 0.404431
vt 0.210503 0.395096
vt 0.211364 0.392445
vt 0.217911 0.387691
vt 0.220699 0.387692
vt 0.228103 0.395102
vt 0.228103 0.397890
vt 0.213000 0.402791
vt 0.211362 0.400535
vt 0.213004 0.390190
vt 0.215260 0.388552
vt 0.212357 0.389546
vt 0.211915 0.389104
vt 0.209993 0.391748
vt 0.210550 0.392033
vt 0.227243 0.392450
vt 0.210502 0.397884
vt 0.220694 0.405295
vt 0.227240 0.400541
vt 0.223350 0.388555
vt 0.225605 0.390194
vt 0.229005 0.398031
vt 0.229005 0.394957
vt 0.226249 0.389548
vt 0.223763 0.387741
vt 0.221005 0.385754
vt 0.220939 0.386173
vt 0.224048 0.387184
vt 0.224240 0.386806
vt 0.211613 0.404180
vt 0.211913 0.403880
vt 0.209992 0.401234
vt 0.209614 0.401428
vt 0.209600 0.398028
vt 0.210549 0.400951
vt 0.228990 0.401430
vt 0.228611 0.401238
vt 0.226690 0.403882
vt 0.226990 0.404182
vt 0.209615 0.391556
vt 0.211614 0.388804
vt 0.212355 0.403438
vt 0.226248 0.403440
vt 0.228054 0.400953
vt 0.220840 0.386790
vt 0.214560 0.387182
vt 0.214367 0.386805
vt 0.217669 0.386173
vt 0.217602 0.385753
vt 0.221002 0.407232
vt 0.220935 0.406813
vt 0.217666 0.406813
vt 0.217600 0.407232
vt 0.214843 0.387740
vt 0.217764 0.406195
vt 0.220838 0.406196
vt 0.230041 0.398195
vt 0.229622 0.398129
vt 0.226991 0.388806
vt 0.226692 0.389106
vt 0.228613 0.391751
vt 0.228990 0.391558
vt 0.217767 0.386790
vt 0.208564 0.398193
vt 0.208983 0.398126
vt 0.208983 0.394857
vt 0.208564 0.394792
vt 0.214557 0.405802
vt 0.214841 0.405245
vt 0.229622 0.394860
vt 0.228055 0.392034
vt 0.224045 0.405803
vt 0.223762 0.405246
vt 0.209600 0.394956
vt 0.230041 0.394793
vt 0.214365 0.406180
vt 0.224238 0.406181
vt 0.054885 0.421856
vt 0.054089 0.418857
vt 0.046483 0.420478
vt 0.047199 0.423588
vt 0.053430 0.415855
vt 0.045818 0.417330
vt 0.052861 0.412847
vt 0.045224 0.414153
vt 0.052370 0.409831
vt 0.044706 0.410957
vt 0.051956 0.406805
vt 0.044268 0.407746
vt 0.051617 0.403772
vt 0.043909 0.404524
vt 0.051354 0.400732
vt 0.043630 0.401293
vt 0.051167 0.397687
vt 0.043431 0.398056
vt 0.051056 0.394637
vt 0.043313 0.394814
vt 0.051020 0.391587
vt 0.043275 0.391571
vt 0.051060 0.388536
vt 0.043318 0.388328
vt 0.051176 0.385487
vt 0.043442 0.385087
vt 0.051368 0.382441
vt 0.043647 0.381850
vt 0.051635 0.379402
vt 0.043932 0.378619
vt 0.051977 0.376369
vt 0.044298 0.375398
vt 0.052394 0.373344
vt 0.044745 0.372188
vt 0.052884 0.370328
vt 0.045274 0.368993
vt 0.053449 0.367319
vt 0.045885 0.365820
vt 0.054099 0.364311
vt 0.046571 0.362680
vt 0.054892 0.361285
vt 0.047295 0.359603
vt 0.052837 0.376471
vt 0.053251 0.373468
vt 0.055708 0.421530
vt 0.054926 0.418635
vt 0.053713 0.412691
vt 0.053226 0.409697
vt 0.052032 0.397639
vt 0.051921 0.394611
vt 0.052041 0.385525
vt 0.052232 0.382501
vt 0.054932 0.364523
vt 0.055708 0.361609
vt 0.053737 0.370474
vt 0.054296 0.367491
vt 0.052815 0.406693
vt 0.052478 0.403681
vt 0.051886 0.391582
vt 0.051926 0.388552
vt 0.052497 0.379483
vt 0.054277 0.415673
vt 0.052217 0.400663
vt 0.794929 0.924545
vt 0.792673 0.926183
vt 0.787233 0.927043
vt 0.784582 0.926181
vt 0.779830 0.916846
vt 0.780692 0.914195
vt 0.787239 0.909441
vt 0.790027 0.909442
vt 0.797431 0.916851
vt 0.797430 0.919639
vt 0.782327 0.924541
vt 0.780690 0.922285
vt 0.782331 0.911940
vt 0.784587 0.910302
vt 0.781684 0.911296
vt 0.781242 0.910853
vt 0.779321 0.913498
vt 0.779877 0.913782
vt 0.796570 0.914200
vt 0.779829 0.919633
vt 0.790021 0.927044
vt 0.796568 0.922290
vt 0.792678 0.910304
vt 0.794932 0.911944
vt 0.798332 0.919780
vt 0.798332 0.916707
vt 0.795577 0.911297
vt 0.793091 0.909490
vt 0.790332 0.907503
vt 0.790266 0.907923
vt 0.793375 0.908934
vt 0.793567 0.908555
vt 0.780940 0.925930
vt 0.781240 0.925629
vt 0.779320 0.922984
vt 0.778942 0.923177
vt 0.778928 0.919778
vt 0.779877 0.922701
vt 0.798317 0.923179
vt 0.797939 0.922987
vt 0.796017 0.925631
vt 0.796318 0.925931
vt 0.778942 0.913306
vt 0.780942 0.910554
vt 0.781683 0.925188
vt 0.795575 0.925189
vt 0.797382 0.922703
vt 0.790168 0.908540
vt 0.783887 0.908932
vt 0.783694 0.908554
vt 0.786997 0.907922
vt 0.786930 0.907503
vt 0.790330 0.928982
vt 0.790263 0.928563
vt 0.786994 0.928562
vt 0.786928 0.928982
vt 0.784171 0.909489
vt 0.787092 0.927945
vt 0.790166 0.927945
vt 0.799369 0.919944
vt 0.798949 0.919879
vt 0.796319 0.910555
vt 0.796019 0.910856
vt 0.797940 0.913500
vt 0.798318 0.913307
vt 0.787094 0.908539
vt 0.777891 0.919942
vt 0.778310 0.919875
vt 0.778311 0.916607
vt 0.777891 0.916541
vt 0.783885 0.927551
vt 0.784169 0.926995
vt 0.798950 0.916610
vt 0.797383 0.913784
vt 0.793372 0.927553
vt 0.793089 0.926996
vt 0.778928 0.916705
vt 0.799369 0.916543
vt 0.783692 0.927930
vt 0.793566 0.927931
vt 0.902604 0.785493
vt 0.902259 0.770001
vt 0.906254 0.785411
vt 0.357209 0.741997
vt 0.357270 0.783811
vt 0.343277 0.771459
vt 0.344011 0.739779
vt 0.357209 0.727417
vt 0.355960 0.606805
vt 0.364742 0.601924
vt 0.371315 0.734367
vt 0.364499 0.734707
vt 0.911521 0.783279
vt 0.915287 0.777690
vt 0.916542 0.770143
vt 0.338079 0.767039
vt 0.338191 0.744746
vt 0.332743 0.763795
vt 0.332510 0.748372
vt 0.327252 0.762663
vt 0.326997 0.749749
vt 0.323603 0.762735
vt 0.323348 0.749821
vt 0.902084 0.762162
vt 0.916372 0.762520
vt 0.349896 0.734931
vt 0.371315 0.779510
vt 0.148028 0.310444
vt 0.149243 0.309769
vt 0.135263 0.327858
vt 0.137909 0.320439
vt 0.130511 0.344313
vt 0.142488 0.314237
vt 0.136032 0.361032
vt 0.906254 0.785411
vt 0.357209 0.741997
vt 0.344011 0.739779
vt 0.343277 0.771459
vt 0.357270 0.783811
vt 0.357209 0.727417
vt 0.364499 0.734707
vt 0.371315 0.734367
vt 0.364742 0.601924
vt 0.355960 0.606805
vt 0.911521 0.783279
vt 0.915287 0.777690
vt 0.916542 0.770143
vt 0.338191 0.744746
vt 0.338079 0.767039
vt 0.332510 0.748372
vt 0.332743 0.763795
vt 0.326997 0.749749
vt 0.327252 0.762663
vt 0.916372 0.762520
vt 0.349896 0.734931
vt 0.371315 0.779510
vt 0.148028 0.310444
vt 0.137909 0.320439
vt 0.135263 0.327858
vt 0.130511 0.344313
vt 0.142488 0.314237
vt 0.136032 0.361032
vt 0.992995 0.122263
vt 0.989093 0.122263
vt 0.989093 0.107063
vt 0.992995 0.107063
vt 0.992995 0.005247
vt 0.992995 0.007809
vt 0.989093 0.007809
vt 0.989093 0.005247
vt 0.036093 0.913200
vt 0.033081 0.913200
vt 0.034545 0.909907
vt 0.036093 0.909907
vt 0.033060 0.920218
vt 0.035812 0.915747
vt 0.992995 0.013059
vt 0.989093 0.013059
vt 0.992995 0.020233
vt 0.989093 0.020233
vt 0.025899 0.920644
vt 0.025907 0.913200
vt 0.952363 0.289734
vt 0.956264 0.289734
vt 0.956264 0.296908
vt 0.952363 0.296908
vt 0.952363 0.300512
vt 0.956264 0.300512
vt 0.956264 0.302060
vt 0.952363 0.302060
vt 0.989093 0.001953
vt 0.992995 0.001953
vt 0.952363 0.269223
vt 0.956264 0.269223
vt 0.956264 0.275924
vt 0.952363 0.275924
vt 0.006544 0.924650
vt 0.006544 0.909449
vt 0.012097 0.913200
vt 0.012097 0.924650
vt 0.030259 0.937995
vt 0.017777 0.942065
vt 0.989093 0.087023
vt 0.992995 0.087023
vt 0.712923 0.120379
vt 0.709021 0.120379
vt 0.709021 0.115100
vt 0.712923 0.115100
vt 0.709021 0.101971
vt 0.712923 0.101971
vt 0.012758 0.943702
vt 0.992995 0.038123
vt 0.989093 0.038123
vt 0.996897 0.107063
vt 0.996897 0.122263
vt 0.996897 0.005247
vt 0.996897 0.007809
vt 0.706430 0.918056
vt 0.706430 0.921350
vt 0.704882 0.921350
vt 0.703418 0.918056
vt 0.703397 0.911038
vt 0.706149 0.915509
vt 0.996897 0.013059
vt 0.996897 0.020233
vt 0.696236 0.910612
vt 0.696244 0.918056
vt 0.960166 0.289734
vt 0.960166 0.296908
vt 0.960166 0.300512
vt 0.960166 0.302060
vt 0.996897 0.001953
vt 0.960166 0.269223
vt 0.960166 0.275924
vt 0.676882 0.906606
vt 0.682434 0.906606
vt 0.682434 0.918056
vt 0.676882 0.921807
vt 0.688114 0.889191
vt 0.700596 0.893261
vt 0.996897 0.087023
vt 0.716825 0.115100
vt 0.716825 0.120379
vt 0.716825 0.101971
vt 0.683095 0.887554
vt 0.996897 0.038123
vt 0.962728 0.964710
vt 0.976916 0.951948
vt 0.982540 0.960764
vt 0.965001 0.968149
vt 0.985050 0.970973
vt 0.965748 0.972236
vt 0.984063 0.981605
vt 0.965002 0.976380
vt 0.979642 0.991471
vt 0.962778 0.980112
vt 0.954896 0.989920
vt 0.941672 0.984337
vt 0.946017 0.980287
vt 0.954719 0.983618
vt 0.937008 0.970738
vt 0.943305 0.971369
vt 0.937353 0.945760
vt 0.947388 0.963591
vt 0.954709 0.972204
vt 0.947640 0.942092
vt 0.951272 0.961658
vt 0.958458 0.941973
vt 0.955441 0.961242
vt 0.968595 0.945408
vt 0.959412 0.962312
vt 0.962728 0.964710
vt 0.976916 0.951948
vt 0.982540 0.960764
vt 0.965001 0.968149
vt 0.985050 0.970973
vt 0.965748 0.972236
vt 0.984063 0.981605
vt 0.965002 0.976380
vt 0.979642 0.991471
vt 0.962778 0.980112
vt 0.954896 0.989920
vt 0.941672 0.984337
vt 0.946017 0.980287
vt 0.954719 0.983618
vt 0.937008 0.970738
vt 0.943305 0.971369
vt 0.937353 0.945760
vt 0.947388 0.963591
vt 0.954709 0.972204
vt 0.947640 0.942092
vt 0.951272 0.961658
vt 0.958458 0.941973
vt 0.955441 0.961242
vt 0.968595 0.945408
vt 0.959412 0.962312
vt 0.962728 0.964710
vt 0.976916 0.951948
vt 0.982540 0.960764
vt 0.965001 0.968149
vt 0.985050 0.970973
vt 0.965748 0.972236
vt 0.984063 0.981605
vt 0.965002 0.976380
vt 0.979642 0.991471
vt 0.962778 0.980112
vt 0.954896 0.989920
vt 0.941672 0.984337
vt 0.946017 0.980287
vt 0.954719 0.983618
vt 0.937008 0.970738
vt 0.943305 0.971369
vt 0.937353 0.945760
vt 0.947388 0.963591
vt 0.954709 0.972204
vt 0.947640 0.942092
vt 0.951272 0.961658
vt 0.958458 0.941973
vt 0.955441 0.961242
vt 0.968595 0.945408
vt 0.959412 0.962312
vt 0.781608 0.966542
vt 0.795796 0.953781
vt 0.801420 0.962597
vt 0.783881 0.969982
vt 0.803931 0.972806
vt 0.784628 0.974069
vt 0.802943 0.983437
vt 0.783882 0.978213
vt 0.798522 0.993303
vt 0.781658 0.981944
vt 0.773776 0.991753
vt 0.760552 0.986170
vt 0.764897 0.982120
vt 0.773599 0.985450
vt 0.755888 0.972570
vt 0.762185 0.973202
vt 0.756233 0.947592
vt 0.766268 0.965423
vt 0.773589 0.974037
vt 0.766520 0.943925
vt 0.770152 0.963491
vt 0.777338 0.943805
vt 0.774321 0.963074
vt 0.787475 0.947240
vt 0.778292 0.964145
vt 0.781608 0.966542
vt 0.795796 0.953781
vt 0.801420 0.962597
vt 0.783881 0.969982
vt 0.803931 0.972806
vt 0.784628 0.974069
vt 0.802943 0.983437
vt 0.783882 0.978213
vt 0.798522 0.993303
vt 0.781658 0.981944
vt 0.773776 0.991753
vt 0.760552 0.986170
vt 0.764897 0.982120
vt 0.773599 0.985450
vt 0.755888 0.972570
vt 0.762185 0.973202
vt 0.756233 0.947592
vt 0.766268 0.965423
vt 0.773589 0.974037
vt 0.766520 0.943925
vt 0.770152 0.963491
vt 0.777338 0.943805
vt 0.774321 0.963074
vt 0.787475 0.947240
vt 0.778292 0.964145
vt 0.781608 0.966542
vt 0.795796 0.953781
vt 0.801420 0.962597
vt 0.783881 0.969982
vt 0.803931 0.972806
vt 0.784628 0.974069
vt 0.802943 0.983437
vt 0.783882 0.978213
vt 0.798522 0.993303
vt 0.781658 0.981944
vt 0.773776 0.991753
vt 0.760552 0.986170
vt 0.764897 0.982120
vt 0.773599 0.985450
vt 0.755888 0.972570
vt 0.762185 0.973202
vt 0.756233 0.947592
vt 0.766268 0.965423
vt 0.773589 0.974037
vt 0.766520 0.943925
vt 0.770152 0.963491
vt 0.777338 0.943805
vt 0.774321 0.963074
vt 0.787475 0.947240
vt 0.778292 0.964145
vt 0.781608 0.966542
vt 0.795796 0.953781
vt 0.801420 0.962597
vt 0.783881 0.969982
vt 0.803931 0.972806
vt 0.784628 0.974069
vt 0.802943 0.983437
vt 0.783882 0.978213
vt 0.798522 0.993303
vt 0.781658 0.981944
vt 0.773776 0.991753
vt 0.760552 0.986170
vt 0.764897 0.982120
vt 0.773599 0.985450
vt 0.755888 0.972570
vt 0.762185 0.973202
vt 0.756233 0.947592
vt 0.766268 0.965423
vt 0.773589 0.974037
vt 0.766520 0.943925
vt 0.770152 0.963491
vt 0.777338 0.943805
vt 0.774321 0.963074
vt 0.787475 0.947240
vt 0.778292 0.964145
vt 0.781608 0.966542
vt 0.795796 0.953781
vt 0.801420 0.962597
vt 0.783881 0.969982
vt 0.803931 0.972806
vt 0.784628 0.974069
vt 0.802943 0.983437
vt 0.783882 0.978213
vt 0.798522 0.993303
vt 0.781658 0.981944
vt 0.773776 0.991753
vt 0.760552 0.986170
vt 0.764897 0.982120
vt 0.773599 0.985450
vt 0.755888 0.972570
vt 0.762185 0.973202
vt 0.756233 0.947592
vt 0.766268 0.965423
vt 0.773589 0.974037
vt 0.766520 0.943925
vt 0.770152 0.963491
vt 0.777338 0.943805
vt 0.774321 0.963074
vt 0.787475 0.947240
vt 0.778292 0.964145
vt 0.912578 0.967092
vt 0.926767 0.954331
vt 0.932391 0.963147
vt 0.914852 0.970532
vt 0.934901 0.973356
vt 0.915598 0.974619
vt 0.933914 0.983988
vt 0.914852 0.978763
vt 0.929492 0.993853
vt 0.912628 0.982495
vt 0.904746 0.992303
vt 0.891523 0.986720
vt 0.895867 0.982670
vt 0.904570 0.986000
vt 0.886859 0.973120
vt 0.893155 0.973752
vt 0.887203 0.948143
vt 0.897239 0.965973
vt 0.904559 0.974587
vt 0.897490 0.944475
vt 0.901123 0.964041
vt 0.908308 0.944355
vt 0.905292 0.963624
vt 0.918445 0.947790
vt 0.909263 0.964695
vt 0.912578 0.967092
vt 0.926767 0.954331
vt 0.932391 0.963147
vt 0.914852 0.970532
vt 0.934901 0.973356
vt 0.915598 0.974619
vt 0.933914 0.983988
vt 0.914852 0.978763
vt 0.929492 0.993853
vt 0.912628 0.982495
vt 0.904746 0.992303
vt 0.891523 0.986720
vt 0.895867 0.982670
vt 0.904570 0.986000
vt 0.886859 0.973120
vt 0.893155 0.973752
vt 0.887203 0.948143
vt 0.897239 0.965973
vt 0.904559 0.974587
vt 0.897490 0.944475
vt 0.901123 0.964041
vt 0.908308 0.944355
vt 0.905292 0.963624
vt 0.918445 0.947790
vt 0.909263 0.964695
vt 0.912578 0.967092
vt 0.926767 0.954331
vt 0.932391 0.963147
vt 0.914852 0.970532
vt 0.934901 0.973356
vt 0.915598 0.974619
vt 0.933914 0.983988
vt 0.914852 0.978763
vt 0.929492 0.993853
vt 0.912628 0.982495
vt 0.904746 0.992303
vt 0.891523 0.986720
vt 0.895867 0.982670
vt 0.904570 0.986000
vt 0.886859 0.973120
vt 0.893155 0.973752
vt 0.887203 0.948143
vt 0.897239 0.965973
vt 0.904559 0.974587
vt 0.897490 0.944475
vt 0.901123 0.964041
vt 0.908308 0.944355
vt 0.905292 0.963624
vt 0.918445 0.947790
vt 0.909263 0.964695
vt 0.962728 0.964710
vt 0.965001 0.968149
vt 0.982540 0.960764
vt 0.976916 0.951948
vt 0.965748 0.972236
vt 0.985050 0.970973
vt 0.965002 0.976380
vt 0.984063 0.981605
vt 0.962778 0.980112
vt 0.979642 0.991471
vt 0.954896 0.989920
vt 0.954719 0.983618
vt 0.946017 0.980287
vt 0.941672 0.984337
vt 0.943305 0.971369
vt 0.937008 0.970738
vt 0.947388 0.963591
vt 0.937353 0.945760
vt 0.954709 0.972204
vt 0.951272 0.961658
vt 0.947640 0.942092
vt 0.955441 0.961242
vt 0.958458 0.941973
vt 0.959412 0.962312
vt 0.968595 0.945408
vt 0.962728 0.964710
vt 0.965001 0.968149
vt 0.982540 0.960764
vt 0.976916 0.951948
vt 0.965748 0.972236
vt 0.985050 0.970973
vt 0.965002 0.976380
vt 0.984063 0.981605
vt 0.962778 0.980112
vt 0.979642 0.991471
vt 0.954896 0.989920
vt 0.954719 0.983618
vt 0.946017 0.980287
vt 0.941672 0.984337
vt 0.943305 0.971369
vt 0.937008 0.970738
vt 0.947388 0.963591
vt 0.937353 0.945760
vt 0.954709 0.972204
vt 0.951272 0.961658
vt 0.947640 0.942092
vt 0.955441 0.961242
vt 0.958458 0.941973
vt 0.959412 0.962312
vt 0.968595 0.945408
vt 0.962728 0.964710
vt 0.965001 0.968149
vt 0.982540 0.960764
vt 0.976916 0.951948
vt 0.965748 0.972236
vt 0.985050 0.970973
vt 0.965002 0.976380
vt 0.984063 0.981605
vt 0.962778 0.980112
vt 0.979642 0.991471
vt 0.954896 0.989920
vt 0.954719 0.983618
vt 0.946017 0.980287
vt 0.941672 0.984337
vt 0.943305 0.971369
vt 0.937008 0.970738
vt 0.947388 0.963591
vt 0.937353 0.945760
vt 0.954709 0.972204
vt 0.951272 0.961658
vt 0.947640 0.942092
vt 0.955441 0.961242
vt 0.958458 0.941973
vt 0.959412 0.962312
vt 0.968595 0.945408
vt 0.781608 0.966542
vt 0.783881 0.969982
vt 0.801420 0.962597
vt 0.795796 0.953781
vt 0.784628 0.974069
vt 0.803931 0.972806
vt 0.783882 0.978213
vt 0.802943 0.983437
vt 0.781658 0.981944
vt 0.798522 0.993303
vt 0.773776 0.991753
vt 0.773599 0.985450
vt 0.764897 0.982120
vt 0.760552 0.986170
vt 0.762185 0.973202
vt 0.755888 0.972570
vt 0.766268 0.965423
vt 0.756233 0.947592
vt 0.773589 0.974037
vt 0.770152 0.963491
vt 0.766520 0.943925
vt 0.774321 0.963074
vt 0.777338 0.943805
vt 0.778292 0.964145
vt 0.787475 0.947240
vt 0.781608 0.966542
vt 0.783881 0.969982
vt 0.801420 0.962597
vt 0.795796 0.953781
vt 0.784628 0.974069
vt 0.803931 0.972806
vt 0.783882 0.978213
vt 0.802943 0.983437
vt 0.781658 0.981944
vt 0.798522 0.993303
vt 0.773776 0.991753
vt 0.773599 0.985450
vt 0.764897 0.982120
vt 0.760552 0.986170
vt 0.762185 0.973202
vt 0.755888 0.972570
vt 0.766268 0.965423
vt 0.756233 0.947592
vt 0.773589 0.974037
vt 0.770152 0.963491
vt 0.766520 0.943925
vt 0.774321 0.963074
vt 0.777338 0.943805
vt 0.778292 0.964145
vt 0.787475 0.947240
vt 0.781608 0.966542
vt 0.783881 0.969982
vt 0.801420 0.962597
vt 0.795796 0.953781
vt 0.784628 0.974069
vt 0.803931 0.972806
vt 0.783882 0.978213
vt 0.802943 0.983437
vt 0.781658 0.981944
vt 0.798522 0.993303
vt 0.773776 0.991753
vt 0.773599 0.985450
vt 0.764897 0.982120
vt 0.760552 0.986170
vt 0.762185 0.973202
vt 0.755888 0.972570
vt 0.766268 0.965423
vt 0.756233 0.947592
vt 0.773589 0.974037
vt 0.770152 0.963491
vt 0.766520 0.943925
vt 0.774321 0.963074
vt 0.777338 0.943805
vt 0.778292 0.964145
vt 0.787475 0.947240
vt 0.781608 0.966542
vt 0.783881 0.969982
vt 0.801420 0.962597
vt 0.795796 0.953781
vt 0.784628 0.974069
vt 0.803931 0.972806
vt 0.783882 0.978213
vt 0.802943 0.983437
vt 0.781658 0.981944
vt 0.798522 0.993303
vt 0.773776 0.991753
vt 0.773599 0.985450
vt 0.764897 0.982120
vt 0.760552 0.986170
vt 0.762185 0.973202
vt 0.755888 0.972570
vt 0.766268 0.965423
vt 0.756233 0.947592
vt 0.773589 0.974037
vt 0.770152 0.963491
vt 0.766520 0.943925
vt 0.774321 0.963074
vt 0.777338 0.943805
vt 0.778292 0.964145
vt 0.787475 0.947240
vt 0.781608 0.966542
vt 0.783881 0.969982
vt 0.801420 0.962597
vt 0.795796 0.953781
vt 0.784628 0.974069
vt 0.803931 0.972806
vt 0.783882 0.978213
vt 0.802943 0.983437
vt 0.781658 0.981944
vt 0.798522 0.993303
vt 0.773776 0.991753
vt 0.773599 0.985450
vt 0.764897 0.982120
vt 0.760552 0.986170
vt 0.762185 0.973202
vt 0.755888 0.972570
vt 0.766268 0.965423
vt 0.756233 0.947592
vt 0.773589 0.974037
vt 0.770152 0.963491
vt 0.766520 0.943925
vt 0.774321 0.963074
vt 0.777338 0.943805
vt 0.778292 0.964145
vt 0.787475 0.947240
vt 0.912578 0.967092
vt 0.914852 0.970532
vt 0.932391 0.963147
vt 0.926767 0.954331
vt 0.915598 0.974619
vt 0.934901 0.973356
vt 0.914852 0.978763
vt 0.933914 0.983988
vt 0.912628 0.982495
vt 0.929492 0.993853
vt 0.904746 0.992303
vt 0.904570 0.986000
vt 0.895867 0.982670
vt 0.891523 0.986720
vt 0.893155 0.973752
vt 0.886859 0.973120
vt 0.897239 0.965973
vt 0.887203 0.948143
vt 0.904559 0.974587
vt 0.901123 0.964041
vt 0.897490 0.944475
vt 0.905292 0.963624
vt 0.908308 0.944355
vt 0.909263 0.964695
vt 0.918445 0.947790
vt 0.912578 0.967092
vt 0.914852 0.970532
vt 0.932391 0.963147
vt 0.926767 0.954331
vt 0.915598 0.974619
vt 0.934901 0.973356
vt 0.914852 0.978763
vt 0.933914 0.983988
vt 0.912628 0.982495
vt 0.929492 0.993853
vt 0.904746 0.992303
vt 0.904570 0.986000
vt 0.895867 0.982670
vt 0.891523 0.986720
vt 0.893155 0.973752
vt 0.886859 0.973120
vt 0.897239 0.965973
vt 0.887203 0.948143
vt 0.904559 0.974587
vt 0.901123 0.964041
vt 0.897490 0.944475
vt 0.905292 0.963624
vt 0.908308 0.944355
vt 0.909263 0.964695
vt 0.918445 0.947790
vt 0.912578 0.967092
vt 0.914852 0.970532
vt 0.932391 0.963147
vt 0.926767 0.954331
vt 0.915598 0.974619
vt 0.934901 0.973356
vt 0.914852 0.978763
vt 0.933914 0.983988
vt 0.912628 0.982495
vt 0.929492 0.993853
vt 0.904746 0.992303
vt 0.904570 0.986000
vt 0.895867 0.982670
vt 0.891523 0.986720
vt 0.893155 0.973752
vt 0.886859 0.973120
vt 0.897239 0.965973
vt 0.887203 0.948143
vt 0.904559 0.974587
vt 0.901123 0.964041
vt 0.897490 0.944475
vt 0.905292 0.963624
vt 0.908308 0.944355
vt 0.909263 0.964695
vt 0.918445 0.947790
vn -0.9864 0.1643 0.0004
vn 0.6956 0.7184 -0.0000
vn -0.6895 -0.7243 0.0001
vn 1.0000 -0.0083 0.0000
vn -0.0039 1.0000 -0.0016
vn -0.0352 -0.9994 0.0013
vn -0.7078 0.7064 0.0000
vn 0.7716 -0.0882 0.6299
vn 0.6733 -0.7393 -0.0052
vn 0.0347 -0.9993 0.0138
vn -0.1974 -0.9803 0.0000
vn -0.9864 0.1643 -0.0004
vn -0.6895 -0.7243 -0.0001
vn -0.0039 1.0000 0.0016
vn -0.0352 -0.9994 -0.0013
vn 0.7716 -0.0882 -0.6299
vn 0.6733 -0.7393 0.0052
vn 0.0347 -0.9993 -0.0138
vn 0.8415 0.4182 -0.3419
vn 0.0000 0.7742 0.6329
vn 0.0000 0.7742 -0.6329
vn -0.8955 0.4451 -0.0000
vn 0.0000 1.0000 -0.0000
vn -0.8415 0.4182 -0.3419
vn 0.8955 0.4451 0.0000
vn -0.8415 0.4182 0.3419
vn 0.8415 0.4182 0.3419
vn -0.8415 0.4183 -0.3419
vn -0.8415 0.4183 0.3419
vn 0.0002 0.7742 -0.6329
vn 0.5322 0.8466 -0.0000
vn -0.8671 0.4981 0.0000
vn 0.0002 0.7742 0.6329
vn 0.8945 0.4256 -0.1369
vn 0.0002 1.0000 0.0000
vn 0.8945 0.4256 0.1369
vn -0.6945 0.7181 0.0438
vn -0.6945 0.7181 -0.0438
vn 0.6552 0.7555 0.0000
vn 0.0996 -0.3201 0.9421
vn 0.1224 -0.3121 0.9421
vn 0.2384 -0.2682 0.9334
vn 0.7579 0.6524 0.0069
vn 0.7348 0.5532 -0.3923
vn -0.0095 -0.3555 0.9346
vn 0.0996 -0.3202 0.9421
vn -0.7524 -0.6586 -0.0121
vn -0.7326 -0.5556 0.3931
vn 0.0043 -0.7746 0.6325
vn -1.0000 0.0000 0.0000
vn -0.8831 -0.1420 -0.4472
vn -0.0160 -0.8616 -0.5073
vn 0.0080 1.0000 0.0000
vn -1.0000 0.0001 -0.0003
vn 0.0996 -0.3201 -0.9421
vn 0.2384 -0.2682 -0.9334
vn 0.1224 -0.3121 -0.9421
vn 0.7579 0.6524 -0.0069
vn 0.7348 0.5532 0.3923
vn -0.0095 -0.3555 -0.9346
vn 0.0996 -0.3202 -0.9421
vn -0.7524 -0.6586 0.0121
vn -0.7326 -0.5556 -0.3931
vn 0.0043 -0.7746 -0.6325
vn -0.8831 -0.1420 0.4472
vn -0.0160 -0.8616 0.5073
vn -1.0000 0.0001 0.0003
vn 0.8863 0.4631 -0.0000
vn 1.0000 0.0000 0.0000
vn -0.0355 -0.9994 0.0000
vn -0.0480 0.0000 0.9988
vn -0.0589 -0.7061 0.7057
vn -0.0480 0.0000 -0.9988
vn -0.0589 -0.7061 -0.7057
vn -0.0000 0.7112 0.7030
vn -0.0000 0.7112 -0.7030
vn 0.0000 -1.0000 0.0000
vn 0.8613 -0.5082 -0.0000
vn 0.6352 0.7723 0.0000
vn 0.0000 0.0000 1.0000
vn -0.8753 -0.4835 0.0000
vn 0.0000 0.7029 0.7113
vn 0.8753 0.4835 -0.0000
vn -0.8498 -0.5271 0.0001
vn -0.8594 -0.5100 0.0374
vn 0.9969 0.0788 0.0000
vn 0.0000 -0.7071 0.7071
vn 0.6432 0.3544 0.6788
vn 0.6090 -0.3593 0.7071
vn -0.8951 -0.4429 0.0510
vn -0.8956 -0.4449 0.0001
vn 0.9255 0.1856 0.3301
vn -0.8735 -0.4811 0.0750
vn 0.5746 0.7132 0.4015
vn -0.0000 0.0000 -1.0000
vn 0.0000 0.7029 -0.7113
vn -0.8498 -0.5271 -0.0001
vn -0.8594 -0.5100 -0.0374
vn 0.0000 -0.7071 -0.7071
vn 0.6432 0.3544 -0.6788
vn 0.6090 -0.3593 -0.7071
vn -0.8951 -0.4429 -0.0510
vn -0.8956 -0.4449 -0.0001
vn 0.9255 0.1856 -0.3301
vn -0.8735 -0.4811 -0.0750
vn 0.5746 0.7132 -0.4015
vn -0.0103 -0.9993 -0.0357
vn -0.7497 -0.6618 0.0000
vn -0.9562 0.2928 0.0000
vn 0.7371 0.6758 -0.0000
vn 0.9643 -0.2648 -0.0000
vn -0.7371 -0.6758 0.0000
vn -0.9724 0.2333 0.0000
vn 0.8765 -0.4813 0.0089
vn -0.0103 -0.9993 0.0357
vn 0.8765 -0.4813 -0.0089
vn 0.7711 0.4482 0.4523
vn 0.8205 0.5130 0.2524
vn 0.8688 0.4475 0.2120
vn 0.8208 0.4093 0.3986
vn -0.0001 0.0000 1.0000
vn -0.0019 -0.0014 1.0000
vn -0.0027 -0.0021 1.0000
vn -0.0012 -0.0009 1.0000
vn -0.0005 -0.0004 1.0000
vn 0.7740 0.6332 -0.0000
vn 0.7586 0.5808 0.2952
vn 0.7458 0.6658 0.0238
vn 0.7460 0.6660 -0.0000
vn 0.3188 0.3885 0.8645
vn 0.3607 0.4376 0.8237
vn 0.4620 0.5225 0.7166
vn 0.4788 0.5325 0.6980
vn 0.5885 0.8085 -0.0000
vn 0.6012 0.7991 -0.0000
vn 0.5982 0.7990 0.0620
vn 0.5884 0.8059 0.0649
vn -0.0023 0.0018 1.0000
vn -0.0018 0.0009 1.0000
vn 0.6303 0.5153 0.5806
vn 0.6262 0.5179 0.5828
vn 0.6940 0.4852 0.5319
vn -0.0036 0.0051 1.0000
vn 0.0003 0.0040 1.0000
vn -0.0047 0.0025 1.0000
vn 0.0010 -0.0017 1.0000
vn 0.0015 -0.0025 1.0000
vn 0.8329 0.5534 -0.0000
vn 0.6453 0.7639 0.0000
vn 0.6440 0.7640 0.0397
vn 0.8942 0.4477 -0.0000
vn 0.8840 0.4314 0.1801
vn 0.8824 0.4312 0.1881
vn 0.8496 0.4043 0.3387
vn 0.8417 0.4005 0.3620
vn 0.8858 0.4641 -0.0000
vn -0.0051 0.0017 1.0000
vn 0.6733 -0.7393 -0.0000
vn 0.2148 0.4212 0.8812
vn 0.2228 0.4115 0.8837
vn -0.0015 -0.0025 1.0000
vn 0.0002 -0.0032 1.0000
vn 0.4997 -0.5593 0.6614
vn 0.5015 -0.5611 0.6585
vn 0.5179 -0.5766 0.6319
vn 0.5166 -0.5755 0.6340
vn 0.5245 -0.5819 0.6216
vn -0.0175 -0.5957 0.8030
vn -0.2888 -0.5602 0.7764
vn -0.2095 -0.5754 0.7906
vn -0.3104 -0.6114 0.7280
vn -0.3176 -0.6075 0.7281
vn 0.4910 -0.5501 0.6755
vn 0.1469 0.4979 0.8547
vn 0.7721 0.6348 0.0304
vn 0.7633 0.6460 -0.0000
vn 0.9068 0.4215 -0.0036
vn 0.9068 0.4215 -0.0000
vn -0.1357 -0.6901 0.7109
vn -0.5670 -0.8237 0.0000
vn -0.5906 -0.8069 0.0000
vn -0.5906 -0.8069 0.0061
vn -0.5670 -0.8237 0.0088
vn 0.5739 0.5463 0.6101
vn 0.5664 0.5498 0.6139
vn 0.6974 0.7166 0.0000
vn 0.6967 0.7169 0.0235
vn -0.6994 -0.7147 0.0006
vn -0.6463 -0.7631 0.0021
vn -0.6463 -0.7631 0.0000
vn -0.6994 -0.7147 0.0000
vn -0.0003 -0.0000 1.0000
vn -0.7205 -0.6935 0.0003
vn -0.7205 -0.6935 0.0000
vn 0.7711 0.4482 -0.4523
vn 0.8208 0.4093 -0.3986
vn 0.8688 0.4475 -0.2120
vn 0.8205 0.5130 -0.2524
vn -0.0001 0.0000 -1.0000
vn -0.0019 -0.0014 -1.0000
vn -0.0005 -0.0004 -1.0000
vn -0.0012 -0.0009 -1.0000
vn -0.0027 -0.0021 -1.0000
vn 0.7458 0.6658 -0.0238
vn 0.7586 0.5808 -0.2952
vn 0.3188 0.3885 -0.8645
vn 0.4788 0.5325 -0.6980
vn 0.4620 0.5225 -0.7166
vn 0.3607 0.4376 -0.8237
vn 0.5884 0.8059 -0.0649
vn 0.5982 0.7990 -0.0620
vn -0.0018 0.0009 -1.0000
vn -0.0023 0.0018 -1.0000
vn 0.6303 0.5153 -0.5806
vn 0.6940 0.4852 -0.5319
vn 0.6262 0.5179 -0.5828
vn -0.0036 0.0051 -1.0000
vn 0.0003 0.0040 -1.0000
vn -0.0047 0.0025 -1.0000
vn 0.0010 -0.0017 -1.0000
vn 0.0015 -0.0025 -1.0000
vn 0.6440 0.7640 -0.0397
vn 0.8824 0.4312 -0.1881
vn 0.8840 0.4314 -0.1801
vn 0.8417 0.4005 -0.3620
vn 0.8496 0.4043 -0.3387
vn -0.0051 0.0017 -1.0000
vn 0.2148 0.4212 -0.8812
vn 0.2229 0.4115 -0.8837
vn -0.0015 -0.0025 -1.0000
vn 0.0002 -0.0032 -1.0000
vn 0.4997 -0.5593 -0.6614
vn 0.5166 -0.5755 -0.6340
vn 0.5179 -0.5766 -0.6319
vn 0.5015 -0.5611 -0.6585
vn 0.5245 -0.5819 -0.6216
vn -0.0175 -0.5957 -0.8030
vn -0.2095 -0.5754 -0.7906
vn -0.2888 -0.5602 -0.7764
vn -0.3176 -0.6075 -0.7281
vn -0.3104 -0.6114 -0.7280
vn 0.4910 -0.5501 -0.6755
vn 0.1469 0.4979 -0.8547
vn 0.7721 0.6348 -0.0304
vn 0.9068 0.4215 0.0036
vn -0.1357 -0.6901 -0.7109
vn -0.5670 -0.8237 -0.0088
vn -0.5906 -0.8069 -0.0061
vn 0.5664 0.5498 -0.6139
vn 0.5739 0.5463 -0.6101
vn 0.6967 0.7169 -0.0235
vn -0.6994 -0.7147 -0.0006
vn -0.6463 -0.7631 -0.0021
vn -0.0003 -0.0000 -1.0000
vn -0.7205 -0.6935 -0.0003
vn -0.1556 0.9878 -0.0000
vn -0.3457 0.9383 -0.0000
vn -0.3500 0.9368 -0.0000
vn -0.1561 0.9877 -0.0000
vn -0.0203 0.9998 0.0000
vn -0.0204 0.9998 0.0000
vn 0.0734 0.9973 0.0000
vn 0.0280 0.0294 0.9992
vn 0.0407 0.0323 0.9986
vn 0.0923 -0.1006 0.9906
vn 0.0922 -0.1006 0.9906
vn 0.9797 0.2006 -0.0000
vn 0.9958 0.0912 0.0000
vn 0.9966 0.0819 -0.0000
vn 0.9543 -0.2989 0.0000
vn 0.9315 -0.3637 0.0000
vn 0.9310 -0.3649 0.0000
vn 0.9557 -0.2942 0.0000
vn 0.0103 0.1143 0.9934
vn -0.0004 0.1062 0.9943
vn 0.0000 0.1265 0.9920
vn -0.4933 0.8698 0.0000
vn 0.8845 0.4665 0.0000
vn 0.9378 -0.3472 0.0000
vn 0.9929 -0.1188 0.0000
vn 0.9930 -0.1180 0.0000
vn 0.1127 -0.1095 0.9876
vn -0.0176 0.1001 0.9948
vn -0.0169 0.1012 0.9947
vn 0.0280 0.0294 -0.9992
vn 0.0922 -0.1006 -0.9906
vn 0.0923 -0.1006 -0.9906
vn 0.0407 0.0323 -0.9986
vn 0.0103 0.1143 -0.9934
vn -0.0004 0.1062 -0.9943
vn -0.0000 0.1265 -0.9920
vn 0.1127 -0.1095 -0.9876
vn -0.0169 0.1012 -0.9947
vn -0.0176 0.1001 -0.9948
vn 0.8432 -0.5376 0.0000
vn -0.4975 0.8675 0.0000
vn 0.6177 0.7864 0.0000
vn 0.0000 0.1551 0.9879
vn -0.0012 0.1696 0.9855
vn 0.0000 0.1679 0.9858
vn 0.0000 0.1551 -0.9879
vn 0.0015 0.1691 -0.9856
vn 0.0000 0.1679 -0.9858
vn 0.0000 0.1806 -0.9835
vn 0.0000 0.1806 0.9835
vn 0.0015 0.1691 0.9856
vn -0.0012 0.1696 -0.9855
vn 0.7741 0.6331 0.0000
vn 0.7624 0.6470 -0.0110
vn 0.7685 0.6399 -0.0053
vn -0.0081 0.9997 0.0217
vn -0.0163 0.9996 0.0227
vn -0.0163 0.9999 0.0000
vn -0.0081 1.0000 0.0000
vn 0.0000 0.8228 -0.5684
vn 0.0000 0.7349 0.6781
vn -0.0000 0.9998 0.0208
vn 0.0000 0.9998 0.0207
vn 0.7585 0.6515 -0.0146
vn -0.0101 -0.6057 0.7956
vn -0.0111 -0.6040 0.7969
vn -0.0638 -0.6010 0.7967
vn -0.0559 -0.6013 0.7971
vn -0.0037 0.8252 -0.5648
vn 0.0000 0.9049 -0.4257
vn -0.0013 0.9066 -0.4220
vn -0.0001 -0.0001 1.0000
vn 0.0000 0.7273 0.6863
vn -0.0002 -0.0001 1.0000
vn -0.0002 -0.0002 1.0000
vn -0.0140 -0.6115 0.7911
vn -0.0116 -0.6093 0.7928
vn -0.0117 -0.6094 0.7928
vn -0.0005 0.7141 0.7000
vn -0.0003 0.7188 0.6953
vn 0.0000 0.8083 -0.5888
vn -0.0006 0.7343 0.6789
vn -0.0013 0.7335 0.6797
vn -0.0030 0.7355 0.6775
vn -0.0021 0.7353 0.6777
vn -0.0051 0.7359 0.6771
vn -0.0008 0.7062 0.7080
vn -0.0012 0.7082 0.7060
vn -0.0005 0.7049 0.7093
vn 0.0006 1.0000 0.0011
vn 0.0013 1.0000 0.0023
vn -0.0074 0.8276 -0.5612
vn -0.0027 0.9084 -0.4182
vn 0.8801 0.4748 0.0096
vn 0.8801 0.4748 0.0000
vn 0.7765 -0.6301 0.0019
vn 0.7751 -0.6318 0.0018
vn 0.7739 -0.6333 0.0018
vn 0.7734 -0.6339 0.0000
vn 0.7780 -0.6283 0.0019
vn 0.7780 -0.6282 0.0019
vn 0.7789 -0.6272 0.0019
vn -0.3533 -0.4666 0.8108
vn -0.3354 -0.4863 0.8069
vn -0.2603 -0.5433 0.7982
vn -0.2830 -0.5289 0.8001
vn -0.1575 -0.5851 0.7955
vn -0.1774 -0.5794 0.7955
vn -0.3713 -0.4463 0.8142
vn -0.0982 0.3207 -0.9421
vn -0.2329 0.2695 -0.9344
vn -0.1154 0.3145 -0.9422
vn -0.8245 -0.5658 -0.0102
vn -0.8030 -0.5955 0.0213
vn -0.7784 -0.6254 0.0545
vn 0.0097 -0.9999 -0.0133
vn 0.0097 -1.0000 -0.0000
vn 0.0195 -0.9998 -0.0000
vn 0.0195 -0.9998 -0.0054
vn -0.0000 -0.7029 -0.7113
vn 0.0000 -0.7030 -0.7112
vn -0.0004 -0.8219 0.5696
vn -0.0002 -0.8224 0.5690
vn -0.0000 -0.7349 -0.6781
vn 0.0000 -0.9998 -0.0210
vn -0.7614 -0.6438 0.0758
vn 0.0102 0.6058 -0.7955
vn 0.0558 0.6017 -0.7968
vn 0.0642 0.6014 -0.7964
vn 0.0112 0.6041 -0.7968
vn -0.0001 0.0019 -1.0000
vn -0.0001 0.0004 -1.0000
vn -0.0001 0.0008 -1.0000
vn -0.0001 0.0003 -1.0000
vn 0.0000 -0.8228 0.5683
vn 0.0074 -0.8281 0.5606
vn 0.0073 -0.8280 0.5606
vn 0.0000 -0.9048 0.4258
vn 0.0069 -0.9122 0.4098
vn 0.0070 -0.9123 0.4096
vn 0.0099 0.3564 -0.9343
vn 0.0006 0.0010 -1.0000
vn 0.0003 0.0009 -1.0000
vn 0.0004 -0.0001 -1.0000
vn -0.0003 0.0113 -0.9999
vn 0.0016 -0.7379 -0.6750
vn 0.0003 -0.7262 -0.6875
vn 0.0016 -0.7365 -0.6764
vn 0.0015 -0.7365 -0.6765
vn 0.0018 0.0032 -1.0000
vn -0.0001 0.0013 -1.0000
vn 0.0130 0.6127 -0.7902
vn 0.0112 0.6100 -0.7924
vn 0.0112 0.6099 -0.7924
vn -0.0003 -0.7114 -0.7028
vn -0.0006 -0.6995 -0.7146
vn -0.0007 -0.6935 -0.7205
vn -0.0005 -0.7146 -0.6996
vn 0.0012 -1.0000 -0.0013
vn 0.0004 -1.0000 -0.0024
vn 0.0000 -0.8069 0.5907
vn 0.0001 -0.8081 0.5890
vn -0.0002 -1.0000 0.0029
vn -0.0002 -1.0000 0.0000
vn -0.0000 -1.0000 0.0056
vn -0.0005 0.0151 -0.9999
vn 0.0006 0.0078 -1.0000
vn -0.0008 -0.6874 -0.7263
vn -0.0004 -1.0000 -0.0034
vn 0.0002 -0.8093 0.5874
vn 0.0002 -1.0000 0.0000
vn 0.0002 -1.0000 0.0082
vn -0.0002 -0.7351 -0.6780
vn 0.0003 -0.7326 -0.6806
vn -0.0018 -0.7346 -0.6785
vn -0.0026 -0.7345 -0.6787
vn 0.0005 0.0001 -1.0000
vn 0.0000 -0.9998 -0.0219
vn 0.0000 -0.9998 -0.0214
vn -0.0044 -0.7341 -0.6790
vn 0.0111 -0.7192 -0.6947
vn 0.0071 -0.7134 -0.7008
vn 0.0183 -0.7294 -0.6839
vn -0.0045 -1.0000 -0.0013
vn -0.0090 -1.0000 -0.0027
vn 0.0000 -1.0000 0.0001
vn 0.0002 -1.0000 -0.0068
vn 0.0001 -1.0000 -0.0034
vn -0.0034 -0.6916 -0.7223
vn -0.0018 -0.6971 -0.7170
vn -0.0017 -0.6975 -0.7166
vn 0.0000 -0.9049 0.4257
vn 0.0147 -0.8332 0.5528
vn -0.0000 -0.8228 0.5684
vn 0.0139 -0.9194 0.3932
vn 0.0011 0.0040 -1.0000
vn 0.0022 0.0082 -1.0000
vn -0.0008 -0.0001 -1.0000
vn 0.0005 -0.0003 -1.0000
vn -0.0039 -0.8900 0.4559
vn -0.0020 -0.8976 0.4409
vn -0.0020 -0.8976 0.4408
vn 0.0012 0.0001 -1.0000
vn -0.0012 0.0002 -1.0000
vn -0.8806 -0.4737 -0.0078
vn -0.8804 -0.4742 -0.0087
vn -0.8799 -0.4752 -0.0085
vn -0.8796 -0.4757 -0.0074
vn -0.8808 -0.4735 -0.0018
vn -0.8785 -0.4775 -0.0161
vn -0.8778 -0.4789 0.0098
vn -0.8761 -0.4807 -0.0362
vn -0.8801 -0.4747 -0.0081
vn -0.8802 -0.4746 -0.0066
vn -0.8784 -0.4774 -0.0215
vn -0.8801 -0.4748 -0.0096
vn -0.8784 -0.4754 -0.0496
vn -0.8821 -0.4692 -0.0409
vn -0.8840 -0.4674 -0.0058
vn -0.8815 -0.4722 -0.0041
vn -0.8795 -0.4758 -0.0076
vn -0.8801 -0.4748 -0.0097
vn -0.8801 -0.4747 -0.0096
vn -0.8785 -0.4775 -0.0137
vn -0.8790 -0.4767 -0.0135
vn -0.8801 -0.4747 -0.0095
vn -0.8780 -0.4787 0.0000
vn -0.8791 -0.4767 0.0000
vn -0.8801 -0.4748 -0.0000
vn -0.8801 -0.4747 0.0000
vn -0.7765 0.6301 -0.0017
vn -0.7751 0.6318 -0.0017
vn -0.7738 0.6334 -0.0019
vn -0.7733 0.6340 -0.0000
vn -0.7819 0.6234 -0.0003
vn -0.7866 0.6174 0.0010
vn 0.0002 0.0004 -1.0000
vn 0.0001 0.0005 -1.0000
vn 0.0004 0.0007 -1.0000
vn 0.0002 0.0010 -1.0000
vn 0.3561 0.4663 -0.8098
vn 0.2842 0.5291 -0.7996
vn 0.2602 0.5443 -0.7975
vn 0.3365 0.4871 -0.8059
vn 0.1783 0.5799 -0.7949
vn 0.1572 0.5860 -0.7949
vn 0.3742 0.4465 -0.8128
vn -0.0134 -0.7933 -0.6087
vn -0.0134 -0.7919 -0.6106
vn -0.8763 -0.4360 -0.2047
vn -0.8169 -0.5611 -0.1336
vn -0.8269 -0.5435 -0.1443
vn -0.9298 -0.2546 0.2659
vn -0.8862 -0.2707 0.3759
vn -0.8860 -0.2708 0.3764
vn -0.0134 -0.7960 -0.6051
vn -0.8297 -0.2830 0.4812
vn -0.7524 -0.6548 -0.0720
vn -0.6331 -0.7741 -0.0002
vn -0.6318 -0.7752 -0.0002
vn -0.6336 -0.7736 -0.0000
vn -0.6301 -0.7766 -0.0003
vn -0.6600 -0.7513 0.0040
vn -0.6598 -0.7515 0.0039
vn -0.6301 -0.7765 -0.0003
vn -0.6896 -0.7241 0.0083
vn -0.5398 -0.6519 -0.5326
vn -0.4033 -0.6929 -0.5976
vn -0.4016 -0.6938 -0.5978
vn -0.5382 -0.6520 -0.5340
vn -0.2457 -0.7576 -0.6047
vn -0.2446 -0.7580 -0.6047
vn -0.0852 -0.7917 -0.6050
vn -0.0851 -0.7917 -0.6050
vn -0.6031 -0.6435 -0.4714
vn 0.7740 0.6331 0.0000
vn 0.7685 0.6399 0.0053
vn 0.7624 0.6470 0.0110
vn -0.0081 0.9997 -0.0217
vn -0.0163 0.9996 -0.0227
vn 0.0000 0.8228 0.5684
vn 0.0000 0.7349 -0.6781
vn -0.0000 0.9998 -0.0208
vn 0.0000 0.9998 -0.0207
vn 0.7585 0.6515 0.0146
vn -0.0101 -0.6057 -0.7956
vn -0.0559 -0.6013 -0.7971
vn -0.0638 -0.6010 -0.7967
vn -0.0111 -0.6040 -0.7969
vn -0.0037 0.8252 0.5648
vn 0.0000 0.9049 0.4257
vn -0.0013 0.9066 0.4220
vn -0.0001 -0.0001 -1.0000
vn 0.0000 0.7273 -0.6863
vn -0.0002 -0.0002 -1.0000
vn -0.0002 -0.0001 -1.0000
vn -0.0140 -0.6115 -0.7911
vn -0.0117 -0.6094 -0.7928
vn -0.0116 -0.6093 -0.7928
vn -0.0005 0.7141 -0.7000
vn -0.0003 0.7188 -0.6953
vn 0.0000 0.8083 0.5888
vn -0.0006 0.7343 -0.6788
vn -0.0013 0.7335 -0.6797
vn -0.0006 0.7343 -0.6789
vn -0.0021 0.7353 -0.6777
vn -0.0030 0.7355 -0.6775
vn -0.0051 0.7359 -0.6771
vn -0.0008 0.7062 -0.7080
vn -0.0005 0.7049 -0.7093
vn -0.0012 0.7082 -0.7060
vn 0.0006 1.0000 -0.0011
vn 0.0013 1.0000 -0.0023
vn -0.0074 0.8276 0.5612
vn -0.0027 0.9084 0.4182
vn 0.8801 0.4748 -0.0096
vn 0.7765 -0.6301 -0.0019
vn 0.7751 -0.6318 -0.0018
vn 0.7739 -0.6333 -0.0018
vn 0.7780 -0.6282 -0.0019
vn 0.7780 -0.6283 -0.0019
vn 0.7789 -0.6272 -0.0019
vn -0.3533 -0.4666 -0.8108
vn -0.2830 -0.5289 -0.8001
vn -0.2603 -0.5433 -0.7982
vn -0.3354 -0.4863 -0.8069
vn -0.1774 -0.5794 -0.7955
vn -0.1575 -0.5851 -0.7955
vn -0.3713 -0.4463 -0.8142
vn -0.0982 0.3207 0.9421
vn -0.1154 0.3145 0.9422
vn -0.2329 0.2695 0.9344
vn -0.8245 -0.5658 0.0102
vn -0.7784 -0.6254 -0.0545
vn -0.8030 -0.5955 -0.0213
vn 0.0097 -0.9999 0.0133
vn 0.0195 -0.9998 0.0054
vn -0.0000 -0.7029 0.7113
vn 0.0000 -0.7030 0.7112
vn -0.0004 -0.8219 -0.5696
vn -0.0002 -0.8224 -0.5690
vn -0.0000 -0.7349 0.6781
vn 0.0000 -0.9998 0.0210
vn -0.7614 -0.6438 -0.0758
vn 0.0102 0.6058 0.7955
vn 0.0112 0.6041 0.7968
vn 0.0642 0.6014 0.7964
vn 0.0558 0.6017 0.7968
vn -0.0001 0.0019 1.0000
vn -0.0001 0.0003 1.0000
vn -0.0001 0.0008 1.0000
vn -0.0001 0.0004 1.0000
vn 0.0000 -0.8228 -0.5683
vn 0.0073 -0.8280 -0.5606
vn 0.0074 -0.8281 -0.5606
vn 0.0000 -0.9048 -0.4258
vn 0.0070 -0.9123 -0.4096
vn 0.0069 -0.9122 -0.4098
vn 0.0099 0.3564 0.9343
vn 0.0004 -0.0001 1.0000
vn 0.0003 0.0009 1.0000
vn 0.0006 0.0010 1.0000
vn -0.0003 0.0113 0.9999
vn 0.0016 -0.7379 0.6750
vn 0.0015 -0.7365 0.6765
vn 0.0016 -0.7365 0.6764
vn 0.0003 -0.7262 0.6875
vn -0.0001 0.0013 1.0000
vn 0.0018 0.0032 1.0000
vn 0.0130 0.6127 0.7902
vn 0.0112 0.6099 0.7924
vn 0.0112 0.6100 0.7924
vn -0.0003 -0.7114 0.7028
vn -0.0005 -0.7146 0.6996
vn -0.0007 -0.6935 0.7205
vn -0.0006 -0.6995 0.7146
vn 0.0012 -1.0000 0.0013
vn 0.0004 -1.0000 0.0024
vn 0.0000 -0.8069 -0.5907
vn 0.0001 -0.8081 -0.5890
vn -0.0002 -1.0000 -0.0029
vn -0.0000 -1.0000 -0.0056
vn -0.0005 0.0151 0.9999
vn 0.0006 0.0078 1.0000
vn -0.0008 -0.6874 0.7263
vn -0.0004 -1.0000 0.0034
vn 0.0002 -0.8093 -0.5874
vn 0.0002 -1.0000 -0.0082
vn -0.0002 -0.7351 0.6780
vn 0.0003 -0.7326 0.6806
vn -0.0026 -0.7345 0.6787
vn -0.0018 -0.7346 0.6785
vn 0.0005 0.0001 1.0000
vn 0.0000 -0.9998 0.0219
vn 0.0000 -0.9998 0.0214
vn -0.0044 -0.7341 0.6790
vn 0.0111 -0.7192 0.6947
vn 0.0183 -0.7294 0.6839
vn 0.0071 -0.7134 0.7008
vn -0.0045 -1.0000 0.0013
vn -0.0090 -1.0000 0.0027
vn 0.0000 -1.0000 -0.0001
vn 0.0002 -1.0000 0.0068
vn 0.0001 -1.0000 0.0034
vn -0.0034 -0.6916 0.7223
vn -0.0017 -0.6975 0.7166
vn -0.0018 -0.6971 0.7170
vn 0.0000 -0.9049 -0.4257
vn 0.0147 -0.8332 -0.5528
vn -0.0000 -0.8228 -0.5684
vn 0.0139 -0.9194 -0.3932
vn 0.0011 0.0040 1.0000
vn 0.0022 0.0082 1.0000
vn 0.0005 -0.0003 1.0000
vn -0.0008 -0.0001 1.0000
vn -0.0039 -0.8900 -0.4559
vn -0.0020 -0.8976 -0.4408
vn -0.0020 -0.8976 -0.4409
vn 0.0012 0.0001 1.0000
vn -0.0012 0.0002 1.0000
vn -0.8806 -0.4737 0.0078
vn -0.8796 -0.4757 0.0074
vn -0.8799 -0.4752 0.0085
vn -0.8804 -0.4742 0.0087
vn -0.8808 -0.4735 0.0018
vn -0.8785 -0.4775 0.0161
vn -0.8778 -0.4789 -0.0098
vn -0.8761 -0.4807 0.0362
vn -0.8802 -0.4746 0.0066
vn -0.8801 -0.4747 0.0081
vn -0.8801 -0.4748 0.0096
vn -0.8784 -0.4774 0.0215
vn -0.8784 -0.4754 0.0496
vn -0.8821 -0.4692 0.0409
vn -0.8815 -0.4722 0.0041
vn -0.8840 -0.4674 0.0058
vn -0.8795 -0.4758 0.0076
vn -0.8801 -0.4747 0.0096
vn -0.8801 -0.4748 0.0097
vn -0.8785 -0.4775 0.0137
vn -0.8790 -0.4767 0.0135
vn -0.8801 -0.4747 0.0095
vn -0.7765 0.6301 0.0017
vn -0.7751 0.6318 0.0017
vn -0.7738 0.6334 0.0019
vn -0.7819 0.6234 0.0003
vn -0.7866 0.6174 -0.0010
vn 0.0002 0.0004 1.0000
vn 0.0001 0.0005 1.0000
vn 0.0004 0.0007 1.0000
vn 0.0002 0.0010 1.0000
vn 0.3561 0.4663 0.8098
vn 0.3365 0.4871 0.8059
vn 0.2602 0.5443 0.7975
vn 0.2842 0.5291 0.7996
vn 0.1572 0.5860 0.7949
vn 0.1783 0.5799 0.7949
vn 0.3742 0.4465 0.8128
vn -0.0134 -0.7933 0.6087
vn -0.0134 -0.7919 0.6106
vn -0.8763 -0.4360 0.2047
vn -0.8269 -0.5435 0.1443
vn -0.8169 -0.5611 0.1336
vn -0.9298 -0.2546 -0.2659
vn -0.8860 -0.2708 -0.3764
vn -0.8862 -0.2707 -0.3759
vn -0.0134 -0.7960 0.6051
vn -0.8297 -0.2830 -0.4812
vn -0.7524 -0.6548 0.0720
vn -0.6331 -0.7741 0.0002
vn -0.6318 -0.7752 0.0002
vn -0.6301 -0.7766 0.0003
vn -0.6301 -0.7765 0.0003
vn -0.6598 -0.7515 -0.0039
vn -0.6600 -0.7513 -0.0040
vn -0.6896 -0.7241 -0.0083
vn -0.5398 -0.6519 0.5326
vn -0.5382 -0.6520 0.5340
vn -0.4016 -0.6938 0.5978
vn -0.4033 -0.6929 0.5976
vn -0.2446 -0.7580 0.6047
vn -0.2457 -0.7576 0.6047
vn -0.0851 -0.7917 0.6050
vn -0.0852 -0.7917 0.6050
vn -0.6031 -0.6435 0.4714
vn -0.0278 -0.0705 -0.9971
vn -0.0319 -0.0873 -0.9957
vn -0.1093 -0.3155 -0.9426
vn -0.1219 -0.2877 -0.9499
vn -0.2445 -0.5516 -0.7974
vn -0.1869 -0.5725 -0.7983
vn -0.2436 -0.7774 -0.5799
vn -0.3407 -0.7492 -0.5680
vn -0.2769 -0.9110 -0.3055
vn -0.4001 -0.8682 -0.2936
vn -0.5683 -0.8228 0.0000
vn -0.4200 -0.9075 0.0000
vn -0.2769 -0.9110 0.3055
vn -0.4001 -0.8682 0.2936
vn -0.2436 -0.7774 0.5799
vn -0.3407 -0.7492 0.5680
vn -0.1869 -0.5725 0.7983
vn -0.2445 -0.5516 0.7974
vn -0.1093 -0.3155 0.9426
vn -0.1219 -0.2877 0.9499
vn -0.0319 -0.0873 0.9957
vn -0.0278 -0.0704 0.9971
vn 0.0319 -0.0873 -0.9957
vn 0.0278 -0.0704 -0.9971
vn 0.1219 -0.2877 -0.9499
vn 0.1093 -0.3155 -0.9426
vn 0.2445 -0.5516 -0.7974
vn 0.1869 -0.5725 -0.7983
vn 0.0278 -0.0705 -0.9971
vn 0.0322 -0.0872 -0.9957
vn 0.1101 -0.3154 -0.9426
vn -0.0609 -0.1000 -0.9931
vn -0.0274 -0.0701 -0.9972
vn 0.0279 -0.0864 0.9959
vn 0.0260 -0.0705 0.9972
vn -0.0263 -0.0708 0.9971
vn -0.0289 -0.0869 0.9958
vn -0.0278 -0.0705 0.9971
vn 0.0990 -0.3156 0.9437
vn 0.1138 -0.2877 0.9509
vn -0.1148 -0.2888 0.9505
vn -0.1007 -0.3152 0.9437
vn 0.1742 -0.5755 0.7990
vn 0.2293 -0.5529 0.8011
vn -0.2305 -0.5542 0.7999
vn -0.1743 -0.5736 0.8004
vn 0.2303 -0.7815 0.5798
vn 0.3216 -0.7539 0.5730
vn -0.3222 -0.7546 0.5716
vn -0.2288 -0.7803 0.5821
vn 0.2639 -0.9150 0.3051
vn 0.3794 -0.8762 0.2971
vn -0.3796 -0.8765 0.2961
vn -0.2613 -0.9152 0.3069
vn 0.2750 -0.9615 0.0000
vn 0.3989 -0.9170 0.0000
vn -0.3989 -0.9170 0.0000
vn -0.5424 -0.8401 0.0000
vn 0.2639 -0.9150 -0.3051
vn 0.3794 -0.8763 -0.2971
vn -0.3796 -0.8765 -0.2961
vn -0.2613 -0.9152 -0.3069
vn 0.2303 -0.7815 -0.5798
vn 0.3216 -0.7539 -0.5730
vn -0.3222 -0.7546 -0.5716
vn -0.2288 -0.7803 -0.5821
vn -0.0289 -0.0869 -0.9958
vn -0.0263 -0.0708 -0.9971
vn -0.2305 -0.5542 -0.7999
vn -0.1743 -0.5736 -0.8004
vn 0.1742 -0.5755 -0.7990
vn 0.2293 -0.5529 -0.8011
vn -0.1007 -0.3152 -0.9437
vn -0.1148 -0.2888 -0.9505
vn 0.0279 -0.0864 -0.9959
vn 0.0260 -0.0705 -0.9972
vn 0.1138 -0.2877 -0.9509
vn 0.0990 -0.3156 -0.9437
vn 0.1881 -0.5723 -0.7982
vn 0.3407 -0.7492 -0.5680
vn 0.2451 -0.7771 -0.5797
vn 0.4001 -0.8682 -0.2936
vn 0.2786 -0.9105 -0.3054
vn 0.4200 -0.9075 0.0000
vn 0.2896 -0.9572 0.0000
vn 0.4001 -0.8682 0.2936
vn 0.2786 -0.9105 0.3054
vn 0.3407 -0.7492 0.5680
vn 0.2451 -0.7771 0.5797
vn 0.2445 -0.5516 0.7974
vn 0.1881 -0.5723 0.7982
vn 0.1219 -0.2877 0.9499
vn 0.1101 -0.3154 0.9426
vn 0.0278 -0.0705 0.9971
vn 0.0322 -0.0872 0.9957
vn 0.2436 -0.7774 -0.5799
vn 0.2769 -0.9110 -0.3055
vn 0.5683 -0.8228 0.0000
vn 0.2769 -0.9110 0.3055
vn 0.2436 -0.7774 0.5799
vn 0.1869 -0.5725 0.7983
vn 0.1093 -0.3155 0.9426
vn 0.0278 -0.0704 0.9971
vn 0.0319 -0.0873 0.9957
vn -0.0274 -0.0701 0.9972
vn -0.0609 -0.1000 0.9931
vn -0.1207 -0.2867 0.9504
vn -0.2139 -0.3359 0.9173
vn -0.2433 -0.5504 0.7986
vn -0.3709 -0.5627 0.7388
vn -0.3400 -0.7485 0.5694
vn -0.4830 -0.7142 0.5065
vn -0.3999 -0.8680 0.2945
vn -0.5475 -0.7969 0.2551
vn -0.4199 -0.9075 0.0000
vn -0.3999 -0.8680 -0.2945
vn -0.5475 -0.7969 -0.2551
vn -0.3400 -0.7485 -0.5694
vn -0.4830 -0.7142 -0.5065
vn -0.2433 -0.5504 -0.7986
vn -0.3709 -0.5627 -0.7388
vn -0.1207 -0.2867 -0.9504
vn -0.2139 -0.3359 -0.9173
vn -0.0350 -0.2988 -0.9537
vn -0.0082 -0.0727 -0.9973
vn 0.0350 -0.2988 -0.9537
vn 0.0082 -0.0727 -0.9973
vn -0.0688 -0.5794 -0.8121
vn 0.0688 -0.5794 -0.8121
vn -0.0957 -0.8013 -0.5905
vn 0.0957 -0.8013 -0.5905
vn -0.1130 -0.9438 -0.3107
vn 0.1130 -0.9438 -0.3107
vn -0.1189 -0.9929 -0.0000
vn 0.1189 -0.9929 -0.0000
vn -0.1130 -0.9438 0.3107
vn 0.1130 -0.9438 0.3107
vn -0.0957 -0.8013 0.5905
vn 0.0957 -0.8013 0.5905
vn -0.0688 -0.5794 0.8121
vn 0.0688 -0.5794 0.8121
vn -0.0350 -0.2988 0.9537
vn 0.0350 -0.2988 0.9537
vn -0.0082 -0.0727 0.9973
vn 0.0082 -0.0727 0.9973
vn -0.0370 -0.2986 -0.9536
vn -0.0086 -0.0725 -0.9973
vn 0.0370 -0.2986 -0.9536
vn 0.0086 -0.0725 -0.9973
vn -0.0728 -0.5793 -0.8119
vn 0.0728 -0.5793 -0.8119
vn -0.1013 -0.8009 -0.5902
vn 0.1013 -0.8009 -0.5902
vn -0.1196 -0.9430 -0.3105
vn 0.1196 -0.9430 -0.3105
vn -0.1258 -0.9921 0.0000
vn 0.1258 -0.9921 -0.0000
vn -0.1196 -0.9430 0.3105
vn 0.1196 -0.9430 0.3105
vn -0.1013 -0.8009 0.5902
vn 0.1013 -0.8009 0.5902
vn -0.0728 -0.5793 0.8119
vn 0.0728 -0.5793 0.8119
vn -0.0370 -0.2986 0.9536
vn 0.0370 -0.2986 0.9536
vn -0.0086 -0.0725 0.9973
vn 0.0086 -0.0725 0.9973
vn 0.0036 -1.0000 0.0000
vn 0.0000 -0.9457 0.3251
vn -0.0000 -0.2935 -0.9560
vn -0.0000 -0.0740 -0.9973
vn 0.0000 -0.5660 0.8244
vn 0.0000 -0.7928 0.6095
vn 0.0000 -0.7928 -0.6095
vn -0.0000 -0.5660 -0.8244
vn 0.0000 -0.0740 0.9973
vn 0.0000 -0.2935 0.9560
vn 0.0000 -0.9457 -0.3251
vn -0.0000 -0.2688 -0.9632
vn -0.0000 -0.3033 -0.9529
vn -0.0000 -0.5308 -0.8475
vn -0.0000 -0.5000 -0.8660
vn 0.0000 -0.7281 -0.6854
vn 0.0000 -0.8768 -0.4809
vn 0.0000 -0.8660 -0.5000
vn 0.0000 -0.9689 -0.2476
vn 0.0000 -0.9659 -0.2588
vn 0.0000 -0.9689 0.2476
vn 0.0000 -0.9659 0.2588
vn 0.0000 -0.8768 0.4809
vn 0.0000 -0.8660 0.5000
vn 0.0000 -0.7281 0.6854
vn 0.0000 -0.5308 0.8475
vn 0.0000 -0.5000 0.8660
vn 0.0000 -0.2965 0.9550
vn 0.0000 -0.2588 0.9659
vn 0.0000 -0.0400 0.9992
vn 0.0000 0.2214 0.9752
vn 0.0000 0.2588 0.9659
vn 0.0000 0.4697 0.8828
vn 0.0000 0.5000 0.8660
vn -0.0000 0.6866 0.7270
vn -0.0000 0.7071 0.7071
vn -0.0000 0.8556 0.5176
vn -0.0000 0.8660 0.5000
vn -0.0000 0.9631 0.2691
vn -0.0000 0.9659 0.2588
vn -0.0000 0.9631 -0.2691
vn -0.0000 0.9659 -0.2588
vn -0.0000 0.8556 -0.5176
vn -0.0000 0.8660 -0.5000
vn -0.0000 0.6866 -0.7270
vn -0.0000 0.7071 -0.7071
vn -0.0000 0.4697 -0.8828
vn -0.0000 0.5000 -0.8660
vn -0.0000 0.2346 -0.9721
vn -0.0000 0.2688 -0.9632
vn -0.0000 0.1511 -0.9885
vn -0.7357 -0.3386 0.5865
vn -0.7357 -0.1753 0.6542
vn -0.7357 0.4789 0.4789
vn -0.7357 0.5865 0.3386
vn -0.7357 0.5865 -0.3386
vn -0.7357 0.4789 -0.4789
vn -0.7357 -0.4789 -0.4789
vn -0.7357 -0.5865 -0.3386
vn -0.7357 -0.5865 0.3386
vn -0.7357 -0.4789 0.4789
vn -0.7357 0.1753 0.6542
vn -0.7357 0.3386 0.5865
vn -0.7357 0.6773 -0.0000
vn -0.7357 0.6542 -0.1753
vn -0.7371 0.1787 -0.6518
vn -0.7395 0.0000 -0.6732
vn -0.7371 0.1791 -0.6517
vn -0.7371 -0.1787 -0.6518
vn -0.7357 -0.3386 -0.5865
vn -0.7371 -0.1791 -0.6517
vn -0.7357 -0.6773 -0.0000
vn -0.7357 -0.6542 0.1753
vn -0.7357 -0.0000 0.6773
vn -0.7357 0.6542 0.1753
vn -0.7357 0.3386 -0.5865
vn -0.7357 -0.6542 -0.1753
vn 0.0000 0.2588 -0.9659
vn 0.0000 -0.2588 -0.9659
vn -0.0000 -0.1511 -0.9885
vn -0.0000 -0.2688 0.9632
vn -0.0000 -0.3033 0.9529
vn 0.0000 -0.2965 -0.9550
vn 0.0000 -0.0400 -0.9992
vn 0.0000 0.2214 -0.9752
vn -0.0000 0.2688 0.9632
vn -0.0000 0.2346 0.9721
vn -0.0000 0.1511 0.9885
vn -0.7357 -0.1753 -0.6542
vn -0.7357 0.1753 -0.6542
vn -0.7371 0.1787 0.6518
vn -0.7371 0.1791 0.6517
vn -0.7395 0.0000 0.6732
vn -0.7371 -0.1787 0.6518
vn -0.7371 -0.1791 0.6517
vn -0.7357 -0.0000 -0.6773
vn -0.0000 -0.1511 0.9885
vn -0.6592 -0.5505 0.5122
vn -0.7387 -0.6336 0.2297
vn -0.7311 -0.6476 0.2149
vn -0.6619 -0.5697 0.4872
vn -0.7533 -0.6540 0.0691
vn -0.7428 -0.6664 0.0645
vn -0.7288 -0.6556 0.1978
vn -0.6702 -0.5850 0.4567
vn -0.7378 -0.6725 0.0593
vn -0.4518 -0.3422 0.8239
vn -0.6661 -0.5239 0.5309
vn -0.4572 -0.3652 0.8109
vn -0.7561 -0.6083 0.2415
vn -0.7739 -0.6291 0.0729
vn -0.7751 -0.6318 0.0000
vn -0.7542 -0.6567 0.0000
vn -0.7433 -0.6690 0.0000
vn -0.7380 -0.6748 0.0000
vn -0.7364 -0.6766 0.0000
vn -0.7363 -0.6743 0.0571
vn -0.7282 -0.6578 0.1925
vn -0.6704 -0.5864 0.4548
vn -0.4937 -0.4096 0.7671
vn -0.4867 -0.4028 0.7751
vn -0.4720 -0.3870 0.7921
vn -0.0163 -0.0097 0.9998
vn -0.0850 -0.0572 0.9947
vn -0.0925 -0.0620 0.9938
vn -0.0186 -0.0102 0.9998
vn -0.2265 -0.1684 0.9593
vn -0.2405 -0.1822 0.9534
vn -0.1051 -0.0695 0.9920
vn -0.0239 -0.0116 0.9996
vn -0.2615 -0.1994 0.9444
vn 0.0044 0.0024 1.0000
vn -0.0153 -0.0094 0.9998
vn 0.0044 0.0027 1.0000
vn -0.0813 -0.0534 0.9953
vn -0.2193 -0.1563 0.9631
vn -0.2598 -0.1968 0.9454
vn -0.1149 -0.0758 0.9905
vn -0.0389 -0.0196 0.9991
vn 0.0023 0.0036 1.0000
vn -0.0001 0.0037 1.0000
vn 0.0040 0.0032 1.0000
vn -0.0144 -0.0091 0.9999
vn -0.0793 -0.0487 0.9957
vn -0.0793 -0.0485 0.9957
vn -0.0146 -0.0088 0.9999
vn -0.2224 -0.1316 0.9660
vn -0.2197 -0.1355 0.9661
vn -0.0798 -0.0503 0.9955
vn -0.0149 -0.0090 0.9998
vn -0.2178 -0.1448 0.9652
vn 0.0040 0.0029 1.0000
vn -0.0145 -0.0097 0.9998
vn 0.0040 0.0027 1.0000
vn -0.0800 -0.0509 0.9955
vn -0.2255 -0.1343 0.9649
vn -0.4841 -0.2733 0.8312
vn -0.4772 -0.2741 0.8349
vn -0.4672 -0.2903 0.8351
vn -0.4565 -0.3161 0.8317
vn 0.0043 0.0024 1.0000
vn 0.0041 0.0025 1.0000
vn -0.7288 -0.4109 0.5477
vn -0.8450 -0.4713 0.2526
vn -0.8201 -0.5133 0.2531
vn -0.7095 -0.4428 0.5482
vn -0.8717 -0.4840 0.0766
vn -0.8448 -0.5296 0.0768
vn -0.7857 -0.5661 0.2494
vn -0.6849 -0.4861 0.5429
vn -0.8071 -0.5856 0.0755
vn -0.7379 -0.4024 0.5419
vn -0.8543 -0.4564 0.2487
vn -0.8812 -0.4667 0.0755
vn -0.8841 -0.4672 -0.0000
vn -0.8745 -0.4850 -0.0000
vn -0.8472 -0.5313 0.0000
vn -0.8089 -0.5880 0.0000
vn -0.6747 -0.6142 0.4093
vn -0.7293 -0.6611 0.1765
vn -0.7544 -0.6298 0.1850
vn -0.6895 -0.5851 0.4269
vn -0.7407 -0.6696 0.0545
vn -0.7687 -0.6370 0.0569
vn -0.7805 -0.5934 0.1966
vn -0.7046 -0.5489 0.4497
vn -0.7977 -0.6000 0.0601
vn -0.5139 -0.4792 0.7115
vn -0.6598 -0.6360 0.4002
vn -0.5127 -0.4657 0.7213
vn -0.7055 -0.6875 0.1724
vn -0.7140 -0.6980 0.0536
vn -0.7148 -0.6993 0.0000
vn -0.7420 -0.6704 -0.0000
vn -0.7705 -0.6374 -0.0000
vn -0.7999 -0.6002 0.0000
vn -0.8289 -0.5595 0.0000
vn -0.8264 -0.5594 0.0638
vn -0.8067 -0.5527 0.2094
vn -0.7198 -0.5071 0.4740
vn -0.5055 -0.4093 0.7596
vn -0.5031 -0.3711 0.7805
vn -0.5091 -0.4418 0.7386
vn -0.0353 -0.0019 0.9994
vn -0.1157 -0.0850 0.9896
vn -0.1026 -0.0867 0.9909
vn -0.0248 -0.0097 0.9996
vn -0.2810 -0.2468 0.9274
vn -0.2671 -0.2359 0.9344
vn -0.0935 -0.0830 0.9922
vn -0.0187 -0.0136 0.9997
vn -0.2552 -0.2174 0.9421
vn -0.0254 0.0356 0.9990
vn -0.0496 0.0097 0.9987
vn -0.0117 0.0229 0.9997
vn -0.1310 -0.0772 0.9884
vn -0.2942 -0.2483 0.9229
vn -0.2467 -0.1946 0.9494
vn -0.0884 -0.0753 0.9932
vn -0.0161 -0.0141 0.9998
vn 0.0025 0.0074 1.0000
vn 0.0041 0.0047 1.0000
vn -0.0024 0.0134 0.9999
vn -0.0610 0.0202 0.9979
vn -0.0622 0.0235 0.9978
vn -0.1400 -0.0632 0.9881
vn -0.1413 -0.0678 0.9876
vn -0.0535 0.0184 0.9984
vn -0.1285 -0.0656 0.9895
vn -0.2933 -0.2391 0.9257
vn -0.2997 -0.2437 0.9224
vn -0.2777 -0.2376 0.9308
vn -0.0370 0.0463 0.9982
vn -0.0390 0.0490 0.9980
vn -0.0312 0.0430 0.9986
vn -0.0182 0.0314 0.9993
vn -0.0396 0.0076 0.9992
vn -0.1125 -0.0734 0.9909
vn -0.2592 -0.2401 0.9355
vn -0.4664 -0.4824 0.7414
vn -0.4822 -0.4836 0.7305
vn -0.4979 -0.4850 0.7189
vn -0.5095 -0.4844 0.7112
vn -0.6448 -0.6510 0.4004
vn -0.6311 -0.6596 0.4083
vn -0.6701 -0.7208 0.1772
vn -0.6848 -0.7079 0.1729
vn -0.6201 -0.6625 0.4201
vn -0.6624 -0.7264 0.1833
vn -0.6761 -0.7347 0.0554
vn -0.6914 -0.7205 0.0540
vn -0.6692 -0.7408 0.0574
vn -0.6127 -0.6621 0.4316
vn -0.6603 -0.7267 0.1894
vn -0.6689 -0.7410 0.0593
vn -0.6695 -0.7428 0.0000
vn -0.6696 -0.7427 0.0000
vn -0.6764 -0.7366 0.0000
vn -0.6918 -0.7221 0.0000
vn -0.7317 -0.4670 0.4966
vn -0.8286 -0.5141 0.2219
vn -0.8435 -0.4841 0.2330
vn -0.7379 -0.4352 0.5158
vn -0.8507 -0.5213 0.0675
vn -0.8677 -0.4921 0.0708
vn -0.8522 -0.4639 0.2421
vn -0.7399 -0.4130 0.5311
vn -0.8781 -0.4728 0.0735
vn -0.5004 -0.3348 0.7985
vn -0.8533 -0.5214 -0.0000
vn -0.8704 -0.4923 0.0000
vn -0.8810 -0.4732 0.0000
vn -0.4898 -0.2853 0.8238
vn -0.4956 -0.3060 0.8129
vn -0.0154 -0.0128 0.9998
vn -0.0856 -0.0668 0.9941
vn -0.0832 -0.0598 0.9947
vn -0.0150 -0.0115 0.9998
vn -0.2406 -0.1726 0.9552
vn -0.2347 -0.1552 0.9596
vn -0.0813 -0.0547 0.9952
vn -0.0147 -0.0105 0.9998
vn -0.2295 -0.1425 0.9628
vn 0.0042 0.0039 1.0000
vn 0.0041 0.0035 1.0000
vn 0.7601 0.2970 0.5780
vn 0.8204 0.1106 0.5610
vn 0.9534 0.1564 0.2581
vn 0.8897 0.3653 0.2739
vn 0.8365 -0.5075 0.2065
vn 0.7832 -0.5985 0.1685
vn 0.7954 -0.6027 0.0645
vn 0.8562 -0.5094 0.0866
vn 0.9848 0.1571 0.0741
vn 0.9240 0.3736 0.0816
vn 0.7926 -0.6095 0.0162
vn 0.8580 -0.5130 0.0243
vn 0.4124 0.2796 0.8670
vn 0.5190 0.1443 0.8425
vn 0.6427 0.4686 0.6061
vn 0.5742 -0.0048 0.8187
vn 0.7655 -0.5209 0.3777
vn 0.7288 -0.6183 0.2943
vn 0.6859 -0.7210 0.0985
vn 0.6939 -0.7183 0.0507
vn 0.6933 -0.7204 0.0185
vn 0.6924 -0.7215 0.0040
vn 0.6919 -0.7220 -0.0000
vn 0.7904 -0.6126 -0.0000
vn 0.8576 -0.5144 -0.0000
vn 0.9880 0.1541 -0.0000
vn 0.9286 0.3711 -0.0000
vn 0.8056 0.5858 0.0880
vn 0.8096 0.5870 0.0000
vn 0.7717 0.5649 0.2922
vn 0.1926 -0.1865 0.9634
vn 0.4313 -0.4780 0.7652
vn 0.4588 -0.4337 0.7756
vn 0.2170 -0.1199 0.9688
vn 0.6151 -0.7049 0.3531
vn 0.6315 -0.6898 0.3541
vn 0.5395 -0.3584 0.7619
vn 0.3094 -0.0137 0.9508
vn 0.6653 -0.6594 0.3502
vn 0.1142 -0.1076 0.9876
vn 0.1859 -0.2056 0.9608
vn 0.1148 -0.0812 0.9901
vn 0.4178 -0.4840 0.7689
vn 0.6091 -0.7081 0.3571
vn 0.6495 -0.7528 0.1069
vn 0.6515 -0.7514 0.1048
vn 0.6578 -0.7463 0.1019
vn 0.6695 -0.7359 0.1013
vn 0.2216 0.1004 0.9700
vn 0.1368 -0.0114 0.9905
vn 0.0669 0.0682 0.9954
vn 0.0773 0.0541 0.9955
vn 0.1149 0.0977 0.9886
vn 0.1055 0.1096 0.9884
vn 0.0916 0.0318 0.9953
vn 0.1262 0.0797 0.9888
vn 0.2013 0.1867 0.9616
vn 0.1911 0.1976 0.9615
vn 0.2120 0.1714 0.9621
vn 0.0496 0.0625 0.9968
vn 0.0551 0.0564 0.9969
vn 0.0611 0.0743 0.9954
vn 0.0661 0.0414 0.9970
vn 0.0823 0.0169 0.9965
vn 0.0996 -0.0136 0.9949
vn 0.1061 0.0045 0.9943
vn 0.1363 0.0585 0.9889
vn 0.2203 0.1548 0.9631
vn 0.3947 0.3199 0.8613
vn 0.3840 0.3346 0.8606
vn 0.3701 0.3500 0.8605
vn 0.3562 0.3623 0.8613
vn 0.1826 0.2034 0.9619
vn 0.3437 0.3698 0.8632
vn 0.0991 0.1152 0.9884
vn 0.5553 0.5560 0.6185
vn 0.5732 0.5401 0.6163
vn 0.6942 0.6498 0.3095
vn 0.6748 0.6689 0.3116
vn 0.5917 0.5215 0.6148
vn 0.7150 0.6278 0.3077
vn 0.7280 0.6787 0.0967
vn 0.7085 0.6989 0.0975
vn 0.7493 0.6553 0.0958
vn 0.5394 0.5675 0.6220
vn 0.6069 0.5053 0.6135
vn 0.7322 0.6087 0.3054
vn 0.7670 0.6347 0.0947
vn 0.7709 0.6369 0.0000
vn 0.7532 0.6578 0.0000
vn 0.7318 0.6815 -0.0000
vn 0.7123 0.7018 -0.0000
vn 0.6923 0.7148 0.0986
vn 0.6962 0.7178 0.0000
vn 0.6584 0.6838 0.3145
vn 0.4104 0.7167 0.5638
vn 0.4169 0.6965 0.5840
vn 0.4889 0.8235 0.2878
vn 0.4788 0.8335 0.2759
vn 0.4277 0.6738 0.6026
vn 0.5071 0.8079 0.3003
vn 0.5069 0.8573 0.0902
vn 0.4965 0.8637 0.0868
vn 0.5272 0.8445 0.0941
vn 0.2792 0.5294 0.8011
vn 0.2817 0.4967 0.8209
vn 0.4054 0.7339 0.5450
vn 0.2827 0.4666 0.8381
vn 0.2849 0.4404 0.8514
vn 0.2913 0.4181 0.8604
vn 0.4463 0.6483 0.6168
vn 0.5366 0.7846 0.3108
vn 0.5604 0.8225 0.0976
vn 0.5626 0.8267 -0.0000
vn 0.5290 0.8486 -0.0000
vn 0.5086 0.8610 -0.0000
vn 0.4984 0.8669 -0.0000
vn 0.4943 0.8652 0.0847
vn 0.4969 0.8678 0.0000
vn 0.4746 0.8388 0.2668
vn 0.0716 0.1034 0.9921
vn 0.0646 0.0868 0.9941
vn 0.0938 0.1432 0.9852
vn 0.0976 0.1668 0.9812
vn 0.0604 0.0781 0.9951
vn 0.0914 0.1289 0.9874
vn 0.1605 0.2588 0.9525
vn 0.1623 0.2885 0.9436
vn 0.1592 0.2377 0.9582
vn 0.0820 0.1049 0.9911
vn 0.0667 0.0826 0.9943
vn 0.0831 0.1302 0.9880
vn 0.0574 0.0694 0.9959
vn 0.0521 0.0629 0.9967
vn 0.0489 0.0610 0.9969
vn 0.0580 0.0748 0.9955
vn 0.0900 0.1217 0.9885
vn 0.1597 0.2238 0.9615
vn 0.1631 0.3275 0.9307
vn 0.1026 0.2018 0.9740
vn 0.1013 0.1656 0.9810
vn 0.1124 0.2443 0.9632
vn 0.1316 0.2849 0.9495
vn 0.1277 0.2033 0.9707
vn 0.1661 0.3703 0.9139
vn 0.1784 0.4070 0.8958
vn 0.1620 0.3149 0.9352
vn 0.1601 0.2364 0.9584
vn 0.2045 0.4298 0.8795
vn 0.1049 0.1356 0.9852
vn 0.2774 0.5604 0.7804
vn 0.2833 0.5826 0.7617
vn 0.3033 0.5913 0.7472
vn 0.3402 0.5825 0.7382
vn 0.2446 0.4330 0.8676
vn 0.2008 0.3282 0.9230
vn 0.1938 0.2587 0.9463
vn 0.1676 0.2048 0.9644
vn 0.1978 0.2319 0.9524
vn 0.1347 0.1707 0.9761
vn 0.4028 0.7462 0.5300
vn 0.4759 0.8397 0.2618
vn 0.4835 0.8356 0.2606
vn 0.4070 0.7510 0.5200
vn 0.4989 0.8625 0.0841
vn 0.5097 0.8561 0.0850
vn 0.5005 0.8252 0.2619
vn 0.4233 0.7459 0.5143
vn 0.5281 0.8448 0.0867
vn 0.5025 0.8646 0.0000
vn 0.5141 0.8577 0.0000
vn 0.5328 0.8462 0.0000
vn 0.5607 0.8280 -0.0000
vn 0.5563 0.8263 0.0884
vn 0.5298 0.8059 0.2642
vn 0.4553 0.7282 0.5122
vn 0.4713 0.6220 0.6253
vn 0.4975 0.5988 0.6276
vn 0.6086 0.7264 0.3192
vn 0.5731 0.7555 0.3173
vn 0.5212 0.5803 0.6257
vn 0.6380 0.7014 0.3176
vn 0.6401 0.7617 0.1004
vn 0.6013 0.7928 0.0998
vn 0.6715 0.7343 0.0998
vn 0.3023 0.3998 0.8653
vn 0.3162 0.3862 0.8665
vn 0.3307 0.3766 0.8653
vn 0.6753 0.7375 0.0000
vn 0.6436 0.7654 0.0000
vn 0.6041 0.7969 -0.0000
vn 0.0567 0.0746 0.9956
vn 0.0568 0.0752 0.9955
vn 0.0917 0.1176 0.9888
vn 0.0900 0.1187 0.9888
vn 0.0582 0.0756 0.9954
vn 0.0948 0.1169 0.9886
vn 0.1682 0.2099 0.9632
vn 0.1627 0.2151 0.9629
vn 0.1752 0.2065 0.9626
vn 0.0471 0.0615 0.9970
vn 0.0466 0.0627 0.9969
vn 0.0473 0.0635 0.9969
vn 0.2234 0.2673 0.9373
vn 0.2399 0.3243 0.9150
vn 0.2736 0.3056 0.9120
vn 0.2477 0.2611 0.9330
vn 0.2903 0.4169 0.8613
vn 0.3337 0.3845 0.8607
vn 0.3023 0.2723 0.9135
vn 0.2686 0.2394 0.9330
vn 0.3726 0.3364 0.8649
vn 0.2224 0.2466 0.9433
vn 0.3886 0.5549 0.7356
vn 0.4414 0.5092 0.7388
vn 0.4945 0.4442 0.7471
vn 0.5427 0.3650 0.7565
vn 0.4061 0.2771 0.8708
vn 0.3273 0.2272 0.9172
vn 0.2884 0.2037 0.9356
vn 0.2598 0.2277 0.9384
vn 0.2776 0.1951 0.9407
vn 0.2421 0.2455 0.9387
vn 0.5029 0.6948 0.5142
vn 0.5753 0.7729 0.2676
vn 0.6394 0.7189 0.2727
vn 0.5635 0.6415 0.5205
vn 0.6000 0.7949 0.0900
vn 0.6643 0.7418 0.0919
vn 0.7184 0.6369 0.2798
vn 0.6324 0.5640 0.5310
vn 0.7460 0.6592 0.0944
vn 0.6038 0.7971 -0.0000
vn 0.6679 0.7443 -0.0000
vn 0.7498 0.6617 -0.0000
vn 0.8339 0.5519 -0.0000
vn 0.8299 0.5495 0.0967
vn 0.7982 0.5296 0.2870
vn 0.6994 0.4662 0.5418
vn 0.2661 0.2418 0.9331
vn 0.3187 0.2374 0.9176
vn 0.0983 0.6093 0.7868
vn 0.2085 0.3586 0.9099
vn 0.4172 0.2536 0.8727
vn 0.2020 0.6092 0.7668
vn -0.1446 0.8278 0.5420
vn -0.1968 0.8939 0.4027
vn -0.2376 0.8973 0.3721
vn -0.1334 0.8982 0.4188
vn 0.3144 0.1031 0.9437
vn 0.3276 0.1069 0.9388
vn 0.2568 0.2306 0.9386
vn 0.3726 0.1179 0.9205
vn 0.4640 0.1429 0.8742
vn 0.6228 0.1895 0.7591
vn 0.5777 0.3102 0.7550
vn 0.3362 0.6746 0.6572
vn -0.0619 0.9277 0.3681
vn -0.2741 0.9504 0.1470
vn -0.3058 0.9409 0.1455
vn -0.3334 0.9334 0.1323
vn -0.3490 0.9295 0.1195
vn -0.2348 0.8895 0.3919
vn -0.3510 0.9283 0.1225
vn -0.1615 0.8350 0.5260
vn 0.1845 0.3716 0.9099
vn 0.7483 0.3932 0.5343
vn 0.8457 0.4556 0.2780
vn 0.7492 0.5999 0.2809
vn 0.6662 0.5148 0.5396
vn 0.8715 0.4818 0.0914
vn 0.7651 0.6376 0.0903
vn 0.1202 0.9533 0.2771
vn 0.0998 0.9873 0.1238
vn -0.0634 0.9928 0.1012
vn -0.0429 0.9718 0.2320
vn 0.0839 0.9957 0.0380
vn -0.0829 0.9961 0.0286
vn 0.8035 0.2454 0.5423
vn 0.9158 0.2827 0.2852
vn 0.9505 0.2961 0.0944
vn 0.9545 0.2983 -0.0000
vn 0.8732 0.4874 -0.0000
vn 0.7639 0.6453 0.0000
vn 0.0791 0.9969 -0.0000
vn -0.0903 0.9959 0.0000
vn -0.3027 0.9531 -0.0000
vn -0.3009 0.9536 0.0096
vn -0.2947 0.9549 0.0352
vn -0.2803 0.9562 0.0849
vn -0.3750 0.9260 0.0433
vn -0.3653 0.9296 0.0480
vn -0.3738 0.9273 0.0177
vn -0.3823 0.9239 0.0160
vn -0.3458 0.9368 0.0530
vn -0.3537 0.9351 0.0211
vn -0.3762 0.9265 0.0047
vn -0.3844 0.9232 0.0043
vn -0.3568 0.9342 0.0056
vn -0.3772 0.9251 0.0437
vn -0.3574 0.9339 -0.0000
vn -0.3766 0.9264 -0.0000
vn -0.3848 0.9230 -0.0000
vn -0.3867 0.9222 0.0043
vn -0.3871 0.9220 -0.0000
vn -0.3846 0.9230 0.0160
vn 0.7502 0.3714 0.5470
vn 0.8583 0.4233 0.2902
vn 0.8938 0.3423 0.2899
vn 0.7815 0.2994 0.5473
vn 0.8927 0.4400 0.0975
vn 0.9292 0.3566 0.0970
vn 0.9129 0.2894 0.2877
vn 0.7995 0.2523 0.5451
vn 0.9484 0.3022 0.0958
vn 0.5799 0.2899 0.7614
vn 0.8969 0.4422 -0.0000
vn 0.9335 0.3586 0.0000
vn 0.9526 0.3042 -0.0000
vn 0.6191 0.1951 0.7607
vn 0.6041 0.2327 0.7621
vn 0.3059 0.1635 0.9379
vn 0.3477 0.1811 0.9199
vn 0.3625 0.1440 0.9208
vn 0.3193 0.1295 0.9388
vn 0.4324 0.2200 0.8744
vn 0.4505 0.1757 0.8753
vn 0.3724 0.1185 0.9205
vn 0.3285 0.1055 0.9386
vn 0.4622 0.1460 0.8746
vn 0.2937 0.1580 0.9427
vn 0.3152 0.1023 0.9435
vn 0.3063 0.1258 0.9436
vn 0.6673 -0.7441 0.0323
vn 0.6589 -0.7515 0.0326
vn 0.6591 -0.7520 0.0098
vn 0.6677 -0.7444 0.0108
vn 0.6549 -0.7550 0.0336
vn 0.6555 -0.7552 0.0098
vn 0.6591 -0.7520 0.0013
vn 0.6675 -0.7446 0.0018
vn 0.6555 -0.7552 0.0011
vn 0.6537 -0.7560 0.0343
vn 0.6544 -0.7561 0.0099
vn 0.6545 -0.7561 0.0010
vn 0.6545 -0.7561 -0.0000
vn 0.6555 -0.7552 -0.0000
vn 0.6591 -0.7521 -0.0000
vn 0.6674 -0.7447 -0.0000
vn 0.1151 -0.0217 0.9931
vn 0.1168 -0.0436 0.9922
vn 0.1401 0.0214 0.9899
vn 0.1412 0.0384 0.9892
vn 0.1135 -0.0609 0.9917
vn 0.1354 0.0074 0.9908
vn 0.2223 0.1275 0.9666
vn 0.2236 0.1400 0.9646
vn 0.2183 0.1173 0.9688
vn 0.1115 -0.0433 0.9928
vn 0.1152 -0.0679 0.9910
vn 0.1131 -0.0870 0.9898
vn 0.4032 0.2946 0.8664
vn 0.4032 0.3006 0.8644
vn 0.4008 0.3087 0.8626
vn 0.6172 0.4945 0.6119
vn 0.6238 0.4882 0.6103
vn 0.7513 0.5882 0.2992
vn 0.7439 0.5959 0.3025
vn 0.6280 0.4847 0.6088
vn 0.7559 0.5839 0.2959
vn 0.7857 0.6118 0.0915
vn 0.7787 0.6205 0.0932
vn 0.7899 0.6066 0.0898
vn 0.7938 0.6082 0.0000
vn 0.7897 0.6135 0.0000
vn 0.7827 0.6224 0.0000
vn -0.2443 -0.2445 0.9384
vn -0.0990 -0.0825 0.9917
vn -0.0919 -0.0909 0.9916
vn -0.2363 -0.2495 0.9391
vn -0.0274 -0.0032 0.9996
vn -0.0202 -0.0113 0.9997
vn -0.0918 -0.1004 0.9907
vn -0.2347 -0.2553 0.9379
vn -0.0185 -0.0194 0.9996
vn -0.4543 -0.4821 0.7492
vn -0.0066 0.0205 0.9998
vn 0.0005 0.0133 0.9999
vn 0.0037 0.0078 1.0000
vn -0.0351 -0.0418 0.9985
vn -0.1116 -0.1247 0.9859
vn -0.2482 -0.2722 0.9297
vn -0.4443 -0.4840 0.7539
vn -0.4489 -0.4905 0.7469
vn -0.4472 -0.4827 0.7530
vn -0.6710 -0.7390 0.0608
vn -0.6608 -0.7251 0.1939
vn -0.6613 -0.7239 0.1965
vn -0.6726 -0.7375 0.0616
vn -0.6081 -0.6607 0.4402
vn -0.6054 -0.6599 0.4450
vn -0.6616 -0.7234 0.1976
vn -0.6734 -0.7366 0.0620
vn -0.6041 -0.6597 0.4470
vn -0.6719 -0.7406 0.0000
vn -0.6048 -0.6608 0.4445
vn -0.6618 -0.7233 0.1972
vn -0.6737 -0.7364 0.0620
vn -0.6747 -0.7381 -0.0000
vn -0.6750 -0.7378 -0.0000
vn -0.6737 -0.7390 0.0000
vn -0.6592 -0.5505 -0.5122
vn -0.6619 -0.5697 -0.4872
vn -0.7311 -0.6476 -0.2149
vn -0.7387 -0.6336 -0.2297
vn -0.6702 -0.5850 -0.4567
vn -0.7288 -0.6556 -0.1978
vn -0.7428 -0.6664 -0.0645
vn -0.7533 -0.6540 -0.0691
vn -0.7378 -0.6725 -0.0593
vn -0.4518 -0.3422 -0.8239
vn -0.4572 -0.3652 -0.8109
vn -0.6661 -0.5239 -0.5309
vn -0.4720 -0.3870 -0.7921
vn -0.4937 -0.4096 -0.7671
vn -0.4867 -0.4028 -0.7751
vn -0.6704 -0.5864 -0.4548
vn -0.7282 -0.6578 -0.1925
vn -0.7363 -0.6743 -0.0571
vn -0.7739 -0.6291 -0.0729
vn -0.7561 -0.6083 -0.2415
vn -0.0163 -0.0097 -0.9998
vn -0.0186 -0.0102 -0.9998
vn -0.0925 -0.0620 -0.9938
vn -0.0850 -0.0572 -0.9947
vn -0.0239 -0.0116 -0.9996
vn -0.1051 -0.0695 -0.9920
vn -0.2405 -0.1822 -0.9534
vn -0.2265 -0.1684 -0.9593
vn -0.2615 -0.1994 -0.9444
vn 0.0044 0.0024 -1.0000
vn 0.0044 0.0027 -1.0000
vn -0.0153 -0.0094 -0.9998
vn 0.0040 0.0032 -1.0000
vn 0.0023 0.0036 -1.0000
vn -0.0001 0.0037 -1.0000
vn -0.0389 -0.0196 -0.9991
vn -0.1149 -0.0758 -0.9905
vn -0.2598 -0.1968 -0.9454
vn -0.2193 -0.1563 -0.9631
vn -0.0813 -0.0534 -0.9953
vn -0.0144 -0.0091 -0.9999
vn -0.0146 -0.0088 -0.9999
vn -0.0793 -0.0485 -0.9957
vn -0.0793 -0.0487 -0.9957
vn -0.0149 -0.0090 -0.9998
vn -0.0798 -0.0503 -0.9955
vn -0.2197 -0.1355 -0.9661
vn -0.2224 -0.1316 -0.9660
vn -0.2178 -0.1448 -0.9652
vn 0.0040 0.0029 -1.0000
vn 0.0040 0.0027 -1.0000
vn -0.0145 -0.0097 -0.9998
vn 0.0041 0.0025 -1.0000
vn 0.0043 0.0024 -1.0000
vn -0.4565 -0.3161 -0.8317
vn -0.4672 -0.2903 -0.8351
vn -0.4772 -0.2741 -0.8349
vn -0.2255 -0.1343 -0.9649
vn -0.4841 -0.2733 -0.8312
vn -0.0800 -0.0509 -0.9955
vn -0.7288 -0.4109 -0.5477
vn -0.7095 -0.4428 -0.5482
vn -0.8201 -0.5133 -0.2531
vn -0.8450 -0.4713 -0.2526
vn -0.6849 -0.4861 -0.5429
vn -0.7857 -0.5661 -0.2494
vn -0.8448 -0.5296 -0.0768
vn -0.8717 -0.4840 -0.0766
vn -0.8071 -0.5856 -0.0755
vn -0.7379 -0.4024 -0.5419
vn -0.8812 -0.4667 -0.0755
vn -0.8543 -0.4564 -0.2487
vn -0.6747 -0.6142 -0.4093
vn -0.6895 -0.5851 -0.4269
vn -0.7544 -0.6298 -0.1850
vn -0.7293 -0.6611 -0.1765
vn -0.7046 -0.5489 -0.4497
vn -0.7805 -0.5934 -0.1966
vn -0.7687 -0.6370 -0.0569
vn -0.7407 -0.6696 -0.0545
vn -0.7977 -0.6000 -0.0601
vn -0.5139 -0.4792 -0.7115
vn -0.5127 -0.4657 -0.7213
vn -0.6598 -0.6360 -0.4002
vn -0.5091 -0.4418 -0.7386
vn -0.5055 -0.4093 -0.7596
vn -0.5031 -0.3711 -0.7805
vn -0.7198 -0.5071 -0.4740
vn -0.8067 -0.5527 -0.2094
vn -0.8264 -0.5594 -0.0638
vn -0.7140 -0.6980 -0.0536
vn -0.7055 -0.6875 -0.1724
vn -0.0353 -0.0019 -0.9994
vn -0.0248 -0.0097 -0.9996
vn -0.1026 -0.0867 -0.9909
vn -0.1157 -0.0850 -0.9896
vn -0.0187 -0.0136 -0.9997
vn -0.0935 -0.0830 -0.9922
vn -0.2671 -0.2359 -0.9344
vn -0.2810 -0.2468 -0.9274
vn -0.2552 -0.2174 -0.9421
vn -0.0254 0.0356 -0.9990
vn -0.0117 0.0229 -0.9997
vn -0.0496 0.0097 -0.9987
vn -0.0024 0.0134 -0.9999
vn 0.0025 0.0074 -1.0000
vn 0.0041 0.0047 -1.0000
vn -0.0161 -0.0141 -0.9998
vn -0.0884 -0.0753 -0.9932
vn -0.2467 -0.1946 -0.9494
vn -0.2942 -0.2483 -0.9229
vn -0.1310 -0.0772 -0.9884
vn -0.0610 0.0202 -0.9979
vn -0.1413 -0.0678 -0.9876
vn -0.1400 -0.0632 -0.9881
vn -0.0622 0.0235 -0.9978
vn -0.2997 -0.2437 -0.9224
vn -0.2933 -0.2391 -0.9257
vn -0.1285 -0.0656 -0.9895
vn -0.0535 0.0184 -0.9984
vn -0.2777 -0.2376 -0.9308
vn -0.0370 0.0463 -0.9982
vn -0.5095 -0.4844 -0.7112
vn -0.4979 -0.4850 -0.7189
vn -0.4822 -0.4836 -0.7305
vn -0.4664 -0.4824 -0.7414
vn -0.2592 -0.2401 -0.9355
vn -0.1125 -0.0734 -0.9909
vn -0.0396 0.0076 -0.9992
vn -0.0312 0.0430 -0.9986
vn -0.0182 0.0314 -0.9993
vn -0.0390 0.0490 -0.9980
vn -0.6448 -0.6510 -0.4004
vn -0.6848 -0.7079 -0.1729
vn -0.6701 -0.7208 -0.1772
vn -0.6311 -0.6596 -0.4083
vn -0.6914 -0.7205 -0.0540
vn -0.6761 -0.7347 -0.0554
vn -0.6624 -0.7264 -0.1833
vn -0.6201 -0.6625 -0.4201
vn -0.6692 -0.7408 -0.0574
vn -0.6689 -0.7410 -0.0593
vn -0.6603 -0.7267 -0.1894
vn -0.6127 -0.6621 -0.4316
vn -0.7317 -0.4670 -0.4966
vn -0.7379 -0.4352 -0.5158
vn -0.8435 -0.4841 -0.2330
vn -0.8286 -0.5141 -0.2219
vn -0.7399 -0.4130 -0.5311
vn -0.8522 -0.4639 -0.2421
vn -0.8677 -0.4921 -0.0708
vn -0.8507 -0.5213 -0.0675
vn -0.8781 -0.4728 -0.0735
vn -0.5004 -0.3348 -0.7985
vn -0.4956 -0.3060 -0.8129
vn -0.4898 -0.2853 -0.8238
vn -0.0154 -0.0128 -0.9998
vn -0.0150 -0.0115 -0.9998
vn -0.0832 -0.0598 -0.9947
vn -0.0856 -0.0668 -0.9941
vn -0.0147 -0.0105 -0.9998
vn -0.0813 -0.0547 -0.9952
vn -0.2347 -0.1552 -0.9596
vn -0.2406 -0.1726 -0.9552
vn -0.2295 -0.1425 -0.9628
vn 0.0042 0.0039 -1.0000
vn 0.0041 0.0035 -1.0000
vn 0.7601 0.2970 -0.5780
vn 0.8897 0.3653 -0.2739
vn 0.9534 0.1564 -0.2581
vn 0.8204 0.1106 -0.5610
vn 0.9240 0.3736 -0.0816
vn 0.9848 0.1570 -0.0741
vn 0.8365 -0.5075 -0.2065
vn 0.8562 -0.5093 -0.0866
vn 0.7954 -0.6027 -0.0645
vn 0.7832 -0.5985 -0.1685
vn 0.8580 -0.5130 -0.0243
vn 0.7926 -0.6095 -0.0162
vn 0.4124 0.2796 -0.8670
vn 0.6427 0.4686 -0.6061
vn 0.5190 0.1443 -0.8425
vn 0.7717 0.5649 -0.2922
vn 0.8056 0.5858 -0.0880
vn 0.6924 -0.7215 -0.0040
vn 0.6933 -0.7204 -0.0185
vn 0.6939 -0.7183 -0.0507
vn 0.7288 -0.6183 -0.2943
vn 0.6859 -0.7210 -0.0985
vn 0.7655 -0.5209 -0.3777
vn 0.5742 -0.0048 -0.8187
vn 0.1926 -0.1865 -0.9634
vn 0.2170 -0.1199 -0.9688
vn 0.4588 -0.4337 -0.7756
vn 0.4313 -0.4780 -0.7652
vn 0.3094 -0.0137 -0.9508
vn 0.5395 -0.3584 -0.7619
vn 0.6315 -0.6898 -0.3541
vn 0.6151 -0.7049 -0.3531
vn 0.6653 -0.6594 -0.3502
vn 0.1142 -0.1076 -0.9876
vn 0.1148 -0.0812 -0.9901
vn 0.1859 -0.2056 -0.9608
vn 0.1368 -0.0114 -0.9905
vn 0.2216 0.1004 -0.9700
vn 0.6695 -0.7359 -0.1013
vn 0.6578 -0.7463 -0.1019
vn 0.6515 -0.7514 -0.1048
vn 0.6091 -0.7081 -0.3571
vn 0.6495 -0.7528 -0.1069
vn 0.4178 -0.4840 -0.7689
vn 0.0669 0.0682 -0.9954
vn 0.1055 0.1096 -0.9884
vn 0.1149 0.0977 -0.9886
vn 0.0773 0.0541 -0.9955
vn 0.1911 0.1976 -0.9615
vn 0.2013 0.1867 -0.9616
vn 0.1262 0.0797 -0.9888
vn 0.0916 0.0318 -0.9953
vn 0.2120 0.1714 -0.9621
vn 0.0496 0.0625 -0.9968
vn 0.0611 0.0743 -0.9954
vn 0.0551 0.0564 -0.9969
vn 0.0991 0.1152 -0.9884
vn 0.1826 0.2034 -0.9619
vn 0.3437 0.3698 -0.8632
vn 0.3562 0.3623 -0.8613
vn 0.3701 0.3500 -0.8605
vn 0.3839 0.3346 -0.8606
vn 0.3947 0.3199 -0.8613
vn 0.2203 0.1548 -0.9631
vn 0.1363 0.0585 -0.9889
vn 0.1061 0.0045 -0.9943
vn 0.0823 0.0169 -0.9965
vn 0.0996 -0.0136 -0.9949
vn 0.0661 0.0414 -0.9970
vn 0.5553 0.5560 -0.6185
vn 0.6748 0.6689 -0.3116
vn 0.6942 0.6498 -0.3095
vn 0.5732 0.5401 -0.6163
vn 0.7085 0.6989 -0.0975
vn 0.7280 0.6787 -0.0967
vn 0.7150 0.6278 -0.3077
vn 0.5917 0.5215 -0.6148
vn 0.7493 0.6553 -0.0958
vn 0.5394 0.5675 -0.6220
vn 0.6584 0.6838 -0.3145
vn 0.6923 0.7148 -0.0986
vn 0.7670 0.6347 -0.0947
vn 0.7322 0.6087 -0.3054
vn 0.6069 0.5053 -0.6135
vn 0.4104 0.7167 -0.5638
vn 0.4788 0.8335 -0.2759
vn 0.4889 0.8235 -0.2878
vn 0.4169 0.6965 -0.5840
vn 0.4965 0.8637 -0.0868
vn 0.5069 0.8573 -0.0902
vn 0.5071 0.8079 -0.3003
vn 0.4277 0.6738 -0.6026
vn 0.5272 0.8445 -0.0941
vn 0.2792 0.5294 -0.8011
vn 0.4054 0.7339 -0.5450
vn 0.2817 0.4967 -0.8209
vn 0.4746 0.8388 -0.2668
vn 0.4943 0.8652 -0.0847
vn 0.5604 0.8225 -0.0976
vn 0.5366 0.7846 -0.3108
vn 0.4463 0.6483 -0.6168
vn 0.2849 0.4404 -0.8514
vn 0.2913 0.4181 -0.8604
vn 0.2827 0.4666 -0.8381
vn 0.0716 0.1034 -0.9921
vn 0.0976 0.1668 -0.9812
vn 0.0938 0.1432 -0.9852
vn 0.0646 0.0868 -0.9941
vn 0.1623 0.2885 -0.9436
vn 0.1605 0.2588 -0.9525
vn 0.0914 0.1289 -0.9874
vn 0.0604 0.0781 -0.9951
vn 0.1592 0.2377 -0.9582
vn 0.0820 0.1049 -0.9911
vn 0.0831 0.1302 -0.9880
vn 0.0667 0.0826 -0.9943
vn 0.1026 0.2018 -0.9740
vn 0.1631 0.3275 -0.9307
vn 0.1597 0.2238 -0.9615
vn 0.0900 0.1217 -0.9885
vn 0.0580 0.0748 -0.9955
vn 0.0521 0.0629 -0.9967
vn 0.0489 0.0610 -0.9969
vn 0.0574 0.0694 -0.9959
vn 0.1013 0.1656 -0.9810
vn 0.1277 0.2033 -0.9707
vn 0.1316 0.2849 -0.9495
vn 0.1124 0.2443 -0.9632
vn 0.1601 0.2364 -0.9584
vn 0.1620 0.3149 -0.9352
vn 0.1784 0.4070 -0.8958
vn 0.1661 0.3703 -0.9139
vn 0.2045 0.4298 -0.8795
vn 0.1049 0.1356 -0.9852
vn 0.1347 0.1707 -0.9761
vn 0.1676 0.2048 -0.9644
vn 0.1978 0.2319 -0.9524
vn 0.1938 0.2587 -0.9463
vn 0.2008 0.3282 -0.9230
vn 0.2446 0.4330 -0.8676
vn 0.3402 0.5825 -0.7382
vn 0.3033 0.5913 -0.7472
vn 0.2833 0.5826 -0.7617
vn 0.2774 0.5604 -0.7804
vn 0.4028 0.7462 -0.5300
vn 0.4070 0.7510 -0.5200
vn 0.4835 0.8356 -0.2606
vn 0.4759 0.8397 -0.2618
vn 0.4233 0.7459 -0.5143
vn 0.5005 0.8251 -0.2619
vn 0.5097 0.8561 -0.0850
vn 0.4989 0.8625 -0.0841
vn 0.5281 0.8448 -0.0867
vn 0.4553 0.7282 -0.5122
vn 0.5298 0.8059 -0.2642
vn 0.5563 0.8263 -0.0884
vn 0.4713 0.6220 -0.6253
vn 0.5731 0.7555 -0.3173
vn 0.6086 0.7264 -0.3192
vn 0.4975 0.5988 -0.6276
vn 0.6013 0.7928 -0.0998
vn 0.6401 0.7617 -0.1004
vn 0.6380 0.7014 -0.3176
vn 0.5212 0.5803 -0.6257
vn 0.6715 0.7343 -0.0998
vn 0.3023 0.3998 -0.8653
vn 0.3307 0.3766 -0.8653
vn 0.3162 0.3862 -0.8665
vn 0.0567 0.0746 -0.9956
vn 0.0900 0.1187 -0.9888
vn 0.0917 0.1176 -0.9888
vn 0.0568 0.0752 -0.9955
vn 0.1627 0.2151 -0.9629
vn 0.1682 0.2099 -0.9632
vn 0.0948 0.1169 -0.9886
vn 0.0582 0.0756 -0.9954
vn 0.1752 0.2065 -0.9626
vn 0.0471 0.0615 -0.9970
vn 0.0473 0.0635 -0.9969
vn 0.0466 0.0627 -0.9969
vn 0.2234 0.2673 -0.9373
vn 0.2477 0.2611 -0.9330
vn 0.2736 0.3056 -0.9120
vn 0.2399 0.3243 -0.9150
vn 0.2686 0.2394 -0.9330
vn 0.3023 0.2723 -0.9135
vn 0.3337 0.3845 -0.8607
vn 0.2903 0.4169 -0.8613
vn 0.3726 0.3364 -0.8649
vn 0.2224 0.2466 -0.9433
vn 0.2421 0.2455 -0.9387
vn 0.2598 0.2277 -0.9384
vn 0.2776 0.1951 -0.9407
vn 0.2884 0.2037 -0.9356
vn 0.3273 0.2272 -0.9172
vn 0.4061 0.2771 -0.8708
vn 0.5427 0.3650 -0.7565
vn 0.4945 0.4442 -0.7471
vn 0.4414 0.5092 -0.7388
vn 0.3886 0.5549 -0.7356
vn 0.5029 0.6948 -0.5142
vn 0.5635 0.6415 -0.5205
vn 0.6394 0.7189 -0.2727
vn 0.5753 0.7729 -0.2676
vn 0.6324 0.5640 -0.5310
vn 0.7184 0.6369 -0.2798
vn 0.6643 0.7418 -0.0919
vn 0.6000 0.7949 -0.0900
vn 0.7460 0.6592 -0.0944
vn 0.6994 0.4662 -0.5418
vn 0.7982 0.5296 -0.2870
vn 0.8299 0.5495 -0.0967
vn 0.2661 0.2418 -0.9331
vn 0.2085 0.3586 -0.9099
vn 0.0983 0.6093 -0.7868
vn 0.3187 0.2374 -0.9176
vn -0.1446 0.8278 -0.5420
vn -0.2376 0.8973 -0.3721
vn -0.1968 0.8939 -0.4027
vn 0.2020 0.6092 -0.7668
vn 0.4172 0.2536 -0.8727
vn -0.1334 0.8982 -0.4188
vn 0.3144 0.1031 -0.9437
vn 0.2568 0.2306 -0.9386
vn 0.3276 0.1069 -0.9388
vn 0.1845 0.3716 -0.9099
vn -0.1615 0.8350 -0.5260
vn -0.2348 0.8895 -0.3919
vn -0.3510 0.9283 -0.1225
vn -0.3490 0.9295 -0.1195
vn -0.3334 0.9334 -0.1323
vn -0.3058 0.9409 -0.1455
vn -0.2741 0.9504 -0.1470
vn -0.0619 0.9277 -0.3681
vn 0.3362 0.6746 -0.6572
vn 0.5777 0.3102 -0.7550
vn 0.4640 0.1429 -0.8742
vn 0.6228 0.1895 -0.7591
vn 0.3726 0.1179 -0.9205
vn 0.7483 0.3932 -0.5343
vn 0.6662 0.5148 -0.5395
vn 0.7492 0.5999 -0.2809
vn 0.8457 0.4556 -0.2780
vn 0.1202 0.9533 -0.2771
vn -0.0429 0.9718 -0.2320
vn -0.0634 0.9928 -0.1012
vn 0.0998 0.9873 -0.1238
vn 0.7651 0.6376 -0.0903
vn 0.8715 0.4818 -0.0914
vn -0.0829 0.9961 -0.0286
vn 0.0839 0.9957 -0.0380
vn 0.8035 0.2454 -0.5423
vn -0.2803 0.9562 -0.0849
vn -0.2947 0.9549 -0.0352
vn -0.3009 0.9536 -0.0096
vn 0.9505 0.2961 -0.0944
vn 0.9158 0.2827 -0.2852
vn -0.3750 0.9260 -0.0433
vn -0.3823 0.9239 -0.0160
vn -0.3738 0.9273 -0.0177
vn -0.3653 0.9296 -0.0480
vn -0.3844 0.9232 -0.0043
vn -0.3762 0.9265 -0.0047
vn -0.3537 0.9351 -0.0211
vn -0.3458 0.9368 -0.0530
vn -0.3568 0.9342 -0.0056
vn -0.3772 0.9251 -0.0437
vn -0.3846 0.9230 -0.0160
vn -0.3867 0.9222 -0.0043
vn 0.7502 0.3714 -0.5470
vn 0.7815 0.2994 -0.5473
vn 0.8938 0.3423 -0.2899
vn 0.8583 0.4233 -0.2902
vn 0.7995 0.2523 -0.5451
vn 0.9129 0.2894 -0.2877
vn 0.9292 0.3566 -0.0970
vn 0.8927 0.4400 -0.0975
vn 0.9484 0.3022 -0.0958
vn 0.5799 0.2899 -0.7614
vn 0.6041 0.2327 -0.7621
vn 0.6191 0.1951 -0.7607
vn 0.3059 0.1635 -0.9379
vn 0.3193 0.1295 -0.9388
vn 0.3625 0.1440 -0.9208
vn 0.3477 0.1811 -0.9199
vn 0.3285 0.1055 -0.9386
vn 0.3724 0.1185 -0.9205
vn 0.4505 0.1757 -0.8753
vn 0.4324 0.2200 -0.8744
vn 0.4622 0.1460 -0.8746
vn 0.2937 0.1580 -0.9427
vn 0.3063 0.1258 -0.9436
vn 0.3152 0.1023 -0.9435
vn 0.6673 -0.7441 -0.0323
vn 0.6677 -0.7444 -0.0108
vn 0.6591 -0.7520 -0.0098
vn 0.6589 -0.7515 -0.0326
vn 0.6675 -0.7446 -0.0018
vn 0.6591 -0.7520 -0.0013
vn 0.6555 -0.7552 -0.0098
vn 0.6549 -0.7550 -0.0336
vn 0.6555 -0.7552 -0.0011
vn 0.6545 -0.7561 -0.0010
vn 0.6544 -0.7561 -0.0099
vn 0.6537 -0.7560 -0.0343
vn 0.1151 -0.0217 -0.9931
vn 0.1412 0.0384 -0.9892
vn 0.1401 0.0214 -0.9899
vn 0.1168 -0.0436 -0.9922
vn 0.2236 0.1400 -0.9646
vn 0.2223 0.1275 -0.9666
vn 0.1354 0.0074 -0.9908
vn 0.1135 -0.0609 -0.9917
vn 0.2183 0.1173 -0.9688
vn 0.1115 -0.0433 -0.9928
vn 0.4008 0.3087 -0.8626
vn 0.4032 0.3006 -0.8644
vn 0.4032 0.2946 -0.8664
vn 0.1131 -0.0870 -0.9898
vn 0.1152 -0.0679 -0.9910
vn 0.6172 0.4945 -0.6119
vn 0.7439 0.5959 -0.3025
vn 0.7513 0.5882 -0.2992
vn 0.6238 0.4882 -0.6103
vn 0.7787 0.6205 -0.0932
vn 0.7857 0.6118 -0.0915
vn 0.7559 0.5839 -0.2959
vn 0.6280 0.4847 -0.6088
vn 0.7899 0.6066 -0.0898
vn -0.2443 -0.2445 -0.9384
vn -0.2363 -0.2495 -0.9391
vn -0.0919 -0.0909 -0.9916
vn -0.0990 -0.0825 -0.9917
vn -0.2347 -0.2553 -0.9379
vn -0.0918 -0.1004 -0.9907
vn -0.0202 -0.0113 -0.9997
vn -0.0274 -0.0032 -0.9996
vn -0.0185 -0.0194 -0.9996
vn -0.4543 -0.4821 -0.7492
vn -0.4472 -0.4827 -0.7530
vn -0.4443 -0.4840 -0.7539
vn -0.4489 -0.4905 -0.7469
vn -0.2482 -0.2722 -0.9297
vn -0.1116 -0.1247 -0.9859
vn -0.0351 -0.0418 -0.9985
vn 0.0037 0.0078 -1.0000
vn 0.0005 0.0133 -0.9999
vn -0.0066 0.0205 -0.9998
vn -0.6710 -0.7390 -0.0608
vn -0.6726 -0.7375 -0.0616
vn -0.6613 -0.7239 -0.1965
vn -0.6608 -0.7251 -0.1939
vn -0.6734 -0.7366 -0.0620
vn -0.6616 -0.7234 -0.1976
vn -0.6054 -0.6599 -0.4450
vn -0.6081 -0.6607 -0.4402
vn -0.6041 -0.6597 -0.4470
vn -0.6737 -0.7364 -0.0620
vn -0.6618 -0.7233 -0.1972
vn -0.6048 -0.6608 -0.4445
vn 0.3090 -0.6686 0.6764
vn 0.5878 -0.5687 0.5754
vn 0.8090 -0.4132 0.4180
vn 0.9511 -0.2172 0.2198
vn 0.9511 0.2172 -0.2198
vn 0.8090 0.4132 -0.4180
vn 0.5878 0.5687 -0.5754
vn 0.3090 0.6686 -0.6764
vn -0.0000 0.7030 -0.7112
vn -0.3090 0.6686 -0.6764
vn -0.5878 0.5687 -0.5754
vn -0.8090 0.4132 -0.4180
vn -0.9511 0.2172 -0.2198
vn -0.9511 -0.2172 0.2198
vn -0.8090 -0.4132 0.4180
vn -0.5878 -0.5687 0.5754
vn -0.3090 -0.6686 0.6764
vn -0.8064 0.4206 0.4158
vn -0.7669 0.2455 0.5930
vn -0.0000 -0.1462 0.9893
vn 0.2492 -0.1185 0.9612
vn 0.6523 0.0874 0.7529
vn 0.7669 0.2455 0.5930
vn 0.4740 0.8792 -0.0482
vn 0.2492 0.9597 -0.1296
vn -0.4740 0.8792 -0.0481
vn -0.6523 0.7538 0.0787
vn -0.4739 0.8792 -0.0482
vn -0.2492 -0.1185 0.9612
vn -0.6523 0.0875 0.7529
vn -0.4740 -0.0379 0.8797
vn -0.4739 -0.0379 0.8797
vn 0.8063 0.4207 0.4158
vn 0.7669 0.5958 0.2386
vn -0.0000 0.9875 -0.1577
vn -0.2492 0.9597 -0.1296
vn -0.7669 0.5958 0.2386
vn 0.4740 -0.0379 0.8797
vn 0.6524 0.7538 0.0787
vn -0.0000 0.0411 0.9992
vn 0.2107 0.0645 0.9754
vn 0.5515 0.2386 0.7993
vn 0.6484 0.3722 0.6641
vn 0.4007 0.9080 0.1220
vn 0.2107 0.9761 0.0532
vn -0.4007 0.9080 0.1220
vn -0.5515 0.8020 0.2293
vn -0.5515 0.2386 0.7993
vn -0.4007 0.1326 0.9066
vn 0.6817 0.5203 0.5143
vn 0.6484 0.6684 0.3645
vn -0.0000 0.9996 0.0294
vn -0.2107 0.9761 0.0532
vn -0.6484 0.3722 0.6641
vn 0.5515 0.8020 0.2293
vn 0.4007 0.1326 0.9066
vn -0.2107 0.0645 0.9754
vn -0.6484 0.6684 0.3645
vn -0.6817 0.5203 0.5143
vn 0.6686 0.0590 0.7413
vn 0.7859 0.2210 0.5775
vn -0.8264 0.4004 0.3959
vn -0.7859 0.2209 0.5775
vn -0.8264 0.4004 0.3958
vn 0.2554 0.9530 -0.1631
vn 0.0000 0.9814 -0.1919
vn -0.2554 -0.1520 0.9548
vn 0.0000 -0.1804 0.9836
vn 0.2554 -0.1520 0.9548
vn 0.4857 -0.0695 0.8713
vn 0.4858 -0.0695 0.8713
vn -0.4857 0.8705 -0.0796
vn -0.6686 0.7420 0.0504
vn -0.6685 0.7420 0.0504
vn 0.4857 0.8705 -0.0796
vn 0.8264 0.4005 0.3959
vn 0.7859 0.5800 0.2142
vn -0.6686 0.0590 0.7413
vn -0.4857 -0.0695 0.8713
vn 0.6686 0.7419 0.0504
vn -0.7859 0.5800 0.2142
vn -0.2554 0.9530 -0.1631
vn 0.6523 0.0875 0.7529
vn 0.8063 0.4206 0.4158
vn 0.4739 -0.0379 0.8797
vn 0.6523 0.7538 0.0787
vn -0.7860 0.2209 0.5775
vn -0.8264 0.4005 0.3958
vn -0.0000 -0.1805 0.9836
vn -0.6686 0.7419 0.0504
vn 0.7859 0.5800 0.2143
vn 0.6685 0.7420 0.0504
vn -0.7860 0.5800 0.2142
vn -0.8063 0.4206 0.4158
vn 0.4739 0.8792 -0.0482
vn -0.2492 -0.1184 0.9612
vn 0.4858 0.8705 -0.0796
vn 0.8264 0.4004 0.3958
vn 0.7860 0.5800 0.2142
vn 0.3090 -0.6686 -0.6764
vn 0.5878 -0.5687 -0.5754
vn 0.8090 -0.4132 -0.4180
vn 0.9511 -0.2172 -0.2198
vn 0.9511 0.2172 0.2198
vn 0.8090 0.4132 0.4180
vn 0.5878 0.5687 0.5754
vn 0.3090 0.6686 0.6764
vn -0.0000 0.7030 0.7112
vn -0.3090 0.6686 0.6764
vn -0.5878 0.5687 0.5754
vn -0.8090 0.4132 0.4180
vn -0.9511 0.2172 0.2198
vn -0.9511 -0.2172 -0.2198
vn -0.8090 -0.4132 -0.4180
vn -0.5878 -0.5687 -0.5754
vn -0.3090 -0.6686 -0.6764
vn -0.8064 0.4206 -0.4158
vn -0.7669 0.2455 -0.5930
vn 0.0000 -0.1462 -0.9893
vn 0.2492 -0.1185 -0.9612
vn 0.6523 0.0874 -0.7529
vn 0.7669 0.2455 -0.5930
vn 0.4740 0.8792 0.0482
vn 0.2492 0.9597 0.1296
vn -0.4739 0.8792 0.0482
vn -0.6523 0.7538 -0.0787
vn -0.2492 -0.1185 -0.9612
vn -0.6523 0.0875 -0.7529
vn -0.4739 -0.0379 -0.8797
vn 0.8063 0.4207 -0.4158
vn 0.7669 0.5958 -0.2386
vn -0.0000 0.9875 0.1577
vn -0.2492 0.9597 0.1296
vn -0.7669 0.5958 -0.2386
vn 0.4740 -0.0379 -0.8797
vn 0.6523 0.7538 -0.0787
vn -0.0000 0.0411 -0.9992
vn 0.2107 0.0645 -0.9754
vn 0.5515 0.2386 -0.7993
vn 0.6484 0.3722 -0.6641
vn 0.4007 0.9080 -0.1220
vn 0.2107 0.9761 -0.0532
vn -0.4007 0.9080 -0.1220
vn -0.5515 0.8020 -0.2293
vn -0.5515 0.2386 -0.7993
vn -0.4007 0.1326 -0.9066
vn 0.6817 0.5203 -0.5143
vn 0.6484 0.6684 -0.3645
vn -0.0000 0.9996 -0.0294
vn -0.2107 0.9761 -0.0532
vn -0.6484 0.3722 -0.6641
vn 0.5515 0.8020 -0.2293
vn 0.4007 0.1326 -0.9066
vn -0.2107 0.0645 -0.9754
vn -0.6484 0.6684 -0.3645
vn -0.6817 0.5203 -0.5143
vn 0.6686 0.0590 -0.7413
vn 0.7859 0.2210 -0.5775
vn -0.8264 0.4005 -0.3958
vn -0.7859 0.2210 -0.5775
vn 0.2554 0.9530 0.1631
vn 0.0000 0.9814 0.1919
vn -0.2554 -0.1520 -0.9548
vn 0.0000 -0.1804 -0.9836
vn 0.2554 -0.1520 -0.9548
vn 0.4857 -0.0695 -0.8713
vn -0.4857 0.8705 0.0796
vn -0.6685 0.7420 -0.0504
vn 0.4857 0.8705 0.0797
vn 0.4857 0.8705 0.0796
vn 0.8264 0.4005 -0.3959
vn 0.8264 0.4005 -0.3958
vn 0.7859 0.5800 -0.2142
vn -0.6686 0.0590 -0.7413
vn -0.4857 -0.0695 -0.8713
vn 0.6686 0.7419 -0.0504
vn -0.7859 0.5800 -0.2142
vn -0.2554 0.9530 0.1631
vn 0.6523 0.0875 -0.7529
vn 0.4739 0.8792 0.0481
vn -0.4739 0.8792 0.0481
vn 0.8063 0.4206 -0.4158
vn 0.4739 -0.0379 -0.8797
vn 0.6685 0.0590 -0.7413
vn -0.7860 0.2209 -0.5775
vn 0.4858 -0.0695 -0.8713
vn -0.6686 0.7419 -0.0504
vn 0.7859 0.5800 -0.2143
vn 0.6685 0.7420 -0.0504
vn -0.7860 0.5800 -0.2142
vn -0.8063 0.4206 -0.4158
vn -0.8264 0.4004 -0.3958
vn 0.0000 -0.1805 -0.9836
vn 0.4857 -0.0696 -0.8713
vn -0.6686 0.7420 -0.0504
vn 0.4858 0.8705 0.0797
vn 0.7860 0.5800 -0.2142
vn 0.7501 -0.6613 0.0000
vn 0.7611 -0.6486 0.0000
vn 0.0011 -0.0733 0.9973
vn 0.0011 -0.0701 0.9975
vn 0.7614 -0.6483 0.0007
vn 0.0012 -0.4103 0.9119
vn 0.0013 -0.4065 0.9137
vn -0.0156 -0.8340 0.5516
vn -0.0156 -0.8336 0.5522
vn -0.0363 -0.9896 0.1395
vn -0.0363 -0.9895 0.1396
vn -0.0417 -0.9991 0.0000
vn 0.7397 -0.6729 0.0000
vn 0.7416 -0.6708 -0.0061
vn 0.7082 -0.7059 -0.0140
vn 0.7082 -0.7060 0.0000
vn 0.2582 -0.9661 0.0000
vn 0.2559 -0.9573 0.1348
vn 0.2554 -0.9555 0.1479
vn 0.1376 -0.5147 0.8463
vn 0.0404 -0.1513 0.9877
vn 0.0217 -0.0811 0.9965
vn 0.1066 -0.3989 0.9108
vn 0.2257 -0.8443 0.4860
vn 0.2133 -0.7979 0.5637
vn 0.0011 -0.0701 -0.9975
vn 0.0011 -0.0733 -0.9973
vn 0.7614 -0.6483 -0.0007
vn 0.0013 -0.4065 -0.9137
vn 0.0012 -0.4103 -0.9119
vn -0.0156 -0.8336 -0.5522
vn -0.0156 -0.8340 -0.5516
vn -0.0363 -0.9895 -0.1396
vn -0.0363 -0.9896 -0.1395
vn 0.7416 -0.6708 0.0061
vn 0.7082 -0.7059 0.0140
vn 0.2554 -0.9555 -0.1479
vn 0.2559 -0.9573 -0.1348
vn 0.1376 -0.5147 -0.8463
vn 0.1066 -0.3990 -0.9108
vn 0.0217 -0.0811 -0.9965
vn 0.0404 -0.1513 -0.9877
vn 0.2257 -0.8443 -0.4860
vn 0.2133 -0.7979 -0.5637
vn -0.3101 0.9507 0.0000
vn 0.4126 -0.9109 0.0000
vn 0.7623 -0.6472 0.0000
vn 0.9675 0.2530 -0.0000
vn -0.9507 -0.3101 0.0000
vn -0.9507 -0.3100 0.0000
vn -0.6695 0.7429 -0.0000
vn 0.3100 -0.9507 0.0000
vn -0.6143 -0.7891 0.0000
vn 0.0690 -0.9976 0.0000
vn 0.6100 0.6227 0.4899
vn 0.3253 0.8088 0.4899
vn -0.0090 0.8717 0.4899
vn -0.3419 0.8019 0.4899
vn -0.6195 0.6183 0.4836
vn -0.7121 0.5176 0.4743
vn -0.9075 0.0276 0.4192
vn -0.6483 -0.6618 0.3764
vn -0.9101 -0.0461 0.4117
vn 0.0462 -0.9067 0.4192
vn -0.0273 -0.9109 0.4117
vn 0.6310 -0.6067 0.4836
vn 0.5321 -0.7013 0.4743
vn 0.0009 0.0000 1.0000
vn 0.0007 0.0007 1.0000
vn 0.8088 -0.3253 0.4899
vn 0.8717 0.0090 0.4899
vn 0.8019 0.3419 0.4899
vn 0.0007 -0.0006 1.0000
vn -0.0008 -0.0004 1.0000
vn -0.0006 -0.0007 1.0000
vn 0.0004 -0.0009 1.0000
vn -0.0000 0.0009 1.0000
vn -0.0006 0.0007 1.0000
vn -0.0009 0.0003 1.0000
vn -0.0009 -0.0000 1.0000
vn -0.0003 -0.0009 1.0000
vn 0.0000 -0.0009 1.0000
vn -0.0009 -0.0004 1.0000
vn -0.0000 0.9500 0.3123
vn -0.3664 0.8741 0.3190
vn -0.3585 0.8774 0.3187
vn -0.6708 0.6604 0.3376
vn -0.6600 0.6717 0.3366
vn -0.8639 0.3478 0.3644
vn -0.8568 0.3664 0.3628
vn -0.9221 -0.0351 0.3855
vn -0.9130 -0.1338 0.3855
vn -0.6508 -0.6602 0.3750
vn -0.0000 -0.9242 0.3819
vn -0.6338 -0.6764 0.3753
vn 0.6508 -0.6602 0.3750
vn 0.6338 -0.6764 0.3753
vn 0.9221 -0.0351 0.3855
vn 0.9129 -0.1338 0.3855
vn 0.8639 0.3478 0.3644
vn 0.8568 0.3664 0.3628
vn 0.6708 0.6604 0.3375
vn 0.6600 0.6717 0.3366
vn 0.3664 0.8741 0.3190
vn 0.3585 0.8774 0.3187
vn 0.0009 0.0001 1.0000
vn -0.0004 -0.0009 1.0000
vn 0.0009 -0.0004 1.0000
vn -0.0007 0.0007 1.0000
vn -0.0009 0.0001 1.0000
vn -0.0007 -0.0007 1.0000
vn 0.0007 -0.0007 1.0000
vn -0.6708 0.6604 0.3375
vn 0.0000 0.9500 0.3124
vn -0.8639 0.3477 0.3645
vn -0.8568 0.3664 0.3629
vn 0.8639 0.3478 0.3645
vn 0.8568 0.3664 0.3629
vn -0.8639 0.3478 0.3645
vn -0.9129 -0.1338 0.3855
vn 0.8638 0.3478 0.3644
vn -0.8639 0.3477 0.3644
vn 0.9130 -0.1338 0.3855
vn 0.8639 0.3477 0.3645
vn -0.1861 -0.9104 0.3696
vn -0.1894 -0.9097 0.3696
vn 0.1782 -0.9103 0.3735
vn 0.1700 -0.9120 0.3732
vn 0.5123 -0.7632 0.3938
vn 0.4972 -0.7738 0.3925
vn 0.7550 -0.4984 0.4261
vn 0.7419 -0.5198 0.4236
vn 0.8732 -0.1641 0.4588
vn 0.8820 -0.0864 0.4633
vn 0.7241 0.4509 0.5218
vn 0.1588 0.7957 0.5845
vn 0.1720 0.7932 0.5842
vn 0.7305 0.4426 0.5201
vn -0.4937 0.6777 0.5450
vn -0.4866 0.6818 0.5462
vn -0.8568 0.1845 0.4815
vn -0.8346 0.2578 0.4867
vn -0.0008 -0.0005 1.0000
vn -0.0002 -0.0009 1.0000
vn -0.8808 -0.1561 0.4470
vn -0.8772 -0.1827 0.4441
vn -0.7674 -0.4923 0.4109
vn -0.7557 -0.5117 0.4088
vn -0.5242 -0.7605 0.3831
vn -0.5125 -0.7689 0.3823
vn 0.0005 0.0008 1.0000
vn 0.0002 0.0009 1.0000
vn -0.0008 0.0005 1.0000
vn 0.0005 -0.0008 1.0000
vn 0.0009 -0.0003 1.0000
vn 0.0009 0.0002 1.0000
vn 0.0008 0.0005 1.0000
vn -0.0002 0.0009 1.0000
vn -0.0005 0.0008 1.0000
vn -0.8568 0.1846 0.4815
vn -0.8346 0.2579 0.4867
vn -0.1894 -0.9097 0.3697
vn 0.6100 0.6227 -0.4899
vn 0.3253 0.8088 -0.4899
vn -0.0090 0.8717 -0.4899
vn -0.3419 0.8019 -0.4899
vn -0.7121 0.5176 -0.4743
vn -0.6195 0.6183 -0.4836
vn -0.9075 0.0276 -0.4192
vn -0.9101 -0.0461 -0.4117
vn -0.6483 -0.6618 -0.3764
vn -0.0273 -0.9109 -0.4117
vn 0.0462 -0.9067 -0.4192
vn 0.5321 -0.7013 -0.4743
vn 0.6310 -0.6067 -0.4836
vn 0.0009 0.0000 -1.0000
vn 0.0007 0.0007 -1.0000
vn 0.8088 -0.3253 -0.4899
vn 0.8717 0.0090 -0.4899
vn 0.8019 0.3419 -0.4899
vn 0.0007 -0.0006 -1.0000
vn -0.0008 -0.0004 -1.0000
vn -0.0006 -0.0007 -1.0000
vn 0.0004 -0.0009 -1.0000
vn -0.0000 0.0009 -1.0000
vn -0.0006 0.0007 -1.0000
vn -0.0009 0.0003 -1.0000
vn -0.0009 -0.0000 -1.0000
vn -0.0003 -0.0009 -1.0000
vn 0.0000 -0.0009 -1.0000
vn -0.0009 -0.0004 -1.0000
vn -0.0000 0.9500 -0.3123
vn -0.3585 0.8774 -0.3187
vn -0.3664 0.8741 -0.3190
vn -0.6600 0.6717 -0.3366
vn -0.6708 0.6604 -0.3375
vn -0.8568 0.3664 -0.3628
vn -0.8639 0.3478 -0.3644
vn -0.9130 -0.1338 -0.3855
vn -0.9221 -0.0351 -0.3855
vn -0.6508 -0.6602 -0.3750
vn -0.6338 -0.6764 -0.3753
vn -0.0000 -0.9242 -0.3819
vn 0.6338 -0.6764 -0.3753
vn 0.6508 -0.6602 -0.3750
vn 0.9129 -0.1338 -0.3855
vn 0.9221 -0.0351 -0.3855
vn 0.8568 0.3664 -0.3628
vn 0.8639 0.3478 -0.3644
vn 0.6600 0.6717 -0.3366
vn 0.6708 0.6604 -0.3375
vn 0.3585 0.8774 -0.3187
vn 0.3664 0.8741 -0.3190
vn 0.0009 0.0001 -1.0000
vn -0.0004 -0.0009 -1.0000
vn 0.0009 -0.0004 -1.0000
vn -0.0007 0.0007 -1.0000
vn -0.0009 0.0001 -1.0000
vn -0.0007 -0.0007 -1.0000
vn 0.0007 -0.0007 -1.0000
vn 0.0000 0.9500 -0.3124
vn -0.6708 0.6604 -0.3376
vn -0.8568 0.3664 -0.3629
vn -0.8639 0.3477 -0.3645
vn 0.8568 0.3664 -0.3629
vn 0.8639 0.3478 -0.3645
vn -0.8639 0.3478 -0.3645
vn -0.9129 -0.1338 -0.3855
vn 0.8638 0.3478 -0.3644
vn -0.8639 0.3477 -0.3644
vn 0.9130 -0.1338 -0.3855
vn 0.8639 0.3477 -0.3645
vn -0.1861 -0.9104 -0.3696
vn 0.1700 -0.9120 -0.3732
vn 0.1782 -0.9103 -0.3735
vn -0.1894 -0.9097 -0.3696
vn 0.4972 -0.7738 -0.3925
vn 0.5123 -0.7632 -0.3938
vn 0.7419 -0.5198 -0.4236
vn 0.7550 -0.4984 -0.4261
vn 0.8820 -0.0864 -0.4633
vn 0.8732 -0.1641 -0.4588
vn 0.7241 0.4509 -0.5218
vn 0.7305 0.4426 -0.5201
vn 0.1720 0.7932 -0.5842
vn 0.1588 0.7957 -0.5845
vn -0.4866 0.6818 -0.5462
vn -0.4937 0.6777 -0.5450
vn -0.8346 0.2578 -0.4867
vn -0.8568 0.1845 -0.4815
vn -0.0008 -0.0005 -1.0000
vn -0.0002 -0.0009 -1.0000
vn -0.8772 -0.1827 -0.4441
vn -0.8808 -0.1561 -0.4470
vn -0.7557 -0.5117 -0.4088
vn -0.7674 -0.4923 -0.4109
vn -0.5125 -0.7689 -0.3823
vn -0.5242 -0.7605 -0.3831
vn 0.0005 0.0008 -1.0000
vn 0.0002 0.0009 -1.0000
vn -0.0008 0.0005 -1.0000
vn 0.0005 -0.0008 -1.0000
vn 0.0009 -0.0003 -1.0000
vn 0.0009 0.0002 -1.0000
vn 0.0008 0.0005 -1.0000
vn -0.0002 0.0009 -1.0000
vn -0.0005 0.0008 -1.0000
vn 0.7304 0.4426 -0.5201
vn -0.1894 -0.9097 -0.3697
usemtl MI_Guns_Batch2_Red
s off
f 6/1/1 10/2/1 8/3/1 4/4/1
f 48/5/2 42/6/2 43/7/2 50/8/2
f 70/9/3 65/10/3 44/11/3 51/12/3
f 42/6/4 45/13/4 46/14/4 43/7/4
f 47/15/5 48/5/5 50/8/5 49/16/5
f 69/17/6 70/9/6 51/12/6 52/18/6
f 10/2/7 47/15/7 49/16/7 8/3/7
f 60/19/8 61/20/8 74/21/8 72/22/8
f 19/23/9 75/24/9 74/21/9 61/20/9
f 24/25/10 46/26/10 45/27/10 22/28/10
f 44/11/11 65/10/11 80/29/11 76/30/11
f 6/1/12 107/31/12 109/32/12 10/2/12
f 48/5/2 134/33/2 131/34/2 42/6/2
f 151/35/13 51/12/13 44/11/13 146/36/13
f 42/6/4 131/34/4 132/37/4 45/13/4
f 47/15/14 133/38/14 134/33/14 48/5/14
f 150/39/15 52/18/15 51/12/15 151/35/15
f 10/2/7 109/32/7 133/38/7 47/15/7
f 141/40/16 153/41/16 154/42/16 142/43/16
f 19/23/17 142/43/17 154/42/17 75/24/17
f 117/44/18 22/28/18 45/27/18 132/45/18
f 44/11/11 76/30/11 157/46/11 146/36/11
f 284/47/19 270/48/19 364/49/19 377/50/19
f 413/51/20 415/52/20 229/53/20 223/54/20
f 232/55/21 220/56/21 228/57/21 234/58/21
f 291/59/22 252/60/22 347/61/22 384/62/22
f 219/63/20 231/64/20 233/65/20 227/66/20
f 228/57/23 227/66/23 233/65/23 234/58/23
f 265/67/21 266/68/21 280/69/21 279/70/21
f 269/71/24 283/72/24 376/73/24 363/74/24
f 267/75/21 268/76/21 282/77/21 281/78/21
f 230/79/19 224/80/19 326/81/19 325/82/19
f 443/83/21 270/48/21 284/47/21 444/84/21
f 251/85/25 292/86/25 329/87/25 346/88/25
f 271/89/21 272/90/21 286/91/21 285/92/21
f 282/77/19 268/76/19 362/93/19 375/94/19
f 273/95/21 274/96/21 288/97/21 287/98/21
f 275/99/21 276/100/21 290/101/21 289/102/21
f 277/103/21 278/104/21 292/86/21 291/59/21
f 267/75/24 281/78/24 374/105/24 361/106/24
f 237/107/20 238/108/20 252/60/20 251/85/20
f 229/53/25 230/79/25 325/82/25 324/109/25
f 239/110/20 240/111/20 254/112/20 253/113/20
f 280/69/19 266/68/19 360/114/19 373/115/19
f 241/116/20 242/117/20 256/118/20 255/119/20
f 264/120/26 250/121/26 321/122/26 323/123/26
f 243/124/20 244/125/20 258/126/20 257/127/20
f 247/128/20 248/129/20 262/130/20 261/131/20
f 265/67/24 279/70/24 372/132/24 359/133/24
f 249/134/20 250/121/20 264/120/20 263/135/20
f 249/134/27 263/135/27 358/136/27 345/137/27
f 292/86/23 251/85/23 252/60/23 291/59/23
f 262/130/26 248/129/26 344/138/26 357/139/26
f 290/101/23 253/113/23 254/112/23 289/102/23
f 288/97/23 255/119/23 256/118/23 287/98/23
f 286/91/23 257/127/23 258/126/23 285/92/23
f 247/128/27 261/131/27 356/140/27 343/141/27
f 260/142/26 246/143/26 342/144/26 355/145/26
f 282/77/23 261/131/23 262/130/23 281/78/23
f 280/69/23 263/135/23 264/120/23 279/70/23
f 372/132/23 323/123/23 324/109/23 325/82/23
f 321/122/20 322/146/20 324/109/20 323/123/20
f 327/147/21 328/148/21 330/149/21 329/87/21
f 326/81/21 359/133/21 372/132/21 325/82/21
f 360/114/21 361/106/21 374/105/21 373/115/21
f 362/93/21 363/74/21 376/73/21 375/94/21
f 364/49/21 365/150/21 378/151/21 377/50/21
f 366/152/21 367/153/21 380/154/21 379/155/21
f 368/156/21 369/157/21 382/158/21 381/159/21
f 370/160/21 371/161/21 384/62/21 383/162/21
f 331/163/20 333/164/20 346/88/20 332/165/20
f 334/166/20 335/167/20 348/168/20 347/61/20
f 336/169/20 337/170/20 350/171/20 349/172/20
f 338/173/20 339/174/20 352/175/20 351/176/20
f 340/177/20 341/178/20 354/179/20 353/180/20
f 342/144/20 343/141/20 356/140/20 355/145/20
f 344/138/20 345/137/20 358/136/20 357/139/20
f 330/149/23 332/165/23 346/88/23 329/87/23
f 384/62/23 347/61/23 348/168/23 383/162/23
f 382/158/23 349/172/23 350/171/23 381/159/23
f 380/154/23 351/176/23 352/175/23 379/155/23
f 378/151/23 353/180/23 354/179/23 377/50/23
f 376/73/23 355/145/23 356/140/23 375/94/23
f 374/105/23 357/139/23 358/136/23 373/115/23
f 253/113/25 290/101/25 383/162/25 348/168/25
f 271/89/24 285/92/24 378/151/24 365/150/24
f 289/102/22 254/112/22 349/172/22 382/158/22
f 223/54/27 229/53/27 324/109/27 322/146/27
f 286/91/19 272/90/19 366/152/19 379/155/19
f 255/119/25 288/97/25 381/159/25 350/171/25
f 273/95/28 287/98/28 380/154/28 367/153/28
f 287/98/22 256/118/22 351/176/22 380/154/22
f 288/97/19 274/96/19 368/156/19 381/159/19
f 257/127/25 286/91/25 379/155/25 352/175/25
f 275/99/24 289/102/24 382/158/24 369/157/24
f 285/92/22 258/126/22 353/180/22 378/151/22
f 290/101/19 276/100/19 370/160/19 383/162/19
f 259/181/25 284/47/25 377/50/25 354/179/25
f 277/103/24 291/59/24 384/62/24 371/161/24
f 283/72/22 260/142/22 355/145/22 376/73/22
f 292/86/19 278/104/19 327/147/19 329/87/19
f 261/131/25 282/77/25 375/94/25 356/140/25
f 237/107/27 251/85/27 346/88/27 333/164/27
f 281/78/22 262/130/22 357/139/22 374/105/22
f 252/60/26 238/108/26 334/166/26 347/61/26
f 263/135/25 280/69/25 373/115/25 358/136/25
f 232/55/24 234/58/24 330/149/24 328/148/24
f 239/110/27 253/113/27 348/168/27 335/167/27
f 279/70/22 264/120/22 323/123/22 372/132/22
f 233/65/26 231/64/26 331/163/26 332/165/26
f 254/112/29 240/111/29 336/169/29 349/172/29
f 241/116/27 255/119/27 350/171/27 337/170/27
f 256/118/29 242/117/29 338/173/29 351/176/29
f 234/58/22 233/65/22 332/165/22 330/149/22
f 243/124/27 257/127/27 352/175/27 339/174/27
f 258/126/26 244/125/26 340/177/26 353/180/26
f 245/182/27 259/181/27 354/179/27 341/178/27
f 417/183/30 418/184/30 420/185/30 419/186/30
f 412/187/31 408/188/31 430/189/31 429/190/31
f 416/191/32 414/192/32 425/193/32 427/194/32
f 417/183/32 419/186/32 432/195/32 431/196/32
f 413/51/33 414/192/33 416/191/33 415/52/33
f 426/197/34 428/198/34 436/199/34 434/200/34
f 415/52/35 416/191/35 419/186/35 420/185/35
f 407/201/31 411/202/31 428/198/31 426/197/31
f 419/186/32 416/191/32 427/194/32 432/195/32
f 429/190/36 430/189/36 438/203/36 437/204/36
f 427/194/37 425/193/37 433/205/37 435/206/37
f 431/196/38 432/195/38 440/207/38 439/208/38
f 408/188/39 407/201/39 410/209/39 409/210/39
f 415/52/23 420/185/23 230/79/23 229/53/23
f 420/185/21 418/184/21 224/80/21 230/79/21
f 245/182/20 441/211/20 442/212/20 259/181/20
f 449/213/21 443/83/21 444/84/21 450/214/21
f 269/71/21 449/213/21 450/214/21 283/72/21
f 526/215/40 483/216/41 469/217/42 524/218/42
f 504/219/43 503/220/43 481/221/43 480/222/43
f 503/220/44 502/223/44 521/224/44 481/221/44
f 525/225/45 478/226/45 483/216/41 526/215/46
f 633/227/47 609/228/47 610/229/47 632/230/47
f 632/230/48 610/229/48 650/231/48 631/232/48
f 492/233/49 468/234/49 597/235/49 621/236/49
f 471/237/50 472/238/50 601/239/50 600/240/50
f 472/238/51 473/241/51 602/242/51 601/239/51
f 473/241/50 475/243/50 604/244/50 602/242/50
f 483/245/52 478/246/52 607/247/52 612/248/52
f 487/249/53 497/250/53 626/251/53 616/252/53
f 497/253/54 492/254/54 621/255/54 626/256/54
f 777/257/55 775/258/56 727/259/56 736/260/57
f 504/219/58 480/222/58 734/261/58 755/262/58
f 755/262/59 734/261/59 772/263/59 754/264/59
f 776/265/60 777/257/61 736/260/57 732/266/60
f 633/227/62 868/267/62 847/268/62 609/228/62
f 868/267/63 867/269/63 885/270/63 847/268/63
f 745/271/64 858/272/64 839/273/64 726/274/64
f 729/275/50 842/276/50 843/277/50 730/278/50
f 730/278/65 843/277/65 844/279/65 731/280/65
f 731/280/50 844/279/50 604/244/50 475/243/50
f 736/281/66 849/282/66 845/283/66 732/284/66
f 740/285/53 853/286/53 862/287/53 749/288/53
f 749/289/67 862/290/67 858/291/67 745/292/67
f 1504/293/50 1505/294/50 1506/295/50 1507/296/50 1508/297/50 1509/298/50 1510/299/50 1511/300/50 1512/301/50 1513/302/50 1514/303/50 1515/304/50 1516/305/50 1517/306/50 1518/307/50 1519/308/50 1520/309/50 1521/310/50 1522/311/50 1523/312/50 1524/313/50 1525/314/50 1526/315/50 1527/316/50
f 1528/317/68 1529/318/68 1551/319/68 1550/320/68 1549/321/68 1548/322/68 1547/323/68 1546/324/68 1545/325/68 1544/326/68 1543/327/68 1542/328/68 1541/329/68 1540/330/68 1539/331/68 1538/332/68 1537/333/68 1536/334/68 1535/335/68 1534/336/68 1533/337/68 1532/338/68 1531/339/68 1530/340/68
f 1623/341/50 1646/342/50 1645/343/50 1644/344/50 1643/345/50 1642/346/50 1641/347/50 1640/348/50 1639/349/50 1638/350/50 1637/351/50 1636/352/50 1635/353/50 1634/354/50 1633/355/50 1632/356/50 1631/357/50 1630/358/50 1629/359/50 1628/360/50 1627/361/50 1626/362/50 1625/363/50 1624/364/50
f 1647/365/68 1648/366/68 1649/367/68 1650/368/68 1651/369/68 1652/370/68 1653/371/68 1654/372/68 1655/373/68 1656/374/68 1657/375/68 1658/376/68 1659/377/68 1660/378/68 1661/379/68 1662/380/68 1663/381/68 1664/382/68 1665/383/68 1666/384/68 1667/385/68 1668/386/68 1669/387/68 1529/318/68
f 1674/388/69 1675/389/69 1671/390/69 1678/391/69 1679/392/69
f 1672/393/70 1674/394/70 1679/395/70 1676/396/70
f 1678/397/71 1671/398/71 1670/399/71 1677/400/71
f 1676/396/72 1679/395/72 1678/397/72 1677/400/72
f 1676/401/50 1677/402/50 1670/403/50 1673/404/50 1672/405/50
f 1674/388/69 1685/406/69 1684/407/69 1681/408/69 1675/389/69
f 1672/393/70 1682/409/70 1685/410/70 1674/394/70
f 1684/411/73 1683/412/73 1680/413/73 1681/414/73
f 1682/409/74 1683/412/74 1684/411/74 1685/410/74
f 1682/415/50 1672/405/50 1673/404/50 1680/416/50 1683/417/50
f 2836/418/75 2837/419/75 2838/420/75 2839/421/75 2840/422/75 2841/423/75 2842/424/75 2843/425/75 2844/426/75 2845/427/75 2846/428/75 2847/429/75 2848/430/75 2849/431/75 2850/432/75 2851/433/75 2852/434/75 2853/435/75 2854/436/75 2855/437/75
f 2976/438/75 2977/439/75 2978/440/75 2979/441/75 2980/442/75 2981/443/75 2982/444/75 2983/445/75 2984/446/75 2985/447/75 2986/448/75 2987/449/75 2988/450/75 2989/451/75 2990/452/75 2991/453/75 2992/454/75 2993/455/75 2994/456/75 2995/457/75
f 3116/458/75 3117/459/75 3118/460/75 3119/461/75 3120/462/75 3121/463/75 3122/464/75 3123/465/75 3124/466/75 3125/467/75 3126/468/75 3127/469/75 3128/470/75 3129/471/75 3130/472/75 3131/473/75 3132/474/75 3133/475/75 3134/476/75 3135/477/75
f 3256/478/76 3275/479/76 3274/480/76 3273/481/76 3272/482/76 3271/483/76 3270/484/76 3269/485/76 3268/486/76 3267/487/76 3266/488/76 3265/489/76 3264/490/76 3263/491/76 3262/492/76 3261/493/76 3260/494/76 3259/495/76 3258/496/76 3257/497/76
f 3396/498/76 3415/499/76 3414/500/76 3413/501/76 3412/502/76 3411/503/76 3410/504/76 3409/505/76 3408/506/76 3407/507/76 3406/508/76 3405/509/76 3404/510/76 3403/511/76 3402/512/76 3401/513/76 3400/514/76 3399/515/76 3398/516/76 3397/517/76
f 3536/518/76 3555/519/76 3554/520/76 3553/521/76 3552/522/76 3551/523/76 3550/524/76 3549/525/76 3548/526/76 3547/527/76 3546/528/76 3545/529/76 3544/530/76 3543/531/76 3542/532/76 3541/533/76 3540/534/76 3539/535/76 3538/536/76 3537/537/76
f 3639/538/77 3643/539/77 3658/540/77 3653/541/77
f 3656/542/78 3659/543/78 3647/544/78 3644/545/78
f 3648/546/78 3662/547/78 3658/540/78 3643/539/78
f 3645/548/79 3652/549/79 3666/550/79 3670/551/79
f 3650/552/80 3660/553/80 3655/554/80 3640/555/80
f 3636/556/81 3637/557/81 3638/558/81 3639/559/81 3653/560/81 3654/561/81
f 3651/562/82 3650/552/82 3640/555/82 3641/563/82
f 3640/564/83 3655/565/83 3656/566/83 3644/567/83 3642/568/83 3641/569/83
f 3636/570/82 3649/571/82 3652/549/82 3637/572/82
f 3637/572/23 3652/549/23 3645/548/23 3638/573/23
f 3647/544/84 3659/543/84 3671/574/84 3664/575/84
f 3659/543/85 3660/553/85 3672/576/85 3671/574/85
f 3662/547/86 3648/546/86 3663/577/86 3674/578/86
f 3646/579/23 3651/562/23 3641/563/23 3642/580/23
f 3657/581/87 3654/582/87 3653/541/87 3658/540/87
f 3649/571/88 3661/583/88 3673/584/88 3667/585/88
f 3661/583/89 3657/581/89 3658/540/89 3662/547/89
f 3655/554/89 3660/553/89 3659/543/89 3656/542/89
f 3654/582/80 3657/581/80 3661/583/80 3649/571/80 3636/570/80
f 3664/575/78 3671/574/78 3674/578/78 3663/577/78
f 3667/585/80 3673/584/80 3672/576/80 3668/586/80
f 3666/550/82 3667/585/82 3668/586/82 3665/587/82
f 3665/587/23 3669/588/23 3670/551/23 3666/550/23
f 3672/576/89 3673/584/89 3674/578/89 3671/574/89
f 3650/552/90 3651/562/90 3665/587/90 3668/586/90
f 3651/562/91 3646/579/91 3669/588/91 3665/587/91
f 3661/583/92 3662/547/92 3674/578/92 3673/584/92
f 3660/553/93 3650/552/93 3668/586/93 3672/576/93
f 3652/549/94 3649/571/94 3667/585/94 3666/550/94
f 3639/538/77 3683/589/77 3688/590/77 3643/539/77
f 3686/591/78 3644/545/78 3647/544/78 3689/592/78
f 3648/546/78 3643/539/78 3688/590/78 3692/593/78
f 3645/548/79 3670/551/79 3694/594/79 3682/595/79
f 3680/596/95 3677/597/95 3685/598/95 3690/599/95
f 3675/600/81 3684/601/81 3683/602/81 3639/559/81 3638/558/81 3676/603/81
f 3681/604/96 3678/605/96 3677/597/96 3680/596/96
f 3677/606/83 3678/607/83 3642/568/83 3644/567/83 3686/608/83 3685/609/83
f 3675/610/96 3676/611/96 3682/595/96 3679/612/96
f 3676/611/23 3638/573/23 3645/548/23 3682/595/23
f 3647/544/97 3664/575/97 3697/613/97 3689/592/97
f 3689/592/98 3697/613/98 3698/614/98 3690/599/98
f 3692/593/86 3700/615/86 3663/577/86 3648/546/86
f 3646/579/23 3642/580/23 3678/605/23 3681/604/23
f 3687/616/99 3688/590/99 3683/589/99 3684/617/99
f 3679/612/100 3695/618/100 3699/619/100 3691/620/100
f 3691/620/101 3692/593/101 3688/590/101 3687/616/101
f 3685/598/101 3686/591/101 3689/592/101 3690/599/101
f 3684/617/95 3675/610/95 3679/612/95 3691/620/95 3687/616/95
f 3664/575/78 3663/577/78 3700/615/78 3697/613/78
f 3695/618/95 3696/621/95 3698/614/95 3699/619/95
f 3694/594/96 3693/622/96 3696/621/96 3695/618/96
f 3693/622/23 3694/594/23 3670/551/23 3669/588/23
f 3698/614/101 3697/613/101 3700/615/101 3699/619/101
f 3680/596/102 3696/621/102 3693/622/102 3681/604/102
f 3681/604/103 3693/622/103 3669/588/103 3646/579/103
f 3691/620/104 3699/619/104 3700/615/104 3692/593/104
f 3690/599/105 3698/614/105 3696/621/105 3680/596/105
f 3682/595/106 3694/594/106 3695/618/106 3679/612/106
f 3721/623/107 3726/624/107 3720/625/107 3717/626/107
f 3704/627/108 3703/628/108 3710/629/108 3712/630/108 3711/631/108 3709/632/108 3705/633/108
f 3701/634/109 3704/627/109 3705/633/109 3702/635/109
f 3730/636/110 3731/637/110 3732/638/110 3734/639/110 3735/640/110 3733/641/110 3729/642/110
f 3727/643/111 3728/644/111 3731/637/111 3730/636/111
f 3739/645/112 3738/646/112 3744/647/112 3743/648/112 3741/649/112 3742/650/112 3740/651/112
f 3736/652/113 3739/645/113 3740/651/113 3737/653/113
f 3717/654/114 3720/655/114 3719/656/114 3718/657/114
f 3758/658/115 3756/659/115 3720/625/115 3726/624/115
f 3704/627/108 3746/660/108 3748/661/108 3750/662/108 3751/663/108 3749/664/108 3703/628/108
f 3701/634/109 3745/665/109 3746/660/109 3704/627/109
f 3730/636/110 3729/642/110 3765/666/110 3767/667/110 3766/668/110 3764/669/110 3763/670/110
f 3727/643/111 3730/636/111 3763/670/111 3762/671/111
f 3739/645/112 3769/672/112 3771/673/112 3770/674/112 3772/675/112 3773/676/112 3738/646/112
f 3736/652/113 3768/677/113 3769/672/113 3739/645/113
f 3756/678/116 3757/679/116 3719/656/116 3720/655/116
s 1
f 35/680/117 34/681/118 3/682/119 12/683/120
f 20/684/80 103/685/80 100/686/121 26/687/80
f 36/688/122 13/689/123 99/690/124 102/691/125
f 24/692/80 90/693/80 103/685/80 20/684/80
f 23/694/126 25/695/127 93/696/128 97/697/129
f 13/689/130 5/698/131 94/699/132 99/690/133
f 11/700/134 7/701/135 5/698/136 9/702/137
f 20/684/80 26/687/80 35/680/80 17/703/80
f 36/688/122 27/704/138 14/705/139 13/689/123
f 100/686/140 93/696/141 25/695/127 26/687/142
f 18/706/23 16/707/23 38/708/23 29/709/23
f 24/692/80 20/684/80 17/703/80 33/710/80
f 58/711/143 60/712/144 14/705/139 27/704/138
f 4/713/80 8/714/145 27/704/138 36/688/122
f 50/715/146 43/716/80 64/717/80 71/718/147
f 1/719/80 33/710/80 17/703/80 41/720/80
f 32/721/148 34/681/118 25/695/127 23/694/126
f 96/722/149 94/699/150 5/698/136 7/701/135
f 57/723/151 39/724/151 30/725/152 53/726/153
f 41/720/80 17/703/80 35/680/80 12/683/80
f 53/726/153 30/725/152 31/727/154 55/728/155
f 2/729/156 3/682/119 34/681/118 32/721/148
f 56/730/80 18/731/80 29/732/80 54/733/80
f 31/734/23 40/735/23 16/707/23 18/706/23
f 26/687/142 25/695/127 34/681/118 35/680/117
f 63/736/157 58/711/143 27/704/138 8/714/145
f 30/737/23 39/738/23 40/735/23 31/734/23
f 55/728/80 31/727/80 18/731/80 56/730/80
f 4/713/80 36/688/122 102/691/125 91/739/80
f 59/740/9 15/741/158 19/742/158 61/743/9
f 9/702/159 5/698/131 13/689/130 14/705/160
f 62/744/9 69/17/9 52/18/158 21/745/158
f 49/746/161 50/747/146 71/748/147 68/749/162
f 8/714/145 49/746/161 68/749/162 63/736/157
f 43/716/80 46/750/80 66/751/80 64/717/80
f 12/683/80 55/728/80 56/730/80 41/720/80
f 41/720/80 56/730/80 54/733/80 1/719/80
f 3/682/119 53/726/153 55/728/155 12/683/120
f 2/729/156 57/723/151 53/726/153 3/682/119
f 63/752/163 62/744/164 59/740/165 58/753/166
f 58/753/166 59/740/165 61/743/167 60/754/167
f 69/17/168 68/755/168 71/756/169 70/9/170
f 70/9/170 71/756/169 64/757/171 65/10/172
f 62/744/164 63/752/163 68/755/173 69/17/173
f 62/744/9 21/745/158 15/741/158 59/740/9
f 14/705/160 60/712/174 72/758/174 9/702/159
f 9/702/137 72/758/175 73/759/176 11/700/134
f 72/22/175 74/21/177 75/24/178 73/760/176
f 80/761/50 78/762/50 77/763/50 76/764/50
f 28/765/50 78/762/50 80/761/50 79/766/50
f 1/719/80 54/733/80 84/767/80 81/768/80
f 33/710/80 1/719/80 81/768/80 83/769/80
f 33/710/80 83/769/80 46/770/80 24/692/80
f 54/733/80 29/732/80 82/771/80 84/767/80
f 83/772/80 67/773/80 66/751/80 46/750/80
f 28/765/50 37/774/50 86/775/50 78/762/50
f 78/762/50 86/775/50 85/776/50 77/763/50
f 66/751/80 67/773/80 37/777/80 28/778/80
f 64/717/80 66/751/80 28/778/80 79/779/80
f 65/10/172 64/757/171 79/780/179 80/29/179
f 22/28/180 87/781/181 90/782/182 24/25/183
f 100/686/140 101/783/184 95/784/185 93/696/141
f 101/783/184 99/690/133 94/699/132 95/784/185
f 96/722/149 98/785/186 95/784/187 94/699/150
f 98/785/186 97/697/129 93/696/128 95/784/187
f 91/786/188 92/787/189 89/788/190 88/789/191
f 92/787/189 90/782/182 87/781/181 89/788/190
f 103/685/80 104/790/121 101/783/192 100/686/121
f 104/790/121 102/691/125 99/690/124 101/783/192
f 90/693/80 92/791/80 104/790/121 103/685/80
f 92/791/80 91/739/80 102/691/125 104/790/121
f 4/4/193 91/786/188 88/789/191 6/1/194
f 127/792/195 111/793/196 106/794/197 126/795/198
f 116/796/95 119/797/95 170/798/199 173/799/95
f 128/800/200 172/801/201 169/802/202 112/803/203
f 117/804/95 116/796/95 173/799/95 163/805/95
f 23/694/126 97/697/129 166/806/204 118/807/205
f 112/803/206 169/802/207 167/808/208 108/809/209
f 11/700/134 110/810/210 108/809/211 7/701/135
f 116/796/95 114/811/95 127/792/95 119/797/95
f 128/800/200 112/803/203 113/812/212 120/813/213
f 170/798/214 119/797/215 118/807/205 166/806/216
f 115/814/23 122/815/23 38/708/23 16/707/23
f 117/804/95 125/816/95 114/811/95 116/796/95
f 139/817/217 120/813/213 113/812/212 141/818/218
f 107/819/95 128/800/200 120/813/213 109/820/219
f 134/821/220 152/822/221 145/823/95 131/824/95
f 105/825/95 130/826/95 114/811/95 125/816/95
f 32/721/148 23/694/126 118/807/205 126/795/198
f 96/722/149 7/701/135 108/809/211 167/808/222
f 57/723/151 135/827/223 123/828/224 39/724/151
f 130/826/95 111/793/95 127/792/95 114/811/95
f 135/827/223 137/829/225 124/830/226 123/828/224
f 2/729/156 32/721/148 126/795/198 106/794/197
f 138/831/95 136/832/95 122/833/95 115/834/95
f 124/835/23 115/814/23 16/707/23 40/735/23
f 119/797/215 127/792/195 126/795/198 118/807/205
f 144/836/227 109/820/219 120/813/213 139/817/217
f 123/837/23 124/835/23 40/735/23 39/738/23
f 137/829/95 138/831/95 115/834/95 124/830/95
f 107/819/95 164/838/95 172/801/201 128/800/200
f 140/839/17 142/840/17 19/742/158 15/741/158
f 110/810/228 113/812/229 112/803/206 108/809/209
f 143/841/17 21/745/158 52/18/158 150/39/17
f 133/842/230 149/843/231 152/844/221 134/845/220
f 109/820/219 144/836/227 149/843/231 133/842/230
f 131/824/95 145/823/95 147/846/95 132/847/95
f 111/793/95 130/826/95 138/831/95 137/829/95
f 130/826/95 105/825/95 136/832/95 138/831/95
f 106/794/197 111/793/196 137/829/225 135/827/223
f 2/729/156 106/794/197 135/827/223 57/723/151
f 144/848/232 139/849/233 140/839/234 143/841/235
f 139/849/233 141/850/236 142/840/236 140/839/234
f 150/39/237 151/35/238 152/851/239 149/852/237
f 151/35/238 146/36/240 145/853/241 152/851/239
f 143/841/235 150/39/242 149/852/242 144/848/232
f 143/841/17 140/839/17 15/741/158 21/745/158
f 113/812/229 110/810/228 153/854/243 141/818/243
f 110/810/210 11/700/134 73/759/176 153/854/244
f 153/41/244 73/760/176 75/24/178 154/42/245
f 157/855/50 76/764/50 77/763/50 155/856/50
f 121/857/50 156/858/50 157/855/50 155/856/50
f 105/825/95 158/859/95 161/860/95 136/832/95
f 125/816/95 160/861/95 158/859/95 105/825/95
f 125/816/95 117/804/95 132/862/95 160/861/95
f 136/832/95 161/860/95 159/863/95 122/833/95
f 160/864/95 132/847/95 147/846/95 148/865/95
f 121/857/50 155/856/50 162/866/50 129/867/50
f 155/856/50 77/763/50 85/776/50 162/866/50
f 147/846/95 121/868/95 129/869/95 148/865/95
f 145/823/95 156/870/95 121/868/95 147/846/95
f 146/36/240 157/46/246 156/871/246 145/853/241
f 22/28/180 117/44/247 163/872/248 87/781/181
f 170/798/214 166/806/216 168/873/249 171/874/250
f 171/874/250 168/873/249 167/808/208 169/802/207
f 96/722/149 167/808/222 168/873/251 98/785/186
f 98/785/186 168/873/251 166/806/204 97/697/129
f 164/875/252 88/789/191 89/788/190 165/876/253
f 165/876/253 89/788/190 87/781/181 163/872/248
f 173/799/95 170/798/199 171/874/254 174/877/199
f 174/877/199 171/874/254 169/802/202 172/801/201
f 163/805/95 173/799/95 174/877/199 165/878/95
f 165/878/95 174/877/199 172/801/201 164/838/95
f 107/31/255 6/1/194 88/789/191 164/875/252
f 200/879/256 194/880/257 183/881/258 198/882/259
f 190/883/260 177/884/261 178/885/262 189/886/262
f 193/887/263 182/888/264 188/889/265 192/890/266
f 179/891/267 180/892/268 192/893/269 191/894/267
f 199/895/270 184/896/271 195/897/272 201/898/273
f 175/899/274 182/888/264 193/887/263 190/900/275
f 194/901/276 195/902/276 197/903/276 196/904/276
f 194/880/257 196/905/277 185/906/277 183/881/258
f 196/905/278 197/907/278 186/908/278 185/906/278
f 184/896/271 186/908/279 197/907/279 195/897/272
f 193/909/280 192/893/269 180/892/268 181/910/281
f 192/890/266 188/889/265 187/911/282 191/912/282
f 195/902/276 194/901/276 200/913/283 201/914/284
f 193/887/263 201/914/284 200/913/283 190/900/275
f 181/910/281 199/895/270 201/898/273 193/909/280
f 190/883/260 200/879/256 198/882/259 177/884/261
f 175/899/274 190/900/275 189/915/276 176/916/276
f 216/917/256 198/882/259 183/881/258 212/918/257
f 208/919/260 207/920/262 178/885/262 177/884/261
f 211/921/285 210/922/286 206/923/287 204/924/288
f 179/891/267 209/925/267 210/926/269 180/892/268
f 199/895/270 217/927/273 213/928/272 184/896/271
f 202/929/289 208/930/290 211/921/285 204/924/288
f 212/931/291 214/932/291 215/933/291 213/934/291
f 212/918/257 183/881/258 185/906/277 214/935/277
f 214/935/278 185/906/278 186/908/278 215/936/278
f 184/896/271 213/928/272 215/936/279 186/908/279
f 211/937/280 181/910/281 180/892/268 210/926/269
f 210/922/286 209/938/292 205/939/292 206/923/287
f 213/934/291 217/940/293 216/941/294 212/931/291
f 211/921/285 208/930/290 216/941/294 217/940/293
f 181/910/281 211/937/280 217/927/273 199/895/270
f 208/919/260 177/884/261 198/882/259 216/917/256
f 202/929/289 203/942/291 207/943/291 208/930/290
f 191/894/295 187/944/295 218/945/295 179/891/295
f 218/945/295 205/946/295 209/925/295 179/891/295
f 265/947/95 224/948/95 225/949/95 307/950/95
f 220/951/50 221/952/50 222/953/50 219/954/50
f 293/955/80 226/956/80 223/957/80 250/958/80
f 246/959/80 247/960/80 343/961/80 342/962/80
f 220/951/50 219/954/50 227/963/50 228/964/50
f 422/965/80 413/966/80 223/957/80 226/956/80
f 222/967/80 235/968/80 231/969/80 219/970/80
f 220/971/95 232/972/95 236/973/95 221/974/95
f 272/975/95 273/976/95 367/977/95 366/978/95
f 244/979/80 245/980/80 341/981/80 340/982/80
f 270/983/95 271/984/95 365/985/95 364/986/95
f 242/987/80 243/988/80 339/989/80 338/990/80
f 447/991/20 246/143/20 260/142/20 448/992/20
f 268/993/95 269/994/95 363/995/95 362/996/95
f 235/968/80 306/997/80 237/998/80 231/969/80
f 306/997/80 305/999/80 238/1000/80 237/998/80
f 305/999/80 304/1001/80 239/1002/80 238/1000/80
f 304/1001/80 303/1003/80 240/1004/80 239/1002/80
f 303/1003/80 302/1005/80 241/1006/80 240/1004/80
f 302/1005/80 301/1007/80 242/987/80 241/1006/80
f 301/1007/80 300/1008/80 243/988/80 242/987/80
f 300/1008/80 299/1009/80 244/979/80 243/988/80
f 299/1009/80 298/1010/80 245/980/80 244/979/80
f 451/1011/80 297/1012/80 246/959/80 447/1013/80
f 297/1012/80 296/1014/80 247/960/80 246/959/80
f 296/1014/80 295/1015/80 248/1016/80 247/960/80
f 295/1015/80 294/1017/80 249/1018/80 248/1016/80
f 294/1017/80 293/955/80 250/958/80 249/1018/80
f 232/972/95 278/1019/95 320/1020/95 236/973/95
f 278/1019/95 277/1021/95 319/1022/95 320/1020/95
f 277/1021/95 276/1023/95 318/1024/95 319/1022/95
f 276/1023/95 275/1025/95 317/1026/95 318/1024/95
f 275/1025/95 274/1027/95 316/1028/95 317/1026/95
f 274/1027/95 273/976/95 315/1029/95 316/1028/95
f 273/976/95 272/975/95 314/1030/95 315/1029/95
f 272/975/95 271/984/95 313/1031/95 314/1030/95
f 271/984/95 270/983/95 312/1032/95 313/1031/95
f 449/1033/95 269/994/95 311/1034/95 452/1035/95
f 269/994/95 268/993/95 310/1036/95 311/1034/95
f 268/993/95 267/1037/95 309/1038/95 310/1036/95
f 267/1037/95 266/1039/95 308/1040/95 309/1038/95
f 266/1039/95 265/947/95 307/950/95 308/1040/95
f 240/1004/80 241/1006/80 337/1041/80 336/1042/80
f 266/1039/95 267/1037/95 361/1043/95 360/1044/95
f 450/214/23 448/992/23 260/142/23 283/72/23
f 238/1000/80 239/1002/80 335/1045/80 334/1046/80
f 274/1027/95 275/1025/95 369/1047/95 368/1048/95
f 248/1016/80 249/1018/80 345/1049/80 344/1050/80
f 276/1023/95 277/1021/95 371/1051/95 370/1052/95
f 278/1019/95 232/972/95 328/1053/95 327/1054/95
f 231/969/80 237/998/80 333/1055/80 331/1056/80
f 250/958/80 223/957/80 322/1057/80 321/1058/80
f 224/948/95 265/947/95 359/1059/95 326/1060/95
f 398/1061/296 390/1062/296 389/1063/296 397/1064/296
f 393/1065/80 387/1066/80 392/1067/80 394/1068/80
f 385/1069/50 386/1070/50 389/1063/50 390/1062/50
f 387/1071/69 388/1072/69 391/1073/69 392/1074/69
f 396/1075/80 393/1065/80 394/1068/80 397/1076/80
f 391/1073/297 395/1077/297 394/1078/297 392/1074/297
f 386/1079/80 396/1075/80 397/1076/80 389/1080/80
f 395/1077/23 398/1061/23 397/1064/23 394/1078/23
f 398/1061/296 406/1081/296 401/1082/296 390/1062/296
f 403/1083/95 404/1084/95 402/1085/95 400/1086/95
f 385/1069/50 390/1062/50 401/1082/50 399/1087/50
f 400/1088/69 402/1089/69 391/1073/69 388/1072/69
f 405/1090/95 406/1091/95 404/1084/95 403/1083/95
f 391/1073/297 402/1089/297 404/1092/297 395/1077/297
f 399/1093/95 401/1094/95 406/1091/95 405/1090/95
f 395/1077/23 404/1092/23 406/1081/23 398/1061/23
f 454/1095/95 408/1096/95 409/1097/95 456/1098/95
f 455/1099/80 410/1100/80 407/1101/80 453/1102/80
f 407/201/31 408/188/31 412/187/31 411/202/31
f 411/202/31 412/187/31 429/190/31 428/198/31
f 421/1103/80 414/1104/80 413/966/80 422/965/80
f 418/1105/95 417/1106/95 423/1107/95 424/1108/95
f 460/1109/23 458/1110/23 428/1111/23 429/1112/23
f 460/1109/80 429/1112/80 437/1113/80 464/1114/80
f 453/1102/298 407/1101/298 426/1115/299 457/1116/300
f 454/1095/301 417/1106/301 431/1117/302 459/1118/303
f 461/1119/23 434/1120/23 436/1121/23 462/1122/23
f 463/1123/23 439/208/23 440/207/23 464/1114/23
f 459/1118/303 431/1117/302 439/1124/304 463/1125/304
f 457/1116/300 426/1115/299 434/1126/305 461/1127/305
f 458/1110/95 427/194/95 435/206/95 462/1122/95
f 418/1105/95 424/1108/95 225/949/95 224/948/95
f 284/47/23 259/181/23 442/212/23 444/84/23
f 270/983/95 443/1128/95 446/1129/95 312/1032/95
f 298/1010/80 445/1130/80 441/1131/80 245/980/80
f 444/84/23 442/212/23 448/992/23 450/214/23
f 443/1128/95 449/1033/95 452/1035/95 446/1129/95
f 445/1130/80 451/1011/80 447/1013/80 441/1131/80
f 441/211/20 447/991/20 448/992/20 442/212/20
f 428/1111/95 458/1110/95 462/1122/95 436/1121/95
f 425/1132/306 457/1116/300 461/1127/305 433/1133/305
f 430/1134/307 459/1118/303 463/1125/304 438/1135/304
f 438/1136/23 463/1123/23 464/1114/23 437/1113/23
f 433/205/23 461/1119/23 462/1122/23 435/206/23
f 408/1096/301 454/1095/301 459/1118/303 430/1134/307
f 414/1104/298 453/1102/298 457/1116/300 425/1132/306
f 432/195/80 460/1109/80 464/1114/80 440/207/80
f 432/195/23 427/194/23 458/1110/23 460/1109/23
f 421/1103/80 455/1099/80 453/1102/80 414/1104/80
f 417/1106/95 454/1095/95 456/1098/95 423/1107/95
f 222/953/50 221/952/50 465/1137/50 466/1138/50
f 502/223/308 501/1139/309 520/1140/310 521/224/308
f 482/1141/311 486/1142/312 474/1143/313 477/1144/314
f 588/1145/82 518/1146/82 514/1147/82 581/1148/82
f 521/1149/315 584/1150/315 568/1151/315 481/1152/315
f 560/1153/316 479/1154/316 507/1155/316 577/1156/316
f 569/1157/317 485/1158/318 476/1159/23 565/1160/23
f 485/1158/318 482/1141/311 477/1144/314 476/1159/23
f 501/1139/309 510/1161/319 522/1162/319 520/1140/310
f 528/1163/320 499/1164/321 557/1165/322 592/1166/323
f 498/1167/80 528/1163/80 592/1166/80 572/1168/80
f 515/1169/315 517/1170/324 482/1141/324 485/1158/315
f 507/1171/325 508/1172/326 519/1173/326 518/1174/325
f 479/1154/80 489/1175/80 490/1176/327 484/1177/327
f 500/1178/80 498/1167/80 572/1168/80 561/1179/80
f 500/1178/316 561/1179/316 576/1180/316 510/1181/328
f 484/1177/327 490/1176/327 488/1182/329 467/1183/330
f 523/1184/331 470/1185/331 491/1186/332 527/1187/333
f 506/1188/334 509/1189/335 493/1190/82 471/1191/82
f 471/1192/23 493/1193/23 494/1194/23 472/1195/23
f 472/1195/336 494/1194/336 495/1196/336 473/1197/336
f 473/1197/23 495/1196/23 496/1198/23 475/1199/23
f 492/1200/80 497/1201/80 498/1167/80 500/1178/80
f 527/1187/333 491/1186/332 499/1164/321 528/1163/320
f 509/1189/335 510/1202/328 501/1203/82 493/1190/82
f 493/1193/23 501/1204/23 502/1205/23 494/1194/23
f 494/1194/336 502/1205/336 503/1206/336 495/1196/336
f 495/1196/23 503/1206/23 504/1207/23 496/1198/23
f 492/1208/337 500/1209/316 510/1202/328 509/1189/335
f 468/1210/338 492/1208/337 509/1189/335 506/1188/334
f 479/1154/316 484/1177/339 508/1211/340 507/1155/316
f 560/1153/80 573/1212/80 489/1175/80 479/1154/80
f 481/1152/318 568/1151/317 564/1213/23 480/1214/23
f 484/1177/339 467/1183/341 505/1215/341 508/1211/340
f 519/1216/342 511/1217/343 512/1218/343 516/1219/344
f 516/1219/345 512/1218/346 513/1220/346 517/1170/345
f 581/1148/23 514/1147/23 515/1169/23 585/1221/23
f 520/1222/23 580/1223/23 584/1150/23 521/1149/23
f 522/1224/82 589/1225/82 580/1223/82 520/1222/82
f 514/1147/23 516/1219/345 517/1170/345 515/1169/23
f 518/1146/82 519/1216/342 516/1219/344 514/1147/82
f 577/1226/325 507/1171/325 518/1174/325 588/1227/325
f 517/1170/324 513/1220/347 486/1142/347 482/1141/324
f 585/1221/315 515/1169/315 485/1158/315 569/1157/315
f 508/1172/326 505/1228/348 511/1229/348 519/1173/326
f 497/1201/80 527/1187/80 528/1163/80 498/1167/80
f 487/1230/80 523/1184/80 527/1187/80 497/1201/80
f 489/1175/80 525/225/80 526/215/327 490/1176/327
f 510/1161/325 576/1231/325 589/1232/325 522/1162/325
f 573/1212/80 593/1233/80 525/225/80 489/1175/80
f 490/1176/327 526/215/327 524/218/327 488/1182/329
f 488/1234/349 524/1235/349 532/1236/349 531/1237/349
f 467/1238/349 488/1234/349 531/1237/349 529/1239/349
f 505/1240/349 467/1238/349 529/1239/349 511/1241/349
f 524/1235/349 469/1242/349 530/1243/349 532/1236/349
f 529/1239/349 531/1237/349 535/1244/349 533/1245/349
f 511/1241/349 529/1239/349 533/1245/349 549/1246/349
f 532/1236/349 530/1243/349 534/1247/349 536/1248/349
f 531/1237/349 532/1236/349 536/1248/349 535/1244/349
f 535/1244/349 536/1248/349 540/1249/349 539/1250/349
f 512/1251/349 549/1246/349 550/1252/349 513/1253/349
f 533/1245/349 535/1244/349 539/1250/349 537/1254/349
f 536/1248/349 534/1247/349 538/1255/349 540/1249/349
f 539/1250/349 540/1249/349 544/1256/349 543/1257/349
f 513/1253/349 550/1252/349 486/1258/349
f 537/1254/349 539/1250/349 543/1257/349 541/1259/349
f 540/1249/349 538/1255/349 542/1260/349 544/1256/349
f 486/1258/349 541/1259/349 545/1261/350 474/1262/350
f 541/1259/349 543/1257/349 547/1263/350 545/1261/350
f 544/1256/349 542/1260/349 546/1264/350 548/1265/350
f 543/1257/349 544/1256/349 548/1265/350 547/1263/350
f 549/1246/349 512/1251/349 511/1241/349
f 550/1252/349 549/1246/349 533/1245/349 537/1254/349
f 486/1258/349 550/1252/349 537/1254/349 541/1259/349
f 534/1266/351 554/1267/351 553/1268/352 538/1269/352
f 552/1270/353 542/1271/353 538/1269/352 553/1268/352
f 542/1271/353 552/1270/353 551/1272/354 546/1273/354
f 554/1267/351 534/1266/351 530/1274/355 555/1275/356
f 469/1276/357 483/1277/357 555/1275/356 530/1274/355
f 589/1232/325 576/1231/325 578/1278/325 591/1279/325
f 591/1279/325 578/1278/325 579/1280/325 590/1281/325
f 590/1281/325 579/1280/325 577/1226/325 588/1227/325
f 569/1157/317 565/1160/23 567/1282/23 571/1283/317
f 571/1283/317 567/1282/23 566/1284/23 570/1285/317
f 570/1285/317 566/1284/23 564/1213/23 568/1151/317
f 573/1212/80 560/1153/80 562/1286/80 575/1287/80
f 575/1287/80 562/1286/80 563/1288/80 574/1289/80
f 574/1289/80 563/1288/80 561/1179/80 572/1168/80
f 585/1221/315 569/1157/315 571/1283/315 587/1290/315
f 587/1290/315 571/1283/315 570/1285/315 586/1291/315
f 586/1291/315 570/1285/315 568/1151/315 584/1150/315
f 593/1233/80 573/1212/80 575/1287/80 595/1292/80
f 595/1292/80 575/1287/80 574/1289/80 594/1293/80
f 594/1293/80 574/1289/80 572/1168/80 592/1166/80
f 560/1153/316 577/1156/316 579/1294/316 562/1286/316
f 562/1286/316 579/1294/316 578/1295/316 563/1288/316
f 563/1288/316 578/1295/316 576/1180/316 561/1179/316
f 581/1148/23 585/1221/23 587/1290/23 583/1296/23
f 583/1296/23 587/1290/23 586/1291/23 582/1297/23
f 582/1297/23 586/1291/23 584/1150/23 580/1223/23
f 588/1145/82 581/1148/82 583/1296/82 590/1298/82
f 590/1298/82 583/1296/82 582/1297/82 591/1299/82
f 591/1299/82 582/1297/82 580/1223/82 589/1225/82
f 556/1300/358 593/1233/359 595/1292/360 558/1301/361
f 558/1301/361 595/1292/360 594/1293/362 559/1302/363
f 559/1302/363 594/1293/362 592/1166/323 557/1165/322
f 593/1233/359 556/1300/358 478/226/364 525/225/364
f 655/1303/365 653/1304/366 598/1305/366 612/1306/367
f 631/232/368 650/231/368 649/1307/369 630/1308/370
f 611/1309/371 606/1310/372 603/1311/373 615/1312/374
f 717/1313/375 710/1314/375 643/1315/376 647/1316/376
f 650/231/377 610/229/377 697/1317/378 713/1318/378
f 689/1319/379 706/1320/379 636/1321/379 608/1322/379
f 698/1323/380 694/1324/77 605/1325/77 614/1326/380
f 614/1326/380 605/1325/77 606/1310/372 611/1309/371
f 630/1308/370 649/1307/369 651/1327/381 639/1328/381
f 657/1329/382 721/1330/383 686/1331/384 628/1332/385
f 627/1333/386 701/1334/387 721/1330/388 657/1329/389
f 644/1335/390 614/1326/390 611/1309/391 646/1336/392
f 636/1321/393 647/1316/393 648/1337/394 637/1338/395
f 654/1339/396 655/1303/365 612/1306/367 607/1340/396
f 608/1322/95 613/1341/397 619/1342/398 618/1343/399
f 629/1344/400 690/1345/95 701/1334/387 627/1333/386
f 629/1344/401 639/1328/402 705/1346/403 690/1345/404
f 613/1341/397 596/1347/405 617/1348/406 619/1342/398
f 652/1349/407 656/1350/408 620/1351/409 599/1352/407
f 635/1353/410 600/1354/411 622/1355/412 638/1356/413
f 600/1354/414 601/1357/414 623/1358/415 622/1355/415
f 601/1357/416 602/1359/416 624/1360/417 623/1358/417
f 602/1359/418 604/1361/419 625/1362/77 624/1360/420
f 621/1363/421 629/1344/400 627/1333/386 626/1364/422
f 656/1350/408 657/1329/382 628/1332/385 620/1351/409
f 638/1356/413 622/1355/412 630/1308/423 639/1328/402
f 622/1355/415 623/1358/415 631/232/424 630/1308/424
f 623/1358/417 624/1360/417 632/230/425 631/232/425
f 624/1360/420 625/1362/77 633/227/426 632/230/427
f 621/1363/428 638/1356/413 639/1328/402 629/1344/401
f 597/1365/429 635/1353/410 638/1356/413 621/1363/428
f 608/1322/379 636/1321/379 637/1338/430 613/1341/431
f 689/1319/95 608/1322/95 618/1343/399 702/1366/432
f 610/229/433 609/228/77 693/1367/77 697/1317/434
f 613/1341/431 637/1338/430 634/1368/435 596/1347/435
f 648/1337/436 645/1369/437 641/1370/438 640/1371/438
f 645/1369/439 646/1336/439 642/1372/440 641/1370/440
f 710/1314/77 714/1373/77 644/1335/441 643/1315/441
f 649/1307/442 650/231/442 713/1318/443 709/1374/443
f 651/1327/444 649/1307/444 709/1374/445 718/1375/446
f 643/1315/441 644/1335/441 646/1336/439 645/1369/439
f 647/1316/376 643/1315/376 645/1369/437 648/1337/436
f 706/1320/447 717/1313/447 647/1316/393 636/1321/393
f 646/1336/392 611/1309/391 615/1312/448 642/1372/448
f 714/1373/449 698/1323/449 614/1326/390 644/1335/390
f 637/1338/395 648/1337/394 640/1371/450 634/1368/450
f 626/1364/422 627/1333/386 657/1329/389 656/1350/451
f 616/1376/452 626/1364/422 656/1350/451 652/1349/452
f 618/1343/399 619/1342/398 655/1303/453 654/1339/454
f 639/1328/455 651/1327/455 718/1375/456 705/1346/457
f 702/1366/432 618/1343/399 654/1339/454 722/1377/458
f 619/1342/398 617/1348/406 653/1304/459 655/1303/453
f 617/1378/460 660/1379/461 661/1380/462 653/1381/463
f 596/1382/464 658/1383/465 660/1379/461 617/1378/460
f 634/1384/466 640/1385/467 658/1383/465 596/1382/464
f 653/1381/463 661/1380/462 659/1386/468 598/1387/469
f 658/1383/465 662/1388/470 664/1389/471 660/1379/461
f 640/1385/467 678/1390/472 662/1388/470 658/1383/465
f 661/1380/462 665/1391/471 663/1392/471 659/1386/468
f 660/1379/461 664/1389/471 665/1391/471 661/1380/462
f 664/1389/471 668/1393/471 669/1394/471 665/1391/471
f 641/1395/473 642/1396/474 679/1397/475 678/1390/472
f 662/1388/470 666/1398/476 668/1393/471 664/1389/471
f 665/1391/471 669/1394/471 667/1399/471 663/1392/471
f 668/1393/471 672/1400/477 673/1401/478 669/1394/471
f 642/1396/474 615/1402/479 679/1397/475
f 666/1398/476 670/1403/480 672/1400/477 668/1393/471
f 669/1394/471 673/1401/478 671/1404/481 667/1399/471
f 615/1402/479 603/1405/482 674/1406/483 670/1403/480
f 670/1403/480 674/1406/483 676/1407/484 672/1400/477
f 673/1401/478 677/1408/485 675/1409/485 671/1404/481
f 672/1400/477 676/1407/484 677/1408/485 673/1401/478
f 678/1390/472 640/1385/467 641/1395/473
f 679/1397/475 666/1398/476 662/1388/470 678/1390/472
f 615/1402/479 670/1403/480 666/1398/476 679/1397/475
f 663/1410/486 667/1411/487 682/1412/487 683/1413/486
f 681/1414/488 682/1412/487 667/1411/487 671/1415/488
f 671/1415/488 675/1416/489 680/1417/489 681/1414/488
f 683/1413/486 684/1418/490 659/1419/490 663/1410/486
f 598/1420/491 659/1419/490 684/1418/490 612/1421/491
f 718/1375/456 720/1422/447 707/1423/447 705/1346/457
f 720/1422/447 719/1424/447 708/1425/447 707/1423/447
f 719/1424/447 717/1313/447 706/1320/447 708/1425/447
f 698/1323/380 700/1426/380 696/1427/77 694/1324/77
f 700/1426/380 699/1428/380 695/1429/77 696/1427/77
f 699/1428/380 697/1317/434 693/1367/77 695/1429/77
f 702/1366/432 704/1430/492 691/1431/95 689/1319/95
f 704/1430/492 703/1432/493 692/1433/95 691/1431/95
f 703/1432/493 701/1334/387 690/1345/95 692/1433/95
f 714/1373/449 716/1434/449 700/1426/449 698/1323/449
f 716/1434/449 715/1435/449 699/1428/449 700/1426/449
f 715/1435/449 713/1318/378 697/1317/378 699/1428/449
f 722/1377/458 724/1436/494 704/1430/492 702/1366/432
f 724/1436/494 723/1437/495 703/1432/493 704/1430/492
f 723/1437/495 721/1330/388 701/1334/387 703/1432/493
f 689/1319/379 691/1431/379 708/1425/379 706/1320/379
f 691/1431/379 692/1433/379 707/1423/379 708/1425/379
f 692/1433/379 690/1345/404 705/1346/403 707/1423/379
f 710/1314/77 712/1438/77 716/1434/77 714/1373/77
f 712/1438/77 711/1439/77 715/1435/77 716/1434/77
f 711/1439/77 709/1374/443 713/1318/443 715/1435/77
f 717/1313/375 719/1424/375 712/1438/375 710/1314/375
f 719/1424/375 720/1422/375 711/1439/375 712/1438/375
f 720/1422/375 718/1375/446 709/1374/445 711/1439/375
f 685/1440/496 687/1441/497 724/1436/498 722/1377/499
f 687/1441/497 688/1442/500 723/1437/501 724/1436/498
f 688/1442/500 686/1331/384 721/1330/383 723/1437/501
f 722/1377/499 654/1339/502 607/1340/502 685/1440/496
f 491/1443/503 470/1444/504 599/1445/504 620/1446/503
f 470/1447/505 523/1448/506 652/1449/507 599/1450/505
f 468/1451/508 506/1452/509 635/1453/510 597/1454/508
f 499/1455/511 491/1443/503 620/1446/503 628/1456/511
f 506/1452/509 471/237/512 600/240/512 635/1453/510
f 523/1448/506 487/1457/513 616/1458/513 652/1449/507
f 552/1459/514 553/1460/515 682/1461/515 681/1462/514
f 551/1463/516 552/1459/514 681/1462/514 680/1464/516
f 554/1465/517 555/1466/518 684/1467/519 683/1468/520
f 555/1466/518 483/1469/521 612/1470/521 684/1467/519
f 553/1460/515 554/1465/517 683/1468/520 682/1461/515
f 556/1471/522 558/1472/523 687/1473/524 685/1474/525
f 558/1472/523 559/1475/526 688/1476/527 687/1473/524
f 559/1475/526 557/1477/528 686/1478/529 688/1476/527
f 478/246/530 556/1471/522 685/1474/525 607/247/530
f 557/1477/528 499/1455/511 628/1456/511 686/1478/529
f 754/264/531 772/263/531 771/1479/532 753/1480/533
f 735/1481/534 477/1144/314 474/1143/313 739/1482/535
f 830/1483/96 823/1484/96 765/1485/96 769/1486/96
f 772/1487/536 734/1488/536 810/1489/536 826/1490/536
f 806/1491/537 819/1492/537 758/1493/537 733/1494/537
f 811/1495/538 565/1160/23 476/1159/23 738/1496/539
f 738/1496/539 476/1159/23 477/1144/314 735/1481/534
f 753/1480/533 771/1479/532 773/1497/540 761/1498/540
f 779/1499/541 834/1500/542 803/1501/543 751/1502/544
f 750/1503/95 814/1504/95 834/1500/95 779/1499/95
f 766/1505/536 738/1496/536 735/1481/545 768/1506/545
f 758/1507/546 769/1508/546 770/1509/547 759/1510/547
f 733/1494/95 737/1511/548 743/1512/548 742/1513/95
f 752/1514/95 807/1515/95 814/1504/95 750/1503/95
f 752/1514/537 761/1516/549 818/1517/537 807/1515/537
f 737/1511/548 725/1518/550 741/1519/551 743/1512/548
f 774/1520/552 778/1521/553 744/1522/554 728/1523/552
f 757/1524/555 729/1525/96 746/1526/96 760/1527/556
f 729/1528/23 730/1529/23 747/1530/23 746/1531/23
f 730/1529/557 731/1532/557 748/1533/557 747/1530/557
f 731/1532/23 475/1199/23 496/1198/23 748/1533/23
f 745/1534/95 752/1514/95 750/1503/95 749/1535/95
f 778/1521/553 779/1499/541 751/1502/544 744/1522/554
f 760/1527/556 746/1526/96 753/1536/96 761/1537/549
f 746/1531/23 747/1530/23 754/1538/23 753/1539/23
f 747/1530/557 748/1533/557 755/1540/557 754/1538/557
f 748/1533/23 496/1198/23 504/1207/23 755/1540/23
f 745/1541/558 760/1527/556 761/1537/549 752/1542/537
f 726/1543/559 757/1524/555 760/1527/556 745/1541/560
f 733/1494/537 758/1493/537 759/1544/561 737/1511/562
f 806/1491/95 733/1494/95 742/1513/95 815/1545/95
f 734/1488/539 480/1214/23 564/1213/23 810/1489/538
f 737/1511/562 759/1544/561 756/1546/563 725/1518/563
f 770/1547/564 767/1548/565 763/1549/566 762/1550/566
f 767/1548/567 768/1506/567 764/1551/568 763/1549/568
f 823/1484/23 827/1552/23 766/1505/23 765/1485/23
f 771/1553/23 772/1487/23 826/1490/23 822/1554/23
f 773/1555/96 771/1553/96 822/1554/96 831/1556/96
f 765/1485/23 766/1505/23 768/1506/567 767/1548/567
f 769/1486/96 765/1485/96 767/1548/565 770/1547/564
f 819/1557/546 830/1558/546 769/1508/546 758/1507/546
f 768/1506/545 735/1481/545 739/1482/569 764/1551/569
f 827/1552/536 811/1495/536 738/1496/536 766/1505/536
f 759/1510/547 770/1509/547 762/1559/570 756/1560/570
f 749/1535/95 750/1503/95 779/1499/95 778/1521/95
f 740/1561/95 749/1535/95 778/1521/95 774/1520/95
f 742/1513/95 743/1512/548 777/257/548 776/265/95
f 761/1498/546 773/1497/546 831/1562/546 818/1563/546
f 815/1545/95 742/1513/95 776/265/95 835/1564/95
f 743/1512/548 741/1519/551 775/258/548 777/257/548
f 741/1565/571 782/1566/571 783/1567/571 775/1568/571
f 725/1569/571 780/1570/571 782/1566/571 741/1565/571
f 756/1571/571 762/1572/571 780/1570/571 725/1569/571
f 775/1568/571 783/1567/571 781/1573/571 727/1574/571
f 780/1570/571 784/1575/571 786/1576/571 782/1566/571
f 762/1572/571 796/1577/571 784/1575/571 780/1570/571
f 783/1567/571 787/1578/571 785/1579/571 781/1573/571
f 782/1566/571 786/1576/571 787/1578/571 783/1567/571
f 786/1576/571 790/1580/571 791/1581/571 787/1578/571
f 763/1582/571 764/1583/571 797/1584/571 796/1577/571
f 784/1575/571 788/1585/571 790/1580/571 786/1576/571
f 787/1578/571 791/1581/571 789/1586/571 785/1579/571
f 790/1580/571 794/1587/571 795/1588/571 791/1581/571
f 764/1583/571 739/1589/571 797/1584/571
f 788/1585/571 792/1590/571 794/1587/571 790/1580/571
f 791/1581/571 795/1588/571 793/1591/571 789/1586/571
f 739/1589/571 474/1262/350 545/1261/350 792/1590/571
f 792/1590/571 545/1261/350 547/1263/350 794/1587/571
f 795/1588/571 548/1265/350 546/1264/350 793/1591/571
f 794/1587/571 547/1263/350 548/1265/350 795/1588/571
f 796/1577/571 762/1572/571 763/1582/571
f 797/1584/571 788/1585/571 784/1575/571 796/1577/571
f 739/1589/571 792/1590/571 788/1585/571 797/1584/571
f 785/1592/572 789/1593/573 799/1594/573 800/1595/572
f 798/1596/574 799/1594/573 789/1593/573 793/1597/574
f 793/1597/574 546/1273/354 551/1272/354 798/1596/574
f 800/1595/572 801/1598/575 781/1599/576 785/1592/572
f 727/1600/577 781/1599/576 801/1598/575 736/1601/577
f 831/1562/546 833/1602/546 820/1603/546 818/1563/546
f 833/1602/546 832/1604/546 821/1605/546 820/1603/546
f 832/1604/546 830/1558/546 819/1557/546 821/1605/546
f 811/1495/538 813/1606/538 567/1282/23 565/1160/23
f 813/1606/538 812/1607/538 566/1284/23 567/1282/23
f 812/1607/538 810/1489/538 564/1213/23 566/1284/23
f 815/1545/95 817/1608/95 808/1609/95 806/1491/95
f 817/1608/95 816/1610/95 809/1611/95 808/1609/95
f 816/1610/95 814/1504/95 807/1515/95 809/1611/95
f 827/1552/536 829/1612/536 813/1606/536 811/1495/536
f 829/1612/536 828/1613/536 812/1607/536 813/1606/536
f 828/1613/536 826/1490/536 810/1489/536 812/1607/536
f 835/1564/95 837/1614/95 817/1608/95 815/1545/95
f 837/1614/95 836/1615/95 816/1610/95 817/1608/95
f 836/1615/95 834/1500/95 814/1504/95 816/1610/95
f 806/1491/537 808/1609/537 821/1616/537 819/1492/537
f 808/1609/537 809/1611/537 820/1617/537 821/1616/537
f 809/1611/537 807/1515/537 818/1517/537 820/1617/537
f 823/1484/23 825/1618/23 829/1612/23 827/1552/23
f 825/1618/23 824/1619/23 828/1613/23 829/1612/23
f 824/1619/23 822/1554/23 826/1490/23 828/1613/23
f 830/1483/96 832/1620/96 825/1618/96 823/1484/96
f 832/1620/96 833/1621/96 824/1619/96 825/1618/96
f 833/1621/96 831/1556/96 822/1554/96 824/1619/96
f 802/1622/578 804/1623/579 837/1614/580 835/1564/581
f 804/1623/579 805/1624/582 836/1615/583 837/1614/580
f 805/1624/582 803/1501/543 834/1500/542 836/1615/583
f 835/1564/581 776/265/584 732/266/584 802/1622/578
f 890/1625/585 849/1626/586 840/1627/587 888/1628/587
f 867/269/588 866/1629/589 884/1630/590 885/270/588
f 848/1631/591 852/1632/592 603/1311/373 606/1310/372
f 943/1633/593 882/1634/594 878/1635/594 936/1636/593
f 885/270/595 939/1637/596 923/1638/596 847/268/595
f 919/1639/597 846/1640/597 871/1641/597 932/1642/597
f 924/1643/598 851/1644/598 605/1325/77 694/1324/77
f 851/1644/598 848/1631/591 606/1310/372 605/1325/77
f 866/1629/589 874/1645/599 886/1646/599 884/1630/590
f 892/1647/600 864/1648/601 916/1649/602 947/1650/603
f 863/1651/604 892/1647/605 947/1650/606 927/1652/607
f 879/1653/608 881/1654/609 848/1631/610 851/1644/608
f 871/1641/611 872/1655/612 883/1656/613 882/1634/611
f 889/1657/614 845/1658/614 849/1626/586 890/1625/585
f 846/1640/80 855/1659/615 856/1660/616 850/1661/617
f 865/1662/618 863/1651/604 927/1652/607 920/1663/80
f 865/1662/619 920/1663/620 931/1664/621 874/1645/622
f 850/1661/617 856/1660/616 854/1665/623 838/1666/624
f 887/1667/625 841/1668/625 857/1669/626 891/1670/627
f 870/1671/628 873/1672/629 859/1673/630 842/1674/631
f 842/1674/632 859/1673/633 860/1675/633 843/1676/632
f 843/1676/634 860/1675/635 861/1677/635 844/1678/634
f 844/1678/636 861/1677/637 625/1362/77 604/1361/419
f 858/1679/638 862/1680/639 863/1651/604 865/1662/618
f 891/1670/627 857/1669/626 864/1648/601 892/1647/600
f 873/1672/629 874/1645/622 866/1629/640 859/1673/630
f 859/1673/633 866/1629/641 867/269/641 860/1675/633
f 860/1675/635 867/269/642 868/267/642 861/1677/635
f 861/1677/637 868/267/643 633/227/426 625/1362/77
f 858/1679/644 865/1662/619 874/1645/622 873/1672/629
f 839/1681/645 858/1679/644 873/1672/629 870/1671/628
f 846/1640/597 850/1661/646 872/1655/647 871/1641/597
f 919/1639/80 928/1682/648 855/1659/615 846/1640/80
f 847/268/649 923/1638/650 693/1367/77 609/228/77
f 850/1661/646 838/1666/651 869/1683/651 872/1655/647
f 883/1656/652 875/1684/653 876/1685/653 880/1686/654
f 880/1686/655 876/1685/656 877/1687/656 881/1654/655
f 936/1636/77 878/1635/657 879/1653/657 940/1688/77
f 884/1630/658 935/1689/659 939/1637/659 885/270/658
f 886/1646/660 944/1690/661 935/1689/662 884/1630/660
f 878/1635/657 880/1686/655 881/1654/655 879/1653/657
f 882/1634/594 883/1656/652 880/1686/654 878/1635/594
f 932/1642/663 871/1641/611 882/1634/611 943/1633/663
f 881/1654/609 877/1687/664 852/1632/664 848/1631/610
f 940/1688/665 879/1653/608 851/1644/608 924/1643/665
f 872/1655/612 869/1683/666 875/1684/666 883/1656/613
f 862/1680/639 891/1670/667 892/1647/605 863/1651/604
f 853/1691/668 887/1667/668 891/1670/667 862/1680/639
f 855/1659/615 889/1657/669 890/1625/670 856/1660/616
f 874/1645/671 931/1664/672 944/1690/673 886/1646/671
f 928/1682/648 948/1692/674 889/1657/669 855/1659/615
f 856/1660/616 890/1625/670 888/1628/675 854/1665/623
f 854/1693/676 888/1694/677 896/1695/678 895/1696/679
f 838/1697/680 854/1693/676 895/1696/679 893/1698/681
f 869/1699/682 838/1697/680 893/1698/681 875/1700/683
f 888/1694/677 840/1701/684 894/1702/685 896/1695/678
f 893/1698/681 895/1696/679 899/1703/686 897/1704/687
f 875/1700/683 893/1698/681 897/1704/687 909/1705/688
f 896/1695/678 894/1702/685 898/1706/686 900/1707/686
f 895/1696/679 896/1695/678 900/1707/686 899/1703/686
f 899/1703/686 900/1707/686 904/1708/686 903/1709/686
f 876/1710/689 909/1705/688 910/1711/690 877/1712/691
f 897/1704/687 899/1703/686 903/1709/686 901/1713/692
f 900/1707/686 898/1706/686 902/1714/686 904/1708/686
f 903/1709/686 904/1708/686 908/1715/693 907/1716/694
f 877/1712/691 910/1711/690 852/1717/695
f 901/1713/692 903/1709/686 907/1716/694 905/1718/696
f 904/1708/686 902/1714/686 906/1719/697 908/1715/693
f 852/1717/695 905/1718/696 674/1406/483 603/1405/482
f 905/1718/696 907/1716/694 676/1407/484 674/1406/483
f 908/1715/693 906/1719/697 675/1409/485 677/1408/485
f 907/1716/694 908/1715/693 677/1408/485 676/1407/484
f 909/1705/688 876/1710/689 875/1700/683
f 910/1711/690 909/1705/688 897/1704/687 901/1713/692
f 852/1717/695 910/1711/690 901/1713/692 905/1718/696
f 898/1720/698 913/1721/698 912/1722/699 902/1723/699
f 911/1724/700 906/1725/700 902/1723/699 912/1722/699
f 906/1725/700 911/1724/700 680/1417/489 675/1416/489
f 913/1721/698 898/1720/698 894/1726/701 914/1727/701
f 840/1728/702 849/1729/702 914/1727/701 894/1726/701
f 944/1690/673 931/1664/672 933/1730/663 946/1731/663
f 946/1731/663 933/1730/663 934/1732/663 945/1733/663
f 945/1733/663 934/1732/663 932/1642/663 943/1633/663
f 924/1643/598 694/1324/77 696/1427/77 926/1734/598
f 926/1734/598 696/1427/77 695/1429/77 925/1735/598
f 925/1735/598 695/1429/77 693/1367/77 923/1638/650
f 928/1682/648 919/1639/80 921/1736/80 930/1737/703
f 930/1737/703 921/1736/80 922/1738/80 929/1739/704
f 929/1739/704 922/1738/80 920/1663/80 927/1652/607
f 940/1688/665 924/1643/665 926/1734/665 942/1740/665
f 942/1740/665 926/1734/665 925/1735/665 941/1741/665
f 941/1741/665 925/1735/665 923/1638/596 939/1637/596
f 948/1692/674 928/1682/648 930/1737/703 950/1742/705
f 950/1742/705 930/1737/703 929/1739/704 949/1743/706
f 949/1743/706 929/1739/704 927/1652/607 947/1650/606
f 919/1639/597 932/1642/597 934/1732/597 921/1736/597
f 921/1736/597 934/1732/597 933/1730/597 922/1738/597
f 922/1738/597 933/1730/597 931/1664/621 920/1663/620
f 936/1636/77 940/1688/77 942/1740/77 938/1744/77
f 938/1744/77 942/1740/77 941/1741/77 937/1745/77
f 937/1745/77 941/1741/77 939/1637/659 935/1689/659
f 943/1633/593 936/1636/593 938/1744/593 945/1733/593
f 945/1733/593 938/1744/593 937/1745/593 946/1731/593
f 946/1731/593 937/1745/593 935/1689/662 944/1690/661
f 915/1746/707 948/1692/708 950/1742/709 917/1747/710
f 917/1747/710 950/1742/709 949/1743/711 918/1748/712
f 918/1748/712 949/1743/711 947/1650/603 916/1649/602
f 948/1692/708 915/1746/707 845/1658/713 889/1657/713
f 744/1749/714 857/1750/714 841/1751/715 728/1752/715
f 728/1753/716 841/1754/716 887/1755/717 774/1756/718
f 726/1757/719 839/1758/719 870/1759/720 757/1760/721
f 751/1761/722 864/1762/722 857/1750/714 744/1749/714
f 757/1760/721 870/1759/720 842/276/723 729/275/723
f 774/1756/718 887/1755/717 853/1763/724 740/1764/724
f 798/1765/725 911/1766/725 912/1767/726 799/1768/726
f 551/1463/516 680/1464/516 911/1766/725 798/1765/725
f 800/1769/727 913/1770/728 914/1771/729 801/1772/730
f 801/1772/730 914/1771/729 849/1773/731 736/1774/731
f 799/1768/726 912/1767/726 913/1770/728 800/1769/727
f 802/1775/732 915/1776/733 917/1777/734 804/1778/735
f 804/1778/735 917/1777/734 918/1779/736 805/1780/737
f 805/1780/737 918/1779/736 916/1781/738 803/1782/739
f 732/284/740 845/283/740 915/1776/733 802/1775/732
f 803/1782/739 916/1781/738 864/1762/722 751/1761/722
f 1186/1783/741 1298/1784/742 1299/1785/743 1189/1786/744
f 1141/1787/745 1311/1788/746 1321/1789/747 1145/1790/748
f 1145/1790/748 1321/1789/747 1331/1791/749 1149/1792/750
f 1149/1792/750 1331/1791/749 1341/1793/751 1153/1794/752
f 1153/1794/752 1341/1793/751 1351/1795/753 1157/1796/754
f 1157/1796/754 1351/1795/753 1361/1797/755 1161/1798/756
f 1161/1798/756 1361/1797/755 1371/1799/757 1165/1800/758
f 1165/1800/758 1371/1799/757 1381/1801/759 1169/1802/760
f 1169/1802/760 1381/1801/759 1391/1803/761 1173/1804/762
f 1173/1804/762 1391/1803/761 1411/1805/80 1182/1806/80
f 1291/1807/763 1081/1808/764 1086/1809/765 1306/1810/766
f 1302/1811/766 1190/1812/765 1194/1813/767 1312/1814/768
f 1298/1784/742 1186/1783/741 1229/1815/95 1408/1816/95
f 1185/1817/769 1295/1818/763 1405/1819/95 1230/1820/95
f 1133/1821/769 1293/1822/763 1403/1823/95 1178/1824/95
f 1081/1808/764 1291/1807/763 1401/1825/95 1126/1826/95
f 1289/1827/770 1029/1828/769 1034/1829/765 1308/1830/771
f 1293/1822/763 1133/1821/769 1138/1831/765 1304/1832/766
f 1295/1818/763 1185/1817/769 1190/1812/765 1302/1811/766
f 1297/1833/763 1238/1834/769 1245/1835/765 1300/1836/766
f 952/1837/772 1237/1838/773 1241/1839/95 974/1840/95
f 971/1841/774 1014/1842/775 1017/1843/80 975/1844/80
f 1013/1845/776 1397/1846/777 1417/1847/80 1018/1848/80
f 1069/1849/778 1395/1850/761 1415/1851/80 1078/1852/80
f 1121/1853/778 1393/1854/761 1413/1855/80 1130/1856/80
f 969/1857/779 1010/1858/780 1014/1842/775 971/1841/774
f 1225/1859/778 1389/1860/761 1409/1861/80 1234/1862/80
f 1009/1863/781 1387/1864/782 1397/1846/777 1013/1845/776
f 1065/1865/760 1385/1866/759 1395/1850/761 1069/1849/778
f 1117/1867/760 1383/1868/759 1393/1854/761 1121/1853/778
f 967/1869/783 1006/1870/784 1010/1858/780 969/1857/779
f 1221/1871/760 1379/1872/759 1389/1860/761 1225/1859/778
f 1005/1873/785 1377/1874/786 1387/1864/782 1009/1863/781
f 1061/1875/758 1375/1876/757 1385/1866/759 1065/1865/760
f 1113/1877/758 1373/1878/757 1383/1868/759 1117/1867/760
f 965/1879/787 1002/1880/788 1006/1870/784 967/1869/783
f 1217/1881/758 1369/1882/757 1379/1872/759 1221/1871/760
f 1001/1883/789 1367/1884/790 1377/1874/786 1005/1873/785
f 1057/1885/756 1365/1886/755 1375/1876/757 1061/1875/758
f 1109/1887/756 1363/1888/755 1373/1878/757 1113/1877/758
f 963/1889/791 998/1890/792 1002/1880/788 965/1879/787
f 1213/1891/756 1359/1892/755 1369/1882/757 1217/1881/758
f 997/1893/793 1357/1894/794 1367/1884/790 1001/1883/789
f 1053/1895/754 1355/1896/753 1365/1886/755 1057/1885/756
f 1105/1897/754 1353/1898/753 1363/1888/755 1109/1887/756
f 961/1899/795 994/1900/796 998/1890/792 963/1889/791
f 1209/1901/754 1349/1902/753 1359/1892/755 1213/1891/756
f 993/1903/797 1347/1904/798 1357/1894/794 997/1893/793
f 1049/1905/752 1345/1906/751 1355/1896/753 1053/1895/754
f 1101/1907/752 1343/1908/751 1353/1898/753 1105/1897/754
f 959/1909/799 990/1910/800 994/1900/796 961/1899/795
f 1205/1911/752 1339/1912/751 1349/1902/753 1209/1901/754
f 989/1913/801 1337/1914/802 1347/1904/798 993/1903/797
f 1045/1915/750 1335/1916/749 1345/1906/751 1049/1905/752
f 1097/1917/750 1333/1918/749 1343/1908/751 1101/1907/752
f 957/1919/803 986/1920/804 990/1910/800 959/1909/799
f 1201/1921/750 1329/1922/749 1339/1912/751 1205/1911/752
f 985/1923/805 1327/1924/806 1337/1914/802 989/1913/801
f 1041/1925/748 1325/1926/747 1335/1916/749 1045/1915/750
f 1093/1927/748 1323/1928/747 1333/1918/749 1097/1917/750
f 1290/1929/807 1022/1930/808 1025/1931/95 1400/1932/95
f 1197/1933/748 1319/1934/747 1329/1922/749 1201/1921/750
f 981/1935/809 1317/1936/810 1327/1924/806 985/1923/805
f 1037/1937/745 1315/1938/746 1325/1926/747 1041/1925/748
f 1089/1939/745 1313/1940/746 1323/1928/747 1093/1927/748
f 955/1941/811 982/1942/812 986/1920/804 957/1919/803
f 1022/1930/808 1290/1929/807 1307/1943/813 977/1944/814
f 1030/1945/741 1292/1946/742 1305/1947/743 1033/1948/744
f 1082/1949/741 1294/1950/742 1303/1951/743 1085/1952/744
f 1134/1953/741 1296/1954/742 1301/1955/743 1137/1956/744
f 1193/1957/745 1309/1958/746 1319/1934/747 1197/1933/748
f 951/1959/815 1021/1960/816 978/1961/817 953/1962/818
f 1318/1963/819 1038/1964/767 1042/1965/820 1328/1966/821
f 1328/1966/821 1042/1965/820 1046/1967/822 1338/1968/823
f 1338/1968/823 1046/1967/822 1050/1969/824 1348/1970/825
f 1348/1970/825 1050/1969/824 1054/1971/826 1358/1972/827
f 1358/1972/827 1054/1971/826 1058/1973/828 1368/1974/829
f 1368/1974/829 1058/1973/828 1062/1975/830 1378/1976/831
f 1378/1976/831 1062/1975/830 1066/1977/832 1388/1978/833
f 1388/1978/833 1066/1977/832 1070/1979/834 1398/1980/835
f 1398/1980/835 1070/1979/834 1077/1981/80 1418/1982/80
f 1021/1960/816 951/1959/815 973/1983/95 1026/1984/95
f 977/1944/814 1307/1943/813 1317/1936/810 981/1935/809
f 1308/1830/771 1034/1829/765 1038/1964/767 1318/1963/819
f 1316/1985/768 1090/1986/767 1094/1987/820 1326/1988/836
f 1326/1988/836 1094/1987/820 1098/1989/822 1336/1990/837
f 1336/1990/837 1098/1989/822 1102/1991/824 1346/1992/838
f 1346/1992/838 1102/1991/824 1106/1993/826 1356/1994/839
f 1356/1994/839 1106/1993/826 1110/1995/828 1366/1996/840
f 1366/1996/840 1110/1995/828 1114/1997/830 1376/1998/841
f 1376/1998/841 1114/1997/830 1118/1999/832 1386/2000/842
f 1386/2000/842 1118/1999/832 1122/2001/843 1396/2002/844
f 1396/2002/844 1122/2001/843 1129/2003/80 1416/2004/80
f 1292/1946/742 1030/1945/741 1073/2005/95 1402/2006/95
f 1033/1948/744 1305/1947/743 1315/1938/746 1037/1937/745
f 1306/1810/766 1086/1809/765 1090/1986/767 1316/1985/768
f 1314/2007/768 1142/2008/767 1146/2009/820 1324/2010/836
f 1324/2010/836 1146/2009/820 1150/2011/822 1334/2012/837
f 1334/2012/837 1150/2011/822 1154/2013/824 1344/2014/838
f 1344/2014/838 1154/2013/824 1158/2015/826 1354/2016/839
f 1354/2016/839 1158/2015/826 1162/2017/828 1364/2018/840
f 1364/2018/840 1162/2017/828 1166/2019/830 1374/2020/841
f 1374/2020/841 1166/2019/830 1170/2021/832 1384/2022/842
f 1384/2022/842 1170/2021/832 1174/2023/834 1394/2024/844
f 1394/2024/844 1174/2023/834 1181/2025/80 1414/2026/80
f 1294/1950/742 1082/1949/741 1125/2027/95 1404/2028/95
f 1085/1952/744 1303/1951/743 1313/1940/746 1089/1939/745
f 1304/1832/766 1138/1831/765 1142/2008/767 1314/2007/768
f 1312/1814/768 1194/1813/767 1198/2029/820 1322/2030/836
f 1322/2030/836 1198/2029/820 1202/2031/822 1332/2032/837
f 1332/2032/837 1202/2031/822 1206/2033/824 1342/2034/838
f 1342/2034/838 1206/2033/824 1210/2035/826 1352/2036/839
f 1352/2036/839 1210/2035/826 1214/2037/828 1362/2038/840
f 1362/2038/840 1214/2037/828 1218/2039/830 1372/2040/841
f 1372/2040/841 1218/2039/830 1222/2041/832 1382/2042/842
f 1382/2042/842 1222/2041/832 1226/2043/843 1392/2044/844
f 1392/2044/844 1226/2043/843 1233/2045/80 1412/2046/80
f 1296/1954/742 1134/1953/741 1177/2047/95 1406/2048/95
f 1137/1956/744 1301/1955/743 1311/1788/746 1141/1787/745
f 1300/1836/766 1245/1835/765 1249/2049/767 1310/2050/768
f 1310/2050/768 1249/2049/767 1253/2051/820 1320/2052/836
f 1320/2052/836 1253/2051/820 1257/2053/822 1330/2054/837
f 1330/2054/837 1257/2053/822 1261/2055/824 1340/2056/838
f 1340/2056/838 1261/2055/824 1265/2057/826 1350/2058/839
f 1350/2058/839 1265/2057/826 1269/2059/828 1360/2060/840
f 1360/2060/840 1269/2059/828 1273/2061/830 1370/2062/841
f 1370/2062/841 1273/2061/830 1277/2063/832 1380/2064/842
f 1380/2064/842 1277/2063/832 1281/2065/834 1390/2066/844
f 1390/2066/844 1281/2065/834 1285/2067/80 1410/2068/80
f 1189/1786/744 1299/1785/743 1309/1958/746 1193/1957/745
f 1238/1834/769 1297/1833/763 1407/2069/95 1242/2070/95
f 1282/2071/845 972/2072/846 976/2073/80 1286/2074/80
f 1278/2075/847 970/2076/848 972/2072/846 1282/2071/845
f 1274/2077/849 968/2078/850 970/2076/848 1278/2075/847
f 1270/2079/851 966/2080/852 968/2078/850 1274/2077/849
f 1266/2081/853 964/2082/854 966/2080/852 1270/2079/851
f 1262/2083/855 962/2084/751 964/2082/854 1266/2081/853
f 1258/2085/856 960/2086/857 962/2084/751 1262/2083/855
f 1254/2087/858 958/2088/859 960/2086/857 1258/2085/856
f 1250/2089/860 956/2090/861 958/2088/859 1254/2087/858
f 1246/2091/862 954/2092/863 956/2090/861 1250/2089/860
f 1237/1838/773 952/1837/772 954/2092/863 1246/2091/862
f 1022/1930/808 977/1944/814 979/2093/864 1024/2094/865
f 1024/2094/865 979/2093/864 980/2095/866 1023/2096/867
f 1023/2096/867 980/2095/866 978/1961/817 1021/1960/816
f 977/1944/814 981/1935/809 983/2097/868 979/2093/864
f 979/2093/864 983/2097/868 984/2098/869 980/2095/866
f 980/2095/866 984/2098/869 982/1942/812 978/1961/817
f 981/1935/809 985/1923/805 987/2099/870 983/2097/868
f 983/2097/868 987/2099/870 988/2100/871 984/2098/869
f 984/2098/869 988/2100/871 986/1920/804 982/1942/812
f 985/1923/805 989/1913/801 991/2101/872 987/2099/870
f 987/2099/870 991/2101/872 992/2102/873 988/2100/871
f 988/2100/871 992/2102/873 990/1910/800 986/1920/804
f 989/1913/801 993/1903/797 995/2103/874 991/2101/872
f 991/2101/872 995/2103/874 996/2104/875 992/2102/873
f 992/2102/873 996/2104/875 994/1900/796 990/1910/800
f 993/1903/797 997/1893/793 999/2105/876 995/2103/874
f 995/2103/874 999/2105/876 1000/2106/877 996/2104/875
f 996/2104/875 1000/2106/877 998/1890/792 994/1900/796
f 997/1893/793 1001/1883/789 1003/2107/878 999/2105/876
f 999/2105/876 1003/2107/878 1004/2108/879 1000/2106/877
f 1000/2106/877 1004/2108/879 1002/1880/788 998/1890/792
f 1001/1883/789 1005/1873/785 1007/2109/880 1003/2107/878
f 1003/2107/878 1007/2109/880 1008/2110/881 1004/2108/879
f 1004/2108/879 1008/2110/881 1006/1870/784 1002/1880/788
f 1005/1873/785 1009/1863/781 1011/2111/882 1007/2109/880
f 1007/2109/880 1011/2111/882 1012/2112/883 1008/2110/881
f 1008/2110/881 1012/2112/883 1010/1858/780 1006/1870/784
f 1009/1863/781 1013/1845/776 1015/2113/884 1011/2111/882
f 1011/2111/882 1015/2113/884 1016/2114/885 1012/2112/883
f 1012/2112/883 1016/2114/885 1014/1842/775 1010/1858/780
f 1013/1845/776 1018/1848/80 1020/2115/80 1015/2113/884
f 1015/2113/884 1020/2115/80 1019/2116/80 1016/2114/885
f 1016/2114/885 1019/2116/80 1017/1843/80 1014/1842/775
f 1021/1960/816 1026/1984/95 1028/2117/95 1023/2096/867
f 1023/2096/867 1028/2117/95 1027/2118/95 1024/2094/865
f 1024/2094/865 1027/2118/95 1025/1931/95 1022/1930/808
f 1030/1945/741 1033/1948/744 1035/2119/886 1032/2120/887
f 1032/2120/887 1035/2119/886 1036/2121/888 1031/2122/889
f 1031/2122/889 1036/2121/888 1034/1829/765 1029/1828/769
f 1033/1948/744 1037/1937/745 1039/2123/890 1035/2119/886
f 1035/2119/886 1039/2123/890 1040/2124/891 1036/2121/888
f 1036/2121/888 1040/2124/891 1038/1964/767 1034/1829/765
f 1037/1937/745 1041/1925/748 1043/2125/892 1039/2123/890
f 1039/2123/890 1043/2125/892 1044/2126/893 1040/2124/891
f 1040/2124/891 1044/2126/893 1042/1965/820 1038/1964/767
f 1041/1925/748 1045/1915/750 1047/2127/894 1043/2125/892
f 1043/2125/892 1047/2127/894 1048/2128/895 1044/2126/893
f 1044/2126/893 1048/2128/895 1046/1967/822 1042/1965/820
f 1045/1915/750 1049/1905/752 1051/2129/896 1047/2127/894
f 1047/2127/894 1051/2129/896 1052/2130/897 1048/2128/895
f 1048/2128/895 1052/2130/897 1050/1969/824 1046/1967/822
f 1049/1905/752 1053/1895/754 1055/2131/898 1051/2129/896
f 1051/2129/896 1055/2131/898 1056/2132/899 1052/2130/897
f 1052/2130/897 1056/2132/899 1054/1971/826 1050/1969/824
f 1053/1895/754 1057/1885/756 1059/2133/900 1055/2131/898
f 1055/2131/898 1059/2133/900 1060/2134/901 1056/2132/899
f 1056/2132/899 1060/2134/901 1058/1973/828 1054/1971/826
f 1057/1885/756 1061/1875/758 1063/2135/902 1059/2133/900
f 1059/2133/900 1063/2135/902 1064/2136/903 1060/2134/901
f 1060/2134/901 1064/2136/903 1062/1975/830 1058/1973/828
f 1061/1875/758 1065/1865/760 1067/2137/904 1063/2135/902
f 1063/2135/902 1067/2137/904 1068/2138/905 1064/2136/903
f 1064/2136/903 1068/2138/905 1066/1977/832 1062/1975/830
f 1065/1865/760 1069/1849/778 1071/2139/906 1067/2137/904
f 1067/2137/904 1071/2139/906 1072/2140/907 1068/2138/905
f 1068/2138/905 1072/2140/907 1070/1979/834 1066/1977/832
f 1069/1849/778 1078/1852/80 1080/2141/80 1071/2139/906
f 1071/2139/906 1080/2141/80 1079/2142/80 1072/2140/907
f 1072/2140/907 1079/2142/80 1077/1981/80 1070/1979/834
f 1029/1828/769 1074/2143/95 1076/2144/95 1031/2122/889
f 1031/2122/889 1076/2144/95 1075/2145/95 1032/2120/887
f 1032/2120/887 1075/2145/95 1073/2005/95 1030/1945/741
f 1082/1949/741 1085/1952/744 1087/2146/886 1084/2147/887
f 1084/2147/887 1087/2146/886 1088/2148/888 1083/2149/889
f 1083/2149/889 1088/2148/888 1086/1809/765 1081/1808/764
f 1085/1952/744 1089/1939/745 1091/2150/890 1087/2146/886
f 1087/2146/886 1091/2150/890 1092/2151/891 1088/2148/888
f 1088/2148/888 1092/2151/891 1090/1986/767 1086/1809/765
f 1089/1939/745 1093/1927/748 1095/2152/892 1091/2150/890
f 1091/2150/890 1095/2152/892 1096/2153/893 1092/2151/891
f 1092/2151/891 1096/2153/893 1094/1987/820 1090/1986/767
f 1093/1927/748 1097/1917/750 1099/2154/894 1095/2152/892
f 1095/2152/892 1099/2154/894 1100/2155/895 1096/2153/893
f 1096/2153/893 1100/2155/895 1098/1989/822 1094/1987/820
f 1097/1917/750 1101/1907/752 1103/2156/896 1099/2154/894
f 1099/2154/894 1103/2156/896 1104/2157/897 1100/2155/895
f 1100/2155/895 1104/2157/897 1102/1991/824 1098/1989/822
f 1101/1907/752 1105/1897/754 1107/2158/898 1103/2156/896
f 1103/2156/896 1107/2158/898 1108/2159/899 1104/2157/897
f 1104/2157/897 1108/2159/899 1106/1993/826 1102/1991/824
f 1105/1897/754 1109/1887/756 1111/2160/900 1107/2158/898
f 1107/2158/898 1111/2160/900 1112/2161/901 1108/2159/899
f 1108/2159/899 1112/2161/901 1110/1995/828 1106/1993/826
f 1109/1887/756 1113/1877/758 1115/2162/902 1111/2160/900
f 1111/2160/900 1115/2162/902 1116/2163/903 1112/2161/901
f 1112/2161/901 1116/2163/903 1114/1997/830 1110/1995/828
f 1113/1877/758 1117/1867/760 1119/2164/904 1115/2162/902
f 1115/2162/902 1119/2164/904 1120/2165/905 1116/2163/903
f 1116/2163/903 1120/2165/905 1118/1999/832 1114/1997/830
f 1117/1867/760 1121/1853/778 1123/2166/906 1119/2164/904
f 1119/2164/904 1123/2166/906 1124/2167/907 1120/2165/905
f 1120/2165/905 1124/2167/907 1122/2001/843 1118/1999/832
f 1121/1853/778 1130/1856/80 1132/2168/80 1123/2166/906
f 1123/2166/906 1132/2168/80 1131/2169/80 1124/2167/907
f 1124/2167/907 1131/2169/80 1129/2003/80 1122/2001/843
f 1081/1808/764 1126/1826/95 1128/2170/95 1083/2149/889
f 1083/2149/889 1128/2170/95 1127/2171/95 1084/2147/887
f 1084/2147/887 1127/2171/95 1125/2027/95 1082/1949/741
f 1134/1953/741 1137/1956/744 1139/2172/886 1136/2173/887
f 1136/2173/887 1139/2172/886 1140/2174/888 1135/2175/889
f 1135/2175/889 1140/2174/888 1138/1831/765 1133/1821/769
f 1137/1956/744 1141/1787/745 1143/2176/890 1139/2172/886
f 1139/2172/886 1143/2176/890 1144/2177/891 1140/2174/888
f 1140/2174/888 1144/2177/891 1142/2008/767 1138/1831/765
f 1141/1787/745 1145/1790/748 1147/2178/892 1143/2176/890
f 1143/2176/890 1147/2178/892 1148/2179/893 1144/2177/891
f 1144/2177/891 1148/2179/893 1146/2009/820 1142/2008/767
f 1145/1790/748 1149/1792/750 1151/2180/894 1147/2178/892
f 1147/2178/892 1151/2180/894 1152/2181/895 1148/2179/893
f 1148/2179/893 1152/2181/895 1150/2011/822 1146/2009/820
f 1149/1792/750 1153/1794/752 1155/2182/896 1151/2180/894
f 1151/2180/894 1155/2182/896 1156/2183/897 1152/2181/895
f 1152/2181/895 1156/2183/897 1154/2013/824 1150/2011/822
f 1153/1794/752 1157/1796/754 1159/2184/898 1155/2182/896
f 1155/2182/896 1159/2184/898 1160/2185/899 1156/2183/897
f 1156/2183/897 1160/2185/899 1158/2015/826 1154/2013/824
f 1157/1796/754 1161/1798/756 1163/2186/900 1159/2184/898
f 1159/2184/898 1163/2186/900 1164/2187/901 1160/2185/899
f 1160/2185/899 1164/2187/901 1162/2017/828 1158/2015/826
f 1161/1798/756 1165/1800/758 1167/2188/902 1163/2186/900
f 1163/2186/900 1167/2188/902 1168/2189/903 1164/2187/901
f 1164/2187/901 1168/2189/903 1166/2019/830 1162/2017/828
f 1165/1800/758 1169/1802/760 1171/2190/904 1167/2188/902
f 1167/2188/902 1171/2190/904 1172/2191/905 1168/2189/903
f 1168/2189/903 1172/2191/905 1170/2021/832 1166/2019/830
f 1169/1802/760 1173/1804/762 1175/2192/906 1171/2190/904
f 1171/2190/904 1175/2192/906 1176/2193/907 1172/2191/905
f 1172/2191/905 1176/2193/907 1174/2023/834 1170/2021/832
f 1173/1804/762 1182/1806/80 1184/2194/80 1175/2192/906
f 1175/2192/906 1184/2194/80 1183/2195/80 1176/2193/907
f 1176/2193/907 1183/2195/80 1181/2025/80 1174/2023/834
f 1133/1821/769 1178/1824/95 1180/2196/95 1135/2175/889
f 1135/2175/889 1180/2196/95 1179/2197/95 1136/2173/887
f 1136/2173/887 1179/2197/95 1177/2047/95 1134/1953/741
f 1186/1783/741 1189/1786/744 1191/2198/886 1188/2199/887
f 1188/2199/887 1191/2198/886 1192/2200/888 1187/2201/889
f 1187/2201/889 1192/2200/888 1190/1812/765 1185/1817/769
f 1189/1786/744 1193/1957/745 1195/2202/890 1191/2198/886
f 1191/2198/886 1195/2202/890 1196/2203/891 1192/2200/888
f 1192/2200/888 1196/2203/891 1194/1813/767 1190/1812/765
f 1193/1957/745 1197/1933/748 1199/2204/892 1195/2202/890
f 1195/2202/890 1199/2204/892 1200/2205/893 1196/2203/891
f 1196/2203/891 1200/2205/893 1198/2029/820 1194/1813/767
f 1197/1933/748 1201/1921/750 1203/2206/894 1199/2204/892
f 1199/2204/892 1203/2206/894 1204/2207/895 1200/2205/893
f 1200/2205/893 1204/2207/895 1202/2031/822 1198/2029/820
f 1201/1921/750 1205/1911/752 1207/2208/896 1203/2206/894
f 1203/2206/894 1207/2208/896 1208/2209/897 1204/2207/895
f 1204/2207/895 1208/2209/897 1206/2033/824 1202/2031/822
f 1205/1911/752 1209/1901/754 1211/2210/898 1207/2208/896
f 1207/2208/896 1211/2210/898 1212/2211/899 1208/2209/897
f 1208/2209/897 1212/2211/899 1210/2035/826 1206/2033/824
f 1209/1901/754 1213/1891/756 1215/2212/900 1211/2210/898
f 1211/2210/898 1215/2212/900 1216/2213/901 1212/2211/899
f 1212/2211/899 1216/2213/901 1214/2037/828 1210/2035/826
f 1213/1891/756 1217/1881/758 1219/2214/902 1215/2212/900
f 1215/2212/900 1219/2214/902 1220/2215/903 1216/2213/901
f 1216/2213/901 1220/2215/903 1218/2039/830 1214/2037/828
f 1217/1881/758 1221/1871/760 1223/2216/904 1219/2214/902
f 1219/2214/902 1223/2216/904 1224/2217/905 1220/2215/903
f 1220/2215/903 1224/2217/905 1222/2041/832 1218/2039/830
f 1221/1871/760 1225/1859/778 1227/2218/906 1223/2216/904
f 1223/2216/904 1227/2218/906 1228/2219/907 1224/2217/905
f 1224/2217/905 1228/2219/907 1226/2043/843 1222/2041/832
f 1225/1859/778 1234/1862/80 1236/2220/80 1227/2218/906
f 1227/2218/906 1236/2220/80 1235/2221/80 1228/2219/907
f 1228/2219/907 1235/2221/80 1233/2045/80 1226/2043/843
f 1185/1817/769 1230/1820/95 1232/2222/95 1187/2201/889
f 1187/2201/889 1232/2222/95 1231/2223/95 1188/2199/887
f 1188/2199/887 1231/2223/95 1229/1815/95 1186/1783/741
f 1238/1834/769 1242/2070/95 1244/2224/95 1240/2225/889
f 1240/2225/889 1244/2224/95 1243/2226/95 1239/2227/887
f 1239/2227/887 1243/2226/95 1241/1839/95 1237/1838/773
f 1282/2071/845 1286/2074/80 1288/2228/80 1284/2229/906
f 1284/2229/906 1288/2228/80 1287/2230/80 1283/2231/907
f 1283/2231/907 1287/2230/80 1285/2067/80 1281/2065/834
f 1278/2075/847 1282/2071/845 1284/2229/906 1280/2232/904
f 1280/2232/904 1284/2229/906 1283/2231/907 1279/2233/905
f 1279/2233/905 1283/2231/907 1281/2065/834 1277/2063/832
f 1274/2077/849 1278/2075/847 1280/2232/904 1276/2234/902
f 1276/2234/902 1280/2232/904 1279/2233/905 1275/2235/903
f 1275/2235/903 1279/2233/905 1277/2063/832 1273/2061/830
f 1270/2079/851 1274/2077/849 1276/2234/902 1272/2236/900
f 1272/2236/900 1276/2234/902 1275/2235/903 1271/2237/901
f 1271/2237/901 1275/2235/903 1273/2061/830 1269/2059/828
f 1266/2081/853 1270/2079/851 1272/2236/900 1268/2238/898
f 1268/2238/898 1272/2236/900 1271/2237/901 1267/2239/899
f 1267/2239/899 1271/2237/901 1269/2059/828 1265/2057/826
f 1262/2083/855 1266/2081/853 1268/2238/898 1264/2240/896
f 1264/2240/896 1268/2238/898 1267/2239/899 1263/2241/897
f 1263/2241/897 1267/2239/899 1265/2057/826 1261/2055/824
f 1258/2085/856 1262/2083/855 1264/2240/896 1260/2242/894
f 1260/2242/894 1264/2240/896 1263/2241/897 1259/2243/895
f 1259/2243/895 1263/2241/897 1261/2055/824 1257/2053/822
f 1254/2087/858 1258/2085/856 1260/2242/894 1256/2244/892
f 1256/2244/892 1260/2242/894 1259/2243/895 1255/2245/893
f 1255/2245/893 1259/2243/895 1257/2053/822 1253/2051/820
f 1250/2089/860 1254/2087/858 1256/2244/892 1252/2246/890
f 1252/2246/890 1256/2244/892 1255/2245/893 1251/2247/891
f 1251/2247/891 1255/2245/893 1253/2051/820 1249/2049/767
f 1246/2091/862 1250/2089/860 1252/2246/890 1248/2248/886
f 1248/2248/886 1252/2246/890 1251/2247/891 1247/2249/888
f 1247/2249/888 1251/2247/891 1249/2049/767 1245/1835/765
f 1237/1838/773 1246/2091/862 1248/2248/886 1239/2227/887
f 1239/2227/887 1248/2248/886 1247/2249/888 1240/2225/889
f 1240/2225/889 1247/2249/888 1245/1835/765 1238/1834/769
f 953/1962/818 978/1961/817 982/1942/812 955/1941/811
f 1298/1784/742 1408/1816/95 1407/2069/95 1297/1833/763
f 1296/1954/742 1406/2048/95 1405/1819/95 1295/1818/763
f 1294/1950/742 1404/2028/95 1403/1823/95 1293/1822/763
f 1292/1946/742 1402/2006/95 1401/1825/95 1291/1807/763
f 1290/1929/807 1400/1932/95 1399/2250/95 1289/1827/770
f 1398/1980/835 1418/1982/80 1417/1847/80 1397/1846/777
f 1396/2002/844 1416/2004/80 1415/1851/80 1395/1850/761
f 1394/2024/844 1414/2026/80 1413/1855/80 1393/1854/761
f 1392/2044/844 1412/2046/80 1411/1805/80 1391/1803/761
f 1390/2066/844 1410/2068/80 1409/1861/80 1389/1860/761
f 1388/1978/833 1398/1980/835 1397/1846/777 1387/1864/782
f 1386/2000/842 1396/2002/844 1395/1850/761 1385/1866/759
f 1384/2022/842 1394/2024/844 1393/1854/761 1383/1868/759
f 1382/2042/842 1392/2044/844 1391/1803/761 1381/1801/759
f 1380/2064/842 1390/2066/844 1389/1860/761 1379/1872/759
f 1378/1976/831 1388/1978/833 1387/1864/782 1377/1874/786
f 1376/1998/841 1386/2000/842 1385/1866/759 1375/1876/757
f 1374/2020/841 1384/2022/842 1383/1868/759 1373/1878/757
f 1372/2040/841 1382/2042/842 1381/1801/759 1371/1799/757
f 1370/2062/841 1380/2064/842 1379/1872/759 1369/1882/757
f 1368/1974/829 1378/1976/831 1377/1874/786 1367/1884/790
f 1366/1996/840 1376/1998/841 1375/1876/757 1365/1886/755
f 1364/2018/840 1374/2020/841 1373/1878/757 1363/1888/755
f 1362/2038/840 1372/2040/841 1371/1799/757 1361/1797/755
f 1360/2060/840 1370/2062/841 1369/1882/757 1359/1892/755
f 1358/1972/827 1368/1974/829 1367/1884/790 1357/1894/794
f 1356/1994/839 1366/1996/840 1365/1886/755 1355/1896/753
f 1354/2016/839 1364/2018/840 1363/1888/755 1353/1898/753
f 1352/2036/839 1362/2038/840 1361/1797/755 1351/1795/753
f 1350/2058/839 1360/2060/840 1359/1892/755 1349/1902/753
f 1348/1970/825 1358/1972/827 1357/1894/794 1347/1904/908
f 1346/1992/77 1356/1994/839 1355/1896/753 1345/1906/77
f 1344/2014/77 1354/2016/839 1353/1898/753 1343/1908/77
f 1342/2034/77 1352/2036/839 1351/1795/753 1341/1793/77
f 1340/2056/77 1350/2058/839 1349/1902/753 1339/1912/77
f 1338/1968/823 1348/1970/825 1347/1904/908 1337/1914/802
f 1336/1990/837 1346/1992/77 1345/1906/77 1335/1916/749
f 1334/2012/837 1344/2014/77 1343/1908/77 1333/1918/749
f 1332/2032/837 1342/2034/77 1341/1793/77 1331/1791/749
f 1330/2054/837 1340/2056/77 1339/1912/77 1329/1922/749
f 1328/1966/821 1338/1968/823 1337/1914/802 1327/1924/806
f 1326/1988/836 1336/1990/837 1335/1916/749 1325/1926/747
f 1324/2010/836 1334/2012/837 1333/1918/749 1323/1928/747
f 1322/2030/836 1332/2032/837 1331/1791/749 1321/1789/747
f 1320/2052/836 1330/2054/837 1329/1922/749 1319/1934/747
f 1318/1963/819 1328/1966/821 1327/1924/806 1317/1936/810
f 1316/1985/768 1326/1988/836 1325/1926/747 1315/1938/746
f 1314/2007/768 1324/2010/836 1323/1928/747 1313/1940/746
f 1312/1814/768 1322/2030/836 1321/1789/747 1311/1788/746
f 1310/2050/768 1320/2052/836 1319/1934/747 1309/1958/746
f 1308/1830/771 1318/1963/819 1317/1936/810 1307/1943/813
f 1306/1810/766 1316/1985/768 1315/1938/746 1305/1947/743
f 1304/1832/766 1314/2007/768 1313/1940/746 1303/1951/743
f 1302/1811/766 1312/1814/768 1311/1788/746 1301/1955/743
f 1300/1836/766 1310/2050/768 1309/1958/746 1299/1785/743
f 1289/1827/770 1308/1830/771 1307/1943/813 1290/1929/807
f 1291/1807/763 1306/1810/766 1305/1947/743 1292/1946/742
f 1293/1822/763 1304/1832/766 1303/1951/743 1294/1950/742
f 1295/1818/763 1302/1811/766 1301/1955/743 1296/1954/742
f 1297/1833/763 1300/1836/766 1299/1785/743 1298/1784/742
f 1029/1828/769 1289/1827/770 1399/2250/95 1074/2143/95
f 961/1899/795 963/1889/791 1425/2251/909 1424/2252/77
f 951/1959/815 953/1962/818 1420/2253/910 1419/2254/911
f 965/1879/787 967/1869/783 1427/2255/912 1426/2256/913
f 955/1941/811 957/1919/803 1422/2257/914 1421/2258/915
f 969/1857/779 971/1841/774 1429/2259/916 1428/2260/917
f 959/1909/799 961/1899/795 1424/2252/77 1423/2261/918
f 963/1889/791 965/1879/787 1426/2256/913 1425/2251/909
f 953/1962/818 955/1941/811 1421/2258/915 1420/2253/910
f 967/1869/783 969/1857/779 1428/2260/917 1427/2255/912
f 973/1983/95 951/1959/815 1419/2254/911 1430/2262/95
f 957/1919/803 959/1909/799 1423/2261/918 1422/2257/914
f 971/1841/774 975/1844/80 1431/2263/80 1429/2259/916
f 1433/2264/919 1528/2265/920 1530/2266/921 1434/2267/922
f 1434/2267/922 1530/2266/921 1531/2268/923 1435/2269/99
f 1435/2269/99 1531/2268/923 1532/2270/924 1436/2271/925
f 1436/2271/925 1532/2270/924 1533/2272/926 1437/2273/927
f 1437/2273/927 1533/2272/926 1534/2274/77 1438/2275/77
f 1438/2276/77 1534/2277/77 1535/2278/928 1439/2279/929
f 1439/2279/929 1535/2278/928 1536/2280/930 1440/2281/931
f 1440/2281/931 1536/2280/930 1537/2282/932 1441/2283/87
f 1441/2283/87 1537/2282/932 1538/2284/933 1442/2285/934
f 1442/2285/934 1538/2284/933 1539/2286/935 1443/2287/936
f 1443/2287/936 1539/2286/935 1540/2288/937 1444/2289/80
f 1444/2289/80 1540/2288/937 1541/2290/938 1445/2291/939
f 1445/2291/939 1541/2290/938 1542/2292/940 1446/2293/941
f 1446/2293/941 1542/2292/940 1543/2294/942 1447/2295/943
f 1447/2295/943 1543/2294/942 1544/2296/944 1448/2297/945
f 1448/2297/945 1544/2296/944 1545/2298/946 1449/2299/947
f 1449/2299/947 1545/2298/946 1546/2300/23 1450/2301/23
f 1450/2301/23 1546/2300/23 1547/2302/948 1451/2303/949
f 1451/2303/949 1547/2302/948 1548/2304/950 1452/2305/951
f 1452/2305/951 1548/2304/950 1549/2306/952 1453/2307/953
f 1453/2307/953 1549/2306/952 1550/2308/954 1454/2309/955
f 1454/2309/955 1550/2308/954 1551/2310/956 1455/2311/957
f 1455/2311/957 1551/2310/956 1529/2312/958 1432/2313/958
f 1442/2314/959 1443/2315/960 1467/2316/960 1466/2317/959
f 1467/2316/50 1468/2318/50 1492/2319/50 1491/2320/50
f 1447/2321/961 1448/2322/962 1472/2323/962 1471/2324/961
f 1452/2325/963 1453/2326/964 1477/2327/964 1476/2328/963
f 1435/2329/965 1436/2330/966 1460/2331/966 1459/2332/965
f 1440/2333/967 1441/2334/968 1465/2335/968 1464/2336/967
f 1445/2337/969 1446/2338/970 1470/2339/970 1469/2340/969
f 1450/2341/971 1451/2342/972 1475/2343/972 1474/2344/971
f 1455/2345/973 1432/2346/974 1456/2347/974 1479/2348/975
f 1433/2349/976 1434/2350/977 1458/2351/977 1457/2352/978
f 1438/2353/979 1439/2354/980 1463/2355/980 1462/2356/979
f 1443/2315/960 1444/2357/981 1468/2318/981 1467/2316/960
f 1448/2322/962 1449/2358/982 1473/2359/982 1472/2323/962
f 1453/2326/964 1454/2360/983 1478/2361/983 1477/2327/964
f 1436/2330/966 1437/2362/984 1461/2363/984 1460/2331/966
f 1441/2334/968 1442/2314/959 1466/2317/959 1465/2335/968
f 1446/2338/970 1447/2321/961 1471/2324/961 1470/2339/970
f 1451/2342/972 1452/2325/963 1476/2328/963 1475/2343/972
f 1434/2350/977 1435/2329/965 1459/2332/965 1458/2351/977
f 1439/2354/980 1440/2333/967 1464/2336/967 1463/2355/980
f 1432/2346/974 1433/2349/976 1457/2352/978 1456/2347/974
f 1444/2357/981 1445/2337/969 1469/2340/969 1468/2318/981
f 1449/2358/982 1450/2341/971 1474/2344/971 1473/2359/982
f 1454/2360/983 1455/2345/973 1479/2348/975 1478/2361/983
f 1437/2362/984 1438/2364/979 1462/2365/979 1461/2363/984
f 1502/2366/934 1503/2367/936 1527/2368/936 1526/2369/934
f 1460/2331/50 1461/2363/50 1485/2370/50 1484/2371/50
f 1475/2343/50 1476/2328/50 1500/2372/50 1499/2373/50
f 1468/2318/50 1469/2340/50 1493/2374/50 1492/2319/50
f 1461/2363/50 1462/2365/50 1486/2375/50 1485/2370/50
f 1476/2328/50 1477/2327/50 1501/2376/50 1500/2372/50
f 1469/2340/50 1470/2339/50 1494/2377/50 1493/2374/50
f 1462/2356/50 1463/2355/50 1487/2378/50 1486/2379/50
f 1477/2327/50 1478/2361/50 1502/2380/50 1501/2376/50
f 1470/2339/50 1471/2324/50 1495/2381/50 1494/2377/50
f 1463/2355/50 1464/2336/50 1488/2382/50 1487/2378/50
f 1478/2361/50 1479/2348/50 1503/2383/50 1502/2380/50
f 1456/2347/50 1457/2352/50 1481/2384/50 1480/2385/50
f 1471/2324/50 1472/2323/50 1496/2386/50 1495/2381/50
f 1464/2336/50 1465/2335/50 1489/2387/50 1488/2382/50
f 1479/2348/50 1456/2347/50 1480/2385/50 1503/2383/50
f 1457/2352/50 1458/2351/50 1482/2388/50 1481/2384/50
f 1472/2323/50 1473/2359/50 1497/2389/50 1496/2386/50
f 1465/2335/50 1466/2317/50 1490/2390/50 1489/2387/50
f 1458/2351/50 1459/2332/50 1483/2391/50 1482/2388/50
f 1473/2359/50 1474/2344/50 1498/2392/50 1497/2389/50
f 1466/2317/50 1467/2316/50 1491/2320/50 1490/2390/50
f 1459/2332/50 1460/2331/50 1484/2371/50 1483/2391/50
f 1474/2344/50 1475/2343/50 1499/2373/50 1498/2392/50
f 1480/2393/80 1481/2394/939 1505/2395/939 1504/2396/80
f 1495/2397/99 1496/2398/925 1520/2399/925 1519/2400/99
f 1488/2401/951 1489/2402/953 1513/2403/953 1512/2404/951
f 1503/2367/936 1480/2393/80 1504/2396/80 1527/2368/936
f 1481/2394/939 1482/2405/941 1506/2406/941 1505/2395/939
f 1496/2398/925 1497/2407/927 1521/2408/927 1520/2399/925
f 1489/2402/953 1490/2409/955 1514/2410/955 1513/2403/953
f 1482/2405/941 1483/2411/943 1507/2412/943 1506/2406/941
f 1497/2407/927 1498/2413/77 1522/2414/77 1521/2408/927
f 1490/2409/955 1491/2415/985 1515/2416/985 1514/2410/955
f 1483/2411/943 1484/2417/945 1508/2418/945 1507/2412/943
f 1498/2413/77 1499/2419/929 1523/2420/929 1522/2414/77
f 1491/2415/985 1492/2421/95 1516/2422/95 1515/2416/985
f 1484/2417/945 1485/2423/947 1509/2424/947 1508/2418/945
f 1499/2419/929 1500/2425/931 1524/2426/931 1523/2420/929
f 1492/2421/95 1493/2427/986 1517/2428/986 1516/2422/95
f 1485/2423/947 1486/2429/23 1510/2430/23 1509/2424/947
f 1500/2425/931 1501/2431/87 1525/2432/87 1524/2426/931
f 1493/2427/986 1494/2433/922 1518/2434/922 1517/2428/986
f 1486/2435/23 1487/2436/949 1511/2437/949 1510/2438/23
f 1501/2431/87 1502/2366/934 1526/2369/934 1525/2432/87
f 1494/2433/922 1495/2397/99 1519/2400/99 1518/2434/922
f 1487/2436/949 1488/2401/951 1512/2404/951 1511/2437/949
f 1432/2313/987 1529/2312/987 1528/2265/920 1433/2264/919
f 1552/2439/988 1553/2440/934 1648/2441/933 1647/2442/989
f 1553/2440/934 1554/2443/87 1649/2444/932 1648/2441/933
f 1554/2443/87 1555/2445/931 1650/2446/930 1649/2444/932
f 1555/2445/931 1556/2447/929 1651/2448/928 1650/2446/930
f 1556/2447/929 1557/2449/77 1652/2450/77 1651/2448/928
f 1557/2451/77 1558/2452/927 1653/2453/926 1652/2454/77
f 1558/2452/927 1559/2455/925 1654/2456/924 1653/2453/926
f 1559/2455/925 1560/2457/99 1655/2458/923 1654/2456/924
f 1560/2457/99 1561/2459/922 1656/2460/921 1655/2458/923
f 1561/2459/922 1562/2461/986 1657/2462/990 1656/2460/921
f 1562/2461/986 1563/2463/95 1658/2464/991 1657/2462/990
f 1563/2463/95 1564/2465/985 1659/2466/992 1658/2464/991
f 1564/2465/985 1565/2467/955 1660/2468/954 1659/2466/992
f 1565/2467/955 1566/2469/953 1661/2470/952 1660/2468/954
f 1566/2469/953 1567/2471/951 1662/2472/950 1661/2470/952
f 1567/2471/951 1568/2473/949 1663/2474/948 1662/2472/950
f 1568/2473/949 1569/2475/23 1664/2476/23 1663/2474/948
f 1569/2475/23 1570/2477/947 1665/2478/946 1664/2476/23
f 1570/2477/947 1571/2479/945 1666/2480/944 1665/2478/946
f 1571/2479/945 1572/2481/943 1667/2482/942 1666/2480/944
f 1572/2481/943 1573/2483/941 1668/2484/940 1667/2482/942
f 1573/2483/941 1574/2485/993 1669/2486/994 1668/2484/940
f 1574/2485/993 1432/2313/995 1529/2312/995 1669/2486/994
f 1561/2487/977 1585/2488/977 1586/2489/996 1562/2490/996
f 1586/2489/50 1610/2491/50 1611/2492/50 1587/2493/50
f 1566/2494/964 1590/2495/964 1591/2496/963 1567/2497/963
f 1571/2498/962 1595/2499/962 1596/2500/961 1572/2501/961
f 1554/2502/968 1578/2503/968 1579/2504/967 1555/2505/967
f 1559/2506/966 1583/2507/966 1584/2508/965 1560/2509/965
f 1564/2510/997 1588/2511/997 1589/2512/983 1565/2513/983
f 1569/2514/971 1593/2515/971 1594/2516/982 1570/2517/982
f 1574/2518/998 1598/2519/999 1575/2520/1000 1432/2346/1000
f 1552/2521/1001 1576/2522/1002 1577/2523/959 1553/2524/959
f 1557/2525/979 1581/2526/979 1582/2527/984 1558/2528/984
f 1562/2490/996 1586/2489/996 1587/2493/1003 1563/2529/1003
f 1567/2497/963 1591/2496/963 1592/2530/972 1568/2531/972
f 1572/2501/961 1596/2500/961 1597/2532/970 1573/2533/970
f 1555/2505/967 1579/2504/967 1580/2534/980 1556/2535/980
f 1560/2509/965 1584/2508/965 1585/2488/977 1561/2487/977
f 1565/2513/983 1589/2512/983 1590/2495/964 1566/2494/964
f 1570/2517/982 1594/2516/982 1595/2499/962 1571/2498/962
f 1553/2524/959 1577/2523/959 1578/2503/968 1554/2502/968
f 1558/2528/984 1582/2527/984 1583/2507/966 1559/2506/966
f 1432/2346/1000 1575/2520/1000 1576/2522/1002 1552/2521/1001
f 1563/2529/1003 1587/2493/1003 1588/2511/997 1564/2510/997
f 1568/2531/972 1592/2530/972 1593/2515/971 1569/2514/971
f 1573/2533/970 1597/2532/970 1598/2519/999 1574/2518/998
f 1556/2535/980 1580/2534/980 1581/2536/979 1557/2537/979
f 1621/2538/922 1645/2539/922 1646/2540/986 1622/2541/986
f 1579/2504/50 1603/2542/50 1604/2543/50 1580/2534/50
f 1594/2516/50 1618/2544/50 1619/2545/50 1595/2499/50
f 1587/2493/50 1611/2492/50 1612/2546/50 1588/2511/50
f 1580/2534/50 1604/2543/50 1605/2547/50 1581/2536/50
f 1595/2499/50 1619/2545/50 1620/2548/50 1596/2500/50
f 1588/2511/50 1612/2546/50 1613/2549/50 1589/2512/50
f 1581/2526/50 1605/2550/50 1606/2551/50 1582/2527/50
f 1596/2500/50 1620/2548/50 1621/2552/50 1597/2532/50
f 1589/2512/50 1613/2549/50 1614/2553/50 1590/2495/50
f 1582/2527/50 1606/2551/50 1607/2554/50 1583/2507/50
f 1597/2532/50 1621/2552/50 1622/2555/50 1598/2519/50
f 1575/2520/50 1599/2556/50 1600/2557/50 1576/2522/50
f 1590/2495/50 1614/2553/50 1615/2558/50 1591/2496/50
f 1583/2507/50 1607/2554/50 1608/2559/50 1584/2508/50
f 1598/2519/50 1622/2555/50 1599/2556/50 1575/2520/50
f 1576/2522/50 1600/2557/50 1601/2560/50 1577/2523/50
f 1591/2496/50 1615/2558/50 1616/2561/50 1592/2530/50
f 1584/2508/50 1608/2559/50 1609/2562/50 1585/2488/50
f 1577/2523/50 1601/2560/50 1602/2563/50 1578/2503/50
f 1592/2530/50 1616/2561/50 1617/2564/50 1593/2515/50
f 1585/2488/50 1609/2562/50 1610/2491/50 1586/2489/50
f 1578/2503/50 1602/2563/50 1603/2542/50 1579/2504/50
f 1593/2515/50 1617/2564/50 1618/2544/50 1594/2516/50
f 1599/2565/95 1623/2566/95 1624/2567/985 1600/2568/985
f 1614/2569/87 1638/2570/87 1639/2571/931 1615/2572/931
f 1607/2573/945 1631/2574/945 1632/2575/943 1608/2576/943
f 1622/2541/986 1646/2540/986 1623/2566/95 1599/2565/95
f 1600/2568/985 1624/2567/985 1625/2577/955 1601/2578/955
f 1615/2572/931 1639/2571/931 1640/2579/929 1616/2580/929
f 1608/2576/943 1632/2575/943 1633/2581/941 1609/2582/941
f 1601/2578/955 1625/2577/955 1626/2583/953 1602/2584/953
f 1616/2580/929 1640/2579/929 1641/2585/77 1617/2586/77
f 1609/2582/941 1633/2581/941 1634/2587/939 1610/2588/939
f 1602/2584/953 1626/2583/953 1627/2589/951 1603/2590/951
f 1617/2586/77 1641/2585/77 1642/2591/927 1618/2592/927
f 1610/2588/939 1634/2587/939 1635/2593/80 1611/2594/80
f 1603/2590/951 1627/2589/951 1628/2595/949 1604/2596/949
f 1618/2592/927 1642/2591/927 1643/2597/925 1619/2598/925
f 1611/2594/80 1635/2593/80 1636/2599/936 1612/2600/936
f 1604/2596/949 1628/2595/949 1629/2601/23 1605/2602/23
f 1619/2598/925 1643/2597/925 1644/2603/99 1620/2604/99
f 1612/2600/936 1636/2599/936 1637/2605/934 1613/2606/934
f 1605/2607/23 1629/2608/23 1630/2609/947 1606/2610/947
f 1620/2604/99 1644/2603/99 1645/2539/922 1621/2538/922
f 1613/2606/934 1637/2605/934 1638/2570/87 1614/2569/87
f 1606/2610/947 1630/2609/947 1631/2574/945 1607/2573/945
f 1432/2313/1004 1552/2439/988 1647/2442/989 1529/2312/1004
f 2220/2611/1005 2221/2612/1006 2224/2613/1007 2223/2614/1008
f 2221/2612/1006 2222/2615/1009 2225/2616/1010 2224/2613/1007
f 2223/2614/1008 2224/2613/1007 2227/2617/1011 2226/2618/1012
f 2224/2613/1007 2225/2616/1010 2228/2619/1013 2227/2617/1011
f 1693/2620/1014 1806/2621/1015 2220/2611/1005 1799/2622/1016
f 1806/2621/1015 1807/2623/1017 2221/2612/1006 2220/2611/1005
f 1807/2623/1017 1808/2624/1018 2222/2615/1009 2221/2612/1006
f 1808/2624/1018 1694/2625/1019 1782/2626/1020 2222/2615/1009
f 2222/2615/1009 1782/2626/1020 1783/2627/1021 2225/2616/1010
f 2225/2616/1010 1783/2627/1021 1784/2628/1022 2228/2619/1013
f 2228/2619/1013 1784/2628/1022 1691/2629/1023 1787/2630/1024
f 2227/2617/1011 2228/2619/1013 1787/2630/1024 1786/2631/1025
f 2226/2618/1012 2227/2617/1011 1786/2631/1025 1785/2632/1026
f 1797/2633/1027 2226/2618/1012 1785/2632/1026 1690/2634/1028
f 1798/2635/1029 2223/2614/1008 2226/2618/1012 1797/2633/1027
f 1799/2622/1016 2220/2611/1005 2223/2614/1008 1798/2635/1029
f 2229/2636/1030 2230/2637/1031 2233/2638/1032 2232/2639/1033
f 2230/2637/1031 2231/2640/1034 2234/2641/1035 2233/2638/1032
f 2232/2639/1033 2233/2638/1032 2236/2642/1036 2235/2643/1037
f 2233/2638/1032 2234/2641/1035 2237/2644/1038 2236/2642/1036
f 1692/2645/1039 1803/2646/1040 2229/2636/1030 1796/2647/1041
f 1803/2646/1040 1804/2648/1042 2230/2637/1031 2229/2636/1030
f 1804/2648/1042 1805/2649/1043 2231/2640/1034 2230/2637/1031
f 1805/2649/1043 1693/2620/1014 1799/2622/1016 2231/2640/1034
f 2231/2640/1034 1799/2622/1016 1798/2635/1029 2234/2641/1035
f 2234/2641/1035 1798/2635/1029 1797/2633/1027 2237/2644/1038
f 2237/2644/1038 1797/2633/1027 1690/2634/1028 1788/2650/1044
f 2236/2642/1036 2237/2644/1038 1788/2650/1044 1789/2651/1045
f 2235/2643/1037 2236/2642/1036 1789/2651/1045 1790/2652/1046
f 1794/2653/1047 2235/2643/1037 1790/2652/1046 1687/2654/1048
f 1795/2655/1049 2232/2639/1033 2235/2643/1037 1794/2653/1047
f 1796/2647/1041 2229/2636/1030 2232/2639/1033 1795/2655/1049
f 2238/2656/1050 2239/2657/1051 2242/2658/1052 2241/2659/1053
f 2239/2657/1051 2240/2660/1054 2243/2661/1055 2242/2658/1052
f 2241/2659/1053 2242/2658/1052 2245/2662/1056 2244/2663/1057
f 2242/2658/1052 2243/2661/1055 2246/2664/1058 2245/2662/1056
f 1702/2665/1059 1851/2666/1060 2238/2656/1050 1844/2667/1061
f 1851/2666/1060 1852/2668/1062 2239/2657/1051 2238/2656/1050
f 1852/2668/1062 1853/2669/1063 2240/2660/1054 2239/2657/1051
f 1853/2669/1063 1703/2670/1064 1847/2671/1065 2240/2660/1054
f 2240/2660/1054 1847/2671/1065 1846/2672/1066 2243/2661/1055
f 2243/2661/1055 1846/2672/1066 1845/2673/1067 2246/2664/1058
f 2246/2664/1058 1845/2673/1067 1693/2620/1014 1805/2649/1043
f 2245/2662/1056 2246/2664/1058 1805/2649/1043 1804/2648/1042
f 2244/2663/1057 2245/2662/1056 1804/2648/1042 1803/2646/1040
f 1842/2674/1068 2244/2663/1057 1803/2646/1040 1692/2645/1039
f 1843/2675/1069 2241/2659/1053 2244/2663/1057 1842/2674/1068
f 1844/2667/1061 2238/2656/1050 2241/2659/1053 1843/2675/1069
f 2247/2676/1070 2248/2677/1071 2251/2678/1072 2250/2679/1073
f 2248/2677/1071 2249/2680/1074 2252/2681/1075 2251/2678/1072
f 2250/2679/1073 2251/2678/1072 2254/2682/1076 2253/2683/1077
f 2251/2678/1072 2252/2681/1075 2255/2684/1078 2254/2682/1076
f 1703/2670/1064 1848/2685/1079 2247/2676/1070 1847/2671/1065
f 1848/2685/1079 1849/2686/1080 2248/2677/1071 2247/2676/1070
f 1849/2686/1080 1850/2687/1081 2249/2680/1074 2248/2677/1071
f 1850/2687/1081 1701/2688/1082 1800/2689/1083 2249/2680/1074
f 2249/2680/1074 1800/2689/1083 1801/2690/1084 2252/2681/1075
f 2252/2681/1075 1801/2690/1084 1802/2691/1085 2255/2684/1078
f 2255/2684/1078 1802/2691/1085 1694/2625/1019 1808/2624/1018
f 2254/2682/1076 2255/2684/1078 1808/2624/1018 1807/2623/1017
f 2253/2683/1077 2254/2682/1076 1807/2623/1017 1806/2621/1015
f 1845/2673/1067 2253/2683/1077 1806/2621/1015 1693/2620/1014
f 1846/2672/1066 2250/2679/1073 2253/2683/1077 1845/2673/1067
f 1847/2671/1065 2247/2676/1070 2250/2679/1073 1846/2672/1066
f 2256/2692/1086 2257/2693/1087 2260/2694/1088 2259/2695/1089
f 2257/2693/1087 2258/2696/1090 2261/2697/1091 2260/2694/1088
f 2259/2695/1089 2260/2694/1088 2263/2698/1092 2262/2699/1093
f 2260/2694/1088 2261/2697/1091 2264/2700/1094 2263/2698/1092
f 1688/2701/1095 1776/2702/1096 2256/2692/1086 1781/2703/1097
f 1776/2702/1096 1777/2704/1098 2257/2693/1087 2256/2692/1086
f 1777/2704/1098 1778/2705/1099 2258/2696/1090 2257/2693/1087
f 1778/2705/1099 1689/2706/1100 1815/2707/1101 2258/2696/1090
f 2258/2696/1090 1815/2707/1101 1816/2708/1102 2261/2697/1091
f 2261/2697/1091 1816/2708/1102 1817/2709/1103 2264/2700/1094
f 2264/2700/1094 1817/2709/1103 1697/2710/1104 1820/2711/1105
f 2263/2698/1092 2264/2700/1094 1820/2711/1105 1819/2712/1106
f 2262/2699/1093 2263/2698/1092 1819/2712/1106 1818/2713/1107
f 1779/2714/1108 2262/2699/1093 1818/2713/1107 1696/2715/1109
f 1780/2716/1110 2259/2695/1089 2262/2699/1093 1779/2714/1108
f 1781/2703/1097 2256/2692/1086 2259/2695/1089 1780/2716/1110
f 2265/2717/1111 2266/2718/1112 2269/2719/1113 2268/2720/1114
f 2266/2718/1112 2267/2721/1115 2270/2722/1116 2269/2719/1113
f 2268/2720/1114 2269/2719/1113 2272/2723/1117 2271/2724/1118
f 2269/2719/1113 2270/2722/1116 2273/2725/1119 2272/2723/1117
f 1686/2726/1120 1793/2727/1121 2265/2717/1111 1775/2728/1122
f 1793/2727/1121 1792/2729/1123 2266/2718/1112 2265/2717/1111
f 1792/2729/1123 1791/2730/1124 2267/2721/1115 2266/2718/1112
f 1791/2730/1124 1688/2701/1095 1781/2703/1097 2267/2721/1115
f 2267/2721/1115 1781/2703/1097 1780/2716/1110 2270/2722/1116
f 2270/2722/1116 1780/2716/1110 1779/2714/1108 2273/2725/1119
f 2273/2725/1119 1779/2714/1108 1696/2715/1109 1823/2731/1125
f 2272/2723/1117 2273/2725/1119 1823/2731/1125 1822/2732/1126
f 2271/2724/1118 2272/2723/1117 1822/2732/1126 1821/2733/1127
f 1773/2734/1128 2271/2724/1118 1821/2733/1127 1695/2735/1129
f 1774/2736/1130 2268/2720/1114 2271/2724/1118 1773/2734/1128
f 1775/2728/1122 2265/2717/1111 2268/2720/1114 1774/2736/1130
f 2274/2737/1131 2275/2738/1132 2278/2739/1133 2277/2740/1134
f 2275/2738/1132 2276/2741/1135 2279/2742/1136 2278/2739/1133
f 2277/2740/1134 2278/2739/1133 2281/2743/1137 2280/2744/1138
f 2278/2739/1133 2279/2742/1136 2282/2745/1139 2281/2743/1137
f 1686/2726/1120 1830/2746/1140 2274/2737/1131 1793/2727/1121
f 1830/2746/1140 1831/2747/1141 2275/2738/1132 2274/2737/1131
f 1831/2747/1141 1832/2748/1142 2276/2741/1135 2275/2738/1132
f 1832/2748/1142 1698/2749/1143 1829/2750/1144 2276/2741/1135
f 2276/2741/1135 1829/2750/1144 1828/2751/1145 2279/2742/1136
f 2279/2742/1136 1828/2751/1145 1827/2752/1146 2282/2745/1139
f 2282/2745/1139 1827/2752/1146 1699/2753/1147 1835/2754/1148
f 2281/2743/1137 2282/2745/1139 1835/2754/1148 1834/2755/1149
f 2280/2744/1138 2281/2743/1137 1834/2755/1149 1833/2756/1150
f 1791/2730/1124 2280/2744/1138 1833/2756/1150 1688/2701/1095
f 1792/2729/1123 2277/2740/1134 2280/2744/1138 1791/2730/1124
f 1793/2727/1121 2274/2737/1131 2277/2740/1134 1792/2729/1123
f 2283/2757/1151 2284/2758/1152 2287/2759/1153 2286/2760/1154
f 2284/2758/1152 2285/2761/1155 2288/2762/1156 2287/2759/1153
f 2286/2760/1154 2287/2759/1153 2290/2763/1157 2289/2764/1158
f 2287/2759/1153 2288/2762/1156 2291/2765/1159 2290/2763/1157
f 1688/2701/1095 1833/2756/1150 2283/2757/1151 1776/2702/1096
f 1833/2756/1150 1834/2755/1149 2284/2758/1152 2283/2757/1151
f 1834/2755/1149 1835/2754/1148 2285/2761/1155 2284/2758/1152
f 1835/2754/1148 1699/2753/1147 1824/2766/1160 2285/2761/1155
f 2285/2761/1155 1824/2766/1160 1825/2767/1161 2288/2762/1156
f 2288/2762/1156 1825/2767/1161 1826/2768/1162 2291/2765/1159
f 2291/2765/1159 1826/2768/1162 1700/2769/1163 1838/2770/1164
f 2290/2763/1157 2291/2765/1159 1838/2770/1164 1837/2771/1165
f 2289/2764/1158 2290/2763/1157 1837/2771/1165 1836/2772/1166
f 1778/2705/1099 2289/2764/1158 1836/2772/1166 1689/2706/1100
f 1777/2704/1098 2286/2760/1154 2289/2764/1158 1778/2705/1099
f 1776/2702/1096 2283/2757/1151 2286/2760/1154 1777/2704/1098
f 2292/2773/1167 2293/2774/1168 2296/2775/1169 2295/2776/1170
f 2293/2774/1168 2294/2777/1171 2297/2778/1172 2296/2775/1169
f 2295/2776/1170 2296/2775/1169 2299/2779/1173 2298/2780/1174
f 2296/2775/1169 2297/2778/1172 2300/2781/1175 2299/2779/1173
f 1696/2715/1109 1818/2713/1107 2292/2773/1167 1814/2782/1176
f 1818/2713/1107 1819/2712/1106 2293/2774/1168 2292/2773/1167
f 1819/2712/1106 1820/2711/1105 2294/2777/1171 2293/2774/1168
f 1820/2711/1105 1697/2710/1104 1839/2783/1177 2294/2777/1171
f 2294/2777/1171 1839/2783/1177 1840/2784/1178 2297/2778/1172
f 2297/2778/1172 1840/2784/1178 1841/2785/1179 2300/2781/1175
f 2300/2781/1175 1841/2785/1179 1701/2688/1082 1850/2687/1081
f 2299/2779/1173 2300/2781/1175 1850/2687/1081 1849/2686/1080
f 2298/2780/1174 2299/2779/1173 1849/2686/1080 1848/2685/1079
f 1812/2786/1180 2298/2780/1174 1848/2685/1079 1703/2670/1064
f 1813/2787/1181 2295/2776/1170 2298/2780/1174 1812/2786/1180
f 1814/2782/1176 2292/2773/1167 2295/2776/1170 1813/2787/1181
f 2301/2788/1182 2302/2789/1183 2305/2790/1184 2304/2791/1185
f 2302/2789/1183 2303/2792/1186 2306/2793/1187 2305/2790/1184
f 2304/2791/1185 2305/2790/1184 2308/2794/1188 2307/2795/1189
f 2305/2790/1184 2306/2793/1187 2309/2796/1190 2308/2794/1188
f 1695/2735/1129 1821/2733/1127 2301/2788/1182 1811/2797/1191
f 1821/2733/1127 1822/2732/1126 2302/2789/1183 2301/2788/1182
f 1822/2732/1126 1823/2731/1125 2303/2792/1186 2302/2789/1183
f 1823/2731/1125 1696/2715/1109 1814/2782/1176 2303/2792/1186
f 2303/2792/1186 1814/2782/1176 1813/2787/1181 2306/2793/1187
f 2306/2793/1187 1813/2787/1181 1812/2786/1180 2309/2796/1190
f 2309/2796/1190 1812/2786/1180 1703/2670/1064 1853/2669/1063
f 2308/2794/1188 2309/2796/1190 1853/2669/1063 1852/2668/1062
f 2307/2795/1189 2308/2794/1188 1852/2668/1062 1851/2666/1060
f 1809/2798/1049 2307/2795/1189 1851/2666/1060 1702/2665/1059
f 1810/2799/1192 2304/2791/1185 2307/2795/1189 1809/2798/1049
f 1811/2797/1191 2301/2788/1182 2304/2791/1185 1810/2799/1192
f 2310/2800/1193 2311/2801/1194 2314/2802/1195 2313/2803/1196
f 2311/2801/1197 2312/2804/1198 2315/2805/1199 2314/2802/1200
f 2313/2803/1196 2314/2802/1195 2317/2806/1201 2316/2807/1202
f 2314/2802/1200 2315/2805/1199 2318/2808/1203 2317/2806/1204
f 1735/2809/1205 2000/2810/1206 2310/2800/1193 2004/2811/1207
f 2000/2810/1206 1999/2812/1208 2311/2801/1194 2310/2800/1193
f 1999/2812/1209 1998/2813/1210 2312/2804/1198 2311/2801/1197
f 1998/2814/1210 1708/2815/1211 1868/2816/1212 2312/2817/1198
f 2312/2817/1198 1868/2816/1212 1867/2818/1213 2315/2819/1199
f 2315/2819/1199 1867/2818/1213 1866/2820/1214 2318/2821/1203
f 2318/2821/1203 1866/2820/1214 1709/2822/1215 1865/2823/1216
f 2317/2806/1204 2318/2808/1203 1865/2824/1216 1864/2825/1217
f 2316/2807/1202 2317/2806/1201 1864/2825/1218 1863/2826/1219
f 2006/2827/1220 2316/2807/1202 1863/2826/1219 1733/2828/1221
f 2005/2829/1222 2313/2803/1196 2316/2807/1202 2006/2827/1220
f 2004/2811/1207 2310/2800/1193 2313/2803/1196 2005/2829/1222
f 2319/2830/1223 2320/2831/1224 2323/2832/1225 2322/2833/1226
f 2320/2831/1224 2321/2834/1227 2324/2835/1228 2323/2832/1225
f 2322/2833/1226 2323/2832/1225 2326/2836/1229 2325/2837/1230
f 2323/2832/1225 2324/2835/1228 2327/2838/1231 2326/2836/1229
f 1734/2839/1232 1997/2840/1233 2319/2830/1223 2001/2841/1234
f 1997/2840/1233 1996/2842/1235 2320/2831/1224 2319/2830/1223
f 1996/2842/1235 1995/2843/1236 2321/2834/1227 2320/2831/1224
f 1995/2844/1236 1705/2845/1237 1871/2846/1238 2321/2847/1227
f 2321/2847/1227 1871/2846/1238 1870/2848/1239 2324/2849/1228
f 2324/2849/1228 1870/2848/1239 1869/2850/1240 2327/2851/1231
f 2327/2851/1231 1869/2850/1240 1708/2815/1211 1998/2814/1210
f 2326/2836/1229 2327/2838/1231 1998/2813/1210 1999/2812/1209
f 2325/2837/1230 2326/2836/1229 1999/2812/1208 2000/2810/1206
f 2003/2852/1241 2325/2837/1230 2000/2810/1206 1735/2809/1205
f 2002/2853/1242 2322/2833/1226 2325/2837/1230 2003/2852/1241
f 2001/2841/1234 2319/2830/1223 2322/2833/1226 2002/2853/1242
f 2328/2854/1243 2329/2855/1244 2332/2856/1245 2331/2857/1246
f 2329/2855/1244 2330/2858/1247 2333/2859/1248 2332/2856/1245
f 2331/2857/1246 2332/2856/1245 2335/2860/1249 2334/2861/1250
f 2332/2856/1245 2333/2859/1248 2336/2862/1251 2335/2860/1249
f 1720/2863/1252 1925/2864/1253 2328/2854/1243 1932/2865/1254
f 1925/2864/1253 1924/2866/1255 2329/2855/1244 2328/2854/1243
f 1924/2866/1255 1923/2867/1256 2330/2858/1247 2329/2855/1244
f 1923/2867/1256 1710/2868/1257 1884/2869/1258 2330/2858/1247
f 2330/2858/1247 1884/2869/1258 1885/2870/1259 2333/2859/1248
f 2333/2859/1248 1885/2870/1259 1886/2871/1260 2336/2862/1251
f 2336/2862/1251 1886/2871/1260 1711/2872/1261 1926/2873/1262
f 2335/2860/1249 2336/2862/1251 1926/2873/1262 1927/2874/1263
f 2334/2861/1250 2335/2860/1249 1927/2874/1263 1928/2875/1264
f 1934/2876/1265 2334/2861/1250 1928/2875/1264 1721/2877/1266
f 1933/2878/1267 2331/2857/1246 2334/2861/1250 1934/2876/1265
f 1932/2865/1254 2328/2854/1243 2331/2857/1246 1933/2878/1267
f 2337/2879/1268 2338/2880/1269 2341/2881/1270 2340/2882/1271
f 2338/2880/1269 2339/2883/1272 2342/2884/1273 2341/2881/1270
f 2340/2882/1271 2341/2881/1270 2344/2885/1274 2343/2886/1275
f 2341/2881/1270 2342/2884/1273 2345/2887/1276 2344/2885/1274
f 1721/2877/1266 1928/2875/1264 2337/2879/1268 1929/2888/1277
f 1928/2875/1264 1927/2874/1263 2338/2880/1269 2337/2879/1268
f 1927/2874/1263 1926/2873/1262 2339/2883/1272 2338/2880/1269
f 1926/2873/1262 1711/2872/1261 1887/2889/1278 2339/2883/1272
f 2339/2883/1272 1887/2889/1278 1888/2890/1279 2342/2884/1273
f 2342/2884/1273 1888/2890/1279 1889/2891/1280 2345/2887/1276
f 2345/2887/1276 1889/2891/1280 1712/2892/1281 1883/2893/1282
f 2344/2885/1274 2345/2887/1276 1883/2893/1282 1882/2894/1283
f 2343/2886/1275 2344/2885/1274 1882/2894/1283 1881/2895/1284
f 1931/2896/1285 2343/2886/1275 1881/2895/1284 1719/2897/1286
f 1930/2898/1287 2340/2882/1271 2343/2886/1275 1931/2896/1285
f 1929/2888/1277 2337/2879/1268 2340/2882/1271 1930/2898/1287
f 2346/2899/1288 2347/2900/1289 2350/2901/1290 2349/2902/1291
f 2347/2900/1289 2348/2903/1292 2351/2904/1293 2350/2901/1290
f 2349/2902/1291 2350/2901/1290 2353/2905/1294 2352/2906/1295
f 2350/2901/1290 2351/2904/1293 2354/2907/1296 2353/2905/1294
f 1706/2908/1297 1862/2909/1298 2346/2899/1288 1857/2910/1299
f 1862/2909/1298 1861/2911/1300 2347/2900/1289 2346/2899/1288
f 1861/2911/1300 1860/2912/1301 2348/2903/1292 2347/2900/1289
f 1860/2912/1301 1714/2913/1302 1899/2914/1303 2348/2903/1292
f 2348/2903/1292 1899/2914/1303 1900/2915/1304 2351/2904/1293
f 2351/2904/1293 1900/2915/1304 1901/2916/1305 2354/2907/1296
f 2354/2907/1296 1901/2916/1305 1715/2917/1306 1898/2918/1307
f 2353/2905/1294 2354/2907/1296 1898/2918/1307 1897/2919/1308
f 2352/2906/1295 2353/2905/1294 1897/2919/1308 1896/2920/1309
f 1859/2921/1310 2352/2906/1295 1896/2920/1309 1707/2922/1311
f 1858/2923/1312 2349/2902/1291 2352/2906/1295 1859/2921/1310
f 1857/2910/1299 2346/2899/1288 2349/2902/1291 1858/2923/1312
f 2355/2924/1313 2356/2925/1314 2359/2926/1315 2358/2927/1316
f 2356/2925/1314 2357/2928/1317 2360/2929/1318 2359/2926/1315
f 2358/2927/1316 2359/2926/1315 2362/2930/1319 2361/2931/1320
f 2359/2926/1315 2360/2929/1318 2363/2932/1321 2362/2930/1319
f 1704/2933/1322 1856/2934/1323 2355/2924/1313 1874/2935/1324
f 1856/2934/1323 1855/2936/1325 2356/2925/1314 2355/2924/1313
f 1855/2936/1325 1854/2937/1326 2357/2928/1317 2356/2925/1314
f 1854/2937/1326 1713/2938/1327 1902/2939/1328 2357/2928/1317
f 2357/2928/1317 1902/2939/1328 1903/2940/1329 2360/2929/1318
f 2360/2929/1318 1903/2940/1329 1904/2941/1330 2363/2932/1321
f 2363/2932/1321 1904/2941/1330 1714/2913/1302 1860/2912/1301
f 2362/2930/1319 2363/2932/1321 1860/2912/1301 1861/2911/1300
f 2361/2931/1320 2362/2930/1319 1861/2911/1300 1862/2909/1298
f 1872/2942/1331 2361/2931/1320 1862/2909/1298 1706/2908/1297
f 1873/2943/1332 2358/2927/1316 2361/2931/1320 1872/2942/1331
f 1874/2935/1324 2355/2924/1313 2358/2927/1316 1873/2943/1332
f 2364/2944/1333 2365/2945/1334 2368/2946/1335 2367/2947/1336
f 2365/2945/1334 2366/2948/1337 2369/2949/1338 2368/2946/1335
f 2367/2947/1336 2368/2946/1335 2371/2950/1339 2370/2951/1340
f 2368/2946/1335 2369/2949/1338 2372/2952/1341 2371/2950/1339
f 1704/2933/1322 1874/2935/1324 2364/2944/1333 1911/2953/1342
f 1874/2935/1324 1873/2943/1332 2365/2945/1334 2364/2944/1333
f 1873/2943/1332 1872/2942/1331 2366/2948/1337 2365/2945/1334
f 1872/2942/1331 1706/2908/1297 1914/2954/1343 2366/2948/1337
f 2366/2948/1337 1914/2954/1343 1915/2955/1344 2369/2949/1338
f 2369/2949/1338 1915/2955/1344 1916/2956/1345 2372/2952/1341
f 2372/2952/1341 1916/2956/1345 1717/2957/1346 1910/2958/1347
f 2371/2950/1339 2372/2952/1341 1910/2958/1347 1909/2959/1348
f 2370/2951/1340 2371/2950/1339 1909/2959/1348 1908/2960/1349
f 1913/2961/1350 2370/2951/1340 1908/2960/1349 1716/2962/1351
f 1912/2963/1352 2367/2947/1336 2370/2951/1340 1913/2961/1350
f 1911/2953/1342 2364/2944/1333 2367/2947/1336 1912/2963/1352
f 2373/2964/1353 2374/2965/1354 2377/2966/1355 2376/2967/1356
f 2374/2965/1354 2375/2968/1357 2378/2969/1358 2377/2966/1355
f 2376/2967/1356 2377/2966/1355 2380/2970/1359 2379/2971/1360
f 2377/2966/1355 2378/2969/1358 2381/2972/1361 2380/2970/1359
f 1706/2908/1297 1857/2910/1299 2373/2964/1353 1914/2954/1343
f 1857/2910/1299 1858/2923/1312 2374/2965/1354 2373/2964/1353
f 1858/2923/1312 1859/2921/1310 2375/2968/1357 2374/2965/1354
f 1859/2921/1310 1707/2922/1311 1919/2973/1362 2375/2968/1357
f 2375/2968/1357 1919/2973/1362 1918/2974/1363 2378/2969/1358
f 2378/2969/1358 1918/2974/1363 1917/2975/1364 2381/2972/1361
f 2381/2972/1361 1917/2975/1364 1718/2976/1365 1907/2977/1366
f 2380/2970/1359 2381/2972/1361 1907/2977/1366 1906/2978/1367
f 2379/2971/1360 2380/2970/1359 1906/2978/1367 1905/2979/1368
f 1916/2956/1345 2379/2971/1360 1905/2979/1368 1717/2957/1346
f 1915/2955/1344 2376/2967/1356 2379/2971/1360 1916/2956/1345
f 1914/2954/1343 2373/2964/1353 2376/2967/1356 1915/2955/1344
f 2382/2980/1369 2383/2981/1370 2386/2982/1371 2385/2983/1372
f 2383/2981/1370 2384/2984/1373 2387/2985/1374 2386/2982/1371
f 2385/2983/1372 2386/2982/1371 2389/2986/1375 2388/2987/1376
f 2386/2982/1371 2387/2985/1374 2390/2988/1377 2389/2986/1375
f 1714/2913/1302 1895/2989/1378 2382/2980/1369 1899/2914/1303
f 1895/2989/1378 1894/2990/1379 2383/2981/1370 2382/2980/1369
f 1894/2990/1379 1893/2991/1380 2384/2984/1373 2383/2981/1370
f 1893/2991/1380 1721/2877/1266 1929/2888/1277 2384/2984/1373
f 2384/2984/1373 1929/2888/1277 1930/2898/1287 2387/2985/1374
f 2387/2985/1374 1930/2898/1287 1931/2896/1285 2390/2988/1377
f 2390/2988/1377 1931/2896/1285 1719/2897/1286 1922/2992/1381
f 2389/2986/1375 2390/2988/1377 1922/2992/1381 1921/2993/1382
f 2388/2987/1376 2389/2986/1375 1921/2993/1382 1920/2994/1383
f 1901/2916/1305 2388/2987/1376 1920/2994/1383 1715/2917/1306
f 1900/2915/1304 2385/2983/1372 2388/2987/1376 1901/2916/1305
f 1899/2914/1303 2382/2980/1369 2385/2983/1372 1900/2915/1304
f 2391/2995/1384 2392/2996/1385 2395/2997/1386 2394/2998/1387
f 2392/2996/1385 2393/2999/1388 2396/3000/1389 2395/2997/1386
f 2394/2998/1387 2395/2997/1386 2398/3001/1390 2397/3002/1391
f 2395/2997/1386 2396/3000/1389 2399/3003/1392 2398/3001/1390
f 1713/2938/1327 1892/3004/1393 2391/2995/1384 1902/2939/1328
f 1892/3004/1393 1891/3005/1394 2392/2996/1385 2391/2995/1384
f 1891/3005/1394 1890/3006/1395 2393/2999/1388 2392/2996/1385
f 1890/3006/1395 1720/2863/1252 1932/2865/1254 2393/2999/1388
f 2393/2999/1388 1932/2865/1254 1933/2878/1267 2396/3000/1389
f 2396/3000/1389 1933/2878/1267 1934/2876/1265 2399/3003/1392
f 2399/3003/1392 1934/2876/1265 1721/2877/1266 1893/2991/1380
f 2398/3001/1390 2399/3003/1392 1893/2991/1380 1894/2990/1379
f 2397/3002/1391 2398/3001/1390 1894/2990/1379 1895/2989/1378
f 1904/2941/1330 2397/3002/1391 1895/2989/1378 1714/2913/1302
f 1903/2940/1329 2394/2998/1387 2397/3002/1391 1904/2941/1330
f 1902/2939/1328 2391/2995/1384 2394/2998/1387 1903/2940/1329
f 2400/3007/1396 2401/3008/1397 2404/3009/1398 2403/3010/1399
f 2401/3008/1397 2402/3011/1400 2405/3012/1401 2404/3009/1398
f 2403/3010/1399 2404/3009/1398 2407/3013/1402 2406/3014/1403
f 2404/3009/1398 2405/3012/1401 2408/3015/1404 2407/3013/1402
f 1716/2962/1351 1908/2960/1349 2400/3007/1396 1943/3016/1405
f 1908/2960/1349 1909/2959/1348 2401/3008/1397 2400/3007/1396
f 1909/2959/1348 1910/2958/1347 2402/3011/1400 2401/3008/1397
f 1910/2958/1347 1717/2957/1346 1944/3017/1406 2402/3011/1400
f 2402/3011/1400 1944/3017/1406 1945/3018/1407 2405/3012/1401
f 2405/3012/1401 1945/3018/1407 1946/3019/1408 2408/3015/1404
f 2408/3015/1404 1946/3019/1408 1723/3020/1409 1940/3021/1410
f 2407/3013/1402 2408/3015/1404 1940/3021/1410 1939/3022/1411
f 2406/3014/1403 2407/3013/1402 1939/3022/1411 1938/3023/1412
f 1941/3024/1413 2406/3014/1403 1938/3023/1412 1722/3025/1414
f 1942/3026/1415 2403/3010/1399 2406/3014/1403 1941/3024/1413
f 1943/3016/1405 2400/3007/1396 2403/3010/1399 1942/3026/1415
f 2409/3027/1416 2410/3028/1417 2413/3029/1418 2412/3030/1419
f 2410/3028/1417 2411/3031/1420 2414/3032/1421 2413/3029/1418
f 2412/3030/1419 2413/3029/1418 2416/3033/1422 2415/3034/1423
f 2413/3029/1418 2414/3032/1421 2417/3035/1424 2416/3033/1422
f 1717/2957/1346 1905/2979/1368 2409/3027/1416 1944/3017/1406
f 1905/2979/1368 1906/2978/1367 2410/3028/1417 2409/3027/1416
f 1906/2978/1367 1907/2977/1366 2411/3031/1420 2410/3028/1417
f 1907/2977/1366 1718/2976/1365 1947/3036/1425 2411/3031/1420
f 2411/3031/1420 1947/3036/1425 1948/3037/1426 2414/3032/1421
f 2414/3032/1421 1948/3037/1426 1949/3038/1427 2417/3035/1424
f 2417/3035/1424 1949/3038/1427 1724/3039/1428 1937/3040/1429
f 2416/3033/1422 2417/3035/1424 1937/3040/1429 1936/3041/1430
f 2415/3034/1423 2416/3033/1422 1936/3041/1430 1935/3042/1431
f 1946/3019/1408 2415/3034/1423 1935/3042/1431 1723/3020/1409
f 1945/3018/1407 2412/3030/1419 2415/3034/1423 1946/3019/1408
f 1944/3017/1406 2409/3027/1416 2412/3030/1419 1945/3018/1407
f 2418/3043/1432 2419/3044/1433 2422/3045/1434 2421/3046/1435
f 2419/3044/1433 2420/3047/1436 2423/3048/1437 2422/3045/1434
f 2421/3049/1438 2422/3050/1434 2425/3051/1439 2424/3052/1440
f 2422/3050/1434 2423/3053/1437 2426/3054/1441 2425/3051/1439
f 1729/3055/1442 1985/3056/1443 2418/3043/1432 1973/3057/1444
f 1985/3056/1443 1984/3058/1445 2419/3044/1433 2418/3043/1432
f 1984/3058/1445 1983/3059/1446 2420/3047/1436 2419/3044/1433
f 1983/3059/1446 1730/3060/1447 1959/3061/1448 2420/3047/1436
f 2420/3047/1436 1959/3061/1448 1960/3062/1449 2423/3048/1437
f 2423/3053/1437 1960/3063/1449 1961/3064/1450 2426/3054/1441
f 2426/3054/1441 1961/3064/1450 1726/3065/1451 1955/3066/1452
f 2425/3051/1439 2426/3054/1441 1955/3066/1452 1954/3067/1453
f 2424/3052/1440 2425/3051/1439 1954/3067/1453 1953/3068/1454
f 1971/3069/1455 2424/3052/1440 1953/3068/1454 1725/3070/1456
f 1972/3071/1457 2421/3049/1438 2424/3052/1440 1971/3069/1455
f 1973/3057/1444 2418/3043/1432 2421/3046/1435 1972/3072/1458
f 2427/3073/1459 2428/3074/1460 2431/3075/1461 2430/3076/1462
f 2428/3074/1460 2429/3077/1463 2432/3078/1464 2431/3075/1461
f 2430/3079/1465 2431/3080/1466 2434/3081/1467 2433/3082/1468
f 2431/3080/1466 2432/3083/1469 2435/3084/1470 2434/3081/1467
f 1730/3060/1447 1982/3085/1471 2427/3073/1459 1959/3061/1448
f 1982/3085/1471 1981/3086/1472 2428/3074/1460 2427/3073/1459
f 1981/3086/1472 1980/3087/1473 2429/3077/1463 2428/3074/1460
f 1980/3087/1473 1731/3088/1474 1962/3089/1475 2429/3077/1463
f 2429/3077/1463 1962/3089/1475 1963/3090/1476 2432/3078/1464
f 2432/3083/1469 1963/3091/1477 1964/3092/1478 2435/3084/1470
f 2435/3084/1470 1964/3092/1478 1727/3093/1479 1952/3094/1480
f 2434/3081/1467 2435/3084/1470 1952/3094/1480 1951/3095/1481
f 2433/3082/1468 2434/3081/1467 1951/3095/1481 1950/3096/1482
f 1961/3064/1450 2433/3082/1468 1950/3096/1482 1726/3065/1451
f 1960/3063/1449 2430/3079/1465 2433/3082/1468 1961/3064/1450
f 1959/3061/1448 2427/3073/1459 2430/3076/1462 1960/3062/1449
f 2436/3097/1483 2437/3098/1484 2440/3099/1485 2439/3100/1486
f 2437/3098/1484 2438/3101/1487 2441/3102/1488 2440/3099/1485
f 2439/3100/1486 2440/3099/1485 2443/3103/1489 2442/3104/1490
f 2440/3099/1485 2441/3102/1488 2444/3105/1491 2443/3103/1489
f 1725/3070/1456 1953/3068/1454 2436/3097/1483 1967/3106/1492
f 1953/3068/1454 1954/3067/1453 2437/3098/1484 2436/3097/1483
f 1954/3067/1453 1955/3066/1452 2438/3101/1487 2437/3098/1484
f 1955/3066/1452 1726/3065/1451 1950/3096/1482 2438/3101/1487
f 2438/3101/1487 1950/3096/1482 1951/3095/1481 2441/3102/1488
f 2441/3102/1488 1951/3095/1481 1952/3094/1480 2444/3105/1491
f 2444/3105/1491 1952/3094/1480 1727/3093/1479 1970/3107/1493
f 2443/3103/1489 2444/3105/1491 1970/3107/1493 1969/3108/1494
f 2442/3104/1490 2443/3103/1489 1969/3108/1494 1968/3109/1495
f 1965/3110/1496 2442/3104/1490 1968/3109/1495 1728/3111/1497
f 1966/3112/1498 2439/3100/1486 2442/3104/1490 1965/3110/1496
f 1967/3106/1492 2436/3097/1483 2439/3100/1486 1966/3112/1498
f 2445/3113/1499 2446/3114/1500 2449/3115/1501 2448/3116/1502
f 2446/3114/1500 2447/3117/1503 2450/3118/1504 2449/3115/1501
f 2448/3116/1502 2449/3115/1501 2452/3119/1505 2451/3120/1506
f 2449/3115/1501 2450/3118/1504 2453/3121/1507 2452/3119/1505
f 1723/3020/1409 1935/3042/1431 2445/3113/1499 1974/3122/1508
f 1935/3042/1431 1936/3041/1430 2446/3114/1500 2445/3113/1499
f 1936/3041/1430 1937/3040/1429 2447/3117/1503 2446/3114/1500
f 1937/3040/1429 1724/3039/1428 1977/3123/1509 2447/3117/1503
f 2447/3117/1503 1977/3123/1509 1978/3124/1510 2450/3118/1504
f 2450/3118/1504 1978/3124/1510 1979/3125/1511 2453/3121/1507
f 2453/3121/1507 1979/3125/1511 1731/3088/1474 1980/3087/1473
f 2452/3119/1505 2453/3121/1507 1980/3087/1473 1981/3086/1472
f 2451/3120/1506 2452/3119/1505 1981/3086/1472 1982/3085/1471
f 1976/3126/1512 2451/3120/1506 1982/3085/1471 1730/3060/1447
f 1975/3127/1513 2448/3116/1502 2451/3120/1506 1976/3126/1512
f 1974/3122/1508 2445/3113/1499 2448/3116/1502 1975/3127/1513
f 2454/3128/1514 2455/3129/1515 2458/3130/1516 2457/3131/1517
f 2455/3129/1515 2456/3132/1518 2459/3133/1519 2458/3130/1516
f 2457/3131/1517 2458/3130/1516 2461/3134/1520 2460/3135/1521
f 2458/3130/1516 2459/3133/1519 2462/3136/1522 2461/3134/1520
f 1722/3025/1414 1938/3023/1412 2454/3128/1514 1958/3137/1523
f 1938/3023/1412 1939/3022/1411 2455/3129/1515 2454/3128/1514
f 1939/3022/1411 1940/3021/1410 2456/3132/1518 2455/3129/1515
f 1940/3021/1410 1723/3020/1409 1974/3122/1508 2456/3132/1518
f 2456/3132/1518 1974/3122/1508 1975/3127/1513 2459/3133/1519
f 2459/3133/1519 1975/3127/1513 1976/3126/1512 2462/3136/1522
f 2462/3136/1522 1976/3126/1512 1730/3060/1447 1983/3059/1446
f 2461/3134/1520 2462/3136/1522 1983/3059/1446 1984/3058/1445
f 2460/3135/1521 2461/3134/1520 1984/3058/1445 1985/3056/1443
f 1956/3138/1524 2460/3135/1521 1985/3056/1443 1729/3055/1442
f 1957/3139/1525 2457/3131/1517 2460/3135/1521 1956/3138/1524
f 1958/3137/1523 2454/3128/1514 2457/3131/1517 1957/3139/1525
f 2463/3140/1526 2464/3141/1527 2467/3142/1528 2466/3143/1529
f 2464/3141/1527 2465/3144/1530 2468/3145/1531 2467/3142/1528
f 2466/3143/1529 2467/3142/1528 2470/3146/1532 2469/3147/1533
f 2467/3142/1528 2468/3145/1531 2471/3148/1534 2470/3146/1532
f 1708/2815/1211 1869/2850/1240 2463/3140/1526 1868/2816/1212
f 1869/2850/1240 1870/2848/1239 2464/3141/1527 2463/3140/1526
f 1870/2848/1239 1871/2846/1238 2465/3144/1530 2464/3141/1527
f 1871/2846/1238 1705/2845/1237 1986/3149/1535 2465/3144/1530
f 2465/3144/1530 1986/3149/1535 1987/3150/1536 2468/3145/1531
f 2468/3145/1531 1987/3150/1536 1988/3151/1537 2471/3148/1534
f 2471/3148/1534 1988/3151/1537 1732/3152/1538 1991/3153/1539
f 2470/3146/1532 2471/3148/1534 1991/3153/1539 1990/3154/1540
f 2469/3147/1533 2470/3146/1532 1990/3154/1540 1989/3155/1541
f 1866/2820/1214 2469/3147/1533 1989/3155/1541 1709/2822/1215
f 1867/2818/1213 2466/3143/1529 2469/3147/1533 1866/2820/1214
f 1868/2816/1212 2463/3140/1526 2466/3143/1529 1867/2818/1213
f 2472/3156/1542 2473/3157/1543 2476/3158/1544 2475/3159/1545
f 2473/3157/1543 2474/3160/1546 2477/3161/1547 2476/3158/1544
f 2475/3159/1545 2476/3158/1544 2479/3162/1548 2478/3163/1549
f 2476/3158/1544 2477/3161/1547 2480/3164/1550 2479/3162/1548
f 1710/2868/1257 1877/3165/1551 2472/3156/1542 1884/2869/1258
f 1877/3165/1551 1876/3166/1552 2473/3157/1543 2472/3156/1542
f 1876/3166/1552 1875/3167/1553 2474/3160/1546 2473/3157/1543
f 1875/3167/1553 1734/2839/1232 2001/2841/1234 2474/3160/1546
f 2474/3160/1546 2001/2841/1234 2002/2853/1242 2477/3161/1547
f 2477/3161/1547 2002/2853/1242 2003/2852/1241 2480/3164/1550
f 2480/3164/1550 2003/2852/1241 1735/2809/1205 1878/3168/1554
f 2479/3162/1548 2480/3164/1550 1878/3168/1554 1879/3169/1555
f 2478/3163/1549 2479/3162/1548 1879/3169/1555 1880/3170/1556
f 1886/2871/1260 2478/3163/1549 1880/3170/1556 1711/2872/1261
f 1885/2870/1259 2475/3159/1545 2478/3163/1549 1886/2871/1260
f 1884/2869/1258 2472/3156/1542 2475/3159/1545 1885/2870/1259
f 2481/3171/1557 2482/3172/1558 2485/3173/1559 2484/3174/1560
f 2482/3172/1558 2483/3175/1561 2486/3176/1562 2485/3173/1559
f 2484/3174/1560 2485/3173/1559 2488/3177/1563 2487/3178/1564
f 2485/3173/1559 2486/3176/1562 2489/3179/1565 2488/3177/1563
f 1711/2872/1261 1880/3170/1556 2481/3171/1557 1887/2889/1278
f 1880/3170/1556 1879/3169/1555 2482/3172/1558 2481/3171/1557
f 1879/3169/1555 1878/3168/1554 2483/3175/1561 2482/3172/1558
f 1878/3168/1554 1735/2809/1205 2004/2811/1207 2483/3175/1561
f 2483/3175/1561 2004/2811/1207 2005/2829/1222 2486/3176/1562
f 2486/3176/1562 2005/2829/1222 2006/2827/1220 2489/3179/1565
f 2489/3179/1565 2006/2827/1220 1733/2828/1221 1994/3180/1566
f 2488/3177/1563 2489/3179/1565 1994/3180/1566 1993/3181/1567
f 2487/3178/1564 2488/3177/1563 1993/3181/1567 1992/3182/1568
f 1889/2891/1280 2487/3178/1564 1992/3182/1568 1712/2892/1281
f 1888/2890/1279 2484/3174/1560 2487/3178/1564 1889/2891/1280
f 1887/2889/1278 2481/3171/1557 2484/3174/1560 1888/2890/1279
f 2490/3183/1569 2491/3184/1570 2494/3185/1571 2493/3186/1572
f 2491/3184/1570 2492/3187/1573 2495/3188/1574 2494/3185/1571
f 2493/3186/1572 2494/3185/1571 2497/3189/1575 2496/3190/1576
f 2494/3185/1571 2495/3188/1574 2498/3191/1577 2497/3189/1575
f 1699/2753/1147 1827/2752/1146 2490/3183/1569 2015/3192/1578
f 1827/2752/1146 1828/2751/1145 2491/3184/1570 2490/3183/1569
f 1828/2751/1145 1829/2750/1144 2492/3187/1573 2491/3184/1570
f 1829/2750/1144 1698/2749/1143 2016/3193/1579 2492/3187/1573
f 2492/3187/1573 2016/3193/1579 2017/3194/1580 2495/3188/1574
f 2495/3188/1574 2017/3194/1580 2018/3195/1581 2498/3191/1577
f 2498/3191/1577 2018/3195/1581 1736/3196/1061 2012/3197/1582
f 2497/3189/1575 2498/3191/1577 2012/3197/1582 2011/3198/1583
f 2496/3190/1576 2497/3189/1575 2011/3198/1583 2010/3199/1584
f 2013/3200/1585 2496/3190/1576 2010/3199/1584 1737/3201/1586
f 2014/3202/1587 2493/3186/1572 2496/3190/1576 2013/3200/1585
f 2015/3192/1578 2490/3183/1569 2493/3186/1572 2014/3202/1587
f 2499/3203/1588 2500/3204/1589 2503/3205/1590 2502/3206/1591
f 2500/3204/1589 2501/3207/1592 2504/3208/1593 2503/3205/1590
f 2502/3206/1591 2503/3205/1590 2506/3209/1594 2505/3210/1595
f 2503/3205/1590 2504/3208/1593 2507/3211/1596 2506/3209/1594
f 1700/2769/1163 1826/2768/1162 2499/3203/1588 2021/3212/1597
f 1826/2768/1162 1825/2767/1161 2500/3204/1589 2499/3203/1588
f 1825/2767/1161 1824/2766/1160 2501/3207/1592 2500/3204/1589
f 1824/2766/1160 1699/2753/1147 2015/3192/1578 2501/3207/1592
f 2501/3207/1592 2015/3192/1578 2014/3202/1587 2504/3208/1593
f 2504/3208/1593 2014/3202/1587 2013/3200/1585 2507/3211/1596
f 2507/3211/1596 2013/3200/1585 1737/3201/1586 2007/3213/1598
f 2506/3209/1594 2507/3211/1596 2007/3213/1598 2008/3214/1599
f 2505/3210/1595 2506/3209/1594 2008/3214/1599 2009/3215/1600
f 2019/3216/1601 2505/3210/1595 2009/3215/1600 1738/3217/1602
f 2020/3218/1603 2502/3206/1591 2505/3210/1595 2019/3216/1601
f 2021/3212/1597 2499/3203/1588 2502/3206/1591 2020/3218/1603
f 2508/3219/1604 2509/3220/1605 2512/3221/1606 2511/3222/1607
f 2509/3220/1605 2510/3223/1608 2513/3224/1609 2512/3221/1606
f 2511/3222/1607 2512/3221/1606 2515/3225/1610 2514/3226/1611
f 2512/3221/1606 2513/3224/1609 2516/3227/1612 2515/3225/1610
f 1744/3228/1613 2045/3229/1614 2508/3219/1604 2049/3230/1615
f 2045/3229/1614 2044/3231/1616 2509/3220/1605 2508/3219/1604
f 2044/3231/1616 2043/3232/1617 2510/3223/1608 2509/3220/1605
f 2043/3232/1617 1742/3233/1618 2031/3234/1619 2510/3223/1608
f 2510/3223/1608 2031/3234/1619 2032/3235/1620 2513/3224/1609
f 2513/3224/1609 2032/3235/1620 2033/3236/1621 2516/3227/1612
f 2516/3227/1612 2033/3236/1621 1691/2629/1023 1784/2628/1022
f 2515/3225/1610 2516/3227/1612 1784/2628/1022 1783/2627/1021
f 2514/3226/1611 2515/3225/1610 1783/2627/1021 1782/2626/1020
f 2051/3237/1622 2514/3226/1611 1782/2626/1020 1694/2625/1019
f 2050/3238/1623 2511/3222/1607 2514/3226/1611 2051/3237/1622
f 2049/3230/1615 2508/3219/1604 2511/3222/1607 2050/3238/1623
f 2517/3239/1624 2518/3240/1625 2521/3241/1626 2520/3242/1627
f 2518/3240/1625 2519/3243/1628 2522/3244/1629 2521/3241/1626
f 2520/3242/1627 2521/3241/1626 2524/3245/1630 2523/3246/1631
f 2521/3241/1626 2522/3244/1629 2525/3247/1632 2524/3245/1630
f 1743/3248/1633 2042/3249/1634 2517/3239/1624 2046/3250/1635
f 2042/3249/1634 2041/3251/1636 2518/3240/1625 2517/3239/1624
f 2041/3251/1636 2040/3252/1637 2519/3243/1628 2518/3240/1625
f 2040/3252/1637 1740/3253/1638 2036/3254/1639 2519/3243/1628
f 2519/3243/1628 2036/3254/1639 2035/3255/1640 2522/3244/1629
f 2522/3244/1629 2035/3255/1640 2034/3256/1641 2525/3247/1632
f 2525/3247/1632 2034/3256/1641 1742/3233/1618 2043/3232/1617
f 2524/3245/1630 2525/3247/1632 2043/3232/1617 2044/3231/1616
f 2523/3246/1631 2524/3245/1630 2044/3231/1616 2045/3229/1614
f 2048/3257/1642 2523/3246/1631 2045/3229/1614 1744/3228/1613
f 2047/3258/1643 2520/3242/1627 2523/3246/1631 2048/3257/1642
f 2046/3250/1635 2517/3239/1624 2520/3242/1627 2047/3258/1643
f 2526/3259/1644 2527/3260/1645 2530/3261/1646 2529/3262/1647
f 2527/3260/1645 2528/3263/1648 2531/3264/1649 2530/3261/1646
f 2529/3262/1647 2530/3261/1646 2533/3265/1650 2532/3266/1651
f 2530/3261/1646 2531/3264/1649 2534/3267/1652 2533/3265/1650
f 1749/3268/1653 2078/3269/1654 2526/3259/1644 2085/3270/1655
f 2078/3269/1654 2077/3271/1656 2527/3260/1645 2526/3259/1644
f 2077/3271/1656 2076/3272/1657 2528/3263/1648 2527/3260/1645
f 2076/3272/1657 1743/3248/1633 2046/3250/1635 2528/3263/1648
f 2528/3263/1648 2046/3250/1635 2047/3258/1643 2531/3264/1649
f 2531/3264/1649 2047/3258/1643 2048/3257/1642 2534/3267/1652
f 2534/3267/1652 2048/3257/1642 1744/3228/1613 2079/3273/1658
f 2533/3265/1650 2534/3267/1652 2079/3273/1658 2080/3274/1659
f 2532/3266/1651 2533/3265/1650 2080/3274/1659 2081/3275/1660
f 2087/3276/1661 2532/3266/1651 2081/3275/1660 1750/3277/1662
f 2086/3278/1663 2529/3262/1647 2532/3266/1651 2087/3276/1661
f 2085/3270/1655 2526/3259/1644 2529/3262/1647 2086/3278/1663
f 2535/3279/1664 2536/3280/1665 2539/3281/1666 2538/3282/1667
f 2536/3280/1665 2537/3283/1668 2540/3284/1669 2539/3281/1666
f 2538/3282/1667 2539/3281/1666 2542/3285/1670 2541/3286/1671
f 2539/3281/1666 2540/3284/1669 2543/3287/1672 2542/3285/1670
f 1750/3277/1662 2081/3275/1660 2535/3279/1664 2082/3288/1673
f 2081/3275/1660 2080/3274/1659 2536/3280/1665 2535/3279/1664
f 2080/3274/1659 2079/3273/1658 2537/3283/1668 2536/3280/1665
f 2079/3273/1658 1744/3228/1613 2049/3230/1615 2537/3283/1668
f 2537/3283/1668 2049/3230/1615 2050/3238/1623 2540/3284/1669
f 2540/3284/1669 2050/3238/1623 2051/3237/1622 2543/3287/1672
f 2543/3287/1672 2051/3237/1622 1694/2625/1019 1802/2691/1085
f 2542/3285/1670 2543/3287/1672 1802/2691/1085 1801/2690/1084
f 2541/3286/1671 2542/3285/1670 1801/2690/1084 1800/2689/1083
f 2084/3289/1674 2541/3286/1671 1800/2689/1083 1701/2688/1082
f 2083/3290/1675 2538/3282/1667 2541/3286/1671 2084/3289/1674
f 2082/3288/1673 2535/3279/1664 2538/3282/1667 2083/3290/1675
f 2544/3291/1676 2545/3292/1677 2548/3293/1678 2547/3294/1679
f 2545/3292/1677 2546/3295/1680 2549/3296/1681 2548/3293/1678
f 2547/3294/1679 2548/3293/1678 2551/3297/1682 2550/3298/1683
f 2548/3293/1678 2549/3296/1681 2552/3299/1684 2551/3297/1682
f 1741/3300/1685 2030/3301/1686 2544/3291/1676 2025/3302/1687
f 2030/3301/1686 2029/3303/1688 2545/3292/1677 2544/3291/1676
f 2029/3303/1688 2028/3304/1689 2546/3295/1680 2545/3292/1677
f 2028/3304/1689 1746/3305/1690 2058/3306/1691 2546/3295/1680
f 2546/3295/1680 2058/3306/1691 2059/3307/1692 2549/3296/1681
f 2549/3296/1681 2059/3307/1692 2060/3308/1693 2552/3299/1684
f 2552/3299/1684 2060/3308/1693 1697/2710/1104 1817/2709/1103
f 2551/3297/1682 2552/3299/1684 1817/2709/1103 1816/2708/1102
f 2550/3298/1683 2551/3297/1682 1816/2708/1102 1815/2707/1101
f 2027/3309/1694 2550/3298/1683 1815/2707/1101 1689/2706/1100
f 2026/3310/1695 2547/3294/1679 2550/3298/1683 2027/3309/1694
f 2025/3302/1687 2544/3291/1676 2547/3294/1679 2026/3310/1695
f 2553/3311/1696 2554/3312/1697 2557/3313/1698 2556/3314/1699
f 2554/3312/1697 2555/3315/1700 2558/3316/1701 2557/3313/1698
f 2556/3314/1699 2557/3313/1698 2560/3317/1702 2559/3318/1703
f 2557/3313/1698 2558/3316/1701 2561/3319/1704 2560/3317/1702
f 1739/3320/1705 2024/3321/1706 2553/3311/1696 2039/3322/1707
f 2024/3321/1706 2023/3323/1708 2554/3312/1697 2553/3311/1696
f 2023/3323/1708 2022/3324/1709 2555/3315/1700 2554/3312/1697
f 2022/3324/1709 1745/3325/1710 2061/3326/1711 2555/3315/1700
f 2555/3315/1700 2061/3326/1711 2062/3327/1712 2558/3316/1701
f 2558/3316/1701 2062/3327/1712 2063/3328/1713 2561/3319/1704
f 2561/3319/1704 2063/3328/1713 1746/3305/1690 2028/3304/1689
f 2560/3317/1702 2561/3319/1704 2028/3304/1689 2029/3303/1688
f 2559/3318/1703 2560/3317/1702 2029/3303/1688 2030/3301/1686
f 2037/3329/1714 2559/3318/1703 2030/3301/1686 1741/3300/1685
f 2038/3330/1715 2556/3314/1699 2559/3318/1703 2037/3329/1714
f 2039/3322/1707 2553/3311/1696 2556/3314/1699 2038/3330/1715
f 2562/3331/1716 2563/3332/1717 2566/3333/1718 2565/3334/1719
f 2563/3332/1717 2564/3335/1720 2567/3336/1721 2566/3333/1718
f 2565/3334/1719 2566/3333/1718 2569/3337/1722 2568/3338/1723
f 2566/3333/1718 2567/3336/1721 2570/3339/1724 2569/3337/1722
f 1739/3320/1705 2039/3322/1707 2562/3331/1716 2070/3340/1725
f 2039/3322/1707 2038/3330/1715 2563/3332/1717 2562/3331/1716
f 2038/3330/1715 2037/3329/1714 2564/3335/1720 2563/3332/1717
f 2037/3329/1714 1741/3300/1685 2073/3341/1726 2564/3335/1720
f 2564/3335/1720 2073/3341/1726 2074/3342/1727 2567/3336/1721
f 2567/3336/1721 2074/3342/1727 2075/3343/1728 2570/3339/1724
f 2570/3339/1724 2075/3343/1728 1748/3344/1729 2067/3345/1730
f 2569/3337/1722 2570/3339/1724 2067/3345/1730 2068/3346/1731
f 2568/3338/1723 2569/3337/1722 2068/3346/1731 2069/3347/1732
f 2072/3348/1733 2568/3338/1723 2069/3347/1732 1747/3349/1734
f 2071/3350/1735 2565/3334/1719 2568/3338/1723 2072/3348/1733
f 2070/3340/1725 2562/3331/1716 2565/3334/1719 2071/3350/1735
f 2571/3351/1736 2572/3352/1737 2575/3353/1738 2574/3354/1739
f 2572/3352/1737 2573/3355/1740 2576/3356/1741 2575/3353/1738
f 2574/3354/1739 2575/3353/1738 2578/3357/1742 2577/3358/1743
f 2575/3353/1738 2576/3356/1741 2579/3359/1744 2578/3357/1742
f 1741/3300/1685 2025/3302/1687 2571/3351/1736 2073/3341/1726
f 2025/3302/1687 2026/3310/1695 2572/3352/1737 2571/3351/1736
f 2026/3310/1695 2027/3309/1694 2573/3355/1740 2572/3352/1737
f 2027/3309/1694 1689/2706/1100 1836/2772/1166 2573/3355/1740
f 2573/3355/1740 1836/2772/1166 1837/2771/1165 2576/3356/1741
f 2576/3356/1741 1837/2771/1165 1838/2770/1164 2579/3359/1744
f 2579/3359/1744 1838/2770/1164 1700/2769/1163 2066/3360/1745
f 2578/3357/1742 2579/3359/1744 2066/3360/1745 2065/3361/1746
f 2577/3358/1743 2578/3357/1742 2065/3361/1746 2064/3362/1747
f 2075/3343/1728 2577/3358/1743 2064/3362/1747 1748/3344/1729
f 2074/3342/1727 2574/3354/1739 2577/3358/1743 2075/3343/1728
f 2073/3341/1726 2571/3351/1736 2574/3354/1739 2074/3342/1727
f 2580/3363/1748 2581/3364/1749 2584/3365/1750 2583/3366/1751
f 2581/3364/1749 2582/3367/1752 2585/3368/1753 2584/3365/1750
f 2583/3366/1751 2584/3365/1750 2587/3369/1754 2586/3370/1755
f 2584/3365/1750 2585/3368/1753 2588/3371/1756 2587/3369/1754
f 1746/3305/1690 2057/3372/1757 2580/3363/1748 2058/3306/1691
f 2057/3372/1757 2056/3373/1758 2581/3364/1749 2580/3363/1748
f 2056/3373/1758 2055/3374/1759 2582/3367/1752 2581/3364/1749
f 2055/3374/1759 1750/3277/1662 2082/3288/1673 2582/3367/1752
f 2582/3367/1752 2082/3288/1673 2083/3290/1675 2585/3368/1753
f 2585/3368/1753 2083/3290/1675 2084/3289/1674 2588/3371/1756
f 2588/3371/1756 2084/3289/1674 1701/2688/1082 1841/2785/1179
f 2587/3369/1754 2588/3371/1756 1841/2785/1179 1840/2784/1178
f 2586/3370/1755 2587/3369/1754 1840/2784/1178 1839/2783/1177
f 2060/3308/1693 2586/3370/1755 1839/2783/1177 1697/2710/1104
f 2059/3307/1692 2583/3366/1751 2586/3370/1755 2060/3308/1693
f 2058/3306/1691 2580/3363/1748 2583/3366/1751 2059/3307/1692
f 2589/3375/1760 2590/3376/1761 2593/3377/1762 2592/3378/1763
f 2590/3376/1761 2591/3379/1764 2594/3380/1765 2593/3377/1762
f 2592/3378/1763 2593/3377/1762 2596/3381/1766 2595/3382/1767
f 2593/3377/1762 2594/3380/1765 2597/3383/1768 2596/3381/1766
f 1745/3325/1710 2054/3384/1769 2589/3375/1760 2061/3326/1711
f 2054/3384/1769 2053/3385/1770 2590/3376/1761 2589/3375/1760
f 2053/3385/1770 2052/3386/1636 2591/3379/1764 2590/3376/1761
f 2052/3386/1636 1749/3268/1653 2085/3270/1655 2591/3379/1764
f 2591/3379/1764 2085/3270/1655 2086/3278/1663 2594/3380/1765
f 2594/3380/1765 2086/3278/1663 2087/3276/1661 2597/3383/1768
f 2597/3383/1768 2087/3276/1661 1750/3277/1662 2055/3374/1759
f 2596/3381/1766 2597/3383/1768 2055/3374/1759 2056/3373/1758
f 2595/3382/1767 2596/3381/1766 2056/3373/1758 2057/3372/1757
f 2063/3328/1713 2595/3382/1767 2057/3372/1757 1746/3305/1690
f 2062/3327/1712 2592/3378/1763 2595/3382/1767 2063/3328/1713
f 2061/3326/1711 2589/3375/1760 2592/3378/1763 2062/3327/1712
f 2598/3387/1771 2599/3388/1772 2602/3389/1773 2601/3390/1774
f 2599/3388/1772 2600/3391/1775 2603/3392/1776 2602/3389/1773
f 2601/3390/1777 2602/3389/1778 2605/3393/1779 2604/3394/1780
f 2602/3389/1778 2603/3392/1781 2606/3395/1782 2605/3393/1779
f 1770/3396/1783 2205/3397/1784 2598/3387/1771 2201/3398/1785
f 2205/3397/1784 2206/3399/1786 2599/3388/1772 2598/3387/1771
f 2206/3399/1786 2207/3400/1787 2600/3391/1775 2599/3388/1772
f 2207/3400/1787 1733/2828/1221 1863/2826/1219 2600/3391/1775
f 2600/3391/1775 1863/2826/1219 1864/2825/1218 2603/3392/1776
f 2603/3392/1781 1864/2825/1217 1865/2824/1216 2606/3395/1782
f 2606/3401/1782 1865/2823/1216 1709/2822/1215 2097/3402/1788
f 2605/3403/1779 2606/3401/1782 2097/3402/1788 2098/3404/1789
f 2604/3405/1780 2605/3403/1779 2098/3404/1789 2099/3406/1790
f 2199/3407/1791 2604/3405/1780 2099/3406/1790 1754/3408/1792
f 2200/3409/1793 2601/3390/1777 2604/3394/1780 2199/3410/1791
f 2201/3398/1785 2598/3387/1771 2601/3390/1774 2200/3409/1794
f 2607/3411/1795 2608/3412/1796 2611/3413/1797 2610/3414/1798
f 2608/3412/1796 2609/3415/1799 2612/3416/1800 2611/3413/1797
f 2610/3414/1798 2611/3413/1797 2614/3417/1801 2613/3418/1802
f 2611/3413/1797 2612/3416/1800 2615/3419/1803 2614/3417/1801
f 1769/3420/1804 2202/3421/1805 2607/3411/1795 2198/3422/1806
f 2202/3421/1805 2203/3423/1807 2608/3412/1796 2607/3411/1795
f 2203/3423/1807 2204/3424/1808 2609/3415/1799 2608/3412/1796
f 2204/3424/1808 1770/3396/1783 2201/3398/1785 2609/3415/1799
f 2609/3415/1799 2201/3398/1785 2200/3409/1794 2612/3416/1800
f 2612/3416/1800 2200/3409/1793 2199/3410/1791 2615/3419/1803
f 2615/3425/1803 2199/3407/1791 1754/3408/1792 2100/3426/1809
f 2614/3427/1801 2615/3425/1803 2100/3426/1809 2101/3428/1810
f 2613/3429/1802 2614/3427/1801 2101/3428/1810 2102/3430/1811
f 2196/3431/1812 2613/3429/1802 2102/3430/1811 1752/3432/1813
f 2197/3433/1814 2610/3414/1798 2613/3418/1802 2196/3434/1812
f 2198/3422/1806 2607/3411/1795 2610/3414/1798 2197/3433/1814
f 2616/3435/1815 2617/3436/1816 2620/3437/1817 2619/3438/1818
f 2617/3436/1816 2618/3439/1819 2621/3440/1820 2620/3437/1817
f 2619/3438/1818 2620/3437/1817 2623/3441/1821 2622/3442/1822
f 2620/3437/1817 2621/3440/1820 2624/3443/1823 2623/3441/1821
f 1761/3444/1824 2151/3445/1825 2616/3435/1815 2144/3446/1826
f 2151/3445/1825 2152/3447/1827 2617/3436/1816 2616/3435/1815
f 2152/3447/1827 2153/3448/1828 2618/3439/1819 2617/3436/1816
f 2153/3448/1828 1762/3449/1829 2147/3450/1830 2618/3439/1819
f 2618/3439/1819 2147/3450/1830 2146/3451/1831 2621/3440/1820
f 2621/3440/1820 2146/3451/1831 2145/3452/1832 2624/3443/1823
f 2624/3443/1823 2145/3452/1832 1756/3453/1833 2114/3454/1834
f 2623/3441/1821 2624/3443/1823 2114/3454/1834 2113/3455/1835
f 2622/3442/1822 2623/3441/1821 2113/3455/1835 2112/3456/1836
f 2142/3457/1837 2622/3442/1822 2112/3456/1836 1755/3458/1838
f 2143/3459/1839 2619/3438/1818 2622/3442/1822 2142/3457/1837
f 2144/3446/1826 2616/3435/1815 2619/3438/1818 2143/3459/1839
f 2625/3460/1840 2626/3461/1841 2629/3462/1842 2628/3463/1843
f 2626/3461/1841 2627/3464/1844 2630/3465/1845 2629/3462/1842
f 2628/3463/1843 2629/3462/1842 2632/3466/1846 2631/3467/1847
f 2629/3462/1842 2630/3465/1845 2633/3468/1848 2632/3466/1846
f 1762/3449/1829 2148/3469/1849 2625/3460/1840 2147/3450/1830
f 2148/3469/1849 2149/3470/1850 2626/3461/1841 2625/3460/1840
f 2149/3470/1850 2150/3471/1851 2627/3464/1844 2626/3461/1841
f 2150/3471/1851 1719/2897/1286 1881/2895/1284 2627/3464/1844
f 2627/3464/1844 1881/2895/1284 1882/2894/1283 2630/3465/1845
f 2630/3465/1845 1882/2894/1283 1883/2893/1282 2633/3468/1848
f 2633/3468/1848 1883/2893/1282 1712/2892/1281 2117/3472/1852
f 2632/3466/1846 2633/3468/1848 2117/3472/1852 2116/3473/1853
f 2631/3467/1847 2632/3466/1846 2116/3473/1853 2115/3474/1854
f 2145/3452/1832 2631/3467/1847 2115/3474/1854 1756/3453/1833
f 2146/3451/1831 2628/3463/1843 2631/3467/1847 2145/3452/1832
f 2147/3450/1830 2625/3460/1840 2628/3463/1843 2146/3451/1831
f 2634/3475/1855 2635/3476/1856 2638/3477/1857 2637/3478/1858
f 2635/3476/1856 2636/3479/1859 2639/3480/1860 2638/3477/1857
f 2637/3478/1858 2638/3477/1857 2641/3481/1861 2640/3482/1862
f 2638/3477/1857 2639/3480/1860 2642/3483/1863 2641/3481/1861
f 1753/3484/1864 2091/3485/1865 2634/3475/1855 2096/3486/1866
f 2091/3485/1865 2092/3487/1867 2635/3476/1856 2634/3475/1855
f 2092/3487/1867 2093/3488/1868 2636/3479/1859 2635/3476/1856
f 2093/3488/1868 1707/2922/1311 1896/2920/1309 2636/3479/1859
f 2636/3479/1859 1896/2920/1309 1897/2919/1308 2639/3480/1860
f 2639/3480/1860 1897/2919/1308 1898/2918/1307 2642/3483/1863
f 2642/3483/1863 1898/2918/1307 1715/2917/1306 2126/3489/1869
f 2641/3481/1861 2642/3483/1863 2126/3489/1869 2125/3490/1870
f 2640/3482/1862 2641/3481/1861 2125/3490/1870 2124/3491/1871
f 2094/3492/1872 2640/3482/1862 2124/3491/1871 1758/3493/1873
f 2095/3494/1874 2637/3478/1858 2640/3482/1862 2094/3492/1872
f 2096/3486/1866 2634/3475/1855 2637/3478/1858 2095/3494/1874
f 2643/3495/1875 2644/3496/1876 2647/3497/1877 2646/3498/1878
f 2644/3496/1876 2645/3499/1879 2648/3500/1880 2647/3497/1877
f 2646/3498/1878 2647/3497/1877 2650/3501/1881 2649/3502/1882
f 2647/3497/1877 2648/3500/1880 2651/3503/1883 2650/3501/1881
f 1751/3504/1884 2105/3505/1885 2643/3495/1875 2090/3506/1886
f 2105/3505/1885 2104/3507/1887 2644/3496/1876 2643/3495/1875
f 2104/3507/1887 2103/3508/1888 2645/3499/1879 2644/3496/1876
f 2103/3508/1888 1753/3484/1864 2096/3486/1866 2645/3499/1879
f 2645/3499/1879 2096/3486/1866 2095/3494/1874 2648/3500/1880
f 2648/3500/1880 2095/3494/1874 2094/3492/1872 2651/3503/1883
f 2651/3503/1883 2094/3492/1872 1758/3493/1873 2129/3509/1889
f 2650/3501/1881 2651/3503/1883 2129/3509/1889 2128/3510/1890
f 2649/3502/1882 2650/3501/1881 2128/3510/1890 2127/3511/1891
f 2088/3512/1892 2649/3502/1882 2127/3511/1891 1757/3513/1893
f 2089/3514/1894 2646/3498/1878 2649/3502/1882 2088/3512/1892
f 2090/3506/1886 2643/3495/1875 2646/3498/1878 2089/3514/1894
f 2652/3515/1895 2653/3516/1896 2656/3517/1897 2655/3518/1898
f 2653/3516/1896 2654/3519/1899 2657/3520/1900 2656/3517/1897
f 2655/3518/1898 2656/3517/1897 2659/3521/1901 2658/3522/1902
f 2656/3517/1897 2657/3520/1900 2660/3523/1903 2659/3521/1901
f 1751/3504/1884 2136/3524/1904 2652/3515/1895 2105/3505/1885
f 2136/3524/1904 2137/3525/1905 2653/3516/1896 2652/3515/1895
f 2137/3525/1905 2138/3526/1906 2654/3519/1899 2653/3516/1896
f 2138/3526/1906 1759/3527/1907 2133/3528/1908 2654/3519/1899
f 2654/3519/1899 2133/3528/1908 2134/3529/1909 2657/3520/1900
f 2657/3520/1900 2134/3529/1909 2135/3530/1910 2660/3523/1903
f 2660/3523/1903 2135/3530/1910 1760/3531/1911 2141/3532/1912
f 2659/3521/1901 2660/3523/1903 2141/3532/1912 2140/3533/1913
f 2658/3522/1902 2659/3521/1901 2140/3533/1913 2139/3534/1914
f 2103/3508/1888 2658/3522/1902 2139/3534/1914 1753/3484/1864
f 2104/3507/1887 2655/3518/1898 2658/3522/1902 2103/3508/1888
f 2105/3505/1885 2652/3515/1895 2655/3518/1898 2104/3507/1887
f 2661/3535/1915 2662/3536/1916 2665/3537/1917 2664/3538/1918
f 2662/3536/1916 2663/3539/1919 2666/3540/1920 2665/3537/1917
f 2664/3538/1918 2665/3537/1917 2668/3541/1921 2667/3542/1922
f 2665/3537/1917 2666/3540/1920 2669/3543/1923 2668/3541/1921
f 1753/3484/1864 2139/3534/1914 2661/3535/1915 2091/3485/1865
f 2139/3534/1914 2140/3533/1913 2662/3536/1916 2661/3535/1915
f 2140/3533/1913 2141/3532/1912 2663/3539/1919 2662/3536/1916
f 2141/3532/1912 1760/3531/1911 2130/3544/1924 2663/3539/1919
f 2663/3539/1919 2130/3544/1924 2131/3545/1925 2666/3540/1920
f 2666/3540/1920 2131/3545/1925 2132/3546/1926 2669/3543/1923
f 2669/3543/1923 2132/3546/1926 1718/2976/1365 1917/2975/1364
f 2668/3541/1921 2669/3543/1923 1917/2975/1364 1918/2974/1363
f 2667/3542/1922 2668/3541/1921 1918/2974/1363 1919/2973/1362
f 2093/3488/1868 2667/3542/1922 1919/2973/1362 1707/2922/1311
f 2092/3487/1867 2664/3538/1918 2667/3542/1922 2093/3488/1868
f 2091/3485/1865 2661/3535/1915 2664/3538/1918 2092/3487/1867
f 2670/3547/1927 2671/3548/1928 2674/3549/1929 2673/3550/1930
f 2671/3548/1928 2672/3551/1931 2675/3552/1932 2674/3549/1929
f 2673/3550/1930 2674/3549/1929 2677/3553/1933 2676/3554/1934
f 2674/3549/1929 2675/3552/1932 2678/3555/1935 2677/3553/1933
f 1758/3493/1873 2124/3491/1871 2670/3547/1927 2123/3556/1936
f 2124/3491/1871 2125/3490/1870 2671/3548/1928 2670/3547/1927
f 2125/3490/1870 2126/3489/1869 2672/3551/1931 2671/3548/1928
f 2126/3489/1869 1715/2917/1306 1920/2994/1383 2672/3551/1931
f 2672/3551/1931 1920/2994/1383 1921/2993/1382 2675/3552/1932
f 2675/3552/1932 1921/2993/1382 1922/2992/1381 2678/3555/1935
f 2678/3555/1935 1922/2992/1381 1719/2897/1286 2150/3471/1851
f 2677/3553/1933 2678/3555/1935 2150/3471/1851 2149/3470/1850
f 2676/3554/1934 2677/3553/1933 2149/3470/1850 2148/3469/1849
f 2121/3557/1937 2676/3554/1934 2148/3469/1849 1762/3449/1829
f 2122/3558/1938 2673/3550/1930 2676/3554/1934 2121/3557/1937
f 2123/3556/1936 2670/3547/1927 2673/3550/1930 2122/3558/1938
f 2679/3559/1939 2680/3560/1940 2683/3561/1941 2682/3562/1942
f 2680/3560/1940 2681/3563/1943 2684/3564/1944 2683/3561/1941
f 2682/3562/1942 2683/3561/1941 2686/3565/1945 2685/3566/1946
f 2683/3561/1941 2684/3564/1944 2687/3567/1947 2686/3565/1945
f 1757/3513/1893 2127/3511/1891 2679/3559/1939 2120/3568/1948
f 2127/3511/1891 2128/3510/1890 2680/3560/1940 2679/3559/1939
f 2128/3510/1890 2129/3509/1889 2681/3563/1943 2680/3560/1940
f 2129/3509/1889 1758/3493/1873 2123/3556/1936 2681/3563/1943
f 2681/3563/1943 2123/3556/1936 2122/3558/1938 2684/3564/1944
f 2684/3564/1944 2122/3558/1938 2121/3557/1937 2687/3567/1947
f 2687/3567/1947 2121/3557/1937 1762/3449/1829 2153/3448/1828
f 2686/3565/1945 2687/3567/1947 2153/3448/1828 2152/3447/1827
f 2685/3566/1946 2686/3565/1945 2152/3447/1827 2151/3445/1825
f 2118/3569/1949 2685/3566/1946 2151/3445/1825 1761/3444/1824
f 2119/3570/1950 2682/3562/1942 2685/3566/1946 2118/3569/1949
f 2120/3568/1948 2679/3559/1939 2682/3562/1942 2119/3570/1950
f 2688/3571/1951 2689/3572/1952 2692/3573/1953 2691/3574/1954
f 2689/3572/1952 2690/3575/1955 2693/3576/1956 2692/3573/1953
f 2691/3574/1954 2692/3573/1953 2695/3577/1957 2694/3578/1958
f 2692/3573/1953 2693/3576/1956 2696/3579/1959 2695/3577/1957
f 1759/3527/1907 2162/3580/1960 2688/3571/1951 2133/3528/1908
f 2162/3580/1960 2161/3581/1961 2689/3572/1952 2688/3571/1951
f 2161/3581/1961 2160/3582/1962 2690/3575/1955 2689/3572/1952
f 2160/3582/1962 1763/3583/1963 2157/3584/1964 2690/3575/1955
f 2690/3575/1955 2157/3584/1964 2158/3585/1965 2693/3576/1956
f 2693/3576/1956 2158/3585/1965 2159/3586/1966 2696/3579/1959
f 2696/3579/1959 2159/3586/1966 1764/3587/1967 2165/3588/1968
f 2695/3577/1957 2696/3579/1959 2165/3588/1968 2164/3589/1969
f 2694/3578/1958 2695/3577/1957 2164/3589/1969 2163/3590/1970
f 2135/3530/1910 2694/3578/1958 2163/3590/1970 1760/3531/1911
f 2134/3529/1909 2691/3574/1954 2694/3578/1958 2135/3530/1910
f 2133/3528/1908 2688/3571/1951 2691/3574/1954 2134/3529/1909
f 2697/3591/1971 2698/3592/1972 2701/3593/1973 2700/3594/1974
f 2698/3592/1972 2699/3595/1975 2702/3596/1976 2701/3593/1973
f 2700/3594/1974 2701/3593/1973 2704/3597/1977 2703/3598/1978
f 2701/3593/1973 2702/3596/1976 2705/3599/1979 2704/3597/1977
f 1760/3531/1911 2163/3590/1970 2697/3591/1971 2130/3544/1924
f 2163/3590/1970 2164/3589/1969 2698/3592/1972 2697/3591/1971
f 2164/3589/1969 2165/3588/1968 2699/3595/1975 2698/3592/1972
f 2165/3588/1968 1764/3587/1967 2154/3600/1980 2699/3595/1975
f 2699/3595/1975 2154/3600/1980 2155/3601/1981 2702/3596/1976
f 2702/3596/1976 2155/3601/1981 2156/3602/1982 2705/3599/1979
f 2705/3599/1979 2156/3602/1982 1724/3039/1428 1949/3038/1427
f 2704/3597/1977 2705/3599/1979 1949/3038/1427 1948/3037/1426
f 2703/3598/1978 2704/3597/1977 1948/3037/1426 1947/3036/1425
f 2132/3546/1926 2703/3598/1978 1947/3036/1425 1718/2976/1365
f 2131/3545/1925 2700/3594/1974 2703/3598/1978 2132/3546/1926
f 2130/3544/1924 2697/3591/1971 2700/3594/1974 2131/3545/1925
f 2706/3603/1983 2707/3604/1984 2710/3605/1985 2709/3606/1986
f 2707/3607/1987 2708/3608/1988 2711/3609/1989 2710/3610/1985
f 2709/3606/1986 2710/3605/1985 2713/3611/1990 2712/3612/1991
f 2710/3610/1985 2711/3609/1989 2714/3613/1992 2713/3614/1990
f 1767/3615/1993 2183/3616/1994 2706/3603/1983 2192/3617/1995
f 2183/3616/1994 2182/3618/1996 2707/3604/1984 2706/3603/1983
f 2182/3619/1997 2181/3620/1998 2708/3608/1988 2707/3607/1987
f 2181/3620/1998 1765/3621/1999 2169/3622/2000 2708/3608/1988
f 2708/3608/1988 2169/3622/2000 2170/3623/2001 2711/3609/1989
f 2711/3609/1989 2170/3623/2001 2171/3624/2002 2714/3613/1992
f 2714/3613/1992 2171/3624/2002 1766/3625/2003 2177/3626/2004
f 2713/3614/1990 2714/3613/1992 2177/3626/2004 2176/3627/2005
f 2712/3612/1991 2713/3611/1990 2176/3628/2005 2175/3629/2006
f 2190/3630/2007 2712/3612/1991 2175/3629/2006 1768/3631/2008
f 2191/3632/2009 2709/3606/1986 2712/3612/1991 2190/3630/2007
f 2192/3617/1995 2706/3603/1983 2709/3606/1986 2191/3632/2009
f 2715/3633/2010 2716/3634/2011 2719/3635/2012 2718/3636/2013
f 2716/3637/2014 2717/3638/2015 2720/3639/2016 2719/3640/2017
f 2718/3636/2013 2719/3635/2012 2722/3641/2018 2721/3642/2019
f 2719/3640/2017 2720/3639/2016 2723/3643/2020 2722/3644/2021
f 1768/3631/2008 2175/3629/2006 2715/3633/2010 2189/3645/2022
f 2175/3629/2006 2176/3628/2005 2716/3634/2011 2715/3633/2010
f 2176/3627/2005 2177/3626/2004 2717/3638/2015 2716/3637/2014
f 2177/3626/2004 1766/3625/2003 2166/3646/2023 2717/3638/2015
f 2717/3638/2015 2166/3646/2023 2167/3647/2024 2720/3639/2016
f 2720/3639/2016 2167/3647/2024 2168/3648/2025 2723/3643/2020
f 2723/3643/2020 2168/3648/2025 1727/3093/1479 1964/3092/1478
f 2722/3644/2021 2723/3643/2020 1964/3092/1478 1963/3091/1477
f 2721/3642/2019 2722/3641/2018 1963/3090/1476 1962/3089/1475
f 2187/3649/2026 2721/3642/2019 1962/3089/1475 1731/3088/1474
f 2188/3650/2027 2718/3636/2013 2721/3642/2019 2187/3649/2026
f 2189/3645/2022 2715/3633/2010 2718/3636/2013 2188/3650/2027
f 2724/3651/2028 2725/3652/2029 2728/3653/2030 2727/3654/2031
f 2725/3652/2029 2726/3655/2032 2729/3656/2033 2728/3653/2030
f 2727/3654/2031 2728/3653/2030 2731/3657/2034 2730/3658/2035
f 2728/3653/2030 2729/3656/2033 2732/3659/2036 2731/3657/2034
f 1765/3621/1999 2180/3660/2037 2724/3651/2028 2169/3622/2000
f 2180/3660/2037 2179/3661/2038 2725/3652/2029 2724/3651/2028
f 2179/3661/2038 2178/3662/2039 2726/3655/2032 2725/3652/2029
f 2178/3662/2039 1728/3111/1497 1968/3109/1495 2726/3655/2032
f 2726/3655/2032 1968/3109/1495 1969/3108/1494 2729/3656/2033
f 2729/3656/2033 1969/3108/1494 1970/3107/1493 2732/3659/2036
f 2732/3659/2036 1970/3107/1493 1727/3093/1479 2168/3648/2025
f 2731/3657/2034 2732/3659/2036 2168/3648/2025 2167/3647/2024
f 2730/3658/2035 2731/3657/2034 2167/3647/2024 2166/3646/2023
f 2171/3624/2002 2730/3658/2035 2166/3646/2023 1766/3625/2003
f 2170/3623/2001 2727/3654/2031 2730/3658/2035 2171/3624/2002
f 2169/3622/2000 2724/3651/2028 2727/3654/2031 2170/3623/2001
f 2733/3663/2040 2734/3664/2041 2737/3665/2042 2736/3666/2043
f 2734/3664/2041 2735/3667/2044 2738/3668/2045 2737/3665/2042
f 2736/3666/2043 2737/3665/2042 2740/3669/2046 2739/3670/2047
f 2737/3665/2042 2738/3668/2045 2741/3671/2048 2740/3669/2046
f 1764/3587/1967 2184/3672/2049 2733/3663/2040 2154/3600/1980
f 2184/3672/2049 2185/3673/2050 2734/3664/2041 2733/3663/2040
f 2185/3673/2050 2186/3674/2051 2735/3667/2044 2734/3664/2041
f 2186/3674/2051 1768/3631/2008 2189/3645/2022 2735/3667/2044
f 2735/3667/2044 2189/3645/2022 2188/3650/2027 2738/3668/2045
f 2738/3668/2045 2188/3650/2027 2187/3649/2026 2741/3671/2048
f 2741/3671/2048 2187/3649/2026 1731/3088/1474 1979/3125/1511
f 2740/3669/2046 2741/3671/2048 1979/3125/1511 1978/3124/1510
f 2739/3670/2047 2740/3669/2046 1978/3124/1510 1977/3123/1509
f 2156/3602/1982 2739/3670/2047 1977/3123/1509 1724/3039/1428
f 2155/3601/1981 2736/3666/2043 2739/3670/2047 2156/3602/1982
f 2154/3600/1980 2733/3663/2040 2736/3666/2043 2155/3601/1981
f 2742/3675/2052 2743/3676/2053 2746/3677/2054 2745/3678/2055
f 2743/3676/2053 2744/3679/2056 2747/3680/2057 2746/3677/2054
f 2745/3678/2055 2746/3677/2054 2749/3681/2058 2748/3682/2059
f 2746/3677/2054 2747/3680/2057 2750/3683/2060 2749/3681/2058
f 1763/3583/1963 2174/3684/2061 2742/3675/2052 2157/3584/1964
f 2174/3684/2061 2173/3685/2062 2743/3676/2053 2742/3675/2052
f 2173/3685/2062 2172/3686/2063 2744/3679/2056 2743/3676/2053
f 2172/3686/2063 1767/3615/1993 2192/3617/1995 2744/3679/2056
f 2744/3679/2056 2192/3617/1995 2191/3632/2009 2747/3680/2057
f 2747/3680/2057 2191/3632/2009 2190/3630/2007 2750/3683/2060
f 2750/3683/2060 2190/3630/2007 1768/3631/2008 2186/3674/2051
f 2749/3681/2058 2750/3683/2060 2186/3674/2051 2185/3673/2050
f 2748/3682/2059 2749/3681/2058 2185/3673/2050 2184/3672/2049
f 2159/3586/1966 2748/3682/2059 2184/3672/2049 1764/3587/1967
f 2158/3585/1965 2745/3678/2055 2748/3682/2059 2159/3586/1966
f 2157/3584/1964 2742/3675/2052 2745/3678/2055 2158/3585/1965
f 2751/3687/2064 2752/3688/2065 2755/3689/2066 2754/3690/2067
f 2752/3688/2065 2753/3691/2068 2756/3692/2069 2755/3689/2066
f 2754/3690/2067 2755/3689/2066 2758/3693/2070 2757/3694/2071
f 2755/3689/2066 2756/3692/2069 2759/3695/2072 2758/3693/2070
f 1754/3408/1792 2099/3406/1790 2751/3687/2064 2100/3426/1809
f 2099/3406/1790 2098/3404/1789 2752/3688/2065 2751/3687/2064
f 2098/3404/1789 2097/3402/1788 2753/3691/2068 2752/3688/2065
f 2097/3402/1788 1709/2822/1215 1989/3155/1541 2753/3691/2068
f 2753/3691/2068 1989/3155/1541 1990/3154/1540 2756/3692/2069
f 2756/3692/2069 1990/3154/1540 1991/3153/1539 2759/3695/2072
f 2759/3695/2072 1991/3153/1539 1732/3152/1538 2195/3696/2073
f 2758/3693/2070 2759/3695/2072 2195/3696/2073 2194/3697/2074
f 2757/3694/2071 2758/3693/2070 2194/3697/2074 2193/3698/2075
f 2102/3430/1811 2757/3694/2071 2193/3698/2075 1752/3432/1813
f 2101/3428/1810 2754/3690/2067 2757/3694/2071 2102/3430/1811
f 2100/3426/1809 2751/3687/2064 2754/3690/2067 2101/3428/1810
f 2760/3699/2076 2761/3700/2077 2764/3701/2078 2763/3702/2079
f 2761/3700/2077 2762/3703/2080 2765/3704/2081 2764/3701/2078
f 2763/3702/2079 2764/3701/2078 2767/3705/2082 2766/3706/2083
f 2764/3701/2078 2765/3704/2081 2768/3707/2084 2767/3705/2082
f 1755/3458/1838 2112/3456/1836 2760/3699/2076 2108/3708/2085
f 2112/3456/1836 2113/3455/1835 2761/3700/2077 2760/3699/2076
f 2113/3455/1835 2114/3454/1834 2762/3703/2080 2761/3700/2077
f 2114/3454/1834 1756/3453/1833 2111/3709/2086 2762/3703/2080
f 2762/3703/2080 2111/3709/2086 2110/3710/2087 2765/3704/2081
f 2765/3704/2081 2110/3710/2087 2109/3711/2088 2768/3707/2084
f 2768/3707/2084 2109/3711/2088 1770/3396/1783 2204/3424/1808
f 2767/3705/2082 2768/3707/2084 2204/3424/1808 2203/3423/1807
f 2766/3706/2083 2767/3705/2082 2203/3423/1807 2202/3421/1805
f 2106/3712/2089 2766/3706/2083 2202/3421/1805 1769/3420/1804
f 2107/3713/2090 2763/3702/2079 2766/3706/2083 2106/3712/2089
f 2108/3708/2085 2760/3699/2076 2763/3702/2079 2107/3713/2090
f 2769/3714/2091 2770/3715/2092 2773/3716/2093 2772/3717/2094
f 2770/3715/2092 2771/3718/2095 2774/3719/2096 2773/3716/2093
f 2772/3717/2094 2773/3716/2093 2776/3720/2097 2775/3721/2098
f 2773/3716/2093 2774/3719/2096 2777/3722/2099 2776/3720/2097
f 1756/3453/1833 2115/3474/1854 2769/3714/2091 2111/3709/2086
f 2115/3474/1854 2116/3473/1853 2770/3715/2092 2769/3714/2091
f 2116/3473/1853 2117/3472/1852 2771/3718/2095 2770/3715/2092
f 2117/3472/1852 1712/2892/1281 1992/3182/1568 2771/3718/2095
f 2771/3718/2095 1992/3182/1568 1993/3181/1567 2774/3719/2096
f 2774/3719/2096 1993/3181/1567 1994/3180/1566 2777/3722/2099
f 2777/3722/2099 1994/3180/1566 1733/2828/1221 2207/3400/1787
f 2776/3720/2097 2777/3722/2099 2207/3400/1787 2206/3399/1786
f 2775/3721/2098 2776/3720/2097 2206/3399/1786 2205/3397/1784
f 2109/3711/2088 2775/3721/2098 2205/3397/1784 1770/3396/1783
f 2110/3710/2087 2772/3717/2094 2775/3721/2098 2109/3711/2088
f 2111/3709/2086 2769/3714/2091 2772/3717/2094 2110/3710/2087
f 2778/3723/2100 2779/3724/2101 2782/3725/2102 2781/3726/2103
f 2779/3724/2101 2780/3727/2104 2783/3728/2105 2782/3725/2102
f 2781/3726/2103 2782/3725/2102 2785/3729/2106 2784/3730/2107
f 2782/3725/2102 2783/3728/2105 2786/3731/2108 2785/3729/2106
f 1748/3344/1729 2216/3732/2109 2778/3723/2100 2067/3345/1730
f 2216/3732/2109 2215/3733/2110 2779/3724/2101 2778/3723/2100
f 2215/3733/2110 2214/3734/2111 2780/3727/2104 2779/3724/2101
f 2214/3734/2111 1772/3735/2112 2211/3736/2113 2780/3727/2104
f 2780/3727/2104 2211/3736/2113 2212/3737/2114 2783/3728/2105
f 2783/3728/2105 2212/3737/2114 2213/3738/2115 2786/3731/2108
f 2786/3731/2108 2213/3738/2115 1771/3739/1654 2219/3740/2116
f 2785/3729/2106 2786/3731/2108 2219/3740/2116 2218/3741/2117
f 2784/3730/2107 2785/3729/2106 2218/3741/2117 2217/3742/2118
f 2069/3347/1732 2784/3730/2107 2217/3742/2118 1747/3349/1734
f 2068/3346/1731 2781/3726/2103 2784/3730/2107 2069/3347/1732
f 2067/3345/1730 2778/3723/2100 2781/3726/2103 2068/3346/1731
f 2787/3743/2119 2788/3744/2120 2791/3745/2121 2790/3746/2122
f 2788/3744/2120 2789/3747/2123 2792/3748/2124 2791/3745/2121
f 2790/3746/2122 2791/3745/2121 2794/3749/2125 2793/3750/2126
f 2791/3745/2121 2792/3748/2124 2795/3751/2127 2794/3749/2125
f 1700/2769/1163 2021/3212/1597 2787/3743/2119 2066/3360/1745
f 2021/3212/1597 2020/3218/1603 2788/3744/2120 2787/3743/2119
f 2020/3218/1603 2019/3216/1601 2789/3747/2123 2788/3744/2120
f 2019/3216/1601 1738/3217/1602 2210/3752/2128 2789/3747/2123
f 2789/3747/2123 2210/3752/2128 2209/3753/2129 2792/3748/2124
f 2792/3748/2124 2209/3753/2129 2208/3754/2130 2795/3751/2127
f 2795/3751/2127 2208/3754/2130 1772/3735/2112 2214/3734/2111
f 2794/3749/2125 2795/3751/2127 2214/3734/2111 2215/3733/2110
f 2793/3750/2126 2794/3749/2125 2215/3733/2110 2216/3732/2109
f 2064/3362/1747 2793/3750/2126 2216/3732/2109 1748/3344/1729
f 2065/3361/1746 2790/3746/2122 2793/3750/2126 2064/3362/1747
f 2066/3360/1745 2787/3743/2119 2790/3746/2122 2065/3361/1746
f 2796/3755/594 2797/3756/594 2799/3757/2131 2798/3758/2131
f 2798/3758/2131 2799/3757/2131 2801/3759/2132 2800/3760/2132
f 2800/3760/2132 2801/3759/2132 2803/3761/2133 2802/3762/2133
f 2802/3762/2133 2803/3761/2133 2805/3763/2134 2804/3764/2134
f 2804/3764/2134 2805/3763/2134 2807/3765/69 2806/3766/69
f 2806/3766/69 2807/3765/69 2809/3767/2135 2808/3768/2135
f 2808/3768/2135 2809/3767/2135 2811/3769/2136 2810/3770/2136
f 2810/3770/2136 2811/3769/2136 2813/3771/2137 2812/3772/2137
f 2812/3772/2137 2813/3771/2137 2815/3773/2138 2814/3774/2138
f 2814/3774/2138 2815/3773/2138 2817/3775/2139 2816/3776/2139
f 2816/3776/2139 2817/3775/2139 2819/3777/2140 2818/3778/2140
f 2818/3778/2140 2819/3777/2140 2821/3779/2141 2820/3780/2141
f 2820/3780/2141 2821/3779/2141 2823/3781/2142 2822/3782/2142
f 2822/3782/2142 2823/3781/2142 2825/3783/2143 2824/3784/2143
f 2824/3784/2143 2825/3783/2143 2827/3785/50 2826/3786/50
f 2826/3786/50 2827/3785/50 2829/3787/2144 2828/3788/2144
f 2828/3788/2144 2829/3787/2144 2831/3789/2145 2830/3790/2145
f 2830/3790/2145 2831/3789/2145 2833/3791/2146 2832/3792/2146
f 2832/3792/2146 2833/3791/2146 2835/3793/2147 2834/3794/2147
f 2834/3794/2147 2835/3793/2147 2797/3795/594 2796/3796/594
f 2826/3786/2148 2828/3788/2149 2911/3797/2149 2877/3798/2148
f 2796/3755/2150 2798/3758/2151 2897/3799/2151 2881/3800/2150
f 2802/3762/2152 2804/3764/2153 2913/3801/2153 2885/3802/2152
f 2812/3772/2154 2814/3774/2155 2915/3803/2155 2889/3804/2154
f 2820/3780/2156 2822/3782/2157 2893/3805/2157 2894/3806/2158
f 2834/3794/2159 2796/3796/2150 2881/3807/2150 2882/3808/2159
f 2830/3790/2160 2832/3792/2161 2899/3809/2162 2900/3810/2160
f 2806/3766/2163 2808/3768/2164 2903/3811/2164 2904/3812/2163
f 2816/3776/2165 2818/3778/2166 2907/3813/2166 2908/3814/2165
f 2824/3784/2167 2826/3786/2148 2877/3798/2148 2878/3815/2167
f 2800/3760/2168 2802/3762/2152 2885/3802/2152 2886/3816/2168
f 2810/3770/2169 2812/3772/2154 2889/3804/2154 2890/3817/2169
f 2880/3818/2170 2896/3819/2171 2837/419/2171 2836/418/2170
f 2884/3820/2172 2912/3821/2173 2840/422/2173 2839/421/2172
f 2888/3822/2174 2914/3823/2175 2845/427/2175 2844/426/2174
f 2895/3824/2176 2892/3825/2177 2849/431/2177 2848/430/2176
f 2901/3826/2178 2898/3827/2179 2854/436/2179 2853/435/2178
f 2905/3828/2180 2902/3829/2181 2842/424/2181 2841/423/2180
f 2909/3830/2182 2906/3831/2183 2847/429/2183 2846/428/2182
f 2874/3832/75 2873/3833/75 2872/3834/75 2875/3835/75
f 2914/3823/2175 2909/3830/2182 2846/428/2182 2845/427/2175
f 2912/3821/2173 2905/3828/2180 2841/423/2180 2840/422/2173
f 2910/3836/2184 2901/3826/2178 2853/435/2178 2852/434/2184
f 2906/3831/2183 2895/3824/2176 2848/430/2176 2847/429/2183
f 2902/3829/2181 2891/3837/2185 2843/425/2185 2842/424/2181
f 2896/3819/2171 2887/3838/2186 2838/420/2186 2837/419/2171
f 2898/3827/2179 2883/3839/2187 2855/437/2187 2854/436/2179
f 2892/3825/2177 2879/3840/2188 2850/432/2188 2849/431/2177
f 2808/3768/2164 2810/3770/2169 2890/3817/2169 2903/3811/2164
f 2798/3758/2151 2800/3760/2168 2886/3816/2168 2897/3799/2151
f 2822/3782/2157 2824/3784/2167 2878/3815/2167 2893/3805/2157
f 2814/3774/2155 2816/3776/2165 2908/3814/2165 2915/3803/2155
f 2804/3764/2153 2806/3766/2163 2904/3812/2163 2913/3801/2153
f 2828/3788/2149 2830/3790/2160 2900/3810/2160 2911/3797/2149
f 2832/3792/2161 2834/3794/2159 2882/3808/2159 2899/3809/2162
f 2818/3778/2166 2820/3780/2156 2894/3806/2158 2907/3813/2166
f 2891/3837/2185 2888/3822/2174 2844/426/2174 2843/425/2185
f 2887/3838/2186 2884/3820/2172 2839/421/2172 2838/420/2186
f 2883/3839/2187 2880/3818/2170 2836/418/2170 2855/437/2187
f 2879/3840/2188 2876/3841/2189 2851/433/2189 2850/432/2188
f 2898/3827/2146 2901/3826/2145 2866/3842/2145 2922/3843/2146
f 2876/3841/50 2879/3840/2143 2925/3844/2143 2932/3845/50
f 2893/3846/2190 2878/3847/2191 2924/3848/2191 2927/3849/2190
f 2904/3850/2192 2903/3851/2193 2856/3852/2193 2871/3853/2194
f 2891/3837/2136 2902/3829/2135 2857/3854/2135 2858/3855/2136
f 2882/3856/2195 2881/3857/2196 2935/3858/2196 2920/3859/2195
f 2915/3860/2197 2908/3861/2198 2875/3835/2198 2872/3834/2197
f 2902/3829/2135 2905/3828/69 2870/3862/69 2857/3854/2135
f 2880/3818/594 2883/3839/2147 2921/3863/2147 2934/3864/594
f 2879/3840/2143 2892/3825/2142 2926/3865/2142 2925/3844/2143
f 2908/3861/2198 2907/3866/2199 2860/3867/2199 2875/3835/2198
f 2907/3866/2199 2894/3868/2200 2863/3869/2201 2860/3867/2199
f 2886/3870/2202 2885/3871/2203 2931/3872/2204 2916/3873/2202
f 2909/3830/2139 2914/3823/2138 2873/3833/2138 2874/3832/2139
f 2906/3831/2140 2909/3830/2139 2874/3832/2139 2861/3874/2140
f 2884/3820/2133 2887/3838/2132 2917/3875/2132 2930/3876/2133
f 2899/3877/2205 2882/3856/2195 2920/3859/2195 2923/3878/2205
f 2877/3879/2206 2911/3880/2207 2864/3881/2207 2933/3882/2206
f 2895/3824/2141 2906/3831/2140 2861/3874/2140 2862/3883/2141
f 2890/3884/2208 2889/3885/2209 2929/3886/2209 2859/3887/2208
f 2876/3841/2189 2910/3836/2184 2852/434/2184 2851/433/2189
f 2870/3862/75 2869/3888/75 2868/3889/75 2871/3853/75
f 2866/3842/75 2865/3890/75 2864/3881/75 2867/3891/75
f 2862/3883/75 2861/3874/75 2860/3867/75 2863/3869/75
f 2858/3855/75 2857/3854/75 2856/3852/75 2859/3887/75
f 2917/3875/75 2918/3892/75 2919/3893/75 2916/3873/75
f 2921/3863/75 2922/3843/75 2923/3878/75 2920/3859/75
f 2925/3844/75 2926/3865/75 2927/3849/75 2924/3848/75
f 2873/3833/75 2928/3894/75 2929/3886/75 2872/3834/75
f 2869/3888/75 2930/3876/75 2931/3872/75 2868/3889/75
f 2865/3890/75 2932/3845/75 2933/3882/75 2864/3881/75
f 2861/3874/75 2874/3832/75 2875/3835/75 2860/3867/75
f 2857/3854/75 2870/3862/75 2871/3853/75 2856/3852/75
f 2922/3843/75 2866/3842/75 2867/3891/75 2923/3878/75
f 2918/3892/75 2934/3864/75 2935/3858/75 2919/3893/75
f 2926/3865/75 2862/3883/75 2863/3869/75 2927/3849/75
f 2928/3894/75 2858/3855/75 2859/3887/75 2929/3886/75
f 2930/3876/75 2917/3875/75 2916/3873/75 2931/3872/75
f 2934/3864/75 2921/3863/75 2920/3859/75 2935/3858/75
f 2932/3845/75 2925/3844/75 2924/3848/75 2933/3882/75
f 2905/3828/69 2912/3821/2134 2869/3888/2134 2870/3862/69
f 2914/3823/2138 2888/3822/2137 2928/3894/2137 2873/3833/2138
f 2878/3847/2191 2877/3879/2206 2933/3882/2206 2924/3848/2191
f 2903/3851/2193 2890/3884/2208 2859/3887/2208 2856/3852/2193
f 2900/3895/2210 2899/3877/2205 2923/3878/2205 2867/3891/2210
f 2896/3819/2131 2880/3818/594 2934/3864/594 2918/3892/2131
f 2913/3896/2211 2904/3850/2192 2871/3853/2194 2868/3889/2211
f 2889/3885/2209 2915/3860/2197 2872/3834/2197 2929/3886/2209
f 2887/3838/2132 2896/3819/2131 2918/3892/2131 2917/3875/2132
f 2912/3821/2134 2884/3820/2133 2930/3876/2133 2869/3888/2134
f 2881/3857/2196 2897/3897/2212 2919/3893/2212 2935/3858/2196
f 2901/3826/2145 2910/3836/2144 2865/3890/2144 2866/3842/2145
f 2897/3897/2212 2886/3870/2202 2916/3873/2202 2919/3893/2212
f 2892/3825/2142 2895/3824/2141 2862/3883/2141 2926/3865/2142
f 2885/3871/2203 2913/3896/2211 2868/3889/2211 2931/3872/2204
f 2894/3868/2200 2893/3846/2190 2927/3849/2190 2863/3869/2201
f 2911/3880/2207 2900/3895/2210 2867/3891/2210 2864/3881/2207
f 2910/3836/2144 2876/3841/50 2932/3845/50 2865/3890/2144
f 2883/3839/2147 2898/3827/2146 2922/3843/2146 2921/3863/2147
f 2888/3822/2137 2891/3837/2136 2858/3855/2136 2928/3894/2137
f 2936/3898/594 2937/3899/594 2939/3900/2131 2938/3901/2131
f 2938/3901/2131 2939/3900/2131 2941/3902/2132 2940/3903/2132
f 2940/3903/2132 2941/3902/2132 2943/3904/2133 2942/3905/2133
f 2942/3905/2133 2943/3904/2133 2945/3906/2134 2944/3907/2134
f 2944/3907/2134 2945/3906/2134 2947/3908/69 2946/3909/69
f 2946/3909/69 2947/3908/69 2949/3910/2135 2948/3911/2135
f 2948/3911/2135 2949/3910/2135 2951/3912/2136 2950/3913/2136
f 2950/3913/2136 2951/3912/2136 2953/3914/2137 2952/3915/2137
f 2952/3915/2137 2953/3914/2137 2955/3916/2138 2954/3917/2138
f 2954/3917/2138 2955/3916/2138 2957/3918/2139 2956/3919/2139
f 2956/3919/2139 2957/3918/2139 2959/3920/2140 2958/3921/2140
f 2958/3921/2140 2959/3920/2140 2961/3922/2141 2960/3923/2141
f 2960/3923/2141 2961/3922/2141 2963/3924/2142 2962/3925/2142
f 2962/3925/2142 2963/3924/2142 2965/3926/2143 2964/3927/2143
f 2964/3927/2143 2965/3926/2143 2967/3928/50 2966/3929/50
f 2966/3929/50 2967/3928/50 2969/3930/2144 2968/3931/2144
f 2968/3931/2144 2969/3930/2144 2971/3932/2145 2970/3933/2145
f 2970/3933/2145 2971/3932/2145 2973/3934/2146 2972/3935/2146
f 2972/3935/2146 2973/3934/2146 2975/3936/2147 2974/3937/2147
f 2974/3937/2147 2975/3936/2147 2937/3938/594 2936/3939/594
f 2966/3929/2148 2968/3931/2149 3051/3940/2149 3017/3941/2148
f 2936/3898/2150 2938/3901/2151 3037/3942/2151 3021/3943/2150
f 2942/3905/2213 2944/3907/2153 3053/3944/2153 3025/3945/2213
f 2952/3915/2154 2954/3917/2155 3055/3946/2155 3029/3947/2154
f 2960/3923/2158 2962/3925/2157 3033/3948/2157 3034/3949/2158
f 2974/3937/2159 2936/3939/2150 3021/3950/2150 3022/3951/2159
f 2970/3933/2160 2972/3935/2162 3039/3952/2162 3040/3953/2160
f 2946/3909/2214 2948/3911/2164 3043/3954/2164 3044/3955/2214
f 2956/3919/2165 2958/3921/2166 3047/3956/2166 3048/3957/2165
f 2964/3927/2167 2966/3929/2148 3017/3941/2148 3018/3958/2167
f 2940/3903/2168 2942/3905/2213 3025/3945/2213 3026/3959/2215
f 2950/3913/2216 2952/3915/2154 3029/3947/2154 3030/3960/2216
f 3020/3961/2170 3036/3962/2171 2977/439/2171 2976/438/2170
f 3024/3963/2172 3052/3964/2173 2980/442/2173 2979/441/2172
f 3028/3965/2174 3054/3966/2175 2985/447/2175 2984/446/2174
f 3035/3967/2176 3032/3968/2177 2989/451/2177 2988/450/2176
f 3041/3969/2178 3038/3970/2179 2994/456/2179 2993/455/2178
f 3045/3971/2180 3042/3972/2181 2982/444/2181 2981/443/2180
f 3049/3973/2182 3046/3974/2183 2987/449/2183 2986/448/2182
f 3014/3975/75 3013/3976/75 3012/3977/75 3015/3978/75
f 3054/3966/2175 3049/3973/2182 2986/448/2182 2985/447/2175
f 3052/3964/2173 3045/3971/2180 2981/443/2180 2980/442/2173
f 3050/3979/2184 3041/3969/2178 2993/455/2178 2992/454/2184
f 3046/3974/2183 3035/3967/2176 2988/450/2176 2987/449/2183
f 3042/3972/2181 3031/3980/2185 2983/445/2185 2982/444/2181
f 3036/3962/2171 3027/3981/2186 2978/440/2186 2977/439/2171
f 3038/3970/2179 3023/3982/2187 2995/457/2187 2994/456/2179
f 3032/3968/2177 3019/3983/2188 2990/452/2188 2989/451/2177
f 2948/3911/2164 2950/3913/2216 3030/3960/2216 3043/3954/2164
f 2938/3901/2151 2940/3903/2168 3026/3959/2215 3037/3942/2151
f 2962/3925/2157 2964/3927/2167 3018/3958/2167 3033/3948/2157
f 2954/3917/2155 2956/3919/2165 3048/3957/2165 3055/3946/2155
f 2944/3907/2153 2946/3909/2214 3044/3955/2214 3053/3944/2153
f 2968/3931/2149 2970/3933/2160 3040/3953/2160 3051/3940/2149
f 2972/3935/2162 2974/3937/2159 3022/3951/2159 3039/3952/2162
f 2958/3921/2166 2960/3923/2158 3034/3949/2158 3047/3956/2166
f 3031/3980/2185 3028/3965/2174 2984/446/2174 2983/445/2185
f 3027/3981/2186 3024/3963/2172 2979/441/2172 2978/440/2186
f 3023/3982/2187 3020/3961/2170 2976/438/2170 2995/457/2187
f 3019/3983/2188 3016/3984/2189 2991/453/2189 2990/452/2188
f 3038/3970/2146 3041/3969/2145 3006/3985/2145 3062/3986/2146
f 3016/3984/50 3019/3983/2143 3065/3987/2143 3072/3988/50
f 3033/3989/2190 3018/3990/2191 3064/3991/2191 3067/3992/2190
f 3044/3993/2194 3043/3994/2217 2996/3995/2217 3011/3996/2218
f 3031/3980/2136 3042/3972/2135 2997/3997/2135 2998/3998/2136
f 3022/3999/2195 3021/4000/2196 3075/4001/2196 3060/4002/2195
f 3055/4003/2197 3048/4004/2219 3015/3978/2219 3012/3977/2197
f 3042/3972/2135 3045/3971/69 3010/4005/69 2997/3997/2135
f 3020/3961/594 3023/3982/2147 3061/4006/2147 3074/4007/594
f 3019/3983/2143 3032/3968/2142 3066/4008/2142 3065/3987/2143
f 3048/4004/2219 3047/4009/2199 3000/4010/2199 3015/3978/2219
f 3047/4009/2199 3034/4011/2200 3003/4012/2201 3000/4010/2199
f 3026/4013/2202 3025/4014/2220 3071/4015/2220 3056/4016/2202
f 3049/3973/2139 3054/3966/2138 3013/3976/2138 3014/3975/2139
f 3046/3974/2140 3049/3973/2139 3014/3975/2139 3001/4017/2140
f 3024/3963/2133 3027/3981/2132 3057/4018/2132 3070/4019/2133
f 3039/4020/2205 3022/3999/2195 3060/4002/2195 3063/4021/2205
f 3017/4022/2206 3051/4023/2221 3004/4024/2221 3073/4025/2206
f 3035/3967/2141 3046/3974/2140 3001/4017/2140 3002/4026/2141
f 3030/4027/2208 3029/4028/2209 3069/4029/2209 2999/4030/2208
f 3016/3984/2189 3050/3979/2184 2992/454/2184 2991/453/2189
f 3010/4005/75 3009/4031/75 3008/4032/75 3011/3996/75
f 3006/3985/75 3005/4033/75 3004/4024/75 3007/4034/75
f 3002/4026/75 3001/4017/75 3000/4010/75 3003/4012/75
f 2998/3998/75 2997/3997/75 2996/3995/75 2999/4030/75
f 3057/4018/75 3058/4035/75 3059/4036/75 3056/4016/75
f 3061/4006/75 3062/3986/75 3063/4021/75 3060/4002/75
f 3065/3987/75 3066/4008/75 3067/3992/75 3064/3991/75
f 3013/3976/75 3068/4037/75 3069/4029/75 3012/3977/75
f 3009/4031/75 3070/4019/75 3071/4015/75 3008/4032/75
f 3005/4033/75 3072/3988/75 3073/4025/75 3004/4024/75
f 3001/4017/75 3014/3975/75 3015/3978/75 3000/4010/75
f 2997/3997/75 3010/4005/75 3011/3996/75 2996/3995/75
f 3062/3986/75 3006/3985/75 3007/4034/75 3063/4021/75
f 3058/4035/75 3074/4007/75 3075/4001/75 3059/4036/75
f 3066/4008/75 3002/4026/75 3003/4012/75 3067/3992/75
f 3068/4037/75 2998/3998/75 2999/4030/75 3069/4029/75
f 3070/4019/75 3057/4018/75 3056/4016/75 3071/4015/75
f 3074/4007/75 3061/4006/75 3060/4002/75 3075/4001/75
f 3072/3988/75 3065/3987/75 3064/3991/75 3073/4025/75
f 3045/3971/69 3052/3964/2134 3009/4031/2134 3010/4005/69
f 3054/3966/2138 3028/3965/2137 3068/4037/2137 3013/3976/2138
f 3018/3990/2191 3017/4022/2206 3073/4025/2206 3064/3991/2191
f 3043/3994/2217 3030/4027/2208 2999/4030/2208 2996/3995/2217
f 3040/4038/2222 3039/4020/2205 3063/4021/2205 3007/4034/2222
f 3036/3962/2131 3020/3961/594 3074/4007/594 3058/4035/2131
f 3053/4039/2223 3044/3993/2194 3011/3996/2218 3008/4032/2223
f 3029/4028/2209 3055/4003/2197 3012/3977/2197 3069/4029/2209
f 3027/3981/2132 3036/3962/2131 3058/4035/2131 3057/4018/2132
f 3052/3964/2134 3024/3963/2133 3070/4019/2133 3009/4031/2134
f 3021/4000/2196 3037/4040/2212 3059/4036/2212 3075/4001/2196
f 3041/3969/2145 3050/3979/2144 3005/4033/2144 3006/3985/2145
f 3037/4040/2212 3026/4013/2202 3056/4016/2202 3059/4036/2212
f 3032/3968/2142 3035/3967/2141 3002/4026/2141 3066/4008/2142
f 3025/4014/2220 3053/4039/2223 3008/4032/2223 3071/4015/2220
f 3034/4011/2200 3033/3989/2190 3067/3992/2190 3003/4012/2201
f 3051/4023/2221 3040/4038/2222 3007/4034/2222 3004/4024/2221
f 3050/3979/2144 3016/3984/50 3072/3988/50 3005/4033/2144
f 3023/3982/2147 3038/3970/2146 3062/3986/2146 3061/4006/2147
f 3028/3965/2137 3031/3980/2136 2998/3998/2136 3068/4037/2137
f 3076/4041/594 3077/4042/594 3079/4043/2131 3078/4044/2131
f 3078/4044/2131 3079/4043/2131 3081/4045/2132 3080/4046/2132
f 3080/4046/2132 3081/4045/2132 3083/4047/2133 3082/4048/2133
f 3082/4048/2133 3083/4047/2133 3085/4049/2134 3084/4050/2134
f 3084/4050/2134 3085/4049/2134 3087/4051/69 3086/4052/69
f 3086/4052/69 3087/4051/69 3089/4053/2135 3088/4054/2135
f 3088/4054/2135 3089/4053/2135 3091/4055/2136 3090/4056/2136
f 3090/4056/2136 3091/4055/2136 3093/4057/2137 3092/4058/2137
f 3092/4058/2137 3093/4057/2137 3095/4059/2138 3094/4060/2138
f 3094/4060/2138 3095/4059/2138 3097/4061/2139 3096/4062/2139
f 3096/4062/2139 3097/4061/2139 3099/4063/2140 3098/4064/2140
f 3098/4064/2140 3099/4063/2140 3101/4065/2141 3100/4066/2141
f 3100/4066/2141 3101/4065/2141 3103/4067/2142 3102/4068/2142
f 3102/4068/2142 3103/4067/2142 3105/4069/2143 3104/4070/2143
f 3104/4070/2143 3105/4069/2143 3107/4071/50 3106/4072/50
f 3106/4072/50 3107/4071/50 3109/4073/2144 3108/4074/2144
f 3108/4074/2144 3109/4073/2144 3111/4075/2145 3110/4076/2145
f 3110/4076/2145 3111/4075/2145 3113/4077/2146 3112/4078/2146
f 3112/4078/2146 3113/4077/2146 3115/4079/2147 3114/4080/2147
f 3114/4080/2147 3115/4079/2147 3077/4081/594 3076/4082/594
f 3106/4072/2224 3108/4074/2149 3191/4083/2149 3157/4084/2224
f 3076/4041/2150 3078/4044/2151 3177/4085/2151 3161/4086/2150
f 3082/4048/2213 3084/4050/2153 3193/4087/2153 3165/4088/2213
f 3092/4058/2154 3094/4060/2155 3195/4089/2155 3169/4090/2225
f 3100/4066/2156 3102/4068/2157 3173/4091/2157 3174/4092/2156
f 3114/4080/2226 3076/4082/2150 3161/4093/2150 3162/4094/2226
f 3110/4076/2160 3112/4078/2162 3179/4095/2162 3180/4096/2160
f 3086/4052/2163 3088/4054/2164 3183/4097/2164 3184/4098/2163
f 3096/4062/2165 3098/4064/2166 3187/4099/2166 3188/4100/2165
f 3104/4070/2167 3106/4072/2224 3157/4084/2224 3158/4101/2167
f 3080/4046/2168 3082/4048/2213 3165/4088/2213 3166/4102/2215
f 3090/4056/2216 3092/4058/2154 3169/4090/2225 3170/4103/2216
f 3160/4104/2170 3176/4105/2171 3117/459/2171 3116/458/2170
f 3164/4106/2172 3192/4107/2173 3120/462/2173 3119/461/2172
f 3168/4108/2174 3194/4109/2175 3125/467/2175 3124/466/2174
f 3175/4110/2176 3172/4111/2177 3129/471/2177 3128/470/2176
f 3181/4112/2178 3178/4113/2179 3134/476/2179 3133/475/2178
f 3185/4114/2180 3182/4115/2181 3122/464/2181 3121/463/2180
f 3189/4116/2182 3186/4117/2183 3127/469/2183 3126/468/2182
f 3154/4118/75 3153/4119/75 3152/4120/75 3155/4121/75
f 3194/4109/2175 3189/4116/2182 3126/468/2182 3125/467/2175
f 3192/4107/2173 3185/4114/2180 3121/463/2180 3120/462/2173
f 3190/4122/2184 3181/4112/2178 3133/475/2178 3132/474/2184
f 3186/4117/2183 3175/4110/2176 3128/470/2176 3127/469/2183
f 3182/4115/2181 3171/4123/2185 3123/465/2185 3122/464/2181
f 3176/4105/2171 3167/4124/2186 3118/460/2186 3117/459/2171
f 3178/4113/2179 3163/4125/2187 3135/477/2187 3134/476/2179
f 3172/4111/2177 3159/4126/2188 3130/472/2188 3129/471/2177
f 3088/4054/2164 3090/4056/2216 3170/4103/2216 3183/4097/2164
f 3078/4044/2151 3080/4046/2168 3166/4102/2215 3177/4085/2151
f 3102/4068/2157 3104/4070/2167 3158/4101/2167 3173/4091/2157
f 3094/4060/2155 3096/4062/2165 3188/4100/2165 3195/4089/2155
f 3084/4050/2153 3086/4052/2163 3184/4098/2163 3193/4087/2153
f 3108/4074/2149 3110/4076/2160 3180/4096/2160 3191/4083/2149
f 3112/4078/2162 3114/4080/2226 3162/4094/2226 3179/4095/2162
f 3098/4064/2166 3100/4066/2156 3174/4092/2156 3187/4099/2166
f 3171/4123/2185 3168/4108/2174 3124/466/2174 3123/465/2185
f 3167/4124/2186 3164/4106/2172 3119/461/2172 3118/460/2186
f 3163/4125/2187 3160/4104/2170 3116/458/2170 3135/477/2187
f 3159/4126/2188 3156/4127/2189 3131/473/2189 3130/472/2188
f 3178/4113/2146 3181/4112/2145 3146/4128/2145 3202/4129/2146
f 3156/4127/50 3159/4126/2143 3205/4130/2143 3212/4131/50
f 3173/4132/2190 3158/4133/2191 3204/4134/2191 3207/4135/2190
f 3184/4136/2194 3183/4137/2217 3136/4138/2217 3151/4139/2218
f 3171/4123/2136 3182/4115/2135 3137/4140/2135 3138/4141/2136
f 3162/4142/2195 3161/4143/2196 3215/4144/2196 3200/4145/2195
f 3195/4146/2197 3188/4147/2219 3155/4121/2219 3152/4120/2197
f 3182/4115/2135 3185/4114/69 3150/4148/69 3137/4140/2135
f 3160/4104/594 3163/4125/2147 3201/4149/2147 3214/4150/594
f 3159/4126/2143 3172/4111/2142 3206/4151/2142 3205/4130/2143
f 3188/4147/2219 3187/4152/2199 3140/4153/2199 3155/4121/2219
f 3187/4152/2199 3174/4154/2200 3143/4155/2200 3140/4153/2199
f 3166/4156/2202 3165/4157/2220 3211/4158/2220 3196/4159/2202
f 3189/4116/2139 3194/4109/2138 3153/4119/2138 3154/4118/2139
f 3186/4117/2140 3189/4116/2139 3154/4118/2139 3141/4160/2140
f 3164/4106/2133 3167/4124/2132 3197/4161/2132 3210/4162/2133
f 3179/4163/2227 3162/4142/2195 3200/4145/2195 3203/4164/2227
f 3157/4165/2228 3191/4166/2229 3144/4167/2229 3213/4168/2228
f 3175/4110/2141 3186/4117/2140 3141/4160/2140 3142/4169/2141
f 3170/4170/2208 3169/4171/2209 3209/4172/2209 3139/4173/2208
f 3156/4127/2189 3190/4122/2184 3132/474/2184 3131/473/2189
f 3150/4148/75 3149/4174/75 3148/4175/75 3151/4139/75
f 3146/4128/75 3145/4176/75 3144/4167/75 3147/4177/75
f 3142/4169/75 3141/4160/75 3140/4153/75 3143/4155/75
f 3138/4141/75 3137/4140/75 3136/4138/75 3139/4173/75
f 3197/4161/75 3198/4178/75 3199/4179/75 3196/4159/75
f 3201/4149/75 3202/4129/75 3203/4164/75 3200/4145/75
f 3205/4130/75 3206/4151/75 3207/4135/75 3204/4134/75
f 3153/4119/75 3208/4180/75 3209/4172/75 3152/4120/75
f 3149/4174/75 3210/4162/75 3211/4158/75 3148/4175/75
f 3145/4176/75 3212/4131/75 3213/4168/75 3144/4167/75
f 3141/4160/75 3154/4118/75 3155/4121/75 3140/4153/75
f 3137/4140/75 3150/4148/75 3151/4139/75 3136/4138/75
f 3202/4129/75 3146/4128/75 3147/4177/75 3203/4164/75
f 3198/4178/75 3214/4150/75 3215/4144/75 3199/4179/75
f 3206/4151/75 3142/4169/75 3143/4155/75 3207/4135/75
f 3208/4180/75 3138/4141/75 3139/4173/75 3209/4172/75
f 3210/4162/75 3197/4161/75 3196/4159/75 3211/4158/75
f 3214/4150/75 3201/4149/75 3200/4145/75 3215/4144/75
f 3212/4131/75 3205/4130/75 3204/4134/75 3213/4168/75
f 3185/4114/69 3192/4107/2134 3149/4174/2134 3150/4148/69
f 3194/4109/2138 3168/4108/2137 3208/4180/2137 3153/4119/2138
f 3158/4133/2191 3157/4165/2228 3213/4168/2228 3204/4134/2191
f 3183/4137/2217 3170/4170/2208 3139/4173/2208 3136/4138/2217
f 3180/4181/2210 3179/4163/2227 3203/4164/2227 3147/4177/2210
f 3176/4105/2131 3160/4104/594 3214/4150/594 3198/4178/2131
f 3193/4182/2223 3184/4136/2194 3151/4139/2218 3148/4175/2223
f 3169/4171/2209 3195/4146/2197 3152/4120/2197 3209/4172/2209
f 3167/4124/2132 3176/4105/2131 3198/4178/2131 3197/4161/2132
f 3192/4107/2134 3164/4106/2133 3210/4162/2133 3149/4174/2134
f 3161/4143/2196 3177/4183/2212 3199/4179/2212 3215/4144/2196
f 3181/4112/2145 3190/4122/2144 3145/4176/2144 3146/4128/2145
f 3177/4183/2212 3166/4156/2202 3196/4159/2202 3199/4179/2212
f 3172/4111/2142 3175/4110/2141 3142/4169/2141 3206/4151/2142
f 3165/4157/2220 3193/4182/2223 3148/4175/2223 3211/4158/2220
f 3174/4154/2200 3173/4132/2190 3207/4135/2190 3143/4155/2200
f 3191/4166/2229 3180/4181/2210 3147/4177/2210 3144/4167/2229
f 3190/4122/2144 3156/4127/50 3212/4131/50 3145/4176/2144
f 3163/4125/2147 3178/4113/2146 3202/4129/2146 3201/4149/2147
f 3168/4108/2137 3171/4123/2136 3138/4141/2136 3208/4180/2137
f 3216/4184/376 3218/4185/2230 3219/4186/2230 3217/4187/376
f 3218/4185/2230 3220/4188/2231 3221/4189/2231 3219/4186/2230
f 3220/4188/2231 3222/4190/2232 3223/4191/2232 3221/4189/2231
f 3222/4190/2232 3224/4192/2233 3225/4193/2233 3223/4191/2232
f 3224/4192/2233 3226/4194/69 3227/4195/69 3225/4193/2233
f 3226/4194/69 3228/4196/2234 3229/4197/2234 3227/4195/69
f 3228/4196/2234 3230/4198/2235 3231/4199/2235 3229/4197/2234
f 3230/4198/2235 3232/4200/2236 3233/4201/2236 3231/4199/2235
f 3232/4200/2236 3234/4202/2237 3235/4203/2237 3233/4201/2236
f 3234/4202/2237 3236/4204/2238 3237/4205/2238 3235/4203/2237
f 3236/4204/2238 3238/4206/2239 3239/4207/2239 3237/4205/2238
f 3238/4206/2239 3240/4208/2240 3241/4209/2240 3239/4207/2239
f 3240/4208/2240 3242/4210/2241 3243/4211/2241 3241/4209/2240
f 3242/4210/2241 3244/4212/2242 3245/4213/2242 3243/4211/2241
f 3244/4212/2242 3246/4214/50 3247/4215/50 3245/4213/2242
f 3246/4214/50 3248/4216/2243 3249/4217/2243 3247/4215/50
f 3248/4216/2243 3250/4218/2244 3251/4219/2244 3249/4217/2243
f 3250/4218/2244 3252/4220/2245 3253/4221/2245 3251/4219/2244
f 3252/4220/2245 3254/4222/2246 3255/4223/2246 3253/4221/2245
f 3254/4222/2246 3216/4224/376 3217/4225/376 3255/4223/2246
f 3246/4214/2247 3297/4226/2247 3331/4227/2248 3248/4216/2248
f 3216/4184/2249 3301/4228/2249 3317/4229/2250 3218/4185/2250
f 3222/4190/2251 3305/4230/2251 3333/4231/2252 3224/4192/2252
f 3232/4200/2253 3309/4232/2253 3335/4233/2254 3234/4202/2254
f 3240/4208/2255 3314/4234/2255 3313/4235/2256 3242/4210/2256
f 3254/4222/2257 3302/4236/2257 3301/4237/2249 3216/4224/2249
f 3250/4218/2258 3320/4238/2258 3319/4239/2259 3252/4220/2259
f 3226/4194/2260 3324/4240/2260 3323/4241/2261 3228/4196/2261
f 3236/4204/2262 3328/4242/2262 3327/4243/2263 3238/4206/2263
f 3244/4212/2264 3298/4244/2264 3297/4226/2247 3246/4214/2247
f 3220/4188/2265 3306/4245/2265 3305/4230/2251 3222/4190/2251
f 3230/4198/2266 3310/4246/2266 3309/4232/2253 3232/4200/2253
f 3300/4247/2267 3256/478/2267 3257/497/2268 3316/4248/2268
f 3304/4249/2269 3259/495/2269 3260/494/2270 3332/4250/2270
f 3308/4251/2271 3264/490/2271 3265/489/2272 3334/4252/2272
f 3315/4253/2273 3268/486/2273 3269/485/2274 3312/4254/2274
f 3321/4255/2275 3273/481/2275 3274/480/2276 3318/4256/2276
f 3325/4257/2277 3261/493/2277 3262/492/2278 3322/4258/2278
f 3329/4259/2279 3266/488/2279 3267/487/2280 3326/4260/2280
f 3294/4261/76 3295/4262/76 3292/4263/76 3293/4264/76
f 3334/4252/2272 3265/489/2272 3266/488/2279 3329/4259/2279
f 3332/4250/2270 3260/494/2270 3261/493/2277 3325/4257/2277
f 3330/4265/2281 3272/482/2281 3273/481/2275 3321/4255/2275
f 3326/4260/2280 3267/487/2280 3268/486/2273 3315/4253/2273
f 3322/4258/2278 3262/492/2278 3263/491/2282 3311/4266/2282
f 3316/4248/2268 3257/497/2268 3258/496/2283 3307/4267/2283
f 3318/4256/2276 3274/480/2276 3275/479/2284 3303/4268/2284
f 3312/4254/2274 3269/485/2274 3270/484/2285 3299/4269/2285
f 3228/4196/2261 3323/4241/2261 3310/4246/2266 3230/4198/2266
f 3218/4185/2250 3317/4229/2250 3306/4245/2265 3220/4188/2265
f 3242/4210/2256 3313/4235/2256 3298/4244/2264 3244/4212/2264
f 3234/4202/2254 3335/4233/2254 3328/4242/2262 3236/4204/2262
f 3224/4192/2252 3333/4231/2252 3324/4240/2260 3226/4194/2260
f 3248/4216/2248 3331/4227/2248 3320/4238/2258 3250/4218/2258
f 3252/4220/2259 3319/4239/2259 3302/4236/2257 3254/4222/2257
f 3238/4206/2263 3327/4243/2263 3314/4234/2255 3240/4208/2255
f 3311/4266/2282 3263/491/2282 3264/490/2271 3308/4251/2271
f 3307/4267/2283 3258/496/2283 3259/495/2269 3304/4249/2269
f 3303/4268/2284 3275/479/2284 3256/478/2267 3300/4247/2267
f 3299/4269/2285 3270/484/2285 3271/483/2286 3296/4270/2286
f 3318/4256/2245 3342/4271/2245 3286/4272/2244 3321/4255/2244
f 3296/4270/50 3352/4273/50 3345/4274/2242 3299/4269/2242
f 3313/4275/2287 3347/4276/2287 3344/4277/2288 3298/4278/2288
f 3324/4279/2289 3291/4280/2289 3276/4281/2290 3323/4282/2290
f 3311/4266/2235 3278/4283/2235 3277/4284/2234 3322/4258/2234
f 3302/4285/2291 3340/4286/2291 3355/4287/2292 3301/4288/2292
f 3335/4289/2293 3292/4263/2293 3295/4262/2294 3328/4290/2294
f 3322/4258/2234 3277/4284/2234 3290/4291/69 3325/4257/69
f 3300/4247/376 3354/4292/376 3341/4293/2246 3303/4268/2246
f 3299/4269/2242 3345/4274/2242 3346/4294/2241 3312/4254/2241
f 3328/4290/2294 3295/4262/2294 3280/4295/2295 3327/4296/2295
f 3327/4296/2295 3280/4295/2295 3283/4297/2296 3314/4298/2296
f 3306/4299/2297 3336/4300/2297 3351/4301/2298 3305/4302/2298
f 3329/4259/2238 3294/4261/2238 3293/4264/2237 3334/4252/2237
f 3326/4260/2239 3281/4303/2239 3294/4261/2238 3329/4259/2238
f 3304/4249/2232 3350/4304/2232 3337/4305/2231 3307/4267/2231
f 3319/4306/2299 3343/4307/2300 3340/4286/2291 3302/4285/2291
f 3297/4308/2301 3353/4309/2302 3284/4310/2303 3331/4311/2303
f 3315/4253/2240 3282/4312/2240 3281/4303/2239 3326/4260/2239
f 3310/4313/2304 3279/4314/2304 3349/4315/2305 3309/4316/2305
f 3296/4270/2286 3271/483/2286 3272/482/2281 3330/4265/2281
f 3290/4291/76 3291/4280/76 3288/4317/76 3289/4318/76
f 3286/4272/76 3287/4319/76 3284/4310/76 3285/4320/76
f 3282/4312/76 3283/4297/76 3280/4295/76 3281/4303/76
f 3278/4283/76 3279/4314/76 3276/4281/76 3277/4284/76
f 3337/4305/76 3336/4300/76 3339/4321/76 3338/4322/76
f 3341/4293/76 3340/4286/76 3343/4307/76 3342/4271/76
f 3345/4274/76 3344/4277/76 3347/4276/76 3346/4294/76
f 3293/4264/76 3292/4263/76 3349/4315/76 3348/4323/76
f 3289/4318/76 3288/4317/76 3351/4301/76 3350/4304/76
f 3285/4320/76 3284/4310/76 3353/4309/76 3352/4273/76
f 3281/4303/76 3280/4295/76 3295/4262/76 3294/4261/76
f 3277/4284/76 3276/4281/76 3291/4280/76 3290/4291/76
f 3342/4271/76 3343/4307/76 3287/4319/76 3286/4272/76
f 3338/4322/76 3339/4321/76 3355/4287/76 3354/4292/76
f 3346/4294/76 3347/4276/76 3283/4297/76 3282/4312/76
f 3348/4323/76 3349/4315/76 3279/4314/76 3278/4283/76
f 3350/4304/76 3351/4301/76 3336/4300/76 3337/4305/76
f 3354/4292/76 3355/4287/76 3340/4286/76 3341/4293/76
f 3352/4273/76 3353/4309/76 3344/4277/76 3345/4274/76
f 3325/4257/69 3290/4291/69 3289/4318/2233 3332/4250/2233
f 3334/4252/2237 3293/4264/2237 3348/4323/2236 3308/4251/2236
f 3298/4278/2288 3344/4277/2288 3353/4309/2302 3297/4308/2301
f 3323/4282/2290 3276/4281/2290 3279/4314/2304 3310/4313/2304
f 3320/4324/2306 3287/4319/2306 3343/4307/2300 3319/4306/2299
f 3316/4248/2230 3338/4322/2230 3354/4292/376 3300/4247/376
f 3333/4325/2307 3288/4317/2307 3291/4280/2289 3324/4279/2289
f 3309/4316/2305 3349/4315/2305 3292/4263/2293 3335/4289/2293
f 3307/4267/2231 3337/4305/2231 3338/4322/2230 3316/4248/2230
f 3332/4250/2233 3289/4318/2233 3350/4304/2232 3304/4249/2232
f 3301/4288/2292 3355/4287/2292 3339/4321/2308 3317/4326/2308
f 3321/4255/2244 3286/4272/2244 3285/4320/2243 3330/4265/2243
f 3317/4326/2308 3339/4321/2308 3336/4300/2297 3306/4299/2297
f 3312/4254/2241 3346/4294/2241 3282/4312/2240 3315/4253/2240
f 3305/4302/2298 3351/4301/2298 3288/4317/2307 3333/4325/2307
f 3314/4298/2296 3283/4297/2296 3347/4276/2287 3313/4275/2287
f 3331/4311/2303 3284/4310/2303 3287/4319/2306 3320/4324/2306
f 3330/4265/2243 3285/4320/2243 3352/4273/50 3296/4270/50
f 3303/4268/2246 3341/4293/2246 3342/4271/2245 3318/4256/2245
f 3308/4251/2236 3348/4323/2236 3278/4283/2235 3311/4266/2235
f 3356/4327/376 3358/4328/2230 3359/4329/2230 3357/4330/376
f 3358/4328/2230 3360/4331/2231 3361/4332/2231 3359/4329/2230
f 3360/4331/2231 3362/4333/2232 3363/4334/2232 3361/4332/2231
f 3362/4333/2232 3364/4335/2233 3365/4336/2233 3363/4334/2232
f 3364/4335/2233 3366/4337/69 3367/4338/69 3365/4336/2233
f 3366/4337/69 3368/4339/2234 3369/4340/2234 3367/4338/69
f 3368/4339/2234 3370/4341/2235 3371/4342/2235 3369/4340/2234
f 3370/4341/2235 3372/4343/2236 3373/4344/2236 3371/4342/2235
f 3372/4343/2236 3374/4345/2237 3375/4346/2237 3373/4344/2236
f 3374/4345/2237 3376/4347/2238 3377/4348/2238 3375/4346/2237
f 3376/4347/2238 3378/4349/2239 3379/4350/2239 3377/4348/2238
f 3378/4349/2239 3380/4351/2240 3381/4352/2240 3379/4350/2239
f 3380/4351/2240 3382/4353/2241 3383/4354/2241 3381/4352/2240
f 3382/4353/2241 3384/4355/2242 3385/4356/2242 3383/4354/2241
f 3384/4355/2242 3386/4357/50 3387/4358/50 3385/4356/2242
f 3386/4357/50 3388/4359/2243 3389/4360/2243 3387/4358/50
f 3388/4359/2243 3390/4361/2244 3391/4362/2244 3389/4360/2243
f 3390/4361/2244 3392/4363/2245 3393/4364/2245 3391/4362/2244
f 3392/4363/2245 3394/4365/2246 3395/4366/2246 3393/4364/2245
f 3394/4365/2246 3356/4367/376 3357/4368/376 3395/4366/2246
f 3386/4357/2247 3437/4369/2247 3471/4370/2248 3388/4359/2248
f 3356/4327/2249 3441/4371/2249 3457/4372/2250 3358/4328/2250
f 3362/4333/2309 3445/4373/2309 3473/4374/2252 3364/4335/2252
f 3372/4343/2310 3449/4375/2310 3475/4376/2254 3374/4345/2254
f 3380/4351/2311 3454/4377/2311 3453/4378/2256 3382/4353/2256
f 3394/4365/2257 3442/4379/2257 3441/4380/2249 3356/4367/2249
f 3390/4361/2258 3460/4381/2258 3459/4382/2259 3392/4363/2259
f 3366/4337/2312 3464/4383/2312 3463/4384/2261 3368/4339/2261
f 3376/4347/2262 3468/4385/2262 3467/4386/2263 3378/4349/2263
f 3384/4355/2264 3438/4387/2264 3437/4369/2247 3386/4357/2247
f 3360/4331/2265 3446/4388/2313 3445/4373/2309 3362/4333/2309
f 3370/4341/2266 3450/4389/2266 3449/4375/2310 3372/4343/2310
f 3440/4390/2267 3396/498/2267 3397/517/2268 3456/4391/2268
f 3444/4392/2269 3399/515/2269 3400/514/2270 3472/4393/2270
f 3448/4394/2271 3404/510/2271 3405/509/2272 3474/4395/2272
f 3455/4396/2273 3408/506/2273 3409/505/2274 3452/4397/2274
f 3461/4398/2275 3413/501/2275 3414/500/2276 3458/4399/2276
f 3465/4400/2277 3401/513/2277 3402/512/2278 3462/4401/2278
f 3469/4402/2279 3406/508/2279 3407/507/2280 3466/4403/2280
f 3434/4404/76 3435/4405/76 3432/4406/76 3433/4407/76
f 3474/4395/2272 3405/509/2272 3406/508/2279 3469/4402/2279
f 3472/4393/2270 3400/514/2270 3401/513/2277 3465/4400/2277
f 3470/4408/2281 3412/502/2281 3413/501/2275 3461/4398/2275
f 3466/4403/2280 3407/507/2280 3408/506/2273 3455/4396/2273
f 3462/4401/2278 3402/512/2278 3403/511/2282 3451/4409/2282
f 3456/4391/2268 3397/517/2268 3398/516/2283 3447/4410/2283
f 3458/4399/2276 3414/500/2276 3415/499/2284 3443/4411/2284
f 3452/4397/2274 3409/505/2274 3410/504/2285 3439/4412/2285
f 3368/4339/2261 3463/4384/2261 3450/4389/2266 3370/4341/2266
f 3358/4328/2250 3457/4372/2250 3446/4388/2313 3360/4331/2265
f 3382/4353/2256 3453/4378/2256 3438/4387/2264 3384/4355/2264
f 3374/4345/2254 3475/4376/2254 3468/4385/2262 3376/4347/2262
f 3364/4335/2252 3473/4374/2252 3464/4383/2312 3366/4337/2312
f 3388/4359/2248 3471/4370/2248 3460/4381/2258 3390/4361/2258
f 3392/4363/2259 3459/4382/2259 3442/4379/2257 3394/4365/2257
f 3378/4349/2263 3467/4386/2263 3454/4377/2311 3380/4351/2311
f 3451/4409/2282 3403/511/2282 3404/510/2271 3448/4394/2271
f 3447/4410/2283 3398/516/2283 3399/515/2269 3444/4392/2269
f 3443/4411/2284 3415/499/2284 3396/498/2267 3440/4390/2267
f 3439/4412/2285 3410/504/2285 3411/503/2286 3436/4413/2286
f 3458/4399/2245 3482/4414/2245 3426/4415/2244 3461/4398/2244
f 3436/4413/50 3492/4416/50 3485/4417/2242 3439/4412/2242
f 3453/4418/2314 3487/4419/2314 3484/4420/2288 3438/4421/2288
f 3464/4422/2289 3431/4423/2289 3416/4424/2315 3463/4425/2315
f 3451/4409/2235 3418/4426/2235 3417/4427/2234 3462/4401/2234
f 3442/4428/2291 3480/4429/2291 3495/4430/2292 3441/4431/2292
f 3475/4432/2293 3432/4406/2293 3435/4405/2294 3468/4433/2294
f 3462/4401/2234 3417/4427/2234 3430/4434/69 3465/4400/69
f 3440/4390/376 3494/4435/376 3481/4436/2246 3443/4411/2246
f 3439/4412/2242 3485/4417/2242 3486/4437/2241 3452/4397/2241
f 3468/4433/2294 3435/4405/2294 3420/4438/2295 3467/4439/2295
f 3467/4439/2295 3420/4438/2295 3423/4440/2316 3454/4441/2296
f 3446/4442/2297 3476/4443/2297 3491/4444/2317 3445/4445/2317
f 3469/4402/2238 3434/4404/2238 3433/4407/2237 3474/4395/2237
f 3466/4403/2239 3421/4446/2239 3434/4404/2238 3469/4402/2238
f 3444/4392/2232 3490/4447/2232 3477/4448/2231 3447/4410/2231
f 3459/4449/2299 3483/4450/2299 3480/4429/2291 3442/4428/2291
f 3437/4451/2301 3493/4452/2301 3424/4453/2318 3471/4454/2318
f 3455/4396/2240 3422/4455/2240 3421/4446/2239 3466/4403/2239
f 3450/4456/2304 3419/4457/2304 3489/4458/2305 3449/4459/2305
f 3436/4413/2286 3411/503/2286 3412/502/2281 3470/4408/2281
f 3430/4434/76 3431/4423/76 3428/4460/76 3429/4461/76
f 3426/4415/76 3427/4462/76 3424/4453/76 3425/4463/76
f 3422/4455/76 3423/4440/76 3420/4438/76 3421/4446/76
f 3418/4426/76 3419/4457/76 3416/4424/76 3417/4427/76
f 3477/4448/76 3476/4443/76 3479/4464/76 3478/4465/76
f 3481/4436/76 3480/4429/76 3483/4450/76 3482/4414/76
f 3485/4417/76 3484/4420/76 3487/4419/76 3486/4437/76
f 3433/4407/76 3432/4406/76 3489/4458/76 3488/4466/76
f 3429/4461/76 3428/4460/76 3491/4444/76 3490/4447/76
f 3425/4463/76 3424/4453/76 3493/4452/76 3492/4416/76
f 3421/4446/76 3420/4438/76 3435/4405/76 3434/4404/76
f 3417/4427/76 3416/4424/76 3431/4423/76 3430/4434/76
f 3482/4414/76 3483/4450/76 3427/4462/76 3426/4415/76
f 3478/4465/76 3479/4464/76 3495/4430/76 3494/4435/76
f 3486/4437/76 3487/4419/76 3423/4440/76 3422/4455/76
f 3488/4466/76 3489/4458/76 3419/4457/76 3418/4426/76
f 3490/4447/76 3491/4444/76 3476/4443/76 3477/4448/76
f 3494/4435/76 3495/4430/76 3480/4429/76 3481/4436/76
f 3492/4416/76 3493/4452/76 3484/4420/76 3485/4417/76
f 3465/4400/69 3430/4434/69 3429/4461/2233 3472/4393/2233
f 3474/4395/2237 3433/4407/2237 3488/4466/2236 3448/4394/2236
f 3438/4421/2288 3484/4420/2288 3493/4452/2301 3437/4451/2301
f 3463/4425/2315 3416/4424/2315 3419/4457/2304 3450/4456/2304
f 3460/4467/2319 3427/4462/2319 3483/4450/2299 3459/4449/2299
f 3456/4391/2230 3478/4465/2230 3494/4435/376 3440/4390/376
f 3473/4468/2320 3428/4460/2320 3431/4423/2289 3464/4422/2289
f 3449/4459/2305 3489/4458/2305 3432/4406/2293 3475/4432/2293
f 3447/4410/2231 3477/4448/2231 3478/4465/2230 3456/4391/2230
f 3472/4393/2233 3429/4461/2233 3490/4447/2232 3444/4392/2232
f 3441/4431/2292 3495/4430/2292 3479/4464/2308 3457/4469/2308
f 3461/4398/2244 3426/4415/2244 3425/4463/2243 3470/4408/2243
f 3457/4469/2308 3479/4464/2308 3476/4443/2297 3446/4442/2297
f 3452/4397/2241 3486/4437/2241 3422/4455/2240 3455/4396/2240
f 3445/4445/2317 3491/4444/2317 3428/4460/2320 3473/4468/2320
f 3454/4441/2296 3423/4440/2316 3487/4419/2314 3453/4418/2314
f 3471/4454/2318 3424/4453/2318 3427/4462/2319 3460/4467/2319
f 3470/4408/2243 3425/4463/2243 3492/4416/50 3436/4413/50
f 3443/4411/2246 3481/4436/2246 3482/4414/2245 3458/4399/2245
f 3448/4394/2236 3488/4466/2236 3418/4426/2235 3451/4409/2235
f 3496/4470/376 3498/4471/2230 3499/4472/2230 3497/4473/376
f 3498/4471/2230 3500/4474/2231 3501/4475/2231 3499/4472/2230
f 3500/4474/2231 3502/4476/2232 3503/4477/2232 3501/4475/2231
f 3502/4476/2232 3504/4478/2233 3505/4479/2233 3503/4477/2232
f 3504/4478/2233 3506/4480/69 3507/4481/69 3505/4479/2233
f 3506/4480/69 3508/4482/2234 3509/4483/2234 3507/4481/69
f 3508/4482/2234 3510/4484/2235 3511/4485/2235 3509/4483/2234
f 3510/4484/2235 3512/4486/2236 3513/4487/2236 3511/4485/2235
f 3512/4486/2236 3514/4488/2237 3515/4489/2237 3513/4487/2236
f 3514/4488/2237 3516/4490/2238 3517/4491/2238 3515/4489/2237
f 3516/4490/2238 3518/4492/2239 3519/4493/2239 3517/4491/2238
f 3518/4492/2239 3520/4494/2240 3521/4495/2240 3519/4493/2239
f 3520/4494/2240 3522/4496/2241 3523/4497/2241 3521/4495/2240
f 3522/4496/2241 3524/4498/2242 3525/4499/2242 3523/4497/2241
f 3524/4498/2242 3526/4500/50 3527/4501/50 3525/4499/2242
f 3526/4500/50 3528/4502/2243 3529/4503/2243 3527/4501/50
f 3528/4502/2243 3530/4504/2244 3531/4505/2244 3529/4503/2243
f 3530/4504/2244 3532/4506/2245 3533/4507/2245 3531/4505/2244
f 3532/4506/2245 3534/4508/2246 3535/4509/2246 3533/4507/2245
f 3534/4508/2246 3496/4510/376 3497/4511/376 3535/4509/2246
f 3526/4500/2321 3577/4512/2321 3611/4513/2248 3528/4502/2248
f 3496/4470/2249 3581/4514/2249 3597/4515/2250 3498/4471/2250
f 3502/4476/2309 3585/4516/2309 3613/4517/2252 3504/4478/2252
f 3512/4486/2310 3589/4518/2310 3615/4519/2254 3514/4488/2254
f 3520/4494/2311 3594/4520/2311 3593/4521/2256 3522/4496/2256
f 3534/4508/2257 3582/4522/2257 3581/4523/2249 3496/4510/2249
f 3530/4504/2258 3600/4524/2258 3599/4525/2259 3532/4506/2259
f 3506/4480/2260 3604/4526/2260 3603/4527/2261 3508/4482/2261
f 3516/4490/2262 3608/4528/2262 3607/4529/2263 3518/4492/2263
f 3524/4498/2264 3578/4530/2264 3577/4512/2321 3526/4500/2321
f 3500/4474/2265 3586/4531/2313 3585/4516/2309 3502/4476/2309
f 3510/4484/2266 3590/4532/2266 3589/4518/2310 3512/4486/2310
f 3580/4533/2267 3536/518/2267 3537/537/2268 3596/4534/2268
f 3584/4535/2269 3539/535/2269 3540/534/2270 3612/4536/2270
f 3588/4537/2271 3544/530/2271 3545/529/2272 3614/4538/2272
f 3595/4539/2273 3548/526/2273 3549/525/2274 3592/4540/2274
f 3601/4541/2275 3553/521/2275 3554/520/2276 3598/4542/2276
f 3605/4543/2277 3541/533/2277 3542/532/2278 3602/4544/2278
f 3609/4545/2279 3546/528/2279 3547/527/2280 3606/4546/2280
f 3574/4547/76 3575/4548/76 3572/4549/76 3573/4550/76
f 3614/4538/2272 3545/529/2272 3546/528/2279 3609/4545/2279
f 3612/4536/2270 3540/534/2270 3541/533/2277 3605/4543/2277
f 3610/4551/2281 3552/522/2281 3553/521/2275 3601/4541/2275
f 3606/4546/2280 3547/527/2280 3548/526/2273 3595/4539/2273
f 3602/4544/2278 3542/532/2278 3543/531/2282 3591/4552/2282
f 3596/4534/2268 3537/537/2268 3538/536/2283 3587/4553/2283
f 3598/4542/2276 3554/520/2276 3555/519/2284 3583/4554/2284
f 3592/4540/2274 3549/525/2274 3550/524/2285 3579/4555/2285
f 3508/4482/2261 3603/4527/2261 3590/4532/2266 3510/4484/2266
f 3498/4471/2250 3597/4515/2250 3586/4531/2313 3500/4474/2265
f 3522/4496/2256 3593/4521/2256 3578/4530/2264 3524/4498/2264
f 3514/4488/2254 3615/4519/2254 3608/4528/2262 3516/4490/2262
f 3504/4478/2252 3613/4517/2252 3604/4526/2260 3506/4480/2260
f 3528/4502/2248 3611/4513/2248 3600/4524/2258 3530/4504/2258
f 3532/4506/2259 3599/4525/2259 3582/4522/2257 3534/4508/2257
f 3518/4492/2263 3607/4529/2263 3594/4520/2311 3520/4494/2311
f 3591/4552/2282 3543/531/2282 3544/530/2271 3588/4537/2271
f 3587/4553/2283 3538/536/2283 3539/535/2269 3584/4535/2269
f 3583/4554/2284 3555/519/2284 3536/518/2267 3580/4533/2267
f 3579/4555/2285 3550/524/2285 3551/523/2286 3576/4556/2286
f 3598/4542/2245 3622/4557/2245 3566/4558/2244 3601/4541/2244
f 3576/4556/50 3632/4559/50 3625/4560/2242 3579/4555/2242
f 3593/4561/2287 3627/4562/2287 3624/4563/2288 3578/4564/2288
f 3604/4565/2322 3571/4566/2289 3556/4567/2315 3603/4568/2315
f 3591/4552/2235 3558/4569/2235 3557/4570/2234 3602/4544/2234
f 3582/4571/2291 3620/4572/2291 3635/4573/2292 3581/4574/2292
f 3615/4575/2293 3572/4549/2293 3575/4548/2323 3608/4576/2323
f 3602/4544/2234 3557/4570/2234 3570/4577/69 3605/4543/69
f 3580/4533/376 3634/4578/376 3621/4579/2246 3583/4554/2246
f 3579/4555/2242 3625/4560/2242 3626/4580/2241 3592/4540/2241
f 3608/4576/2323 3575/4548/2323 3560/4581/2295 3607/4582/2295
f 3607/4582/2295 3560/4581/2295 3563/4583/2324 3594/4584/2324
f 3586/4585/2297 3616/4586/2297 3631/4587/2317 3585/4588/2325
f 3609/4545/2238 3574/4547/2238 3573/4550/2237 3614/4538/2237
f 3606/4546/2239 3561/4589/2239 3574/4547/2238 3609/4545/2238
f 3584/4535/2232 3630/4590/2232 3617/4591/2231 3587/4553/2231
f 3599/4592/2326 3623/4593/2326 3620/4572/2291 3582/4571/2291
f 3577/4594/2302 3633/4595/2302 3564/4596/2327 3611/4597/2327
f 3595/4539/2240 3562/4598/2240 3561/4589/2239 3606/4546/2239
f 3590/4599/2304 3559/4600/2304 3629/4601/2305 3589/4602/2305
f 3576/4556/2286 3551/523/2286 3552/522/2281 3610/4551/2281
f 3570/4577/76 3571/4566/76 3568/4603/76 3569/4604/76
f 3566/4558/76 3567/4605/76 3564/4596/76 3565/4606/76
f 3562/4598/76 3563/4583/76 3560/4581/76 3561/4589/76
f 3558/4569/76 3559/4600/76 3556/4567/76 3557/4570/76
f 3617/4591/76 3616/4586/76 3619/4607/76 3618/4608/76
f 3621/4579/76 3620/4572/76 3623/4593/76 3622/4557/76
f 3625/4560/76 3624/4563/76 3627/4562/76 3626/4580/76
f 3573/4550/76 3572/4549/76 3629/4601/76 3628/4609/76
f 3569/4604/76 3568/4603/76 3631/4587/76 3630/4590/76
f 3565/4606/76 3564/4596/76 3633/4595/76 3632/4559/76
f 3561/4589/76 3560/4581/76 3575/4548/76 3574/4547/76
f 3557/4570/76 3556/4567/76 3571/4566/76 3570/4577/76
f 3622/4557/76 3623/4593/76 3567/4605/76 3566/4558/76
f 3618/4608/76 3619/4607/76 3635/4573/76 3634/4578/76
f 3626/4580/76 3627/4562/76 3563/4583/76 3562/4598/76
f 3628/4609/76 3629/4601/76 3559/4600/76 3558/4569/76
f 3630/4590/76 3631/4587/76 3616/4586/76 3617/4591/76
f 3634/4578/76 3635/4573/76 3620/4572/76 3621/4579/76
f 3632/4559/76 3633/4595/76 3624/4563/76 3625/4560/76
f 3605/4543/69 3570/4577/69 3569/4604/2233 3612/4536/2233
f 3614/4538/2237 3573/4550/2237 3628/4609/2236 3588/4537/2236
f 3578/4564/2288 3624/4563/2288 3633/4595/2302 3577/4594/2302
f 3603/4568/2315 3556/4567/2315 3559/4600/2304 3590/4599/2304
f 3600/4610/2306 3567/4605/2306 3623/4593/2326 3599/4592/2326
f 3596/4534/2230 3618/4608/2230 3634/4578/376 3580/4533/376
f 3613/4611/2320 3568/4603/2320 3571/4566/2289 3604/4565/2322
f 3589/4602/2305 3629/4601/2305 3572/4549/2293 3615/4575/2293
f 3587/4553/2231 3617/4591/2231 3618/4608/2230 3596/4534/2230
f 3612/4536/2233 3569/4604/2233 3630/4590/2232 3584/4535/2232
f 3581/4574/2292 3635/4573/2292 3619/4607/2308 3597/4612/2308
f 3601/4541/2244 3566/4558/2244 3565/4606/2243 3610/4551/2243
f 3597/4612/2308 3619/4607/2308 3616/4586/2297 3586/4585/2297
f 3592/4540/2241 3626/4580/2241 3562/4598/2240 3595/4539/2240
f 3585/4588/2325 3631/4587/2317 3568/4603/2320 3613/4611/2320
f 3594/4584/2324 3563/4583/2324 3627/4562/2287 3593/4561/2287
f 3611/4597/2327 3564/4596/2327 3567/4605/2306 3600/4610/2306
f 3610/4551/2243 3565/4606/2243 3632/4559/50 3576/4556/50
f 3583/4554/2246 3621/4579/2246 3622/4557/2245 3598/4542/2245
f 3588/4537/2236 3628/4609/2236 3558/4569/2235 3591/4552/2235
f 3707/4613/2328 3708/4614/2329 3713/4615/2328
f 3723/4616/80 3705/4617/80 3709/4618/2330 3714/4619/2331
f 3721/4620/80 3717/4621/80 3718/4622/80 3706/4623/80 3724/4624/80
f 3713/4615/2328 3708/4614/2329 3715/4625/2328
f 3715/4625/2328 3708/4614/2329 3716/4626/2328
f 3716/4626/2328 3708/4614/2329 3714/4627/2332
f 3709/4618/2330 3711/4628/2333 3716/4629/2334 3714/4619/2331
f 3711/4628/2333 3712/4630/2335 3715/4631/2336 3716/4629/2334
f 3712/4630/2335 3710/4632/2337 3713/4633/2338 3715/4631/2336
f 3713/4633/2338 3710/4632/2337 3703/4634/2339 3707/4635/2339
f 3708/4614/2329 3725/4636/2340 3722/4637/2341 3714/4627/2332
f 3721/4620/80 3724/4624/80 3723/4616/80 3722/4638/80
f 3721/623/2342 3722/4637/2341 3725/4636/2340 3726/624/2343
f 3706/4623/80 3702/4639/80 3705/4617/80 3723/4616/80 3724/4624/80
f 3729/642/2344 3733/641/2345 3744/4640/2346 3738/4641/2344
f 3734/639/2347 3732/638/2348 3742/4642/2349 3741/4643/2350
f 3732/638/2348 3731/637/80 3740/4644/80 3742/4642/2349
f 3735/640/2351 3734/639/2347 3741/4643/2350 3743/4645/2352
f 3733/641/2345 3735/640/2351 3743/4645/2352 3744/4640/2346
f 3731/637/80 3728/644/80 3737/4646/80 3740/4644/80
f 3714/4619/2331 3722/4638/80 3723/4616/80
f 3707/4613/2328 3752/4647/2328 3708/4614/2329
f 3760/4648/95 3753/4649/2353 3748/4650/2354 3746/4651/95
f 3758/4652/95 3761/4653/95 3747/4654/95 3757/4655/95 3756/4656/95
f 3752/4647/2328 3754/4657/2328 3708/4614/2329
f 3754/4657/2328 3755/4658/2328 3708/4614/2329
f 3755/4658/2328 3753/4659/2355 3708/4614/2329
f 3748/4650/2354 3753/4649/2353 3755/4660/2356 3750/4661/2357
f 3750/4661/2357 3755/4660/2356 3754/4662/2358 3751/4663/2359
f 3751/4663/2359 3754/4662/2358 3752/4664/2360 3749/4665/2361
f 3752/4664/2360 3707/4635/2339 3703/4634/2339 3749/4665/2361
f 3708/4614/2329 3753/4659/2355 3759/4666/2362 3725/4636/2340
f 3758/4652/95 3759/4667/95 3760/4648/95 3761/4653/95
f 3758/658/2363 3726/624/2343 3725/4636/2340 3759/4666/2362
f 3747/4654/95 3761/4653/95 3760/4648/95 3746/4651/95 3745/4668/95
f 3729/642/2344 3738/4641/2344 3773/4669/2364 3765/666/2365
f 3766/668/2366 3770/4670/2367 3771/4671/2368 3764/669/2369
f 3764/669/2369 3771/4671/2368 3769/4672/95 3763/670/95
f 3767/667/2370 3772/4673/2371 3770/4670/2367 3766/668/2366
f 3765/666/2365 3773/4669/2364 3772/4673/2371 3767/667/2370
f 3763/670/95 3769/4672/95 3768/4674/95 3762/671/95
f 3753/4649/2353 3760/4648/95 3759/4667/95
f 3777/4675/2372 3776/4676/2372 3774/4677/2372 3775/4678/2372
f 3780/4679/2373 3779/4680/2373 3778/4681/2373 3781/4682/2373
f 3781/4683/80 3783/4684/80 3789/4685/80 3787/4686/80
f 3784/4687/80 3783/4684/80 3781/4683/80 3778/4688/80
f 3785/4689/2374 3784/4690/2374 3778/4681/2374 3779/4680/2374
f 3796/4691/2375 3795/4692/2375 3784/4690/2375 3785/4689/2375
f 3795/4693/80 3794/4694/80 3783/4684/80 3784/4687/80
f 3794/4695/2376 3793/4696/2376 3782/4697/2376 3783/4698/2376
f 3789/4699/2377 3788/4700/2377 3786/4701/2377 3787/4702/2377
f 3783/4698/2378 3782/4697/2378 3788/4700/2378 3789/4699/2378
f 3780/4679/2379 3781/4682/2379 3787/4703/2379 3786/4704/2379
f 3776/4705/2380 3777/4706/2380 3792/4707/2380 3790/4708/2380
f 3774/4709/80 3776/4710/80 3790/4711/80 3791/4712/80
f 3791/4712/80 3795/4693/80 3801/4713/80 3799/4714/80
f 3790/4708/2376 3792/4707/2376 3793/4696/2376 3794/4695/2376
f 3791/4712/80 3790/4711/80 3794/4694/80 3795/4693/80
f 3775/4678/23 3774/4677/23 3797/4715/23 3798/4716/23
f 3798/4717/69 3797/4718/69 3799/4719/69 3800/4720/69
f 3800/4720/69 3799/4719/69 3801/4721/69 3802/4722/69
f 3774/4709/80 3791/4712/80 3799/4714/80 3797/4723/80
f 3795/4692/2381 3796/4691/2381 3802/4724/2381 3801/4725/2381
f 3777/4675/2372 3775/4678/2372 3803/4726/2372 3804/4727/2372
f 3780/4679/2373 3806/4728/2373 3805/4729/2373 3779/4680/2373
f 3806/4730/95 3809/4731/95 3810/4732/95 3807/4733/95
f 3808/4734/95 3805/4735/95 3806/4730/95 3807/4733/95
f 3785/4689/2374 3779/4680/2374 3805/4729/2374 3808/4736/2374
f 3796/4691/2375 3785/4689/2375 3808/4736/2375 3814/4737/2375
f 3814/4738/95 3808/4734/95 3807/4733/95 3813/4739/95
f 3813/4740/2376 3807/4741/2376 3782/4697/2376 3793/4696/2376
f 3810/4742/2377 3809/4743/2377 3786/4701/2377 3788/4700/2377
f 3807/4741/2378 3810/4742/2378 3788/4700/2378 3782/4697/2378
f 3780/4679/2379 3786/4704/2379 3809/4744/2379 3806/4728/2379
f 3804/4745/2380 3811/4746/2380 3792/4707/2380 3777/4706/2380
f 3803/4747/95 3812/4748/95 3811/4749/95 3804/4750/95
f 3812/4748/95 3816/4751/95 3817/4752/95 3814/4738/95
f 3811/4746/2376 3813/4740/2376 3793/4696/2376 3792/4707/2376
f 3812/4748/95 3814/4738/95 3813/4739/95 3811/4749/95
f 3775/4678/23 3798/4716/23 3815/4753/23 3803/4726/23
f 3798/4717/69 3800/4720/69 3816/4754/69 3815/4755/69
f 3800/4720/69 3802/4722/69 3817/4756/69 3816/4754/69
f 3803/4747/95 3815/4757/95 3816/4751/95 3812/4748/95
f 3814/4737/2381 3817/4758/2381 3802/4724/2381 3796/4691/2381
f 3818/4759/2382 3819/4760/2382 3821/4761/2383 3820/4762/2383
f 3820/4762/2383 3821/4761/2383 3823/4763/2384 3822/4764/2384
f 3822/4764/2384 3823/4763/2384 3825/4765/2385 3824/4766/2385
f 3824/4766/2385 3825/4765/2385 3827/4767/2386 3826/4768/2387
f 3829/4769/2388 3831/4770/2389 3830/4771/2389 3828/4772/2390
f 3831/4770/2389 3833/4773/2391 3832/4774/2392 3830/4771/2389
f 3833/4773/2391 3835/4775/2393 3834/4776/2394 3832/4774/2392
f 3828/4772/2395 3830/4771/2396 3842/4777/80
f 3834/4776/2394 3835/4775/2393 3837/4778/2397 3836/4779/2397
f 3836/4779/2397 3837/4778/2397 3839/4780/2398 3838/4781/2398
f 3838/4781/2398 3839/4780/2398 3841/4782/2399 3840/4783/2399
f 3840/4783/2399 3841/4782/2399 3819/4760/2382 3818/4759/2382
f 3826/4768/2400 3828/4772/2395 3842/4777/80
f 3840/4783/2401 3818/4759/2402 3842/4777/80
f 3824/4766/2403 3826/4768/2400 3842/4777/80
f 3832/4774/2404 3834/4776/2405 3842/4777/80
f 3836/4779/2406 3838/4781/2407 3842/4777/80
f 3820/4762/2408 3822/4764/2409 3842/4777/80
f 3830/4771/2396 3832/4774/2404 3842/4777/80
f 3838/4781/2407 3840/4783/2401 3842/4777/80
f 3822/4764/2409 3824/4766/2403 3842/4777/80
f 3818/4759/2402 3820/4762/2408 3842/4777/80
f 3834/4776/2405 3836/4779/2406 3842/4777/80
f 3827/4767/2386 3829/4769/2388 3828/4772/2390 3826/4768/2387
f 3843/4784/2382 3844/4785/2382 3846/4786/2383 3845/4787/2383
f 3845/4787/2383 3846/4786/2383 3848/4788/2384 3847/4789/2384
f 3847/4789/2384 3848/4788/2384 3850/4790/2385 3849/4791/2385
f 3849/4791/2385 3850/4790/2385 3852/4792/2386 3851/4793/2387
f 3854/4794/2388 3856/4795/2389 3855/4796/2389 3853/4797/2390
f 3856/4795/2389 3858/4798/2391 3857/4799/2392 3855/4796/2389
f 3858/4798/2391 3860/4800/2393 3859/4801/2394 3857/4799/2392
f 3853/4797/2395 3855/4796/2396 3867/4802/80
f 3859/4801/2394 3860/4800/2393 3862/4803/2397 3861/4804/2397
f 3861/4804/2397 3862/4803/2397 3864/4805/2398 3863/4806/2398
f 3863/4806/2398 3864/4805/2398 3866/4807/2399 3865/4808/2399
f 3865/4808/2399 3866/4807/2399 3844/4785/2382 3843/4784/2382
f 3851/4793/2400 3853/4797/2395 3867/4802/80
f 3865/4808/2401 3843/4784/2402 3867/4802/80
f 3849/4791/2403 3851/4793/2400 3867/4802/80
f 3857/4799/2404 3859/4801/2405 3867/4802/80
f 3861/4804/2406 3863/4806/2407 3867/4802/80
f 3845/4787/2408 3847/4789/2409 3867/4802/80
f 3855/4796/2396 3857/4799/2404 3867/4802/80
f 3863/4806/2407 3865/4808/2401 3867/4802/80
f 3847/4789/2409 3849/4791/2403 3867/4802/80
f 3843/4784/2402 3845/4787/2408 3867/4802/80
f 3859/4801/2405 3861/4804/2406 3867/4802/80
f 3852/4792/2386 3854/4794/2388 3853/4797/2390 3851/4793/2387
f 3868/4809/2382 3869/4810/2382 3871/4811/2383 3870/4812/2383
f 3870/4812/2383 3871/4811/2383 3873/4813/2384 3872/4814/2384
f 3872/4814/2384 3873/4813/2384 3875/4815/2385 3874/4816/2385
f 3874/4816/2385 3875/4815/2385 3877/4817/2386 3876/4818/2387
f 3879/4819/2388 3881/4820/2389 3880/4821/2389 3878/4822/2390
f 3881/4820/2389 3883/4823/2391 3882/4824/2392 3880/4821/2389
f 3883/4823/2391 3885/4825/2393 3884/4826/2394 3882/4824/2392
f 3878/4822/2395 3880/4821/2396 3892/4827/80
f 3884/4826/2394 3885/4825/2393 3887/4828/2397 3886/4829/2397
f 3886/4829/2397 3887/4828/2397 3889/4830/2398 3888/4831/2398
f 3888/4831/2398 3889/4830/2398 3891/4832/2399 3890/4833/2399
f 3890/4833/2399 3891/4832/2399 3869/4810/2382 3868/4809/2382
f 3876/4818/2400 3878/4822/2395 3892/4827/80
f 3890/4833/2410 3868/4809/2402 3892/4827/80
f 3874/4816/2403 3876/4818/2400 3892/4827/80
f 3882/4824/2404 3884/4826/2405 3892/4827/80
f 3886/4829/2406 3888/4831/2407 3892/4827/80
f 3870/4812/2408 3872/4814/2409 3892/4827/80
f 3880/4821/2396 3882/4824/2404 3892/4827/80
f 3888/4831/2407 3890/4833/2410 3892/4827/80
f 3872/4814/2409 3874/4816/2403 3892/4827/80
f 3868/4809/2402 3870/4812/2408 3892/4827/80
f 3884/4826/2405 3886/4829/2406 3892/4827/80
f 3877/4817/2386 3879/4819/2388 3878/4822/2390 3876/4818/2387
f 3893/4834/2411 3894/4835/2411 3896/4836/2412 3895/4837/2413
f 3895/4837/2413 3896/4836/2412 3898/4838/2414 3897/4839/2415
f 3897/4839/2415 3898/4838/2414 3900/4840/2416 3899/4841/2417
f 3899/4841/2417 3900/4840/2416 3902/4842/2418 3901/4843/2419
f 3904/4844/2420 3906/4845/2421 3905/4846/2421 3903/4847/2422
f 3906/4845/2421 3908/4848/2423 3907/4849/2424 3905/4846/2421
f 3908/4848/2423 3910/4850/2425 3909/4851/2426 3907/4849/2424
f 3903/4847/2396 3905/4846/2404 3917/4852/80
f 3909/4851/2426 3910/4850/2425 3912/4853/2427 3911/4854/2428
f 3911/4854/2428 3912/4853/2427 3914/4855/2429 3913/4856/2430
f 3913/4856/2430 3914/4855/2429 3916/4857/2431 3915/4858/2432
f 3915/4858/2432 3916/4857/2431 3894/4835/2411 3893/4834/2411
f 3901/4843/2433 3903/4847/2396 3917/4852/80
f 3915/4858/2434 3893/4834/2409 3917/4852/80
f 3899/4841/2435 3901/4843/2433 3917/4852/80
f 3907/4849/2436 3909/4851/2437 3917/4852/80
f 3911/4854/2410 3913/4856/2438 3917/4852/80
f 3895/4837/2403 3897/4839/2439 3917/4852/80
f 3905/4846/2404 3907/4849/2436 3917/4852/80
f 3913/4856/2438 3915/4858/2434 3917/4852/80
f 3897/4839/2439 3899/4841/2435 3917/4852/80
f 3893/4834/2409 3895/4837/2403 3917/4852/80
f 3909/4851/2437 3911/4854/2410 3917/4852/80
f 3902/4842/2418 3904/4844/2420 3903/4847/2422 3901/4843/2419
f 3918/4859/2411 3919/4860/2411 3921/4861/2412 3920/4862/2413
f 3920/4862/2413 3921/4861/2412 3923/4863/2440 3922/4864/2415
f 3922/4864/2415 3923/4863/2440 3925/4865/2416 3924/4866/2417
f 3924/4866/2417 3925/4865/2416 3927/4867/2418 3926/4868/2419
f 3929/4869/2420 3931/4870/2421 3930/4871/2421 3928/4872/2422
f 3931/4870/2421 3933/4873/2423 3932/4874/2424 3930/4871/2421
f 3933/4873/2423 3935/4875/2425 3934/4876/2426 3932/4874/2424
f 3928/4872/2396 3930/4871/2404 3942/4877/80
f 3934/4876/2426 3935/4875/2425 3937/4878/2427 3936/4879/2428
f 3936/4879/2428 3937/4878/2427 3939/4880/2429 3938/4881/2430
f 3938/4881/2430 3939/4880/2429 3941/4882/2431 3940/4883/2432
f 3940/4883/2432 3941/4882/2431 3919/4860/2411 3918/4859/2411
f 3926/4868/2433 3928/4872/2396 3942/4877/80
f 3940/4883/2434 3918/4859/2409 3942/4877/80
f 3924/4866/2435 3926/4868/2433 3942/4877/80
f 3932/4874/2436 3934/4876/2437 3942/4877/80
f 3936/4879/2410 3938/4881/2438 3942/4877/80
f 3920/4862/2403 3922/4864/2439 3942/4877/80
f 3930/4871/2404 3932/4874/2436 3942/4877/80
f 3938/4881/2438 3940/4883/2434 3942/4877/80
f 3922/4864/2439 3924/4866/2435 3942/4877/80
f 3918/4859/2409 3920/4862/2403 3942/4877/80
f 3934/4876/2437 3936/4879/2410 3942/4877/80
f 3927/4867/2418 3929/4869/2420 3928/4872/2422 3926/4868/2419
f 3943/4884/2441 3944/4885/2441 3946/4886/2412 3945/4887/2413
f 3945/4887/2413 3946/4886/2412 3948/4888/2414 3947/4889/2415
f 3947/4889/2415 3948/4888/2414 3950/4890/2442 3949/4891/2443
f 3949/4891/2443 3950/4890/2442 3952/4892/2418 3951/4893/2419
f 3954/4894/2420 3956/4895/2421 3955/4896/2421 3953/4897/2422
f 3956/4895/2421 3958/4898/2423 3957/4899/2424 3955/4896/2421
f 3958/4898/2423 3960/4900/2425 3959/4901/2426 3957/4899/2424
f 3953/4897/2396 3955/4896/2404 3967/4902/80
f 3959/4901/2426 3960/4900/2425 3962/4903/2444 3961/4904/2445
f 3961/4904/2445 3962/4903/2444 3964/4905/2429 3963/4906/2430
f 3963/4906/2430 3964/4905/2429 3966/4907/2431 3965/4908/2432
f 3965/4908/2432 3966/4907/2431 3944/4885/2441 3943/4884/2441
f 3951/4893/2433 3953/4897/2396 3967/4902/80
f 3965/4908/2434 3943/4884/2409 3967/4902/80
f 3949/4891/2435 3951/4893/2433 3967/4902/80
f 3957/4899/2436 3959/4901/2437 3967/4902/80
f 3961/4904/2410 3963/4906/2438 3967/4902/80
f 3945/4887/2403 3947/4889/2439 3967/4902/80
f 3955/4896/2404 3957/4899/2436 3967/4902/80
f 3963/4906/2438 3965/4908/2434 3967/4902/80
f 3947/4889/2439 3949/4891/2435 3967/4902/80
f 3943/4884/2409 3945/4887/2403 3967/4902/80
f 3959/4901/2437 3961/4904/2410 3967/4902/80
f 3952/4892/2418 3954/4894/2420 3953/4897/2422 3951/4893/2419
f 3968/4909/2411 3969/4910/2411 3971/4911/2412 3970/4912/2413
f 3970/4912/2413 3971/4911/2412 3973/4913/2414 3972/4914/2415
f 3972/4914/2415 3973/4913/2414 3975/4915/2446 3974/4916/2443
f 3974/4916/2443 3975/4915/2446 3977/4917/2418 3976/4918/2447
f 3979/4919/2420 3981/4920/2421 3980/4921/2421 3978/4922/2422
f 3981/4920/2421 3983/4923/2423 3982/4924/2424 3980/4921/2421
f 3983/4923/2423 3985/4925/2425 3984/4926/2426 3982/4924/2424
f 3978/4922/2396 3980/4921/2404 3992/4927/80
f 3984/4926/2426 3985/4925/2425 3987/4928/2448 3986/4929/2428
f 3986/4929/2428 3987/4928/2448 3989/4930/2429 3988/4931/2430
f 3988/4931/2430 3989/4930/2429 3991/4932/2431 3990/4933/2432
f 3990/4933/2432 3991/4932/2431 3969/4910/2411 3968/4909/2411
f 3976/4918/2433 3978/4922/2396 3992/4927/80
f 3990/4933/2434 3968/4909/2409 3992/4927/80
f 3974/4916/2435 3976/4918/2433 3992/4927/80
f 3982/4924/2436 3984/4926/2437 3992/4927/80
f 3986/4929/2410 3988/4931/2438 3992/4927/80
f 3970/4912/2403 3972/4914/2439 3992/4927/80
f 3980/4921/2404 3982/4924/2436 3992/4927/80
f 3988/4931/2438 3990/4933/2434 3992/4927/80
f 3972/4914/2439 3974/4916/2435 3992/4927/80
f 3968/4909/2409 3970/4912/2403 3992/4927/80
f 3984/4926/2437 3986/4929/2410 3992/4927/80
f 3977/4917/2418 3979/4919/2420 3978/4922/2422 3976/4918/2447
f 3993/4934/2411 3994/4935/2411 3996/4936/2412 3995/4937/2413
f 3995/4937/2413 3996/4936/2412 3998/4938/2440 3997/4939/2415
f 3997/4939/2415 3998/4938/2440 4000/4940/2449 3999/4941/2417
f 3999/4941/2417 4000/4940/2449 4002/4942/2418 4001/4943/2447
f 4004/4944/2420 4006/4945/2421 4005/4946/2421 4003/4947/2422
f 4006/4945/2421 4008/4948/2423 4007/4949/2424 4005/4946/2421
f 4008/4948/2423 4010/4950/2425 4009/4951/2450 4007/4949/2424
f 4003/4947/2396 4005/4946/2404 4017/4952/80
f 4009/4951/2450 4010/4950/2425 4012/4953/2451 4011/4954/2445
f 4011/4954/2445 4012/4953/2451 4014/4955/2429 4013/4956/2430
f 4013/4956/2430 4014/4955/2429 4016/4957/2431 4015/4958/2432
f 4015/4958/2432 4016/4957/2431 3994/4935/2411 3993/4934/2411
f 4001/4943/2433 4003/4947/2396 4017/4952/80
f 4015/4958/2434 3993/4934/2409 4017/4952/80
f 3999/4941/2435 4001/4943/2433 4017/4952/80
f 4007/4949/2436 4009/4951/2437 4017/4952/80
f 4011/4954/2410 4013/4956/2438 4017/4952/80
f 3995/4937/2403 3997/4939/2439 4017/4952/80
f 4005/4946/2404 4007/4949/2436 4017/4952/80
f 4013/4956/2438 4015/4958/2434 4017/4952/80
f 3997/4939/2439 3999/4941/2435 4017/4952/80
f 3993/4934/2409 3995/4937/2403 4017/4952/80
f 4009/4951/2437 4011/4954/2410 4017/4952/80
f 4002/4942/2418 4004/4944/2420 4003/4947/2422 4001/4943/2447
f 4018/4959/2452 4019/4960/2453 4021/4961/2454 4020/4962/2455
f 4020/4962/2455 4021/4961/2454 4023/4963/2456 4022/4964/2457
f 4022/4964/2457 4023/4963/2456 4025/4965/2458 4024/4966/2459
f 4024/4966/2459 4025/4965/2458 4027/4967/2460 4026/4968/2461
f 4029/4969/2462 4031/4970/2463 4030/4971/2464 4028/4972/2465
f 4031/4970/2463 4033/4973/2466 4032/4974/2467 4030/4971/2464
f 4033/4973/2466 4035/4975/2468 4034/4976/2469 4032/4974/2467
f 4028/4972/2470 4030/4971/2471 4042/4977/80
f 4034/4976/2469 4035/4975/2468 4037/4978/2472 4036/4979/2473
f 4036/4979/2473 4037/4978/2472 4039/4980/2474 4038/4981/2475
f 4038/4981/2475 4039/4980/2474 4041/4982/2476 4040/4983/2477
f 4040/4983/2477 4041/4982/2476 4019/4960/2453 4018/4959/2452
f 4026/4968/2437 4028/4972/2470 4042/4977/80
f 4040/4983/2478 4018/4959/2479 4042/4977/80
f 4024/4966/2480 4026/4968/2437 4042/4977/80
f 4032/4974/2481 4034/4976/2482 4042/4977/80
f 4036/4979/2483 4038/4981/2484 4042/4977/80
f 4020/4962/2485 4022/4964/2486 4042/4977/80
f 4030/4971/2471 4032/4974/2481 4042/4977/80
f 4038/4981/2484 4040/4983/2478 4042/4977/80
f 4022/4964/2486 4024/4966/2480 4042/4977/80
f 4018/4959/2479 4020/4962/2485 4042/4977/80
f 4034/4976/2482 4036/4979/2483 4042/4977/80
f 4027/4967/2460 4029/4969/2462 4028/4972/2465 4026/4968/2461
f 4043/4984/2452 4044/4985/2453 4046/4986/2454 4045/4987/2455
f 4045/4987/2455 4046/4986/2454 4048/4988/2456 4047/4989/2457
f 4047/4989/2457 4048/4988/2456 4050/4990/2458 4049/4991/2459
f 4049/4991/2459 4050/4990/2458 4052/4992/2460 4051/4993/2461
f 4054/4994/2462 4056/4995/2463 4055/4996/2464 4053/4997/2465
f 4056/4995/2463 4058/4998/2466 4057/4999/2467 4055/4996/2464
f 4058/4998/2466 4060/5000/2487 4059/5001/2488 4057/4999/2467
f 4053/4997/2470 4055/4996/2471 4067/5002/80
f 4059/5001/2488 4060/5000/2487 4062/5003/2472 4061/5004/2473
f 4061/5004/2473 4062/5003/2472 4064/5005/2474 4063/5006/2475
f 4063/5006/2475 4064/5005/2474 4066/5007/2476 4065/5008/2477
f 4065/5008/2477 4066/5007/2476 4044/4985/2453 4043/4984/2452
f 4051/4993/2437 4053/4997/2470 4067/5002/80
f 4065/5008/2478 4043/4984/2479 4067/5002/80
f 4049/4991/2480 4051/4993/2437 4067/5002/80
f 4057/4999/2481 4059/5001/2482 4067/5002/80
f 4061/5004/2483 4063/5006/2484 4067/5002/80
f 4045/4987/2485 4047/4989/2486 4067/5002/80
f 4055/4996/2471 4057/4999/2481 4067/5002/80
f 4063/5006/2484 4065/5008/2478 4067/5002/80
f 4047/4989/2486 4049/4991/2480 4067/5002/80
f 4043/4984/2479 4045/4987/2485 4067/5002/80
f 4059/5001/2482 4061/5004/2483 4067/5002/80
f 4052/4992/2460 4054/4994/2462 4053/4997/2465 4051/4993/2461
f 4068/5009/2452 4069/5010/2489 4071/5011/2454 4070/5012/2455
f 4070/5012/2455 4071/5011/2454 4073/5013/2456 4072/5014/2457
f 4072/5014/2457 4073/5013/2456 4075/5015/2458 4074/5016/2459
f 4074/5016/2459 4075/5015/2458 4077/5017/2460 4076/5018/2461
f 4079/5019/2462 4081/5020/2463 4080/5021/2464 4078/5022/2465
f 4081/5020/2463 4083/5023/2466 4082/5024/2467 4080/5021/2464
f 4083/5023/2466 4085/5025/2468 4084/5026/2469 4082/5024/2467
f 4078/5022/2470 4080/5021/2471 4092/5027/80
f 4084/5026/2469 4085/5025/2468 4087/5028/2472 4086/5029/2473
f 4086/5029/2473 4087/5028/2472 4089/5030/2474 4088/5031/2475
f 4088/5031/2475 4089/5030/2474 4091/5032/2476 4090/5033/2477
f 4090/5033/2477 4091/5032/2476 4069/5010/2489 4068/5009/2452
f 4076/5018/2437 4078/5022/2470 4092/5027/80
f 4090/5033/2478 4068/5009/2479 4092/5027/80
f 4074/5016/2480 4076/5018/2437 4092/5027/80
f 4082/5024/2481 4084/5026/2482 4092/5027/80
f 4086/5029/2483 4088/5031/2484 4092/5027/80
f 4070/5012/2485 4072/5014/2486 4092/5027/80
f 4080/5021/2471 4082/5024/2481 4092/5027/80
f 4088/5031/2484 4090/5033/2478 4092/5027/80
f 4072/5014/2486 4074/5016/2480 4092/5027/80
f 4068/5009/2479 4070/5012/2485 4092/5027/80
f 4084/5026/2482 4086/5029/2483 4092/5027/80
f 4077/5017/2460 4079/5019/2462 4078/5022/2465 4076/5018/2461
f 4093/5034/2490 4095/5035/2491 4096/5036/2491 4094/5037/2490
f 4095/5035/2491 4097/5038/2492 4098/5039/2492 4096/5036/2491
f 4097/5038/2492 4099/5040/2493 4100/5041/2493 4098/5039/2492
f 4099/5040/2493 4101/5042/2494 4102/5043/2495 4100/5041/2493
f 4104/5044/2496 4103/5045/2497 4105/5046/2498 4106/5047/2498
f 4106/5047/2498 4105/5046/2498 4107/5048/2499 4108/5049/2500
f 4108/5049/2500 4107/5048/2499 4109/5050/2501 4110/5051/2502
f 4103/5045/2503 4117/5052/95 4105/5046/2504
f 4109/5050/2501 4111/5053/2505 4112/5054/2505 4110/5051/2502
f 4111/5053/2505 4113/5055/2506 4114/5056/2506 4112/5054/2505
f 4113/5055/2506 4115/5057/2507 4116/5058/2507 4114/5056/2506
f 4115/5057/2507 4093/5034/2490 4094/5037/2490 4116/5058/2507
f 4101/5042/2508 4117/5052/95 4103/5045/2503
f 4115/5057/2509 4117/5052/95 4093/5034/2510
f 4099/5040/2511 4117/5052/95 4101/5042/2508
f 4107/5048/2512 4117/5052/95 4109/5050/2513
f 4111/5053/2514 4117/5052/95 4113/5055/2515
f 4095/5035/2516 4117/5052/95 4097/5038/2517
f 4105/5046/2504 4117/5052/95 4107/5048/2512
f 4113/5055/2515 4117/5052/95 4115/5057/2509
f 4097/5038/2517 4117/5052/95 4099/5040/2511
f 4093/5034/2510 4117/5052/95 4095/5035/2516
f 4109/5050/2513 4117/5052/95 4111/5053/2514
f 4102/5043/2495 4101/5042/2494 4103/5045/2497 4104/5044/2496
f 4118/5059/2490 4120/5060/2491 4121/5061/2491 4119/5062/2490
f 4120/5060/2491 4122/5063/2492 4123/5064/2492 4121/5061/2491
f 4122/5063/2492 4124/5065/2493 4125/5066/2493 4123/5064/2492
f 4124/5065/2493 4126/5067/2494 4127/5068/2495 4125/5066/2493
f 4129/5069/2496 4128/5070/2497 4130/5071/2498 4131/5072/2498
f 4131/5072/2498 4130/5071/2498 4132/5073/2499 4133/5074/2500
f 4133/5074/2500 4132/5073/2499 4134/5075/2501 4135/5076/2502
f 4128/5070/2503 4142/5077/95 4130/5071/2504
f 4134/5075/2501 4136/5078/2505 4137/5079/2505 4135/5076/2502
f 4136/5078/2505 4138/5080/2506 4139/5081/2506 4137/5079/2505
f 4138/5080/2506 4140/5082/2507 4141/5083/2507 4139/5081/2506
f 4140/5082/2507 4118/5059/2490 4119/5062/2490 4141/5083/2507
f 4126/5067/2508 4142/5077/95 4128/5070/2503
f 4140/5082/2518 4142/5077/95 4118/5059/2510
f 4124/5065/2511 4142/5077/95 4126/5067/2508
f 4132/5073/2512 4142/5077/95 4134/5075/2513
f 4136/5078/2514 4142/5077/95 4138/5080/2515
f 4120/5060/2516 4142/5077/95 4122/5063/2517
f 4130/5071/2504 4142/5077/95 4132/5073/2512
f 4138/5080/2515 4142/5077/95 4140/5082/2518
f 4122/5063/2517 4142/5077/95 4124/5065/2511
f 4118/5059/2510 4142/5077/95 4120/5060/2516
f 4134/5075/2513 4142/5077/95 4136/5078/2514
f 4127/5068/2495 4126/5067/2494 4128/5070/2497 4129/5069/2496
f 4143/5084/2490 4145/5085/2491 4146/5086/2491 4144/5087/2490
f 4145/5085/2491 4147/5088/2492 4148/5089/2492 4146/5086/2491
f 4147/5088/2492 4149/5090/2493 4150/5091/2493 4148/5089/2492
f 4149/5090/2493 4151/5092/2494 4152/5093/2495 4150/5091/2493
f 4154/5094/2496 4153/5095/2497 4155/5096/2498 4156/5097/2498
f 4156/5097/2498 4155/5096/2498 4157/5098/2499 4158/5099/2500
f 4158/5099/2500 4157/5098/2499 4159/5100/2501 4160/5101/2502
f 4153/5095/2503 4167/5102/95 4155/5096/2504
f 4159/5100/2501 4161/5103/2505 4162/5104/2505 4160/5101/2502
f 4161/5103/2505 4163/5105/2506 4164/5106/2506 4162/5104/2505
f 4163/5105/2506 4165/5107/2507 4166/5108/2507 4164/5106/2506
f 4165/5107/2507 4143/5084/2490 4144/5087/2490 4166/5108/2507
f 4151/5092/2508 4167/5102/95 4153/5095/2503
f 4165/5107/2518 4167/5102/95 4143/5084/2510
f 4149/5090/2511 4167/5102/95 4151/5092/2508
f 4157/5098/2512 4167/5102/95 4159/5100/2513
f 4161/5103/2514 4167/5102/95 4163/5105/2515
f 4145/5085/2516 4167/5102/95 4147/5088/2517
f 4155/5096/2504 4167/5102/95 4157/5098/2512
f 4163/5105/2515 4167/5102/95 4165/5107/2518
f 4147/5088/2517 4167/5102/95 4149/5090/2511
f 4143/5084/2510 4167/5102/95 4145/5085/2516
f 4159/5100/2513 4167/5102/95 4161/5103/2514
f 4152/5093/2495 4151/5092/2494 4153/5095/2497 4154/5094/2496
f 4168/5109/2519 4170/5110/2520 4171/5111/2521 4169/5112/2519
f 4170/5110/2520 4172/5113/2522 4173/5114/2523 4171/5111/2521
f 4172/5113/2522 4174/5115/2524 4175/5116/2525 4173/5114/2523
f 4174/5115/2524 4176/5117/2526 4177/5118/2527 4175/5116/2525
f 4179/5119/2528 4178/5120/2529 4180/5121/2530 4181/5122/2530
f 4181/5122/2530 4180/5121/2530 4182/5123/2531 4183/5124/2532
f 4183/5124/2532 4182/5123/2531 4184/5125/2533 4185/5126/2534
f 4178/5120/2504 4192/5127/95 4180/5121/2512
f 4184/5125/2533 4186/5128/2535 4187/5129/2536 4185/5126/2534
f 4186/5128/2535 4188/5130/2537 4189/5131/2538 4187/5129/2536
f 4188/5130/2537 4190/5132/2539 4191/5133/2540 4189/5131/2538
f 4190/5132/2539 4168/5109/2519 4169/5112/2519 4191/5133/2540
f 4176/5117/2541 4192/5127/95 4178/5120/2504
f 4190/5132/2542 4192/5127/95 4168/5109/2517
f 4174/5115/2543 4192/5127/95 4176/5117/2541
f 4182/5123/2544 4192/5127/95 4184/5125/2545
f 4186/5128/2518 4192/5127/95 4188/5130/2546
f 4170/5110/2511 4192/5127/95 4172/5113/2547
f 4180/5121/2512 4192/5127/95 4182/5123/2544
f 4188/5130/2546 4192/5127/95 4190/5132/2542
f 4172/5113/2547 4192/5127/95 4174/5115/2543
f 4168/5109/2517 4192/5127/95 4170/5110/2511
f 4184/5125/2545 4192/5127/95 4186/5128/2518
f 4177/5118/2527 4176/5117/2526 4178/5120/2529 4179/5119/2528
f 4193/5134/2519 4195/5135/2520 4196/5136/2521 4194/5137/2519
f 4195/5135/2520 4197/5138/2522 4198/5139/2523 4196/5136/2521
f 4197/5138/2522 4199/5140/2524 4200/5141/2525 4198/5139/2523
f 4199/5140/2524 4201/5142/2526 4202/5143/2527 4200/5141/2525
f 4204/5144/2528 4203/5145/2529 4205/5146/2530 4206/5147/2530
f 4206/5147/2530 4205/5146/2530 4207/5148/2531 4208/5149/2532
f 4208/5149/2532 4207/5148/2531 4209/5150/2533 4210/5151/2534
f 4203/5145/2504 4217/5152/95 4205/5146/2512
f 4209/5150/2533 4211/5153/2535 4212/5154/2536 4210/5151/2534
f 4211/5153/2535 4213/5155/2537 4214/5156/2538 4212/5154/2536
f 4213/5155/2537 4215/5157/2539 4216/5158/2540 4214/5156/2538
f 4215/5157/2539 4193/5134/2519 4194/5137/2519 4216/5158/2540
f 4201/5142/2541 4217/5152/95 4203/5145/2504
f 4215/5157/2542 4217/5152/95 4193/5134/2517
f 4199/5140/2543 4217/5152/95 4201/5142/2541
f 4207/5148/2544 4217/5152/95 4209/5150/2545
f 4211/5153/2518 4217/5152/95 4213/5155/2546
f 4195/5135/2511 4217/5152/95 4197/5138/2547
f 4205/5146/2512 4217/5152/95 4207/5148/2544
f 4213/5155/2546 4217/5152/95 4215/5157/2542
f 4197/5138/2547 4217/5152/95 4199/5140/2543
f 4193/5134/2517 4217/5152/95 4195/5135/2511
f 4209/5150/2545 4217/5152/95 4211/5153/2518
f 4202/5143/2527 4201/5142/2526 4203/5145/2529 4204/5144/2528
f 4218/5159/2548 4220/5160/2520 4221/5161/2521 4219/5162/2548
f 4220/5160/2520 4222/5163/2522 4223/5164/2549 4221/5161/2521
f 4222/5163/2522 4224/5165/2550 4225/5166/2551 4223/5164/2549
f 4224/5165/2550 4226/5167/2526 4227/5168/2527 4225/5166/2551
f 4229/5169/2528 4228/5170/2529 4230/5171/2530 4231/5172/2530
f 4231/5172/2530 4230/5171/2530 4232/5173/2531 4233/5174/2532
f 4233/5174/2532 4232/5173/2531 4234/5175/2533 4235/5176/2534
f 4228/5170/2504 4242/5177/95 4230/5171/2512
f 4234/5175/2533 4236/5178/2552 4237/5179/2553 4235/5176/2534
f 4236/5178/2552 4238/5180/2537 4239/5181/2538 4237/5179/2553
f 4238/5180/2537 4240/5182/2539 4241/5183/2540 4239/5181/2538
f 4240/5182/2539 4218/5159/2548 4219/5162/2548 4241/5183/2540
f 4226/5167/2541 4242/5177/95 4228/5170/2504
f 4240/5182/2542 4242/5177/95 4218/5159/2517
f 4224/5165/2543 4242/5177/95 4226/5167/2541
f 4232/5173/2544 4242/5177/95 4234/5175/2545
f 4236/5178/2518 4242/5177/95 4238/5180/2546
f 4220/5160/2511 4242/5177/95 4222/5163/2547
f 4230/5171/2512 4242/5177/95 4232/5173/2544
f 4238/5180/2546 4242/5177/95 4240/5182/2542
f 4222/5163/2547 4242/5177/95 4224/5165/2543
f 4218/5159/2517 4242/5177/95 4220/5160/2511
f 4234/5175/2545 4242/5177/95 4236/5178/2518
f 4227/5168/2527 4226/5167/2526 4228/5170/2529 4229/5169/2528
f 4243/5184/2519 4245/5185/2520 4246/5186/2521 4244/5187/2519
f 4245/5185/2520 4247/5188/2522 4248/5189/2523 4246/5186/2521
f 4247/5188/2522 4249/5190/2524 4250/5191/2554 4248/5189/2523
f 4249/5190/2524 4251/5192/2555 4252/5193/2527 4250/5191/2554
f 4254/5194/2528 4253/5195/2529 4255/5196/2530 4256/5197/2530
f 4256/5197/2530 4255/5196/2530 4257/5198/2531 4258/5199/2532
f 4258/5199/2532 4257/5198/2531 4259/5200/2533 4260/5201/2534
f 4253/5195/2504 4267/5202/95 4255/5196/2512
f 4259/5200/2533 4261/5203/2535 4262/5204/2556 4260/5201/2534
f 4261/5203/2535 4263/5205/2537 4264/5206/2538 4262/5204/2556
f 4263/5205/2537 4265/5207/2539 4266/5208/2540 4264/5206/2538
f 4265/5207/2539 4243/5184/2519 4244/5187/2519 4266/5208/2540
f 4251/5192/2541 4267/5202/95 4253/5195/2504
f 4265/5207/2542 4267/5202/95 4243/5184/2517
f 4249/5190/2543 4267/5202/95 4251/5192/2541
f 4257/5198/2544 4267/5202/95 4259/5200/2545
f 4261/5203/2518 4267/5202/95 4263/5205/2546
f 4245/5185/2511 4267/5202/95 4247/5188/2547
f 4255/5196/2512 4267/5202/95 4257/5198/2544
f 4263/5205/2546 4267/5202/95 4265/5207/2542
f 4247/5188/2547 4267/5202/95 4249/5190/2543
f 4243/5184/2517 4267/5202/95 4245/5185/2511
f 4259/5200/2545 4267/5202/95 4261/5203/2518
f 4252/5193/2527 4251/5192/2555 4253/5195/2529 4254/5194/2528
f 4268/5209/2519 4270/5210/2520 4271/5211/2521 4269/5212/2519
f 4270/5210/2520 4272/5213/2522 4273/5214/2523 4271/5211/2521
f 4272/5213/2522 4274/5215/2524 4275/5216/2557 4273/5214/2523
f 4274/5215/2524 4276/5217/2555 4277/5218/2527 4275/5216/2557
f 4279/5219/2528 4278/5220/2529 4280/5221/2530 4281/5222/2530
f 4281/5222/2530 4280/5221/2530 4282/5223/2531 4283/5224/2532
f 4283/5224/2532 4282/5223/2531 4284/5225/2558 4285/5226/2534
f 4278/5220/2504 4292/5227/95 4280/5221/2512
f 4284/5225/2558 4286/5228/2552 4287/5229/2559 4285/5226/2534
f 4286/5228/2552 4288/5230/2537 4289/5231/2538 4287/5229/2559
f 4288/5230/2537 4290/5232/2539 4291/5233/2540 4289/5231/2538
f 4290/5232/2539 4268/5209/2519 4269/5212/2519 4291/5233/2540
f 4276/5217/2541 4292/5227/95 4278/5220/2504
f 4290/5232/2542 4292/5227/95 4268/5209/2517
f 4274/5215/2543 4292/5227/95 4276/5217/2541
f 4282/5223/2544 4292/5227/95 4284/5225/2545
f 4286/5228/2518 4292/5227/95 4288/5230/2546
f 4270/5210/2511 4292/5227/95 4272/5213/2547
f 4280/5221/2512 4292/5227/95 4282/5223/2544
f 4288/5230/2546 4292/5227/95 4290/5232/2542
f 4272/5213/2547 4292/5227/95 4274/5215/2543
f 4268/5209/2517 4292/5227/95 4270/5210/2511
f 4284/5225/2545 4292/5227/95 4286/5228/2518
f 4277/5218/2527 4276/5217/2555 4278/5220/2529 4279/5219/2528
f 4293/5234/2560 4295/5235/2561 4296/5236/2562 4294/5237/2563
f 4295/5235/2561 4297/5238/2564 4298/5239/2565 4296/5236/2562
f 4297/5238/2564 4299/5240/2566 4300/5241/2567 4298/5239/2565
f 4299/5240/2566 4301/5242/2568 4302/5243/2569 4300/5241/2567
f 4304/5244/2570 4303/5245/2571 4305/5246/2572 4306/5247/2573
f 4306/5247/2573 4305/5246/2572 4307/5248/2574 4308/5249/2575
f 4308/5249/2575 4307/5248/2574 4309/5250/2576 4310/5251/2577
f 4303/5245/2578 4317/5252/95 4305/5246/2579
f 4309/5250/2576 4311/5253/2580 4312/5254/2581 4310/5251/2577
f 4311/5253/2580 4313/5255/2582 4314/5256/2583 4312/5254/2581
f 4313/5255/2582 4315/5257/2584 4316/5258/2585 4314/5256/2583
f 4315/5257/2584 4293/5234/2560 4294/5237/2563 4316/5258/2585
f 4301/5242/2545 4317/5252/95 4303/5245/2578
f 4315/5257/2586 4317/5252/95 4293/5234/2587
f 4299/5240/2588 4317/5252/95 4301/5242/2545
f 4307/5248/2589 4317/5252/95 4309/5250/2590
f 4311/5253/2591 4317/5252/95 4313/5255/2592
f 4295/5235/2593 4317/5252/95 4297/5238/2594
f 4305/5246/2579 4317/5252/95 4307/5248/2589
f 4313/5255/2592 4317/5252/95 4315/5257/2586
f 4297/5238/2594 4317/5252/95 4299/5240/2588
f 4293/5234/2587 4317/5252/95 4295/5235/2593
f 4309/5250/2590 4317/5252/95 4311/5253/2591
f 4302/5243/2569 4301/5242/2568 4303/5245/2571 4304/5244/2570
f 4318/5259/2560 4320/5260/2561 4321/5261/2562 4319/5262/2563
f 4320/5260/2561 4322/5263/2564 4323/5264/2565 4321/5261/2562
f 4322/5263/2564 4324/5265/2566 4325/5266/2567 4323/5264/2565
f 4324/5265/2566 4326/5267/2568 4327/5268/2569 4325/5266/2567
f 4329/5269/2570 4328/5270/2595 4330/5271/2572 4331/5272/2573
f 4331/5272/2573 4330/5271/2572 4332/5273/2574 4333/5274/2575
f 4333/5274/2575 4332/5273/2574 4334/5275/2576 4335/5276/2577
f 4328/5270/2578 4342/5277/95 4330/5271/2579
f 4334/5275/2576 4336/5278/2580 4337/5279/2581 4335/5276/2577
f 4336/5278/2580 4338/5280/2582 4339/5281/2583 4337/5279/2581
f 4338/5280/2582 4340/5282/2584 4341/5283/2585 4339/5281/2583
f 4340/5282/2584 4318/5259/2560 4319/5262/2563 4341/5283/2585
f 4326/5267/2545 4342/5277/95 4328/5270/2578
f 4340/5282/2586 4342/5277/95 4318/5259/2587
f 4324/5265/2588 4342/5277/95 4326/5267/2545
f 4332/5273/2589 4342/5277/95 4334/5275/2590
f 4336/5278/2591 4342/5277/95 4338/5280/2592
f 4320/5260/2593 4342/5277/95 4322/5263/2594
f 4330/5271/2579 4342/5277/95 4332/5273/2589
f 4338/5280/2592 4342/5277/95 4340/5282/2586
f 4322/5263/2594 4342/5277/95 4324/5265/2588
f 4318/5259/2587 4342/5277/95 4320/5260/2593
f 4334/5275/2590 4342/5277/95 4336/5278/2591
f 4327/5268/2569 4326/5267/2568 4328/5270/2595 4329/5269/2570
f 4343/5284/2560 4345/5285/2561 4346/5286/2562 4344/5287/2596
f 4345/5285/2561 4347/5288/2564 4348/5289/2565 4346/5286/2562
f 4347/5288/2564 4349/5290/2566 4350/5291/2567 4348/5289/2565
f 4349/5290/2566 4351/5292/2568 4352/5293/2569 4350/5291/2567
f 4354/5294/2570 4353/5295/2571 4355/5296/2572 4356/5297/2573
f 4356/5297/2573 4355/5296/2572 4357/5298/2574 4358/5299/2575
f 4358/5299/2575 4357/5298/2574 4359/5300/2576 4360/5301/2577
f 4353/5295/2578 4367/5302/95 4355/5296/2579
f 4359/5300/2576 4361/5303/2580 4362/5304/2581 4360/5301/2577
f 4361/5303/2580 4363/5305/2582 4364/5306/2583 4362/5304/2581
f 4363/5305/2582 4365/5307/2584 4366/5308/2585 4364/5306/2583
f 4365/5307/2584 4343/5284/2560 4344/5287/2596 4366/5308/2585
f 4351/5292/2545 4367/5302/95 4353/5295/2578
f 4365/5307/2586 4367/5302/95 4343/5284/2587
f 4349/5290/2588 4367/5302/95 4351/5292/2545
f 4357/5298/2589 4367/5302/95 4359/5300/2590
f 4361/5303/2591 4367/5302/95 4363/5305/2592
f 4345/5285/2593 4367/5302/95 4347/5288/2594
f 4355/5296/2579 4367/5302/95 4357/5298/2589
f 4363/5305/2592 4367/5302/95 4365/5307/2586
f 4347/5288/2594 4367/5302/95 4349/5290/2588
f 4343/5284/2587 4367/5302/95 4345/5285/2593
f 4359/5300/2590 4367/5302/95 4361/5303/2591
f 4352/5293/2569 4351/5292/2568 4353/5295/2571 4354/5294/2570
