# Blender v3.6.0 OBJ File: 'AllModels.blend'
# www.blender.org
mtllib Gun_SMG.mtl
o Gun_SMG_Cube.303
v -0.076221 0.100563 0.021367
v -0.033114 0.004588 0.014736
v -0.033110 0.004588 0.000000
v 0.073324 -0.040179 0.000000
v 0.068683 -0.026709 0.000000
v 0.048334 0.002214 0.000000
v -0.019609 -0.030017 0.014736
v -0.028295 -0.006983 0.014736
v -0.024744 -0.015783 0.014736
v -0.028399 -0.006951 0.000000
v -0.019920 -0.030004 0.000000
v -0.024988 -0.015757 0.000000
v 0.058259 -0.009623 0.000000
v 0.040528 0.013069 0.000000
v -0.013717 -0.047401 0.014781
v -0.014014 -0.047361 0.000000
v -0.012901 -0.072626 0.000000
v 0.032021 0.025268 0.000000
v -0.012750 -0.072734 0.014781
v 0.024649 0.100563 0.000000
v -0.219504 0.100563 0.021367
v -0.200136 0.062574 0.021367
v -0.084220 0.062574 0.000000
v -0.079549 0.061982 0.000000
v -0.074645 0.060265 0.000000
v -0.069988 0.057591 0.000000
v -0.066033 0.054221 0.000000
v -0.084219 0.062574 0.021367
v -0.067412 0.069422 0.021367
v -0.066033 0.054220 0.021367
v -0.069988 0.057590 0.021367
v -0.074645 0.060265 0.021367
v -0.079549 0.061982 0.021367
v 0.014435 0.084381 0.000000
v -0.219504 0.084381 0.021367
v -0.071643 0.084381 0.021367
v 0.024649 0.100563 0.014205
v 0.008086 0.100563 0.021367
v 0.011528 0.017585 0.021367
v 0.032021 0.025268 0.014205
v 0.029138 0.009062 0.021367
v 0.040528 0.013069 0.014205
v 0.058259 -0.009623 0.014205
v 0.050441 -0.012063 0.021367
v 0.048334 0.002214 0.014205
v 0.040803 -0.000042 0.021367
v 0.068683 -0.026709 0.014205
v 0.060503 -0.029101 0.021367
v 0.065010 -0.042402 0.021367
v 0.073324 -0.040179 0.014205
v -0.001381 0.084381 0.021367
v 0.014435 0.084381 0.014205
v -0.076221 0.147726 0.021367
v 0.024649 0.147726 0.000000
v -0.219504 0.147726 0.021367
v 0.024649 0.147726 0.014205
v 0.008086 0.147726 0.021367
v -0.026739 0.012216 0.021367
v -0.020960 -0.002057 0.021367
v -0.002879 -0.070260 0.021367
v -0.016407 -0.013302 0.021367
v -0.009562 -0.030208 0.021367
v -0.003882 -0.045019 0.021367
v 0.071175 -0.032998 0.000000
v -0.015753 -0.064485 0.000000
v -0.015553 -0.064569 0.014781
v 0.071175 -0.032998 0.014205
v 0.062951 -0.035430 0.021367
v -0.005694 -0.062127 0.021367
v -0.171123 0.084381 0.021367
v -0.171123 0.100563 0.021367
v -0.171123 0.147726 0.021367
v -0.098976 -0.077352 0.021367
v -0.087352 -0.077352 0.000000
v -0.087352 -0.077352 0.021367
v -0.049125 0.030341 0.000000
v -0.040270 0.016614 0.000000
v -0.044596 0.023544 0.000000
v -0.049139 0.030353 0.021367
v -0.040268 0.016601 0.018917
v -0.044602 0.023544 0.020649
v 0.028552 0.029640 0.000000
v 0.020300 0.042817 0.000000
v 0.024066 0.036107 0.000000
v 0.020303 0.042811 0.014205
v 0.028558 0.029632 0.014205
v 0.024069 0.036103 0.014205
v 0.006756 0.022286 0.021367
v -0.001285 0.035497 0.021367
v 0.001903 0.028616 0.021367
v -0.035059 0.019574 0.021367
v -0.045882 0.032497 0.021367
v -0.040969 0.025782 0.021367
v 0.014805 0.054430 0.000000
v 0.012813 0.065340 0.000000
v -0.064501 0.052140 0.000000
v -0.057773 0.042747 0.000000
v -0.057772 0.042742 0.021367
v -0.064506 0.052145 0.021367
v -0.060241 0.056845 0.021367
v -0.054261 0.046580 0.021367
v -0.006122 0.052983 0.021367
v -0.006232 0.064044 0.021367
v 0.012814 0.065342 0.014205
v 0.014808 0.054424 0.014205
v -0.153198 0.062574 0.000000
v -0.161915 0.047193 0.000000
v -0.161915 0.047193 0.021367
v -0.153198 0.062574 0.021367
v -0.171123 0.080499 0.021367
v -0.189049 0.062574 0.021367
v -0.076221 0.100563 -0.021367
v -0.033114 0.004588 -0.014736
v -0.019609 -0.030017 -0.014736
v -0.028295 -0.006983 -0.014736
v -0.024744 -0.015783 -0.014736
v -0.013717 -0.047401 -0.014780
v -0.012750 -0.072734 -0.014781
v -0.219504 0.100563 -0.021367
v -0.200136 0.062574 -0.021367
v -0.084219 0.062574 -0.021367
v -0.067412 0.069422 -0.021367
v -0.066033 0.054220 -0.021367
v -0.069988 0.057590 -0.021367
v -0.074645 0.060265 -0.021367
v -0.079549 0.061982 -0.021367
v -0.219504 0.084381 -0.021367
v -0.071643 0.084381 -0.021367
v 0.024649 0.100563 -0.014205
v 0.008086 0.100563 -0.021367
v 0.011528 0.017585 -0.021367
v 0.032021 0.025268 -0.014205
v 0.029138 0.009062 -0.021367
v 0.040528 0.013069 -0.014205
v 0.058259 -0.009623 -0.014205
v 0.050441 -0.012063 -0.021367
v 0.048334 0.002214 -0.014205
v 0.040803 -0.000042 -0.021367
v 0.068683 -0.026709 -0.014205
v 0.060503 -0.029101 -0.021367
v 0.065010 -0.042402 -0.021367
v 0.073324 -0.040179 -0.014205
v -0.001381 0.084381 -0.021367
v 0.014435 0.084381 -0.014205
v -0.076221 0.147726 -0.021367
v -0.219504 0.147726 -0.021367
v 0.024649 0.147726 -0.014205
v 0.008086 0.147726 -0.021367
v -0.026739 0.012216 -0.021367
v -0.020960 -0.002057 -0.021367
v -0.002879 -0.070260 -0.021367
v -0.016407 -0.013302 -0.021367
v -0.009562 -0.030208 -0.021367
v -0.003882 -0.045019 -0.021367
v -0.015553 -0.064569 -0.014781
v 0.071175 -0.032998 -0.014205
v 0.062951 -0.035430 -0.021367
v -0.005694 -0.062127 -0.021367
v -0.171123 0.084381 -0.021367
v -0.171123 0.100563 -0.021367
v -0.171123 0.147726 -0.021367
v -0.098976 -0.077352 -0.021367
v -0.087352 -0.077352 -0.021367
v -0.049139 0.030353 -0.021367
v -0.040268 0.016601 -0.018917
v -0.044602 0.023544 -0.020649
v 0.020303 0.042811 -0.014205
v 0.028558 0.029632 -0.014205
v 0.024069 0.036103 -0.014205
v 0.006756 0.022286 -0.021367
v -0.001285 0.035497 -0.021367
v 0.001903 0.028616 -0.021367
v -0.035059 0.019574 -0.021367
v -0.045882 0.032497 -0.021367
v -0.040969 0.025782 -0.021367
v -0.057772 0.042742 -0.021367
v -0.064506 0.052145 -0.021367
v -0.060241 0.056845 -0.021367
v -0.054261 0.046580 -0.021367
v -0.006122 0.052983 -0.021367
v -0.006232 0.064044 -0.021367
v 0.012814 0.065342 -0.014205
v 0.014808 0.054424 -0.014205
v -0.161915 0.047193 -0.021367
v -0.153198 0.062574 -0.021367
v -0.171123 0.080499 -0.021367
v -0.189049 0.062574 -0.021367
v -0.081587 0.114553 0.023159
v -0.187199 0.114553 0.023159
v -0.081587 0.108166 0.023159
v -0.187199 0.108166 0.023159
v 0.042490 0.132625 0.025850
v 0.042490 0.132625 0.000000
v -0.181014 0.132625 0.025850
v -0.199986 0.084191 0.025850
v -0.270517 0.132625 0.025850
v -0.201821 0.132625 0.025850
v 0.006774 0.085821 0.000000
v -0.186226 0.085821 0.000000
v 0.025437 0.099932 0.025850
v 0.006774 0.085821 0.011739
v 0.025437 0.099932 0.000000
v -0.199986 0.070080 0.011739
v -0.199986 0.070080 0.000000
v -0.186226 0.085821 0.011739
v -0.186226 0.099932 0.025850
v -0.270596 0.084715 0.027122
v -0.045247 0.099932 0.025850
v -0.045247 0.132625 0.025850
v -0.045247 0.085821 0.011739
v -0.045247 0.085821 0.000000
v -0.019830 0.099932 0.025850
v -0.019830 0.085821 0.000000
v -0.029513 0.132625 0.025850
v -0.019830 0.085821 0.011739
v 0.037824 0.161262 0.025850
v -0.181014 0.161262 0.025850
v -0.271376 0.182021 0.025850
v -0.201821 0.161262 0.025850
v -0.051959 0.161262 0.025850
v -0.038423 0.161262 0.025850
v -0.294439 0.132625 0.025850
v -0.294439 0.084715 0.027122
v -0.294439 0.084715 0.000000
v -0.294439 0.182021 0.025850
v -0.294439 0.132625 0.000000
v -0.347880 0.182021 0.025850
v -0.347880 0.132625 0.025850
v -0.347880 0.182021 0.000000
v -0.347880 0.132625 0.000000
v 0.037824 0.161262 0.000000
v 0.042490 0.132625 -0.025850
v -0.181014 0.132625 -0.025850
v -0.199986 0.084191 -0.025850
v -0.270517 0.132625 -0.025850
v -0.201821 0.132625 -0.025850
v 0.025437 0.099932 -0.025850
v 0.006774 0.085821 -0.011739
v -0.199986 0.070080 -0.011739
v -0.186226 0.085821 -0.011739
v -0.186226 0.099932 -0.025850
v -0.270596 0.084715 -0.027122
v -0.045247 0.099932 -0.025850
v -0.045247 0.132625 -0.025850
v -0.045247 0.085821 -0.011739
v -0.019830 0.099932 -0.025850
v -0.029513 0.132625 -0.025850
v -0.019830 0.085821 -0.011739
v 0.037824 0.161262 -0.025850
v -0.181014 0.161262 -0.025850
v -0.271376 0.182021 -0.025850
v -0.201821 0.161262 -0.025850
v -0.051959 0.161262 -0.025850
v -0.038423 0.161262 -0.025850
v -0.294439 0.132625 -0.025850
v -0.294439 0.084715 -0.027122
v -0.294439 0.182021 -0.025850
v -0.347880 0.182021 -0.025850
v -0.347880 0.132625 -0.025850
v -0.080524 0.107024 0.025850
v -0.080524 0.115695 0.025850
v -0.188262 0.115695 0.025850
v -0.188262 0.107024 0.025850
v -0.090952 0.067170 0.008981
v -0.090952 0.067170 0.000000
v -0.110823 0.067571 0.008981
v -0.110823 0.067571 0.000000
v -0.083303 0.021564 0.008981
v -0.083303 0.021564 0.000000
v -0.088042 0.020340 0.000000
v -0.088042 0.020340 0.008981
v -0.089488 0.024775 0.000000
v -0.089488 0.024775 0.008981
v -0.078389 0.028041 0.008981
v -0.078389 0.028041 0.000000
v -0.092891 0.018759 0.000000
v -0.092891 0.018759 0.008981
v -0.093635 0.021039 0.000000
v -0.093635 0.021039 0.008981
v -0.099564 0.055671 0.008981
v -0.088323 0.058982 0.008981
v -0.099564 0.055671 0.000000
v -0.092933 0.035338 0.000000
v -0.092933 0.035338 0.008981
v -0.081785 0.038619 0.008981
v -0.081785 0.038619 0.000000
v -0.038233 0.069345 0.008981
v -0.038233 0.069345 0.000000
v -0.038233 0.061169 0.008981
v -0.038233 0.061169 0.000000
v -0.038233 0.040836 0.008981
v -0.038233 0.040836 0.000000
v -0.090952 0.067170 -0.008981
v -0.110823 0.067571 -0.008981
v -0.083303 0.021564 -0.008981
v -0.088042 0.020340 -0.008981
v -0.089488 0.024775 -0.008981
v -0.078389 0.028041 -0.008981
v -0.092891 0.018759 -0.008981
v -0.093635 0.021039 -0.008981
v -0.099564 0.055671 -0.008981
v -0.088323 0.058982 -0.008981
v -0.092933 0.035338 -0.008981
v -0.081785 0.038619 -0.008981
v -0.038233 0.069345 -0.008981
v -0.038233 0.061169 -0.008981
v -0.038233 0.040836 -0.008981
v 0.041785 0.119672 0.021200
v 0.041785 0.119672 0.000000
v -0.250847 0.187007 0.019836
v -0.250847 0.179848 0.028749
v 0.055510 0.166156 0.028749
v 0.038667 0.176386 0.019836
v 0.038667 0.176386 0.000000
v -0.250847 0.187007 0.000000
v -0.350721 0.187007 0.019836
v -0.354859 0.179848 0.028749
v -0.350721 0.187007 0.000000
v -0.375534 0.127265 0.028749
v 0.043170 0.122342 0.028749
v 0.043170 0.122342 0.000000
v -0.270517 0.127265 0.028749
v -0.270517 0.124448 0.025853
v -0.268878 0.179848 0.028749
v -0.268878 0.187007 0.019836
v -0.268878 0.187007 0.000000
v -0.268878 0.166156 0.028749
v -0.375534 0.144085 0.028749
v 0.055526 0.166156 0.000000
v -0.250847 0.166156 0.028749
v -0.031231 0.119672 0.025850
v -0.029513 0.122342 0.028749
v -0.023406 0.166156 0.028749
v -0.023406 0.176386 0.019836
v -0.023406 0.176386 0.000000
v -0.021548 0.084485 0.025850
v -0.019830 0.084485 0.028749
v 0.040505 0.117206 0.025850
v -0.009193 0.084485 0.025850
v 0.035907 0.109925 0.025850
v 0.029898 0.103009 0.025850
v 0.022781 0.096805 0.025850
v 0.014912 0.091624 0.025850
v 0.006685 0.087726 0.025850
v -0.001486 0.085306 0.025850
v -0.009193 0.084485 0.028749
v 0.040505 0.117206 0.028749
v -0.001486 0.085306 0.028749
v 0.006685 0.087726 0.028749
v 0.014912 0.091624 0.028749
v 0.022781 0.096805 0.028749
v 0.029898 0.103009 0.028749
v 0.035907 0.109925 0.028749
v -0.263619 0.135562 0.028749
v -0.233049 0.150924 0.028749
v -0.250847 0.166153 0.028749
v -0.259707 0.139538 0.028749
v -0.254848 0.143243 0.028749
v -0.249375 0.146425 0.028749
v -0.243659 0.148866 0.028749
v -0.238091 0.150401 0.028749
v -0.232694 0.148255 0.025850
v -0.263365 0.133045 0.025850
v -0.237739 0.147736 0.025850
v -0.243317 0.146217 0.025850
v -0.249049 0.143800 0.025850
v -0.254544 0.140650 0.025850
v -0.259427 0.136982 0.025850
v -0.254658 0.192574 0.019836
v -0.254658 0.192574 0.028749
v -0.254658 0.192574 0.000000
v -0.265067 0.192574 0.019836
v -0.265067 0.192574 0.000000
v -0.265067 0.192574 0.028749
v -0.358896 0.147528 0.028749
v -0.341447 0.179848 0.028749
v -0.337954 0.187007 0.019836
v -0.337954 0.187007 0.000000
v -0.359152 0.127265 0.028749
v 0.032337 0.166156 0.028749
v 0.020439 0.176386 0.019836
v 0.021523 0.186011 0.019836
v 0.016491 0.186011 0.019836
v 0.016491 0.186011 0.000000
v 0.038667 0.182972 0.000000
v 0.038667 0.182972 0.019836
v 0.021523 0.192597 0.000000
v 0.021523 0.192597 0.019836
v 0.016491 0.192597 0.019836
v 0.016491 0.192597 0.000000
v 0.021523 0.192597 0.009128
v 0.038667 0.182972 0.009128
v 0.016491 0.192597 0.009128
v 0.038706 0.185934 0.012636
v 0.038706 0.185934 0.019836
v 0.021562 0.195559 0.012636
v 0.021562 0.195559 0.019836
v 0.016530 0.195559 0.019836
v 0.016530 0.195559 0.012636
v -0.014343 0.185407 0.019836
v -0.014343 0.185407 0.000000
v -0.375534 0.124448 0.025853
v -0.359152 0.124448 0.025853
v -0.152467 0.148255 0.025850
v -0.222526 0.148255 0.025850
v -0.169982 0.148255 0.025850
v -0.187496 0.148255 0.025850
v -0.205011 0.148255 0.025850
v -0.222492 0.173710 0.028749
v -0.152467 0.166156 0.028749
v -0.206465 0.170819 0.028749
v -0.187530 0.168369 0.028749
v -0.168568 0.166731 0.028749
v -0.222599 0.182264 0.019836
v -0.152467 0.176386 0.019836
v -0.206532 0.180014 0.019836
v -0.187561 0.178107 0.019836
v -0.168576 0.176833 0.019836
v -0.222586 0.182261 0.000000
v -0.152467 0.176386 0.000000
v -0.206524 0.180013 0.000000
v -0.187557 0.178107 0.000000
v -0.168575 0.176833 0.000000
v -0.152467 0.150924 0.028749
v -0.222518 0.150924 0.028749
v -0.169980 0.150924 0.028749
v -0.187492 0.150924 0.028749
v -0.205005 0.150924 0.028749
v -0.037411 0.130897 0.025850
v -0.060935 0.148255 0.025850
v -0.042130 0.137540 0.025850
v -0.048258 0.143171 0.025850
v -0.054862 0.146933 0.025850
v -0.035591 0.133383 0.028749
v -0.059182 0.150924 0.028749
v -0.040347 0.140095 0.028749
v -0.046500 0.145786 0.028749
v -0.053114 0.149589 0.028749
v -0.059133 0.166156 0.028749
v -0.034969 0.166156 0.028749
v -0.053092 0.166156 0.028749
v -0.047051 0.166156 0.028749
v -0.041010 0.166156 0.028749
v -0.034615 0.176386 0.019836
v -0.059105 0.176386 0.019836
v -0.040737 0.176386 0.019836
v -0.046860 0.176386 0.019836
v -0.052983 0.176386 0.019836
v -0.059096 0.176386 0.000000
v -0.034500 0.176386 0.000000
v -0.052947 0.176386 0.000000
v -0.046798 0.176386 0.000000
v -0.040649 0.176386 0.000000
v -0.270517 0.124448 0.019444
v -0.031231 0.119672 0.019444
v -0.021548 0.084485 0.019444
v 0.040505 0.117206 0.019444
v -0.009193 0.084485 0.019444
v 0.035907 0.109925 0.019444
v 0.029898 0.103009 0.019444
v 0.022781 0.096805 0.019444
v 0.014912 0.091624 0.019444
v 0.006685 0.087726 0.019444
v -0.001486 0.085306 0.019444
v -0.263365 0.133045 0.019444
v -0.237739 0.147736 0.019444
v -0.243317 0.146217 0.019444
v -0.249049 0.143800 0.019444
v -0.254544 0.140650 0.019444
v -0.259427 0.136982 0.019444
v -0.375534 0.124448 0.019444
v -0.359152 0.124448 0.019444
v -0.353669 0.181490 0.018456
v -0.355963 0.177932 0.019444
v -0.353669 0.181490 0.000000
v -0.375534 0.128011 0.019444
v -0.375534 0.144008 0.019444
v -0.232694 0.148255 0.019444
v -0.263365 0.133045 0.021200
v -0.243317 0.146217 0.021200
v -0.249049 0.143800 0.021200
v -0.254544 0.140650 0.021200
v -0.259427 0.136982 0.021200
v -0.152467 0.148255 0.019444
v -0.222526 0.148255 0.019444
v -0.169982 0.148255 0.019444
v -0.187496 0.148255 0.019444
v -0.205011 0.148255 0.019444
v -0.037411 0.130897 0.019444
v -0.060935 0.148255 0.019444
v -0.042130 0.137540 0.019444
v -0.048258 0.143171 0.019444
v -0.054862 0.146933 0.019444
v -0.031231 0.170995 0.019444
v -0.232694 0.170995 0.019444
v -0.237739 0.170995 0.019444
v -0.152467 0.170995 0.019444
v -0.222526 0.170995 0.019444
v -0.169982 0.170995 0.019444
v -0.187496 0.170995 0.019444
v -0.205011 0.170995 0.019444
v -0.037411 0.170995 0.019444
v -0.060935 0.170995 0.019444
v -0.042130 0.170995 0.019444
v -0.048258 0.170995 0.019444
v -0.054862 0.170995 0.019444
v 0.039422 0.170995 0.019444
v 0.039422 0.119672 0.019444
v 0.039422 0.119672 0.000000
v 0.039422 0.170995 0.000000
v -0.031231 0.170995 0.000000
v -0.232694 0.170995 0.000000
v -0.237739 0.170995 0.000000
v -0.152467 0.170995 0.000000
v -0.222526 0.170995 0.000000
v -0.169982 0.170995 0.000000
v -0.187496 0.170995 0.000000
v -0.205011 0.170995 0.000000
v -0.037411 0.170995 0.000000
v -0.060935 0.170995 0.000000
v -0.042130 0.170995 0.000000
v -0.048258 0.170995 0.000000
v -0.054862 0.170995 0.000000
v 0.041785 0.119672 -0.021200
v -0.250847 0.187007 -0.019836
v -0.250847 0.179848 -0.028749
v 0.055510 0.166156 -0.028749
v 0.038667 0.176386 -0.019836
v -0.350721 0.187007 -0.019836
v -0.354859 0.179848 -0.028749
v -0.375534 0.127265 -0.028749
v 0.043170 0.122342 -0.028749
v -0.270517 0.127265 -0.028749
v -0.270517 0.124448 -0.025852
v -0.268878 0.179848 -0.028749
v -0.268878 0.187007 -0.019836
v -0.268878 0.166156 -0.028749
v -0.375534 0.144085 -0.028749
v -0.250847 0.166156 -0.028749
v -0.031231 0.119672 -0.025850
v -0.029513 0.122342 -0.028749
v -0.023406 0.166156 -0.028749
v -0.023406 0.176386 -0.019836
v -0.021548 0.084485 -0.025850
v -0.019830 0.084485 -0.028749
v 0.040505 0.117206 -0.025850
v -0.009193 0.084485 -0.025850
v 0.035907 0.109925 -0.025850
v 0.029898 0.103009 -0.025850
v 0.022781 0.096805 -0.025850
v 0.014912 0.091624 -0.025850
v 0.006685 0.087726 -0.025850
v -0.001486 0.085306 -0.025850
v -0.009193 0.084485 -0.028749
v 0.040505 0.117206 -0.028749
v -0.001486 0.085306 -0.028749
v 0.006685 0.087726 -0.028749
v 0.014912 0.091624 -0.028749
v 0.022781 0.096805 -0.028749
v 0.029898 0.103009 -0.028749
v 0.035907 0.109925 -0.028749
v -0.263619 0.135562 -0.028749
v -0.233049 0.150924 -0.028749
v -0.250847 0.166153 -0.028749
v -0.259707 0.139538 -0.028749
v -0.254848 0.143243 -0.028749
v -0.249375 0.146425 -0.028749
v -0.243659 0.148866 -0.028749
v -0.238091 0.150401 -0.028749
v -0.232694 0.148255 -0.025850
v -0.263365 0.133045 -0.025850
v -0.237739 0.147736 -0.025850
v -0.243317 0.146217 -0.025850
v -0.249049 0.143800 -0.025850
v -0.254544 0.140650 -0.025850
v -0.259427 0.136982 -0.025850
v -0.254658 0.192574 -0.019836
v -0.254658 0.192574 -0.028749
v -0.265067 0.192574 -0.019836
v -0.265067 0.192574 -0.028749
v -0.358896 0.147528 -0.028749
v -0.341447 0.179848 -0.028749
v -0.337954 0.187007 -0.019836
v -0.359152 0.127265 -0.028749
v 0.032337 0.166156 -0.028749
v 0.020439 0.176386 -0.019836
v 0.021523 0.186011 -0.019836
v 0.016491 0.186011 -0.019836
v 0.038667 0.182972 -0.019836
v 0.021523 0.192597 -0.019836
v 0.016491 0.192597 -0.019836
v 0.021523 0.192597 -0.009128
v 0.038667 0.182972 -0.009128
v 0.016491 0.192597 -0.009128
v 0.038706 0.185934 -0.012636
v 0.038706 0.185934 -0.019836
v 0.021562 0.195559 -0.012636
v 0.021562 0.195559 -0.019836
v 0.016530 0.195559 -0.019836
v 0.016530 0.195559 -0.012636
v -0.014343 0.185407 -0.019836
v -0.375534 0.124448 -0.025852
v -0.359152 0.124448 -0.025852
v -0.152467 0.148255 -0.025850
v -0.222526 0.148255 -0.025850
v -0.169982 0.148255 -0.025850
v -0.187496 0.148255 -0.025850
v -0.205011 0.148255 -0.025850
v -0.222492 0.173710 -0.028749
v -0.152467 0.166156 -0.028749
v -0.206465 0.170819 -0.028749
v -0.187530 0.168369 -0.028749
v -0.168568 0.166731 -0.028749
v -0.222599 0.182264 -0.019836
v -0.152467 0.176386 -0.019836
v -0.206532 0.180014 -0.019836
v -0.187561 0.178107 -0.019836
v -0.168576 0.176833 -0.019836
v -0.152467 0.150924 -0.028749
v -0.222518 0.150924 -0.028749
v -0.169980 0.150924 -0.028749
v -0.187492 0.150924 -0.028749
v -0.205005 0.150924 -0.028749
v -0.037411 0.130897 -0.025850
v -0.060935 0.148255 -0.025850
v -0.042130 0.137540 -0.025850
v -0.048258 0.143171 -0.025850
v -0.054862 0.146933 -0.025850
v -0.035591 0.133383 -0.028749
v -0.059182 0.150924 -0.028749
v -0.040347 0.140095 -0.028749
v -0.046500 0.145786 -0.028749
v -0.053114 0.149589 -0.028749
v -0.059133 0.166156 -0.028749
v -0.034969 0.166156 -0.028749
v -0.053092 0.166156 -0.028749
v -0.047051 0.166156 -0.028749
v -0.041010 0.166156 -0.028749
v -0.034615 0.176386 -0.019836
v -0.059105 0.176386 -0.019836
v -0.040737 0.176386 -0.019836
v -0.046860 0.176386 -0.019836
v -0.052983 0.176386 -0.019836
v -0.270517 0.124448 -0.019444
v -0.031231 0.119672 -0.019444
v -0.021548 0.084485 -0.019444
v 0.040505 0.117206 -0.019444
v -0.009193 0.084485 -0.019444
v 0.035907 0.109925 -0.019444
v 0.029898 0.103009 -0.019444
v 0.022781 0.096805 -0.019444
v 0.014912 0.091624 -0.019444
v 0.006685 0.087726 -0.019444
v -0.001486 0.085306 -0.019444
v -0.263365 0.133045 -0.019444
v -0.237739 0.147736 -0.019444
v -0.243317 0.146217 -0.019444
v -0.249049 0.143800 -0.019444
v -0.254544 0.140650 -0.019444
v -0.259427 0.136982 -0.019444
v -0.375534 0.124448 -0.019444
v -0.359152 0.124448 -0.019444
v -0.353669 0.181490 -0.018456
v -0.355963 0.177932 -0.019444
v -0.375534 0.128011 -0.019444
v -0.375534 0.144008 -0.019444
v -0.232694 0.148255 -0.019444
v -0.263365 0.133045 -0.021200
v -0.243317 0.146217 -0.021200
v -0.249049 0.143800 -0.021200
v -0.254544 0.140650 -0.021200
v -0.259427 0.136982 -0.021200
v -0.152467 0.148255 -0.019444
v -0.222526 0.148255 -0.019444
v -0.169982 0.148255 -0.019444
v -0.187496 0.148255 -0.019444
v -0.205011 0.148255 -0.019444
v -0.037411 0.130897 -0.019444
v -0.060935 0.148255 -0.019444
v -0.042130 0.137540 -0.019444
v -0.048258 0.143171 -0.019444
v -0.054862 0.146933 -0.019444
v -0.031231 0.170995 -0.019444
v -0.232694 0.170995 -0.019444
v -0.237739 0.170995 -0.019444
v -0.152467 0.170995 -0.019444
v -0.222526 0.170995 -0.019444
v -0.169982 0.170995 -0.019444
v -0.187496 0.170995 -0.019444
v -0.205011 0.170995 -0.019444
v -0.037411 0.170995 -0.019444
v -0.060935 0.170995 -0.019444
v -0.042130 0.170995 -0.019444
v -0.048258 0.170995 -0.019444
v -0.054862 0.170995 -0.019444
v 0.039422 0.170995 -0.019444
v 0.039422 0.119672 -0.019444
v -0.350109 0.184588 0.019249
v -0.350109 0.184588 0.000000
v -0.217076 0.184588 0.019249
v -0.217076 0.184588 0.000000
v -0.217076 0.175685 0.019249
v -0.347255 0.189834 0.019249
v -0.347255 0.189834 -0.000000
v -0.224575 0.189834 0.019249
v -0.224575 0.189834 -0.000000
v -0.013326 0.184588 0.019249
v -0.013326 0.184588 0.000000
v -0.013326 0.175685 0.019249
v -0.235419 0.175685 0.019249
v -0.241410 0.184588 0.019249
v -0.244940 0.189834 0.019249
v -0.244940 0.189834 -0.000000
v -0.349516 0.184276 0.004899
v -0.349516 0.184276 0.000000
v -0.345622 0.198791 0.001668
v -0.345622 0.198791 -0.000000
v -0.322587 0.184276 0.004899
v -0.322587 0.184276 0.000000
v -0.321548 0.198791 0.001668
v -0.321548 0.198791 -0.000000
v -0.350109 0.184588 -0.019249
v -0.217076 0.184588 -0.019249
v -0.217076 0.175685 -0.019249
v -0.347255 0.189834 -0.019249
v -0.224575 0.189834 -0.019249
v -0.013326 0.184588 -0.019249
v -0.013326 0.175685 -0.019249
v -0.235419 0.175685 -0.019249
v -0.241410 0.184588 -0.019249
v -0.244940 0.189834 -0.019249
v -0.349516 0.184276 -0.004899
v -0.345622 0.198791 -0.001668
v -0.322587 0.184276 -0.004899
v -0.321548 0.198791 -0.001668
v -0.071379 0.076390 0.030019
v -0.071379 0.072751 0.020615
v -0.061407 0.077969 0.030019
v -0.060282 0.074508 0.020615
v -0.052410 0.082553 0.030019
v -0.050271 0.079609 0.020615
v -0.045271 0.089693 0.030019
v -0.042327 0.087553 0.020615
v -0.040687 0.098689 0.030019
v -0.037226 0.097564 0.020615
v -0.039108 0.108661 0.030019
v -0.035469 0.108661 0.020615
v -0.040687 0.118633 0.030019
v -0.037226 0.119758 0.020615
v -0.045271 0.127629 0.030019
v -0.042327 0.129768 0.020615
v -0.052410 0.134769 0.030019
v -0.050271 0.137713 0.020615
v -0.061407 0.139352 0.030019
v -0.060282 0.142813 0.020615
v -0.071379 0.140932 0.030019
v -0.071379 0.144571 0.020615
v -0.081351 0.139352 0.030019
v -0.082476 0.142813 0.020615
v -0.090347 0.134769 0.030019
v -0.092486 0.137713 0.020615
v -0.097487 0.127629 0.030019
v -0.100431 0.129768 0.020615
v -0.102070 0.118633 0.030019
v -0.105531 0.119758 0.020615
v -0.103650 0.108661 0.030019
v -0.107289 0.108661 0.020615
v -0.102070 0.098689 0.030019
v -0.105531 0.097564 0.020615
v -0.097487 0.089693 0.030019
v -0.100431 0.087553 0.020615
v -0.090347 0.082553 0.030019
v -0.092486 0.079609 0.020615
v -0.081351 0.077969 0.030019
v -0.082476 0.074508 0.020615
v -0.071379 0.086553 0.033795
v -0.064547 0.087635 0.033795
v -0.058384 0.090775 0.033795
v -0.053493 0.095666 0.033795
v -0.050353 0.101829 0.033795
v -0.049271 0.108661 0.033795
v -0.050353 0.115493 0.033795
v -0.053493 0.121656 0.033795
v -0.058384 0.126546 0.033795
v -0.064547 0.129687 0.033795
v -0.071379 0.130769 0.033795
v -0.078211 0.129687 0.033795
v -0.084374 0.126546 0.033795
v -0.089264 0.121656 0.033795
v -0.092405 0.115493 0.033795
v -0.093487 0.108661 0.033795
v -0.092405 0.101829 0.033795
v -0.089264 0.095666 0.033795
v -0.084374 0.090775 0.033795
v -0.078211 0.087635 0.033795
v -0.044957 0.117246 0.030556
v -0.046741 0.116666 0.030556
v -0.050421 0.123888 0.030556
v -0.048903 0.124991 0.030556
v -0.079964 0.135083 0.030556
v -0.079384 0.133299 0.030556
v -0.086606 0.129619 0.030556
v -0.087708 0.131137 0.030556
v -0.097801 0.100076 0.030556
v -0.096017 0.100656 0.030556
v -0.092337 0.093434 0.030556
v -0.093855 0.092331 0.030556
v -0.044957 0.100076 0.030556
v -0.046741 0.100656 0.030556
v -0.045473 0.108661 0.030556
v -0.043597 0.108661 0.030556
v -0.062794 0.135083 0.030556
v -0.063373 0.133299 0.030556
v -0.071379 0.134567 0.030556
v -0.071379 0.136443 0.030556
v -0.097285 0.108661 0.031984
v -0.099872 0.108661 0.031090
v -0.098477 0.117466 0.031090
v -0.096017 0.116666 0.031984
v -0.071379 0.082755 0.031984
v -0.071379 0.080168 0.031090
v -0.080184 0.081563 0.031090
v -0.079384 0.084023 0.031984
v -0.050421 0.093434 0.031984
v -0.048328 0.091913 0.031090
v -0.054631 0.085610 0.031090
v -0.056152 0.087703 0.031984
v -0.056152 0.129619 0.031984
v -0.054631 0.131712 0.031090
v -0.048328 0.125409 0.031090
v -0.050421 0.123888 0.031984
v -0.092337 0.123888 0.031984
v -0.094430 0.125409 0.031090
v -0.088127 0.131712 0.031090
v -0.086606 0.129619 0.031984
v -0.063373 0.084023 0.031984
v -0.062574 0.081563 0.031090
v -0.086606 0.087703 0.031984
v -0.088127 0.085610 0.031090
v -0.094430 0.091913 0.031090
v -0.092337 0.093434 0.031984
v -0.046741 0.116666 0.031984
v -0.044280 0.117466 0.031090
v -0.042886 0.108661 0.031090
v -0.045473 0.108661 0.031984
v -0.079384 0.133299 0.031984
v -0.080184 0.135759 0.031090
v -0.071379 0.137154 0.031090
v -0.071379 0.134567 0.031984
v -0.096017 0.100656 0.031984
v -0.098477 0.099856 0.031090
v -0.046741 0.100656 0.031984
v -0.044280 0.099856 0.031090
v -0.063373 0.133299 0.031984
v -0.062574 0.135759 0.031090
v -0.055049 0.086185 0.030556
v -0.056152 0.087703 0.030556
v -0.063373 0.084023 0.030556
v -0.062794 0.082239 0.030556
v -0.079964 0.082239 0.030556
v -0.079384 0.084023 0.030556
v -0.086606 0.087703 0.030556
v -0.087708 0.086185 0.030556
v -0.097801 0.117246 0.030556
v -0.096017 0.116666 0.030556
v -0.092337 0.123888 0.030556
v -0.093855 0.124991 0.030556
v -0.056152 0.129619 0.030556
v -0.055049 0.131137 0.030556
v -0.050421 0.093434 0.030556
v -0.048903 0.092331 0.030556
v -0.097285 0.108661 0.030556
v -0.099160 0.108661 0.030556
v -0.071379 0.082755 0.030556
v -0.071379 0.080879 0.030556
v -0.071379 0.076390 -0.030019
v -0.071379 0.072751 -0.020615
v -0.061407 0.077969 -0.030019
v -0.060282 0.074508 -0.020615
v -0.052410 0.082553 -0.030019
v -0.050271 0.079609 -0.020615
v -0.045271 0.089693 -0.030019
v -0.042327 0.087553 -0.020615
v -0.040687 0.098689 -0.030019
v -0.037226 0.097564 -0.020615
v -0.039108 0.108661 -0.030019
v -0.035469 0.108661 -0.020615
v -0.040687 0.118633 -0.030018
v -0.037226 0.119758 -0.020615
v -0.045271 0.127629 -0.030018
v -0.042327 0.129768 -0.020615
v -0.052410 0.134769 -0.030018
v -0.050271 0.137713 -0.020615
v -0.061407 0.139352 -0.030018
v -0.060282 0.142813 -0.020615
v -0.071379 0.140932 -0.030018
v -0.071379 0.144571 -0.020615
v -0.081351 0.139352 -0.030018
v -0.082476 0.142813 -0.020615
v -0.090347 0.134769 -0.030018
v -0.092486 0.137713 -0.020615
v -0.097487 0.127629 -0.030018
v -0.100431 0.129768 -0.020615
v -0.102070 0.118633 -0.030018
v -0.105531 0.119758 -0.020615
v -0.103650 0.108661 -0.030019
v -0.107289 0.108661 -0.020615
v -0.102070 0.098689 -0.030019
v -0.105531 0.097564 -0.020615
v -0.097487 0.089693 -0.030019
v -0.100431 0.087553 -0.020615
v -0.090347 0.082553 -0.030019
v -0.092486 0.079609 -0.020615
v -0.081351 0.077969 -0.030019
v -0.082476 0.074508 -0.020615
v -0.071379 0.086553 -0.033795
v -0.064547 0.087635 -0.033795
v -0.058384 0.090775 -0.033795
v -0.053493 0.095666 -0.033795
v -0.050353 0.101829 -0.033795
v -0.049271 0.108661 -0.033795
v -0.050353 0.115493 -0.033795
v -0.053493 0.121656 -0.033795
v -0.058384 0.126546 -0.033795
v -0.064547 0.129687 -0.033795
v -0.071379 0.130769 -0.033795
v -0.078211 0.129687 -0.033795
v -0.084374 0.126546 -0.033795
v -0.089264 0.121656 -0.033795
v -0.092405 0.115493 -0.033795
v -0.093487 0.108661 -0.033795
v -0.092405 0.101829 -0.033795
v -0.089264 0.095666 -0.033795
v -0.084374 0.090775 -0.033795
v -0.078211 0.087635 -0.033795
v -0.044957 0.117246 -0.030556
v -0.046741 0.116666 -0.030556
v -0.050421 0.123888 -0.030556
v -0.048903 0.124991 -0.030556
v -0.079964 0.135083 -0.030556
v -0.079384 0.133299 -0.030556
v -0.086606 0.129619 -0.030556
v -0.087708 0.131137 -0.030556
v -0.097801 0.100076 -0.030556
v -0.096017 0.100656 -0.030556
v -0.092337 0.093434 -0.030556
v -0.093855 0.092331 -0.030556
v -0.044957 0.100076 -0.030556
v -0.046741 0.100656 -0.030556
v -0.045473 0.108661 -0.030556
v -0.043597 0.108661 -0.030556
v -0.062794 0.135083 -0.030556
v -0.063373 0.133299 -0.030556
v -0.071379 0.134567 -0.030556
v -0.071379 0.136443 -0.030556
v -0.097285 0.108661 -0.031984
v -0.099872 0.108661 -0.031090
v -0.098477 0.117466 -0.031090
v -0.096017 0.116666 -0.031984
v -0.071379 0.082755 -0.031984
v -0.071379 0.080168 -0.031090
v -0.080184 0.081563 -0.031090
v -0.079384 0.084023 -0.031984
v -0.050421 0.093434 -0.031984
v -0.048328 0.091913 -0.031090
v -0.054631 0.085610 -0.031090
v -0.056152 0.087703 -0.031984
v -0.056152 0.129619 -0.031984
v -0.054631 0.131712 -0.031090
v -0.048328 0.125409 -0.031090
v -0.050421 0.123888 -0.031984
v -0.092337 0.123888 -0.031984
v -0.094430 0.125409 -0.031090
v -0.088127 0.131712 -0.031090
v -0.086606 0.129619 -0.031984
v -0.063373 0.084023 -0.031984
v -0.062574 0.081563 -0.031090
v -0.086606 0.087703 -0.031984
v -0.088127 0.085610 -0.031090
v -0.094430 0.091913 -0.031090
v -0.092337 0.093434 -0.031984
v -0.046741 0.116666 -0.031984
v -0.044280 0.117466 -0.031090
v -0.042886 0.108661 -0.031090
v -0.045473 0.108661 -0.031984
v -0.079384 0.133299 -0.031984
v -0.080184 0.135759 -0.031090
v -0.071379 0.137154 -0.031090
v -0.071379 0.134567 -0.031984
v -0.096017 0.100656 -0.031984
v -0.098477 0.099856 -0.031090
v -0.046741 0.100656 -0.031984
v -0.044280 0.099856 -0.031090
v -0.063373 0.133299 -0.031984
v -0.062574 0.135759 -0.031090
v -0.055049 0.086185 -0.030556
v -0.056152 0.087703 -0.030556
v -0.063373 0.084023 -0.030556
v -0.062794 0.082239 -0.030556
v -0.079964 0.082239 -0.030556
v -0.079384 0.084023 -0.030556
v -0.086606 0.087703 -0.030556
v -0.087708 0.086185 -0.030556
v -0.097801 0.117246 -0.030556
v -0.096017 0.116666 -0.030556
v -0.092337 0.123888 -0.030556
v -0.093855 0.124991 -0.030556
v -0.056152 0.129619 -0.030556
v -0.055049 0.131137 -0.030556
v -0.050421 0.093434 -0.030556
v -0.048903 0.092331 -0.030556
v -0.097285 0.108661 -0.030556
v -0.099160 0.108661 -0.030556
v -0.071379 0.082755 -0.030556
v -0.071379 0.080879 -0.030556
v -0.175057 0.095853 0.030819
v -0.170395 0.096591 0.030819
v -0.166189 0.098734 0.030819
v -0.162851 0.102072 0.030819
v -0.160708 0.106278 0.030819
v -0.159969 0.110941 0.030819
v -0.160708 0.115603 0.030819
v -0.162851 0.119809 0.030819
v -0.166189 0.123147 0.030819
v -0.170395 0.125291 0.030819
v -0.175057 0.126029 0.030819
v -0.179720 0.125291 0.030819
v -0.183926 0.123147 0.030819
v -0.187264 0.119809 0.030819
v -0.189407 0.115603 0.030819
v -0.190145 0.110941 0.030819
v -0.189407 0.106278 0.030819
v -0.187264 0.102072 0.030819
v -0.183926 0.098734 0.030819
v -0.179720 0.096591 0.030819
v -0.175057 0.098482 0.056423
v -0.175057 0.095853 0.053826
v -0.171207 0.099092 0.056423
v -0.170395 0.096591 0.053826
v -0.167734 0.100862 0.056423
v -0.166189 0.098734 0.053826
v -0.164978 0.103618 0.056423
v -0.162851 0.102072 0.053826
v -0.163209 0.107091 0.056423
v -0.160708 0.106278 0.053826
v -0.162599 0.110941 0.056423
v -0.159969 0.110941 0.053826
v -0.163209 0.114791 0.056423
v -0.160708 0.115603 0.053826
v -0.164978 0.118264 0.056423
v -0.162851 0.119810 0.053826
v -0.167734 0.121020 0.056423
v -0.166189 0.123147 0.053826
v -0.171207 0.122790 0.056423
v -0.170395 0.125291 0.053826
v -0.175057 0.123400 0.056423
v -0.175057 0.126029 0.053826
v -0.178907 0.122790 0.056423
v -0.179720 0.125291 0.053826
v -0.182380 0.121020 0.056423
v -0.183926 0.123147 0.053826
v -0.185137 0.118264 0.056423
v -0.187264 0.119810 0.053826
v -0.186906 0.114791 0.056423
v -0.189407 0.115603 0.053826
v -0.187516 0.110941 0.056423
v -0.190145 0.110941 0.053826
v -0.186906 0.107091 0.056423
v -0.189407 0.106278 0.053826
v -0.185137 0.103618 0.056423
v -0.187264 0.102072 0.053826
v -0.182380 0.100862 0.056423
v -0.183926 0.098734 0.053826
v -0.178907 0.099092 0.056423
v -0.179720 0.096591 0.053826
v -0.171748 0.100755 0.056423
v -0.175057 0.100231 0.056423
v -0.168762 0.102276 0.056423
v -0.166393 0.104646 0.056423
v -0.163961 0.108637 0.056423
v -0.163390 0.110941 0.056423
v -0.163961 0.113245 0.056423
v -0.166393 0.117236 0.056423
v -0.168762 0.119606 0.056423
v -0.171748 0.121127 0.056423
v -0.175057 0.121651 0.056423
v -0.178367 0.121127 0.056423
v -0.181353 0.119606 0.056423
v -0.183722 0.117236 0.056423
v -0.186154 0.113245 0.056423
v -0.186725 0.110941 0.056423
v -0.186154 0.108637 0.056423
v -0.183722 0.104646 0.056423
v -0.181353 0.102276 0.056423
v -0.178367 0.100755 0.056423
v -0.172441 0.102888 0.056423
v -0.175057 0.102473 0.056423
v -0.170080 0.104091 0.056423
v -0.168207 0.105964 0.056423
v -0.167004 0.108324 0.056423
v -0.167004 0.113558 0.056423
v -0.168207 0.115918 0.056423
v -0.170080 0.117791 0.056423
v -0.172441 0.118994 0.056423
v -0.175057 0.119409 0.056423
v -0.177674 0.118994 0.056423
v -0.180035 0.117791 0.056423
v -0.181908 0.115918 0.056423
v -0.183111 0.113558 0.056423
v -0.183111 0.108324 0.056423
v -0.181908 0.105964 0.056423
v -0.180035 0.104091 0.056423
v -0.177674 0.102888 0.056423
v -0.164329 0.110941 0.055403
v -0.164854 0.108822 0.055403
v -0.164854 0.113060 0.055403
v -0.185786 0.110941 0.055403
v -0.185261 0.113060 0.055403
v -0.185261 0.108822 0.055403
v -0.172651 0.103536 0.055403
v -0.175057 0.103155 0.055403
v -0.170481 0.104642 0.055403
v -0.168758 0.106364 0.055403
v -0.167652 0.108535 0.055403
v -0.167271 0.110941 0.055403
v -0.167652 0.113347 0.055403
v -0.168758 0.115518 0.055403
v -0.170481 0.117240 0.055403
v -0.172651 0.118346 0.055403
v -0.175057 0.118727 0.055403
v -0.177463 0.118346 0.055403
v -0.179634 0.117240 0.055403
v -0.181357 0.115518 0.055403
v -0.182463 0.113347 0.055403
v -0.182844 0.110941 0.055403
v -0.182463 0.108535 0.055403
v -0.181357 0.106364 0.055403
v -0.179634 0.104642 0.055403
v -0.177463 0.103536 0.055403
v -0.186922 0.119523 0.046749
v -0.186922 0.119523 0.048987
v -0.189005 0.115453 0.046749
v -0.189005 0.115453 0.048987
v -0.189722 0.110941 0.046749
v -0.189722 0.110941 0.048987
v -0.189005 0.106429 0.046749
v -0.189005 0.106429 0.048987
v -0.186922 0.102359 0.046749
v -0.186922 0.102359 0.048987
v -0.179589 0.097055 0.048987
v -0.179589 0.097055 0.046749
v -0.183677 0.099129 0.046749
v -0.183677 0.099129 0.048987
v -0.166438 0.099129 0.048987
v -0.166438 0.099129 0.046749
v -0.170526 0.097055 0.048987
v -0.170526 0.097055 0.046749
v -0.175057 0.096340 0.046749
v -0.175057 0.096340 0.048987
v -0.175057 0.095853 0.049322
v -0.175057 0.095853 0.046414
v -0.170395 0.096591 0.046414
v -0.170395 0.096591 0.049322
v -0.179720 0.096591 0.046414
v -0.179720 0.096591 0.049322
v -0.166189 0.098734 0.046414
v -0.166189 0.098734 0.049322
v -0.162851 0.102072 0.049322
v -0.162851 0.102072 0.046414
v -0.160708 0.106278 0.049322
v -0.160708 0.106278 0.046414
v -0.159969 0.110941 0.049322
v -0.159969 0.110941 0.046414
v -0.160708 0.115603 0.049322
v -0.160708 0.115603 0.046414
v -0.162851 0.119810 0.049322
v -0.162851 0.119809 0.046414
v -0.166189 0.123147 0.049322
v -0.166189 0.123147 0.046414
v -0.170395 0.125291 0.049322
v -0.170395 0.125291 0.046414
v -0.175057 0.126029 0.049322
v -0.175057 0.126029 0.046414
v -0.179720 0.125291 0.049322
v -0.179720 0.125291 0.046414
v -0.183926 0.123147 0.049322
v -0.183926 0.123147 0.046414
v -0.187264 0.119810 0.049322
v -0.187264 0.119809 0.046414
v -0.189407 0.115603 0.049322
v -0.189407 0.115603 0.046414
v -0.190145 0.110941 0.049322
v -0.190145 0.110941 0.046414
v -0.189407 0.106278 0.049322
v -0.189407 0.106278 0.046414
v -0.187264 0.102072 0.049322
v -0.187264 0.102072 0.046414
v -0.183926 0.098734 0.049322
v -0.183926 0.098734 0.046414
v -0.183677 0.122753 0.048987
v -0.183677 0.122753 0.046749
v -0.179589 0.124827 0.048987
v -0.179589 0.124827 0.046749
v -0.175057 0.125541 0.048987
v -0.175057 0.125541 0.046749
v -0.170526 0.124827 0.048987
v -0.170526 0.124827 0.046749
v -0.166438 0.122753 0.048987
v -0.166438 0.122753 0.046749
v -0.163193 0.119523 0.048987
v -0.163193 0.119523 0.046749
v -0.161110 0.115453 0.048987
v -0.161110 0.115453 0.046749
v -0.160392 0.110941 0.048987
v -0.160392 0.110941 0.046749
v -0.161110 0.106429 0.048987
v -0.161110 0.106429 0.046749
v -0.163193 0.102359 0.048987
v -0.163193 0.102359 0.046749
v -0.297949 0.063847 0.029488
v -0.297949 0.122837 0.029488
v -0.139146 -0.025341 0.029488
v -0.279978 0.122837 0.029488
v -0.297949 0.063847 0.000000
v -0.297949 0.122837 0.000000
v -0.205729 -0.025341 0.000000
v -0.139146 -0.025341 0.000000
v -0.279978 0.122837 0.000000
v -0.279978 0.063847 0.000000
v -0.297949 0.051529 0.000000
v -0.284649 0.051529 0.000000
v -0.134416 -0.014488 0.029488
v -0.134416 -0.014488 0.000000
v -0.170366 0.013446 0.029488
v -0.230351 0.013446 0.000000
v -0.151850 0.013457 0.029488
v -0.151850 0.013457 0.000000
v -0.104797 -0.080148 0.029488
v -0.104797 -0.080148 0.000000
v -0.101482 -0.067525 0.029488
v -0.101482 -0.067525 0.000000
v -0.193073 -0.025341 0.029488
v -0.205729 -0.025341 0.018732
v -0.287402 0.074603 0.029488
v -0.279978 0.063847 0.018732
v -0.297949 0.051529 0.018732
v -0.297949 0.062284 0.029488
v -0.292073 0.062284 0.029488
v -0.284649 0.051529 0.018732
v -0.217700 0.013446 0.029488
v -0.230351 0.013446 0.018732
v -0.166312 -0.025341 0.029488
v -0.189927 0.013446 0.029488
v -0.256363 0.122566 0.000000
v -0.256363 0.122566 0.029488
v -0.166312 -0.025341 0.000000
v -0.219541 0.121627 0.000000
v -0.219541 0.121627 0.026725
v -0.232914 0.121770 0.000000
v -0.153195 0.015278 0.026725
v -0.153195 0.015277 0.000000
v -0.171369 0.015170 0.026725
v -0.226666 0.110948 0.026725
v -0.188637 0.015034 0.026725
v -0.232914 0.121770 0.026725
v -0.253399 0.121971 0.000000
v -0.253399 0.121971 0.026725
v -0.210358 -0.018048 0.000000
v -0.145016 -0.018048 0.029488
v -0.210358 -0.018048 0.018732
v -0.197704 -0.018048 0.029488
v -0.170752 -0.018048 0.029488
v -0.215182 -0.021000 0.000000
v -0.214569 -0.025341 0.000000
v -0.215182 -0.021000 0.018732
v -0.214569 -0.025341 0.018732
v -0.201913 -0.025341 0.029488
v -0.202527 -0.021000 0.029488
v 0.075945 -0.043644 0.000000
v 0.072365 -0.031938 0.000000
v 0.075945 -0.043644 0.015131
v 0.064423 -0.047871 0.023875
v 0.062998 -0.035749 0.023875
v 0.072365 -0.031938 0.015131
v -0.022186 -0.080148 0.023875
v -0.022186 -0.067525 0.023875
v -0.022186 -0.067525 0.000000
v -0.022186 -0.080148 0.000000
v 0.026270 -0.062123 0.000000
v 0.026267 -0.062091 0.023875
v 0.025175 -0.049699 0.000000
v 0.025189 -0.049853 0.023875
v 0.026478 -0.010935 0.000000
v 0.045332 0.008274 0.000000
v 0.045332 0.008274 0.015504
v 0.038617 0.000713 0.024248
v 0.026478 -0.010935 0.024189
v 0.061416 -0.009265 0.015317
v 0.053375 -0.014950 0.024062
v 0.025826 -0.030317 0.000000
v 0.061416 -0.009265 0.000000
v 0.025833 -0.030394 0.024032
v -0.252750 0.050514 0.000000
v -0.277434 0.063847 0.000000
v -0.257098 0.055617 0.000000
v -0.263316 0.059942 0.000000
v -0.270457 0.062832 0.000000
v -0.277496 0.063847 0.018732
v -0.252739 0.050496 0.018732
v -0.270495 0.062831 0.018732
v -0.263332 0.059937 0.018732
v -0.257096 0.055606 0.018732
v -0.246575 0.061230 0.029488
v -0.271514 0.074603 0.029488
v -0.250951 0.066348 0.029488
v -0.257227 0.070686 0.029488
v -0.264448 0.073585 0.029488
v -0.246621 0.106566 0.029488
v -0.231071 0.081025 0.029488
v -0.242734 0.100180 0.029488
v -0.238846 0.093795 0.029488
v -0.234959 0.087410 0.029488
v -0.244989 0.108128 0.026725
v -0.229477 0.082538 0.026725
v -0.228734 0.108079 0.026725
v -0.241111 0.101730 0.026725
v -0.237233 0.095333 0.026725
v -0.233355 0.088935 0.026725
v -0.297949 0.063847 -0.029488
v -0.297949 0.122837 -0.029488
v -0.139146 -0.025341 -0.029488
v -0.279978 0.122837 -0.029488
v -0.134416 -0.014488 -0.029488
v -0.170366 0.013446 -0.029488
v -0.151850 0.013457 -0.029488
v -0.104797 -0.080148 -0.029488
v -0.101482 -0.067525 -0.029488
v -0.193073 -0.025341 -0.029488
v -0.205729 -0.025341 -0.018732
v -0.287402 0.074603 -0.029488
v -0.279978 0.063847 -0.018732
v -0.297949 0.051529 -0.018732
v -0.297949 0.062284 -0.029488
v -0.292073 0.062284 -0.029488
v -0.284649 0.051529 -0.018732
v -0.217700 0.013446 -0.029488
v -0.230351 0.013446 -0.018732
v -0.166312 -0.025341 -0.029488
v -0.189927 0.013446 -0.029488
v -0.256363 0.122566 -0.029488
v -0.219541 0.121627 -0.026725
v -0.153195 0.015278 -0.026725
v -0.171369 0.015170 -0.026725
v -0.226666 0.110948 -0.026725
v -0.188637 0.015034 -0.026725
v -0.232914 0.121770 -0.026725
v -0.253399 0.121971 -0.026725
v -0.145016 -0.018048 -0.029488
v -0.210358 -0.018048 -0.018732
v -0.197704 -0.018048 -0.029488
v -0.170752 -0.018048 -0.029488
v -0.215182 -0.021000 -0.018732
v -0.214569 -0.025341 -0.018732
v -0.201913 -0.025341 -0.029488
v -0.202527 -0.021000 -0.029488
v 0.075945 -0.043644 -0.015131
v 0.064423 -0.047871 -0.023875
v 0.062998 -0.035749 -0.023875
v 0.072365 -0.031938 -0.015131
v -0.022186 -0.080148 -0.023875
v -0.022186 -0.067525 -0.023875
v 0.026267 -0.062091 -0.023875
v 0.025189 -0.049853 -0.023875
v 0.045332 0.008274 -0.015503
v 0.038617 0.000713 -0.024248
v 0.026478 -0.010935 -0.024189
v 0.061416 -0.009265 -0.015317
v 0.053375 -0.014950 -0.024061
v 0.025833 -0.030394 -0.024032
v -0.277496 0.063847 -0.018732
v -0.252739 0.050496 -0.018732
v -0.270495 0.062831 -0.018732
v -0.263332 0.059937 -0.018732
v -0.257096 0.055606 -0.018732
v -0.246575 0.061230 -0.029488
v -0.271514 0.074603 -0.029488
v -0.250951 0.066348 -0.029488
v -0.257227 0.070686 -0.029488
v -0.264448 0.073585 -0.029488
v -0.246621 0.106566 -0.029488
v -0.231071 0.081025 -0.029488
v -0.242734 0.100180 -0.029488
v -0.238846 0.093795 -0.029488
v -0.234959 0.087410 -0.029488
v -0.244989 0.108128 -0.026725
v -0.229477 0.082538 -0.026725
v -0.228734 0.108079 -0.026725
v -0.241111 0.101730 -0.026725
v -0.237233 0.095333 -0.026725
v -0.233355 0.088935 -0.026725
v -0.225183 0.084255 0.017803
v -0.241183 0.074317 0.017803
v -0.257853 0.063962 0.008720
v -0.246670 0.070908 0.017803
v -0.211720 0.092618 -0.000000
v -0.257853 0.063962 -0.000000
v -0.236166 0.077433 0.017803
v -0.237468 0.076624 0.015716
v -0.239880 0.075126 0.015716
v -0.105676 -0.108137 0.017803
v -0.121012 -0.116238 0.015716
v -0.118599 -0.114739 0.015716
v -0.138345 -0.128431 -0.000000
v -0.138346 -0.128431 0.008720
v -0.092212 -0.099774 -0.000000
v -0.127162 -0.121484 0.017803
v -0.116658 -0.114959 0.017803
v -0.121675 -0.118076 0.017803
v -0.098837 -0.119146 0.017803
v -0.134886 -0.134000 -0.000000
v -0.109820 -0.125967 0.017803
v -0.118215 -0.123645 0.017803
v -0.134886 -0.134000 0.008720
v -0.085374 -0.110783 -0.000000
v -0.123703 -0.127054 0.017803
v -0.087321 -0.135799 0.019539
v -0.099159 -0.143152 0.019539
v -0.110481 -0.150185 0.019539
v -0.104566 -0.146511 0.019539
v -0.122535 -0.157672 -0.000000
v -0.122535 -0.157672 0.009749
v -0.072810 -0.126785 -0.000000
v -0.097312 -0.119714 0.019539
v -0.136167 -0.135725 -0.000000
v -0.109150 -0.127067 0.019539
v -0.118199 -0.124564 0.019539
v -0.136167 -0.135725 0.009749
v -0.082801 -0.110700 -0.000000
v -0.124114 -0.128238 0.019539
v -0.214027 0.091186 0.017803
v -0.211720 0.092618 0.015138
v -0.212396 0.092199 0.017022
v -0.094524 -0.101210 0.017803
v -0.092212 -0.099774 0.015135
v -0.092889 -0.100195 0.017021
v -0.085374 -0.110783 0.015124
v -0.087700 -0.112227 0.017803
v -0.086055 -0.111206 0.017018
v -0.072810 -0.126785 0.016860
v -0.075139 -0.128231 0.019539
v -0.073492 -0.127208 0.018754
v -0.085135 -0.112150 0.019539
v -0.082801 -0.110700 0.016856
v -0.083485 -0.111125 0.018753
v -0.092156 -0.128016 0.019539
v -0.129131 -0.147053 -0.000000
v -0.103993 -0.135369 0.019539
v -0.111163 -0.135891 0.019539
v -0.129131 -0.147053 0.009749
v -0.077644 -0.119002 -0.000000
v -0.117078 -0.139565 0.019539
v -0.077644 -0.119002 0.016858
v -0.078327 -0.119426 0.018754
v -0.079976 -0.120450 0.019539
v -0.127320 -0.160644 -0.000000
v -0.127320 -0.160644 0.007203
v -0.121694 -0.157150 0.015653
v -0.130665 -0.155258 -0.000000
v -0.130665 -0.155258 0.007203
v -0.125040 -0.151764 0.015653
v -0.231275 0.094062 0.010249
v -0.247275 0.084124 0.010249
v -0.261858 0.075065 0.007430
v -0.252112 0.081119 0.010249
v -0.220498 0.100757 -0.000000
v -0.261858 0.075065 -0.000000
v -0.242258 0.087240 0.010249
v -0.220526 0.100739 0.010249
v -0.240556 0.084476 0.009053
v -0.230856 0.090501 0.009053
v -0.225183 0.084255 -0.017803
v -0.241183 0.074317 -0.017803
v -0.257853 0.063962 -0.008720
v -0.246670 0.070908 -0.017803
v -0.236166 0.077433 -0.017803
v -0.237468 0.076624 -0.015716
v -0.239880 0.075126 -0.015716
v -0.105676 -0.108137 -0.017803
v -0.121012 -0.116238 -0.015716
v -0.118599 -0.114739 -0.015716
v -0.138346 -0.128431 -0.008720
v -0.127162 -0.121484 -0.017803
v -0.116658 -0.114959 -0.017803
v -0.121675 -0.118076 -0.017803
v -0.098837 -0.119146 -0.017803
v -0.109820 -0.125967 -0.017803
v -0.118215 -0.123645 -0.017803
v -0.134886 -0.134000 -0.008720
v -0.123703 -0.127054 -0.017803
v -0.087321 -0.135799 -0.019539
v -0.099159 -0.143152 -0.019539
v -0.110481 -0.150185 -0.019539
v -0.104566 -0.146511 -0.019539
v -0.122535 -0.157672 -0.009749
v -0.097312 -0.119714 -0.019539
v -0.109150 -0.127067 -0.019539
v -0.118199 -0.124564 -0.019539
v -0.136167 -0.135725 -0.009749
v -0.124114 -0.128238 -0.019539
v -0.214027 0.091186 -0.017803
v -0.211720 0.092618 -0.015138
v -0.212396 0.092199 -0.017022
v -0.094524 -0.101210 -0.017803
v -0.092212 -0.099774 -0.015135
v -0.092889 -0.100195 -0.017021
v -0.085374 -0.110783 -0.015124
v -0.087700 -0.112227 -0.017803
v -0.086055 -0.111206 -0.017018
v -0.072810 -0.126785 -0.016860
v -0.075139 -0.128231 -0.019539
v -0.073492 -0.127208 -0.018755
v -0.085135 -0.112150 -0.019539
v -0.082801 -0.110700 -0.016856
v -0.083485 -0.111125 -0.018753
v -0.092156 -0.128016 -0.019539
v -0.103993 -0.135369 -0.019539
v -0.111163 -0.135891 -0.019539
v -0.129131 -0.147053 -0.009749
v -0.117078 -0.139565 -0.019539
v -0.077644 -0.119002 -0.016858
v -0.078327 -0.119426 -0.018754
v -0.079976 -0.120450 -0.019539
v -0.127320 -0.160644 -0.007203
v -0.121694 -0.157150 -0.015653
v -0.130665 -0.155258 -0.007203
v -0.125040 -0.151764 -0.015653
v -0.231275 0.094062 -0.010249
v -0.247275 0.084124 -0.010249
v -0.261858 0.075065 -0.007430
v -0.252112 0.081119 -0.010249
v -0.242258 0.087240 -0.010249
v -0.220526 0.100739 -0.010249
v -0.244987 0.081723 0.009053
v -0.249260 0.079069 0.009053
v -0.231275 0.094062 0.017803
v -0.242258 0.087240 0.017803
v -0.252762 0.080715 0.017803
v -0.247275 0.084124 0.017803
v -0.263945 0.073769 -0.000000
v -0.263945 0.073769 0.008720
v -0.217812 0.102425 0.015138
v -0.218487 0.102006 0.017022
v -0.220118 0.100992 0.017803
v -0.217812 0.102425 -0.000000
v -0.231275 0.094062 -0.017803
v -0.242258 0.087240 -0.017803
v -0.252762 0.080715 -0.017803
v -0.247275 0.084124 -0.017803
v -0.263945 0.073769 -0.008720
v -0.217812 0.102425 -0.015138
v -0.218487 0.102006 -0.017022
v -0.220118 0.100992 -0.017803
v -0.221336 0.096414 -0.000000
v -0.221362 0.096399 -0.009053
v -0.257868 0.073722 -0.006563
v -0.244987 0.081723 -0.009053
v -0.249260 0.079069 -0.009053
v -0.240556 0.084476 -0.009053
v -0.230856 0.090501 -0.009053
v -0.221362 0.096399 0.009053
v -0.257868 0.073722 0.006563
v -0.257868 0.073722 -0.000000
v -0.185611 0.184911 0.021566
v -0.185611 0.188503 0.018591
v -0.185611 0.184911 -0.021566
v -0.185611 0.188503 -0.018591
v -0.177523 0.184911 0.021566
v -0.177523 0.188503 0.018591
v -0.177523 0.184911 -0.021566
v -0.177523 0.188503 -0.018591
v -0.185611 0.172654 -0.021566
v -0.185611 0.172654 0.021566
v -0.177523 0.172654 -0.021566
v -0.177523 0.172654 0.021566
v -0.150023 0.184911 0.021566
v -0.150023 0.188503 0.018591
v -0.150023 0.184911 -0.021566
v -0.150023 0.188503 -0.018591
v -0.141935 0.184911 0.021566
v -0.141935 0.188503 0.018591
v -0.141935 0.184911 -0.021566
v -0.141935 0.188503 -0.018591
v -0.150023 0.172654 -0.021566
v -0.150023 0.172654 0.021566
v -0.141935 0.172654 -0.021566
v -0.141935 0.172654 0.021566
v -0.114435 0.184911 0.021566
v -0.114435 0.188503 0.018591
v -0.114435 0.184911 -0.021566
v -0.114435 0.188503 -0.018591
v -0.106347 0.184911 0.021566
v -0.106347 0.188503 0.018591
v -0.106347 0.184911 -0.021566
v -0.106347 0.188503 -0.018591
v -0.114435 0.172654 -0.021566
v -0.114435 0.172654 0.021566
v -0.106347 0.172654 -0.021566
v -0.106347 0.172654 0.021566
v -0.078848 0.184911 0.021566
v -0.078848 0.188503 0.018591
v -0.078848 0.184911 -0.021566
v -0.078848 0.188503 -0.018591
v -0.070759 0.184911 0.021566
v -0.070759 0.188503 0.018591
v -0.070759 0.184911 -0.021566
v -0.070759 0.188503 -0.018591
v -0.078848 0.172654 -0.021566
v -0.078848 0.172654 0.021566
v -0.070759 0.172654 -0.021566
v -0.070759 0.172654 0.021566
v -0.043260 0.184911 0.021566
v -0.043260 0.188503 0.018591
v -0.043260 0.184911 -0.021566
v -0.043260 0.188503 -0.018591
v -0.035172 0.184911 0.021566
v -0.035172 0.188503 0.018591
v -0.035172 0.184911 -0.021566
v -0.035172 0.188503 -0.018591
v -0.043260 0.172654 -0.021566
v -0.043260 0.172654 0.021566
v -0.035172 0.172654 -0.021566
v -0.035172 0.172654 0.021566
v -0.406883 0.098613 -0.013453
v -0.364309 0.098613 -0.013453
v -0.406883 0.094456 -0.012794
v -0.364309 0.094456 -0.012794
v -0.406883 0.090706 -0.010884
v -0.364309 0.090706 -0.010884
v -0.406883 0.087729 -0.007907
v -0.364309 0.087729 -0.007907
v -0.406883 0.085819 -0.004157
v -0.364309 0.085819 -0.004157
v -0.406883 0.085160 0.000000
v -0.364309 0.085160 0.000000
v -0.406883 0.085819 0.004157
v -0.364309 0.085819 0.004157
v -0.406883 0.087729 0.007907
v -0.364309 0.087729 0.007907
v -0.406883 0.090706 0.010884
v -0.364309 0.090706 0.010884
v -0.406883 0.094456 0.012794
v -0.364309 0.094456 0.012794
v -0.406883 0.098613 0.013453
v -0.364309 0.098613 0.013453
v -0.406883 0.102770 0.012794
v -0.364309 0.102770 0.012794
v -0.406883 0.106520 0.010884
v -0.364309 0.106520 0.010884
v -0.406883 0.109497 0.007907
v -0.364309 0.109497 0.007907
v -0.406883 0.111407 0.004157
v -0.364309 0.111407 0.004157
v -0.406883 0.112066 0.000000
v -0.364309 0.112066 0.000000
v -0.406883 0.111407 -0.004157
v -0.364309 0.111407 -0.004157
v -0.406883 0.109497 -0.007907
v -0.364309 0.109497 -0.007907
v -0.406883 0.106520 -0.010884
v -0.364309 0.106520 -0.010884
v -0.406883 0.102770 -0.012794
v -0.364309 0.102770 -0.012794
v -0.356712 0.095449 -0.009736
v -0.356712 0.098613 -0.010238
v -0.356712 0.092596 -0.008282
v -0.356712 0.090331 -0.006017
v -0.356712 0.088877 -0.003164
v -0.356712 0.088375 0.000000
v -0.356712 0.088877 0.003164
v -0.356712 0.090331 0.006017
v -0.356712 0.092596 0.008282
v -0.356712 0.095449 0.009736
v -0.356712 0.098613 0.010238
v -0.356712 0.101777 0.009736
v -0.356712 0.104630 0.008282
v -0.356712 0.106895 0.006017
v -0.356712 0.108349 0.003164
v -0.356712 0.108851 0.000000
v -0.356712 0.108349 -0.003164
v -0.356712 0.106895 -0.006017
v -0.356712 0.104630 -0.008282
v -0.356712 0.101777 -0.009736
v -0.319678 0.095449 -0.009736
v -0.319678 0.098613 -0.010238
v -0.319678 0.092596 -0.008282
v -0.319678 0.090331 -0.006017
v -0.319678 0.088877 -0.003164
v -0.319678 0.088375 0.000000
v -0.319678 0.088877 0.003164
v -0.319678 0.090331 0.006017
v -0.319678 0.092596 0.008282
v -0.319678 0.095449 0.009736
v -0.319678 0.098613 0.010238
v -0.319678 0.101777 0.009736
v -0.319678 0.104630 0.008282
v -0.319678 0.106895 0.006017
v -0.319678 0.108349 0.003164
v -0.319678 0.108851 0.000000
v -0.319678 0.108349 -0.003164
v -0.319678 0.106895 -0.006017
v -0.319678 0.104630 -0.008282
v -0.319678 0.101777 -0.009736
v -0.317727 0.094141 -0.013068
v -0.317727 0.098613 -0.013741
v -0.317727 0.090107 -0.011117
v -0.317727 0.086905 -0.008077
v -0.317727 0.084850 -0.004246
v -0.317727 0.084142 0.000000
v -0.317727 0.084850 0.004246
v -0.317727 0.086905 0.008077
v -0.317727 0.090107 0.011117
v -0.317727 0.094141 0.013068
v -0.317727 0.098613 0.013741
v -0.317727 0.103085 0.013068
v -0.317727 0.107119 0.011117
v -0.317727 0.110321 0.008077
v -0.317727 0.112376 0.004246
v -0.317727 0.113084 0.000000
v -0.317727 0.112376 -0.004246
v -0.317727 0.110321 -0.008077
v -0.317727 0.107119 -0.011117
v -0.317727 0.103085 -0.013068
v -0.242615 0.094141 -0.013068
v -0.242615 0.098613 -0.013741
v -0.242615 0.090107 -0.011117
v -0.242615 0.086905 -0.008077
v -0.242615 0.084850 -0.004246
v -0.242615 0.084142 0.000000
v -0.242615 0.084850 0.004246
v -0.242615 0.086905 0.008077
v -0.242615 0.090107 0.011117
v -0.242615 0.094141 0.013068
v -0.242615 0.098613 0.013741
v -0.242615 0.103085 0.013068
v -0.242615 0.107119 0.011117
v -0.242615 0.110321 0.008077
v -0.242615 0.112376 0.004246
v -0.242615 0.113084 0.000000
v -0.242615 0.112376 -0.004246
v -0.242615 0.110321 -0.008077
v -0.242615 0.107119 -0.011117
v -0.242615 0.103085 -0.013068
v -0.406883 0.098613 -0.009627
v -0.406883 0.095638 -0.009155
v -0.406883 0.092955 -0.007788
v -0.406883 0.090825 -0.005658
v -0.406883 0.089458 -0.002975
v -0.406883 0.088986 0.000000
v -0.406883 0.089458 0.002975
v -0.406883 0.090825 0.005658
v -0.406883 0.092955 0.007788
v -0.406883 0.095638 0.009155
v -0.406883 0.098613 0.009627
v -0.406883 0.101588 0.009155
v -0.406883 0.104271 0.007788
v -0.406883 0.106401 0.005658
v -0.406883 0.107768 0.002975
v -0.406883 0.108240 0.000000
v -0.406883 0.107768 -0.002975
v -0.406883 0.106401 -0.005658
v -0.406883 0.104271 -0.007788
v -0.406883 0.101588 -0.009155
v -0.388990 0.098613 -0.009627
v -0.388990 0.095638 -0.009155
v -0.388990 0.092955 -0.007788
v -0.388990 0.090825 -0.005658
v -0.388990 0.089458 -0.002975
v -0.388990 0.088986 0.000000
v -0.388990 0.089458 0.002975
v -0.388990 0.090825 0.005658
v -0.388990 0.092955 0.007788
v -0.388990 0.095638 0.009155
v -0.388990 0.098613 0.009627
v -0.388990 0.101588 0.009155
v -0.388990 0.104271 0.007788
v -0.388990 0.106401 0.005658
v -0.388990 0.107768 0.002975
v -0.388990 0.108240 0.000000
v -0.388990 0.107768 -0.002975
v -0.388990 0.106401 -0.005658
v -0.388990 0.104271 -0.007788
v -0.388990 0.101588 -0.009155
v -0.211565 -0.005425 0.029937
v -0.214477 -0.007278 0.020838
v -0.210207 -0.006845 0.029937
v -0.212325 -0.009528 0.020838
v -0.208409 -0.007637 0.029937
v -0.209475 -0.010784 0.020838
v -0.206445 -0.007680 0.029937
v -0.206362 -0.010853 0.020838
v -0.204613 -0.006969 0.029937
v -0.203460 -0.009725 0.020838
v -0.202402 -0.003813 0.029937
v -0.202744 -0.004104 0.025246
v -0.203070 -0.000017 0.029937
v -0.203424 -0.000242 0.025246
v -0.206226 0.002195 0.029937
v -0.206634 0.002008 0.025246
v -0.210021 0.001527 0.029937
v -0.212030 0.003739 0.020838
v -0.211441 0.000169 0.029937
v -0.214280 0.001587 0.020838
v -0.212233 -0.001629 0.029937
v -0.215536 -0.001263 0.020838
v -0.212277 -0.003593 0.029937
v -0.215605 -0.004376 0.020838
v -0.207283 -0.002699 0.029932
v -0.229850 0.024702 0.029937
v -0.232762 0.022848 0.020838
v -0.228492 0.023282 0.029937
v -0.230610 0.020598 0.020838
v -0.226694 0.022490 0.029937
v -0.227760 0.019343 0.020838
v -0.224730 0.022446 0.029937
v -0.224647 0.019274 0.020838
v -0.222898 0.023158 0.029937
v -0.221745 0.020401 0.020838
v -0.220687 0.026314 0.029937
v -0.221029 0.026023 0.025246
v -0.221354 0.030110 0.029937
v -0.221709 0.029884 0.025246
v -0.224511 0.032321 0.029937
v -0.224919 0.032134 0.025246
v -0.228306 0.031653 0.029937
v -0.230315 0.033866 0.020838
v -0.229726 0.030295 0.029937
v -0.232565 0.031713 0.020838
v -0.230518 0.028497 0.029937
v -0.233820 0.028864 0.020838
v -0.230562 0.026533 0.029937
v -0.233890 0.025751 0.020838
v -0.225568 0.027428 0.029932
v -0.248135 0.054654 0.029937
v -0.251047 0.052801 0.020838
v -0.246777 0.053234 0.029937
v -0.248895 0.050551 0.020838
v -0.244979 0.052443 0.029937
v -0.246045 0.049295 0.020838
v -0.243015 0.052399 0.029937
v -0.242932 0.049226 0.020838
v -0.241183 0.053110 0.029937
v -0.240030 0.050354 0.020838
v -0.238972 0.056266 0.029937
v -0.239314 0.055975 0.025246
v -0.239639 0.060062 0.029937
v -0.239993 0.059837 0.025246
v -0.242796 0.062274 0.029937
v -0.243204 0.062087 0.025246
v -0.246591 0.061606 0.029937
v -0.248600 0.063818 0.020838
v -0.248011 0.060248 0.029937
v -0.250850 0.061666 0.020838
v -0.248803 0.058450 0.029937
v -0.252105 0.058816 0.020838
v -0.248847 0.056486 0.029937
v -0.252174 0.055703 0.020838
v -0.243853 0.057380 0.029932
v -0.211565 -0.005425 -0.029937
v -0.214477 -0.007278 -0.020838
v -0.210207 -0.006845 -0.029937
v -0.212325 -0.009528 -0.020838
v -0.208409 -0.007637 -0.029937
v -0.209475 -0.010784 -0.020838
v -0.206445 -0.007680 -0.029937
v -0.206362 -0.010853 -0.020838
v -0.204613 -0.006969 -0.029937
v -0.203460 -0.009725 -0.020838
v -0.202402 -0.003813 -0.029937
v -0.202744 -0.004104 -0.025246
v -0.203070 -0.000017 -0.029937
v -0.203424 -0.000242 -0.025246
v -0.206226 0.002195 -0.029937
v -0.206634 0.002008 -0.025246
v -0.210021 0.001527 -0.029937
v -0.212030 0.003739 -0.020838
v -0.211441 0.000169 -0.029937
v -0.214280 0.001587 -0.020838
v -0.212233 -0.001629 -0.029937
v -0.215536 -0.001263 -0.020838
v -0.212277 -0.003593 -0.029937
v -0.215605 -0.004376 -0.020838
v -0.207283 -0.002699 -0.029932
v -0.229850 0.024702 -0.029937
v -0.232762 0.022848 -0.020838
v -0.228492 0.023282 -0.029937
v -0.230610 0.020598 -0.020838
v -0.226694 0.022490 -0.029937
v -0.227760 0.019343 -0.020838
v -0.224730 0.022446 -0.029937
v -0.224647 0.019274 -0.020838
v -0.222898 0.023158 -0.029937
v -0.221745 0.020401 -0.020838
v -0.220687 0.026314 -0.029937
v -0.221029 0.026023 -0.025246
v -0.221355 0.030110 -0.029937
v -0.221709 0.029884 -0.025246
v -0.224511 0.032321 -0.029937
v -0.224919 0.032134 -0.025246
v -0.228306 0.031653 -0.029937
v -0.230315 0.033866 -0.020838
v -0.229726 0.030295 -0.029937
v -0.232565 0.031713 -0.020838
v -0.230518 0.028497 -0.029937
v -0.233820 0.028864 -0.020838
v -0.230562 0.026533 -0.029937
v -0.233890 0.025751 -0.020838
v -0.225568 0.027428 -0.029932
v -0.248135 0.054654 -0.029937
v -0.251047 0.052801 -0.020838
v -0.246777 0.053234 -0.029937
v -0.248895 0.050551 -0.020838
v -0.244979 0.052443 -0.029937
v -0.246045 0.049295 -0.020838
v -0.243015 0.052399 -0.029937
v -0.242932 0.049226 -0.020838
v -0.241183 0.053110 -0.029937
v -0.240030 0.050354 -0.020838
v -0.238972 0.056266 -0.029937
v -0.239314 0.055975 -0.025246
v -0.239639 0.060062 -0.029937
v -0.239993 0.059837 -0.025246
v -0.242796 0.062274 -0.029937
v -0.243204 0.062087 -0.025246
v -0.246591 0.061606 -0.029937
v -0.248600 0.063818 -0.020838
v -0.248011 0.060248 -0.029937
v -0.250850 0.061666 -0.020838
v -0.248803 0.058450 -0.029937
v -0.252105 0.058816 -0.020838
v -0.248847 0.056486 -0.029937
v -0.252174 0.055703 -0.020838
v -0.243853 0.057380 -0.029932
v -0.153649 0.171262 0.029937
v -0.153594 0.174714 0.020838
v -0.155582 0.170909 0.029937
v -0.156657 0.174155 0.020838
v -0.157232 0.169844 0.029937
v -0.159273 0.172466 0.020838
v -0.158350 0.168228 0.029937
v -0.161044 0.169905 0.020838
v -0.158763 0.166307 0.029937
v -0.161700 0.166861 0.020838
v -0.157345 0.162724 0.029937
v -0.157400 0.163170 0.025246
v -0.153808 0.161193 0.029937
v -0.153802 0.161612 0.025246
v -0.150225 0.162611 0.029937
v -0.150156 0.163055 0.025246
v -0.148694 0.166148 0.029937
v -0.145741 0.166608 0.020838
v -0.149047 0.168080 0.029937
v -0.146300 0.169671 0.020838
v -0.150112 0.169731 0.029937
v -0.147989 0.172287 0.020838
v -0.151728 0.170848 0.029937
v -0.150550 0.174058 0.020838
v -0.153729 0.166187 0.029932
v -0.153649 0.171262 -0.029937
v -0.153594 0.174714 -0.020838
v -0.155582 0.170909 -0.029937
v -0.156657 0.174155 -0.020838
v -0.157232 0.169844 -0.029937
v -0.159273 0.172466 -0.020838
v -0.158350 0.168228 -0.029937
v -0.161044 0.169905 -0.020838
v -0.158763 0.166307 -0.029937
v -0.161700 0.166861 -0.020838
v -0.157345 0.162724 -0.029937
v -0.157400 0.163170 -0.025246
v -0.153808 0.161193 -0.029937
v -0.153802 0.161612 -0.025246
v -0.150225 0.162611 -0.029937
v -0.150156 0.163055 -0.025246
v -0.148694 0.166148 -0.029937
v -0.145741 0.166608 -0.020838
v -0.149047 0.168080 -0.029937
v -0.146300 0.169671 -0.020838
v -0.150112 0.169731 -0.029937
v -0.147989 0.172287 -0.020838
v -0.151728 0.170848 -0.029937
v -0.150550 0.174058 -0.020838
v -0.153729 0.166187 -0.029932
v -0.105773 0.171262 0.029937
v -0.105719 0.174714 0.020838
v -0.107706 0.170909 0.029937
v -0.108782 0.174155 0.020838
v -0.109357 0.169844 0.029937
v -0.111398 0.172466 0.020838
v -0.110474 0.168228 0.029937
v -0.113169 0.169905 0.020838
v -0.110888 0.166307 0.029937
v -0.113824 0.166861 0.020838
v -0.109470 0.162724 0.029937
v -0.109524 0.163170 0.025246
v -0.105933 0.161193 0.029937
v -0.105926 0.161612 0.025246
v -0.102350 0.162611 0.029937
v -0.102281 0.163055 0.025246
v -0.100818 0.166148 0.029937
v -0.097866 0.166608 0.020838
v -0.101171 0.168080 0.029937
v -0.098425 0.169671 0.020838
v -0.102237 0.169731 0.029937
v -0.100114 0.172287 0.020838
v -0.103853 0.170848 0.029937
v -0.102675 0.174058 0.020838
v -0.105854 0.166187 0.029932
v -0.105773 0.171262 -0.029937
v -0.105719 0.174714 -0.020838
v -0.107706 0.170909 -0.029937
v -0.108782 0.174155 -0.020838
v -0.109357 0.169844 -0.029937
v -0.111398 0.172466 -0.020838
v -0.110474 0.168228 -0.029937
v -0.113169 0.169905 -0.020838
v -0.110888 0.166307 -0.029937
v -0.113824 0.166861 -0.020838
v -0.109470 0.162724 -0.029937
v -0.109524 0.163170 -0.025246
v -0.105933 0.161193 -0.029937
v -0.105926 0.161612 -0.025246
v -0.102350 0.162611 -0.029937
v -0.102281 0.163055 -0.025246
v -0.100818 0.166148 -0.029937
v -0.097866 0.166608 -0.020838
v -0.101171 0.168080 -0.029937
v -0.098425 0.169671 -0.020838
v -0.102237 0.169731 -0.029937
v -0.100114 0.172287 -0.020838
v -0.103853 0.170848 -0.029937
v -0.102675 0.174058 -0.020838
v -0.105854 0.166187 -0.029932
v -0.057898 0.171262 0.029937
v -0.057843 0.174714 0.020838
v -0.059831 0.170909 0.029937
v -0.060906 0.174155 0.020838
v -0.061482 0.169844 0.029937
v -0.063523 0.172466 0.020838
v -0.062599 0.168228 0.029937
v -0.065293 0.169905 0.020838
v -0.063013 0.166307 0.029937
v -0.065949 0.166861 0.020838
v -0.061594 0.162724 0.029937
v -0.061649 0.163170 0.025246
v -0.058058 0.161193 0.029937
v -0.058051 0.161612 0.025246
v -0.054474 0.162611 0.029937
v -0.054405 0.163055 0.025246
v -0.052943 0.166148 0.029937
v -0.049991 0.166608 0.020838
v -0.053296 0.168080 0.029937
v -0.050550 0.169671 0.020838
v -0.054361 0.169731 0.029937
v -0.052238 0.172287 0.020838
v -0.055977 0.170848 0.029937
v -0.054799 0.174058 0.020838
v -0.057979 0.166187 0.029932
v -0.057898 0.171262 -0.029937
v -0.057843 0.174714 -0.020838
v -0.059831 0.170909 -0.029937
v -0.060906 0.174155 -0.020838
v -0.061482 0.169844 -0.029937
v -0.063523 0.172466 -0.020838
v -0.062599 0.168228 -0.029937
v -0.065293 0.169905 -0.020838
v -0.063013 0.166307 -0.029937
v -0.065949 0.166861 -0.020838
v -0.061594 0.162724 -0.029937
v -0.061649 0.163170 -0.025246
v -0.058058 0.161193 -0.029937
v -0.058051 0.161612 -0.025246
v -0.054474 0.162611 -0.029937
v -0.054405 0.163055 -0.025246
v -0.052943 0.166148 -0.029937
v -0.049991 0.166608 -0.020838
v -0.053296 0.168080 -0.029937
v -0.050550 0.169671 -0.020838
v -0.054361 0.169731 -0.029937
v -0.052238 0.172287 -0.020838
v -0.055977 0.170848 -0.029937
v -0.054799 0.174058 -0.020838
v -0.057979 0.166187 -0.029932
v -0.010023 0.171262 0.029937
v -0.009968 0.174714 0.020838
v -0.011955 0.170909 0.029937
v -0.013031 0.174155 0.020838
v -0.013606 0.169844 0.029937
v -0.015647 0.172466 0.020838
v -0.014723 0.168228 0.029937
v -0.017418 0.169905 0.020838
v -0.015137 0.166307 0.029937
v -0.018074 0.166861 0.020838
v -0.013719 0.162724 0.029937
v -0.013774 0.163170 0.025246
v -0.010182 0.161193 0.029937
v -0.010176 0.161612 0.025246
v -0.006599 0.162611 0.029937
v -0.006530 0.163055 0.025246
v -0.005068 0.166148 0.029937
v -0.002115 0.166608 0.020838
v -0.005421 0.168080 0.029937
v -0.002674 0.169671 0.020838
v -0.006486 0.169731 0.029937
v -0.004363 0.172287 0.020838
v -0.008102 0.170848 0.029937
v -0.006924 0.174058 0.020838
v -0.010103 0.166187 0.029932
v -0.010023 0.171262 -0.029937
v -0.009968 0.174714 -0.020838
v -0.011955 0.170909 -0.029937
v -0.013031 0.174155 -0.020838
v -0.013606 0.169844 -0.029937
v -0.015647 0.172466 -0.020838
v -0.014723 0.168228 -0.029937
v -0.017418 0.169905 -0.020838
v -0.015137 0.166307 -0.029937
v -0.018074 0.166861 -0.020838
v -0.013719 0.162724 -0.029937
v -0.013774 0.163170 -0.025246
v -0.010182 0.161193 -0.029937
v -0.010176 0.161612 -0.025246
v -0.006599 0.162611 -0.029937
v -0.006530 0.163055 -0.025246
v -0.005068 0.166148 -0.029937
v -0.002115 0.166608 -0.020838
v -0.005421 0.168080 -0.029937
v -0.002674 0.169671 -0.020838
v -0.006486 0.169731 -0.029937
v -0.004363 0.172287 -0.020838
v -0.008102 0.170848 -0.029937
v -0.006924 0.174058 -0.020838
v -0.010103 0.166187 -0.029932
v -0.024317 -0.005136 0.021732
v -0.027946 -0.006655 0.014696
v -0.023243 -0.006735 0.021732
v -0.025970 -0.009599 0.014696
v -0.021640 -0.007802 0.021732
v -0.023017 -0.011562 0.014696
v -0.019750 -0.008173 0.021732
v -0.019538 -0.012246 0.014696
v -0.017862 -0.007793 0.021732
v -0.016061 -0.011547 0.014696
v -0.015197 -0.005116 0.021732
v -0.014163 -0.005379 0.019716
v -0.015205 -0.001339 0.021732
v -0.014173 -0.000914 0.019716
v -0.017882 0.001327 0.021732
v -0.017337 0.002236 0.019716
v -0.021660 0.001318 0.021732
v -0.023054 0.005230 0.014696
v -0.023259 0.000245 0.021732
v -0.025998 0.003254 0.014696
v -0.024325 -0.001359 0.021732
v -0.027962 0.000301 0.014696
v -0.024697 -0.003248 0.021732
v -0.028646 -0.003178 0.014696
v -0.019724 -0.003222 0.021727
v -0.011488 -0.038149 0.021732
v -0.015118 -0.039668 0.014696
v -0.010415 -0.039748 0.021732
v -0.013142 -0.042612 0.014696
v -0.008811 -0.040814 0.021732
v -0.010189 -0.044575 0.014696
v -0.006922 -0.041186 0.021732
v -0.006709 -0.045259 0.014696
v -0.005034 -0.040806 0.021732
v -0.003233 -0.044560 0.014696
v -0.002369 -0.038129 0.021732
v -0.001335 -0.038392 0.019716
v -0.002377 -0.034351 0.021732
v -0.001345 -0.033927 0.019716
v -0.005054 -0.031686 0.021732
v -0.004509 -0.030776 0.019716
v -0.008832 -0.031695 0.021732
v -0.010226 -0.027783 0.014696
v -0.010430 -0.032768 0.021732
v -0.013170 -0.029759 0.014696
v -0.011497 -0.034372 0.021732
v -0.015134 -0.032712 0.014696
v -0.011868 -0.036261 0.021732
v -0.015818 -0.036191 0.014696
v -0.006896 -0.036235 0.021727
vt 0.976763 0.696541
vt 0.976706 0.801708
vt 0.961218 0.801699
vt 0.961275 0.696533
vt 0.808812 0.870459
vt 0.808812 0.836290
vt 0.819112 0.836290
vt 0.819112 0.870459
vt 0.961282 0.683724
vt 0.976770 0.683733
vt 0.976763 0.696541
vt 0.976706 0.801708
vt 0.819112 0.870459
vt 0.819112 0.836290
vt 0.976770 0.683733
vt 0.150021 0.466683
vt 0.145395 0.466683
vt 0.145395 0.390168
vt 0.150021 0.390168
vt 0.312729 0.605453
vt 0.298486 0.607410
vt 0.301279 0.594153
vt 0.314473 0.590755
vt 0.162202 0.567911
vt 0.127119 0.566386
vt 0.127387 0.516617
vt 0.162109 0.516746
vt 0.127480 0.499286
vt 0.162202 0.499473
vt 0.330369 0.605503
vt 0.328710 0.590796
vt 0.341884 0.594269
vt 0.344602 0.607542
vt 0.623904 0.597085
vt 0.623811 0.648250
vt 0.589089 0.648379
vt 0.588821 0.598610
vt 0.623904 0.665523
vt 0.589182 0.665710
vt 0.526411 0.206704
vt 0.528540 0.207442
vt 0.528736 0.212065
vt 0.526677 0.212980
vt 0.581844 0.145115
vt 0.581369 0.147317
vt 0.576804 0.148070
vt 0.575647 0.146136
vt 0.581844 0.267146
vt 0.580855 0.269170
vt 0.777634 0.720419
vt 0.756982 0.723288
vt 0.755021 0.709124
vt 0.769270 0.707151
vt 0.661811 0.131550
vt 0.661811 0.153893
vt 0.647440 0.153893
vt 0.647440 0.131550
vt 0.398852 0.261871
vt 0.398852 0.276242
vt 0.394081 0.268485
vt 0.394081 0.261871
vt 0.661811 0.122286
vt 0.647440 0.122286
vt 0.290457 0.051149
vt 0.276737 0.055426
vt 0.275389 0.051100
vt 0.288154 0.047120
vt 0.777082 0.756103
vt 0.775822 0.757946
vt 0.761997 0.759809
vt 0.761783 0.758110
vt 0.777071 0.758533
vt 0.921514 0.290104
vt 0.907427 0.290104
vt 0.907427 0.252921
vt 0.921514 0.252921
vt 0.777634 0.720419
vt 0.769270 0.707151
vt 0.661811 0.131550
vt 0.661811 0.153893
vt 0.394081 0.268485
vt 0.398852 0.276242
vt 0.661811 0.122286
vt 0.290457 0.051149
vt 0.288154 0.047120
vt 0.777082 0.756103
vt 0.775822 0.757946
vt 0.777071 0.758533
vt 0.907427 0.252921
vt 0.907427 0.290104
vt 0.317539 0.360060
vt 0.317539 0.379569
vt 0.306766 0.380322
vt 0.306766 0.362881
vt 0.653730 0.022216
vt 0.642957 0.019395
vt 0.642957 0.001953
vt 0.653730 0.002706
vt 0.597854 0.105282
vt 0.593809 0.108219
vt 0.589053 0.109762
vt 0.584054 0.109759
vt 0.579300 0.108212
vt 0.575257 0.105272
vt 0.572320 0.101226
vt 0.570778 0.096471
vt 0.570780 0.091472
vt 0.572327 0.086718
vt 0.575267 0.082674
vt 0.579313 0.079738
vt 0.584068 0.078195
vt 0.589067 0.078197
vt 0.593821 0.079744
vt 0.597865 0.082685
vt 0.600801 0.086730
vt 0.602344 0.091486
vt 0.602342 0.096485
vt 0.600795 0.101239
vt 0.597854 0.105282
vt 0.600795 0.101239
vt 0.602342 0.096485
vt 0.602344 0.091486
vt 0.600801 0.086730
vt 0.597865 0.082685
vt 0.593821 0.079744
vt 0.589067 0.078197
vt 0.584068 0.078195
vt 0.579313 0.079738
vt 0.575267 0.082674
vt 0.572327 0.086718
vt 0.570780 0.091472
vt 0.570778 0.096471
vt 0.572320 0.101226
vt 0.575257 0.105272
vt 0.579300 0.108212
vt 0.584054 0.109759
vt 0.589053 0.109762
vt 0.593809 0.108219
vt 0.316327 0.020479
vt 0.313560 0.022489
vt 0.310308 0.023546
vt 0.306888 0.023546
vt 0.303635 0.022489
vt 0.300868 0.020479
vt 0.298858 0.017712
vt 0.297801 0.014460
vt 0.297801 0.011040
vt 0.298858 0.007787
vt 0.300868 0.005020
vt 0.303635 0.003010
vt 0.306888 0.001953
vt 0.310308 0.001953
vt 0.313560 0.003010
vt 0.316327 0.005020
vt 0.318337 0.007787
vt 0.319394 0.011040
vt 0.319394 0.014460
vt 0.318337 0.017712
vt 0.714221 0.012502
vt 0.716306 0.013275
vt 0.715364 0.013623
vt 0.713455 0.012897
vt 0.715779 0.016598
vt 0.713574 0.016695
vt 0.712966 0.016063
vt 0.714957 0.015947
vt 0.702212 0.014693
vt 0.700122 0.013931
vt 0.701059 0.013574
vt 0.702974 0.014291
vt 0.700629 0.010584
vt 0.702835 0.010470
vt 0.703445 0.011099
vt 0.701457 0.011228
vt 0.774070 0.784336
vt 0.760261 0.780590
vt 0.765606 0.772531
vt 0.777766 0.776107
vt 0.764182 0.865043
vt 0.778018 0.861628
vt 0.779329 0.865362
vt 0.766516 0.868335
vt 0.780273 0.766755
vt 0.767108 0.763323
vt 0.964651 0.184519
vt 0.943288 0.184519
vt 0.943288 0.137659
vt 0.964651 0.137659
vt 0.756013 0.768095
vt 0.756087 0.763595
vt 0.749389 0.773332
vt 0.780273 0.868369
vt 0.767210 0.871495
vt 0.756158 0.874260
vt 0.755885 0.871089
vt 0.752725 0.869242
vt 0.907507 0.827814
vt 0.925031 0.827886
vt 0.925041 0.840075
vt 0.918659 0.847360
vt 0.907427 0.847315
vt 0.765606 0.772531
vt 0.760261 0.780590
vt 0.764182 0.865043
vt 0.766516 0.868335
vt 0.767108 0.763323
vt 0.964651 0.184519
vt 0.964651 0.137659
vt 0.756087 0.763595
vt 0.756013 0.768095
vt 0.749389 0.773332
vt 0.767210 0.871495
vt 0.755885 0.871089
vt 0.756158 0.874260
vt 0.752725 0.869242
vt 0.918659 0.847360
vt 0.925041 0.840075
vt 0.925031 0.827886
vt 0.460525 0.488066
vt 0.458495 0.488008
vt 0.455943 0.325570
vt 0.457953 0.325497
vt 0.462364 0.489220
vt 0.459747 0.325102
vt 0.456679 0.489154
vt 0.454157 0.325160
vt 0.456388 0.498304
vt 0.461515 0.494007
vt 0.461916 0.495305
vt 0.456555 0.499870
vt 0.466615 0.494197
vt 0.466657 0.495694
vt 0.478134 0.506271
vt 0.465596 0.505402
vt 0.478610 0.496342
vt 0.480761 0.512029
vt 0.474077 0.511270
vt 0.480541 0.516597
vt 0.473373 0.515863
vt 0.509941 0.487416
vt 0.506528 0.324680
vt 0.508537 0.324685
vt 0.511976 0.487300
vt 0.508137 0.488619
vt 0.504725 0.324346
vt 0.510306 0.324215
vt 0.513837 0.488397
vt 0.514155 0.497606
vt 0.513987 0.499183
vt 0.508623 0.494711
vt 0.509014 0.493402
vt 0.492557 0.506082
vt 0.491955 0.496162
vt 0.503890 0.495210
vt 0.505028 0.504907
vt 0.496683 0.510982
vt 0.490035 0.511908
vt 0.490348 0.516470
vt 0.497466 0.515556
vt 0.637241 0.308779
vt 0.637198 0.312372
vt 0.635304 0.319513
vt 0.630830 0.319704
vt 0.626288 0.319647
vt 0.624212 0.312601
vt 0.624136 0.309040
vt 0.624066 0.305310
vt 0.623950 0.297114
vt 0.624207 0.289149
vt 0.630363 0.288957
vt 0.636602 0.289001
vt 0.637096 0.296864
vt 0.637281 0.305054
vt 0.091604 0.439117
vt 0.091604 0.435739
vt 0.097464 0.435739
vt 0.097464 0.439117
vt 0.097464 0.405422
vt 0.097464 0.408801
vt 0.091604 0.408801
vt 0.091604 0.405422
vt 0.091604 0.396542
vt 0.097464 0.396542
vt 0.097464 0.447998
vt 0.091604 0.447998
vt 0.091604 0.439117
vt 0.091604 0.435739
vt 0.097464 0.435739
vt 0.097464 0.439117
vt 0.097464 0.405422
vt 0.097464 0.408801
vt 0.091604 0.408801
vt 0.091604 0.405422
vt 0.091604 0.396542
vt 0.097464 0.396542
vt 0.097464 0.447998
vt 0.091604 0.447998
vt 0.091604 0.439117
vt 0.091604 0.435739
vt 0.097464 0.435739
vt 0.097464 0.439117
vt 0.097464 0.405422
vt 0.097464 0.408801
vt 0.091604 0.408801
vt 0.091604 0.405422
vt 0.091604 0.396542
vt 0.097464 0.396542
vt 0.097464 0.447998
vt 0.091604 0.447998
vt 0.091604 0.439117
vt 0.091604 0.435739
vt 0.097464 0.435739
vt 0.097464 0.439117
vt 0.097464 0.405422
vt 0.097464 0.408801
vt 0.091604 0.408801
vt 0.091604 0.405422
vt 0.091604 0.396542
vt 0.097464 0.396542
vt 0.097464 0.447998
vt 0.091604 0.447998
vt 0.091604 0.439117
vt 0.091604 0.435739
vt 0.097464 0.435739
vt 0.097464 0.439117
vt 0.097464 0.405422
vt 0.097464 0.408801
vt 0.091604 0.408801
vt 0.091604 0.405422
vt 0.091604 0.396542
vt 0.097464 0.396542
vt 0.097464 0.447998
vt 0.091604 0.447998
vt 0.545431 0.166232
vt 0.543356 0.166906
vt 0.541174 0.166906
vt 0.539098 0.166232
vt 0.537333 0.164949
vt 0.536050 0.163184
vt 0.535376 0.161109
vt 0.535376 0.158927
vt 0.536050 0.156852
vt 0.537333 0.155086
vt 0.539098 0.153804
vt 0.541174 0.153129
vt 0.543356 0.153129
vt 0.545431 0.153804
vt 0.547196 0.155086
vt 0.548479 0.156852
vt 0.549153 0.158927
vt 0.549153 0.161109
vt 0.548479 0.163184
vt 0.547196 0.164949
vt 0.819112 0.930830
vt 0.808812 0.930830
vt 0.808812 0.926787
vt 0.819112 0.926794
vt 0.604988 0.063922
vt 0.604645 0.072641
vt 0.592169 0.068402
vt 0.594203 0.059798
vt 0.819112 0.941605
vt 0.808812 0.941605
vt 0.617308 0.068864
vt 0.614932 0.076386
vt 0.819112 0.962483
vt 0.808812 0.962483
vt 0.808812 0.951292
vt 0.819112 0.951292
vt 0.581794 0.060839
vt 0.579709 0.069312
vt 0.573765 0.067338
vt 0.575906 0.058791
vt 0.961349 0.548918
vt 0.961346 0.535635
vt 0.972064 0.535536
vt 0.972036 0.548834
vt 0.819112 0.915515
vt 0.808812 0.915510
vt 0.808811 0.906202
vt 0.819111 0.906207
vt 0.819112 0.976984
vt 0.808812 0.976984
vt 0.819112 0.981885
vt 0.808812 0.981885
vt 0.650812 0.090155
vt 0.652824 0.057792
vt 0.665574 0.061287
vt 0.661036 0.096179
vt 0.625527 0.072137
vt 0.633398 0.035845
vt 0.639724 0.048523
vt 0.635960 0.076402
vt 0.972035 0.559797
vt 0.961349 0.559873
vt 0.972031 0.566672
vt 0.961346 0.566715
vt 0.961341 0.575745
vt 0.972025 0.575753
vt 0.700141 0.112116
vt 0.700172 0.180870
vt 0.688448 0.180876
vt 0.688417 0.108788
vt 0.971955 0.523027
vt 0.961237 0.523166
vt 0.961218 0.516916
vt 0.971935 0.516773
vt 0.677579 0.105712
vt 0.668471 0.100511
vt 0.673639 0.061352
vt 0.688436 0.057872
vt 0.626791 0.027502
vt 0.641387 0.082370
vt 0.639102 0.086478
vt 0.629593 0.082349
vt 0.961328 0.597721
vt 0.976817 0.597743
vt 0.976811 0.608683
vt 0.961322 0.608677
vt 0.649289 0.092536
vt 0.658270 0.098734
vt 0.665072 0.103607
vt 0.672622 0.117899
vt 0.672193 0.114513
vt 0.670949 0.110957
vt 0.669012 0.107580
vt 0.666573 0.104713
vt 0.976805 0.618929
vt 0.976803 0.622693
vt 0.961314 0.622685
vt 0.961316 0.618920
vt 0.976801 0.626584
vt 0.961312 0.626576
vt 0.976799 0.630348
vt 0.961310 0.630340
vt 0.976797 0.633759
vt 0.961308 0.633751
vt 0.975049 0.585884
vt 0.961335 0.585885
vt 0.700209 0.051142
vt 0.649163 0.035498
vt 0.643151 0.051988
vt 0.646096 0.032973
vt 0.637594 0.026588
vt 0.629932 0.020502
vt 0.618159 0.020527
vt 0.621154 0.013246
vt 0.605924 0.013179
vt 0.608650 0.005587
vt 0.604057 0.003683
vt 0.601386 0.011348
vt 0.596368 0.009770
vt 0.598868 0.001953
vt 0.666787 0.045264
vt 0.658454 0.041459
vt 0.688135 0.045219
vt 0.674567 0.046632
vt 0.700087 0.038101
vt 0.808812 0.884323
vt 0.819112 0.884323
vt 0.734299 0.037967
vt 0.734362 0.051060
vt 0.734316 0.112111
vt 0.734343 0.180855
vt 0.621290 0.078935
vt 0.819112 0.987316
vt 0.808812 0.987316
vt 0.672661 0.201904
vt 0.571241 0.128671
vt 0.571236 0.120249
vt 0.661502 0.174219
vt 0.672656 0.193871
vt 0.700192 0.215923
vt 0.688468 0.215929
vt 0.734362 0.215905
vt 0.685636 0.180877
vt 0.672643 0.167894
vt 0.976300 0.591814
vt 0.961331 0.591804
vt 0.653706 0.038757
vt 0.647790 0.055493
vt 0.819112 0.921088
vt 0.808812 0.921085
vt 0.645926 0.086624
vt 0.644337 0.089330
vt 0.976806 0.617062
vt 0.961317 0.617048
vt 0.819111 0.898167
vt 0.808811 0.898167
vt 0.819112 0.930830
vt 0.819112 0.926794
vt 0.604988 0.063922
vt 0.594203 0.059798
vt 0.592169 0.068402
vt 0.604645 0.072641
vt 0.819112 0.941605
vt 0.617308 0.068864
vt 0.614932 0.076386
vt 0.819112 0.962483
vt 0.819112 0.951292
vt 0.581794 0.060839
vt 0.575906 0.058791
vt 0.573765 0.067338
vt 0.579709 0.069312
vt 0.972036 0.548834
vt 0.972064 0.535536
vt 0.819112 0.915515
vt 0.819111 0.906207
vt 0.819112 0.976984
vt 0.819112 0.981885
vt 0.650812 0.090155
vt 0.661036 0.096179
vt 0.665574 0.061287
vt 0.652824 0.057792
vt 0.625527 0.072137
vt 0.635960 0.076402
vt 0.639724 0.048523
vt 0.633398 0.035845
vt 0.972035 0.559797
vt 0.972031 0.566672
vt 0.972025 0.575753
vt 0.700141 0.112116
vt 0.688417 0.108788
vt 0.688448 0.180876
vt 0.700172 0.180870
vt 0.971955 0.523027
vt 0.971935 0.516773
vt 0.688436 0.057872
vt 0.673639 0.061352
vt 0.668471 0.100511
vt 0.677579 0.105712
vt 0.626791 0.027502
vt 0.629593 0.082349
vt 0.639102 0.086478
vt 0.641387 0.082370
vt 0.976811 0.608683
vt 0.976817 0.597743
vt 0.649289 0.092536
vt 0.658270 0.098734
vt 0.665072 0.103607
vt 0.666573 0.104713
vt 0.669012 0.107580
vt 0.670949 0.110957
vt 0.672193 0.114513
vt 0.672622 0.117899
vt 0.976805 0.618929
vt 0.976803 0.622693
vt 0.976801 0.626584
vt 0.976799 0.630348
vt 0.976797 0.633759
vt 0.975049 0.585884
vt 0.700209 0.051142
vt 0.649163 0.035498
vt 0.646096 0.032973
vt 0.643151 0.051988
vt 0.637594 0.026588
vt 0.629932 0.020502
vt 0.621154 0.013246
vt 0.618159 0.020527
vt 0.608650 0.005587
vt 0.605924 0.013179
vt 0.604057 0.003683
vt 0.598868 0.001953
vt 0.596368 0.009770
vt 0.601386 0.011348
vt 0.666787 0.045264
vt 0.658454 0.041459
vt 0.688135 0.045219
vt 0.674567 0.046632
vt 0.700087 0.038101
vt 0.819112 0.884323
vt 0.734362 0.051060
vt 0.734299 0.037967
vt 0.734316 0.112111
vt 0.734343 0.180855
vt 0.621290 0.078935
vt 0.819112 0.987316
vt 0.672661 0.201904
vt 0.672656 0.193871
vt 0.661502 0.174219
vt 0.571236 0.120249
vt 0.571241 0.128671
vt 0.688468 0.215929
vt 0.700192 0.215923
vt 0.734362 0.215905
vt 0.685636 0.180877
vt 0.672643 0.167894
vt 0.976300 0.591814
vt 0.647790 0.055493
vt 0.653706 0.038757
vt 0.819112 0.921088
vt 0.645926 0.086624
vt 0.644337 0.089330
vt 0.976806 0.617062
vt 0.819111 0.898167
vt 0.145612 0.576313
vt 0.139331 0.576278
vt 0.321549 0.605574
vt 0.321590 0.591300
vt 0.302158 0.788687
vt 0.301766 0.761597
vt 0.321100 0.762305
vt 0.321023 0.788813
vt 0.312582 0.726704
vt 0.313250 0.745601
vt 0.297801 0.727265
vt 0.321149 0.745519
vt 0.321203 0.726660
vt 0.126494 0.679821
vt 0.138900 0.654332
vt 0.145182 0.654367
vt 0.150179 0.679952
vt 0.126431 0.691220
vt 0.150077 0.698366
vt 0.321256 0.708341
vt 0.312775 0.708364
vt 0.298222 0.708490
vt 0.126143 0.743386
vt 0.149896 0.731161
vt 0.127036 0.581461
vt 0.106289 0.581347
vt 0.106372 0.566274
vt 0.105773 0.674845
vt 0.105415 0.739890
vt 0.105719 0.684651
vt 0.091604 0.515801
vt 0.320962 0.809887
vt 0.302106 0.809791
vt 0.238378 0.052125
vt 0.203668 0.051203
vt 0.203668 0.032476
vt 0.238378 0.032476
vt 0.091694 0.499093
vt 0.248420 0.268842
vt 0.212633 0.268842
vt 0.212633 0.250114
vt 0.248420 0.250114
vt 0.451005 0.911374
vt 0.432278 0.911374
vt 0.432278 0.872656
vt 0.451005 0.872656
vt 0.091903 0.460376
vt 0.127689 0.460569
vt 0.588738 0.583535
vt 0.612444 0.587180
vt 0.339889 0.788797
vt 0.340439 0.761709
vt 0.329824 0.726753
vt 0.344602 0.727399
vt 0.329048 0.745646
vt 0.588197 0.485174
vt 0.611882 0.485044
vt 0.588134 0.473776
vt 0.611781 0.466630
vt 0.329737 0.708413
vt 0.344288 0.708622
vt 0.587847 0.421610
vt 0.611600 0.433835
vt 0.568074 0.598722
vt 0.567991 0.583649
vt 0.567476 0.490151
vt 0.567423 0.480345
vt 0.567119 0.425105
vt 0.553306 0.649195
vt 0.339818 0.809902
vt 0.238378 0.012826
vt 0.203668 0.013748
vt 0.553396 0.665903
vt 0.248420 0.231387
vt 0.212633 0.231387
vt 0.469733 0.872656
vt 0.469733 0.911374
vt 0.589391 0.704427
vt 0.553605 0.704620
vt 0.150742 0.577817
vt 0.909452 0.903502
vt 0.902945 0.903502
vt 0.902945 0.889103
vt 0.909452 0.889103
vt 0.151901 0.019439
vt 0.151901 0.015893
vt 0.158408 0.015893
vt 0.158408 0.019439
vt 0.153110 0.195047
vt 0.149873 0.194078
vt 0.152506 0.191008
vt 0.154170 0.191506
vt 0.147704 0.202174
vt 0.152308 0.198500
vt 0.151901 0.010003
vt 0.158408 0.010003
vt 0.151901 0.001953
vt 0.158408 0.001953
vt 0.139982 0.199902
vt 0.142161 0.191770
vt 0.082639 0.029316
vt 0.089146 0.029316
vt 0.089146 0.037366
vt 0.082639 0.037366
vt 0.082639 0.041409
vt 0.089146 0.041409
vt 0.089146 0.043147
vt 0.082639 0.043147
vt 0.158408 0.023134
vt 0.151901 0.023134
vt 0.082639 0.001953
vt 0.089146 0.001953
vt 0.089146 0.013821
vt 0.082639 0.013821
vt 0.119141 0.193768
vt 0.118499 0.179383
vt 0.127317 0.187327
vt 0.125118 0.195527
vt 0.139147 0.231485
vt 0.124421 0.231844
vt 0.902945 0.850876
vt 0.909452 0.850876
vt 0.192244 0.172875
vt 0.185738 0.172875
vt 0.185738 0.166952
vt 0.192244 0.166952
vt 0.185738 0.152221
vt 0.192244 0.152221
vt 0.118499 0.231989
vt 0.450208 0.207817
vt 0.456715 0.207817
vt 0.456715 0.239410
vt 0.450208 0.239410
vt 0.915959 0.889103
vt 0.915959 0.903502
vt 0.145395 0.019439
vt 0.145395 0.015893
vt 0.330239 0.277532
vt 0.329179 0.273992
vt 0.330843 0.273494
vt 0.333476 0.276563
vt 0.335645 0.284660
vt 0.331041 0.280986
vt 0.145395 0.010003
vt 0.145395 0.001953
vt 0.343367 0.282387
vt 0.341188 0.274255
vt 0.095653 0.029316
vt 0.095653 0.037366
vt 0.095653 0.041409
vt 0.095653 0.043147
vt 0.145395 0.023134
vt 0.095653 0.001953
vt 0.095653 0.013821
vt 0.364208 0.276253
vt 0.358231 0.278012
vt 0.356032 0.269812
vt 0.364850 0.261869
vt 0.358928 0.314330
vt 0.344201 0.313970
vt 0.915959 0.850876
vt 0.198751 0.166952
vt 0.198751 0.172875
vt 0.198751 0.152221
vt 0.364850 0.314475
vt 0.463221 0.207817
vt 0.463221 0.239410
vt 0.761521 0.755976
vt 0.782173 0.753125
vt 0.522730 0.087952
vt 0.514240 0.107474
vt 0.512812 0.086339
vt 0.789650 0.518176
vt 0.775505 0.517479
vt 0.776235 0.497526
vt 0.790795 0.496855
vt 0.471289 0.282620
vt 0.495851 0.303779
vt 0.463655 0.297578
vt 0.779573 0.703727
vt 0.770796 0.694021
vt 0.771650 0.430649
vt 0.788659 0.478366
vt 0.774446 0.481887
vt 0.758304 0.435493
vt 0.796124 0.474802
vt 0.795653 0.483549
vt 0.789158 0.483608
vt 0.775923 0.493026
vt 0.790085 0.491627
vt 0.524250 0.074822
vt 0.552147 0.077983
vt 0.546073 0.082046
vt 0.522732 0.087954
vt 0.514506 0.072918
vt 0.531908 0.102603
vt 0.530462 0.110225
vt 0.778559 0.425384
vt 0.551314 0.013217
vt 0.565593 0.016177
vt 0.760177 0.660781
vt 0.761105 0.652790
vt 0.775403 0.654366
vt 0.774465 0.662440
vt 0.492513 0.239514
vt 0.514623 0.248883
vt 0.520137 0.256471
vt 0.489165 0.246869
vt 0.525809 0.020545
vt 0.508673 0.226934
vt 0.521427 0.160304
vt 0.524229 0.160821
vt 0.511723 0.226196
vt 0.785205 0.655245
vt 0.784238 0.663575
vt 0.798442 0.519847
vt 0.798908 0.499005
vt 0.763162 0.635075
vt 0.770940 0.567857
vt 0.785227 0.569441
vt 0.777452 0.636724
vt 0.795002 0.570619
vt 0.787224 0.637837
vt 0.510560 0.158282
vt 0.497941 0.224374
vt 0.523197 0.255629
vt 0.542329 0.274239
vt 0.541023 0.276255
vt 0.545372 0.282608
vt 0.547127 0.281446
vt 0.537379 0.282956
vt 0.534257 0.287564
vt 0.529965 0.291907
vt 0.524759 0.295877
vt 0.518854 0.299183
vt 0.512547 0.301661
vt 0.506158 0.303187
vt 0.500004 0.303748
vt 0.571946 0.318929
vt 0.570192 0.320088
vt 0.566748 0.314878
vt 0.568502 0.313719
vt 0.563084 0.309335
vt 0.564839 0.308176
vt 0.559309 0.303623
vt 0.561063 0.302463
vt 0.555541 0.297923
vt 0.557295 0.296763
vt 0.551900 0.292417
vt 0.553654 0.291257
vt 0.548489 0.287270
vt 0.550243 0.286107
vt 0.783005 0.756945
vt 0.780941 0.757301
vt 0.542906 0.084432
vt 0.539786 0.087545
vt 0.536942 0.091180
vt 0.534585 0.095096
vt 0.532869 0.099005
vt 0.548792 0.083207
vt 0.545637 0.085628
vt 0.542490 0.088671
vt 0.539652 0.092224
vt 0.537334 0.096066
vt 0.535666 0.099922
vt 0.534661 0.103507
vt 0.554916 0.078681
vt 0.796356 0.490711
vt 0.775129 0.486131
vt 0.503994 0.082151
vt 0.505035 0.074612
vt 0.528033 0.010972
vt 0.556544 0.001953
vt 0.568439 0.004684
vt 0.775122 0.416251
vt 0.768438 0.421967
vt 0.755021 0.426868
vt 0.416782 0.447640
vt 0.423755 0.460060
vt 0.418984 0.460060
vt 0.412011 0.447640
vt 0.423755 0.446855
vt 0.416782 0.443994
vt 0.394081 0.276242
vt 0.391935 0.276242
vt 0.391935 0.271026
vt 0.566915 0.277208
vt 0.566754 0.273623
vt 0.573237 0.273377
vt 0.573559 0.277118
vt 0.412011 0.443994
vt 0.008871 0.166427
vt 0.004099 0.174185
vt 0.004099 0.166427
vt 0.008871 0.180798
vt 0.004099 0.180798
vt 0.573369 0.291470
vt 0.566754 0.291412
vt 0.001953 0.171644
vt 0.001953 0.166427
vt 0.423755 0.415090
vt 0.417220 0.421655
vt 0.581745 0.290609
vt 0.576528 0.290514
vt 0.576777 0.276404
vt 0.581990 0.276355
vt 0.576544 0.272868
vt 0.581797 0.272680
vt 0.409865 0.447668
vt 0.409865 0.444023
vt 0.416838 0.460089
vt 0.571303 0.005385
vt 0.568464 0.016865
vt 0.772156 0.556324
vt 0.786469 0.557742
vt 0.773438 0.542686
vt 0.787752 0.543920
vt 0.774590 0.529035
vt 0.788881 0.530045
vt 0.796154 0.559056
vt 0.797212 0.545359
vt 0.798028 0.531590
vt 0.523694 0.147797
vt 0.526505 0.148307
vt 0.525955 0.135295
vt 0.528766 0.135800
vt 0.528204 0.122781
vt 0.531008 0.123291
vt 0.533238 0.110773
vt 0.512235 0.146751
vt 0.513521 0.133025
vt 0.514237 0.119224
vt 0.511474 0.231040
vt 0.508393 0.231773
vt 0.512378 0.236811
vt 0.509348 0.237563
vt 0.514509 0.242718
vt 0.511508 0.243554
vt 0.517554 0.247978
vt 0.775915 0.649955
vt 0.785711 0.650894
vt 0.776427 0.645545
vt 0.786216 0.646542
vt 0.776939 0.641135
vt 0.786720 0.642190
vt 0.494152 0.235697
vt 0.495635 0.231914
vt 0.496899 0.228155
vt 0.762648 0.639503
vt 0.762134 0.643932
vt 0.761619 0.648361
vt 0.564938 0.299902
vt 0.568714 0.305614
vt 0.539080 0.104742
vt 0.537780 0.111703
vt 0.541497 0.098154
vt 0.540020 0.101563
vt 0.528786 0.161661
vt 0.516315 0.226803
vt 0.531075 0.149137
vt 0.561170 0.294201
vt 0.516093 0.230748
vt 0.516852 0.235629
vt 0.533337 0.136627
vt 0.545768 0.271207
vt 0.551021 0.278805
vt 0.575822 0.006524
vt 0.572983 0.017967
vt 0.559163 0.080304
vt 0.552307 0.086487
vt 0.526705 0.252514
vt 0.557529 0.288692
vt 0.518728 0.240761
vt 0.549129 0.088884
vt 0.572378 0.311157
vt 0.575822 0.316367
vt 0.535574 0.124128
vt 0.546151 0.091626
vt 0.554119 0.283528
vt 0.521431 0.245470
vt 0.543565 0.094765
vt 0.880869 0.479833
vt 0.877882 0.476587
vt 0.875362 0.472977
vt 0.873437 0.469183
vt 0.872204 0.465396
vt 0.871723 0.461807
vt 0.871567 0.456035
vt 0.887881 0.451068
vt 0.888774 0.484072
vt 0.887635 0.484609
vt 0.884176 0.482553
vt 0.286038 0.014922
vt 0.294861 0.043520
vt 0.287947 0.043977
vt 0.279581 0.016863
vt 0.282432 0.003282
vt 0.276152 0.005793
vt 0.279824 0.001953
vt 0.275388 0.003327
vt 0.891197 0.342463
vt 0.887091 0.339231
vt 0.885972 0.297828
vt 0.885765 0.290175
vt 0.887429 0.290130
vt 0.894902 0.289928
vt 0.898383 0.354249
vt 0.897603 0.351662
vt 0.896402 0.349015
vt 0.894861 0.346488
vt 0.893086 0.344253
vt 0.898643 0.442817
vt 0.900318 0.439685
vt 0.911557 0.439381
vt 0.911641 0.442466
vt 0.899039 0.369530
vt 0.898818 0.361348
vt 0.909440 0.361061
vt 0.909661 0.369243
vt 0.900858 0.436831
vt 0.899702 0.394075
vt 0.910325 0.393788
vt 0.911481 0.436544
vt 0.899481 0.385893
vt 0.910104 0.385606
vt 0.896090 0.445751
vt 0.911718 0.445329
vt 0.898689 0.356599
vt 0.909312 0.356312
vt 0.899260 0.377712
vt 0.909882 0.377424
vt 0.893047 0.448040
vt 0.911778 0.447533
vt 0.909248 0.353955
vt 0.911856 0.450420
vt 0.912748 0.483423
vt 0.910996 0.298642
vt 0.988113 0.361803
vt 0.988113 0.319030
vt 0.997199 0.319030
vt 0.997199 0.361803
vt 0.988113 0.294477
vt 0.988113 0.286292
vt 0.997199 0.286292
vt 0.997199 0.294477
vt 0.988113 0.281540
vt 0.997199 0.281540
vt 0.988113 0.364641
vt 0.997199 0.364641
vt 0.988113 0.367726
vt 0.997199 0.367726
vt 0.988113 0.279183
vt 0.997199 0.279183
vt 0.988113 0.370590
vt 0.997199 0.370590
vt 0.912748 0.299671
vt 0.988113 0.310846
vt 0.997199 0.310846
vt 0.997199 0.224788
vt 0.988575 0.224788
vt 0.988113 0.372796
vt 0.997199 0.372796
vt 0.988113 0.302661
vt 0.997199 0.302661
vt 0.988113 0.375683
vt 0.997199 0.375683
vt 0.988113 0.408699
vt 0.997199 0.408699
vt 0.782173 0.753125
vt 0.522730 0.087952
vt 0.512812 0.086339
vt 0.514240 0.107474
vt 0.789650 0.518176
vt 0.790795 0.496855
vt 0.471289 0.282620
vt 0.463655 0.297578
vt 0.495851 0.303779
vt 0.779573 0.703727
vt 0.770796 0.694021
vt 0.771650 0.430649
vt 0.788659 0.478366
vt 0.789158 0.483608
vt 0.795653 0.483549
vt 0.796124 0.474802
vt 0.790085 0.491627
vt 0.524250 0.074822
vt 0.522732 0.087954
vt 0.546073 0.082046
vt 0.552147 0.077983
vt 0.514506 0.072918
vt 0.530462 0.110225
vt 0.531908 0.102603
vt 0.778559 0.425384
vt 0.551314 0.013217
vt 0.565593 0.016177
vt 0.774465 0.662440
vt 0.775403 0.654366
vt 0.492513 0.239514
vt 0.489165 0.246869
vt 0.520137 0.256471
vt 0.514623 0.248883
vt 0.525809 0.020545
vt 0.508673 0.226934
vt 0.511723 0.226196
vt 0.524229 0.160821
vt 0.521427 0.160304
vt 0.785205 0.655245
vt 0.784238 0.663575
vt 0.798442 0.519847
vt 0.798908 0.499005
vt 0.777452 0.636724
vt 0.785227 0.569441
vt 0.795002 0.570619
vt 0.787224 0.637837
vt 0.510560 0.158282
vt 0.497941 0.224374
vt 0.541023 0.276255
vt 0.542329 0.274239
vt 0.523197 0.255629
vt 0.545372 0.282608
vt 0.547127 0.281446
vt 0.500004 0.303748
vt 0.506158 0.303187
vt 0.512547 0.301661
vt 0.518854 0.299183
vt 0.524759 0.295877
vt 0.529965 0.291907
vt 0.534257 0.287564
vt 0.537379 0.282956
vt 0.571946 0.318929
vt 0.568502 0.313719
vt 0.566748 0.314878
vt 0.570192 0.320088
vt 0.564839 0.308176
vt 0.563084 0.309335
vt 0.561063 0.302463
vt 0.559309 0.303623
vt 0.557295 0.296763
vt 0.555541 0.297923
vt 0.553654 0.291257
vt 0.551900 0.292417
vt 0.550243 0.286107
vt 0.548489 0.287270
vt 0.780941 0.757301
vt 0.783005 0.756945
vt 0.542906 0.084432
vt 0.539786 0.087545
vt 0.536942 0.091180
vt 0.534585 0.095096
vt 0.532869 0.099005
vt 0.545637 0.085628
vt 0.548792 0.083207
vt 0.542490 0.088671
vt 0.539652 0.092224
vt 0.537334 0.096066
vt 0.535666 0.099922
vt 0.534661 0.103507
vt 0.554916 0.078681
vt 0.796356 0.490711
vt 0.505035 0.074612
vt 0.503994 0.082151
vt 0.528033 0.010972
vt 0.556544 0.001953
vt 0.568439 0.004684
vt 0.775122 0.416251
vt 0.768438 0.421967
vt 0.416782 0.447640
vt 0.412011 0.447640
vt 0.418984 0.460060
vt 0.423755 0.460060
vt 0.423755 0.446855
vt 0.416782 0.443994
vt 0.391935 0.271026
vt 0.391935 0.276242
vt 0.394081 0.276242
vt 0.573559 0.277118
vt 0.573237 0.273377
vt 0.412011 0.443994
vt 0.008871 0.166427
vt 0.004099 0.166427
vt 0.004099 0.174185
vt 0.573369 0.291470
vt 0.001953 0.166427
vt 0.001953 0.171644
vt 0.423755 0.415090
vt 0.417220 0.421655
vt 0.581745 0.290609
vt 0.581990 0.276355
vt 0.576777 0.276404
vt 0.576528 0.290514
vt 0.581797 0.272680
vt 0.576544 0.272868
vt 0.409865 0.444023
vt 0.409865 0.447668
vt 0.416838 0.460089
vt 0.568464 0.016865
vt 0.571303 0.005385
vt 0.786469 0.557742
vt 0.787752 0.543920
vt 0.788881 0.530045
vt 0.796154 0.559056
vt 0.797212 0.545359
vt 0.798028 0.531590
vt 0.526505 0.148307
vt 0.523694 0.147797
vt 0.528766 0.135800
vt 0.525955 0.135295
vt 0.531008 0.123291
vt 0.528204 0.122781
vt 0.533238 0.110773
vt 0.512235 0.146751
vt 0.513521 0.133025
vt 0.514237 0.119224
vt 0.508393 0.231773
vt 0.511474 0.231040
vt 0.509348 0.237563
vt 0.512378 0.236811
vt 0.511508 0.243554
vt 0.514509 0.242718
vt 0.517554 0.247978
vt 0.785711 0.650894
vt 0.775915 0.649955
vt 0.786216 0.646542
vt 0.776427 0.645545
vt 0.786720 0.642190
vt 0.776939 0.641135
vt 0.494152 0.235697
vt 0.495635 0.231914
vt 0.496899 0.228155
vt 0.568714 0.305614
vt 0.564938 0.299902
vt 0.537780 0.111703
vt 0.539080 0.104742
vt 0.540020 0.101563
vt 0.541497 0.098154
vt 0.516315 0.226803
vt 0.528786 0.161661
vt 0.531075 0.149137
vt 0.561170 0.294201
vt 0.516852 0.235629
vt 0.516093 0.230748
vt 0.533337 0.136627
vt 0.551021 0.278805
vt 0.545768 0.271207
vt 0.572983 0.017967
vt 0.575822 0.006524
vt 0.552307 0.086487
vt 0.559163 0.080304
vt 0.526705 0.252514
vt 0.557529 0.288692
vt 0.518728 0.240761
vt 0.549129 0.088884
vt 0.575822 0.316367
vt 0.572378 0.311157
vt 0.535574 0.124128
vt 0.546151 0.091626
vt 0.554119 0.283528
vt 0.521431 0.245470
vt 0.543565 0.094765
vt 0.880869 0.479833
vt 0.884176 0.482553
vt 0.887635 0.484609
vt 0.888774 0.484072
vt 0.887881 0.451068
vt 0.871567 0.456035
vt 0.871723 0.461807
vt 0.872204 0.465396
vt 0.873437 0.469183
vt 0.875362 0.472977
vt 0.877882 0.476587
vt 0.286038 0.014922
vt 0.279581 0.016863
vt 0.287947 0.043977
vt 0.294861 0.043520
vt 0.282432 0.003282
vt 0.276152 0.005793
vt 0.279824 0.001953
vt 0.275388 0.003327
vt 0.891197 0.342463
vt 0.893086 0.344253
vt 0.894861 0.346488
vt 0.896402 0.349015
vt 0.897603 0.351662
vt 0.898383 0.354249
vt 0.894902 0.289928
vt 0.887429 0.290130
vt 0.885765 0.290175
vt 0.885972 0.297828
vt 0.887091 0.339231
vt 0.898643 0.442817
vt 0.911641 0.442466
vt 0.911557 0.439381
vt 0.900318 0.439685
vt 0.899039 0.369530
vt 0.909661 0.369243
vt 0.909440 0.361061
vt 0.898818 0.361348
vt 0.900858 0.436831
vt 0.911481 0.436544
vt 0.910325 0.393788
vt 0.899702 0.394075
vt 0.910104 0.385606
vt 0.899481 0.385893
vt 0.896090 0.445751
vt 0.911718 0.445329
vt 0.909312 0.356312
vt 0.898689 0.356599
vt 0.909882 0.377424
vt 0.899260 0.377712
vt 0.893047 0.448040
vt 0.911778 0.447533
vt 0.909248 0.353955
vt 0.911856 0.450420
vt 0.912748 0.483423
vt 0.910996 0.298642
vt 0.988113 0.361803
vt 0.988113 0.319030
vt 0.988113 0.294477
vt 0.988113 0.286292
vt 0.988113 0.281540
vt 0.988113 0.364641
vt 0.988113 0.367726
vt 0.988113 0.279183
vt 0.988113 0.370590
vt 0.912748 0.299671
vt 0.988113 0.310846
vt 0.988575 0.224788
vt 0.988113 0.372796
vt 0.988113 0.302661
vt 0.988113 0.375683
vt 0.988113 0.408699
vt 0.794682 0.832803
vt 0.794682 0.850432
vt 0.790881 0.844999
vt 0.790881 0.830245
vt 0.801132 0.837143
vt 0.801132 0.850432
vt 0.935319 0.249406
vt 0.921373 0.249406
vt 0.921373 0.101791
vt 0.935319 0.101791
vt 0.935319 0.080406
vt 0.921373 0.080406
vt 0.921373 0.006280
vt 0.935319 0.006280
vt 0.921373 0.095161
vt 0.935319 0.095161
vt 0.921373 0.001953
vt 0.935319 0.001953
vt 0.801132 0.998047
vt 0.794682 0.998047
vt 0.794682 0.754051
vt 0.790881 0.756119
vt 0.166874 0.123053
vt 0.163325 0.123053
vt 0.165666 0.112166
vt 0.166874 0.112166
vt 0.166874 0.084181
vt 0.166874 0.094724
vt 0.165666 0.094724
vt 0.163325 0.084181
vt 0.938124 0.918355
vt 0.934323 0.920913
vt 0.934323 0.906159
vt 0.938124 0.900726
vt 0.944573 0.914015
vt 0.944573 0.900726
vt 0.907427 0.249406
vt 0.907427 0.101791
vt 0.907427 0.080406
vt 0.907427 0.006280
vt 0.907427 0.095161
vt 0.907427 0.001953
vt 0.938124 0.753111
vt 0.944573 0.753111
vt 0.938124 0.997107
vt 0.934323 0.995039
vt 0.168082 0.112166
vt 0.170424 0.123053
vt 0.170424 0.084181
vt 0.168082 0.094724
vt 0.696355 0.371786
vt 0.693237 0.378392
vt 0.686084 0.374508
vt 0.689927 0.368295
vt 0.679415 0.369841
vt 0.683934 0.364101
vt 0.673314 0.364453
vt 0.678451 0.359259
vt 0.667859 0.358411
vt 0.673550 0.353829
vt 0.663121 0.351793
vt 0.669291 0.347882
vt 0.659159 0.344682
vt 0.665731 0.341492
vt 0.656023 0.337171
vt 0.662913 0.334742
vt 0.653755 0.329353
vt 0.660874 0.327717
vt 0.652382 0.321330
vt 0.659641 0.320507
vt 0.651922 0.313203
vt 0.659228 0.313203
vt 0.652382 0.305077
vt 0.659641 0.305900
vt 0.653755 0.297053
vt 0.660874 0.298690
vt 0.656023 0.289236
vt 0.662913 0.291665
vt 0.659159 0.281725
vt 0.665731 0.284915
vt 0.663121 0.274614
vt 0.669291 0.278525
vt 0.667859 0.267996
vt 0.673550 0.272577
vt 0.673314 0.261954
vt 0.678451 0.267148
vt 0.679415 0.256566
vt 0.683934 0.262305
vt 0.686084 0.251899
vt 0.689927 0.258112
vt 0.693237 0.248015
vt 0.696355 0.254621
vt 0.311752 0.863390
vt 0.304461 0.863178
vt 0.304956 0.860377
vt 0.311423 0.860564
vt 0.284354 0.832597
vt 0.287041 0.825803
vt 0.289506 0.827226
vt 0.287127 0.833236
vt 0.297546 0.815900
vt 0.304470 0.813609
vt 0.304962 0.816410
vt 0.298820 0.818443
vt 0.329860 0.824570
vt 0.332941 0.831181
vt 0.330216 0.831996
vt 0.327483 0.826132
vt 0.329855 0.852225
vt 0.325006 0.857674
vt 0.323178 0.855494
vt 0.327479 0.850661
vt 0.287038 0.850977
vt 0.284354 0.844183
vt 0.287124 0.843546
vt 0.289503 0.849557
vt 0.297537 0.860884
vt 0.291562 0.856700
vt 0.293515 0.854632
vt 0.298815 0.858342
vt 0.311761 0.813399
vt 0.318806 0.815289
vt 0.317677 0.817900
vt 0.311429 0.816224
vt 0.333997 0.838399
vt 0.332939 0.845615
vt 0.330214 0.844798
vt 0.331152 0.838397
vt 0.318797 0.861502
vt 0.317672 0.858890
vt 0.291569 0.820081
vt 0.293519 0.822152
vt 0.325013 0.819120
vt 0.323183 0.821298
vt 0.600011 0.107431
vt 0.595195 0.110929
vt 0.583583 0.112767
vt 0.577922 0.110927
vt 0.567772 0.091000
vt 0.569612 0.085340
vt 0.583587 0.075189
vt 0.589539 0.075189
vt 0.605350 0.091005
vt 0.605349 0.096956
vt 0.573108 0.107428
vt 0.569610 0.102613
vt 0.573111 0.080525
vt 0.577926 0.077027
vt 0.329149 0.838396
vt 0.328297 0.832570
vt 0.329598 0.832181
vt 0.330507 0.838397
vt 0.603512 0.085344
vt 0.567772 0.096952
vt 0.589535 0.112768
vt 0.603510 0.102617
vt 0.595199 0.077029
vt 0.600014 0.080528
vt 0.606368 0.090841
vt 0.606368 0.097116
vt 0.595666 0.076110
vt 0.600741 0.079798
vt 0.317416 0.858298
vt 0.322763 0.855000
vt 0.317422 0.818493
vt 0.311354 0.816865
vt 0.568692 0.103082
vt 0.566754 0.097115
vt 0.287748 0.843385
vt 0.290061 0.849234
vt 0.572380 0.108158
vt 0.604429 0.103083
vt 0.600741 0.108159
vt 0.589698 0.074171
vt 0.329596 0.844613
vt 0.326940 0.850307
vt 0.299110 0.819020
vt 0.293962 0.822621
vt 0.568693 0.084874
vt 0.572381 0.079798
vt 0.577457 0.076110
vt 0.589698 0.113785
vt 0.583423 0.113785
vt 0.293958 0.854162
vt 0.305068 0.859741
vt 0.311348 0.859924
vt 0.583424 0.074171
vt 0.326944 0.826486
vt 0.322768 0.821792
vt 0.311196 0.818214
vt 0.305309 0.818383
vt 0.305074 0.817046
vt 0.299714 0.856552
vt 0.305304 0.858404
vt 0.299104 0.857765
vt 0.325806 0.849560
vt 0.328295 0.844223
vt 0.321895 0.822832
vt 0.316883 0.819739
vt 0.294894 0.823609
vt 0.291241 0.828227
vt 0.290065 0.827548
vt 0.291237 0.848557
vt 0.294890 0.853175
vt 0.316879 0.857051
vt 0.321891 0.853959
vt 0.325809 0.827232
vt 0.299719 0.820233
vt 0.311190 0.858575
vt 0.289078 0.833694
vt 0.287751 0.833397
vt 0.289074 0.843089
vt 0.577456 0.111846
vt 0.566754 0.090841
vt 0.595665 0.111847
vt 0.604429 0.084874
vt 0.696355 0.371786
vt 0.689927 0.368295
vt 0.686084 0.374508
vt 0.693237 0.378392
vt 0.683934 0.364101
vt 0.679415 0.369841
vt 0.678451 0.359259
vt 0.673314 0.364453
vt 0.673550 0.353829
vt 0.667859 0.358411
vt 0.669291 0.347882
vt 0.663121 0.351793
vt 0.665731 0.341492
vt 0.659159 0.344682
vt 0.662913 0.334742
vt 0.656023 0.337171
vt 0.660874 0.327717
vt 0.653755 0.329353
vt 0.659641 0.320507
vt 0.652382 0.321330
vt 0.659228 0.313203
vt 0.651922 0.313203
vt 0.659641 0.305900
vt 0.652382 0.305077
vt 0.660874 0.298690
vt 0.653755 0.297053
vt 0.662913 0.291665
vt 0.656023 0.289236
vt 0.665731 0.284915
vt 0.659159 0.281725
vt 0.669291 0.278525
vt 0.663121 0.274614
vt 0.673550 0.272577
vt 0.667859 0.267996
vt 0.678451 0.267148
vt 0.673314 0.261954
vt 0.683934 0.262305
vt 0.679415 0.256566
vt 0.689927 0.258112
vt 0.686084 0.251899
vt 0.696355 0.254621
vt 0.693237 0.248015
vt 0.311752 0.863390
vt 0.311423 0.860564
vt 0.304956 0.860377
vt 0.304461 0.863178
vt 0.284354 0.832597
vt 0.287127 0.833236
vt 0.289506 0.827226
vt 0.287041 0.825803
vt 0.297546 0.815900
vt 0.298820 0.818443
vt 0.304962 0.816410
vt 0.304470 0.813609
vt 0.329860 0.824570
vt 0.327483 0.826132
vt 0.330216 0.831996
vt 0.332941 0.831181
vt 0.329855 0.852225
vt 0.327479 0.850661
vt 0.323178 0.855494
vt 0.325006 0.857674
vt 0.287038 0.850977
vt 0.289503 0.849557
vt 0.287124 0.843546
vt 0.284354 0.844183
vt 0.297537 0.860884
vt 0.298815 0.858342
vt 0.293515 0.854632
vt 0.291562 0.856700
vt 0.311761 0.813399
vt 0.311429 0.816224
vt 0.317677 0.817900
vt 0.318806 0.815289
vt 0.333997 0.838399
vt 0.331152 0.838397
vt 0.330214 0.844798
vt 0.332939 0.845615
vt 0.318797 0.861502
vt 0.317672 0.858890
vt 0.291569 0.820081
vt 0.293519 0.822152
vt 0.325013 0.819120
vt 0.323183 0.821298
vt 0.600011 0.107431
vt 0.595195 0.110929
vt 0.583583 0.112767
vt 0.577922 0.110927
vt 0.567772 0.091000
vt 0.569612 0.085340
vt 0.583587 0.075189
vt 0.589539 0.075189
vt 0.605350 0.091005
vt 0.605349 0.096956
vt 0.573108 0.107428
vt 0.569610 0.102613
vt 0.573111 0.080525
vt 0.577926 0.077027
vt 0.329149 0.838396
vt 0.330507 0.838397
vt 0.329598 0.832181
vt 0.328297 0.832570
vt 0.603512 0.085344
vt 0.567772 0.096952
vt 0.589535 0.112768
vt 0.603510 0.102617
vt 0.595199 0.077029
vt 0.600014 0.080528
vt 0.606368 0.097116
vt 0.606368 0.090841
vt 0.600741 0.079798
vt 0.595666 0.076110
vt 0.322763 0.855000
vt 0.317416 0.858298
vt 0.311354 0.816865
vt 0.317422 0.818493
vt 0.566754 0.097115
vt 0.568692 0.103082
vt 0.290061 0.849234
vt 0.287748 0.843385
vt 0.572380 0.108158
vt 0.600741 0.108159
vt 0.604429 0.103083
vt 0.589698 0.074171
vt 0.329596 0.844613
vt 0.326940 0.850307
vt 0.293962 0.822621
vt 0.299110 0.819020
vt 0.572381 0.079798
vt 0.568693 0.084874
vt 0.577457 0.076110
vt 0.583423 0.113785
vt 0.589698 0.113785
vt 0.293958 0.854162
vt 0.311348 0.859924
vt 0.305068 0.859741
vt 0.583424 0.074171
vt 0.322768 0.821792
vt 0.326944 0.826486
vt 0.311196 0.818214
vt 0.305074 0.817046
vt 0.305309 0.818383
vt 0.299714 0.856552
vt 0.299104 0.857765
vt 0.305304 0.858404
vt 0.325806 0.849560
vt 0.328295 0.844223
vt 0.321895 0.822832
vt 0.316883 0.819739
vt 0.294894 0.823609
vt 0.290065 0.827548
vt 0.291241 0.828227
vt 0.291237 0.848557
vt 0.294890 0.853175
vt 0.316879 0.857051
vt 0.321891 0.853959
vt 0.325809 0.827232
vt 0.299719 0.820233
vt 0.311190 0.858575
vt 0.287751 0.833397
vt 0.289078 0.833694
vt 0.289074 0.843089
vt 0.577456 0.111846
vt 0.566754 0.090841
vt 0.595665 0.111847
vt 0.604429 0.084874
vt 0.400132 0.139248
vt 0.396871 0.139239
vt 0.396837 0.135847
vt 0.400105 0.135833
vt 0.400066 0.132426
vt 0.396799 0.132448
vt 0.396764 0.129046
vt 0.400031 0.129023
vt 0.396738 0.125642
vt 0.400004 0.125624
vt 0.396723 0.122238
vt 0.399988 0.122227
vt 0.396719 0.118836
vt 0.399983 0.118832
vt 0.396723 0.115436
vt 0.399986 0.115437
vt 0.396729 0.112038
vt 0.399992 0.112041
vt 0.396735 0.108640
vt 0.399997 0.108644
vt 0.396736 0.105241
vt 0.399999 0.105245
vt 0.396734 0.101841
vt 0.399997 0.101844
vt 0.396731 0.098439
vt 0.399996 0.098444
vt 0.396734 0.095035
vt 0.399999 0.095044
vt 0.396745 0.091630
vt 0.400011 0.091644
vt 0.396768 0.088226
vt 0.400033 0.088245
vt 0.396800 0.084823
vt 0.400065 0.084844
vt 0.396837 0.081423
vt 0.400102 0.081437
vt 0.394870 0.142602
vt 0.394824 0.139237
vt 0.396451 0.139224
vt 0.396458 0.142576
vt 0.396871 0.078029
vt 0.400132 0.078020
vt 0.394388 0.081409
vt 0.383086 0.081309
vt 0.383118 0.077886
vt 0.394401 0.078013
vt 0.396863 0.074619
vt 0.400121 0.074595
vt 0.706308 0.025181
vt 0.702856 0.024020
vt 0.704079 0.021647
vt 0.706736 0.022545
vt 0.699927 0.021845
vt 0.701825 0.019969
vt 0.697814 0.018859
vt 0.700199 0.017667
vt 0.696748 0.015356
vt 0.699395 0.014950
vt 0.696748 0.011709
vt 0.699380 0.012105
vt 0.697868 0.008208
vt 0.700263 0.009386
vt 0.700002 0.005189
vt 0.701902 0.007047
vt 0.703012 0.003030
vt 0.704212 0.005414
vt 0.706527 0.001953
vt 0.706910 0.004598
vt 0.710181 0.002021
vt 0.709722 0.004653
vt 0.713630 0.003202
vt 0.712382 0.005562
vt 0.716553 0.005390
vt 0.714635 0.007245
vt 0.718653 0.008388
vt 0.716255 0.009552
vt 0.719693 0.011895
vt 0.717041 0.012268
vt 0.719664 0.015527
vt 0.717036 0.015100
vt 0.718528 0.018993
vt 0.716141 0.017796
vt 0.716405 0.021977
vt 0.714507 0.020115
vt 0.713432 0.024124
vt 0.712217 0.021746
vt 0.709950 0.025219
vt 0.709540 0.022579
vt 0.701329 0.017125
vt 0.702796 0.007915
vt 0.703949 0.009080
vt 0.707086 0.005848
vt 0.704774 0.006545
vt 0.715119 0.010082
vt 0.709354 0.021331
vt 0.711650 0.020618
vt 0.702729 0.019091
vt 0.704663 0.020529
vt 0.713724 0.008114
vt 0.711787 0.006675
vt 0.713613 0.019246
vt 0.706946 0.021301
vt 0.699931 0.012192
vt 0.709501 0.005896
vt 0.716485 0.015007
vt 0.707310 0.007454
vt 0.709218 0.007494
vt 0.709068 0.008370
vt 0.707431 0.008335
vt 0.712459 0.018081
vt 0.711870 0.017417
vt 0.705491 0.008004
vt 0.705414 0.019095
vt 0.707215 0.019705
vt 0.703889 0.017961
vt 0.704516 0.017326
vt 0.705820 0.018305
vt 0.702774 0.016436
vt 0.710924 0.019163
vt 0.711028 0.008106
vt 0.709116 0.019728
vt 0.712559 0.009237
vt 0.700896 0.012310
vt 0.713669 0.010760
vt 0.429973 0.054941
vt 0.429973 0.056706
vt 0.429428 0.058384
vt 0.428390 0.059812
vt 0.426963 0.060849
vt 0.425284 0.061395
vt 0.423519 0.061395
vt 0.421841 0.060849
vt 0.420413 0.059812
vt 0.419375 0.058384
vt 0.418830 0.056706
vt 0.418830 0.054941
vt 0.419375 0.053262
vt 0.420413 0.051834
vt 0.421841 0.050797
vt 0.423519 0.050252
vt 0.425284 0.050252
vt 0.426963 0.050797
vt 0.428390 0.051834
vt 0.429428 0.053262
vt 0.421729 0.048762
vt 0.423186 0.048146
vt 0.424761 0.048282
vt 0.427074 0.062885
vt 0.425618 0.063500
vt 0.424042 0.063365
vt 0.703571 0.015986
vt 0.710535 0.018363
vt 0.710623 0.008896
vt 0.708983 0.018850
vt 0.711932 0.009871
vt 0.715522 0.014877
vt 0.707359 0.018830
vt 0.712870 0.011206
vt 0.704536 0.009746
vt 0.705873 0.008807
vt 0.383163 0.074464
vt 0.394435 0.074606
vt 0.394403 0.139260
vt 0.383116 0.139392
vt 0.383087 0.135970
vt 0.394387 0.135861
vt 0.394375 0.084809
vt 0.383065 0.084728
vt 0.394361 0.088212
vt 0.383049 0.088145
vt 0.394345 0.091618
vt 0.383033 0.091559
vt 0.394327 0.095024
vt 0.383018 0.094972
vt 0.394308 0.098430
vt 0.383002 0.098385
vt 0.394289 0.101833
vt 0.382988 0.101799
vt 0.394274 0.105236
vt 0.382976 0.105215
vt 0.394267 0.108637
vt 0.382970 0.108633
vt 0.394268 0.112037
vt 0.382970 0.112052
vt 0.394279 0.115439
vt 0.382978 0.115471
vt 0.394297 0.118842
vt 0.382991 0.118889
vt 0.394317 0.122247
vt 0.383008 0.122305
vt 0.394338 0.125653
vt 0.383027 0.125720
vt 0.394356 0.129058
vt 0.383046 0.129135
vt 0.394373 0.132461
vt 0.383065 0.132552
vt 0.400120 0.142669
vt 0.396875 0.142638
vt 0.394773 0.132437
vt 0.394799 0.135837
vt 0.394690 0.115461
vt 0.394697 0.118863
vt 0.394775 0.084833
vt 0.394752 0.088228
vt 0.396398 0.132428
vt 0.396373 0.129034
vt 0.396322 0.101818
vt 0.396331 0.098416
vt 0.394450 0.142670
vt 0.394748 0.129042
vt 0.394708 0.098409
vt 0.394700 0.101813
vt 0.396312 0.115458
vt 0.396309 0.112051
vt 0.396400 0.084842
vt 0.396425 0.081443
vt 0.394689 0.112051
vt 0.394800 0.081434
vt 0.396350 0.125644
vt 0.396343 0.095020
vt 0.394726 0.125651
vt 0.394719 0.095012
vt 0.396311 0.108639
vt 0.396449 0.078045
vt 0.394690 0.108638
vt 0.396332 0.122253
vt 0.383159 0.142816
vt 0.396424 0.135827
vt 0.394821 0.078034
vt 0.396377 0.088237
vt 0.394733 0.091620
vt 0.396358 0.091628
vt 0.394694 0.105223
vt 0.396315 0.105226
vt 0.396319 0.118859
vt 0.394709 0.122259
vt 0.394852 0.074676
vt 0.396442 0.074680
vt 0.907436 0.500227
vt 0.907427 0.487206
vt 0.928791 0.487193
vt 0.928799 0.500214
vt 0.759922 0.782536
vt 0.747660 0.783723
vt 0.627474 0.410860
vt 0.632430 0.397145
vt 0.634413 0.398562
vt 0.629853 0.410112
vt 0.641533 0.492979
vt 0.675849 0.501548
vt 0.670794 0.513556
vt 0.631383 0.497006
vt 0.758014 0.805496
vt 0.771618 0.804987
vt 0.774774 0.835770
vt 0.761453 0.837225
vt 0.888448 0.010878
vt 0.867085 0.010878
vt 0.867085 0.001953
vt 0.880656 0.001953
vt 0.888448 0.009745
vt 0.630339 0.496565
vt 0.631993 0.492639
vt 0.617385 0.372078
vt 0.610929 0.389703
vt 0.607069 0.384880
vt 0.613852 0.366299
vt 0.888448 0.053615
vt 0.867085 0.053615
vt 0.622403 0.365695
vt 0.964651 0.223589
vt 0.956859 0.232757
vt 0.943288 0.232757
vt 0.943288 0.204200
vt 0.964651 0.204200
vt 0.584684 0.329601
vt 0.594110 0.330377
vt 0.943288 0.077807
vt 0.960585 0.077807
vt 0.907535 0.660373
vt 0.928898 0.660360
vt 0.928926 0.705590
vt 0.907563 0.705603
vt 0.751124 0.843124
vt 0.746542 0.803079
vt 0.956859 0.239162
vt 0.943288 0.239162
vt 0.645992 0.482370
vt 0.674356 0.474674
vt 0.682309 0.485676
vt 0.661567 0.457181
vt 0.643970 0.462037
vt 0.619954 0.429542
vt 0.928883 0.636497
vt 0.907520 0.636510
vt 0.907519 0.634870
vt 0.926881 0.634858
vt 0.907446 0.517337
vt 0.928810 0.517323
vt 0.926810 0.519514
vt 0.907447 0.519526
vt 0.637271 0.384552
vt 0.639275 0.386291
vt 0.663818 0.455955
vt 0.907463 0.544057
vt 0.926825 0.544045
vt 0.683524 0.482961
vt 0.676642 0.473447
vt 0.681205 0.462525
vt 0.683716 0.461933
vt 0.689175 0.469163
vt 0.604140 0.407982
vt 0.692852 0.460104
vt 0.907457 0.534368
vt 0.926819 0.534356
vt 0.600338 0.403044
vt 0.964651 0.229993
vt 0.600954 0.410550
vt 0.598147 0.409069
vt 0.613228 0.276030
vt 0.604597 0.272993
vt 0.628606 0.244216
vt 0.636732 0.247901
vt 0.924896 0.763042
vt 0.907598 0.763053
vt 0.669075 0.210112
vt 0.661441 0.218039
vt 0.654692 0.212514
vt 0.662261 0.204157
vt 0.655066 0.225275
vt 0.647306 0.221189
vt 0.943288 0.040352
vt 0.960585 0.040346
vt 0.924919 0.799674
vt 0.907621 0.799715
vt 0.943288 0.001953
vt 0.954250 0.001953
vt 0.960585 0.010845
vt 0.666923 0.236582
vt 0.674112 0.230666
vt 0.683942 0.244458
vt 0.675297 0.249557
vt 0.682348 0.223483
vt 0.692852 0.237470
vt 0.907564 0.813765
vt 0.924975 0.813780
vt 0.650362 0.252119
vt 0.664413 0.255827
vt 0.673452 0.469062
vt 0.670251 0.464687
vt 0.667038 0.460319
vt 0.746056 0.798678
vt 0.757852 0.800162
vt 0.746138 0.793621
vt 0.758121 0.794135
vt 0.746682 0.788446
vt 0.758823 0.788039
vt 0.771561 0.800509
vt 0.771799 0.795475
vt 0.772461 0.790420
vt 0.773517 0.785896
vt 0.664777 0.461544
vt 0.667980 0.465914
vt 0.671172 0.470290
vt 0.646195 0.466371
vt 0.647360 0.471755
vt 0.647288 0.477373
vt 0.928799 0.500214
vt 0.928791 0.487193
vt 0.747660 0.783723
vt 0.759922 0.782536
vt 0.627474 0.410860
vt 0.629853 0.410112
vt 0.634413 0.398562
vt 0.632430 0.397145
vt 0.641533 0.492979
vt 0.631383 0.497006
vt 0.670794 0.513556
vt 0.675849 0.501548
vt 0.758014 0.805496
vt 0.761453 0.837225
vt 0.888448 0.010878
vt 0.888448 0.009745
vt 0.880656 0.001953
vt 0.631993 0.492639
vt 0.630339 0.496565
vt 0.617385 0.372078
vt 0.613852 0.366299
vt 0.607069 0.384880
vt 0.610929 0.389703
vt 0.888448 0.053615
vt 0.622403 0.365695
vt 0.964651 0.223589
vt 0.964651 0.204200
vt 0.956859 0.232757
vt 0.584684 0.329601
vt 0.594110 0.330377
vt 0.960585 0.077807
vt 0.928926 0.705590
vt 0.928898 0.660360
vt 0.746542 0.803079
vt 0.751124 0.843124
vt 0.956859 0.239162
vt 0.645992 0.482370
vt 0.682309 0.485676
vt 0.674356 0.474674
vt 0.619954 0.429542
vt 0.643970 0.462037
vt 0.661567 0.457181
vt 0.928883 0.636497
vt 0.926881 0.634858
vt 0.926810 0.519514
vt 0.928810 0.517323
vt 0.639275 0.386291
vt 0.637271 0.384552
vt 0.663818 0.455955
vt 0.926825 0.544045
vt 0.683524 0.482961
vt 0.689175 0.469163
vt 0.683716 0.461933
vt 0.681205 0.462525
vt 0.676642 0.473447
vt 0.604140 0.407982
vt 0.692852 0.460104
vt 0.926819 0.534356
vt 0.600338 0.403044
vt 0.964651 0.229993
vt 0.598147 0.409069
vt 0.600954 0.410550
vt 0.613228 0.276030
vt 0.636732 0.247901
vt 0.628606 0.244216
vt 0.604597 0.272993
vt 0.924896 0.763042
vt 0.654692 0.212514
vt 0.661441 0.218039
vt 0.647306 0.221189
vt 0.655066 0.225275
vt 0.960585 0.040346
vt 0.924919 0.799674
vt 0.960585 0.010845
vt 0.954250 0.001953
vt 0.666923 0.236582
vt 0.675297 0.249557
vt 0.683942 0.244458
vt 0.674112 0.230666
vt 0.924975 0.813780
vt 0.650362 0.252119
vt 0.664413 0.255827
vt 0.673452 0.469062
vt 0.670251 0.464687
vt 0.667038 0.460319
vt 0.757852 0.800162
vt 0.746056 0.798678
vt 0.758121 0.794135
vt 0.746138 0.793621
vt 0.758823 0.788039
vt 0.746682 0.788446
vt 0.664777 0.461544
vt 0.667980 0.465914
vt 0.671172 0.470290
vt 0.646195 0.466371
vt 0.647360 0.471755
vt 0.647288 0.477373
vt 0.557884 0.486495
vt 0.546895 0.487064
vt 0.543060 0.323243
vt 0.554031 0.322973
vt 0.485240 0.489569
vt 0.478821 0.489668
vt 0.475959 0.324817
vt 0.482245 0.324717
vt 0.446938 0.498236
vt 0.437219 0.498231
vt 0.437724 0.489087
vt 0.447258 0.489124
vt 0.467087 0.489383
vt 0.464410 0.325001
vt 0.444809 0.325147
vt 0.478569 0.494729
vt 0.547960 0.496190
vt 0.558934 0.495154
vt 0.560420 0.496800
vt 0.548255 0.497999
vt 0.485271 0.494394
vt 0.445884 0.506749
vt 0.435587 0.506677
vt 0.435845 0.499798
vt 0.446206 0.499777
vt 0.485282 0.496044
vt 0.561374 0.503689
vt 0.549299 0.505016
vt 0.236462 0.917154
vt 0.236462 0.921766
vt 0.236462 0.926810
vt 0.229370 0.937091
vt 0.222306 0.937091
vt 0.222306 0.894681
vt 0.234521 0.894681
vt 0.235894 0.895263
vt 0.236462 0.896667
vt 0.236462 0.907058
vt 0.460632 0.504964
vt 0.455784 0.507005
vt 0.485346 0.505830
vt 0.434733 0.489062
vt 0.432301 0.325247
vt 0.433785 0.325231
vt 0.436218 0.489075
vt 0.435288 0.325215
vt 0.434472 0.499841
vt 0.435566 0.498016
vt 0.433097 0.499556
vt 0.434077 0.497663
vt 0.432571 0.506525
vt 0.434061 0.506615
vt 0.433771 0.513182
vt 0.435294 0.513239
vt 0.432278 0.513110
vt 0.464197 0.514483
vt 0.459503 0.513981
vt 0.455155 0.513634
vt 0.445517 0.513357
vt 0.227525 0.941172
vt 0.222306 0.941172
vt 0.562200 0.510252
vt 0.550080 0.511632
vt 0.485448 0.516579
vt 0.485400 0.511992
vt 0.233647 0.936374
vt 0.454608 0.316747
vt 0.459203 0.316820
vt 0.475773 0.316421
vt 0.482108 0.316315
vt 0.542864 0.314866
vt 0.553845 0.314605
vt 0.433764 0.316846
vt 0.435274 0.316831
vt 0.464062 0.316650
vt 0.432278 0.316862
vt 0.444916 0.316752
vt 0.639721 0.309408
vt 0.639506 0.313655
vt 0.535887 0.487743
vt 0.532092 0.323526
vt 0.488528 0.324607
vt 0.491662 0.489495
vt 0.523596 0.497419
vt 0.523298 0.488140
vt 0.532880 0.487867
vt 0.533357 0.497557
vt 0.500067 0.324402
vt 0.503406 0.488905
vt 0.519627 0.323878
vt 0.503918 0.493711
vt 0.491976 0.494548
vt 0.536691 0.499234
vt 0.536949 0.497262
vt 0.524513 0.506060
vt 0.524283 0.498989
vt 0.534435 0.499186
vt 0.534534 0.506210
vt 0.537439 0.506142
vt 0.208150 0.917154
vt 0.208150 0.907058
vt 0.208150 0.896667
vt 0.208719 0.895263
vt 0.210092 0.894681
vt 0.215243 0.937091
vt 0.208150 0.926810
vt 0.208150 0.921766
vt 0.509952 0.504372
vt 0.514767 0.506343
vt 0.534395 0.487807
vt 0.530614 0.323565
vt 0.529116 0.323605
vt 0.535189 0.497439
vt 0.535548 0.499355
vt 0.536002 0.506200
vt 0.536447 0.512766
vt 0.534913 0.512807
vt 0.537960 0.512702
vt 0.506540 0.513973
vt 0.511158 0.513383
vt 0.515426 0.512977
vt 0.524857 0.512692
vt 0.217088 0.941172
vt 0.210966 0.936374
vt 0.504998 0.316050
vt 0.509579 0.315821
vt 0.488441 0.316208
vt 0.531868 0.315145
vt 0.528865 0.315226
vt 0.530377 0.315185
vt 0.500143 0.316044
vt 0.519243 0.315491
vt 0.621527 0.295920
vt 0.621546 0.305356
vt 0.616062 0.305463
vt 0.616062 0.295858
vt 0.621630 0.309682
vt 0.621857 0.313944
vt 0.616444 0.314817
vt 0.616179 0.309921
vt 0.624957 0.322497
vt 0.630903 0.322698
vt 0.630978 0.324445
vt 0.624101 0.324314
vt 0.622163 0.286513
vt 0.617058 0.284889
vt 0.618378 0.284325
vt 0.616563 0.286223
vt 0.630293 0.285789
vt 0.630192 0.283535
vt 0.639803 0.305063
vt 0.639573 0.295605
vt 0.644952 0.295250
vt 0.645300 0.305052
vt 0.645210 0.309552
vt 0.644981 0.314409
vt 0.636931 0.322135
vt 0.637814 0.323942
vt 0.638301 0.286042
vt 0.642014 0.283721
vt 0.643371 0.284241
vt 0.643931 0.285564
vt 0.685902 0.301573
vt 0.683300 0.299417
vt 0.683300 0.272480
vt 0.685902 0.270324
vt 0.470740 0.239065
vt 0.468138 0.236910
vt 0.468138 0.209972
vt 0.470740 0.207817
vt 0.694783 0.270324
vt 0.694783 0.301573
vt 0.479620 0.207817
vt 0.479620 0.239065
vt 0.685902 0.301573
vt 0.683300 0.299417
vt 0.683300 0.272480
vt 0.685902 0.270324
vt 0.470740 0.239065
vt 0.468138 0.236910
vt 0.468138 0.209972
vt 0.470740 0.207817
vt 0.694783 0.270324
vt 0.694783 0.301573
vt 0.479620 0.207817
vt 0.479620 0.239065
vt 0.685902 0.301573
vt 0.683300 0.299417
vt 0.683300 0.272480
vt 0.685902 0.270324
vt 0.470740 0.239065
vt 0.468138 0.236910
vt 0.468138 0.209972
vt 0.470740 0.207817
vt 0.694783 0.270324
vt 0.694783 0.301573
vt 0.479620 0.207817
vt 0.479620 0.239065
vt 0.685902 0.301573
vt 0.683300 0.299417
vt 0.683300 0.272480
vt 0.685902 0.270324
vt 0.470740 0.239065
vt 0.468138 0.236910
vt 0.468138 0.209972
vt 0.470740 0.207817
vt 0.694783 0.270324
vt 0.694783 0.301573
vt 0.479620 0.207817
vt 0.479620 0.239065
vt 0.685902 0.301573
vt 0.683300 0.299417
vt 0.683300 0.272480
vt 0.685902 0.270324
vt 0.470740 0.239065
vt 0.468138 0.236910
vt 0.468138 0.209972
vt 0.470740 0.207817
vt 0.694783 0.270324
vt 0.694783 0.301573
vt 0.479620 0.207817
vt 0.479620 0.239065
vt 0.265261 0.890481
vt 0.264044 0.859473
vt 0.266858 0.859431
vt 0.268229 0.890435
vt 0.269692 0.859390
vt 0.271215 0.890389
vt 0.272562 0.859350
vt 0.274220 0.890343
vt 0.275487 0.859312
vt 0.277249 0.890296
vt 0.278496 0.859277
vt 0.280302 0.890249
vt 0.220853 0.891166
vt 0.221692 0.860104
vt 0.224701 0.860068
vt 0.223907 0.891118
vt 0.227626 0.860030
vt 0.226935 0.891072
vt 0.230496 0.859990
vt 0.229941 0.891025
vt 0.233330 0.859949
vt 0.232926 0.890979
vt 0.236144 0.859907
vt 0.235894 0.890934
vt 0.238944 0.859864
vt 0.238848 0.890888
vt 0.241736 0.859821
vt 0.241790 0.890843
vt 0.244524 0.859777
vt 0.244724 0.890798
vt 0.247309 0.859734
vt 0.247652 0.890752
vt 0.250094 0.859690
vt 0.250578 0.890707
vt 0.252879 0.859646
vt 0.253503 0.890662
vt 0.255664 0.859603
vt 0.256432 0.890617
vt 0.258452 0.859559
vt 0.259365 0.890572
vt 0.273994 0.853287
vt 0.276392 0.853238
vt 0.261244 0.859516
vt 0.262308 0.890526
vt 0.556377 0.146879
vt 0.553910 0.148671
vt 0.552651 0.146201
vt 0.554417 0.144919
vt 0.247273 0.853739
vt 0.244537 0.853783
vt 0.243898 0.826813
vt 0.246741 0.826785
vt 0.233735 0.853961
vt 0.236401 0.853916
vt 0.250013 0.853695
vt 0.260932 0.853515
vt 0.263627 0.853470
vt 0.268920 0.853380
vt 0.271493 0.853334
vt 0.228534 0.854054
vt 0.231107 0.854007
vt 0.266293 0.853425
vt 0.241809 0.853827
vt 0.255490 0.853605
vt 0.258218 0.853560
vt 0.223635 0.854151
vt 0.226033 0.854102
vt 0.239095 0.853871
vt 0.252754 0.853650
vt 0.238239 0.826868
vt 0.235431 0.826909
vt 0.235170 0.823883
vt 0.238134 0.823826
vt 0.224626 0.827161
vt 0.227215 0.827095
vt 0.249589 0.826746
vt 0.229901 0.827027
vt 0.263761 0.826449
vt 0.266543 0.826408
vt 0.252438 0.826694
vt 0.232647 0.826962
vt 0.269286 0.826377
vt 0.255284 0.826632
vt 0.271969 0.826350
vt 0.258124 0.826565
vt 0.274559 0.826318
vt 0.260952 0.826502
vt 0.241063 0.826839
vt 0.276999 0.826273
vt 0.222187 0.827219
vt 0.229208 0.823938
vt 0.226229 0.823950
vt 0.223390 0.769275
vt 0.226571 0.769226
vt 0.272896 0.823224
vt 0.275894 0.823157
vt 0.258064 0.823483
vt 0.260989 0.823463
vt 0.241060 0.823754
vt 0.278963 0.823108
vt 0.263953 0.823427
vt 0.243936 0.823677
vt 0.220160 0.823998
vt 0.223229 0.823967
vt 0.246764 0.823607
vt 0.249563 0.823553
vt 0.266935 0.823371
vt 0.252361 0.823518
vt 0.232189 0.823919
vt 0.269916 0.823299
vt 0.255189 0.823497
vt 0.264395 0.768637
vt 0.267630 0.768586
vt 0.248709 0.768880
vt 0.251761 0.768832
vt 0.229788 0.769176
vt 0.270846 0.768536
vt 0.254846 0.768785
vt 0.233022 0.769126
vt 0.274027 0.768486
vt 0.257982 0.768736
vt 0.236247 0.769076
vt 0.277173 0.768436
vt 0.261170 0.768687
vt 0.239436 0.769026
vt 0.280302 0.768387
vt 0.242572 0.768976
vt 0.217115 0.769372
vt 0.220244 0.769324
vt 0.245656 0.768928
vt 0.265939 0.157331
vt 0.265939 0.159513
vt 0.252976 0.159513
vt 0.252976 0.157331
vt 0.542593 0.146879
vt 0.540801 0.144412
vt 0.543271 0.143153
vt 0.544553 0.144919
vt 0.559112 0.141512
vt 0.558169 0.144412
vt 0.555699 0.143153
vt 0.556374 0.141078
vt 0.542593 0.133095
vt 0.545060 0.131303
vt 0.546319 0.133773
vt 0.544553 0.135056
vt 0.556377 0.133095
vt 0.558169 0.135562
vt 0.555699 0.136821
vt 0.554417 0.135056
vt 0.547960 0.149614
vt 0.545060 0.148671
vt 0.546319 0.146201
vt 0.548394 0.146876
vt 0.539859 0.138462
vt 0.540801 0.135562
vt 0.543271 0.136821
vt 0.542597 0.138896
vt 0.551010 0.130361
vt 0.553910 0.131303
vt 0.552651 0.133773
vt 0.550576 0.133099
vt 0.551010 0.149614
vt 0.550576 0.146876
vt 0.539859 0.141512
vt 0.542597 0.141078
vt 0.547960 0.130361
vt 0.548394 0.133099
vt 0.559112 0.138462
vt 0.556374 0.138896
vt 0.265939 0.185698
vt 0.265939 0.187880
vt 0.252976 0.187880
vt 0.252976 0.185698
vt 0.265939 0.174787
vt 0.265939 0.176969
vt 0.252976 0.176969
vt 0.252976 0.174787
vt 0.265939 0.161695
vt 0.252976 0.161695
vt 0.265939 0.190062
vt 0.252976 0.190062
vt 0.265939 0.179151
vt 0.252976 0.179151
vt 0.265939 0.163877
vt 0.252976 0.163877
vt 0.265939 0.192244
vt 0.252976 0.192244
vt 0.265939 0.181334
vt 0.252976 0.181334
vt 0.265939 0.166059
vt 0.252976 0.166059
vt 0.265939 0.148603
vt 0.265939 0.150785
vt 0.252976 0.150785
vt 0.252976 0.148603
vt 0.265939 0.168241
vt 0.252976 0.168241
vt 0.265939 0.152967
vt 0.252976 0.152967
vt 0.265939 0.170423
vt 0.252976 0.170423
vt 0.265939 0.155149
vt 0.252976 0.155149
vt 0.265939 0.183516
vt 0.252976 0.183516
vt 0.265939 0.172605
vt 0.252976 0.172605
vt 0.748897 0.951063
vt 0.765906 0.935765
vt 0.772648 0.946334
vt 0.751622 0.955187
vt 0.775657 0.958572
vt 0.752517 0.960086
vt 0.774474 0.971317
vt 0.751623 0.965054
vt 0.769173 0.983144
vt 0.748957 0.969527
vt 0.739508 0.981285
vt 0.723656 0.974593
vt 0.728864 0.969737
vt 0.739296 0.973730
vt 0.718065 0.958290
vt 0.725613 0.959047
vt 0.718478 0.928346
vt 0.730508 0.949722
vt 0.739284 0.960047
vt 0.730810 0.923950
vt 0.735164 0.947405
vt 0.743778 0.923806
vt 0.740162 0.946906
vt 0.755930 0.927924
vt 0.744922 0.948189
vt 0.748897 0.951063
vt 0.765906 0.935765
vt 0.772648 0.946334
vt 0.751622 0.955187
vt 0.775657 0.958572
vt 0.752517 0.960086
vt 0.774474 0.971317
vt 0.751623 0.965054
vt 0.769173 0.983144
vt 0.748957 0.969527
vt 0.739508 0.981285
vt 0.723656 0.974593
vt 0.728864 0.969737
vt 0.739296 0.973730
vt 0.718065 0.958290
vt 0.725613 0.959047
vt 0.718478 0.928346
vt 0.730508 0.949722
vt 0.739284 0.960047
vt 0.730810 0.923950
vt 0.735164 0.947405
vt 0.743778 0.923806
vt 0.740162 0.946906
vt 0.755930 0.927924
vt 0.744922 0.948189
vt 0.748897 0.951063
vt 0.765906 0.935765
vt 0.772648 0.946334
vt 0.751622 0.955187
vt 0.775657 0.958572
vt 0.752517 0.960086
vt 0.774474 0.971317
vt 0.751623 0.965054
vt 0.769173 0.983144
vt 0.748957 0.969527
vt 0.739508 0.981285
vt 0.723656 0.974593
vt 0.728864 0.969737
vt 0.739296 0.973730
vt 0.718065 0.958290
vt 0.725613 0.959047
vt 0.718478 0.928346
vt 0.730508 0.949722
vt 0.739284 0.960047
vt 0.730810 0.923950
vt 0.735164 0.947405
vt 0.743778 0.923806
vt 0.740162 0.946906
vt 0.755930 0.927924
vt 0.744922 0.948189
vt 0.748897 0.951063
vt 0.751622 0.955187
vt 0.772648 0.946334
vt 0.765906 0.935765
vt 0.752517 0.960086
vt 0.775657 0.958572
vt 0.751623 0.965054
vt 0.774474 0.971317
vt 0.748957 0.969527
vt 0.769173 0.983144
vt 0.739508 0.981285
vt 0.739296 0.973730
vt 0.728864 0.969737
vt 0.723656 0.974593
vt 0.725613 0.959047
vt 0.718065 0.958290
vt 0.730508 0.949722
vt 0.718478 0.928346
vt 0.739284 0.960047
vt 0.735164 0.947405
vt 0.730810 0.923950
vt 0.740162 0.946906
vt 0.743778 0.923806
vt 0.744922 0.948189
vt 0.755930 0.927924
vt 0.748897 0.951063
vt 0.751622 0.955187
vt 0.772648 0.946334
vt 0.765906 0.935765
vt 0.752517 0.960086
vt 0.775657 0.958572
vt 0.751623 0.965054
vt 0.774474 0.971317
vt 0.748957 0.969527
vt 0.769173 0.983144
vt 0.739508 0.981285
vt 0.739296 0.973730
vt 0.728864 0.969737
vt 0.723656 0.974593
vt 0.725613 0.959047
vt 0.718065 0.958290
vt 0.730508 0.949722
vt 0.718478 0.928346
vt 0.739284 0.960047
vt 0.735164 0.947405
vt 0.730810 0.923950
vt 0.740162 0.946906
vt 0.743778 0.923806
vt 0.744922 0.948189
vt 0.755930 0.927924
vt 0.748897 0.951063
vt 0.751622 0.955187
vt 0.772648 0.946334
vt 0.765906 0.935765
vt 0.752517 0.960086
vt 0.775657 0.958572
vt 0.751623 0.965054
vt 0.774474 0.971317
vt 0.748957 0.969527
vt 0.769173 0.983144
vt 0.739508 0.981285
vt 0.739296 0.973730
vt 0.728864 0.969737
vt 0.723656 0.974593
vt 0.725613 0.959047
vt 0.718065 0.958290
vt 0.730508 0.949722
vt 0.718478 0.928346
vt 0.739284 0.960047
vt 0.735164 0.947405
vt 0.730810 0.923950
vt 0.740162 0.946906
vt 0.743778 0.923806
vt 0.744922 0.948189
vt 0.755930 0.927924
vt 0.748897 0.951063
vt 0.765906 0.935765
vt 0.772648 0.946334
vt 0.751622 0.955187
vt 0.775657 0.958572
vt 0.752517 0.960086
vt 0.774474 0.971317
vt 0.751623 0.965054
vt 0.769173 0.983144
vt 0.748957 0.969527
vt 0.739508 0.981285
vt 0.723656 0.974593
vt 0.728864 0.969737
vt 0.739296 0.973730
vt 0.718065 0.958290
vt 0.725613 0.959047
vt 0.718478 0.928346
vt 0.730508 0.949722
vt 0.739284 0.960047
vt 0.730810 0.923950
vt 0.735164 0.947405
vt 0.743778 0.923806
vt 0.740162 0.946906
vt 0.755930 0.927924
vt 0.744922 0.948189
vt 0.748897 0.951063
vt 0.751622 0.955187
vt 0.772648 0.946334
vt 0.765906 0.935765
vt 0.752517 0.960086
vt 0.775657 0.958572
vt 0.751623 0.965054
vt 0.774474 0.971317
vt 0.748957 0.969527
vt 0.769173 0.983144
vt 0.739508 0.981285
vt 0.739296 0.973730
vt 0.728864 0.969737
vt 0.723656 0.974593
vt 0.725613 0.959047
vt 0.718065 0.958290
vt 0.730508 0.949722
vt 0.718478 0.928346
vt 0.739284 0.960047
vt 0.735164 0.947405
vt 0.730810 0.923950
vt 0.740162 0.946906
vt 0.743778 0.923806
vt 0.744922 0.948189
vt 0.755930 0.927924
vt 0.748897 0.951063
vt 0.765906 0.935765
vt 0.772648 0.946334
vt 0.751622 0.955187
vt 0.775657 0.958572
vt 0.752517 0.960086
vt 0.774474 0.971317
vt 0.751623 0.965054
vt 0.769173 0.983144
vt 0.748957 0.969527
vt 0.739508 0.981285
vt 0.723656 0.974593
vt 0.728864 0.969737
vt 0.739296 0.973730
vt 0.718065 0.958290
vt 0.725613 0.959047
vt 0.718478 0.928346
vt 0.730508 0.949722
vt 0.739284 0.960047
vt 0.730810 0.923950
vt 0.735164 0.947405
vt 0.743778 0.923806
vt 0.740162 0.946906
vt 0.755930 0.927924
vt 0.744922 0.948189
vt 0.748897 0.951063
vt 0.751622 0.955187
vt 0.772648 0.946334
vt 0.765906 0.935765
vt 0.752517 0.960086
vt 0.775657 0.958572
vt 0.751623 0.965054
vt 0.774474 0.971317
vt 0.748957 0.969527
vt 0.769173 0.983144
vt 0.739508 0.981285
vt 0.739296 0.973730
vt 0.728864 0.969737
vt 0.723656 0.974593
vt 0.725613 0.959047
vt 0.718065 0.958290
vt 0.730508 0.949722
vt 0.718478 0.928346
vt 0.739284 0.960047
vt 0.735164 0.947405
vt 0.730810 0.923950
vt 0.740162 0.946906
vt 0.743778 0.923806
vt 0.744922 0.948189
vt 0.755930 0.927924
vt 0.748897 0.951063
vt 0.765906 0.935765
vt 0.772648 0.946334
vt 0.751622 0.955187
vt 0.775657 0.958572
vt 0.752517 0.960086
vt 0.774474 0.971317
vt 0.751623 0.965054
vt 0.769173 0.983144
vt 0.748957 0.969527
vt 0.739508 0.981285
vt 0.723656 0.974593
vt 0.728864 0.969737
vt 0.739296 0.973730
vt 0.718065 0.958290
vt 0.725613 0.959047
vt 0.718478 0.928346
vt 0.730508 0.949722
vt 0.739284 0.960047
vt 0.730810 0.923950
vt 0.735164 0.947405
vt 0.743778 0.923806
vt 0.740162 0.946906
vt 0.755930 0.927924
vt 0.744922 0.948189
vt 0.748897 0.951063
vt 0.751622 0.955187
vt 0.772648 0.946334
vt 0.765906 0.935765
vt 0.752517 0.960086
vt 0.775657 0.958572
vt 0.751623 0.965054
vt 0.774474 0.971317
vt 0.748957 0.969527
vt 0.769173 0.983144
vt 0.739508 0.981285
vt 0.739296 0.973730
vt 0.728864 0.969737
vt 0.723656 0.974593
vt 0.725613 0.959047
vt 0.718065 0.958290
vt 0.730508 0.949722
vt 0.718478 0.928346
vt 0.739284 0.960047
vt 0.735164 0.947405
vt 0.730810 0.923950
vt 0.740162 0.946906
vt 0.743778 0.923806
vt 0.744922 0.948189
vt 0.755930 0.927924
vt 0.748897 0.951063
vt 0.765906 0.935765
vt 0.772648 0.946334
vt 0.751622 0.955187
vt 0.775657 0.958572
vt 0.752517 0.960086
vt 0.774474 0.971317
vt 0.751623 0.965054
vt 0.769173 0.983144
vt 0.748957 0.969527
vt 0.739508 0.981285
vt 0.723656 0.974593
vt 0.728864 0.969737
vt 0.739296 0.973730
vt 0.718065 0.958290
vt 0.725613 0.959047
vt 0.718478 0.928346
vt 0.730508 0.949722
vt 0.739284 0.960047
vt 0.730810 0.923950
vt 0.735164 0.947405
vt 0.743778 0.923806
vt 0.740162 0.946906
vt 0.755930 0.927924
vt 0.744922 0.948189
vt 0.748897 0.951063
vt 0.751622 0.955187
vt 0.772648 0.946334
vt 0.765906 0.935765
vt 0.752517 0.960086
vt 0.775657 0.958572
vt 0.751623 0.965054
vt 0.774474 0.971317
vt 0.748957 0.969527
vt 0.769173 0.983144
vt 0.739508 0.981285
vt 0.739296 0.973730
vt 0.728864 0.969737
vt 0.723656 0.974593
vt 0.725613 0.959047
vt 0.718065 0.958290
vt 0.730508 0.949722
vt 0.718478 0.928346
vt 0.739284 0.960047
vt 0.735164 0.947405
vt 0.730810 0.923950
vt 0.740162 0.946906
vt 0.743778 0.923806
vt 0.744922 0.948189
vt 0.755930 0.927924
vt 0.631158 0.953125
vt 0.648167 0.937826
vt 0.654909 0.948395
vt 0.633884 0.957248
vt 0.657918 0.960634
vt 0.634778 0.962148
vt 0.656735 0.973378
vt 0.633884 0.967116
vt 0.651434 0.985205
vt 0.631218 0.971588
vt 0.621769 0.983347
vt 0.605917 0.976654
vt 0.611125 0.971799
vt 0.621558 0.975791
vt 0.600326 0.960351
vt 0.607874 0.961108
vt 0.600739 0.930408
vt 0.612769 0.951783
vt 0.621545 0.962109
vt 0.613071 0.926011
vt 0.617425 0.949466
vt 0.626039 0.925868
vt 0.622423 0.948967
vt 0.638191 0.929986
vt 0.627183 0.950251
vt 0.631158 0.953125
vt 0.648167 0.937826
vt 0.654909 0.948395
vt 0.633884 0.957248
vt 0.657918 0.960634
vt 0.634778 0.962148
vt 0.656735 0.973378
vt 0.633884 0.967116
vt 0.651434 0.985205
vt 0.631218 0.971588
vt 0.621769 0.983347
vt 0.605917 0.976654
vt 0.611125 0.971799
vt 0.621558 0.975791
vt 0.600326 0.960351
vt 0.607874 0.961108
vt 0.600739 0.930408
vt 0.612769 0.951783
vt 0.621545 0.962109
vt 0.613071 0.926011
vt 0.617425 0.949466
vt 0.626039 0.925868
vt 0.622423 0.948967
vt 0.638191 0.929986
vt 0.627183 0.950251
vn 0.8580 0.5137 0.0000
vn 1.0000 -0.0000 0.0000
vn 0.8700 -0.4931 0.0000
vn 0.0000 0.0000 1.0000
vn 0.6289 -0.5498 0.5498
vn 0.0092 0.0134 0.9999
vn 0.0000 0.0265 0.9996
vn 0.6289 -0.5498 -0.5498
vn 0.0092 0.0134 -0.9999
vn 0.0000 0.0265 -0.9996
vn -0.9300 0.0000 0.3675
vn 0.9300 0.0000 0.3675
vn 0.0000 0.9205 0.3907
vn 0.0000 -0.9205 0.3907
vn 0.5189 0.8548 0.0002
vn -0.0196 0.9998 0.0000
vn -1.0000 0.0000 0.0000
vn -1.0000 0.0024 -0.0000
vn -0.7055 0.7087 0.0000
vn -0.8749 0.4841 -0.0088
vn -0.8820 0.4713 0.0000
vn -0.8722 0.4891 -0.0122
vn -0.0000 -1.0000 0.0000
vn 0.5769 0.2535 -0.7764
vn 0.5189 0.8548 -0.0002
vn -0.8749 0.4841 0.0088
vn -0.8722 0.4891 0.0122
vn 0.5769 0.2535 0.7764
vn 0.0000 0.2173 0.9761
vn 0.0000 0.2173 -0.9761
vn -0.0000 0.0000 -1.0000
vn 0.0987 -0.9603 0.2611
vn 0.0986 0.9603 0.2610
vn -0.0986 0.9603 0.2610
vn -0.0986 -0.9603 0.2611
vn 0.9350 -0.3546 0.0000
vn -0.5220 0.8530 -0.0000
vn -0.8473 -0.5311 0.0000
vn 0.0000 -0.7071 0.7071
vn 0.6612 -0.2507 0.7071
vn -0.9902 -0.1398 0.0000
vn -0.6449 -0.0911 0.7588
vn -0.4448 0.7268 0.5233
vn -0.7111 0.7030 0.0111
vn 0.0000 -0.7071 -0.7071
vn 0.6612 -0.2507 -0.7071
vn -0.6449 -0.0911 -0.7588
vn -0.4448 0.7268 -0.5233
vn -0.7111 0.7030 -0.0111
vn 0.6846 0.4253 0.5920
vn -0.6846 -0.4253 0.5920
vn -0.4564 0.7348 0.5018
vn 0.2377 0.8594 0.4526
vn -0.4804 0.7733 0.4138
vn -0.5687 0.7360 0.3674
vn -0.5927 0.7238 0.3534
vn -0.4824 -0.2996 0.8231
vn -0.7533 0.1486 0.6407
vn -0.6686 -0.4153 0.6168
vn 0.5277 -0.8495 0.0000
vn 0.6846 0.4253 -0.5920
vn -0.6846 -0.4253 -0.5920
vn -0.4564 0.7348 -0.5018
vn 0.2377 0.8594 -0.4526
vn -0.4824 -0.2996 -0.8231
vn -0.7533 0.1486 -0.6407
vn -0.6686 -0.4153 -0.6168
vn -0.5277 0.8495 0.0000
vn 0.0000 0.6379 -0.7701
vn 0.0000 0.6379 0.7701
vn 0.0000 1.0000 0.0000
vn 0.8022 0.5971 0.0000
vn 0.8029 0.5961 -0.0000
vn -0.5391 -0.1986 0.8185
vn -0.5440 -0.2034 0.8141
vn -0.5526 -0.0574 0.8315
vn -0.5503 -0.0731 0.8318
vn 0.8161 0.5779 0.0000
vn -0.5587 -0.2202 0.7996
vn -0.5592 -0.2209 0.7991
vn 0.8123 0.5833 0.0000
vn 0.7896 0.6136 0.0000
vn -0.5458 -0.0519 0.8363
vn -0.5423 -0.0686 0.8374
vn -0.5154 -0.1777 0.8383
vn -0.9442 -0.3294 -0.0000
vn -0.9937 -0.1122 -0.0000
vn -0.9937 -0.1107 0.0185
vn -0.9441 -0.3293 0.0181
vn 0.8885 0.4589 0.0000
vn 0.9519 0.3063 0.0000
vn 0.8949 0.4462 0.0000
vn 0.9447 0.3279 0.0000
vn -0.9357 -0.3524 0.0138
vn -0.9358 -0.3526 -0.0000
vn -0.9272 -0.3745 0.0065
vn -0.9272 -0.3745 0.0000
vn -0.8942 -0.4476 -0.0000
vn -0.8915 -0.4531 0.0011
vn -0.9932 -0.1157 0.0135
vn -0.9935 -0.1137 0.0000
vn -0.9448 -0.3276 0.0000
vn -0.9448 -0.3276 0.0091
vn -0.4106 -0.3433 0.8447
vn -0.2469 -0.3567 0.9010
vn -0.2403 -0.3475 0.9064
vn -0.4677 -0.3026 0.8304
vn -0.8263 -0.5632 0.0000
vn -0.8262 -0.5634 -0.0002
vn -0.8167 -0.5771 -0.0001
vn -0.8167 -0.5771 -0.0000
vn -0.0240 -0.0429 0.9988
vn -0.0243 -0.0434 0.9988
vn -0.7318 -0.6815 -0.0000
vn -0.5757 -0.8176 -0.0000
vn -0.4160 -0.9094 -0.0000
vn -0.2294 -0.9733 0.0000
vn -0.2293 -0.9733 0.0000
vn -0.0630 -0.9980 0.0000
vn -0.8529 -0.5220 -0.0002
vn -0.8538 -0.5206 -0.0000
vn 0.2356 -0.0808 0.9685
vn 0.2447 0.2043 0.9478
vn 0.2462 0.1959 0.9492
vn 0.2526 0.2587 0.9323
vn 0.2622 0.2952 0.9187
vn 0.3765 0.4008 0.8352
vn 0.3337 0.3785 0.8634
vn 0.4828 0.4383 0.7582
vn 0.5003 0.4391 0.7463
vn 0.5510 0.3980 0.7335
vn 0.5556 0.3833 0.7378
vn 0.5832 0.2923 0.7579
vn 0.5859 0.2834 0.7592
vn 0.6069 0.2080 0.7670
vn 0.6066 0.2091 0.7670
vn 0.6138 0.1825 0.7681
vn 0.3142 0.0740 0.9465
vn 0.3176 0.0673 0.9458
vn 0.2824 0.1208 0.9517
vn 0.2807 0.1224 0.9520
vn 0.3895 -0.1659 0.9060
vn 0.3871 -0.1301 0.9128
vn 0.3561 -0.0098 0.9344
vn 0.3590 -0.0158 0.9332
vn 0.3980 -0.0969 0.9122
vn 0.9480 -0.3184 0.0000
vn 0.8456 -0.5338 0.0000
vn 0.3969 0.0000 0.9179
vn 0.2026 0.0000 0.9793
vn -0.5621 -0.2287 0.7948
vn -0.5617 -0.2289 0.7951
vn 0.9580 0.2867 0.0000
vn -0.8396 -0.5433 -0.0002
vn -0.8403 -0.5420 -0.0000
vn 0.2564 0.1621 0.9529
vn 0.2588 0.1557 0.9533
vn 0.8478 0.5303 -0.0000
vn -0.1162 -0.1779 0.9772
vn -0.1218 -0.1856 0.9751
vn -0.8092 -0.5875 -0.0001
vn -0.8092 -0.5875 0.0000
vn 0.9989 0.0478 -0.0001
vn 0.9989 0.0478 0.0000
vn -0.5391 -0.1986 -0.8185
vn -0.5503 -0.0731 -0.8318
vn -0.5526 -0.0574 -0.8315
vn -0.5440 -0.2034 -0.8141
vn -0.5587 -0.2202 -0.7996
vn -0.5592 -0.2209 -0.7991
vn -0.5458 -0.0519 -0.8363
vn -0.5154 -0.1777 -0.8383
vn -0.5423 -0.0686 -0.8374
vn -0.9441 -0.3293 -0.0181
vn -0.9937 -0.1107 -0.0185
vn -0.9357 -0.3524 -0.0138
vn -0.9272 -0.3745 -0.0065
vn -0.8915 -0.4531 -0.0011
vn -0.9932 -0.1157 -0.0135
vn -0.9448 -0.3276 -0.0091
vn -0.4106 -0.3433 -0.8447
vn -0.4677 -0.3026 -0.8304
vn -0.2403 -0.3475 -0.9064
vn -0.2469 -0.3567 -0.9010
vn -0.8167 -0.5771 0.0001
vn -0.8262 -0.5634 0.0002
vn -0.0240 -0.0429 -0.9988
vn -0.0243 -0.0434 -0.9988
vn -0.8529 -0.5220 0.0002
vn 0.2356 -0.0808 -0.9685
vn 0.2447 0.2043 -0.9478
vn 0.2622 0.2952 -0.9187
vn 0.2526 0.2587 -0.9323
vn 0.2462 0.1959 -0.9492
vn 0.3765 0.4008 -0.8352
vn 0.5003 0.4391 -0.7463
vn 0.4828 0.4383 -0.7582
vn 0.3337 0.3785 -0.8634
vn 0.5556 0.3833 -0.7378
vn 0.5510 0.3980 -0.7335
vn 0.5859 0.2834 -0.7592
vn 0.5832 0.2923 -0.7579
vn 0.6069 0.2080 -0.7670
vn 0.6138 0.1825 -0.7681
vn 0.6066 0.2091 -0.7670
vn 0.3142 0.0740 -0.9465
vn 0.2807 0.1224 -0.9520
vn 0.2824 0.1208 -0.9517
vn 0.3176 0.0673 -0.9458
vn 0.3895 -0.1659 -0.9060
vn 0.3590 -0.0158 -0.9332
vn 0.3561 -0.0098 -0.9344
vn 0.3871 -0.1301 -0.9128
vn 0.3980 -0.0969 -0.9122
vn 0.2026 0.0000 -0.9793
vn 0.3969 0.0000 -0.9179
vn -0.5621 -0.2287 -0.7948
vn -0.5617 -0.2289 -0.7951
vn -0.8396 -0.5433 0.0002
vn 0.2588 0.1557 -0.9533
vn 0.2564 0.1621 -0.9529
vn -0.1218 -0.1856 -0.9751
vn -0.1162 -0.1779 -0.9772
vn -0.8092 -0.5875 0.0001
vn 0.9989 0.0478 0.0001
vn 0.7529 -0.6582 0.0000
vn 0.8866 -0.4625 0.0000
vn 0.6031 -0.7977 0.0000
vn 0.9870 0.1608 0.0000
vn 0.0202 0.9998 0.0000
vn 0.2499 -0.9683 0.0000
vn 0.7966 -0.6044 0.0000
vn 0.9521 0.3057 0.0000
vn -0.9507 -0.3101 0.0000
vn -0.9507 -0.3100 0.0000
vn -0.6695 0.7429 0.0000
vn 0.3101 -0.9507 0.0000
vn -0.7264 -0.6873 0.0000
vn -0.0412 0.9992 0.0000
vn 0.0508 -0.9987 0.0000
vn 0.8876 -0.4606 -0.0000
vn 0.9299 -0.3678 -0.0000
vn 0.9299 -0.3678 0.0001
vn 0.1521 0.9884 -0.0000
vn 0.1656 0.9862 0.0000
vn 0.0000 0.6569 0.7540
vn -0.8822 0.4626 0.0883
vn -0.9123 0.3801 0.1527
vn -0.8759 0.4764 0.0770
vn 0.8822 0.4626 0.0883
vn 0.8252 0.5649 0.0000
vn 0.8759 0.4764 0.0770
vn 0.0000 0.7796 0.6262
vn 0.9625 -0.2713 -0.0000
vn 0.9625 -0.2713 0.0003
vn -0.0920 -0.7048 0.7034
vn 0.0000 -0.7357 0.6773
vn -0.0592 -0.7167 0.6949
vn 0.1265 0.7224 0.6798
vn 0.1290 0.7256 0.6759
vn 0.1428 0.7429 0.6540
vn 0.0139 0.9999 -0.0000
vn 0.0104 0.6581 0.7529
vn 0.0105 0.6581 0.7529
vn -0.6936 -0.3015 0.6542
vn -0.7402 -0.2629 0.6188
vn -0.7953 -0.2109 0.5683
vn 0.0530 -0.9986 0.0000
vn 0.8673 -0.4977 0.0000
vn 0.8025 -0.5966 0.0000
vn 0.7077 -0.7065 0.0000
vn 0.6049 -0.7963 0.0000
vn 0.4902 -0.8716 0.0000
vn 0.3571 -0.9340 0.0000
vn 0.1957 -0.9807 0.0000
vn 0.6105 -0.5687 0.5513
vn 0.6297 -0.5574 0.5411
vn 0.5466 -0.6022 0.5819
vn 0.5197 -0.6146 0.5934
vn 0.4408 -0.6464 0.6228
vn 0.4223 -0.6529 0.6288
vn 0.3452 -0.6768 0.6502
vn 0.3321 -0.6804 0.6532
vn 0.2485 -0.7009 0.6686
vn 0.2398 -0.7028 0.6698
vn 0.1367 -0.7215 0.6788
vn 0.1339 -0.7219 0.6789
vn 0.0364 -0.7331 0.6791
vn 0.0390 -0.7329 0.6792
vn 0.6529 -0.5429 0.5282
vn 0.9123 0.3801 0.1527
vn -0.8252 0.5649 0.0000
vn -1.0000 0.0066 0.0000
vn -0.9999 0.0133 0.0000
vn 0.2530 0.9675 0.0000
vn 1.0000 -0.0024 0.0000
vn 1.0000 -0.0066 0.0000
vn 0.4895 0.8720 0.0000
vn 0.9999 -0.0133 0.0000
vn 0.2183 0.7444 -0.6311
vn -0.0000 0.7640 -0.6452
vn 0.1789 0.7507 -0.6359
vn 0.3932 0.7003 -0.5958
vn 0.0000 -0.7169 0.6972
vn 0.0474 0.9989 0.0000
vn 0.0835 0.9965 -0.0000
vn 0.1193 0.9929 -0.0000
vn 0.0364 0.6635 0.7473
vn 0.0356 0.6633 0.7475
vn 0.0655 0.6760 0.7340
vn 0.0642 0.6752 0.7348
vn 0.0967 0.6949 0.7125
vn 0.0945 0.6935 0.7142
vn -0.2351 -0.6424 0.7294
vn -0.2539 -0.6328 0.7315
vn -0.4017 -0.5454 0.7356
vn -0.3993 -0.5470 0.7357
vn -0.5257 -0.4509 0.7214
vn -0.5133 -0.4615 0.7236
vn -0.6078 -0.3725 0.7013
vn -0.5979 -0.3829 0.7042
vn 0.0512 -0.9987 0.0000
vn 0.1831 -0.9831 0.0000
vn 0.3264 -0.9452 0.0000
vn 0.8627 -0.5057 -0.0000
vn -0.1069 -0.9943 0.0000
vn -0.3579 -0.9337 0.0000
vn -0.5896 -0.8077 0.0000
vn 0.7386 -0.6741 0.0000
vn 0.7688 -0.6395 0.0000
vn -0.9642 -0.2653 0.0000
vn -0.9265 -0.3764 0.0000
vn -0.7500 -0.6614 0.0000
vn 0.6554 -0.7553 0.0000
vn 0.5501 -0.8351 0.0000
vn -0.8470 -0.5316 0.0000
vn 0.4438 -0.8961 0.0000
vn -0.8660 0.5001 -0.0022
vn -0.8657 0.5004 -0.0098
vn -0.8657 0.5004 -0.0106
vn -0.8749 0.4842 -0.0088
vn -0.0002 -0.0026 -1.0000
vn -0.0053 -0.0898 -0.9959
vn -0.0450 -0.9990 0.0000
vn -0.0451 -0.9990 0.0000
vn -0.0152 -0.2584 -0.9659
vn -0.0902 -0.9959 0.0000
vn 0.9299 -0.3678 -0.0001
vn 0.0000 0.6569 -0.7540
vn -0.8822 0.4626 -0.0883
vn -0.8759 0.4764 -0.0770
vn -0.9123 0.3801 -0.1527
vn 0.8822 0.4626 -0.0883
vn 0.8759 0.4764 -0.0770
vn 0.0000 0.7796 -0.6262
vn 0.9625 -0.2713 -0.0003
vn -0.0920 -0.7048 -0.7034
vn -0.0592 -0.7167 -0.6949
vn 0.0000 -0.7357 -0.6773
vn 0.1265 0.7224 -0.6798
vn 0.1428 0.7429 -0.6540
vn 0.1290 0.7256 -0.6759
vn 0.0104 0.6581 -0.7529
vn 0.0105 0.6581 -0.7529
vn -0.6936 -0.3015 -0.6542
vn -0.7953 -0.2109 -0.5683
vn -0.7402 -0.2629 -0.6188
vn 0.6105 -0.5687 -0.5513
vn 0.5197 -0.6146 -0.5934
vn 0.5466 -0.6022 -0.5819
vn 0.6297 -0.5574 -0.5411
vn 0.4223 -0.6529 -0.6288
vn 0.4408 -0.6464 -0.6228
vn 0.3321 -0.6804 -0.6532
vn 0.3452 -0.6768 -0.6502
vn 0.2398 -0.7028 -0.6698
vn 0.2485 -0.7009 -0.6686
vn 0.1339 -0.7219 -0.6789
vn 0.1367 -0.7215 -0.6788
vn 0.0390 -0.7329 -0.6792
vn 0.0364 -0.7331 -0.6791
vn 0.6529 -0.5429 -0.5282
vn 0.9123 0.3801 -0.1527
vn 0.2183 0.7444 0.6311
vn 0.1789 0.7507 0.6359
vn -0.0000 0.7640 0.6452
vn 0.3932 0.7003 0.5958
vn 0.0000 -0.7169 -0.6972
vn 0.0356 0.6633 -0.7475
vn 0.0364 0.6635 -0.7473
vn 0.0642 0.6752 -0.7348
vn 0.0655 0.6760 -0.7340
vn 0.0945 0.6935 -0.7142
vn 0.0967 0.6949 -0.7125
vn -0.2539 -0.6328 -0.7315
vn -0.2351 -0.6424 -0.7294
vn -0.3993 -0.5470 -0.7357
vn -0.4017 -0.5454 -0.7356
vn -0.5133 -0.4615 -0.7236
vn -0.5257 -0.4509 -0.7214
vn -0.5979 -0.3829 -0.7042
vn -0.6078 -0.3725 -0.7013
vn -0.8660 0.5001 0.0022
vn -0.8657 0.5004 0.0106
vn -0.8657 0.5004 0.0098
vn -0.8749 0.4842 0.0088
vn -0.0002 -0.0026 1.0000
vn -0.0053 -0.0898 0.9959
vn -0.0152 -0.2584 0.9659
vn 0.5732 0.8194 0.0000
vn -0.8784 0.4779 -0.0000
vn -0.9658 0.2591 0.0000
vn 0.9974 -0.0714 0.0000
vn 0.0000 -0.9326 0.3609
vn 0.2882 -0.8870 0.3609
vn 0.5482 -0.7545 0.3609
vn 0.7545 -0.5482 0.3609
vn 0.8870 -0.2882 0.3609
vn 0.9326 0.0000 0.3609
vn 0.8870 0.2882 0.3609
vn 0.7545 0.5482 0.3609
vn 0.5482 0.7545 0.3609
vn 0.2882 0.8870 0.3609
vn 0.0000 0.9326 0.3609
vn -0.2882 0.8870 0.3609
vn -0.5482 0.7545 0.3609
vn -0.7545 0.5482 0.3609
vn -0.8870 0.2882 0.3609
vn -0.9326 -0.0000 0.3609
vn -0.8870 -0.2882 0.3609
vn -0.7545 -0.5482 0.3609
vn -0.5482 -0.7545 0.3609
vn -0.2882 -0.8870 0.3609
vn -0.2729 0.0000 0.9620
vn -0.2595 -0.0843 0.9620
vn 0.0000 -0.2729 0.9620
vn 0.0843 -0.2595 0.9620
vn 0.2208 -0.1604 0.9620
vn 0.2595 -0.0843 0.9620
vn 0.1604 0.2208 0.9620
vn 0.0843 0.2595 0.9620
vn -0.1604 0.2208 0.9620
vn -0.2208 0.1604 0.9620
vn -0.0843 -0.2595 0.9620
vn -0.2208 -0.1604 0.9620
vn -0.1604 -0.2208 0.9620
vn 0.2729 0.0000 0.9620
vn 0.2595 0.0843 0.9620
vn -0.0000 0.2729 0.9620
vn -0.0843 0.2595 0.9620
vn -0.2595 0.0843 0.9620
vn 0.1604 -0.2208 0.9620
vn 0.2208 0.1604 0.9620
vn -0.0000 -0.4304 0.9026
vn 0.1330 -0.4093 0.9026
vn 0.3482 -0.2530 0.9026
vn 0.4093 -0.1330 0.9026
vn 0.2530 0.3482 0.9026
vn 0.1330 0.4093 0.9026
vn -0.2530 0.3482 0.9026
vn -0.3482 0.2530 0.9026
vn -0.3482 -0.2530 0.9026
vn -0.2530 -0.3482 0.9026
vn 0.4304 0.0000 0.9026
vn 0.4093 0.1330 0.9026
vn 0.0000 0.4304 0.9026
vn -0.1330 0.4093 0.9026
vn -0.4093 -0.1330 0.9026
vn 0.3482 0.2530 0.9026
vn 0.2530 -0.3482 0.9026
vn -0.1330 -0.4093 0.9026
vn -0.4093 0.1330 0.9026
vn -0.4304 0.0000 0.9026
vn -0.5878 -0.8090 0.0000
vn -0.8090 -0.5878 0.0000
vn -0.9511 0.3090 -0.0000
vn 0.4858 -0.3529 0.7997
vn 0.5711 -0.1856 0.7997
vn -0.6005 0.0000 0.7997
vn -0.5711 -0.1856 0.7997
vn 0.8090 0.5878 -0.0000
vn 0.9511 0.3090 -0.0000
vn 0.1856 0.5711 0.7997
vn 0.0000 0.6005 0.7997
vn -0.1856 -0.5711 0.7997
vn 0.0000 -0.6005 0.7997
vn -0.1855 -0.5711 0.7997
vn -0.3090 -0.9511 0.0000
vn -0.8090 0.5878 -0.0000
vn 0.1856 -0.5711 0.7997
vn 0.3529 -0.4858 0.7997
vn -0.3529 0.4858 0.7997
vn -0.4858 0.3529 0.7996
vn 0.3090 0.9511 0.0000
vn -0.3090 0.9511 0.0000
vn 0.8090 -0.5878 0.0000
vn 0.5878 -0.8090 0.0000
vn 0.3529 0.4858 0.7997
vn 0.6005 0.0000 0.7997
vn 0.5711 0.1856 0.7997
vn -0.5878 0.8090 0.0000
vn -0.4858 -0.3529 0.7997
vn -0.3529 -0.4858 0.7997
vn 0.9511 -0.3090 0.0000
vn 0.5878 0.8090 0.0000
vn 0.4858 0.3529 0.7997
vn 0.3090 -0.9511 0.0000
vn -0.5711 0.1856 0.7997
vn -0.1856 0.5711 0.7997
vn -0.9511 -0.3090 0.0000
vn 0.0000 -0.9326 -0.3609
vn 0.2882 -0.8870 -0.3609
vn 0.5482 -0.7545 -0.3609
vn 0.7545 -0.5482 -0.3609
vn 0.8870 -0.2882 -0.3609
vn 0.9326 0.0000 -0.3609
vn 0.8870 0.2882 -0.3609
vn 0.7545 0.5482 -0.3609
vn 0.5482 0.7545 -0.3609
vn 0.2882 0.8870 -0.3609
vn 0.0000 0.9326 -0.3609
vn -0.2882 0.8870 -0.3609
vn -0.5482 0.7545 -0.3609
vn -0.7545 0.5482 -0.3609
vn -0.8870 0.2882 -0.3609
vn -0.9326 -0.0000 -0.3609
vn -0.8870 -0.2882 -0.3609
vn -0.7545 -0.5482 -0.3609
vn -0.5482 -0.7545 -0.3609
vn -0.2882 -0.8870 -0.3609
vn -0.2729 0.0000 -0.9620
vn -0.2595 -0.0843 -0.9620
vn -0.0000 -0.2729 -0.9620
vn 0.0843 -0.2595 -0.9620
vn 0.2208 -0.1604 -0.9620
vn 0.2595 -0.0843 -0.9620
vn 0.1604 0.2208 -0.9620
vn 0.0843 0.2595 -0.9620
vn -0.1604 0.2208 -0.9620
vn -0.2208 0.1604 -0.9620
vn -0.0843 -0.2595 -0.9620
vn -0.2208 -0.1604 -0.9620
vn -0.1604 -0.2208 -0.9620
vn 0.2729 0.0000 -0.9620
vn 0.2595 0.0843 -0.9620
vn 0.0000 0.2729 -0.9620
vn -0.0843 0.2595 -0.9620
vn -0.2595 0.0843 -0.9620
vn 0.1604 -0.2208 -0.9620
vn 0.2208 0.1604 -0.9620
vn 0.0000 -0.4304 -0.9026
vn 0.1330 -0.4093 -0.9026
vn 0.3482 -0.2530 -0.9026
vn 0.4093 -0.1330 -0.9026
vn 0.2530 0.3482 -0.9026
vn 0.1330 0.4093 -0.9026
vn -0.2530 0.3482 -0.9026
vn -0.3482 0.2530 -0.9026
vn -0.3482 -0.2530 -0.9026
vn -0.2530 -0.3482 -0.9026
vn 0.4304 0.0000 -0.9026
vn 0.4093 0.1330 -0.9026
vn -0.0000 0.4304 -0.9026
vn -0.1330 0.4093 -0.9026
vn -0.4093 -0.1330 -0.9026
vn 0.3482 0.2530 -0.9026
vn 0.2530 -0.3482 -0.9026
vn -0.1330 -0.4093 -0.9026
vn -0.4093 0.1330 -0.9026
vn -0.4304 0.0000 -0.9026
vn 0.4858 -0.3529 -0.7997
vn 0.5711 -0.1856 -0.7997
vn -0.6005 0.0000 -0.7997
vn -0.5711 -0.1856 -0.7997
vn 0.1856 0.5711 -0.7997
vn 0.0000 0.6005 -0.7997
vn -0.1856 -0.5711 -0.7997
vn -0.1855 -0.5711 -0.7997
vn 0.0000 -0.6005 -0.7997
vn 0.1856 -0.5711 -0.7997
vn 0.3529 -0.4858 -0.7997
vn -0.3529 0.4858 -0.7997
vn -0.4858 0.3529 -0.7996
vn 0.3529 0.4858 -0.7997
vn 0.6005 0.0000 -0.7997
vn 0.5711 0.1856 -0.7997
vn -0.4858 -0.3529 -0.7997
vn -0.3529 -0.4858 -0.7997
vn 0.4858 0.3529 -0.7997
vn -0.5711 0.1856 -0.7997
vn -0.1856 0.5711 -0.7997
vn 0.3078 -0.9514 0.0000
vn 0.0000 -0.7027 0.7115
vn 0.2172 -0.6683 0.7115
vn 0.2171 -0.6683 0.7115
vn 0.4130 -0.5685 0.7115
vn 0.5685 -0.4130 0.7115
vn 0.6683 -0.2171 0.7115
vn 0.7027 0.0000 0.7115
vn 0.6683 0.2172 0.7115
vn 0.5685 0.4130 0.7115
vn 0.4130 0.5685 0.7115
vn 0.2172 0.6683 0.7115
vn 0.2171 0.6683 0.7115
vn -0.0000 0.7027 0.7115
vn -0.2171 0.6683 0.7115
vn -0.4130 0.5685 0.7115
vn -0.5685 0.4130 0.7115
vn -0.6683 0.2171 0.7115
vn -0.7027 0.0000 0.7115
vn -0.6683 -0.2171 0.7115
vn -0.5685 -0.4130 0.7115
vn -0.4130 -0.5685 0.7115
vn -0.2172 -0.6683 0.7115
vn -0.2569 -0.7907 0.5557
vn 0.0000 -0.8314 0.5557
vn 0.7436 0.3789 0.5509
vn 0.6726 0.4887 0.5557
vn -0.2569 0.7907 0.5557
vn -0.4887 0.6726 0.5557
vn -0.7236 0.1794 0.6665
vn -0.7356 -0.0000 0.6774
vn -0.7236 -0.1794 0.6665
vn -0.6726 0.4887 0.5557
vn 0.4887 0.6726 0.5557
vn 0.2569 -0.7907 0.5557
vn -0.7436 0.3789 0.5509
vn 0.2569 0.7907 0.5557
vn 0.4887 -0.6726 0.5557
vn 0.7237 -0.1794 0.6665
vn 0.7356 -0.0000 0.6774
vn -0.0000 0.8314 0.5557
vn 0.6726 -0.4887 0.5557
vn 0.7237 0.1794 0.6665
vn 0.7436 -0.3789 0.5509
vn -0.7436 -0.3789 0.5509
vn -0.6726 -0.4887 0.5557
vn -0.4887 -0.6726 0.5557
vn 0.3413 -0.4744 0.8115
vn 0.4840 -0.3552 0.7997
vn 0.4883 -0.3502 0.7993
vn 0.3466 -0.4712 0.8111
vn 0.4840 0.3552 0.7998
vn 0.3413 0.4744 0.8115
vn 0.3466 0.4711 0.8111
vn 0.4883 0.3502 0.7993
vn -0.5832 -0.1915 0.7894
vn -0.4840 -0.3552 0.7998
vn -0.4883 -0.3502 0.7993
vn -0.5847 -0.1875 0.7893
vn 0.5832 -0.1915 -0.7894
vn 0.4840 -0.3552 -0.7997
vn 0.4883 -0.3502 -0.7993
vn 0.5848 -0.1875 -0.7892
vn -0.4840 0.3552 -0.7998
vn -0.3413 0.4744 -0.8115
vn -0.3466 0.4712 -0.8111
vn -0.4883 0.3502 -0.7993
vn 0.0000 -0.5675 0.8234
vn 0.1752 -0.5445 0.8202
vn 0.1788 -0.5436 0.8201
vn 0.5832 -0.1915 0.7894
vn 0.5848 -0.1875 0.7892
vn -0.3413 0.4744 0.8115
vn -0.4840 0.3552 0.7998
vn -0.4883 0.3502 0.7993
vn -0.3466 0.4712 0.8111
vn 0.1752 0.5445 -0.8202
vn 0.3413 0.4744 -0.8115
vn 0.3466 0.4711 -0.8111
vn 0.1788 0.5436 -0.8201
vn -0.3413 -0.4744 -0.8115
vn -0.4840 -0.3552 -0.7998
vn -0.4883 -0.3502 -0.7993
vn -0.3466 -0.4712 -0.8111
vn 0.1752 0.5445 0.8202
vn 0.1788 0.5436 0.8201
vn -0.3413 -0.4744 0.8115
vn -0.3466 -0.4712 0.8111
vn 0.6192 0.0000 -0.7853
vn -0.5832 0.1915 -0.7894
vn -0.5847 0.1875 -0.7893
vn 0.6192 -0.0000 0.7853
vn -0.5832 0.1915 0.7894
vn -0.5847 0.1875 0.7893
vn 0.0000 0.5674 -0.8234
vn -0.1752 -0.5445 -0.8202
vn -0.1788 -0.5436 -0.8201
vn 0.0000 0.5674 0.8234
vn 0.5832 0.1915 -0.7894
vn 0.5848 0.1875 -0.7892
vn 0.5862 -0.8102 0.0000
vn -0.5862 -0.8102 0.0000
vn -0.3078 -0.9514 0.0000
vn -0.8078 -0.5894 0.0000
vn -0.9507 -0.3102 0.0000
vn -0.9507 0.3102 0.0000
vn -0.8078 0.5894 0.0000
vn -0.5862 0.8102 0.0000
vn -0.3078 0.9514 0.0000
vn 0.3078 0.9514 0.0000
vn 0.5862 0.8102 0.0000
vn 0.8078 0.5894 0.0000
vn 0.9507 0.3102 0.0000
vn 0.9507 -0.3102 0.0000
vn 0.8078 -0.5894 0.0000
vn -0.5832 -0.1915 -0.7894
vn -0.5847 -0.1875 -0.7893
vn 0.4840 0.3552 -0.7998
vn 0.4883 0.3502 -0.7993
vn 0.1752 -0.5446 -0.8202
vn 0.0000 -0.5675 -0.8234
vn 0.1788 -0.5436 -0.8201
vn -0.1752 0.5445 0.8202
vn -0.1788 0.5436 0.8201
vn 0.3413 -0.4744 -0.8115
vn 0.3466 -0.4712 -0.8111
vn -0.1752 0.5445 -0.8202
vn -0.1788 0.5436 -0.8201
vn -0.1752 -0.5445 0.8202
vn -0.1788 -0.5436 0.8201
vn -0.6191 -0.0000 0.7853
vn 0.5832 0.1915 0.7894
vn 0.5848 0.1875 0.7892
vn -0.6191 0.0000 -0.7853
vn 0.0057 1.0000 0.0000
vn -0.0392 -0.6955 0.7174
vn -0.0593 -0.6891 0.7222
vn -0.0032 0.8577 0.5141
vn -0.0029 0.8480 0.5300
vn -0.0030 0.8511 0.5250
vn -0.8111 -0.5849 -0.0001
vn -0.8111 -0.5850 0.0000
vn -0.8501 -0.5266 0.0000
vn 0.0427 -0.0056 0.9991
vn 0.0304 -0.0040 0.9995
vn 0.1773 -0.9842 0.0000
vn 0.1735 -0.9848 0.0003
vn 0.8490 0.5284 0.0000
vn 0.8495 0.5275 0.0000
vn -0.5689 -0.3958 0.7209
vn -0.6017 -0.3703 0.7077
vn -0.6006 -0.3745 0.7065
vn -0.5513 -0.4111 0.7260
vn 0.8355 0.5495 -0.0000
vn 0.8269 0.5623 0.0000
vn 0.8220 0.5694 -0.0000
vn 0.1045 0.9945 0.0000
vn 0.0758 0.9971 0.0000
vn 0.1216 0.9926 0.0000
vn 0.1037 0.9946 0.0000
vn -0.0027 0.8412 0.5408
vn 0.6880 0.4176 0.5936
vn 0.6803 0.4131 0.6054
vn 0.6815 0.4138 0.6035
vn 0.8484 0.5293 0.0000
vn 0.0107 0.9999 0.0000
vn 0.0103 0.9999 0.0000
vn 0.6666 0.4054 0.6255
vn 0.6677 0.4059 0.6240
vn 0.6675 0.4058 0.6243
vn -0.5990 -0.3803 0.7047
vn -0.8443 -0.5359 0.0000
vn 0.0311 -0.0041 0.9995
vn 0.0390 -0.0051 0.9992
vn 0.0008 -0.0021 1.0000
vn -0.1744 0.9847 0.0015
vn -0.1783 0.9840 0.0000
vn 0.9311 0.3647 0.0000
vn 0.9310 0.3649 0.0000
vn 0.9563 0.2925 0.0000
vn 0.6074 0.1276 0.7841
vn 0.6060 0.2038 0.7689
vn 0.6062 0.1998 0.7698
vn 0.3487 -0.9372 -0.0000
vn 0.3487 -0.9372 0.0012
vn -0.3509 0.9364 0.0031
vn -0.3509 0.9364 0.0000
vn 0.0016 -0.0041 1.0000
vn 0.3486 -0.9373 -0.0000
vn 0.3486 -0.9373 0.0017
vn 0.5481 0.3632 0.7535
vn 0.5474 0.3642 0.7535
vn 0.4888 0.4457 0.7500
vn 0.8272 0.5619 0.0000
vn 0.8276 0.5613 0.0000
vn 0.7370 0.6759 0.0000
vn -0.9994 0.0333 0.0000
vn -0.9994 0.0333 0.0004
vn -0.9994 0.0333 0.0002
vn 0.0032 -0.0080 1.0000
vn 0.0033 -0.0081 1.0000
vn 0.0035 -0.0084 1.0000
vn -0.9994 0.0333 0.0006
vn -0.4391 -0.4978 0.7479
vn -0.4537 -0.4875 0.7460
vn -0.3121 -0.5775 0.7544
vn -0.3108 -0.5783 0.7543
vn -0.1821 -0.6421 0.7446
vn -0.1644 -0.6498 0.7422
vn -0.6714 -0.7411 -0.0004
vn -0.6714 -0.7411 0.0000
vn -0.4758 -0.8796 -0.0006
vn -0.4758 -0.8795 0.0000
vn -0.2611 -0.9653 -0.0006
vn -0.2614 -0.9652 0.0000
vn -0.0719 -0.9974 -0.0002
vn -0.0722 -0.9974 -0.0000
vn 0.6729 0.4088 0.6166
vn 0.6730 0.4089 0.6164
vn 0.6711 0.4077 0.6191
vn 0.6713 0.4078 0.6189
vn 0.6694 0.4067 0.6216
vn 0.6696 0.4068 0.6214
vn -0.0593 -0.6891 -0.7222
vn -0.0392 -0.6955 -0.7174
vn -0.0032 0.8577 -0.5141
vn -0.0030 0.8511 -0.5250
vn -0.0029 0.8480 -0.5300
vn -0.8111 -0.5849 0.0001
vn 0.0427 -0.0056 -0.9991
vn 0.0304 -0.0040 -0.9995
vn 0.1735 -0.9848 -0.0003
vn -0.5689 -0.3958 -0.7209
vn -0.5513 -0.4111 -0.7260
vn -0.6006 -0.3745 -0.7065
vn -0.6017 -0.3703 -0.7077
vn -0.0027 0.8412 -0.5408
vn 0.6880 0.4176 -0.5936
vn 0.6815 0.4138 -0.6035
vn 0.6803 0.4131 -0.6054
vn 0.6666 0.4054 -0.6255
vn 0.6675 0.4058 -0.6243
vn 0.6677 0.4059 -0.6240
vn -0.5990 -0.3803 -0.7047
vn 0.0311 -0.0041 -0.9995
vn 0.0008 -0.0021 -1.0000
vn 0.0390 -0.0051 -0.9992
vn -0.1744 0.9847 -0.0015
vn 0.6074 0.1276 -0.7841
vn 0.6062 0.1998 -0.7698
vn 0.6060 0.2038 -0.7689
vn 0.3487 -0.9372 -0.0012
vn -0.3509 0.9364 -0.0031
vn 0.0016 -0.0041 -1.0000
vn 0.3486 -0.9373 -0.0017
vn 0.5481 0.3632 -0.7535
vn 0.4888 0.4457 -0.7500
vn 0.5474 0.3642 -0.7535
vn -0.9994 0.0333 -0.0002
vn -0.9994 0.0333 -0.0004
vn 0.0032 -0.0080 -1.0000
vn 0.0035 -0.0084 -1.0000
vn 0.0033 -0.0081 -1.0000
vn -0.9994 0.0333 -0.0006
vn -0.4537 -0.4875 -0.7460
vn -0.4391 -0.4978 -0.7479
vn -0.3108 -0.5783 -0.7543
vn -0.3121 -0.5775 -0.7544
vn -0.1644 -0.6498 -0.7422
vn -0.1821 -0.6421 -0.7446
vn -0.6714 -0.7411 0.0004
vn -0.4758 -0.8796 0.0006
vn -0.2611 -0.9653 0.0006
vn -0.0719 -0.9974 0.0002
vn 0.6730 0.4089 -0.6164
vn 0.6729 0.4088 -0.6166
vn 0.6713 0.4078 -0.6189
vn 0.6711 0.4077 -0.6191
vn 0.6696 0.4068 -0.6214
vn 0.6694 0.4067 -0.6216
vn 0.8326 0.5171 0.1986
vn 0.8495 0.5277 0.0000
vn 0.8326 0.5172 0.1984
vn -0.8495 -0.5277 -0.0000
vn 0.1627 0.1008 0.9815
vn 0.1629 0.1011 0.9814
vn -0.0320 0.9995 0.0000
vn -0.0748 0.9951 0.0639
vn -0.1046 0.9886 0.1085
vn 0.8326 0.5170 0.1986
vn -0.7465 0.6471 0.1551
vn -0.7472 0.6466 0.1535
vn 0.1623 0.1009 0.9816
vn 0.1622 0.1008 0.9816
vn -0.3930 0.7387 0.5476
vn -0.4238 0.6823 0.5957
vn -0.3494 0.8046 0.4801
vn -0.8027 0.5963 0.0000
vn 0.8324 0.5171 0.1992
vn -0.0648 -0.0403 0.9971
vn 0.7826 0.4861 0.3889
vn 0.7826 0.4859 0.3892
vn 0.3197 0.1983 0.9265
vn 0.3198 0.1987 0.9264
vn 0.1629 0.1012 0.9814
vn -0.2255 0.9298 0.2908
vn -0.2396 0.9193 0.3121
vn 0.7826 0.4857 0.3895
vn 0.3196 0.1980 0.9266
vn 0.7820 0.4859 0.3904
vn 0.3186 0.1980 0.9270
vn 0.3185 0.1980 0.9270
vn 0.3186 0.1981 0.9270
vn 0.7820 0.4859 0.3903
vn -0.1212 -0.0753 0.9898
vn -0.2399 -0.1490 0.9593
vn -0.9830 0.1838 0.0000
vn 0.3199 0.1987 0.9264
vn 0.1630 0.1012 0.9814
vn -0.1825 0.2938 0.9383
vn -0.0936 0.4016 0.9110
vn -0.1242 0.3656 0.9224
vn 0.8326 0.5171 -0.1986
vn 0.8326 0.5172 -0.1984
vn 0.1629 0.1011 -0.9814
vn 0.1627 0.1008 -0.9815
vn -0.1046 0.9886 -0.1085
vn -0.0748 0.9951 -0.0639
vn 0.8326 0.5170 -0.1986
vn -0.5687 0.7360 -0.3674
vn -0.5927 0.7238 -0.3534
vn -0.7472 0.6466 -0.1535
vn -0.7465 0.6471 -0.1551
vn 0.1622 0.1008 -0.9816
vn 0.1623 0.1009 -0.9816
vn -0.3930 0.7387 -0.5476
vn -0.3494 0.8046 -0.4801
vn -0.4238 0.6823 -0.5957
vn -0.4804 0.7733 -0.4138
vn 0.8324 0.5171 -0.1992
vn -0.0648 -0.0403 -0.9971
vn 0.7826 0.4859 -0.3892
vn 0.7826 0.4861 -0.3889
vn 0.3197 0.1983 -0.9265
vn 0.1629 0.1012 -0.9814
vn 0.3198 0.1987 -0.9264
vn -0.2396 0.9193 -0.3121
vn -0.2255 0.9298 -0.2908
vn 0.7826 0.4857 -0.3895
vn 0.3196 0.1980 -0.9266
vn 0.7820 0.4859 -0.3904
vn 0.3186 0.1980 -0.9270
vn 0.3185 0.1980 -0.9270
vn 0.3186 0.1981 -0.9270
vn 0.7820 0.4859 -0.3903
vn -0.1212 -0.0753 -0.9898
vn -0.2399 -0.1490 -0.9593
vn 0.1630 0.1012 -0.9814
vn 0.3199 0.1987 -0.9264
vn -0.1825 0.2938 -0.9383
vn 0.3191 0.9477 0.0000
vn -0.0348 0.4673 0.8834
vn -0.9819 0.1896 -0.0024
vn -0.9819 0.1896 0.0000
vn -0.0936 0.4016 -0.9110
vn -0.1242 0.3656 -0.9224
vn -0.9819 0.1896 0.0024
vn -0.0348 0.4673 -0.8834
vn 0.0000 -0.3090 -0.9511
vn 0.0000 -0.5878 -0.8090
vn 0.0000 -0.8090 -0.5878
vn 0.0000 -0.9511 -0.3090
vn 0.0000 -0.9511 0.3090
vn 0.0000 -0.8090 0.5878
vn 0.0000 -0.5878 0.8090
vn 0.0000 -0.3090 0.9511
vn 0.0000 0.3090 0.9511
vn -0.0000 0.5878 0.8090
vn -0.0000 0.8090 0.5878
vn -0.0000 0.9511 0.3090
vn -0.0000 0.9511 -0.3090
vn -0.0000 0.8090 -0.5878
vn -0.0000 0.5878 -0.8090
vn 0.3898 -0.9209 -0.0000
vn 0.3898 -0.8758 -0.2846
vn -0.0000 0.3090 -0.9511
vn 0.3898 -0.0000 0.9209
vn 0.3898 -0.2846 0.8758
vn 0.3898 0.9209 0.0000
vn 0.3898 0.8758 0.2846
vn 0.3898 0.0000 -0.9209
vn 0.3898 0.2846 -0.8758
vn 0.3898 -0.7450 -0.5413
vn 0.3898 -0.5413 -0.7450
vn 0.3898 -0.5413 0.7450
vn 0.3898 -0.7450 0.5413
vn 0.3898 -0.2846 -0.8758
vn 0.3898 0.7450 0.5413
vn 0.3898 0.5413 0.7450
vn 0.3898 0.5413 -0.7450
vn 0.3898 0.7450 -0.5413
vn 0.3898 -0.8758 0.2846
vn 0.3898 0.2846 0.8758
vn 0.3898 0.8758 -0.2846
vn -0.8781 0.1409 0.4573
vn -0.8745 0.0000 0.4850
vn -0.8784 0.1461 0.4551
vn 0.0000 -0.5688 0.8225
vn 0.0000 -0.7949 0.6067
vn -0.9049 -0.4028 -0.1376
vn -0.8972 -0.3508 -0.2682
vn -0.8978 -0.3548 -0.2610
vn -0.9051 -0.4040 -0.1330
vn -0.8781 0.1409 -0.4573
vn -0.8870 0.2622 -0.3801
vn -0.8877 0.2685 -0.3741
vn -0.8784 0.1461 -0.4551
vn -0.8870 0.2622 0.3801
vn -0.8877 0.2685 0.3741
vn -0.9076 -0.4198 -0.0000
vn -0.8745 -0.0000 -0.4850
vn -0.8972 0.3508 0.2682
vn -0.8978 0.3548 0.2610
vn -0.9049 -0.4028 0.1376
vn -0.9051 -0.4040 0.1330
vn -0.9049 0.4028 0.1376
vn -0.9051 0.4040 0.1330
vn -0.8972 -0.3508 0.2682
vn -0.8978 -0.3548 0.2610
vn -0.9076 0.4198 0.0000
vn -0.8870 -0.2622 0.3801
vn -0.8877 -0.2685 0.3741
vn -0.8781 -0.1409 -0.4573
vn -0.8784 -0.1461 -0.4551
vn -0.9049 0.4028 -0.1376
vn -0.9051 0.4040 -0.1330
vn -0.8781 -0.1409 0.4573
vn -0.8784 -0.1461 0.4551
vn -0.8870 -0.2622 -0.3801
vn -0.8877 -0.2685 -0.3741
vn -0.8972 0.3508 -0.2682
vn -0.8978 0.3548 -0.2610
vn 0.0000 -0.2955 -0.9554
vn 0.0000 0.9464 -0.3230
vn 0.0000 -0.2955 0.9554
vn 0.0000 -0.5688 -0.8225
vn 0.0000 0.7949 -0.6067
vn 0.0000 -0.7949 -0.6067
vn 0.0000 0.5688 -0.8225
vn -0.0000 0.2955 0.9554
vn 0.0000 -0.9464 -0.3230
vn 0.0000 0.2955 -0.9554
vn -0.0000 0.5688 0.8225
vn -0.0000 0.7949 0.6067
vn -0.0000 -0.9464 0.3230
vn 0.0000 0.9464 0.3230
vn -0.7887 -0.5021 0.3547
vn -0.5391 -0.7655 0.3513
vn -0.5353 -0.7682 0.3512
vn -0.2077 -0.9167 0.3414
vn -0.1993 -0.9187 0.3411
vn 0.1585 -0.9319 0.3264
vn 0.1698 -0.9300 0.3259
vn 0.5487 -0.7881 0.2791
vn 0.7008 -0.6720 0.2394
vn 0.9852 -0.1636 0.0517
vn 0.8402 0.5348 -0.0891
vn 0.9954 -0.0926 0.0232
vn 0.2688 0.9618 0.0517
vn 0.3374 0.9411 0.0232
vn -0.4817 0.8307 0.2791
vn -0.3121 0.9194 0.2394
vn -0.0009 0.0002 1.0000
vn -0.0008 -0.0005 1.0000
vn -0.7772 0.5380 0.3264
vn -0.7707 0.5475 0.3259
vn -0.9184 0.1998 0.3414
vn -0.9167 0.2083 0.3411
vn -0.9217 -0.1644 0.3513
vn -0.9226 -0.1598 0.3512
vn -0.0006 0.0007 1.0000
vn 0.0009 0.0002 1.0000
vn 0.0008 0.0005 1.0000
vn -0.0002 0.0009 1.0000
vn -0.0002 -0.0009 1.0000
vn 0.0004 -0.0008 1.0000
vn 0.0008 -0.0005 1.0000
vn 0.0009 -0.0002 1.0000
vn 0.0005 0.0008 1.0000
vn 0.0002 0.0009 1.0000
vn -0.7887 -0.5021 -0.3547
vn -0.5353 -0.7682 -0.3512
vn -0.5391 -0.7655 -0.3513
vn -0.1993 -0.9187 -0.3411
vn -0.2077 -0.9167 -0.3414
vn 0.1698 -0.9300 -0.3259
vn 0.1585 -0.9319 -0.3264
vn 0.7008 -0.6720 -0.2394
vn 0.5487 -0.7881 -0.2791
vn 0.9852 -0.1636 -0.0517
vn 0.9954 -0.0926 -0.0232
vn 0.8402 0.5348 0.0891
vn 0.3374 0.9411 -0.0232
vn 0.2688 0.9618 -0.0517
vn -0.3121 0.9194 -0.2394
vn -0.4817 0.8307 -0.2791
vn -0.0009 0.0002 -1.0000
vn -0.0008 -0.0005 -1.0000
vn -0.7707 0.5475 -0.3259
vn -0.7772 0.5380 -0.3264
vn -0.9167 0.2083 -0.3411
vn -0.9184 0.1998 -0.3414
vn -0.9226 -0.1598 -0.3512
vn -0.9217 -0.1644 -0.3513
vn -0.0006 0.0007 -1.0000
vn 0.0009 0.0002 -1.0000
vn 0.0008 0.0005 -1.0000
vn -0.0002 0.0009 -1.0000
vn -0.0002 -0.0009 -1.0000
vn 0.0004 -0.0008 -1.0000
vn 0.0008 -0.0005 -1.0000
vn 0.0009 -0.0002 -1.0000
vn 0.0005 0.0008 -1.0000
vn 0.0002 0.0009 -1.0000
vn 0.0148 0.9349 0.3547
vn -0.3425 0.8714 0.3513
vn -0.3469 0.8697 0.3512
vn -0.6511 0.6779 0.3414
vn -0.6574 0.6719 0.3411
vn -0.8653 0.3805 0.3264
vn -0.8700 0.3700 0.3259
vn -0.9600 -0.0245 0.2791
vn -0.9467 -0.2154 0.2394
vn -0.6788 -0.7325 0.0517
vn -0.0158 -0.9959 -0.0891
vn -0.6251 -0.7802 0.0232
vn 0.6552 -0.7537 0.0517
vn 0.6001 -0.7996 0.0232
vn 0.9587 -0.0549 0.2791
vn 0.9394 -0.2453 0.2394
vn 0.0007 0.0007 1.0000
vn 0.0000 0.0009 1.0000
vn 0.8769 0.3528 0.3264
vn 0.8813 0.3422 0.3259
vn 0.6722 0.6569 0.3414
vn 0.6783 0.6508 0.3411
vn 0.3700 0.8601 0.3513
vn 0.3743 0.8583 0.3512
vn 0.0009 0.0001 1.0000
vn -0.0004 -0.0008 1.0000
vn -0.0000 -0.0009 1.0000
vn 0.0009 -0.0004 1.0000
vn -0.0007 0.0007 1.0000
vn -0.0009 0.0001 1.0000
vn -0.0009 -0.0003 1.0000
vn -0.0007 -0.0006 1.0000
vn 0.0003 -0.0009 1.0000
vn 0.0006 -0.0007 1.0000
vn 0.0148 0.9349 -0.3547
vn -0.3469 0.8697 -0.3512
vn -0.3425 0.8714 -0.3513
vn -0.6574 0.6719 -0.3411
vn -0.6511 0.6779 -0.3414
vn -0.8700 0.3700 -0.3259
vn -0.8653 0.3805 -0.3264
vn -0.9467 -0.2154 -0.2394
vn -0.9600 -0.0245 -0.2791
vn -0.6788 -0.7325 -0.0517
vn -0.6251 -0.7802 -0.0232
vn -0.0158 -0.9959 0.0891
vn 0.6001 -0.7996 -0.0232
vn 0.6552 -0.7537 -0.0517
vn 0.9394 -0.2453 -0.2394
vn 0.9587 -0.0549 -0.2791
vn 0.0007 0.0007 -1.0000
vn 0.0000 0.0009 -1.0000
vn 0.8813 0.3422 -0.3259
vn 0.8769 0.3528 -0.3264
vn 0.6783 0.6508 -0.3411
vn 0.6722 0.6569 -0.3414
vn 0.3743 0.8583 -0.3512
vn 0.3700 0.8601 -0.3513
vn 0.0009 0.0001 -1.0000
vn -0.0004 -0.0008 -1.0000
vn -0.0000 -0.0009 -1.0000
vn 0.0009 -0.0004 -1.0000
vn -0.0007 0.0007 -1.0000
vn -0.0009 0.0001 -1.0000
vn -0.0009 -0.0003 -1.0000
vn -0.0007 -0.0006 -1.0000
vn 0.0003 -0.0009 -1.0000
vn 0.0006 -0.0007 -1.0000
vn 0.6784 0.6508 0.3411
vn 0.3742 0.8583 0.3512
vn 0.8813 0.3422 -0.3258
vn 0.6784 0.6508 -0.3411
vn 0.3742 0.8583 -0.3512
vn -0.3468 0.8697 0.3512
vn -0.3468 0.8697 -0.3512
vn -0.8056 -0.3357 0.4881
vn -0.8056 -0.3358 0.4881
vn -0.6143 -0.6186 0.4899
vn -0.6160 -0.6169 0.4899
vn -0.3291 -0.8045 0.4945
vn -0.3330 -0.8029 0.4944
vn 0.0044 -0.8653 0.5012
vn -0.0010 -0.8654 0.5010
vn 0.3212 -0.8013 0.5047
vn 0.4283 -0.7515 0.5017
vn 0.7872 -0.3751 0.4895
vn 0.8076 0.3362 0.4845
vn 0.8072 0.3371 0.4845
vn 0.8082 -0.3276 0.4894
vn 0.2892 0.8236 0.4880
vn 0.3364 0.8054 0.4879
vn -0.3429 0.7930 0.5036
vn -0.2319 0.8340 0.5006
vn -0.0009 0.0004 1.0000
vn -0.0009 -0.0004 1.0000
vn -0.6119 0.6126 0.5003
vn -0.6157 0.6089 0.5002
vn -0.8034 0.3327 0.4938
vn -0.8050 0.3290 0.4937
vn -0.8720 -0.0010 0.4895
vn -0.8720 -0.0031 0.4895
vn -0.0004 0.0008 1.0000
vn 0.0009 0.0000 1.0000
vn 0.0009 0.0004 1.0000
vn -0.0004 -0.0009 1.0000
vn 0.0007 -0.0007 1.0000
vn 0.0004 0.0009 1.0000
usemtl MI_Guns_Batch1
s off
f 108/1/1 75/2/1 74/3/1 107/4/1
f 20/5/2 54/6/2 56/7/2 37/8/2
f 106/9/3 109/10/3 108/1/3 107/4/3
f 184/11/1 107/4/1 74/3/1 163/12/1
f 20/5/2 129/13/2 147/14/2 54/6/2
f 106/9/3 107/4/3 184/11/3 185/15/3
f 189/16/4 191/17/4 190/18/4 188/19/4
f 205/20/5 206/21/5 195/22/5 203/23/5
f 195/24/6 197/25/6 196/26/6 207/27/6
f 207/27/7 196/26/7 222/28/7 223/29/7
f 240/30/8 239/31/8 234/32/8 241/33/8
f 234/34/9 242/35/9 235/36/9 236/37/9
f 242/35/10 256/38/10 255/39/10 235/36/10
f 261/40/11 188/41/11 190/42/11 260/43/11
f 263/44/12 191/45/12 189/46/12 262/47/12
f 260/43/13 190/42/13 191/48/13 263/49/13
f 262/47/14 189/46/14 188/41/14 261/40/14
f 312/50/15 329/51/15 314/52/15 313/53/15
f 400/54/16 383/55/16 384/56/16 401/57/16
f 384/58/17 383/59/17 393/60/18 390/61/17
f 334/62/19 400/54/19 401/57/19 335/63/19
f 316/64/20 318/65/21 475/66/21 473/67/22
f 308/68/23 508/69/23 509/70/23 309/71/23
f 457/72/24 508/69/24 308/68/24
f 509/73/17 508/74/17 507/75/17 510/76/17
f 527/77/25 528/78/25 314/52/25 329/51/25
f 601/79/16 401/57/16 384/56/16 588/80/16
f 384/58/17 390/61/17 594/81/18 588/82/17
f 543/83/19 335/63/19 401/57/19 601/79/19
f 529/84/26 663/85/27 475/66/21 318/65/21
f 524/86/23 309/71/23 509/70/23 697/87/23
f 647/88/28 524/86/28 697/87/28
f 509/73/17 510/76/17 696/89/17 697/90/17
f 714/91/29 718/92/29 720/93/29 716/94/29
f 732/95/30 733/96/30 735/97/30 734/98/30
f 776/99/4 777/100/4 778/101/4 779/102/4 780/103/4 781/104/4 782/105/4 783/106/4 784/107/4 785/108/4 786/109/4 787/110/4 788/111/4 789/112/4 790/113/4 791/114/4 792/115/4 793/116/4 794/117/4 795/118/4
f 916/119/31 935/120/31 934/121/31 933/122/31 932/123/31 931/124/31 930/125/31 929/126/31 928/127/31 927/128/31 926/129/31 925/130/31 924/131/31 923/132/31 922/133/31 921/134/31 920/135/31 919/136/31 918/137/31 917/138/31
f 1017/139/31 1016/140/31 1035/141/31 1034/142/31 1033/143/31 1032/144/31 1031/145/31 1030/146/31 1029/147/31 1028/148/31 1027/149/31 1026/150/31 1025/151/31 1024/152/31 1023/153/31 1022/154/31 1021/155/31 1020/156/31 1019/157/31 1018/158/31
f 1109/159/32 1090/160/32 1118/161/32 1134/162/32
f 1092/163/33 1110/164/33 1136/165/33 1119/166/33
f 1100/167/34 1080/168/34 1115/169/34 1124/170/34
f 1082/171/35 1101/172/35 1126/173/35 1116/174/35
f 1229/175/36 1245/176/36 1249/177/36 1231/178/36
f 1270/179/37 1268/180/37 1273/181/37 1275/182/37
f 1230/183/23 1231/178/23 1249/177/23 1246/184/23
f 1222/185/38 1227/186/38 1239/187/38 1238/188/38
f 1246/184/39 1249/177/39 1248/189/39 1247/190/39
f 1249/177/40 1245/176/40 1244/191/40 1248/189/40
f 1275/182/41 1273/181/41 1274/192/41 1276/193/41
f 1275/182/42 1276/193/42 1277/194/42 1278/195/42
f 1271/196/43 1270/179/43 1275/182/43 1278/195/43
f 1293/197/44 1297/198/44 1296/199/44 1295/200/44 1294/201/44
f 1229/175/36 1231/178/36 1345/202/36 1341/203/36
f 1359/204/37 1362/205/37 1273/181/37 1268/180/37
f 1230/183/23 1342/206/23 1345/202/23 1231/178/23
f 1331/207/38 1336/208/38 1239/187/38 1227/186/38
f 1342/206/45 1343/209/45 1344/210/45 1345/202/45
f 1345/202/46 1344/210/46 1340/211/46 1341/203/46
f 1362/205/41 1363/212/41 1274/192/41 1273/181/41
f 1362/205/47 1365/213/47 1364/214/47 1363/212/47
f 1360/215/48 1365/213/48 1362/205/48 1359/204/48
f 1293/197/49 1294/201/49 1374/216/49 1375/217/49 1376/218/49
f 1411/219/4 1412/220/4 1408/221/4 1409/222/4
f 1418/223/50 1411/219/50 1409/222/50 1402/224/50
f 1412/220/51 1417/225/51 1407/226/51 1408/221/51
f 1418/223/52 1417/225/52 1412/220/52 1411/219/52
f 1421/227/53 1422/228/53 1436/229/53 1435/230/53
f 1422/228/54 1425/231/55 1439/232/56 1436/229/54
f 1459/233/57 1461/234/57 1439/232/57 1437/235/57
f 1461/234/58 1459/233/58 1469/236/58 1470/237/58
f 1466/238/59 1467/239/59 1470/237/59 1469/236/59
f 1402/224/60 1409/222/60 1408/221/60 1407/226/60
f 1489/240/31 1487/241/31 1486/242/31 1490/243/31
f 1494/244/61 1482/245/61 1487/241/61 1489/240/61
f 1490/243/62 1486/242/62 1485/246/62 1493/247/62
f 1494/244/63 1489/240/63 1490/243/63 1493/247/63
f 1496/248/64 1506/249/64 1507/250/64 1497/251/64
f 1528/252/65 1508/253/65 1509/254/65 1529/255/65
f 1529/255/66 1536/256/66 1535/257/66 1528/252/66
f 1533/258/67 1535/257/67 1536/256/67 1534/259/67
f 1482/245/60 1485/246/60 1486/242/60 1487/241/60
f 1566/260/68 1567/261/68 1565/262/68 1572/263/68 1571/264/68 1544/265/68 1543/266/68 1479/267/68 1480/268/68 1570/269/68 1563/270/68 1564/271/68 1569/272/68 1568/273/68
f 1575/274/69 1576/275/69 1580/276/69 1579/277/69
f 1577/278/70 1578/279/70 1574/280/70 1573/281/70
f 1577/278/4 1573/281/4 1582/282/4 1584/283/4
f 1580/276/71 1576/275/71 1574/280/71 1578/279/71
f 1575/274/31 1579/277/31 1583/284/31 1581/285/31
f 1587/286/69 1588/287/69 1592/288/69 1591/289/69
f 1589/290/70 1590/291/70 1586/292/70 1585/293/70
f 1589/290/4 1585/293/4 1594/294/4 1596/295/4
f 1592/288/71 1588/287/71 1586/292/71 1590/291/71
f 1587/286/31 1591/289/31 1595/296/31 1593/297/31
f 1599/298/69 1600/299/69 1604/300/69 1603/301/69
f 1601/302/70 1602/303/70 1598/304/70 1597/305/70
f 1601/302/4 1597/305/4 1606/306/4 1608/307/4
f 1604/300/71 1600/299/71 1598/304/71 1602/303/71
f 1599/298/31 1603/301/31 1607/308/31 1605/309/31
f 1611/310/69 1612/311/69 1616/312/69 1615/313/69
f 1613/314/70 1614/315/70 1610/316/70 1609/317/70
f 1613/314/4 1609/317/4 1618/318/4 1620/319/4
f 1616/312/71 1612/311/71 1610/316/71 1614/315/71
f 1611/310/31 1615/313/31 1619/320/31 1617/321/31
f 1623/322/69 1624/323/69 1628/324/69 1627/325/69
f 1625/326/70 1626/327/70 1622/328/70 1621/329/70
f 1625/326/4 1621/329/4 1630/330/4 1632/331/4
f 1628/324/71 1624/323/71 1622/328/71 1626/327/71
f 1623/322/31 1627/325/31 1631/332/31 1629/333/31
f 1773/334/17 1774/335/17 1775/336/17 1776/337/17 1777/338/17 1778/339/17 1779/340/17 1780/341/17 1781/342/17 1782/343/17 1783/344/17 1784/345/17 1785/346/17 1786/347/17 1787/348/17 1788/349/17 1789/350/17 1790/351/17 1791/352/17 1792/353/17
s 1
f 40/354/72 18/355/72 82/356/73 86/357/73
f 62/358/74 7/359/75 15/360/76 63/361/77
f 42/362/78 14/363/78 18/355/72 40/354/72
f 61/364/79 9/365/80 7/359/75 62/358/74
f 43/366/81 13/367/81 6/368/82 45/369/82
f 69/370/83 66/371/84 19/372/85 60/373/85
f 11/374/86 16/375/87 15/376/88 7/377/89
f 85/378/90 83/379/90 94/380/91 105/381/91
f 47/382/92 5/383/92 13/367/81 43/366/81
f 67/384/93 64/385/93 5/383/92 47/382/92
f 92/386/4 89/387/4 102/388/4 101/389/4
f 59/390/4 41/391/4 39/392/4 58/393/4
f 7/377/89 9/394/94 12/395/95 11/374/86
f 9/394/94 8/396/96 10/397/97 12/395/95
f 3/398/98 10/397/97 8/396/96 2/399/99
f 1/400/4 71/401/4 70/402/4 36/403/4
f 66/404/100 65/405/101 17/406/102 19/407/103
f 45/369/82 6/368/82 14/363/78 42/362/78
f 36/403/4 29/408/4 100/409/4 103/410/4 51/411/4
f 59/390/4 61/364/4 46/412/4 41/391/4
f 58/393/104 91/413/105 80/414/106 2/415/107
f 76/416/108 79/417/109 98/418/110 97/419/111
f 79/420/112 92/386/113 101/389/4 98/421/4
f 99/422/4 100/409/4 29/408/4 28/423/4 33/424/4 32/425/4 31/426/4 30/427/4
f 30/428/114 31/429/115 26/430/115 27/431/114
f 31/429/115 32/432/116 25/433/116 26/430/115
f 32/432/116 33/434/117 24/435/118 25/433/116
f 33/434/117 28/436/119 23/437/119 24/435/118
f 3/398/98 2/399/99 80/438/120 77/439/121
f 38/440/122 1/400/4 36/403/4 51/411/4
f 86/441/123 88/442/124 39/392/125 40/443/126
f 42/444/127 41/391/128 46/412/129 45/445/130
f 45/445/130 46/412/129 44/446/131 43/447/132
f 40/443/126 39/392/125 41/391/128 42/444/127
f 43/447/132 44/446/131 48/448/133 47/449/134
f 67/450/135 68/451/136 49/452/137 50/453/137
f 105/454/138 102/388/139 89/387/140 85/455/141
f 52/456/142 51/411/143 103/410/144 104/457/145
f 37/458/146 38/440/122 51/411/143 52/456/142
f 34/459/147 20/5/148 37/8/148 52/460/147
f 37/458/146 56/461/149 57/462/150 38/440/122
f 38/440/122 57/462/150 53/463/4 1/400/4
f 1/400/4 53/463/4 72/464/4 71/401/4
f 8/465/151 9/365/80 61/364/79 59/390/152
f 8/465/151 59/390/152 58/393/104 2/415/107
f 68/451/4 69/370/4 60/373/4 49/452/4
f 46/412/4 61/364/4 62/358/4 44/446/4
f 44/446/4 62/358/4 63/361/4 48/448/4
f 39/392/4 88/442/4 91/413/4 58/393/4
f 48/448/4 63/361/4 69/370/4 68/451/4
f 47/449/134 48/448/133 68/451/136 67/450/135
f 15/376/88 16/375/87 65/405/101 66/404/100
f 50/466/153 4/467/153 64/385/93 67/384/93
f 63/361/77 15/360/76 66/371/84 69/370/83
f 22/468/4 73/469/4 75/470/4 108/471/4 111/472/4
f 71/401/4 21/473/4 35/474/4 70/402/4
f 72/464/4 55/475/4 21/473/4 71/401/4
f 110/476/4 109/477/4 28/423/4 29/408/4 36/403/4 70/402/4
f 35/474/4 22/468/4 111/472/4 110/476/4 70/402/4
f 80/438/120 81/478/154 78/479/155 77/439/121
f 81/478/154 79/417/109 76/416/108 78/479/155
f 86/441/123 87/480/156 90/481/157 88/442/124
f 87/480/156 85/455/141 89/387/140 90/481/157
f 85/378/90 87/482/158 84/483/158 83/379/90
f 87/482/158 86/357/73 82/356/73 84/483/158
f 92/386/4 93/484/4 90/481/4 89/387/4
f 93/484/4 91/413/4 88/442/4 90/481/4
f 79/420/112 81/485/159 93/484/160 92/386/113
f 81/485/159 80/414/106 91/413/105 93/484/160
f 99/486/161 30/428/114 27/431/114 96/487/162
f 101/389/4 100/409/4 99/422/4 98/421/4
f 98/418/110 99/486/161 96/487/162 97/419/111
f 103/410/144 102/388/139 105/454/138 104/457/145
f 100/409/4 101/389/4 102/388/4 103/410/4
f 104/488/163 105/381/91 94/380/91 95/489/164
f 104/488/163 95/489/164 34/459/147 52/460/147
f 108/471/4 109/477/4 110/476/4 111/472/4
f 28/436/119 109/10/23 106/9/23 23/437/119
f 132/490/72 168/491/73 82/356/73 18/355/72
f 153/492/165 154/493/166 117/494/167 114/495/168
f 134/496/78 132/490/72 18/355/72 14/363/78
f 152/497/169 153/492/165 114/495/168 116/498/170
f 135/499/81 137/500/82 6/368/82 13/367/81
f 158/501/171 151/502/172 118/503/172 155/504/173
f 11/374/86 114/505/174 117/506/175 16/375/87
f 167/507/90 183/508/91 94/380/91 83/379/90
f 139/509/92 135/499/81 13/367/81 5/383/92
f 156/510/93 139/509/92 5/383/92 64/385/93
f 174/511/31 179/512/31 180/513/31 171/514/31
f 150/515/31 149/516/31 131/517/31 133/518/31
f 114/505/174 11/374/86 12/395/95 116/519/176
f 116/519/176 12/395/95 10/397/97 115/520/177
f 3/398/98 113/521/178 115/520/177 10/397/97
f 112/522/31 128/523/31 159/524/31 160/525/31
f 155/526/179 118/527/180 17/406/102 65/405/101
f 137/500/82 134/496/78 14/363/78 6/368/82
f 128/523/31 143/528/31 181/529/31 178/530/31 122/531/31
f 150/515/31 133/518/31 138/532/31 152/497/31
f 149/516/181 113/533/182 165/534/183 173/535/184
f 76/416/108 97/419/111 176/536/185 164/537/186
f 164/538/187 176/539/31 179/512/31 174/511/188
f 177/540/31 123/541/31 124/542/31 125/543/31 126/544/31 121/545/31 122/531/31 178/530/31
f 123/546/114 27/431/114 26/430/115 124/547/115
f 124/547/115 26/430/115 25/433/116 125/548/116
f 125/548/116 25/433/116 24/435/118 126/549/117
f 126/549/117 24/435/118 23/437/119 121/550/119
f 3/398/98 77/439/121 165/551/189 113/521/178
f 130/552/190 143/528/31 128/523/31 112/522/31
f 168/553/191 132/554/192 131/517/193 170/555/194
f 134/556/195 137/557/196 138/532/197 133/518/198
f 137/557/196 135/558/199 136/559/200 138/532/197
f 132/554/192 134/556/195 133/518/198 131/517/193
f 135/558/199 139/560/201 140/561/202 136/559/200
f 156/562/203 142/563/204 141/564/204 157/565/205
f 183/566/206 167/567/207 171/514/208 180/513/209
f 144/568/210 182/569/211 181/529/212 143/528/213
f 129/570/214 144/568/210 143/528/213 130/552/190
f 34/459/147 144/571/147 129/13/148 20/5/148
f 129/570/214 130/552/190 148/572/215 147/573/216
f 130/552/190 112/522/31 145/574/31 148/572/215
f 112/522/31 160/525/31 161/575/31 145/574/31
f 115/576/217 150/515/218 152/497/169 116/498/170
f 115/576/217 113/533/182 149/516/181 150/515/218
f 157/565/31 141/564/31 151/502/31 158/501/31
f 138/532/31 136/559/31 153/492/31 152/497/31
f 136/559/31 140/561/31 154/493/31 153/492/31
f 131/517/31 149/516/31 173/535/31 170/555/31
f 140/561/31 157/565/31 158/501/31 154/493/31
f 139/560/201 156/562/203 157/565/205 140/561/202
f 117/506/175 155/526/179 65/405/101 16/375/87
f 142/577/153 156/510/93 64/385/93 4/467/153
f 154/493/166 158/501/171 155/504/173 117/494/167
f 120/578/31 187/579/31 184/580/31 163/581/31 162/582/31
f 160/525/31 159/524/31 127/583/31 119/584/31
f 161/575/31 160/525/31 119/584/31 146/585/31
f 186/586/31 159/524/31 128/523/31 122/531/31 121/545/31 185/587/31
f 127/583/31 159/524/31 186/586/31 187/579/31 120/578/31
f 165/551/189 77/439/121 78/479/155 166/588/219
f 166/588/219 78/479/155 76/416/108 164/537/186
f 168/553/191 170/555/194 172/589/220 169/590/221
f 169/590/221 172/589/220 171/514/208 167/567/207
f 167/507/90 83/379/90 84/483/158 169/591/158
f 169/591/158 84/483/158 82/356/73 168/491/73
f 174/511/31 171/514/31 172/589/31 175/592/31
f 175/592/31 172/589/31 170/555/31 173/535/31
f 164/538/187 174/511/188 175/592/222 166/593/223
f 166/593/223 175/592/222 173/535/184 165/534/183
f 177/594/224 96/487/162 27/431/114 123/546/114
f 179/512/31 176/539/31 177/540/31 178/530/31
f 176/536/185 97/419/111 96/487/162 177/594/224
f 181/529/212 182/569/211 183/566/206 180/513/209
f 178/530/31 181/529/31 180/513/31 179/512/31
f 182/595/225 95/489/164 94/380/91 183/508/91
f 182/595/225 144/571/147 34/459/147 95/489/164
f 184/580/31 187/579/31 186/586/31 185/587/31
f 121/550/119 23/437/119 106/9/23 185/15/23
f 195/24/4 263/596/4 262/597/4 197/25/4
f 199/598/226 205/20/226 203/23/226 204/599/226
f 192/600/227 200/601/227 202/602/227 193/603/227
f 215/604/39 201/605/39 200/601/39 212/606/39
f 200/601/228 201/605/228 198/607/228 202/602/228
f 213/608/23 198/607/23 201/605/23 215/604/23
f 209/609/4 261/610/4 260/611/4 208/612/4
f 214/613/4 209/609/4 208/612/4 212/614/4
f 199/598/23 211/615/23 210/616/23 205/20/23
f 205/20/39 210/616/39 208/617/39 206/21/39
f 192/618/4 214/613/4 212/614/4 200/619/4
f 211/615/23 213/608/23 215/604/23 210/616/23
f 210/616/39 215/604/39 212/606/39 208/617/39
f 197/25/4 194/620/4 217/621/4 219/622/4
f 194/620/4 209/609/4 220/623/4 217/621/4
f 214/613/4 192/618/4 216/624/4 221/625/4
f 196/26/4 197/25/4 219/622/4 218/626/4
f 192/600/229 193/603/229 231/627/229 216/628/229
f 209/609/4 214/613/4 221/625/4 220/623/4
f 223/629/17 222/630/17 226/631/17 224/632/17
f 196/26/4 218/626/4 225/633/4 222/28/4
f 228/634/17 227/635/17 229/636/17 230/637/17
f 226/638/23 222/639/23 228/640/23 230/641/23
f 222/28/4 225/633/4 227/642/4 228/643/4
f 234/34/31 236/37/31 233/644/31 241/645/31
f 199/598/226 204/599/226 239/31/226 240/30/226
f 232/646/227 193/603/227 202/602/227 237/647/227
f 248/648/45 246/649/45 237/647/45 238/650/45
f 237/647/228 202/602/228 198/607/228 238/650/228
f 213/608/23 248/648/23 238/650/23 198/607/23
f 244/651/31 243/652/31 241/645/31 233/644/31
f 247/653/31 246/654/31 243/652/31 244/651/31
f 199/598/23 240/30/23 245/655/23 211/615/23
f 240/30/45 241/33/45 243/656/45 245/655/45
f 232/657/31 237/658/31 246/654/31 247/653/31
f 211/615/23 245/655/23 248/648/23 213/608/23
f 245/655/45 243/656/45 246/649/45 248/648/45
f 236/37/31 252/659/31 250/660/31 233/644/31
f 233/644/31 250/660/31 253/661/31 244/651/31
f 247/653/31 254/662/31 249/663/31 232/657/31
f 235/36/31 251/664/31 252/659/31 236/37/31
f 232/646/229 249/665/229 231/627/229 193/603/229
f 244/651/31 253/661/31 254/662/31 247/653/31
f 256/666/17 224/632/17 226/631/17 255/667/17
f 235/36/31 255/39/31 257/668/31 251/664/31
f 259/669/17 230/637/17 229/636/17 258/670/17
f 226/638/23 230/641/23 259/671/23 255/672/23
f 255/39/31 259/673/31 258/674/31 257/668/31
f 197/25/4 262/597/4 194/620/4
f 263/596/4 195/24/4 206/675/4
f 261/610/4 209/609/4 194/620/4 262/597/4
f 208/612/4 260/611/4 263/596/4 206/675/4
f 267/676/230 266/677/230 264/678/230 265/679/230
f 270/680/231 269/681/231 268/682/231 271/683/231
f 271/684/4 273/685/4 279/686/4 277/687/4
f 274/688/4 273/685/4 271/684/4 268/689/4
f 275/690/232 274/691/232 268/682/232 269/681/232
f 286/692/233 285/693/233 274/691/233 275/690/233
f 285/694/4 284/695/4 273/685/4 274/688/4
f 284/696/234 283/697/234 272/698/234 273/699/234
f 279/700/235 278/701/234 276/702/234 277/703/235
f 273/699/236 272/698/236 278/701/236 279/700/236
f 270/680/237 271/683/237 277/704/237 276/705/237
f 266/706/238 267/707/238 282/708/238 280/709/238
f 264/710/4 266/711/4 280/712/4 281/713/4
f 281/713/4 285/694/4 291/714/4 289/715/4
f 280/709/234 282/708/234 283/697/234 284/696/234
f 281/713/4 280/712/4 284/695/4 285/694/4
f 265/679/239 264/678/239 287/716/239 288/717/239
f 288/718/2 287/719/2 289/720/2 290/721/2
f 290/721/2 289/720/2 291/722/2 292/723/2
f 264/710/4 281/713/4 289/715/4 287/724/4
f 285/725/240 286/726/240 292/727/240 291/728/240
f 267/676/230 265/679/230 293/729/230 294/730/230
f 270/680/231 296/731/231 295/732/231 269/681/231
f 296/733/31 299/734/31 300/735/31 297/736/31
f 298/737/31 295/738/31 296/733/31 297/736/31
f 275/690/232 269/681/232 295/732/232 298/739/232
f 286/692/233 275/690/233 298/739/233 304/740/233
f 304/741/31 298/737/31 297/736/31 303/742/31
f 303/743/234 297/744/234 272/698/234 283/697/234
f 300/745/234 299/746/234 276/702/234 278/701/234
f 297/744/236 300/745/236 278/701/236 272/698/236
f 270/680/237 276/705/237 299/747/237 296/731/237
f 294/748/238 301/749/238 282/708/238 267/707/238
f 293/750/31 302/751/31 301/752/31 294/753/31
f 302/751/31 306/754/31 307/755/31 304/741/31
f 301/749/234 303/743/234 283/697/234 282/708/234
f 302/751/31 304/741/31 303/742/31 301/752/31
f 265/679/239 288/717/239 305/756/239 293/729/239
f 288/718/2 290/721/2 306/757/2 305/758/2
f 290/721/2 292/723/2 307/759/2 306/757/2
f 293/750/31 305/760/31 306/754/31 302/751/31
f 304/761/240 307/762/240 292/727/240 286/726/240
f 309/71/241 321/763/242 320/764/243 308/68/241
f 330/765/4 409/766/4 311/767/4
f 414/768/244 419/769/244 315/770/245 310/771/245
f 380/772/4 320/773/4 312/774/4
f 380/775/246 312/50/246 313/53/246 381/776/246
f 377/777/71 325/778/71 326/779/71 378/780/71
f 325/778/247 324/781/248 374/782/248 372/783/249
f 310/771/250 315/770/251 371/784/251 369/785/252
f 327/786/4 322/787/4 354/788/4 356/789/4 330/765/4
f 324/790/4 327/786/4 330/765/4 311/767/4
f 356/789/4 355/791/4 425/792/4 409/766/4 330/765/4
f 376/793/253 324/781/253 325/778/253 377/777/253
f 320/764/243 321/763/242 329/51/254 312/50/255
f 375/794/4 379/795/4 322/787/4 327/786/4
f 335/796/71 450/797/71 444/798/71 334/799/71
f 440/800/4 434/801/4 332/802/4 333/803/4
f 376/804/4 375/794/4 327/786/4 324/790/4
f 435/805/256 424/806/257 404/807/257 430/808/258
f 440/809/246 333/810/246 334/799/246 444/798/246
f 409/811/259 414/768/260 310/771/261 311/812/261
f 449/813/71 420/814/262 415/815/262 445/816/71
f 410/817/263 439/818/246 445/816/246 415/815/264
f 410/819/4 424/806/4 435/805/4 439/820/4
f 332/802/265 331/821/266 336/822/267 337/823/267
f 346/824/268 337/823/23 336/822/23 339/825/268
f 320/773/4 332/802/4 337/823/4 346/826/4 348/827/4 349/828/4 350/829/4 351/830/4 352/831/4 353/832/4 347/833/4
f 338/834/269 347/835/269 353/836/270 340/837/270
f 340/837/270 353/836/270 352/838/271 341/839/271
f 341/839/271 352/838/271 351/840/272 342/841/272
f 342/841/272 351/840/272 350/842/273 343/843/273
f 343/843/273 350/842/273 349/844/274 344/845/274
f 344/845/274 349/844/274 348/846/275 345/847/275
f 345/847/275 348/846/275 346/824/268 339/825/268
f 308/68/241 320/764/243 347/848/269 338/849/269
f 354/788/4 357/850/4 356/789/4
f 357/850/4 358/851/4 356/789/4
f 358/851/4 359/852/4 356/789/4
f 359/852/4 360/853/4 356/789/4
f 360/853/4 361/854/4 356/789/4
f 361/854/4 355/791/4 356/789/4
f 354/788/276 363/855/277 368/856/278 357/850/279
f 357/850/279 368/856/278 367/857/280 358/851/281
f 358/851/281 367/857/280 366/858/282 359/852/283
f 359/852/283 366/858/282 365/859/284 360/853/285
f 360/853/285 365/859/284 364/860/286 361/854/287
f 361/854/287 364/860/286 362/861/288 355/791/289
f 363/855/277 354/788/276 322/787/290 323/862/290
f 370/863/71 369/785/71 372/783/71 374/782/71
f 369/785/71 371/784/71 373/864/71 372/783/71
f 311/812/291 310/771/250 369/785/252 370/863/291
f 324/790/4 311/767/4 370/865/4 374/866/4
f 326/779/292 325/778/247 372/783/249 373/864/292
f 317/867/4 328/868/4 375/794/4 376/804/4
f 328/868/4 319/869/4 379/795/4 375/794/4
f 317/870/253 376/793/253 377/777/253 316/871/253
f 316/871/71 377/777/71 378/780/71 318/872/71
f 333/810/246 380/775/246 381/776/246 334/799/246
f 333/803/4 332/802/4 320/773/4 380/772/4
f 382/873/4 313/874/4 386/875/4 388/876/4
f 381/877/4 313/874/4 382/873/4 383/878/4
f 393/60/18 389/879/293 398/880/294 399/881/294
f 387/882/295 390/883/71 393/884/71 391/885/295
f 383/878/4 382/873/4 388/876/4 389/886/4
f 313/887/2 392/888/296 386/889/297
f 392/888/296 313/887/2 314/890/2 385/891/2
f 391/885/295 392/892/298 385/893/298 387/882/295
f 386/889/297 392/888/296 394/894/299 395/895/299
f 334/896/4 381/877/4 383/878/4 400/897/4
f 393/60/18 383/59/17 389/879/293
f 395/898/298 394/899/298 396/900/295 397/901/295
f 396/900/295 399/902/71 398/903/71 397/901/295
f 391/885/300 393/884/301 399/902/301 396/900/302
f 389/886/4 388/876/4 397/904/4 398/905/4
f 392/892/303 391/885/300 396/900/302 394/899/303
f 388/876/4 386/875/4 395/906/4 397/904/4
f 379/795/304 319/869/304 402/907/304 403/908/304
f 322/787/304 379/795/304 403/908/304 323/862/304
f 415/815/262 420/814/262 423/909/305 418/910/305
f 418/910/305 423/909/305 422/911/306 417/912/306
f 417/912/306 422/911/306 421/913/307 416/914/307
f 416/914/307 421/913/307 419/769/244 414/768/244
f 410/817/263 415/815/264 418/910/308 413/915/309
f 413/915/309 418/910/308 417/912/310 412/916/311
f 412/916/311 417/912/310 416/914/312 411/917/313
f 411/917/313 416/914/312 414/768/260 409/811/259
f 404/807/257 424/806/257 426/918/257 406/919/257
f 406/919/257 426/918/257 427/920/257 407/921/257
f 407/921/257 427/920/257 428/922/257 408/923/257
f 408/923/257 428/922/257 425/792/257 405/924/257
f 424/806/4 410/819/4 413/925/4 426/918/4
f 426/918/4 413/925/4 412/926/4 427/920/4
f 427/920/4 412/926/4 411/927/4 428/922/4
f 428/922/4 411/927/4 409/766/4 425/792/4
f 425/792/257 355/791/289 362/861/288 405/924/257
f 435/805/256 430/808/258 433/928/314 438/929/315
f 438/929/315 433/928/314 432/930/316 437/931/317
f 437/931/317 432/930/316 431/932/318 436/933/319
f 436/933/319 431/932/318 429/934/320 434/801/321
f 440/809/246 444/798/246 446/935/246 443/936/246
f 443/936/246 446/935/246 447/937/246 442/938/246
f 442/938/246 447/937/246 448/939/246 441/940/246
f 441/940/246 448/939/246 445/816/246 439/818/246
f 434/801/4 440/800/4 443/941/4 436/933/4
f 436/933/4 443/941/4 442/942/4 437/931/4
f 437/931/4 442/942/4 441/943/4 438/929/4
f 438/929/4 441/943/4 439/820/4 435/805/4
f 449/813/71 445/816/71 448/939/71 451/944/71
f 451/944/71 448/939/71 447/937/71 452/945/71
f 452/945/71 447/937/71 446/935/71 453/946/71
f 453/946/71 446/935/71 444/798/71 450/797/71
f 332/802/265 434/801/321 429/934/320 331/821/266
f 341/839/271 342/841/272 461/947/272 460/948/271
f 362/861/322 478/949/322 485/950/23 405/924/23
f 364/860/323 365/859/324 467/951/324 466/952/323
f 308/68/241 338/849/269 457/72/325
f 404/807/23 484/953/23 490/954/326 430/808/326
f 406/919/23 486/955/23 484/953/23 404/807/23
f 342/841/272 343/843/273 462/956/273 461/947/272
f 433/928/327 493/957/327 492/958/328 432/930/328
f 407/921/23 487/959/23 486/955/23 406/919/23
f 339/825/268 336/822/23 456/960/23 458/961/268
f 403/908/23 402/907/23 471/962/23 472/963/23
f 363/855/329 323/862/330 454/964/330 465/965/329
f 336/822/331 331/821/332 455/966/332 456/960/331
f 343/843/273 344/845/274 463/967/274 462/956/273
f 432/930/328 492/958/328 491/968/333 431/932/333
f 368/856/334 363/855/329 465/965/329 470/969/334
f 338/834/269 340/837/270 459/970/270 457/971/325
f 323/862/23 403/908/23 472/963/23 454/964/23
f 408/923/23 488/972/23 487/959/23 407/921/23
f 367/857/335 368/856/334 470/969/334 469/973/335
f 344/845/274 345/847/275 464/974/275 463/967/274
f 431/932/333 491/968/333 489/975/336 429/934/336
f 430/808/326 490/954/326 493/957/327 433/928/327
f 366/858/337 367/857/335 469/973/335 468/976/337
f 340/837/270 341/839/271 460/948/271 459/970/270
f 405/924/23 485/950/23 488/972/23 408/923/23
f 345/847/275 339/825/268 458/961/268 464/974/275
f 429/934/336 489/975/336 455/966/332 331/821/332
f 365/859/324 366/858/337 468/976/337 467/951/324
f 460/977/31 461/978/31 462/979/31 463/980/31 464/981/31 458/982/31 456/983/31 455/984/31 508/985/31 457/986/31 459/987/31
f 328/988/338 317/989/339 474/990/340 477/991/338
f 319/992/17 328/988/17 477/991/17 476/993/17
f 317/989/339 316/64/341 473/67/22 474/990/340
f 402/994/17 319/992/17 476/993/17 471/995/17
f 465/996/31 454/997/31 472/998/31 471/999/31 476/1000/31 477/1001/31 466/1002/31 467/1003/31 468/1004/31 469/1005/31 470/1006/31
f 492/1007/31 493/1008/31 506/1009/31 505/1010/31
f 488/1011/31 485/1012/31 498/1013/31 501/1014/31
f 490/1015/31 484/1016/31 497/1017/31 503/1018/31
f 484/1016/31 486/1019/31 499/1020/31 497/1017/31
f 491/1021/31 492/1007/31 505/1010/31 504/1022/31
f 485/1012/31 478/1023/31 495/1024/31 498/1013/31
f 486/1019/31 487/1025/31 500/1026/31 499/1020/31
f 489/1027/31 491/1021/31 504/1022/31 502/1028/31
f 478/1023/31 466/1002/31 496/1029/342 495/1024/31
f 493/1008/31 490/1015/31 503/1018/31 506/1009/31
f 487/1025/31 488/1011/31 501/1014/31 500/1026/31
f 455/984/31 489/1027/31 502/1028/31 494/1030/31
f 507/1031/31 508/985/31 455/984/31 494/1030/31
f 466/1002/31 477/1001/31 474/1032/343 496/1029/342
f 503/1033/23 497/1034/23 514/1035/23 520/1036/23
f 501/1037/23 498/1038/23 515/1039/23 518/1040/23
f 498/1038/23 495/1041/23 512/1042/23 515/1039/23
f 506/1043/23 503/1033/23 520/1036/23 523/1044/23
f 505/1045/23 506/1043/23 523/1044/23 522/1046/23
f 495/1041/23 496/1047/344 513/1048/345 512/1042/23
f 504/1049/23 505/1045/23 522/1046/23 521/1050/23
f 473/1051/346 496/1029/342 474/1032/343
f 497/1034/23 499/1052/23 516/1053/23 514/1035/23
f 475/1054/347 513/1048/345 496/1047/344 473/1055/347
f 502/1056/23 504/1049/23 521/1050/23 519/1057/23
f 499/1052/23 500/1058/23 517/1059/23 516/1053/23
f 494/1060/23 502/1056/23 519/1057/23 511/1061/23
f 507/1062/23 494/1060/23 511/1061/23 510/1063/23
f 500/1058/23 501/1037/23 518/1040/23 517/1059/23
f 466/952/323 478/949/322 362/861/322 364/860/323
f 309/71/241 524/86/241 532/1064/348 321/763/242
f 539/1065/31 526/1066/31 609/1067/31
f 614/1068/244 525/1069/245 315/770/245 419/769/244
f 585/1070/31 527/1071/31 532/1072/31
f 585/1073/349 586/1074/349 528/78/349 527/77/349
f 583/1075/71 378/780/71 326/779/71 536/1076/71
f 536/1076/350 579/1077/351 580/1078/352 535/1079/352
f 525/1069/353 577/1080/354 371/784/251 315/770/251
f 537/1081/31 539/1065/31 564/1082/31 562/1083/31 533/1084/31
f 535/1085/31 526/1066/31 539/1065/31 537/1081/31
f 564/1082/31 539/1065/31 609/1067/31 620/1086/31 563/1087/31
f 582/1088/355 583/1075/355 536/1076/355 535/1079/355
f 532/1064/348 527/77/356 329/51/254 321/763/242
f 581/1089/31 537/1081/31 533/1084/31 584/1090/31
f 335/796/71 543/1091/71 639/1092/71 450/797/71
f 635/1093/31 542/1094/31 541/1095/31 629/1096/31
f 582/1097/31 535/1085/31 537/1081/31 581/1089/31
f 630/1098/357 625/1099/358 604/1100/359 619/1101/359
f 635/1102/349 639/1092/349 543/1091/349 542/1103/349
f 609/1104/360 526/1105/361 525/1069/361 614/1068/362
f 449/813/71 640/1106/71 615/1107/262 420/814/262
f 610/1108/363 615/1107/364 640/1106/349 634/1109/349
f 610/1110/31 634/1111/31 630/1098/31 619/1101/31
f 541/1095/365 545/1112/366 544/1113/366 540/1114/367
f 554/1115/268 547/1116/268 544/1113/23 545/1112/23
f 532/1072/31 555/1117/31 561/1118/31 560/1119/31 559/1120/31 558/1121/31 557/1122/31 556/1123/31 554/1124/31 545/1112/31 541/1095/31
f 546/1125/269 548/1126/270 561/1127/270 555/1128/269
f 548/1126/270 549/1129/271 560/1130/271 561/1127/270
f 549/1129/271 550/1131/272 559/1132/272 560/1130/271
f 550/1131/272 551/1133/273 558/1134/273 559/1132/272
f 551/1133/273 552/1135/274 557/1136/274 558/1134/273
f 552/1135/274 553/1137/275 556/1138/275 557/1136/274
f 553/1137/275 547/1116/268 554/1115/268 556/1138/275
f 524/86/241 546/1139/269 555/1140/269 532/1064/348
f 562/1083/31 564/1082/31 565/1141/31
f 565/1141/31 564/1082/31 566/1142/31
f 566/1142/31 564/1082/31 567/1143/31
f 567/1143/31 564/1082/31 568/1144/31
f 568/1144/31 564/1082/31 569/1145/31
f 569/1145/31 564/1082/31 563/1087/31
f 562/1083/368 565/1141/369 576/1146/370 571/1147/371
f 565/1141/369 566/1142/372 575/1148/373 576/1146/370
f 566/1142/372 567/1143/374 574/1149/375 575/1148/373
f 567/1143/374 568/1144/376 573/1150/377 574/1149/375
f 568/1144/376 569/1145/378 572/1151/379 573/1150/377
f 569/1145/378 563/1087/380 570/1152/381 572/1151/379
f 571/1147/371 534/1153/382 533/1084/382 562/1083/368
f 578/1154/71 580/1078/71 579/1077/71 577/1080/71
f 577/1080/71 579/1077/71 373/864/71 371/784/71
f 526/1105/383 578/1154/383 577/1080/354 525/1069/353
f 535/1085/31 580/1155/31 578/1156/31 526/1066/31
f 326/779/292 373/864/292 579/1077/351 536/1076/350
f 530/1157/31 582/1097/31 581/1089/31 538/1158/31
f 538/1158/31 581/1089/31 584/1090/31 531/1159/31
f 530/1160/355 529/1161/355 583/1075/355 582/1088/355
f 529/1161/71 318/872/71 378/780/71 583/1075/71
f 542/1103/349 543/1091/349 586/1074/349 585/1073/349
f 542/1094/31 585/1070/31 532/1072/31 541/1095/31
f 587/1162/31 590/1163/31 589/1164/31 528/1165/31
f 586/1166/31 588/1167/31 587/1162/31 528/1165/31
f 594/81/18 600/1168/294 599/1169/294 591/1170/293
f 387/882/295 592/1171/295 594/1172/71 390/883/71
f 588/1167/31 591/1173/31 590/1163/31 587/1162/31
f 528/1174/2 589/1175/297 593/1176/296
f 593/1176/296 385/891/2 314/890/2 528/1174/2
f 592/1171/295 387/882/295 385/893/298 593/1177/298
f 589/1175/297 596/1178/299 595/1179/299 593/1176/296
f 543/1180/31 601/1181/31 588/1167/31 586/1166/31
f 594/81/18 591/1170/293 588/82/17
f 596/1182/298 598/1183/295 597/1184/295 595/1185/298
f 597/1184/295 598/1183/295 599/1186/71 600/1187/71
f 592/1171/384 597/1184/385 600/1187/386 594/1172/386
f 591/1173/31 599/1188/31 598/1189/31 590/1163/31
f 593/1177/387 595/1185/387 597/1184/385 592/1171/384
f 590/1163/31 598/1189/31 596/1190/31 589/1164/31
f 584/1090/388 603/1191/388 602/1192/388 531/1159/388
f 533/1084/388 534/1153/388 603/1191/388 584/1090/388
f 615/1107/262 618/1193/305 423/909/305 420/814/262
f 618/1193/305 617/1194/306 422/911/306 423/909/305
f 617/1194/306 616/1195/307 421/913/307 422/911/306
f 616/1195/307 614/1068/244 419/769/244 421/913/307
f 610/1108/363 613/1196/389 618/1193/390 615/1107/364
f 613/1196/389 612/1197/391 617/1194/392 618/1193/390
f 612/1197/391 611/1198/393 616/1195/394 617/1194/392
f 611/1198/393 609/1104/360 614/1068/362 616/1195/394
f 604/1100/359 606/1199/359 621/1200/359 619/1101/359
f 606/1199/359 607/1201/359 622/1202/359 621/1200/359
f 607/1201/359 608/1203/359 623/1204/359 622/1202/359
f 608/1203/359 605/1205/359 620/1086/359 623/1204/359
f 619/1101/31 621/1200/31 613/1206/31 610/1110/31
f 621/1200/31 622/1202/31 612/1207/31 613/1206/31
f 622/1202/31 623/1204/31 611/1208/31 612/1207/31
f 623/1204/31 620/1086/31 609/1067/31 611/1208/31
f 620/1086/359 605/1205/359 570/1152/381 563/1087/380
f 630/1098/357 633/1209/395 628/1210/396 625/1099/358
f 633/1209/395 632/1211/397 627/1212/398 628/1210/396
f 632/1211/397 631/1213/399 626/1214/400 627/1212/398
f 631/1213/399 629/1096/401 624/1215/402 626/1214/400
f 635/1102/349 638/1216/349 641/1217/349 639/1092/349
f 638/1216/349 637/1218/349 642/1219/349 641/1217/349
f 637/1218/349 636/1220/349 643/1221/349 642/1219/349
f 636/1220/349 634/1109/349 640/1106/349 643/1221/349
f 629/1096/31 631/1213/31 638/1222/31 635/1093/31
f 631/1213/31 632/1211/31 637/1223/31 638/1222/31
f 632/1211/31 633/1209/31 636/1224/31 637/1223/31
f 633/1209/31 630/1098/31 634/1111/31 636/1224/31
f 449/813/71 451/944/71 643/1221/71 640/1106/71
f 451/944/71 452/945/71 642/1219/71 643/1221/71
f 452/945/71 453/946/71 641/1217/71 642/1219/71
f 453/946/71 450/797/71 639/1092/71 641/1217/71
f 541/1095/365 540/1114/367 624/1215/402 629/1096/401
f 549/1129/271 650/1225/271 651/1226/272 550/1131/272
f 570/1152/322 605/1205/23 674/1227/23 667/1228/322
f 572/1151/323 656/1229/323 657/1230/324 573/1150/324
f 524/86/241 647/88/325 546/1139/269
f 604/1100/23 625/1099/326 679/1231/326 673/1232/23
f 606/1199/23 604/1100/23 673/1232/23 675/1233/23
f 550/1131/272 651/1226/272 652/1234/273 551/1133/273
f 628/1210/327 627/1212/328 681/1235/328 682/1236/327
f 607/1201/23 606/1199/23 675/1233/23 676/1237/23
f 547/1116/268 648/1238/268 646/1239/23 544/1113/23
f 603/1191/23 662/1240/23 661/1241/23 602/1192/23
f 571/1147/329 655/1242/329 644/1243/330 534/1153/330
f 544/1113/331 646/1239/331 645/1244/332 540/1114/332
f 551/1133/273 652/1234/273 653/1245/274 552/1135/274
f 627/1212/328 626/1214/333 680/1246/333 681/1235/328
f 576/1146/334 660/1247/334 655/1242/329 571/1147/329
f 546/1125/269 647/1248/325 649/1249/270 548/1126/270
f 534/1153/23 644/1243/23 662/1240/23 603/1191/23
f 608/1203/23 607/1201/23 676/1237/23 677/1250/23
f 575/1148/335 659/1251/335 660/1247/334 576/1146/334
f 552/1135/274 653/1245/274 654/1252/275 553/1137/275
f 626/1214/333 624/1215/336 678/1253/336 680/1246/333
f 625/1099/326 628/1210/327 682/1236/327 679/1231/326
f 574/1149/337 658/1254/337 659/1251/335 575/1148/335
f 548/1126/270 649/1249/270 650/1225/271 549/1129/271
f 605/1205/23 608/1203/23 677/1250/23 674/1227/23
f 553/1137/275 654/1252/275 648/1238/268 547/1116/268
f 624/1215/336 540/1114/332 645/1244/332 678/1253/336
f 573/1150/324 657/1230/324 658/1254/337 574/1149/337
f 650/1255/4 649/1256/4 647/1257/4 697/1258/4 645/1259/4 646/1260/4 648/1261/4 654/1262/4 653/1263/4 652/1264/4 651/1265/4
f 538/1266/403 666/1267/403 664/1268/404 530/1269/405
f 531/1270/17 665/1271/17 666/1267/17 538/1266/17
f 530/1269/405 664/1268/404 663/85/27 529/84/406
f 602/1272/17 661/1273/17 665/1271/17 531/1270/17
f 655/1274/4 660/1275/4 659/1276/4 658/1277/4 657/1278/4 656/1279/4 666/1280/4 665/1281/4 661/1282/4 662/1283/4 644/1284/4
f 681/1285/4 694/1286/4 695/1287/4 682/1288/4
f 677/1289/4 690/1290/4 687/1291/4 674/1292/4
f 679/1293/4 692/1294/4 686/1295/4 673/1296/4
f 673/1296/4 686/1295/4 688/1297/4 675/1298/4
f 680/1299/4 693/1300/4 694/1286/4 681/1285/4
f 674/1292/4 687/1291/4 684/1301/4 667/1302/4
f 675/1298/4 688/1297/4 689/1303/4 676/1304/4
f 678/1305/4 691/1306/4 693/1300/4 680/1299/4
f 667/1302/4 684/1301/4 685/1307/407 656/1279/4
f 682/1288/4 695/1287/4 692/1294/4 679/1293/4
f 676/1304/4 689/1303/4 690/1290/4 677/1289/4
f 645/1259/4 683/1308/4 691/1306/4 678/1305/4
f 696/1309/4 683/1308/4 645/1259/4 697/1258/4
f 656/1279/4 685/1307/407 664/1310/408 666/1280/4
f 692/1311/23 520/1036/23 514/1035/23 686/1312/23
f 690/1313/23 518/1040/23 515/1039/23 687/1314/23
f 687/1314/23 515/1039/23 512/1042/23 684/1315/23
f 695/1316/23 523/1044/23 520/1036/23 692/1311/23
f 694/1317/23 522/1046/23 523/1044/23 695/1316/23
f 684/1315/23 512/1042/23 513/1048/345 685/1318/344
f 693/1319/23 521/1050/23 522/1046/23 694/1317/23
f 663/1320/409 664/1310/408 685/1307/407
f 686/1312/23 514/1035/23 516/1053/23 688/1321/23
f 475/1054/347 663/1322/347 685/1318/344 513/1048/345
f 691/1323/23 519/1057/23 521/1050/23 693/1319/23
f 688/1321/23 516/1053/23 517/1059/23 689/1324/23
f 683/1325/23 511/1061/23 519/1057/23 691/1323/23
f 696/1326/23 510/1063/23 511/1061/23 683/1325/23
f 689/1324/23 517/1059/23 518/1040/23 690/1313/23
f 656/1229/323 572/1151/323 570/1152/322 667/1228/322
f 711/1327/4 700/1328/4 705/1329/4 712/1330/4
f 710/1331/4 702/1332/4 700/1328/4 711/1327/4
f 707/1333/71 708/1334/71 701/1335/71 700/1336/71
f 712/1337/71 713/1338/71 704/1339/71 703/1340/71
f 700/1336/410 701/1335/410 706/1341/410 705/1342/410
f 699/1343/411 698/1344/411 703/1340/411 704/1339/411
f 702/1332/4 709/1345/4 707/1346/4 700/1328/4
f 705/1342/71 706/1341/71 713/1338/71 712/1337/71
f 698/1347/4 711/1327/4 712/1330/4 703/1348/4
f 715/1349/412 714/1350/412 716/1351/412 717/1352/412
f 719/1353/413 721/1354/413 720/1355/413 718/1356/413
f 716/1351/71 720/1355/71 721/1354/71 717/1352/71
f 730/1357/31 731/1358/31 726/1359/31 723/1360/31
f 729/1361/31 730/1357/31 723/1360/31 724/1362/31
f 727/1363/71 723/1364/71 701/1335/71 708/1334/71
f 731/1365/71 725/1366/71 704/1339/71 713/1338/71
f 723/1364/410 726/1367/410 706/1341/410 701/1335/410
f 699/1343/411 704/1339/411 725/1366/411 722/1368/411
f 724/1362/31 723/1360/31 727/1369/31 728/1370/31
f 726/1367/71 731/1365/71 713/1338/71 706/1341/71
f 722/1371/31 725/1372/31 731/1358/31 730/1357/31
f 715/1349/412 717/1352/412 733/1373/412 732/1374/412
f 719/1353/413 734/1375/413 735/1376/413 721/1354/413
f 733/1373/71 717/1352/71 721/1354/71 735/1376/71
f 736/1377/414 737/1378/414 739/1379/415 738/1380/415
f 738/1380/415 739/1379/415 741/1381/416 740/1382/416
f 740/1382/416 741/1381/416 743/1383/417 742/1384/417
f 742/1384/417 743/1383/417 745/1385/418 744/1386/418
f 744/1386/418 745/1385/418 747/1387/419 746/1388/419
f 746/1388/419 747/1387/419 749/1389/420 748/1390/420
f 748/1390/420 749/1389/420 751/1391/421 750/1392/421
f 750/1392/421 751/1391/421 753/1393/422 752/1394/422
f 752/1394/422 753/1393/422 755/1395/423 754/1396/423
f 754/1396/423 755/1395/423 757/1397/424 756/1398/424
f 756/1398/424 757/1397/424 759/1399/425 758/1400/425
f 758/1400/425 759/1399/425 761/1401/426 760/1402/426
f 760/1402/426 761/1401/426 763/1403/427 762/1404/427
f 762/1404/427 763/1403/427 765/1405/428 764/1406/428
f 764/1406/428 765/1405/428 767/1407/429 766/1408/429
f 766/1408/429 767/1407/429 769/1409/430 768/1410/430
f 768/1410/430 769/1409/430 771/1411/431 770/1412/431
f 770/1412/431 771/1411/431 773/1413/432 772/1414/432
f 772/1414/432 773/1413/432 775/1415/433 774/1416/433
f 774/1416/433 775/1415/433 737/1417/414 736/1418/414
f 766/1419/434 768/1420/435 851/1421/435 817/1422/434
f 736/1423/436 738/1424/437 837/1425/437 821/1426/436
f 742/1427/438 744/1428/439 853/1429/439 825/1430/438
f 752/1431/440 754/1432/441 855/1433/441 829/1434/440
f 760/1435/442 762/1436/443 833/1437/443 834/1438/442
f 774/1439/444 736/1440/436 821/1441/436 822/1442/444
f 770/1443/445 772/1444/446 839/1445/446 840/1446/445
f 746/1447/447 748/1448/448 843/1449/448 844/1450/447
f 756/1451/449 758/1452/450 847/1453/450 848/1454/449
f 764/1455/451 766/1419/434 817/1422/434 818/1456/451
f 740/1457/452 742/1427/438 825/1430/438 826/1458/452
f 750/1459/453 752/1431/440 829/1434/440 830/1460/453
f 820/1461/454 836/1462/455 777/100/455 776/99/454
f 824/1463/456 852/1464/457 780/103/457 779/102/456
f 828/1465/458 854/1466/459 785/108/459 784/107/458
f 835/1467/460 832/1468/461 789/112/461 788/111/460
f 841/1469/462 838/1470/463 794/117/463 793/116/462
f 845/1471/464 842/1472/465 782/105/465 781/104/464
f 849/1473/466 846/1474/467 787/110/467 786/109/466
f 814/1475/4 813/1476/4 812/1477/4 815/1478/4
f 854/1466/459 849/1473/466 786/109/466 785/108/459
f 852/1464/457 845/1471/464 781/104/464 780/103/457
f 850/1479/468 841/1469/462 793/116/462 792/115/468
f 846/1474/467 835/1467/460 788/111/460 787/110/467
f 842/1472/465 831/1480/469 783/106/469 782/105/465
f 836/1462/455 827/1481/470 778/101/470 777/100/455
f 838/1470/463 823/1482/471 795/118/471 794/117/463
f 832/1468/461 819/1483/472 790/113/472 789/112/461
f 748/1448/448 750/1459/453 830/1460/453 843/1449/448
f 738/1424/437 740/1457/452 826/1458/452 837/1425/437
f 762/1436/443 764/1455/451 818/1456/451 833/1437/443
f 754/1432/441 756/1451/449 848/1454/449 855/1433/441
f 744/1428/439 746/1447/447 844/1450/447 853/1429/439
f 768/1420/435 770/1443/445 840/1446/445 851/1421/435
f 772/1444/446 774/1439/444 822/1442/444 839/1445/446
f 758/1452/450 760/1435/442 834/1438/442 847/1453/450
f 831/1480/469 828/1465/458 784/107/458 783/106/469
f 827/1481/470 824/1463/456 779/102/456 778/101/470
f 823/1482/471 820/1461/454 776/99/454 795/118/471
f 819/1483/472 816/1484/473 791/114/473 790/113/472
f 838/1470/474 841/1469/475 806/1485/475 862/1486/474
f 816/1484/17 819/1483/476 865/1487/476 872/1488/17
f 833/1437/477 818/1456/478 864/1489/478 867/1490/477
f 844/1450/479 843/1449/480 796/1491/480 811/1492/479
f 831/1480/481 842/1472/482 797/1493/482 798/1494/481
f 822/1442/483 821/1441/484 875/1495/484 860/1496/483
f 855/1433/485 848/1454/486 815/1478/486 812/1477/487
f 842/1472/482 845/1471/2 810/1497/2 797/1493/482
f 820/1461/23 823/1482/488 861/1498/488 874/1499/23
f 819/1483/476 832/1468/489 866/1500/489 865/1487/476
f 848/1454/486 847/1453/490 800/1501/490 815/1478/486
f 847/1453/490 834/1438/491 803/1502/491 800/1501/490
f 826/1458/492 825/1430/493 871/1503/493 856/1504/492
f 849/1473/71 854/1466/494 813/1505/494 814/1506/71
f 846/1474/495 849/1473/71 814/1506/71 801/1507/495
f 824/1463/496 827/1481/497 857/1508/497 870/1509/496
f 839/1445/498 822/1442/483 860/1496/483 863/1510/498
f 817/1422/499 851/1421/500 804/1511/500 873/1512/499
f 835/1467/501 846/1474/495 801/1507/495 802/1513/501
f 830/1460/502 829/1434/503 869/1514/503 799/1515/502
f 816/1484/473 850/1479/468 792/115/468 791/114/473
f 810/1516/4 809/1517/4 808/1518/4 811/1492/4
f 806/1519/4 805/1520/4 804/1511/4 807/1521/4
f 802/1522/4 801/1523/4 800/1501/4 803/1502/4
f 798/1524/4 797/1525/4 796/1491/4 799/1515/4
f 857/1526/4 858/1527/4 859/1528/4 856/1504/4
f 861/1529/4 862/1530/4 863/1510/4 860/1496/4
f 865/1531/4 866/1532/4 867/1490/4 864/1489/4
f 813/1476/4 868/1533/4 869/1514/4 812/1477/4
f 809/1517/4 870/1534/4 871/1503/4 808/1518/4
f 805/1520/4 872/1535/4 873/1512/4 804/1511/4
f 801/1523/4 814/1475/4 815/1478/4 800/1501/4
f 797/1525/4 810/1516/4 811/1492/4 796/1491/4
f 862/1530/4 806/1519/4 807/1521/4 863/1510/4
f 858/1527/4 874/1536/4 875/1537/4 859/1528/4
f 866/1532/4 802/1522/4 803/1502/4 867/1490/4
f 868/1533/4 798/1524/4 799/1515/4 869/1514/4
f 870/1534/4 857/1526/4 856/1504/4 871/1503/4
f 874/1538/4 861/1529/4 860/1496/4 875/1495/4
f 872/1535/4 865/1531/4 864/1489/4 873/1512/4
f 845/1471/2 852/1464/504 809/1539/504 810/1497/2
f 854/1466/494 828/1465/505 868/1540/505 813/1505/494
f 818/1456/478 817/1422/499 873/1512/499 864/1489/478
f 843/1449/480 830/1460/502 799/1515/502 796/1491/480
f 840/1446/506 839/1445/498 863/1510/498 807/1521/506
f 836/1462/507 820/1461/23 874/1499/23 858/1541/507
f 853/1429/508 844/1450/479 811/1492/479 808/1518/508
f 829/1434/503 855/1433/485 812/1477/487 869/1514/503
f 827/1481/497 836/1462/507 858/1541/507 857/1508/497
f 852/1464/504 824/1463/496 870/1509/496 809/1539/504
f 821/1426/484 837/1425/509 859/1528/509 875/1537/484
f 841/1469/475 850/1479/510 805/1542/510 806/1485/475
f 837/1425/509 826/1458/492 856/1504/492 859/1528/509
f 832/1468/489 835/1467/501 802/1513/501 866/1500/489
f 825/1430/493 853/1429/508 808/1518/508 871/1503/493
f 834/1438/491 833/1437/477 867/1490/477 803/1502/491
f 851/1421/500 840/1446/506 807/1521/506 804/1511/500
f 850/1479/510 816/1484/17 872/1488/17 805/1542/510
f 823/1482/488 838/1470/474 862/1486/474 861/1498/488
f 828/1465/505 831/1480/481 798/1494/481 868/1540/505
f 876/1543/511 878/1544/512 879/1545/512 877/1546/511
f 878/1544/512 880/1547/513 881/1548/513 879/1545/512
f 880/1547/513 882/1549/514 883/1550/514 881/1548/513
f 882/1549/514 884/1551/515 885/1552/515 883/1550/514
f 884/1551/515 886/1553/516 887/1554/516 885/1552/515
f 886/1553/516 888/1555/517 889/1556/517 887/1554/516
f 888/1555/517 890/1557/518 891/1558/518 889/1556/517
f 890/1557/518 892/1559/519 893/1560/519 891/1558/518
f 892/1559/519 894/1561/520 895/1562/520 893/1560/519
f 894/1561/520 896/1563/521 897/1564/521 895/1562/520
f 896/1563/521 898/1565/522 899/1566/522 897/1564/521
f 898/1565/522 900/1567/523 901/1568/523 899/1566/522
f 900/1567/523 902/1569/524 903/1570/524 901/1568/523
f 902/1569/524 904/1571/525 905/1572/525 903/1570/524
f 904/1571/525 906/1573/526 907/1574/526 905/1572/525
f 906/1573/526 908/1575/527 909/1576/527 907/1574/526
f 908/1575/527 910/1577/528 911/1578/528 909/1576/527
f 910/1577/528 912/1579/529 913/1580/529 911/1578/528
f 912/1579/529 914/1581/530 915/1582/530 913/1580/529
f 914/1581/530 876/1583/511 877/1584/511 915/1582/530
f 906/1585/531 957/1586/531 991/1587/532 908/1588/532
f 876/1589/533 961/1590/533 977/1591/534 878/1592/534
f 882/1593/535 965/1594/535 993/1595/536 884/1596/536
f 892/1597/537 969/1598/537 995/1599/538 894/1600/538
f 900/1601/539 974/1602/539 973/1603/540 902/1604/540
f 914/1605/541 962/1606/541 961/1607/533 876/1608/533
f 910/1609/542 980/1610/542 979/1611/543 912/1612/543
f 886/1613/544 984/1614/544 983/1615/545 888/1616/545
f 896/1617/546 988/1618/546 987/1619/547 898/1620/547
f 904/1621/548 958/1622/548 957/1586/531 906/1585/531
f 880/1623/549 966/1624/549 965/1594/535 882/1593/535
f 890/1625/550 970/1626/550 969/1598/537 892/1597/537
f 960/1627/551 916/119/551 917/138/552 976/1628/552
f 964/1629/553 919/136/553 920/135/554 992/1630/554
f 968/1631/555 924/131/555 925/130/556 994/1632/556
f 975/1633/557 928/127/557 929/126/558 972/1634/558
f 981/1635/559 933/122/559 934/121/560 978/1636/560
f 985/1637/561 921/134/561 922/133/562 982/1638/562
f 989/1639/563 926/129/563 927/128/564 986/1640/564
f 954/1641/31 955/1642/31 952/1643/31 953/1644/31
f 994/1632/556 925/130/556 926/129/563 989/1639/563
f 992/1630/554 920/135/554 921/134/561 985/1637/561
f 990/1645/565 932/123/565 933/122/559 981/1635/559
f 986/1640/564 927/128/564 928/127/557 975/1633/557
f 982/1638/562 922/133/562 923/132/566 971/1646/566
f 976/1628/552 917/138/552 918/137/567 967/1647/567
f 978/1636/560 934/121/560 935/120/568 963/1648/568
f 972/1634/558 929/126/558 930/125/569 959/1649/569
f 888/1616/545 983/1615/545 970/1626/550 890/1625/550
f 878/1592/534 977/1591/534 966/1624/549 880/1623/549
f 902/1604/540 973/1603/540 958/1622/548 904/1621/548
f 894/1600/538 995/1599/538 988/1618/546 896/1617/546
f 884/1596/536 993/1595/536 984/1614/544 886/1613/544
f 908/1588/532 991/1587/532 980/1610/542 910/1609/542
f 912/1612/543 979/1611/543 962/1606/541 914/1605/541
f 898/1620/547 987/1619/547 974/1602/539 900/1601/539
f 971/1646/566 923/132/566 924/131/555 968/1631/555
f 967/1647/567 918/137/567 919/136/553 964/1629/553
f 963/1648/568 935/120/568 916/119/551 960/1627/551
f 959/1649/569 930/125/569 931/124/570 956/1650/570
f 978/1636/474 1002/1651/474 946/1652/475 981/1635/475
f 956/1650/17 1012/1653/17 1005/1654/476 959/1649/476
f 973/1603/571 1007/1655/571 1004/1656/572 958/1622/572
f 984/1614/573 951/1657/573 936/1658/574 983/1615/574
f 971/1646/481 938/1659/481 937/1660/482 982/1638/482
f 962/1606/575 1000/1661/575 1015/1662/576 961/1607/576
f 995/1599/577 952/1643/578 955/1642/579 988/1618/579
f 982/1638/482 937/1660/482 950/1663/2 985/1637/2
f 960/1627/23 1014/1664/23 1001/1665/488 963/1648/488
f 959/1649/476 1005/1654/476 1006/1666/489 972/1634/489
f 988/1618/579 955/1642/579 940/1667/580 987/1619/580
f 987/1619/580 940/1667/580 943/1668/581 974/1602/581
f 966/1624/582 996/1669/582 1011/1670/583 965/1594/583
f 989/1639/71 954/1671/71 953/1672/494 994/1632/494
f 986/1640/495 941/1673/495 954/1671/71 989/1639/71
f 964/1629/496 1010/1674/496 997/1675/497 967/1647/497
f 979/1611/584 1003/1676/584 1000/1661/575 962/1606/575
f 957/1586/585 1013/1677/585 944/1678/586 991/1587/586
f 975/1633/501 942/1679/501 941/1673/495 986/1640/495
f 970/1626/587 939/1680/587 1009/1681/588 969/1598/588
f 956/1650/570 931/124/570 932/123/565 990/1645/565
f 950/1682/31 951/1657/31 948/1683/31 949/1684/31
f 946/1685/31 947/1686/31 944/1678/31 945/1687/31
f 942/1688/31 943/1668/31 940/1667/31 941/1689/31
f 938/1690/31 939/1680/31 936/1658/31 937/1691/31
f 997/1692/31 996/1669/31 999/1693/31 998/1694/31
f 1001/1695/31 1000/1661/31 1003/1676/31 1002/1696/31
f 1005/1697/31 1004/1656/31 1007/1655/31 1006/1698/31
f 953/1644/31 952/1643/31 1009/1681/31 1008/1699/31
f 949/1684/31 948/1683/31 1011/1670/31 1010/1700/31
f 945/1687/31 944/1678/31 1013/1677/31 1012/1701/31
f 941/1689/31 940/1667/31 955/1642/31 954/1641/31
f 937/1691/31 936/1658/31 951/1657/31 950/1682/31
f 1002/1696/31 1003/1676/31 947/1686/31 946/1685/31
f 998/1694/31 999/1693/31 1015/1702/31 1014/1703/31
f 1006/1698/31 1007/1655/31 943/1668/31 942/1688/31
f 1008/1699/31 1009/1681/31 939/1680/31 938/1690/31
f 1010/1700/31 1011/1670/31 996/1669/31 997/1692/31
f 1014/1704/31 1015/1662/31 1000/1661/31 1001/1695/31
f 1012/1701/31 1013/1677/31 1004/1656/31 1005/1697/31
f 985/1637/2 950/1663/2 949/1705/504 992/1630/504
f 994/1632/494 953/1672/494 1008/1706/505 968/1631/505
f 958/1622/572 1004/1656/572 1013/1677/585 957/1586/585
f 983/1615/574 936/1658/574 939/1680/587 970/1626/587
f 980/1610/589 947/1686/589 1003/1676/584 979/1611/584
f 976/1628/507 998/1707/507 1014/1664/23 960/1627/23
f 993/1595/590 948/1683/590 951/1657/573 984/1614/573
f 969/1598/588 1009/1681/588 952/1643/578 995/1599/577
f 967/1647/497 997/1675/497 998/1707/507 976/1628/507
f 992/1630/504 949/1705/504 1010/1674/496 964/1629/496
f 961/1590/576 1015/1702/576 999/1693/591 977/1591/591
f 981/1635/475 946/1652/475 945/1708/510 990/1645/510
f 977/1591/591 999/1693/591 996/1669/582 966/1624/582
f 972/1634/489 1006/1666/489 942/1679/501 975/1633/501
f 965/1594/583 1011/1670/583 948/1683/590 993/1595/590
f 974/1602/581 943/1668/581 1007/1655/571 973/1603/571
f 991/1587/586 944/1678/586 947/1686/589 980/1610/589
f 990/1645/510 945/1708/510 1012/1653/17 956/1650/17
f 963/1648/488 1001/1665/488 1002/1651/474 978/1636/474
f 968/1631/505 1008/1706/505 938/1659/481 971/1646/481
f 1039/1709/507 1163/1710/507 1167/1711/497 1041/1712/497
f 1043/1713/496 1168/1714/496 1170/1715/504 1045/1716/504
f 1045/1716/504 1170/1715/504 1172/1717/2 1047/1718/2
f 1047/1718/2 1172/1717/2 1174/1719/482 1049/1720/482
f 1049/1720/482 1174/1719/482 1176/1721/481 1051/1722/481
f 1051/1722/481 1176/1721/481 1178/1723/505 1053/1724/505
f 1053/1724/505 1178/1723/505 1180/1725/494 1055/1726/494
f 1055/1726/494 1180/1725/494 1182/1727/71 1057/1728/71
f 1057/1728/71 1182/1727/71 1184/1729/495 1059/1730/495
f 1059/1730/495 1184/1729/495 1186/1731/501 1061/1732/501
f 1061/1732/501 1186/1731/501 1188/1733/489 1063/1734/489
f 1063/1734/489 1188/1733/489 1190/1735/476 1065/1736/476
f 1065/1736/476 1190/1735/476 1192/1737/17 1067/1738/17
f 1067/1738/17 1192/1737/17 1194/1739/510 1069/1740/510
f 1069/1740/510 1194/1739/510 1196/1741/475 1071/1742/475
f 1071/1742/475 1196/1741/475 1198/1743/474 1073/1744/474
f 1158/1745/23 1157/1746/592 1156/1747/592 1159/1748/23
f 1073/1744/474 1198/1743/474 1165/1749/488 1075/1750/488
f 1199/1751/474 1034/1752/474 1035/1753/488 1164/1754/488
f 1075/1750/488 1165/1749/488 1160/1755/23 1037/1756/23
f 1037/1757/593 1039/1758/594 1038/1759/595 1036/1760/593
f 1039/1758/594 1041/1761/596 1040/1762/596 1038/1759/595
f 1041/1761/596 1043/1763/597 1042/1764/597 1040/1762/596
f 1043/1763/597 1045/1765/598 1044/1766/598 1042/1764/597
f 1045/1765/598 1047/1767/599 1046/1768/599 1044/1766/598
f 1047/1767/599 1049/1769/600 1048/1770/600 1046/1768/599
f 1049/1769/600 1051/1771/601 1050/1772/601 1048/1770/600
f 1051/1771/601 1053/1773/602 1052/1774/602 1050/1772/601
f 1053/1773/602 1055/1775/603 1054/1776/604 1052/1774/602
f 1055/1775/603 1057/1777/605 1056/1778/605 1054/1776/604
f 1057/1777/605 1059/1779/606 1058/1780/606 1056/1778/605
f 1059/1779/606 1061/1781/607 1060/1782/607 1058/1780/606
f 1061/1781/607 1063/1783/608 1062/1784/608 1060/1782/607
f 1063/1783/608 1065/1785/609 1064/1786/609 1062/1784/608
f 1065/1785/609 1067/1787/610 1066/1788/610 1064/1786/609
f 1067/1787/610 1069/1789/611 1068/1790/611 1066/1788/610
f 1069/1789/611 1071/1791/612 1070/1792/612 1068/1790/611
f 1071/1791/612 1073/1793/613 1072/1794/613 1070/1792/612
f 1073/1793/613 1075/1795/614 1074/1796/614 1072/1794/613
f 1075/1795/614 1037/1757/593 1036/1760/593 1074/1796/614
f 1042/1764/4 1044/1766/4 1080/168/4 1079/1797/4
f 1082/171/4 1083/1798/4 1102/1799/4 1101/172/4
f 1052/1774/4 1054/1776/4 1085/1800/4 1084/1801/4
f 1062/1784/4 1064/1786/4 1090/160/4 1089/1802/4
f 1072/1794/4 1074/1796/4 1095/1803/4 1094/1804/4
f 1038/1759/4 1040/1762/4 1078/1805/4 1076/1806/4
f 1048/1770/4 1050/1772/4 1083/1798/4 1082/171/4
f 1058/1780/4 1060/1782/4 1088/1807/4 1087/1808/4
f 1068/1790/4 1070/1792/4 1093/1809/4 1092/163/4
f 1074/1796/4 1036/1760/4 1077/1810/4 1095/1803/4
f 1044/1766/4 1046/1768/4 1081/1811/4 1080/168/4
f 1054/1776/4 1056/1778/4 1086/1812/4 1085/1800/4
f 1064/1786/4 1066/1788/4 1091/1813/4 1090/160/4
f 1040/1762/4 1042/1764/4 1079/1797/4 1078/1805/4
f 1050/1772/4 1052/1774/4 1084/1801/4 1083/1798/4
f 1060/1782/4 1062/1784/4 1089/1802/4 1088/1807/4
f 1070/1792/4 1072/1794/4 1094/1804/4 1093/1809/4
f 1036/1760/4 1038/1759/4 1076/1806/4 1077/1810/4
f 1046/1768/4 1048/1770/4 1082/171/4 1081/1811/4
f 1056/1778/4 1058/1780/4 1087/1808/4 1086/1812/4
f 1066/1788/4 1068/1790/4 1092/163/4 1091/1813/4
f 1104/1814/615 1105/1815/616 1130/1816/616 1129/1817/615
f 1110/164/617 1111/1818/618 1137/1819/618 1136/165/617
f 1083/1798/4 1084/1801/4 1103/1820/4 1102/1799/4
f 1077/1810/4 1076/1806/4 1096/1821/4 1097/1822/4
f 1096/1821/619 1098/1823/620 1122/1824/620 1120/1825/619
f 1084/1801/4 1085/1800/4 1104/1814/4 1103/1820/4
f 1076/1806/4 1078/1805/4 1098/1823/4 1096/1821/4
f 1092/163/4 1093/1809/4 1111/1818/4 1110/164/4
f 1085/1800/4 1086/1812/4 1105/1815/4 1104/1814/4
f 1078/1805/4 1079/1797/4 1099/1826/4 1098/1823/4
f 1093/1809/4 1094/1804/4 1112/1827/4 1111/1818/4
f 1086/1812/4 1087/1808/4 1106/1828/4 1105/1815/4
f 1079/1797/4 1080/168/4 1100/167/4 1099/1826/4
f 1094/1804/4 1095/1803/4 1113/1829/4 1112/1827/4
f 1087/1808/4 1088/1807/4 1107/1830/4 1106/1828/4
f 1080/168/621 1081/1811/622 1114/1831/622 1115/169/621
f 1095/1803/4 1077/1810/4 1097/1822/4 1113/1829/4
f 1088/1807/4 1089/1802/4 1108/1832/4 1107/1830/4
f 1089/1802/4 1090/160/4 1109/159/4 1108/1832/4
f 1121/1833/4 1120/1834/4 1122/1835/4 1123/1836/4 1124/1837/4 1125/1838/4 1126/1839/4 1127/1840/4 1128/1841/4 1129/1842/4 1130/1843/4 1131/1844/4 1132/1845/4 1133/1846/4 1134/1847/4 1135/1848/4 1136/1849/4 1137/1850/4 1138/1851/4 1139/1852/4
f 1118/1853/4 1117/1854/4 1135/1848/4 1134/1847/4
f 1117/1854/4 1119/1855/4 1136/1849/4 1135/1848/4
f 1115/1856/4 1114/1857/4 1125/1838/4 1124/1837/4
f 1114/1857/4 1116/1858/4 1126/1839/4 1125/1838/4
f 1081/1811/622 1082/171/623 1116/174/623 1114/1831/622
f 1098/1823/620 1099/1826/624 1123/1859/624 1122/1824/620
f 1111/1818/618 1112/1827/625 1138/1860/625 1137/1819/618
f 1105/1815/616 1106/1828/626 1131/1861/626 1130/1816/616
f 1099/1826/624 1100/167/627 1124/170/627 1123/1859/624
f 1112/1827/625 1113/1829/628 1139/1862/628 1138/1860/625
f 1106/1828/626 1107/1830/629 1132/1863/629 1131/1861/626
f 1090/160/630 1091/1813/631 1117/1864/631 1118/161/630
f 1113/1829/628 1097/1822/632 1121/1865/632 1139/1862/628
f 1107/1830/629 1108/1832/633 1133/1866/633 1132/1863/629
f 1091/1813/631 1092/163/634 1119/166/634 1117/1864/631
f 1108/1832/633 1109/159/635 1134/162/635 1133/1866/633
f 1101/172/636 1102/1799/637 1127/1867/637 1126/173/636
f 1102/1799/637 1103/1820/638 1128/1868/638 1127/1867/637
f 1097/1822/632 1096/1821/619 1120/1825/619 1121/1865/632
f 1103/1820/638 1104/1814/615 1129/1817/615 1128/1868/638
f 1164/1754/488 1035/1753/488 1016/1869/23 1161/1870/23
f 1162/1871/507 1017/1872/507 1018/1873/497 1166/1874/497
f 1041/1712/497 1167/1711/497 1168/1714/496 1043/1713/496
f 1197/1875/475 1033/1876/475 1034/1752/474 1199/1751/474
f 1195/1877/510 1032/1878/510 1033/1876/475 1197/1875/475
f 1193/1879/17 1031/1880/17 1032/1878/510 1195/1877/510
f 1191/1881/476 1030/1882/476 1031/1880/17 1193/1879/17
f 1189/1883/489 1029/1884/489 1030/1882/476 1191/1881/476
f 1187/1885/501 1028/1886/501 1029/1884/489 1189/1883/489
f 1185/1887/495 1027/1888/495 1028/1886/501 1187/1885/501
f 1183/1889/71 1026/1890/71 1027/1888/495 1185/1887/495
f 1181/1891/494 1025/1892/494 1026/1890/71 1183/1889/71
f 1179/1893/505 1024/1894/505 1025/1892/494 1181/1891/494
f 1177/1895/481 1023/1896/481 1024/1894/505 1179/1893/505
f 1175/1897/482 1022/1898/482 1023/1896/481 1177/1895/481
f 1173/1899/2 1021/1900/2 1022/1898/482 1175/1897/482
f 1171/1901/504 1020/1902/504 1021/1900/2 1173/1899/2
f 1169/1903/496 1019/1904/496 1020/1902/504 1171/1901/504
f 1166/1874/497 1018/1873/497 1019/1904/496 1169/1903/496
f 1037/1905/23 1160/1906/23 1163/1710/507 1039/1709/507
f 1166/1874/639 1169/1903/640 1219/1907/641 1155/1908/642
f 1177/1895/643 1179/1893/644 1209/1909/645 1211/1910/646
f 1195/1877/647 1197/1875/648 1148/1911/649 1146/1912/650
f 1170/1715/651 1168/1714/652 1218/1913/653 1216/1914/654
f 1188/1733/655 1186/1731/656 1200/1915/657 1141/1916/658
f 1161/1917/659 1162/1871/660 1157/1746/661 1158/1745/659
f 1169/1903/640 1171/1901/662 1217/1918/663 1219/1907/641
f 1187/1885/664 1189/1883/665 1140/1919/666 1201/1920/667
f 1180/1725/668 1178/1723/669 1208/1921/670 1206/1922/671
f 1198/1743/672 1196/1741/673 1149/1923/674 1153/1924/675
f 1179/1893/644 1181/1891/676 1207/1925/677 1209/1909/645
f 1197/1875/648 1199/1751/678 1152/1926/679 1148/1911/649
f 1172/1717/680 1170/1715/651 1216/1914/654 1214/1927/680
f 1190/1735/681 1188/1733/655 1141/1916/658 1143/1928/682
f 1171/1901/662 1173/1899/683 1215/1929/683 1217/1918/663
f 1189/1883/665 1191/1881/684 1142/1930/685 1140/1919/666
f 1182/1727/686 1180/1725/668 1206/1922/671 1204/1931/686
f 1165/1749/687 1198/1743/672 1153/1924/675 1150/1932/688
f 1181/1891/676 1183/1889/689 1205/1933/689 1207/1925/677
f 1174/1719/690 1172/1717/680 1214/1927/680 1212/1934/691
f 1161/1917/23 1016/1935/23 1017/1872/507 1162/1871/507
f 1157/1746/592 1155/1908/692 1154/1936/692 1156/1747/592
f 1152/1926/693 1151/1937/694 1150/1932/694 1153/1924/693
f 1148/1911/695 1152/1926/693 1153/1924/693 1149/1923/695
f 1146/1912/696 1148/1911/695 1149/1923/695 1147/1938/696
f 1144/1939/17 1146/1912/696 1147/1938/696 1145/1940/17
f 1142/1930/697 1144/1939/17 1145/1940/17 1143/1928/697
f 1140/1919/698 1142/1930/697 1143/1928/697 1141/1916/698
f 1201/1920/699 1140/1919/698 1141/1916/698 1200/1915/699
f 1203/1941/700 1201/1920/699 1200/1915/699 1202/1942/700
f 1205/1933/71 1203/1941/700 1202/1942/700 1204/1931/71
f 1207/1925/701 1205/1933/71 1204/1931/71 1206/1922/701
f 1209/1909/702 1207/1925/701 1206/1922/701 1208/1921/702
f 1211/1910/703 1209/1909/702 1208/1921/702 1210/1943/703
f 1213/1944/704 1211/1910/703 1210/1943/703 1212/1934/704
f 1215/1929/2 1213/1944/704 1212/1934/704 1214/1927/2
f 1217/1918/705 1215/1929/2 1214/1927/2 1216/1914/705
f 1219/1907/706 1217/1918/705 1216/1914/705 1218/1913/706
f 1155/1908/692 1219/1907/706 1218/1913/706 1154/1936/692
f 1151/1937/694 1158/1945/23 1159/1946/23 1150/1932/694
f 1196/1741/673 1194/1739/707 1147/1938/708 1149/1923/674
f 1178/1723/669 1176/1721/709 1210/1943/710 1208/1921/670
f 1163/1710/711 1160/1906/712 1159/1748/712 1156/1747/713
f 1185/1887/714 1187/1885/664 1201/1920/667 1203/1941/715
f 1168/1714/652 1167/1711/716 1154/1936/717 1218/1913/653
f 1162/1871/660 1166/1874/639 1155/1908/642 1157/1746/661
f 1186/1731/656 1184/1729/718 1202/1942/719 1200/1915/657
f 1164/1754/720 1161/1870/659 1158/1945/659 1151/1937/721
f 1193/1879/722 1195/1877/647 1146/1912/650 1144/1939/722
f 1175/1897/723 1177/1895/643 1211/1910/646 1213/1944/724
f 1160/1755/712 1165/1749/687 1150/1932/688 1159/1946/712
f 1194/1739/707 1192/1737/725 1145/1940/725 1147/1938/708
f 1176/1721/709 1174/1719/690 1212/1934/691 1210/1943/710
f 1167/1711/716 1163/1710/711 1156/1747/713 1154/1936/717
f 1183/1889/689 1185/1887/714 1203/1941/715 1205/1933/689
f 1184/1729/718 1182/1727/686 1204/1931/686 1202/1942/719
f 1191/1881/684 1193/1879/722 1144/1939/722 1142/1930/685
f 1173/1899/683 1175/1897/723 1213/1944/724 1215/1929/683
f 1199/1751/678 1164/1754/720 1151/1937/721 1152/1926/679
f 1192/1737/725 1190/1735/681 1143/1928/682 1145/1940/725
f 1228/1947/726 1225/1948/71 1221/1949/71 1223/1950/726
f 1245/176/39 1308/1951/727 1314/1952/728 1244/191/39
f 1253/1953/729 1234/1954/730 1262/1955/731 1264/1956/729
f 1244/1957/4 1223/1958/4 1221/1959/4 1220/1960/4
f 1309/1961/732 1303/1962/733 1235/1963/734 1251/1964/734
f 1220/1965/17 1224/1966/17 1230/1967/17 1246/1968/17 1247/1969/17
f 1244/1957/4 1220/1960/4 1247/1970/4 1248/1971/4
f 1269/1972/4 1272/1973/4 1252/1974/4 1222/1975/4
f 1220/1965/17 1221/1976/17 1225/1977/17 1224/1966/17
f 1269/1972/4 1222/1975/4 1232/1978/4
f 1242/1979/23 1243/1980/23 1226/1981/23 1256/1982/23 1252/1983/23
f 1238/1984/735 1240/1985/736 1232/1978/4 1222/1975/4
f 1239/187/23 1288/1986/737 1285/1987/738 1238/188/23
f 1233/1988/739 1232/1989/739 1240/1990/740 1241/1991/740
f 1309/1961/741 1251/1964/742 1250/1992/743 1313/1993/744
f 1226/1981/23 1243/1980/23 1276/1994/23 1274/1995/23
f 1314/1996/4 1318/1997/4 1255/1998/4 1223/1958/4 1244/1957/4
f 1253/1953/4 1319/1999/4 1313/2000/4 1250/2001/4
f 1236/2002/745 1237/2003/746 1261/2004/746 1260/2005/747
f 1254/2006/748 1255/2007/749 1267/2008/750 1266/2009/751
f 1234/1954/730 1236/2010/752 1260/2011/752 1262/1955/731
f 1253/1953/753 1264/1956/753 1324/2012/754 1319/1999/755
f 1252/1983/23 1256/1982/23 1227/186/23 1222/185/23
f 1260/2005/747 1261/2004/746 1257/2013/756 1258/2014/756
f 1267/2015/4 1323/2016/4 1325/2017/4 1263/2018/4 1265/2019/4
f 1255/2007/749 1254/2006/748 1228/1947/726 1223/1950/726
f 1272/1973/4 1253/1953/4 1250/2001/4 1271/2020/4
f 1262/1955/4 1260/2011/4 1258/2021/4 1263/2018/4
f 1257/2013/757 1259/2022/758 1265/2023/758 1258/2014/757
f 1265/2023/758 1259/2022/758 1266/2009/751 1267/2008/750
f 1265/2019/4 1263/2018/4 1258/2021/4
f 1262/1955/4 1263/2018/4 1325/2017/4 1324/2012/4 1264/1956/4
f 1255/1998/759 1318/1997/760 1323/2016/761 1267/2015/759
f 1252/1974/4 1272/1973/4 1271/2020/4 1242/2024/4
f 1251/1964/742 1270/179/762 1271/196/762 1250/1992/743
f 1234/1954/4 1269/1972/4 1232/1978/4 1236/2010/4
f 1237/2003/746 1236/2002/745 1232/1989/739 1233/1988/739
f 1234/1954/4 1253/1953/4 1272/1973/4 1269/1972/4
f 1251/1964/734 1235/1963/734 1268/180/763 1270/179/763
f 1243/1980/23 1242/1979/23 1277/2025/23 1276/1994/23
f 1242/2024/4 1271/2020/4 1278/2026/4 1277/2027/4
f 1286/2028/764 1285/2029/765 1290/2030/4 1292/2031/766
f 1240/1990/71 1286/2032/767 1287/2033/768 1241/1991/71
f 1280/2034/769 1284/2035/770 1281/2036/771 1279/2037/771
f 1281/2036/772 1284/2035/773 1283/2038/774 1282/2039/772
f 1240/1985/736 1238/1984/735 1285/2029/765 1286/2028/764
f 1285/1987/738 1288/1986/737 1289/2040/775 1290/2041/776
f 1287/2033/768 1286/2032/767 1292/2042/777 1291/2043/778
f 1292/2031/766 1290/2030/4 1282/2039/4 1283/2038/779
f 1290/2041/776 1289/2040/775 1279/2044/780 1281/2045/781 1282/2046/781
f 1299/2047/782 1298/2048/783 1295/2049/784 1296/2050/784
f 1298/2048/785 1301/2051/786 1294/2052/787 1295/2049/787
f 1300/2053/788 1302/2054/789 1297/198/790 1293/197/788
f 1302/2055/791 1299/2047/792 1296/2050/793 1297/2056/793
f 1292/2031/766 1283/2038/779 1299/2047/792 1302/2055/791
f 1291/2043/788 1292/2042/794 1302/2054/789 1300/2053/788
f 1284/2035/770 1280/2034/769 1301/2051/786 1298/2048/785
f 1283/2038/774 1284/2035/773 1298/2048/783 1299/2047/782
f 1323/2016/4 1326/2057/4 1325/2017/4
f 1326/2057/4 1327/2058/4 1325/2017/4
f 1327/2058/4 1328/2059/4 1325/2017/4
f 1328/2059/4 1324/2012/4 1325/2017/4
f 1309/1961/741 1313/1993/744 1315/2060/795 1312/2061/796
f 1312/2061/796 1315/2060/795 1316/2062/797 1311/2063/798
f 1311/2063/798 1316/2062/797 1317/2064/799 1310/2065/800
f 1310/2065/800 1317/2064/799 1314/1952/728 1308/1951/727
f 1303/1962/733 1309/1961/732 1312/2061/801 1305/2066/802
f 1305/2066/802 1312/2061/801 1311/2063/803 1306/2067/804
f 1306/2067/804 1311/2063/803 1310/2065/805 1307/2068/806
f 1307/2068/806 1310/2065/805 1308/1951/807 1304/2069/808
f 1319/1999/755 1324/2012/754 1328/2059/809 1322/2070/810
f 1322/2070/810 1328/2059/809 1327/2058/811 1321/2071/812
f 1321/2071/812 1327/2058/811 1326/2057/813 1320/2072/814
f 1320/2072/814 1326/2057/813 1323/2016/761 1318/1997/760
f 1313/2000/4 1319/1999/4 1322/2070/4 1315/2073/4
f 1315/2073/4 1322/2070/4 1321/2071/4 1316/2074/4
f 1316/2074/4 1321/2071/4 1320/2072/4 1317/2075/4
f 1317/2075/4 1320/2072/4 1318/1997/4 1314/1996/4
f 1229/175/23 1304/2069/808 1308/1951/807 1245/176/23
f 1228/1947/726 1332/2076/726 1330/2077/71 1225/1948/71
f 1341/203/45 1340/211/45 1386/2078/815 1380/2079/816
f 1349/2080/817 1355/2081/817 1353/2082/818 1334/2083/819
f 1340/2084/31 1329/2085/31 1330/2086/31 1332/2087/31
f 1381/2088/820 1347/2089/734 1235/1963/734 1303/1962/733
f 1329/2090/17 1343/2091/17 1342/2092/17 1230/1967/17 1224/1966/17
f 1340/2084/31 1344/2093/31 1343/2094/31 1329/2085/31
f 1358/2095/31 1331/2096/31 1348/2097/31 1361/2098/31
f 1329/2090/17 1224/1966/17 1225/1977/17 1330/2099/17
f 1358/2095/31 1333/2100/31 1331/2096/31
f 1338/2101/23 1348/2102/23 1256/1982/23 1226/1981/23 1339/2103/23
f 1336/2104/821 1331/2096/31 1333/2100/31 1337/2105/822
f 1239/187/23 1336/208/23 1370/2106/823 1288/1986/737
f 1233/1988/739 1241/1991/740 1337/2107/740 1333/2108/739
f 1381/2088/824 1385/2109/825 1346/2110/826 1347/2089/827
f 1226/1981/23 1274/1995/23 1363/2111/23 1339/2103/23
f 1386/2112/31 1340/2084/31 1332/2087/31 1350/2113/31 1390/2114/31
f 1349/2080/31 1346/2115/31 1385/2116/31 1391/2117/31
f 1335/2118/745 1352/2119/747 1261/2004/746 1237/2003/746
f 1254/2006/748 1266/2009/751 1357/2120/750 1350/2121/749
f 1334/2083/819 1353/2082/818 1352/2122/828 1335/2123/828
f 1349/2080/829 1391/2117/830 1396/2124/831 1355/2081/829
f 1348/2102/23 1331/207/23 1227/186/23 1256/1982/23
f 1352/2119/747 1351/2125/756 1257/2013/756 1261/2004/746
f 1357/2126/31 1356/2127/31 1354/2128/31 1397/2129/31 1395/2130/31
f 1350/2121/749 1332/2076/726 1228/1947/726 1254/2006/748
f 1361/2098/31 1360/2131/31 1346/2115/31 1349/2080/31
f 1353/2082/31 1354/2128/31 1351/2132/31 1352/2122/31
f 1257/2013/757 1351/2125/757 1356/2133/758 1259/2022/758
f 1356/2133/758 1357/2120/750 1266/2009/751 1259/2022/758
f 1356/2127/31 1351/2132/31 1354/2128/31
f 1353/2082/31 1355/2081/31 1396/2124/31 1397/2129/31 1354/2128/31
f 1350/2113/832 1357/2126/832 1395/2130/833 1390/2114/834
f 1348/2097/31 1338/2134/31 1360/2131/31 1361/2098/31
f 1347/2089/827 1346/2110/826 1360/215/835 1359/204/835
f 1334/2083/31 1335/2123/31 1333/2100/31 1358/2095/31
f 1237/2003/746 1233/1988/739 1333/2108/739 1335/2118/745
f 1334/2083/31 1358/2095/31 1361/2098/31 1349/2080/31
f 1347/2089/734 1359/204/763 1268/180/763 1235/1963/734
f 1339/2103/23 1363/2111/23 1364/2135/23 1338/2101/23
f 1338/2134/31 1364/2136/31 1365/2137/31 1360/2131/31
f 1371/2138/836 1373/2139/837 1372/2140/31 1370/2141/838
f 1337/2107/71 1241/1991/71 1287/2033/768 1371/2142/839
f 1280/2034/769 1279/2037/771 1366/2143/771 1369/2144/770
f 1366/2143/840 1367/2145/840 1368/2146/841 1369/2144/842
f 1337/2105/822 1371/2138/836 1370/2141/838 1336/2104/821
f 1370/2106/823 1372/2147/843 1289/2040/775 1288/1986/737
f 1287/2033/768 1291/2043/778 1373/2148/844 1371/2142/839
f 1373/2139/837 1368/2146/845 1367/2145/31 1372/2140/31
f 1372/2147/843 1367/2149/846 1366/2150/846 1279/2044/780 1289/2040/775
f 1378/2151/847 1375/2152/848 1374/2153/848 1377/2154/849
f 1377/2154/785 1374/2153/787 1294/2052/787 1301/2051/786
f 1300/2053/788 1293/197/788 1376/218/850 1379/2155/851
f 1379/2156/852 1376/2157/853 1375/2152/853 1378/2151/854
f 1373/2139/837 1379/2156/852 1378/2151/854 1368/2146/845
f 1291/2043/788 1300/2053/788 1379/2155/851 1373/2148/855
f 1369/2144/770 1377/2154/785 1301/2051/786 1280/2034/769
f 1368/2146/841 1378/2151/847 1377/2154/849 1369/2144/842
f 1395/2130/31 1397/2129/31 1398/2158/31
f 1398/2158/31 1397/2129/31 1399/2159/31
f 1399/2159/31 1397/2129/31 1400/2160/31
f 1400/2160/31 1397/2129/31 1396/2124/31
f 1381/2088/824 1384/2161/856 1387/2162/857 1385/2109/825
f 1384/2161/856 1383/2163/858 1388/2164/859 1387/2162/857
f 1383/2163/858 1382/2165/860 1389/2166/861 1388/2164/859
f 1382/2165/860 1380/2079/816 1386/2078/815 1389/2166/861
f 1303/1962/733 1305/2066/802 1384/2161/862 1381/2088/820
f 1305/2066/802 1306/2067/804 1383/2163/863 1384/2161/862
f 1306/2067/804 1307/2068/806 1382/2165/864 1383/2163/863
f 1307/2068/806 1304/2069/808 1380/2079/865 1382/2165/864
f 1391/2117/830 1394/2167/866 1400/2160/867 1396/2124/831
f 1394/2167/866 1393/2168/868 1399/2159/869 1400/2160/867
f 1393/2168/868 1392/2169/870 1398/2158/871 1399/2159/869
f 1392/2169/870 1390/2114/834 1395/2130/833 1398/2158/871
f 1385/2116/31 1387/2170/31 1394/2167/31 1391/2117/31
f 1387/2170/31 1388/2171/31 1393/2168/31 1394/2167/31
f 1388/2171/31 1389/2172/31 1392/2169/31 1393/2168/31
f 1389/2172/31 1386/2112/31 1390/2114/31 1392/2169/31
f 1229/175/23 1341/203/23 1380/2079/865 1304/2069/808
f 1444/2173/872 1415/2174/873 1405/2175/873 1441/2176/874
f 1413/2177/875 1414/2178/875 1403/2179/875 1406/2180/875
f 1419/2181/4 1447/2182/876 1443/2183/877 1410/2184/4
f 1414/2178/57 1416/2185/57 1404/2186/57 1403/2179/57
f 1417/225/4 1410/2184/4 1401/2187/4 1407/226/4
f 1416/2185/4 1418/223/4 1402/224/4 1404/2186/4
f 1425/231/4 1422/228/4 1418/223/4 1416/2185/4
f 1421/227/4 1419/2181/4 1410/2184/4 1417/225/4
f 1423/2188/57 1425/231/57 1416/2185/57 1414/2178/57
f 1424/2189/878 1446/2190/879 1453/2191/880 1438/2192/878
f 1420/2193/875 1423/2188/875 1414/2178/875 1413/2177/875
f 1422/228/4 1421/227/4 1417/225/4 1418/223/4
f 1446/2190/881 1424/2189/873 1415/2174/873 1444/2173/872
f 1425/231/55 1423/2188/882 1437/235/883 1439/232/56
f 1455/2194/4 1464/2195/884 1452/2196/885 1433/2197/4
f 1447/2182/886 1419/2181/887 1433/2197/887 1452/2196/888
f 1423/2188/882 1420/2193/889 1434/2198/889 1437/235/883
f 1419/2181/887 1421/227/887 1435/230/887 1433/2197/887
f 1462/2199/890 1460/2200/873 1438/2192/873 1453/2191/890
f 1427/2201/60 1429/2202/60 1428/2203/60 1431/2204/60 1430/2205/60 1432/2206/60 1449/2207/60 1451/2208/60 1450/2209/60 1426/2210/60
f 1458/2211/4 1457/2212/4 1435/230/4 1436/229/4
f 1456/2213/875 1459/233/875 1437/235/875 1434/2198/875
f 1457/2212/4 1455/2194/4 1433/2197/4 1435/230/4
f 1461/234/891 1458/2211/4 1436/229/4 1439/232/4
f 1444/2214/872 1441/2215/874 1442/2216/892 1445/2217/893
f 1445/2217/894 1442/2216/895 1440/2218/896 1443/2183/877
f 1447/2182/886 1452/2196/888 1454/2219/897 1448/2220/898
f 1448/2220/898 1454/2219/897 1453/2221/880 1446/2222/879
f 1446/2222/881 1444/2214/872 1445/2217/893 1448/2220/899
f 1448/2220/900 1445/2217/894 1443/2183/877 1447/2182/876
f 1462/2223/890 1453/2221/890 1454/2219/901 1463/2224/901
f 1463/2224/902 1454/2219/903 1452/2196/885 1464/2195/884
f 1410/2184/4 1443/2183/877 1440/2218/896 1401/2187/4
f 1451/2225/904 1463/2224/902 1464/2195/884 1450/2226/884
f 1449/2227/890 1462/2223/890 1463/2224/901 1451/2225/905
f 1428/2228/906 1429/2229/4 1458/2211/4 1461/234/891
f 1427/2230/4 1426/2231/4 1455/2194/4 1457/2212/4
f 1430/2205/60 1431/2204/60 1466/2232/60 1465/2233/60
f 1429/2229/4 1427/2230/4 1457/2212/4 1458/2211/4
f 1449/2234/890 1432/2235/873 1460/2200/873 1462/2199/890
f 1426/2231/4 1450/2226/884 1464/2195/884 1455/2194/4
f 1465/2236/875 1466/238/875 1469/236/875 1468/2237/875
f 1431/2204/60 1428/2203/60 1467/2238/60 1466/2232/60
f 1428/2228/906 1461/234/891 1470/237/907 1467/239/907
f 1459/233/908 1456/2213/908 1468/2237/908 1469/236/908
f 1402/224/4 1407/226/4 1546/2239/4 1548/2240/4
f 1406/2180/875 1403/2179/875 1550/2241/875 1549/2242/875
f 1441/2176/874 1405/2175/873 1554/2243/873 1551/2244/874
f 1440/2218/896 1442/2216/895 1552/2245/909 1553/2246/910
f 1403/2179/57 1404/2186/57 1547/2247/57 1550/2241/57
f 1442/2216/892 1441/2215/874 1551/2248/874 1552/2245/892
f 1407/226/4 1401/2187/4 1545/2249/4 1546/2239/4
f 1401/2187/4 1440/2218/896 1553/2246/910 1545/2249/4
f 1404/2186/4 1402/224/4 1548/2240/4 1547/2247/4
f 1538/2250/911 1540/2251/912 1567/261/913 1566/260/911
f 1514/2252/914 1511/2253/915 1405/2175/873 1415/2174/873
f 1413/2177/875 1406/2180/875 1483/2254/875 1491/2255/875
f 1495/2256/31 1488/2257/31 1513/2258/916 1517/2259/917
f 1491/2255/65 1483/2254/65 1484/2260/65 1492/2261/65
f 1493/247/31 1485/246/31 1481/2262/31 1488/2257/31
f 1492/2261/31 1484/2260/31 1482/245/31 1494/244/31
f 1499/2263/31 1492/2261/31 1494/244/31 1497/251/31
f 1496/248/31 1493/247/31 1488/2257/31 1495/2256/31
f 1498/2264/65 1491/2255/65 1492/2261/65 1499/2263/65
f 1424/2189/878 1438/2192/878 1523/2265/918 1516/2266/919
f 1420/2193/875 1413/2177/875 1491/2255/875 1498/2264/875
f 1497/251/31 1494/244/31 1493/247/31 1496/248/31
f 1516/2266/920 1514/2252/914 1415/2174/873 1424/2189/873
f 1499/2263/921 1509/254/922 1508/253/923 1498/2264/924
f 1525/2267/31 1505/2268/31 1522/2269/925 1532/2270/926
f 1517/2259/927 1522/2269/928 1505/2268/929 1495/2256/929
f 1497/251/930 1507/250/930 1509/254/922 1499/2263/921
f 1498/2264/924 1508/253/923 1434/2198/889 1420/2193/889
f 1495/2256/929 1505/2268/929 1506/249/929 1496/248/929
f 1530/2271/931 1523/2265/931 1438/2192/873 1460/2200/873
f 1501/2272/60 1500/2273/60 1520/2274/60 1521/2275/60 1519/2276/60 1432/2206/60 1430/2205/60 1504/2277/60 1502/2278/60 1503/2279/60
f 1527/2280/31 1507/250/31 1506/249/31 1526/2281/31
f 1456/2213/875 1434/2198/875 1508/253/875 1528/252/875
f 1526/2281/31 1506/249/31 1505/2268/31 1525/2267/31
f 1529/255/932 1509/254/31 1507/250/31 1527/2280/31
f 1514/2252/914 1515/2282/933 1512/2283/934 1511/2253/915
f 1515/2282/935 1513/2258/916 1510/2284/936 1512/2283/937
f 1517/2259/927 1518/2285/938 1524/2286/939 1522/2269/928
f 1518/2285/938 1516/2266/919 1523/2265/918 1524/2286/939
f 1516/2266/920 1518/2285/940 1515/2282/933 1514/2252/914
f 1518/2285/941 1517/2259/917 1513/2258/916 1515/2282/935
f 1530/2271/931 1531/2287/942 1524/2286/942 1523/2265/931
f 1531/2287/943 1532/2270/926 1522/2269/925 1524/2286/944
f 1488/2257/31 1481/2262/31 1510/2284/936 1513/2258/916
f 1521/2288/945 1520/2289/926 1532/2270/926 1531/2287/943
f 1519/2290/931 1521/2288/946 1531/2287/942 1530/2271/931
f 1502/2291/947 1529/255/932 1527/2280/31 1503/2292/31
f 1501/2293/31 1526/2281/31 1525/2267/31 1500/2294/31
f 1430/2205/60 1465/2233/60 1533/2295/60 1504/2277/60
f 1503/2292/31 1527/2280/31 1526/2281/31 1501/2293/31
f 1519/2290/931 1530/2271/931 1460/2200/873 1432/2235/873
f 1500/2294/31 1525/2267/31 1532/2270/926 1520/2289/926
f 1465/2236/875 1468/2237/875 1535/257/875 1533/258/875
f 1504/2277/60 1533/2295/60 1534/2296/60 1502/2278/60
f 1502/2291/947 1534/259/948 1536/256/948 1529/255/932
f 1528/252/908 1535/257/908 1468/2237/908 1456/2213/908
f 1482/245/31 1558/2297/31 1556/2298/31 1485/246/31
f 1406/2180/875 1549/2242/875 1559/2299/875 1483/2254/875
f 1511/2253/915 1560/2300/915 1554/2243/873 1405/2175/873
f 1510/2284/936 1562/2301/949 1561/2302/950 1512/2283/937
f 1483/2254/65 1559/2299/65 1557/2303/65 1484/2260/65
f 1512/2283/934 1561/2302/934 1560/2300/915 1511/2253/915
f 1485/246/31 1556/2298/31 1555/2304/31 1481/2262/31
f 1481/2262/31 1555/2304/31 1562/2301/949 1510/2284/936
f 1484/2260/31 1557/2303/31 1558/2297/31 1482/245/31
f 1471/2305/68 1477/2306/68 1546/2307/68 1545/2308/68
f 1472/2309/68 1474/2310/68 1547/2311/68 1548/2312/68
f 1473/2313/68 1476/2314/68 1549/2315/68 1550/2316/68
f 1474/2310/68 1473/2313/68 1550/2316/68 1547/2311/68
f 1478/2317/68 1552/2318/68 1551/2319/68
f 1478/2317/68 1553/2320/68 1552/2318/68
f 1478/2317/68 1471/2305/68 1545/2308/68 1553/2320/68
f 1475/2321/68 1478/2317/68 1551/2319/68 1554/2322/68
f 1477/2306/68 1472/2309/68 1548/2312/68 1546/2307/68
f 1541/2323/68 1537/2324/68 1555/2325/68 1556/2326/68
f 1540/2251/68 1538/2250/68 1558/2327/68 1557/2328/68
f 1476/2314/68 1539/2329/68 1559/2330/68 1549/2315/68
f 1539/2329/68 1540/2251/68 1557/2328/68 1559/2330/68
f 1542/2331/68 1560/2332/68 1561/2333/68
f 1542/2331/68 1561/2333/68 1562/2334/68
f 1537/2324/68 1542/2331/68 1562/2334/68 1555/2325/68
f 1542/2331/68 1475/2321/68 1554/2322/68 1560/2332/68
f 1538/2250/68 1541/2323/68 1556/2326/68 1558/2327/68
f 1477/2306/951 1471/2305/951 1480/268/951 1479/267/951
f 1541/2323/911 1538/2250/911 1566/260/911 1568/273/911
f 1471/2305/951 1478/2317/951 1570/269/951 1480/268/951
f 1476/2314/952 1473/2313/952 1571/264/952 1572/263/952
f 1540/2251/912 1539/2329/953 1565/262/953 1567/261/913
f 1537/2324/911 1541/2323/911 1568/273/911 1569/272/911
f 1478/2317/954 1475/2321/955 1563/270/955 1570/269/954
f 1474/2310/956 1472/2309/951 1543/266/951 1544/265/957
f 1539/2329/952 1476/2314/952 1572/263/952 1565/262/952
f 1472/2309/951 1477/2306/951 1479/267/951 1543/266/951
f 1475/2321/955 1542/2331/958 1564/271/958 1563/270/955
f 1542/2331/911 1537/2324/911 1569/272/911 1564/271/911
f 1473/2313/959 1474/2310/956 1544/265/957 1571/264/959
f 1573/2335/17 1574/2336/17 1576/2337/17 1575/2338/17
f 1579/2339/2 1580/2340/2 1578/2341/2 1577/2342/2
f 1573/2335/17 1575/2338/17 1581/2343/17 1582/2344/17
f 1579/2339/2 1577/2342/2 1584/2345/2 1583/2346/2
f 1585/2347/17 1586/2348/17 1588/2349/17 1587/2350/17
f 1591/2351/2 1592/2352/2 1590/2353/2 1589/2354/2
f 1585/2347/17 1587/2350/17 1593/2355/17 1594/2356/17
f 1591/2351/2 1589/2354/2 1596/2357/2 1595/2358/2
f 1597/2359/17 1598/2360/17 1600/2361/17 1599/2362/17
f 1603/2363/2 1604/2364/2 1602/2365/2 1601/2366/2
f 1597/2359/17 1599/2362/17 1605/2367/17 1606/2368/17
f 1603/2363/2 1601/2366/2 1608/2369/2 1607/2370/2
f 1609/2371/17 1610/2372/17 1612/2373/17 1611/2374/17
f 1615/2375/2 1616/2376/2 1614/2377/2 1613/2378/2
f 1609/2371/17 1611/2374/17 1617/2379/17 1618/2380/17
f 1615/2375/2 1613/2378/2 1620/2381/2 1619/2382/2
f 1621/2383/17 1622/2384/17 1624/2385/17 1623/2386/17
f 1627/2387/2 1628/2388/2 1626/2389/2 1625/2390/2
f 1621/2383/17 1623/2386/17 1629/2391/17 1630/2392/17
f 1627/2387/2 1625/2390/2 1632/2393/2 1631/2394/2
f 1633/2395/31 1634/2396/31 1636/2397/960 1635/2398/960
f 1635/2398/960 1636/2397/960 1638/2399/961 1637/2400/961
f 1637/2400/961 1638/2399/961 1640/2401/962 1639/2402/962
f 1639/2402/962 1640/2401/962 1642/2403/963 1641/2404/963
f 1641/2404/963 1642/2403/963 1644/2405/23 1643/2406/23
f 1643/2407/23 1644/2408/23 1646/2409/964 1645/2410/964
f 1645/2410/964 1646/2409/964 1648/2411/965 1647/2412/965
f 1647/2412/965 1648/2411/965 1650/2413/966 1649/2414/966
f 1649/2414/966 1650/2413/966 1652/2415/967 1651/2416/967
f 1651/2416/967 1652/2415/967 1654/2417/4 1653/2418/4
f 1653/2418/4 1654/2417/4 1656/2419/968 1655/2420/968
f 1655/2420/968 1656/2419/968 1658/2421/969 1657/2422/969
f 1657/2422/969 1658/2421/969 1660/2423/970 1659/2424/970
f 1659/2424/970 1660/2423/970 1662/2425/971 1661/2426/971
f 1661/2426/971 1662/2425/971 1664/2427/71 1663/2428/71
f 1663/2428/71 1664/2427/71 1666/2429/972 1665/2430/972
f 1665/2430/972 1666/2429/972 1668/2431/973 1667/2432/973
f 1667/2432/973 1668/2431/973 1670/2433/974 1669/2434/974
f 1644/2405/975 1642/2403/976 1677/2435/976 1678/2436/975
f 1669/2434/974 1670/2433/974 1672/2437/977 1671/2438/977
f 1671/2438/977 1672/2437/977 1634/2396/31 1633/2395/31
f 1637/2439/17 1639/2440/17 1756/2441/17 1755/2442/17
f 1687/2443/971 1686/2444/970 1706/2445/970 1707/2446/971
f 1654/2417/978 1652/2415/979 1682/2447/979 1683/2448/978
f 1664/2427/980 1662/2425/981 1687/2443/981 1688/2449/980
f 1634/2396/982 1672/2437/983 1692/2450/983 1674/2451/982
f 1640/2401/984 1638/2399/985 1675/2452/985 1676/2453/984
f 1650/2413/986 1648/2411/987 1680/2454/987 1681/2455/986
f 1636/2397/988 1634/2396/982 1674/2451/982 1673/2456/988
f 1660/2423/989 1658/2421/990 1685/2457/990 1686/2444/989
f 1670/2433/991 1668/2431/992 1690/2458/992 1691/2459/991
f 1646/2409/993 1644/2408/975 1678/2460/975 1679/2461/993
f 1656/2419/994 1654/2417/978 1683/2448/978 1684/2462/994
f 1666/2429/995 1664/2427/980 1688/2449/980 1689/2463/995
f 1642/2403/976 1640/2401/984 1676/2453/984 1677/2435/976
f 1652/2415/979 1650/2413/986 1681/2455/986 1682/2447/979
f 1662/2425/981 1660/2423/989 1686/2444/989 1687/2443/981
f 1672/2437/983 1670/2433/991 1691/2459/991 1692/2450/983
f 1638/2399/985 1636/2397/988 1673/2456/988 1675/2452/985
f 1648/2411/987 1646/2409/993 1679/2461/993 1680/2454/987
f 1658/2421/990 1656/2419/994 1684/2462/994 1685/2457/990
f 1668/2431/992 1666/2429/995 1689/2463/995 1690/2458/992
f 1704/2464/996 1703/2465/997 1723/2466/997 1724/2467/998
f 1680/2454/965 1679/2461/964 1699/2468/964 1700/2469/965
f 1688/2449/71 1687/2443/971 1707/2446/971 1708/2470/71
f 1681/2455/966 1680/2454/965 1700/2469/965 1701/2471/966
f 1673/2456/960 1674/2451/31 1694/2472/31 1693/2473/960
f 1689/2463/972 1688/2449/71 1708/2470/71 1709/2474/972
f 1682/2447/967 1681/2455/966 1701/2471/966 1702/2475/967
f 1675/2452/961 1673/2456/960 1693/2473/960 1695/2476/961
f 1690/2458/973 1689/2463/972 1709/2474/972 1710/2477/973
f 1683/2448/4 1682/2447/967 1702/2475/967 1703/2465/4
f 1676/2453/962 1675/2452/961 1695/2476/961 1696/2478/962
f 1691/2459/974 1690/2458/973 1710/2477/973 1711/2479/974
f 1684/2462/968 1683/2448/4 1703/2465/4 1704/2464/968
f 1677/2435/963 1676/2453/962 1696/2478/962 1697/2480/963
f 1692/2450/977 1691/2459/974 1711/2479/974 1712/2481/977
f 1685/2457/969 1684/2462/968 1704/2464/968 1705/2482/969
f 1678/2436/23 1677/2435/963 1697/2480/963 1698/2483/23
f 1674/2451/31 1692/2450/977 1712/2481/977 1694/2472/31
f 1686/2444/970 1685/2457/969 1705/2482/969 1706/2445/970
f 1679/2461/964 1678/2460/23 1698/2484/23 1699/2468/964
f 1721/2485/999 1720/2486/1000 1740/2487/1000 1741/2488/999
f 1697/2480/1001 1696/2478/1002 1716/2489/1003 1717/2490/1004
f 1712/2481/1005 1711/2479/1006 1731/2491/1007 1732/2492/1008
f 1705/2482/1009 1704/2464/996 1724/2467/998 1725/2493/1010
f 1698/2483/1011 1697/2480/1001 1717/2490/1004 1718/2494/1011
f 1694/2472/1012 1712/2481/1005 1732/2492/1008 1714/2495/1012
f 1706/2445/1013 1705/2482/1009 1725/2493/1010 1726/2496/1014
f 1699/2468/1015 1698/2484/1011 1718/2497/1011 1719/2498/1016
f 1707/2446/1017 1706/2445/1013 1726/2496/1014 1727/2499/1018
f 1700/2469/1019 1699/2468/1015 1719/2498/1016 1720/2486/1020
f 1708/2470/1021 1707/2446/1017 1727/2499/1018 1728/2500/1021
f 1701/2471/1022 1700/2469/1019 1720/2486/1020 1721/2485/1023
f 1693/2473/1024 1694/2472/1012 1714/2495/1012 1713/2501/1025
f 1709/2474/1026 1708/2470/1021 1728/2500/1021 1729/2502/1027
f 1702/2475/1028 1701/2471/1022 1721/2485/1023 1722/2503/1029
f 1695/2476/1030 1693/2473/1024 1713/2501/1025 1715/2504/1031
f 1710/2477/1032 1709/2474/1026 1729/2502/1027 1730/2505/1033
f 1703/2465/997 1702/2475/1028 1722/2503/1029 1723/2466/997
f 1696/2478/1002 1695/2476/1030 1715/2504/1031 1716/2489/1003
f 1711/2479/1006 1710/2477/1032 1730/2505/1033 1731/2491/1007
f 1713/2501/1034 1714/2495/31 1734/2506/31 1733/2507/1034
f 1729/2502/1035 1728/2500/71 1748/2508/71 1749/2509/1035
f 1722/2503/1036 1721/2485/999 1741/2488/999 1742/2510/1036
f 1715/2504/1037 1713/2501/1034 1733/2507/1034 1735/2511/1037
f 1730/2505/1038 1729/2502/1035 1749/2509/1035 1750/2512/1038
f 1723/2466/4 1722/2503/1036 1742/2510/1036 1743/2513/4
f 1716/2489/1039 1715/2504/1037 1735/2511/1037 1736/2514/1039
f 1731/2491/1040 1730/2505/1038 1750/2512/1038 1751/2515/1040
f 1724/2467/1041 1723/2466/4 1743/2513/4 1744/2516/1041
f 1717/2490/1042 1716/2489/1039 1736/2514/1039 1737/2517/1042
f 1732/2492/1043 1731/2491/1040 1751/2515/1040 1752/2518/1043
f 1725/2493/1044 1724/2467/1041 1744/2516/1041 1745/2519/1044
f 1718/2494/23 1717/2490/1042 1737/2517/1042 1738/2520/23
f 1714/2495/31 1732/2492/1043 1752/2518/1043 1734/2506/31
f 1726/2496/1045 1725/2493/1044 1745/2519/1044 1746/2521/1045
f 1719/2498/1046 1718/2497/23 1738/2522/23 1739/2523/1046
f 1727/2499/1047 1726/2496/1045 1746/2521/1045 1747/2524/1047
f 1720/2486/1000 1719/2498/1046 1739/2523/1046 1740/2487/1000
f 1728/2500/71 1727/2499/1047 1747/2524/1047 1748/2508/71
f 1762/2525/977 1763/2526/31 1783/2527/31 1782/2528/977
f 1647/2529/17 1649/2530/17 1761/2531/17 1760/2532/17
f 1633/2533/17 1635/2534/17 1754/2535/17 1753/2536/17
f 1657/2537/17 1659/2538/17 1766/2539/17 1765/2540/17
f 1667/2541/17 1669/2542/17 1771/2543/17 1770/2544/17
f 1643/2545/17 1645/2546/17 1759/2547/17 1758/2548/17
f 1653/2549/17 1655/2550/17 1764/2551/17 1763/2552/17
f 1663/2553/17 1665/2554/17 1769/2555/17 1768/2556/17
f 1639/2440/17 1641/2557/17 1757/2558/17 1756/2441/17
f 1649/2530/17 1651/2559/17 1762/2560/17 1761/2531/17
f 1659/2538/17 1661/2561/17 1767/2562/17 1766/2539/17
f 1669/2542/17 1671/2563/17 1772/2564/17 1771/2543/17
f 1635/2534/17 1637/2439/17 1755/2442/17 1754/2535/17
f 1645/2546/17 1647/2529/17 1760/2532/17 1759/2547/17
f 1655/2550/17 1657/2537/17 1765/2540/17 1764/2551/17
f 1665/2554/17 1667/2541/17 1770/2544/17 1769/2555/17
f 1641/2557/17 1643/2545/17 1758/2548/17 1757/2558/17
f 1651/2559/17 1653/2549/17 1763/2552/17 1762/2560/17
f 1661/2561/17 1663/2553/17 1768/2556/17 1767/2562/17
f 1671/2563/17 1633/2533/17 1753/2536/17 1772/2564/17
f 1755/2565/969 1756/2566/970 1776/2567/970 1775/2568/969
f 1770/2569/965 1771/2570/966 1791/2571/966 1790/2572/965
f 1763/2526/31 1764/2573/960 1784/2574/960 1783/2527/31
f 1756/2566/970 1757/2575/971 1777/2576/971 1776/2567/970
f 1771/2570/966 1772/2577/967 1792/2578/967 1791/2571/966
f 1764/2573/960 1765/2579/961 1785/2580/961 1784/2574/960
f 1757/2575/971 1758/2581/71 1778/2582/71 1777/2576/971
f 1772/2577/967 1753/2583/4 1773/2584/4 1792/2578/967
f 1765/2579/961 1766/2585/962 1786/2586/962 1785/2580/961
f 1758/2587/71 1759/2588/972 1779/2589/972 1778/2590/71
f 1766/2585/962 1767/2591/963 1787/2592/963 1786/2586/962
f 1759/2588/972 1760/2593/973 1780/2594/973 1779/2589/972
f 1767/2591/963 1768/2595/23 1788/2596/23 1787/2592/963
f 1760/2593/973 1761/2597/974 1781/2598/974 1780/2594/973
f 1753/2583/4 1754/2599/968 1774/2600/968 1773/2584/4
f 1768/2595/23 1769/2601/964 1789/2602/964 1788/2596/23
f 1761/2597/974 1762/2525/977 1782/2528/977 1781/2598/974
f 1754/2599/968 1755/2565/969 1775/2568/969 1774/2600/968
f 1769/2601/964 1770/2569/965 1790/2572/965 1789/2602/964
f 1793/2603/1048 1794/2604/1048 1796/2605/1049 1795/2606/1050
f 1795/2606/1050 1796/2605/1049 1798/2607/1051 1797/2608/1052
f 1797/2608/1052 1798/2607/1051 1800/2609/1053 1799/2610/1054
f 1799/2610/1054 1800/2609/1053 1802/2611/1055 1801/2612/1056
f 1804/2613/1057 1806/2614/1058 1805/2615/1058 1803/2616/1059
f 1806/2614/1058 1808/2617/1060 1807/2618/1061 1805/2615/1058
f 1808/2617/1060 1810/2619/1062 1809/2620/1063 1807/2618/1061
f 1803/2616/1064 1805/2615/1065 1817/2621/4
f 1809/2620/1063 1810/2619/1062 1812/2622/1066 1811/2623/1067
f 1811/2623/1067 1812/2622/1066 1814/2624/1068 1813/2625/1069
f 1813/2625/1069 1814/2624/1068 1816/2626/1070 1815/2627/1071
f 1815/2627/1071 1816/2626/1070 1794/2604/1048 1793/2603/1048
f 1801/2612/1072 1803/2616/1064 1817/2621/4
f 1815/2627/1073 1793/2603/1074 1817/2621/4
f 1799/2610/1075 1801/2612/1072 1817/2621/4
f 1807/2618/1076 1809/2620/1077 1817/2621/4
f 1811/2623/1078 1813/2625/1079 1817/2621/4
f 1795/2606/1080 1797/2608/1081 1817/2621/4
f 1805/2615/1065 1807/2618/1076 1817/2621/4
f 1813/2625/1079 1815/2627/1073 1817/2621/4
f 1797/2608/1081 1799/2610/1075 1817/2621/4
f 1793/2603/1074 1795/2606/1080 1817/2621/4
f 1809/2620/1077 1811/2623/1078 1817/2621/4
f 1802/2611/1055 1804/2613/1057 1803/2616/1059 1801/2612/1056
f 1818/2628/1048 1819/2629/1048 1821/2630/1049 1820/2631/1050
f 1820/2631/1050 1821/2630/1049 1823/2632/1051 1822/2633/1052
f 1822/2633/1052 1823/2632/1051 1825/2634/1053 1824/2635/1054
f 1824/2635/1054 1825/2634/1053 1827/2636/1055 1826/2637/1056
f 1829/2638/1057 1831/2639/1058 1830/2640/1058 1828/2641/1059
f 1831/2639/1058 1833/2642/1060 1832/2643/1061 1830/2640/1058
f 1833/2642/1060 1835/2644/1062 1834/2645/1063 1832/2643/1061
f 1828/2641/1064 1830/2640/1065 1842/2646/4
f 1834/2645/1063 1835/2644/1062 1837/2647/1066 1836/2648/1067
f 1836/2648/1067 1837/2647/1066 1839/2649/1068 1838/2650/1069
f 1838/2650/1069 1839/2649/1068 1841/2651/1070 1840/2652/1071
f 1840/2652/1071 1841/2651/1070 1819/2629/1048 1818/2628/1048
f 1826/2637/1072 1828/2641/1064 1842/2646/4
f 1840/2652/1073 1818/2628/1074 1842/2646/4
f 1824/2635/1075 1826/2637/1072 1842/2646/4
f 1832/2643/1076 1834/2645/1077 1842/2646/4
f 1836/2648/1078 1838/2650/1079 1842/2646/4
f 1820/2631/1080 1822/2633/1081 1842/2646/4
f 1830/2640/1065 1832/2643/1076 1842/2646/4
f 1838/2650/1079 1840/2652/1073 1842/2646/4
f 1822/2633/1081 1824/2635/1075 1842/2646/4
f 1818/2628/1074 1820/2631/1080 1842/2646/4
f 1834/2645/1077 1836/2648/1078 1842/2646/4
f 1827/2636/1055 1829/2638/1057 1828/2641/1059 1826/2637/1056
f 1843/2653/1048 1844/2654/1048 1846/2655/1049 1845/2656/1050
f 1845/2656/1050 1846/2655/1049 1848/2657/1051 1847/2658/1052
f 1847/2658/1052 1848/2657/1051 1850/2659/1053 1849/2660/1054
f 1849/2660/1054 1850/2659/1053 1852/2661/1055 1851/2662/1056
f 1854/2663/1057 1856/2664/1058 1855/2665/1058 1853/2666/1059
f 1856/2664/1058 1858/2667/1060 1857/2668/1061 1855/2665/1058
f 1858/2667/1060 1860/2669/1062 1859/2670/1063 1857/2668/1061
f 1853/2666/1064 1855/2665/1065 1867/2671/4
f 1859/2670/1063 1860/2669/1062 1862/2672/1066 1861/2673/1067
f 1861/2673/1067 1862/2672/1066 1864/2674/1068 1863/2675/1069
f 1863/2675/1069 1864/2674/1068 1866/2676/1070 1865/2677/1071
f 1865/2677/1071 1866/2676/1070 1844/2654/1048 1843/2653/1048
f 1851/2662/1072 1853/2666/1064 1867/2671/4
f 1865/2677/1073 1843/2653/1074 1867/2671/4
f 1849/2660/1075 1851/2662/1072 1867/2671/4
f 1857/2668/1076 1859/2670/1077 1867/2671/4
f 1861/2673/1078 1863/2675/1079 1867/2671/4
f 1845/2656/1080 1847/2658/1081 1867/2671/4
f 1855/2665/1065 1857/2668/1076 1867/2671/4
f 1863/2675/1079 1865/2677/1073 1867/2671/4
f 1847/2658/1081 1849/2660/1075 1867/2671/4
f 1843/2653/1074 1845/2656/1080 1867/2671/4
f 1859/2670/1077 1861/2673/1078 1867/2671/4
f 1852/2661/1055 1854/2663/1057 1853/2666/1059 1851/2662/1056
f 1868/2678/1082 1870/2679/1083 1871/2680/1084 1869/2681/1082
f 1870/2679/1083 1872/2682/1085 1873/2683/1086 1871/2680/1084
f 1872/2682/1085 1874/2684/1087 1875/2685/1088 1873/2683/1086
f 1874/2684/1087 1876/2686/1089 1877/2687/1090 1875/2685/1088
f 1879/2688/1091 1878/2689/1092 1880/2690/1093 1881/2691/1093
f 1881/2691/1093 1880/2690/1093 1882/2692/1094 1883/2693/1095
f 1883/2693/1095 1882/2692/1094 1884/2694/1096 1885/2695/1097
f 1878/2689/1098 1892/2696/31 1880/2690/1099
f 1884/2694/1096 1886/2697/1100 1887/2698/1101 1885/2695/1097
f 1886/2697/1100 1888/2699/1102 1889/2700/1103 1887/2698/1101
f 1888/2699/1102 1890/2701/1104 1891/2702/1105 1889/2700/1103
f 1890/2701/1104 1868/2678/1082 1869/2681/1082 1891/2702/1105
f 1876/2686/1106 1892/2696/31 1878/2689/1098
f 1890/2701/1107 1892/2696/31 1868/2678/1108
f 1874/2684/1109 1892/2696/31 1876/2686/1106
f 1882/2692/1110 1892/2696/31 1884/2694/1111
f 1886/2697/1112 1892/2696/31 1888/2699/1113
f 1870/2679/1114 1892/2696/31 1872/2682/1115
f 1880/2690/1099 1892/2696/31 1882/2692/1110
f 1888/2699/1113 1892/2696/31 1890/2701/1107
f 1872/2682/1115 1892/2696/31 1874/2684/1109
f 1868/2678/1108 1892/2696/31 1870/2679/1114
f 1884/2694/1111 1892/2696/31 1886/2697/1112
f 1877/2687/1090 1876/2686/1089 1878/2689/1092 1879/2688/1091
f 1893/2703/1082 1895/2704/1083 1896/2705/1084 1894/2706/1082
f 1895/2704/1083 1897/2707/1085 1898/2708/1086 1896/2705/1084
f 1897/2707/1085 1899/2709/1087 1900/2710/1088 1898/2708/1086
f 1899/2709/1087 1901/2711/1089 1902/2712/1090 1900/2710/1088
f 1904/2713/1091 1903/2714/1092 1905/2715/1093 1906/2716/1093
f 1906/2716/1093 1905/2715/1093 1907/2717/1094 1908/2718/1095
f 1908/2718/1095 1907/2717/1094 1909/2719/1096 1910/2720/1097
f 1903/2714/1098 1917/2721/31 1905/2715/1099
f 1909/2719/1096 1911/2722/1100 1912/2723/1101 1910/2720/1097
f 1911/2722/1100 1913/2724/1102 1914/2725/1103 1912/2723/1101
f 1913/2724/1102 1915/2726/1104 1916/2727/1105 1914/2725/1103
f 1915/2726/1104 1893/2703/1082 1894/2706/1082 1916/2727/1105
f 1901/2711/1106 1917/2721/31 1903/2714/1098
f 1915/2726/1107 1917/2721/31 1893/2703/1108
f 1899/2709/1109 1917/2721/31 1901/2711/1106
f 1907/2717/1110 1917/2721/31 1909/2719/1111
f 1911/2722/1112 1917/2721/31 1913/2724/1113
f 1895/2704/1114 1917/2721/31 1897/2707/1115
f 1905/2715/1099 1917/2721/31 1907/2717/1110
f 1913/2724/1113 1917/2721/31 1915/2726/1107
f 1897/2707/1115 1917/2721/31 1899/2709/1109
f 1893/2703/1108 1917/2721/31 1895/2704/1114
f 1909/2719/1111 1917/2721/31 1911/2722/1112
f 1902/2712/1090 1901/2711/1089 1903/2714/1092 1904/2713/1091
f 1918/2728/1082 1920/2729/1083 1921/2730/1084 1919/2731/1082
f 1920/2729/1083 1922/2732/1085 1923/2733/1086 1921/2730/1084
f 1922/2732/1085 1924/2734/1087 1925/2735/1088 1923/2733/1086
f 1924/2734/1087 1926/2736/1089 1927/2737/1090 1925/2735/1088
f 1929/2738/1091 1928/2739/1092 1930/2740/1093 1931/2741/1093
f 1931/2741/1093 1930/2740/1093 1932/2742/1094 1933/2743/1095
f 1933/2743/1095 1932/2742/1094 1934/2744/1096 1935/2745/1097
f 1928/2739/1098 1942/2746/31 1930/2740/1099
f 1934/2744/1096 1936/2747/1100 1937/2748/1101 1935/2745/1097
f 1936/2747/1100 1938/2749/1102 1939/2750/1103 1937/2748/1101
f 1938/2749/1102 1940/2751/1104 1941/2752/1105 1939/2750/1103
f 1940/2751/1104 1918/2728/1082 1919/2731/1082 1941/2752/1105
f 1926/2736/1106 1942/2746/31 1928/2739/1098
f 1940/2751/1107 1942/2746/31 1918/2728/1108
f 1924/2734/1109 1942/2746/31 1926/2736/1106
f 1932/2742/1110 1942/2746/31 1934/2744/1111
f 1936/2747/1112 1942/2746/31 1938/2749/1113
f 1920/2729/1114 1942/2746/31 1922/2732/1115
f 1930/2740/1099 1942/2746/31 1932/2742/1110
f 1938/2749/1113 1942/2746/31 1940/2751/1107
f 1922/2732/1115 1942/2746/31 1924/2734/1109
f 1918/2728/1108 1942/2746/31 1920/2729/1114
f 1934/2744/1111 1942/2746/31 1936/2747/1112
f 1927/2737/1090 1926/2736/1089 1928/2739/1092 1929/2738/1091
f 1943/2753/1116 1944/2754/1116 1946/2755/1117 1945/2756/1118
f 1945/2756/1118 1946/2755/1117 1948/2757/1119 1947/2758/1120
f 1947/2758/1120 1948/2757/1119 1950/2759/1121 1949/2760/1122
f 1949/2760/1122 1950/2759/1121 1952/2761/1123 1951/2762/1124
f 1954/2763/1125 1956/2764/1126 1955/2765/1126 1953/2766/1127
f 1956/2764/1126 1958/2767/1128 1957/2768/1129 1955/2765/1126
f 1958/2767/1128 1960/2769/1130 1959/2770/1131 1957/2768/1129
f 1953/2766/1132 1955/2765/1133 1967/2771/4
f 1959/2770/1131 1960/2769/1130 1962/2772/1134 1961/2773/1135
f 1961/2773/1135 1962/2772/1134 1964/2774/1136 1963/2775/1137
f 1963/2775/1137 1964/2774/1136 1966/2776/1138 1965/2777/1139
f 1965/2777/1139 1966/2776/1138 1944/2754/1116 1943/2753/1116
f 1951/2762/1140 1953/2766/1132 1967/2771/4
f 1965/2777/1141 1943/2753/1142 1967/2771/4
f 1949/2760/1143 1951/2762/1140 1967/2771/4
f 1957/2768/1144 1959/2770/1145 1967/2771/4
f 1961/2773/1146 1963/2775/1147 1967/2771/4
f 1945/2756/1148 1947/2758/1149 1967/2771/4
f 1955/2765/1133 1957/2768/1144 1967/2771/4
f 1963/2775/1147 1965/2777/1141 1967/2771/4
f 1947/2758/1149 1949/2760/1143 1967/2771/4
f 1943/2753/1142 1945/2756/1148 1967/2771/4
f 1959/2770/1145 1961/2773/1146 1967/2771/4
f 1952/2761/1123 1954/2763/1125 1953/2766/1127 1951/2762/1124
f 1968/2778/1150 1970/2779/1151 1971/2780/1152 1969/2781/1150
f 1970/2779/1151 1972/2782/1153 1973/2783/1154 1971/2780/1152
f 1972/2782/1153 1974/2784/1155 1975/2785/1156 1973/2783/1154
f 1974/2784/1155 1976/2786/1157 1977/2787/1158 1975/2785/1156
f 1979/2788/1159 1978/2789/1160 1980/2790/1161 1981/2791/1161
f 1981/2791/1161 1980/2790/1161 1982/2792/1162 1983/2793/1163
f 1983/2793/1163 1982/2792/1162 1984/2794/1164 1985/2795/1165
f 1978/2789/1166 1992/2796/31 1980/2790/1167
f 1984/2794/1164 1986/2797/1168 1987/2798/1169 1985/2795/1165
f 1986/2797/1168 1988/2799/1170 1989/2800/1171 1987/2798/1169
f 1988/2799/1170 1990/2801/1172 1991/2802/1173 1989/2800/1171
f 1990/2801/1172 1968/2778/1150 1969/2781/1150 1991/2802/1173
f 1976/2786/1174 1992/2796/31 1978/2789/1166
f 1990/2801/1175 1992/2796/31 1968/2778/1176
f 1974/2784/1177 1992/2796/31 1976/2786/1174
f 1982/2792/1178 1992/2796/31 1984/2794/1179
f 1986/2797/1180 1992/2796/31 1988/2799/1181
f 1970/2779/1182 1992/2796/31 1972/2782/1183
f 1980/2790/1167 1992/2796/31 1982/2792/1178
f 1988/2799/1181 1992/2796/31 1990/2801/1175
f 1972/2782/1183 1992/2796/31 1974/2784/1177
f 1968/2778/1176 1992/2796/31 1970/2779/1182
f 1984/2794/1179 1992/2796/31 1986/2797/1180
f 1977/2787/1158 1976/2786/1157 1978/2789/1160 1979/2788/1159
f 1993/2803/1116 1994/2804/1116 1996/2805/1117 1995/2806/1118
f 1995/2806/1118 1996/2805/1117 1998/2807/1119 1997/2808/1120
f 1997/2808/1120 1998/2807/1119 2000/2809/1121 1999/2810/1122
f 1999/2810/1122 2000/2809/1121 2002/2811/1123 2001/2812/1124
f 2004/2813/1125 2006/2814/1126 2005/2815/1126 2003/2816/1127
f 2006/2814/1126 2008/2817/1128 2007/2818/1129 2005/2815/1126
f 2008/2817/1128 2010/2819/1130 2009/2820/1131 2007/2818/1129
f 2003/2816/1132 2005/2815/1133 2017/2821/4
f 2009/2820/1131 2010/2819/1130 2012/2822/1134 2011/2823/1135
f 2011/2823/1135 2012/2822/1134 2014/2824/1136 2013/2825/1184
f 2013/2825/1184 2014/2824/1136 2016/2826/1138 2015/2827/1185
f 2015/2827/1185 2016/2826/1138 1994/2804/1116 1993/2803/1116
f 2001/2812/1140 2003/2816/1132 2017/2821/4
f 2015/2827/1141 1993/2803/1142 2017/2821/4
f 1999/2810/1143 2001/2812/1140 2017/2821/4
f 2007/2818/1144 2009/2820/1145 2017/2821/4
f 2011/2823/1146 2013/2825/1147 2017/2821/4
f 1995/2806/1148 1997/2808/1149 2017/2821/4
f 2005/2815/1133 2007/2818/1144 2017/2821/4
f 2013/2825/1147 2015/2827/1141 2017/2821/4
f 1997/2808/1149 1999/2810/1143 2017/2821/4
f 1993/2803/1142 1995/2806/1148 2017/2821/4
f 2009/2820/1145 2011/2823/1146 2017/2821/4
f 2002/2811/1123 2004/2813/1125 2003/2816/1127 2001/2812/1124
f 2018/2828/1150 2020/2829/1151 2021/2830/1152 2019/2831/1150
f 2020/2829/1151 2022/2832/1153 2023/2833/1154 2021/2830/1152
f 2022/2832/1153 2024/2834/1155 2025/2835/1156 2023/2833/1154
f 2024/2834/1155 2026/2836/1157 2027/2837/1158 2025/2835/1156
f 2029/2838/1159 2028/2839/1160 2030/2840/1161 2031/2841/1161
f 2031/2841/1161 2030/2840/1161 2032/2842/1162 2033/2843/1163
f 2033/2843/1163 2032/2842/1162 2034/2844/1164 2035/2845/1165
f 2028/2839/1166 2042/2846/31 2030/2840/1167
f 2034/2844/1164 2036/2847/1186 2037/2848/1169 2035/2845/1165
f 2036/2847/1186 2038/2849/1187 2039/2850/1171 2037/2848/1169
f 2038/2849/1187 2040/2851/1188 2041/2852/1173 2039/2850/1171
f 2040/2851/1188 2018/2828/1150 2019/2831/1150 2041/2852/1173
f 2026/2836/1174 2042/2846/31 2028/2839/1166
f 2040/2851/1175 2042/2846/31 2018/2828/1176
f 2024/2834/1177 2042/2846/31 2026/2836/1174
f 2032/2842/1178 2042/2846/31 2034/2844/1179
f 2036/2847/1180 2042/2846/31 2038/2849/1181
f 2020/2829/1182 2042/2846/31 2022/2832/1183
f 2030/2840/1167 2042/2846/31 2032/2842/1178
f 2038/2849/1181 2042/2846/31 2040/2851/1175
f 2022/2832/1183 2042/2846/31 2024/2834/1177
f 2018/2828/1176 2042/2846/31 2020/2829/1182
f 2034/2844/1179 2042/2846/31 2036/2847/1180
f 2027/2837/1158 2026/2836/1157 2028/2839/1160 2029/2838/1159
f 2043/2853/1116 2044/2854/1116 2046/2855/1117 2045/2856/1118
f 2045/2856/1118 2046/2855/1117 2048/2857/1119 2047/2858/1120
f 2047/2858/1120 2048/2857/1119 2050/2859/1121 2049/2860/1122
f 2049/2860/1122 2050/2859/1121 2052/2861/1123 2051/2862/1124
f 2054/2863/1125 2056/2864/1126 2055/2865/1126 2053/2866/1127
f 2056/2864/1126 2058/2867/1128 2057/2868/1129 2055/2865/1126
f 2058/2867/1128 2060/2869/1130 2059/2870/1131 2057/2868/1129
f 2053/2866/1132 2055/2865/1133 2067/2871/4
f 2059/2870/1131 2060/2869/1130 2062/2872/1134 2061/2873/1135
f 2061/2873/1135 2062/2872/1134 2064/2874/1136 2063/2875/1137
f 2063/2875/1137 2064/2874/1136 2066/2876/1138 2065/2877/1185
f 2065/2877/1185 2066/2876/1138 2044/2854/1116 2043/2853/1116
f 2051/2862/1140 2053/2866/1132 2067/2871/4
f 2065/2877/1141 2043/2853/1142 2067/2871/4
f 2049/2860/1143 2051/2862/1140 2067/2871/4
f 2057/2868/1144 2059/2870/1145 2067/2871/4
f 2061/2873/1146 2063/2875/1147 2067/2871/4
f 2045/2856/1148 2047/2858/1149 2067/2871/4
f 2055/2865/1133 2057/2868/1144 2067/2871/4
f 2063/2875/1147 2065/2877/1141 2067/2871/4
f 2047/2858/1149 2049/2860/1143 2067/2871/4
f 2043/2853/1142 2045/2856/1148 2067/2871/4
f 2059/2870/1145 2061/2873/1146 2067/2871/4
f 2052/2861/1123 2054/2863/1125 2053/2866/1127 2051/2862/1124
f 2068/2878/1150 2070/2879/1151 2071/2880/1152 2069/2881/1150
f 2070/2879/1151 2072/2882/1153 2073/2883/1154 2071/2880/1152
f 2072/2882/1153 2074/2884/1155 2075/2885/1156 2073/2883/1154
f 2074/2884/1155 2076/2886/1157 2077/2887/1158 2075/2885/1156
f 2079/2888/1159 2078/2889/1160 2080/2890/1161 2081/2891/1161
f 2081/2891/1161 2080/2890/1161 2082/2892/1162 2083/2893/1163
f 2083/2893/1163 2082/2892/1162 2084/2894/1164 2085/2895/1165
f 2078/2889/1166 2092/2896/31 2080/2890/1167
f 2084/2894/1164 2086/2897/1168 2087/2898/1169 2085/2895/1165
f 2086/2897/1168 2088/2899/1170 2089/2900/1171 2087/2898/1169
f 2088/2899/1170 2090/2901/1188 2091/2902/1173 2089/2900/1171
f 2090/2901/1188 2068/2878/1150 2069/2881/1150 2091/2902/1173
f 2076/2886/1174 2092/2896/31 2078/2889/1166
f 2090/2901/1175 2092/2896/31 2068/2878/1176
f 2074/2884/1177 2092/2896/31 2076/2886/1174
f 2082/2892/1178 2092/2896/31 2084/2894/1179
f 2086/2897/1180 2092/2896/31 2088/2899/1181
f 2070/2879/1182 2092/2896/31 2072/2882/1183
f 2080/2890/1167 2092/2896/31 2082/2892/1178
f 2088/2899/1181 2092/2896/31 2090/2901/1175
f 2072/2882/1183 2092/2896/31 2074/2884/1177
f 2068/2878/1176 2092/2896/31 2070/2879/1182
f 2084/2894/1179 2092/2896/31 2086/2897/1180
f 2077/2887/1158 2076/2886/1157 2078/2889/1160 2079/2888/1159
f 2093/2903/1116 2094/2904/1116 2096/2905/1117 2095/2906/1189
f 2095/2906/1189 2096/2905/1117 2098/2907/1119 2097/2908/1120
f 2097/2908/1120 2098/2907/1119 2100/2909/1121 2099/2910/1122
f 2099/2910/1122 2100/2909/1121 2102/2911/1123 2101/2912/1124
f 2104/2913/1125 2106/2914/1126 2105/2915/1126 2103/2916/1127
f 2106/2914/1126 2108/2917/1128 2107/2918/1129 2105/2915/1126
f 2108/2917/1128 2110/2919/1130 2109/2920/1131 2107/2918/1129
f 2103/2916/1132 2105/2915/1133 2117/2921/4
f 2109/2920/1131 2110/2919/1130 2112/2922/1134 2111/2923/1135
f 2111/2923/1135 2112/2922/1134 2114/2924/1136 2113/2925/1137
f 2113/2925/1137 2114/2924/1136 2116/2926/1138 2115/2927/1185
f 2115/2927/1185 2116/2926/1138 2094/2904/1116 2093/2903/1116
f 2101/2912/1140 2103/2916/1132 2117/2921/4
f 2115/2927/1141 2093/2903/1142 2117/2921/4
f 2099/2910/1143 2101/2912/1140 2117/2921/4
f 2107/2918/1144 2109/2920/1145 2117/2921/4
f 2111/2923/1146 2113/2925/1147 2117/2921/4
f 2095/2906/1148 2097/2908/1149 2117/2921/4
f 2105/2915/1133 2107/2918/1144 2117/2921/4
f 2113/2925/1147 2115/2927/1141 2117/2921/4
f 2097/2908/1149 2099/2910/1143 2117/2921/4
f 2093/2903/1142 2095/2906/1148 2117/2921/4
f 2109/2920/1145 2111/2923/1146 2117/2921/4
f 2102/2911/1123 2104/2913/1125 2103/2916/1127 2101/2912/1124
f 2118/2928/1150 2120/2929/1190 2121/2930/1152 2119/2931/1150
f 2120/2929/1190 2122/2932/1153 2123/2933/1154 2121/2930/1152
f 2122/2932/1153 2124/2934/1155 2125/2935/1156 2123/2933/1154
f 2124/2934/1155 2126/2936/1157 2127/2937/1158 2125/2935/1156
f 2129/2938/1159 2128/2939/1160 2130/2940/1161 2131/2941/1161
f 2131/2941/1161 2130/2940/1161 2132/2942/1162 2133/2943/1163
f 2133/2943/1163 2132/2942/1162 2134/2944/1164 2135/2945/1165
f 2128/2939/1166 2142/2946/31 2130/2940/1167
f 2134/2944/1164 2136/2947/1168 2137/2948/1169 2135/2945/1165
f 2136/2947/1168 2138/2949/1170 2139/2950/1171 2137/2948/1169
f 2138/2949/1170 2140/2951/1188 2141/2952/1173 2139/2950/1171
f 2140/2951/1188 2118/2928/1150 2119/2931/1150 2141/2952/1173
f 2126/2936/1174 2142/2946/31 2128/2939/1166
f 2140/2951/1175 2142/2946/31 2118/2928/1176
f 2124/2934/1177 2142/2946/31 2126/2936/1174
f 2132/2942/1178 2142/2946/31 2134/2944/1179
f 2136/2947/1180 2142/2946/31 2138/2949/1181
f 2120/2929/1182 2142/2946/31 2122/2932/1183
f 2130/2940/1167 2142/2946/31 2132/2942/1178
f 2138/2949/1181 2142/2946/31 2140/2951/1175
f 2122/2932/1183 2142/2946/31 2124/2934/1177
f 2118/2928/1176 2142/2946/31 2120/2929/1182
f 2134/2944/1179 2142/2946/31 2136/2947/1180
f 2127/2937/1158 2126/2936/1157 2128/2939/1160 2129/2938/1159
f 2143/2953/1191 2144/2954/1192 2146/2955/1193 2145/2956/1194
f 2145/2956/1194 2146/2955/1193 2148/2957/1195 2147/2958/1196
f 2147/2958/1196 2148/2957/1195 2150/2959/1197 2149/2960/1198
f 2149/2960/1198 2150/2959/1197 2152/2961/1199 2151/2962/1200
f 2154/2963/1201 2156/2964/1202 2155/2965/1203 2153/2966/1204
f 2156/2964/1202 2158/2967/1205 2157/2968/1206 2155/2965/1203
f 2158/2967/1205 2160/2969/1207 2159/2970/1208 2157/2968/1206
f 2153/2966/1209 2155/2965/1210 2167/2971/4
f 2159/2970/1208 2160/2969/1207 2162/2972/1211 2161/2973/1212
f 2161/2973/1212 2162/2972/1211 2164/2974/1213 2163/2975/1214
f 2163/2975/1214 2164/2974/1213 2166/2976/1215 2165/2977/1216
f 2165/2977/1216 2166/2976/1215 2144/2954/1192 2143/2953/1191
f 2151/2962/1217 2153/2966/1209 2167/2971/4
f 2165/2977/1218 2143/2953/1219 2167/2971/4
f 2149/2960/1133 2151/2962/1217 2167/2971/4
f 2157/2968/1220 2159/2970/1148 2167/2971/4
f 2161/2973/1221 2163/2975/1143 2167/2971/4
f 2145/2956/1132 2147/2958/1222 2167/2971/4
f 2155/2965/1210 2157/2968/1220 2167/2971/4
f 2163/2975/1143 2165/2977/1218 2167/2971/4
f 2147/2958/1222 2149/2960/1133 2167/2971/4
f 2143/2953/1219 2145/2956/1132 2167/2971/4
f 2159/2970/1148 2161/2973/1221 2167/2971/4
f 2152/2961/1199 2154/2963/1201 2153/2966/1204 2151/2962/1200
f 2168/2978/1191 2169/2979/1192 2171/2980/1193 2170/2981/1194
f 2170/2981/1194 2171/2980/1193 2173/2982/1195 2172/2983/1196
f 2172/2983/1196 2173/2982/1195 2175/2984/1197 2174/2985/1198
f 2174/2985/1198 2175/2984/1197 2177/2986/1199 2176/2987/1200
f 2179/2988/1201 2181/2989/1202 2180/2990/1203 2178/2991/1204
f 2181/2989/1202 2183/2992/1205 2182/2993/1206 2180/2990/1203
f 2183/2992/1205 2185/2994/1207 2184/2995/1208 2182/2993/1206
f 2178/2991/1209 2180/2990/1210 2192/2996/4
f 2184/2995/1208 2185/2994/1207 2187/2997/1211 2186/2998/1212
f 2186/2998/1212 2187/2997/1211 2189/2999/1213 2188/3000/1214
f 2188/3000/1214 2189/2999/1213 2191/3001/1215 2190/3002/1216
f 2190/3002/1216 2191/3001/1215 2169/2979/1192 2168/2978/1191
f 2176/2987/1217 2178/2991/1209 2192/2996/4
f 2190/3002/1218 2168/2978/1219 2192/2996/4
f 2174/2985/1133 2176/2987/1217 2192/2996/4
f 2182/2993/1220 2184/2995/1148 2192/2996/4
f 2186/2998/1221 2188/3000/1143 2192/2996/4
f 2170/2981/1132 2172/2983/1222 2192/2996/4
f 2180/2990/1210 2182/2993/1220 2192/2996/4
f 2188/3000/1143 2190/3002/1218 2192/2996/4
f 2172/2983/1222 2174/2985/1133 2192/2996/4
f 2168/2978/1219 2170/2981/1132 2192/2996/4
f 2184/2995/1148 2186/2998/1221 2192/2996/4
f 2177/2986/1199 2179/2988/1201 2178/2991/1204 2176/2987/1200
