# Blender 4.0.2
# www.blender.org
mtllib Gun_Revolver_Red.mtl
o Gun_Revolver_Red
v 0.025401 -0.059796 0.016070
v 0.009244 -0.072151 0.013556
v 0.004609 -0.074166 0.000000
v 0.021391 -0.038525 0.016019
v 0.002246 -0.059384 0.013556
v -0.001732 -0.063596 0.000000
v -0.035293 0.024628 0.013935
v -0.051115 0.011974 0.011823
v -0.054407 0.009284 0.000000
v -0.003206 -0.051472 0.000000
v 0.015790 -0.027203 0.016019
v 0.000090 -0.047390 0.013556
v 0.057491 -0.034507 0.015665
v 0.072291 -0.024257 0.013178
v 0.075978 -0.021589 0.000000
v 0.041515 -0.025371 0.017858
v 0.061928 -0.011834 0.013557
v 0.066107 -0.009032 0.000000
v 0.058040 -0.000351 0.000000
v 0.032951 -0.018549 0.018272
v 0.053766 -0.003470 0.013626
v -0.039802 0.057331 0.018357
v -0.024356 0.063839 0.010262
v -0.021155 0.065173 0.000000
v -0.026202 0.013257 0.014898
v -0.014887 0.003225 0.015639
v -0.021250 0.008623 0.015396
v -0.030163 -0.009611 0.013242
v -0.041031 0.000144 0.012638
v -0.038447 -0.006315 0.013046
v -0.033341 -0.012318 0.000000
v -0.044116 -0.002641 0.000000
v -0.042002 -0.009463 0.000000
v -0.000981 -0.008028 0.015902
v 0.005334 -0.013691 0.015994
v -0.019363 -0.020621 0.013457
v -0.017094 -0.028497 0.013534
v -0.023188 -0.023235 0.000000
v -0.021736 -0.031539 0.000000
v 0.000728 -0.068884 0.000000
v 0.005225 -0.073904 0.007818
v 0.013310 -0.070285 0.015083
v 0.018022 -0.067633 0.015834
v 0.025254 -0.048886 0.016026
v 0.005069 -0.065569 0.013556
v -0.002164 -0.058110 0.000000
v 0.010407 -0.050513 0.015828
v 0.005797 -0.055532 0.015082
v -0.001195 -0.063059 0.007818
v -0.053961 0.009663 0.006822
v -0.048180 0.014330 0.013148
v -0.044370 0.017378 0.013790
v 0.018331 -0.031803 0.016019
v 0.001380 -0.053692 0.013556
v -0.002753 -0.050950 0.007818
v 0.006787 -0.038803 0.015828
v 0.003006 -0.043662 0.015082
v 0.007751 -0.004547 0.018273
v -0.003953 0.003374 0.018278
v 0.030505 0.013495 0.013617
v 0.016805 0.021741 0.013389
v 0.075505 -0.021943 0.007599
v 0.064977 -0.029431 0.015402
v 0.053237 -0.017603 0.016575
v 0.065559 -0.009408 0.007646
v 0.024971 -0.014150 0.018272
v 0.019802 -0.011372 0.018272
v 0.047000 0.002218 0.013626
v 0.042424 0.005651 0.013626
v 0.021056 0.025563 0.000000
v 0.035166 0.017232 0.000000
v -0.010905 0.011102 0.018299
v -0.013884 0.018480 0.018330
v 0.005485 0.028839 0.012557
v -0.002285 0.034424 0.011331
v 0.000133 0.037769 0.000000
v 0.008856 0.032547 0.000000
v 0.047063 0.009169 0.000000
v 0.051520 0.005600 0.000000
v 0.057476 -0.000769 0.007655
v 0.044902 -0.009895 0.016791
v -0.026543 0.035491 0.018356
v -0.018714 0.026485 0.018351
v -0.008393 0.039364 0.010499
v -0.013898 0.044866 0.010271
v -0.006209 0.042069 0.000000
v -0.011223 0.046827 0.000000
v -0.033701 0.045170 0.018357
v -0.018873 0.052313 0.010262
v -0.015759 0.053795 0.000000
v -0.021585 0.064998 0.005334
v -0.030939 0.061068 0.014513
v -0.056487 0.028500 0.011635
v -0.055031 0.022406 0.011656
v -0.053289 0.016814 0.011713
v -0.037546 0.029239 0.013806
v -0.039804 0.033919 0.013744
v -0.042259 0.037845 0.013735
v -0.059592 0.025933 0.000000
v -0.058244 0.019785 0.000000
v -0.056571 0.014150 0.000000
v -0.039073 -0.005220 0.012985
v -0.039932 -0.001896 0.012792
v -0.043699 -0.002249 0.007292
v -0.043119 -0.004786 0.000000
v -0.042560 -0.008330 0.000000
v -0.041526 -0.009026 0.007526
v -0.032962 -0.008266 0.013192
v -0.036212 -0.011109 0.000000
v -0.032911 -0.011942 0.007638
v -0.027330 -0.007225 0.014731
v -0.023651 -0.004133 0.015457
v -0.017305 0.005207 0.015577
v -0.031120 0.000060 0.015224
v -0.035260 -0.003538 0.014511
v -0.022221 0.009520 0.015320
v -0.024586 0.011737 0.015083
v -0.034709 0.005743 0.014741
v -0.038280 0.002585 0.014054
v -0.017645 -0.027177 0.013526
v -0.018327 -0.023234 0.013490
v -0.022670 -0.022883 0.007761
v -0.022432 -0.025959 0.000000
v -0.022202 -0.030153 0.000000
v -0.021114 -0.031137 0.007805
v -0.011842 -0.031535 0.013550
v -0.014101 -0.030329 0.013546
v -0.018522 -0.033318 0.000000
v -0.016028 -0.034506 0.000000
v 0.004363 -0.012707 0.015984
v 0.001435 -0.010057 0.015942
v -0.011527 -0.015254 0.015712
v -0.015953 -0.018286 0.014972
v -0.012937 -0.025756 0.015058
v -0.007537 -0.022192 0.015802
v 0.008306 -0.017037 0.016012
v 0.007223 -0.015757 0.016008
v -0.004222 -0.005380 0.015846
v -0.007934 -0.002383 0.015779
v -0.011645 0.000606 0.015708
v -0.027081 -0.011792 0.013299
v -0.024021 -0.014584 0.013357
v -0.021333 -0.017641 0.013412
v -0.028209 0.015187 0.014658
v -0.032911 0.020752 0.014141
v -0.048457 0.008060 0.011998
v -0.043015 0.002364 0.012436
v -0.051692 0.005361 0.000000
v -0.046098 -0.000363 0.000000
v -0.030297 -0.014401 0.000000
v -0.027375 -0.017141 0.000000
v -0.024898 -0.020199 0.000000
v 0.012676 -0.022665 0.016019
v 0.011061 -0.020510 0.016018
v -0.006526 -0.036297 0.013555
v -0.003877 -0.039838 0.013556
v -0.010201 -0.039516 0.000000
v -0.007345 -0.043328 0.000000
v 0.001309 -0.068458 0.007818
v 0.013879 -0.058554 0.015829
v 0.008942 -0.062539 0.015082
v 0.008609 -0.044382 0.015828
v 0.004527 -0.049650 0.015082
v -0.001679 -0.057547 0.007818
v 0.000974 -0.029578 0.015826
v -0.003261 -0.033378 0.015080
v 0.003183 -0.032531 0.015827
v -0.000803 -0.036664 0.015081
v -0.036703 0.007840 0.014505
v -0.041830 0.013480 0.013993
v -0.040268 0.004751 0.013830
v -0.045573 0.010422 0.013342
v -0.045680 0.000021 0.007176
v -0.051254 0.005741 0.006923
v -0.029861 -0.014040 0.007670
v -0.026919 -0.016790 0.007704
v -0.024414 -0.019851 0.007735
v -0.009699 -0.039098 0.007817
v -0.006869 -0.042877 0.007818
v 0.020498 0.025046 0.007492
v 0.034554 0.016730 0.007649
v 0.007967 0.013911 0.016631
v 0.020817 0.005806 0.016785
v -0.001496 0.021275 0.016067
v -0.007230 0.027623 0.015236
v 0.008410 0.032040 0.006918
v -0.000196 0.037309 0.006072
v 0.046453 0.008699 0.007655
v 0.050925 0.005149 0.007655
v 0.032791 -0.001602 0.016791
v 0.037619 -0.004756 0.016791
v -0.012798 0.033870 0.014673
v -0.019295 0.040868 0.014519
v -0.006514 0.041696 0.005497
v -0.011596 0.046559 0.005340
v -0.016188 0.053596 0.005334
v -0.025199 0.049269 0.014513
v -0.050364 0.019144 0.013025
v -0.046571 0.022146 0.013661
v -0.052174 0.024682 0.012962
v -0.048489 0.027531 0.013595
v -0.053738 0.030691 0.012939
v -0.050243 0.033227 0.013573
v -0.056126 0.014526 0.006758
v -0.057808 0.020155 0.006725
v -0.059169 0.026296 0.006713
v -0.042689 -0.004381 0.007381
v -0.042093 -0.007898 0.007491
v -0.035774 -0.010714 0.007609
v -0.030059 -0.005761 0.014675
v -0.026289 -0.002517 0.015398
v -0.035950 -0.002479 0.014442
v -0.031892 0.001070 0.015151
v -0.037086 0.000641 0.014226
v -0.033391 0.003924 0.014922
v -0.021878 -0.025594 0.007780
v -0.021591 -0.029759 0.007800
v -0.017928 -0.032924 0.007812
v -0.015463 -0.034115 0.007815
v -0.009903 -0.017620 0.015751
v -0.014661 -0.020792 0.015009
v -0.008267 -0.021014 0.015792
v -0.013565 -0.024497 0.015048
v -0.005013 -0.024123 0.015816
v -0.010147 -0.027631 0.015071
v -0.003254 -0.025362 0.015821
v -0.008105 -0.028852 0.015076
v -0.020500 -0.006502 0.015524
v -0.024217 -0.009488 0.014794
v -0.017162 -0.009379 0.015593
v -0.021036 -0.012318 0.014859
v -0.014038 -0.012414 0.015658
v -0.018158 -0.015366 0.014921
v 0.025401 -0.059796 -0.016070
v 0.009244 -0.072151 -0.013556
v 0.021391 -0.038525 -0.016019
v 0.002246 -0.059384 -0.013556
v -0.035293 0.024628 -0.013935
v -0.051115 0.011974 -0.011823
v 0.015790 -0.027203 -0.016019
v 0.000090 -0.047390 -0.013556
v 0.057491 -0.034507 -0.015665
v 0.072291 -0.024257 -0.013178
v 0.041515 -0.025371 -0.017858
v 0.061928 -0.011834 -0.013557
v 0.032951 -0.018549 -0.018272
v 0.053766 -0.003470 -0.013626
v -0.039802 0.057331 -0.018357
v -0.024356 0.063839 -0.010262
v -0.026202 0.013257 -0.014898
v -0.014887 0.003225 -0.015639
v -0.021250 0.008623 -0.015396
v -0.030163 -0.009611 -0.013242
v -0.041031 0.000144 -0.012638
v -0.038447 -0.006315 -0.013046
v -0.000981 -0.008028 -0.015902
v 0.005334 -0.013691 -0.015994
v -0.019363 -0.020621 -0.013457
v -0.017094 -0.028497 -0.013534
v 0.005225 -0.073904 -0.007818
v 0.013310 -0.070285 -0.015083
v 0.018022 -0.067633 -0.015834
v 0.025254 -0.048886 -0.016026
v 0.005069 -0.065569 -0.013556
v 0.010407 -0.050513 -0.015828
v 0.005797 -0.055532 -0.015082
v -0.001195 -0.063059 -0.007818
v -0.053961 0.009663 -0.006822
v -0.048180 0.014330 -0.013148
v -0.044370 0.017378 -0.013790
v 0.018331 -0.031803 -0.016019
v 0.001380 -0.053692 -0.013556
v -0.002753 -0.050950 -0.007818
v 0.006787 -0.038803 -0.015828
v 0.003006 -0.043662 -0.015082
v 0.007751 -0.004547 -0.018273
v -0.003953 0.003374 -0.018278
v 0.030505 0.013495 -0.013617
v 0.016805 0.021741 -0.013389
v 0.075505 -0.021943 -0.007599
v 0.064977 -0.029431 -0.015402
v 0.053237 -0.017603 -0.016575
v 0.065559 -0.009408 -0.007646
v 0.024971 -0.014150 -0.018272
v 0.019802 -0.011372 -0.018272
v 0.047000 0.002218 -0.013626
v 0.042424 0.005651 -0.013626
v -0.010905 0.011102 -0.018299
v -0.013884 0.018480 -0.018330
v 0.005485 0.028839 -0.012557
v -0.002285 0.034424 -0.011331
v 0.057476 -0.000769 -0.007655
v 0.044902 -0.009895 -0.016791
v -0.026543 0.035491 -0.018356
v -0.018714 0.026485 -0.018351
v -0.008393 0.039364 -0.010499
v -0.013898 0.044866 -0.010271
v -0.033701 0.045170 -0.018357
v -0.018873 0.052313 -0.010262
v -0.021585 0.064998 -0.005334
v -0.030939 0.061068 -0.014513
v -0.056487 0.028500 -0.011635
v -0.055031 0.022406 -0.011656
v -0.053289 0.016814 -0.011713
v -0.037546 0.029239 -0.013806
v -0.039804 0.033919 -0.013744
v -0.042259 0.037845 -0.013735
v -0.039073 -0.005220 -0.012985
v -0.039932 -0.001896 -0.012792
v -0.043699 -0.002249 -0.007292
v -0.041526 -0.009026 -0.007526
v -0.032962 -0.008266 -0.013192
v -0.032911 -0.011942 -0.007638
v -0.027330 -0.007225 -0.014731
v -0.023651 -0.004133 -0.015457
v -0.017305 0.005207 -0.015577
v -0.031120 0.000059 -0.015224
v -0.035260 -0.003538 -0.014511
v -0.022221 0.009520 -0.015320
v -0.024586 0.011737 -0.015083
v -0.034709 0.005743 -0.014741
v -0.038280 0.002585 -0.014054
v -0.017645 -0.027177 -0.013525
v -0.018327 -0.023234 -0.013490
v -0.022670 -0.022883 -0.007761
v -0.021114 -0.031137 -0.007805
v -0.011842 -0.031535 -0.013550
v -0.014101 -0.030329 -0.013546
v 0.004363 -0.012707 -0.015984
v 0.001435 -0.010057 -0.015942
v -0.011527 -0.015254 -0.015712
v -0.015953 -0.018286 -0.014972
v -0.012937 -0.025756 -0.015058
v -0.007537 -0.022192 -0.015802
v 0.008306 -0.017037 -0.016012
v 0.007223 -0.015757 -0.016008
v -0.004222 -0.005380 -0.015846
v -0.007934 -0.002383 -0.015779
v -0.011645 0.000606 -0.015708
v -0.027081 -0.011792 -0.013299
v -0.024021 -0.014584 -0.013357
v -0.021333 -0.017641 -0.013412
v -0.028209 0.015187 -0.014658
v -0.032911 0.020752 -0.014141
v -0.048457 0.008060 -0.011998
v -0.043015 0.002364 -0.012436
v 0.012676 -0.022665 -0.016019
v 0.011061 -0.020510 -0.016018
v -0.006526 -0.036298 -0.013555
v -0.003877 -0.039838 -0.013556
v 0.001309 -0.068458 -0.007818
v 0.013879 -0.058554 -0.015829
v 0.008942 -0.062539 -0.015082
v 0.008609 -0.044382 -0.015828
v 0.004527 -0.049650 -0.015082
v -0.001679 -0.057547 -0.007818
v 0.000974 -0.029578 -0.015826
v -0.003261 -0.033378 -0.015080
v 0.003183 -0.032531 -0.015827
v -0.000803 -0.036664 -0.015081
v -0.036703 0.007840 -0.014505
v -0.041830 0.013480 -0.013993
v -0.040268 0.004751 -0.013830
v -0.045573 0.010422 -0.013342
v -0.045680 0.000021 -0.007176
v -0.051254 0.005741 -0.006923
v -0.029861 -0.014040 -0.007670
v -0.026919 -0.016790 -0.007704
v -0.024414 -0.019851 -0.007735
v -0.009699 -0.039098 -0.007817
v -0.006869 -0.042877 -0.007818
v 0.020498 0.025046 -0.007492
v 0.034554 0.016730 -0.007649
v 0.007967 0.013911 -0.016631
v 0.020817 0.005806 -0.016785
v -0.001496 0.021275 -0.016067
v -0.007230 0.027623 -0.015236
v 0.008410 0.032040 -0.006918
v -0.000196 0.037309 -0.006072
v 0.046453 0.008699 -0.007655
v 0.050925 0.005149 -0.007655
v 0.032791 -0.001602 -0.016791
v 0.037619 -0.004756 -0.016791
v -0.012798 0.033870 -0.014673
v -0.019295 0.040868 -0.014519
v -0.006514 0.041696 -0.005497
v -0.011596 0.046559 -0.005340
v -0.016188 0.053596 -0.005334
v -0.025199 0.049269 -0.014513
v -0.050364 0.019144 -0.013025
v -0.046571 0.022146 -0.013661
v -0.052174 0.024682 -0.012962
v -0.048489 0.027531 -0.013595
v -0.053738 0.030691 -0.012939
v -0.050243 0.033227 -0.013573
v -0.056126 0.014526 -0.006758
v -0.057808 0.020155 -0.006725
v -0.059169 0.026296 -0.006713
v -0.042689 -0.004381 -0.007381
v -0.042093 -0.007898 -0.007491
v -0.035774 -0.010714 -0.007609
v -0.030059 -0.005761 -0.014675
v -0.026289 -0.002517 -0.015398
v -0.035950 -0.002479 -0.014442
v -0.031892 0.001070 -0.015151
v -0.037086 0.000641 -0.014226
v -0.033391 0.003924 -0.014922
v -0.021878 -0.025594 -0.007780
v -0.021591 -0.029759 -0.007800
v -0.017928 -0.032924 -0.007812
v -0.015463 -0.034115 -0.007815
v -0.009903 -0.017620 -0.015751
v -0.014661 -0.020792 -0.015009
v -0.008267 -0.021014 -0.015792
v -0.013565 -0.024497 -0.015048
v -0.005013 -0.024123 -0.015816
v -0.010147 -0.027631 -0.015071
v -0.003254 -0.025362 -0.015821
v -0.008105 -0.028852 -0.015076
v -0.020500 -0.006502 -0.015524
v -0.024217 -0.009488 -0.014794
v -0.017162 -0.009379 -0.015593
v -0.021036 -0.012318 -0.014859
v -0.014038 -0.012414 -0.015658
v -0.018158 -0.015366 -0.014921
v -0.053127 0.098746 0.007491
v -0.066588 0.105996 0.006567
v -0.041452 0.118717 0.000000
v -0.066588 0.120566 0.000000
v -0.022792 0.075854 0.000000
v -0.026647 0.089606 0.000000
v -0.026440 0.100388 0.000000
v -0.044835 0.093111 0.008210
v -0.030570 0.120420 0.000000
v -0.021798 0.115085 0.000000
v -0.022761 0.124849 0.000000
v -0.020071 0.119749 0.000000
v -0.032266 0.073363 0.010728
v -0.037926 0.085527 0.009177
v -0.066588 0.120566 0.004709
v -0.041452 0.118717 0.004945
v -0.022792 0.075854 0.010411
v -0.026647 0.089606 0.008657
v -0.026440 0.100388 0.007282
v -0.030570 0.120420 0.004727
v -0.021798 0.115085 0.005408
v -0.022761 0.124849 0.004163
v -0.020071 0.119749 0.004813
v -0.035782 0.119368 0.000000
v -0.024817 0.107736 0.000000
v -0.035782 0.119368 0.004862
v -0.024817 0.107736 0.006345
v -0.053127 0.098746 -0.007491
v -0.066588 0.105996 -0.006567
v -0.044835 0.093111 -0.008210
v -0.032266 0.073363 -0.010728
v -0.037926 0.085527 -0.009177
v -0.066588 0.120566 -0.004709
v -0.041452 0.118717 -0.004945
v -0.022792 0.075854 -0.010411
v -0.026647 0.089606 -0.008657
v -0.026440 0.100388 -0.007282
v -0.030570 0.120420 -0.004727
v -0.021798 0.115085 -0.005408
v -0.022761 0.124849 -0.004163
v -0.020071 0.119749 -0.004813
v -0.035782 0.119368 -0.004862
v -0.024817 0.107736 -0.006345
v -0.277320 0.083218 0.024565
v -0.276232 0.085768 0.024569
v -0.277001 0.084584 0.024566
v -0.270819 0.091020 0.024588
v -0.268192 0.092076 0.024597
v -0.269599 0.091767 0.024592
v -0.268192 0.067260 0.024597
v -0.270819 0.068316 0.024588
v -0.269599 0.067570 0.024592
v -0.276232 0.073569 0.024569
v -0.277320 0.076119 0.024565
v -0.277001 0.074753 0.024566
v -0.441302 0.024297 0.000000
v -0.441302 0.127982 0.000000
v -0.441302 0.024297 0.015252
v -0.441302 0.044054 0.035009
v -0.441302 0.111138 0.035009
v -0.441302 0.127982 0.019806
v -0.366526 0.127982 0.000000
v -0.381294 0.024297 0.000000
v -0.381294 0.024297 0.015252
v -0.372088 0.055078 0.035009
v -0.366526 0.127982 0.019806
v -0.366526 0.111138 0.035009
v -0.441302 0.056099 0.035009
v -0.366477 0.056099 0.035009
v -0.190294 0.111138 0.035009
v -0.190294 0.127982 0.019806
v -0.190294 0.127982 0.000000
v -0.232445 0.127982 0.000000
v -0.220303 0.127982 0.000000
v -0.220303 0.111138 0.035009
v -0.232445 0.111138 0.035009
v -0.232445 0.127982 0.019806
v -0.220303 0.127982 0.019806
v -0.232445 0.056099 0.035009
v -0.190294 0.022290 0.000000
v -0.190294 0.022290 0.020765
v -0.220076 0.063133 0.040370
v -0.190294 0.063133 0.040370
v -0.190294 0.050402 0.040370
v -0.379850 0.022290 0.020765
v -0.371450 0.050402 0.040370
v -0.365881 0.053848 0.040370
v -0.378301 0.022290 0.000000
v -0.220076 0.022290 0.020765
v -0.220076 0.022290 0.000000
v -0.232001 0.053848 0.040370
v -0.232001 0.050402 0.040370
v -0.220076 0.050402 0.040370
v -0.232001 0.022290 0.020765
v -0.232001 0.022290 0.000000
v -0.421131 0.024297 0.000000
v -0.426201 0.024297 0.000000
v -0.426201 0.044054 0.035009
v -0.421131 0.044054 0.035009
v -0.421131 0.127982 0.019806
v -0.425793 0.127982 0.019806
v -0.425793 0.127982 0.000000
v -0.421131 0.127982 0.000000
v -0.421131 0.024297 0.015252
v -0.426201 0.024297 0.015252
v -0.425793 0.111138 0.035009
v -0.421131 0.111138 0.035009
v -0.421131 0.056099 0.035009
v -0.426201 0.056099 0.035009
v -0.190294 0.059677 0.000000
v -0.190294 0.065616 0.000000
v -0.445405 0.109847 0.000000
v -0.441302 0.025341 0.000000
v -0.441302 0.042016 0.029747
v -0.441302 0.025341 0.012688
v -0.441302 0.056622 0.029747
v -0.441302 0.111731 0.029747
v -0.441302 0.123381 0.018265
v -0.441302 0.123381 0.000000
v -0.445405 0.028203 0.000000
v -0.445405 0.043857 0.025863
v -0.445405 0.028203 0.009849
v -0.445405 0.056622 0.025863
v -0.445405 0.109847 0.025863
v -0.445405 0.120783 0.015097
v -0.445405 0.120783 0.000000
v -0.386398 0.024297 0.000000
v -0.413066 0.024297 0.000000
v -0.390208 0.024297 0.000000
v -0.394017 0.024297 0.000000
v -0.397827 0.024297 0.000000
v -0.401637 0.024297 0.000000
v -0.405446 0.024297 0.000000
v -0.409256 0.024297 0.000000
v -0.386398 0.024297 0.015252
v -0.413076 0.024297 0.015252
v -0.390209 0.024297 0.015252
v -0.394020 0.024297 0.015252
v -0.397831 0.024297 0.015252
v -0.401642 0.024297 0.015252
v -0.405453 0.024297 0.015252
v -0.409265 0.024297 0.015252
v -0.412618 0.048414 0.035009
v -0.386398 0.055078 0.035009
v -0.409392 0.049897 0.035009
v -0.405664 0.051305 0.035009
v -0.401623 0.052569 0.035009
v -0.397471 0.053624 0.035009
v -0.393417 0.054418 0.035009
v -0.389663 0.054911 0.035009
v -0.386398 0.056099 0.035009
v -0.412655 0.056099 0.035009
v -0.390149 0.056099 0.035009
v -0.393900 0.056099 0.035009
v -0.397651 0.056099 0.035009
v -0.401402 0.056099 0.035009
v -0.405153 0.056099 0.035009
v -0.408904 0.056099 0.035009
v -0.412698 0.127982 0.000000
v -0.386398 0.127982 0.000000
v -0.408941 0.127982 0.000000
v -0.405184 0.127982 0.000000
v -0.401427 0.127982 0.000000
v -0.397669 0.127982 0.000000
v -0.393912 0.127982 0.000000
v -0.390155 0.127982 0.000000
v -0.386398 0.127982 0.019806
v -0.412694 0.127982 0.019806
v -0.390154 0.127982 0.019806
v -0.393911 0.127982 0.019806
v -0.397667 0.127982 0.019806
v -0.401424 0.127982 0.019806
v -0.405181 0.127982 0.019806
v -0.408937 0.127982 0.019806
v -0.412680 0.111138 0.035009
v -0.386398 0.111138 0.035009
v -0.408925 0.111138 0.035009
v -0.405171 0.111138 0.035009
v -0.401416 0.111138 0.035009
v -0.397662 0.111138 0.035009
v -0.393907 0.111138 0.035009
v -0.390152 0.111138 0.035009
v -0.422291 0.109216 0.034239
v -0.424723 0.109216 0.034239
v -0.424973 0.057002 0.034239
v -0.424973 0.045575 0.034239
v -0.422291 0.045575 0.034239
v -0.422291 0.057002 0.034239
v -0.422291 0.026832 0.000000
v -0.422291 0.026832 0.015496
v -0.424973 0.026832 0.015496
v -0.424973 0.026832 0.000000
v -0.424723 0.125196 0.000000
v -0.424723 0.125196 0.019816
v -0.422291 0.125196 0.019816
v -0.422291 0.125196 0.000000
v -0.445405 0.056622 0.000000
v -0.311578 0.127982 0.000000
v -0.311578 0.127982 0.019806
v -0.311549 0.056099 0.035009
v -0.311578 0.111138 0.035009
v -0.318345 0.022290 0.000000
v -0.319260 0.022290 0.020765
v -0.314302 0.050402 0.040370
v -0.311015 0.053848 0.040370
v -0.190294 0.094660 0.035009
v -0.220303 0.094672 0.035009
v -0.190294 0.092076 0.024717
v -0.190294 0.067260 0.024717
v -0.221518 0.064664 0.035009
v -0.232445 0.064659 0.035009
v -0.270575 0.064638 0.035009
v -0.232445 0.094678 0.035009
v -0.270575 0.094699 0.035009
v -0.272255 0.094326 0.035009
v -0.272255 0.065011 0.035009
v -0.273712 0.093422 0.035009
v -0.273712 0.065914 0.035009
v -0.280177 0.087061 0.035009
v -0.280177 0.072276 0.035009
v -0.281096 0.085626 0.035009
v -0.281477 0.083971 0.035009
v -0.281477 0.075366 0.035009
v -0.281096 0.073711 0.035009
v -0.190294 0.064870 0.033782
v -0.190294 0.092610 0.000000
v -0.190294 0.060828 0.024153
v -0.233845 0.067260 0.024650
v -0.233847 0.092076 0.024650
v -0.222007 0.067260 0.024668
v -0.221000 0.092076 0.024670
v -0.196679 0.127982 0.019806
v -0.196679 0.111138 0.035009
v -0.196630 0.063133 0.040370
v -0.196630 0.022290 0.020765
v -0.196630 0.022290 0.000000
v -0.196630 0.050402 0.040370
v -0.196679 0.127982 0.000000
v -0.196679 0.094663 0.035009
v -0.196937 0.064826 0.034043
v -0.197041 0.067260 0.024707
v -0.196827 0.092076 0.024707
v -0.277320 0.083218 -0.024565
v -0.276232 0.085768 -0.024569
v -0.277001 0.084584 -0.024566
v -0.270819 0.091020 -0.024588
v -0.268192 0.092076 -0.024597
v -0.269599 0.091767 -0.024592
v -0.268192 0.067260 -0.024597
v -0.270819 0.068316 -0.024588
v -0.269599 0.067570 -0.024592
v -0.276232 0.073569 -0.024569
v -0.277320 0.076119 -0.024565
v -0.277001 0.074753 -0.024566
v -0.441302 0.024297 -0.015252
v -0.441302 0.044054 -0.035009
v -0.441302 0.111138 -0.035009
v -0.441302 0.127982 -0.019806
v -0.381294 0.024297 -0.015252
v -0.372088 0.055078 -0.035009
v -0.366526 0.127982 -0.019806
v -0.366526 0.111138 -0.035009
v -0.441302 0.056099 -0.035009
v -0.366477 0.056099 -0.035009
v -0.190294 0.111138 -0.035009
v -0.190294 0.127982 -0.019806
v -0.220303 0.111138 -0.035009
v -0.232445 0.111138 -0.035009
v -0.232445 0.127982 -0.019806
v -0.220303 0.127982 -0.019806
v -0.232445 0.056099 -0.035009
v -0.190294 0.022290 -0.020765
v -0.220076 0.063133 -0.040370
v -0.190294 0.063133 -0.040370
v -0.190294 0.050402 -0.040370
v -0.379850 0.022290 -0.020765
v -0.371450 0.050402 -0.040370
v -0.365881 0.053848 -0.040370
v -0.220076 0.022290 -0.020765
v -0.232001 0.053848 -0.040370
v -0.232001 0.050402 -0.040370
v -0.220076 0.050402 -0.040370
v -0.232001 0.022290 -0.020765
v -0.426201 0.044054 -0.035009
v -0.421131 0.044054 -0.035009
v -0.421131 0.127982 -0.019806
v -0.425793 0.127982 -0.019806
v -0.421131 0.024297 -0.015252
v -0.426201 0.024297 -0.015252
v -0.425793 0.111138 -0.035009
v -0.421131 0.111138 -0.035009
v -0.421131 0.056099 -0.035009
v -0.426201 0.056099 -0.035009
v -0.441302 0.042016 -0.029747
v -0.441302 0.025341 -0.012688
v -0.441302 0.056622 -0.029747
v -0.441302 0.111731 -0.029747
v -0.441302 0.123381 -0.018265
v -0.445405 0.043857 -0.025863
v -0.445405 0.028203 -0.009849
v -0.445405 0.056622 -0.025863
v -0.445405 0.109847 -0.025863
v -0.445405 0.120783 -0.015097
v -0.386398 0.024297 -0.015252
v -0.413076 0.024297 -0.015252
v -0.390209 0.024297 -0.015252
v -0.394020 0.024297 -0.015252
v -0.397831 0.024297 -0.015252
v -0.401642 0.024297 -0.015252
v -0.405453 0.024297 -0.015252
v -0.409265 0.024297 -0.015252
v -0.412618 0.048414 -0.035009
v -0.386398 0.055078 -0.035009
v -0.409392 0.049897 -0.035009
v -0.405664 0.051305 -0.035009
v -0.401623 0.052569 -0.035009
v -0.397471 0.053624 -0.035009
v -0.393417 0.054418 -0.035009
v -0.389663 0.054911 -0.035009
v -0.386398 0.056099 -0.035009
v -0.412655 0.056099 -0.035009
v -0.390149 0.056099 -0.035009
v -0.393900 0.056099 -0.035009
v -0.397651 0.056099 -0.035009
v -0.401402 0.056099 -0.035009
v -0.405153 0.056099 -0.035009
v -0.408904 0.056099 -0.035009
v -0.386398 0.127982 -0.019806
v -0.412694 0.127982 -0.019806
v -0.390154 0.127982 -0.019806
v -0.393911 0.127982 -0.019806
v -0.397667 0.127982 -0.019806
v -0.401424 0.127982 -0.019806
v -0.405181 0.127982 -0.019806
v -0.408937 0.127982 -0.019806
v -0.412680 0.111138 -0.035009
v -0.386398 0.111138 -0.035009
v -0.408925 0.111138 -0.035009
v -0.405171 0.111138 -0.035009
v -0.401416 0.111138 -0.035009
v -0.397662 0.111138 -0.035009
v -0.393907 0.111138 -0.035009
v -0.390152 0.111138 -0.035009
v -0.422291 0.109216 -0.034239
v -0.424723 0.109216 -0.034239
v -0.424973 0.057002 -0.034239
v -0.424973 0.045575 -0.034239
v -0.422291 0.045575 -0.034239
v -0.422291 0.057002 -0.034239
v -0.422291 0.026832 -0.015496
v -0.424973 0.026832 -0.015496
v -0.424723 0.125196 -0.019816
v -0.422291 0.125196 -0.019816
v -0.311578 0.127982 -0.019806
v -0.311549 0.056099 -0.035009
v -0.311578 0.111138 -0.035009
v -0.319260 0.022290 -0.020765
v -0.314302 0.050402 -0.040370
v -0.311015 0.053848 -0.040370
v -0.190294 0.094660 -0.035009
v -0.220303 0.094672 -0.035009
v -0.190294 0.092076 -0.024717
v -0.190294 0.067260 -0.024717
v -0.221518 0.064664 -0.035009
v -0.232445 0.064659 -0.035009
v -0.270575 0.064638 -0.035009
v -0.232445 0.094678 -0.035009
v -0.270575 0.094699 -0.035009
v -0.272255 0.094326 -0.035009
v -0.272255 0.065011 -0.035009
v -0.273712 0.093422 -0.035009
v -0.273712 0.065914 -0.035009
v -0.280177 0.087061 -0.035009
v -0.280177 0.072276 -0.035009
v -0.281096 0.085626 -0.035009
v -0.281477 0.083971 -0.035009
v -0.281477 0.075366 -0.035009
v -0.281096 0.073711 -0.035009
v -0.190294 0.064870 -0.033782
v -0.190294 0.060828 -0.024153
v -0.233845 0.067260 -0.024650
v -0.233847 0.092076 -0.024650
v -0.222007 0.067260 -0.024668
v -0.221000 0.092076 -0.024670
v -0.196679 0.127982 -0.019806
v -0.196679 0.111138 -0.035009
v -0.196630 0.063133 -0.040370
v -0.196630 0.022290 -0.020765
v -0.196630 0.050402 -0.040370
v -0.196679 0.094663 -0.035009
v -0.196937 0.064826 -0.034043
v -0.197041 0.067260 -0.024707
v -0.196827 0.092076 -0.024707
v -0.441237 0.099201 -0.013121
v -0.441237 0.094180 -0.012122
v -0.441237 0.089923 -0.009278
v -0.441237 0.087079 -0.005021
v -0.441237 0.086080 0.000000
v -0.441237 0.087079 0.005021
v -0.441237 0.089923 0.009278
v -0.441237 0.094180 0.012122
v -0.441237 0.099201 0.013121
v -0.441237 0.104222 0.012122
v -0.441237 0.108479 0.009278
v -0.441237 0.111323 0.005021
v -0.441237 0.112322 0.000000
v -0.441237 0.111323 -0.005021
v -0.441237 0.108479 -0.009278
v -0.441237 0.104222 -0.012122
v -0.452196 0.099201 -0.009934
v -0.452196 0.095400 -0.009177
v -0.452196 0.092177 -0.007024
v -0.452196 0.090024 -0.003801
v -0.452196 0.089267 0.000000
v -0.452196 0.090024 0.003801
v -0.452196 0.092177 0.007024
v -0.452196 0.095400 0.009177
v -0.452196 0.099201 0.009934
v -0.452196 0.103002 0.009177
v -0.452196 0.106225 0.007024
v -0.452196 0.108378 0.003801
v -0.452196 0.109135 0.000000
v -0.452196 0.108378 -0.003801
v -0.452196 0.106225 -0.007024
v -0.452196 0.103002 -0.009177
v -0.445414 0.099201 -0.009934
v -0.445414 0.095400 -0.009177
v -0.445414 0.092177 -0.007024
v -0.445414 0.090024 -0.003801
v -0.445414 0.089267 0.000000
v -0.445414 0.090024 0.003801
v -0.445414 0.092177 0.007024
v -0.445414 0.095400 0.009177
v -0.445414 0.099201 0.009934
v -0.445414 0.103002 0.009177
v -0.445414 0.106225 0.007024
v -0.445414 0.108378 0.003801
v -0.445414 0.109135 0.000000
v -0.445414 0.108378 -0.003801
v -0.445414 0.106225 -0.007024
v -0.445414 0.103002 -0.009177
v -0.452196 0.099201 -0.011286
v -0.449751 0.099201 -0.013121
v -0.449751 0.094180 -0.012122
v -0.452196 0.094882 -0.010427
v -0.449751 0.089923 -0.009278
v -0.452196 0.091221 -0.007980
v -0.449751 0.087079 -0.005021
v -0.452196 0.088774 -0.004319
v -0.449751 0.086080 0.000000
v -0.452196 0.087915 0.000000
v -0.449751 0.087079 0.005021
v -0.452196 0.088774 0.004319
v -0.449751 0.089923 0.009278
v -0.452196 0.091221 0.007980
v -0.449751 0.094180 0.012122
v -0.452196 0.094882 0.010427
v -0.449751 0.099201 0.013121
v -0.452196 0.099201 0.011286
v -0.449751 0.104222 0.012122
v -0.452196 0.103520 0.010427
v -0.449751 0.108479 0.009278
v -0.452196 0.107181 0.007980
v -0.449751 0.111323 0.005021
v -0.452196 0.109628 0.004319
v -0.449751 0.112322 0.000000
v -0.452196 0.110487 0.000000
v -0.449751 0.111323 -0.005021
v -0.452196 0.109628 -0.004319
v -0.449751 0.108479 -0.009278
v -0.452196 0.107181 -0.007980
v -0.449751 0.104222 -0.012122
v -0.452196 0.103520 -0.010427
v -0.443076 0.051273 -0.009934
v -0.443076 0.047471 -0.009177
v -0.443076 0.044249 -0.007024
v -0.443076 0.042095 -0.003801
v -0.443076 0.041339 0.000000
v -0.443076 0.042095 0.003801
v -0.443076 0.044249 0.007024
v -0.443076 0.047471 0.009177
v -0.443076 0.051273 0.009934
v -0.443076 0.055074 0.009177
v -0.443076 0.058297 0.007024
v -0.443076 0.060450 0.003801
v -0.443076 0.061206 0.000000
v -0.443076 0.060450 -0.003801
v -0.443076 0.058297 -0.007024
v -0.443076 0.055074 -0.009177
v -0.445731 0.051273 -0.009934
v -0.446398 0.051273 -0.009253
v -0.446398 0.047732 -0.008549
v -0.445731 0.047471 -0.009177
v -0.446398 0.044730 -0.006543
v -0.445731 0.044249 -0.007024
v -0.446398 0.042724 -0.003541
v -0.445731 0.042095 -0.003801
v -0.446398 0.042020 0.000000
v -0.445731 0.041339 0.000000
v -0.446398 0.042724 0.003541
v -0.445731 0.042095 0.003801
v -0.446398 0.044730 0.006543
v -0.445731 0.044249 0.007024
v -0.446398 0.047732 0.008549
v -0.445731 0.047471 0.009177
v -0.446398 0.051273 0.009253
v -0.445731 0.051273 0.009934
v -0.446398 0.054814 0.008549
v -0.445731 0.055074 0.009177
v -0.446398 0.057816 0.006543
v -0.445731 0.058297 0.007024
v -0.446398 0.059821 0.003541
v -0.445731 0.060450 0.003801
v -0.446398 0.060526 0.000000
v -0.445731 0.061206 0.000000
v -0.446398 0.059821 -0.003541
v -0.445731 0.060450 -0.003801
v -0.446398 0.057816 -0.006543
v -0.445731 0.058297 -0.007024
v -0.446398 0.054814 -0.008549
v -0.445731 0.055074 -0.009177
v -0.440231 0.130179 0.013706
v -0.440231 0.130179 -0.013706
v -0.440231 0.124424 -0.013706
v -0.440231 0.124424 0.013706
v -0.190084 0.130179 0.013706
v -0.190084 0.130179 -0.013706
v -0.190084 0.124424 -0.013706
v -0.190084 0.124424 0.013706
v -0.440231 0.135608 0.007065
v -0.440231 0.135608 -0.007065
v -0.190084 0.135608 0.007065
v -0.190084 0.135608 -0.007065
v -0.401309 0.130179 0.013706
v -0.401309 0.130179 -0.013706
v -0.401309 0.135608 0.007065
v -0.401308 0.135608 -0.007065
v -0.401309 0.124424 0.013706
v -0.401309 0.124424 -0.013706
v -0.387227 0.130179 0.013706
v -0.373145 0.130179 0.013706
v -0.359064 0.130179 0.013706
v -0.344982 0.130179 0.013706
v -0.330900 0.130179 0.013706
v -0.316819 0.130179 0.013706
v -0.302737 0.130179 0.013706
v -0.288656 0.130179 0.013706
v -0.274574 0.130179 0.013706
v -0.260492 0.130179 0.013706
v -0.246411 0.130179 0.013706
v -0.232329 0.130179 0.013706
v -0.218248 0.130179 0.013706
v -0.204166 0.130179 0.013706
v -0.387227 0.135608 0.007065
v -0.373145 0.135608 0.007065
v -0.359064 0.135608 0.007065
v -0.344982 0.135608 0.007065
v -0.330900 0.135608 0.007065
v -0.316819 0.135608 0.007065
v -0.302737 0.135608 0.007065
v -0.288656 0.135608 0.007065
v -0.274574 0.135608 0.007065
v -0.260492 0.135608 0.007065
v -0.246411 0.135608 0.007065
v -0.232329 0.135608 0.007065
v -0.218248 0.135608 0.007065
v -0.204166 0.135608 0.007065
v -0.204166 0.130179 -0.013706
v -0.218248 0.130179 -0.013706
v -0.232329 0.130179 -0.013706
v -0.246411 0.130179 -0.013706
v -0.260492 0.130179 -0.013706
v -0.274574 0.130179 -0.013706
v -0.288656 0.130179 -0.013706
v -0.302737 0.130179 -0.013706
v -0.316819 0.130179 -0.013706
v -0.330900 0.130179 -0.013706
v -0.344982 0.130179 -0.013706
v -0.359064 0.130179 -0.013706
v -0.373145 0.130179 -0.013706
v -0.387227 0.130179 -0.013706
v -0.204166 0.135608 -0.007065
v -0.218248 0.135608 -0.007065
v -0.232329 0.135608 -0.007065
v -0.246411 0.135608 -0.007065
v -0.260492 0.135608 -0.007065
v -0.274574 0.135608 -0.007065
v -0.288656 0.135608 -0.007065
v -0.302737 0.135608 -0.007065
v -0.316819 0.135608 -0.007065
v -0.330900 0.135608 -0.007065
v -0.344982 0.135608 -0.007065
v -0.359064 0.135608 -0.007065
v -0.373145 0.135608 -0.007065
v -0.387227 0.135608 -0.007065
v -0.204166 0.124424 0.013706
v -0.218248 0.124424 0.013706
v -0.232329 0.124424 0.013706
v -0.246411 0.124424 0.013706
v -0.260492 0.124424 0.013706
v -0.274574 0.124424 0.013706
v -0.288656 0.124424 0.013706
v -0.302737 0.124424 0.013706
v -0.316819 0.124424 0.013706
v -0.330900 0.124424 0.013706
v -0.344982 0.124424 0.013706
v -0.359064 0.124424 0.013706
v -0.373145 0.124424 0.013706
v -0.387227 0.124424 0.013706
v -0.204166 0.124424 -0.013706
v -0.218248 0.124424 -0.013706
v -0.232329 0.124424 -0.013706
v -0.246411 0.124424 -0.013706
v -0.260492 0.124424 -0.013706
v -0.274574 0.124424 -0.013706
v -0.288656 0.124424 -0.013706
v -0.302737 0.124424 -0.013706
v -0.316819 0.124424 -0.013706
v -0.330900 0.124424 -0.013706
v -0.344982 0.124424 -0.013706
v -0.359064 0.124424 -0.013706
v -0.373145 0.124424 -0.013706
v -0.387227 0.124424 -0.013706
v -0.202465 0.133601 0.013706
v -0.191785 0.133601 0.013706
v -0.202465 0.139030 0.007065
v -0.191785 0.139030 0.007065
v -0.191785 0.139030 -0.007065
v -0.191785 0.133601 -0.013706
v -0.388928 0.133601 -0.013706
v -0.399608 0.133601 -0.013706
v -0.388928 0.139030 -0.007065
v -0.399608 0.139030 -0.007065
v -0.399608 0.133601 0.013706
v -0.399608 0.139030 0.007065
v -0.388928 0.133601 0.013706
v -0.371444 0.133601 0.013706
v -0.360765 0.133601 0.013706
v -0.343281 0.133601 0.013706
v -0.332601 0.133601 0.013706
v -0.315118 0.133601 0.013706
v -0.304438 0.133601 0.013706
v -0.286955 0.133601 0.013706
v -0.276275 0.133601 0.013706
v -0.258791 0.133601 0.013706
v -0.248112 0.133601 0.013706
v -0.230628 0.133601 0.013706
v -0.219948 0.133601 0.013706
v -0.388928 0.139030 0.007065
v -0.371444 0.139030 0.007065
v -0.360765 0.139030 0.007065
v -0.343281 0.139030 0.007065
v -0.332601 0.139030 0.007065
v -0.315118 0.139030 0.007065
v -0.304438 0.139030 0.007065
v -0.286955 0.139030 0.007065
v -0.276275 0.139030 0.007065
v -0.258791 0.139030 0.007065
v -0.248112 0.139030 0.007065
v -0.230628 0.139030 0.007065
v -0.219949 0.139030 0.007065
v -0.202465 0.133601 -0.013706
v -0.219948 0.133601 -0.013706
v -0.230628 0.133601 -0.013706
v -0.248112 0.133601 -0.013706
v -0.258791 0.133601 -0.013706
v -0.276275 0.133601 -0.013706
v -0.286955 0.133601 -0.013706
v -0.304438 0.133601 -0.013706
v -0.315118 0.133601 -0.013706
v -0.332601 0.133601 -0.013706
v -0.343281 0.133601 -0.013706
v -0.360765 0.133601 -0.013706
v -0.371444 0.133601 -0.013706
v -0.202465 0.139030 -0.007065
v -0.219948 0.139030 -0.007065
v -0.230628 0.139030 -0.007065
v -0.248112 0.139030 -0.007065
v -0.258791 0.139030 -0.007065
v -0.276275 0.139030 -0.007065
v -0.286955 0.139030 -0.007065
v -0.304438 0.139030 -0.007065
v -0.315118 0.139030 -0.007065
v -0.332601 0.139030 -0.007065
v -0.343281 0.139030 -0.007065
v -0.360765 0.139030 -0.007065
v -0.371444 0.139030 -0.007065
v -0.439235 0.128335 0.000000
v -0.439235 0.128335 0.003348
v -0.402841 0.128335 0.003348
v -0.402841 0.128335 0.000000
v -0.439235 0.144278 0.003348
v -0.439235 0.144278 -0.000000
v -0.402841 0.132651 0.000000
v -0.402841 0.132651 0.003348
v -0.422062 0.128335 0.003348
v -0.422062 0.147749 0.003348
v -0.422062 0.147749 -0.000000
v -0.433182 0.128335 0.003348
v -0.433182 0.147749 0.003348
v -0.433182 0.147749 -0.000000
v -0.439235 0.128335 -0.003348
v -0.402841 0.128335 -0.003348
v -0.439235 0.144278 -0.003348
v -0.402841 0.132651 -0.003348
v -0.422062 0.128335 -0.003348
v -0.422062 0.147749 -0.003348
v -0.433182 0.128335 -0.003348
v -0.433182 0.147749 -0.003348
v -0.053498 0.122499 0.013706
v -0.053498 0.122499 -0.013706
v -0.052753 0.111076 -0.013706
v -0.052753 0.111076 0.013706
v -0.062135 0.127929 0.007065
v -0.062135 0.127929 -0.007065
v -0.189391 0.130179 0.013706
v -0.175310 0.122499 0.013706
v -0.161228 0.122499 0.013706
v -0.147147 0.122499 0.013706
v -0.134085 0.122499 0.013706
v -0.120003 0.122499 0.013706
v -0.105967 0.122499 0.013706
v -0.189391 0.135608 0.007065
v -0.175310 0.127929 0.007065
v -0.161228 0.127929 0.007065
v -0.147147 0.127929 0.007065
v -0.134085 0.127929 0.007065
v -0.120003 0.127929 0.007065
v -0.102848 0.127929 0.007065
v -0.105967 0.122499 -0.013706
v -0.120003 0.122499 -0.013706
v -0.134085 0.122499 -0.013706
v -0.147147 0.122499 -0.013706
v -0.161228 0.122499 -0.013706
v -0.175310 0.122499 -0.013706
v -0.189391 0.130179 -0.013706
v -0.102848 0.127929 -0.007065
v -0.120003 0.127929 -0.007065
v -0.134085 0.127929 -0.007065
v -0.147147 0.127929 -0.007065
v -0.161228 0.127929 -0.007065
v -0.175310 0.127929 -0.007065
v -0.189391 0.135608 -0.007065
v -0.109272 0.116745 0.013706
v -0.120003 0.116745 0.013706
v -0.134085 0.116745 0.013706
v -0.147147 0.116745 0.013706
v -0.161228 0.116745 0.013706
v -0.175310 0.116745 0.013706
v -0.189391 0.124424 0.013706
v -0.109272 0.116745 -0.013706
v -0.120003 0.116745 -0.013706
v -0.134085 0.116745 -0.013706
v -0.147147 0.116745 -0.013706
v -0.161228 0.116745 -0.013706
v -0.175310 0.116745 -0.013706
v -0.189391 0.124424 -0.013706
v -0.101588 0.130122 0.012509
v -0.065624 0.130122 0.012509
v -0.100881 0.131351 0.007065
v -0.067580 0.131351 0.007065
v -0.067580 0.131351 -0.007065
v -0.065624 0.130122 -0.012509
v -0.101588 0.130122 -0.012509
v -0.100881 0.131351 -0.007065
v -0.091067 0.140629 0.010580
v -0.071456 0.140629 0.010580
v -0.091067 0.140629 0.007065
v -0.071456 0.140629 0.007065
v -0.071456 0.140629 -0.007065
v -0.071456 0.140629 -0.010580
v -0.091067 0.140629 -0.010580
v -0.091067 0.140629 -0.007065
v -0.049863 0.106148 -0.005265
v -0.049863 0.106148 0.005265
v -0.050608 0.117571 0.005265
v -0.050608 0.117571 -0.005265
v -0.214760 0.107449 0.037205
v -0.214760 0.129073 0.020846
v -0.191612 0.107449 0.037205
v -0.191612 0.129073 0.020846
v -0.214760 0.112171 0.036482
v -0.191612 0.112171 0.036482
v -0.214760 0.107449 0.011833
v -0.214760 0.129073 0.011833
v -0.191612 0.107449 0.011833
v -0.191612 0.129073 0.011833
v -0.191612 0.114706 0.011833
v -0.214760 0.114706 0.011833
v -0.214760 0.045818 0.037205
v -0.191612 0.045818 0.037205
v -0.214760 0.045818 0.011833
v -0.191612 0.045818 0.011833
v -0.196179 0.107449 0.037205
v -0.196179 0.129073 0.020846
v -0.196179 0.112171 0.036482
v -0.196179 0.129073 0.011833
v -0.196179 0.045818 0.037205
v -0.196179 0.045818 0.011833
v -0.191612 0.100478 0.011833
v -0.191612 0.066865 0.011833
v -0.191612 0.066865 0.037205
v -0.191612 0.100478 0.037205
v -0.214760 0.069657 0.037205
v -0.214760 0.097685 0.037205
v -0.214760 0.069657 0.011833
v -0.214760 0.097685 0.011833
v -0.196179 0.097685 0.037205
v -0.196179 0.069657 0.037205
v -0.214760 0.107449 0.034712
v -0.214760 0.112420 0.034059
v -0.191612 0.107449 0.034712
v -0.214760 0.129073 0.019960
v -0.191612 0.129073 0.019960
v -0.191612 0.112420 0.034059
v -0.214760 0.045818 0.034712
v -0.191612 0.045818 0.034712
v -0.196179 0.045818 0.034712
v -0.196179 0.129073 0.019960
v -0.214760 0.069657 0.034712
v -0.214760 0.097685 0.034712
v -0.195243 0.096930 0.036010
v -0.195243 0.070413 0.036010
v -0.191612 0.068395 0.036010
v -0.191612 0.098948 0.036010
v -0.206037 0.129073 0.020846
v -0.209599 0.129073 0.020846
v -0.206037 0.112171 0.036482
v -0.209599 0.112171 0.036482
v -0.206037 0.045818 0.011833
v -0.209599 0.045818 0.011833
v -0.206037 0.107449 0.037205
v -0.209599 0.107449 0.037205
v -0.209599 0.129073 0.011833
v -0.206037 0.129073 0.011833
v -0.206037 0.045818 0.037205
v -0.209599 0.045818 0.037205
v -0.209599 0.069657 0.037205
v -0.206037 0.069657 0.037205
v -0.206037 0.097685 0.037205
v -0.209599 0.097685 0.037205
v -0.206037 0.045818 0.034712
v -0.209599 0.045818 0.034712
v -0.209599 0.129073 0.019960
v -0.206037 0.129073 0.019960
v -0.206848 0.128106 0.021040
v -0.208788 0.128106 0.021040
v -0.206848 0.111635 0.036277
v -0.208788 0.111635 0.036277
v -0.206848 0.046974 0.012256
v -0.208788 0.046974 0.012256
v -0.206848 0.107034 0.036982
v -0.208788 0.107034 0.036982
v -0.208788 0.128106 0.012256
v -0.206848 0.128106 0.012256
v -0.206848 0.046974 0.036982
v -0.208788 0.046974 0.036982
v -0.208788 0.070206 0.036982
v -0.206848 0.070206 0.036982
v -0.206848 0.097519 0.036982
v -0.208788 0.097519 0.036982
v -0.206848 0.046974 0.034552
v -0.208788 0.046974 0.034552
v -0.208788 0.128106 0.020177
v -0.206848 0.128106 0.020177
v -0.214760 0.107449 -0.037205
v -0.214760 0.129073 -0.020846
v -0.191612 0.107449 -0.037205
v -0.191612 0.129073 -0.020846
v -0.214760 0.112171 -0.036482
v -0.191612 0.112171 -0.036482
v -0.214760 0.107449 -0.011833
v -0.214760 0.129073 -0.011833
v -0.191612 0.107449 -0.011833
v -0.191612 0.129073 -0.011833
v -0.191612 0.114706 -0.011833
v -0.214760 0.114706 -0.011833
v -0.214760 0.045818 -0.037205
v -0.191612 0.045818 -0.037205
v -0.214760 0.045818 -0.011833
v -0.191612 0.045818 -0.011833
v -0.196179 0.107449 -0.037205
v -0.196179 0.129073 -0.020846
v -0.196179 0.112171 -0.036482
v -0.196179 0.129073 -0.011833
v -0.196179 0.045818 -0.037205
v -0.196179 0.045818 -0.011833
v -0.191612 0.100478 -0.011833
v -0.191612 0.066865 -0.011833
v -0.191612 0.066865 -0.037205
v -0.191612 0.100477 -0.037205
v -0.214760 0.069657 -0.037205
v -0.214760 0.097685 -0.037205
v -0.214760 0.069657 -0.011833
v -0.214760 0.097685 -0.011833
v -0.196179 0.097685 -0.037205
v -0.196179 0.069657 -0.037205
v -0.214760 0.107449 -0.034712
v -0.214760 0.112420 -0.034059
v -0.191612 0.107449 -0.034712
v -0.214760 0.129073 -0.019960
v -0.191612 0.129073 -0.019960
v -0.191612 0.112420 -0.034059
v -0.214760 0.045818 -0.034712
v -0.191612 0.045818 -0.034712
v -0.196179 0.045818 -0.034712
v -0.196179 0.129073 -0.019960
v -0.214760 0.069657 -0.034712
v -0.214760 0.097685 -0.034712
v -0.195243 0.096930 -0.036010
v -0.195243 0.070413 -0.036010
v -0.191612 0.068395 -0.036010
v -0.191612 0.098948 -0.036010
v -0.206037 0.129073 -0.020846
v -0.209599 0.129073 -0.020846
v -0.206037 0.112171 -0.036482
v -0.209599 0.112171 -0.036482
v -0.206037 0.045818 -0.011833
v -0.209599 0.045818 -0.011833
v -0.206037 0.107449 -0.037205
v -0.209599 0.107449 -0.037205
v -0.209599 0.129073 -0.011833
v -0.206037 0.129073 -0.011833
v -0.206037 0.045818 -0.037205
v -0.209599 0.045818 -0.037205
v -0.209599 0.069657 -0.037205
v -0.206037 0.069657 -0.037205
v -0.206037 0.097685 -0.037205
v -0.209599 0.097685 -0.037205
v -0.206037 0.045818 -0.034712
v -0.209599 0.045818 -0.034712
v -0.209599 0.129073 -0.019960
v -0.206037 0.129073 -0.019960
v -0.206848 0.128106 -0.021040
v -0.208788 0.128106 -0.021040
v -0.206848 0.111635 -0.036277
v -0.208788 0.111635 -0.036277
v -0.206848 0.046974 -0.012256
v -0.208788 0.046974 -0.012256
v -0.206848 0.107034 -0.036982
v -0.208788 0.107034 -0.036982
v -0.208788 0.128106 -0.012256
v -0.206848 0.128106 -0.012256
v -0.206848 0.046974 -0.036982
v -0.208788 0.046974 -0.036982
v -0.208788 0.070206 -0.036982
v -0.206848 0.070206 -0.036982
v -0.206848 0.097519 -0.036982
v -0.208788 0.097519 -0.036982
v -0.206848 0.046974 -0.034552
v -0.208788 0.046974 -0.034552
v -0.208788 0.128106 -0.020177
v -0.206848 0.128106 -0.020177
v -0.019849 0.069207 0.000000
v -0.019861 0.069193 0.005785
v 0.018534 -0.038818 0.018693
v 0.033309 -0.001889 0.010026
v 0.018520 -0.038818 0.000000
v 0.033354 -0.001120 0.000000
v 0.014155 -0.065072 0.018693
v 0.055914 -0.016293 0.010105
v 0.014155 -0.065072 0.000000
v 0.055833 -0.015472 0.000000
v -0.025516 0.069207 0.018693
v 0.031664 -0.018665 0.018737
v 0.045173 -0.030896 0.018758
v 0.053224 -0.052489 0.000000
v -0.067577 0.037105 0.018693
v 0.076905 -0.028798 0.000000
v -0.033139 0.028408 0.018693
v 0.026903 -0.076461 0.000000
v -0.047696 0.022728 0.000000
v -0.013457 0.037425 0.000000
v -0.047725 0.022728 0.018693
v -0.013605 0.037372 0.005785
v -0.020954 0.033749 0.018693
v 0.038478 -0.039126 0.018693
v -0.021797 0.047535 0.000000
v -0.073071 0.031155 0.018693
v -0.022013 0.047402 0.005785
v -0.026930 0.045107 0.018693
v 0.029231 -0.028855 0.018693
v -0.437171 0.031155 0.018693
v -0.067577 0.069216 0.018693
v -0.145078 0.000709 0.000000
v -0.145078 0.000709 0.018693
v -0.162067 -0.008176 0.000000
v -0.124836 0.022728 0.000000
v -0.124836 0.022728 0.018693
v -0.012123 -0.091082 0.000000
v -0.035070 -0.091167 0.000000
v -0.012089 -0.091049 0.018693
v -0.035094 -0.091144 0.018693
v -0.037009 -0.113020 0.000000
v -0.013465 -0.113831 0.000000
v -0.019390 0.080853 0.005785
v -0.024659 0.080862 0.018693
v -0.067577 0.080868 0.018693
v -0.019383 0.080862 0.000000
v 0.049063 -0.049808 0.018852
v 0.053374 -0.052405 0.007977
v 0.073133 -0.026378 0.018658
v 0.076920 -0.028836 0.007952
v 0.027188 -0.076253 0.007986
v 0.022458 -0.073231 0.018795
v -0.160367 -0.002954 0.018693
v -0.162067 -0.008176 0.007993
v -0.203484 0.023476 0.018693
v -0.203484 0.031155 0.018693
v -0.012904 -0.107426 0.018573
v -0.013421 -0.113843 0.007983
v -0.037038 -0.112990 0.007993
v -0.036416 -0.106733 0.018693
v 0.077232 -0.021702 0.012249
v 0.076475 -0.020338 0.000000
v 0.078376 -0.027509 0.007843
v 0.078395 -0.027441 0.000000
v -0.122942 0.031155 0.018693
v -0.037494 0.016685 0.000000
v -0.023765 0.005120 0.000000
v -0.030348 0.011169 0.000000
v -0.037452 0.016765 0.018693
v -0.023762 0.005119 0.018693
v -0.030335 0.011193 0.018693
v -0.011023 0.034457 0.005785
v 0.001907 0.022374 0.006563
v -0.004801 0.028169 0.006013
v 0.002046 0.022482 0.000000
v -0.010911 0.034518 0.000000
v -0.004697 0.028230 0.000000
v -0.006968 0.017449 0.018700
v -0.018699 0.030665 0.018693
v -0.013114 0.023853 0.018695
v -0.015107 0.010961 0.018693
v -0.028000 0.023226 0.018693
v -0.021649 0.017038 0.018693
v -0.098294 0.119218 0.000000
v -0.066835 0.119218 0.000000
v -0.098294 0.119218 0.018693
v -0.067845 0.119218 0.018693
v -0.058727 0.119218 0.018693
v -0.058430 0.119218 0.000000
v -0.109863 0.119218 0.018693
v -0.109863 0.119218 0.000000
v -0.054247 0.119041 0.005785
v -0.054247 0.119041 0.000000
v -0.221341 -0.009078 0.000000
v -0.221341 -0.009078 0.007993
v -0.221341 -0.002954 0.018693
v -0.221341 0.031155 0.018693
v -0.145582 0.003424 0.018693
v -0.145582 0.003323 0.000000
v -0.215297 0.010505 0.018693
v -0.221341 0.010505 0.018693
v -0.437171 0.031155 0.013975
v -0.433347 0.023476 0.015772
v -0.430827 0.013647 0.000000
v -0.433347 0.023476 0.000000
v -0.427514 -0.002954 0.015772
v -0.424395 -0.007192 0.007341
v -0.430827 0.013647 0.003275
v -0.433347 0.023476 0.003275
v -0.424395 -0.007192 0.000000
v -0.430827 0.013647 0.015772
v -0.206627 0.023476 0.015772
v -0.206627 0.031155 0.015772
v -0.437164 0.031155 0.000000
v -0.437164 0.031155 0.003275
v -0.221341 -0.007342 0.000000
v -0.221341 -0.007342 0.007341
v -0.221341 -0.002954 0.015772
v -0.221341 0.023476 0.015772
v -0.221341 0.031155 0.015772
v -0.221341 0.013647 0.015772
v -0.215297 0.013647 0.015772
v -0.067577 0.111111 0.018693
v -0.067577 0.086748 0.018693
v -0.067577 0.090546 0.018693
v -0.098294 0.111143 0.018693
v -0.050107 0.111062 0.005785
v -0.030262 0.087931 0.005785
v -0.042051 0.090874 0.005785
v -0.034191 0.087393 0.018693
v -0.054318 0.111054 0.018693
v -0.046089 0.090713 0.018693
v -0.030360 0.088002 0.000000
v -0.050098 0.111046 0.000000
v -0.042077 0.090888 0.000000
v -0.109863 0.111154 0.018693
v -0.109863 0.111154 0.000000
v -0.190516 0.127695 0.000000
v -0.190516 0.127695 0.018693
v -0.190516 0.119630 0.000000
v -0.190516 0.119630 0.018693
v -0.067577 0.037105 0.000000
v -0.073071 0.031155 0.000000
v -0.067577 0.069216 0.000000
v -0.067577 0.080868 0.000000
v -0.203484 0.031155 0.000000
v -0.122942 0.031155 0.000000
v -0.067577 0.111111 0.000000
v -0.067577 0.086748 0.000000
v -0.067577 0.090546 0.000000
v -0.098294 0.111143 0.000000
v -0.229403 0.011863 0.012905
v -0.229403 -0.002401 0.012905
v -0.376628 -0.002401 0.012905
v -0.229403 -0.006736 0.004474
v -0.376628 -0.006675 0.004474
v -0.376628 -0.006675 0.000000
v -0.229403 -0.006736 0.000000
v -0.229403 0.031155 0.018693
v -0.378736 0.031155 0.018693
v -0.229403 0.023476 0.015772
v -0.378738 0.023476 0.015772
v -0.229403 0.031155 0.015137
v -0.378736 0.031155 0.014482
v -0.229403 0.013647 0.015772
v -0.378737 0.013647 0.015772
v -0.378737 -0.002954 0.015772
v -0.229403 -0.002954 0.015772
v -0.378737 -0.007229 0.007341
v -0.229403 -0.007289 0.007341
v -0.378737 -0.007229 0.000000
v -0.229403 -0.007289 0.000000
v -0.376628 0.011871 0.012905
v -0.175434 0.119218 0.018693
v -0.175434 0.111154 0.000000
v -0.175434 0.111154 0.018693
v -0.175434 0.119218 0.000000
v -0.179922 0.031155 0.018693
v 0.020779 -0.071580 0.018774
v 0.046922 -0.047647 0.018820
v 0.067477 -0.027292 0.018679
v -0.012739 -0.104113 0.018597
v -0.157274 -0.002213 0.018693
v -0.181360 0.023325 0.018693
v -0.036149 -0.103579 0.018693
v 0.072185 -0.023045 0.011454
v 0.072299 -0.022551 0.000000
v -0.179922 0.031155 0.000000
v -0.177352 0.023265 0.016004
v -0.124836 0.022728 0.016004
v -0.143460 0.005399 0.016004
v 0.018532 -0.038818 0.015904
v 0.014155 -0.065072 0.015904
v -0.047720 0.022728 0.015904
v -0.145078 0.000709 0.015904
v -0.012094 -0.091054 0.015904
v -0.035091 -0.091147 0.015904
v -0.023763 0.005119 0.015904
v -0.030337 0.011189 0.015904
v -0.037458 0.016753 0.015904
v -0.181360 0.015165 0.018693
v -0.172009 0.007596 0.018693
v -0.175944 0.006535 0.018693
v -0.187327 0.009459 0.018693
v -0.180902 0.013210 0.018693
v -0.179574 0.011302 0.018693
v -0.177505 0.009627 0.018693
v -0.174898 0.008350 0.018693
v -0.167850 0.008720 0.016004
v -0.177352 0.016107 0.016004
v -0.170786 0.009418 0.016004
v -0.173435 0.010644 0.016004
v -0.175537 0.012278 0.016004
v -0.176887 0.014160 0.016004
v -0.019861 0.069193 -0.005785
v 0.018534 -0.038818 -0.018693
v 0.033309 -0.001889 -0.010026
v 0.014155 -0.065072 -0.018693
v 0.055914 -0.016293 -0.010105
v -0.025516 0.069207 -0.018693
v 0.031664 -0.018665 -0.018737
v 0.045173 -0.030896 -0.018758
v -0.067577 0.037105 -0.018693
v -0.033139 0.028408 -0.018693
v -0.047725 0.022728 -0.018693
v -0.013605 0.037372 -0.005785
v -0.020954 0.033749 -0.018693
v 0.038478 -0.039126 -0.018693
v -0.073071 0.031155 -0.018693
v -0.022013 0.047402 -0.005785
v -0.026930 0.045107 -0.018693
v 0.029231 -0.028855 -0.018693
v -0.437171 0.031155 -0.018693
v -0.067577 0.069216 -0.018693
v -0.145078 0.000709 -0.018693
v -0.124836 0.022728 -0.018693
v -0.012089 -0.091049 -0.018693
v -0.035094 -0.091144 -0.018693
v -0.019390 0.080853 -0.005785
v -0.024659 0.080862 -0.018693
v -0.067577 0.080868 -0.018693
v 0.049063 -0.049808 -0.018852
v 0.053374 -0.052405 -0.007977
v 0.073133 -0.026378 -0.018658
v 0.076920 -0.028836 -0.007952
v 0.027188 -0.076253 -0.007986
v 0.022458 -0.073231 -0.018795
v -0.160367 -0.002954 -0.018693
v -0.162067 -0.008176 -0.007992
v -0.203484 0.023476 -0.018693
v -0.203484 0.031155 -0.018693
v -0.012904 -0.107426 -0.018573
v -0.013421 -0.113843 -0.007983
v -0.037038 -0.112990 -0.007993
v -0.036416 -0.106733 -0.018693
v 0.077232 -0.021702 -0.012249
v 0.078376 -0.027509 -0.007843
v -0.122942 0.031155 -0.018693
v -0.037452 0.016765 -0.018693
v -0.023762 0.005119 -0.018693
v -0.030335 0.011193 -0.018693
v -0.011023 0.034457 -0.005785
v 0.001907 0.022374 -0.006563
v -0.004801 0.028169 -0.006013
v -0.006968 0.017449 -0.018700
v -0.018699 0.030665 -0.018693
v -0.013114 0.023853 -0.018695
v -0.015107 0.010961 -0.018693
v -0.028000 0.023226 -0.018693
v -0.021649 0.017038 -0.018693
v -0.098294 0.119218 -0.018693
v -0.067845 0.119218 -0.018693
v -0.058727 0.119218 -0.018693
v -0.109863 0.119218 -0.018693
v -0.054247 0.119041 -0.005785
v -0.221341 -0.009078 -0.007992
v -0.221341 -0.002954 -0.018693
v -0.221341 0.031155 -0.018693
v -0.145582 0.003424 -0.018693
v -0.215297 0.010505 -0.018693
v -0.221341 0.010505 -0.018693
v -0.437171 0.031155 -0.013975
v -0.433347 0.023476 -0.015772
v -0.427514 -0.002954 -0.015772
v -0.424395 -0.007192 -0.007341
v -0.430827 0.013647 -0.003275
v -0.433347 0.023476 -0.003275
v -0.430827 0.013647 -0.015772
v -0.206627 0.023476 -0.015772
v -0.206627 0.031155 -0.015772
v -0.437164 0.031155 -0.003275
v -0.221341 -0.007342 -0.007341
v -0.221341 -0.002954 -0.015772
v -0.221341 0.023476 -0.015772
v -0.221341 0.031155 -0.015772
v -0.221341 0.013647 -0.015772
v -0.215297 0.013647 -0.015772
v -0.067577 0.111111 -0.018693
v -0.067577 0.086748 -0.018693
v -0.067577 0.090546 -0.018693
v -0.098294 0.111143 -0.018693
v -0.050107 0.111062 -0.005785
v -0.030262 0.087931 -0.005785
v -0.042051 0.090874 -0.005785
v -0.034191 0.087393 -0.018693
v -0.054318 0.111054 -0.018693
v -0.046089 0.090713 -0.018693
v -0.109863 0.111154 -0.018693
v -0.190516 0.127695 -0.018693
v -0.190516 0.119630 -0.018693
v -0.229403 0.011863 -0.012905
v -0.229403 -0.002401 -0.012905
v -0.376628 -0.002401 -0.012905
v -0.229403 -0.006736 -0.004474
v -0.376628 -0.006675 -0.004474
v -0.229403 0.031155 -0.018693
v -0.378736 0.031155 -0.018693
v -0.229403 0.023476 -0.015772
v -0.378738 0.023476 -0.015772
v -0.229403 0.031155 -0.015137
v -0.378736 0.031155 -0.014482
v -0.229403 0.013647 -0.015772
v -0.378737 0.013647 -0.015772
v -0.378737 -0.002954 -0.015772
v -0.229403 -0.002954 -0.015772
v -0.378737 -0.007229 -0.007341
v -0.229403 -0.007289 -0.007341
v -0.376628 0.011871 -0.012905
v -0.175434 0.119218 -0.018693
v -0.175434 0.111154 -0.018693
v -0.179922 0.031155 -0.018693
v 0.020779 -0.071580 -0.018774
v 0.046922 -0.047647 -0.018820
v 0.067477 -0.027292 -0.018678
v -0.012739 -0.104113 -0.018597
v -0.157274 -0.002213 -0.018693
v -0.181360 0.023325 -0.018693
v -0.036149 -0.103579 -0.018693
v 0.072185 -0.023045 -0.011454
v -0.177352 0.023265 -0.016004
v -0.124836 0.022728 -0.016004
v -0.143460 0.005399 -0.016004
v 0.018532 -0.038818 -0.015904
v 0.014155 -0.065072 -0.015904
v -0.047720 0.022728 -0.015904
v -0.145078 0.000709 -0.015904
v -0.012094 -0.091054 -0.015904
v -0.035091 -0.091147 -0.015904
v -0.023763 0.005119 -0.015904
v -0.030337 0.011189 -0.015904
v -0.037458 0.016753 -0.015904
v -0.181360 0.015165 -0.018693
v -0.172009 0.007596 -0.018693
v -0.175944 0.006535 -0.018693
v -0.187327 0.009459 -0.018693
v -0.180902 0.013210 -0.018693
v -0.179574 0.011302 -0.018693
v -0.177505 0.009627 -0.018693
v -0.174898 0.008350 -0.018693
v -0.167850 0.008720 -0.016004
v -0.177352 0.016107 -0.016004
v -0.170786 0.009418 -0.016004
v -0.173435 0.010644 -0.016004
v -0.175537 0.012278 -0.016004
v -0.176887 0.014160 -0.016004
v -0.076126 0.030307 0.007260
v -0.093657 0.027811 0.000000
v -0.080159 -0.008253 0.003758
v -0.080046 -0.008539 0.000000
v -0.083965 -0.010699 0.000000
v -0.083832 -0.010142 0.003942
v -0.085368 -0.005842 0.000000
v -0.077079 -0.003741 0.005116
v -0.075871 -0.003272 0.000000
v -0.087511 -0.011546 0.000000
v -0.087120 -0.011377 0.003460
v -0.087986 -0.010121 0.000000
v -0.073415 0.022382 0.006761
v -0.088221 0.020398 0.000000
v -0.083383 0.002474 0.000000
v -0.071668 0.003585 0.005578
v -0.070011 0.002373 0.000000
v -0.055328 0.030857 0.007274
v -0.053965 0.025036 0.006897
v -0.050232 0.009108 0.005867
v -0.049868 0.007552 0.000000
v -0.071536 0.013158 0.006181
v -0.084212 0.011772 0.000000
v -0.052003 0.016665 0.006356
v -0.091771 0.028075 0.004939
v -0.083550 0.029294 0.007197
v -0.083151 -0.006631 0.004934
v -0.085116 -0.005973 0.002975
v -0.087275 -0.010484 0.004000
v -0.087908 -0.010121 0.002677
v -0.086996 0.020549 0.004502
v -0.081181 0.021336 0.006695
v -0.079665 0.002667 0.005520
v -0.082880 0.002462 0.003459
v -0.083458 0.011829 0.003998
v -0.079401 0.012215 0.006121
v -0.063488 0.006230 0.005744
v -0.084105 -0.002068 0.000000
v -0.078840 -0.006563 0.004209
v -0.077926 -0.006194 0.000000
v -0.088122 -0.011181 0.000000
v -0.085868 -0.010981 0.003792
v -0.086892 -0.008334 0.000000
v -0.085930 -0.011323 0.000000
v -0.069783 0.030890 0.007297
v -0.075155 -0.000509 0.005320
v -0.073779 -0.000312 0.000000
v -0.066478 0.023350 0.006822
v -0.063185 0.004611 0.000000
v -0.064382 0.014377 0.006257
v -0.084509 -0.006221 0.004040
v -0.086695 -0.008477 0.002814
v -0.087695 -0.010267 0.003354
v -0.085970 -0.009434 0.004403
v -0.084431 0.020903 0.005892
v -0.087913 0.028659 0.006435
v -0.081821 0.011987 0.005276
v -0.080978 -0.001994 0.005226
v -0.081725 0.002494 0.004627
v -0.083730 -0.002134 0.003196
v -0.083550 -0.008938 0.004700
v -0.087420 -0.011080 0.003833
v -0.088030 -0.011166 0.003080
v -0.085884 -0.010311 0.004466
v -0.086378 -0.008858 0.003793
v -0.082829 -0.002201 0.004311
v -0.088036 -0.011167 0.002588
v -0.076126 0.030307 -0.007260
v -0.080159 -0.008253 -0.003757
v -0.083832 -0.010142 -0.003942
v -0.077079 -0.003741 -0.005116
v -0.087120 -0.011377 -0.003460
v -0.073415 0.022382 -0.006761
v -0.071668 0.003585 -0.005578
v -0.055328 0.030857 -0.007274
v -0.053965 0.025036 -0.006897
v -0.050232 0.009108 -0.005867
v -0.071536 0.013158 -0.006181
v -0.052003 0.016665 -0.006356
v -0.091771 0.028075 -0.004939
v -0.083550 0.029294 -0.007197
v -0.083151 -0.006631 -0.004934
v -0.085116 -0.005973 -0.002975
v -0.087275 -0.010484 -0.004000
v -0.087908 -0.010121 -0.002677
v -0.086996 0.020549 -0.004502
v -0.081181 0.021336 -0.006695
v -0.079665 0.002667 -0.005520
v -0.082880 0.002462 -0.003459
v -0.083458 0.011829 -0.003997
v -0.079401 0.012215 -0.006121
v -0.063488 0.006230 -0.005744
v -0.078840 -0.006563 -0.004209
v -0.085868 -0.010981 -0.003792
v -0.069783 0.030890 -0.007297
v -0.075155 -0.000509 -0.005320
v -0.066478 0.023350 -0.006822
v -0.064382 0.014377 -0.006257
v -0.084509 -0.006221 -0.004040
v -0.086695 -0.008477 -0.002814
v -0.087695 -0.010267 -0.003354
v -0.085970 -0.009434 -0.004403
v -0.084431 0.020903 -0.005892
v -0.087913 0.028659 -0.006435
v -0.081821 0.011987 -0.005276
v -0.080978 -0.001994 -0.005226
v -0.081725 0.002494 -0.004627
v -0.083730 -0.002134 -0.003196
v -0.083550 -0.008938 -0.004700
v -0.087420 -0.011080 -0.003833
v -0.088030 -0.011166 -0.003080
v -0.085884 -0.010311 -0.004466
v -0.086378 -0.008858 -0.003793
v -0.082829 -0.002201 -0.004311
v -0.088036 -0.011167 -0.002588
vn -0.8617 -0.5075 -0.0000
vn -0.8089 -0.5879 -0.0000
vn -0.7569 -0.5309 0.3812
vn -0.8050 -0.4660 0.3672
vn -0.5048 -0.2770 0.8176
vn -0.5908 -0.1592 0.7910
vn -0.9028 -0.2561 0.3455
vn -0.4659 -0.3020 0.8317
vn -0.0703 -0.0224 0.9973
vn -0.2283 -0.0664 0.9713
vn -0.1954 -0.0984 0.9758
vn -0.0651 -0.0278 0.9975
vn -0.0643 -0.0297 0.9975
vn -0.2179 -0.0882 0.9720
vn -0.2457 -0.0564 0.9677
vn -0.0735 -0.0212 0.9971
vn -0.0128 -0.0048 0.9999
vn -0.0154 -0.0039 0.9999
vn -0.1897 -0.1075 0.9759
vn -0.0756 -0.0344 0.9965
vn -0.0212 -0.0020 0.9998
vn -0.8983 -0.2856 0.3338
vn -0.9523 -0.3052 -0.0000
vn -0.9929 -0.1190 -0.0000
vn -0.9411 -0.1242 0.3144
vn -0.0125 -0.0067 0.9999
vn -0.0130 -0.0054 0.9999
vn -0.6232 -0.1071 0.7747
vn -0.5666 -0.2024 0.7988
vn -0.1920 -0.1238 0.9736
vn -0.0588 -0.0388 0.9975
vn -0.9653 -0.2612 -0.0000
vn -0.0112 -0.0084 0.9999
vn -0.0522 -0.0449 0.9976
vn -0.0118 -0.0079 0.9999
vn -0.8494 -0.5277 -0.0000
vn -0.7950 -0.4933 0.3530
vn -0.1666 -0.1489 0.9747
vn -0.9861 -0.1663 -0.0000
vn -0.9805 -0.1967 -0.0000
vn -0.9129 -0.2028 0.3544
vn -0.9223 -0.1740 0.3451
vn -0.4968 -0.3138 0.8091
vn -0.0106 -0.0083 0.9999
vn -0.0445 -0.0510 0.9977
vn -0.1360 -0.1772 0.9747
vn -0.4265 -0.3908 0.8157
vn -0.2253 -0.1179 0.9671
vn -0.2230 -0.1142 0.9681
vn -0.5002 -0.3625 0.7864
vn -0.4838 -0.3832 0.7868
vn -0.0880 -0.0095 0.9961
vn -0.0958 -0.0049 0.9954
vn -0.0463 0.0357 0.9983
vn -0.0326 0.0205 0.9993
vn -0.0596 0.0488 0.9970
vn -0.1047 0.0034 0.9945
vn -0.7346 -0.5885 0.3377
vn -0.7725 -0.6350 -0.0000
vn -0.7361 -0.6769 -0.0000
vn -0.7027 -0.6281 0.3342
vn -0.1116 0.0135 0.9937
vn -0.0648 0.0529 0.9965
vn -0.2313 -0.0922 0.9685
vn -0.5481 -0.2806 0.7880
vn -0.2439 -0.0915 0.9655
vn -0.5334 -0.3065 0.7884
vn -0.8228 -0.4556 0.3398
vn -0.4084 -0.4893 0.7706
vn -0.5961 -0.7390 0.3141
vn -0.6900 -0.6487 0.3211
vn -0.4585 -0.4318 0.7768
vn -0.8718 -0.4899 -0.0000
vn -0.7959 -0.5054 0.3333
vn -0.8392 -0.5439 -0.0000
vn -0.6261 -0.7798 -0.0000
vn -0.7311 -0.6822 -0.0000
vn -0.7730 -0.5404 0.3323
vn -0.4979 -0.3617 0.7882
vn -0.8253 -0.5647 -0.0000
vn -0.4633 -0.8310 0.3080
vn -0.3338 -0.5473 0.7675
vn -0.4797 -0.8774 -0.0000
vn -0.9226 -0.3857 -0.0000
vn -0.8605 -0.3762 0.3436
vn -0.5378 -0.2620 0.8013
vn -0.6834 -0.6351 0.3601
vn -0.7307 -0.6827 -0.0000
vn -0.5127 -0.7824 0.3536
vn -0.5452 -0.8383 -0.0000
vn -0.3334 -0.4765 0.8135
vn -0.0834 -0.0137 0.9964
vn -0.0232 0.0087 0.9997
vn -0.0179 -0.0001 0.9998
vn -0.0821 -0.0183 0.9965
vn 0.1529 0.0890 0.9842
vn 0.1680 0.0656 0.9836
vn 0.4633 0.3511 0.8137
vn 0.4369 0.3704 0.8197
vn 0.0877 0.0217 -0.9959
vn 0.1529 0.0890 -0.9842
vn 0.1680 0.0656 -0.9836
vn 0.0992 -0.0286 -0.9947
vn 0.7094 0.6120 0.3495
vn 0.7357 0.5836 0.3438
vn 0.7848 0.6197 -0.0000
vn 0.7589 0.6512 -0.0000
vn 0.1304 0.1412 0.9813
vn 0.3928 0.4159 0.8202
vn 0.6519 0.6677 0.3594
vn 0.7027 0.7115 -0.0000
vn 0.4940 0.7830 0.3780
vn 0.5351 0.8448 -0.0000
vn 0.5029 0.8644 -0.0000
vn 0.4624 0.8033 0.3753
vn 0.0505 0.0861 0.9950
vn 0.0936 0.1593 0.9828
vn 0.0953 0.1788 0.9793
vn 0.0620 0.1014 0.9929
vn 0.5462 0.7485 0.3760
vn 0.5928 0.8053 -0.0000
vn 0.2887 0.4696 0.8344
vn 0.2705 0.4906 0.8283
vn 0.0995 0.1551 0.9829
vn 0.0498 0.0842 0.9952
vn 0.2763 0.5234 0.8061
vn 0.1271 0.2173 0.9678
vn 0.5057 0.8627 -0.0000
vn 0.4624 0.8092 0.3625
vn 0.3176 0.4527 0.8332
vn 0.5389 0.8424 -0.0000
vn 0.4999 0.7980 0.3366
vn 0.0652 0.0736 0.9952
vn 0.0877 0.0217 0.9959
vn 0.1011 0.1276 0.9867
vn 0.2022 0.2734 0.9404
vn 0.1783 0.1709 0.9690
vn 0.3333 0.5547 0.7624
vn 0.4356 0.5405 0.7198
vn 0.2857 0.3105 0.9066
vn 0.2545 0.2297 0.9394
vn 0.6281 0.7781 -0.0000
vn 0.5946 0.7405 0.3132
vn 0.3490 0.4383 0.8283
vn 0.5973 0.7116 0.3698
vn 0.6485 0.7612 -0.0000
vn 0.1083 0.1556 0.9819
vn 0.0524 0.0866 0.9949
vn 0.7684 0.6400 -0.0000
vn 0.7296 0.6104 0.3083
vn 0.3479 0.2895 0.8917
vn 0.2964 0.2420 0.9239
vn 0.5415 0.4556 0.7066
vn 0.6117 0.3494 0.7098
vn 0.3858 0.2281 0.8939
vn 0.8283 0.4660 0.3111
vn 0.3254 0.1945 0.9254
vn 0.8726 0.4885 -0.0000
vn 0.8581 0.4069 0.3131
vn 0.6336 0.3023 0.7121
vn 0.3991 0.1943 0.8961
vn 0.9037 0.4282 -0.0000
vn 0.3357 0.1659 0.9273
vn -0.2416 -0.0747 0.9675
vn -0.2525 -0.0653 0.9654
vn -0.0161 -0.0038 0.9999
vn -0.0696 -0.0177 0.9974
vn -0.2297 -0.0567 0.9716
vn -0.5868 -0.2073 0.7827
vn -0.9377 -0.3475 -0.0000
vn -0.8842 -0.3273 0.3332
vn -0.9156 -0.2407 0.3222
vn -0.9679 -0.2512 -0.0000
vn -0.6131 -0.1605 0.7735
vn -0.5718 -0.1333 0.8095
vn -0.9184 -0.2061 0.3377
vn -0.9766 -0.2151 -0.0000
vn -0.9066 -0.2762 0.3189
vn -0.8978 -0.3012 0.3213
vn -0.6126 -0.1932 0.7664
vn -0.6041 -0.1808 0.7761
vn -0.9565 -0.2919 -0.0000
vn -0.9511 -0.3089 -0.0000
vn -0.8960 -0.4441 -0.0000
vn -0.6146 -0.7179 0.3270
vn -0.4198 -0.4836 0.7681
vn -0.1323 -0.2238 0.9656
vn -0.0575 -0.0520 0.9970
vn -0.0809 -0.0312 0.9962
vn -0.1861 -0.1735 0.9671
vn -0.2585 -0.5887 0.7659
vn -0.3320 -0.8927 0.3048
vn -0.3340 -0.9426 -0.0000
vn -0.0261 0.0076 0.9996
vn -0.0386 0.0236 0.9990
vn -0.0588 -0.0551 0.9967
vn -0.0216 0.0012 0.9998
vn -0.0529 0.0403 0.9978
vn -0.0617 0.0494 0.9969
vn -0.1144 0.0196 0.9932
vn -0.1095 0.0099 0.9939
vn -0.1546 -0.2141 0.9645
vn -0.2672 -0.0535 0.9622
vn -0.2657 -0.0607 0.9621
vn -0.2165 -0.0727 0.9736
vn -0.2144 -0.0685 0.9743
vn -0.0666 -0.0223 0.9975
vn -0.0673 -0.0218 0.9975
vn -0.5770 -0.1448 0.8038
vn -0.5737 -0.1447 0.8062
vn -0.9464 -0.3229 -0.0000
vn -0.7171 -0.5965 0.3604
vn -0.4498 -0.3889 0.8040
vn -0.0552 -0.0439 0.9975
vn -0.1683 -0.1464 0.9748
vn -0.1239 -0.1954 0.9729
vn -0.0426 -0.0560 0.9975
vn -0.4421 -0.8284 0.3440
vn -0.2953 -0.5245 0.7986
vn -0.4607 -0.8876 -0.0000
vn -0.4868 -0.8735 -0.0000
vn -0.0184 0.0008 0.9998
vn -0.0670 -0.0319 0.9972
vn -0.0173 0.0012 0.9998
vn -0.0152 -0.0004 0.9999
vn -0.0126 -0.0038 0.9999
vn -0.2082 -0.1130 0.9715
vn -0.2780 -0.9606 -0.0000
vn -0.0109 -0.0070 0.9999
vn -0.0205 -0.0001 0.9998
vn -0.0631 -0.0523 0.9966
vn -0.0654 -0.0478 0.9967
vn -0.0198 -0.0003 0.9998
vn -0.0664 -0.0411 0.9969
vn -0.0191 0.0001 0.9998
vn -0.1775 -0.1950 0.9646
vn -0.1912 -0.1745 0.9659
vn -0.1999 -0.1484 0.9685
vn -0.8050 -0.4660 -0.3672
vn -0.7569 -0.5309 -0.3812
vn -0.9028 -0.2561 -0.3455
vn -0.5908 -0.1592 -0.7910
vn -0.5048 -0.2770 -0.8176
vn -0.4659 -0.3020 -0.8317
vn -0.0703 -0.0224 -0.9973
vn -0.0651 -0.0278 -0.9975
vn -0.1954 -0.0984 -0.9758
vn -0.2283 -0.0664 -0.9713
vn -0.0643 -0.0297 -0.9975
vn -0.0735 -0.0212 -0.9971
vn -0.2457 -0.0564 -0.9677
vn -0.2179 -0.0882 -0.9720
vn -0.0128 -0.0048 -0.9999
vn -0.0154 -0.0039 -0.9999
vn -0.0756 -0.0344 -0.9965
vn -0.1897 -0.1076 -0.9759
vn -0.0212 -0.0020 -0.9998
vn -0.8983 -0.2856 -0.3338
vn -0.9411 -0.1242 -0.3144
vn -0.0125 -0.0067 -0.9999
vn -0.0130 -0.0054 -0.9999
vn -0.6232 -0.1071 -0.7747
vn -0.5666 -0.2024 -0.7988
vn -0.1920 -0.1238 -0.9736
vn -0.0588 -0.0388 -0.9975
vn -0.0112 -0.0084 -0.9999
vn -0.0118 -0.0079 -0.9999
vn -0.0522 -0.0449 -0.9976
vn -0.7950 -0.4933 -0.3530
vn -0.1666 -0.1489 -0.9747
vn -0.9223 -0.1740 -0.3451
vn -0.9129 -0.2028 -0.3544
vn -0.4968 -0.3138 -0.8091
vn -0.0106 -0.0083 -0.9999
vn -0.0445 -0.0510 -0.9977
vn -0.1360 -0.1772 -0.9747
vn -0.4265 -0.3908 -0.8157
vn -0.2253 -0.1179 -0.9671
vn -0.4838 -0.3832 -0.7868
vn -0.5002 -0.3625 -0.7864
vn -0.2230 -0.1142 -0.9681
vn -0.0880 -0.0095 -0.9961
vn -0.0326 0.0205 -0.9993
vn -0.0463 0.0357 -0.9983
vn -0.0958 -0.0049 -0.9954
vn -0.0596 0.0488 -0.9970
vn -0.1047 0.0034 -0.9945
vn -0.7346 -0.5885 -0.3377
vn -0.7027 -0.6281 -0.3342
vn -0.0648 0.0529 -0.9965
vn -0.1116 0.0135 -0.9937
vn -0.2313 -0.0922 -0.9685
vn -0.5481 -0.2806 -0.7880
vn -0.2439 -0.0915 -0.9655
vn -0.5334 -0.3065 -0.7884
vn -0.8228 -0.4556 -0.3398
vn -0.4084 -0.4893 -0.7706
vn -0.4585 -0.4318 -0.7768
vn -0.6900 -0.6487 -0.3211
vn -0.5961 -0.7390 -0.3141
vn -0.7959 -0.5054 -0.3333
vn -0.4979 -0.3617 -0.7882
vn -0.7730 -0.5404 -0.3323
vn -0.4633 -0.8310 -0.3080
vn -0.3338 -0.5473 -0.7675
vn -0.8605 -0.3762 -0.3436
vn -0.5378 -0.2620 -0.8013
vn -0.6834 -0.6351 -0.3601
vn -0.5127 -0.7824 -0.3536
vn -0.3334 -0.4765 -0.8135
vn -0.0834 -0.0137 -0.9964
vn -0.0821 -0.0183 -0.9965
vn -0.0179 -0.0001 -0.9998
vn -0.0232 0.0087 -0.9997
vn 0.4369 0.3704 -0.8197
vn 0.4633 0.3511 -0.8137
vn 0.7094 0.6120 -0.3495
vn 0.7357 0.5836 -0.3438
vn 0.1304 0.1412 -0.9813
vn 0.3928 0.4159 -0.8202
vn 0.6519 0.6677 -0.3594
vn 0.4940 0.7830 -0.3780
vn 0.4624 0.8033 -0.3753
vn 0.0505 0.0861 -0.9950
vn 0.0620 0.1014 -0.9929
vn 0.0953 0.1788 -0.9793
vn 0.0936 0.1593 -0.9828
vn 0.5462 0.7485 -0.3760
vn 0.2705 0.4906 -0.8283
vn 0.2887 0.4696 -0.8344
vn 0.0995 0.1551 -0.9829
vn 0.0498 0.0842 -0.9952
vn 0.1271 0.2173 -0.9678
vn 0.2763 0.5234 -0.8061
vn 0.4624 0.8092 -0.3625
vn 0.3176 0.4527 -0.8332
vn 0.4999 0.7980 -0.3366
vn 0.0652 0.0736 -0.9952
vn 0.1011 0.1276 -0.9867
vn 0.1783 0.1709 -0.9690
vn 0.2022 0.2734 -0.9404
vn 0.3333 0.5547 -0.7624
vn 0.2857 0.3105 -0.9066
vn 0.4356 0.5405 -0.7198
vn 0.2545 0.2297 -0.9394
vn 0.5946 0.7405 -0.3132
vn 0.5973 0.7116 -0.3698
vn 0.3490 0.4383 -0.8283
vn 0.0524 0.0866 -0.9949
vn 0.1083 0.1556 -0.9819
vn 0.7296 0.6104 -0.3083
vn 0.2964 0.2420 -0.9239
vn 0.3479 0.2895 -0.8917
vn 0.5415 0.4556 -0.7066
vn 0.3858 0.2281 -0.8939
vn 0.6117 0.3494 -0.7098
vn 0.8283 0.4660 -0.3111
vn 0.3254 0.1945 -0.9254
vn 0.6336 0.3023 -0.7121
vn 0.8581 0.4069 -0.3131
vn 0.3991 0.1943 -0.8961
vn 0.3357 0.1659 -0.9273
vn -0.2416 -0.0747 -0.9675
vn -0.2525 -0.0653 -0.9654
vn -0.0696 -0.0177 -0.9974
vn -0.0161 -0.0038 -0.9999
vn -0.2297 -0.0567 -0.9716
vn -0.5868 -0.2073 -0.7827
vn -0.9156 -0.2407 -0.3222
vn -0.8842 -0.3273 -0.3332
vn -0.6132 -0.1605 -0.7735
vn -0.5718 -0.1333 -0.8095
vn -0.9184 -0.2061 -0.3377
vn -0.9066 -0.2762 -0.3189
vn -0.6041 -0.1808 -0.7761
vn -0.6126 -0.1932 -0.7664
vn -0.8978 -0.3012 -0.3213
vn -0.6146 -0.7179 -0.3270
vn -0.4198 -0.4836 -0.7681
vn -0.1323 -0.2238 -0.9656
vn -0.1861 -0.1735 -0.9671
vn -0.0809 -0.0312 -0.9962
vn -0.0575 -0.0520 -0.9970
vn -0.2585 -0.5887 -0.7659
vn -0.3320 -0.8927 -0.3048
vn -0.0261 0.0076 -0.9996
vn -0.0386 0.0236 -0.9990
vn -0.0588 -0.0551 -0.9967
vn -0.0216 0.0012 -0.9998
vn -0.0529 0.0403 -0.9978
vn -0.1095 0.0099 -0.9939
vn -0.1144 0.0196 -0.9932
vn -0.0617 0.0494 -0.9969
vn -0.1546 -0.2141 -0.9645
vn -0.2657 -0.0607 -0.9621
vn -0.2672 -0.0535 -0.9622
vn -0.2165 -0.0727 -0.9736
vn -0.0673 -0.0218 -0.9975
vn -0.0666 -0.0223 -0.9975
vn -0.2144 -0.0685 -0.9743
vn -0.5737 -0.1447 -0.8062
vn -0.5770 -0.1448 -0.8038
vn -0.7171 -0.5965 -0.3604
vn -0.4498 -0.3889 -0.8040
vn -0.0552 -0.0439 -0.9975
vn -0.0426 -0.0560 -0.9975
vn -0.1239 -0.1954 -0.9729
vn -0.1683 -0.1464 -0.9748
vn -0.2953 -0.5245 -0.7986
vn -0.4421 -0.8284 -0.3440
vn -0.0184 0.0008 -0.9998
vn -0.0173 0.0012 -0.9998
vn -0.0670 -0.0319 -0.9972
vn -0.0152 -0.0004 -0.9999
vn -0.0126 -0.0038 -0.9999
vn -0.2082 -0.1130 -0.9715
vn -0.0109 -0.0070 -0.9999
vn -0.0205 -0.0001 -0.9998
vn -0.0198 -0.0003 -0.9998
vn -0.0654 -0.0478 -0.9967
vn -0.0631 -0.0523 -0.9966
vn -0.0191 0.0001 -0.9998
vn -0.0664 -0.0411 -0.9969
vn -0.1912 -0.1745 -0.9659
vn -0.1775 -0.1950 -0.9646
vn -0.1999 -0.1484 -0.9685
vn 0.0992 -0.0286 0.9947
vn -0.1556 0.9878 -0.0000
vn -0.3457 0.9383 -0.0000
vn -0.3500 0.9368 -0.0000
vn -0.1561 0.9877 -0.0000
vn -0.0203 0.9998 -0.0000
vn -0.0204 0.9998 -0.0000
vn 0.0734 0.9973 -0.0000
vn -0.0000 0.1265 0.9920
vn 0.9629 0.2699 -0.0000
vn 0.9919 0.1267 -0.0000
vn 0.9904 0.1383 -0.0000
vn 0.9543 -0.2989 -0.0000
vn 0.9315 -0.3637 -0.0000
vn 0.9311 -0.3649 -0.0000
vn 0.9562 -0.2926 -0.0000
vn -0.4933 0.8698 -0.0000
vn 0.8845 0.4665 -0.0000
vn 0.9378 -0.3472 -0.0000
vn 0.9939 -0.1101 -0.0000
vn 0.9930 -0.1180 -0.0000
vn -0.0000 0.1265 -0.9920
vn 0.9215 -0.1037 0.3744
vn 0.9211 -0.1069 0.3744
vn 0.9211 0.1069 0.3744
vn 0.9215 0.1037 0.3744
vn -0.0004 0.9698 0.2437
vn 0.0010 0.9678 0.2518
vn 0.0005 0.9694 0.2455
vn 0.8527 -0.3675 0.3712
vn 0.8569 -0.3570 0.3718
vn 0.7202 -0.6003 0.3479
vn 0.7308 -0.5861 0.3498
vn 0.0915 0.9606 0.2626
vn 0.3440 0.8878 0.3057
vn 0.3688 0.8766 0.3092
vn 0.1165 0.9565 0.2673
vn 0.5768 0.7467 0.3311
vn 0.5842 0.7408 0.3316
vn 0.5768 -0.7467 0.3311
vn 0.5842 -0.7408 0.3316
vn -0.0000 1.0000 -0.0000
vn -1.0000 -0.0000 -0.0000
vn -0.0000 -0.0000 1.0000
vn -0.0000 -0.7071 0.7071
vn -0.0000 -1.0000 -0.0000
vn -0.9598 0.1163 0.2553
vn -0.0000 0.6700 0.7423
vn -0.6513 -0.7583 -0.0280
vn -0.0000 0.9220 0.3872
vn -0.1658 0.8638 0.4757
vn -0.1595 0.8667 0.4727
vn -0.3121 0.7812 0.5407
vn -0.0000 -0.5720 0.8202
vn 0.0064 -0.5407 0.8412
vn -0.0000 -0.5402 0.8416
vn 0.0063 -0.5407 0.8412
vn 1.0000 -0.0000 -0.0000
vn -0.5349 0.8449 -0.0000
vn -0.7055 0.4974 0.5049
vn -0.5721 -0.8202 -0.0000
vn -0.6874 -0.0000 0.7263
vn -0.7009 -0.5101 0.4986
vn 0.1737 -0.6601 0.7309
vn 0.1522 -0.6394 0.7537
vn 0.1470 -0.6343 0.7590
vn 0.0235 -0.5433 0.8392
vn 0.0243 -0.5434 0.8391
vn 0.0447 -0.5490 0.8346
vn 0.0458 -0.5495 0.8343
vn 0.0642 -0.5582 0.8272
vn 0.0654 -0.5590 0.8266
vn 0.0826 -0.5706 0.8170
vn 0.0840 -0.5717 0.8162
vn 0.1008 -0.5862 0.8039
vn 0.1023 -0.5876 0.8027
vn 0.1189 -0.6049 0.7874
vn 0.1208 -0.6070 0.7855
vn -0.5528 -0.0000 0.8333
vn -0.5527 -0.0000 0.8333
vn -0.8958 -0.4231 0.1358
vn -0.8129 -0.4118 0.4118
vn -0.8689 -0.4226 0.2579
vn 0.5555 -0.0034 0.8315
vn 0.5390 -0.0011 0.8423
vn 0.5477 -0.0023 0.8367
vn -0.8483 0.3548 0.3931
vn -0.9143 0.3813 0.1363
vn -0.8959 0.3740 0.2396
vn 0.8854 -0.4426 0.1424
vn 0.9000 -0.4359 -0.0000
vn 0.8568 -0.4408 0.2675
vn -0.9093 -0.4162 -0.0000
vn 0.7969 -0.4272 0.4272
vn 0.5311 -0.0000 0.8473
vn 0.9335 0.3585 -0.0000
vn 0.9258 0.3561 0.1270
vn 0.9091 0.3500 0.2257
vn 0.8667 0.3343 0.3704
vn -0.9231 0.3845 -0.0000
vn -0.5742 0.7351 0.3604
vn 0.3440 -0.8878 0.3057
vn 0.3688 -0.8766 0.3092
vn 0.0915 -0.9605 0.2626
vn 0.1165 -0.9565 0.2673
vn 0.8569 0.3570 0.3718
vn 0.8527 0.3675 0.3712
vn 0.7308 0.5861 0.3498
vn 0.7202 0.6003 0.3479
vn -0.0004 -0.9698 0.2437
vn 0.0018 0.9667 0.2559
vn 0.0021 0.9640 0.2657
vn 0.0020 0.9653 0.2611
vn -0.0035 -0.0000 1.0000
vn -0.0015 -0.0000 1.0000
vn -0.0025 -0.0000 1.0000
vn -0.0036 -0.0000 1.0000
vn -0.0004 -0.9699 0.2435
vn 0.0015 0.9681 0.2506
vn 0.0017 0.9669 0.2551
vn 0.0016 0.9673 0.2536
vn 0.0019 0.9665 0.2567
vn 0.9215 -0.1037 -0.3744
vn 0.9215 0.1037 -0.3744
vn 0.9211 0.1069 -0.3744
vn 0.9211 -0.1069 -0.3744
vn -0.0004 0.9698 -0.2437
vn 0.0005 0.9694 -0.2455
vn 0.0010 0.9678 -0.2518
vn 0.8569 -0.3570 -0.3718
vn 0.8527 -0.3675 -0.3712
vn 0.7308 -0.5861 -0.3498
vn 0.7202 -0.6003 -0.3479
vn 0.0915 0.9606 -0.2626
vn 0.1165 0.9565 -0.2673
vn 0.3688 0.8766 -0.3092
vn 0.3440 0.8878 -0.3057
vn 0.5842 0.7408 -0.3316
vn 0.5768 0.7467 -0.3311
vn 0.5842 -0.7408 -0.3316
vn 0.5768 -0.7467 -0.3311
vn -0.0000 -0.0000 -1.0000
vn -0.0000 -0.7071 -0.7071
vn -0.9598 0.1163 -0.2553
vn -0.0000 0.6700 -0.7423
vn -0.6513 -0.7583 0.0280
vn -0.0000 0.9220 -0.3872
vn -0.1595 0.8667 -0.4727
vn -0.1658 0.8638 -0.4757
vn -0.3121 0.7812 -0.5407
vn -0.0000 -0.5720 -0.8202
vn 0.0064 -0.5407 -0.8412
vn 0.0063 -0.5407 -0.8412
vn -0.0000 -0.5402 -0.8416
vn -0.7055 0.4974 -0.5049
vn -0.6874 -0.0000 -0.7263
vn -0.7009 -0.5101 -0.4986
vn 0.1737 -0.6600 -0.7309
vn 0.1470 -0.6343 -0.7590
vn 0.1522 -0.6394 -0.7537
vn 0.0243 -0.5434 -0.8391
vn 0.0235 -0.5433 -0.8392
vn 0.0458 -0.5495 -0.8343
vn 0.0447 -0.5490 -0.8346
vn 0.0654 -0.5590 -0.8266
vn 0.0642 -0.5582 -0.8272
vn 0.0840 -0.5717 -0.8162
vn 0.0826 -0.5706 -0.8170
vn 0.1023 -0.5876 -0.8027
vn 0.1008 -0.5862 -0.8039
vn 0.1208 -0.6070 -0.7855
vn 0.1189 -0.6049 -0.7874
vn -0.5527 -0.0000 -0.8334
vn -0.8958 -0.4231 -0.1358
vn -0.8689 -0.4226 -0.2579
vn -0.8129 -0.4118 -0.4118
vn 0.5555 -0.0034 -0.8315
vn 0.5477 -0.0023 -0.8367
vn 0.5390 -0.0011 -0.8423
vn -0.8483 0.3548 -0.3931
vn -0.8959 0.3740 -0.2397
vn -0.9143 0.3813 -0.1363
vn 0.8854 -0.4426 -0.1424
vn 0.8568 -0.4408 -0.2676
vn 0.7969 -0.4272 -0.4272
vn 0.5311 -0.0000 -0.8473
vn 0.9091 0.3500 -0.2257
vn 0.9258 0.3561 -0.1270
vn 0.8667 0.3343 -0.3704
vn -0.5742 0.7351 -0.3604
vn 0.3688 -0.8766 -0.3092
vn 0.3440 -0.8878 -0.3057
vn 0.1165 -0.9565 -0.2673
vn 0.0915 -0.9606 -0.2626
vn 0.8569 0.3570 -0.3718
vn 0.8527 0.3675 -0.3712
vn 0.7308 0.5861 -0.3498
vn 0.7202 0.6003 -0.3479
vn -0.0004 -0.9698 -0.2437
vn 0.0018 0.9667 -0.2559
vn 0.0020 0.9653 -0.2611
vn 0.0021 0.9640 -0.2657
vn -0.0036 -0.0000 -1.0000
vn -0.0035 -0.0000 -1.0000
vn -0.0015 -0.0000 -1.0000
vn -0.0025 -0.0000 -1.0000
vn -0.0004 -0.9699 -0.2435
vn 0.0015 0.9681 -0.2506
vn 0.0016 0.9673 -0.2536
vn 0.0017 0.9669 -0.2551
vn 0.0019 0.9665 -0.2567
vn -0.0000 0.3827 -0.9239
vn -0.0000 -0.3827 0.9239
vn -0.0000 0.9239 -0.3827
vn -0.0000 0.7071 -0.7071
vn -0.0000 0.9239 0.3827
vn -0.0000 -0.3827 -0.9239
vn -0.0000 -0.9239 0.3827
vn -0.0000 0.3827 0.9239
vn -0.0000 0.7071 0.7071
vn -0.0000 -0.9239 -0.3827
vn -0.6002 -0.0000 -0.7999
vn -0.6002 -0.3061 -0.7390
vn -0.6002 -0.5656 -0.5656
vn -0.6002 -0.7390 -0.3061
vn -0.6002 -0.7999 -0.0000
vn -0.6002 -0.7390 0.3061
vn -0.6002 -0.5656 0.5656
vn -0.6002 -0.3061 0.7390
vn -0.6001 -0.0000 0.7999
vn -0.6001 0.3061 0.7390
vn -0.6001 0.5656 0.5656
vn -0.6001 0.7390 0.3061
vn -0.6001 0.7999 -0.0000
vn -0.6001 0.7390 -0.3061
vn -0.6002 0.5656 -0.5656
vn -0.6002 0.3061 -0.7390
vn -0.7139 -0.0000 -0.7002
vn -0.7139 -0.2680 -0.6469
vn -0.7139 -0.4951 -0.4951
vn -0.7139 -0.6469 -0.2680
vn -0.7139 -0.7002 -0.0000
vn -0.7139 -0.6469 0.2680
vn -0.7139 -0.4951 0.4951
vn -0.7139 -0.2680 0.6469
vn -0.7139 -0.0000 0.7002
vn -0.7139 0.2680 0.6469
vn -0.7139 0.4951 0.4951
vn -0.7139 0.6469 0.2680
vn -0.7139 0.7002 -0.0000
vn -0.7139 0.6469 -0.2680
vn -0.7139 0.4951 -0.4951
vn -0.7139 0.2680 -0.6469
vn 0.8415 0.4182 -0.3419
vn -0.0000 0.7742 0.6329
vn -0.0000 0.7742 -0.6329
vn -0.8955 0.4451 -0.0000
vn -0.8415 0.4182 -0.3419
vn 0.8955 0.4451 -0.0000
vn -0.8415 0.4182 0.3419
vn 0.8415 0.4182 0.3419
vn -0.4975 0.8675 -0.0000
vn 0.6177 0.7864 -0.0000
vn 0.9548 0.0622 -0.2906
vn 0.5322 0.8466 -0.0000
vn 0.3890 0.7132 -0.5831
vn -0.8671 0.4981 -0.0000
vn 0.3890 0.7132 0.5831
vn 0.4788 0.8779 -0.0000
vn 0.8945 0.4256 -0.1369
vn -0.0000 0.1551 0.9879
vn -0.0000 0.1551 -0.9879
vn -0.0000 0.1806 -0.9835
vn -0.0000 0.1806 0.9835
vn 0.8945 0.4256 0.1369
vn -0.6945 0.7181 0.0438
vn -0.6945 0.7181 -0.0438
vn 0.9979 0.0650 -0.0000
vn 0.8626 0.5059 -0.0000
vn 0.9548 0.0622 0.2906
vn -0.0000 0.0760 0.9971
vn -0.0000 0.1515 0.9885
vn -0.0000 0.6791 0.7341
vn 0.7871 -0.0000 0.6168
vn 0.3538 -0.6029 0.7151
vn 0.3538 0.6029 0.7151
vn -0.2655 -0.0000 0.9641
vn 0.7662 0.6426 -0.0000
vn 0.2655 -0.0000 0.9641
vn -0.3079 0.0919 0.9470
vn -0.3302 0.1430 0.9330
vn -0.2899 0.0521 0.9556
vn 0.8188 -0.5741 -0.0000
vn 0.3302 0.1430 0.9330
vn 0.3079 0.0919 0.9470
vn 0.2899 0.0521 0.9557
vn 0.5355 0.5735 0.6199
vn -0.5355 0.5735 0.6199
vn -0.7662 0.6426 -0.0000
vn -0.8188 -0.5741 -0.0000
vn -0.0000 0.0760 -0.9971
vn -0.0000 0.1515 -0.9885
vn -0.0000 0.6791 -0.7341
vn 0.7871 -0.0000 -0.6168
vn 0.3538 -0.6029 -0.7151
vn 0.3538 0.6029 -0.7151
vn -0.2655 -0.0000 -0.9641
vn 0.2655 -0.0000 -0.9641
vn -0.3079 0.0919 -0.9470
vn -0.2899 0.0521 -0.9556
vn -0.3302 0.1430 -0.9330
vn 0.3302 0.1430 -0.9330
vn 0.2899 0.0521 -0.9556
vn 0.3079 0.0919 -0.9470
vn 0.5355 0.5735 -0.6199
vn -0.5355 0.5735 -0.6199
vn 0.9252 -0.0719 0.3725
vn 0.9739 -0.0835 0.2110
vn 0.9779 -0.0657 0.1985
vn 0.9226 -0.0623 0.3808
vn -0.0001 -0.0000 1.0000
vn -0.0019 -0.0016 1.0000
vn -0.0029 -0.0024 1.0000
vn -0.0013 -0.0010 1.0000
vn -0.0006 -0.0004 1.0000
vn 0.7597 0.6503 -0.0000
vn 0.7504 0.6011 0.2749
vn 0.7307 0.6823 0.0218
vn 0.7309 0.6825 -0.0000
vn 0.3219 0.4268 0.8451
vn 0.3659 0.4732 0.8014
vn 0.4705 0.5566 0.6847
vn 0.4855 0.5654 0.6669
vn -0.9864 0.1644 0.0004
vn -0.9864 0.1645 0.0004
vn 0.4662 0.8847 -0.0000
vn 0.5727 0.8198 -0.0000
vn 0.5690 0.8203 0.0577
vn 0.4593 0.8862 0.0611
vn -0.0031 0.0017 1.0000
vn -0.0024 0.0007 1.0000
vn 0.6362 0.5445 0.5466
vn 0.6323 0.5470 0.5486
vn 0.6991 0.5127 0.4985
vn -0.0040 0.0061 1.0000
vn -0.0004 0.0071 1.0000
vn -0.0038 0.0022 1.0000
vn 0.0017 -0.0020 1.0000
vn 0.0009 -0.0017 1.0000
vn 0.7689 0.6394 -0.0000
vn 0.7715 0.5796 0.2626
vn 0.6281 0.7782 -0.0000
vn 0.6267 0.7784 0.0363
vn 0.9095 0.4158 -0.0000
vn 0.8876 0.4606 -0.0000
vn 0.8756 0.4592 0.1497
vn 0.8998 0.4123 0.1430
vn 0.5455 0.8381 -0.0000
vn 0.3966 0.9180 -0.0000
vn 0.4156 0.9056 0.0852
vn 0.5471 0.8317 0.0943
vn 0.9978 -0.0670 -0.0000
vn 0.9956 -0.0939 -0.0000
vn 0.8477 0.4490 0.2824
vn 0.8678 0.4074 0.2846
vn 0.7355 0.4947 0.4629
vn -0.0051 0.0024 1.0000
vn 0.3816 0.9119 0.1512
vn 0.5425 0.8134 0.2099
vn 0.6740 -0.7092 0.2065
vn 0.6903 -0.7235 -0.0000
vn 0.6905 -0.7233 -0.0000
vn 0.7545 -0.6179 0.2210
vn 0.1448 0.5237 0.8395
vn 0.1872 0.4804 0.8568
vn 0.6605 -0.7199 0.2133
vn 0.6711 -0.7195 0.1789
vn 0.6793 -0.7338 -0.0000
vn 0.6764 -0.7365 -0.0000
vn -0.0001 -0.0029 1.0000
vn 0.0028 -0.0025 1.0000
vn 0.0019 -0.0034 1.0000
vn 0.0018 -0.0034 1.0000
vn -0.0058 0.0023 1.0000
vn -0.0040 1.0000 -0.0015
vn -0.0041 1.0000 -0.0015
vn -0.0352 -0.9994 0.0012
vn -0.7035 0.7107 -0.0000
vn 0.9790 -0.0472 0.1983
vn 0.9197 -0.0524 0.3892
vn 0.9992 -0.0402 -0.0000
vn 0.6146 -0.6677 0.4202
vn 0.6234 -0.6645 0.4121
vn 0.7236 -0.5495 0.4177
vn -0.0267 -0.8583 0.5124
vn 0.6242 -0.6620 0.4149
vn -0.0508 0.7260 0.6858
vn -0.2159 0.8750 0.4333
vn -0.3050 0.9214 0.2410
vn -0.2137 0.8770 0.4303
vn -0.3660 0.9306 -0.0000
vn 0.8448 -0.3027 0.4412
vn 0.9713 0.2370 -0.0188
vn 0.6733 -0.7393 -0.0000
vn 0.6733 -0.7393 -0.0048
vn -0.0035 -1.0000 0.0011
vn -0.6808 -0.0000 0.7325
vn -0.0000 0.6809 0.7324
vn -0.5045 -0.8634 0.0020
vn -0.5609 -0.8279 0.0026
vn -0.5606 -0.8281 0.0026
vn -0.5026 -0.8645 0.0020
vn 0.5791 0.5768 0.5761
vn 0.5720 0.5803 0.5797
vn 0.6813 0.7320 -0.0000
vn 0.6805 0.7324 0.0215
vn -0.6995 -0.7146 0.0005
vn -0.6469 -0.7626 0.0019
vn -0.6460 -0.7633 -0.0000
vn -0.6993 -0.7148 -0.0000
vn -0.5611 -0.8278 -0.0000
vn -0.0003 -0.0000 1.0000
vn -0.7205 -0.6935 0.0003
vn -0.7205 -0.6935 -0.0000
vn 0.0070 1.0000 0.0001
vn 0.0211 0.9998 -0.0000
vn 0.0418 0.9991 0.0005
vn 0.0418 0.9991 -0.0000
vn -0.4900 -0.8718 -0.0000
vn 0.0110 -0.9677 0.2520
vn 0.0066 -0.8837 0.4680
vn 0.0113 -0.9706 0.2405
vn 0.0152 -0.9999 -0.0000
vn -0.5924 0.5322 0.6049
vn 0.5448 0.0672 0.8359
vn 0.5463 0.0594 0.8355
vn 0.5572 -0.0000 0.8304
vn 0.9804 -0.1503 0.1275
vn 0.9846 -0.1507 0.0886
vn 0.9391 -0.1456 0.3113
vn -0.9643 -0.2642 -0.0200
vn -0.9372 -0.3488 -0.0001
vn -0.9372 -0.3487 -0.0000
vn -0.9624 -0.2717 -0.0000
vn -0.9660 -0.2544 -0.0453
vn -0.9594 -0.2789 -0.0426
vn -0.9613 -0.2601 -0.0906
vn -0.9398 -0.3419 -0.0001
vn -0.8953 -0.4455 -0.0003
vn -0.8954 -0.4453 -0.0001
vn -0.8954 -0.4452 -0.0000
vn -0.0098 0.0103 0.9999
vn -0.0197 0.0207 0.9996
vn -0.9555 -0.2949 -0.0000
vn -0.0003 -0.8927 0.4506
vn -0.0006 -0.9675 0.2529
vn 0.0444 -0.9803 0.1926
vn -0.0104 0.0415 0.9991
vn -0.0016 0.0804 0.9968
vn -0.0033 0.1603 0.9871
vn -0.0044 0.1960 0.9806
vn -0.0027 0.1192 0.9929
vn -0.0029 -0.8882 0.4595
vn -0.0049 -0.9716 0.2367
vn -0.0049 -0.9717 0.2362
vn -0.0066 -1.0000 -0.0000
vn 0.8890 0.3572 0.2864
vn 0.9194 0.3678 0.1394
vn 0.2542 0.9615 0.1044
vn 0.2483 0.9669 0.0588
vn 0.2407 0.9706 -0.0000
vn 0.9290 0.3702 -0.0000
vn 0.2532 0.9674 -0.0000
vn 0.4900 0.8717 -0.0000
vn 0.6410 0.7675 -0.0001
vn 0.6410 0.7675 -0.0000
vn -0.6424 -0.7663 -0.0000
vn -0.6294 -0.7510 0.1994
vn -0.6245 -0.7452 0.2338
vn -0.5788 -0.6908 0.4333
vn -0.0009 -1.0000 -0.0000
vn -0.0010 -1.0000 -0.0000
vn -0.7347 0.6784 -0.0000
vn -0.0011 -1.0000 -0.0000
vn 0.1277 -0.9918 -0.0000
vn -0.0004 -1.0000 -0.0000
vn -0.0003 -0.9723 0.2338
vn 0.1155 -0.9847 0.1308
vn -0.0008 -1.0000 -0.0000
vn 0.1275 -0.9918 -0.0000
vn -0.0207 0.0830 0.9963
vn -0.0000 -0.8496 0.5275
vn -0.0002 -0.8906 0.4548
vn 0.8055 -0.0000 0.5927
vn 0.6470 -0.6801 0.3448
vn 0.3866 0.9205 0.0567
vn 0.3872 0.9220 -0.0000
vn -0.0003 -0.0023 1.0000
vn -0.0038 0.0071 1.0000
vn -0.0003 0.0079 1.0000
vn -0.0104 -0.9999 0.0034
vn -0.0052 -1.0000 0.0017
vn 0.9871 -0.1499 -0.0559
vn 0.9804 -0.1504 0.1275
vn -0.7204 -0.6935 0.0003
vn -0.6998 -0.7144 0.0005
vn -0.6478 -0.7618 0.0019
vn -0.5064 -0.8623 -0.0000
vn -0.0039 1.0000 -0.0000
vn -0.9864 0.1642 -0.0000
vn 0.6822 -0.7311 0.0022
vn 0.5064 0.2183 0.8342
vn 0.4999 0.2393 0.8324
vn 0.4431 0.3906 0.8069
vn 0.4224 0.4358 0.7948
vn 0.3677 0.5384 0.7582
vn 0.3322 0.5952 0.7317
vn 0.2770 0.6723 0.6865
vn 0.2220 0.7378 0.6374
vn 0.1754 0.7758 0.6060
vn 0.1343 0.7898 0.5985
vn 0.1172 0.7951 0.5950
vn 0.9252 -0.0719 -0.3725
vn 0.9226 -0.0623 -0.3808
vn 0.9779 -0.0657 -0.1985
vn 0.9739 -0.0835 -0.2110
vn -0.0001 -0.0000 -1.0000
vn -0.0019 -0.0016 -1.0000
vn -0.0006 -0.0004 -1.0000
vn -0.0013 -0.0010 -1.0000
vn -0.0029 -0.0024 -1.0000
vn 0.7307 0.6823 -0.0218
vn 0.7504 0.6011 -0.2749
vn 0.3219 0.4268 -0.8451
vn 0.4855 0.5654 -0.6669
vn 0.4705 0.5566 -0.6847
vn 0.3659 0.4732 -0.8014
vn -0.9864 0.1644 -0.0004
vn -0.9864 0.1645 -0.0004
vn 0.4593 0.8862 -0.0611
vn 0.5690 0.8203 -0.0577
vn -0.0024 0.0007 -1.0000
vn -0.0031 0.0017 -1.0000
vn 0.6362 0.5445 -0.5466
vn 0.6991 0.5127 -0.4985
vn 0.6323 0.5470 -0.5486
vn -0.0040 0.0061 -1.0000
vn -0.0004 0.0071 -1.0000
vn -0.0038 0.0022 -1.0000
vn 0.0017 -0.0020 -1.0000
vn 0.0009 -0.0017 -1.0000
vn 0.7715 0.5796 -0.2626
vn 0.6267 0.7784 -0.0363
vn 0.8998 0.4123 -0.1430
vn 0.8756 0.4592 -0.1497
vn 0.5471 0.8317 -0.0943
vn 0.4156 0.9056 -0.0852
vn 0.8678 0.4074 -0.2846
vn 0.8477 0.4490 -0.2824
vn 0.7355 0.4947 -0.4629
vn -0.0051 0.0024 -1.0000
vn 0.5425 0.8134 -0.2099
vn 0.3816 0.9119 -0.1512
vn 0.6740 -0.7092 -0.2065
vn 0.7545 -0.6179 -0.2210
vn 0.1448 0.5237 -0.8395
vn 0.1872 0.4804 -0.8569
vn 0.6605 -0.7199 -0.2133
vn 0.6711 -0.7195 -0.1789
vn -0.0001 -0.0029 -1.0000
vn 0.0019 -0.0034 -1.0000
vn 0.0028 -0.0025 -1.0000
vn -0.0058 0.0023 -1.0000
vn 0.0018 -0.0034 -1.0000
vn -0.0040 1.0000 0.0015
vn -0.0041 1.0000 0.0015
vn -0.0352 -0.9994 -0.0012
vn 0.9197 -0.0524 -0.3892
vn 0.9790 -0.0472 -0.1983
vn 0.6146 -0.6677 -0.4202
vn 0.6234 -0.6645 -0.4121
vn 0.7236 -0.5495 -0.4177
vn -0.0267 -0.8583 -0.5124
vn 0.6242 -0.6620 -0.4149
vn -0.0508 0.7260 -0.6858
vn -0.2137 0.8770 -0.4303
vn -0.3050 0.9214 -0.2410
vn -0.2159 0.8750 -0.4333
vn 0.8448 -0.3027 -0.4412
vn 0.9713 0.2370 0.0188
vn 0.6733 -0.7393 0.0048
vn -0.0035 -1.0000 -0.0011
vn -0.6808 -0.0000 -0.7325
vn -0.0000 0.6809 -0.7324
vn -0.5045 -0.8634 -0.0020
vn -0.5026 -0.8645 -0.0020
vn -0.5606 -0.8281 -0.0026
vn -0.5609 -0.8279 -0.0026
vn 0.5720 0.5803 -0.5797
vn 0.5791 0.5768 -0.5761
vn 0.6805 0.7324 -0.0215
vn -0.6995 -0.7146 -0.0005
vn -0.6469 -0.7626 -0.0019
vn -0.0003 -0.0000 -1.0000
vn -0.7205 -0.6935 -0.0003
vn 0.0070 1.0000 -0.0001
vn 0.0418 0.9991 -0.0005
vn 0.0110 -0.9677 -0.2520
vn 0.0113 -0.9706 -0.2405
vn 0.0066 -0.8837 -0.4680
vn -0.5924 0.5322 -0.6049
vn 0.5448 0.0672 -0.8359
vn 0.5572 -0.0000 -0.8304
vn 0.5463 0.0594 -0.8355
vn 0.9804 -0.1503 -0.1275
vn 0.9391 -0.1456 -0.3113
vn 0.9846 -0.1507 -0.0886
vn -0.9643 -0.2642 0.0200
vn -0.9372 -0.3488 0.0001
vn -0.9660 -0.2544 0.0453
vn -0.9613 -0.2601 0.0906
vn -0.9594 -0.2789 0.0426
vn -0.9398 -0.3419 0.0001
vn -0.8954 -0.4453 0.0001
vn -0.8953 -0.4455 0.0003
vn -0.0098 0.0103 -0.9999
vn -0.0197 0.0207 -0.9996
vn -0.0003 -0.8927 -0.4506
vn 0.0444 -0.9803 -0.1926
vn -0.0006 -0.9675 -0.2529
vn -0.0104 0.0415 -0.9991
vn -0.0016 0.0804 -0.9968
vn -0.0027 0.1192 -0.9929
vn -0.0044 0.1960 -0.9806
vn -0.0033 0.1603 -0.9871
vn -0.0029 -0.8882 -0.4595
vn -0.0049 -0.9717 -0.2362
vn -0.0049 -0.9716 -0.2367
vn 0.9194 0.3678 -0.1394
vn 0.8890 0.3572 -0.2864
vn 0.2542 0.9615 -0.1044
vn 0.2483 0.9669 -0.0588
vn 0.6410 0.7675 0.0001
vn -0.6245 -0.7452 -0.2338
vn -0.6294 -0.7510 -0.1994
vn -0.5788 -0.6908 -0.4333
vn 0.1155 -0.9847 -0.1308
vn -0.0003 -0.9723 -0.2338
vn -0.0207 0.0830 -0.9963
vn -0.0000 -0.8496 -0.5275
vn -0.0002 -0.8906 -0.4548
vn 0.8055 -0.0000 -0.5927
vn 0.6470 -0.6801 -0.3448
vn 0.3866 0.9205 -0.0567
vn -0.0003 -0.0023 -1.0000
vn -0.0038 0.0071 -1.0000
vn -0.0003 0.0079 -1.0000
vn -0.0104 -0.9999 -0.0034
vn -0.0052 -1.0000 -0.0017
vn 0.9871 -0.1499 0.0559
vn 0.9804 -0.1504 -0.1275
vn -0.7204 -0.6935 -0.0003
vn -0.6998 -0.7144 -0.0005
vn -0.6478 -0.7618 -0.0019
vn 0.6822 -0.7311 -0.0022
vn 0.4999 0.2393 -0.8324
vn 0.5064 0.2183 -0.8342
vn 0.4224 0.4358 -0.7948
vn 0.4431 0.3906 -0.8069
vn 0.3322 0.5952 -0.7317
vn 0.3677 0.5384 -0.7582
vn 0.2220 0.7378 -0.6374
vn 0.2770 0.6723 -0.6865
vn 0.1343 0.7898 -0.5985
vn 0.1754 0.7758 -0.6060
vn 0.1172 0.7951 -0.5950
vn -0.8693 -0.4943 -0.0000
vn -0.9687 -0.2483 -0.0000
vn -0.9503 -0.2430 0.1949
vn -0.8457 -0.4710 0.2509
vn 0.8199 -0.5520 0.1519
vn 0.7863 -0.6073 0.1134
vn 0.7948 -0.6069 -0.0000
vn 0.8306 -0.5568 -0.0000
vn 0.0318 -0.1053 0.9939
vn -0.1855 -0.0111 0.9826
vn 0.1343 -0.3352 0.9325
vn 0.1934 -0.3228 0.9265
vn 0.2696 -0.5799 0.7688
vn 0.3245 -0.5120 0.7953
vn -0.0000 -0.0628 0.9980
vn -0.1815 -0.0405 0.9826
vn -0.2168 0.0090 0.9762
vn -0.1459 -0.0781 0.9862
vn 0.6307 -0.7703 0.0939
vn 0.6225 -0.7826 -0.0000
vn 0.4964 -0.8253 0.2692
vn 0.7532 -0.6241 0.2078
vn 0.7535 -0.6575 -0.0000
vn 0.4680 -0.8409 0.2716
vn -0.9376 0.3477 -0.0000
vn -0.9924 0.1229 -0.0000
vn -0.9814 0.1554 0.1123
vn -0.9116 0.3707 0.1778
vn -0.7048 0.2821 0.6509
vn -0.8131 0.3212 0.4855
vn -0.9230 0.1543 0.3526
vn -0.7988 0.0807 0.5962
vn -0.3306 -0.9290 0.1663
vn -0.3053 -0.9274 0.2160
vn -0.3628 -0.9266 0.0990
vn 0.0018 -0.0629 0.9980
vn 0.0019 -0.0629 0.9980
vn 0.1833 -0.6522 0.7355
vn 0.1352 -0.6828 0.7180
vn -0.3779 0.1615 0.9116
vn -0.2374 -0.0502 0.9701
vn -0.3110 -0.0546 0.9488
vn 0.0640 -0.7232 0.6876
vn -0.9879 0.0382 0.1502
vn -0.9990 0.0437 -0.0000
vn -0.9690 0.2472 -0.0000
vn -0.9630 0.2417 0.1192
vn -0.9037 0.4282 -0.0000
vn -0.8531 0.4072 0.3261
vn 0.4037 -0.9149 -0.0000
vn 0.4097 -0.9070 0.0975
vn 0.2823 -0.9559 0.0813
vn 0.2725 -0.9621 -0.0000
vn 0.2066 -0.9768 0.0560
vn 0.2070 -0.9784 -0.0000
vn -0.8410 0.5410 -0.0000
vn -0.8062 0.5283 0.2664
vn 0.2505 -0.9283 0.2747
vn 0.2488 -0.9288 0.2745
vn 0.0041 -0.0630 0.9980
vn 0.0036 -0.0630 0.9980
vn -0.1099 -0.0960 0.9893
vn 0.0013 -0.0629 0.9980
vn 0.0007 -0.0629 0.9980
vn 0.0026 -0.0629 0.9980
vn 0.0020 -0.0629 0.9980
vn 0.2048 -0.9411 0.2691
vn -0.0996 -0.1013 0.9899
vn -0.2899 -0.2046 0.9349
vn -0.3283 -0.1849 0.9263
vn -0.6565 0.4380 0.6142
vn -0.6373 0.3081 0.7063
vn -0.3652 -0.2548 0.8954
vn -0.4236 -0.2443 0.8723
vn -0.4408 -0.1212 0.8894
vn -0.5794 -0.1534 0.8005
vn -0.5449 0.0075 0.8384
vn -0.6135 0.1504 0.7753
vn -0.7029 0.0273 0.7108
vn -0.7610 0.1984 0.6176
vn -0.7878 -0.5468 0.2837
vn -0.3819 -0.9242 -0.0000
vn -0.8457 -0.4710 -0.2509
vn -0.9503 -0.2430 -0.1949
vn 0.8199 -0.5520 -0.1519
vn 0.7863 -0.6073 -0.1134
vn 0.0318 -0.1053 -0.9939
vn 0.1934 -0.3228 -0.9265
vn 0.1343 -0.3352 -0.9325
vn -0.1855 -0.0111 -0.9826
vn 0.3245 -0.5120 -0.7953
vn 0.2696 -0.5799 -0.7688
vn -0.0000 -0.0628 -0.9980
vn -0.2168 0.0090 -0.9762
vn -0.1815 -0.0405 -0.9826
vn -0.1459 -0.0781 -0.9862
vn 0.6307 -0.7703 -0.0939
vn 0.4964 -0.8253 -0.2692
vn 0.4680 -0.8409 -0.2716
vn 0.7532 -0.6241 -0.2078
vn -0.9116 0.3707 -0.1778
vn -0.9814 0.1554 -0.1123
vn -0.7048 0.2820 -0.6509
vn -0.7988 0.0807 -0.5962
vn -0.9230 0.1543 -0.3526
vn -0.8131 0.3212 -0.4855
vn -0.3306 -0.9290 -0.1663
vn -0.3628 -0.9266 -0.0990
vn -0.3053 -0.9274 -0.2160
vn 0.0019 -0.0629 -0.9980
vn 0.0018 -0.0629 -0.9980
vn 0.1352 -0.6828 -0.7180
vn 0.1833 -0.6522 -0.7355
vn -0.2374 -0.0502 -0.9701
vn -0.3779 0.1615 -0.9116
vn -0.3110 -0.0546 -0.9488
vn 0.0640 -0.7232 -0.6876
vn -0.9879 0.0382 -0.1502
vn -0.9630 0.2417 -0.1192
vn -0.8531 0.4072 -0.3261
vn 0.2823 -0.9559 -0.0813
vn 0.4097 -0.9070 -0.0975
vn 0.2066 -0.9768 -0.0560
vn -0.8062 0.5283 -0.2664
vn 0.2488 -0.9288 -0.2745
vn 0.2505 -0.9283 -0.2747
vn 0.0036 -0.0630 -0.9980
vn 0.0041 -0.0630 -0.9980
vn -0.1099 -0.0960 -0.9893
vn 0.0007 -0.0629 -0.9980
vn 0.0013 -0.0629 -0.9980
vn 0.0020 -0.0629 -0.9980
vn 0.0026 -0.0629 -0.9980
vn 0.2048 -0.9411 -0.2691
vn -0.3283 -0.1849 -0.9263
vn -0.2899 -0.2046 -0.9349
vn -0.0996 -0.1013 -0.9899
vn -0.6373 0.3081 -0.7063
vn -0.6565 0.4380 -0.6142
vn -0.4236 -0.2443 -0.8723
vn -0.3652 -0.2548 -0.8954
vn -0.4408 -0.1212 -0.8894
vn -0.5794 -0.1534 -0.8005
vn -0.5449 0.0075 -0.8384
vn -0.6135 0.1504 -0.7753
vn -0.7610 0.1984 -0.6176
vn -0.7029 0.0273 -0.7108
vn -0.7878 -0.5468 -0.2837
vt 0.029879 0.709321
vt 0.029693 0.704690
vt 0.034998 0.704545
vt 0.034918 0.709190
vt 0.039752 0.709609
vt 0.039944 0.714334
vt 0.035099 0.713285
vt 0.039856 0.704203
vt 0.047746 0.717022
vt 0.043280 0.715624
vt 0.043094 0.710165
vt 0.047295 0.710892
vt 0.049602 0.725248
vt 0.045332 0.723814
vt 0.044293 0.719635
vt 0.048697 0.721311
vt 0.058622 0.720018
vt 0.057354 0.712606
vt 0.043045 0.703927
vt 0.046717 0.703917
vt 0.053751 0.705990
vt 0.036351 0.721729
vt 0.030387 0.721960
vt 0.030195 0.717192
vt 0.035714 0.717049
vt 0.059438 0.728494
vt 0.059157 0.725001
vt 0.040782 0.718298
vt 0.041830 0.722668
vt 0.045742 0.729408
vt 0.049920 0.730245
vt 0.030044 0.713431
vt 0.059399 0.733966
vt 0.049896 0.732804
vt 0.059408 0.732169
vt 0.030644 0.728362
vt 0.036808 0.728228
vt 0.045735 0.732298
vt 0.031325 0.745307
vt 0.031212 0.742489
vt 0.036189 0.742222
vt 0.036878 0.744976
vt 0.042291 0.728759
vt 0.059376 0.736953
vt 0.049402 0.736928
vt 0.045166 0.736929
vt 0.042295 0.731938
vt 0.044157 0.770026
vt 0.043704 0.775440
vt 0.041108 0.775311
vt 0.041527 0.769926
vt 0.046991 0.779015
vt 0.046937 0.775669
vt 0.054809 0.776288
vt 0.054961 0.779715
vt 0.055023 0.770793
vt 0.047370 0.770226
vt 0.037047 0.775283
vt 0.032535 0.775418
vt 0.032325 0.770193
vt 0.037208 0.769986
vt 0.047506 0.768152
vt 0.055231 0.768716
vt 0.043722 0.778727
vt 0.041103 0.778517
vt 0.044272 0.767965
vt 0.041596 0.767883
vt 0.037099 0.778428
vt 0.042441 0.754963
vt 0.037487 0.754921
vt 0.037514 0.752125
vt 0.042574 0.752033
vt 0.032663 0.778602
vt 0.037205 0.767980
vt 0.032246 0.768228
vt 0.031711 0.754908
vt 0.031604 0.752255
vt 0.037420 0.749354
vt 0.042553 0.749132
vt 0.031498 0.749610
vt 0.037354 0.757433
vt 0.042143 0.757562
vt 0.031810 0.757374
vt 0.031403 0.747246
vt 0.037204 0.746911
vt 0.042338 0.746596
vt 0.036864 0.731619
vt 0.030778 0.731695
vt 0.036587 0.736969
vt 0.030989 0.736941
vt 0.041747 0.736979
vt 0.047396 0.782734
vt 0.055303 0.783501
vt 0.055601 0.787244
vt 0.048068 0.786698
vt 0.157261 0.703338
vt 0.157969 0.691495
vt 0.164642 0.690684
vt 0.164627 0.701940
vt 0.201898 0.707048
vt 0.192412 0.704351
vt 0.192387 0.692487
vt 0.198727 0.693894
vt 0.169637 0.701426
vt 0.169644 0.690397
vt 0.175222 0.690466
vt 0.174906 0.701424
vt 0.157027 0.711396
vt 0.164524 0.709942
vt 0.169546 0.709466
vt 0.174674 0.709480
vt 0.168936 0.729014
vt 0.174108 0.729126
vt 0.173786 0.740331
vt 0.168590 0.740244
vt 0.144285 0.734235
vt 0.155362 0.731654
vt 0.155114 0.742327
vt 0.144285 0.744168
vt 0.169315 0.719271
vt 0.174391 0.719312
vt 0.163689 0.729729
vt 0.163335 0.740813
vt 0.156051 0.721770
vt 0.145243 0.724361
vt 0.163487 0.750246
vt 0.155824 0.750711
vt 0.173496 0.750374
vt 0.168540 0.750133
vt 0.164192 0.719945
vt 0.173286 0.757692
vt 0.168749 0.757502
vt 0.147125 0.713598
vt 0.147636 0.705485
vt 0.145911 0.751153
vt 0.157256 0.756590
vt 0.148812 0.755885
vt 0.164046 0.757151
vt 0.164434 0.762854
vt 0.158347 0.762308
vt 0.151035 0.761695
vt 0.173122 0.763372
vt 0.168876 0.763179
vt 0.164346 0.716017
vt 0.169435 0.715422
vt 0.174502 0.715462
vt 0.156444 0.717706
vt 0.145894 0.720137
vt 0.172975 0.768490
vt 0.168849 0.768405
vt 0.158642 0.768809
vt 0.151650 0.769222
vt 0.164514 0.768494
vt 0.164719 0.774941
vt 0.158867 0.775837
vt 0.168891 0.774581
vt 0.151732 0.777001
vt 0.172799 0.774570
vt 0.169061 0.783533
vt 0.165279 0.783939
vt 0.159731 0.784925
vt 0.172544 0.783447
vt 0.152634 0.786257
vt 0.044096 0.782391
vt 0.044773 0.786361
vt 0.055513 0.790518
vt 0.048967 0.790749
vt 0.045785 0.790525
vt 0.041451 0.782112
vt 0.032805 0.782143
vt 0.037334 0.781957
vt 0.037765 0.785882
vt 0.032967 0.786162
vt 0.042065 0.786037
vt 0.043008 0.790221
vt 0.038383 0.790147
vt 0.033143 0.790559
vt 0.037050 0.766425
vt 0.036581 0.764143
vt 0.040655 0.764046
vt 0.041372 0.766311
vt 0.032184 0.766677
vt 0.032091 0.764363
vt 0.032056 0.763510
vt 0.036491 0.763323
vt 0.040519 0.763203
vt 0.044453 0.759601
vt 0.047878 0.759654
vt 0.046800 0.763313
vt 0.043231 0.763232
vt 0.041678 0.759640
vt 0.037082 0.759490
vt 0.031890 0.759375
vt 0.056028 0.759990
vt 0.055662 0.763723
vt 0.048365 0.757573
vt 0.056291 0.757794
vt 0.055589 0.764689
vt 0.055395 0.767073
vt 0.047388 0.766528
vt 0.046878 0.764233
vt 0.044962 0.757537
vt 0.044073 0.766364
vt 0.043357 0.764127
vt 0.045175 0.744405
vt 0.044250 0.741809
vt 0.048606 0.741506
vt 0.049202 0.744125
vt 0.040919 0.741975
vt 0.041892 0.744657
vt 0.031170 0.741452
vt 0.036047 0.741248
vt 0.040711 0.740999
vt 0.048485 0.740529
vt 0.044061 0.740805
vt 0.044665 0.738513
vt 0.048993 0.738362
vt 0.036314 0.738811
vt 0.041266 0.738690
vt 0.031065 0.738827
vt 0.058278 0.745687
vt 0.049371 0.746141
vt 0.058674 0.743577
vt 0.059102 0.740922
vt 0.059200 0.739985
vt 0.045528 0.746382
vt 0.059337 0.738089
vt 0.056688 0.754930
vt 0.048759 0.754860
vt 0.049079 0.751817
vt 0.057186 0.751691
vt 0.049307 0.748794
vt 0.057748 0.748486
vt 0.045318 0.754892
vt 0.045539 0.751920
vt 0.045628 0.748970
vt 0.024845 0.709595
vt 0.024393 0.704971
vt 0.024994 0.713691
vt 0.020249 0.715126
vt 0.020061 0.710401
vt 0.019523 0.705020
vt 0.012687 0.718431
vt 0.012645 0.712285
vt 0.016774 0.711223
vt 0.017027 0.716679
vt 0.011497 0.726779
vt 0.012084 0.722782
vt 0.016339 0.720758
vt 0.015638 0.725007
vt 0.002087 0.722290
vt 0.002756 0.714800
vt 0.012661 0.705286
vt 0.016322 0.705001
vt 0.005816 0.707917
vt 0.024424 0.722209
vt 0.024682 0.717493
vt 0.001953 0.730804
vt 0.001953 0.727300
vt 0.019731 0.719144
vt 0.019037 0.723584
vt 0.015678 0.730616
vt 0.011581 0.731786
vt 0.002431 0.736255
vt 0.002278 0.734465
vt 0.011811 0.734334
vt 0.024490 0.728723
vt 0.015918 0.733497
vt 0.025763 0.745423
vt 0.026229 0.742623
vt 0.019067 0.729693
vt 0.002694 0.739231
vt 0.012634 0.738405
vt 0.016856 0.738066
vt 0.019318 0.732861
vt 0.020518 0.770976
vt 0.023131 0.770665
vt 0.023981 0.776000
vt 0.021404 0.776336
vt 0.018414 0.780163
vt 0.010526 0.781501
vt 0.010402 0.778073
vt 0.018199 0.776824
vt 0.009748 0.772612
vt 0.017331 0.771433
vt 0.028026 0.775645
vt 0.027441 0.770378
vt 0.009374 0.770559
vt 0.017029 0.769376
vt 0.021649 0.779614
vt 0.024243 0.779194
vt 0.020238 0.768931
vt 0.022899 0.768634
vt 0.028227 0.778785
vt 0.021020 0.755824
vt 0.020652 0.752914
vt 0.025703 0.752599
vt 0.025954 0.755384
vt 0.027283 0.768379
vt 0.020440 0.750021
vt 0.025574 0.749830
vt 0.026289 0.757878
vt 0.021525 0.758391
vt 0.025593 0.747378
vt 0.020451 0.747475
vt 0.024706 0.732108
vt 0.025411 0.737418
vt 0.020268 0.737843
vt 0.018309 0.783903
vt 0.017957 0.787908
vt 0.010492 0.789056
vt 0.010488 0.785301
vt 0.185139 0.702531
vt 0.185772 0.691293
vt 0.180167 0.701729
vt 0.180794 0.690718
vt 0.192182 0.712409
vt 0.184782 0.710525
vt 0.179795 0.709761
vt 0.179279 0.729312
vt 0.178978 0.740543
vt 0.203588 0.735943
vt 0.203017 0.745859
vt 0.192312 0.743398
vt 0.192678 0.732729
vt 0.179461 0.719563
vt 0.184191 0.741414
vt 0.184476 0.730328
vt 0.192559 0.722821
vt 0.203200 0.726031
vt 0.191120 0.751727
vt 0.183496 0.750823
vt 0.178458 0.750419
vt 0.184537 0.720531
vt 0.177826 0.757764
vt 0.201941 0.715177
vt 0.200991 0.752740
vt 0.197822 0.757297
vt 0.189352 0.757515
vt 0.182541 0.757683
vt 0.187934 0.763160
vt 0.181826 0.763355
vt 0.195268 0.762969
vt 0.177372 0.763424
vt 0.179563 0.715714
vt 0.184609 0.716601
vt 0.202793 0.721776
vt 0.192401 0.718742
vt 0.177098 0.768642
vt 0.194222 0.770449
vt 0.187265 0.769634
vt 0.181421 0.768981
vt 0.186636 0.776637
vt 0.180845 0.775406
vt 0.176700 0.774806
vt 0.193692 0.778209
vt 0.179768 0.784356
vt 0.176015 0.783734
vt 0.185250 0.785661
vt 0.192258 0.787399
vt 0.021571 0.783296
vt 0.021214 0.787308
vt 0.017386 0.792018
vt 0.010842 0.792313
vt 0.020540 0.791539
vt 0.024185 0.782806
vt 0.028161 0.786268
vt 0.028275 0.782321
vt 0.023887 0.786767
vt 0.023284 0.791014
vt 0.027888 0.790569
vt 0.027313 0.766816
vt 0.022996 0.767049
vt 0.023529 0.764734
vt 0.027597 0.764504
vt 0.027621 0.763680
vt 0.023596 0.763883
vt 0.019386 0.760608
vt 0.020896 0.764129
vt 0.017345 0.764496
vt 0.015977 0.760936
vt 0.022155 0.760425
vt 0.026725 0.759906
vt 0.007879 0.761925
vt 0.008544 0.765616
vt 0.015324 0.758900
vt 0.007442 0.759756
vt 0.008694 0.766573
vt 0.017340 0.765420
vt 0.017016 0.767749
vt 0.009079 0.768934
vt 0.018713 0.758591
vt 0.020842 0.765032
vt 0.020308 0.767319
vt 0.017447 0.745520
vt 0.013411 0.745564
vt 0.013795 0.742905
vt 0.018161 0.742857
vt 0.020740 0.745507
vt 0.021494 0.742755
vt 0.026293 0.741640
vt 0.021623 0.741766
vt 0.013837 0.741921
vt 0.013157 0.739802
vt 0.017483 0.739605
vt 0.018269 0.741841
vt 0.020885 0.739509
vt 0.025831 0.739232
vt 0.004490 0.747848
vt 0.003925 0.745777
vt 0.013404 0.747586
vt 0.003285 0.743165
vt 0.003113 0.742238
vt 0.017254 0.747518
vt 0.002824 0.740360
vt 0.006816 0.756934
vt 0.006059 0.753746
vt 0.014150 0.753221
vt 0.014714 0.756228
vt 0.005242 0.750595
vt 0.013680 0.750225
vt 0.017688 0.753039
vt 0.018146 0.755983
vt 0.017362 0.750106
vt 0.151558 0.692535
vt 0.103844 0.467246
vt 0.103532 0.470936
vt 0.100247 0.470742
vt 0.100465 0.467046
vt 0.104136 0.463283
vt 0.100700 0.463080
vt 0.101735 0.445564
vt 0.105008 0.445757
vt 0.349030 0.015701
vt 0.336481 0.021413
vt 0.335967 0.014257
vt 0.343467 0.010569
vt 0.097772 0.512616
vt 0.098359 0.502690
vt 0.104375 0.503046
vt 0.105008 0.513044
vt 0.099111 0.489966
vt 0.099437 0.484445
vt 0.103196 0.484667
vt 0.103521 0.490226
vt 0.335342 0.028317
vt 0.351084 0.032148
vt 0.357190 0.027505
vt 0.358712 0.020505
vt 0.361907 0.021903
vt 0.363196 0.025731
vt 0.102771 0.477152
vt 0.099878 0.476981
vt 0.102986 0.481186
vt 0.099642 0.480988
vt 0.103863 0.495495
vt 0.098802 0.495196
vt 0.332530 0.005505
vt 0.338356 0.001953
vt 0.354146 0.029614
vt 0.353535 0.018454
vt 0.339913 0.045679
vt 0.332530 0.038603
vt 0.097087 0.466846
vt 0.096962 0.470548
vt 0.097263 0.462876
vt 0.098463 0.445370
vt 0.537275 0.148893
vt 0.531712 0.154024
vt 0.524212 0.150337
vt 0.524726 0.143181
vt 0.090537 0.512189
vt 0.092342 0.502335
vt 0.094701 0.489705
vt 0.095679 0.484222
vt 0.523587 0.136277
vt 0.539330 0.132446
vt 0.545435 0.137088
vt 0.551441 0.138862
vt 0.550153 0.142691
vt 0.546958 0.144088
vt 0.096985 0.476810
vt 0.096297 0.480790
vt 0.093741 0.494897
vt 0.526601 0.162641
vt 0.520776 0.159088
vt 0.541780 0.146140
vt 0.542391 0.134980
vt 0.520776 0.125990
vt 0.528158 0.118914
vt 0.170477 0.065948
vt 0.162650 0.066473
vt 0.162650 0.060481
vt 0.170477 0.061006
vt 0.185003 0.031491
vt 0.179053 0.026926
vt 0.182862 0.020340
vt 0.189117 0.024350
vt 0.170559 0.066921
vt 0.162750 0.067651
vt 0.170766 0.067882
vt 0.162999 0.068811
vt 0.173066 0.052210
vt 0.172617 0.053108
vt 0.165225 0.050976
vt 0.165763 0.049906
vt 0.172264 0.054039
vt 0.164801 0.052091
vt 0.172264 0.072915
vt 0.164801 0.074863
vt 0.146115 0.564673
vt 0.145457 0.550865
vt 0.159234 0.550192
vt 0.159885 0.564001
vt 0.266004 0.880461
vt 0.266004 0.870292
vt 0.269668 0.871711
vt 0.269668 0.880097
vt 0.174143 0.531175
vt 0.173849 0.525304
vt 0.212098 0.523417
vt 0.212474 0.529317
vt 0.255913 0.857956
vt 0.254128 0.858684
vt 0.245295 0.858684
vt 0.245295 0.857956
vt 0.245295 0.930142
vt 0.245295 0.926938
vt 0.258011 0.926938
vt 0.259083 0.930142
vt 0.958568 0.427442
vt 0.948055 0.427442
vt 0.948055 0.407990
vt 0.958568 0.407990
vt 0.266004 0.918828
vt 0.269668 0.918415
vt 0.147922 0.602884
vt 0.161693 0.602219
vt 0.250167 0.547343
vt 0.250182 0.550892
vt 0.239579 0.550909
vt 0.239554 0.547364
vt 0.924564 0.229199
vt 0.927584 0.203115
vt 0.931485 0.204688
vt 0.929536 0.229177
vt 0.215725 0.599655
vt 0.177466 0.601461
vt 0.175660 0.563233
vt 0.213859 0.561486
vt 0.947771 0.345489
vt 0.958568 0.345489
vt 0.958568 0.361287
vt 0.947771 0.361287
vt 0.920223 0.195462
vt 0.922018 0.193710
vt 0.924287 0.271400
vt 0.924283 0.233160
vt 0.928331 0.233574
vt 0.928335 0.271772
vt 0.774567 0.662999
vt 0.774567 0.723111
vt 0.760110 0.723111
vt 0.760110 0.662362
vt 0.736250 0.665814
vt 0.733850 0.668102
vt 0.733850 0.629905
vt 0.736250 0.626028
vt 0.736250 0.723111
vt 0.733850 0.723111
vt 0.736250 0.731413
vt 0.727386 0.731413
vt 0.760110 0.731413
vt 0.774567 0.731413
vt 0.948055 0.399604
vt 0.958568 0.399604
vt 0.214422 0.557555
vt 0.213386 0.547600
vt 0.214097 0.547578
vt 0.947771 0.331701
vt 0.958568 0.331701
vt 0.164339 0.657253
vt 0.180117 0.656493
vt 0.180524 0.664936
vt 0.164745 0.665697
vt 0.958568 0.438061
vt 0.948055 0.438061
vt 0.175027 0.549428
vt 0.760110 0.747736
vt 0.760110 0.752147
vt 0.736250 0.752147
vt 0.736250 0.747736
vt 0.774567 0.747736
vt 0.774567 0.752147
vt 0.727386 0.747736
vt 0.150566 0.657917
vt 0.150973 0.666360
vt 0.191563 0.655942
vt 0.191974 0.664385
vt 0.165537 0.682125
vt 0.165751 0.686565
vt 0.151978 0.687229
vt 0.151764 0.682789
vt 0.567246 0.366503
vt 0.550431 0.367305
vt 0.552790 0.340474
vt 0.567246 0.340474
vt 0.567246 0.370638
vt 0.550038 0.371782
vt 0.567246 0.414057
vt 0.553458 0.414057
vt 0.550038 0.389059
vt 0.567246 0.389430
vt 0.181316 0.681365
vt 0.181530 0.685805
vt 0.892925 0.928064
vt 0.879747 0.929308
vt 0.879406 0.925815
vt 0.889988 0.925193
vt 0.900832 0.919050
vt 0.896947 0.917475
vt 0.878901 0.918047
vt 0.880273 0.856801
vt 0.889335 0.857845
vt 0.886685 0.860813
vt 0.879774 0.860275
vt 0.900762 0.870325
vt 0.900933 0.880720
vt 0.896977 0.880744
vt 0.896957 0.872078
vt 0.192773 0.680813
vt 0.158350 0.531922
vt 0.158061 0.526057
vt 0.144573 0.532591
vt 0.144285 0.526728
vt 0.239605 0.523208
vt 0.239519 0.528821
vt 0.217793 0.528961
vt 0.220299 0.522777
vt 0.174273 0.533784
vt 0.158478 0.534533
vt 0.174402 0.536391
vt 0.158606 0.537143
vt 0.174530 0.538999
vt 0.158733 0.539753
vt 0.174656 0.541606
vt 0.158859 0.542363
vt 0.174781 0.544213
vt 0.158984 0.544972
vt 0.174905 0.546820
vt 0.159109 0.547582
vt 0.216939 0.531300
vt 0.212634 0.531927
vt 0.216127 0.533975
vt 0.212787 0.534536
vt 0.215405 0.536855
vt 0.212931 0.537147
vt 0.214813 0.539798
vt 0.213063 0.539758
vt 0.214384 0.542657
vt 0.213183 0.542371
vt 0.214141 0.545293
vt 0.213291 0.544985
vt 0.239536 0.544715
vt 0.250155 0.544696
vt 0.239520 0.542066
vt 0.250144 0.542052
vt 0.239508 0.539418
vt 0.250136 0.539410
vt 0.239501 0.536769
vt 0.250131 0.536769
vt 0.239500 0.534120
vt 0.250131 0.534129
vt 0.239506 0.531471
vt 0.250135 0.531490
vt 0.250145 0.528849
vt 0.144701 0.535202
vt 0.144828 0.537813
vt 0.144955 0.540424
vt 0.145081 0.543034
vt 0.145207 0.545644
vt 0.145332 0.548254
vt 0.953975 0.730346
vt 0.953105 0.690904
vt 0.954269 0.692119
vt 0.954974 0.729694
vt 0.250182 0.523239
vt 0.952987 0.757719
vt 0.953720 0.738544
vt 0.954999 0.737768
vt 0.954640 0.756748
vt 0.957110 0.690860
vt 0.957975 0.730272
vt 0.956908 0.729659
vt 0.956064 0.692096
vt 0.952431 0.675714
vt 0.954223 0.676742
vt 0.958254 0.757907
vt 0.958159 0.768384
vt 0.956222 0.768279
vt 0.956643 0.756802
vt 0.952363 0.768277
vt 0.954381 0.768260
vt 0.956029 0.676754
vt 0.956986 0.737787
vt 0.954461 0.662162
vt 0.956151 0.662156
vt 0.958306 0.738613
vt 0.958319 0.662117
vt 0.957860 0.675844
vt 0.952363 0.662113
vt 0.878901 0.880474
vt 0.760110 0.620179
vt 0.774567 0.621258
vt 0.924292 0.326472
vt 0.928340 0.326781
vt 0.218389 0.654650
vt 0.212436 0.654936
vt 0.211167 0.628427
vt 0.921851 0.335825
vt 0.925695 0.336964
vt 0.172617 0.073846
vt 0.165225 0.075978
vt 0.173066 0.074744
vt 0.165764 0.077048
vt 0.162750 0.059303
vt 0.170559 0.060033
vt 0.162999 0.058143
vt 0.170766 0.059072
vt 0.185002 0.095461
vt 0.179053 0.100028
vt 0.212799 0.662536
vt 0.210851 0.627271
vt 0.210174 0.626289
vt 0.205534 0.622006
vt 0.190269 0.629426
vt 0.190472 0.628246
vt 0.191051 0.627203
vt 0.195256 0.622496
vt 0.196223 0.621809
vt 0.197361 0.621490
vt 0.203343 0.621204
vt 0.204506 0.621414
vt 0.920570 0.352903
vt 0.925119 0.353277
vt 0.542873 0.402330
vt 0.542873 0.390858
vt 0.543728 0.370118
vt 0.539141 0.368909
vt 0.539141 0.360046
vt 0.085223 0.740330
vt 0.086173 0.740108
vt 0.084398 0.740865
vt 0.097283 0.795997
vt 0.080006 0.796147
vt 0.080006 0.779318
vt 0.097283 0.778617
vt 0.091116 0.740108
vt 0.092066 0.740330
vt 0.092891 0.740865
vt 0.097283 0.746463
vt 0.080006 0.746463
vt 0.080741 0.744634
vt 0.096548 0.744634
vt 0.097068 0.745483
vt 0.097283 0.770375
vt 0.080006 0.770373
vt 0.080221 0.745483
vt 0.189467 0.103212
vt 0.183285 0.107346
vt 0.197794 0.009290
vt 0.192015 0.005865
vt 0.194489 0.001953
vt 0.200139 0.005220
vt 0.191518 0.121584
vt 0.197868 0.117793
vt 0.200139 0.121734
vt 0.193744 0.125432
vt 0.097283 0.800695
vt 0.080006 0.800695
vt 0.920223 0.357519
vt 0.924964 0.357686
vt 0.192988 0.685253
vt 0.727386 0.752147
vt 0.148167 0.981209
vt 0.145948 0.986732
vt 0.142298 0.985047
vt 0.145152 0.979835
vt 0.143528 0.976336
vt 0.141117 0.974440
vt 0.141750 0.973749
vt 0.144060 0.975559
vt 0.138955 0.972247
vt 0.139705 0.971685
vt 0.137232 0.969703
vt 0.138154 0.969369
vt 0.178407 0.969698
vt 0.176688 0.972274
vt 0.175917 0.971718
vt 0.177462 0.969369
vt 0.174562 0.974474
vt 0.173902 0.973800
vt 0.172171 0.976373
vt 0.171611 0.975614
vt 0.169568 0.977961
vt 0.169108 0.977137
vt 0.166793 0.979218
vt 0.166438 0.978343
vt 0.163887 0.980128
vt 0.163642 0.979216
vt 0.160892 0.980676
vt 0.160760 0.979741
vt 0.157853 0.980857
vt 0.157836 0.979912
vt 0.154815 0.980666
vt 0.154912 0.979726
vt 0.151821 0.980107
vt 0.152033 0.979187
vt 0.148916 0.979189
vt 0.149238 0.978302
vt 0.146139 0.977926
vt 0.146568 0.977086
vt 0.176038 0.976029
vt 0.179855 0.980650
vt 0.176714 0.983101
vt 0.173431 0.978116
vt 0.254608 0.936441
vt 0.254608 0.939140
vt 0.249886 0.939140
vt 0.249886 0.936441
vt 0.161177 0.982814
vt 0.161793 0.988742
vt 0.157767 0.988972
vt 0.157876 0.983013
vt 0.142317 0.978101
vt 0.138897 0.982935
vt 0.135809 0.980445
vt 0.139697 0.976019
vt 0.180470 0.970790
vt 0.185160 0.975070
vt 0.182663 0.977915
vt 0.178389 0.973587
vt 0.167586 0.981223
vt 0.169609 0.986830
vt 0.165761 0.988024
vt 0.164430 0.982215
vt 0.151323 0.982205
vt 0.149783 0.987959
vt 0.133081 0.977676
vt 0.137313 0.973580
vt 0.173280 0.985178
vt 0.170601 0.979852
vt 0.153744 0.988709
vt 0.154575 0.982809
vt 0.130678 0.974877
vt 0.135170 0.970720
vt 0.176216 0.010085
vt 0.175183 0.012578
vt 0.173275 0.014486
vt 0.170782 0.015519
vt 0.168084 0.015519
vt 0.165591 0.014486
vt 0.163683 0.012578
vt 0.162650 0.010085
vt 0.162650 0.007387
vt 0.163683 0.004894
vt 0.165591 0.002986
vt 0.168084 0.001953
vt 0.170782 0.001953
vt 0.173275 0.002986
vt 0.175183 0.004894
vt 0.176216 0.007387
vt 0.254608 0.958028
vt 0.254608 0.960727
vt 0.249886 0.960727
vt 0.249886 0.958028
vt 0.254608 0.941838
vt 0.249886 0.941838
vt 0.254608 0.963425
vt 0.249886 0.963425
vt 0.254608 0.944536
vt 0.249886 0.944536
vt 0.254608 0.966123
vt 0.254608 0.968822
vt 0.249886 0.968822
vt 0.249886 0.966123
vt 0.254608 0.947235
vt 0.249886 0.947235
vt 0.254608 0.971520
vt 0.249886 0.971520
vt 0.254608 0.949933
vt 0.249886 0.949933
vt 0.254608 0.974218
vt 0.249886 0.974218
vt 0.254608 0.952631
vt 0.249886 0.952631
vt 0.254608 0.976917
vt 0.249886 0.976917
vt 0.254608 0.955330
vt 0.249886 0.955330
vt 0.254608 0.933743
vt 0.249886 0.933743
vt 0.606602 0.581577
vt 0.604863 0.580950
vt 0.605964 0.578355
vt 0.607620 0.579177
vt 0.605865 0.584078
vt 0.604066 0.583653
vt 0.608901 0.601592
vt 0.607344 0.602590
vt 0.605955 0.600137
vt 0.607616 0.599323
vt 0.604856 0.597541
vt 0.606599 0.596922
vt 0.380935 0.033457
vt 0.379158 0.035235
vt 0.376836 0.036197
vt 0.374323 0.036197
vt 0.372000 0.035235
vt 0.370223 0.033457
vt 0.369261 0.031135
vt 0.369261 0.028622
vt 0.370223 0.026300
vt 0.372000 0.024522
vt 0.374322 0.023560
vt 0.376836 0.023560
vt 0.379158 0.024522
vt 0.380935 0.026300
vt 0.381897 0.028622
vt 0.381897 0.031135
vt 0.608906 0.576909
vt 0.607355 0.575903
vt 0.609015 0.573629
vt 0.610442 0.574801
vt 0.604061 0.594836
vt 0.605863 0.594421
vt 0.610920 0.571567
vt 0.612208 0.572872
vt 0.603580 0.592059
vt 0.605418 0.591852
vt 0.612962 0.569740
vt 0.614214 0.571110
vt 0.603420 0.589245
vt 0.605269 0.589250
vt 0.614227 0.607342
vt 0.612984 0.608764
vt 0.610905 0.606936
vt 0.612209 0.605621
vt 0.603583 0.586431
vt 0.605419 0.586647
vt 0.609002 0.604867
vt 0.610437 0.603699
vt 0.608215 0.579467
vt 0.609463 0.577264
vt 0.610955 0.575217
vt 0.612667 0.573346
vt 0.614577 0.571679
vt 0.614577 0.606772
vt 0.612659 0.605142
vt 0.610945 0.603278
vt 0.609454 0.601231
vt 0.608207 0.599028
vt 0.607220 0.596697
vt 0.606506 0.594268
vt 0.606074 0.591774
vt 0.605930 0.589246
vt 0.606076 0.586719
vt 0.606510 0.584225
vt 0.607226 0.581797
vt 0.124713 0.818559
vt 0.121328 0.813639
vt 0.123989 0.813639
vt 0.127374 0.818559
vt 0.980532 0.129189
vt 0.970728 0.129189
vt 0.970728 0.125183
vt 0.980532 0.125183
vt 0.146515 0.851274
vt 0.140986 0.850687
vt 0.141002 0.850204
vt 0.146597 0.850798
vt 0.221753 0.505070
vt 0.217747 0.505070
vt 0.217747 0.485985
vt 0.221753 0.485985
vt 0.980532 0.159741
vt 0.970728 0.159741
vt 0.970728 0.155735
vt 0.980532 0.155735
vt 0.980532 0.117576
vt 0.970728 0.117575
vt 0.971912 0.115193
vt 0.979347 0.115193
vt 0.225532 0.490609
vt 0.225532 0.500446
vt 0.150238 0.852221
vt 0.150354 0.851749
vt 0.228791 0.978100
vt 0.201693 0.978100
vt 0.201693 0.972128
vt 0.228791 0.972128
vt 0.606081 0.617281
vt 0.606081 0.627119
vt 0.603420 0.627119
vt 0.603420 0.617281
vt 0.201693 0.956318
vt 0.228791 0.956318
vt 0.228791 0.962290
vt 0.201693 0.962290
vt 0.201693 0.952312
vt 0.228791 0.952312
vt 0.228791 0.982106
vt 0.201693 0.982106
vt 0.980532 0.193895
vt 0.970728 0.193895
vt 0.971912 0.191513
vt 0.979347 0.191513
vt 0.989714 0.474501
vt 0.979911 0.474501
vt 0.979911 0.468529
vt 0.989714 0.468529
vt 0.043275 0.446866
vt 0.046660 0.441945
vt 0.049321 0.441945
vt 0.045936 0.446866
vt 0.989714 0.441106
vt 0.979911 0.441106
vt 0.979911 0.435134
vt 0.989714 0.435134
vt 0.968797 0.742959
vt 0.972182 0.747879
vt 0.969522 0.747879
vt 0.966137 0.742959
vt 0.970728 0.586298
vt 0.980532 0.586298
vt 0.980532 0.592270
vt 0.970728 0.592270
vt 0.050527 0.268268
vt 0.050527 0.278105
vt 0.047867 0.278105
vt 0.047867 0.268268
vt 0.994306 0.641473
vt 0.984502 0.641473
vt 0.984502 0.635502
vt 0.994306 0.635502
vt 0.573941 0.101813
vt 0.577326 0.106733
vt 0.574665 0.106733
vt 0.571281 0.101813
vt 0.985123 0.574684
vt 0.975319 0.574684
vt 0.975319 0.568712
vt 0.985123 0.568712
vt 0.989714 0.308375
vt 0.979911 0.308375
vt 0.981095 0.305992
vt 0.988530 0.305992
vt 0.985123 0.541290
vt 0.975319 0.541290
vt 0.975319 0.535318
vt 0.985123 0.535318
vt 0.979911 0.281828
vt 0.989714 0.281828
vt 0.988530 0.284211
vt 0.981095 0.284211
vt 0.980532 0.507895
vt 0.970728 0.507895
vt 0.970728 0.501923
vt 0.980532 0.501923
vt 0.995139 0.724346
vt 0.991754 0.729266
vt 0.989093 0.729266
vt 0.992478 0.724346
vt 0.970728 0.486114
vt 0.980532 0.486114
vt 0.980532 0.492086
vt 0.970728 0.492086
vt 0.968797 0.733122
vt 0.966137 0.733122
vt 0.975319 0.519508
vt 0.985123 0.519508
vt 0.985123 0.525480
vt 0.975319 0.525480
vt 0.064301 0.851740
vt 0.067686 0.856660
vt 0.065025 0.856660
vt 0.061641 0.851740
vt 0.975319 0.552903
vt 0.985123 0.552903
vt 0.985123 0.558875
vt 0.975319 0.558875
vt 0.316826 0.400511
vt 0.320210 0.405431
vt 0.317550 0.405431
vt 0.314165 0.400511
vt 0.984502 0.619692
vt 0.994306 0.619692
vt 0.994306 0.625664
vt 0.984502 0.625664
vt 0.970728 0.167349
vt 0.980532 0.167349
vt 0.979347 0.169731
vt 0.971912 0.169731
vt 0.980532 0.608079
vt 0.970728 0.608079
vt 0.970728 0.602107
vt 0.980532 0.602107
vt 0.970728 0.091029
vt 0.980532 0.091029
vt 0.979347 0.093411
vt 0.971912 0.093411
vt 0.979911 0.419325
vt 0.989714 0.419325
vt 0.989714 0.425297
vt 0.979911 0.425297
vt 0.320210 0.385753
vt 0.316826 0.390674
vt 0.314165 0.390674
vt 0.317550 0.385753
vt 0.979911 0.452719
vt 0.989714 0.452719
vt 0.989714 0.458691
vt 0.979911 0.458691
vt 0.979911 0.354142
vt 0.989714 0.354142
vt 0.989714 0.358148
vt 0.979911 0.358148
vt 0.970728 0.482108
vt 0.980532 0.482108
vt 0.979911 0.201502
vt 0.989714 0.201502
vt 0.989714 0.205508
vt 0.979911 0.205508
vt 0.975319 0.515502
vt 0.985123 0.515502
vt 0.979911 0.239662
vt 0.989714 0.239662
vt 0.989714 0.243668
vt 0.979911 0.243668
vt 0.975319 0.548897
vt 0.985123 0.548897
vt 0.970728 0.163343
vt 0.980532 0.163343
vt 0.984502 0.615686
vt 0.994306 0.615686
vt 0.989714 0.312381
vt 0.979911 0.312381
vt 0.980532 0.612085
vt 0.970728 0.612085
vt 0.980532 0.121582
vt 0.970728 0.121582
vt 0.979911 0.415319
vt 0.989714 0.415319
vt 0.979911 0.315982
vt 0.989714 0.315982
vt 0.989714 0.319988
vt 0.979911 0.319988
vt 0.979911 0.448713
vt 0.989714 0.448713
vt 0.979911 0.384695
vt 0.989714 0.384695
vt 0.989714 0.388701
vt 0.979911 0.388701
vt 0.980532 0.511901
vt 0.970728 0.511901
vt 0.979911 0.232055
vt 0.989714 0.232055
vt 0.989714 0.236061
vt 0.979911 0.236061
vt 0.985123 0.545296
vt 0.975319 0.545296
vt 0.979911 0.270215
vt 0.989714 0.270215
vt 0.989714 0.274221
vt 0.979911 0.274221
vt 0.985123 0.578690
vt 0.975319 0.578690
vt 0.980532 0.197901
vt 0.970728 0.197901
vt 0.994306 0.645480
vt 0.984502 0.645480
vt 0.979911 0.277822
vt 0.989714 0.277822
vt 0.970728 0.582292
vt 0.980532 0.582292
vt 0.970728 0.087023
vt 0.980532 0.087023
vt 0.989714 0.445112
vt 0.979911 0.445112
vt 0.979911 0.346535
vt 0.989714 0.346535
vt 0.989714 0.350541
vt 0.979911 0.350541
vt 0.989714 0.478507
vt 0.979911 0.478507
vt 0.067686 0.836982
vt 0.064301 0.841902
vt 0.061641 0.841902
vt 0.065025 0.836982
vt 0.991754 0.739103
vt 0.995139 0.744023
vt 0.992478 0.744023
vt 0.989093 0.739103
vt 0.988530 0.246051
vt 0.981095 0.246051
vt 0.981095 0.344152
vt 0.988530 0.344152
vt 0.577326 0.087056
vt 0.573941 0.091976
vt 0.571281 0.091976
vt 0.574665 0.087056
vt 0.046660 0.432108
vt 0.043275 0.427188
vt 0.045936 0.427188
vt 0.049321 0.432108
vt 0.988530 0.207891
vt 0.981095 0.207891
vt 0.979347 0.137543
vt 0.979347 0.147381
vt 0.971912 0.147381
vt 0.971912 0.137543
vt 0.979347 0.153353
vt 0.971912 0.153353
vt 0.988530 0.382312
vt 0.981095 0.382312
vt 0.981095 0.376340
vt 0.988530 0.376340
vt 0.971912 0.131571
vt 0.979347 0.131571
vt 0.981095 0.338180
vt 0.988530 0.338180
vt 0.979347 0.099383
vt 0.971912 0.099383
vt 0.988530 0.290183
vt 0.981095 0.290183
vt 0.971912 0.185541
vt 0.979347 0.185541
vt 0.988530 0.267832
vt 0.981095 0.267832
vt 0.981095 0.261860
vt 0.988530 0.261860
vt 0.988530 0.229673
vt 0.981095 0.229673
vt 0.981095 0.223701
vt 0.988530 0.223701
vt 0.981095 0.360531
vt 0.988530 0.360531
vt 0.988530 0.366503
vt 0.981095 0.366503
vt 0.988530 0.213863
vt 0.981095 0.213863
vt 0.988530 0.252023
vt 0.981095 0.252023
vt 0.979347 0.175703
vt 0.971912 0.175703
vt 0.981095 0.300020
vt 0.988530 0.300020
vt 0.971912 0.109221
vt 0.979347 0.109221
vt 0.981095 0.322371
vt 0.988530 0.322371
vt 0.988530 0.328343
vt 0.981095 0.328343
vt 0.579257 0.887576
vt 0.579257 0.877739
vt 0.581917 0.877739
vt 0.581917 0.887576
vt 0.043275 0.306304
vt 0.046660 0.301384
vt 0.049321 0.301384
vt 0.045936 0.306304
vt 0.991754 0.587212
vt 0.991754 0.597049
vt 0.989093 0.597049
vt 0.989093 0.587212
vt 0.972182 0.728201
vt 0.969522 0.728201
vt 0.556300 0.544240
vt 0.552915 0.539320
vt 0.555576 0.539320
vt 0.558961 0.544240
vt 0.294593 0.543802
vt 0.294593 0.533964
vt 0.297254 0.533964
vt 0.297254 0.543802
vt 0.150331 0.502222
vt 0.146946 0.507142
vt 0.144285 0.507142
vt 0.147670 0.502222
vt 0.146946 0.516979
vt 0.144285 0.516979
vt 0.291208 0.529044
vt 0.293869 0.529044
vt 0.556300 0.554078
vt 0.558961 0.554078
vt 0.995139 0.582292
vt 0.992478 0.582292
vt 0.046660 0.291547
vt 0.049321 0.291547
vt 0.575872 0.872818
vt 0.578533 0.872818
vt 0.124713 0.828397
vt 0.127374 0.828397
vt 0.609466 0.612361
vt 0.606805 0.612361
vt 0.053912 0.283026
vt 0.051251 0.283026
vt 0.053912 0.263348
vt 0.051251 0.263348
vt 0.609466 0.632039
vt 0.606805 0.632039
vt 0.093780 0.551058
vt 0.097165 0.546137
vt 0.099826 0.546137
vt 0.096441 0.551058
vt 0.575872 0.892496
vt 0.578533 0.892496
vt 0.097165 0.536300
vt 0.093780 0.531380
vt 0.096441 0.531380
vt 0.099826 0.536300
vt 0.995139 0.601969
vt 0.992478 0.601969
vt 0.291208 0.548722
vt 0.293869 0.548722
vt 0.150331 0.521899
vt 0.147670 0.521899
vt 0.552915 0.558998
vt 0.555576 0.558998
vt 0.043275 0.286627
vt 0.045936 0.286627
vt 0.121328 0.833317
vt 0.123989 0.833317
vt 0.027241 0.972595
vt 0.027241 0.977452
vt 0.024910 0.977452
vt 0.024910 0.972595
vt 0.984244 0.048661
vt 0.984244 0.062043
vt 0.981240 0.062043
vt 0.970728 0.048661
vt 0.027241 0.988552
vt 0.024910 0.988552
vt 0.024910 0.944832
vt 0.027241 0.944832
vt 0.027241 0.947836
vt 0.024910 0.947836
vt 0.984244 0.040920
vt 0.970728 0.040920
vt 0.027241 0.964853
vt 0.024910 0.964853
vt 0.984244 0.036706
vt 0.973145 0.036706
vt 0.029572 0.972595
vt 0.029572 0.977452
vt 0.998018 0.071466
vt 0.984502 0.071466
vt 0.995014 0.058085
vt 0.998018 0.058085
vt 0.029572 0.988552
vt 0.029572 0.944832
vt 0.029572 0.947836
vt 0.998018 0.079208
vt 0.984502 0.079208
vt 0.029572 0.964853
vt 0.998018 0.083422
vt 0.986919 0.083422
vt 0.125237 0.862751
vt 0.131552 0.862031
vt 0.132042 0.871907
vt 0.126116 0.872319
vt 0.822703 0.955908
vt 0.826349 0.992254
vt 0.818488 0.993564
vt 0.818488 0.954018
vt 0.471604 0.063669
vt 0.470999 0.071654
vt 0.465209 0.067509
vt 0.465734 0.059593
vt 0.848098 0.993182
vt 0.848098 0.953637
vt 0.855959 0.954946
vt 0.852313 0.991292
vt 0.451905 0.070912
vt 0.466101 0.078572
vt 0.456263 0.078191
vt 0.126662 0.910720
vt 0.126531 0.900931
vt 0.132488 0.900818
vt 0.132652 0.912791
vt 0.147901 0.881731
vt 0.148061 0.890813
vt 0.142125 0.890840
vt 0.141985 0.881675
vt 0.469780 0.081583
vt 0.465929 0.083045
vt 0.126321 0.882059
vt 0.132256 0.881806
vt 0.126605 0.851909
vt 0.131920 0.850680
vt 0.456093 0.082667
vt 0.126429 0.891121
vt 0.132365 0.890974
vt 0.957257 0.797881
vt 0.952363 0.801934
vt 0.953587 0.795880
vt 0.957433 0.795138
vt 0.148406 0.862181
vt 0.142159 0.861578
vt 0.147861 0.871988
vt 0.141889 0.871701
vt 0.152071 0.890808
vt 0.151888 0.881798
vt 0.971408 0.803159
vt 0.967074 0.798512
vt 0.967250 0.795770
vt 0.970969 0.796998
vt 0.148236 0.900625
vt 0.148382 0.910413
vt 0.142455 0.912659
vt 0.142281 0.900684
vt 0.152354 0.862994
vt 0.151825 0.872243
vt 0.122428 0.891230
vt 0.122313 0.882244
vt 0.152244 0.900590
vt 0.152354 0.908066
vt 0.121328 0.863563
vt 0.123013 0.853077
vt 0.122113 0.872696
vt 0.122523 0.901009
vt 0.122623 0.908487
vt 0.989748 0.720744
vt 0.979911 0.720744
vt 0.979911 0.697560
vt 0.989748 0.697560
vt 0.452366 0.080915
vt 0.455356 0.089629
vt 0.452922 0.089371
vt 0.208564 0.487260
vt 0.208564 0.464076
vt 0.215023 0.466774
vt 0.215023 0.480427
vt 0.860461 0.963883
vt 0.857962 0.988795
vt 0.828353 0.958406
vt 0.830851 0.983318
vt 0.955490 0.785616
vt 0.956231 0.771984
vt 0.958674 0.772116
vt 0.957933 0.785749
vt 0.971408 0.772961
vt 0.970391 0.786576
vt 0.967951 0.786393
vt 0.968968 0.772779
vt 0.836484 0.964952
vt 0.837846 0.978536
vt 0.867456 0.968665
vt 0.866094 0.982249
vt 0.468643 0.089980
vt 0.466197 0.090041
vt 0.242571 0.385745
vt 0.242571 0.408929
vt 0.236112 0.402096
vt 0.236112 0.388443
vt 0.457964 0.067198
vt 0.458262 0.059218
vt 0.451905 0.062760
vt 0.131868 0.850201
vt 0.126486 0.851441
vt 0.122868 0.852615
vt 0.928878 0.512199
vt 0.928770 0.515494
vt 0.925148 0.515483
vt 0.925246 0.512173
vt 0.938155 0.532311
vt 0.931295 0.532145
vt 0.931283 0.531573
vt 0.938165 0.531690
vt 0.938378 0.512284
vt 0.938348 0.515629
vt 0.931443 0.515509
vt 0.931445 0.512194
vt 0.684843 0.979575
vt 0.694659 0.991168
vt 0.694042 0.991168
vt 0.683157 0.979401
vt 0.684389 0.976114
vt 0.682653 0.976114
vt 0.095971 0.894441
vt 0.105786 0.882847
vt 0.111444 0.882847
vt 0.111444 0.892849
vt 0.941652 0.483497
vt 0.938404 0.485720
vt 0.938440 0.469201
vt 0.941627 0.469070
vt 0.095516 0.897901
vt 0.111444 0.897901
vt 0.938465 0.467436
vt 0.941640 0.467333
vt 0.111444 0.904700
vt 0.095516 0.904700
vt 0.937953 0.538020
vt 0.931256 0.537776
vt 0.931419 0.485779
vt 0.938468 0.505375
vt 0.931497 0.505397
vt 0.683485 0.948925
vt 0.682653 0.947860
vt 0.682653 0.933207
vt 0.684389 0.933207
vt 0.095516 0.924212
vt 0.111444 0.924212
vt 0.111444 0.940809
vt 0.095516 0.940809
vt 0.941586 0.512409
vt 0.941702 0.507540
vt 0.928873 0.485746
vt 0.925239 0.485710
vt 0.925087 0.468901
vt 0.928743 0.469094
vt 0.941544 0.515748
vt 0.941356 0.531807
vt 0.941343 0.532436
vt 0.093780 0.924212
vt 0.093780 0.904700
vt 0.700317 0.947860
vt 0.700317 0.971261
vt 0.683485 0.970195
vt 0.928947 0.505391
vt 0.925321 0.505390
vt 0.682653 0.971261
vt 0.700317 0.976114
vt 0.941116 0.538180
vt 0.093780 0.940809
vt 0.700317 0.933207
vt 0.093780 0.897901
vt 0.938410 0.451457
vt 0.941588 0.451382
vt 0.094284 0.894614
vt 0.105169 0.882847
vt 0.700317 0.981167
vt 0.700317 0.991168
vt 0.931540 0.469174
vt 0.939449 0.486337
vt 0.941967 0.484804
vt 0.942002 0.506234
vt 0.939500 0.504725
vt 0.928333 0.537775
vt 0.924815 0.537847
vt 0.924840 0.532234
vt 0.928435 0.532102
vt 0.931650 0.451566
vt 0.931645 0.467618
vt 0.925083 0.467293
vt 0.928595 0.467610
vt 0.924815 0.451537
vt 0.928410 0.451570
vt 0.924846 0.531618
vt 0.928465 0.531545
vt 0.930904 0.505279
vt 0.930829 0.486150
vt 0.930894 0.469789
vt 0.929242 0.531813
vt 0.929177 0.537466
vt 0.929395 0.469766
vt 0.929468 0.486141
vt 0.930788 0.515254
vt 0.930845 0.511922
vt 0.929372 0.451868
vt 0.929498 0.467624
vt 0.929478 0.511924
vt 0.929430 0.515252
vt 0.930493 0.531831
vt 0.930436 0.537461
vt 0.930687 0.451867
vt 0.930733 0.467616
vt 0.929538 0.505276
vt 0.929176 0.531079
vt 0.930595 0.531100
vt 0.615359 0.811214
vt 0.605604 0.812353
vt 0.601741 0.797460
vt 0.611271 0.795178
vt 0.526830 0.085145
vt 0.525101 0.080368
vt 0.532554 0.076733
vt 0.533822 0.079071
vt 0.509392 0.028837
vt 0.516529 0.030343
vt 0.527735 0.065413
vt 0.521228 0.068600
vt 0.518909 0.092629
vt 0.518219 0.084388
vt 0.602159 0.821865
vt 0.606144 0.821625
vt 0.606234 0.824380
vt 0.602236 0.824497
vt 0.618774 0.871198
vt 0.607319 0.864714
vt 0.606617 0.836879
vt 0.617356 0.834661
vt 0.238292 0.740648
vt 0.238257 0.722118
vt 0.240199 0.722115
vt 0.240234 0.740645
vt 0.598418 0.881995
vt 0.600418 0.863814
vt 0.605313 0.883593
vt 0.539187 0.086216
vt 0.522037 0.109405
vt 0.505686 0.019957
vt 0.512860 0.018198
vt 0.616880 0.822509
vt 0.616670 0.819894
vt 0.516656 0.111088
vt 0.502841 0.012105
vt 0.521775 0.005240
vt 0.499935 0.032597
vt 0.482112 0.027528
vt 0.759129 0.306307
vt 0.750891 0.303450
vt 0.723468 0.207159
vt 0.728791 0.200199
vt 0.601570 0.812957
vt 0.602039 0.836686
vt 0.594689 0.757588
vt 0.594237 0.751317
vt 0.598259 0.751032
vt 0.598686 0.757278
vt 0.542240 0.118976
vt 0.554771 0.092510
vt 0.596022 0.790263
vt 0.595746 0.780977
vt 0.599802 0.780962
vt 0.599949 0.789759
vt 0.597812 0.798310
vt 0.572515 0.123103
vt 0.576338 0.128311
vt 0.573620 0.134048
vt 0.568599 0.131463
vt 0.607532 0.748860
vt 0.607931 0.755311
vt 0.479991 0.021420
vt 0.608890 0.778904
vt 0.609052 0.787086
vt 0.514972 0.072305
vt 0.784242 0.032527
vt 0.778768 0.031365
vt 0.784237 0.008475
vt 0.789572 0.009956
vt 0.619330 0.883688
vt 0.778745 0.056667
vt 0.769913 0.093914
vt 0.764391 0.093209
vt 0.773209 0.055653
vt 0.752824 0.321401
vt 0.761218 0.307032
vt 0.754985 0.322236
vt 0.722543 0.333560
vt 0.723119 0.335101
vt 0.238208 0.696405
vt 0.238189 0.680395
vt 0.240131 0.680390
vt 0.240150 0.696407
vt 0.769660 0.109711
vt 0.764117 0.110251
vt 0.728392 0.185692
vt 0.729694 0.177527
vt 0.736845 0.159304
vt 0.730142 0.198435
vt 0.562359 0.095445
vt 0.549571 0.122449
vt 0.786815 0.059579
vt 0.792150 0.035311
vt 0.797350 0.012261
vt 0.778427 0.093126
vt 0.778197 0.110371
vt 0.609788 0.895427
vt 0.608136 0.898825
vt 0.602264 0.899708
vt 0.603168 0.896124
vt 0.594237 0.896829
vt 0.595408 0.893779
vt 0.789690 0.008637
vt 0.794315 0.006553
vt 0.784644 0.007044
vt 0.786561 0.001953
vt 0.238362 0.803895
vt 0.238469 0.857582
vt 0.227327 0.857590
vt 0.227290 0.803885
vt 0.501792 0.142465
vt 0.495925 0.141145
vt 0.559464 0.150799
vt 0.564544 0.153206
vt 0.561096 0.160484
vt 0.556022 0.158081
vt 0.713612 0.176020
vt 0.720265 0.160850
vt 0.725354 0.163333
vt 0.719009 0.177462
vt 0.722354 0.158949
vt 0.726469 0.160535
vt 0.734492 0.157408
vt 0.736534 0.153126
vt 0.738490 0.155634
vt 0.747754 0.156530
vt 0.747227 0.158572
vt 0.787770 0.263383
vt 0.787638 0.264583
vt 0.782309 0.265049
vt 0.782210 0.263757
vt 0.238358 0.795627
vt 0.240300 0.795627
vt 0.240304 0.803896
vt 0.617210 0.828556
vt 0.606430 0.830621
vt 0.602238 0.830582
vt 0.238344 0.783106
vt 0.238351 0.789336
vt 0.227279 0.789346
vt 0.227272 0.783121
vt 0.227286 0.795630
vt 0.523101 0.074528
vt 0.529933 0.071188
vt 0.516834 0.078250
vt 0.227220 0.740668
vt 0.722035 0.088900
vt 0.709021 0.089603
vt 0.709021 0.067702
vt 0.722035 0.067702
vt 0.722035 0.059647
vt 0.709021 0.059647
vt 0.722035 0.095248
vt 0.709021 0.095455
vt 0.563628 0.103388
vt 0.553270 0.124201
vt 0.713049 0.098370
vt 0.709021 0.098370
vt 0.901858 0.208963
vt 0.901858 0.196919
vt 0.914872 0.196919
vt 0.914872 0.208963
vt 0.788502 0.221986
vt 0.796905 0.221594
vt 0.796312 0.264021
vt 0.782917 0.222520
vt 0.794418 0.264911
vt 0.722460 0.149711
vt 0.724468 0.150026
vt 0.145646 0.261304
vt 0.144656 0.264561
vt 0.139694 0.264378
vt 0.139878 0.260962
vt 0.238016 0.580615
vt 0.238130 0.577152
vt 0.240368 0.578742
vt 0.239958 0.580620
vt 0.939059 0.913145
vt 0.939627 0.906100
vt 0.941900 0.906282
vt 0.941333 0.913321
vt 0.930385 0.912433
vt 0.935109 0.928082
vt 0.929406 0.924170
vt 0.930955 0.905395
vt 0.932684 0.899545
vt 0.940108 0.900148
vt 0.942380 0.900332
vt 0.729830 0.151222
vt 0.940204 0.928463
vt 0.796249 0.375439
vt 0.797350 0.409666
vt 0.790639 0.407666
vt 0.789716 0.375866
vt 0.737945 0.147188
vt 0.749644 0.151162
vt 0.731124 0.146015
vt 0.742180 0.042907
vt 0.736755 0.042522
vt 0.737430 0.002004
vt 0.742869 0.004800
vt 0.794231 0.270362
vt 0.787769 0.270121
vt 0.782766 0.271044
vt 0.609270 0.770468
vt 0.599981 0.772452
vt 0.555660 0.125333
vt 0.562170 0.111864
vt 0.595913 0.772592
vt 0.580463 0.134745
vt 0.586078 0.134745
vt 0.586078 0.147759
vt 0.580463 0.147759
vt 0.709021 0.013998
vt 0.709021 0.001953
vt 0.722035 0.001953
vt 0.722035 0.013998
vt 0.541552 0.201739
vt 0.542390 0.213754
vt 0.537316 0.211350
vt 0.536478 0.199335
vt 0.227116 0.680423
vt 0.226944 0.580660
vt 0.901858 0.305107
vt 0.914872 0.305107
vt 0.914872 0.313219
vt 0.901858 0.313219
vt 0.914872 0.335574
vt 0.901858 0.335574
vt 0.901858 0.284052
vt 0.914872 0.284052
vt 0.914872 0.298369
vt 0.901858 0.298369
vt 0.901858 0.254613
vt 0.914872 0.254613
vt 0.914872 0.262667
vt 0.901858 0.262667
vt 0.901858 0.301013
vt 0.914872 0.301013
vt 0.914872 0.341212
vt 0.901858 0.341212
vt 0.914872 0.375932
vt 0.901858 0.375932
vt 0.901858 0.415601
vt 0.914872 0.415601
vt 0.914872 0.432005
vt 0.901858 0.432005
vt 0.784703 0.374129
vt 0.782799 0.271384
vt 0.785894 0.271009
vt 0.787839 0.374161
vt 0.785502 0.407800
vt 0.784597 0.375748
vt 0.723308 0.144897
vt 0.725781 0.145168
vt 0.749027 0.043399
vt 0.749647 0.006724
vt 0.761218 0.009118
vt 0.760885 0.043053
vt 0.733820 0.042333
vt 0.751093 0.045467
vt 0.740272 0.146730
vt 0.734136 0.001953
vt 0.792529 0.271467
vt 0.794417 0.373706
vt 0.760899 0.045524
vt 0.750043 0.148963
vt 0.724312 0.179748
vt 0.484809 0.178314
vt 0.479454 0.176885
vt 0.720269 0.327484
vt 0.744301 0.318108
vt 0.479454 0.019871
vt 0.502120 0.010113
vt 0.524036 0.001953
vt 0.721890 0.206079
vt 0.726612 0.187920
vt 0.151947 0.288121
vt 0.139694 0.301155
vt 0.146004 0.264939
vt 0.147276 0.265908
vt 0.148391 0.267387
vt 0.149209 0.269234
vt 0.149667 0.271263
vt 0.240369 0.896934
vt 0.238494 0.894145
vt 0.240341 0.857581
vt 0.226929 0.578814
vt 0.240286 0.783104
vt 0.240293 0.789334
vt 0.227185 0.722139
vt 0.227136 0.696399
vt 0.238747 0.559448
vt 0.227613 0.559059
vt 0.726933 0.185845
vt 0.726837 0.183802
vt 0.726329 0.181991
vt 0.725457 0.180594
vt 0.147037 0.261712
vt 0.148418 0.262686
vt 0.149674 0.264166
vt 0.150703 0.266041
vt 0.151425 0.268138
vt 0.154190 0.286511
vt 0.766078 0.205778
vt 0.759032 0.207236
vt 0.758364 0.204200
vt 0.765252 0.202651
vt 0.500964 0.076232
vt 0.500316 0.078522
vt 0.497387 0.077882
vt 0.497392 0.075375
vt 0.746275 0.202079
vt 0.744733 0.206014
vt 0.743043 0.206224
vt 0.744361 0.203162
vt 0.742009 0.206363
vt 0.743155 0.203973
vt 0.749651 0.197857
vt 0.751029 0.203364
vt 0.747928 0.204630
vt 0.748028 0.200693
vt 0.755590 0.195432
vt 0.757319 0.200856
vt 0.499990 0.080020
vt 0.497383 0.080069
vt 0.501578 0.070044
vt 0.501143 0.073655
vt 0.497398 0.072803
vt 0.497404 0.069482
vt 0.742613 0.210631
vt 0.741840 0.210791
vt 0.741747 0.209263
vt 0.742411 0.209136
vt 0.741975 0.208395
vt 0.742220 0.208760
vt 0.741733 0.209014
vt 0.741559 0.208562
vt 0.741161 0.208648
vt 0.748770 0.192210
vt 0.754072 0.190428
vt 0.742074 0.207588
vt 0.741359 0.207643
vt 0.742709 0.207653
vt 0.751547 0.206137
vt 0.752133 0.208663
vt 0.748808 0.209350
vt 0.748219 0.207077
vt 0.746064 0.209918
vt 0.745462 0.207914
vt 0.497377 0.083159
vt 0.500140 0.082922
vt 0.500024 0.084467
vt 0.497374 0.084586
vt 0.499792 0.085385
vt 0.497372 0.085697
vt 0.744083 0.210328
vt 0.743614 0.208629
vt 0.497414 0.064359
vt 0.501559 0.064219
vt 0.746344 0.183083
vt 0.751600 0.181903
vt 0.761718 0.193502
vt 0.763565 0.198638
vt 0.760164 0.188852
vt 0.765798 0.188302
vt 0.767362 0.192273
vt 0.757309 0.180511
vt 0.761306 0.179473
vt 0.497433 0.054810
vt 0.501639 0.054817
vt 0.769029 0.196828
vt 0.770222 0.199251
vt 0.764444 0.200794
vt 0.743196 0.208054
vt 0.745133 0.207101
vt 0.771468 0.201422
vt 0.757907 0.202692
vt 0.751295 0.204961
vt 0.747992 0.206070
vt 0.772585 0.204433
vt 0.741366 0.210889
vt 0.766560 0.208977
vt 0.759623 0.210287
vt 0.493817 0.076218
vt 0.494456 0.078510
vt 0.749367 0.217030
vt 0.747181 0.216795
vt 0.744756 0.214507
vt 0.746391 0.214029
vt 0.745752 0.216529
vt 0.743752 0.214790
vt 0.754141 0.219566
vt 0.751526 0.217607
vt 0.749872 0.214032
vt 0.753222 0.213964
vt 0.759990 0.213772
vt 0.760555 0.219437
vt 0.494776 0.080010
vt 0.493228 0.070027
vt 0.493648 0.073640
vt 0.743021 0.212085
vt 0.742361 0.212231
vt 0.742914 0.212938
vt 0.742466 0.212949
vt 0.742447 0.212466
vt 0.742994 0.212505
vt 0.742066 0.213028
vt 0.761146 0.224632
vt 0.755573 0.225100
vt 0.742647 0.213872
vt 0.743326 0.213639
vt 0.743882 0.213327
vt 0.752597 0.211214
vt 0.749169 0.211671
vt 0.746306 0.211996
vt 0.494725 0.084457
vt 0.494615 0.082911
vt 0.494953 0.085376
vt 0.744326 0.212072
vt 0.493270 0.064203
vt 0.762259 0.233438
vt 0.756966 0.234440
vt 0.766604 0.213330
vt 0.766946 0.218777
vt 0.772614 0.217666
vt 0.772754 0.221932
vt 0.767363 0.223662
vt 0.772132 0.231818
vt 0.768051 0.232451
vt 0.493228 0.054800
vt 0.766555 0.211003
vt 0.772471 0.210127
vt 0.772338 0.212824
vt 0.746327 0.212873
vt 0.744171 0.212766
vt 0.772754 0.207639
vt 0.759802 0.211853
vt 0.752832 0.212393
vt 0.749360 0.212686
s 1
usemtl MI_Guns_Batch2_Red
f 40/1/1 3/2/2 41/3/3 159/4/4
f 159/4/4 45/5/5 5/6/6 49/7/7
f 159/4/4 41/3/3 2/8/8 45/5/5
f 47/9/9 48/10/10 161/11/11 160/12/12
f 56/13/13 57/14/14 163/15/15 162/16/16
f 4/17/17 47/9/9 160/12/12 44/18/18
f 161/11/11 42/19/19 43/20/20 160/12/12
f 45/5/5 161/11/11 48/10/10 5/6/6
f 2/8/8 42/19/19 161/11/11 45/5/5
f 160/12/12 43/20/20 1/21/21 44/18/18
f 55/22/22 10/23/23 46/24/24 164/25/25
f 11/26/26 56/13/13 162/16/16 53/27/27
f 163/15/15 48/10/10 47/9/9 162/16/16
f 54/28/28 163/15/15 57/14/14 12/29/29
f 5/6/6 48/10/10 163/15/15 54/28/28
f 162/16/16 47/9/9 4/17/17 53/27/27
f 168/30/30 57/14/14 56/13/13 167/31/31
f 46/24/24 6/32/32 49/7/7 164/25/25
f 12/29/29 55/22/22 164/25/25 54/28/28
f 164/25/25 49/7/7 5/6/6 54/28/28
f 154/33/33 165/34/34 167/31/31 153/35/35
f 158/36/36 10/23/23 55/22/22 179/37/37
f 165/34/34 166/38/38 168/30/30 167/31/31
f 123/39/39 124/40/40 217/41/41 216/42/42
f 156/43/43 12/29/29 57/14/14 168/30/30
f 136/44/44 226/45/45 165/34/34 154/33/33
f 226/45/45 227/46/46 166/38/38 165/34/34
f 166/38/38 155/47/47 156/43/43 168/30/30
f 167/31/31 56/13/13 11/26/26 153/35/35
f 171/48/48 172/49/49 146/50/50 147/51/51
f 52/52/52 170/53/53 145/54/54 7/55/55
f 144/56/56 145/54/54 170/53/53 169/57/57
f 174/58/58 148/59/59 149/60/60 173/61/61
f 169/57/57 118/62/62 25/63/63 144/56/56
f 170/53/53 52/52/52 51/64/64 172/49/49
f 172/49/49 51/64/64 8/65/65 146/50/50
f 146/50/50 174/58/58 173/61/61 147/51/51
f 119/66/66 171/48/48 147/51/51 29/67/67
f 118/62/62 169/57/57 171/48/48 119/66/66
f 8/65/65 50/68/68 174/58/58 146/50/50
f 141/69/69 175/70/70 176/71/71 142/72/72
f 50/68/68 9/73/73 148/59/59 174/58/58
f 104/74/74 173/61/61 149/60/60 32/75/75
f 173/61/61 104/74/74 29/67/67 147/51/51
f 175/70/70 150/76/76 151/77/77 176/71/71
f 142/72/72 176/71/71 177/78/78 143/79/79
f 176/71/71 151/77/77 152/80/80 177/78/78
f 110/81/81 175/70/70 141/69/69 28/82/82
f 31/83/83 150/76/76 175/70/70 110/81/81
f 177/78/78 152/80/80 38/84/84 122/85/85
f 143/79/79 177/78/78 122/85/85 36/86/86
f 155/47/47 178/87/87 179/37/37 156/43/43
f 178/87/87 157/88/88 158/36/36 179/37/37
f 219/89/89 129/90/90 157/88/88 178/87/87
f 179/37/37 55/22/22 12/29/29 156/43/43
f 227/46/46 126/91/91 155/47/47 166/38/38
f 126/91/91 219/89/89 178/87/87 155/47/47
f 199/92/92 96/93/93 97/94/94 201/95/95
f 64/96/96 63/97/97 14/98/98 17/99/99
f 244/100/100 282/101/101 281/102/102 242/103/103
f 65/104/104 62/105/105 15/106/106 18/107/107
f 81/108/108 64/96/96 17/99/99 21/109/109
f 62/105/105 65/104/104 17/99/99 14/98/98
f 17/99/99 65/104/104 80/110/110 21/109/109
f 80/110/110 65/104/104 18/107/107 19/111/111
f 181/112/112 71/113/113 70/114/114 180/115/115
f 58/116/116 183/117/117 182/118/118 59/119/119
f 181/112/112 188/120/120 78/121/121 71/113/113
f 183/117/117 60/122/122 61/123/123 182/118/118
f 190/124/124 183/117/117 58/116/116 67/125/125
f 61/123/123 74/126/126 184/127/127 182/118/118
f 70/114/114 77/128/128 186/129/129 180/115/115
f 183/117/117 190/124/124 69/130/130 60/122/122
f 76/131/131 187/132/132 186/129/129 77/128/128
f 64/96/96 81/108/108 20/133/133 16/134/134
f 182/118/118 184/127/127 72/135/135 59/119/119
f 60/122/122 181/112/112 180/115/115 61/123/123
f 184/127/127 185/136/136 73/137/137 72/135/135
f 74/126/126 75/138/138 185/136/136 184/127/127
f 75/138/138 84/139/139 192/140/140 185/136/136
f 186/129/129 187/132/132 75/138/138 74/126/126
f 185/136/136 192/140/140 83/141/141 73/137/137
f 76/131/131 86/142/142 194/143/143 187/132/132
f 69/130/130 68/144/144 189/145/145 188/120/120
f 80/110/110 19/111/111 79/146/146 189/145/145
f 189/145/145 79/146/146 78/121/121 188/120/120
f 20/133/133 81/108/108 191/147/147 66/148/148
f 67/125/125 66/148/148 191/147/147 190/124/124
f 81/108/108 21/109/109 68/144/144 191/147/147
f 191/147/147 68/144/144 69/130/130 190/124/124
f 187/132/132 194/143/143 84/139/139 75/138/138
f 86/142/142 87/149/149 195/150/150 194/143/143
f 192/140/140 193/151/151 82/152/152 83/141/141
f 85/153/153 89/154/154 197/155/155 193/151/151
f 195/150/150 196/156/156 89/154/154 85/153/153
f 194/143/143 195/150/150 85/153/153 84/139/139
f 193/151/151 197/155/155 88/157/157 82/152/152
f 87/149/149 90/158/158 196/156/156 195/150/150
f 196/156/156 91/159/159 23/160/160 89/154/154
f 89/154/154 23/160/160 92/161/161 197/155/155
f 90/158/158 24/162/162 91/159/159 196/156/156
f 197/155/155 92/161/161 22/163/163 88/157/157
f 180/115/115 186/129/129 74/126/126 61/123/123
f 21/109/109 80/110/110 189/145/145 68/144/144
f 198/164/164 199/92/92 201/95/95 200/165/165
f 201/95/95 97/94/94 98/166/166 203/167/167
f 200/165/165 201/95/95 203/167/167 202/168/168
f 52/52/52 7/55/55 96/93/93 199/92/92
f 8/65/65 51/64/64 198/164/164 95/169/169
f 51/64/64 52/52/52 199/92/92 198/164/164
f 101/170/170 204/171/171 205/172/172 100/173/173
f 94/174/174 200/165/165 202/168/168 93/175/175
f 95/169/169 198/164/164 200/165/165 94/174/174
f 204/171/171 95/169/169 94/174/174 205/172/172
f 100/173/173 205/172/172 206/176/176 99/177/177
f 205/172/172 94/174/174 93/175/175 206/176/176
f 50/68/68 204/171/171 101/170/170 9/73/73
f 8/65/65 95/169/169 204/171/171 50/68/68
f 207/178/178 208/179/179 102/180/180 103/181/181
f 29/67/67 104/74/74 207/178/178 103/181/181
f 104/74/74 32/75/75 105/182/182 207/178/178
f 208/179/179 106/183/183 33/184/184 107/185/185
f 105/182/182 106/183/183 208/179/179 207/178/178
f 102/180/180 208/179/179 107/185/185 30/186/186
f 210/187/187 211/188/188 114/189/189 115/190/190
f 108/191/191 30/186/186 107/185/185 209/192/192
f 209/192/192 109/193/193 31/83/83 110/81/81
f 113/194/194 27/195/195 114/189/189 211/188/188
f 108/191/191 209/192/192 110/81/81 28/82/82
f 108/191/191 210/187/187 115/190/190 30/186/186
f 112/196/196 26/197/197 113/194/194 211/188/188
f 116/198/198 117/199/199 215/200/200 213/201/201
f 28/82/82 111/202/202 210/187/187 108/191/191
f 111/202/202 112/196/196 211/188/188 210/187/187
f 169/57/57 170/53/53 172/49/49 171/48/48
f 213/201/201 215/200/200 214/203/203 212/204/204
f 27/195/195 116/198/198 213/201/201 114/189/189
f 30/186/186 115/190/190 212/204/204 102/180/180
f 115/190/190 114/189/189 213/201/201 212/204/204
f 215/200/200 117/199/199 25/63/63 118/62/62
f 102/180/180 212/204/204 214/203/203 103/181/181
f 221/205/205 223/206/206 222/207/207 220/208/208
f 214/203/203 215/200/200 118/62/62 119/66/66
f 103/181/181 214/203/203 119/66/66 29/67/67
f 216/42/42 217/41/41 120/209/209 121/210/210
f 36/86/86 122/85/85 216/42/42 121/210/210
f 122/85/85 38/84/84 123/39/39 216/42/42
f 217/41/41 124/40/40 39/211/211 125/212/212
f 120/209/209 217/41/41 125/212/212 37/213/213
f 135/214/214 134/215/215 225/216/216 224/217/217
f 125/212/212 218/218/218 127/219/219 37/213/213
f 127/219/219 218/218/218 219/89/89 126/91/91
f 218/218/218 128/220/220 129/90/90 219/89/89
f 39/211/221 128/220/220 218/218/218 125/212/212
f 120/209/209 223/206/206 221/205/205 121/210/210
f 34/221/222 132/222/223 220/208/208 131/223/224
f 130/224/225 222/207/207 135/214/214 35/225/226
f 132/222/223 133/226/227 221/205/205 220/208/208
f 133/226/227 36/86/86 121/210/210 221/205/205
f 220/208/208 222/207/207 130/224/225 131/223/224
f 223/206/206 120/209/209 37/213/213 134/215/215
f 222/207/207 223/206/206 134/215/215 135/214/214
f 33/184/228 109/193/193 209/192/192 107/185/185
f 137/227/229 224/217/217 226/45/45 136/44/44
f 127/219/219 225/216/216 134/215/215 37/213/213
f 224/217/217 225/216/216 227/46/46 226/45/45
f 135/214/214 224/217/217 137/227/229 35/225/226
f 225/216/216 127/219/219 126/91/91 227/46/46
f 140/228/230 228/229/231 230/230/232 139/231/233
f 139/231/233 230/230/232 232/232/234 138/233/235
f 228/229/231 229/234/236 231/235/237 230/230/232
f 112/196/196 228/229/231 140/228/230 26/197/197
f 230/230/232 231/235/237 233/236/238 232/232/234
f 138/233/235 232/232/234 132/222/223 34/221/222
f 112/196/196 111/202/202 229/234/236 228/229/231
f 111/202/202 28/82/82 141/69/69 229/234/236
f 229/234/236 141/69/69 142/72/72 231/235/237
f 231/235/237 142/72/72 143/79/79 233/236/238
f 233/236/238 143/79/79 36/86/86 133/226/227
f 232/232/234 233/236/238 133/226/227 132/222/223
f 84/139/139 85/153/153 193/151/151 192/140/140
f 188/120/120 181/112/112 60/122/122 69/130/130
f 49/7/7 6/32/32 40/1/1 159/4/4
f 40/1/1 351/237/239 260/238/240 3/2/2
f 351/237/239 267/239/241 237/240/242 264/241/243
f 351/237/239 264/241/243 235/242/244 260/238/240
f 265/243/245 352/244/246 353/245/247 266/246/248
f 274/247/249 354/248/250 355/249/251 275/250/252
f 236/251/253 263/252/254 352/244/246 265/243/245
f 353/245/247 352/244/246 262/253/255 261/254/256
f 264/241/243 237/240/242 266/246/248 353/245/247
f 235/242/244 264/241/243 353/245/247 261/254/256
f 352/244/246 263/252/254 234/255/257 262/253/255
f 273/256/258 356/257/259 46/24/24 10/23/23
f 240/258/260 271/259/261 354/248/250 274/247/249
f 355/249/251 354/248/250 265/243/245 266/246/248
f 272/260/262 241/261/263 275/250/252 355/249/251
f 237/240/242 272/260/262 355/249/251 266/246/248
f 354/248/250 271/259/261 236/251/253 265/243/245
f 360/262/264 359/263/265 274/247/249 275/250/252
f 46/24/24 356/257/259 267/239/241 6/32/32
f 241/261/263 272/260/262 356/257/259 273/256/258
f 356/257/259 272/260/262 237/240/242 267/239/241
f 348/264/266 347/265/267 359/263/265 357/266/268
f 158/36/36 371/267/269 273/256/258 10/23/23
f 357/266/268 359/263/265 360/262/264 358/268/270
f 123/39/39 408/269/271 409/270/272 124/40/40
f 350/271/273 360/262/264 275/250/252 241/261/263
f 335/272/274 348/264/266 357/266/268 418/273/275
f 418/273/275 357/266/268 358/268/270 419/274/276
f 358/268/270 360/262/264 350/271/273 349/275/277
f 359/263/265 347/265/267 240/258/260 274/247/249
f 363/276/278 346/277/279 345/278/280 364/279/281
f 270/280/282 238/281/283 344/282/284 362/283/285
f 343/284/286 361/285/287 362/283/285 344/282/284
f 366/286/288 365/287/289 149/60/60 148/59/59
f 361/285/287 343/284/286 250/288/290 321/289/291
f 362/283/285 364/279/281 269/290/292 270/280/282
f 364/279/281 345/278/280 239/291/293 269/290/292
f 345/278/280 346/277/279 365/287/289 366/286/288
f 322/292/294 254/293/295 346/277/279 363/276/278
f 321/289/291 322/292/294 363/276/278 361/285/287
f 239/291/293 345/278/280 366/286/288 268/294/296
f 340/295/297 341/296/298 368/297/299 367/298/300
f 268/294/296 366/286/288 148/59/59 9/73/73
f 310/299/301 32/75/75 149/60/60 365/287/289
f 365/287/289 346/277/279 254/293/295 310/299/301
f 367/298/300 368/297/299 151/77/77 150/76/76
f 341/296/298 342/300/302 369/301/303 368/297/299
f 368/297/299 369/301/303 152/80/80 151/77/77
f 313/302/304 253/303/305 340/295/297 367/298/300
f 31/83/83 313/302/304 367/298/300 150/76/76
f 369/301/303 325/304/306 38/84/84 152/80/80
f 342/300/302 258/305/307 325/304/306 369/301/303
f 349/275/277 350/271/273 371/267/269 370/306/308
f 370/306/308 371/267/269 158/36/36 157/88/88
f 411/307/309 370/306/308 157/88/88 129/90/90
f 371/267/269 350/271/273 241/261/263 273/256/258
f 419/274/276 358/268/270 349/275/277 327/308/310
f 327/308/310 349/275/277 370/306/308 411/307/309
f 391/309/311 393/310/312 306/311/313 305/312/314
f 282/101/101 245/313/315 243/314/316 281/102/102
f 283/315/317 18/107/107 15/106/106 280/316/318
f 293/317/319 247/318/320 245/313/315 282/101/101
f 245/313/315 283/315/317 280/316/318 243/314/316
f 245/313/315 247/318/320 292/319/321 283/315/317
f 292/319/321 19/111/111 18/107/107 283/315/317
f 373/320/322 372/321/323 70/114/114 71/113/113
f 276/322/324 277/323/325 374/324/326 375/325/327
f 373/320/322 71/113/113 78/121/121 380/326/328
f 375/325/327 374/324/326 279/327/329 278/328/330
f 382/329/331 285/330/332 276/322/324 375/325/327
f 279/327/329 374/324/326 376/331/333 290/332/334
f 70/114/114 372/321/323 378/333/335 77/128/128
f 375/325/327 278/328/330 287/334/336 382/329/331
f 76/131/131 77/128/128 378/333/335 379/335/337
f 282/101/101 244/100/100 246/336/338 293/317/319
f 374/324/326 277/323/325 288/337/339 376/331/333
f 278/328/330 279/327/329 372/321/323 373/320/322
f 376/331/333 288/337/339 289/338/340 377/339/341
f 290/332/334 376/331/333 377/339/341 291/340/342
f 291/340/342 377/339/341 384/341/343 296/342/344
f 378/333/335 290/332/334 291/340/342 379/335/337
f 377/339/341 289/338/340 295/343/345 384/341/343
f 76/131/131 379/335/337 386/344/346 86/142/142
f 287/334/336 380/326/328 381/345/347 286/346/348
f 292/319/321 381/345/347 79/146/146 19/111/111
f 381/345/347 380/326/328 78/121/121 79/146/146
f 246/336/338 284/347/349 383/348/350 293/317/319
f 285/330/332 382/329/331 383/348/350 284/347/349
f 293/317/319 383/348/350 286/346/348 247/318/320
f 383/348/350 382/329/331 287/334/336 286/346/348
f 379/335/337 291/340/342 296/342/344 386/344/346
f 86/142/142 386/344/346 387/349/351 87/149/149
f 384/341/343 295/343/345 294/350/352 385/351/353
f 297/352/354 385/351/353 389/353/355 299/354/356
f 387/349/351 297/352/354 299/354/356 388/355/357
f 386/344/346 296/342/344 297/352/354 387/349/351
f 385/351/353 294/350/352 298/356/358 389/353/355
f 87/149/149 387/349/351 388/355/357 90/158/158
f 388/355/357 299/354/356 249/357/359 300/358/360
f 299/354/356 389/353/355 301/359/361 249/357/359
f 90/158/158 388/355/357 300/358/360 24/162/162
f 389/353/355 298/356/358 248/360/362 301/359/361
f 372/321/323 279/327/329 290/332/334 378/333/335
f 247/318/320 286/346/348 381/345/347 292/319/321
f 390/361/363 392/362/364 393/310/312 391/309/311
f 393/310/312 395/363/365 307/364/366 306/311/313
f 392/362/364 394/365/367 395/363/365 393/310/312
f 270/280/282 391/309/311 305/312/314 238/281/283
f 239/291/293 304/366/368 390/361/363 269/290/292
f 269/290/292 390/361/363 391/309/311 270/280/282
f 101/170/170 100/173/173 397/367/369 396/368/370
f 303/369/371 302/370/372 394/365/367 392/362/364
f 304/366/368 303/369/371 392/362/364 390/361/363
f 396/368/370 397/367/369 303/369/371 304/366/368
f 100/173/173 99/177/177 398/371/373 397/367/369
f 397/367/369 398/371/373 302/370/372 303/369/371
f 268/294/296 9/73/73 101/170/170 396/368/370
f 239/291/293 268/294/296 396/368/370 304/366/368
f 399/372/374 309/373/375 308/374/376 400/375/377
f 254/293/295 309/373/375 399/372/374 310/299/301
f 310/299/301 399/372/374 105/182/182 32/75/75
f 400/375/377 311/376/378 33/184/184 106/183/183
f 105/182/182 399/372/374 400/375/377 106/183/183
f 308/374/376 255/377/379 311/376/378 400/375/377
f 402/378/380 318/379/381 317/380/382 403/381/383
f 312/382/384 401/383/385 311/376/378 255/377/379
f 401/383/385 313/302/304 31/83/83 109/193/193
f 316/384/386 403/381/383 317/380/382 252/385/387
f 312/382/384 253/303/305 313/302/304 401/383/385
f 312/382/384 255/377/379 318/379/381 402/378/380
f 315/386/388 403/381/383 316/384/386 251/387/389
f 319/388/390 405/389/391 407/390/392 320/391/393
f 253/303/305 312/382/384 402/378/380 314/392/394
f 314/392/394 402/378/380 403/381/383 315/386/388
f 361/285/287 363/276/278 364/279/281 362/283/285
f 405/389/391 404/393/395 406/394/396 407/390/392
f 252/385/387 317/380/382 405/389/391 319/388/390
f 255/377/379 308/374/376 404/393/395 318/379/381
f 318/379/381 404/393/395 405/389/391 317/380/382
f 407/390/392 321/289/291 250/288/290 320/391/393
f 308/374/376 309/373/375 406/394/396 404/393/395
f 413/395/397 412/396/398 414/397/399 415/398/400
f 406/394/396 322/292/294 321/289/291 407/390/392
f 309/373/375 254/293/295 322/292/294 406/394/396
f 408/269/271 324/399/401 323/400/402 409/270/272
f 258/305/307 324/399/401 408/269/271 325/304/306
f 325/304/306 408/269/271 123/39/39 38/84/84
f 409/270/272 326/401/403 39/211/211 124/40/40
f 323/400/402 259/402/404 326/401/403 409/270/272
f 334/403/405 416/404/406 417/405/407 333/406/408
f 326/401/403 259/402/404 328/407/409 410/408/410
f 328/407/409 327/308/310 411/307/309 410/408/410
f 410/408/410 411/307/309 129/90/90 128/220/220
f 39/211/221 326/401/403 410/408/410 128/220/220
f 323/400/402 324/399/401 413/395/397 415/398/400
f 256/409/411 330/410/412 412/396/398 331/411/413
f 329/412/414 257/413/415 334/403/405 414/397/399
f 331/411/413 412/396/398 413/395/397 332/414/416
f 332/414/416 413/395/397 324/399/401 258/305/307
f 412/396/398 330/410/412 329/412/414 414/397/399
f 415/398/400 333/406/408 259/402/404 323/400/402
f 414/397/399 334/403/405 333/406/408 415/398/400
f 33/184/228 311/376/378 401/383/385 109/193/193
f 336/415/417 335/272/274 418/273/275 416/404/406
f 328/407/409 259/402/404 333/406/408 417/405/407
f 416/404/406 418/273/275 419/274/276 417/405/407
f 334/403/405 257/413/415 336/415/417 416/404/406
f 417/405/407 419/274/276 327/308/310 328/407/409
f 339/416/418 338/417/419 422/418/420 420/419/421
f 338/417/419 337/420/422 424/421/423 422/418/420
f 420/419/421 422/418/420 423/422/424 421/423/425
f 315/386/388 251/387/389 339/416/418 420/419/421
f 422/418/420 424/421/423 425/424/426 423/422/424
f 337/420/422 256/409/411 331/411/413 424/421/423
f 315/386/388 420/419/421 421/423/425 314/392/394
f 314/392/394 421/423/425 340/295/297 253/303/305
f 421/423/425 423/422/424 341/296/298 340/295/297
f 423/422/424 425/424/426 342/300/302 341/296/298
f 425/424/426 332/414/416 258/305/307 342/300/302
f 424/421/423 331/411/413 332/414/416 425/424/426
f 296/342/344 384/341/343 385/351/353 297/352/354
f 380/326/328 287/334/336 278/328/330 373/320/322
f 267/239/241 351/237/239 40/1/1 6/32/32
f 63/97/97 64/96/96 16/134/134 13/425/427
f 451/426/428 445/427/429 434/428/430 449/429/431
f 441/430/432 428/431/433 429/432/434 440/433/434
f 444/434/435 433/435/435 439/436/435 443/437/435
f 430/438/436 431/439/437 443/440/438 442/441/436
f 450/442/439 435/443/440 446/444/441 452/445/442
f 426/446/435 433/435/435 444/434/435 441/447/435
f 445/448/435 446/449/435 448/450/435 447/451/435
f 445/427/429 447/452/443 436/453/443 434/428/430
f 447/452/444 448/454/444 437/455/444 436/453/444
f 435/443/440 437/455/445 448/454/445 446/444/441
f 444/456/446 443/440/438 431/439/437 432/457/447
f 443/437/435 439/436/435 438/458/435 442/459/435
f 446/449/435 445/448/435 451/460/435 452/461/435
f 444/434/435 452/461/435 451/460/435 441/447/435
f 432/457/447 450/442/439 452/445/442 444/456/446
f 441/430/432 451/426/428 449/429/431 428/431/433
f 426/446/435 441/447/435 440/462/435 427/463/435
f 467/464/428 449/429/431 434/428/430 463/465/429
f 459/466/432 458/467/434 429/432/434 428/431/433
f 462/468/448 461/469/448 457/470/448 455/471/448
f 430/438/436 460/472/436 461/473/438 431/439/437
f 450/442/439 468/474/442 464/475/441 435/443/440
f 453/476/448 459/477/448 462/468/448 455/471/448
f 463/478/448 465/479/448 466/480/448 464/481/448
f 463/465/429 434/428/430 436/453/443 465/482/443
f 465/482/444 436/453/444 437/455/444 466/483/444
f 435/443/440 464/475/441 466/483/445 437/455/445
f 462/484/446 432/457/447 431/439/437 461/473/438
f 461/469/448 460/485/448 456/486/448 457/470/448
f 464/481/448 468/487/448 467/488/448 463/478/448
f 462/468/448 459/477/448 467/488/448 468/487/448
f 432/457/447 462/484/446 468/474/442 450/442/439
f 459/466/432 428/431/433 449/429/431 467/464/428
f 453/476/448 454/489/448 458/490/448 459/477/448
f 469/491/449 647/492/450 648/493/451 479/494/452
f 653/495/453 636/496/453 635/497/454 655/498/455
f 469/491/449 471/499/456 646/500/457 647/492/450
f 471/499/456 470/501/458 644/502/459 646/500/457
f 475/503/460 477/504/461 641/505/462 637/506/463
f 477/504/461 476/507/464 643/508/465 641/505/462
f 470/501/458 472/509/466 642/510/467 644/502/459
f 487/511/468 585/512/468 592/513/468 491/514/468
f 541/515/469 539/516/469 484/517/469 493/518/469
f 600/519/470 532/520/470 533/521/470 577/522/470
f 483/523/469 540/524/469 538/525/469 481/526/469
f 482/527/469 544/528/469 543/529/469 486/530/469
s 0
f 483/531/471 530/532/471 523/533/471 484/534/471
s 1
f 486/530/469 543/529/469 542/535/469 485/536/469
f 623/537/468 487/511/468 491/514/468 624/538/468
f 552/539/472 488/540/472 489/541/472 560/542/472
s 0
f 490/543/473 489/544/473 510/545/473 511/546/473
s 1
f 625/547/470 626/548/470 492/549/470 494/550/470
s 0
f 526/551/474 486/552/474 485/553/474 531/554/474
f 489/544/475 488/555/475 513/556/475 510/545/475
s 1
f 625/557/476 494/558/477 512/559/478 630/560/476
f 494/558/477 490/543/479 511/546/479 512/559/478
f 627/561/472 520/562/472 519/563/472 628/564/472
f 629/565/470 630/566/470 512/567/470 511/568/470
f 628/564/480 519/563/480 517/569/480 629/565/480
f 516/570/470 517/569/470 518/571/470 507/572/470
f 514/573/480 518/571/480 517/569/480 519/563/480
f 515/574/472 514/573/472 519/563/472 520/562/472
f 523/533/470 534/575/470 493/576/470 484/534/470
f 490/577/470 494/550/470 576/578/470 569/579/470
f 560/542/481 489/541/482 490/577/482 569/579/483
s 0
f 527/580/468 482/581/468 486/552/468 526/551/468
s 1
f 485/536/469 542/535/469 541/515/469 493/518/469
f 624/538/474 491/514/474 492/549/474 626/548/474
f 502/582/474 501/583/474 500/584/474 503/585/474
s 0
f 481/586/472 522/587/472 530/532/472 483/531/472
s 1
f 491/514/474 592/513/474 601/588/474 492/549/474
f 660/589/480 506/590/480 509/591/480 662/592/480
f 661/593/472 505/594/472 506/590/472 660/589/472
f 659/595/470 507/572/470 518/571/470 662/592/470
f 498/596/468 502/582/468 503/585/468 499/597/468
f 501/583/470 638/598/470 632/599/470 500/584/470
f 657/600/468 496/601/468 497/602/468 663/603/468
f 535/604/484 652/605/484 506/606/484 505/607/484
f 536/608/484 634/609/484 652/605/484 535/604/484
f 497/610/484 496/611/484 633/612/484 651/613/484
f 658/614/474 495/615/474 496/601/474 657/600/474
s 0
f 543/616/485 544/617/485 551/618/485 550/619/485
f 542/620/486 543/616/486 550/619/486 549/621/486
s 1
f 537/622/469 549/621/469 550/619/469 551/618/469
s 0
f 538/623/487 540/624/487 547/625/487 545/626/487
s 1
f 539/627/488 541/628/488 548/629/488 546/630/488
f 534/575/470 531/554/470 485/553/470 493/576/470
s 0
f 540/624/489 539/627/489 546/630/489 547/625/489
s 1
f 484/517/469 539/516/469 540/524/469 483/523/469
f 658/614/470 500/584/470 632/599/470 664/631/470
f 593/632/474 525/633/474 532/520/474 600/519/474
f 584/634/468 528/635/468 525/633/468 593/632/468
f 529/636/490 561/637/491 568/638/492 524/639/490
f 568/638/470 577/522/470 533/521/470 524/639/470
f 593/632/474 600/519/474 602/640/474 599/641/474
f 599/641/474 602/640/474 603/642/474 598/643/474
f 598/643/474 603/642/474 604/644/474 597/645/474
f 597/645/474 604/644/474 605/646/474 596/647/474
f 596/647/474 605/646/474 606/648/474 595/649/474
f 595/649/474 606/648/474 607/650/474 594/651/474
f 594/651/474 607/650/474 601/588/474 592/513/474
f 577/522/470 568/638/470 570/652/470 583/653/470
f 583/653/470 570/652/470 571/654/470 582/655/470
f 582/655/470 571/654/470 572/656/470 581/657/470
f 581/657/470 572/656/470 573/658/470 580/659/470
f 580/659/470 573/658/470 574/660/470 579/661/470
f 579/661/470 574/660/470 575/662/470 578/663/470
f 578/663/470 575/662/470 569/579/470 576/578/470
f 552/539/472 560/542/472 562/664/472 554/665/472
f 554/665/472 562/664/472 563/666/472 555/667/472
f 555/667/472 563/666/472 564/668/472 556/669/472
f 556/669/472 564/668/472 565/670/472 557/671/472
f 557/671/472 565/670/472 566/672/472 558/673/472
f 558/673/472 566/672/472 567/674/472 559/675/472
f 559/675/472 567/674/472 561/637/472 553/676/472
f 560/542/481 569/579/483 575/662/493 562/664/494
f 562/664/494 575/662/493 574/660/495 563/666/496
f 563/666/496 574/660/495 573/658/497 564/668/498
f 564/668/498 573/658/497 572/656/499 565/670/500
f 565/670/500 572/656/499 571/654/501 566/672/502
f 566/672/502 571/654/501 570/652/503 567/674/504
f 567/674/504 570/652/503 568/638/492 561/637/491
f 584/634/468 593/632/468 599/641/468 586/677/468
f 586/677/468 599/641/468 598/643/468 587/678/468
f 587/678/468 598/643/468 597/645/468 588/679/468
f 588/679/468 597/645/468 596/647/468 589/680/468
f 589/680/468 596/647/468 595/649/468 590/681/468
f 590/681/468 595/649/468 594/651/468 591/682/468
f 591/682/468 594/651/468 592/513/468 585/512/468
f 533/683/505 532/684/506 608/685/506 613/686/505
f 600/519/470 577/522/470 583/653/470 602/640/470
f 602/640/470 583/653/470 582/655/470 603/642/470
f 603/642/470 582/655/470 581/657/470 604/644/470
f 604/644/470 581/657/470 580/659/470 605/646/470
f 605/646/470 580/659/470 579/661/470 606/648/470
f 606/648/470 579/661/470 578/663/470 607/650/470
f 521/687/472 553/676/472 561/637/472 529/636/472
f 607/650/470 578/663/470 576/578/470 601/588/470
f 529/688/507 524/689/508 612/690/508 615/691/509
f 531/692/510 534/693/511 610/694/512 609/695/510
f 532/684/513 525/696/514 620/697/515 608/685/513
f 530/698/516 522/699/517 617/700/517 616/701/518
f 541/628/488 542/620/488 549/621/488 548/629/488
f 521/702/519 529/688/507 615/691/509 614/703/519
s 0
f 614/703/472 615/691/472 616/701/472 617/700/472
f 608/685/474 620/697/474 619/704/474 609/695/474
s 1
f 613/686/470 608/685/470 609/695/470 610/694/470
f 612/690/470 613/686/470 610/694/470 611/705/470
s 0
f 615/691/471 612/690/471 611/705/471 616/701/471
f 620/697/468 621/706/468 618/707/468 619/704/468
s 1
f 523/708/520 530/698/516 616/701/518 611/705/520
f 534/693/511 523/708/521 611/705/521 610/694/512
f 527/709/522 526/710/523 619/704/524 618/707/522
f 524/689/505 533/683/505 613/686/505 612/690/505
f 526/710/523 531/692/525 609/695/525 619/704/524
f 525/696/514 528/711/526 621/706/526 620/697/515
f 601/588/470 576/578/470 494/550/470 492/549/470
f 622/712/469 548/629/469 549/621/469 537/622/469
f 547/625/469 546/630/469 548/629/469 622/712/469 545/626/469
f 502/582/474 624/538/474 626/548/474 501/583/474
f 510/713/480 628/564/480 629/565/480 511/568/480
f 517/569/470 516/570/470 630/566/470 629/565/470
f 513/714/472 627/561/472 628/564/472 510/713/472
f 504/715/476 625/557/476 630/560/476 516/716/476
f 504/717/470 636/718/470 637/719/470 625/547/470
f 498/596/468 623/537/468 624/538/468 502/582/468
s 0
f 635/720/527 504/715/527 516/716/527 507/721/527
s 1
f 642/510/467 472/509/466 474/722/528 640/723/529
f 640/723/529 474/722/528 473/724/530 639/725/531
f 649/726/532 480/727/533 479/494/452 648/493/451
f 645/728/534 478/729/535 480/727/533 649/726/532
f 643/508/465 476/507/464 478/729/535 645/728/534
f 639/725/531 473/724/530 654/730/536 638/731/536
f 635/732/470 636/718/470 504/717/470
f 625/547/470 637/719/470 641/733/470
f 641/733/470 643/734/470 625/547/470
f 625/547/470 643/734/470 645/735/470
f 626/548/470 639/736/470 638/598/470 501/583/470
f 626/548/470 640/737/470 639/736/470
f 626/548/470 642/738/470 640/737/470
f 626/548/470 644/739/470 642/738/470
f 626/548/470 646/740/470 644/739/470
f 626/548/470 647/741/470 646/740/470
f 648/742/470 647/741/470 626/548/470 625/547/470
f 649/743/470 648/742/470 625/547/470
f 645/735/470 649/743/470 625/547/470
f 475/503/460 637/506/463 636/496/453 653/495/453
f 665/744/537 635/720/454 507/721/538 659/745/539
f 651/613/484 633/612/484 634/609/484 536/608/484
f 633/612/484 496/611/484 495/746/484 631/747/484
f 652/605/484 650/748/484 508/749/484
f 652/605/484 634/609/484 650/748/484
f 506/606/484 652/605/484 508/749/484 509/750/484
f 471/751/540 469/752/540 470/753/540
f 666/754/541 667/755/541 656/756/541 655/757/541
f 479/758/540 480/759/540 478/760/540
f 475/761/542 473/762/542 472/763/540 476/764/540
f 476/764/540 477/765/543 475/761/542
f 478/760/540 470/753/540 469/752/540 479/758/540
f 653/766/541 654/767/541 473/762/542 475/761/542
f 473/762/542 474/768/540 472/763/540
f 655/757/541 656/756/541 654/767/541 653/766/541
f 638/731/536 654/730/536 656/769/544 632/770/544
f 472/763/540 470/753/540 478/760/540 476/764/540
f 666/771/545 665/772/537 650/773/546 634/774/547
f 664/775/544 667/776/544 633/777/544 631/778/544
f 632/770/544 656/769/544 667/776/544 664/775/544
f 655/498/455 635/497/454 665/772/537 666/771/545
f 634/779/541 633/780/541 667/755/541 666/754/541
f 650/781/546 665/744/537 659/745/539 508/782/548
f 495/615/470 658/614/470 664/631/470 631/783/470
f 500/584/474 658/614/474 657/600/474 503/585/474
f 503/585/468 657/600/468 663/603/468 499/597/468
f 508/784/470 659/595/470 662/592/470 509/591/470
f 515/574/472 661/593/472 660/589/472 514/573/472
f 514/573/480 660/589/480 662/592/480 518/571/480
f 668/491/549 678/494/550 802/493/551 801/492/552
f 806/495/553 808/498/554 789/497/555 790/496/553
f 668/491/549 801/492/552 800/500/556 670/499/557
f 670/499/557 800/500/556 798/502/558 669/501/559
f 674/503/560 791/506/561 795/505/562 676/504/563
f 676/504/563 795/505/562 797/508/564 675/507/565
f 669/501/559 798/502/558 796/510/566 671/509/567
f 487/511/468 686/514/468 753/513/468 585/512/468
f 721/515/469 688/518/469 681/517/469 719/516/469
f 761/519/568 746/522/568 717/521/568 716/520/568
f 680/523/469 481/526/469 538/525/469 720/524/469
f 482/527/469 683/530/469 723/529/469 544/528/469
s 0
f 680/531/569 681/534/569 709/533/569 714/532/569
s 1
f 683/530/469 682/536/469 722/535/469 723/529/469
f 623/537/468 779/538/468 686/514/468 487/511/468
f 552/539/472 729/542/472 684/541/472 488/540/472
s 0
f 685/543/570 702/546/570 701/545/570 684/544/570
s 1
f 780/547/568 689/550/568 687/549/568 781/548/568
s 0
f 712/551/571 715/554/571 682/553/571 683/552/571
f 684/544/572 701/545/572 513/556/572 488/555/572
s 1
f 780/557/573 784/560/573 703/559/574 689/558/575
f 689/558/575 703/559/574 702/546/576 685/543/576
f 627/561/472 782/564/472 708/563/472 520/562/472
f 783/565/568 702/568/568 703/567/568 784/566/568
f 782/564/577 783/565/577 706/569/577 708/563/577
f 705/570/568 698/572/568 707/571/568 706/569/568
f 704/573/577 708/563/577 706/569/577 707/571/577
f 515/574/472 520/562/472 708/563/472 704/573/472
f 709/533/568 681/534/568 688/576/568 718/575/568
f 685/577/568 738/579/568 745/578/568 689/550/568
f 729/542/578 738/579/579 685/577/580 684/541/580
s 0
f 527/580/468 712/551/468 683/552/468 482/581/468
s 1
f 682/536/469 688/518/469 721/515/469 722/535/469
f 779/538/571 781/548/571 687/549/571 686/514/571
f 694/582/571 695/585/571 692/584/571 693/583/571
s 0
f 481/586/472 680/531/472 714/532/472 522/587/472
s 1
f 686/514/571 687/549/571 762/588/571 753/513/571
f 813/589/577 814/592/577 700/591/577 697/590/577
f 661/593/472 813/589/472 697/590/472 505/594/472
f 812/595/568 814/592/568 707/571/568 698/572/568
f 498/596/468 499/597/468 695/585/468 694/582/468
f 693/583/568 692/584/568 786/599/568 792/598/568
f 810/600/468 663/603/468 497/602/468 691/601/468
f 535/604/484 505/607/484 697/606/484 805/605/484
f 536/608/484 535/604/484 805/605/484 788/609/484
f 497/610/484 651/613/484 787/612/484 691/611/484
f 811/614/571 810/600/571 691/601/571 690/615/571
s 0
f 723/616/485 728/619/485 551/618/485 544/617/485
f 722/620/581 727/621/581 728/619/581 723/616/581
s 1
f 537/622/469 551/618/469 728/619/469 727/621/469
s 0
f 538/623/487 545/626/487 725/625/487 720/624/487
s 1
f 719/627/582 724/630/582 726/629/582 721/628/582
f 718/575/568 688/576/568 682/553/568 715/554/568
s 0
f 720/624/583 725/625/583 724/630/583 719/627/583
s 1
f 681/517/469 680/523/469 720/524/469 719/516/469
f 811/614/568 815/631/568 786/599/568 692/584/568
f 754/632/571 761/519/571 716/520/571 711/633/571
f 584/634/468 754/632/468 711/633/468 528/635/468
f 713/636/584 710/639/584 737/638/585 730/637/586
f 737/638/568 710/639/568 717/521/568 746/522/568
f 754/632/571 760/641/571 763/640/571 761/519/571
f 760/641/571 759/643/571 764/642/571 763/640/571
f 759/643/571 758/645/571 765/644/571 764/642/571
f 758/645/571 757/647/571 766/646/571 765/644/571
f 757/647/571 756/649/571 767/648/571 766/646/571
f 756/649/571 755/651/571 768/650/571 767/648/571
f 755/651/571 753/513/571 762/588/571 768/650/571
f 746/522/568 752/653/568 739/652/568 737/638/568
f 752/653/568 751/655/568 740/654/568 739/652/568
f 751/655/568 750/657/568 741/656/568 740/654/568
f 750/657/568 749/659/568 742/658/568 741/656/568
f 749/659/568 748/661/568 743/660/568 742/658/568
f 748/661/568 747/663/568 744/662/568 743/660/568
f 747/663/568 745/578/568 738/579/568 744/662/568
f 552/539/472 554/665/472 731/664/472 729/542/472
f 554/665/472 555/667/472 732/666/472 731/664/472
f 555/667/472 556/669/472 733/668/472 732/666/472
f 556/669/472 557/671/472 734/670/472 733/668/472
f 557/671/472 558/673/472 735/672/472 734/670/472
f 558/673/472 559/675/472 736/674/472 735/672/472
f 559/675/472 553/676/472 730/637/472 736/674/472
f 729/542/578 731/664/587 744/662/588 738/579/579
f 731/664/587 732/666/589 743/660/590 744/662/588
f 732/666/589 733/668/591 742/658/592 743/660/590
f 733/668/591 734/670/593 741/656/594 742/658/592
f 734/670/593 735/672/595 740/654/596 741/656/594
f 735/672/595 736/674/597 739/652/598 740/654/596
f 736/674/597 730/637/586 737/638/585 739/652/598
f 584/634/468 586/677/468 760/641/468 754/632/468
f 586/677/468 587/678/468 759/643/468 760/641/468
f 587/678/468 588/679/468 758/645/468 759/643/468
f 588/679/468 589/680/468 757/647/468 758/645/468
f 589/680/468 590/681/468 756/649/468 757/647/468
f 590/681/468 591/682/468 755/651/468 756/649/468
f 591/682/468 585/512/468 753/513/468 755/651/468
f 717/683/599 774/686/599 769/685/599 716/684/599
f 761/519/568 763/640/568 752/653/568 746/522/568
f 763/640/568 764/642/568 751/655/568 752/653/568
f 764/642/568 765/644/568 750/657/568 751/655/568
f 765/644/568 766/646/568 749/659/568 750/657/568
f 766/646/568 767/648/568 748/661/568 749/659/568
f 767/648/568 768/650/568 747/663/568 748/661/568
f 521/687/472 713/636/472 730/637/472 553/676/472
f 768/650/568 762/588/568 745/578/568 747/663/568
f 713/688/600 775/691/601 773/690/602 710/689/602
f 715/692/603 770/695/603 771/694/604 718/693/605
f 716/684/606 769/685/606 778/697/607 711/696/608
f 714/698/609 776/701/610 617/700/517 522/699/517
f 721/628/582 726/629/582 727/621/582 722/620/582
f 521/702/519 614/703/519 775/691/601 713/688/600
s 0
f 614/703/472 617/700/472 776/701/472 775/691/472
f 769/685/571 770/695/571 777/704/571 778/697/571
s 1
f 774/686/568 771/694/568 770/695/568 769/685/568
f 773/690/568 772/705/568 771/694/568 774/686/568
s 0
f 775/691/569 776/701/569 772/705/569 773/690/569
f 778/697/468 777/704/468 618/707/468 621/706/468
s 1
f 709/708/611 772/705/611 776/701/610 714/698/609
f 718/693/605 771/694/604 772/705/612 709/708/612
f 527/709/522 618/707/522 777/704/613 712/710/614
f 710/689/599 773/690/599 774/686/599 717/683/599
f 712/710/614 777/704/613 770/695/615 715/692/615
f 711/696/608 778/697/607 621/706/526 528/711/526
f 762/588/568 687/549/568 689/550/568 745/578/568
f 622/712/469 537/622/469 727/621/469 726/629/469
f 725/625/469 545/626/469 622/712/469 726/629/469 724/630/469
f 694/582/571 693/583/571 781/548/571 779/538/571
f 701/713/577 702/568/577 783/565/577 782/564/577
f 706/569/568 783/565/568 784/566/568 705/570/568
f 513/714/472 701/713/472 782/564/472 627/561/472
f 696/715/573 705/716/573 784/560/573 780/557/573
f 696/717/568 780/547/568 791/719/568 790/718/568
f 498/596/468 694/582/468 779/538/468 623/537/468
s 0
f 789/720/616 698/721/616 705/716/616 696/715/616
s 1
f 796/510/566 794/723/617 673/722/618 671/509/567
f 794/723/617 793/725/619 672/724/620 673/722/618
f 803/726/621 802/493/551 678/494/550 679/727/622
f 799/728/623 803/726/621 679/727/622 677/729/624
f 797/508/564 799/728/623 677/729/624 675/507/565
f 793/725/619 792/731/625 807/730/625 672/724/620
f 789/732/568 696/717/568 790/718/568
f 780/547/568 795/733/568 791/719/568
f 795/733/568 780/547/568 797/734/568
f 780/547/568 799/735/568 797/734/568
f 781/548/568 693/583/568 792/598/568 793/736/568
f 781/548/568 793/736/568 794/737/568
f 781/548/568 794/737/568 796/738/568
f 781/548/568 796/738/568 798/739/568
f 781/548/568 798/739/568 800/740/568
f 781/548/568 800/740/568 801/741/568
f 802/742/568 780/547/568 781/548/568 801/741/568
f 803/743/568 780/547/568 802/742/568
f 799/735/568 780/547/568 803/743/568
f 674/503/560 806/495/553 790/496/553 791/506/561
f 816/744/626 812/745/627 698/721/628 789/720/555
f 651/613/484 536/608/484 788/609/484 787/612/484
f 787/612/484 785/747/484 690/746/484 691/611/484
f 805/605/484 699/749/484 804/748/484
f 805/605/484 804/748/484 788/609/484
f 697/606/484 700/750/484 699/749/484 805/605/484
f 670/751/629 669/753/630 668/752/630
f 817/754/631 808/757/631 809/756/631 818/755/631
f 678/758/630 677/760/630 679/759/630
f 674/761/632 675/764/630 671/763/630 672/762/632
f 675/764/630 674/761/632 676/765/629
f 677/760/630 678/758/630 668/752/630 669/753/630
f 806/766/631 674/761/632 672/762/632 807/767/631
f 672/762/632 671/763/630 673/768/630
f 808/757/631 806/766/631 807/767/631 809/756/631
f 792/731/625 786/770/633 809/769/633 807/730/625
f 671/763/630 675/764/630 677/760/630 669/753/630
f 817/771/634 788/774/635 804/773/636 816/772/626
f 815/775/633 785/778/633 787/777/633 818/776/633
f 786/770/633 815/775/633 818/776/633 809/769/633
f 808/498/554 817/771/634 816/772/626 789/497/555
f 788/779/631 817/754/631 818/755/631 787/780/631
f 804/781/636 699/782/637 812/745/627 816/744/626
f 690/615/568 785/783/568 815/631/568 811/614/568
f 692/584/571 695/585/571 810/600/571 811/614/571
f 695/585/468 499/597/468 663/603/468 810/600/468
f 699/784/568 700/591/568 814/592/568 812/595/568
f 515/574/472 704/573/472 813/589/472 661/593/472
f 704/573/577 707/571/577 814/592/577 813/589/577
f 897/785/638 834/786/638 819/787/568 868/788/568
f 870/789/469 872/790/469 837/791/469 836/792/469
f 872/790/469 874/793/469 838/794/469 837/791/469
f 874/793/469 876/795/469 839/796/469 838/794/469
f 876/797/469 878/798/469 840/799/469 839/800/469
f 878/798/469 880/801/469 841/802/469 840/799/469
f 880/801/469 882/803/469 842/804/469 841/802/469
f 882/803/469 884/805/469 843/806/469 842/804/469
f 884/805/469 886/807/469 844/808/469 843/806/469
f 886/807/469 888/809/469 845/810/469 844/808/469
f 888/809/469 890/811/469 846/812/469 845/810/469
f 890/811/469 892/813/469 847/814/469 846/812/469
f 892/813/469 894/815/469 848/816/469 847/814/469
f 894/815/469 896/817/469 849/818/469 848/816/469
f 896/817/469 898/819/469 850/820/469 849/818/469
f 898/819/469 867/821/469 835/822/469 850/820/469
f 879/823/471 825/824/471 826/825/639 881/826/639
f 840/827/640 841/828/641 857/829/641 856/830/640
f 889/831/642 830/832/642 831/833/468 891/834/468
f 869/835/643 820/836/643 821/837/569 871/838/569
f 875/839/472 823/840/472 824/841/644 877/842/644
f 885/843/645 828/844/645 829/845/646 887/846/646
f 895/847/641 833/848/641 834/786/638 897/785/638
f 871/838/569 821/837/569 822/849/647 873/850/647
f 881/826/639 826/825/639 827/851/470 883/852/470
f 891/834/468 831/833/468 832/853/640 893/854/640
f 877/842/644 824/841/644 825/824/471 879/823/471
f 887/846/646 829/845/646 830/832/642 889/831/642
f 873/850/647 822/849/647 823/855/472 875/856/472
f 883/852/470 827/851/470 828/844/645 885/843/645
f 868/788/568 819/787/568 820/836/643 869/835/643
f 893/854/640 832/853/640 833/848/641 895/847/641
s 0
f 851/857/469 852/858/469 853/859/469 854/860/469 855/861/469 856/862/469 857/863/469 858/864/469 859/865/469 860/866/469 861/867/469 862/868/469 863/869/469 864/870/469 865/871/469 866/872/469
s 1
f 848/873/644 849/874/471 865/875/471 864/876/644
f 841/828/641 842/877/638 858/878/638 857/829/641
f 849/874/471 850/879/639 866/880/639 865/875/471
f 842/877/638 843/881/568 859/882/568 858/878/638
f 835/883/470 836/884/645 852/885/645 851/886/470
f 850/879/639 835/883/470 851/886/470 866/880/639
f 843/881/568 844/887/643 860/888/643 859/882/568
f 836/884/645 837/889/646 853/890/646 852/885/645
f 844/887/643 845/891/569 861/892/569 860/888/643
f 837/889/646 838/893/642 854/894/642 853/890/646
f 845/891/569 846/895/647 862/896/647 861/892/569
f 838/893/642 839/897/468 855/898/468 854/894/642
f 846/895/647 847/899/472 863/900/472 862/896/647
f 839/901/468 840/827/640 856/830/640 855/902/468
f 847/899/472 848/873/644 864/876/644 863/900/472
f 868/788/648 869/835/649 870/789/649 867/821/648
f 869/835/649 871/838/650 872/790/650 870/789/649
f 871/838/650 873/850/651 874/793/651 872/790/650
f 873/850/651 875/856/652 876/795/652 874/793/651
f 875/839/652 877/842/653 878/798/653 876/797/652
f 877/842/653 879/823/654 880/801/654 878/798/653
f 879/823/654 881/826/655 882/803/655 880/801/654
f 881/826/655 883/852/656 884/805/656 882/803/655
f 883/852/656 885/843/657 886/807/657 884/805/656
f 885/843/657 887/846/658 888/809/658 886/807/657
f 887/846/658 889/831/659 890/811/659 888/809/658
f 889/831/659 891/834/660 892/813/660 890/811/659
f 891/834/660 893/854/661 894/815/661 892/813/660
f 893/854/661 895/847/662 896/817/662 894/815/661
f 895/847/662 897/785/663 898/819/663 896/817/662
f 897/785/663 868/788/648 867/821/648 898/819/663
f 867/821/469 870/789/469 836/792/469 835/822/469
f 946/903/638 914/904/638 899/905/568 915/906/568
f 944/907/641 913/908/641 914/904/638 946/903/638
f 930/909/639 906/910/639 907/911/470 932/912/470
f 932/912/470 907/911/470 908/913/645 934/914/645
s 0
f 916/915/469 917/916/469 919/917/469 921/918/469 923/919/469 925/920/469 927/921/469 929/922/469 931/923/469 933/924/469 935/925/469 937/926/469 939/927/469 941/928/469 943/929/469 945/930/469
s 1
f 918/931/643 900/932/643 901/933/569 920/934/569
f 934/914/645 908/913/645 909/935/646 936/936/646
f 920/934/569 901/933/569 902/937/647 922/938/647
f 936/936/646 909/935/646 910/939/642 938/940/642
f 922/938/647 902/937/647 903/941/472 924/942/472
f 938/940/642 910/939/642 911/943/468 940/944/468
f 924/945/472 903/946/472 904/947/644 926/948/644
f 940/944/468 911/943/468 912/949/640 942/950/640
f 926/948/644 904/947/644 905/951/471 928/952/471
f 942/950/640 912/949/640 913/908/641 944/907/641
f 928/952/471 905/951/471 906/910/639 930/909/639
f 916/953/664 915/906/664 918/931/665 917/954/665
f 917/954/665 918/931/665 920/934/666 919/955/666
f 919/955/666 920/934/666 922/938/667 921/956/667
f 921/956/667 922/938/667 924/942/668 923/957/668
f 923/958/668 924/945/668 926/948/669 925/959/669
f 925/959/669 926/948/669 928/952/670 927/960/670
f 927/960/670 928/952/670 930/909/671 929/961/671
f 929/961/671 930/909/671 932/912/672 931/962/672
f 931/962/672 932/912/672 934/914/673 933/963/673
f 933/963/673 934/914/673 936/936/674 935/964/674
f 935/964/674 936/936/674 938/940/675 937/965/675
f 937/965/675 938/940/675 940/944/676 939/966/676
f 939/966/676 940/944/676 942/950/677 941/967/677
f 941/967/677 942/950/677 944/907/678 943/968/678
f 943/968/678 944/907/678 946/903/679 945/969/679
f 945/969/679 946/903/679 915/906/664 916/953/664
f 915/906/568 899/905/568 900/932/643 918/931/643
s 0
f 1012/970/680 998/971/680 1092/972/680 1105/973/680
s 1
f 993/974/568 952/975/568 953/976/568 1035/977/568
s 0
f 1141/978/681 1148/979/681 957/980/681 951/981/681
s 1
f 948/982/469 949/983/469 950/984/469 947/985/469
f 1021/986/470 954/987/470 951/988/470 978/989/470
f 974/990/470 975/991/470 1071/992/470 1070/993/470
f 948/982/469 947/985/469 955/994/469 956/995/469
f 1175/996/470 1141/978/470 951/981/470 954/997/470
s 0
f 960/998/682 948/999/682 956/1000/682 962/1001/682
f 1019/1002/683 980/1003/683 1075/1004/683 1112/1005/683
f 947/1006/681 959/1007/681 961/1008/681 955/1009/681
s 1
f 950/1010/470 963/1011/470 959/1007/470 947/1006/470
f 948/999/568 960/998/568 964/1012/568 949/1013/568
s 0
f 956/1000/468 955/1009/468 961/1008/468 962/1001/468
s 1
f 1000/1014/568 1001/1015/568 1095/1016/568 1094/1017/568
s 0
f 993/1018/682 994/1019/682 1008/1020/682 1007/1021/682
f 997/1022/684 1011/1023/684 1104/1024/684 1091/1025/684
f 995/1026/682 996/1027/682 1010/1028/682 1009/1029/682
f 958/1030/680 952/1031/680 1054/1032/680 1053/1033/680
f 997/1034/682 998/1035/682 1012/1036/682 1011/1037/682
f 979/1038/685 1020/1039/685 1057/1040/685 1074/1041/685
f 999/1042/682 1000/1043/682 1014/1044/682 1013/1045/682
f 1010/1046/680 996/1047/680 1090/1048/680 1103/1049/680
f 1001/1050/682 1002/1051/682 1016/1052/682 1015/1053/682
s 1
f 972/1054/470 973/1055/470 1069/1056/470 1068/1057/470
s 0
f 1003/1058/682 1004/1059/682 1018/1060/682 1017/1061/682
s 1
f 998/1062/568 999/1063/568 1093/1064/568 1092/1065/568
s 0
f 1005/1066/682 1006/1067/682 1020/1068/682 1019/1069/682
f 995/1070/684 1009/1071/684 1102/1072/684 1089/1073/684
f 965/1074/681 966/1075/681 980/1076/681 979/1077/681
f 957/1078/685 958/1030/685 1053/1033/685 1052/1079/685
f 967/1080/681 968/1081/681 982/1082/681 981/1083/681
f 1008/1084/680 994/1085/680 1088/1086/680 1101/1087/680
f 969/1088/681 970/1089/681 984/1090/681 983/1091/681
f 992/1092/686 978/1093/686 1049/1094/686 1051/1095/686
f 971/1096/681 972/1097/681 986/1098/681 985/1099/681
s 1
f 970/1100/470 971/1101/470 1067/1102/470 1066/1103/470
s 0
f 973/1104/681 974/1105/681 988/1106/681 987/1107/681
s 1
f 996/1108/568 997/1109/568 1091/1110/568 1090/1111/568
s 0
f 975/1112/681 976/1113/681 990/1114/681 989/1115/681
f 993/1116/684 1007/1117/684 1100/1118/684 1087/1119/684
f 977/1120/681 978/1121/681 992/1122/681 991/1123/681
s 1
f 963/1124/470 1034/1125/470 965/1126/470 959/1127/470
f 1034/1128/470 1033/1129/470 966/1075/470 965/1074/470
f 1033/1130/470 1032/1131/470 967/1132/470 966/1133/470
f 1032/1134/470 1031/1135/470 968/1081/470 967/1080/470
f 1031/1136/470 1030/1137/470 969/1138/470 968/1139/470
f 1030/1140/470 1029/1141/470 970/1089/470 969/1088/470
f 1029/1142/470 1028/1143/470 971/1101/470 970/1100/470
f 1028/1144/470 1027/1145/470 972/1097/470 971/1096/470
f 1027/1146/470 1026/1147/470 973/1055/470 972/1054/470
f 1026/1148/470 1025/1149/470 974/1105/470 973/1104/470
f 1025/1150/470 1024/1151/470 975/991/470 974/990/470
f 1024/1152/470 1023/1153/470 976/1113/470 975/1112/470
f 1023/1154/470 1022/1155/470 977/1156/470 976/1157/470
f 1022/1158/470 1021/1159/470 978/1121/470 977/1120/470
f 960/1160/568 1006/1161/568 1048/1162/568 964/1163/568
f 1006/1067/568 1005/1066/568 1047/1164/568 1048/1165/568
f 1005/1166/568 1004/1167/568 1046/1168/568 1047/1169/568
f 1004/1059/568 1003/1058/568 1045/1170/568 1046/1171/568
f 1003/1172/568 1002/1173/568 1044/1174/568 1045/1175/568
f 1002/1051/568 1001/1050/568 1043/1176/568 1044/1177/568
f 1001/1015/568 1000/1014/568 1042/1178/568 1043/1179/568
f 1000/1043/568 999/1042/568 1041/1180/568 1042/1181/568
f 999/1063/568 998/1062/568 1040/1182/568 1041/1183/568
f 998/1035/568 997/1034/568 1039/1184/568 1040/1185/568
f 997/1109/568 996/1108/568 1038/1186/568 1039/1187/568
f 996/1027/568 995/1026/568 1037/1188/568 1038/1189/568
f 995/1190/568 994/1191/568 1036/1192/568 1037/1193/568
f 994/1019/568 993/1018/568 1035/1194/568 1036/1195/568
s 0
f 977/1196/687 991/1197/687 1086/1198/687 1073/1199/687
f 1020/1068/468 979/1077/468 980/1076/468 1019/1069/468
f 990/1200/686 976/1201/686 1072/1202/686 1085/1203/686
f 1018/1060/468 981/1083/468 982/1082/468 1017/1061/468
s 1
f 968/1139/470 969/1138/470 1065/1204/470 1064/1205/470
s 0
f 1016/1052/468 983/1091/468 984/1090/468 1015/1053/468
s 1
f 994/1191/568 995/1190/568 1089/1206/568 1088/1207/568
s 0
f 1014/1044/468 985/1099/468 986/1098/468 1013/1045/468
f 975/1208/687 989/1209/687 1084/1210/687 1071/1211/687
f 1012/1036/468 987/1107/468 988/1106/468 1011/1037/468
f 988/1212/686 974/1213/686 1070/1214/686 1083/1215/686
f 1010/1028/468 989/1115/468 990/1114/468 1009/1029/468
s 1
f 966/1133/470 967/1132/470 1063/1216/470 1062/1217/470
s 0
f 1008/1020/468 991/1123/468 992/1122/468 1007/1021/468
f 1100/1218/468 1051/1219/468 1052/1220/468 1053/1221/468
f 1049/1222/681 1050/1223/681 1052/1220/681 1051/1219/681
f 1055/1224/682 1056/1225/682 1058/1226/682 1057/1227/682
f 1054/1228/682 1087/1229/682 1100/1218/682 1053/1221/682
f 1088/1207/682 1089/1206/682 1102/1230/682 1101/1231/682
f 1090/1111/682 1091/1110/682 1104/1232/682 1103/1233/682
f 1092/1065/682 1093/1064/682 1106/1234/682 1105/1235/682
f 1094/1017/682 1095/1016/682 1108/1236/682 1107/1237/682
f 1096/1238/682 1097/1239/682 1110/1240/682 1109/1241/682
f 1098/1242/682 1099/1243/682 1112/1244/682 1111/1245/682
f 1059/1246/681 1061/1247/681 1074/1248/681 1060/1249/681
f 1062/1217/681 1063/1216/681 1076/1250/681 1075/1251/681
f 1064/1205/681 1065/1204/681 1078/1252/681 1077/1253/681
f 1066/1103/681 1067/1102/681 1080/1254/681 1079/1255/681
f 1068/1057/681 1069/1056/681 1082/1256/681 1081/1257/681
f 1070/993/681 1071/992/681 1084/1258/681 1083/1259/681
f 1072/1260/681 1073/1261/681 1086/1262/681 1085/1263/681
f 1058/1226/468 1060/1249/468 1074/1248/468 1057/1227/468
f 1112/1244/468 1075/1251/468 1076/1250/468 1111/1245/468
f 1110/1240/468 1077/1253/468 1078/1252/468 1109/1241/468
f 1108/1236/468 1079/1255/468 1080/1254/468 1107/1237/468
f 1106/1234/468 1081/1257/468 1082/1256/468 1105/1235/468
f 1104/1232/468 1083/1259/468 1084/1258/468 1103/1233/468
f 1102/1230/468 1085/1263/468 1086/1262/468 1101/1231/468
f 981/1264/685 1018/1265/685 1111/1266/685 1076/1267/685
f 999/1268/684 1013/1269/684 1106/1270/684 1093/1271/684
s 1
f 1002/1173/568 1003/1172/568 1097/1239/568 1096/1238/568
s 0
f 1017/1272/683 982/1273/683 1077/1274/683 1110/1275/683
s 1
f 976/1157/470 977/1156/470 1073/1261/470 1072/1260/470
s 0
f 951/1276/687 957/1078/687 1052/1079/687 1050/1277/687
f 1014/1278/680 1000/1279/680 1094/1280/680 1107/1281/680
f 983/1282/685 1016/1283/685 1109/1284/685 1078/1285/685
f 1001/1286/684 1015/1287/684 1108/1288/684 1095/1289/684
s 1
f 1004/1167/568 1005/1166/568 1099/1243/568 1098/1242/568
s 0
f 1015/1287/683 984/1290/683 1079/1291/683 1108/1288/683
f 1016/1283/680 1002/1292/680 1096/1293/680 1109/1284/680
f 985/1294/685 1014/1278/685 1107/1281/685 1080/1295/685
f 1003/1296/684 1017/1272/684 1110/1275/684 1097/1297/684
f 1013/1269/683 986/1298/683 1081/1299/683 1106/1270/683
s 1
f 1006/1161/568 960/1160/568 1056/1225/568 1055/1224/568
s 0
f 1018/1265/680 1004/1300/680 1098/1301/680 1111/1266/680
f 987/1302/685 1012/970/685 1105/973/685 1082/1303/685
f 1005/1304/684 1019/1002/684 1112/1005/684 1099/1305/684
f 1011/1023/683 988/1212/683 1083/1215/683 1104/1024/683
f 1020/1039/680 1006/1306/680 1055/1307/680 1057/1040/680
f 989/1209/685 1010/1046/685 1103/1049/685 1084/1210/685
f 965/1308/687 979/1038/687 1074/1041/687 1061/1309/687
f 1009/1071/683 990/1200/683 1085/1203/683 1102/1072/683
f 980/1003/686 966/1310/686 1062/1311/686 1075/1004/686
f 991/1197/685 1008/1084/685 1101/1087/685 1086/1198/685
f 960/1312/684 962/1313/684 1058/1314/684 1056/1315/684
f 967/1316/687 981/1264/687 1076/1267/687 1063/1317/687
f 1007/1117/683 992/1092/683 1051/1095/683 1100/1118/683
f 961/1318/686 959/1319/686 1059/1320/686 1060/1321/686
f 982/1273/686 968/1322/686 1064/1323/686 1077/1274/686
f 969/1324/687 983/1282/687 1078/1285/687 1065/1325/687
f 984/1290/686 970/1326/686 1066/1327/686 1079/1291/686
f 962/1313/683 961/1318/683 1060/1321/683 1058/1314/683
f 971/1328/687 985/1294/687 1080/1295/687 1067/1329/687
s 1
f 959/1127/470 965/1126/470 1061/1247/470 1059/1246/470
f 978/989/470 951/988/470 1050/1223/470 1049/1222/470
s 0
f 986/1298/686 972/1330/686 1068/1331/686 1081/1299/686
f 973/1332/687 987/1302/687 1082/1303/687 1069/1333/687
s 1
f 952/975/568 993/974/568 1087/1229/568 1054/1228/568
f 1126/1334/688 1118/1335/688 1117/1336/688 1125/1337/688
f 1121/1338/470 1115/1339/470 1120/1340/470 1122/1341/470
f 1113/1342/469 1114/1343/469 1117/1336/469 1118/1335/469
f 1115/1344/484 1116/1345/484 1119/1346/484 1120/1347/484
f 1124/1348/470 1121/1338/470 1122/1341/470 1125/1349/470
f 1119/1346/689 1123/1350/689 1122/1351/689 1120/1347/689
f 1114/1352/470 1124/1348/470 1125/1349/470 1117/1353/470
f 1123/1350/468 1126/1334/468 1125/1337/468 1122/1351/468
f 1126/1334/688 1134/1354/688 1129/1355/688 1118/1335/688
f 1131/1356/568 1132/1357/568 1130/1358/568 1128/1359/568
f 1113/1342/469 1118/1335/469 1129/1355/469 1127/1360/469
f 1128/1361/484 1130/1362/484 1119/1346/484 1116/1345/484
f 1133/1363/568 1134/1364/568 1132/1357/568 1131/1356/568
f 1119/1346/689 1130/1362/689 1132/1365/689 1123/1350/689
f 1127/1366/568 1129/1367/568 1134/1364/568 1133/1363/568
f 1123/1350/468 1132/1365/468 1134/1354/468 1126/1334/468
f 1160/1368/682 1167/1369/682 1166/1370/682 1159/1371/682
f 1155/1372/568 1136/1373/568 1137/1374/568 1176/1375/568
s 0
f 1137/1376/690 1136/1377/690 1202/1378/690 1199/1379/690
s 1
f 1169/1380/470 1138/1381/470 1135/1382/470 1147/1383/470
f 1135/1384/691 1136/1377/691 1140/1385/691 1139/1386/691
f 1155/1387/682 1156/1388/682 1163/1389/682 1162/1390/682
f 1144/1391/681 1145/1392/681 1152/1393/681 1151/1394/681
f 1140/1385/691 1136/1377/691 1188/1395/691 1187/1396/691
f 1158/1397/682 1159/1371/682 1166/1370/682 1165/1398/682
s 0
f 1160/1368/692 1161/1399/692 1168/1400/692 1167/1369/692
s 1
f 1139/1386/691 1140/1385/691 1187/1396/691 1186/1401/691
f 1156/1388/682 1157/1402/682 1164/1403/682 1163/1389/682
f 1154/1404/693 1147/1405/693 1183/1406/693 1185/1407/693
s 0
f 1141/978/694 1142/1408/694 1149/1409/694 1148/979/694
s 1
f 1143/1410/681 1144/1391/681 1151/1394/681 1150/1411/681
f 1171/1412/470 1145/1392/470 1144/1391/470 1172/1413/470
f 1155/1414/693 1162/1415/693 1190/1416/693 1189/1417/693
f 1146/1418/681 1147/1419/681 1154/1420/681 1153/1421/681
f 1175/996/470 1174/1422/470 1142/1408/470 1141/978/470
f 1174/1422/470 1173/1423/470 1143/1410/470 1142/1408/470
f 1173/1423/470 1172/1413/470 1144/1391/470 1143/1410/470
f 1157/1402/568 1178/1424/568 1179/1425/568 1158/1397/568
f 1171/1412/470 1170/1426/470 1146/1418/470 1145/1392/470
f 1170/1426/470 1169/1427/470 1147/1419/470 1146/1418/470
f 1161/1399/568 1160/1368/568 1181/1428/568 1182/1429/568
f 1160/1368/568 1159/1371/568 1180/1430/568 1181/1428/568
f 1159/1371/568 1158/1397/568 1179/1425/568 1180/1430/568
f 1165/1398/468 1151/1394/468 1152/1393/468 1164/1403/468
f 1157/1402/568 1156/1388/568 1177/1431/568 1178/1424/568
f 1156/1388/568 1155/1387/568 1176/1432/568 1177/1431/568
f 1145/1392/681 1146/1418/681 1153/1421/681 1152/1393/681
s 0
f 1168/1400/695 1148/979/695 1149/1409/695 1167/1369/695
s 1
f 1166/1370/468 1150/1411/468 1151/1394/468 1165/1398/468
f 1163/1389/468 1153/1421/468 1154/1420/468 1162/1390/468
s 0
f 1190/1433/468 1185/1434/468 1186/1435/468 1187/1436/468
f 1184/1437/696 1186/1401/696 1194/1438/696 1192/1439/696
f 1190/1440/470 1187/1441/470 1195/1442/470 1198/1443/470
s 1
f 1149/1409/681 1142/1408/681 1143/1410/681 1150/1411/681
f 1167/1369/468 1149/1409/468 1150/1411/468 1166/1370/468
f 1164/1403/468 1152/1393/468 1153/1421/468 1163/1389/468
f 1135/1384/691 1139/1386/691 1186/1401/691 1184/1437/691
f 1162/1415/693 1154/1404/693 1185/1407/693 1190/1416/693
s 0
f 1147/1383/697 1135/1382/697 1184/1444/697 1183/1445/697
f 1136/1373/698 1155/1372/698 1189/1446/698 1188/1447/698
f 1191/1448/468 1192/1449/468 1194/1450/468 1193/1451/468
f 1196/1452/468 1197/1453/468 1198/1454/468 1195/1455/468
f 1188/1447/699 1189/1446/699 1197/1456/699 1196/1457/699
f 1183/1445/700 1184/1444/700 1192/1458/700 1191/1459/700
f 1187/1396/701 1188/1395/701 1196/1460/701 1195/1461/701
f 1186/1462/568 1185/1463/568 1193/1464/568 1194/1465/568
f 1185/1407/702 1183/1406/702 1191/1448/702 1193/1451/702
f 1189/1417/703 1190/1416/703 1198/1454/703 1197/1453/703
f 1201/1466/704 1200/1467/704 1199/1379/704 1202/1378/704
f 1136/1377/705 1135/1384/705 1201/1466/705 1202/1378/705
f 1135/1384/706 1138/1468/706 1200/1467/706 1201/1466/706
s 1
f 1158/1397/682 1165/1398/682 1164/1403/682 1157/1402/682
s 0
f 1148/979/468 1168/1400/468 958/1469/468 957/980/468
f 1168/1400/682 1161/1399/682 952/1470/682 958/1469/682
s 1
f 1161/1399/568 1182/1429/568 953/1471/568 952/1470/568
f 1258/1472/707 1254/1473/708 1207/1474/708 1203/1475/707
f 1244/1476/468 1270/1477/468 1251/1478/468 1220/1479/468
f 1219/1480/707 1221/1481/708 1253/1482/708 1257/1483/707
f 1240/1484/484 1239/1485/484 1206/1486/484 1208/1487/484
f 1237/1488/484 1240/1484/484 1208/1487/484 1205/1489/484
f 1236/1490/469 1238/1491/469 1210/1492/469 1214/1493/469
f 1227/1494/470 1234/1495/470 1223/1496/470 1216/1497/470
f 1235/1498/469 1236/1490/469 1214/1493/469 1209/1499/469
f 1243/1500/472 1242/1501/472 1216/1497/472 1223/1496/472
f 1235/1498/469 1209/1499/469 1232/1502/469 1246/1503/469
f 1222/1504/468 1260/1505/468 1270/1477/468 1244/1476/468
f 1264/1506/470 1234/1495/470 1233/1507/470 1265/1508/470
f 1249/1509/484 1227/1510/484 1216/1511/484 1242/1512/484
f 1245/1513/469 1231/1514/469 1217/1515/469 1241/1516/469
f 1205/1517/707 1219/1480/707 1233/1507/470 1228/1518/470
f 1263/1519/470 1229/1520/470 1215/1521/470 1262/1522/470
f 1205/1517/707 1208/1523/708 1221/1481/708 1219/1480/707
f 1208/1523/709 1206/1524/709 1220/1479/709 1221/1481/709
f 1239/1525/468 1244/1476/468 1220/1479/468 1206/1524/468
f 1245/1513/469 1229/1526/469 1230/1527/469 1246/1503/469
f 1249/1509/484 1226/1528/484 1225/1529/484 1250/1530/484
f 1229/1520/470 1263/1519/470 1266/1531/470 1230/1532/470
f 1237/1488/484 1205/1489/484 1228/1533/484 1250/1530/484
f 1211/1534/484 1237/1488/484 1250/1530/484 1225/1529/484
f 1231/1514/469 1245/1513/469 1246/1503/469 1232/1502/469
f 1212/1535/468 1222/1504/468 1244/1476/468 1239/1525/468
f 1219/1480/707 1257/1483/707 1265/1508/470 1233/1507/470
f 1229/1526/469 1245/1513/469 1241/1516/469 1215/1536/469
f 1226/1528/484 1249/1509/484 1242/1512/484 1218/1537/484
f 1203/1538/469 1235/1498/469 1246/1503/469 1230/1527/469
f 1224/1539/472 1218/1540/472 1242/1501/472 1243/1500/472
f 1203/1538/469 1207/1541/469 1236/1490/469 1235/1498/469
f 1207/1541/469 1204/1542/469 1238/1491/469 1236/1490/469
f 1211/1534/484 1213/1543/484 1240/1484/484 1237/1488/484
f 1213/1543/484 1212/1544/484 1239/1485/484 1240/1484/484
f 1234/1495/470 1264/1506/470 1261/1545/470 1223/1496/470
s 0
f 1248/1546/470 1249/1547/470 1250/1548/470 1247/1549/470
f 1233/1507/710 1234/1495/710 1248/1546/710 1247/1549/710
f 1228/1518/711 1233/1507/711 1247/1549/711 1250/1548/711
f 1234/1495/712 1227/1494/712 1249/1547/712 1248/1546/712
s 1
f 1259/1550/468 1210/1551/468 1238/1552/468 1269/1553/468
f 1255/1554/472 1224/1539/472 1243/1500/472 1267/1555/472
f 1267/1555/472 1243/1500/472 1223/1496/472 1261/1545/472
f 1241/1556/472 1268/1557/472 1262/1522/472 1215/1521/472
f 1258/1472/707 1203/1475/707 1230/1532/470 1266/1531/470
f 1217/1558/472 1256/1559/472 1268/1557/472 1241/1556/472
f 1269/1553/468 1238/1552/468 1204/1560/468 1252/1561/468
f 1221/1481/709 1220/1479/709 1251/1478/709 1253/1482/709
f 1264/1506/713 1265/1508/713 1285/1562/713 1284/1563/713
f 1261/1545/713 1264/1506/713 1284/1563/713 1281/1564/713
f 1259/1550/714 1269/1553/714 1289/1565/714 1279/1566/714
f 1263/1519/715 1262/1522/715 1282/1567/715 1283/1568/715
f 1257/1483/716 1253/1482/717 1273/1569/717 1277/1570/718
f 1268/1557/719 1256/1559/719 1276/1571/719 1288/1572/719
f 1262/1522/719 1268/1557/719 1288/1572/719 1282/1567/719
f 1254/1473/720 1258/1472/721 1278/1573/722 1274/1574/720
s 0
f 1254/1473/709 1252/1561/709 1204/1560/709 1207/1474/709
s 1
f 1279/1566/468 1289/1565/468 1290/1575/468 1280/1576/468
f 1275/1577/472 1287/1578/472 1288/1572/472 1276/1571/472
f 1284/1563/470 1285/1562/470 1286/1579/470 1283/1568/470
f 1287/1578/472 1281/1564/472 1282/1567/472 1288/1572/472
f 1283/1568/470 1282/1567/470 1281/1564/470 1284/1563/470
f 1278/1573/707 1286/1579/470 1285/1562/470 1277/1570/707
f 1274/1574/708 1278/1573/707 1277/1570/707 1273/1569/708
s 0
f 1272/1580/709 1274/1574/709 1273/1569/709 1271/1581/709
s 1
f 1289/1565/468 1272/1580/468 1271/1581/468 1290/1575/468
s 0
f 1252/1561/723 1254/1473/723 1274/1574/723 1272/1580/723
f 1253/1482/724 1251/1478/724 1271/1581/724 1273/1569/724
s 1
f 1270/1477/725 1260/1505/725 1280/1576/725 1290/1575/725
f 1258/1472/721 1266/1531/715 1286/1579/715 1278/1573/722
f 1266/1531/715 1263/1519/715 1283/1568/715 1286/1579/715
f 1269/1553/714 1252/1561/714 1272/1580/714 1289/1565/714
f 1265/1508/713 1257/1483/716 1277/1570/718 1285/1562/713
f 1267/1555/726 1261/1545/726 1281/1564/726 1287/1578/726
f 1251/1478/725 1270/1477/725 1290/1575/725 1271/1581/725
f 1255/1554/726 1267/1555/726 1287/1578/726 1275/1577/726
f 1346/1472/727 1291/1475/727 1295/1474/728 1342/1473/728
f 1332/1476/468 1308/1479/468 1339/1478/468 1358/1477/468
f 1307/1480/727 1345/1483/727 1341/1482/728 1309/1481/728
f 1328/1484/484 1296/1487/484 1294/1486/484 1327/1485/484
f 1325/1488/484 1293/1489/484 1296/1487/484 1328/1484/484
f 1324/1490/469 1302/1493/469 1298/1492/469 1326/1491/469
f 1315/1494/568 1304/1497/568 1311/1496/568 1322/1495/568
f 1323/1498/469 1297/1499/469 1302/1493/469 1324/1490/469
f 1331/1500/472 1311/1496/472 1304/1497/472 1330/1501/472
f 1323/1498/469 1334/1503/469 1320/1502/469 1297/1499/469
f 1310/1504/468 1332/1476/468 1358/1477/468 1348/1505/468
f 1352/1506/568 1353/1508/568 1321/1507/568 1322/1495/568
f 1337/1509/484 1330/1512/484 1304/1511/484 1315/1510/484
f 1333/1513/469 1329/1516/469 1305/1515/469 1319/1514/469
f 1293/1517/727 1316/1518/568 1321/1507/568 1307/1480/727
f 1351/1519/568 1350/1522/568 1303/1521/568 1317/1520/568
f 1293/1517/727 1307/1480/727 1309/1481/728 1296/1523/728
f 1296/1523/729 1309/1481/729 1308/1479/729 1294/1524/729
f 1327/1525/468 1294/1524/468 1308/1479/468 1332/1476/468
f 1333/1513/469 1334/1503/469 1318/1527/469 1317/1526/469
f 1337/1509/484 1338/1530/484 1313/1529/484 1314/1528/484
f 1317/1520/568 1318/1532/568 1354/1531/568 1351/1519/568
f 1325/1488/484 1338/1530/484 1316/1533/484 1293/1489/484
f 1299/1534/484 1313/1529/484 1338/1530/484 1325/1488/484
f 1319/1514/469 1320/1502/469 1334/1503/469 1333/1513/469
f 1300/1535/468 1327/1525/468 1332/1476/468 1310/1504/468
f 1307/1480/727 1321/1507/568 1353/1508/568 1345/1483/727
f 1317/1526/469 1303/1536/469 1329/1516/469 1333/1513/469
f 1314/1528/484 1306/1537/484 1330/1512/484 1337/1509/484
f 1291/1538/469 1318/1527/469 1334/1503/469 1323/1498/469
f 1312/1539/472 1331/1500/472 1330/1501/472 1306/1540/472
f 1291/1538/469 1323/1498/469 1324/1490/469 1295/1541/469
f 1295/1541/469 1324/1490/469 1326/1491/469 1292/1542/469
f 1299/1534/484 1325/1488/484 1328/1484/484 1301/1543/484
f 1301/1543/484 1328/1484/484 1327/1485/484 1300/1544/484
f 1322/1495/568 1311/1496/568 1349/1545/568 1352/1506/568
s 0
f 1336/1546/568 1335/1549/568 1338/1548/568 1337/1547/568
f 1321/1507/730 1335/1549/730 1336/1546/730 1322/1495/730
f 1316/1518/731 1338/1548/731 1335/1549/731 1321/1507/731
f 1322/1495/732 1336/1546/732 1337/1547/732 1315/1494/732
s 1
f 1347/1550/468 1357/1553/468 1326/1552/468 1298/1551/468
f 1343/1554/472 1355/1555/472 1331/1500/472 1312/1539/472
f 1355/1555/472 1349/1545/472 1311/1496/472 1331/1500/472
f 1329/1556/472 1303/1521/472 1350/1522/472 1356/1557/472
f 1346/1472/727 1354/1531/568 1318/1532/568 1291/1475/727
f 1305/1558/472 1329/1556/472 1356/1557/472 1344/1559/472
f 1357/1553/468 1340/1561/468 1292/1560/468 1326/1552/468
f 1309/1481/729 1341/1482/729 1339/1478/729 1308/1479/729
f 1352/1506/733 1372/1563/733 1373/1562/733 1353/1508/733
f 1349/1545/733 1369/1564/733 1372/1563/733 1352/1506/733
f 1347/1550/714 1367/1566/714 1377/1565/714 1357/1553/714
f 1351/1519/734 1371/1568/734 1370/1567/734 1350/1522/734
f 1345/1483/735 1365/1570/736 1361/1569/737 1341/1482/737
f 1356/1557/719 1376/1572/719 1364/1571/719 1344/1559/719
f 1350/1522/719 1370/1567/719 1376/1572/719 1356/1557/719
f 1342/1473/738 1362/1574/738 1366/1573/739 1346/1472/740
s 0
f 1342/1473/729 1295/1474/729 1292/1560/729 1340/1561/729
s 1
f 1367/1566/468 1368/1576/468 1378/1575/468 1377/1565/468
f 1363/1577/472 1364/1571/472 1376/1572/472 1375/1578/472
f 1372/1563/568 1371/1568/568 1374/1579/568 1373/1562/568
f 1375/1578/472 1376/1572/472 1370/1567/472 1369/1564/472
f 1371/1568/568 1372/1563/568 1369/1564/568 1370/1567/568
f 1366/1573/727 1365/1570/727 1373/1562/568 1374/1579/568
f 1362/1574/728 1361/1569/728 1365/1570/727 1366/1573/727
s 0
f 1360/1580/729 1359/1581/729 1361/1569/729 1362/1574/729
s 1
f 1377/1565/468 1378/1575/468 1359/1581/468 1360/1580/468
s 0
f 1340/1561/741 1360/1580/741 1362/1574/741 1342/1473/741
f 1341/1482/742 1361/1569/742 1359/1581/742 1339/1478/742
s 1
f 1358/1477/725 1378/1575/725 1368/1576/725 1348/1505/725
f 1346/1472/740 1366/1573/739 1374/1579/734 1354/1531/734
f 1354/1531/734 1374/1579/734 1371/1568/734 1351/1519/734
f 1357/1553/714 1377/1565/714 1360/1580/714 1340/1561/714
f 1353/1508/733 1373/1562/733 1365/1570/736 1345/1483/735
f 1355/1555/726 1375/1578/726 1369/1564/726 1349/1545/726
f 1339/1478/725 1359/1581/725 1378/1575/725 1358/1477/725
f 1343/1554/726 1363/1577/726 1375/1578/726 1355/1555/726
f 1406/1582/743 1405/1583/744 1380/1584/745 1389/1585/746
f 1395/1586/470 1460/1587/470 1457/1588/747 1401/1589/470
f 1407/1590/748 1390/1591/749 1456/1592/750 1459/1593/751
f 1399/1594/470 1447/1595/470 1460/1587/470 1395/1586/470
f 1398/1596/752 1400/1597/753 1450/1598/754 1454/1599/755
f 1390/1600/756 1382/1601/757 1451/1602/758 1456/1603/759
f 1570/1604/760 1571/1605/760 1385/1606/761 1381/1607/761
f 1388/1608/762 1384/1609/763 1382/1601/764 1386/1610/765
f 1395/1586/470 1401/1589/470 1406/1611/470 1393/1612/470
f 1407/1590/748 1402/1613/766 1391/1614/767 1390/1591/749
f 1457/1615/768 1450/1598/769 1400/1597/753 1401/1616/770
f 1399/1594/470 1395/1586/470 1393/1612/470 1404/1617/470
f 1558/1618/771 1559/1619/772 1391/1614/767 1402/1613/766
f 1381/1620/470 1385/1621/773 1402/1613/766 1407/1590/748
f 1563/1622/774 1418/1623/775 1411/1624/470 1561/1625/470
f 1403/1626/776 1405/1583/777 1400/1597/753 1398/1596/752
f 1453/1627/778 1451/1602/779 1382/1601/764 1384/1609/763
f 1512/1628/780 1471/1629/781 1470/1630/782 1505/1631/783
f 1409/1632/470 1393/1612/470 1406/1611/470 1389/1633/470
f 1424/1634/784 1511/1635/785 1506/1636/786 1421/1637/787
f 1379/1638/788 1380/1584/745 1405/1583/744 1403/1626/789
f 1509/1639/470 1466/1640/470 1465/1641/470 1501/1642/470
f 1505/1631/783 1470/1630/782 1466/1643/790 1509/1644/791
f 1401/1616/770 1400/1597/753 1405/1583/777 1406/1582/792
f 1557/1645/793 1558/1618/771 1402/1613/766 1385/1621/773
f 1421/1637/787 1506/1636/786 1508/1646/794 1422/1647/795
f 1381/1620/470 1407/1590/748 1459/1593/751 1448/1648/470
f 1426/1649/796 1392/1650/797 1394/1651/798 1428/1652/799
f 1386/1610/800 1382/1601/757 1390/1600/756 1391/1653/801
f 1429/1654/802 1436/1655/803 1420/1656/804 1396/1657/805
f 1560/1658/806 1563/1622/774 1438/1659/807 1435/1660/808
f 1557/1661/793 1560/1658/806 1435/1660/809 1430/1662/810
f 1574/1663/811 1575/1664/811 1418/1665/812 1417/1666/812
s 0
f 1436/1655/813 1437/1667/813 1419/1668/813 1420/1656/813
s 1
f 1571/1605/814 1574/1663/814 1417/1666/814 1385/1606/814
f 1561/1625/470 1581/1669/470 1582/1670/470 1478/1671/470 1431/1672/470
f 1389/1633/470 1422/1673/470 1423/1674/470 1409/1632/470
f 1380/1584/745 1421/1637/815 1422/1647/816 1389/1585/746
f 1379/1638/788 1424/1634/817 1421/1637/815 1380/1584/745
f 1430/1675/818 1429/1654/802 1426/1649/796 1425/1676/819
f 1425/1676/819 1426/1649/796 1428/1652/799 1427/1677/820
s 0
f 1436/1655/821 1435/1678/821 1438/1679/821 1437/1667/821
s 1
f 1429/1654/802 1430/1675/818 1435/1678/822 1436/1655/803
f 1429/1654/802 1396/1657/805 1392/1650/797 1426/1649/796
f 1559/1680/823 1427/1681/824 1439/1682/825 1564/1683/826
f 1564/1683/826 1439/1682/825 1440/1684/827 1565/1685/827
f 1427/1677/820 1428/1652/799 1441/1686/828 1439/1687/828
s 0
f 1439/1687/829 1441/1686/829 1442/1688/829 1440/1689/829
s 1
f 1394/1651/798 1442/1688/830 1441/1686/831 1428/1652/799
f 1572/1690/472 1568/1691/832 1413/1692/472 1397/1693/472
f 1404/1617/470 1443/1694/470 1414/1695/470 1399/1594/470
f 1504/1696/470 1464/1697/470 1468/1698/470 1514/1699/470
f 1556/1700/470 1434/1701/470 1433/1702/470 1562/1703/470
s 0
f 1434/1701/833 1491/1704/833 1490/1705/833 1433/1702/833
f 1478/1671/834 1500/1706/834 1499/1707/834 1479/1708/834
s 1
f 1479/1708/469 1499/1707/469 1496/1709/469 1474/1710/469
f 1473/1711/469 1495/1712/469 1494/1713/469 1472/1714/469
f 1572/1690/835 1578/1715/836 1447/1716/837 1399/1717/838
f 1457/1615/768 1458/1718/839 1452/1719/840 1450/1598/769
f 1458/1718/839 1456/1603/759 1451/1602/758 1452/1719/840
f 1453/1627/778 1455/1720/841 1452/1719/842 1451/1602/779
f 1455/1720/841 1454/1599/755 1450/1598/754 1452/1719/842
f 1576/1721/843 1577/1722/844 1446/1723/845 1445/1724/846
f 1577/1722/844 1578/1715/836 1444/1725/847 1446/1723/845
f 1460/1587/470 1461/1726/747 1458/1727/848 1457/1588/747
f 1461/1726/747 1459/1593/751 1456/1592/750 1458/1727/848
f 1447/1595/470 1449/1728/470 1461/1726/747 1460/1587/470
f 1449/1728/470 1448/1648/470 1459/1593/751 1461/1726/747
f 1570/1604/849 1576/1721/843 1445/1724/846 1383/1729/850
f 1465/1730/468 1463/1731/468 1462/1732/468 1464/1733/468
f 1468/1734/468 1464/1733/468 1462/1732/468 1469/1735/468
f 1466/1736/851 1467/1737/852 1463/1731/468 1465/1730/468
f 1422/1673/470 1508/1738/470 1502/1739/470 1423/1674/470
f 1470/1740/853 1471/1741/854 1467/1737/852 1466/1736/851
s 0
f 1554/1742/855 1519/1743/855 1518/1744/855 1553/1745/855
s 1
f 1432/1746/856 1431/1747/857 1474/1748/857 1473/1711/858
f 1412/1749/859 1432/1746/856 1473/1711/858 1472/1714/859
f 1474/1748/469 1496/1750/469 1495/1712/469 1473/1711/469
f 1475/1751/472 1498/1752/472 1491/1704/472 1434/1701/472
f 1431/1672/470 1478/1671/470 1479/1708/470 1474/1710/470
s 0
f 1433/1702/860 1490/1705/860 1500/1706/860 1478/1671/860
s 1
f 1579/1753/861 1588/1754/862 1567/1755/863 1562/1756/863
s 0
f 1573/1757/864 1569/1758/865 1476/1759/866 1411/1760/866
s 1
f 1486/1761/867 1487/1762/868 1483/1763/869 1482/1764/870
f 1489/1765/871 1486/1761/867 1485/1766/872 1484/1767/873
f 1481/1768/874 1480/1769/875 1493/1770/876 1487/1762/868
f 1487/1762/868 1493/1770/876 1492/1771/877 1483/1763/869
f 1500/1706/470 1490/1705/470 1497/1772/878 1499/1707/470
f 1490/1705/470 1491/1704/470 1498/1752/879 1497/1772/878
f 1481/1768/874 1487/1762/868 1486/1761/867 1489/1765/871
f 1485/1766/872 1486/1761/867 1482/1764/870 1488/1773/880
f 1545/1774/881 1484/1775/881 1485/1776/882 1547/1777/883
f 1499/1707/470 1543/1778/470 1546/1779/470 1496/1709/470
f 1499/1707/470 1497/1772/878 1539/1780/884 1543/1778/470
f 1540/1781/885 1542/1782/886 1480/1783/887 1481/1784/888
f 1496/1750/889 1546/1785/889 1548/1786/890 1495/1712/891
f 1495/1712/891 1548/1786/890 1550/1787/892 1494/1713/892
f 1509/1644/791 1510/1788/893 1507/1789/894 1505/1631/783
f 1510/1788/895 1508/1646/794 1506/1636/786 1507/1789/896
f 1501/1642/470 1503/1790/470 1510/1791/470 1509/1639/470
f 1503/1790/470 1502/1739/470 1508/1738/470 1510/1791/470
f 1511/1635/785 1513/1792/897 1507/1789/896 1506/1636/786
f 1513/1792/898 1512/1628/780 1505/1631/783 1507/1789/894
f 1501/1642/470 1465/1641/470 1464/1697/470 1504/1696/470
s 0
f 1519/1793/469 1517/1794/469 1516/1795/469 1518/1796/469
s 1
f 1555/1797/899 1516/1798/900 1517/1799/900 1552/1800/899
f 1552/1801/470 1517/1802/470 1519/1803/470 1554/1804/470
f 1573/1757/901 1575/1664/901 1416/1805/902 1410/1806/902
f 1412/1749/903 1419/1668/903 1437/1667/904 1432/1746/905
f 1432/1746/905 1437/1667/904 1438/1679/906 1431/1747/906
f 1423/1807/469 1523/1808/469 1522/1809/469 1409/1810/469
f 1409/1810/469 1522/1809/469 1520/1811/469 1393/1812/469
f 1501/1813/469 1526/1814/469 1528/1815/469 1503/1816/469
f 1514/1817/907 1515/1818/907 1529/1819/908 1504/1820/908
f 1502/1821/469 1527/1822/469 1523/1808/469 1423/1807/469
s 0
f 1393/1812/909 1520/1811/909 1521/1823/909 1404/1824/909
s 1
f 1503/1816/469 1528/1815/469 1527/1822/469 1502/1821/469
f 1404/1824/468 1521/1823/468 1525/1825/468 1443/1826/468
f 1556/1827/468 1566/1828/468 1524/1829/468 1434/1830/468
f 1504/1820/908 1529/1819/908 1526/1814/910 1501/1813/910
f 1535/1831/911 1536/1832/912 1533/1833/913 1534/1834/914
f 1547/1777/883 1485/1776/882 1488/1835/915 1549/1836/916
f 1537/1837/472 1541/1838/472 1498/1752/472 1475/1751/472
f 1544/1839/470 1540/1781/885 1481/1784/888 1489/1840/470
f 1497/1772/878 1498/1752/879 1541/1838/917 1539/1780/884
f 1544/1839/470 1489/1840/470 1484/1841/470 1545/1842/470
f 1549/1836/916 1535/1831/911 1534/1834/914 1547/1777/883
f 1548/1786/469 1533/1833/469 1536/1832/469 1550/1787/469
f 1537/1837/472 1538/1843/472 1542/1782/472 1541/1838/472
f 1540/1781/885 1539/1780/884 1541/1838/917 1542/1782/886
f 1544/1839/470 1543/1778/470 1539/1780/884 1540/1781/885
s 0
f 1544/1839/918 1551/1844/918 1530/1845/918 1543/1778/918
s 1
f 1408/1846/472 1480/1783/472 1542/1782/472 1538/1843/472
f 1534/1834/914 1533/1833/913 1531/1847/919 1532/1848/919
s 0
f 1532/1849/470 1531/1850/470 1530/1845/470 1551/1844/470
f 1545/1842/920 1532/1849/920 1551/1844/920 1544/1839/920
s 1
f 1546/1785/469 1531/1847/469 1533/1833/469 1548/1786/469
s 0
f 1547/1777/921 1534/1834/921 1532/1848/921 1545/1774/921
f 1543/1778/469 1530/1845/469 1531/1850/469 1546/1779/469
s 1
f 1468/1698/470 1552/1801/470 1554/1804/470 1514/1699/470
f 1469/1735/468 1555/1797/899 1552/1800/899 1468/1734/468
s 0
f 1514/1817/472 1554/1742/472 1553/1745/472 1515/1818/472
s 1
f 1443/1826/468 1525/1825/468 1566/1828/468 1556/1827/468
f 1579/1851/470 1562/1703/470 1433/1702/470 1478/1671/470 1582/1670/470
f 1443/1694/470 1556/1852/470 1562/1853/470 1414/1695/470
f 1386/1610/765 1564/1683/922 1565/1685/923 1388/1608/762
f 1391/1653/801 1559/1680/823 1564/1683/826 1386/1610/800
f 1385/1854/773 1417/1855/924 1560/1658/806 1557/1661/793
f 1417/1855/924 1418/1623/775 1563/1622/774 1560/1658/806
f 1430/1856/810 1425/1857/925 1558/1618/771 1557/1645/793
f 1438/1659/807 1563/1622/774 1561/1625/470 1431/1672/470
f 1425/1857/925 1427/1858/926 1559/1619/772 1558/1618/771
f 1411/1624/470 1476/1859/470 1580/1860/470 1581/1669/470 1561/1625/470
s 0
f 1569/1861/470 1568/1862/470 1567/1755/470 1588/1754/470 1592/1863/470 1591/1864/470 1590/1865/470 1589/1866/470 1587/1867/470
s 1
f 1562/1868/927 1567/1869/927 1568/1691/832 1414/1870/928
f 1411/1760/901 1418/1665/901 1575/1664/901 1573/1757/901
s 0
f 1410/1806/929 1477/1871/929 1569/1758/865 1573/1757/930
s 1
f 1381/1607/931 1448/1872/932 1576/1721/843 1570/1604/849
f 1449/1873/933 1447/1716/837 1578/1715/836 1577/1722/844
f 1448/1872/932 1449/1873/933 1577/1722/844 1576/1721/843
f 1397/1693/934 1444/1725/847 1578/1715/836 1572/1690/835
f 1399/1717/472 1414/1870/928 1568/1691/832 1572/1690/472
f 1387/1874/814 1415/1875/814 1574/1663/814 1571/1605/814
f 1415/1875/935 1416/1805/935 1575/1664/811 1574/1663/811
f 1383/1729/936 1387/1874/936 1571/1605/760 1570/1604/760
s 0
f 1568/1876/937 1569/1758/937 1477/1871/937 1413/1877/937
s 1
f 1579/1851/470 1582/1670/470 1581/1669/470 1580/1860/470 1586/1878/470 1585/1879/470 1584/1880/470 1583/1881/470
f 1579/1753/861 1583/1882/938 1592/1863/939 1588/1754/862
f 1583/1882/938 1584/1883/940 1591/1864/941 1592/1863/939
f 1584/1883/940 1585/1884/942 1590/1865/943 1591/1864/941
f 1585/1884/942 1586/1885/944 1589/1866/945 1590/1865/943
f 1586/1885/944 1580/1886/946 1587/1867/947 1589/1866/945
f 1476/1887/948 1569/1861/948 1587/1867/947 1580/1886/946
f 1609/1582/949 1598/1585/950 1593/1584/951 1608/1583/952
f 1602/1586/568 1605/1589/568 1644/1588/953 1647/1587/568
f 1610/1590/954 1646/1593/955 1643/1592/956 1599/1591/957
f 1603/1594/568 1602/1586/568 1647/1587/568 1637/1595/568
f 1398/1596/752 1454/1599/755 1640/1598/958 1604/1597/959
f 1599/1600/960 1643/1603/961 1641/1602/962 1595/1601/963
f 1721/1604/964 1594/1607/965 1596/1606/965 1722/1605/964
f 1388/1608/762 1597/1610/966 1595/1601/967 1384/1609/763
f 1602/1586/568 1601/1612/568 1609/1611/568 1605/1589/568
f 1610/1590/954 1599/1591/957 1600/1614/968 1606/1613/969
f 1644/1615/970 1605/1616/971 1604/1597/959 1640/1598/972
f 1603/1594/568 1607/1617/568 1601/1612/568 1602/1586/568
f 1711/1618/973 1606/1613/969 1600/1614/968 1712/1619/974
f 1594/1620/568 1610/1590/954 1606/1613/969 1596/1621/975
f 1716/1622/976 1714/1625/568 1613/1624/568 1616/1623/977
f 1403/1626/776 1398/1596/752 1604/1597/959 1608/1583/978
f 1453/1627/778 1384/1609/763 1595/1601/967 1641/1602/979
f 1512/1628/780 1680/1631/980 1653/1630/981 1471/1629/781
f 1612/1632/568 1598/1633/568 1609/1611/568 1601/1612/568
f 1424/1634/784 1617/1637/982 1681/1636/983 1511/1635/785
f 1379/1638/788 1403/1626/789 1608/1583/952 1593/1584/951
f 1684/1639/568 1676/1642/568 1650/1641/568 1651/1640/568
f 1680/1631/980 1684/1644/984 1651/1643/985 1653/1630/981
f 1605/1616/971 1609/1582/986 1608/1583/978 1604/1597/959
f 1710/1645/987 1596/1621/975 1606/1613/969 1711/1618/973
f 1617/1637/982 1618/1647/988 1683/1646/989 1681/1636/983
f 1594/1620/568 1638/1648/568 1646/1593/955 1610/1590/954
f 1621/1649/990 1623/1652/991 1394/1651/798 1392/1650/797
f 1597/1610/992 1600/1653/993 1599/1600/960 1595/1601/963
f 1624/1654/994 1396/1657/805 1420/1656/804 1631/1655/995
f 1713/1658/996 1630/1660/997 1633/1659/998 1716/1622/976
f 1710/1661/987 1625/1662/999 1630/1660/1000 1713/1658/996
f 1725/1663/1001 1615/1666/1002 1616/1665/1002 1726/1664/1001
s 0
f 1631/1655/1003 1420/1656/1003 1419/1668/1003 1632/1667/1003
s 1
f 1722/1605/814 1596/1606/814 1615/1666/814 1725/1663/814
f 1714/1625/568 1626/1672/568 1658/1671/568 1733/1670/568 1732/1669/568
f 1598/1633/568 1612/1632/568 1619/1674/568 1618/1673/568
f 1593/1584/951 1598/1585/950 1618/1647/1004 1617/1637/1005
f 1379/1638/788 1593/1584/951 1617/1637/1005 1424/1634/817
f 1625/1675/1006 1620/1676/1007 1621/1649/990 1624/1654/994
f 1620/1676/1007 1622/1677/1008 1623/1652/991 1621/1649/990
s 0
f 1631/1655/1009 1632/1667/1009 1633/1679/1009 1630/1678/1009
s 1
f 1624/1654/994 1631/1655/995 1630/1678/1010 1625/1675/1006
f 1624/1654/994 1621/1649/990 1392/1650/797 1396/1657/805
f 1712/1680/1011 1717/1683/1012 1634/1682/1013 1622/1681/1014
f 1717/1683/1012 1565/1685/827 1440/1684/827 1634/1682/1013
f 1622/1677/1008 1634/1687/1015 1635/1686/1015 1623/1652/991
s 0
f 1634/1687/1016 1440/1689/1016 1442/1688/1016 1635/1686/1016
s 1
f 1394/1651/798 1623/1652/991 1635/1686/1017 1442/1688/830
f 1723/1690/472 1397/1693/472 1413/1692/472 1719/1691/1018
f 1607/1617/568 1603/1594/568 1614/1695/568 1636/1694/568
f 1679/1696/568 1686/1699/568 1652/1698/568 1649/1697/568
f 1709/1700/568 1715/1703/568 1628/1702/568 1629/1701/568
s 0
f 1629/1701/1019 1628/1702/1019 1667/1705/1019 1668/1704/1019
f 1658/1671/1020 1659/1708/1020 1674/1707/1020 1675/1706/1020
s 1
f 1659/1708/469 1655/1710/469 1671/1709/469 1674/1707/469
f 1654/1711/469 1472/1714/469 1494/1713/469 1670/1712/469
f 1723/1690/1021 1603/1717/1022 1637/1716/1023 1729/1715/1024
f 1644/1615/970 1640/1598/972 1642/1719/1025 1645/1718/1026
f 1645/1718/1026 1642/1719/1025 1641/1602/962 1643/1603/961
f 1453/1627/778 1641/1602/979 1642/1719/1027 1455/1720/841
f 1455/1720/841 1642/1719/1027 1640/1598/958 1454/1599/755
f 1727/1721/1028 1445/1724/846 1446/1723/845 1728/1722/1029
f 1728/1722/1029 1446/1723/845 1444/1725/847 1729/1715/1024
f 1647/1587/568 1644/1588/953 1645/1727/1030 1648/1726/953
f 1648/1726/953 1645/1727/1030 1643/1592/956 1646/1593/955
f 1637/1595/568 1647/1587/568 1648/1726/953 1639/1728/568
f 1639/1728/568 1648/1726/953 1646/1593/955 1638/1648/568
f 1721/1604/1031 1383/1729/850 1445/1724/846 1727/1721/1028
f 1650/1730/468 1649/1733/468 1462/1732/468 1463/1731/468
f 1652/1734/468 1469/1735/468 1462/1732/468 1649/1733/468
f 1651/1736/1032 1650/1730/468 1463/1731/468 1467/1737/852
f 1618/1673/568 1619/1674/568 1677/1739/568 1683/1738/568
f 1653/1740/1033 1651/1736/1032 1467/1737/852 1471/1741/854
s 0
f 1708/1742/855 1553/1745/855 1518/1744/855 1688/1743/855
s 1
f 1627/1746/1034 1654/1711/1035 1655/1748/1036 1626/1747/1036
f 1412/1749/859 1472/1714/859 1654/1711/1035 1627/1746/1034
f 1655/1748/469 1654/1711/469 1670/1712/469 1671/1750/469
f 1656/1751/472 1629/1701/472 1668/1704/472 1673/1752/472
f 1626/1672/568 1655/1710/568 1659/1708/568 1658/1671/568
s 0
f 1628/1702/1037 1658/1671/1037 1675/1706/1037 1667/1705/1037
s 1
f 1730/1753/1038 1715/1756/1039 1718/1755/1039 1739/1754/1040
s 0
f 1724/1757/1041 1613/1760/1042 1657/1759/1042 1720/1758/1043
s 1
f 1664/1761/1044 1482/1764/870 1483/1763/869 1665/1762/1045
f 1666/1765/1046 1662/1767/1047 1663/1766/1048 1664/1761/1044
f 1661/1768/1049 1665/1762/1045 1669/1770/1050 1660/1769/1051
f 1665/1762/1045 1483/1763/869 1492/1771/877 1669/1770/1050
f 1675/1706/568 1674/1707/568 1672/1772/1052 1667/1705/568
f 1667/1705/568 1672/1772/1052 1673/1752/1053 1668/1704/568
f 1661/1768/1049 1666/1765/1046 1664/1761/1044 1665/1762/1045
f 1663/1766/1048 1488/1773/880 1482/1764/870 1664/1761/1044
f 1702/1774/1054 1704/1777/1055 1663/1776/1056 1662/1775/1054
f 1674/1707/568 1671/1709/568 1703/1779/568 1700/1778/568
f 1674/1707/568 1700/1778/568 1696/1780/1057 1672/1772/1052
f 1697/1781/1058 1661/1784/1059 1660/1783/1060 1699/1782/1061
f 1671/1750/1062 1670/1712/1063 1705/1786/1064 1703/1785/1062
f 1670/1712/1063 1494/1713/892 1550/1787/892 1705/1786/1064
f 1684/1644/984 1680/1631/980 1682/1789/1065 1685/1788/1066
f 1685/1788/1067 1682/1789/1068 1681/1636/983 1683/1646/989
f 1676/1642/568 1684/1639/568 1685/1791/568 1678/1790/568
f 1678/1790/568 1685/1791/568 1683/1738/568 1677/1739/568
f 1511/1635/785 1681/1636/983 1682/1789/1068 1513/1792/897
f 1513/1792/898 1682/1789/1065 1680/1631/980 1512/1628/780
f 1676/1642/568 1679/1696/568 1649/1697/568 1650/1641/568
s 0
f 1688/1793/469 1518/1796/469 1516/1795/469 1687/1794/469
s 1
f 1555/1797/899 1707/1800/899 1687/1799/900 1516/1798/900
f 1707/1801/568 1708/1804/568 1688/1803/568 1687/1802/568
f 1724/1757/1069 1410/1806/902 1416/1805/902 1726/1664/1069
f 1412/1749/903 1627/1746/1070 1632/1667/1071 1419/1668/903
f 1627/1746/1070 1626/1747/1072 1633/1679/1072 1632/1667/1071
f 1619/1807/469 1612/1810/469 1522/1809/469 1523/1808/469
f 1612/1810/469 1601/1812/469 1520/1811/469 1522/1809/469
f 1676/1813/469 1678/1816/469 1528/1815/469 1526/1814/469
f 1686/1817/907 1679/1820/908 1529/1819/908 1515/1818/907
f 1677/1821/469 1619/1807/469 1523/1808/469 1527/1822/469
s 0
f 1601/1812/909 1607/1824/909 1521/1823/909 1520/1811/909
s 1
f 1678/1816/469 1677/1821/469 1527/1822/469 1528/1815/469
f 1607/1824/468 1636/1826/468 1525/1825/468 1521/1823/468
f 1709/1827/468 1629/1830/468 1524/1829/468 1566/1828/468
f 1679/1820/908 1676/1813/910 1526/1814/910 1529/1819/908
f 1535/1831/911 1693/1834/1073 1692/1833/1074 1536/1832/912
f 1704/1777/1055 1549/1836/916 1488/1835/915 1663/1776/1056
f 1694/1837/472 1656/1751/472 1673/1752/472 1698/1838/472
f 1701/1839/568 1666/1840/568 1661/1784/1059 1697/1781/1058
f 1672/1772/1052 1696/1780/1057 1698/1838/1075 1673/1752/1053
f 1701/1839/568 1702/1842/568 1662/1841/568 1666/1840/568
f 1549/1836/916 1704/1777/1055 1693/1834/1073 1535/1831/911
f 1705/1786/469 1550/1787/469 1536/1832/469 1692/1833/469
f 1694/1837/472 1698/1838/472 1699/1782/472 1695/1843/472
f 1697/1781/1058 1699/1782/1061 1698/1838/1075 1696/1780/1057
f 1701/1839/568 1697/1781/1058 1696/1780/1057 1700/1778/568
s 0
f 1701/1839/1076 1700/1778/1076 1689/1845/1076 1706/1844/1076
s 1
f 1611/1846/472 1695/1843/472 1699/1782/472 1660/1783/472
f 1693/1834/1073 1691/1848/1077 1690/1847/1077 1692/1833/1074
s 0
f 1691/1849/568 1706/1844/568 1689/1845/568 1690/1850/568
f 1702/1842/1078 1701/1839/1078 1706/1844/1078 1691/1849/1078
s 1
f 1703/1785/469 1705/1786/469 1692/1833/469 1690/1847/469
s 0
f 1704/1777/1079 1702/1774/1079 1691/1848/1079 1693/1834/1079
f 1700/1778/469 1703/1779/469 1690/1850/469 1689/1845/469
s 1
f 1652/1698/568 1686/1699/568 1708/1804/568 1707/1801/568
f 1469/1735/468 1652/1734/468 1707/1800/899 1555/1797/899
s 0
f 1686/1817/472 1515/1818/472 1553/1745/472 1708/1742/472
s 1
f 1636/1826/468 1709/1827/468 1566/1828/468 1525/1825/468
f 1730/1851/568 1733/1670/568 1658/1671/568 1628/1702/568 1715/1703/568
f 1636/1694/568 1614/1695/568 1715/1853/568 1709/1852/568
f 1597/1610/966 1388/1608/762 1565/1685/923 1717/1683/1080
f 1600/1653/993 1597/1610/992 1717/1683/1012 1712/1680/1011
f 1596/1854/975 1710/1661/987 1713/1658/996 1615/1855/1081
f 1615/1855/1081 1713/1658/996 1716/1622/976 1616/1623/977
f 1625/1856/999 1710/1645/987 1711/1618/973 1620/1857/1082
f 1633/1659/998 1626/1672/568 1714/1625/568 1716/1622/976
f 1620/1857/1082 1711/1618/973 1712/1619/974 1622/1858/1083
f 1613/1624/568 1714/1625/568 1732/1669/568 1731/1860/568 1657/1859/568
s 0
f 1720/1861/568 1738/1867/568 1740/1866/568 1741/1865/568 1742/1864/568 1743/1863/568 1739/1754/568 1718/1755/568 1719/1862/568
s 1
f 1715/1868/1084 1614/1870/1085 1719/1691/1018 1718/1869/1084
f 1613/1760/1069 1724/1757/1069 1726/1664/1069 1616/1665/1069
s 0
f 1410/1806/1086 1724/1757/1087 1720/1758/1043 1477/1871/1086
s 1
f 1594/1607/1088 1721/1604/1031 1727/1721/1028 1638/1872/1089
f 1639/1873/1090 1728/1722/1029 1729/1715/1024 1637/1716/1023
f 1638/1872/1089 1727/1721/1028 1728/1722/1029 1639/1873/1090
f 1397/1693/934 1723/1690/1021 1729/1715/1024 1444/1725/847
f 1603/1717/472 1723/1690/472 1719/1691/1018 1614/1870/1085
f 1387/1874/814 1722/1605/814 1725/1663/814 1415/1875/814
f 1415/1875/935 1725/1663/1001 1726/1664/1001 1416/1805/935
f 1383/1729/936 1721/1604/964 1722/1605/964 1387/1874/936
s 0
f 1719/1876/1091 1413/1877/1091 1477/1871/1091 1720/1758/1091
s 1
f 1730/1851/568 1734/1881/568 1735/1880/568 1736/1879/568 1737/1878/568 1731/1860/568 1732/1669/568 1733/1670/568
f 1730/1753/1038 1739/1754/1040 1743/1863/1092 1734/1882/1093
f 1734/1882/1093 1743/1863/1092 1742/1864/1094 1735/1883/1095
f 1735/1883/1095 1742/1864/1094 1741/1865/1096 1736/1884/1097
f 1736/1884/1097 1741/1865/1096 1740/1866/1098 1737/1885/1099
f 1737/1885/1099 1740/1866/1098 1738/1867/1100 1731/1886/1101
f 1657/1887/1102 1731/1886/1101 1738/1867/1100 1720/1861/1102
f 1757/1888/1103 1766/1889/1104 1778/1890/1105 1774/1891/1106
f 1751/1892/1107 1782/1893/1108 1783/1894/1109 1752/1895/1110
f 1751/1896/1111 1770/1897/1112 1804/1898/1113 1782/1899/1114
f 1782/1899/1114 1804/1898/1113 1749/1900/1115 1746/1901/1116
f 1759/1902/1117 1776/1903/1118 1801/1904/1119 1789/1905/1117
f 1789/1905/1117 1801/1904/1119 1770/1897/1112 1751/1896/1111
f 1759/1902/1117 1765/1906/1117 1779/1907/1120 1776/1903/1118
f 1783/1894/1109 1782/1893/1108 1746/1908/1121 1747/1909/1122
f 1759/1910/1123 1789/1911/1124 1790/1912/1125 1760/1913/1126
f 1790/1912/1125 1789/1911/1124 1751/1892/1107 1752/1895/1110
f 1755/1914/1127 1784/1915/1128 1810/1916/1129 1773/1917/1130
f 1772/1918/1131 1796/1919/1132 1806/1920/1133 1805/1921/1134
f 1754/1922/1135 1805/1921/1136 1806/1920/1136 1810/1916/1137
f 1759/1902/1117 1780/1923/1138 1793/1924/1139 1765/1906/1117
f 1749/1900/1115 1804/1898/1113 1807/1925/1140 1785/1926/1141
f 1804/1898/1113 1770/1897/1112 1797/1927/1142 1807/1925/1143
f 1807/1925/1143 1797/1927/1142 1772/1918/1144 1805/1921/1144
f 1785/1926/1141 1807/1925/1140 1805/1921/1145 1754/1922/1145
f 1777/1928/1146 1758/1929/1147 1781/1930/1148 1803/1931/1149
f 1803/1931/1149 1781/1930/1148 1750/1932/1150 1771/1933/1151
f 1748/1934/1152 1749/1935/1153 1785/1936/1154 1787/1937/1155
f 1787/1937/1155 1785/1936/1154 1754/1938/1156 1753/1939/1157
f 1771/1933/1151 1750/1932/1150 1786/1940/1158 1795/1941/1159
f 1795/1941/1159 1786/1940/1158 1755/1914/1127 1773/1917/1130
f 1759/1910/1123 1760/1913/1126 1792/1942/1160 1780/1943/1161
f 1793/1924/1139 1780/1923/1138 1763/1944/1162 1767/1945/1163
f 1779/1907/1120 1765/1906/1117 1756/1946/1117 1775/1947/1164
f 1756/1946/1117 1791/1948/1165 1788/1949/1166 1744/1950/1117
f 1788/1949/1166 1791/1948/1165 1762/1951/1167 1761/1952/1168
f 1766/1889/1104 1758/1929/1147 1777/1928/1146 1778/1890/1105
f 1780/1943/1161 1792/1942/1160 1764/1953/1169 1763/1954/1169
f 1765/1906/1117 1793/1924/1139 1791/1948/1165 1756/1946/1117
f 1791/1948/1165 1793/1924/1139 1767/1945/1163 1762/1951/1167
f 1775/1947/1164 1769/1955/1170 1799/1956/1171 1798/1957/1172
f 1771/1933/1151 1795/1941/1159 1808/1958/1173 1794/1959/1174
f 1795/1941/1159 1773/1917/1130 1796/1919/1132 1808/1958/1173
f 1808/1958/1173 1796/1919/1132 1772/1918/1131 1797/1927/1142
f 1794/1959/1174 1808/1958/1173 1797/1927/1142 1770/1897/1112
f 1798/1957/1172 1799/1956/1171 1768/1960/1175 1774/1891/1176
f 1779/1907/1120 1775/1947/1164 1798/1957/1172 1800/1961/1177
f 1800/1961/1177 1798/1957/1172 1774/1891/1176 1778/1890/1178
f 1776/1903/1118 1779/1907/1120 1800/1961/1177 1802/1962/1179
f 1770/1897/1112 1801/1904/1119 1809/1963/1180 1794/1959/1174
f 1801/1904/1119 1776/1903/1118 1802/1962/1179 1809/1963/1180
f 1809/1963/1180 1802/1962/1179 1777/1928/1181 1803/1931/1182
f 1794/1959/1174 1809/1963/1180 1803/1931/1182 1771/1933/1151
f 1802/1962/1179 1800/1961/1177 1778/1890/1178 1777/1928/1181
f 1745/1964/1183 1757/1888/1103 1774/1891/1106 1768/1960/1183
f 1775/1947/1164 1756/1946/1117 1744/1950/1117 1769/1955/1170
f 1773/1917/1130 1810/1916/1129 1806/1920/1133 1796/1919/1132
f 1810/1916/1137 1784/1915/1184 1753/1965/1184 1754/1922/1135
f 1746/1908/1121 1749/1935/1153 1748/1934/1152 1747/1909/1122
f 1757/1888/1103 1829/1966/1185 1833/1967/1186 1766/1889/1104
f 1814/1968/1187 1752/1895/1110 1783/1894/1109 1836/1969/1188
f 1814/1970/1189 1836/1971/1190 1852/1972/1191 1825/1973/1192
f 1836/1971/1190 1812/1974/1193 1813/1975/1194 1852/1972/1191
f 1817/1976/1195 1839/1977/1195 1849/1978/1196 1831/1979/1197
f 1839/1977/1195 1814/1970/1189 1825/1973/1192 1849/1978/1196
f 1817/1976/1195 1831/1979/1197 1834/1980/1198 1821/1981/1195
f 1783/1894/1109 1747/1909/1122 1812/1982/1199 1836/1969/1188
f 1817/1983/1200 1760/1913/1201 1790/1912/1125 1839/1984/1202
f 1790/1912/1125 1752/1895/1110 1814/1968/1187 1839/1984/1202
f 1755/1914/1127 1828/1985/1203 1858/1986/1204 1784/1915/1128
f 1827/1987/1205 1853/1988/1206 1854/1989/1207 1844/1990/1208
f 1815/1991/1209 1858/1986/1210 1854/1989/1211 1853/1988/1211
f 1817/1976/1195 1821/1981/1195 1841/1992/1212 1835/1993/1213
f 1813/1975/1194 1837/1994/1214 1855/1995/1215 1852/1972/1191
f 1852/1972/1191 1855/1995/1216 1845/1996/1217 1825/1973/1192
f 1855/1995/1216 1853/1988/1218 1827/1987/1218 1845/1996/1217
f 1837/1994/1214 1815/1991/1219 1853/1988/1219 1855/1995/1215
f 1832/1997/1220 1851/1998/1221 1781/1930/1148 1758/1929/1147
f 1851/1998/1221 1826/1999/1222 1750/1932/1150 1781/1930/1148
f 1748/1934/1152 1787/1937/1155 1837/2000/1223 1813/2001/1224
f 1787/1937/1155 1753/1939/1157 1815/2002/1225 1837/2000/1223
f 1826/1999/1222 1843/2003/1226 1786/1940/1158 1750/1932/1150
f 1843/2003/1226 1828/1985/1203 1755/1914/1127 1786/1940/1158
f 1817/1983/1200 1835/2004/1227 1792/1942/1228 1760/1913/1201
f 1841/1992/1212 1822/2005/1229 1820/2006/1230 1835/1993/1213
f 1834/1980/1198 1830/2007/1231 1816/2008/1195 1821/1981/1195
f 1816/2008/1195 1811/2009/1195 1838/2010/1232 1840/2011/1233
f 1838/2010/1232 1818/2012/1234 1819/2013/1235 1840/2011/1233
f 1766/1889/1104 1833/1967/1186 1832/1997/1220 1758/1929/1147
f 1835/2004/1227 1820/2014/1236 1764/1953/1236 1792/1942/1228
f 1821/1981/1195 1816/2008/1195 1840/2011/1233 1841/1992/1212
f 1840/2011/1233 1819/2013/1235 1822/2005/1229 1841/1992/1212
f 1830/2007/1231 1846/2015/1237 1847/2016/1238 1824/2017/1239
f 1826/1999/1222 1842/2018/1240 1856/2019/1241 1843/2003/1226
f 1843/2003/1226 1856/2019/1241 1844/1990/1208 1828/1985/1203
f 1856/2019/1241 1845/1996/1217 1827/1987/1205 1844/1990/1208
f 1842/2018/1240 1825/1973/1192 1845/1996/1217 1856/2019/1241
f 1846/2015/1237 1829/1966/1242 1823/2020/1243 1847/2016/1238
f 1834/1980/1198 1848/2021/1244 1846/2015/1237 1830/2007/1231
f 1848/2021/1244 1833/1967/1245 1829/1966/1242 1846/2015/1237
f 1831/1979/1197 1850/2022/1246 1848/2021/1244 1834/1980/1198
f 1825/1973/1192 1842/2018/1240 1857/2023/1247 1849/1978/1196
f 1849/1978/1196 1857/2023/1247 1850/2022/1246 1831/1979/1197
f 1857/2023/1247 1851/1998/1248 1832/1997/1249 1850/2022/1246
f 1842/2018/1240 1826/1999/1222 1851/1998/1248 1857/2023/1247
f 1850/2022/1246 1832/1997/1249 1833/1967/1245 1848/2021/1244
f 1745/1964/1250 1823/2020/1250 1829/1966/1185 1757/1888/1103
f 1830/2007/1231 1824/2017/1239 1811/2009/1195 1816/2008/1195
f 1828/1985/1203 1844/1990/1208 1854/1989/1207 1858/1986/1204
f 1858/1986/1210 1815/1991/1209 1753/1965/1184 1784/1915/1184
f 1812/1982/1199 1747/1909/1122 1748/1934/1152 1813/2001/1224
o Gun_Revolver_Barrel_Red
v -0.167902 0.060228 0.040719
v -0.167902 0.050061 0.036508
v -0.167902 0.034631 0.021078
v -0.167902 0.030420 0.010911
v -0.171696 0.061405 0.036327
v -0.171696 0.052335 0.032570
v -0.171696 0.038569 0.018804
v -0.171696 0.034812 0.009734
v -0.189998 0.063498 0.028517
v -0.184280 0.061405 0.036327
v -0.189998 0.056377 0.025568
v -0.184280 0.052335 0.032570
v -0.189998 0.045571 0.014762
v -0.184280 0.038569 0.018804
v -0.189998 0.042622 0.007641
v -0.184280 0.034812 0.009734
v -0.073327 0.061957 0.034267
v -0.073327 0.053401 0.030723
v -0.073327 0.040416 0.017738
v -0.073327 0.036872 0.009182
v -0.169476 0.062071 0.039075
v -0.169476 0.032047 0.008938
v -0.169476 0.037087 0.021206
v -0.169476 0.049860 0.033996
v -0.189998 0.071139 0.000000
v -0.167902 0.030420 -0.010911
v -0.167902 0.034631 -0.021078
v -0.167902 0.050061 -0.036508
v -0.167902 0.060228 -0.040719
v -0.171696 0.034812 -0.009734
v -0.171696 0.038569 -0.018804
v -0.171696 0.052335 -0.032570
v -0.171696 0.061405 -0.036327
v -0.189998 0.042622 -0.007641
v -0.184280 0.034812 -0.009734
v -0.189998 0.045571 -0.014762
v -0.184280 0.038569 -0.018804
v -0.189998 0.056377 -0.025568
v -0.184280 0.052335 -0.032570
v -0.189998 0.063498 -0.028517
v -0.184280 0.061405 -0.036327
v -0.073327 0.036872 -0.009182
v -0.073327 0.040416 -0.017738
v -0.073327 0.053401 -0.030723
v -0.073327 0.061957 -0.034267
v -0.169476 0.032064 -0.009068
v -0.169476 0.062201 -0.039092
v -0.169476 0.049933 -0.034052
v -0.169476 0.037143 -0.021279
v -0.167902 0.082050 -0.040719
v -0.167902 0.092217 -0.036508
v -0.167902 0.107647 -0.021078
v -0.167902 0.111858 -0.010911
v -0.171696 0.080873 -0.036327
v -0.171696 0.089943 -0.032570
v -0.171696 0.103709 -0.018804
v -0.171696 0.107466 -0.009734
v -0.189998 0.078780 -0.028517
v -0.184280 0.080873 -0.036327
v -0.189998 0.085901 -0.025568
v -0.184280 0.089943 -0.032570
v -0.189998 0.096707 -0.014762
v -0.184280 0.103709 -0.018804
v -0.189998 0.099656 -0.007641
v -0.184279 0.107466 -0.009734
v -0.073327 0.080321 -0.034267
v -0.073327 0.088877 -0.030723
v -0.073327 0.101862 -0.017738
v -0.073327 0.105406 -0.009182
v -0.169476 0.080207 -0.039075
v -0.169476 0.110231 -0.008938
v -0.169476 0.105191 -0.021206
v -0.169476 0.092418 -0.033996
v -0.167902 0.111858 0.010911
v -0.167902 0.107647 0.021078
v -0.167902 0.092217 0.036508
v -0.167902 0.082050 0.040719
v -0.171696 0.107466 0.009734
v -0.171696 0.103709 0.018804
v -0.171696 0.089943 0.032570
v -0.171696 0.080873 0.036327
v -0.189998 0.099656 0.007641
v -0.184280 0.107466 0.009734
v -0.189998 0.096707 0.014762
v -0.184280 0.103709 0.018804
v -0.189998 0.085901 0.025568
v -0.184280 0.089943 0.032570
v -0.189998 0.078780 0.028517
v -0.184280 0.080873 0.036327
v -0.073327 0.105406 0.009182
v -0.073327 0.101862 0.017738
v -0.073327 0.088877 0.030723
v -0.073327 0.080321 0.034267
v -0.169476 0.110214 0.009068
v -0.169476 0.080077 0.039092
v -0.169476 0.092345 0.034052
v -0.169476 0.105135 0.021279
v -0.171696 0.071139 0.035774
v -0.169476 0.071075 0.038489
v -0.184280 0.071139 0.035774
v -0.189998 0.071139 0.028084
v -0.073327 0.071139 0.033746
v -0.125502 0.071139 0.040100
v -0.126587 0.071075 0.038528
v -0.171696 0.045843 0.025296
v -0.184280 0.045843 0.025296
v -0.189998 0.051281 0.019858
v -0.073327 0.047277 0.023862
v -0.125502 0.042784 0.028355
v -0.169476 0.043895 0.027181
v -0.126605 0.043879 0.027197
v -0.171696 0.035365 -0.000000
v -0.184280 0.035365 -0.000000
v -0.189998 0.043056 0.000000
v -0.073327 0.037393 0.000000
v -0.125502 0.031039 0.000000
v -0.169476 0.032650 -0.000064
v -0.126587 0.032611 -0.000064
v -0.171696 0.045843 -0.025296
v -0.184280 0.045843 -0.025296
v -0.189998 0.051281 -0.019858
v -0.073327 0.047277 -0.023862
v -0.125502 0.042784 -0.028355
v -0.169476 0.043958 -0.027244
v -0.126605 0.043942 -0.027260
v -0.171696 0.071139 -0.035774
v -0.184280 0.071139 -0.035774
v -0.189998 0.071139 -0.028083
v -0.073327 0.071139 -0.033746
v -0.125502 0.071139 -0.040100
v -0.169476 0.071203 -0.038489
v -0.126587 0.071203 -0.038528
v -0.171696 0.096435 -0.025296
v -0.184280 0.096435 -0.025296
v -0.189998 0.090997 -0.019858
v -0.073327 0.095001 -0.023862
v -0.125502 0.099494 -0.028355
v -0.169476 0.098383 -0.027181
v -0.126605 0.098399 -0.027197
v -0.171696 0.106913 0.000000
v -0.184280 0.106913 0.000000
v -0.189998 0.099223 0.000000
v -0.073327 0.104885 0.000000
v -0.125502 0.111239 0.000000
v -0.169476 0.109628 0.000064
v -0.126587 0.109667 0.000064
v -0.171696 0.096435 0.025296
v -0.184280 0.096435 0.025296
v -0.189998 0.090997 0.019858
v -0.073327 0.095001 0.023862
v -0.125502 0.099494 0.028355
v -0.169476 0.098320 0.027244
v -0.126605 0.098336 0.027260
v -0.125502 0.064877 0.040719
v -0.129198 0.060228 0.040719
v -0.122126 0.060228 0.040719
v -0.129191 0.050061 0.036508
v -0.125502 0.046720 0.033166
v -0.122126 0.050061 0.036508
v -0.125502 0.037888 0.024335
v -0.129206 0.034631 0.021078
v -0.122126 0.034631 0.021078
v -0.129176 0.030420 0.010911
v -0.125502 0.030420 0.006087
v -0.122126 0.030420 0.010911
v -0.130284 0.062063 0.039112
v -0.126587 0.066707 0.039119
v -0.126588 0.032012 0.004120
v -0.130263 0.032010 0.008947
v -0.126605 0.046507 0.030670
v -0.130295 0.049849 0.034014
v -0.130310 0.037069 0.021217
v -0.126605 0.040321 0.024476
v -0.125502 0.030420 -0.006262
v -0.129198 0.030420 -0.010911
v -0.122126 0.030420 -0.010911
v -0.129191 0.034631 -0.021078
v -0.125502 0.037973 -0.024419
v -0.122126 0.034631 -0.021078
v -0.125502 0.046804 -0.033251
v -0.129206 0.050061 -0.036508
v -0.122126 0.050061 -0.036508
v -0.129176 0.060228 -0.040719
v -0.125502 0.065052 -0.040719
v -0.122126 0.060228 -0.040719
v -0.130284 0.032027 -0.009076
v -0.126588 0.032020 -0.004432
v -0.126587 0.067019 -0.039127
v -0.130263 0.062192 -0.039129
v -0.126605 0.040469 -0.024632
v -0.130295 0.037125 -0.021290
v -0.130310 0.049922 -0.034070
v -0.126605 0.046663 -0.030818
v -0.125502 0.077401 -0.040719
v -0.129198 0.082050 -0.040719
v -0.122126 0.082050 -0.040719
v -0.129191 0.092217 -0.036508
v -0.125502 0.095558 -0.033166
v -0.122126 0.092217 -0.036508
v -0.125502 0.104390 -0.024335
v -0.129206 0.107647 -0.021078
v -0.122126 0.107647 -0.021078
v -0.129176 0.111858 -0.010911
v -0.125502 0.111858 -0.006087
v -0.122126 0.111858 -0.010911
v -0.130284 0.080215 -0.039112
v -0.126587 0.075571 -0.039119
v -0.126587 0.110266 -0.004120
v -0.130263 0.110268 -0.008947
v -0.126605 0.095771 -0.030670
v -0.130295 0.092429 -0.034014
v -0.130310 0.105209 -0.021217
v -0.126605 0.101957 -0.024476
v -0.125502 0.111858 0.006262
v -0.129197 0.111858 0.010911
v -0.122126 0.111858 0.010911
v -0.129191 0.107647 0.021078
v -0.125502 0.104305 0.024419
v -0.122126 0.107647 0.021078
v -0.125502 0.095474 0.033251
v -0.129206 0.092217 0.036508
v -0.122126 0.092217 0.036508
v -0.129176 0.082050 0.040719
v -0.125502 0.077226 0.040719
v -0.122126 0.082050 0.040719
v -0.130284 0.110251 0.009076
v -0.126587 0.110258 0.004432
v -0.126587 0.075259 0.039127
v -0.130263 0.080086 0.039129
v -0.126605 0.101809 0.024632
v -0.130295 0.105153 0.021290
v -0.130310 0.092356 0.034070
v -0.126605 0.095615 0.030818
v -0.167902 0.056758 0.040074
v -0.167902 0.052970 0.038504
v -0.171696 0.054744 0.034224
v -0.171696 0.058534 0.035793
v -0.184280 0.054744 0.034223
v -0.184280 0.058534 0.035793
v -0.189998 0.057896 0.026610
v -0.189998 0.061688 0.028181
v -0.073327 0.059034 0.033723
v -0.073327 0.055851 0.032405
v -0.169476 0.057574 0.038028
v -0.169476 0.053774 0.036447
v -0.122126 0.056756 0.040073
v -0.122126 0.052972 0.038506
v -0.129193 0.052971 0.038505
v -0.129196 0.056757 0.040074
v -0.167902 0.032633 0.018167
v -0.167902 0.031065 0.014378
v -0.171696 0.035347 0.012607
v -0.171696 0.036917 0.016397
v -0.184280 0.035346 0.012607
v -0.184280 0.036917 0.016397
v -0.189998 0.042959 0.009453
v -0.189998 0.044530 0.013245
v -0.073327 0.038733 0.015286
v -0.073327 0.037415 0.012103
v -0.169476 0.034645 0.017266
v -0.169476 0.033081 0.013458
v -0.122126 0.032632 0.018165
v -0.122126 0.031065 0.014381
v -0.129186 0.031065 0.014380
v -0.129197 0.032632 0.018166
v -0.167902 0.031065 -0.014381
v -0.167902 0.032635 -0.018170
v -0.171696 0.036915 -0.016395
v -0.171696 0.035346 -0.012605
v -0.184280 0.036916 -0.016395
v -0.184280 0.035346 -0.012605
v -0.189998 0.044529 -0.013243
v -0.189998 0.042958 -0.009451
v -0.073327 0.037416 -0.012105
v -0.073327 0.038734 -0.015288
v -0.169476 0.033111 -0.013565
v -0.169476 0.034692 -0.017365
v -0.122126 0.032633 -0.018167
v -0.122126 0.031066 -0.014383
v -0.129193 0.032634 -0.018168
v -0.129196 0.031065 -0.014382
v -0.167902 0.052972 -0.038506
v -0.167902 0.056761 -0.040074
v -0.171696 0.058532 -0.035792
v -0.171696 0.054742 -0.034222
v -0.184280 0.058532 -0.035793
v -0.184280 0.054742 -0.034222
v -0.189998 0.061686 -0.028180
v -0.189998 0.057895 -0.026609
v -0.073327 0.055853 -0.032406
v -0.073327 0.059036 -0.033724
v -0.169476 0.053873 -0.036494
v -0.169476 0.057681 -0.038058
v -0.122126 0.052974 -0.038507
v -0.122126 0.056758 -0.040074
v -0.129186 0.056759 -0.040074
v -0.129197 0.052973 -0.038507
v -0.167902 0.085520 -0.040074
v -0.167902 0.089309 -0.038504
v -0.171696 0.087534 -0.034224
v -0.171696 0.083745 -0.035793
v -0.184280 0.087534 -0.034223
v -0.184280 0.083744 -0.035793
v -0.189998 0.084382 -0.026610
v -0.189998 0.080590 -0.028181
v -0.073327 0.083244 -0.033723
v -0.073327 0.086427 -0.032405
v -0.169476 0.084704 -0.038028
v -0.169476 0.088504 -0.036447
v -0.122126 0.089306 -0.038506
v -0.122126 0.085522 -0.040073
v -0.129193 0.089307 -0.038505
v -0.129196 0.085521 -0.040074
v -0.167902 0.109645 -0.018167
v -0.167902 0.111214 -0.014378
v -0.171696 0.106931 -0.012607
v -0.171696 0.105361 -0.016397
v -0.184279 0.106932 -0.012607
v -0.184280 0.105361 -0.016397
v -0.189998 0.099319 -0.009453
v -0.189998 0.097748 -0.013245
v -0.073327 0.103545 -0.015286
v -0.073327 0.104863 -0.012103
v -0.169476 0.107633 -0.017266
v -0.169476 0.109197 -0.013458
v -0.122126 0.109646 -0.018165
v -0.122126 0.111213 -0.014381
v -0.129186 0.111213 -0.014380
v -0.129197 0.109646 -0.018166
v -0.167902 0.111213 0.014381
v -0.167902 0.109643 0.018170
v -0.171696 0.105363 0.016395
v -0.171696 0.106932 0.012605
v -0.184280 0.105362 0.016395
v -0.184280 0.106932 0.012605
v -0.189998 0.097749 0.013243
v -0.189998 0.099320 0.009451
v -0.073327 0.104862 0.012105
v -0.073327 0.103544 0.015288
v -0.169476 0.109167 0.013565
v -0.169476 0.107586 0.017365
v -0.122126 0.109645 0.018167
v -0.122126 0.111212 0.014383
v -0.129193 0.109644 0.018168
v -0.129196 0.111213 0.014382
v -0.167902 0.089306 0.038506
v -0.167902 0.085517 0.040075
v -0.171696 0.083746 0.035792
v -0.171696 0.087536 0.034222
v -0.184280 0.083746 0.035793
v -0.184280 0.087536 0.034222
v -0.189998 0.080592 0.028180
v -0.189998 0.084384 0.026609
v -0.073327 0.086425 0.032406
v -0.073327 0.083242 0.033724
v -0.169476 0.088405 0.036494
v -0.169476 0.084597 0.038058
v -0.129186 0.085519 0.040074
v -0.129197 0.089305 0.038507
v -0.122126 0.089304 0.038507
v -0.122126 0.085520 0.040074
v -0.068203 0.050210 0.020929
v -0.068203 0.044192 0.015558
v -0.068203 0.071139 0.000000
v -0.068203 0.041084 0.008053
v -0.068203 0.063086 0.030055
v -0.068203 0.055581 0.026947
v -0.068203 0.050210 -0.020929
v -0.068203 0.055581 -0.026947
v -0.068203 0.041541 0.000000
v -0.068203 0.041084 -0.008053
v -0.068203 0.063086 -0.030055
v -0.068203 0.044192 -0.015558
v -0.068203 0.092068 -0.020929
v -0.068203 0.098086 -0.015558
v -0.068203 0.071139 -0.029598
v -0.068203 0.079192 -0.030055
v -0.068203 0.101194 -0.008053
v -0.068203 0.086697 -0.026947
v -0.068203 0.092068 0.020929
v -0.068203 0.086697 0.026947
v -0.068203 0.100737 0.000000
v -0.068203 0.101194 0.008053
v -0.068203 0.079192 0.030055
v -0.068203 0.098086 0.015558
v -0.068203 0.071139 0.029598
v -0.068203 0.057730 0.028422
v -0.068203 0.060522 0.029578
v -0.068203 0.041560 0.010615
v -0.068203 0.042716 0.013408
v -0.068203 0.042717 -0.013409
v -0.068203 0.041561 -0.010617
v -0.068203 0.060524 -0.029579
v -0.068203 0.057731 -0.028423
v -0.068203 0.084548 -0.028422
v -0.068203 0.081756 -0.029578
v -0.068203 0.100718 -0.010615
v -0.068203 0.099562 -0.013408
v -0.068203 0.099561 0.013409
v -0.068203 0.100717 0.010617
v -0.068203 0.081754 0.029579
v -0.068203 0.084547 0.028423
v -0.087033 0.057624 0.037652
v -0.083197 0.059766 0.031686
v -0.083197 0.093559 0.022420
v -0.087033 0.097781 0.026642
v -0.087033 0.105441 0.019804
v -0.083197 0.100006 0.016666
v -0.087033 0.090943 -0.034302
v -0.083197 0.087805 -0.028867
v -0.083197 0.093559 -0.022420
v -0.087033 0.097781 -0.026642
v -0.087033 0.105441 -0.019804
v -0.083197 0.100006 -0.016666
v -0.083197 0.101587 -0.014363
v -0.087033 0.107320 -0.017067
v -0.087033 0.033487 -0.013515
v -0.083197 0.039453 -0.011373
v -0.083197 0.040692 -0.014364
v -0.087033 0.034959 -0.017069
v -0.087033 0.032880 0.010251
v -0.083197 0.038942 0.008627
v -0.083197 0.039432 0.000000
v -0.087033 0.033462 0.000000
v -0.083197 0.039453 0.011372
v -0.087033 0.033486 0.013513
v -0.087033 0.034958 0.017067
v -0.083197 0.040691 0.014363
v -0.087033 0.036837 -0.019804
v -0.083197 0.042272 -0.016666
v -0.083197 0.048719 -0.022420
v -0.087033 0.044497 -0.026642
v -0.083197 0.079766 0.032197
v -0.087033 0.081390 0.038259
v -0.087033 0.051335 -0.034302
v -0.083197 0.054473 -0.028867
v -0.083197 0.056776 -0.030448
v -0.087033 0.054072 -0.036181
v -0.083197 0.082511 0.031686
v -0.087033 0.084652 0.037653
v -0.087033 0.088206 0.036181
v -0.083197 0.085502 0.030448
v -0.082775 0.040416 -0.017738
v -0.087534 0.034631 -0.021078
v -0.087534 0.111239 0.000000
v -0.082775 0.104885 0.000000
v -0.087534 0.085523 -0.040073
v -0.082775 0.083243 -0.033723
v -0.087534 0.052974 -0.038507
v -0.082775 0.055852 -0.032405
v -0.082775 0.053401 -0.030723
v -0.087534 0.050061 -0.036508
v -0.087534 0.032633 -0.018167
v -0.082775 0.038734 -0.015288
v -0.087534 0.031065 0.014382
v -0.082775 0.037415 0.012103
v -0.087534 0.034631 0.021078
v -0.082775 0.040416 0.017738
v -0.082775 0.103544 0.015288
v -0.087534 0.109645 0.018167
v -0.087534 0.111213 -0.014382
v -0.082775 0.104863 -0.012103
v -0.082775 0.071139 0.033746
v -0.087534 0.071139 0.040100
v -0.087534 0.082050 -0.040719
v -0.082775 0.080321 -0.034267
v -0.082775 0.059035 0.033723
v -0.087534 0.056755 0.040073
v -0.087534 0.092217 0.036508
v -0.082775 0.088877 0.030723
v -0.082775 0.047277 0.023862
v -0.087534 0.042784 0.028355
v -0.087534 0.085521 0.040074
v -0.082775 0.083242 0.033724
v -0.082775 0.101862 -0.017738
v -0.087534 0.107647 -0.021078
v -0.087534 0.042784 -0.028355
v -0.082775 0.047277 -0.023862
v -0.087534 0.031039 0.000000
v -0.082775 0.037393 0.000000
v -0.082775 0.037416 -0.012104
v -0.087534 0.031066 -0.014384
v -0.082775 0.038734 0.015287
v -0.087534 0.032632 0.018165
v -0.087534 0.060228 0.040719
v -0.082775 0.061957 0.034267
v -0.087534 0.082050 0.040719
v -0.082775 0.080321 0.034267
v -0.082775 0.104862 0.012104
v -0.087534 0.111212 0.014384
v -0.087534 0.109646 -0.018165
v -0.082775 0.103545 -0.015287
v -0.087534 0.111858 0.010911
v -0.082775 0.105406 0.009182
v -0.082775 0.101862 0.017738
v -0.087534 0.107647 0.021078
v -0.087534 0.089306 -0.038506
v -0.082775 0.086427 -0.032405
v -0.087534 0.056757 -0.040074
v -0.082775 0.059036 -0.033724
v -0.082775 0.105406 -0.009182
v -0.087534 0.111858 -0.010911
v -0.087534 0.099494 -0.028355
v -0.082775 0.095001 -0.023862
v -0.082775 0.086426 0.032406
v -0.087534 0.089304 0.038507
v -0.082775 0.088877 -0.030723
v -0.087534 0.092217 -0.036508
v -0.087534 0.071139 -0.040100
v -0.082775 0.071139 -0.033746
v -0.082775 0.061957 -0.034267
v -0.087534 0.060228 -0.040719
v -0.087534 0.052972 0.038506
v -0.082775 0.055851 0.032405
v -0.082775 0.036872 -0.009182
v -0.087534 0.030420 -0.010911
v -0.082775 0.036872 0.009182
v -0.087534 0.030420 0.010911
v -0.087534 0.099494 0.028355
v -0.082775 0.095001 0.023862
v -0.082775 0.053401 0.030723
v -0.087534 0.050061 0.036508
v -0.087033 0.054070 0.036180
v -0.083197 0.056775 0.030447
v -0.083197 0.071139 0.031707
v -0.087033 0.071139 0.037677
v -0.087033 0.060888 0.038259
v -0.083197 0.062512 0.032197
v -0.083197 0.103336 -0.008627
v -0.087033 0.109398 -0.010251
v -0.087033 0.108816 0.000000
v -0.083197 0.102846 0.000000
v -0.087033 0.071139 -0.037677
v -0.083197 0.071139 -0.031707
v -0.083197 0.062512 -0.032197
v -0.087033 0.060888 -0.038259
v -0.087033 0.090943 0.034302
v -0.083197 0.087805 0.028867
v -0.083197 0.038942 -0.008627
v -0.087033 0.032880 -0.010251
v -0.087033 0.081390 -0.038259
v -0.083197 0.079766 -0.032197
v -0.087033 0.084654 -0.037652
v -0.083197 0.082512 -0.031686
v -0.087033 0.108792 -0.013513
v -0.083197 0.102825 -0.011372
v -0.087033 0.109398 0.010251
v -0.083197 0.103336 0.008627
v -0.083197 0.101586 0.014364
v -0.087033 0.107319 0.017069
v -0.083197 0.048719 0.022420
v -0.087033 0.044497 0.026642
v -0.087033 0.036837 0.019804
v -0.083197 0.042272 0.016666
v -0.083197 0.102825 0.011373
v -0.087033 0.108791 0.013515
v -0.087033 0.057626 -0.037653
v -0.083197 0.059767 -0.031686
v -0.087033 0.088208 -0.036180
v -0.083197 0.085503 -0.030447
v -0.083197 0.054473 0.028867
v -0.087033 0.051335 0.034302
vn -0.0000 -0.8789 -0.4769
vn -0.0000 -0.8789 -0.4770
vn -0.0000 -0.8005 -0.5994
vn 0.0013 -0.7560 -0.6546
vn -0.8025 -0.0000 0.5967
vn -0.8116 0.0437 0.5826
vn -0.8102 0.0293 0.5854
vn -0.8202 -0.5042 0.2702
vn -0.8116 -0.4428 0.3810
vn -0.8102 -0.4347 0.3932
vn -0.8199 -0.5015 0.2762
vn -0.0047 -0.9976 -0.0684
vn -0.0046 -1.0000 -0.0010
vn -0.8202 -0.1655 0.5476
vn -0.8116 -0.0437 0.5826
vn -0.8102 -0.0293 0.5854
vn -0.8199 -0.1593 0.5499
vn -0.0000 -1.0000 -0.0000
vn -0.0000 -0.9980 0.0635
vn -0.7765 -0.6276 0.0570
vn -0.7766 -0.6024 0.1847
vn -0.7419 -0.6410 0.1967
vn -0.7615 -0.6449 0.0647
vn 0.0012 -0.0716 0.9974
vn -0.0000 -0.1425 0.9898
vn -0.0000 -0.2843 0.9587
vn -0.8025 -0.4219 0.4219
vn -0.8116 -0.3810 0.4428
vn -0.8102 -0.3932 0.4347
vn -0.7761 -0.4030 0.4851
vn -0.7766 -0.2946 0.5569
vn -0.7423 -0.3140 0.5919
vn -0.7615 -0.4107 0.5015
vn -0.8025 -0.5967 -0.0000
vn -0.8116 -0.5826 0.0437
vn -0.8102 -0.5854 0.0293
vn -0.8202 -0.5476 0.1655
vn -0.8199 -0.5499 0.1594
vn -0.0000 -0.7071 0.7071
vn -0.0000 -0.6608 0.7506
vn -0.8051 -0.3698 0.4637
vn -0.8053 -0.4207 0.4177
vn -0.8054 -0.4191 0.4191
vn -0.8202 -0.2701 0.5042
vn -0.8199 -0.2761 0.5015
vn -0.8051 -0.5931 -0.0032
vn -0.8008 -0.5947 -0.0706
vn -0.8052 -0.5930 -0.0000
vn 0.0012 -0.7559 0.6547
vn -0.0000 -0.8008 0.5989
vn -0.0000 -0.8790 0.4768
vn -0.0003 0.6623 0.7493
vn 0.0012 -0.9974 -0.0716
vn -0.0000 -0.9898 -0.1425
vn -0.0000 -0.9587 -0.2843
vn -0.0002 -0.0548 0.9985
vn -0.0047 0.0684 -0.9976
vn -0.0046 0.0010 -1.0000
vn -0.0046 -0.0010 1.0000
vn -0.0046 0.0665 0.9978
vn -0.0046 1.0000 0.0010
vn -0.0046 0.9978 -0.0665
vn -0.8056 0.0670 0.5886
vn -0.8051 -0.0032 0.5931
vn -0.8052 -0.0000 0.5930
vn -0.7790 -0.6270 0.0002
vn -0.7790 -0.6270 -0.0007
vn -0.0000 -0.9899 0.1418
vn -0.0000 -0.9588 0.2842
vn -0.0000 -0.9832 0.1828
vn 0.0036 -0.0000 1.0000
vn 0.0018 0.0629 0.9980
vn 0.0013 0.0718 0.9974
vn 0.0024 -0.0385 0.9993
vn 0.0013 -0.9974 0.0718
vn -0.8019 -0.4683 0.3710
vn -1.0000 -0.0000 -0.0000
vn -0.0000 -0.7506 0.6608
vn -0.0000 -0.8790 0.4769
vn 0.6513 -0.7271 0.2173
vn 0.6413 -0.7653 0.0557
vn 0.6398 -0.7675 0.0407
vn 0.6512 -0.7282 0.2138
vn 0.0018 -0.6612 0.7502
vn -0.0000 -0.4769 0.8789
vn 0.0013 -0.6546 0.7560
vn 0.6413 0.5805 0.5017
vn 0.6292 0.5496 0.5496
vn 0.6398 0.5715 0.5139
vn 0.6513 0.6678 0.3604
vn 0.6512 0.6661 0.3637
vn 0.6292 -0.0000 0.7773
vn 0.6413 -0.0557 0.7653
vn 0.6398 -0.0407 0.7675
vn -0.7784 -0.4440 -0.4438
vn -0.7784 -0.4436 -0.4442
vn -0.7608 -0.4112 -0.5020
vn -0.7756 -0.4014 -0.4872
vn -0.0000 0.9587 0.2843
vn -0.0000 0.8789 0.4769
vn -0.0000 0.4769 -0.8789
vn -0.0000 0.4770 -0.8789
vn -0.0000 0.5994 -0.8005
vn 0.0013 0.6546 -0.7560
vn -0.8025 -0.4219 -0.4219
vn -0.8116 -0.4428 -0.3810
vn -0.8102 -0.4347 -0.3932
vn -0.8202 -0.5476 -0.1655
vn -0.8116 -0.5826 -0.0437
vn -0.8102 -0.5854 -0.0293
vn -0.8199 -0.5499 -0.1593
vn -0.8202 -0.2702 -0.5042
vn -0.8116 -0.3810 -0.4428
vn -0.8102 -0.3932 -0.4347
vn -0.8199 -0.2762 -0.5015
vn -0.7761 -0.4851 -0.4030
vn -0.7766 -0.5569 -0.2946
vn -0.7423 -0.5919 -0.3140
vn -0.7615 -0.5015 -0.4107
vn -0.0000 -0.0000 -1.0000
vn -0.0000 -0.0635 -0.9980
vn -0.7765 -0.0570 -0.6276
vn -0.7766 -0.1847 -0.6024
vn -0.7419 -0.1967 -0.6410
vn -0.7615 -0.0647 -0.6449
vn 0.0012 -0.6547 -0.7559
vn -0.0000 -0.5989 -0.8008
vn -0.0000 -0.4768 -0.8790
vn -0.8202 -0.5042 -0.2701
vn -0.8199 -0.5015 -0.2761
vn -0.8025 -0.0000 -0.5967
vn -0.8116 -0.0437 -0.5826
vn -0.8102 -0.0293 -0.5854
vn -0.8202 -0.1655 -0.5476
vn -0.8199 -0.1594 -0.5499
vn -0.0000 -0.7071 -0.7071
vn -0.0000 -0.7506 -0.6608
vn -0.8051 -0.4637 -0.3698
vn -0.8053 -0.4177 -0.4207
vn -0.8054 -0.4191 -0.4191
vn -0.8056 -0.5886 0.0670
vn -0.8051 0.0032 -0.5931
vn -0.8008 0.0705 -0.5947
vn -0.8052 -0.0000 -0.5930
vn -0.0003 -0.7493 0.6623
vn 0.0012 0.0716 -0.9974
vn -0.0000 0.1425 -0.9898
vn -0.0000 0.2843 -0.9587
vn -0.0002 -0.9985 -0.0548
vn -0.0047 0.9976 0.0684
vn -0.0046 -0.9978 0.0665
vn -0.7790 -0.0002 -0.6270
vn -0.7790 0.0007 -0.6270
vn 0.0024 -0.9993 -0.0385
vn 0.0036 -1.0000 -0.0000
vn 0.0018 -0.9980 0.0629
vn -0.0000 -0.1418 -0.9899
vn -0.0000 -0.2842 -0.9588
vn -0.0000 -0.1828 -0.9832
vn -0.0000 -0.8244 -0.5659
vn 0.0013 -0.0718 -0.9974
vn -0.8019 -0.3710 -0.4683
vn -0.0000 -0.6608 -0.7506
vn 0.6413 -0.5805 0.5017
vn 0.6513 -0.6678 0.3603
vn 0.6512 -0.6662 0.3636
vn 0.6398 -0.5715 0.5139
vn 0.6413 0.7653 0.0557
vn 0.6513 0.7270 0.2174
vn 0.6512 0.7282 0.2139
vn 0.6398 0.7675 0.0407
vn 0.6513 -0.2174 0.7270
vn 0.6512 -0.2139 0.7282
vn 0.6292 -0.7773 -0.0000
vn 0.0018 0.9980 0.0630
vn 0.0012 0.9974 0.0716
vn -0.7784 0.4438 -0.4440
vn -0.7784 0.4442 -0.4436
vn -0.7608 0.5020 -0.4112
vn -0.7756 0.4872 -0.4014
vn 0.0036 -0.7071 -0.7071
vn 0.0023 -0.7334 -0.6798
vn 0.0018 -0.6612 -0.7502
vn -0.0000 0.8789 0.4770
vn -0.0000 0.8005 0.5994
vn 0.0013 0.7560 0.6546
vn -0.8025 0.4219 -0.4219
vn -0.8116 0.3810 -0.4428
vn -0.8102 0.3932 -0.4347
vn -0.8202 0.1655 -0.5476
vn -0.8116 0.0437 -0.5826
vn -0.8102 0.0293 -0.5854
vn -0.8199 0.1593 -0.5499
vn -0.8202 0.5042 -0.2702
vn -0.8116 0.4428 -0.3810
vn -0.8102 0.4347 -0.3932
vn -0.8199 0.5015 -0.2762
vn -0.7761 0.4030 -0.4851
vn -0.7766 0.2946 -0.5569
vn -0.7423 0.3140 -0.5919
vn -0.7615 0.4107 -0.5015
vn -0.0000 1.0000 -0.0000
vn -0.0000 0.9980 -0.0635
vn -0.7765 0.6276 -0.0570
vn -0.7766 0.6024 -0.1847
vn -0.7419 0.6410 -0.1967
vn -0.7615 0.6449 -0.0647
vn 0.0012 0.7559 -0.6547
vn -0.0000 0.8008 -0.5989
vn -0.0000 0.8790 -0.4768
vn -0.8202 0.2701 -0.5042
vn -0.8199 0.2761 -0.5015
vn -0.8025 0.5967 -0.0000
vn -0.8116 0.5826 -0.0437
vn -0.8102 0.5854 -0.0293
vn -0.8202 0.5476 -0.1655
vn -0.8199 0.5499 -0.1594
vn -0.0000 0.7071 -0.7071
vn -0.0000 0.6608 -0.7506
vn -0.8051 0.3698 -0.4637
vn -0.8053 0.4207 -0.4177
vn -0.8054 0.4191 -0.4191
vn -0.8056 -0.0670 -0.5886
vn -0.8051 0.5931 0.0032
vn -0.8008 0.5947 0.0705
vn -0.8052 0.5930 -0.0000
vn -0.0003 -0.6623 -0.7493
vn -0.0000 0.9898 0.1425
vn -0.0002 0.0548 -0.9985
vn -0.0047 -0.0684 0.9976
vn -0.0046 -0.0665 -0.9978
vn -0.7790 0.6270 -0.0002
vn -0.7790 0.6270 0.0007
vn -0.0000 0.0635 -0.9980
vn -0.0000 0.9899 -0.1418
vn -0.0000 0.9588 -0.2842
vn -0.0000 0.9832 -0.1828
vn -0.0000 0.5659 -0.8244
vn 0.0013 0.9974 -0.0718
vn -0.8019 0.4683 -0.3710
vn -0.0000 -0.9980 -0.0635
vn 0.6513 0.3603 0.6678
vn 0.6513 0.2173 0.7271
vn 0.6512 0.2138 0.7282
vn 0.6512 0.3636 0.6662
vn 0.6292 -0.5496 0.5496
vn 0.6292 -0.0000 -0.7773
vn 0.6413 0.0557 -0.7653
vn 0.6398 0.0407 -0.7675
vn -0.0000 -0.4769 -0.8790
vn -0.7784 0.4440 0.4438
vn -0.7784 0.4436 0.4442
vn -0.7608 0.4112 0.5020
vn -0.7756 0.4014 0.4872
vn 0.0036 0.7071 -0.7071
vn 0.0023 0.6798 -0.7334
vn 0.0018 0.7502 -0.6612
vn -0.8025 0.4219 0.4219
vn -0.8116 0.4428 0.3810
vn -0.8102 0.4347 0.3932
vn -0.8202 0.5476 0.1655
vn -0.8116 0.5826 0.0437
vn -0.8102 0.5854 0.0293
vn -0.8199 0.5499 0.1593
vn -0.0000 -0.5994 0.8005
vn -0.0000 -0.4770 0.8789
vn -0.0000 -0.5659 0.8244
vn -0.7761 0.4851 0.4030
vn -0.7766 0.5569 0.2946
vn -0.7423 0.5919 0.3140
vn -0.7615 0.5015 0.4107
vn 0.0012 0.6547 0.7559
vn -0.0000 0.5989 0.8008
vn -0.0000 0.4768 0.8790
vn -0.8202 0.2702 0.5042
vn -0.8116 0.3810 0.4428
vn -0.8102 0.3932 0.4347
vn -0.8199 0.2762 0.5015
vn -0.8202 0.5042 0.2701
vn -0.8199 0.5015 0.2761
vn -0.0000 0.7071 0.7071
vn -0.0000 0.7506 0.6608
vn -0.7765 0.0570 0.6276
vn -0.7766 0.1847 0.6024
vn -0.7419 0.1967 0.6410
vn -0.7615 0.0647 0.6449
vn -0.8202 0.1655 0.5476
vn -0.8199 0.1594 0.5499
vn -0.8056 0.5886 -0.0670
vn -0.8008 -0.0705 0.5947
vn -0.0003 0.7493 -0.6622
vn -0.7790 0.0002 0.6270
vn -0.7790 -0.0007 0.6270
vn -0.7612 -0.0639 0.6454
vn -0.7757 -0.0600 0.6282
vn -0.8051 0.4637 0.3698
vn -0.8053 0.4177 0.4207
vn -0.8054 0.4191 0.4191
vn 0.0024 0.9993 0.0385
vn 0.0036 1.0000 -0.0000
vn 0.0018 0.9980 -0.0629
vn -0.0000 0.6608 0.7506
vn -0.0000 0.4769 0.8790
vn -0.0000 0.8244 0.5660
vn -0.0000 0.2842 0.9588
vn -0.0000 0.1418 0.9899
vn -0.8019 0.3710 0.4683
vn 0.0018 -0.0630 0.9980
vn 0.0023 0.0381 0.9993
vn 0.6513 0.7271 -0.2173
vn 0.6413 0.7653 -0.0557
vn 0.6398 0.7675 -0.0407
vn 0.6512 0.7282 -0.2138
vn 0.6513 0.2174 -0.7270
vn 0.6513 0.3604 -0.6678
vn 0.6512 0.3637 -0.6661
vn 0.6512 0.2139 -0.7282
vn 0.6292 0.5496 -0.5496
vn 0.6413 0.5805 -0.5017
vn 0.6398 0.5715 -0.5139
vn -0.0000 -0.0000 1.0000
vn -0.0000 -0.0635 0.9980
vn -0.7784 -0.4438 0.4440
vn -0.7784 -0.4442 0.4436
vn -0.7608 -0.5020 0.4112
vn -0.7756 -0.4872 0.4014
vn -0.0000 0.0635 0.9980
vn -0.0003 -0.6327 0.7744
vn -0.0042 0.6575 0.7534
vn -0.0042 0.7066 0.7076
vn 0.0018 -0.9980 -0.0630
vn -0.0002 -0.9966 0.0824
vn -0.0042 -0.7076 0.7066
vn -0.0041 -0.6585 0.7525
vn -0.7757 -0.6282 -0.0600
vn -0.7612 -0.6454 -0.0639
vn -0.0000 0.9980 0.0635
vn -0.0042 -0.7534 0.6575
vn -0.0003 -0.7744 -0.6327
vn -0.0002 -0.0824 -0.9966
vn -0.0042 -0.7066 -0.7076
vn -0.0041 -0.7525 -0.6585
vn -0.7757 0.0600 -0.6282
vn -0.7612 0.0640 -0.6454
vn -0.0042 -0.6575 -0.7534
vn -0.0003 0.6327 -0.7744
vn 0.0018 0.0630 -0.9980
vn -0.0000 0.7506 -0.6608
vn -0.0002 0.9966 -0.0824
vn -0.0042 0.7076 -0.7066
vn -0.0041 0.6585 -0.7525
vn -0.7757 0.6282 0.0600
vn -0.7612 0.6454 0.0640
vn -0.0042 0.7534 -0.6575
vn -0.0003 0.7744 0.6327
vn -0.0002 0.9985 0.0548
vn -0.0002 0.0824 0.9966
vn -0.0041 0.7525 0.6585
vn -0.0000 0.1828 0.9832
vn 0.0024 -0.7336 0.6795
vn 0.0023 -0.6798 0.7334
vn 0.0023 -0.9993 0.0381
vn 0.0024 -0.6795 -0.7336
vn 0.0025 0.0386 -0.9993
vn 0.0023 -0.0381 -0.9993
vn 0.0024 0.7336 -0.6795
vn 0.0025 0.9993 0.0386
vn 0.0023 0.9993 -0.0381
vn 0.0024 0.6795 0.7336
vn 0.0023 0.7334 0.6798
vn 0.0025 -0.0386 0.9993
vn -0.4870 -0.7907 -0.3710
vn -0.4914 0.3903 0.7786
vn -0.4879 -0.8247 0.2860
vn -0.4910 -0.2702 0.8282
vn -0.4870 0.3711 -0.7907
vn -0.4914 -0.7786 0.3903
vn -0.4879 -0.2860 -0.8247
vn -0.4910 -0.8282 -0.2702
vn -0.4870 0.7907 0.3711
vn -0.4914 -0.3903 -0.7786
vn -0.4879 0.8247 -0.2860
vn -0.4910 0.2702 -0.8282
vn -0.4870 -0.3711 0.7907
vn -0.4914 0.7786 -0.3903
vn -0.4879 0.2860 0.8247
vn -0.4910 0.8282 0.2702
vn 0.6513 -0.3604 0.6678
vn 0.6413 -0.5017 0.5805
vn 0.6398 -0.5139 0.5715
vn 0.6512 -0.3637 0.6661
vn -0.7972 -0.3298 0.5058
vn -0.8074 -0.2731 0.5231
vn -0.7974 0.1241 0.5905
vn -0.8078 0.1767 0.5623
vn -0.7974 -0.5905 0.1241
vn -0.8078 -0.5623 0.1767
vn -0.7972 -0.5058 -0.3298
vn -0.8074 -0.5231 -0.2731
vn -0.7974 -0.1241 -0.5905
vn -0.8078 -0.1767 -0.5623
vn -0.7972 0.3298 -0.5058
vn -0.8074 0.2731 -0.5231
vn -0.7974 0.5905 -0.1241
vn -0.8078 0.5623 -0.1767
vn -0.7972 0.5058 0.3298
vn -0.8074 0.5231 0.2731
vn -0.0000 -0.2842 0.9588
vn -0.8074 -0.1768 0.5629
vn -0.7975 -0.1253 0.5901
vn -0.7757 -0.0601 0.6282
vn -0.7767 -0.1873 0.6014
vn -0.7423 -0.1967 0.6406
vn -0.0000 -0.8244 0.5659
vn -0.0000 -0.4769 0.8790
vn -0.0000 -0.8789 0.4770
vn 0.0018 -0.7502 0.6612
vn -0.8079 -0.5225 0.2727
vn -0.7981 -0.5056 0.3277
vn -0.7768 -0.5580 0.2919
vn -0.0000 -0.9832 -0.1828
vn -0.7418 -0.5927 0.3139
vn -0.0000 -0.9587 0.2844
vn -0.0000 -0.9587 0.2843
vn -0.0000 -0.9588 -0.2842
vn -0.8074 -0.5629 -0.1768
vn -0.7975 -0.5901 -0.1253
vn -0.7757 -0.6282 -0.0601
vn -0.7767 -0.6014 -0.1873
vn -0.7423 -0.6406 -0.1967
vn -0.0000 -0.8790 -0.4769
vn -0.0000 -0.5660 -0.8244
vn 0.0024 -0.6795 -0.7337
vn 0.0018 -0.7502 -0.6612
vn -0.0000 -0.4770 -0.8789
vn 0.0018 -0.0629 -0.9980
vn -0.8079 -0.2727 -0.5225
vn -0.7981 -0.3277 -0.5056
vn -0.7768 -0.2919 -0.5580
vn -0.0000 0.1828 -0.9832
vn -0.7418 -0.3139 -0.5927
vn -0.0000 -0.2844 -0.9587
vn -0.0000 -0.2843 -0.9587
vn -0.0000 0.2842 -0.9588
vn -0.8074 0.1768 -0.5629
vn -0.7975 0.1253 -0.5901
vn -0.7757 0.0601 -0.6282
vn -0.7767 0.1873 -0.6014
vn -0.7423 0.1967 -0.6406
vn -0.0000 0.4769 -0.8790
vn -0.0000 0.8244 -0.5659
vn 0.0018 0.6612 -0.7502
vn -0.0000 0.8789 -0.4770
vn -0.8079 0.5225 -0.2727
vn -0.7981 0.5056 -0.3277
vn -0.7768 0.5580 -0.2919
vn -0.0000 0.9832 0.1828
vn -0.7418 0.5927 -0.3139
vn -0.0000 0.9587 -0.2844
vn -0.0000 0.9587 -0.2843
vn -0.0000 0.9588 0.2842
vn -0.8074 0.5629 0.1768
vn -0.7975 0.5901 0.1253
vn -0.7767 0.6014 0.1873
vn -0.7423 0.6406 0.1967
vn -0.0000 0.8790 0.4769
vn -0.0000 0.5659 0.8244
vn -0.0000 0.4770 0.8789
vn -0.8079 0.2727 0.5225
vn -0.7981 0.3277 0.5056
vn -0.7768 0.2919 0.5580
vn -0.0000 0.8790 -0.4769
vn -0.7418 0.3139 0.5927
vn -0.0000 0.2844 0.9587
vn -0.0000 0.2843 0.9587
vn -0.0000 -0.1828 0.9832
vn 1.0000 -0.0000 -0.0000
vn 0.6513 -0.3603 -0.6678
vn 0.6513 -0.2173 -0.7271
vn 0.6512 -0.2138 -0.7282
vn 0.6512 -0.3636 -0.6662
vn 0.6413 0.5017 0.5805
vn 0.6398 0.5139 0.5715
vn 0.6413 -0.7653 -0.0557
vn 0.6513 -0.7270 -0.2174
vn 0.6512 -0.7282 -0.2139
vn 0.6398 -0.7675 -0.0407
vn 0.6292 0.7773 -0.0000
vn 0.6413 0.0557 0.7653
vn 0.6398 0.0407 0.7675
vn 0.6513 -0.6678 -0.3604
vn 0.6413 -0.5805 -0.5017
vn 0.6398 -0.5715 -0.5139
vn 0.6512 -0.6661 -0.3637
vn 0.6292 -0.5496 -0.5496
vn 0.6413 -0.5017 -0.5805
vn 0.6398 -0.5139 -0.5715
vn 0.6413 0.5017 -0.5805
vn 0.6398 0.5139 -0.5715
vn 0.6513 0.6678 -0.3603
vn 0.6512 0.6662 -0.3636
vn 0.6413 -0.0557 -0.7653
vn 0.6398 -0.0407 -0.7675
vn 0.0024 0.7337 -0.6795
vn 0.0024 0.6795 0.7337
vn 0.0036 0.7071 0.7071
vn 0.0018 0.7502 0.6612
vn 0.0018 0.6612 0.7502
vn 0.0024 0.0385 -0.9993
vn 0.0036 -0.0000 -1.0000
vn 0.0036 -0.7071 0.7071
vn 0.0024 -0.7337 0.6795
vn 0.8553 0.2458 0.4562
vn 0.8553 0.1488 0.4964
vn 0.8552 0.1456 0.4975
vn 0.8552 0.2488 0.4548
vn -0.9815 -0.0551 0.1836
vn -0.9805 -0.0151 0.1959
vn -0.9803 -0.0093 0.1974
vn -0.9814 -0.0538 0.1841
vn 0.9815 0.1836 -0.0551
vn 0.9805 0.1959 -0.0151
vn 0.9803 0.1974 -0.0093
vn 0.9814 0.1841 -0.0538
vn 0.9805 -0.1279 0.1492
vn 0.9792 -0.1434 0.1434
vn 0.9803 -0.1331 0.1462
vn 0.9805 -0.1279 -0.1492
vn 0.9815 -0.0908 -0.1688
vn 0.9814 -0.0921 -0.1682
vn 0.9803 -0.1331 -0.1462
vn 0.9805 -0.0151 0.1959
vn 0.9815 -0.0551 0.1836
vn 0.9814 -0.0538 0.1841
vn 0.9803 -0.0093 0.1974
vn -0.9805 0.1959 -0.0151
vn -0.9815 0.1836 -0.0551
vn -0.9814 0.1841 -0.0538
vn -0.9803 0.1974 -0.0093
vn -0.9792 0.1434 -0.1434
vn -0.9805 0.1278 -0.1492
vn -0.9803 0.1330 -0.1461
vn 0.9805 -0.0151 -0.1959
vn 0.9792 -0.0000 -0.2028
vn 0.9803 -0.0093 -0.1974
vn 0.9792 0.2028 -0.0000
vn 0.9805 0.1959 0.0151
vn 0.9803 0.1974 0.0093
vn -0.9815 0.1836 0.0551
vn -0.9805 0.1959 0.0151
vn -0.9803 0.1974 0.0093
vn -0.9814 0.1841 0.0538
vn -0.9815 -0.0908 -0.1688
vn -0.9805 -0.1278 -0.1492
vn -0.9803 -0.1330 -0.1461
vn -0.9814 -0.0921 -0.1682
vn -0.9792 0.2028 -0.0000
vn 0.9815 0.1836 0.0551
vn 0.9814 0.1841 0.0538
vn 0.9805 0.1492 -0.1279
vn 0.9815 0.1688 -0.0908
vn 0.9814 0.1682 -0.0921
vn 0.9803 0.1462 -0.1331
vn -0.9792 -0.0000 -0.2028
vn -0.9805 -0.0151 -0.1959
vn -0.9803 -0.0093 -0.1974
vn 0.9815 0.0909 -0.1688
vn 0.9805 0.1278 -0.1492
vn 0.9803 0.1331 -0.1461
vn 0.9814 0.0921 -0.1682
vn -0.9815 0.0551 0.1836
vn -0.9815 0.0908 0.1688
vn -0.9814 0.0921 0.1682
vn -0.9814 0.0538 0.1841
vn -0.9815 0.0909 -0.1688
vn -0.9814 0.0921 -0.1682
vn -0.9815 0.1688 -0.0908
vn -0.9805 0.1492 -0.1278
vn -0.9803 0.1461 -0.1330
vn -0.9814 0.1682 -0.0921
vn 0.9815 0.0551 -0.1836
vn 0.9814 0.0538 -0.1841
vn 0.9815 0.0908 0.1688
vn 0.9815 0.0551 0.1836
vn 0.9814 0.0538 0.1841
vn 0.9814 0.0921 0.1682
vn -0.9815 0.0551 -0.1836
vn -0.9814 0.0538 -0.1841
vn 0.9815 -0.1836 -0.0551
vn 0.9815 -0.1688 -0.0909
vn 0.9814 -0.1682 -0.0921
vn 0.9814 -0.1841 -0.0538
vn 0.9805 0.0151 -0.1959
vn 0.9803 0.0093 -0.1974
vn -0.9805 0.0151 -0.1959
vn -0.9803 0.0093 -0.1974
vn 0.9815 -0.0551 -0.1836
vn 0.9814 -0.0538 -0.1841
vn -0.9815 -0.1688 -0.0909
vn -0.9815 -0.1836 -0.0551
vn -0.9814 -0.1841 -0.0538
vn -0.9814 -0.1682 -0.0921
vn -0.9792 -0.0000 0.2028
vn -0.9815 -0.0551 -0.1836
vn -0.9814 -0.0538 -0.1841
vn 0.9792 0.1434 -0.1434
vn 0.9805 -0.1959 0.0151
vn 0.9792 -0.2028 -0.0000
vn 0.9803 -0.1974 0.0093
vn 0.9792 -0.0000 0.2028
vn -0.9815 0.1688 0.0909
vn -0.9814 0.1682 0.0921
vn 0.9815 0.1688 0.0909
vn 0.9814 0.1682 0.0921
vn 0.8552 -0.2488 -0.4547
vn 0.8479 -0.3559 -0.3929
vn 0.8492 -0.3442 -0.4005
vn 0.8553 -0.2458 -0.4562
vn 0.8492 0.0397 0.5266
vn 0.8479 0.0261 0.5294
vn 0.8413 -0.3822 -0.3822
vn 0.8479 -0.3929 -0.3559
vn 0.8492 -0.4005 -0.3442
vn 0.8553 -0.4562 0.2458
vn 0.8553 -0.4964 0.1488
vn 0.8552 -0.4975 0.1456
vn 0.8552 -0.4548 0.2488
vn 0.8413 -0.5405 -0.0000
vn 0.8479 -0.5294 0.0261
vn 0.8492 -0.5266 0.0397
vn 0.8552 -0.4547 -0.2488
vn 0.8552 -0.4975 -0.1456
vn 0.8553 -0.4964 -0.1488
vn 0.8553 -0.4562 -0.2458
vn 0.8552 0.4547 -0.2488
vn 0.8479 0.3928 -0.3559
vn 0.8492 0.4005 -0.3442
vn 0.8553 0.4562 -0.2458
vn 0.8413 0.3822 -0.3822
vn 0.8479 0.3559 -0.3929
vn 0.8492 0.3442 -0.4005
vn 0.8492 0.4005 0.3442
vn 0.8413 0.3822 0.3822
vn 0.8479 0.3929 0.3559
vn 0.8553 -0.1488 0.4964
vn 0.8553 -0.2458 0.4562
vn 0.8552 -0.2488 0.4547
vn 0.8552 -0.1456 0.4975
vn 0.8413 -0.0000 0.5405
vn 0.8492 -0.0397 0.5266
vn 0.8479 -0.0261 0.5295
vn 0.8492 0.5266 -0.0397
vn 0.8413 0.5405 -0.0000
vn 0.8479 0.5294 -0.0261
vn 0.8413 -0.0000 -0.5405
vn 0.8479 -0.0261 -0.5294
vn 0.8492 -0.0397 -0.5266
vn 0.8492 0.3442 0.4005
vn 0.8479 0.3559 0.3929
vn 0.8479 -0.5294 -0.0261
vn 0.8492 -0.5266 -0.0397
vn 0.8479 0.0261 -0.5294
vn 0.8492 0.0397 -0.5266
vn 0.8552 0.1456 -0.4975
vn 0.8553 0.1488 -0.4964
vn 0.8552 0.4975 -0.1456
vn 0.8553 0.4964 -0.1488
vn 0.8479 0.5294 0.0261
vn 0.8492 0.5266 0.0397
vn 0.8553 0.4562 0.2458
vn 0.8552 0.4547 0.2488
vn 0.8413 -0.3822 0.3822
vn 0.8492 -0.4005 0.3442
vn 0.8479 -0.3929 0.3559
vn 0.8553 0.4964 0.1488
vn 0.8552 0.4975 0.1456
vn 0.8552 -0.1456 -0.4975
vn 0.8553 -0.1488 -0.4964
vn 0.8552 0.2488 -0.4547
vn 0.8553 0.2458 -0.4562
vn 0.8492 -0.3443 0.4005
vn 0.8479 -0.3559 0.3928
vn 0.9805 0.0151 0.1959
vn 0.9803 0.0093 0.1974
vn -0.9792 -0.1434 0.1434
vn -0.9805 -0.1278 0.1492
vn -0.9803 -0.1330 0.1461
vn 0.9805 0.1278 0.1492
vn 0.9803 0.1331 0.1462
vn 0.9792 0.1434 0.1434
vn 0.9815 -0.1836 0.0551
vn 0.9814 -0.1841 0.0538
vn 0.9815 -0.0909 0.1688
vn 0.9814 -0.0921 0.1682
vn -0.9805 0.1278 0.1492
vn -0.9803 0.1330 0.1461
vn -0.9805 -0.1959 0.0151
vn -0.9815 -0.1836 0.0551
vn -0.9814 -0.1841 0.0538
vn -0.9803 -0.1974 0.0093
vn -0.9805 0.0151 0.1959
vn -0.9803 0.0093 0.1974
vn -0.9815 -0.0909 0.1688
vn -0.9814 -0.0921 0.1682
vn -0.9792 0.1434 0.1434
vn 0.9805 -0.1492 0.1279
vn 0.9815 -0.1688 0.0908
vn 0.9814 -0.1682 0.0921
vn 0.9803 -0.1462 0.1331
vn 0.9805 0.1492 0.1278
vn 0.9803 0.1462 0.1331
vn -0.9792 -0.1434 -0.1434
vn -0.9805 -0.1492 -0.1278
vn -0.9803 -0.1461 -0.1330
vn -0.9815 -0.1688 0.0908
vn -0.9805 -0.1492 0.1278
vn -0.9803 -0.1461 0.1330
vn -0.9814 -0.1682 0.0921
vn -0.9805 0.1492 0.1278
vn -0.9803 0.1461 0.1330
vn 0.9792 -0.1434 -0.1434
vn -0.9805 -0.1959 -0.0151
vn -0.9803 -0.1974 -0.0093
vn 0.9805 -0.1492 -0.1279
vn 0.9803 -0.1462 -0.1331
vn 0.9805 -0.1959 -0.0151
vn 0.9803 -0.1974 -0.0093
vn -0.9792 -0.2028 -0.0000
vt 0.616307 0.321602
vt 0.611260 0.322221
vt 0.610937 0.319807
vt 0.616023 0.319150
vt 0.156640 0.497162
vt 0.151582 0.492305
vt 0.157522 0.488838
vt 0.161396 0.492451
vt 0.184316 0.504598
vt 0.182240 0.505035
vt 0.180461 0.498441
vt 0.181712 0.498199
vt 0.583993 0.158755
vt 0.584407 0.152503
vt 0.615165 0.154494
vt 0.614756 0.157400
vt 0.611733 0.160483
vt 0.163331 0.503436
vt 0.161554 0.502276
vt 0.164958 0.496356
vt 0.166014 0.497069
vt 0.581886 0.152556
vt 0.581355 0.159674
vt 0.572466 0.159236
vt 0.573095 0.152240
vt 0.583279 0.162255
vt 0.581092 0.162020
vt 0.613729 0.193197
vt 0.608734 0.192661
vt 0.608997 0.190293
vt 0.613947 0.190796
vt 0.175149 0.504893
vt 0.168139 0.505035
vt 0.169886 0.498383
vt 0.175181 0.498198
vt 0.581504 0.181539
vt 0.580829 0.185084
vt 0.578658 0.184795
vt 0.578888 0.182385
vt 0.193704 0.497271
vt 0.188847 0.502329
vt 0.185379 0.496389
vt 0.188993 0.492515
vt 0.187073 0.503483
vt 0.184323 0.497099
vt 0.579431 0.174990
vt 0.570079 0.181838
vt 0.570751 0.174272
vt 0.613625 0.173504
vt 0.613170 0.177864
vt 0.611902 0.177689
vt 0.612318 0.174756
vt 0.166069 0.504597
vt 0.168637 0.498138
vt 0.616466 0.154926
vt 0.615682 0.159137
vt 0.616390 0.170681
vt 0.611345 0.169965
vt 0.611707 0.167552
vt 0.616714 0.168234
vt 0.582075 0.190408
vt 0.607652 0.194170
vt 0.580514 0.191856
vt 0.616980 0.326914
vt 0.611851 0.327480
vt 0.611588 0.325036
vt 0.616652 0.324455
vt 0.584448 0.167514
vt 0.610180 0.171489
vt 0.582851 0.168919
vt 0.580249 0.297425
vt 0.579503 0.291091
vt 0.609479 0.289523
vt 0.609740 0.292257
vt 0.607528 0.295536
vt 0.609600 0.200221
vt 0.579663 0.198199
vt 0.609893 0.197370
vt 0.577833 0.244680
vt 0.578129 0.238332
vt 0.605420 0.238974
vt 0.607878 0.242043
vt 0.607774 0.244883
vt 0.611125 0.196094
vt 0.610848 0.200349
vt 0.612422 0.162284
vt 0.612111 0.164732
vt 0.585006 0.162662
vt 0.585337 0.160428
vt 0.637343 0.202778
vt 0.636362 0.209739
vt 0.612555 0.207921
vt 0.610473 0.204491
vt 0.617132 0.165396
vt 0.617512 0.162939
vt 0.612592 0.182089
vt 0.611601 0.180553
vt 0.175226 0.478685
vt 0.654850 0.177758
vt 0.648422 0.176339
vt 0.648801 0.174232
vt 0.655154 0.175749
vt 0.192898 0.488953
vt 0.655648 0.173461
vt 0.656163 0.171509
vt 0.660669 0.172686
vt 0.660127 0.174597
vt 0.638263 0.188629
vt 0.637914 0.190820
vt 0.614249 0.188012
vt 0.614529 0.185607
vt 0.650335 0.231237
vt 0.650911 0.224435
vt 0.655619 0.224565
vt 0.655005 0.231154
vt 0.650220 0.233388
vt 0.654843 0.233398
vt 0.652024 0.204092
vt 0.652218 0.197391
vt 0.656785 0.198033
vt 0.656717 0.204474
vt 0.645914 0.194518
vt 0.646193 0.192014
vt 0.652616 0.192869
vt 0.652349 0.195290
vt 0.581367 0.314068
vt 0.578932 0.314229
vt 0.578543 0.306888
vt 0.581119 0.307732
vt 0.643646 0.235857
vt 0.643705 0.233309
vt 0.650166 0.235876
vt 0.612197 0.276768
vt 0.607219 0.277042
vt 0.607051 0.274691
vt 0.612084 0.274386
vt 0.201434 0.478762
vt 0.201576 0.485772
vt 0.194924 0.484024
vt 0.194740 0.478729
vt 0.199977 0.490580
vt 0.198818 0.492357
vt 0.193611 0.487897
vt 0.201139 0.469595
vt 0.201576 0.471671
vt 0.194982 0.473450
vt 0.194740 0.472199
vt 0.582245 0.320320
vt 0.582254 0.323857
vt 0.580035 0.323872
vt 0.579809 0.321512
vt 0.577064 0.291253
vt 0.577836 0.298663
vt 0.569031 0.299389
vt 0.568367 0.291760
vt 0.580224 0.301027
vt 0.578032 0.301075
vt 0.614334 0.304231
vt 0.609279 0.304639
vt 0.609081 0.302258
vt 0.614071 0.301834
vt 0.201138 0.487842
vt 0.194679 0.485273
vt 0.193812 0.460207
vt 0.198870 0.465064
vt 0.192930 0.468532
vt 0.189056 0.464918
vt 0.200024 0.466838
vt 0.193641 0.469588
vt 0.570991 0.322285
vt 0.570229 0.314848
vt 0.612326 0.307652
vt 0.612884 0.311957
vt 0.611598 0.312060
vt 0.611336 0.309131
vt 0.615009 0.330585
vt 0.615689 0.334947
vt 0.614325 0.335289
vt 0.614027 0.332223
vt 0.610755 0.289472
vt 0.611002 0.293600
vt 0.584495 0.328842
vt 0.611074 0.329180
vt 0.583196 0.330459
vt 0.612515 0.281912
vt 0.607501 0.282122
vt 0.607378 0.279770
vt 0.612348 0.279532
vt 0.582411 0.306100
vt 0.608478 0.306294
vt 0.578142 0.251104
vt 0.607827 0.247605
vt 0.605382 0.250717
vt 0.583475 0.336632
vt 0.643623 0.160316
vt 0.641584 0.167406
vt 0.608584 0.297135
vt 0.608832 0.299504
vt 0.581997 0.301196
vt 0.581885 0.298914
vt 0.584043 0.324002
vt 0.583906 0.321749
vt 0.613811 0.299050
vt 0.613603 0.296653
vt 0.613300 0.316215
vt 0.611962 0.314901
vt 0.647506 0.306947
vt 0.646448 0.300257
vt 0.652933 0.299165
vt 0.654143 0.305744
vt 0.185494 0.461013
vt 0.659644 0.176886
vt 0.659334 0.178904
vt 0.650214 0.238019
vt 0.654784 0.235996
vt 0.654819 0.238235
vt 0.656926 0.195876
vt 0.658292 0.165576
vt 0.662700 0.167301
vt 0.635244 0.235630
vt 0.635281 0.237850
vt 0.611384 0.237588
vt 0.611400 0.235214
vt 0.578216 0.267987
vt 0.575792 0.268056
vt 0.575830 0.260579
vt 0.578338 0.261556
vt 0.638185 0.301377
vt 0.639591 0.308445
vt 0.611463 0.232459
vt 0.606477 0.232355
vt 0.606492 0.230004
vt 0.611535 0.230083
vt 0.175303 0.452477
vt 0.182314 0.452335
vt 0.180566 0.458987
vt 0.175271 0.459171
vt 0.187121 0.453934
vt 0.188899 0.455093
vt 0.184438 0.460300
vt 0.166136 0.452772
vt 0.168212 0.452335
vt 0.169991 0.458928
vt 0.168741 0.459171
vt 0.578783 0.274393
vt 0.578642 0.278008
vt 0.576444 0.277973
vt 0.576314 0.275538
vt 0.575393 0.244703
vt 0.575656 0.252218
vt 0.566834 0.252455
vt 0.566689 0.244696
vt 0.577876 0.254734
vt 0.575691 0.254666
vt 0.611497 0.259733
vt 0.606448 0.259788
vt 0.606426 0.257436
vt 0.611417 0.257363
vt 0.184383 0.452773
vt 0.181815 0.459231
vt 0.156749 0.460099
vt 0.161606 0.455041
vt 0.165073 0.460980
vt 0.161460 0.464855
vt 0.163379 0.453887
vt 0.166130 0.460270
vt 0.567511 0.276035
vt 0.567094 0.268300
vt 0.609249 0.262905
vt 0.609496 0.267150
vt 0.608217 0.267169
vt 0.608160 0.264288
vt 0.610384 0.285229
vt 0.609365 0.286662
vt 0.609051 0.244924
vt 0.608985 0.249016
vt 0.580682 0.283150
vt 0.606668 0.283737
vt 0.579349 0.284780
vt 0.606369 0.237423
vt 0.606427 0.235079
vt 0.579725 0.259972
vt 0.605541 0.261377
vt 0.609440 0.202971
vt 0.606740 0.205935
vt 0.579494 0.204594
vt 0.645329 0.286389
vt 0.644651 0.279605
vt 0.651193 0.278979
vt 0.652032 0.285764
vt 0.606313 0.252357
vt 0.606383 0.254708
vt 0.579629 0.255001
vt 0.579671 0.252695
vt 0.580408 0.278201
vt 0.580368 0.275903
vt 0.611370 0.254611
vt 0.611346 0.252238
vt 0.609609 0.271315
vt 0.608383 0.269965
vt 0.651512 0.326698
vt 0.649674 0.320486
vt 0.656126 0.318567
vt 0.658171 0.324601
vt 0.157555 0.468417
vt 0.650862 0.215451
vt 0.651010 0.212987
vt 0.655624 0.213189
vt 0.655471 0.215762
vt 0.654145 0.184302
vt 0.658780 0.185090
vt 0.655794 0.278793
vt 0.656715 0.285273
vt 0.637871 0.299157
vt 0.578252 0.221434
vt 0.575828 0.221350
vt 0.576434 0.213882
vt 0.578865 0.215020
vt 0.635406 0.259001
vt 0.636135 0.266094
vt 0.149018 0.478608
vt 0.148876 0.471597
vt 0.155528 0.473345
vt 0.155713 0.478640
vt 0.150475 0.466790
vt 0.151634 0.465012
vt 0.156841 0.469473
vt 0.609505 0.185149
vt 0.609287 0.187535
vt 0.582548 0.185484
vt 0.582852 0.183215
vt 0.578338 0.227884
vt 0.577927 0.231497
vt 0.575738 0.231324
vt 0.575790 0.228874
vt 0.612095 0.215432
vt 0.607062 0.215097
vt 0.607230 0.212743
vt 0.612206 0.213056
vt 0.149313 0.487775
vt 0.148876 0.485699
vt 0.155470 0.483920
vt 0.155712 0.485170
vt 0.149314 0.469527
vt 0.155773 0.472096
vt 0.566973 0.228818
vt 0.567132 0.221038
vt 0.578934 0.208186
vt 0.576752 0.207973
vt 0.576907 0.205529
vt 0.150428 0.490532
vt 0.156811 0.487781
vt 0.609004 0.240697
vt 0.579579 0.236781
vt 0.577235 0.198076
vt 0.578128 0.190635
vt 0.609604 0.218412
vt 0.609518 0.222668
vt 0.608242 0.222588
vt 0.608411 0.219709
vt 0.635741 0.244960
vt 0.635310 0.252011
vt 0.650831 0.217579
vt 0.644259 0.217298
vt 0.644351 0.215117
vt 0.579672 0.231803
vt 0.579806 0.229499
vt 0.612383 0.210299
vt 0.607409 0.210007
vt 0.607534 0.207644
vt 0.609306 0.226826
vt 0.608188 0.225391
vt 0.637481 0.195603
vt 0.650171 0.253896
vt 0.650209 0.251739
vt 0.654874 0.251469
vt 0.654791 0.253721
vt 0.650988 0.276855
vt 0.650861 0.274376
vt 0.655468 0.273998
vt 0.655596 0.276581
vt 0.650904 0.265389
vt 0.650329 0.258529
vt 0.654938 0.258560
vt 0.655607 0.265136
vt 0.643804 0.231118
vt 0.644172 0.224111
vt 0.568572 0.197381
vt 0.569340 0.189720
vt 0.646494 0.189866
vt 0.647556 0.183013
vt 0.652917 0.190791
vt 0.581857 0.175175
vt 0.580472 0.167730
vt 0.568040 0.205191
vt 0.644503 0.212579
vt 0.580893 0.206277
vt 0.605611 0.228353
vt 0.640855 0.320464
vt 0.641312 0.322711
vt 0.608762 0.183421
vt 0.571634 0.166748
vt 0.580995 0.336619
vt 0.580571 0.329548
vt 0.643794 0.244871
vt 0.643635 0.238045
vt 0.650543 0.244900
vt 0.572209 0.336874
vt 0.571660 0.329802
vt 0.569648 0.307236
vt 0.609810 0.318210
vt 0.576789 0.283846
vt 0.645778 0.293388
vt 0.652234 0.292535
vt 0.567915 0.284008
vt 0.636129 0.277958
vt 0.636333 0.280177
vt 0.566947 0.260475
vt 0.606044 0.273100
vt 0.575648 0.237240
vt 0.644372 0.274876
vt 0.644311 0.272682
vt 0.650818 0.272225
vt 0.566789 0.236855
vt 0.580373 0.213532
vt 0.606032 0.216625
vt 0.567566 0.213201
vt 0.580667 0.208570
vt 0.657544 0.191267
vt 0.657197 0.193390
vt 0.578285 0.188205
vt 0.569564 0.187404
vt 0.582326 0.188135
vt 0.580500 0.188167
vt 0.584743 0.165273
vt 0.569868 0.184145
vt 0.580669 0.165349
vt 0.571898 0.164526
vt 0.640597 0.172202
vt 0.640285 0.174444
vt 0.582902 0.165282
vt 0.584323 0.326607
vt 0.572239 0.161417
vt 0.580293 0.327204
vt 0.571484 0.327622
vt 0.582503 0.326887
vt 0.571202 0.324511
vt 0.582253 0.303835
vt 0.640176 0.315620
vt 0.578267 0.304483
vt 0.569479 0.304942
vt 0.637492 0.294365
vt 0.637610 0.296587
vt 0.580447 0.304107
vt 0.580585 0.280863
vt 0.569221 0.301697
vt 0.576583 0.281415
vt 0.567804 0.281674
vt 0.578777 0.281116
vt 0.567634 0.278377
vt 0.579711 0.257676
vt 0.635972 0.273176
vt 0.635989 0.275391
vt 0.575706 0.258127
vt 0.566921 0.258126
vt 0.651206 0.210867
vt 0.644684 0.210394
vt 0.645331 0.203507
vt 0.577898 0.257857
vt 0.579651 0.234482
vt 0.566872 0.254809
vt 0.575621 0.234786
vt 0.566849 0.234500
vt 0.577830 0.234621
vt 0.566923 0.231178
vt 0.580538 0.211240
vt 0.635295 0.233068
vt 0.576499 0.211426
vt 0.567714 0.210853
vt 0.578713 0.211300
vt 0.635286 0.256782
vt 0.567910 0.207541
vt 0.645718 0.196669
vt 0.649299 0.171796
vt 0.649806 0.169736
vt 0.646190 0.298095
vt 0.652622 0.297090
vt 0.644500 0.277422
vt 0.643658 0.254094
vt 0.643678 0.251899
vt 0.643690 0.256645
vt 0.650206 0.256388
vt 0.828396 0.859588
vt 0.828714 0.853981
vt 0.828396 0.848375
vt 0.849320 0.853981
vt 0.830560 0.864812
vt 0.829533 0.863316
vt 0.828728 0.861372
vt 0.854927 0.874905
vt 0.849320 0.874587
vt 0.843714 0.874905
vt 0.838489 0.872741
vt 0.834750 0.868552
vt 0.843714 0.833057
vt 0.849320 0.833375
vt 0.854927 0.833057
vt 0.828728 0.846590
vt 0.829533 0.844646
vt 0.830560 0.843150
vt 0.838489 0.835221
vt 0.839986 0.834194
vt 0.841930 0.833389
vt 0.834750 0.839411
vt 0.870244 0.848375
vt 0.869926 0.853981
vt 0.870244 0.859588
vt 0.856712 0.833389
vt 0.858655 0.834194
vt 0.860151 0.835221
vt 0.868080 0.843150
vt 0.869108 0.844647
vt 0.869913 0.846591
vt 0.863891 0.839411
vt 0.860151 0.872741
vt 0.868080 0.864812
vt 0.863891 0.868552
vt 0.869913 0.861373
vt 0.869107 0.863316
vt 0.858655 0.873769
vt 0.856711 0.874574
vt 0.841929 0.874574
vt 0.839985 0.873768
vt 0.652377 0.294655
vt 0.656954 0.293996
vt 0.657202 0.296510
vt 0.655425 0.217983
vt 0.655601 0.316631
vt 0.660115 0.315468
vt 0.660641 0.317399
vt 0.655252 0.244840
vt 0.655865 0.210974
vt 0.655133 0.314325
vt 0.654810 0.312301
vt 0.659355 0.311104
vt 0.659638 0.313155
vt 0.657508 0.298650
vt 0.658776 0.304873
vt 0.662700 0.322882
vt 0.655468 0.271755
vt 0.654824 0.256323
vt 0.656853 0.291800
vt 0.636128 0.211935
vt 0.645939 0.295569
vt 0.635979 0.214494
vt 0.640432 0.317868
vt 0.641069 0.169617
vt 0.643234 0.329882
vt 0.644166 0.265652
vt 0.643758 0.258834
vt 0.636131 0.223836
vt 0.635442 0.230865
vt 0.648756 0.315966
vt 0.648429 0.313833
vt 0.635933 0.216715
vt 0.637346 0.287257
vt 0.637635 0.193381
vt 0.649220 0.318411
vt 0.651625 0.163320
vt 0.635244 0.254219
vt 0.639661 0.181643
vt 0.637719 0.214648
vt 0.637884 0.212017
vt 0.642984 0.212347
vt 0.642818 0.215131
vt 0.644225 0.196830
vt 0.644394 0.194434
vt 0.637058 0.251863
vt 0.637003 0.254141
vt 0.641406 0.181966
vt 0.640001 0.188753
vt 0.639606 0.298976
vt 0.639937 0.301242
vt 0.639356 0.193636
vt 0.639207 0.195915
vt 0.642123 0.254001
vt 0.642195 0.251597
vt 0.642821 0.272447
vt 0.642760 0.265717
vt 0.639115 0.287097
vt 0.639214 0.294044
vt 0.637038 0.237979
vt 0.637523 0.244970
vt 0.642147 0.238356
vt 0.642112 0.235944
vt 0.645024 0.300804
vt 0.644690 0.298422
vt 0.642385 0.244874
vt 0.636991 0.235702
vt 0.637035 0.256780
vt 0.637166 0.259054
vt 0.644285 0.293243
vt 0.643931 0.286531
vt 0.637709 0.272949
vt 0.637740 0.275234
vt 0.642838 0.274855
vt 0.642283 0.259210
vt 0.642162 0.256798
vt 0.637872 0.277876
vt 0.642982 0.277650
vt 0.642169 0.317463
vt 0.642602 0.320122
vt 0.638090 0.280148
vt 0.643196 0.280053
vt 0.639348 0.296333
vt 0.647731 0.318928
vt 0.647229 0.316214
vt 0.643933 0.203357
vt 0.644412 0.295644
vt 0.637913 0.266027
vt 0.645416 0.161032
vt 0.643335 0.167731
vt 0.639108 0.202959
vt 0.642174 0.233149
vt 0.637055 0.233065
vt 0.638111 0.209755
vt 0.643233 0.209967
vt 0.646121 0.307206
vt 0.646924 0.313846
vt 0.641886 0.315152
vt 0.641349 0.308155
vt 0.642305 0.172614
vt 0.642804 0.169978
vt 0.647833 0.171269
vt 0.647291 0.173967
vt 0.650203 0.162796
vt 0.648428 0.168999
vt 0.637193 0.230793
vt 0.637908 0.223927
vt 0.642765 0.224051
vt 0.642333 0.230751
vt 0.639653 0.191007
vt 0.644701 0.191674
vt 0.637681 0.216924
vt 0.642764 0.217539
vt 0.648279 0.321222
vt 0.643093 0.322393
vt 0.645083 0.329215
vt 0.650117 0.327260
vt 0.641989 0.174905
vt 0.646931 0.176327
vt 0.646178 0.182757
vt 0.645078 0.189321
s 1
usemtl MI_Guns_Batch2_Red
f 2136/2024/1251 2138/2025/1252 2035/2026/1253 2037/2027/1254
f 1958/2028/1255 1947/2029/1256 1946/2030/1257 1959/2031/1255
f 2113/2032/1258 1872/2033/1259 1871/2034/1260 2115/2035/1261
f 1880/2036/1262 1975/2037/1263 1976/2038/1263 2026/2039/1262 2027/2040/1262
f 2097/2041/1264 1868/2042/1265 1867/2043/1266 2099/2044/1267
f 1970/2045/1268 1866/2046/1269 1874/2047/1269 1971/2048/1268
f 1880/2036/1270 2119/2049/1271 2110/2050/1272 1866/2046/1273
f 2014/2051/1274 2013/2052/1275 2107/2053/1276 2104/2054/1276
f 1964/2055/1277 1870/2056/1278 1869/2057/1279 1965/2058/1277
f 1882/2059/1280 2103/2060/1281 2094/2061/1282 1864/2062/1283
f 1971/2063/1284 1874/2064/1285 1873/2065/1286 1972/2066/1284
f 1874/2064/1285 2112/2067/1287 2114/2068/1288 1873/2065/1286
f 1963/2069/1289 1864/2062/1290 1870/2070/1290 1964/2071/1289
f 2018/2072/1291 1967/2073/1292 1969/2074/1293 2031/2075/1291
f 1870/2056/1278 2096/2076/1294 2098/2077/1295 1869/2057/1279
f 1974/2078/1296 2022/2079/1297 2026/2039/1297 1976/2038/1298
f 2020/2080/1299 2019/2081/1300 2123/2082/1301 2120/2083/1301
s 0
f 1859/2084/1302 2013/2052/1302 2024/2085/1302 1879/2086/1302
s 1
f 2034/2087/1303 2033/2088/1304 2139/2089/1305 2137/2090/1305
s 0
f 1861/2091/1306 2019/2081/1306 2030/2092/1306 1881/2093/1306
s 1
f 1905/2094/1307 1989/2095/1308 1990/2096/1308 2046/2097/1307 2047/2098/1307
f 1962/2099/1309 1957/2100/1309 1879/2086/1310 2024/2085/1310 2025/2101/1310
f 2003/2102/1311 1952/2103/1312 2084/2104/1312 2085/2105/1312 2004/2106/1311
f 2012/2107/1313 1961/2108/1314 1962/2099/1315 2025/2101/1313
f 1975/2037/1316 1880/2036/1270 1866/2046/1273 1970/2045/1317
f 2021/2109/1318 2122/2110/1319 2109/2111/1319 1862/2112/1320
f 2322/2113/1321 2345/2114/1322 2083/2115/1323 2082/2116/1324 1961/2108/1321
f 2121/2117/1319 2122/2110/1319 2021/2109/1318 2023/2118/1325
f 1967/2073/1292 2016/2119/1326 2028/2120/1326 1969/2074/1293
f 1871/2034/1327 1965/2058/1327 1869/2057/1327 1883/2121/1327
f 1877/2122/1328 2316/2123/1328 2341/2124/1329 2116/2125/1329
f 1867/2043/1327 1959/2031/1327 1946/2030/1327 1883/2121/1327
f 1892/2126/1327 1972/2066/1327 1873/2065/1327 1883/2121/1327
f 2117/2127/1330 1878/2128/1331 2223/2129/1332 2247/2130/1333
f 2380/2131/1334 2371/2132/1335 2105/2133/1335 2017/2134/1336
f 1949/2135/1337 2008/2136/1338 2238/2137/1338 2243/2138/1339
f 2197/2139/1340 1949/2135/1337 2243/2138/1339 2257/2140/1341
f 1960/2141/1342 1875/2142/1343 2224/2143/1344 2244/2144/1342
f 2325/2145/1276 2372/2146/1335 2101/2147/1335 2100/2148/1276
f 1982/2149/1345 1977/2150/1346 1890/2151/1347 1906/2152/1348
f 2347/2153/1349 2317/2154/1350 2197/2139/1350 2196/2155/1349
f 2168/2156/1351 2170/2157/1352 2055/2158/1353 2057/2159/1354
f 1978/2160/1355 1895/2161/1356 1894/2162/1357 1979/2163/1355
f 2129/2164/1358 1893/2165/1359 1892/2126/1360 2131/2166/1361
f 2145/2167/1362 1897/2168/1363 1896/2169/1364 2147/2170/1365
f 1907/2171/1366 2135/2172/1367 2126/2173/1368 1889/2174/1369
f 1984/2175/1370 1891/2176/1371 1899/2177/1371 1985/2178/1370
f 1905/2094/1372 2151/2179/1373 2142/2180/1374 1891/2176/1375
f 2040/2181/1376 2039/2182/1377 2155/2183/1378 2152/2184/1378
f 1895/2161/1356 2128/2185/1379 2130/2186/1380 1894/2162/1357
f 1985/2187/1381 1899/2188/1382 1898/2189/1383 1986/2190/1381
f 1899/2188/1382 2144/2191/1384 2146/2192/1385 1898/2189/1383
f 1977/2150/1386 1889/2174/1387 1895/2193/1387 1978/2194/1386
f 2038/2195/1388 1981/2196/1389 1983/2197/1390 2051/2198/1388
f 2032/2199/1391 1974/2200/1296 1976/2201/1298 2045/2202/1391
f 1988/2203/1392 2042/2204/1393 2046/2097/1393 1990/2096/1394
s 0
f 1884/2205/1395 2033/2088/1395 2044/2206/1395 1904/2207/1395
s 1
f 2054/2208/1396 2053/2209/1397 2171/2210/1398 2169/2211/1398
s 0
f 1886/2212/1399 2039/2182/1399 2050/2213/1399 1906/2152/1399
s 1
f 1929/2214/1400 2003/2102/1311 2004/2106/1311 2066/2215/1400 2067/2216/1400
f 1975/2217/1263 1904/2207/1401 2044/2206/1401 2045/2202/1401 1976/2201/1263
f 1989/2095/1402 1905/2094/1372 1891/2176/1375 1984/2175/1403
f 2023/2118/1325 2022/2079/1404 1974/2078/1405 2337/2218/1405 2376/2219/1406
f 2041/2220/1407 2154/2221/1408 2141/2222/1408 1887/2223/1409
f 2035/2026/1253 2138/2025/1252 2125/2224/1252 1885/2225/1410
f 2153/2226/1408 2154/2221/1408 2041/2220/1407 2043/2227/1411
f 1981/2196/1389 2036/2228/1412 2048/2229/1412 1983/2197/1390
f 1896/2169/1327 1979/2163/1327 1894/2162/1327 1883/2121/1327
f 2336/2230/1386 2309/2231/1413 1902/2232/1413 1980/2233/1386
f 1916/2234/1327 1986/2190/1327 1898/2189/1327 1883/2121/1327
f 1877/2122/1414 2116/2125/1415 2248/2235/1416 2221/2236/1417
f 1948/2237/1418 2196/2155/1419 2258/2238/1420 2241/2239/1421
f 1875/2142/1343 2100/2148/1422 2246/2240/1423 2224/2143/1344
f 1878/2128/1331 1973/2241/1424 2228/2242/1424 2223/2129/1332
f 2348/2243/1349 2351/2244/1425 2074/2245/1426 2201/2246/1349
f 1996/2247/1427 1991/2248/1428 1914/2249/1429 1930/2250/1430
f 1981/2196/1431 2038/2195/1432 2040/2181/1376 2310/2251/1433 2335/2252/1431
f 2200/2253/1350 2202/2254/1434 2075/2255/1435 2077/2256/1436
f 1992/2257/1437 1919/2258/1438 1918/2259/1439 1993/2260/1437
f 2161/2261/1440 1917/2262/1441 1916/2234/1442 2163/2263/1443
f 2177/2264/1444 1921/2265/1445 1920/2266/1446 2179/2267/1447
f 1931/2268/1448 2167/2269/1449 2158/2270/1450 1913/2271/1451
f 1998/2272/1452 1915/2273/1453 1923/2274/1453 1999/2275/1452
f 1929/2214/1454 2183/2276/1455 2174/2277/1456 1915/2273/1457
f 2060/2278/1458 2059/2279/1459 2187/2280/1460 2184/2281/1460
f 1919/2258/1438 2160/2282/1461 2162/2283/1462 1918/2259/1439
f 1999/2284/1463 1923/2285/1464 1922/2286/1465 2000/2287/1463
f 1923/2285/1464 2176/2288/1466 2178/2289/1467 1922/2286/1465
f 1991/2248/1468 1913/2271/1469 1919/2290/1469 1992/2291/1468
f 2058/2292/1470 1995/2293/1471 1997/2294/1472 2071/2295/1470
f 2052/2296/1473 1988/2203/1392 1990/2096/1394 2065/2297/1473
f 2002/2298/1474 2062/2299/1475 2066/2215/1475 2004/2106/1476
s 0
f 1908/2300/1477 2053/2209/1477 2064/2301/1477 1928/2302/1477
s 1
f 2074/2245/1426 2073/2303/1478 2203/2304/1349 2201/2246/1349
s 0
f 1910/2305/1479 2059/2279/1479 2070/2306/1479 1930/2250/1479
s 1
f 2086/2307/1480 2087/2308/1480 1953/2309/1480 1957/2100/1309 1962/2099/1309
f 1989/2095/1308 1928/2302/1481 2064/2301/1481 2065/2297/1481 1990/2096/1308
f 2003/2102/1482 1929/2214/1454 1915/2273/1457 1998/2272/1483
f 2368/2310/1370 2324/2311/1484 1924/2312/1484 1987/2313/1370
f 2061/2314/1485 2186/2315/1486 2173/2316/1486 1911/2317/1487
f 2055/2158/1353 2170/2157/1352 2157/2318/1352 1909/2319/1488
f 2185/2320/1486 2186/2315/1486 2061/2314/1485 2063/2321/1489
f 1995/2293/1471 2056/2322/1490 2068/2323/1490 1997/2294/1472
f 1920/2266/1327 1993/2260/1327 1918/2259/1327 1883/2121/1327
f 2338/2324/1268 2373/2325/1491 1900/2326/1491 1973/2327/1268
f 1940/2328/1327 2000/2287/1327 1922/2286/1327 1883/2121/1327
f 2212/2329/1492 2213/2330/1493 2259/2331/1494 2260/2332/1495
f 1966/2333/1496 1877/2122/1414 2221/2236/1417 2220/2334/1496
f 1987/2313/1497 1924/2312/1498 2235/2335/1499 2234/2336/1497
f 2116/2125/1415 2117/2127/1330 2247/2130/1333 2248/2235/1416
f 2307/2337/1500 2310/2251/1433 2040/2181/1376 2152/2184/1378
f 2010/2338/1501 2005/2339/1502 1938/2340/1503 1954/2341/1504
f 1995/2293/1505 2058/2292/1506 2060/2278/1458 2334/2342/1507 2361/2343/1505
f 2006/2344/1508 1943/2345/1509 1942/2346/1510 2007/2347/1508
f 2193/2348/1511 1941/2349/1512 1940/2328/1513 2195/2350/1514
f 2015/2351/1515 2106/2352/1516 2093/2353/1516 1860/2354/1517
f 1955/2355/1518 2199/2356/1519 2190/2357/1520 1937/2358/1521
f 2080/2359/1522 2079/2360/1523 2217/2361/1524 2218/2362/1524
f 2209/2363/1525 1945/2364/1526 1944/2365/1527 2211/2366/1528
f 1943/2345/1509 2192/2367/1529 2194/2368/1530 1942/2346/1510
f 2005/2339/1531 1937/2358/1532 1943/2369/1532 2006/2370/1531
f 1953/2309/1533 2215/2371/1534 2206/2372/1535 1939/2373/1536
f 1947/2029/1256 2208/2374/1537 2210/2375/1538 1946/2030/1257
f 2072/2376/1539 2002/2298/1474 2004/2106/1476 2085/2105/1539
f 1961/2108/1314 2082/2116/1540 2086/2307/1540 1962/2099/1315
s 0
f 1932/2377/1541 2073/2303/1541 2084/2104/1541 1952/2103/1541
s 1
f 1957/2100/1542 1956/2378/1543 1863/2379/1544 1879/2086/1545
f 2078/2380/1546 2009/2381/1547 2011/2382/1548 2091/2383/1546
f 2063/2321/1489 2062/2299/1549 2002/2298/1550 2303/2384/1550 2360/2385/1551
f 1950/2386/1552 2328/2387/1552 2363/2388/1553 2212/2329/1553
f 2075/2255/1435 2202/2254/1434 2189/2389/1434 1933/2390/1554
f 2219/2391/1555 2216/2392/1555 2081/2393/1556 2083/2115/1323
f 2009/2381/1547 2076/2394/1557 2088/2395/1557 2011/2382/1548
f 1944/2365/1327 2007/2347/1327 1942/2346/1327 1883/2121/1327
f 2343/2396/1558 2322/2113/1321 1961/2108/1321 2012/2107/1559 2014/2051/1274
f 2181/2397/1560 1927/2398/1561 2236/2399/1562 2255/2400/1563
f 2164/2401/1564 2165/2402/1565 2253/2403/1566 2254/2404/1567
f 1994/2405/1568 1926/2406/1569 2233/2407/1570 2232/2408/1568
f 2353/2409/1532 2378/2410/1531 2008/2136/1531 1949/2135/1532
f 1956/2378/1571 1958/2411/1571 1868/2412/1572 1863/2379/1572
f 2379/2413/1290 2329/2414/1289 1966/2333/1289 1876/2415/1290
f 1968/2416/1573 1963/2069/1574 1865/2417/1575 1881/2093/1576
f 1939/2373/1577 1947/2418/1577 1958/2411/1571 1956/2378/1571
f 1953/2309/1533 1939/2373/1536 1956/2378/1543 1957/2100/1542
f 2363/2388/1553 2332/2419/1555 2213/2330/1555 2212/2329/1553
s 0
f 2081/2393/1578 1935/2420/1578 1953/2309/1578 2087/2308/1578
s 1
f 2088/2395/1579 2089/2421/1579 1955/2355/1579 2010/2338/1580 2011/2382/1580
f 1868/2042/1265 1958/2028/1255 1959/2031/1255 1867/2043/1266
f 1882/2059/1280 1864/2062/1283 1963/2069/1574 1968/2416/1573
f 2340/2422/1305 2374/2423/1581 2034/2087/1303 2137/2090/1305
s 0
f 2015/2351/1582 1860/2354/1582 1882/2059/1582 2029/2424/1582
s 1
f 1865/2417/1328 1963/2069/1289 1964/2071/1289 1872/2425/1328
f 1872/2033/1259 1964/2055/1277 1965/2058/1277 1871/2034/1260
f 1969/2074/1583 1968/2416/1583 1881/2093/1584 2030/2092/1584 2031/2075/1584
f 1904/2207/1585 1975/2217/1316 1970/2426/1317 1888/2427/1586
f 2304/2428/1452 2352/2429/1587 1948/2237/1587 2001/2430/1452
f 2028/2120/1588 2029/2424/1588 1882/2059/1588 1968/2416/1583 1969/2074/1583
s 0
f 2021/2109/1589 1862/2112/1589 1880/2036/1589 2027/2040/1589
s 1
f 1893/2165/1359 1971/2063/1284 1972/2066/1284 1892/2126/1360
f 1888/2427/1491 1970/2426/1268 1971/2431/1268 1893/2432/1491
f 2101/2147/1335 2372/2146/1335 2379/2413/1290 1876/2415/1290
f 1890/2151/1413 1977/2150/1386 1978/2194/1386 1897/2433/1413
s 0
f 2035/2026/1590 1885/2225/1590 1907/2171/1590 2049/2434/1590
s 1
f 1897/2168/1363 1978/2160/1355 1979/2163/1355 1896/2169/1364
f 1983/2197/1591 1982/2149/1591 1906/2152/1592 2050/2213/1592 2051/2198/1592
f 1907/2171/1366 1889/2174/1369 1977/2150/1346 1982/2149/1345
f 1928/2302/1593 1989/2095/1402 1984/2175/1403 1912/2435/1594
f 2369/2436/1371 2368/2310/1370 1987/2313/1370 1903/2437/1371
f 2048/2229/1595 2049/2434/1595 1907/2171/1595 1982/2149/1591 1983/2197/1591
s 0
f 2041/2220/1596 1887/2223/1596 1905/2094/1596 2047/2098/1596
s 1
f 1917/2262/1441 1985/2187/1381 1986/2190/1381 1916/2234/1442
f 1912/2435/1484 1984/2175/1370 1985/2178/1370 1917/2438/1484
f 2305/2439/1398 2323/2440/1597 2054/2208/1396 2169/2211/1398
f 1914/2249/1598 1991/2248/1468 1992/2291/1468 1921/2441/1598
s 0
f 2055/2158/1599 1909/2319/1599 1931/2268/1599 2069/2442/1599
s 1
f 1921/2265/1445 1992/2257/1437 1993/2260/1437 1920/2266/1446
f 1997/2294/1600 1996/2247/1600 1930/2250/1601 2070/2306/1601 2071/2295/1601
f 1931/2268/1448 1913/2271/1451 1991/2248/1428 1996/2247/1427
f 1952/2103/1602 2003/2102/1482 1998/2272/1483 1936/2443/1603
f 2165/2402/1351 2356/2444/1351 2365/2445/1469 1925/2446/1469
f 2068/2323/1604 2069/2442/1604 1931/2268/1604 1996/2247/1600 1997/2294/1600
s 0
f 2061/2314/1605 1911/2317/1605 1929/2214/1605 2067/2216/1605
s 1
f 1941/2349/1512 1999/2284/1463 2000/2287/1463 1940/2328/1513
f 1936/2443/1587 1998/2272/1452 1999/2275/1452 1941/2447/1587
s 0
f 1934/2448/1606 2079/2360/1606 2090/2449/1606 1954/2341/1606
s 1
f 1938/2340/1552 2005/2339/1531 2006/2370/1531 1945/2450/1552
s 0
f 2075/2255/1607 1933/2390/1607 1955/2355/1607 2089/2421/1607
s 1
f 1945/2364/1526 2006/2344/1508 2007/2347/1508 1944/2365/1527
f 1955/2355/1518 1937/2358/1521 2005/2339/1502 2010/2338/1501
f 2011/2382/1580 2010/2338/1580 1954/2341/1608 2090/2449/1608 2091/2383/1608
f 2081/2393/1556 2216/2392/1555 2205/2451/1555 1935/2420/1609
f 2012/2107/1559 2013/2052/1275 2014/2051/1274
f 2015/2351/1515 2016/2119/1610 2017/2134/1336
f 2018/2072/1611 2019/2081/1300 2020/2080/1299
f 2021/2109/1318 2022/2079/1404 2023/2118/1325
f 2032/2199/1612 2033/2088/1304 2034/2087/1303
f 2035/2026/1253 2036/2228/1613 2037/2027/1254
f 2038/2195/1432 2039/2182/1377 2040/2181/1376
f 2041/2220/1407 2042/2204/1614 2043/2227/1411
f 2052/2296/1615 2053/2209/1397 2054/2208/1396
f 2055/2158/1353 2056/2322/1616 2057/2159/1354
f 2058/2292/1506 2059/2279/1459 2060/2278/1458
f 2061/2314/1485 2062/2299/1617 2063/2321/1489
f 2072/2376/1618 2073/2303/1478 2074/2245/1426
f 2075/2255/1435 2076/2394/1619 2077/2256/1436
f 2078/2380/1620 2079/2360/1523 2080/2359/1522
f 2081/2393/1556 2082/2116/1621 2083/2115/1323
s 0
f 2026/2039/1622 2022/2079/1622 2021/2109/1622 2027/2040/1622
f 2012/2107/1623 2025/2101/1623 2024/2085/1623 2013/2052/1623
f 2028/2120/1624 2016/2119/1624 2015/2351/1624 2029/2424/1624
f 2018/2072/1625 2031/2075/1625 2030/2092/1625 2019/2081/1625
f 2046/2097/1626 2042/2204/1626 2041/2220/1626 2047/2098/1626
f 2032/2199/1627 2045/2202/1627 2044/2206/1627 2033/2088/1627
f 2048/2229/1628 2036/2228/1628 2035/2026/1628 2049/2434/1628
f 2038/2195/1629 2051/2198/1629 2050/2213/1629 2039/2182/1629
f 2066/2215/1630 2062/2299/1630 2061/2314/1630 2067/2216/1630
f 2052/2296/1631 2065/2297/1631 2064/2301/1631 2053/2209/1631
f 2068/2323/1632 2056/2322/1632 2055/2158/1632 2069/2442/1632
f 2058/2292/1633 2071/2295/1633 2070/2306/1633 2059/2279/1633
f 2086/2307/1634 2082/2116/1634 2081/2393/1634 2087/2308/1634
f 2072/2376/1635 2085/2105/1635 2084/2104/1635 2073/2303/1635
f 2088/2395/1636 2076/2394/1636 2075/2255/1636 2089/2421/1636
f 2078/2380/1637 2091/2383/1637 2090/2449/1637 2079/2360/1637
s 1
f 2101/2147/1638 1876/2415/1639 2225/2452/1640 2245/2453/1641
f 1860/2354/1642 2093/2353/1643 2103/2060/1281 1882/2059/1280
f 1935/2420/1644 2205/2451/1645 2215/2371/1534 1953/2309/1533
f 1862/2112/1646 2109/2111/1647 2119/2049/1271 1880/2036/1270
f 1885/2225/1648 2125/2224/1649 2135/2172/1367 1907/2171/1366
f 1887/2223/1650 2141/2222/1651 2151/2179/1373 1905/2094/1372
f 1909/2319/1652 2157/2318/1653 2167/2269/1449 1931/2268/1448
f 1911/2317/1654 2173/2316/1655 2183/2276/1455 1929/2214/1454
f 1933/2390/1656 2189/2389/1657 2199/2356/1519 1955/2355/1518
f 2095/2454/1276 1863/2379/1572 1868/2412/1572 2097/2455/1658
f 2105/2133/1335 2106/2352/1516 2015/2351/1515 2017/2134/1336
f 2092/2456/1659 1859/2084/1660 1879/2086/1661 2102/2457/1662
f 1869/2057/1327 2098/2077/1327 2099/2044/1327 1867/2043/1327 1883/2121/1327
f 2102/2457/1662 1879/2086/1545 1863/2379/1544 2095/2454/1663
f 2123/2082/1301 2019/2081/1300 1861/2091/1664 2108/2458/1301
f 1864/2062/1290 2094/2061/1665 2096/2459/1665 1870/2070/1290
f 2111/2460/1666 1865/2417/1328 1872/2425/1328 2113/2461/1666
f 2342/2462/1329 2315/2463/1667 2020/2080/1299 2120/2083/1301
f 2108/2458/1668 1861/2091/1669 1881/2093/1576 2118/2464/1670
f 2139/2089/1305 2033/2088/1304 1884/2205/1671 2124/2465/1305
f 1873/2065/1327 2114/2068/1327 2115/2035/1327 1871/2034/1327 1883/2121/1327
f 2118/2464/1670 1881/2093/1576 1865/2417/1575 2111/2460/1672
f 1866/2046/1269 2110/2050/1673 2112/2466/1674 1874/2047/1269
f 2127/2467/1305 1888/2427/1491 1893/2432/1491 2129/2468/1675
f 2124/2465/1676 1884/2205/1677 1904/2207/1678 2134/2469/1679
f 1894/2162/1327 2130/2186/1327 2131/2166/1327 1892/2126/1327 1883/2121/1327
f 2134/2469/1679 1904/2207/1585 1888/2427/1586 2127/2467/1680
f 1889/2174/1387 2126/2173/1681 2128/2470/1681 1895/2193/1387
f 2155/2183/1378 2039/2182/1377 1886/2212/1682 2140/2471/1378
f 2037/2027/1254 2036/2228/1683 1981/2196/1431 2335/2252/1431 2302/2472/1684
f 2143/2473/1685 1890/2151/1413 1897/2433/1413 2145/2474/1685
f 2370/2475/1686 2357/2476/1408 2153/2226/1408 2043/2227/1411
f 2140/2471/1687 1886/2212/1688 1906/2152/1348 2150/2477/1689
f 1898/2189/1327 2146/2192/1327 2147/2170/1327 1896/2169/1327 1883/2121/1327
f 2171/2210/1398 2053/2209/1397 1908/2300/1690 2156/2478/1398
f 2150/2477/1689 1906/2152/1348 1890/2151/1347 2143/2473/1691
f 1891/2176/1371 2142/2180/1692 2144/2479/1693 1899/2177/1371
f 2159/2480/1398 1912/2435/1484 1917/2438/1484 2161/2481/1694
f 2156/2478/1695 1908/2300/1696 1928/2302/1697 2166/2482/1698
f 1918/2259/1327 2162/2283/1327 2163/2263/1327 1916/2234/1327 1883/2121/1327
f 2166/2482/1698 1928/2302/1593 1912/2435/1594 2159/2480/1699
f 1913/2271/1469 2158/2270/1700 2160/2483/1700 1919/2290/1469
f 2187/2280/1460 2059/2279/1459 1910/2305/1701 2172/2484/1460
f 2366/2485/1702 2355/2486/1351 2168/2156/1351 2057/2159/1354
f 2175/2487/1703 1914/2249/1598 1921/2441/1598 2177/2488/1703
f 1951/2489/1577 2346/2490/1577 2321/2491/1571 1960/2141/1571
f 2172/2484/1704 1910/2305/1705 1930/2250/1430 2182/2492/1706
f 1922/2286/1327 2178/2289/1327 2179/2267/1327 1920/2266/1327 1883/2121/1327
f 2203/2304/1349 2073/2303/1478 1932/2377/1707 2188/2493/1349
f 2182/2492/1706 1930/2250/1430 1914/2249/1429 2175/2487/1708
f 1915/2273/1453 2174/2277/1709 2176/2494/1710 1923/2274/1453
f 2191/2495/1349 1936/2443/1587 1941/2447/1587 2193/2496/1711
f 2188/2493/1712 1932/2377/1713 1952/2103/1602 2198/2497/1714
f 1942/2346/1327 2194/2368/1327 2195/2350/1327 1940/2328/1327 1883/2121/1327
f 2198/2497/1714 1952/2103/1602 1936/2443/1603 2191/2495/1715
f 1937/2358/1532 2190/2357/1716 2192/2498/1716 1943/2369/1532
f 2217/2361/1524 2079/2360/1523 1934/2448/1717 2204/2499/1524
f 2200/2253/1350 2318/2500/1350 2348/2243/1349 2201/2246/1349
f 2207/2501/1718 1938/2340/1552 1945/2450/1552 2209/2502/1718
f 2204/2499/1719 1934/2448/1720 1954/2341/1504 2214/2503/1721
f 2349/2504/1722 2334/2342/1507 2060/2278/1458 2184/2281/1460
f 1946/2030/1327 2210/2375/1327 2211/2366/1327 1944/2365/1327 1883/2121/1327
f 2214/2503/1721 1954/2341/1504 1938/2340/1503 2207/2501/1723
f 1939/2373/1577 2206/2372/1724 2208/2505/1725 1947/2418/1577
f 2107/2053/1276 2092/2456/1276 2093/2353/1516 2106/2352/1516
f 1875/2142/1572 2344/2506/1572 2325/2145/1276 2100/2148/1276
f 2092/2456/1659 2102/2457/1662 2103/2060/1281 2093/2353/1643
f 2097/2041/1264 2099/2044/1267 2098/2077/1295 2096/2076/1294
f 2095/2454/1276 2097/2455/1658 2096/2459/1665 2094/2061/1665
f 2106/2352/1516 2105/2133/1335 2104/2054/1276 2107/2053/1276
f 2102/2457/1662 2095/2454/1663 2094/2061/1282 2103/2060/1281
f 2123/2082/1301 2108/2458/1301 2109/2111/1319 2122/2110/1319
f 2117/2127/1319 2314/2507/1319 2375/2508/1269 1878/2128/1269
f 2108/2458/1668 2118/2464/1670 2119/2049/1271 2109/2111/1647
f 2122/2110/1319 2121/2117/1319 2120/2083/1301 2123/2082/1301
f 2113/2032/1258 2115/2035/1261 2114/2068/1288 2112/2067/1287
f 2111/2460/1666 2113/2461/1666 2112/2466/1674 2110/2050/1673
f 2118/2464/1670 2111/2460/1672 2110/2050/1272 2119/2049/1271
f 2139/2089/1305 2124/2465/1305 2125/2224/1252 2138/2025/1252
f 2124/2465/1676 2134/2469/1679 2135/2172/1367 2125/2224/1649
f 2129/2164/1358 2131/2166/1361 2130/2186/1380 2128/2185/1379
f 2127/2467/1305 2129/2468/1675 2128/2470/1681 2126/2173/1681
f 2134/2469/1679 2127/2467/1680 2126/2173/1368 2135/2172/1367
f 2138/2025/1252 2136/2024/1251 2137/2090/1305 2139/2089/1305
f 2341/2124/1329 2314/2507/1319 2117/2127/1319 2116/2125/1329
f 2155/2183/1378 2140/2471/1378 2141/2222/1408 2154/2221/1408
f 1902/2232/1413 2309/2231/1413 2308/2509/1500 2148/2510/1500
f 2140/2471/1687 2150/2477/1689 2151/2179/1373 2141/2222/1651
f 2145/2167/1362 2147/2170/1365 2146/2192/1385 2144/2191/1384
f 2154/2221/1408 2153/2226/1408 2152/2184/1378 2155/2183/1378
f 2143/2473/1685 2145/2474/1685 2144/2479/1693 2142/2180/1692
f 2150/2477/1689 2143/2473/1691 2142/2180/1374 2151/2179/1373
f 2171/2210/1398 2156/2478/1398 2157/2318/1352 2170/2157/1352
f 2156/2478/1695 2166/2482/1698 2167/2269/1449 2157/2318/1653
f 2161/2261/1440 2163/2263/1443 2162/2283/1462 2160/2282/1461
f 2159/2480/1398 2161/2481/1694 2160/2483/1700 2158/2270/1700
f 2166/2482/1698 2159/2480/1699 2158/2270/1450 2167/2269/1449
f 2170/2157/1352 2168/2156/1351 2169/2211/1398 2171/2210/1398
f 1924/2312/1484 2324/2311/1484 2306/2511/1398 2164/2401/1398
f 2187/2280/1460 2172/2484/1460 2173/2316/1486 2186/2315/1486
f 2181/2397/1486 2320/2512/1486 2359/2513/1453 1927/2398/1453
f 2172/2484/1704 2182/2492/1706 2183/2276/1455 2173/2316/1655
f 2177/2264/1444 2179/2267/1447 2178/2289/1467 2176/2288/1466
f 2186/2315/1486 2185/2320/1486 2184/2281/1460 2187/2280/1460
f 2175/2487/1703 2177/2488/1703 2176/2494/1710 2174/2277/1709
f 2182/2492/1706 2175/2487/1708 2174/2277/1456 2183/2276/1455
f 2203/2304/1349 2188/2493/1349 2189/2389/1434 2202/2254/1434
f 2188/2493/1712 2198/2497/1714 2199/2356/1519 2189/2389/1657
f 2193/2348/1511 2195/2350/1514 2194/2368/1530 2192/2367/1529
f 2191/2495/1349 2193/2496/1711 2192/2498/1716 2190/2357/1716
f 2198/2497/1714 2191/2495/1715 2190/2357/1520 2199/2356/1519
f 2202/2254/1434 2200/2253/1350 2201/2246/1349 2203/2304/1349
f 2350/2514/1722 2320/2512/1486 2181/2397/1486 2180/2515/1722
f 2217/2361/1524 2204/2499/1524 2205/2451/1555 2216/2392/1555
f 2204/2499/1719 2214/2503/1721 2215/2371/1534 2205/2451/1645
f 2213/2330/1555 2332/2419/1555 2346/2490/1577 1951/2489/1577
f 2209/2363/1525 2211/2366/1528 2210/2375/1538 2208/2374/1537
f 2207/2501/1718 2209/2502/1718 2208/2505/1725 2206/2372/1724
f 2214/2503/1721 2207/2501/1723 2206/2372/1535 2215/2371/1534
f 2216/2392/1555 2219/2391/1555 2218/2362/1524 2217/2361/1524
f 2107/2053/1276 2013/2052/1275 1859/2084/1726 2092/2456/1276
f 2223/2516/1727 2228/2517/1727 2229/2518/1727 2222/2519/1727
f 2221/2520/1727 2248/2521/1727 2247/2522/1727 2223/2516/1727 2222/2519/1727
f 2242/2523/1727 2244/2524/1727 2224/2525/1727 2222/2519/1727
f 2221/2520/1727 2222/2519/1727 2225/2526/1727 2220/2527/1727
f 2230/2528/1727 2234/2529/1727 2235/2530/1727 2222/2519/1727
f 2229/2518/1727 2250/2531/1727 2249/2532/1727 2231/2533/1727 2222/2519/1727
f 2227/2534/1727 2252/2535/1727 2251/2536/1727 2230/2528/1727 2222/2519/1727
f 2227/2534/1727 2222/2519/1727 2231/2533/1727 2226/2537/1727
f 2236/2538/1727 2240/2539/1727 2241/2540/1727 2222/2519/1727
f 2235/2530/1727 2254/2541/1727 2253/2542/1727 2237/2543/1727 2222/2519/1727
f 2233/2544/1727 2256/2545/1727 2255/2546/1727 2236/2538/1727 2222/2519/1727
f 2233/2544/1727 2222/2519/1727 2237/2543/1727 2232/2547/1727
f 2239/2548/1727 2222/2519/1727 2243/2549/1727 2238/2550/1727
f 2241/2540/1727 2258/2551/1727 2257/2552/1727 2243/2549/1727 2222/2519/1727
f 2239/2548/1727 2260/2553/1727 2259/2554/1727 2242/2523/1727 2222/2519/1727
f 2224/2525/1727 2246/2555/1727 2245/2556/1727 2225/2526/1727 2222/2519/1727
f 2196/2155/1419 2197/2139/1340 2257/2140/1341 2258/2238/1420
f 1876/2415/1639 1966/2333/1496 2220/2334/1496 2225/2452/1640
f 2148/2510/1728 2149/2557/1729 2251/2558/1730 2252/2559/1731
f 1950/2386/1732 2212/2329/1492 2260/2332/1495 2239/2560/1733
f 1900/2326/1734 2132/2561/1735 2250/2562/1736 2229/2563/1737
f 2100/2148/1422 2101/2147/1638 2245/2453/1641 2246/2240/1423
f 1927/2398/1561 2001/2430/1738 2240/2564/1738 2236/2399/1562
f 2213/2330/1493 1951/2489/1739 2242/2565/1740 2259/2331/1494
f 2133/2566/1741 1901/2567/1742 2231/2568/1743 2249/2569/1744
f 1980/2233/1745 1902/2232/1746 2227/2570/1747 2226/2571/1745
f 1973/2327/1424 1900/2326/1734 2229/2563/1737 2228/2572/1424
f 2008/2136/1338 1950/2386/1732 2239/2560/1733 2238/2137/1338
f 1951/2489/1739 1960/2141/1342 2244/2144/1342 2242/2565/1740
f 1902/2232/1746 2148/2510/1728 2252/2559/1731 2227/2570/1747
f 1925/2446/1748 1994/2405/1568 2232/2408/1568 2237/2573/1749
f 2180/2515/1750 2181/2397/1560 2255/2400/1563 2256/2574/1751
f 2001/2430/1738 1948/2237/1418 2241/2239/1421 2240/2564/1738
f 2149/2557/1729 1903/2437/1752 2230/2575/1753 2251/2558/1730
f 2132/2561/1735 2133/2566/1741 2249/2569/1744 2250/2562/1736
f 1924/2312/1498 2164/2401/1564 2254/2404/1567 2235/2335/1499
f 1903/2437/1752 1987/2313/1497 2234/2336/1497 2230/2575/1753
f 2165/2402/1565 1925/2446/1748 2237/2573/1749 2253/2403/1566
f 1901/2567/1742 1980/2233/1745 2226/2571/1745 2231/2568/1743
f 1926/2406/1569 2180/2515/1750 2256/2574/1751 2233/2407/1570
f 2345/2114/1322 2331/2576/1555 2219/2391/1555 2083/2115/1323
f 2308/2509/1500 2358/2577/1408 2149/2557/1408 2148/2510/1500
f 2219/2391/1555 2331/2576/1555 2364/2578/1553 2218/2362/1524
f 2302/2472/1684 2311/2579/1251 2136/2024/1251 2037/2027/1254
f 2376/2219/1406 2313/2580/1319 2121/2117/1319 2023/2118/1325
f 1974/2200/1405 2032/2199/1612 2034/2087/1303 2374/2423/1581 2337/2581/1405
f 2136/2024/1251 2311/2579/1251 2340/2422/1305 2137/2090/1305
f 2362/2582/1468 2333/2583/1598 1926/2406/1598 1994/2405/1468
f 2057/2159/1354 2056/2322/1754 1995/2293/1505 2361/2343/1505 2366/2485/1702
f 2121/2117/1319 2313/2580/1319 2342/2462/1329 2120/2083/1301
f 2077/2256/1436 2076/2394/1755 2009/2381/1756 2377/2584/1756 2354/2585/1757
f 2133/2566/1251 2312/2586/1251 2301/2587/1387 1901/2567/1387
f 2364/2578/1553 2327/2588/1758 2080/2359/1522 2218/2362/1524
f 1960/2141/1571 2321/2491/1571 2344/2506/1572 1875/2142/1572
f 2002/2298/1550 2072/2376/1618 2074/2245/1426 2351/2244/1425 2303/2384/1550
f 2043/2227/1411 2042/2204/1759 1988/2203/1760 2367/2589/1760 2370/2475/1686
f 2105/2133/1335 2371/2132/1335 2326/2590/1276 2104/2054/1276
f 2009/2381/1756 2078/2380/1620 2080/2359/1522 2327/2588/1758 2377/2584/1756
f 2339/2591/1305 2312/2586/1251 2133/2566/1251 2132/2561/1305
f 1900/2326/1491 2373/2325/1491 2339/2591/1305 2132/2561/1305
f 2375/2508/1269 2338/2592/1268 1973/2241/1268 1878/2128/1269
f 2326/2590/1276 2343/2396/1558 2014/2051/1274 2104/2054/1276
f 1926/2406/1598 2333/2583/1598 2350/2514/1722 2180/2515/1722
f 2306/2511/1398 2356/2444/1351 2165/2402/1351 2164/2401/1398
f 2360/2385/1551 2319/2593/1486 2185/2320/1486 2063/2321/1489
f 2359/2513/1453 2304/2428/1452 2001/2430/1452 1927/2398/1453
f 2185/2320/1486 2319/2593/1486 2349/2504/1722 2184/2281/1460
f 2378/2410/1531 2328/2387/1552 1950/2386/1552 2008/2136/1531
f 2197/2139/1350 2317/2154/1350 2353/2409/1532 1949/2135/1532
f 1988/2203/1760 2052/2296/1615 2054/2208/1396 2323/2440/1597 2367/2589/1760
f 1967/2073/1761 2018/2072/1611 2020/2080/1299 2315/2463/1667 2330/2594/1761
f 2354/2585/1757 2318/2500/1350 2200/2253/1350 2077/2256/1436
f 2153/2226/1408 2357/2476/1408 2307/2337/1500 2152/2184/1378
f 2168/2156/1351 2355/2486/1351 2305/2439/1398 2169/2211/1398
f 2149/2557/1408 2358/2577/1408 2369/2436/1371 1903/2437/1371
f 1948/2237/1587 2352/2429/1587 2347/2153/1349 2196/2155/1349
f 2017/2134/1336 2016/2119/1762 1967/2073/1761 2330/2594/1761 2380/2131/1334
f 2299/2595/1763 2298/2596/1764 2297/2597/1765 2300/2598/1766
f 2329/2414/1289 2316/2123/1328 1877/2122/1328 1966/2333/1289
f 2365/2445/1469 2362/2582/1468 1994/2405/1468 1925/2446/1469
f 2325/2145/1767 2344/2506/1768 2386/2599/1769 2262/2600/1770
f 2319/2593/1771 2360/2385/1772 2388/2601/1773 2403/2602/1774
f 2380/2131/1775 2330/2594/1776 2410/2603/1776 2420/2604/1777
f 2310/2251/1778 2307/2337/1779 2296/2605/1780 2293/2606/1781
f 2343/2396/1782 2326/2590/1783 2261/2607/1784 2385/2608/1785
f 2359/2513/1786 2320/2512/1787 2404/2609/1788 2387/2610/1789
f 2362/2582/1790 2365/2445/1791 2268/2611/1792 2269/2612/1790
f 2370/2475/1793 2367/2589/1794 2391/2613/1794 2394/2614/1795
f 2303/2384/1796 2351/2244/1797 2405/2615/1798 2389/2616/1796
f 2347/2153/1799 2352/2429/1800 2406/2617/1801 2413/2618/1802
f 2308/2509/1803 2309/2231/1804 2294/2619/1805 2295/2620/1806
f 2352/2429/1800 2304/2428/1807 2390/2621/1807 2406/2617/1801
f 2351/2244/1797 2348/2243/1808 2414/2622/1809 2405/2615/1798
f 2334/2342/1810 2349/2504/1811 2274/2623/1812 2271/2624/1813
f 2368/2310/1814 2369/2436/1815 2393/2625/1816 2392/2626/1814
f 2355/2486/1817 2366/2485/1818 2267/2627/1819 2417/2628/1820
f 2332/2419/1821 2363/2388/1822 2300/2598/1823 2297/2597/1824
f 2349/2504/1811 2319/2593/1771 2403/2602/1774 2274/2623/1812
f 2365/2445/1791 2356/2444/1825 2418/2629/1826 2268/2611/1792
f 2350/2514/1827 2333/2583/1828 2272/2630/1829 2273/2631/1830
f 2304/2428/1807 2359/2513/1786 2387/2610/1789 2390/2621/1807
f 2320/2512/1787 2350/2514/1827 2273/2631/1830 2404/2609/1788
f 2305/2439/1831 2355/2486/1817 2417/2628/1820 2401/2632/1832
f 2364/2578/1833 2331/2576/1834 2298/2596/1835 2299/2595/1836
f 2356/2444/1825 2306/2511/1837 2402/2633/1838 2418/2629/1826
f 2340/2422/1839 2311/2579/1840 2278/2634/1841 2275/2635/1842
f 2360/2385/1772 2303/2384/1796 2389/2616/1796 2388/2601/1773
f 2323/2440/1843 2305/2439/1831 2401/2632/1832 2399/2636/1844
f 2306/2511/1837 2324/2311/1845 2400/2637/1846 2402/2633/1838
f 2307/2337/1779 2357/2476/1847 2415/2638/1848 2296/2605/1780
f 2312/2586/1849 2339/2591/1850 2276/2639/1851 2277/2640/1852
f 2344/2506/1768 2321/2491/1853 2383/2641/1853 2386/2599/1769
f 2358/2577/1854 2308/2509/1803 2295/2620/1806 2416/2642/1855
f 2361/2343/1856 2334/2342/1810 2271/2624/1813 2270/2643/1856
f 2376/2219/1857 2337/2218/1858 2282/2644/1858 2279/2645/1859
f 2322/2113/1860 2343/2396/1782 2385/2608/1785 2384/2646/1860
f 2333/2583/1828 2362/2582/1790 2269/2612/1790 2272/2630/1829
f 2317/2154/1861 2347/2153/1799 2413/2618/1802 2407/2647/1862
f 2367/2589/1794 2323/2440/1843 2399/2636/1844 2391/2613/1794
f 2348/2243/1808 2318/2500/1863 2408/2648/1864 2414/2622/1809
f 2301/2587/1387 2336/2230/1386 1980/2233/1386 1901/2567/1387
f 2295/2620/1865 2294/2619/1866 2293/2606/1867 2296/2605/1868
f 2298/2596/1764 2292/2649/1869 2291/2650/1870 2297/2597/1765
f 2289/2651/1871 2288/2652/1872 2287/2653/1873 2290/2654/1871
f 2285/2655/1874 2284/2656/1875 2283/2657/1876 2286/2658/1877
f 2281/2659/1878 2280/2660/1879 2279/2645/1880 2282/2644/1878
f 2277/2640/1881 2276/2639/1882 2275/2635/1883 2278/2634/1884
f 2273/2631/1885 2272/2630/1886 2271/2624/1887 2274/2623/1888
f 2269/2612/1889 2268/2611/1890 2267/2627/1891 2270/2643/1889
f 2284/2656/1875 2279/2645/1880 2280/2660/1879 2283/2657/1876
f 2265/2661/1892 2264/2662/1893 2263/2663/1893 2266/2664/1894
f 2288/2652/1872 2277/2640/1881 2278/2634/1884 2287/2653/1873
f 2261/2607/1895 2381/2665/1896 2382/2666/1897 2262/2600/1898
f 2384/2646/1899 2385/2608/1900 2386/2599/1901 2383/2641/1899
f 2388/2601/1902 2389/2616/1903 2390/2621/1903 2387/2610/1904
f 2392/2626/1905 2393/2625/1906 2394/2614/1907 2391/2613/1905
f 2385/2608/1900 2261/2607/1895 2262/2600/1898 2386/2599/1901
f 2264/2662/1893 2395/2667/1908 2396/2668/1909 2263/2663/1893
f 2294/2619/1866 2289/2651/1871 2290/2654/1871 2293/2606/1867
f 2276/2639/1882 2397/2669/1910 2398/2670/1911 2275/2635/1883
f 2282/2671/1878 2398/2670/1911 2397/2669/1910 2281/2672/1878
f 2400/2637/1912 2392/2626/1905 2391/2613/1905 2399/2636/1913
f 2272/2630/1886 2269/2612/1889 2270/2643/1889 2271/2624/1887
f 2402/2633/1914 2400/2637/1912 2399/2636/1913 2401/2632/1915
f 2404/2609/1916 2273/2631/1885 2274/2623/1888 2403/2602/1917
f 2406/2617/1918 2390/2621/1903 2389/2616/1903 2405/2615/1919
f 2387/2610/1904 2404/2609/1916 2403/2602/1917 2388/2601/1902
f 2395/2667/1908 2299/2595/1763 2300/2598/1766 2396/2668/1909
f 2408/2648/1920 2265/2661/1892 2266/2664/1894 2407/2647/1921
f 2292/2649/1869 2384/2646/1899 2383/2641/1899 2291/2650/1870
f 2410/2603/1922 2411/2673/1923 2412/2674/1924 2409/2675/1922
f 2414/2622/1925 2408/2648/1920 2407/2647/1921 2413/2618/1926
f 2416/2642/1927 2295/2620/1865 2296/2605/1868 2415/2638/1928
f 2418/2629/1929 2402/2633/1914 2401/2632/1915 2417/2628/1930
f 2268/2611/1890 2418/2629/1929 2417/2628/1930 2267/2627/1891
f 2405/2615/1919 2414/2622/1925 2413/2618/1926 2406/2617/1918
f 2420/2604/1931 2410/2603/1922 2409/2675/1922 2419/2676/1932
f 2381/2665/1896 2420/2604/1931 2419/2676/1932 2382/2666/1897
f 2411/2673/1923 2285/2655/1874 2286/2658/1877 2412/2674/1924
f 2393/2625/1906 2416/2642/1927 2415/2638/1928 2394/2614/1907
f 2366/2485/1818 2361/2343/1856 2270/2643/1856 2267/2627/1819
f 2331/2576/1834 2345/2114/1933 2292/2649/1934 2298/2596/1835
f 2329/2414/1935 2379/2413/1936 2419/2676/1937 2409/2675/1935
f 2327/2588/1938 2364/2578/1833 2299/2595/1836 2395/2667/1939
f 2377/2584/1940 2327/2588/1938 2395/2667/1939 2264/2662/1940
f 2313/2580/1941 2376/2219/1857 2279/2645/1859 2284/2656/1942
f 2371/2132/1943 2380/2131/1775 2420/2604/1777 2381/2665/1944
f 2363/2388/1822 2328/2387/1945 2396/2668/1946 2300/2598/1823
f 2375/2508/1947 2314/2507/1948 2283/2657/1949 2280/2660/1950
f 2346/2490/1951 2332/2419/1821 2297/2597/1824 2291/2650/1952
f 2379/2413/1936 2372/2146/1953 2382/2666/1954 2419/2676/1937
f 2328/2387/1945 2378/2410/1955 2263/2663/1955 2396/2668/1946
f 2315/2463/1956 2342/2462/1957 2285/2655/1958 2411/2673/1959
f 2318/2500/1863 2354/2585/1960 2265/2661/1961 2408/2648/1864
f 2309/2231/1804 2336/2230/1962 2289/2651/1962 2294/2619/1805
f 2354/2585/1960 2377/2584/1940 2264/2662/1940 2265/2661/1961
f 2336/2230/1962 2301/2587/1963 2288/2652/1964 2289/2651/1962
f 2341/2124/1965 2316/2123/1966 2412/2674/1967 2286/2658/1968
f 2353/2409/1969 2317/2154/1861 2407/2647/1862 2266/2664/1970
f 2335/2252/1971 2310/2251/1778 2293/2606/1781 2290/2654/1971
f 2369/2436/1815 2358/2577/1854 2416/2642/1855 2393/2625/1816
f 2345/2114/1933 2322/2113/1860 2384/2646/1860 2292/2649/1934
f 2339/2591/1850 2373/2325/1972 2397/2669/1973 2276/2639/1851
f 2378/2410/1955 2353/2409/1969 2266/2664/1970 2263/2663/1955
f 2302/2472/1974 2335/2252/1971 2290/2654/1971 2287/2653/1975
f 2357/2476/1847 2370/2475/1793 2394/2614/1795 2415/2638/1848
f 2321/2491/1853 2346/2490/1951 2291/2650/1952 2383/2641/1853
f 2301/2587/1963 2312/2586/1849 2277/2640/1852 2288/2652/1964
f 2374/2423/1976 2340/2422/1839 2275/2635/1842 2398/2670/1977
f 2311/2579/1840 2302/2472/1974 2287/2653/1975 2278/2634/1841
f 2342/2462/1957 2313/2580/1941 2284/2656/1942 2285/2655/1958
f 2330/2594/1776 2315/2463/1956 2411/2673/1959 2410/2603/1776
f 2337/2581/1858 2374/2423/1976 2398/2670/1977 2282/2671/1858
f 2373/2325/1972 2338/2324/1978 2281/2672/1978 2397/2669/1973
f 2326/2590/1783 2371/2132/1943 2381/2665/1944 2261/2607/1784
f 2314/2507/1948 2341/2124/1965 2286/2658/1968 2283/2657/1949
f 2316/2123/1966 2329/2414/1935 2409/2675/1935 2412/2674/1967
f 2324/2311/1845 2368/2310/1814 2392/2626/1814 2400/2637/1846
f 2372/2146/1953 2325/2145/1767 2262/2600/1770 2382/2666/1954
f 2338/2592/1978 2375/2508/1947 2280/2660/1950 2281/2659/1978
