# Blender v3.6.0 OBJ File: 'AllModels.blend'
# www.blender.org
mtllib Prop_HologramMap2.mtl
o Prop_HologramMap2_Cube.087
v -1.578898 0.014893 0.792372
v -1.650064 0.014893 0.782049
v -1.710920 0.014893 0.753650
v -1.758499 0.014893 0.710074
v -1.788529 0.014893 0.656095
v -1.799401 0.014893 0.593223
v -1.650064 0.014893 -0.777347
v -1.578898 0.014893 -0.787914
v -1.710920 0.014893 -0.748948
v -1.758499 0.014893 -0.705373
v -1.788529 0.014893 -0.651393
v -1.799401 0.014893 -0.588521
v 1.788981 0.014893 -0.651562
v 1.805383 0.014893 -0.588877
v 1.758860 0.014893 -0.705468
v 1.711270 0.014893 -0.749036
v 1.650481 0.014893 -0.777489
v 1.579483 0.014893 -0.787962
v 1.650065 0.014893 0.782049
v 1.578908 0.014893 0.793789
v 1.710920 0.014893 0.753650
v 1.758501 0.014893 0.710074
v 1.788547 0.014893 0.656099
v 1.799470 0.014893 0.593240
v 1.017927 0.035853 0.689586
v 1.018254 0.053637 0.657658
v 1.547526 0.014893 0.793789
v -1.547508 0.014893 0.793789
v 1.503327 0.014893 0.793789
v 1.459129 0.014893 0.793789
v 1.414934 0.014893 0.793789
v 1.370740 0.014893 0.793789
v 1.326786 0.014893 0.793789
v 1.282837 0.014893 0.793789
v 1.238144 0.014893 0.793789
v 1.193989 0.014893 0.793789
v 1.149713 0.014893 0.793789
v 1.105489 0.014893 0.793789
v 1.061258 0.014893 0.793789
v 1.017045 0.014893 0.793789
v 0.972912 0.014893 0.793789
v 0.928121 0.014893 0.793789
v 0.884452 0.014893 0.793789
v 0.840844 0.014893 0.793789
v 0.797040 0.014893 0.793789
v 0.752887 0.014893 0.793789
v 0.708716 0.014893 0.793789
v 0.664347 0.014893 0.793789
v 0.620058 0.014893 0.793789
v 0.575580 0.014893 0.793789
v 0.530833 0.014893 0.793789
v 0.486606 0.014893 0.793789
v 0.442145 0.014893 0.793789
v 0.397844 0.014893 0.793789
v 0.352884 0.014893 0.793789
v 0.308599 0.014893 0.793789
v 0.264594 0.014893 0.793789
v 0.220346 0.014893 0.793789
v 0.176418 0.014893 0.793789
v 0.132531 0.014893 0.793789
v 0.088429 0.014893 0.793789
v 0.044214 0.014893 0.793789
v 0.000000 0.014893 0.793789
v -0.044215 0.014893 0.793789
v -0.088429 0.014893 0.793789
v -0.132644 0.014893 0.793789
v -0.176858 0.014893 0.793789
v -0.221073 0.014893 0.793789
v -0.265287 0.014893 0.793789
v -0.309502 0.014893 0.793789
v -0.353716 0.014893 0.793789
v -0.397931 0.014893 0.793789
v -0.442145 0.014893 0.793789
v -0.486360 0.014893 0.793789
v -0.530574 0.014893 0.793789
v -0.574787 0.014893 0.793789
v -0.618981 0.014893 0.793789
v -0.663168 0.014893 0.793789
v -0.707391 0.014893 0.793789
v -0.751630 0.014893 0.793789
v -0.795859 0.014893 0.793789
v -0.840076 0.014893 0.793789
v -0.884289 0.014893 0.793789
v -0.928510 0.014893 0.793789
v -0.972719 0.014893 0.793789
v -1.016871 0.014893 0.793789
v -1.060761 0.014893 0.793789
v -1.104798 0.014893 0.793789
v -1.149048 0.014893 0.793789
v -1.193456 0.014893 0.793789
v -1.237884 0.014893 0.793789
v -1.282208 0.014893 0.793789
v -1.326436 0.014893 0.793789
v -1.370650 0.014893 0.793789
v -1.414865 0.014893 0.793789
v -1.459079 0.014893 0.793789
v -1.503294 0.014893 0.793789
v -1.547508 0.014893 -0.787914
v 1.548192 0.014893 -0.787914
v -1.503294 0.014893 -0.787914
v -1.459079 0.014893 -0.787914
v -1.414865 0.014893 -0.787914
v -1.370650 0.014893 -0.787914
v -1.326436 0.014893 -0.787914
v -1.282221 0.014893 -0.787914
v -1.238007 0.014893 -0.787914
v -1.193792 0.014893 -0.787914
v -1.149577 0.014893 -0.787914
v -1.105363 0.014893 -0.787914
v -1.061148 0.014893 -0.787914
v -1.016934 0.014893 -0.787914
v -0.972719 0.014893 -0.787914
v -0.928505 0.014893 -0.787914
v -0.884290 0.014893 -0.787914
v -0.840076 0.014893 -0.787914
v -0.795861 0.014893 -0.787914
v -0.751647 0.014893 -0.787914
v -0.707432 0.014893 -0.787914
v -0.663294 0.014893 -0.787914
v -0.619005 0.014893 -0.787914
v -0.574788 0.014893 -0.787914
v -0.530569 0.014893 -0.787914
v -0.486352 0.014893 -0.787914
v -0.442139 0.014893 -0.787914
v -0.397930 0.014893 -0.787914
v -0.353716 0.014893 -0.787914
v -0.309502 0.014893 -0.787914
v -0.265287 0.014893 -0.787914
v -0.221072 0.014893 -0.787914
v -0.176858 0.014893 -0.787914
v -0.132644 0.014893 -0.787914
v -0.088429 0.014893 -0.787914
v -0.044214 0.014893 -0.787914
v 0.000000 0.014893 -0.787914
v 0.044215 0.014893 -0.787914
v 0.088429 0.014893 -0.787914
v 0.132644 0.014893 -0.787914
v 0.176714 0.014893 -0.787914
v 0.220864 0.014893 -0.787914
v 0.265287 0.014893 -0.787914
v 0.309502 0.014893 -0.787914
v 0.353716 0.014893 -0.787914
v 0.397931 0.014893 -0.787914
v 0.442145 0.014893 -0.787914
v 0.486361 0.014893 -0.787914
v 0.530591 0.014893 -0.787914
v 0.574839 0.014893 -0.787914
v 0.619107 0.014893 -0.787914
v 0.663406 0.014893 -0.787914
v 0.707729 0.014893 -0.787914
v 0.752069 0.014893 -0.787914
v 0.796419 0.014893 -0.787914
v 0.840774 0.014893 -0.787914
v 0.885128 0.014893 -0.787914
v 0.929474 0.014893 -0.787914
v 0.973809 0.014893 -0.787914
v 1.018127 0.014893 -0.787914
v 1.062426 0.014893 -0.787914
v 1.106702 0.014893 -0.787914
v 1.150953 0.014893 -0.787914
v 1.195179 0.014893 -0.787914
v 1.239379 0.014893 -0.787914
v 1.283553 0.014893 -0.787914
v 1.327703 0.014893 -0.787914
v 1.371831 0.014893 -0.787914
v 1.415943 0.014893 -0.787914
v 1.460034 0.014893 -0.787914
v 1.504116 0.014893 -0.787914
v 1.016027 0.116587 0.646216
v 1.061403 0.014893 0.755166
v 1.061631 0.014893 0.717900
v 1.061850 0.014893 0.683913
v 1.064535 0.046315 0.654151
v 1.070433 0.100236 0.631936
v 1.105642 0.014893 0.755145
v 1.106930 0.014893 0.720846
v 1.110307 0.040481 0.693352
v 1.115201 0.079391 0.671198
v 1.119007 0.132324 0.644823
v 1.149974 0.014893 0.755432
v 1.155212 0.038674 0.732098
v 1.159116 0.065330 0.705699
v 1.161640 0.096480 0.674886
v 1.162917 0.144697 0.640823
v 1.195017 0.014893 0.758445
v 1.199212 0.037046 0.731323
v 1.202800 0.064578 0.704248
v 1.205678 0.101276 0.671661
v 1.208188 0.157290 0.635338
v 1.238951 0.014893 0.757540
v 1.243749 0.035482 0.730387
v 1.248801 0.065106 0.704064
v 1.252166 0.104021 0.670304
v 1.258615 0.168561 0.633997
v 1.284834 0.014893 0.758894
v 1.290517 0.041064 0.732950
v 1.297504 0.066026 0.703154
v 1.302414 0.103964 0.669610
v 1.307824 0.161120 0.631488
v 1.329965 0.014893 0.759987
v 1.333264 0.034901 0.729801
v 1.340675 0.059272 0.700376
v 1.352225 0.100598 0.670472
v 1.355097 0.146914 0.629404
v 1.372230 0.014893 0.757622
v 1.376245 0.030406 0.727481
v 1.389875 0.062703 0.699933
v 1.396682 0.092074 0.667162
v 1.397048 0.128352 0.627616
v 1.415452 0.014893 0.756652
v 1.424545 0.035233 0.727995
v 1.432452 0.055914 0.696978
v 1.436438 0.077771 0.662849
v 1.438425 0.110642 0.626142
v 1.460007 0.014893 0.756060
v 1.464860 0.024490 0.723309
v 1.471868 0.043784 0.692847
v 1.476238 0.061286 0.658352
v 1.479859 0.090979 0.624977
v -1.503955 0.014893 0.607925
v -1.503553 0.014893 0.644437
v -1.503311 0.014893 0.681172
v -1.503294 0.014893 0.718223
v -1.503294 0.014893 0.755298
v 1.503863 0.014893 0.755793
v 1.504940 0.014893 0.719852
v 1.510358 0.030465 0.688249
v 1.516313 0.047345 0.655128
v 1.519885 0.064223 0.619660
v 1.547567 0.014893 0.755312
v 1.548008 0.014893 0.718612
v 1.550056 0.014893 0.684012
v 1.555156 0.032499 0.650460
v 1.559398 0.045590 0.615600
v -1.548180 0.014893 0.607938
v -1.547777 0.014893 0.644450
v -1.547528 0.014893 0.681176
v -1.547508 0.014893 0.718223
v -1.547508 0.014893 0.755298
v -1.799401 0.014893 0.569924
v -1.799401 0.014893 -0.565223
v -1.799401 0.014893 0.526265
v -1.799401 0.014893 0.482605
v -1.799401 0.014893 0.438946
v -1.799401 0.014893 0.395286
v -1.799401 0.014893 0.351627
v -1.799401 0.014893 0.307967
v -1.799401 0.014893 0.264308
v -1.799401 0.014893 0.220648
v -1.799401 0.014893 0.176989
v -1.799401 0.014893 0.133329
v -1.799401 0.014893 0.089669
v -1.799401 0.014893 0.046010
v -1.799401 0.014893 0.002351
v -1.799401 0.014893 -0.041309
v -1.799401 0.014893 -0.084968
v -1.799401 0.014893 -0.128628
v -1.799401 0.014893 -0.172287
v -1.799401 0.014893 -0.215947
v -1.799401 0.014893 -0.259606
v -1.799401 0.014893 -0.303266
v -1.799401 0.014893 -0.346925
v -1.799401 0.014893 -0.390585
v -1.799401 0.014893 -0.434245
v -1.799401 0.014893 -0.477904
v -1.799401 0.014893 -0.521563
v 1.805383 0.014893 -0.565678
v 1.799507 0.014893 0.569935
v 1.805383 0.014893 -0.522220
v 1.805383 0.014893 -0.478776
v 1.805383 0.014893 -0.435352
v 1.805383 0.014893 -0.391901
v 1.805383 0.014893 -0.348460
v 1.805383 0.014893 -0.304960
v 1.805383 0.014893 -0.261488
v 1.805383 0.014893 -0.218136
v 1.805383 0.014893 -0.174194
v 1.805383 0.014893 -0.130064
v 1.805383 0.014893 -0.085582
v 1.805383 0.014893 -0.040366
v 1.805383 0.014893 0.004120
v 1.805383 0.014893 0.047755
v 1.805383 0.014893 0.091537
v 1.805383 0.014893 0.134176
v 1.805383 0.014893 0.176834
v 1.805383 0.014893 0.219810
v 1.805383 0.014893 0.263240
v 1.805383 0.014893 0.307064
v 1.805383 0.014893 0.350937
v 1.805383 0.014893 0.394798
v 1.805383 0.014893 0.438638
v 1.805383 0.014893 0.482448
v 1.805383 0.014893 0.526217
v 1.562885 0.060055 0.580141
v 1.572430 0.093053 -0.598423
v 1.566333 0.076038 0.536297
v 1.569749 0.089908 0.492183
v 1.578480 0.110322 0.451547
v 1.593637 0.136964 0.412248
v 1.601933 0.160847 0.370864
v 1.611145 0.184313 0.330345
v 1.623485 0.202075 0.280874
v 1.637255 0.213162 0.233441
v 1.647781 0.220065 0.184926
v 1.655707 0.227253 0.134639
v 1.661521 0.238438 0.081363
v 1.665358 0.252927 0.026612
v 1.667477 0.268523 -0.027964
v 1.667466 0.284149 -0.082691
v 1.665057 0.294982 -0.137137
v 1.659907 0.297416 -0.190298
v 1.653707 0.297800 -0.244400
v 1.647540 0.284762 -0.285963
v 1.634133 0.265788 -0.328054
v 1.625398 0.249509 -0.368264
v 1.618561 0.232314 -0.406987
v 1.610056 0.209413 -0.444857
v 1.600680 0.184728 -0.484146
v 1.591733 0.157625 -0.523039
v 1.583107 0.126372 -0.564227
v -1.547508 0.014893 -0.565223
v -1.548756 0.027003 0.571415
v -1.547508 0.014893 -0.521563
v -1.547508 0.014893 -0.477904
v -1.547508 0.014893 -0.434244
v -1.547508 0.014893 -0.390585
v -1.547508 0.014893 -0.346925
v -1.547508 0.014893 -0.303266
v -1.547527 0.014893 -0.259599
v -1.547593 0.034258 -0.215908
v -1.547650 0.054928 -0.172017
v -1.547380 0.066241 -0.127118
v -1.546491 0.066509 -0.081346
v -1.544987 0.059828 -0.035730
v -1.543480 0.055009 0.008686
v -1.542728 0.053524 0.051413
v -1.542408 0.052434 0.092760
v -1.542339 0.053220 0.133760
v -1.542670 0.058519 0.175601
v -1.543665 0.066333 0.218807
v -1.545249 0.070930 0.263019
v -1.547239 0.070844 0.307687
v -1.549363 0.067978 0.352162
v -1.550742 0.062224 0.396221
v -1.551154 0.055713 0.440335
v -1.550627 0.047992 0.484365
v -1.549676 0.038454 0.528110
v 1.524124 0.095081 0.587909
v 1.530429 0.100684 -0.602390
v 1.526836 0.118812 0.541772
v 1.533272 0.140284 0.496638
v 1.548750 0.171232 0.457692
v 1.552892 0.198535 0.417121
v 1.556729 0.230468 0.370329
v 1.565849 0.256940 0.326320
v 1.579551 0.275022 0.279468
v 1.594478 0.284053 0.230858
v 1.606892 0.287353 0.181787
v 1.617116 0.289928 0.130609
v 1.625047 0.297753 0.075248
v 1.631063 0.311351 0.018000
v 1.637136 0.325933 -0.037739
v 1.641863 0.339701 -0.092728
v 1.641876 0.346568 -0.147051
v 1.634133 0.340814 -0.197911
v 1.623071 0.329839 -0.246932
v 1.609719 0.305811 -0.288502
v 1.598496 0.284969 -0.329329
v 1.586978 0.263713 -0.368835
v 1.579975 0.246996 -0.407804
v 1.571462 0.224866 -0.446343
v 1.561382 0.199642 -0.486859
v 1.551840 0.172234 -0.526135
v 1.542102 0.137547 -0.567953
v 1.481911 0.124417 0.587769
v 1.487316 0.106821 -0.605681
v 1.484799 0.163568 0.543627
v 1.490950 0.194346 0.498884
v 1.497882 0.233716 0.453347
v 1.501694 0.272928 0.409104
v 1.505847 0.311087 0.365105
v 1.513399 0.342870 0.321522
v 1.526100 0.365111 0.276803
v 1.541138 0.377632 0.229633
v 1.555140 0.381977 0.180849
v 1.568747 0.379522 0.128597
v 1.581411 0.378406 0.070896
v 1.594088 0.384583 0.011222
v 1.610319 0.394013 -0.045722
v 1.625569 0.404339 -0.101684
v 1.632465 0.406175 -0.156810
v 1.615754 0.384245 -0.202650
v 1.591475 0.367137 -0.254267
v 1.572925 0.343687 -0.298298
v 1.561933 0.320766 -0.339445
v 1.552836 0.291042 -0.376389
v 1.542150 0.275010 -0.419207
v 1.533168 0.255870 -0.461010
v 1.522209 0.229616 -0.502318
v 1.512581 0.196931 -0.539006
v 1.500734 0.151161 -0.575265
v 1.439045 0.150930 0.586395
v 1.443442 0.114095 -0.608286
v 1.440325 0.201418 0.540491
v 1.444021 0.252771 0.494007
v 1.446865 0.305618 0.447709
v 1.448128 0.358965 0.402851
v 1.450336 0.408679 0.360255
v 1.455111 0.450327 0.318493
v 1.464496 0.483279 0.277016
v 1.476827 0.509390 0.233438
v 1.490127 0.524234 0.186060
v 1.505433 0.520013 0.132260
v 1.523179 0.504609 0.071004
v 1.546200 0.492215 0.007346
v 1.578184 0.486115 -0.053579
v 1.610491 0.487884 -0.114748
v 1.620576 0.496244 -0.181887
v 1.598255 0.459058 -0.227553
v 1.560640 0.425003 -0.272361
v 1.535185 0.393930 -0.314026
v 1.522960 0.367693 -0.355033
v 1.514127 0.340936 -0.394813
v 1.506656 0.315729 -0.434340
v 1.495317 0.285876 -0.471719
v 1.482104 0.250444 -0.510728
v 1.470044 0.210110 -0.545603
v 1.456815 0.161539 -0.579547
v 1.395677 0.175778 0.585179
v 1.397855 0.117679 -0.609892
v 1.393957 0.240990 0.536652
v 1.394004 0.309036 0.488606
v 1.393566 0.379199 0.442326
v 1.392753 0.448569 0.398664
v 1.393447 0.516181 0.358295
v 1.397045 0.581263 0.319827
v 1.403798 0.639553 0.281406
v 1.413130 0.689972 0.240723
v 1.423453 0.722332 0.193963
v 1.435135 0.721628 0.137506
v 1.451225 0.691664 0.071193
v 1.477558 0.651155 0.002104
v 1.517327 0.614331 -0.064395
v 1.554874 0.589452 -0.130670
v 1.571558 0.566997 -0.194676
v 1.550451 0.531227 -0.247670
v 1.516126 0.486921 -0.290028
v 1.490000 0.447017 -0.330201
v 1.477552 0.414949 -0.371456
v 1.468817 0.384923 -0.412720
v 1.459451 0.353947 -0.453163
v 1.449038 0.323175 -0.493770
v 1.438433 0.275577 -0.524772
v 1.427121 0.227341 -0.556161
v 1.413152 0.167770 -0.582532
v 1.350990 0.203291 0.585058
v 1.351533 0.118025 -0.610471
v 1.345942 0.278963 0.534983
v 1.343090 0.362584 0.487038
v 1.340542 0.448901 0.441925
v 1.338706 0.535621 0.399720
v 1.339597 0.630567 0.361406
v 1.344685 0.735660 0.325973
v 1.351602 0.829558 0.288649
v 1.359035 0.898547 0.246475
v 1.365465 0.934408 0.198890
v 1.367061 0.923760 0.143166
v 1.378186 0.882167 0.071565
v 1.396884 0.817054 -0.003702
v 1.425190 0.748109 -0.074521
v 1.457140 0.690947 -0.142789
v 1.475174 0.641001 -0.205918
v 1.469149 0.590088 -0.257882
v 1.448431 0.537227 -0.300467
v 1.431875 0.491873 -0.342000
v 1.424290 0.454907 -0.384877
v 1.418395 0.418854 -0.426993
v 1.411531 0.379383 -0.465801
v 1.403643 0.333863 -0.500235
v 1.394966 0.282807 -0.531639
v 1.383204 0.225816 -0.561308
v 1.367400 0.169344 -0.587465
v 1.304449 0.223150 0.584975
v 1.306459 0.121136 -0.612085
v 1.297728 0.312859 0.537809
v 1.293065 0.410386 0.491615
v 1.290006 0.506454 0.447047
v 1.289084 0.606070 0.405429
v 1.291899 0.727879 0.368803
v 1.297693 0.869782 0.334498
v 1.295865 0.946955 0.283553
v 1.279276 0.949022 0.228532
v 1.271358 0.949522 0.186331
v 1.276381 0.946658 0.144981
v 1.293614 0.935667 0.084572
v 1.315064 0.909290 0.003676
v 1.332235 0.843267 -0.074800
v 1.349652 0.766132 -0.142528
v 1.365895 0.695923 -0.204227
v 1.371193 0.633077 -0.256832
v 1.367437 0.575392 -0.303010
v 1.364715 0.525759 -0.348155
v 1.365176 0.481676 -0.393261
v 1.364816 0.436800 -0.435838
v 1.362514 0.389306 -0.472619
v 1.357329 0.338203 -0.504730
v 1.348575 0.283536 -0.535059
v 1.337430 0.227034 -0.564562
v 1.321087 0.173242 -0.590505
v 1.257303 0.233989 0.589156
v 1.261728 0.123486 -0.612974
v 1.250656 0.338129 0.546768
v 1.245567 0.443948 0.501939
v 1.242950 0.542783 0.454461
v 1.243598 0.647797 0.410409
v 1.247672 0.783145 0.370976
v 1.255689 0.935861 0.324477
v 1.235516 0.949038 0.265345
v 1.227524 0.950023 0.220914
v 1.224957 0.950782 0.180628
v 1.222805 0.949744 0.141941
v 1.244977 0.945389 0.105137
v 1.264187 0.931853 0.037875
v 1.261480 0.878804 -0.045616
v 1.263929 0.800034 -0.118931
v 1.273485 0.726583 -0.186416
v 1.282129 0.661767 -0.245899
v 1.288067 0.602423 -0.299161
v 1.294191 0.549561 -0.351175
v 1.301095 0.500135 -0.402608
v 1.306625 0.447899 -0.448141
v 1.309767 0.393390 -0.482306
v 1.308571 0.338641 -0.510385
v 1.301237 0.283380 -0.538557
v 1.290861 0.229107 -0.567231
v 1.275101 0.176298 -0.592736
v 1.213073 0.237503 0.596913
v 1.214433 0.117377 -0.610068
v 1.205794 0.350112 0.558525
v 1.200895 0.458403 0.511839
v 1.199465 0.559218 0.458577
v 1.201377 0.666524 0.409557
v 1.209408 0.799396 0.355975
v 1.219712 0.943884 0.304548
v 1.205270 0.950100 0.256245
v 1.203344 0.950781 0.220408
v 1.200271 0.951762 0.179265
v 1.201596 0.951349 0.145118
v 1.218429 0.948618 0.119793
v 1.214095 0.941406 0.056697
v 1.201616 0.879878 -0.022942
v 1.196103 0.807392 -0.095352
v 1.199530 0.737604 -0.164080
v 1.206613 0.672640 -0.225834
v 1.213919 0.612763 -0.285457
v 1.221904 0.559443 -0.348143
v 1.231779 0.507578 -0.409981
v 1.241675 0.450088 -0.460309
v 1.250184 0.390839 -0.492866
v 1.254237 0.333539 -0.516396
v 1.249559 0.277973 -0.541248
v 1.241340 0.228662 -0.570022
v 1.226763 0.171651 -0.590517
v 1.165445 0.215136 0.603033
v 1.161405 0.080477 -0.591339
v 1.159168 0.346300 0.567816
v 1.156251 0.458146 0.516544
v 1.158501 0.560741 0.455295
v 1.162903 0.667942 0.399942
v 1.170688 0.795146 0.344361
v 1.181599 0.939662 0.294505
v 1.187679 0.950778 0.250103
v 1.189853 0.951253 0.221008
v 1.192128 0.952087 0.177936
v 1.201253 0.951199 0.142908
v 1.187868 0.950001 0.111390
v 1.162539 0.921932 0.047822
v 1.147472 0.856991 -0.020314
v 1.138873 0.796821 -0.085401
v 1.137638 0.734652 -0.151759
v 1.140420 0.673099 -0.214115
v 1.145352 0.611001 -0.273744
v 1.152370 0.550046 -0.336296
v 1.162009 0.488293 -0.398987
v 1.173045 0.422863 -0.450044
v 1.184786 0.362801 -0.485054
v 1.192605 0.309575 -0.511755
v 1.190336 0.255725 -0.536647
v 1.182684 0.199176 -0.558928
v 1.171382 0.132933 -0.572205
v 1.114457 0.209469 0.621473
v 1.114746 0.070025 -0.586012
v 1.109977 0.336223 0.575148
v 1.109696 0.447109 0.518576
v 1.116485 0.548272 0.452287
v 1.122599 0.653438 0.394293
v 1.128265 0.771515 0.340517
v 1.135556 0.899164 0.291742
v 1.156458 0.950999 0.248144
v 1.173642 0.951782 0.214776
v 1.171571 0.952768 0.173217
v 1.148627 0.952223 0.129094
v 1.124340 0.916444 0.082020
v 1.107663 0.869345 0.026328
v 1.096060 0.823474 -0.028459
v 1.088690 0.775871 -0.085115
v 1.084866 0.720704 -0.149227
v 1.084146 0.659528 -0.210681
v 1.086752 0.590573 -0.266310
v 1.091203 0.519830 -0.323229
v 1.098296 0.445699 -0.378264
v 1.108830 0.370068 -0.423798
v 1.120942 0.311110 -0.462546
v 1.128415 0.268553 -0.499180
v 1.127374 0.222587 -0.529466
v 1.120343 0.146244 -0.540413
v 1.116603 0.095428 -0.556518
v 1.069503 0.191966 0.623321
v 1.069418 0.097547 -0.607491
v 1.062261 0.312586 0.578021
v 1.061606 0.422620 0.521932
v 1.069439 0.524009 0.454944
v 1.077210 0.625741 0.394427
v 1.082409 0.733878 0.342765
v 1.086937 0.839474 0.295867
v 1.103723 0.901969 0.255882
v 1.113154 0.927616 0.216553
v 1.101225 0.919289 0.166507
v 1.080037 0.887769 0.117121
v 1.061470 0.854123 0.068424
v 1.049537 0.822001 0.018370
v 1.042607 0.788801 -0.033697
v 1.036410 0.747954 -0.090679
v 1.032414 0.693997 -0.153918
v 1.033723 0.624126 -0.209771
v 1.035921 0.550048 -0.263245
v 1.039407 0.477642 -0.315820
v 1.045648 0.407541 -0.367640
v 1.055986 0.340224 -0.415132
v 1.065936 0.291903 -0.460527
v 1.070532 0.259695 -0.504438
v 1.070429 0.228704 -0.543092
v 1.069809 0.192800 -0.577038
v 1.071216 0.127058 -0.581759
v 1.017882 0.173926 0.619107
v 1.023922 0.116173 -0.620417
v 1.008686 0.282416 0.575750
v 1.006467 0.389220 0.521310
v 1.013544 0.490706 0.459559
v 1.024935 0.587476 0.399859
v 1.033393 0.686660 0.348817
v 1.038929 0.776855 0.303439
v 1.050676 0.825549 0.259834
v 1.053059 0.844339 0.211777
v 1.040664 0.841896 0.161608
v 1.023535 0.822128 0.110059
v 1.005798 0.798587 0.058959
v 0.991165 0.774034 0.010377
v 0.980490 0.746043 -0.042178
v 0.974006 0.704150 -0.102263
v 0.977135 0.640688 -0.160021
v 0.982474 0.569384 -0.214548
v 0.987159 0.498135 -0.266138
v 0.992741 0.434049 -0.315855
v 1.000551 0.379603 -0.367857
v 1.010375 0.331372 -0.419630
v 1.016716 0.295881 -0.468620
v 1.018336 0.269219 -0.514439
v 1.017071 0.246567 -0.558813
v 1.021383 0.212283 -0.587911
v 1.023900 0.169525 -0.608811
v 0.970796 0.159362 0.619705
v 0.974580 0.136191 -0.637746
v 0.946974 0.253691 0.571047
v 0.948542 0.354440 0.516960
v 0.956696 0.449217 0.462278
v 0.971014 0.540041 0.408968
v 0.981529 0.630541 0.359742
v 0.987007 0.706615 0.311443
v 0.992503 0.746902 0.261278
v 0.991497 0.763914 0.209350
v 0.981586 0.764594 0.157132
v 0.964638 0.751314 0.103738
v 0.943556 0.732400 0.051115
v 0.923419 0.713899 0.000565
v 0.912443 0.683749 -0.053196
v 0.914771 0.629824 -0.111204
v 0.921758 0.568840 -0.169591
v 0.930568 0.507555 -0.224500
v 0.938252 0.451251 -0.273828
v 0.946779 0.403746 -0.320619
v 0.956956 0.364264 -0.371067
v 0.966144 0.329987 -0.423031
v 0.968841 0.303064 -0.472159
v 0.968491 0.278735 -0.517546
v 0.971474 0.246653 -0.558235
v 0.972797 0.223198 -0.592982
v 0.976669 0.171218 -0.611301
v 0.926648 0.158325 0.617672
v 0.927064 0.141479 -0.639175
v 0.897308 0.242463 0.566076
v 0.900961 0.321837 0.516255
v 0.908980 0.402241 0.466436
v 0.921722 0.482286 0.418640
v 0.930417 0.559805 0.371016
v 0.930316 0.619666 0.321046
v 0.924288 0.649661 0.266711
v 0.918181 0.664180 0.210752
v 0.909922 0.668771 0.155412
v 0.894831 0.661893 0.100922
v 0.874629 0.648671 0.048078
v 0.859480 0.631577 -0.002947
v 0.856851 0.597024 -0.058882
v 0.862044 0.550150 -0.121106
v 0.872391 0.502806 -0.181411
v 0.883952 0.456926 -0.235113
v 0.893017 0.416759 -0.280938
v 0.902009 0.383005 -0.324533
v 0.911562 0.353824 -0.372721
v 0.918929 0.329062 -0.423221
v 0.918803 0.310515 -0.472459
v 0.914876 0.297526 -0.519552
v 0.917465 0.260706 -0.558290
v 0.921454 0.226544 -0.592241
v 0.927617 0.182061 -0.615063
v 0.878714 0.160667 0.615919
v 0.876919 0.142308 -0.640526
v 0.867761 0.213153 0.571571
v 0.864044 0.287228 0.519891
v 0.867850 0.355378 0.473140
v 0.874740 0.419541 0.428513
v 0.876936 0.478019 0.382480
v 0.869558 0.517645 0.331005
v 0.854938 0.533829 0.273929
v 0.842382 0.546618 0.217231
v 0.835223 0.558469 0.161421
v 0.826481 0.563625 0.106582
v 0.814846 0.562390 0.052690
v 0.806672 0.552923 -0.000941
v 0.807435 0.524711 -0.063160
v 0.816835 0.489132 -0.130948
v 0.829750 0.454561 -0.191600
v 0.841071 0.421116 -0.242249
v 0.849322 0.391928 -0.284773
v 0.856628 0.366695 -0.326069
v 0.863125 0.344893 -0.372716
v 0.868408 0.326434 -0.421827
v 0.867905 0.313139 -0.473207
v 0.863337 0.300404 -0.514864
v 0.866557 0.266141 -0.552450
v 0.872908 0.223920 -0.586239
v 0.873725 0.183748 -0.614760
v 0.836969 0.155741 0.618370
v 0.832539 0.130308 -0.628079
v 0.832761 0.198222 0.570783
v 0.828551 0.257531 0.521353
v 0.830424 0.314666 0.478929
v 0.830073 0.364863 0.436053
v 0.823245 0.404784 0.390105
v 0.808734 0.427831 0.336791
v 0.790781 0.437045 0.280640
v 0.776923 0.450951 0.228283
v 0.771304 0.468913 0.175991
v 0.768407 0.484956 0.121221
v 0.763858 0.496499 0.063736
v 0.759001 0.499070 0.003417
v 0.760772 0.482918 -0.066851
v 0.773140 0.454918 -0.136720
v 0.786669 0.424887 -0.193408
v 0.797321 0.397056 -0.240729
v 0.805375 0.373674 -0.282247
v 0.810894 0.353290 -0.323215
v 0.812889 0.336539 -0.371091
v 0.817369 0.320851 -0.416873
v 0.820799 0.305970 -0.464299
v 0.819409 0.288864 -0.501614
v 0.821694 0.260165 -0.539956
v 0.827490 0.215259 -0.575695
v 0.825179 0.184065 -0.608921
v 0.793613 0.151562 0.619072
v 0.782607 0.140250 -0.622129
v 0.797769 0.185031 0.575404
v 0.797125 0.231799 0.524601
v 0.796897 0.281117 0.484214
v 0.790276 0.323193 0.440282
v 0.776533 0.351259 0.393222
v 0.758952 0.366847 0.339416
v 0.742248 0.377152 0.286412
v 0.729257 0.393854 0.238715
v 0.722920 0.414537 0.190164
v 0.720931 0.435623 0.136213
v 0.717670 0.454237 0.076133
v 0.712475 0.466731 0.010120
v 0.711132 0.464823 -0.064525
v 0.721836 0.442902 -0.130965
v 0.737398 0.409678 -0.182786
v 0.752451 0.378289 -0.231491
v 0.762292 0.357983 -0.272579
v 0.766773 0.339885 -0.311120
v 0.766128 0.325039 -0.356611
v 0.768113 0.311465 -0.402941
v 0.773006 0.293762 -0.447304
v 0.775729 0.275791 -0.484633
v 0.778451 0.252231 -0.522361
v 0.781081 0.208840 -0.560766
v 0.779730 0.183887 -0.594567
v 0.748134 0.149493 0.617513
v 0.735318 0.140184 -0.609581
v 0.755792 0.178716 0.574877
v 0.762991 0.214195 0.529136
v 0.762427 0.253456 0.483799
v 0.755950 0.293735 0.442747
v 0.735999 0.309769 0.393539
v 0.717807 0.322563 0.340226
v 0.704239 0.335264 0.289966
v 0.692612 0.352952 0.244825
v 0.683713 0.373774 0.199697
v 0.677425 0.396803 0.149322
v 0.671078 0.419937 0.090935
v 0.664141 0.443073 0.025941
v 0.652096 0.466391 -0.051961
v 0.657783 0.455985 -0.114154
v 0.682235 0.406674 -0.162239
v 0.703274 0.366747 -0.202562
v 0.715692 0.339019 -0.251422
v 0.720690 0.326141 -0.287007
v 0.720346 0.313788 -0.323863
v 0.721661 0.304366 -0.381199
v 0.722792 0.288602 -0.421570
v 0.728159 0.263411 -0.464951
v 0.729242 0.242205 -0.500848
v 0.735187 0.207113 -0.542164
v 0.735876 0.175272 -0.577829
v 0.704026 0.145298 0.615761
v 0.693395 0.128115 -0.593950
v 0.711377 0.172895 0.572629
v 0.720063 0.203501 0.527567
v 0.723873 0.234963 0.483599
v 0.716752 0.265372 0.440003
v 0.695660 0.268883 0.391733
v 0.676169 0.281728 0.337085
v 0.668296 0.296947 0.289574
v 0.659428 0.313994 0.246716
v 0.648200 0.332887 0.206270
v 0.635640 0.357513 0.163361
v 0.624506 0.384269 0.108720
v 0.621568 0.415488 0.053562
v 0.610204 0.440354 -0.012318
v 0.610336 0.444605 -0.079860
v 0.626661 0.423314 -0.130423
v 0.645838 0.387202 -0.170843
v 0.665764 0.345182 -0.211903
v 0.674293 0.311490 -0.264404
v 0.675864 0.301647 -0.306269
v 0.677286 0.293132 -0.346272
v 0.678306 0.281703 -0.400346
v 0.679577 0.262345 -0.438525
v 0.682654 0.235603 -0.481596
v 0.684819 0.207987 -0.520367
v 0.691297 0.166357 -0.560134
v 0.659009 0.141908 0.614267
v 0.654969 0.112178 -0.579589
v 0.665613 0.166585 0.571191
v 0.673839 0.192789 0.525591
v 0.676856 0.218393 0.480209
v 0.669544 0.237525 0.436144
v 0.644151 0.223812 0.382606
v 0.635017 0.239571 0.333674
v 0.628379 0.262161 0.288943
v 0.622345 0.279301 0.246069
v 0.615621 0.295695 0.205606
v 0.605692 0.310000 0.167046
v 0.590724 0.342272 0.115220
v 0.584441 0.377870 0.074838
v 0.574961 0.403935 0.019397
v 0.572505 0.414678 -0.046560
v 0.588164 0.392751 -0.105995
v 0.600751 0.375429 -0.146134
v 0.614223 0.354400 -0.185359
v 0.632185 0.308419 -0.241136
v 0.636089 0.295560 -0.289372
v 0.638476 0.285519 -0.334892
v 0.638748 0.276125 -0.379770
v 0.640321 0.262076 -0.419382
v 0.640455 0.233695 -0.464216
v 0.641425 0.205888 -0.504797
v 0.649025 0.157238 -0.544093
v 0.612991 0.139432 0.613030
v 0.617293 0.099331 -0.571141
v 0.617861 0.160898 0.570220
v 0.622146 0.179010 0.524747
v 0.619492 0.188440 0.475121
v 0.614661 0.203631 0.429491
v 0.599410 0.205273 0.381713
v 0.593492 0.210863 0.333147
v 0.589518 0.228444 0.287380
v 0.585755 0.247678 0.245506
v 0.580144 0.261536 0.206837
v 0.572903 0.271267 0.169193
v 0.563982 0.287524 0.123836
v 0.554498 0.331975 0.079009
v 0.545340 0.359961 0.031258
v 0.545306 0.367446 -0.026759
v 0.557177 0.350279 -0.089492
v 0.567937 0.340339 -0.134882
v 0.575391 0.336383 -0.174206
v 0.588965 0.306794 -0.226055
v 0.596875 0.291914 -0.276165
v 0.601288 0.280479 -0.324776
v 0.602205 0.270090 -0.369096
v 0.602251 0.256196 -0.409842
v 0.603209 0.237611 -0.445747
v 0.602892 0.198847 -0.497321
v 0.610460 0.148519 -0.535378
v 0.565739 0.128589 0.606431
v 0.575978 0.091617 -0.566793
v 0.566970 0.144370 0.563818
v 0.566652 0.155239 0.517947
v 0.568444 0.169520 0.473269
v 0.561805 0.179233 0.426319
v 0.557528 0.185796 0.378698
v 0.553803 0.191020 0.330962
v 0.552054 0.198684 0.284449
v 0.547701 0.219327 0.244068
v 0.542137 0.233435 0.204313
v 0.535132 0.244327 0.165668
v 0.527820 0.253387 0.126830
v 0.526501 0.287340 0.079315
v 0.519328 0.307727 0.033921
v 0.519813 0.320861 -0.018661
v 0.527148 0.312231 -0.081916
v 0.533644 0.309334 -0.127847
v 0.537895 0.311943 -0.168983
v 0.542092 0.310305 -0.216384
v 0.556721 0.286303 -0.268379
v 0.560803 0.272211 -0.321772
v 0.562703 0.263905 -0.363388
v 0.563129 0.250175 -0.403425
v 0.564203 0.233582 -0.438436
v 0.563491 0.193528 -0.489800
v 0.568863 0.143364 -0.530058
v 0.519970 0.113617 0.599410
v 0.528116 0.103594 -0.568775
v 0.518439 0.127400 0.557973
v 0.518348 0.136252 0.512317
v 0.517453 0.146263 0.466862
v 0.514947 0.155124 0.421163
v 0.513996 0.164260 0.374677
v 0.513215 0.172580 0.328693
v 0.512671 0.173664 0.281259
v 0.507512 0.193350 0.241078
v 0.502103 0.206971 0.201455
v 0.495368 0.218342 0.162552
v 0.489057 0.230731 0.122833
v 0.487748 0.252869 0.077798
v 0.485052 0.263898 0.032510
v 0.490146 0.284958 -0.026654
v 0.493073 0.283531 -0.082282
v 0.496076 0.286923 -0.125369
v 0.499733 0.290572 -0.168433
v 0.503757 0.292491 -0.216049
v 0.515276 0.271693 -0.272612
v 0.519820 0.261541 -0.318649
v 0.521036 0.256390 -0.360758
v 0.521650 0.243670 -0.400894
v 0.522404 0.227330 -0.436448
v 0.522613 0.204640 -0.476637
v 0.525283 0.142244 -0.528142
v 0.475635 0.103859 0.595994
v 0.478485 0.118556 -0.570407
v 0.473605 0.112123 0.553029
v 0.472520 0.120565 0.508675
v 0.470986 0.129115 0.463656
v 0.470784 0.138768 0.418593
v 0.470620 0.147713 0.372936
v 0.471420 0.153189 0.325878
v 0.471334 0.150545 0.279074
v 0.466899 0.165852 0.238658
v 0.460467 0.181973 0.199423
v 0.454050 0.193257 0.160367
v 0.448608 0.208226 0.119812
v 0.446941 0.220441 0.076011
v 0.445149 0.229879 0.031410
v 0.455803 0.253761 -0.030298
v 0.455992 0.261140 -0.078350
v 0.459513 0.263470 -0.124491
v 0.461637 0.270465 -0.168963
v 0.466299 0.270538 -0.218922
v 0.473650 0.258921 -0.270850
v 0.478113 0.249971 -0.314815
v 0.478579 0.247460 -0.359133
v 0.478537 0.236860 -0.400405
v 0.478973 0.221087 -0.437391
v 0.479236 0.203873 -0.474786
v 0.480025 0.151993 -0.527667
v 0.431420 0.091035 0.591985
v 0.431746 0.123711 -0.575576
v 0.431021 0.100968 0.549660
v 0.429333 0.110182 0.506854
v 0.428456 0.118659 0.462932
v 0.427926 0.127169 0.418102
v 0.427220 0.136308 0.373368
v 0.429721 0.133140 0.322890
v 0.428928 0.132968 0.278186
v 0.425494 0.141531 0.236943
v 0.418419 0.157776 0.197933
v 0.411615 0.170450 0.158942
v 0.407292 0.179630 0.117713
v 0.405694 0.189371 0.073907
v 0.403217 0.200615 0.030603
v 0.417030 0.221079 -0.032337
v 0.419164 0.237532 -0.080420
v 0.419479 0.246737 -0.127660
v 0.421768 0.252717 -0.172472
v 0.429289 0.247218 -0.227441
v 0.432631 0.243671 -0.270352
v 0.434567 0.240409 -0.314523
v 0.434456 0.238539 -0.359565
v 0.434185 0.229690 -0.402018
v 0.434298 0.215059 -0.440793
v 0.433479 0.200021 -0.480052
v 0.432978 0.168700 -0.529673
v 0.387742 0.082662 0.589037
v 0.384341 0.133786 -0.582924
v 0.387007 0.090996 0.546889
v 0.386591 0.100295 0.504088
v 0.385729 0.109713 0.460655
v 0.384387 0.118674 0.417363
v 0.383536 0.128360 0.374079
v 0.387332 0.116408 0.321148
v 0.387170 0.108895 0.275780
v 0.383921 0.117816 0.234967
v 0.379125 0.126831 0.195084
v 0.370111 0.145340 0.157072
v 0.365732 0.152173 0.115350
v 0.361861 0.158502 0.073469
v 0.364238 0.157511 0.027632
v 0.373995 0.179535 -0.030338
v 0.378364 0.222310 -0.084534
v 0.377129 0.235661 -0.132613
v 0.382218 0.235892 -0.188962
v 0.385609 0.235495 -0.231220
v 0.387624 0.236292 -0.275737
v 0.388638 0.235879 -0.320544
v 0.388744 0.231287 -0.363833
v 0.388457 0.222387 -0.405739
v 0.387813 0.209946 -0.446454
v 0.386319 0.197529 -0.487882
v 0.384358 0.181113 -0.533566
v 0.344675 0.075590 0.586257
v 0.337683 0.140399 -0.587354
v 0.343744 0.085043 0.544345
v 0.342997 0.095562 0.501844
v 0.342695 0.105557 0.458998
v 0.342856 0.114887 0.416285
v 0.341196 0.124397 0.373352
v 0.343799 0.103399 0.319654
v 0.343935 0.093921 0.274607
v 0.341871 0.094591 0.232631
v 0.337999 0.100342 0.192390
v 0.334727 0.104134 0.150548
v 0.328001 0.115667 0.110420
v 0.324090 0.119800 0.069280
v 0.329758 0.104883 0.022670
v 0.327590 0.127174 -0.020047
v 0.336288 0.214942 -0.091782
v 0.335536 0.228807 -0.144154
v 0.336496 0.230087 -0.192822
v 0.339079 0.231377 -0.236967
v 0.340694 0.233069 -0.283634
v 0.341680 0.229160 -0.325767
v 0.341817 0.223391 -0.368087
v 0.341310 0.215597 -0.410380
v 0.340216 0.205779 -0.452456
v 0.338373 0.196543 -0.495444
v 0.336130 0.187707 -0.540458
v 0.301575 0.070320 0.584132
v 0.290743 0.153443 -0.590354
v 0.300406 0.081119 0.542069
v 0.299400 0.092878 0.499358
v 0.298864 0.104266 0.456119
v 0.298678 0.114387 0.413288
v 0.298708 0.123607 0.369290
v 0.304841 0.079892 0.312811
v 0.301930 0.082313 0.272060
v 0.300290 0.077721 0.230074
v 0.298578 0.075371 0.188117
v 0.301377 0.061512 0.141351
v 0.298150 0.064895 0.099382
v 0.295349 0.065687 0.058043
v 0.299021 0.057625 0.013662
v 0.286194 0.092717 -0.016106
v 0.297795 0.212627 -0.104462
v 0.292694 0.224584 -0.153595
v 0.290594 0.225987 -0.198387
v 0.292601 0.226378 -0.243032
v 0.293991 0.225248 -0.287512
v 0.294804 0.220335 -0.328947
v 0.294867 0.214454 -0.371076
v 0.294267 0.207810 -0.413824
v 0.293248 0.199509 -0.456926
v 0.291960 0.190319 -0.500733
v 0.290387 0.182476 -0.545275
v 0.258165 0.065474 0.582273
v 0.245509 0.156972 -0.592118
v 0.257968 0.080350 0.539306
v 0.257170 0.093927 0.495752
v 0.256369 0.106119 0.451760
v 0.256277 0.117229 0.408078
v 0.257112 0.127024 0.363561
v 0.261138 0.092976 0.311881
v 0.262631 0.069574 0.266649
v 0.262660 0.060836 0.224107
v 0.263784 0.050770 0.180438
v 0.264890 0.029150 0.134259
v 0.265137 0.026140 0.090261
v 0.263314 0.028070 0.048397
v 0.260681 0.037555 0.009383
v 0.250324 0.077076 -0.021078
v 0.253021 0.199117 -0.103777
v 0.247625 0.221564 -0.156635
v 0.246414 0.219472 -0.199914
v 0.246687 0.218672 -0.245660
v 0.247843 0.215870 -0.289151
v 0.248553 0.210497 -0.330884
v 0.248669 0.204027 -0.373310
v 0.248261 0.196660 -0.416297
v 0.247544 0.188562 -0.459747
v 0.246720 0.180058 -0.503524
v 0.245944 0.172004 -0.547640
v 0.215470 0.062977 0.579874
v 0.203781 0.147312 -0.591344
v 0.216053 0.082087 0.536167
v 0.215116 0.096261 0.491392
v 0.214842 0.108879 0.446083
v 0.214799 0.120929 0.402048
v 0.214464 0.131353 0.359310
v 0.217522 0.115590 0.311703
v 0.220158 0.085101 0.265929
v 0.221494 0.064334 0.222419
v 0.222275 0.052666 0.179410
v 0.221472 0.014893 0.133801
v 0.221632 0.014893 0.089895
v 0.221494 0.014893 0.047252
v 0.220483 0.032986 0.006779
v 0.216336 0.071530 -0.030052
v 0.210960 0.163286 -0.096592
v 0.202896 0.215657 -0.150274
v 0.202936 0.214545 -0.197266
v 0.201605 0.209062 -0.243608
v 0.202455 0.205187 -0.288460
v 0.203091 0.199369 -0.330793
v 0.203326 0.192315 -0.373640
v 0.203320 0.183887 -0.416564
v 0.203076 0.174962 -0.459883
v 0.202822 0.165990 -0.503606
v 0.202877 0.157565 -0.547434
v 0.172931 0.062323 0.577961
v 0.163457 0.132526 -0.588693
v 0.173173 0.082405 0.533556
v 0.172345 0.096228 0.487300
v 0.171535 0.109159 0.441636
v 0.170697 0.121735 0.397870
v 0.171629 0.133274 0.355137
v 0.174155 0.135809 0.312322
v 0.175996 0.114621 0.268028
v 0.177668 0.088886 0.224396
v 0.178802 0.068937 0.181062
v 0.178995 0.043564 0.136219
v 0.179243 0.014893 0.090526
v 0.180680 0.033350 0.048331
v 0.181036 0.046205 0.007498
v 0.179644 0.062446 -0.030597
v 0.176219 0.124489 -0.082532
v 0.160727 0.213601 -0.141190
v 0.159059 0.213230 -0.191114
v 0.158941 0.201977 -0.237868
v 0.158393 0.195274 -0.285749
v 0.158940 0.188923 -0.328781
v 0.159243 0.181333 -0.372259
v 0.159570 0.171442 -0.415346
v 0.159896 0.160690 -0.458320
v 0.160679 0.150912 -0.501582
v 0.161580 0.142177 -0.545099
v 0.129756 0.059405 0.576524
v 0.121502 0.118866 -0.585393
v 0.129732 0.080806 0.531409
v 0.128160 0.094852 0.484725
v 0.126634 0.107814 0.438920
v 0.126449 0.120602 0.394702
v 0.128139 0.133083 0.352277
v 0.129868 0.143414 0.312218
v 0.132226 0.137249 0.270389
v 0.133884 0.112509 0.226783
v 0.135179 0.085740 0.182734
v 0.137211 0.063957 0.138472
v 0.139001 0.038701 0.092306
v 0.142004 0.056657 0.050937
v 0.143254 0.073154 0.009603
v 0.142113 0.086448 -0.032639
v 0.139895 0.109664 -0.074932
v 0.126499 0.205527 -0.130326
v 0.119661 0.212895 -0.180214
v 0.118401 0.200459 -0.231069
v 0.116837 0.188980 -0.280980
v 0.116741 0.181009 -0.325459
v 0.116911 0.172562 -0.369627
v 0.117377 0.161953 -0.413167
v 0.118250 0.149798 -0.456116
v 0.119374 0.137921 -0.498861
v 0.120045 0.127514 -0.541904
v 0.087334 0.057462 0.575003
v 0.079006 0.106036 -0.582059
v 0.086562 0.077486 0.530784
v 0.084875 0.092897 0.484222
v 0.083784 0.106180 0.437946
v 0.083840 0.119141 0.393497
v 0.085353 0.131746 0.351429
v 0.087020 0.143200 0.311929
v 0.088748 0.146294 0.272124
v 0.090301 0.130639 0.229316
v 0.091527 0.108322 0.185220
v 0.094617 0.082606 0.140317
v 0.098841 0.060383 0.095117
v 0.104082 0.086519 0.054936
v 0.105663 0.105718 0.012452
v 0.104405 0.123874 -0.030549
v 0.102459 0.146612 -0.071229
v 0.095188 0.200312 -0.120607
v 0.085320 0.212382 -0.169503
v 0.080123 0.200984 -0.222156
v 0.077579 0.186584 -0.274952
v 0.076711 0.176256 -0.320782
v 0.076278 0.167019 -0.366130
v 0.076396 0.155875 -0.410473
v 0.076891 0.142370 -0.453653
v 0.077239 0.128575 -0.496327
v 0.077834 0.116068 -0.538871
v 0.043921 0.052581 0.574410
v 0.037262 0.094756 -0.579670
v 0.043668 0.072838 0.531409
v 0.042755 0.089685 0.486256
v 0.041979 0.104168 0.439655
v 0.041801 0.117352 0.394991
v 0.042561 0.130023 0.353044
v 0.044128 0.141795 0.313375
v 0.045852 0.146617 0.273331
v 0.046912 0.135253 0.230536
v 0.047632 0.123137 0.186733
v 0.051637 0.099013 0.142201
v 0.057306 0.084398 0.098804
v 0.062856 0.113661 0.059054
v 0.064937 0.135759 0.015231
v 0.065262 0.159950 -0.030301
v 0.064467 0.186153 -0.073026
v 0.061208 0.207822 -0.117569
v 0.053097 0.213329 -0.166773
v 0.045045 0.202272 -0.216617
v 0.038378 0.187477 -0.269492
v 0.036258 0.175150 -0.315981
v 0.035391 0.163509 -0.361817
v 0.035451 0.151457 -0.407212
v 0.035978 0.137183 -0.451327
v 0.036282 0.121904 -0.494464
v 0.036650 0.107212 -0.536855
v 0.000378 0.047553 0.573859
v -0.004514 0.082065 -0.578398
v 0.000654 0.067352 0.531761
v -0.000196 0.085608 0.488694
v -0.001054 0.101719 0.443434
v -0.001894 0.115365 0.398485
v -0.001464 0.128157 0.356307
v 0.000459 0.139783 0.315850
v 0.002589 0.142191 0.274117
v 0.003109 0.137662 0.231141
v 0.003027 0.133201 0.187497
v 0.006036 0.122264 0.144005
v 0.012764 0.115457 0.102881
v 0.019245 0.139237 0.064028
v 0.021280 0.162008 0.018643
v 0.024702 0.189826 -0.030963
v 0.026394 0.216861 -0.078440
v 0.023213 0.228715 -0.123285
v 0.015325 0.221568 -0.169513
v 0.007545 0.201512 -0.216289
v -0.001004 0.191036 -0.266442
v -0.005817 0.178510 -0.313925
v -0.007061 0.163196 -0.359350
v -0.006897 0.147688 -0.404119
v -0.006281 0.131602 -0.448771
v -0.005655 0.114870 -0.492480
v -0.005229 0.098445 -0.535959
v -0.043537 0.045967 0.573813
v -0.046929 0.043741 -0.573418
v -0.042899 0.062757 0.531765
v -0.043751 0.078487 0.489588
v -0.046127 0.099572 0.447270
v -0.048105 0.113522 0.402681
v -0.048059 0.126545 0.360105
v -0.045316 0.137757 0.318561
v -0.042357 0.137059 0.274342
v -0.041877 0.138723 0.230379
v -0.043165 0.141175 0.187364
v -0.041332 0.139182 0.144861
v -0.034044 0.139722 0.105396
v -0.027163 0.160997 0.066836
v -0.022746 0.187193 0.021407
v -0.016681 0.222317 -0.029833
v -0.013821 0.246169 -0.082427
v -0.019903 0.247081 -0.127207
v -0.028121 0.236253 -0.170970
v -0.035774 0.216946 -0.219306
v -0.042951 0.196986 -0.266260
v -0.048268 0.182609 -0.313641
v -0.049772 0.163081 -0.358402
v -0.050161 0.142528 -0.402308
v -0.049939 0.123570 -0.447428
v -0.049394 0.101922 -0.493026
v -0.048376 0.074907 -0.534658
v -0.087799 0.042338 0.573507
v -0.088712 0.014893 -0.566013
v -0.087552 0.062120 0.532378
v -0.089845 0.080154 0.491704
v -0.093990 0.098609 0.449557
v -0.097063 0.112663 0.405816
v -0.097093 0.125665 0.363474
v -0.093765 0.136259 0.321444
v -0.089758 0.135219 0.275911
v -0.088133 0.138903 0.231978
v -0.089907 0.146681 0.188828
v -0.089753 0.147133 0.145885
v -0.083371 0.152367 0.106024
v -0.075268 0.185157 0.070835
v -0.068758 0.222977 0.023865
v -0.063646 0.259153 -0.025276
v -0.064769 0.272704 -0.072194
v -0.068832 0.263676 -0.122233
v -0.074999 0.248298 -0.171710
v -0.081698 0.227310 -0.221928
v -0.086871 0.206409 -0.267844
v -0.090531 0.185087 -0.313209
v -0.092712 0.161484 -0.357554
v -0.094254 0.136363 -0.402414
v -0.094380 0.109265 -0.449999
v -0.091695 0.068633 -0.489043
v -0.089490 0.033892 -0.525464
v -0.132674 0.038223 0.572903
v -0.132868 0.014893 -0.566940
v -0.134259 0.063428 0.533603
v -0.138386 0.084658 0.492826
v -0.143847 0.099546 0.450322
v -0.147535 0.113336 0.408254
v -0.148093 0.125904 0.366785
v -0.144398 0.135597 0.322585
v -0.139058 0.132169 0.273521
v -0.135973 0.134546 0.227477
v -0.137054 0.141306 0.188064
v -0.137126 0.145815 0.148365
v -0.131893 0.159386 0.107521
v -0.124700 0.190561 0.065963
v -0.119610 0.220840 0.018302
v -0.115267 0.254552 -0.030184
v -0.118239 0.275981 -0.072053
v -0.121438 0.276575 -0.119118
v -0.124611 0.259510 -0.175011
v -0.128554 0.235843 -0.225075
v -0.132043 0.211843 -0.270058
v -0.133629 0.187342 -0.312959
v -0.135670 0.160344 -0.356770
v -0.137948 0.131660 -0.402821
v -0.137778 0.100883 -0.450300
v -0.135519 0.066098 -0.490647
v -0.133756 0.036003 -0.527957
v -0.179042 0.040171 0.571274
v -0.176777 0.014893 -0.569130
v -0.182162 0.064096 0.533708
v -0.187311 0.085555 0.493664
v -0.193505 0.101780 0.452078
v -0.197898 0.114970 0.410990
v -0.198798 0.125470 0.368295
v -0.193483 0.129320 0.320244
v -0.186177 0.121546 0.268296
v -0.183807 0.122649 0.223477
v -0.183325 0.130116 0.187728
v -0.181608 0.137793 0.149646
v -0.177680 0.160697 0.107824
v -0.174279 0.185712 0.061532
v -0.170039 0.212157 0.012757
v -0.166746 0.242947 -0.036232
v -0.168667 0.269813 -0.080070
v -0.177126 0.281435 -0.118621
v -0.177153 0.268816 -0.177652
v -0.179119 0.243900 -0.228419
v -0.180227 0.215431 -0.273780
v -0.179351 0.188681 -0.314330
v -0.179554 0.159058 -0.356215
v -0.181134 0.128525 -0.402104
v -0.181391 0.099818 -0.449567
v -0.179764 0.069252 -0.492362
v -0.177966 0.040818 -0.530649
v -0.224898 0.046228 0.569751
v -0.219736 0.026156 -0.570393
v -0.228491 0.066789 0.532209
v -0.234009 0.086573 0.493286
v -0.241283 0.103132 0.453913
v -0.246601 0.113592 0.415028
v -0.246682 0.117831 0.372883
v -0.239770 0.109619 0.320806
v -0.232880 0.096105 0.267845
v -0.229538 0.096592 0.224622
v -0.226732 0.108188 0.189130
v -0.224148 0.117058 0.147866
v -0.224865 0.152280 0.105287
v -0.222531 0.176412 0.058189
v -0.219392 0.200651 0.009602
v -0.216656 0.228227 -0.040879
v -0.215959 0.254524 -0.088869
v -0.224509 0.270119 -0.126536
v -0.232829 0.275280 -0.176632
v -0.234409 0.249452 -0.229883
v -0.234008 0.216574 -0.277797
v -0.228503 0.186957 -0.316274
v -0.224815 0.155268 -0.356751
v -0.224086 0.122598 -0.401532
v -0.224075 0.093416 -0.447854
v -0.222920 0.065334 -0.491124
v -0.221100 0.041519 -0.530948
v -0.269544 0.051527 0.568121
v -0.262106 0.028898 -0.570433
v -0.272999 0.069694 0.530134
v -0.278213 0.087910 0.491573
v -0.285192 0.100953 0.453781
v -0.290999 0.104797 0.417243
v -0.289974 0.099943 0.376526
v -0.286759 0.078891 0.323247
v -0.278028 0.065139 0.270576
v -0.274541 0.062573 0.229242
v -0.270426 0.071267 0.191266
v -0.274422 0.089744 0.151361
v -0.271863 0.128121 0.103679
v -0.269843 0.159985 0.056810
v -0.268177 0.183855 0.009352
v -0.266006 0.206869 -0.041460
v -0.263222 0.230934 -0.094536
v -0.268871 0.251076 -0.137579
v -0.281763 0.260821 -0.182631
v -0.289524 0.252400 -0.228782
v -0.292550 0.217029 -0.281145
v -0.282063 0.185464 -0.318800
v -0.272298 0.147082 -0.356655
v -0.267580 0.108291 -0.398492
v -0.266732 0.079539 -0.444608
v -0.265629 0.055203 -0.487940
v -0.263682 0.037977 -0.529240
v -0.312974 0.055822 0.566505
v -0.305783 0.069875 -0.572628
v -0.315745 0.072585 0.527918
v -0.319899 0.088263 0.489131
v -0.325338 0.094109 0.451725
v -0.330423 0.089492 0.414525
v -0.331186 0.076129 0.373553
v -0.327212 0.057527 0.322153
v -0.319508 0.044221 0.272008
v -0.315500 0.038962 0.230301
v -0.320921 0.036435 0.191115
v -0.322111 0.050087 0.149361
v -0.320145 0.079531 0.103426
v -0.318410 0.123125 0.056564
v -0.317724 0.157061 0.010119
v -0.317308 0.177379 -0.038723
v -0.316754 0.195438 -0.092480
v -0.322698 0.217471 -0.151115
v -0.337110 0.233116 -0.205809
v -0.346500 0.230459 -0.248792
v -0.343291 0.213004 -0.285766
v -0.331849 0.181535 -0.322687
v -0.319721 0.137509 -0.358499
v -0.312205 0.091821 -0.395635
v -0.310191 0.064849 -0.439743
v -0.309136 0.052354 -0.484297
v -0.307308 0.057625 -0.527853
v -0.355420 0.059391 0.565050
v -0.351344 0.119076 -0.576594
v -0.357133 0.074632 0.525869
v -0.359710 0.085678 0.486625
v -0.362673 0.084496 0.448190
v -0.366169 0.073817 0.408360
v -0.370079 0.057152 0.363638
v -0.368307 0.041221 0.313323
v -0.363544 0.014893 0.266645
v -0.360288 0.014893 0.224669
v -0.367761 0.014893 0.190294
v -0.367497 0.026528 0.146633
v -0.366852 0.042057 0.101225
v -0.366906 0.073018 0.055473
v -0.366658 0.113835 0.009279
v -0.366923 0.142357 -0.037565
v -0.369661 0.158647 -0.087132
v -0.377922 0.170119 -0.142829
v -0.382286 0.186144 -0.197339
v -0.385571 0.196779 -0.248923
v -0.383962 0.192962 -0.288141
v -0.374863 0.165837 -0.324079
v -0.364805 0.128282 -0.358922
v -0.358510 0.098390 -0.396962
v -0.356127 0.086256 -0.438839
v -0.354894 0.090533 -0.480938
v -0.352967 0.106398 -0.527597
v -0.397305 0.062189 0.563940
v -0.399923 0.161699 -0.580668
v -0.397888 0.074743 0.524237
v -0.398791 0.080327 0.484416
v -0.399349 0.074705 0.444371
v -0.402022 0.061491 0.402440
v -0.406306 0.046308 0.357001
v -0.406583 0.030766 0.307862
v -0.402222 0.014893 0.264236
v -0.401606 0.014893 0.222019
v -0.407857 0.014893 0.185371
v -0.409397 0.014893 0.142987
v -0.409628 0.024544 0.097915
v -0.410487 0.043802 0.052671
v -0.411651 0.074677 0.007648
v -0.411488 0.106565 -0.037684
v -0.412650 0.126475 -0.083430
v -0.415797 0.139152 -0.129630
v -0.418094 0.144706 -0.189462
v -0.420109 0.151887 -0.235874
v -0.418490 0.150047 -0.278020
v -0.414339 0.146193 -0.318971
v -0.409766 0.134466 -0.357988
v -0.406416 0.122982 -0.395517
v -0.404686 0.117905 -0.434009
v -0.403473 0.128885 -0.477712
v -0.401966 0.151291 -0.529150
v -0.439128 0.064025 0.563327
v -0.450484 0.189019 -0.581635
v -0.438702 0.073484 0.523235
v -0.438245 0.074359 0.482869
v -0.436780 0.065836 0.441672
v -0.439574 0.051944 0.397882
v -0.443813 0.038129 0.352215
v -0.444711 0.025388 0.305631
v -0.442838 0.014893 0.263108
v -0.443638 0.014893 0.220502
v -0.446671 0.014893 0.180835
v -0.447983 0.014893 0.139125
v -0.448580 0.014893 0.094735
v -0.449401 0.031380 0.049347
v -0.451047 0.053070 0.005170
v -0.451823 0.079081 -0.038787
v -0.450797 0.099071 -0.083235
v -0.445347 0.103039 -0.129899
v -0.447592 0.105245 -0.176467
v -0.450574 0.108701 -0.223277
v -0.452955 0.120956 -0.270070
v -0.453798 0.134970 -0.314169
v -0.453791 0.136821 -0.354499
v -0.453973 0.135902 -0.391608
v -0.454401 0.142963 -0.430507
v -0.453930 0.161857 -0.476889
v -0.452552 0.183025 -0.531056
v -0.481291 0.065577 0.563341
v -0.499594 0.195635 -0.580164
v -0.480111 0.072358 0.523043
v -0.478717 0.070192 0.482326
v -0.475933 0.059940 0.440585
v -0.479724 0.046292 0.395652
v -0.484384 0.034265 0.349293
v -0.485491 0.014893 0.304973
v -0.485938 0.014893 0.262932
v -0.486388 0.014893 0.219757
v -0.485700 0.014893 0.178532
v -0.484663 0.014893 0.135932
v -0.484427 0.014893 0.091695
v -0.485514 0.027171 0.046824
v -0.487230 0.042921 0.002277
v -0.489104 0.061639 -0.041003
v -0.490077 0.077245 -0.084290
v -0.486543 0.078331 -0.128678
v -0.486303 0.075788 -0.172343
v -0.487856 0.081390 -0.217776
v -0.490857 0.098079 -0.264851
v -0.493686 0.118315 -0.310075
v -0.497250 0.131212 -0.351327
v -0.500792 0.142717 -0.389793
v -0.502959 0.157646 -0.429881
v -0.503183 0.176948 -0.476491
v -0.501685 0.192007 -0.529572
v -0.524060 0.067737 0.563977
v -0.545301 0.178190 -0.576858
v -0.522483 0.072652 0.523712
v -0.520760 0.068710 0.482939
v -0.518229 0.057609 0.440785
v -0.523115 0.044746 0.395507
v -0.527260 0.034276 0.349547
v -0.528382 0.024442 0.306029
v -0.529513 0.014893 0.263414
v -0.528941 0.014893 0.221264
v -0.525416 0.014893 0.178511
v -0.521126 0.014893 0.134061
v -0.518913 0.014893 0.089159
v -0.519648 0.027630 0.044443
v -0.522363 0.038936 0.000388
v -0.525819 0.050810 -0.042703
v -0.529462 0.059068 -0.085357
v -0.530526 0.060127 -0.128643
v -0.530430 0.055973 -0.172281
v -0.531235 0.059598 -0.217022
v -0.533290 0.084085 -0.264110
v -0.535607 0.105492 -0.309330
v -0.540575 0.122776 -0.350778
v -0.545191 0.137423 -0.390318
v -0.547706 0.149713 -0.430471
v -0.548386 0.164320 -0.474733
v -0.547410 0.175917 -0.525779
v -0.567579 0.070957 0.565107
v -0.586036 0.135543 -0.572881
v -0.566035 0.074588 0.525131
v -0.564243 0.069661 0.484855
v -0.564109 0.058105 0.441903
v -0.569266 0.046139 0.396548
v -0.571918 0.036762 0.352081
v -0.572126 0.029763 0.308807
v -0.572080 0.024614 0.266715
v -0.570688 0.014893 0.225103
v -0.566411 0.014893 0.181295
v -0.559851 0.014893 0.134658
v -0.555435 0.014893 0.087867
v -0.554650 0.028492 0.042359
v -0.556885 0.035958 -0.001751
v -0.561835 0.043169 -0.044964
v -0.567148 0.047022 -0.087291
v -0.570637 0.049718 -0.129702
v -0.573575 0.048267 -0.172560
v -0.574968 0.048117 -0.216741
v -0.575636 0.072296 -0.264312
v -0.578122 0.094561 -0.309749
v -0.582728 0.109135 -0.351573
v -0.586477 0.120454 -0.392094
v -0.588344 0.125180 -0.432714
v -0.588642 0.129700 -0.475878
v -0.587958 0.135294 -0.523486
v -0.611897 0.074939 0.566486
v -0.624184 0.088149 -0.571091
v -0.610447 0.077343 0.527050
v -0.608842 0.072742 0.487529
v -0.611574 0.061524 0.443705
v -0.614958 0.050236 0.399474
v -0.616435 0.042743 0.356420
v -0.616256 0.037549 0.314066
v -0.615224 0.033912 0.272434
v -0.613815 0.031359 0.230339
v -0.610719 0.030654 0.186278
v -0.603836 0.030624 0.138916
v -0.596995 0.030576 0.090174
v -0.593800 0.032494 0.042994
v -0.594879 0.036401 -0.002255
v -0.599910 0.040937 -0.046272
v -0.604007 0.046278 -0.089166
v -0.608339 0.051117 -0.131378
v -0.613260 0.052100 -0.173839
v -0.616695 0.050812 -0.217453
v -0.618795 0.064142 -0.263444
v -0.621211 0.086221 -0.309443
v -0.624058 0.093523 -0.352401
v -0.626280 0.098860 -0.394456
v -0.627264 0.099174 -0.436589
v -0.626868 0.095413 -0.480020
v -0.625641 0.091891 -0.525220
v -0.656827 0.078357 0.567851
v -0.666053 0.068386 -0.570444
v -0.655718 0.080802 0.528785
v -0.654886 0.077844 0.489579
v -0.657639 0.068706 0.446012
v -0.659658 0.058051 0.403125
v -0.660530 0.051079 0.361391
v -0.660589 0.047229 0.320343
v -0.660578 0.043653 0.279057
v -0.660170 0.042005 0.236765
v -0.658795 0.042970 0.192352
v -0.655017 0.045656 0.145342
v -0.647186 0.048497 0.096606
v -0.640914 0.049059 0.048015
v -0.639176 0.049894 0.001250
v -0.643401 0.052986 -0.043380
v -0.648202 0.057474 -0.086504
v -0.653196 0.062496 -0.129364
v -0.657982 0.065819 -0.172746
v -0.661481 0.065878 -0.217064
v -0.663675 0.068650 -0.262491
v -0.665487 0.083047 -0.308583
v -0.666501 0.084873 -0.352727
v -0.667429 0.084322 -0.395901
v -0.667988 0.082830 -0.439003
v -0.667704 0.078494 -0.482513
v -0.666839 0.072941 -0.526470
v -0.702212 0.080869 0.568898
v -0.709965 0.063815 -0.570147
v -0.701891 0.084073 0.529778
v -0.702690 0.084312 0.489224
v -0.704214 0.079199 0.446770
v -0.705143 0.070461 0.405374
v -0.705661 0.063933 0.365046
v -0.706285 0.060247 0.325366
v -0.707530 0.059106 0.285283
v -0.709341 0.060586 0.243270
v -0.711053 0.065235 0.198616
v -0.711390 0.072284 0.151638
v -0.708752 0.078391 0.104064
v -0.704642 0.083652 0.056469
v -0.701815 0.088236 0.009668
v -0.701901 0.091823 -0.035866
v -0.703778 0.094384 -0.080432
v -0.706430 0.095141 -0.124871
v -0.708885 0.092780 -0.169671
v -0.709971 0.086228 -0.215130
v -0.709745 0.078513 -0.261223
v -0.709835 0.079848 -0.307465
v -0.710221 0.082810 -0.352448
v -0.710446 0.078448 -0.396296
v -0.710573 0.074970 -0.439833
v -0.710451 0.071245 -0.483296
v -0.710144 0.067221 -0.526766
v -0.747837 0.082212 0.569328
v -0.753974 0.058700 -0.569704
v -0.748305 0.086965 0.529661
v -0.750344 0.090144 0.487179
v -0.750928 0.090219 0.445606
v -0.751116 0.086663 0.405663
v -0.751601 0.082868 0.366811
v -0.752717 0.081594 0.328698
v -0.755214 0.083919 0.289566
v -0.759497 0.092339 0.247901
v -0.764756 0.108818 0.203301
v -0.768746 0.126763 0.156831
v -0.770557 0.139279 0.110007
v -0.770110 0.150720 0.063629
v -0.768197 0.156079 0.017559
v -0.766065 0.155399 -0.028332
v -0.764368 0.151194 -0.074136
v -0.763056 0.142853 -0.120109
v -0.761248 0.128732 -0.166451
v -0.758547 0.108685 -0.213103
v -0.755467 0.086917 -0.259795
v -0.753890 0.075042 -0.306165
v -0.754204 0.079879 -0.351867
v -0.754327 0.074714 -0.395912
v -0.754364 0.070376 -0.439614
v -0.754288 0.066695 -0.483094
v -0.754146 0.062918 -0.526435
v -0.793274 0.082886 0.568785
v -0.797171 0.033698 -0.567391
v -0.794222 0.088408 0.528138
v -0.796168 0.093677 0.485024
v -0.796502 0.097328 0.443850
v -0.796329 0.099504 0.404731
v -0.796787 0.101632 0.367359
v -0.798078 0.105426 0.331435
v -0.801342 0.113937 0.293444
v -0.807658 0.135091 0.252063
v -0.814433 0.170406 0.207681
v -0.818410 0.187038 0.160994
v -0.819809 0.197056 0.114201
v -0.819968 0.204864 0.067720
v -0.819408 0.207793 0.021454
v -0.818260 0.203965 -0.024720
v -0.816577 0.194688 -0.070910
v -0.814492 0.181779 -0.117245
v -0.811017 0.161312 -0.164023
v -0.805909 0.128982 -0.211296
v -0.800864 0.092033 -0.258260
v -0.798001 0.066154 -0.304438
v -0.797860 0.066603 -0.350386
v -0.797951 0.061142 -0.394521
v -0.797945 0.054774 -0.438093
v -0.797817 0.048764 -0.481388
v -0.797532 0.041779 -0.524440
v -0.838258 0.081925 0.567578
v -0.840083 0.014893 -0.565233
v -0.838867 0.089007 0.526355
v -0.840140 0.095411 0.483847
v -0.840563 0.101002 0.442264
v -0.840159 0.106163 0.403106
v -0.840842 0.112072 0.366792
v -0.841280 0.119804 0.334398
v -0.844357 0.134713 0.297116
v -0.854886 0.172388 0.255105
v -0.863769 0.209483 0.210932
v -0.865999 0.215659 0.164161
v -0.866892 0.217894 0.117020
v -0.867319 0.220171 0.070251
v -0.867400 0.221626 0.023781
v -0.867010 0.221029 -0.022460
v -0.865824 0.215423 -0.068633
v -0.863601 0.204218 -0.114938
v -0.859989 0.185421 -0.161639
v -0.853372 0.146696 -0.209464
v -0.846671 0.097652 -0.256986
v -0.842558 0.061505 -0.303265
v -0.841345 0.046736 -0.348378
v -0.840979 0.035142 -0.392132
v -0.840539 0.014893 -0.435136
v -0.840201 0.014893 -0.478169
v -0.840076 0.014893 -0.521564
v -0.882963 0.079797 0.566565
v -0.884290 0.014893 -0.565223
v -0.883210 0.087625 0.525281
v -0.883685 0.095346 0.483379
v -0.883900 0.102465 0.441722
v -0.883001 0.109098 0.402461
v -0.885215 0.116849 0.366208
v -0.885746 0.126284 0.337042
v -0.889268 0.147336 0.298656
v -0.902086 0.190887 0.255340
v -0.911084 0.216883 0.211200
v -0.913378 0.223272 0.166084
v -0.914341 0.223765 0.118914
v -0.914800 0.224226 0.072090
v -0.914995 0.225014 0.025596
v -0.914735 0.225190 -0.020635
v -0.913806 0.223608 -0.066670
v -0.911694 0.215536 -0.112877
v -0.908171 0.199138 -0.159455
v -0.900689 0.156616 -0.207711
v -0.892773 0.101782 -0.255939
v -0.887205 0.058596 -0.302469
v -0.884915 0.033361 -0.346902
v -0.884329 0.014893 -0.390627
v -0.884269 0.014893 -0.434236
v -0.884287 0.014893 -0.477902
v -0.884290 0.014893 -0.521563
v -0.927618 0.075885 0.565946
v -0.928505 0.014893 -0.565223
v -0.927675 0.084774 0.524914
v -0.927792 0.093105 0.483542
v -0.927672 0.101608 0.442462
v -0.927360 0.109704 0.402653
v -0.930963 0.119183 0.367179
v -0.932179 0.131388 0.335716
v -0.932107 0.154314 0.298183
v -0.941686 0.191191 0.254368
v -0.952222 0.210691 0.210660
v -0.958098 0.219480 0.166672
v -0.960411 0.220804 0.119854
v -0.961466 0.222289 0.073261
v -0.961950 0.224284 0.026964
v -0.961819 0.225917 -0.019135
v -0.960820 0.225463 -0.065187
v -0.958810 0.220158 -0.111376
v -0.954857 0.203184 -0.158038
v -0.946603 0.155664 -0.206637
v -0.938086 0.104004 -0.255297
v -0.931950 0.063682 -0.302213
v -0.929333 0.041288 -0.346948
v -0.928799 0.034041 -0.391575
v -0.928932 0.033685 -0.436116
v -0.928504 0.025176 -0.477904
v -0.928505 0.014893 -0.521563
v -0.972278 0.069875 0.565707
v -0.972719 0.026778 -0.565223
v -0.972324 0.078992 0.524953
v -0.972476 0.088189 0.484272
v -0.972742 0.097806 0.444307
v -0.973258 0.107323 0.405429
v -0.974622 0.118260 0.368588
v -0.975163 0.133177 0.333326
v -0.974674 0.157002 0.296390
v -0.979312 0.185352 0.254756
v -0.991791 0.199790 0.210416
v -1.000720 0.208871 0.165967
v -1.004700 0.212114 0.119731
v -1.006816 0.215421 0.073738
v -1.007972 0.219221 0.027897
v -1.007995 0.222089 -0.018040
v -1.007206 0.223796 -0.064081
v -1.005123 0.220773 -0.110613
v -0.999391 0.198996 -0.158108
v -0.991001 0.159301 -0.207781
v -0.983121 0.122411 -0.257997
v -0.977881 0.095421 -0.306908
v -0.976305 0.083770 -0.353921
v -0.976592 0.080051 -0.399496
v -0.977004 0.077589 -0.443672
v -0.972898 0.040329 -0.478330
v -0.972719 0.033153 -0.521563
v -1.016949 0.061955 0.565796
v -1.016934 0.034712 -0.565223
v -1.017050 0.070841 0.525210
v -1.017424 0.080069 0.484938
v -1.018059 0.090487 0.445352
v -1.018942 0.101610 0.406449
v -1.020343 0.114154 0.368420
v -1.022218 0.130118 0.330908
v -1.024687 0.151436 0.292656
v -1.028977 0.171060 0.251641
v -1.035642 0.182855 0.208224
v -1.042235 0.191198 0.163731
v -1.047499 0.197516 0.118569
v -1.050310 0.202970 0.073203
v -1.052123 0.208930 0.028034
v -1.053068 0.214883 -0.017406
v -1.053130 0.219689 -0.063379
v -1.051322 0.220461 -0.110646
v -1.043158 0.202517 -0.161467
v -1.035570 0.180251 -0.212770
v -1.029056 0.156575 -0.263043
v -1.024901 0.136503 -0.311329
v -1.023605 0.123864 -0.357236
v -1.023848 0.115730 -0.401800
v -1.024164 0.107225 -0.445602
v -1.018038 0.063370 -0.480407
v -1.016934 0.044864 -0.521564
v -1.061598 0.053095 0.566303
v -1.061148 0.040775 -0.565223
v -1.061740 0.061305 0.525575
v -1.062134 0.069714 0.485079
v -1.063061 0.080506 0.445333
v -1.064326 0.092171 0.405966
v -1.066109 0.105193 0.367006
v -1.068596 0.120242 0.328153
v -1.071787 0.137044 0.288632
v -1.075403 0.150648 0.246993
v -1.079519 0.160616 0.203769
v -1.084178 0.169518 0.159997
v -1.088518 0.177605 0.115860
v -1.091959 0.185665 0.071604
v -1.093913 0.194138 0.027173
v -1.095920 0.202199 -0.017627
v -1.097764 0.210877 -0.063316
v -1.097360 0.216984 -0.110872
v -1.085981 0.206512 -0.164906
v -1.077454 0.189026 -0.214747
v -1.071732 0.172466 -0.263758
v -1.068871 0.158523 -0.310758
v -1.068230 0.147236 -0.356004
v -1.068761 0.137331 -0.400516
v -1.069544 0.126460 -0.444936
v -1.067190 0.099728 -0.485840
v -1.062671 0.061440 -0.523306
v -1.106105 0.043841 0.567354
v -1.105363 0.042930 -0.565223
v -1.106103 0.050620 0.525922
v -1.106470 0.058136 0.484819
v -1.107452 0.068299 0.444396
v -1.108994 0.079994 0.404493
v -1.110866 0.091917 0.364606
v -1.113202 0.104327 0.324513
v -1.115950 0.116637 0.283769
v -1.119040 0.127656 0.241978
v -1.122289 0.136898 0.199214
v -1.125986 0.145656 0.156037
v -1.129560 0.154117 0.112540
v -1.132435 0.163005 0.068732
v -1.134224 0.172675 0.024626
v -1.135373 0.183507 -0.019565
v -1.138462 0.195073 -0.065533
v -1.138083 0.207867 -0.115573
v -1.128500 0.208574 -0.168148
v -1.118953 0.192883 -0.216224
v -1.113041 0.178385 -0.263032
v -1.110996 0.167469 -0.308082
v -1.110669 0.156374 -0.352431
v -1.111481 0.144030 -0.397195
v -1.112703 0.130945 -0.442351
v -1.112883 0.112252 -0.486504
v -1.106673 0.064861 -0.523039
v -1.150388 0.034618 0.569282
v -1.149577 0.040765 -0.565223
v -1.150220 0.039994 0.526392
v -1.150558 0.046968 0.484397
v -1.151351 0.055990 0.443136
v -1.152650 0.065874 0.402355
v -1.154276 0.075709 0.361568
v -1.156231 0.085576 0.320608
v -1.158383 0.094999 0.279153
v -1.161001 0.103969 0.237155
v -1.164134 0.112485 0.194720
v -1.167494 0.120535 0.151982
v -1.170785 0.128617 0.109014
v -1.173510 0.137297 0.065719
v -1.175240 0.147405 0.021800
v -1.176222 0.159628 -0.023454
v -1.177391 0.174867 -0.070315
v -1.176569 0.195947 -0.120252
v -1.169523 0.204015 -0.170239
v -1.159436 0.188968 -0.216467
v -1.153172 0.175024 -0.261058
v -1.151569 0.165247 -0.304700
v -1.151776 0.154210 -0.348795
v -1.153063 0.140902 -0.394015
v -1.154858 0.126295 -0.439965
v -1.156455 0.110371 -0.485765
v -1.150449 0.061002 -0.522565
v -1.193990 0.014893 0.570102
v -1.193792 0.034878 -0.565223
v -1.194059 0.029386 0.526505
v -1.194564 0.037401 0.483896
v -1.195015 0.044917 0.441833
v -1.195557 0.051820 0.400075
v -1.196182 0.058249 0.358325
v -1.197266 0.065145 0.316554
v -1.199000 0.072422 0.274582
v -1.201540 0.079850 0.232433
v -1.204706 0.087063 0.190119
v -1.208333 0.094254 0.147748
v -1.211985 0.101520 0.105320
v -1.215053 0.109406 0.062650
v -1.217186 0.119028 0.019940
v -1.217817 0.131425 -0.023619
v -1.217101 0.148771 -0.069190
v -1.214053 0.181364 -0.124730
v -1.210591 0.195449 -0.171770
v -1.200981 0.182297 -0.216297
v -1.194856 0.169870 -0.259821
v -1.193876 0.162337 -0.303317
v -1.194270 0.149994 -0.347270
v -1.195853 0.134565 -0.392510
v -1.198110 0.118728 -0.439103
v -1.200315 0.102920 -0.485631
v -1.194289 0.052336 -0.522299
v -1.238107 0.014893 0.569888
v -1.238006 0.027289 -0.565224
v -1.238261 0.025607 0.526365
v -1.238572 0.031771 0.483270
v -1.238914 0.036882 0.440699
v -1.238712 0.039925 0.398103
v -1.237990 0.042042 0.355398
v -1.237704 0.045269 0.312744
v -1.238709 0.050189 0.270216
v -1.241050 0.055809 0.227796
v -1.244407 0.061346 0.185494
v -1.248481 0.066883 0.143336
v -1.251815 0.071408 0.100842
v -1.253634 0.075718 0.058138
v -1.256518 0.084940 0.017146
v -1.258807 0.099736 -0.021903
v -1.255957 0.120822 -0.063102
v -1.252724 0.167118 -0.127799
v -1.251562 0.182208 -0.172133
v -1.243592 0.172280 -0.215890
v -1.238258 0.162223 -0.259657
v -1.237996 0.155769 -0.303262
v -1.238124 0.140743 -0.347022
v -1.239884 0.124930 -0.392726
v -1.242399 0.108406 -0.439678
v -1.244698 0.092457 -0.486328
v -1.238341 0.042189 -0.522509
v -1.282255 0.014893 0.569703
v -1.282221 0.014893 -0.565223
v -1.282427 0.029585 0.526153
v -1.282598 0.032455 0.482743
v -1.282880 0.032890 0.439707
v -1.282459 0.031156 0.396589
v -1.280699 0.028523 0.353112
v -1.278751 0.027844 0.309548
v -1.278229 0.029871 0.266242
v -1.279866 0.033263 0.223359
v -1.283628 0.036847 0.180929
v -1.287789 0.039336 0.138531
v -1.289202 0.038512 0.095202
v -1.289164 0.037468 0.051850
v -1.291695 0.046112 0.012604
v -1.298028 0.072488 -0.019387
v -1.294521 0.096083 -0.055727
v -1.295293 0.154576 -0.126548
v -1.294500 0.168194 -0.171028
v -1.287635 0.159579 -0.215981
v -1.282775 0.149439 -0.260654
v -1.282429 0.140620 -0.303807
v -1.283092 0.127330 -0.348331
v -1.285026 0.112347 -0.394480
v -1.287406 0.096181 -0.441246
v -1.289308 0.081284 -0.487348
v -1.282749 0.034900 -0.523321
v -1.326637 0.030975 0.569867
v -1.326435 0.014893 -0.565223
v -1.326771 0.039938 0.526254
v -1.326835 0.041652 0.482653
v -1.326797 0.035148 0.439060
v -1.326522 0.026074 0.395512
v -1.324613 0.014893 0.351601
v -1.321226 0.014893 0.307272
v -1.318148 0.014893 0.262887
v -1.317788 0.014893 0.219118
v -1.320447 0.014893 0.176168
v -1.325076 0.014893 0.133837
v -1.327415 0.014893 0.090907
v -1.327564 0.014893 0.047574
v -1.332945 0.032880 0.012095
v -1.335007 0.054311 -0.018567
v -1.334844 0.079206 -0.052202
v -1.342788 0.146244 -0.124385
v -1.340380 0.154932 -0.171307
v -1.333035 0.144020 -0.218532
v -1.328724 0.133487 -0.263619
v -1.328346 0.124292 -0.306775
v -1.329195 0.112194 -0.351419
v -1.330825 0.097930 -0.397039
v -1.332729 0.082546 -0.442554
v -1.334005 0.068758 -0.487210
v -1.327362 0.025425 -0.522760
v -1.370911 0.037853 0.569974
v -1.370650 0.014893 -0.565223
v -1.371013 0.048827 0.526339
v -1.371024 0.050906 0.482677
v -1.370948 0.043042 0.439003
v -1.370750 0.029172 0.395307
v -1.369378 0.014893 0.351284
v -1.365026 0.014893 0.306312
v -1.358696 0.014893 0.260625
v -1.354602 0.014893 0.215584
v -1.354765 0.014893 0.172084
v -1.358003 0.014893 0.129936
v -1.362194 0.014893 0.088332
v -1.366036 0.014893 0.046907
v -1.368406 0.027165 0.010883
v -1.372157 0.045981 -0.020739
v -1.378695 0.071182 -0.053294
v -1.392627 0.137452 -0.124045
v -1.387238 0.138661 -0.175293
v -1.379558 0.123466 -0.223199
v -1.376075 0.113064 -0.267114
v -1.375625 0.103562 -0.309529
v -1.376055 0.090887 -0.352978
v -1.376900 0.075981 -0.396813
v -1.377709 0.061229 -0.440778
v -1.377890 0.048984 -0.484334
v -1.371965 0.014893 -0.522633
v -1.415253 0.040946 0.570271
v -1.414865 0.014893 -0.565223
v -1.415368 0.052889 0.526687
v -1.415284 0.054777 0.482896
v -1.415130 0.047011 0.439059
v -1.414934 0.037830 0.395367
v -1.413797 0.031018 0.351408
v -1.409674 0.028766 0.306365
v -1.401474 0.024931 0.259808
v -1.393651 0.014893 0.213570
v -1.390029 0.014893 0.169446
v -1.391076 0.014893 0.127380
v -1.395667 0.014893 0.086283
v -1.400252 0.014893 0.045727
v -1.404870 0.028151 0.008922
v -1.412888 0.047490 -0.024538
v -1.423281 0.067831 -0.058977
v -1.436397 0.100016 -0.110614
v -1.433059 0.097786 -0.166607
v -1.424585 0.081424 -0.219345
v -1.421363 0.075054 -0.264907
v -1.420594 0.069272 -0.307860
v -1.420163 0.059950 -0.351101
v -1.420092 0.048706 -0.394669
v -1.420159 0.038466 -0.438397
v -1.419669 0.031083 -0.481740
v -1.415115 0.014893 -0.521750
v -1.459808 0.039687 0.570875
v -1.459079 0.014893 -0.565223
v -1.460006 0.051577 0.527358
v -1.460135 0.055369 0.483507
v -1.460204 0.053550 0.439555
v -1.459785 0.050913 0.395606
v -1.458614 0.051398 0.351607
v -1.455508 0.055227 0.306753
v -1.449042 0.054702 0.260701
v -1.440552 0.045839 0.214466
v -1.434777 0.035202 0.170166
v -1.434590 0.027095 0.128129
v -1.437787 0.014893 0.087395
v -1.441828 0.026792 0.047063
v -1.448059 0.038045 0.008450
v -1.456833 0.052237 -0.028746
v -1.465025 0.061342 -0.067758
v -1.468340 0.059110 -0.112735
v -1.467072 0.049987 -0.165880
v -1.462124 0.035511 -0.215867
v -1.460333 0.031770 -0.260485
v -1.459716 0.028483 -0.303692
v -1.459392 0.014893 -0.347123
v -1.459288 0.014893 -0.390719
v -1.459231 0.014893 -0.434345
v -1.459216 0.014893 -0.477996
v -1.459079 0.014893 -0.521563
v -1.504402 0.034566 0.571382
v -1.503294 0.014893 -0.565223
v -1.504978 0.046650 0.527994
v -1.505568 0.054208 0.484175
v -1.505845 0.058345 0.440119
v -1.505315 0.061621 0.395990
v -1.503894 0.066457 0.351882
v -1.501523 0.071910 0.307210
v -1.498319 0.073791 0.262114
v -1.494275 0.068585 0.217313
v -1.490585 0.058429 0.173721
v -1.489398 0.048139 0.131687
v -1.490111 0.043861 0.090907
v -1.492101 0.044672 0.050114
v -1.495876 0.049474 0.008973
v -1.500989 0.055083 -0.032583
v -1.505010 0.055361 -0.075813
v -1.505935 0.046136 -0.121869
v -1.504758 0.030040 -0.169645
v -1.503429 0.014893 -0.215774
v -1.503296 0.014893 -0.259605
v -1.503295 0.014893 -0.303265
v -1.503294 0.014893 -0.346925
v -1.503294 0.014893 -0.390585
v -1.503294 0.014893 -0.434245
v -1.503294 0.014893 -0.477904
v -1.503294 0.014893 -0.521563
v 1.017521 0.014893 0.720254
v 1.017328 0.014893 0.756878
v 0.971555 0.125746 0.650899
v 0.972105 0.101292 0.681524
v 0.972752 0.078967 0.710303
v 0.973399 0.052243 0.736173
v 0.973486 0.014893 0.763103
v 0.928952 0.125756 0.651784
v 0.928900 0.102585 0.681846
v 0.928590 0.084871 0.713426
v 0.928374 0.068838 0.745084
v 0.928355 0.014893 0.773503
v 0.885015 0.128029 0.651064
v 0.885920 0.106214 0.682217
v 0.885385 0.088784 0.714128
v 0.884940 0.072547 0.745898
v 0.884373 0.014893 0.776652
v 0.837928 0.132134 0.652319
v 0.841240 0.108261 0.682829
v 0.841716 0.089378 0.714258
v 0.841255 0.073250 0.745913
v 0.840940 0.014893 0.776585
v 0.791783 0.130471 0.651926
v 0.792469 0.110617 0.683301
v 0.797552 0.086547 0.713788
v 0.797221 0.070885 0.745139
v 0.797174 0.014893 0.775074
v 0.746031 0.128701 0.650839
v 0.745955 0.110606 0.682602
v 0.752361 0.085294 0.713376
v 0.753357 0.067735 0.743664
v 0.753396 0.014893 0.773014
v 0.701687 0.125195 0.649660
v 0.701719 0.107508 0.681816
v 0.704552 0.087192 0.712383
v 0.709363 0.064633 0.741744
v 0.709266 0.014893 0.772392
v 0.656636 0.123289 0.648323
v 0.656745 0.105751 0.680128
v 0.657651 0.089918 0.711333
v 0.663006 0.068027 0.740960
v 0.665020 0.014893 0.771145
v 0.611344 0.121847 0.646464
v 0.611433 0.105741 0.678034
v 0.612449 0.089624 0.709301
v 0.615402 0.069858 0.738812
v 0.620863 0.014893 0.769413
v 0.565596 0.113987 0.640770
v 0.565949 0.102186 0.674486
v 0.567273 0.088460 0.706917
v 0.569035 0.071990 0.737899
v 0.576424 0.014893 0.767977
v 0.520679 0.102621 0.634408
v 0.521742 0.090825 0.668614
v 0.522689 0.081051 0.702482
v 0.524227 0.069309 0.735861
v 0.531112 0.014893 0.763993
v 0.476211 0.096974 0.632096
v 0.477045 0.090048 0.667363
v 0.478421 0.080872 0.701734
v 0.479919 0.070795 0.735632
v 0.484707 0.014893 0.764028
v 0.432053 0.083391 0.627405
v 0.433048 0.077035 0.662611
v 0.434173 0.071075 0.697673
v 0.435445 0.063366 0.732327
v 0.439006 0.014893 0.761662
v 0.388627 0.076053 0.624445
v 0.389626 0.069559 0.659610
v 0.390653 0.063267 0.694697
v 0.391615 0.056916 0.729834
v 0.393788 0.014893 0.762789
v 0.345502 0.068995 0.621741
v 0.346386 0.063133 0.657249
v 0.347283 0.057565 0.692747
v 0.348139 0.051865 0.728241
v 0.349483 0.014893 0.762808
v 0.302397 0.062951 0.619566
v 0.303153 0.057066 0.655141
v 0.303887 0.051827 0.690921
v 0.304625 0.046616 0.726712
v 0.305697 0.014893 0.761916
v 0.259050 0.057573 0.617998
v 0.259699 0.051874 0.653681
v 0.260322 0.046943 0.689593
v 0.260976 0.042264 0.725589
v 0.262000 0.014893 0.760991
v 0.215685 0.051761 0.616230
v 0.216327 0.046399 0.652186
v 0.216895 0.041454 0.688114
v 0.217493 0.037018 0.724223
v 0.218757 0.014893 0.759292
v 0.172349 0.044961 0.614419
v 0.173043 0.039391 0.650521
v 0.173614 0.034788 0.686556
v 0.174629 0.027022 0.721955
v 0.175729 0.014893 0.757230
v 0.129416 0.034818 0.612078
v 0.130413 0.027178 0.647775
v 0.131317 0.014893 0.683331
v 0.131621 0.014893 0.719892
v 0.132339 0.014893 0.755816
v 0.086760 0.014893 0.609577
v 0.087668 0.014893 0.645289
v 0.087779 0.014893 0.682161
v 0.087939 0.014893 0.718952
v 0.088432 0.014893 0.755276
v 0.044340 0.030027 0.609221
v 0.044344 0.014893 0.644561
v 0.044210 0.014893 0.681139
v 0.044209 0.014893 0.718134
v 0.044220 0.014893 0.755247
v 0.000307 0.035681 0.609934
v 0.000151 0.014893 0.645281
v 0.000008 0.014893 0.681183
v 0.000003 0.014893 0.718035
v 0.000006 0.014893 0.755205
v -0.043858 0.035357 0.609923
v -0.044184 0.014893 0.644930
v -0.044203 0.014893 0.681507
v -0.044210 0.014893 0.717968
v -0.044211 0.014893 0.755176
v -0.088013 0.034275 0.609749
v -0.088437 0.014893 0.645118
v -0.088429 0.014893 0.681148
v -0.088425 0.014893 0.717956
v -0.088430 0.014893 0.755185
v -0.132374 0.028938 0.609163
v -0.132632 0.014893 0.645320
v -0.132644 0.014893 0.681153
v -0.132643 0.014893 0.718011
v -0.132646 0.014893 0.755224
v -0.177522 0.025238 0.608067
v -0.177002 0.014893 0.644701
v -0.176871 0.014893 0.681267
v -0.176860 0.014893 0.718097
v -0.176860 0.014893 0.755265
v -0.222823 0.030675 0.606980
v -0.221701 0.014893 0.644110
v -0.221170 0.014893 0.681156
v -0.221075 0.014893 0.718171
v -0.221073 0.014893 0.755290
v -0.267425 0.036400 0.605847
v -0.266174 0.014893 0.643445
v -0.265515 0.014893 0.680907
v -0.265297 0.014893 0.718195
v -0.265287 0.014893 0.755298
v -0.311232 0.041103 0.604760
v -0.310192 0.028242 0.642786
v -0.309658 0.014893 0.680603
v -0.309500 0.014893 0.718141
v -0.309502 0.014893 0.755298
v -0.354373 0.044974 0.603817
v -0.353780 0.032002 0.642233
v -0.353549 0.014893 0.680346
v -0.353623 0.014893 0.718061
v -0.353716 0.014893 0.755297
v -0.397087 0.048343 0.603134
v -0.397058 0.035450 0.641863
v -0.397225 0.014893 0.680199
v -0.397623 0.014893 0.718024
v -0.397920 0.014893 0.755292
v -0.439668 0.051449 0.602818
v -0.440203 0.038907 0.641739
v -0.440768 0.027237 0.680195
v -0.441451 0.014893 0.718114
v -0.442079 0.014893 0.755298
v -0.482419 0.054458 0.602928
v -0.483412 0.042436 0.641900
v -0.484289 0.030885 0.680390
v -0.485175 0.014893 0.718352
v -0.486137 0.014893 0.755402
v -0.525559 0.057616 0.603463
v -0.526835 0.046080 0.642354
v -0.527912 0.034657 0.680780
v -0.528923 0.014893 0.718707
v -0.530022 0.014893 0.755771
v -0.569191 0.061307 0.604355
v -0.570569 0.049996 0.643054
v -0.571731 0.038541 0.681322
v -0.572788 0.027229 0.719137
v -0.573858 0.014893 0.756287
v -0.613325 0.065788 0.605489
v -0.614651 0.054246 0.643923
v -0.615798 0.042463 0.681951
v -0.616850 0.030669 0.719547
v -0.617892 0.014893 0.756569
v -0.657920 0.070656 0.606711
v -0.659059 0.058721 0.644892
v -0.660110 0.046341 0.682638
v -0.661106 0.033797 0.719941
v -0.662103 0.014893 0.756710
v -0.702885 0.074827 0.607856
v -0.703724 0.063204 0.645925
v -0.704621 0.050154 0.683388
v -0.705519 0.036657 0.720368
v -0.706430 0.014893 0.756825
v -0.748020 0.076548 0.608602
v -0.748571 0.067429 0.646957
v -0.749273 0.053987 0.684210
v -0.750046 0.039435 0.720872
v -0.750836 0.014893 0.756953
v -0.793160 0.076444 0.608464
v -0.793518 0.068860 0.647299
v -0.794037 0.057195 0.684866
v -0.794663 0.042243 0.721407
v -0.795312 0.014893 0.757052
v -0.838136 0.074815 0.607672
v -0.838422 0.067060 0.646807
v -0.838861 0.057364 0.684917
v -0.839303 0.043387 0.721643
v -0.839826 0.014893 0.757025
v -0.882978 0.071996 0.606874
v -0.883217 0.063545 0.646148
v -0.883590 0.054364 0.684540
v -0.883849 0.041371 0.721501
v -0.884171 0.014893 0.757003
v -0.927684 0.067132 0.606196
v -0.927898 0.058394 0.645550
v -0.928203 0.049255 0.684054
v -0.928335 0.036335 0.721096
v -0.928531 0.014893 0.756200
v -0.972341 0.060710 0.605828
v -0.972499 0.051645 0.645124
v -0.972693 0.042509 0.683578
v -0.972734 0.030070 0.720657
v -0.972735 0.014893 0.755382
v -1.016999 0.052854 0.605834
v -1.017161 0.043775 0.645041
v -1.017277 0.034752 0.683255
v -1.017097 0.014893 0.719709
v -1.016972 0.014893 0.755513
v -1.061677 0.044031 0.606326
v -1.061912 0.034373 0.645275
v -1.061928 0.025444 0.682761
v -1.061151 0.014893 0.718226
v -1.061062 0.014893 0.755194
v -1.106270 0.034386 0.607272
v -1.105889 0.014893 0.644689
v -1.105615 0.014893 0.681507
v -1.105265 0.014893 0.718107
v -1.104886 0.014893 0.754716
v -1.150608 0.026520 0.607943
v -1.149579 0.014893 0.644082
v -1.149480 0.014893 0.681037
v -1.149093 0.014893 0.717643
v -1.148927 0.014893 0.754510
v -1.193911 0.014893 0.607098
v -1.193702 0.014893 0.643971
v -1.193372 0.014893 0.680652
v -1.193196 0.014893 0.717510
v -1.193248 0.014893 0.754653
v -1.237923 0.014893 0.606816
v -1.237713 0.014893 0.643707
v -1.237578 0.014893 0.680643
v -1.237589 0.014893 0.717735
v -1.237720 0.014893 0.754966
v -1.282127 0.014893 0.606739
v -1.282033 0.014893 0.643803
v -1.282005 0.014893 0.680897
v -1.282065 0.014893 0.718046
v -1.282142 0.014893 0.755208
v -1.326522 0.014893 0.606927
v -1.326431 0.014893 0.644004
v -1.326392 0.014893 0.681096
v -1.326418 0.014893 0.718203
v -1.326436 0.014893 0.755298
v -1.370800 0.025579 0.607027
v -1.370701 0.014893 0.644083
v -1.370651 0.014893 0.681148
v -1.370650 0.014893 0.718223
v -1.370650 0.014893 0.755298
v -1.415044 0.027074 0.607150
v -1.414885 0.014893 0.644079
v -1.414865 0.014893 0.681148
v -1.414865 0.014893 0.718223
v -1.414865 0.014893 0.755298
v -1.459502 0.026240 0.607568
v -1.459201 0.014893 0.644241
v -1.459079 0.014893 0.681148
v -1.459079 0.014893 0.718223
v -1.459079 0.014893 0.755298
v -1.547508 0.014893 -0.602298
v -1.547508 0.014893 -0.639372
v -1.547508 0.014893 -0.676447
v -1.547508 0.014893 -0.713522
v -1.547508 0.014893 -0.750596
v 1.548436 0.014893 -0.751224
v 1.548707 0.014893 -0.714433
v 1.549063 0.014893 -0.677811
v 1.554163 0.036744 -0.649429
v 1.562626 0.063300 -0.624033
v 1.504385 0.014893 -0.751398
v 1.505125 0.014893 -0.715644
v 1.508274 0.031471 -0.684190
v 1.513603 0.049037 -0.654943
v 1.520193 0.069945 -0.627072
v -1.503294 0.014893 -0.602298
v -1.503294 0.014893 -0.639372
v -1.503294 0.014893 -0.676447
v -1.503294 0.014893 -0.713522
v -1.503294 0.014893 -0.750596
v 1.460700 0.014893 -0.752495
v 1.462334 0.025662 -0.718673
v 1.464588 0.034411 -0.685559
v 1.468707 0.049423 -0.655425
v 1.477349 0.075694 -0.629680
v 1.416676 0.014893 -0.752870
v 1.418234 0.026791 -0.719003
v 1.420354 0.036019 -0.686002
v 1.424189 0.051730 -0.656107
v 1.431670 0.077089 -0.630202
v 1.372257 0.014893 -0.752107
v 1.373592 0.025845 -0.718008
v 1.375806 0.036064 -0.685551
v 1.379617 0.052767 -0.656349
v 1.386373 0.078498 -0.630555
v 1.328151 0.014893 -0.752207
v 1.328749 0.014893 -0.716081
v 1.330674 0.033456 -0.683522
v 1.334854 0.053238 -0.655878
v 1.341456 0.080493 -0.631001
v 1.284007 0.014893 -0.752295
v 1.284785 0.024785 -0.716559
v 1.285565 0.029423 -0.680862
v 1.289698 0.050825 -0.653947
v 1.296438 0.080803 -0.630756
v 1.239848 0.014893 -0.752402
v 1.240772 0.026150 -0.716969
v 1.241737 0.031852 -0.681731
v 1.245018 0.049248 -0.652456
v 1.251625 0.079808 -0.629572
v 1.195659 0.014893 -0.752462
v 1.196738 0.027387 -0.717376
v 1.198036 0.035060 -0.682975
v 1.201325 0.052408 -0.653758
v 1.205469 0.074087 -0.626628
v 1.151317 0.014893 -0.752169
v 1.152711 0.028433 -0.717873
v 1.153988 0.036462 -0.683422
v 1.155253 0.044471 -0.649227
v 1.156960 0.055828 -0.616865
v 1.107169 0.014893 -0.752386
v 1.108113 0.025349 -0.717048
v 1.109873 0.037265 -0.683626
v 1.111317 0.046425 -0.650023
v 1.112789 0.056271 -0.616844
v 1.062769 0.014893 -0.752041
v 1.063165 0.014893 -0.715458
v 1.065138 0.033725 -0.682363
v 1.067151 0.048143 -0.651098
v 1.068553 0.062233 -0.621408
v 1.018458 0.014893 -0.751941
v 1.018814 0.014893 -0.715276
v 1.020010 0.028318 -0.680618
v 1.021047 0.046034 -0.652953
v 1.022565 0.084791 -0.638710
v 0.974125 0.014893 -0.751815
v 0.974465 0.014893 -0.715130
v 0.975034 0.025635 -0.680953
v 0.974166 0.054831 -0.663031
v 0.973751 0.100579 -0.653399
v 0.929771 0.014893 -0.751669
v 0.929759 0.014893 -0.716807
v 0.928640 0.039160 -0.691482
v 0.927076 0.070540 -0.674679
v 0.926205 0.104136 -0.657467
v 0.885403 0.014893 -0.751507
v 0.885577 0.014893 -0.715745
v 0.883858 0.042494 -0.692688
v 0.881369 0.068377 -0.671052
v 0.876961 0.110328 -0.659145
v 0.841029 0.014893 -0.751341
v 0.841161 0.014893 -0.715629
v 0.840517 0.032937 -0.684607
v 0.837042 0.064126 -0.665216
v 0.832585 0.103471 -0.649522
v 0.796651 0.014893 -0.751175
v 0.796826 0.014893 -0.714940
v 0.796723 0.030099 -0.680728
v 0.795364 0.050520 -0.652349
v 0.791146 0.087678 -0.634050
v 0.752276 0.014893 -0.751009
v 0.752519 0.014893 -0.714242
v 0.752680 0.029808 -0.678305
v 0.752618 0.043549 -0.643987
v 0.748309 0.076734 -0.619628
v 0.707916 0.014893 -0.750835
v 0.708147 0.014893 -0.713977
v 0.708413 0.031093 -0.677256
v 0.708768 0.043541 -0.640584
v 0.697724 0.093159 -0.621258
v 0.663562 0.014893 -0.750696
v 0.663835 0.014893 -0.713625
v 0.663990 0.032781 -0.677038
v 0.664326 0.047286 -0.640333
v 0.657912 0.083095 -0.612098
v 0.619208 0.014893 -0.750630
v 0.619487 0.014893 -0.713395
v 0.619727 0.033066 -0.676497
v 0.619875 0.049138 -0.640075
v 0.617974 0.074407 -0.606296
v 0.574894 0.014893 -0.750585
v 0.575058 0.014893 -0.713440
v 0.575417 0.031854 -0.676087
v 0.575613 0.048130 -0.639410
v 0.575696 0.068563 -0.603191
v 0.530621 0.014893 -0.750584
v 0.530676 0.014893 -0.713512
v 0.530912 0.029435 -0.676234
v 0.531240 0.044832 -0.639029
v 0.530206 0.070002 -0.603217
v 0.486373 0.014893 -0.750593
v 0.486401 0.014893 -0.713512
v 0.486459 0.025565 -0.676443
v 0.483865 0.050741 -0.641401
v 0.482255 0.078309 -0.605479
v 0.442145 0.014893 -0.750596
v 0.442154 0.014893 -0.713520
v 0.441787 0.024402 -0.677715
v 0.439050 0.054770 -0.645814
v 0.434000 0.092419 -0.612875
v 0.397797 0.014893 -0.751049
v 0.397321 0.014893 -0.715578
v 0.396119 0.033593 -0.682330
v 0.392311 0.072554 -0.654297
v 0.386582 0.100707 -0.618986
v 0.353315 0.014893 -0.751937
v 0.352454 0.014893 -0.717576
v 0.350249 0.046101 -0.687389
v 0.344545 0.080376 -0.657862
v 0.341819 0.098365 -0.621773
v 0.309135 0.014893 -0.751701
v 0.307168 0.033739 -0.720849
v 0.303725 0.056005 -0.690335
v 0.300063 0.075882 -0.658051
v 0.297456 0.100897 -0.625069
v 0.264967 0.014893 -0.751746
v 0.263379 0.029206 -0.719580
v 0.259594 0.056074 -0.690539
v 0.256912 0.076077 -0.658814
v 0.253021 0.110062 -0.627938
v 0.220536 0.014893 -0.752528
v 0.220281 0.014893 -0.716301
v 0.216450 0.055866 -0.690566
v 0.213612 0.082910 -0.660427
v 0.209471 0.122393 -0.629473
v 0.176367 0.014893 -0.752363
v 0.175715 0.014893 -0.717236
v 0.171998 0.057976 -0.690800
v 0.168775 0.095411 -0.661941
v 0.166927 0.114998 -0.628145
v 0.132636 0.014893 -0.750623
v 0.131412 0.014893 -0.717323
v 0.127356 0.062508 -0.691523
v 0.125072 0.090011 -0.660545
v 0.124146 0.102545 -0.625268
v 0.088381 0.014893 -0.750722
v 0.086382 0.029121 -0.719189
v 0.083766 0.053974 -0.689403
v 0.082502 0.067898 -0.656246
v 0.081637 0.091914 -0.621616
v 0.044168 0.014893 -0.750717
v 0.042802 0.014893 -0.717670
v 0.040897 0.039673 -0.685893
v 0.039992 0.050422 -0.651507
v 0.038934 0.078512 -0.617693
v 0.000000 0.014893 -0.750596
v -0.000657 0.014893 -0.715452
v -0.002132 0.028382 -0.682444
v -0.002790 0.039188 -0.648000
v -0.003615 0.061009 -0.614218
v -0.044214 0.014893 -0.750596
v -0.044415 0.014893 -0.714070
v -0.045432 0.014893 -0.679682
v -0.045746 0.014893 -0.643459
v -0.046065 0.026822 -0.607315
v -0.088429 0.014893 -0.750596
v -0.088429 0.014893 -0.713522
v -0.088458 0.014893 -0.676516
v -0.088504 0.014893 -0.639565
v -0.088578 0.014893 -0.602682
v -0.132644 0.014893 -0.750596
v -0.132644 0.014893 -0.713522
v -0.132639 0.014893 -0.676429
v -0.132642 0.014893 -0.639359
v -0.132655 0.014893 -0.602438
v -0.176858 0.014893 -0.750596
v -0.176816 0.014893 -0.713542
v -0.176589 0.014893 -0.676578
v -0.176367 0.014893 -0.639616
v -0.176355 0.014893 -0.603557
v -0.221018 0.014893 -0.750623
v -0.220586 0.014893 -0.713760
v -0.219941 0.014893 -0.677010
v -0.219360 0.014893 -0.640407
v -0.219225 0.014893 -0.604829
v -0.265020 0.014893 -0.750727
v -0.264110 0.014893 -0.714141
v -0.262931 0.014893 -0.677918
v -0.261877 0.014893 -0.641597
v -0.261522 0.024395 -0.605751
v -0.309060 0.014893 -0.750826
v -0.307787 0.014893 -0.714786
v -0.306264 0.031976 -0.679621
v -0.305101 0.048566 -0.644847
v -0.304960 0.064304 -0.609836
v -0.353304 0.014893 -0.750875
v -0.352085 0.027014 -0.716053
v -0.351040 0.066500 -0.683902
v -0.350190 0.094294 -0.650275
v -0.350484 0.115617 -0.615267
v -0.397735 0.014893 -0.751318
v -0.397145 0.041542 -0.718264
v -0.397102 0.098715 -0.688162
v -0.397145 0.132547 -0.654955
v -0.398274 0.154324 -0.619407
v -0.442096 0.014893 -0.751983
v -0.442338 0.052374 -0.719888
v -0.444188 0.119319 -0.690785
v -0.446016 0.155642 -0.657196
v -0.448283 0.179087 -0.620791
v -0.486372 0.014893 -0.752153
v -0.487270 0.056534 -0.720274
v -0.490920 0.125473 -0.691023
v -0.494144 0.161485 -0.656854
v -0.497210 0.185352 -0.619893
v -0.530609 0.014893 -0.751681
v -0.531906 0.055529 -0.719464
v -0.535516 0.111296 -0.688707
v -0.539317 0.145558 -0.654211
v -0.542758 0.168257 -0.616978
v -0.574895 0.014893 -0.751145
v -0.576196 0.049495 -0.717873
v -0.578263 0.084223 -0.684833
v -0.580950 0.109831 -0.649964
v -0.583673 0.127110 -0.612760
v -0.619314 0.014893 -0.751248
v -0.620421 0.044012 -0.716673
v -0.621393 0.063801 -0.681717
v -0.622198 0.075617 -0.645872
v -0.623057 0.083301 -0.609158
v -0.663820 0.014893 -0.751844
v -0.664608 0.042063 -0.716368
v -0.665406 0.056874 -0.680748
v -0.665657 0.062164 -0.644175
v -0.665805 0.065593 -0.607417
v -0.707704 0.014893 -0.751154
v -0.708636 0.037664 -0.715978
v -0.709498 0.053919 -0.680472
v -0.709707 0.058125 -0.643785
v -0.709839 0.061041 -0.606972
v -0.751753 0.014893 -0.750823
v -0.752355 0.025744 -0.714888
v -0.753233 0.041757 -0.679392
v -0.753556 0.048344 -0.642917
v -0.753781 0.053995 -0.606344
v -0.795867 0.014893 -0.750608
v -0.795918 0.014893 -0.713644
v -0.796265 0.014893 -0.677166
v -0.796707 0.025035 -0.640802
v -0.796886 0.028202 -0.603994
v -0.840076 0.014893 -0.750596
v -0.840076 0.014893 -0.713522
v -0.840077 0.014893 -0.676448
v -0.840121 0.014893 -0.639439
v -0.840097 0.014893 -0.602329
v -0.884290 0.014893 -0.750596
v -0.884290 0.014893 -0.713522
v -0.884290 0.014893 -0.676447
v -0.884290 0.014893 -0.639372
v -0.884290 0.014893 -0.602298
v -0.928505 0.014893 -0.750596
v -0.928505 0.014893 -0.713522
v -0.928505 0.014893 -0.676447
v -0.928505 0.014893 -0.639372
v -0.928505 0.014893 -0.602298
v -0.972719 0.014893 -0.750596
v -0.972719 0.014893 -0.713522
v -0.972719 0.014893 -0.676447
v -0.972719 0.014893 -0.639372
v -0.972719 0.014893 -0.602298
v -1.016934 0.014893 -0.750596
v -1.016934 0.014893 -0.713522
v -1.016934 0.014893 -0.676447
v -1.016934 0.014893 -0.639372
v -1.016934 0.026210 -0.602298
v -1.061148 0.014893 -0.750596
v -1.061148 0.014893 -0.713522
v -1.061148 0.014893 -0.676447
v -1.061148 0.014893 -0.639372
v -1.061148 0.030393 -0.602298
v -1.105363 0.014893 -0.750596
v -1.105363 0.014893 -0.713522
v -1.105363 0.014893 -0.676447
v -1.105363 0.014893 -0.639372
v -1.105363 0.031692 -0.602298
v -1.149577 0.014893 -0.750596
v -1.149577 0.014893 -0.713522
v -1.149577 0.014893 -0.676447
v -1.149577 0.014893 -0.639372
v -1.149577 0.029534 -0.602298
v -1.193792 0.014893 -0.750596
v -1.193792 0.014893 -0.713522
v -1.193792 0.014893 -0.676447
v -1.193792 0.014893 -0.639372
v -1.193792 0.024966 -0.602298
v -1.238007 0.014893 -0.750596
v -1.238007 0.014893 -0.713522
v -1.238007 0.014893 -0.676447
v -1.238007 0.014893 -0.639372
v -1.238007 0.014893 -0.602298
v -1.282221 0.014893 -0.750596
v -1.282221 0.014893 -0.713522
v -1.282221 0.014893 -0.676447
v -1.282221 0.014893 -0.639372
v -1.282221 0.014893 -0.602298
v -1.326436 0.014893 -0.750596
v -1.326436 0.014893 -0.713522
v -1.326436 0.014893 -0.676447
v -1.326436 0.014893 -0.639372
v -1.326436 0.014893 -0.602298
v -1.370650 0.014893 -0.750596
v -1.370650 0.014893 -0.713522
v -1.370650 0.014893 -0.676447
v -1.370650 0.014893 -0.639372
v -1.370650 0.014893 -0.602298
v -1.414865 0.014893 -0.750596
v -1.414865 0.014893 -0.713522
v -1.414865 0.014893 -0.676447
v -1.414865 0.014893 -0.639372
v -1.414865 0.014893 -0.602298
v -1.459079 0.014893 -0.750596
v -1.459079 0.014893 -0.713522
v -1.459079 0.014893 -0.676447
v -1.459079 0.014893 -0.639372
v -1.459079 0.014893 -0.602298
v 1.758435 0.014893 -0.565934
v 1.716725 0.014893 -0.566225
v 1.675542 0.014893 -0.566787
v 1.640858 0.014893 -0.578611
v 1.609303 0.077865 -0.591114
v 1.619890 0.108554 -0.557411
v 1.650319 0.077077 -0.546170
v 1.677812 0.028658 -0.525213
v 1.717065 0.014893 -0.522884
v 1.758667 0.014893 -0.522522
v 1.627486 0.136563 -0.517669
v 1.658398 0.102480 -0.507476
v 1.683347 0.051776 -0.488318
v 1.719006 0.028018 -0.480137
v 1.759182 0.014893 -0.479227
v 1.635650 0.163241 -0.479621
v 1.664667 0.120894 -0.467139
v 1.693694 0.087075 -0.458270
v 1.721256 0.038605 -0.439402
v 1.760014 0.014893 -0.436053
v 1.643795 0.184586 -0.440268
v 1.671042 0.137207 -0.427397
v 1.702844 0.111755 -0.422457
v 1.728657 0.065460 -0.407216
v 1.760621 0.014893 -0.392791
v 1.650250 0.199373 -0.399813
v 1.677373 0.151685 -0.386722
v 1.710066 0.125510 -0.380373
v 1.735021 0.077923 -0.365396
v 1.761338 0.014893 -0.349693
v 1.655450 0.206551 -0.356264
v 1.682264 0.161734 -0.344412
v 1.715220 0.137225 -0.338865
v 1.738045 0.086051 -0.323548
v 1.765975 0.014893 -0.311036
v 1.666066 0.220424 -0.312485
v 1.689206 0.175274 -0.303130
v 1.720816 0.151047 -0.298678
v 1.747948 0.104854 -0.283783
v 1.772195 0.014893 -0.266501
v 1.678482 0.234557 -0.268393
v 1.705170 0.197322 -0.260680
v 1.730531 0.167833 -0.257404
v 1.755560 0.120233 -0.243344
v 1.774977 0.014893 -0.217879
v 1.686354 0.244270 -0.223040
v 1.715204 0.208134 -0.213861
v 1.739233 0.175571 -0.209668
v 1.761798 0.127065 -0.197596
v 1.781859 0.014893 -0.175124
v 1.689733 0.249902 -0.176305
v 1.718384 0.210079 -0.166769
v 1.745377 0.177984 -0.161208
v 1.767424 0.122964 -0.145778
v 1.788495 0.014893 -0.128073
v 1.694401 0.246432 -0.124108
v 1.724620 0.205594 -0.112500
v 1.749284 0.170970 -0.108152
v 1.773245 0.118155 -0.094109
v 1.795659 0.014893 -0.082987
v 1.697092 0.235283 -0.071387
v 1.725185 0.193852 -0.062517
v 1.750439 0.156755 -0.056504
v 1.774807 0.102145 -0.042450
v 1.800519 0.014893 -0.037255
v 1.698143 0.220206 -0.018444
v 1.726166 0.178032 -0.010272
v 1.752267 0.136402 -0.001881
v 1.775845 0.089965 0.006798
v 1.799021 0.014893 0.006684
v 1.696974 0.204987 0.034342
v 1.725730 0.161182 0.042674
v 1.753362 0.111453 0.055967
v 1.775809 0.081876 0.054913
v 1.797727 0.014893 0.050781
v 1.693784 0.191193 0.086841
v 1.723387 0.148942 0.093237
v 1.752014 0.105304 0.102814
v 1.773378 0.079370 0.098536
v 1.794126 0.014893 0.094399
v 1.689038 0.178809 0.138657
v 1.719720 0.137814 0.142860
v 1.748543 0.101207 0.147205
v 1.769166 0.075093 0.142244
v 1.788715 0.014893 0.137391
v 1.682858 0.167958 0.188756
v 1.716202 0.124286 0.192632
v 1.739464 0.093481 0.189453
v 1.759916 0.065698 0.184768
v 1.781482 0.014893 0.179969
v 1.674997 0.155831 0.237541
v 1.701649 0.112549 0.234515
v 1.726454 0.080765 0.231133
v 1.751151 0.056197 0.227145
v 1.771331 0.014893 0.221789
v 1.660522 0.140506 0.279112
v 1.687982 0.100529 0.276733
v 1.716115 0.068740 0.272797
v 1.736559 0.040253 0.267820
v 1.762483 0.014893 0.263742
v 1.648820 0.135698 0.326702
v 1.681889 0.092965 0.320315
v 1.703003 0.052203 0.313577
v 1.726435 0.028315 0.309131
v 1.759484 0.014893 0.306919
v 1.640484 0.123000 0.371158
v 1.667917 0.084884 0.366375
v 1.686190 0.035214 0.354062
v 1.719258 0.014893 0.350992
v 1.758596 0.014893 0.350630
v 1.626740 0.096589 0.409414
v 1.651948 0.061919 0.405196
v 1.685790 0.041577 0.401338
v 1.718403 0.014893 0.395411
v 1.758363 0.014893 0.394537
v 1.610114 0.072355 0.448614
v 1.645276 0.048927 0.445288
v 1.682279 0.035261 0.443118
v 1.718858 0.014893 0.439712
v 1.758221 0.014893 0.438478
v 1.607475 0.064675 0.492284
v 1.643069 0.043883 0.488304
v 1.679849 0.029087 0.485307
v 1.717177 0.014893 0.482557
v 1.757937 0.014893 0.482286
v 1.603925 0.053956 0.534585
v 1.640779 0.038091 0.531656
v 1.676978 0.014893 0.527376
v 1.716125 0.014893 0.525951
v 1.757756 0.014893 0.526109
v 1.599887 0.041453 0.576353
v 1.637984 0.014893 0.574600
v 1.675573 0.014893 0.571027
v 1.715773 0.014893 0.569777
v 1.757612 0.014893 0.569883
v -1.589490 0.014893 -0.565223
v -1.631473 0.014893 -0.565223
v -1.673455 0.014893 -0.565223
v -1.715437 0.014893 -0.565223
v -1.757419 0.014893 -0.565223
v -1.757419 0.014893 -0.521563
v -1.715437 0.014893 -0.521563
v -1.673455 0.014893 -0.521563
v -1.631472 0.014893 -0.521563
v -1.589490 0.014893 -0.521563
v -1.757419 0.014893 -0.477904
v -1.715437 0.014893 -0.477904
v -1.673455 0.014893 -0.477904
v -1.631472 0.014893 -0.477904
v -1.589490 0.014893 -0.477904
v -1.757419 0.014893 -0.434245
v -1.715437 0.014893 -0.434245
v -1.673455 0.014893 -0.434245
v -1.631472 0.014893 -0.434245
v -1.589490 0.014893 -0.434244
v -1.757419 0.014893 -0.390585
v -1.715437 0.014893 -0.390585
v -1.673455 0.014893 -0.390585
v -1.631472 0.014893 -0.390585
v -1.589490 0.014893 -0.390585
v -1.757419 0.014893 -0.346925
v -1.715437 0.014893 -0.346925
v -1.673455 0.014893 -0.346925
v -1.631472 0.014893 -0.346925
v -1.589490 0.014893 -0.346925
v -1.757419 0.014893 -0.303266
v -1.715437 0.014893 -0.303266
v -1.673455 0.014893 -0.303266
v -1.631473 0.014893 -0.303266
v -1.589491 0.014893 -0.303266
v -1.757419 0.014893 -0.259606
v -1.715437 0.014893 -0.259606
v -1.673457 0.014893 -0.259605
v -1.631495 0.014893 -0.259597
v -1.589526 0.014893 -0.259592
v -1.757419 0.014893 -0.215947
v -1.715437 0.014893 -0.215947
v -1.673476 0.024799 -0.215937
v -1.631553 0.047217 -0.215910
v -1.589605 0.051415 -0.215895
v -1.757419 0.014893 -0.172287
v -1.715438 0.014893 -0.172287
v -1.673487 0.042529 -0.172271
v -1.631571 0.070960 -0.172239
v -1.589632 0.074853 -0.172219
v -1.757419 0.014893 -0.128628
v -1.715437 0.014893 -0.128628
v -1.673471 0.047642 -0.128618
v -1.631535 0.075599 -0.128585
v -1.589434 0.080584 -0.128366
v -1.757419 0.014893 -0.084968
v -1.715437 0.014893 -0.084968
v -1.673413 0.039548 -0.084796
v -1.631177 0.067285 -0.084302
v -1.588629 0.075952 -0.083470
v -1.757421 0.014893 -0.041309
v -1.715462 0.014893 -0.041178
v -1.673306 0.030966 -0.040454
v -1.630651 0.053681 -0.039202
v -1.587659 0.063381 -0.037789
v -1.757450 0.014893 0.002372
v -1.715519 0.014893 0.002695
v -1.673336 0.028877 0.003705
v -1.630608 0.043156 0.005302
v -1.587296 0.052460 0.007106
v -1.757480 0.014893 0.046051
v -1.715582 0.014893 0.046394
v -1.673496 0.030272 0.047304
v -1.630958 0.039990 0.048656
v -1.587487 0.049264 0.050335
v -1.757480 0.014893 0.089697
v -1.715596 0.014893 0.089915
v -1.673630 0.026970 0.090477
v -1.631196 0.035737 0.091279
v -1.587745 0.046061 0.092307
v -1.757452 0.014893 0.133331
v -1.715543 0.014893 0.133406
v -1.673609 0.014893 0.133615
v -1.631214 0.029365 0.133825
v -1.587795 0.042167 0.133974
v -1.757425 0.014893 0.176988
v -1.715471 0.014893 0.176992
v -1.673513 0.014893 0.177007
v -1.631188 0.025161 0.176836
v -1.587721 0.041981 0.176301
v -1.757419 0.014893 0.220648
v -1.715439 0.014893 0.220646
v -1.673483 0.014893 0.220594
v -1.631265 0.025421 0.220325
v -1.587928 0.046618 0.219657
v -1.757419 0.014893 0.264308
v -1.715439 0.014893 0.264304
v -1.673517 0.014893 0.264217
v -1.631634 0.029876 0.264141
v -1.588830 0.052293 0.263723
v -1.757419 0.014893 0.307967
v -1.715441 0.014893 0.307962
v -1.673821 0.014893 0.307971
v -1.632460 0.034797 0.308092
v -1.590357 0.055707 0.308064
v -1.757419 0.014893 0.351627
v -1.715541 0.014893 0.351651
v -1.674386 0.014893 0.351795
v -1.633513 0.036672 0.352045
v -1.591975 0.056069 0.352229
v -1.757419 0.014893 0.395286
v -1.715703 0.014893 0.395336
v -1.674771 0.014893 0.395552
v -1.634153 0.034242 0.395855
v -1.593002 0.051393 0.396134
v -1.757419 0.014893 0.438946
v -1.715718 0.014893 0.438988
v -1.674702 0.014893 0.439174
v -1.634049 0.029568 0.439546
v -1.593139 0.044755 0.440074
v -1.757419 0.014893 0.482605
v -1.715587 0.014893 0.482622
v -1.674266 0.014893 0.482738
v -1.633415 0.014893 0.483257
v -1.592435 0.036774 0.483956
v -1.757419 0.014893 0.526265
v -1.715459 0.014893 0.526267
v -1.673787 0.014893 0.526351
v -1.632580 0.014893 0.526882
v -1.591383 0.027841 0.527609
v -1.757419 0.014893 0.569924
v -1.715437 0.014893 0.569924
v -1.673501 0.014893 0.569956
v -1.631920 0.014893 0.570365
v -1.590455 0.014893 0.570971
v 1.206800 1.047229 0.156601
v 1.239642 1.117636 0.182636
v 1.239642 0.976822 0.182636
v 1.272483 1.047229 0.208671
v 1.239642 1.000522 0.182636
v 1.217855 1.047229 0.165365
v 1.239642 1.093935 0.182636
v 1.261428 1.047229 0.199907
v 1.239642 1.022638 0.182636
v 1.228171 1.047229 0.173543
v 1.239642 1.071820 0.182636
v 1.251112 1.047229 0.191729
vt 0.000000 0.000000
vt 0.000000 0.000000
vt 0.000000 0.000000
vt 0.000000 0.000000
vt 1.000000 0.000000
vt 1.000000 0.000000
vt 1.000000 1.000000
vt 1.000000 1.000000
vt 0.000000 1.000000
vt 0.000000 1.000000
vt 0.000000 0.000000
vt 0.000000 0.000000
vt 0.774173 -0.293724
vt 0.753751 -0.291985
vt 0.748150 -0.312135
vt 0.768080 -0.314823
vt 0.155547 -0.292545
vt 0.202363 -0.337868
vt 0.173340 -0.294019
vt 0.115916 1.290754
vt 0.207906 1.253236
vt 0.207660 1.273972
vt 0.779446 -0.272280
vt 0.759225 -0.271205
vt 0.213033 -0.273709
vt 0.192456 -0.275546
vt 0.190740 -0.296162
vt 0.208755 -0.297858
vt 0.787268 1.184787
vt 0.768675 1.184893
vt 0.768555 1.162639
vt 0.787224 1.162657
vt 0.768780 1.140315
vt 0.787343 1.140519
vt 0.769179 1.118254
vt 0.787578 1.118517
vt 0.769512 1.096364
vt 0.787804 1.096638
vt 0.769505 1.074559
vt 0.787863 1.074806
vt 0.769179 1.052794
vt 0.787684 1.052963
vt 0.768408 1.030935
vt 0.787254 1.031039
vt 0.767585 1.009032
vt 0.786757 1.009052
vt 0.767170 0.987057
vt 0.786480 0.987024
vt 0.767321 0.964886
vt 0.786657 0.964937
vt 0.768382 0.942571
vt 0.787294 0.942760
vt 0.769524 0.920440
vt 0.788038 0.920671
vt 0.770437 0.898513
vt 0.788635 0.898751
vt 0.770970 0.876929
vt 0.788956 0.877052
vt 0.771068 0.855618
vt 0.788978 0.855502
vt 0.771640 0.832208
vt 0.789474 0.832764
vt 0.771747 0.808310
vt 0.789420 0.808496
vt 0.771907 0.787236
vt 0.789515 0.787166
vt 0.771884 0.766379
vt 0.789429 0.765998
vt 0.771127 0.745005
vt 0.788779 0.744119
vt 0.768975 0.718664
vt 0.785884 0.718158
vt 0.768438 0.695869
vt 0.783206 0.695908
vt 0.769588 0.679234
vt 0.783101 0.679152
vt 0.771650 0.662939
vt 0.785237 0.662992
vt 0.774257 0.642964
vt 0.788733 0.643807
vt 0.777475 0.618127
vt 0.793160 0.620493
vt 0.781639 0.589298
vt 0.798774 0.591089
vt 0.786175 0.562307
vt 0.802677 0.563755
vt 0.787965 0.542824
vt 0.804342 0.543778
vt 0.789249 0.522987
vt 0.805449 0.523713
vt 0.790063 0.503109
vt 0.806108 0.503716
vt 0.790330 0.484198
vt 0.806573 0.483855
vt 0.790279 0.462037
vt 0.807639 0.463240
vt 0.785913 0.435817
vt 0.805561 0.437461
vt 0.784963 0.415147
vt 0.804840 0.415268
vt 0.784698 0.394402
vt 0.804972 0.393600
vt 0.784510 0.373067
vt 0.805138 0.372404
vt 0.784127 0.352026
vt 0.804674 0.351144
vt 0.783281 0.331902
vt 0.804726 0.330629
vt 0.782405 0.312369
vt 0.809805 0.309767
vt 0.783427 0.291600
vt 0.812885 0.288461
vt 0.787283 0.269046
vt 0.813106 0.267350
vt 0.788363 0.246516
vt 0.811936 0.245890
vt 0.789325 0.223037
vt 0.812742 0.222537
vt 0.789618 0.200349
vt 0.815089 0.198324
vt 0.794344 0.176100
vt 0.817173 0.175282
vt 0.798120 0.153588
vt 0.817941 0.153779
vt 0.797326 0.134394
vt 0.817548 0.133445
vt 0.796023 0.115687
vt 0.816587 0.113676
vt 0.794969 0.095422
vt 0.815505 0.093800
vt 0.795279 0.074419
vt 0.823707 0.071604
vt 0.798697 0.052936
vt 0.822884 0.051201
vt 0.804941 0.031323
vt 0.820165 0.030239
vt 0.802499 0.010475
vt 0.818923 0.009715
vt 0.801225 -0.011525
vt 0.819881 -0.012795
vt 0.800776 -0.032385
vt 0.817837 -0.034395
vt 0.801803 -0.056735
vt 0.817977 -0.058476
vt 0.802513 -0.078200
vt 0.817781 -0.082522
vt 0.802425 -0.100731
vt 0.815880 -0.101393
vt 0.798310 -0.119169
vt 0.813047 -0.119701
vt 0.785214 -0.144899
vt 0.807024 -0.142771
vt 0.779933 -0.165901
vt 0.802233 -0.164636
vt 0.776992 -0.186356
vt 0.798431 -0.185650
vt 0.773501 -0.207174
vt 0.794439 -0.206883
vt 0.768222 -0.228450
vt 0.790295 -0.228332
vt 0.763397 -0.249899
vt 0.785260 -0.250080
vt 0.787431 1.206880
vt 0.768908 1.207066
vt 0.116616 1.209615
vt 0.097480 1.209309
vt 0.097803 1.187336
vt 0.116956 1.187610
vt 0.098111 1.165330
vt 0.117253 1.165613
vt 0.098453 1.143327
vt 0.117597 1.143631
vt 0.098814 1.121329
vt 0.117959 1.121645
vt 0.099180 1.099336
vt 0.118323 1.099652
vt 0.099546 1.077347
vt 0.118722 1.077631
vt 0.099917 1.055320
vt 0.119195 1.055573
vt 0.100321 1.033246
vt 0.119735 1.033525
vt 0.100793 1.011186
vt 0.120272 1.011567
vt 0.101338 0.989230
vt 0.120681 0.989750
vt 0.101883 0.967426
vt 0.121047 0.967966
vt 0.102267 0.945697
vt 0.121306 0.945976
vt 0.102390 0.923833
vt 0.121555 0.923801
vt 0.102221 0.901902
vt 0.120909 0.901718
vt 0.101967 0.879964
vt 0.120203 0.879702
vt 0.101733 0.858033
vt 0.119934 0.857769
vt 0.101618 0.836066
vt 0.119833 0.835760
vt 0.101627 0.814075
vt 0.119922 0.813722
vt 0.101704 0.792081
vt 0.120077 0.791676
vt 0.101796 0.770104
vt 0.120231 0.769640
vt 0.101863 0.748157
vt 0.120366 0.747643
vt 0.101867 0.726225
vt 0.120502 0.725724
vt 0.101780 0.704304
vt 0.120656 0.703905
vt 0.101590 0.682407
vt 0.120626 0.682082
vt 0.101303 0.660532
vt 0.120363 0.660213
vt 0.100945 0.638672
vt 0.119981 0.638338
vt 0.100558 0.616824
vt 0.119570 0.616483
vt 0.100183 0.594983
vt 0.119171 0.594665
vt 0.099854 0.573163
vt 0.118804 0.572891
vt 0.099577 0.551377
vt 0.118505 0.551161
vt 0.099379 0.529614
vt 0.118297 0.529473
vt 0.099271 0.507872
vt 0.118191 0.507821
vt 0.099271 0.486137
vt 0.118196 0.486191
vt 0.099401 0.464404
vt 0.118328 0.464579
vt 0.099707 0.442692
vt 0.118562 0.443003
vt 0.100174 0.421037
vt 0.118947 0.421465
vt 0.100768 0.399481
vt 0.119498 0.399960
vt 0.101316 0.378068
vt 0.119852 0.378498
vt 0.101579 0.356761
vt 0.119447 0.357176
vt 0.101553 0.335423
vt 0.118327 0.336103
vt 0.101397 0.313999
vt 0.117311 0.315075
vt 0.101097 0.292743
vt 0.116554 0.293863
vt 0.100609 0.271374
vt 0.115650 0.272597
vt 0.099890 0.249689
vt 0.114970 0.251101
vt 0.099098 0.228312
vt 0.114536 0.229353
vt 0.098604 0.206887
vt 0.112888 0.207484
vt 0.098335 0.185760
vt 0.112444 0.185569
vt 0.098393 0.164442
vt 0.110682 0.164054
vt 0.098410 0.143318
vt 0.109950 0.142938
vt 0.098436 0.122361
vt 0.109132 0.122031
vt 0.098407 0.101467
vt 0.108465 0.101154
vt 0.098255 0.080780
vt 0.107960 0.080488
vt 0.098219 0.060139
vt 0.106945 0.060074
vt 0.098271 0.039695
vt 0.106272 0.039690
vt 0.098450 0.019357
vt 0.106434 0.019456
vt 0.098598 -0.000950
vt 0.108003 -0.001080
vt 0.098365 -0.021537
vt 0.112380 -0.021974
vt 0.098135 -0.041780
vt 0.115211 -0.042170
vt 0.097479 -0.061855
vt 0.114657 -0.062074
vt 0.097721 -0.082281
vt 0.115380 -0.081635
vt 0.098814 -0.102938
vt 0.116824 -0.102139
vt 0.099698 -0.123594
vt 0.116206 -0.123386
vt 0.100554 -0.144161
vt 0.117389 -0.143770
vt 0.101599 -0.165006
vt 0.117921 -0.165087
vt 0.102671 -0.185499
vt 0.118552 -0.186213
vt 0.103570 -0.205965
vt 0.120486 -0.205955
vt 0.104368 -0.226600
vt 0.121868 -0.226297
vt 0.104808 -0.247238
vt 0.122662 -0.247568
vt 0.104556 -0.267765
vt 0.122373 -0.268457
vt 0.103790 -0.288299
vt 0.121784 -0.289163
vt 0.805926 -0.320507
vt 0.787469 -0.317741
vt 0.753643 -0.363038
vt 0.747070 1.207372
vt 0.746709 1.185125
vt 0.725244 1.207789
vt 0.724720 1.185695
vt 0.703527 1.208279
vt 0.702957 1.186388
vt 0.681944 1.208745
vt 0.681458 1.186990
vt 0.660471 1.209121
vt 0.660083 1.187456
vt 0.639136 1.209354
vt 0.638908 1.187832
vt 0.617801 1.209229
vt 0.618081 1.188055
vt 0.594981 1.209514
vt 0.597875 1.187974
vt 0.572638 1.209774
vt 0.575814 1.187123
vt 0.551268 1.209258
vt 0.551039 1.186500
vt 0.529285 1.208075
vt 0.526578 1.186040
vt 0.506211 1.207442
vt 0.503723 1.184730
vt 0.483503 1.207583
vt 0.482002 1.183292
vt 0.461906 1.208207
vt 0.461137 1.182552
vt 0.441222 1.208954
vt 0.441025 1.182731
vt 0.420846 1.209589
vt 0.421078 1.183464
vt 0.400156 1.210045
vt 0.400487 1.185161
vt 0.379252 1.210281
vt 0.379812 1.187485
vt 0.358678 1.210669
vt 0.359382 1.189354
vt 0.338106 1.211364
vt 0.338840 1.190315
vt 0.317300 1.212054
vt 0.317853 1.190611
vt 0.296181 1.212488
vt 0.296632 1.190622
vt 0.274656 1.212538
vt 0.275181 1.190479
vt 0.252883 1.212242
vt 0.253632 1.190059
vt 0.230933 1.211825
vt 0.231942 1.189587
vt 0.208854 1.211450
vt 0.209877 1.189281
vt 0.746200 1.162504
vt 0.723978 1.163494
vt 0.702225 1.164638
vt 0.680771 1.165256
vt 0.659387 1.165485
vt 0.638313 1.165766
vt 0.617864 1.166446
vt 0.597295 1.167461
vt 0.572822 1.166969
vt 0.545793 1.166317
vt 0.521747 1.164176
vt 0.499951 1.161937
vt 0.479672 1.158930
vt 0.460349 1.156797
vt 0.441438 1.155922
vt 0.422450 1.155664
vt 0.402737 1.157046
vt 0.382000 1.160924
vt 0.360643 1.165483
vt 0.339391 1.167762
vt 0.318213 1.167980
vt 0.297115 1.168018
vt 0.275737 1.168128
vt 0.254312 1.167941
vt 0.232937 1.167592
vt 0.210978 1.167293
vt 0.746967 1.140150
vt 0.724241 1.140778
vt 0.702158 1.141261
vt 0.680111 1.140611
vt 0.658493 1.139538
vt 0.637548 1.138906
vt 0.617291 1.139285
vt 0.596010 1.140326
vt 0.570510 1.139784
vt 0.544740 1.140882
vt 0.514775 1.142454
vt 0.494604 1.140459
vt 0.476357 1.138382
vt 0.458836 1.137261
vt 0.440891 1.135990
vt 0.422606 1.134387
vt 0.403633 1.134120
vt 0.383409 1.135914
vt 0.361932 1.139766
vt 0.340225 1.143231
vt 0.319073 1.144700
vt 0.297935 1.145493
vt 0.276363 1.145972
vt 0.254798 1.146201
vt 0.233678 1.146034
vt 0.211767 1.145544
vt 0.747494 1.118150
vt 0.723191 1.117878
vt 0.700955 1.117633
vt 0.678690 1.116053
vt 0.656876 1.114098
vt 0.635826 1.112568
vt 0.615746 1.111900
vt 0.595039 1.112100
vt 0.572836 1.112648
vt 0.551602 1.116092
vt 0.509050 1.121737
vt 0.490137 1.122061
vt 0.473921 1.122410
vt 0.457495 1.122598
vt 0.439592 1.121425
vt 0.421350 1.119628
vt 0.402582 1.118003
vt 0.382955 1.117509
vt 0.362231 1.118893
vt 0.341062 1.121239
vt 0.320210 1.122895
vt 0.298603 1.123889
vt 0.276501 1.124452
vt 0.255044 1.124767
vt 0.233904 1.124511
vt 0.211994 1.123809
vt 0.748123 1.096018
vt 0.721314 1.094723
vt 0.699349 1.093805
vt 0.676829 1.092008
vt 0.654650 1.090204
vt 0.633374 1.088862
vt 0.613207 1.088346
vt 0.592187 1.089216
vt 0.570486 1.091365
vt 0.549914 1.094609
vt 0.506715 1.101512
vt 0.488703 1.105270
vt 0.472722 1.107201
vt 0.456601 1.106698
vt 0.438634 1.106151
vt 0.419979 1.104352
vt 0.401098 1.101928
vt 0.381655 1.100376
vt 0.361611 1.100108
vt 0.341042 1.100935
vt 0.320242 1.102008
vt 0.298845 1.102497
vt 0.277060 1.102504
vt 0.255315 1.102664
vt 0.233797 1.102466
vt 0.211852 1.101763
vt 0.747979 1.073882
vt 0.719949 1.073102
vt 0.697429 1.071730
vt 0.674555 1.069784
vt 0.652294 1.067938
vt 0.631117 1.066663
vt 0.611095 1.066286
vt 0.590280 1.067678
vt 0.569568 1.070157
vt 0.548785 1.073164
vt 0.508494 1.082088
vt 0.489946 1.087186
vt 0.472415 1.089421
vt 0.455963 1.088931
vt 0.437854 1.087077
vt 0.418923 1.085053
vt 0.399854 1.082899
vt 0.380453 1.081165
vt 0.360613 1.080284
vt 0.340357 1.080179
vt 0.319566 1.080508
vt 0.298344 1.080811
vt 0.276935 1.080651
vt 0.255418 1.080212
vt 0.233663 1.079885
vt 0.211685 1.079376
vt 0.747471 1.052325
vt 0.718271 1.051750
vt 0.695540 1.050243
vt 0.672783 1.048321
vt 0.650809 1.046577
vt 0.629929 1.045446
vt 0.610024 1.045295
vt 0.589649 1.047005
vt 0.569309 1.049824
vt 0.548382 1.053032
vt 0.513548 1.062043
vt 0.493294 1.066306
vt 0.474831 1.067348
vt 0.456278 1.066572
vt 0.437447 1.065171
vt 0.418429 1.063482
vt 0.399204 1.061824
vt 0.379657 1.060442
vt 0.359768 1.059503
vt 0.339552 1.059021
vt 0.318975 1.058853
vt 0.298029 1.058792
vt 0.276815 1.058594
vt 0.255386 1.058186
vt 0.233639 1.057739
vt 0.211655 1.057321
vt 0.745971 1.030837
vt 0.716619 1.030847
vt 0.694264 1.029512
vt 0.672010 1.027836
vt 0.650450 1.026268
vt 0.629860 1.025347
vt 0.609935 1.025337
vt 0.589427 1.027285
vt 0.568552 1.030641
vt 0.546888 1.034384
vt 0.518567 1.040976
vt 0.496800 1.043433
vt 0.476576 1.044265
vt 0.457071 1.043903
vt 0.437723 1.042890
vt 0.418406 1.041554
vt 0.398919 1.040201
vt 0.379203 1.038998
vt 0.359238 1.038073
vt 0.339025 1.037446
vt 0.318588 1.037018
vt 0.297897 1.036675
vt 0.276956 1.036364
vt 0.255715 1.036046
vt 0.234143 1.035624
vt 0.212066 1.035390
vt 0.744514 1.009389
vt 0.715573 1.010774
vt 0.693945 1.009726
vt 0.672404 1.008327
vt 0.651264 1.007010
vt 0.630778 1.006210
vt 0.610521 1.006313
vt 0.589331 1.008369
vt 0.567514 1.012108
vt 0.545128 1.016266
vt 0.521031 1.019718
vt 0.498939 1.021028
vt 0.478000 1.021708
vt 0.457912 1.021614
vt 0.438209 1.020817
vt 0.418604 1.019622
vt 0.398925 1.018313
vt 0.379078 1.017109
vt 0.359055 1.016139
vt 0.338872 1.015429
vt 0.318535 1.014881
vt 0.298029 1.014422
vt 0.277364 1.014033
vt 0.256475 1.013702
vt 0.235396 1.013269
vt 0.214040 1.012826
vt 0.743615 0.987983
vt 0.715748 0.991399
vt 0.694683 0.990877
vt 0.673976 0.989721
vt 0.653276 0.988556
vt 0.632679 0.987863
vt 0.611580 0.988005
vt 0.589244 0.990019
vt 0.566496 0.993811
vt 0.543126 0.998256
vt 0.520102 0.999928
vt 0.498878 0.999819
vt 0.478628 1.000241
vt 0.458584 1.000056
vt 0.438734 0.999181
vt 0.418987 0.997804
vt 0.399189 0.996268
vt 0.379263 0.994824
vt 0.359187 0.993687
vt 0.338998 0.992896
vt 0.318752 0.992329
vt 0.298461 0.991888
vt 0.278020 0.991546
vt 0.257446 0.991230
vt 0.236787 0.990858
vt 0.216029 0.990571
vt 0.743849 0.966071
vt 0.718613 0.970410
vt 0.696979 0.972060
vt 0.677006 0.970750
vt 0.656745 0.969321
vt 0.635674 0.968501
vt 0.613235 0.968982
vt 0.589522 0.971085
vt 0.565556 0.974744
vt 0.540894 0.979715
vt 0.519637 0.980458
vt 0.499044 0.980389
vt 0.478939 0.980002
vt 0.459025 0.979551
vt 0.439241 0.978245
vt 0.419485 0.976367
vt 0.399688 0.974234
vt 0.379751 0.972197
vt 0.359563 0.970841
vt 0.339233 0.970179
vt 0.319130 0.969640
vt 0.299087 0.969204
vt 0.278906 0.968877
vt 0.258581 0.968615
vt 0.238132 0.968327
vt 0.217581 0.968135
vt 0.746271 0.942080
vt 0.724839 0.943035
vt 0.700745 0.950946
vt 0.681181 0.949108
vt 0.661102 0.947134
vt 0.639609 0.946491
vt 0.615709 0.948247
vt 0.590162 0.951447
vt 0.564648 0.955268
vt 0.540513 0.959230
vt 0.519662 0.960384
vt 0.499377 0.960730
vt 0.479335 0.960574
vt 0.459485 0.959820
vt 0.439688 0.958327
vt 0.420023 0.955684
vt 0.400418 0.952463
vt 0.380616 0.949298
vt 0.359889 0.947874
vt 0.339226 0.947449
vt 0.319530 0.946960
vt 0.299943 0.946479
vt 0.280029 0.946183
vt 0.259815 0.945963
vt 0.239383 0.945757
vt 0.218828 0.945649
vt 0.747995 0.919889
vt 0.726986 0.919316
vt 0.704916 0.926829
vt 0.685711 0.923272
vt 0.665779 0.919930
vt 0.644369 0.918824
vt 0.619581 0.922399
vt 0.591876 0.928891
vt 0.563358 0.935305
vt 0.540064 0.938811
vt 0.519680 0.940211
vt 0.499692 0.940862
vt 0.479815 0.940939
vt 0.460031 0.940286
vt 0.440357 0.938931
vt 0.420864 0.936436
vt 0.401801 0.932259
vt 0.381861 0.926519
vt 0.359255 0.924511
vt 0.338535 0.924818
vt 0.319993 0.924577
vt 0.301134 0.923864
vt 0.281397 0.923558
vt 0.261074 0.923403
vt 0.240438 0.923288
vt 0.219777 0.923224
vt 0.749249 0.898018
vt 0.728431 0.897136
vt 0.708235 0.896992
vt 0.688254 0.894076
vt 0.668908 0.892744
vt 0.647973 0.894777
vt 0.621532 0.900650
vt 0.590488 0.908722
vt 0.560926 0.915512
vt 0.539634 0.918674
vt 0.519696 0.920187
vt 0.500014 0.920955
vt 0.480359 0.921121
vt 0.460704 0.920791
vt 0.441087 0.919914
vt 0.421753 0.918220
vt 0.403465 0.915181
vt 0.383512 0.910169
vt 0.358214 0.904752
vt 0.337384 0.904091
vt 0.320966 0.903203
vt 0.302907 0.901223
vt 0.282806 0.901211
vt 0.262025 0.901162
vt 0.241127 0.901015
vt 0.220356 0.900940
vt 0.750071 0.876634
vt 0.729555 0.875938
vt 0.709437 0.875082
vt 0.689907 0.874025
vt 0.670444 0.873805
vt 0.648140 0.875079
vt 0.619983 0.880214
vt 0.587868 0.888272
vt 0.560519 0.895305
vt 0.539658 0.898397
vt 0.519837 0.900160
vt 0.500391 0.900975
vt 0.480914 0.901261
vt 0.461403 0.901147
vt 0.441939 0.900776
vt 0.422661 0.900052
vt 0.404626 0.898444
vt 0.384053 0.893335
vt 0.357502 0.884421
vt 0.336620 0.881357
vt 0.321557 0.880632
vt 0.303199 0.879245
vt 0.283412 0.879500
vt 0.262427 0.879264
vt 0.241302 0.878947
vt 0.220507 0.878769
vt 0.750502 0.855837
vt 0.730543 0.855631
vt 0.710379 0.854818
vt 0.689855 0.853663
vt 0.668884 0.853453
vt 0.646759 0.854831
vt 0.619284 0.858758
vt 0.588329 0.866453
vt 0.561823 0.873748
vt 0.540431 0.877360
vt 0.520350 0.879598
vt 0.500859 0.880855
vt 0.481551 0.881290
vt 0.462171 0.881265
vt 0.442743 0.881038
vt 0.423483 0.880752
vt 0.404749 0.879698
vt 0.382131 0.871669
vt 0.357439 0.862028
vt 0.337857 0.859164
vt 0.321279 0.858435
vt 0.302897 0.857845
vt 0.283181 0.857919
vt 0.262288 0.857636
vt 0.240949 0.856961
vt 0.220246 0.856640
vt 0.750867 0.831082
vt 0.730269 0.830362
vt 0.709683 0.830167
vt 0.688793 0.830214
vt 0.667553 0.830847
vt 0.645314 0.833253
vt 0.619161 0.836339
vt 0.590571 0.842867
vt 0.564660 0.849691
vt 0.542277 0.854087
vt 0.521585 0.856882
vt 0.501685 0.859185
vt 0.482356 0.860511
vt 0.463078 0.860579
vt 0.443376 0.859521
vt 0.423325 0.857849
vt 0.402542 0.854229
vt 0.379017 0.844692
vt 0.357519 0.838690
vt 0.338443 0.836488
vt 0.320481 0.835815
vt 0.301784 0.835685
vt 0.282215 0.835858
vt 0.261603 0.835745
vt 0.240020 0.834825
vt 0.219711 0.834402
vt 0.751079 0.808164
vt 0.730384 0.808073
vt 0.709518 0.808116
vt 0.688314 0.808307
vt 0.666722 0.808739
vt 0.643699 0.810555
vt 0.619002 0.813037
vt 0.592928 0.817649
vt 0.568313 0.822129
vt 0.545663 0.825216
vt 0.524382 0.827087
vt 0.503825 0.828439
vt 0.483557 0.829416
vt 0.463175 0.829023
vt 0.442345 0.826821
vt 0.421080 0.824116
vt 0.399060 0.819423
vt 0.377532 0.814651
vt 0.357533 0.812087
vt 0.338677 0.811307
vt 0.320054 0.811558
vt 0.300790 0.812272
vt 0.280896 0.812897
vt 0.260234 0.812890
vt 0.239075 0.812048
vt 0.219296 0.811945
vt 0.751263 0.787180
vt 0.730446 0.787040
vt 0.709430 0.786860
vt 0.688074 0.786758
vt 0.666148 0.786896
vt 0.643157 0.787657
vt 0.618977 0.788652
vt 0.594736 0.790505
vt 0.571484 0.791169
vt 0.549452 0.790255
vt 0.528186 0.788675
vt 0.507223 0.787206
vt 0.485998 0.786449
vt 0.464327 0.786828
vt 0.442408 0.787895
vt 0.420561 0.788459
vt 0.398888 0.787773
vt 0.378222 0.786969
vt 0.358634 0.786569
vt 0.339674 0.786727
vt 0.320595 0.787368
vt 0.300785 0.788285
vt 0.279997 0.789117
vt 0.258784 0.789065
vt 0.238658 0.788998
vt 0.219221 0.789378
vt 0.751152 0.766600
vt 0.730169 0.766322
vt 0.709034 0.765760
vt 0.687710 0.765206
vt 0.665895 0.764734
vt 0.643063 0.764617
vt 0.618260 0.764150
vt 0.595251 0.763804
vt 0.573097 0.762609
vt 0.551728 0.759873
vt 0.530927 0.756800
vt 0.510309 0.754104
vt 0.489239 0.752115
vt 0.467409 0.753278
vt 0.444949 0.756467
vt 0.422511 0.759926
vt 0.400977 0.761691
vt 0.380602 0.762631
vt 0.361027 0.763422
vt 0.341621 0.764183
vt 0.322079 0.764851
vt 0.301767 0.765369
vt 0.280200 0.765578
vt 0.258214 0.765139
vt 0.238736 0.766039
vt 0.219337 0.766877
vt 0.750078 0.745632
vt 0.729022 0.745368
vt 0.708141 0.744269
vt 0.687267 0.743304
vt 0.665724 0.742562
vt 0.643317 0.741678
vt 0.617405 0.741590
vt 0.594281 0.740695
vt 0.573291 0.739687
vt 0.552660 0.737270
vt 0.532070 0.734819
vt 0.511329 0.732619
vt 0.490321 0.730271
vt 0.469050 0.729978
vt 0.447230 0.731866
vt 0.424950 0.735483
vt 0.403349 0.738961
vt 0.383192 0.740723
vt 0.363762 0.741832
vt 0.344310 0.742816
vt 0.324210 0.743486
vt 0.303342 0.743485
vt 0.281132 0.742717
vt 0.258861 0.742183
vt 0.239153 0.743482
vt 0.219533 0.744514
vt 0.748354 0.720187
vt 0.727341 0.721573
vt 0.707165 0.721558
vt 0.687292 0.720684
vt 0.666149 0.720032
vt 0.643610 0.719208
vt 0.618363 0.720010
vt 0.593017 0.721283
vt 0.572574 0.720596
vt 0.552024 0.718883
vt 0.531392 0.716932
vt 0.510816 0.714308
vt 0.489826 0.712295
vt 0.468810 0.711677
vt 0.447731 0.712501
vt 0.426416 0.714950
vt 0.405292 0.718329
vt 0.385376 0.720578
vt 0.366300 0.721444
vt 0.346689 0.721873
vt 0.326145 0.722225
vt 0.304468 0.721448
vt 0.281716 0.719461
vt 0.259845 0.720017
vt 0.239703 0.721318
vt 0.219696 0.722349
vt 0.749731 0.697089
vt 0.728725 0.698371
vt 0.708032 0.699167
vt 0.687760 0.698700
vt 0.666674 0.697562
vt 0.643764 0.696972
vt 0.618806 0.698431
vt 0.593569 0.700520
vt 0.572788 0.700087
vt 0.552091 0.698845
vt 0.531172 0.697640
vt 0.510011 0.696524
vt 0.488594 0.695893
vt 0.467311 0.695511
vt 0.446588 0.695824
vt 0.426268 0.697327
vt 0.406267 0.699575
vt 0.387009 0.701323
vt 0.367970 0.701581
vt 0.348042 0.701440
vt 0.327193 0.701145
vt 0.304802 0.699314
vt 0.282006 0.697040
vt 0.260518 0.698414
vt 0.240091 0.699526
vt 0.219793 0.700531
vt 0.752214 0.679342
vt 0.730917 0.678923
vt 0.708627 0.677922
vt 0.687873 0.676324
vt 0.667223 0.674859
vt 0.644551 0.674466
vt 0.619390 0.676411
vt 0.595230 0.677896
vt 0.573697 0.677544
vt 0.553177 0.676091
vt 0.531792 0.676589
vt 0.509636 0.678072
vt 0.487239 0.679303
vt 0.465475 0.679939
vt 0.444820 0.680299
vt 0.425015 0.680951
vt 0.406030 0.681738
vt 0.387637 0.682103
vt 0.368378 0.681907
vt 0.348463 0.681679
vt 0.327312 0.680997
vt 0.304634 0.678509
vt 0.281902 0.676300
vt 0.260611 0.677449
vt 0.240201 0.678275
vt 0.219716 0.679084
vt 0.753687 0.661185
vt 0.731097 0.657513
vt 0.708660 0.653904
vt 0.689105 0.652032
vt 0.669310 0.651394
vt 0.647286 0.651476
vt 0.622975 0.654268
vt 0.599148 0.656161
vt 0.576953 0.654940
vt 0.555075 0.653413
vt 0.532779 0.654996
vt 0.509834 0.658393
vt 0.486167 0.661828
vt 0.463785 0.663599
vt 0.442867 0.664430
vt 0.423214 0.664747
vt 0.404821 0.664432
vt 0.387272 0.663205
vt 0.368412 0.662690
vt 0.348267 0.662959
vt 0.325911 0.661873
vt 0.303347 0.659066
vt 0.281092 0.656858
vt 0.260193 0.657130
vt 0.239975 0.657484
vt 0.219345 0.657961
vt 0.754778 0.638601
vt 0.732576 0.631683
vt 0.712506 0.627471
vt 0.693253 0.626718
vt 0.672259 0.627264
vt 0.649711 0.628891
vt 0.627718 0.631292
vt 0.606794 0.631319
vt 0.584615 0.632412
vt 0.556935 0.631875
vt 0.534839 0.632954
vt 0.511835 0.635607
vt 0.486954 0.641147
vt 0.462714 0.645368
vt 0.441121 0.647189
vt 0.421230 0.647863
vt 0.402731 0.647337
vt 0.386655 0.644750
vt 0.368138 0.644688
vt 0.347308 0.645348
vt 0.323452 0.643863
vt 0.300782 0.640454
vt 0.279440 0.637939
vt 0.259402 0.637215
vt 0.239324 0.637039
vt 0.218538 0.637064
vt 0.757513 0.611668
vt 0.737486 0.605094
vt 0.719166 0.601574
vt 0.699498 0.601291
vt 0.676540 0.603816
vt 0.650710 0.605577
vt 0.629444 0.604683
vt 0.612071 0.605269
vt 0.589131 0.607838
vt 0.564051 0.610189
vt 0.538447 0.608654
vt 0.515077 0.609746
vt 0.490880 0.614390
vt 0.464417 0.622064
vt 0.440579 0.626990
vt 0.419743 0.629090
vt 0.400602 0.629577
vt 0.385585 0.626564
vt 0.367139 0.627267
vt 0.344720 0.627191
vt 0.320129 0.626058
vt 0.297496 0.622166
vt 0.277435 0.619217
vt 0.258411 0.617591
vt 0.238148 0.616751
vt 0.217274 0.616225
vt 0.761652 0.582868
vt 0.742897 0.580251
vt 0.723916 0.580521
vt 0.702022 0.580633
vt 0.675287 0.581925
vt 0.648772 0.584012
vt 0.627091 0.585302
vt 0.610645 0.583724
vt 0.593339 0.580607
vt 0.569290 0.579130
vt 0.542743 0.580678
vt 0.518323 0.583076
vt 0.495314 0.585708
vt 0.470525 0.591602
vt 0.443378 0.600654
vt 0.419811 0.606569
vt 0.400479 0.608145
vt 0.383235 0.605163
vt 0.364373 0.605780
vt 0.340446 0.606873
vt 0.314661 0.605668
vt 0.294021 0.603268
vt 0.275764 0.600208
vt 0.257087 0.597872
vt 0.236434 0.596294
vt 0.215685 0.595219
vt 0.766871 0.561875
vt 0.746401 0.561686
vt 0.723973 0.560436
vt 0.699591 0.559709
vt 0.673647 0.559627
vt 0.649120 0.561695
vt 0.627569 0.563895
vt 0.602240 0.560117
vt 0.584064 0.556112
vt 0.565372 0.552839
vt 0.545797 0.553785
vt 0.521570 0.557712
vt 0.497668 0.561108
vt 0.474424 0.564644
vt 0.449408 0.570262
vt 0.422220 0.578395
vt 0.401809 0.580605
vt 0.384076 0.583841
vt 0.364965 0.584575
vt 0.339265 0.585527
vt 0.312204 0.583044
vt 0.292605 0.582862
vt 0.274882 0.580324
vt 0.255368 0.577475
vt 0.234505 0.575319
vt 0.213892 0.573848
vt 0.768307 0.542204
vt 0.746853 0.541480
vt 0.723207 0.540205
vt 0.698180 0.538862
vt 0.672860 0.537689
vt 0.649730 0.537939
vt 0.628483 0.539095
vt 0.604296 0.538177
vt 0.581094 0.536695
vt 0.561808 0.533476
vt 0.545206 0.532000
vt 0.522861 0.534954
vt 0.498466 0.538559
vt 0.474553 0.542112
vt 0.450555 0.545888
vt 0.424967 0.551284
vt 0.404661 0.553640
vt 0.386826 0.557237
vt 0.365817 0.558656
vt 0.339238 0.558823
vt 0.314075 0.560797
vt 0.293946 0.561221
vt 0.274582 0.559118
vt 0.253907 0.556025
vt 0.232704 0.553640
vt 0.211922 0.552009
vt 0.769639 0.522361
vt 0.747793 0.521573
vt 0.723570 0.520432
vt 0.698007 0.518881
vt 0.672713 0.516972
vt 0.649486 0.516025
vt 0.628105 0.515894
vt 0.605223 0.515374
vt 0.582132 0.514845
vt 0.558598 0.514692
vt 0.542925 0.511951
vt 0.522110 0.513267
vt 0.497843 0.516460
vt 0.473186 0.519750
vt 0.448630 0.523240
vt 0.425417 0.527915
vt 0.405956 0.529693
vt 0.387696 0.531166
vt 0.365329 0.532514
vt 0.339589 0.534819
vt 0.316636 0.537782
vt 0.295528 0.537814
vt 0.274745 0.536108
vt 0.253207 0.533470
vt 0.231263 0.531214
vt 0.209838 0.529781
vt 0.771046 0.502422
vt 0.749681 0.501403
vt 0.724979 0.500164
vt 0.698507 0.498750
vt 0.673306 0.496775
vt 0.649703 0.495370
vt 0.627509 0.494638
vt 0.605191 0.493616
vt 0.581794 0.493056
vt 0.558067 0.493051
vt 0.539727 0.492194
vt 0.521167 0.491694
vt 0.496809 0.494246
vt 0.471581 0.496859
vt 0.446879 0.500910
vt 0.425532 0.505015
vt 0.405464 0.505926
vt 0.385483 0.506468
vt 0.362603 0.508579
vt 0.338675 0.511150
vt 0.316951 0.513425
vt 0.296102 0.513555
vt 0.274779 0.512174
vt 0.253093 0.509912
vt 0.230969 0.508113
vt 0.208547 0.507578
vt 0.772171 0.483368
vt 0.750419 0.481488
vt 0.724212 0.479178
vt 0.698038 0.478057
vt 0.673780 0.476740
vt 0.650352 0.475574
vt 0.627336 0.474182
vt 0.604618 0.472802
vt 0.580728 0.471602
vt 0.558790 0.471149
vt 0.538502 0.471827
vt 0.520123 0.471335
vt 0.495466 0.472467
vt 0.468772 0.474041
vt 0.445324 0.476620
vt 0.425487 0.481052
vt 0.404171 0.482443
vt 0.382538 0.482674
vt 0.360877 0.484310
vt 0.338821 0.486753
vt 0.317950 0.488851
vt 0.296665 0.489267
vt 0.274564 0.488172
vt 0.252416 0.486488
vt 0.230995 0.485611
vt 0.209015 0.485948
vt 0.767675 0.458380
vt 0.744571 0.457200
vt 0.720544 0.457007
vt 0.697090 0.456816
vt 0.673958 0.456414
vt 0.650833 0.455818
vt 0.627676 0.453547
vt 0.604027 0.451559
vt 0.580113 0.450336
vt 0.559781 0.449073
vt 0.540250 0.448090
vt 0.515563 0.447938
vt 0.488554 0.448198
vt 0.464698 0.449339
vt 0.443326 0.451440
vt 0.424062 0.456552
vt 0.403211 0.459286
vt 0.382121 0.459930
vt 0.360805 0.461268
vt 0.339613 0.463389
vt 0.319062 0.465305
vt 0.297782 0.465779
vt 0.275396 0.465170
vt 0.252742 0.464374
vt 0.231200 0.464115
vt 0.209420 0.464548
vt 0.764403 0.435683
vt 0.742294 0.435637
vt 0.719917 0.435727
vt 0.697132 0.435903
vt 0.674369 0.435992
vt 0.651409 0.435559
vt 0.627955 0.433655
vt 0.603696 0.430207
vt 0.579253 0.428915
vt 0.556568 0.427787
vt 0.534918 0.426661
vt 0.510287 0.425770
vt 0.485117 0.426096
vt 0.462552 0.425967
vt 0.441498 0.425990
vt 0.422410 0.432034
vt 0.401326 0.436606
vt 0.380378 0.438253
vt 0.359916 0.439690
vt 0.340260 0.441567
vt 0.320430 0.443110
vt 0.299566 0.443732
vt 0.277221 0.443597
vt 0.254297 0.443351
vt 0.231911 0.443113
vt 0.209625 0.443433
vt 0.763680 0.415349
vt 0.742247 0.415302
vt 0.720317 0.415245
vt 0.698019 0.415409
vt 0.675365 0.415532
vt 0.652543 0.415306
vt 0.629332 0.414649
vt 0.602603 0.412302
vt 0.576910 0.409810
vt 0.551431 0.406820
vt 0.527051 0.405234
vt 0.504271 0.404489
vt 0.482010 0.404258
vt 0.461230 0.403945
vt 0.440529 0.401753
vt 0.421874 0.408445
vt 0.400048 0.415149
vt 0.379344 0.417740
vt 0.359163 0.419550
vt 0.340778 0.421171
vt 0.321639 0.422414
vt 0.301131 0.423065
vt 0.279138 0.423128
vt 0.255957 0.422808
vt 0.232981 0.422422
vt 0.210239 0.422423
vt 0.763457 0.395196
vt 0.742245 0.395421
vt 0.720737 0.395412
vt 0.698948 0.395510
vt 0.676845 0.395635
vt 0.654418 0.395689
vt 0.631586 0.395618
vt 0.604725 0.394995
vt 0.577630 0.393356
vt 0.551433 0.388630
vt 0.516513 0.382974
vt 0.496744 0.383275
vt 0.477874 0.383798
vt 0.459368 0.383859
vt 0.440532 0.382262
vt 0.421200 0.388716
vt 0.399978 0.394459
vt 0.378664 0.398078
vt 0.358728 0.400388
vt 0.340984 0.401614
vt 0.322279 0.402580
vt 0.301914 0.403343
vt 0.280153 0.403347
vt 0.257357 0.402750
vt 0.234042 0.401886
vt 0.210980 0.401659
vt 0.763367 0.374259
vt 0.742229 0.374744
vt 0.720970 0.375195
vt 0.699468 0.375476
vt 0.677774 0.375712
vt 0.655924 0.376031
vt 0.633868 0.376338
vt 0.608653 0.375986
vt 0.582522 0.375825
vt 0.557093 0.372714
vt 0.508191 0.363747
vt 0.490090 0.363273
vt 0.473452 0.365076
vt 0.456975 0.365587
vt 0.440549 0.365079
vt 0.421479 0.369981
vt 0.402010 0.373720
vt 0.380653 0.377606
vt 0.359327 0.380992
vt 0.340785 0.382437
vt 0.322131 0.382931
vt 0.301642 0.383431
vt 0.280047 0.383100
vt 0.257511 0.382162
vt 0.234309 0.381249
vt 0.210409 0.381400
vt 0.763009 0.353261
vt 0.741925 0.354050
vt 0.720730 0.354520
vt 0.699423 0.354579
vt 0.678032 0.354708
vt 0.656577 0.355068
vt 0.635313 0.355670
vt 0.611502 0.355851
vt 0.587639 0.355993
vt 0.563004 0.355643
vt 0.514174 0.348888
vt 0.484030 0.348726
vt 0.469926 0.348715
vt 0.455172 0.349651
vt 0.440431 0.350032
vt 0.423078 0.352459
vt 0.403416 0.354681
vt 0.383879 0.356708
vt 0.362471 0.359834
vt 0.340983 0.362393
vt 0.321406 0.362855
vt 0.300766 0.362664
vt 0.279294 0.361823
vt 0.256741 0.361096
vt 0.233678 0.360460
vt 0.210241 0.360550
vt 0.762235 0.332479
vt 0.741186 0.332776
vt 0.719937 0.332756
vt 0.698720 0.332660
vt 0.677600 0.332679
vt 0.656507 0.332944
vt 0.635630 0.333504
vt 0.613490 0.334402
vt 0.590297 0.334103
vt 0.566632 0.334401
vt 0.530566 0.332187
vt 0.485093 0.335654
vt 0.467357 0.335391
vt 0.454250 0.335680
vt 0.440508 0.336036
vt 0.426123 0.336132
vt 0.405792 0.336169
vt 0.387706 0.336075
vt 0.367478 0.337512
vt 0.343494 0.340960
vt 0.320206 0.342682
vt 0.299379 0.341766
vt 0.277649 0.341174
vt 0.255165 0.340619
vt 0.232622 0.339863
vt 0.209583 0.339948
vt 0.760845 0.311222
vt 0.739761 0.311015
vt 0.718601 0.310596
vt 0.697441 0.310219
vt 0.676409 0.310042
vt 0.655594 0.310185
vt 0.635094 0.310686
vt 0.613745 0.311650
vt 0.591202 0.312309
vt 0.569874 0.311876
vt 0.542556 0.310037
vt 0.483076 0.322922
vt 0.466091 0.323064
vt 0.453714 0.322339
vt 0.440275 0.321638
vt 0.425501 0.321282
vt 0.406523 0.319437
vt 0.387849 0.318806
vt 0.369611 0.318492
vt 0.347484 0.319143
vt 0.318700 0.322153
vt 0.296795 0.321819
vt 0.275144 0.321207
vt 0.253190 0.320374
vt 0.231186 0.319628
vt 0.209196 0.319194
vt 0.758771 0.290122
vt 0.737656 0.289203
vt 0.716456 0.288235
vt 0.695428 0.287505
vt 0.674547 0.287174
vt 0.653913 0.287245
vt 0.633605 0.287748
vt 0.611871 0.288862
vt 0.589996 0.290355
vt 0.568005 0.289855
vt 0.543661 0.288493
vt 0.482756 0.308213
vt 0.466586 0.309761
vt 0.452342 0.305696
vt 0.437668 0.304043
vt 0.421937 0.303958
vt 0.402477 0.301771
vt 0.384411 0.301248
vt 0.365751 0.300987
vt 0.348639 0.299746
vt 0.316523 0.301866
vt 0.294651 0.301294
vt 0.273364 0.300681
vt 0.251774 0.299978
vt 0.230384 0.299083
vt 0.209410 0.298038
vt 0.756334 0.269171
vt 0.735179 0.267038
vt 0.714214 0.265523
vt 0.693375 0.264523
vt 0.672535 0.264055
vt 0.651783 0.264109
vt 0.631191 0.264729
vt 0.608411 0.266042
vt 0.586779 0.267798
vt 0.562870 0.268882
vt 0.536564 0.270691
vt 0.488388 0.287670
vt 0.469204 0.289940
vt 0.451594 0.283094
vt 0.435610 0.281515
vt 0.418493 0.282347
vt 0.400465 0.281668
vt 0.382521 0.281651
vt 0.363883 0.281413
vt 0.342744 0.281041
vt 0.315258 0.280992
vt 0.293799 0.279805
vt 0.272614 0.279445
vt 0.251366 0.278855
vt 0.230255 0.278042
vt 0.209553 0.277044
vt 0.755818 0.246329
vt 0.732616 0.243866
vt 0.711621 0.242361
vt 0.690903 0.241418
vt 0.670035 0.240967
vt 0.648824 0.241065
vt 0.626958 0.241851
vt 0.605191 0.243220
vt 0.584448 0.245170
vt 0.556625 0.248241
vt 0.531903 0.250019
vt 0.500111 0.259360
vt 0.472444 0.264181
vt 0.453039 0.261620
vt 0.435475 0.260294
vt 0.417759 0.259441
vt 0.399334 0.260345
vt 0.381257 0.260412
vt 0.362605 0.260983
vt 0.341565 0.259910
vt 0.315624 0.260188
vt 0.294025 0.259562
vt 0.272682 0.258542
vt 0.251284 0.257686
vt 0.230220 0.256970
vt 0.209578 0.255980
vt 0.758247 0.222236
vt 0.729591 0.220690
vt 0.709007 0.219515
vt 0.688751 0.218864
vt 0.667578 0.218443
vt 0.645592 0.218629
vt 0.624004 0.219621
vt 0.602976 0.221131
vt 0.575839 0.224244
vt 0.553698 0.226681
vt 0.530122 0.228408
vt 0.505748 0.231913
vt 0.475330 0.238889
vt 0.455573 0.238944
vt 0.436009 0.239101
vt 0.417709 0.238763
vt 0.399625 0.238488
vt 0.380649 0.239023
vt 0.361522 0.239205
vt 0.340820 0.238599
vt 0.316754 0.238701
vt 0.294789 0.238202
vt 0.272899 0.237520
vt 0.251468 0.236566
vt 0.230493 0.235254
vt 0.209654 0.234581
vt 0.763564 0.198621
vt 0.727363 0.198035
vt 0.707140 0.197483
vt 0.687531 0.197003
vt 0.666862 0.196582
vt 0.645410 0.197017
vt 0.623638 0.198317
vt 0.597694 0.200171
vt 0.573686 0.202985
vt 0.552202 0.205618
vt 0.530076 0.207187
vt 0.507045 0.207956
vt 0.477180 0.216060
vt 0.456713 0.216162
vt 0.436697 0.217286
vt 0.417684 0.217803
vt 0.399668 0.217187
vt 0.380719 0.217593
vt 0.361389 0.218471
vt 0.340150 0.217028
vt 0.317959 0.217278
vt 0.295888 0.217018
vt 0.273968 0.216639
vt 0.252160 0.215316
vt 0.230613 0.214102
vt 0.209709 0.212433
vt 0.767709 0.176771
vt 0.728593 0.176794
vt 0.706138 0.176127
vt 0.687217 0.175879
vt 0.667010 0.175672
vt 0.646774 0.176239
vt 0.624247 0.177342
vt 0.595303 0.179596
vt 0.572997 0.182494
vt 0.552772 0.185080
vt 0.532653 0.186846
vt 0.506873 0.186314
vt 0.478729 0.192409
vt 0.457849 0.193019
vt 0.436090 0.197019
vt 0.417739 0.196713
vt 0.399846 0.195887
vt 0.381318 0.195904
vt 0.361450 0.197326
vt 0.340178 0.195833
vt 0.318624 0.195485
vt 0.296514 0.194786
vt 0.274627 0.193114
vt 0.252613 0.192196
vt 0.230497 0.191342
vt 0.209652 0.190647
vt 0.768647 0.156088
vt 0.737650 0.157171
vt 0.706211 0.155697
vt 0.687692 0.155753
vt 0.667677 0.155576
vt 0.647754 0.156214
vt 0.621860 0.156666
vt 0.594636 0.159908
vt 0.572702 0.162032
vt 0.553877 0.164923
vt 0.532995 0.166621
vt 0.504496 0.165073
vt 0.480858 0.167791
vt 0.459064 0.170216
vt 0.434942 0.177594
vt 0.417649 0.176131
vt 0.400127 0.174997
vt 0.381640 0.174888
vt 0.361689 0.176605
vt 0.340719 0.175637
vt 0.319018 0.173024
vt 0.296980 0.170074
vt 0.274693 0.166545
vt 0.252628 0.167495
vt 0.230364 0.166745
vt 0.208830 0.167482
vt 0.769112 0.136121
vt 0.739170 0.137807
vt 0.708661 0.136903
vt 0.689695 0.136966
vt 0.669681 0.136847
vt 0.648762 0.137088
vt 0.626010 0.138175
vt 0.602219 0.139457
vt 0.574235 0.141101
vt 0.556246 0.144087
vt 0.535653 0.145421
vt 0.508540 0.142844
vt 0.485299 0.143907
vt 0.463152 0.148333
vt 0.438224 0.156859
vt 0.417725 0.156391
vt 0.401086 0.154715
vt 0.383331 0.154377
vt 0.363331 0.155601
vt 0.341704 0.155842
vt 0.320029 0.151993
vt 0.298832 0.143142
vt 0.276500 0.141115
vt 0.252957 0.138924
vt 0.230039 0.141338
vt 0.207569 0.144361
vt 0.769319 0.117225
vt 0.740094 0.119075
vt 0.717257 0.119390
vt 0.692795 0.118842
vt 0.673599 0.119616
vt 0.652929 0.120031
vt 0.632247 0.120736
vt 0.610482 0.121078
vt 0.578195 0.121580
vt 0.558372 0.122892
vt 0.539920 0.123417
vt 0.515674 0.122140
vt 0.491547 0.124121
vt 0.468294 0.127035
vt 0.447810 0.133505
vt 0.422186 0.135676
vt 0.404681 0.134275
vt 0.386152 0.133965
vt 0.366366 0.133562
vt 0.344575 0.133908
vt 0.322116 0.130601
vt 0.301139 0.113516
vt 0.279000 0.111027
vt 0.254796 0.113857
vt 0.230195 0.118707
vt 0.206939 0.122618
vt 0.771546 0.096133
vt 0.745207 0.098444
vt 0.723580 0.099433
vt 0.700660 0.100600
vt 0.681435 0.100917
vt 0.656966 0.102255
vt 0.639171 0.103027
vt 0.620843 0.103367
vt 0.594449 0.102512
vt 0.568912 0.103778
vt 0.546804 0.103893
vt 0.526725 0.105056
vt 0.503384 0.106087
vt 0.477409 0.107271
vt 0.453532 0.112548
vt 0.428966 0.113791
vt 0.408359 0.114244
vt 0.389576 0.113086
vt 0.370167 0.111499
vt 0.349072 0.108899
vt 0.324773 0.100611
vt 0.304496 0.088831
vt 0.280120 0.088040
vt 0.255380 0.091649
vt 0.230248 0.097029
vt 0.206438 0.101409
vt 0.774155 0.074334
vt 0.752959 0.075039
vt 0.728961 0.077353
vt 0.710664 0.078164
vt 0.688752 0.080201
vt 0.669998 0.080873
vt 0.645176 0.082747
vt 0.628761 0.082270
vt 0.612920 0.083514
vt 0.589498 0.085033
vt 0.565550 0.087329
vt 0.538914 0.088873
vt 0.517203 0.088860
vt 0.489017 0.086619
vt 0.459819 0.091257
vt 0.435899 0.091043
vt 0.413764 0.094134
vt 0.394419 0.093511
vt 0.374754 0.091656
vt 0.353915 0.085503
vt 0.329611 0.075360
vt 0.308852 0.067828
vt 0.283395 0.068991
vt 0.256340 0.071265
vt 0.229900 0.076145
vt 0.206051 0.080699
vt 0.776349 0.053609
vt 0.758339 0.054130
vt 0.733648 0.054254
vt 0.714914 0.055827
vt 0.697477 0.057516
vt 0.677332 0.060017
vt 0.656958 0.061438
vt 0.636824 0.061163
vt 0.619032 0.061862
vt 0.600007 0.063979
vt 0.579090 0.067149
vt 0.559205 0.067528
vt 0.531388 0.068346
vt 0.490594 0.069219
vt 0.468006 0.065487
vt 0.443056 0.069624
vt 0.419803 0.075043
vt 0.400789 0.075204
vt 0.381776 0.072604
vt 0.361111 0.065108
vt 0.337094 0.052917
vt 0.315824 0.048116
vt 0.289654 0.050618
vt 0.261850 0.054605
vt 0.230474 0.056546
vt 0.205208 0.059575
vt 0.780050 0.033577
vt 0.760766 0.033404
vt 0.737059 0.034972
vt 0.717738 0.036010
vt 0.701173 0.036207
vt 0.680918 0.038557
vt 0.660933 0.040779
vt 0.641009 0.040991
vt 0.623206 0.041971
vt 0.603751 0.045207
vt 0.583131 0.044421
vt 0.563048 0.043533
vt 0.521145 0.053865
vt 0.494245 0.045285
vt 0.473828 0.047858
vt 0.449076 0.050835
vt 0.429599 0.052988
vt 0.408551 0.055571
vt 0.389805 0.052087
vt 0.369745 0.036233
vt 0.346590 0.027568
vt 0.324420 0.028736
vt 0.300221 0.033096
vt 0.269627 0.038322
vt 0.235115 0.039944
vt 0.205822 0.039468
vt 0.781411 0.012747
vt 0.760676 0.013635
vt 0.739004 0.016328
vt 0.719626 0.017768
vt 0.702763 0.016898
vt 0.682005 0.015192
vt 0.660232 0.020284
vt 0.638593 0.022392
vt 0.620815 0.024494
vt 0.603210 0.023914
vt 0.581266 0.024363
vt 0.548242 0.031198
vt 0.522197 0.031843
vt 0.494301 0.018481
vt 0.479403 0.021093
vt 0.462343 0.017492
vt 0.445798 0.014200
vt 0.422923 0.020157
vt 0.403398 0.012604
vt 0.386751 -0.007286
vt 0.364785 -0.002644
vt 0.337560 0.006637
vt 0.310664 0.014819
vt 0.280052 0.022722
vt 0.238755 0.023157
vt 0.207309 0.020172
vt 0.780929 -0.010198
vt 0.760527 -0.006324
vt 0.741532 -0.003664
vt 0.721072 -0.001646
vt 0.701973 -0.003566
vt 0.682366 -0.005609
vt 0.659200 -0.000689
vt 0.635481 0.003090
vt 0.615709 0.005595
vt 0.595716 0.004829
vt 0.563995 0.007140
vt 0.541269 0.006690
vt 0.512487 -0.002957
vt 0.493935 -0.008065
vt 0.479516 -0.010931
vt 0.464959 -0.015848
vt 0.450582 -0.020359
vt 0.435156 -0.023075
vt 0.420456 -0.028481
vt 0.405432 -0.034679
vt 0.385509 -0.030874
vt 0.355251 -0.017838
vt 0.324277 -0.004303
vt 0.288446 0.005362
vt 0.249603 0.008124
vt 0.204896 -0.001482
vt 0.782164 -0.031205
vt 0.760375 -0.026740
vt 0.743945 -0.025390
vt 0.725401 -0.022687
vt 0.704196 -0.023723
vt 0.683005 -0.024883
vt 0.655915 -0.019444
vt 0.630893 -0.013607
vt 0.609888 -0.012596
vt 0.583898 -0.011701
vt 0.553800 -0.017954
vt 0.528608 -0.023219
vt 0.507663 -0.028456
vt 0.491509 -0.032556
vt 0.478231 -0.036410
vt 0.465866 -0.041082
vt 0.454031 -0.045626
vt 0.441972 -0.048964
vt 0.429308 -0.051835
vt 0.414762 -0.053013
vt 0.395774 -0.049010
vt 0.369824 -0.039383
vt 0.336390 -0.023654
vt 0.299785 -0.014123
vt 0.250709 -0.013650
vt 0.203778 -0.021299
vt 0.779531 -0.050568
vt 0.760753 -0.046484
vt 0.743551 -0.043058
vt 0.725794 -0.044038
vt 0.705365 -0.042293
vt 0.682937 -0.039746
vt 0.653254 -0.035243
vt 0.626765 -0.032301
vt 0.595627 -0.035501
vt 0.562984 -0.042181
vt 0.540541 -0.043737
vt 0.520508 -0.046204
vt 0.502960 -0.049592
vt 0.488629 -0.052922
vt 0.476576 -0.056589
vt 0.466139 -0.060885
vt 0.456407 -0.064562
vt 0.446531 -0.067553
vt 0.435374 -0.068775
vt 0.421180 -0.067956
vt 0.402493 -0.064271
vt 0.377286 -0.057360
vt 0.349248 -0.050148
vt 0.302414 -0.042235
vt 0.253401 -0.042520
vt 0.208992 -0.042514
vt 0.786486 -0.077758
vt 0.761727 -0.067852
vt 0.743453 -0.066275
vt 0.723440 -0.062984
vt 0.703323 -0.063330
vt 0.680176 -0.057468
vt 0.640261 -0.053107
vt 0.607694 -0.055601
vt 0.581095 -0.057119
vt 0.554302 -0.060541
vt 0.533477 -0.062209
vt 0.515059 -0.064180
vt 0.499094 -0.066566
vt 0.485739 -0.069347
vt 0.474972 -0.072521
vt 0.465849 -0.075632
vt 0.457819 -0.079246
vt 0.449815 -0.081083
vt 0.439749 -0.081655
vt 0.426333 -0.080377
vt 0.408381 -0.077513
vt 0.385559 -0.073866
vt 0.352311 -0.070451
vt 0.313413 -0.065035
vt 0.271758 -0.063994
vt 0.215803 -0.065472
vt 0.788585 -0.099893
vt 0.769622 -0.097500
vt 0.737290 -0.092183
vt 0.714997 -0.088685
vt 0.697269 -0.081054
vt 0.672099 -0.073099
vt 0.633326 -0.077888
vt 0.598471 -0.075401
vt 0.570466 -0.075290
vt 0.548840 -0.076402
vt 0.529391 -0.077580
vt 0.511631 -0.078896
vt 0.496170 -0.080552
vt 0.483416 -0.082550
vt 0.473158 -0.084712
vt 0.465171 -0.087733
vt 0.458602 -0.089638
vt 0.451701 -0.091431
vt 0.442909 -0.091500
vt 0.429783 -0.090260
vt 0.411902 -0.088353
vt 0.388883 -0.086369
vt 0.358048 -0.083654
vt 0.324879 -0.079324
vt 0.281967 -0.078935
vt 0.223151 -0.084419
vt 0.775186 -0.121331
vt 0.745935 -0.122940
vt 0.715207 -0.125139
vt 0.688157 -0.126510
vt 0.666144 -0.119034
vt 0.647799 -0.113715
vt 0.621203 -0.104215
vt 0.591472 -0.094447
vt 0.568135 -0.092391
vt 0.547203 -0.092217
vt 0.527853 -0.092206
vt 0.510059 -0.092285
vt 0.494385 -0.092753
vt 0.481518 -0.093544
vt 0.471622 -0.095051
vt 0.464260 -0.096274
vt 0.458511 -0.098123
vt 0.452810 -0.098794
vt 0.444416 -0.098816
vt 0.431632 -0.098174
vt 0.413509 -0.097148
vt 0.390530 -0.096364
vt 0.364576 -0.094900
vt 0.321849 -0.096397
vt 0.285149 -0.100303
vt 0.228633 -0.106165
vt 0.759005 -0.146418
vt 0.732077 -0.148234
vt 0.706450 -0.149475
vt 0.681918 -0.148430
vt 0.661083 -0.142541
vt 0.639602 -0.135107
vt 0.617013 -0.127016
vt 0.596742 -0.119055
vt 0.570557 -0.114350
vt 0.548330 -0.110259
vt 0.528470 -0.107955
vt 0.510044 -0.106191
vt 0.493871 -0.104717
vt 0.480562 -0.103914
vt 0.470417 -0.103482
vt 0.463308 -0.103916
vt 0.457999 -0.104154
vt 0.452524 -0.104658
vt 0.444444 -0.104882
vt 0.431523 -0.104841
vt 0.412812 -0.105038
vt 0.387692 -0.105721
vt 0.361071 -0.107284
vt 0.326591 -0.109774
vt 0.290120 -0.116633
vt 0.239667 -0.125166
vt 0.753789 -0.167215
vt 0.727491 -0.168912
vt 0.700847 -0.169055
vt 0.676029 -0.167134
vt 0.654591 -0.163520
vt 0.634129 -0.157172
vt 0.611934 -0.151383
vt 0.590113 -0.144271
vt 0.572200 -0.137087
vt 0.550913 -0.130172
vt 0.530576 -0.126100
vt 0.511435 -0.122341
vt 0.494440 -0.118630
vt 0.480395 -0.115249
vt 0.469763 -0.112923
vt 0.462111 -0.111309
vt 0.456462 -0.110807
vt 0.450599 -0.110901
vt 0.442263 -0.111413
vt 0.429385 -0.112262
vt 0.410867 -0.113554
vt 0.385562 -0.115944
vt 0.359158 -0.119933
vt 0.330886 -0.123868
vt 0.284573 -0.135238
vt 0.241551 -0.143887
vt 0.750468 -0.187462
vt 0.723426 -0.188434
vt 0.696443 -0.186797
vt 0.671046 -0.184097
vt 0.649222 -0.180531
vt 0.629396 -0.176359
vt 0.609517 -0.171598
vt 0.591368 -0.165555
vt 0.572889 -0.159041
vt 0.552936 -0.155242
vt 0.533155 -0.149267
vt 0.513309 -0.143297
vt 0.495478 -0.136947
vt 0.480482 -0.130730
vt 0.468583 -0.125849
vt 0.459851 -0.122522
vt 0.452878 -0.120768
vt 0.445826 -0.120692
vt 0.436741 -0.121608
vt 0.424226 -0.122695
vt 0.406430 -0.124959
vt 0.382912 -0.129414
vt 0.356769 -0.135766
vt 0.322467 -0.146175
vt 0.280161 -0.156060
vt 0.240746 -0.164253
vt 0.746567 -0.208055
vt 0.718247 -0.207446
vt 0.691077 -0.204497
vt 0.665752 -0.200117
vt 0.645187 -0.195655
vt 0.626303 -0.193215
vt 0.608199 -0.191791
vt 0.591447 -0.189854
vt 0.573280 -0.187346
vt 0.548530 -0.188594
vt 0.532436 -0.183040
vt 0.514744 -0.172603
vt 0.496035 -0.163041
vt 0.479605 -0.152772
vt 0.465715 -0.145761
vt 0.455061 -0.140278
vt 0.446176 -0.137248
vt 0.436862 -0.137092
vt 0.426228 -0.138621
vt 0.414139 -0.139137
vt 0.395307 -0.142975
vt 0.373290 -0.150182
vt 0.346046 -0.158331
vt 0.307935 -0.170264
vt 0.273684 -0.177591
vt 0.236501 -0.185388
vt 0.740613 -0.228166
vt 0.711143 -0.225173
vt 0.686541 -0.222162
vt 0.663783 -0.218489
vt 0.643386 -0.216061
vt 0.625150 -0.219191
vt 0.607554 -0.216432
vt 0.590337 -0.212597
vt 0.568417 -0.212531
vt 0.545463 -0.210588
vt 0.530160 -0.212894
vt 0.514860 -0.212693
vt 0.495857 -0.207697
vt 0.477182 -0.184492
vt 0.459627 -0.176002
vt 0.446806 -0.167308
vt 0.435818 -0.162170
vt 0.422365 -0.163010
vt 0.405831 -0.169258
vt 0.394530 -0.168434
vt 0.378223 -0.171911
vt 0.355016 -0.179915
vt 0.328388 -0.187142
vt 0.297829 -0.194782
vt 0.263920 -0.200706
vt 0.230192 -0.207292
vt 0.736303 -0.248134
vt 0.708694 -0.245747
vt 0.684939 -0.244039
vt 0.662252 -0.243491
vt 0.642750 -0.242837
vt 0.623422 -0.241178
vt 0.606498 -0.240061
vt 0.589402 -0.238628
vt 0.570325 -0.237661
vt 0.546793 -0.236125
vt 0.527317 -0.233316
vt 0.509479 -0.238360
vt 0.487897 -0.245752
vt 0.469713 -0.242960
vt 0.448248 -0.241118
vt 0.432761 -0.218932
vt 0.421891 -0.206620
vt 0.405547 -0.208352
vt 0.392983 -0.202748
vt 0.378208 -0.201865
vt 0.360116 -0.203204
vt 0.337572 -0.208171
vt 0.309890 -0.217135
vt 0.283387 -0.221254
vt 0.254486 -0.224488
vt 0.224748 -0.228814
vt 0.732606 -0.269084
vt 0.705348 -0.265610
vt 0.683332 -0.263761
vt 0.661919 -0.263963
vt 0.642578 -0.265034
vt 0.624115 -0.266924
vt 0.605313 -0.264622
vt 0.588545 -0.263214
vt 0.568749 -0.264893
vt 0.545612 -0.262538
vt 0.525260 -0.260569
vt 0.506670 -0.262241
vt 0.488263 -0.265100
vt 0.468818 -0.267644
vt 0.447247 -0.271587
vt 0.426002 -0.270033
vt 0.410107 -0.261746
vt 0.395851 -0.253078
vt 0.376752 -0.242567
vt 0.357846 -0.242697
vt 0.337846 -0.245263
vt 0.315490 -0.248735
vt 0.292411 -0.249925
vt 0.269278 -0.248716
vt 0.245500 -0.248371
vt 0.219032 -0.250952
vt 0.728746 -0.289694
vt 0.703005 -0.287347
vt 0.680991 -0.286299
vt 0.659689 -0.285697
vt 0.640544 -0.284856
vt 0.622954 -0.284355
vt 0.604383 -0.283902
vt 0.585779 -0.282864
vt 0.566646 -0.280963
vt 0.548604 -0.278359
vt 0.527306 -0.279120
vt 0.505525 -0.285532
vt 0.485173 -0.290798
vt 0.465360 -0.292589
vt 0.440253 -0.298981
vt 0.418143 -0.299181
vt 0.400436 -0.292695
vt 0.384378 -0.286116
vt 0.363972 -0.278952
vt 0.344763 -0.273715
vt 0.322656 -0.274725
vt 0.301962 -0.276764
vt 0.281611 -0.277949
vt 0.259194 -0.276867
vt 0.236727 -0.274471
vt 0.725053 -0.309546
vt 0.700874 -0.306803
vt 0.679109 -0.304930
vt 0.658334 -0.303590
vt 0.639211 -0.302051
vt 0.621359 -0.301054
vt 0.603097 -0.300245
vt 0.583803 -0.299676
vt 0.566514 -0.298252
vt 0.547475 -0.297673
vt 0.525669 -0.301453
vt 0.503674 -0.308583
vt 0.479259 -0.318820
vt 0.457294 -0.322646
vt 0.435153 -0.324359
vt 0.414061 -0.323636
vt 0.394763 -0.320982
vt 0.375554 -0.317195
vt 0.354644 -0.312290
vt 0.333661 -0.306705
vt 0.313731 -0.306760
vt 0.293017 -0.306618
vt 0.271468 -0.305212
vt 0.251177 -0.303363
vt 0.230391 -0.300481
vt 0.770271 1.311667
vt 0.770524 1.332499
vt 0.748886 1.332776
vt 0.748598 1.311949
vt 0.727263 1.333102
vt 0.726933 1.312299
vt 0.705637 1.333457
vt 0.705288 1.312654
vt 0.684007 1.333835
vt 0.683636 1.313022
vt 0.662369 1.334236
vt 0.661972 1.313412
vt 0.640725 1.334670
vt 0.640289 1.313833
vt 0.619072 1.335152
vt 0.618582 1.314298
vt 0.597414 1.335700
vt 0.596863 1.314818
vt 0.575733 1.336312
vt 0.575144 1.315435
vt 0.554012 1.336951
vt 0.553431 1.316084
vt 0.532277 1.337514
vt 0.531803 1.316674
vt 0.510542 1.337934
vt 0.510223 1.317101
vt 0.488781 1.338219
vt 0.488515 1.317325
vt 0.467007 1.338474
vt 0.466733 1.317560
vt 0.445251 1.338751
vt 0.444953 1.317855
vt 0.423503 1.339056
vt 0.423213 1.318174
vt 0.401762 1.339346
vt 0.401530 1.318492
vt 0.380009 1.339539
vt 0.379909 1.318701
vt 0.358241 1.339559
vt 0.358315 1.318695
vt 0.336485 1.339374
vt 0.336716 1.318548
vt 0.314747 1.339064
vt 0.315104 1.318209
vt 0.293028 1.338630
vt 0.293459 1.317775
vt 0.271319 1.338160
vt 0.271782 1.317299
vt 0.249622 1.337659
vt 0.250108 1.316808
vt 0.227935 1.337148
vt 0.228420 1.316284
vt 0.206236 1.336646
vt 0.206710 1.315770
vt 0.744236 -0.331103
vt 0.722345 -0.328808
vt 0.699512 -0.326120
vt 0.678086 -0.323407
vt 0.657965 -0.321890
vt 0.639057 -0.321733
vt 0.620083 -0.323718
vt 0.600079 -0.324087
vt 0.579886 -0.324272
vt 0.560303 -0.324423
vt 0.540857 -0.324982
vt 0.517161 -0.329883
vt 0.496503 -0.334666
vt 0.475234 -0.340271
vt 0.454513 -0.342920
vt 0.433097 -0.344039
vt 0.408909 -0.346153
vt 0.387421 -0.345444
vt 0.367859 -0.340865
vt 0.348419 -0.338499
vt 0.328499 -0.332128
vt 0.308644 -0.329101
vt 0.287718 -0.328731
vt 0.266296 -0.326280
vt 0.246664 -0.323276
vt 0.226816 -0.320264
vt 0.206769 -0.317189
vt 0.824508 1.206872
vt 0.769625 1.249120
vt 0.805869 1.206708
vt 0.173821 -0.274303
vt 0.155868 -0.272308
vt 0.139215 -0.269817
vt 0.139353 -0.290197
vt 0.195982 -0.253085
vt 0.174914 -0.254117
vt 0.156417 -0.252559
vt 0.138872 -0.250255
vt 0.199169 -0.232037
vt 0.176197 -0.233623
vt 0.156868 -0.232705
vt 0.138718 -0.229968
vt 0.201990 -0.211557
vt 0.177281 -0.213693
vt 0.156410 -0.212171
vt 0.136199 -0.207099
vt 0.205399 -0.191014
vt 0.177153 -0.192603
vt 0.153224 -0.189360
vt 0.135347 -0.187030
vt 0.207610 -0.169065
vt 0.176535 -0.169642
vt 0.153112 -0.169132
vt 0.134943 -0.166934
vt 0.207715 -0.147177
vt 0.174665 -0.146890
vt 0.151184 -0.146789
vt 0.132959 -0.145290
vt 0.201612 -0.125601
vt 0.172089 -0.126110
vt 0.149945 -0.125865
vt 0.132271 -0.124869
vt 0.194786 -0.106037
vt 0.168675 -0.106562
vt 0.149057 -0.106218
vt 0.132071 -0.104705
vt 0.188698 -0.087045
vt 0.163422 -0.085847
vt 0.145051 -0.082462
vt 0.130326 -0.081171
vt 0.177892 -0.064838
vt 0.156735 -0.063329
vt 0.143586 -0.062550
vt 0.130419 -0.062360
vt 0.181204 -0.041133
vt 0.157463 -0.047199
vt 0.144224 -0.045733
vt 0.130655 -0.045042
vt 0.183147 -0.020965
vt 0.165401 -0.020400
vt 0.149180 -0.019495
vt 0.132828 -0.020595
vt 0.183601 -0.001669
vt 0.166514 -0.000939
vt 0.150471 -0.000008
vt 0.134960 0.000758
vt 0.185303 0.018174
vt 0.168060 0.018404
vt 0.151725 0.019221
vt 0.135895 0.019834
vt 0.186800 0.039722
vt 0.168990 0.038736
vt 0.152292 0.038923
vt 0.136254 0.039331
vt 0.187188 0.061015
vt 0.170034 0.061158
vt 0.152114 0.059170
vt 0.135999 0.059347
vt 0.187796 0.082259
vt 0.170780 0.082705
vt 0.152167 0.080090
vt 0.135852 0.079706
vt 0.188006 0.103069
vt 0.170775 0.103449
vt 0.153456 0.102492
vt 0.135867 0.100541
vt 0.188697 0.124270
vt 0.171582 0.124654
vt 0.155090 0.124587
vt 0.137692 0.122451
vt 0.189737 0.145681
vt 0.172951 0.146034
vt 0.156313 0.145897
vt 0.139479 0.144887
vt 0.191107 0.167848
vt 0.174140 0.167675
vt 0.157480 0.167245
vt 0.140984 0.166656
vt 0.192130 0.190129
vt 0.174917 0.189469
vt 0.158198 0.188746
vt 0.141272 0.187975
vt 0.192142 0.211584
vt 0.175076 0.210681
vt 0.158305 0.209716
vt 0.141954 0.208655
vt 0.192319 0.233769
vt 0.175249 0.232605
vt 0.158293 0.231236
vt 0.141399 0.229810
vt 0.192280 0.254945
vt 0.175102 0.253793
vt 0.157947 0.252530
vt 0.140678 0.251210
vt 0.192166 0.276044
vt 0.174813 0.274921
vt 0.157451 0.273728
vt 0.140028 0.272526
vt 0.191927 0.297106
vt 0.174493 0.296076
vt 0.156980 0.294985
vt 0.139399 0.293887
vt 0.191485 0.318277
vt 0.173975 0.317307
vt 0.156412 0.316280
vt 0.138821 0.315225
vt 0.191117 0.339542
vt 0.173462 0.338537
vt 0.155869 0.337540
vt 0.138286 0.336446
vt 0.190615 0.360915
vt 0.172887 0.359827
vt 0.155304 0.358775
vt 0.137663 0.357917
vt 0.189762 0.382216
vt 0.172393 0.381198
vt 0.155111 0.380378
vt 0.137432 0.379463
vt 0.188657 0.402674
vt 0.172056 0.401972
vt 0.154794 0.401290
vt 0.137129 0.400764
vt 0.190557 0.422255
vt 0.172270 0.422211
vt 0.154810 0.422189
vt 0.137125 0.421916
vt 0.191386 0.443404
vt 0.172785 0.443455
vt 0.154732 0.443391
vt 0.136897 0.443268
vt 0.191320 0.464653
vt 0.172281 0.464859
vt 0.154546 0.464834
vt 0.136745 0.464727
vt 0.191143 0.485891
vt 0.172403 0.486195
vt 0.154506 0.486282
vt 0.136652 0.486226
vt 0.190584 0.507393
vt 0.172589 0.507604
vt 0.154554 0.507670
vt 0.136644 0.507751
vt 0.190767 0.529195
vt 0.172601 0.529106
vt 0.154697 0.529147
vt 0.136741 0.529311
vt 0.192333 0.551156
vt 0.173434 0.550779
vt 0.155026 0.550722
vt 0.136935 0.550920
vt 0.193995 0.573004
vt 0.174594 0.572566
vt 0.155675 0.572439
vt 0.137246 0.572589
vt 0.195490 0.594582
vt 0.175726 0.594252
vt 0.156406 0.594172
vt 0.137619 0.594318
vt 0.196784 0.615929
vt 0.176731 0.615808
vt 0.157098 0.615852
vt 0.138020 0.616072
vt 0.197849 0.637155
vt 0.177586 0.637286
vt 0.157731 0.637492
vt 0.138421 0.637820
vt 0.198651 0.658395
vt 0.178288 0.658770
vt 0.158320 0.659138
vt 0.138803 0.659561
vt 0.199155 0.679771
vt 0.178820 0.680341
vt 0.158815 0.680844
vt 0.139171 0.681337
vt 0.199421 0.701371
vt 0.179188 0.702054
vt 0.159215 0.702640
vt 0.139532 0.703189
vt 0.199540 0.723221
vt 0.179453 0.723933
vt 0.159559 0.724551
vt 0.139894 0.725126
vt 0.199626 0.745311
vt 0.179676 0.745974
vt 0.159879 0.746573
vt 0.140271 0.747146
vt 0.199721 0.767578
vt 0.179894 0.768137
vt 0.160188 0.768678
vt 0.140638 0.769221
vt 0.199759 0.789904
vt 0.180113 0.790365
vt 0.160491 0.790824
vt 0.140987 0.791323
vt 0.199705 0.812166
vt 0.180311 0.812573
vt 0.160814 0.812966
vt 0.141347 0.813415
vt 0.199879 0.834396
vt 0.180432 0.834653
vt 0.161151 0.835026
vt 0.141784 0.835440
vt 0.200151 0.856567
vt 0.180524 0.856704
vt 0.161254 0.856970
vt 0.142044 0.857311
vt 0.200236 0.878721
vt 0.180441 0.878795
vt 0.161038 0.878935
vt 0.141813 0.879134
vt 0.199996 0.900925
vt 0.180086 0.900966
vt 0.160547 0.901038
vt 0.141136 0.901186
vt 0.199418 0.923225
vt 0.179459 0.923263
vt 0.159864 0.923308
vt 0.140367 0.923487
vt 0.198509 0.945644
vt 0.178578 0.945709
vt 0.159098 0.945784
vt 0.139419 0.946310
vt 0.197276 0.968143
vt 0.177431 0.968311
vt 0.158387 0.968294
vt 0.139435 0.968814
vt 0.195742 0.990657
vt 0.175667 0.991334
vt 0.157379 0.990781
vt 0.139109 0.990395
vt 0.194621 1.012811
vt 0.175278 1.013036
vt 0.157061 1.012591
vt 0.138969 1.012087
vt 0.193381 1.035070
vt 0.174982 1.034748
vt 0.156837 1.034281
vt 0.138647 1.033858
vt 0.193090 1.056914
vt 0.174749 1.056512
vt 0.156453 1.056145
vt 0.138081 1.055809
vt 0.192981 1.078911
vt 0.174403 1.078506
vt 0.155955 1.078186
vt 0.137492 1.077886
vt 0.192900 1.101124
vt 0.174044 1.100619
vt 0.155488 1.100260
vt 0.137022 1.099948
vt 0.192783 1.123166
vt 0.173688 1.122658
vt 0.155074 1.122278
vt 0.136636 1.121955
vt 0.192427 1.145041
vt 0.173253 1.144599
vt 0.154675 1.144250
vt 0.136262 1.143933
vt 0.191777 1.166986
vt 0.172777 1.166587
vt 0.154296 1.166196
vt 0.135910 1.165886
vt 0.190959 1.189029
vt 0.172240 1.188642
vt 0.153890 1.188109
vt 0.135568 1.187766
vt 0.190222 1.211088
vt 0.171881 1.210649
vt 0.153545 1.210253
vt 0.135081 1.209917
vt 0.879855 1.206502
vt 0.861346 1.206600
vt 0.861260 1.184649
vt 0.879760 1.184608
vt 0.842924 1.206704
vt 0.842640 1.184580
vt 0.824261 1.184690
vt 0.805778 1.184719
vt 0.873807 -0.260995
vt 0.856245 -0.258008
vt 0.851816 -0.280076
vt 0.869666 -0.282989
vt 0.838256 -0.255268
vt 0.833780 -0.277510
vt 0.820931 -0.252764
vt 0.816109 -0.275053
vt 0.803790 -0.250894
vt 0.798720 -0.273044
vt 0.878036 -0.239043
vt 0.860204 -0.235822
vt 0.842431 -0.233006
vt 0.825406 -0.230623
vt 0.808542 -0.229038
vt 0.882204 -0.217116
vt 0.864501 -0.214027
vt 0.846357 -0.210809
vt 0.829507 -0.208410
vt 0.812687 -0.207285
vt 0.886165 -0.195217
vt 0.868582 -0.192348
vt 0.850584 -0.189467
vt 0.833379 -0.186709
vt 0.816829 -0.185712
vt 0.889820 -0.173372
vt 0.872326 -0.170769
vt 0.854286 -0.168249
vt 0.837106 -0.165958
vt 0.820686 -0.164610
vt 0.893184 -0.151547
vt 0.875746 -0.149199
vt 0.857689 -0.146988
vt 0.840573 -0.144930
vt 0.823975 -0.143702
vt 0.896239 -0.129718
vt 0.878717 -0.127560
vt 0.860977 -0.125821
vt 0.844170 -0.123981
vt 0.828007 -0.121917
vt 0.898920 -0.107934
vt 0.881523 -0.106132
vt 0.863810 -0.104509
vt 0.846948 -0.103391
vt 0.830987 -0.102235
vt 0.901247 -0.086169
vt 0.883737 -0.084609
vt 0.865996 -0.082992
vt 0.849052 -0.082371
vt 0.832572 -0.081756
vt 0.903162 -0.064410
vt 0.885641 -0.063177
vt 0.868000 -0.061944
vt 0.851140 -0.061075
vt 0.836316 -0.060837
vt 0.904673 -0.042691
vt 0.887058 -0.041695
vt 0.869305 -0.040840
vt 0.853546 -0.041097
vt 0.838384 -0.039012
vt 0.906020 -0.021004
vt 0.888201 -0.020002
vt 0.870619 -0.018964
vt 0.854990 -0.017625
vt 0.837558 -0.014944
vt 0.907526 0.000750
vt 0.889590 0.001883
vt 0.871836 0.003090
vt 0.855873 0.005106
vt 0.839220 0.007287
vt 0.909137 0.022564
vt 0.891104 0.023741
vt 0.873353 0.024987
vt 0.857373 0.027112
vt 0.839949 0.028943
vt 0.910714 0.044459
vt 0.892604 0.045522
vt 0.874827 0.046650
vt 0.857785 0.048029
vt 0.841726 0.050233
vt 0.912038 0.066454
vt 0.893818 0.067247
vt 0.875801 0.068000
vt 0.858246 0.068790
vt 0.841484 0.069880
vt 0.912956 0.088566
vt 0.894593 0.089033
vt 0.876338 0.089395
vt 0.858248 0.089631
vt 0.840210 0.089579
vt 0.913442 0.110736
vt 0.894938 0.110917
vt 0.876417 0.110985
vt 0.857868 0.110965
vt 0.838648 0.110538
vt 0.913598 0.132916
vt 0.895025 0.132883
vt 0.876378 0.132741
vt 0.857443 0.132525
vt 0.837948 0.132297
vt 0.913487 0.155083
vt 0.894890 0.154862
vt 0.876367 0.154601
vt 0.857286 0.154189
vt 0.837805 0.153859
vt 0.913120 0.177228
vt 0.894552 0.176796
vt 0.876246 0.176407
vt 0.857363 0.175858
vt 0.838026 0.175227
vt 0.912455 0.199330
vt 0.893957 0.198634
vt 0.875883 0.198012
vt 0.857437 0.197351
vt 0.836731 0.198062
vt 0.911414 0.221365
vt 0.893017 0.220320
vt 0.875086 0.219257
vt 0.857483 0.218470
vt 0.836688 0.219696
vt 0.909946 0.243326
vt 0.891704 0.242101
vt 0.874327 0.240905
vt 0.856385 0.240634
vt 0.833614 0.243619
vt 0.908319 0.265268
vt 0.890417 0.264135
vt 0.872995 0.263125
vt 0.854161 0.263750
vt 0.832308 0.266635
vt 0.906705 0.287275
vt 0.888574 0.286267
vt 0.870451 0.286392
vt 0.851446 0.287140
vt 0.832751 0.288096
vt 0.905452 0.309171
vt 0.887506 0.308441
vt 0.870077 0.308640
vt 0.850170 0.308957
vt 0.831811 0.308944
vt 0.904441 0.331091
vt 0.886989 0.330278
vt 0.869855 0.330022
vt 0.848276 0.330075
vt 0.828726 0.329883
vt 0.903139 0.353090
vt 0.885535 0.352054
vt 0.867916 0.351059
vt 0.846008 0.351421
vt 0.823244 0.351424
vt 0.901497 0.375077
vt 0.882963 0.373534
vt 0.866344 0.372615
vt 0.842845 0.373123
vt 0.822887 0.372278
vt 0.899631 0.397183
vt 0.880886 0.395783
vt 0.863149 0.395362
vt 0.843280 0.395019
vt 0.825512 0.395243
vt 0.898095 0.419229
vt 0.879427 0.418213
vt 0.862222 0.418187
vt 0.843955 0.417742
vt 0.826073 0.417916
vt 0.897071 0.441114
vt 0.878514 0.440445
vt 0.860950 0.440441
vt 0.843245 0.440199
vt 0.825165 0.439829
vt 0.896409 0.462992
vt 0.877936 0.462458
vt 0.859771 0.462215
vt 0.842316 0.462133
vt 0.824672 0.462598
vt 0.895788 0.484837
vt 0.877383 0.484289
vt 0.858949 0.483816
vt 0.841016 0.483641
vt 0.823501 0.483699
vt 0.895052 0.506670
vt 0.876726 0.505982
vt 0.858437 0.505350
vt 0.840600 0.504799
vt 0.823102 0.504283
vt 0.894113 0.528446
vt 0.875825 0.527613
vt 0.857577 0.526742
vt 0.839790 0.525780
vt 0.822277 0.524726
vt 0.893038 0.550142
vt 0.874759 0.549220
vt 0.856587 0.548026
vt 0.838742 0.546653
vt 0.821214 0.545126
vt 0.891991 0.571800
vt 0.873696 0.570862
vt 0.855554 0.569436
vt 0.837483 0.567843
vt 0.819734 0.565818
vt 0.891176 0.593505
vt 0.872801 0.592741
vt 0.854882 0.591259
vt 0.835804 0.590555
vt 0.816845 0.590412
vt 0.890712 0.615310
vt 0.872361 0.614822
vt 0.854035 0.613953
vt 0.829722 0.617317
vt 0.810292 0.619067
vt 0.890498 0.637134
vt 0.872364 0.636949
vt 0.851873 0.637173
vt 0.823156 0.641207
vt 0.804306 0.642944
vt 0.890368 0.658983
vt 0.872740 0.658748
vt 0.849569 0.659028
vt 0.818553 0.661404
vt 0.800196 0.662411
vt 0.889865 0.680785
vt 0.872455 0.680202
vt 0.848044 0.679742
vt 0.816292 0.679523
vt 0.798071 0.679356
vt 0.888889 0.702583
vt 0.871170 0.701606
vt 0.846537 0.700358
vt 0.818408 0.698111
vt 0.799195 0.696777
vt 0.887472 0.724383
vt 0.869361 0.723168
vt 0.846044 0.721896
vt 0.823108 0.720021
vt 0.803447 0.718752
vt 0.885913 0.746201
vt 0.867773 0.745055
vt 0.845492 0.743955
vt 0.825349 0.743201
vt 0.806674 0.743405
vt 0.884387 0.768094
vt 0.866477 0.767144
vt 0.844539 0.765998
vt 0.825345 0.765489
vt 0.807187 0.765581
vt 0.882995 0.789944
vt 0.864688 0.789018
vt 0.844069 0.787886
vt 0.825005 0.787036
vt 0.807252 0.787060
vt 0.881899 0.811802
vt 0.863409 0.811089
vt 0.844517 0.810584
vt 0.825229 0.809035
vt 0.807259 0.808764
vt 0.881200 0.833687
vt 0.862572 0.833259
vt 0.844112 0.833590
vt 0.825895 0.833257
vt 0.807509 0.832752
vt 0.880961 0.855536
vt 0.862493 0.855401
vt 0.843800 0.855363
vt 0.825450 0.855304
vt 0.807158 0.855368
vt 0.880878 0.877445
vt 0.862372 0.877357
vt 0.843747 0.877271
vt 0.825410 0.877192
vt 0.807129 0.877124
vt 0.880785 0.899395
vt 0.862259 0.899300
vt 0.843633 0.899187
vt 0.825270 0.899067
vt 0.806928 0.898927
vt 0.880670 0.921369
vt 0.862125 0.921261
vt 0.843487 0.921131
vt 0.825055 0.920998
vt 0.806580 0.920839
vt 0.880543 0.943354
vt 0.861982 0.943248
vt 0.843337 0.943126
vt 0.824814 0.943004
vt 0.806145 0.942879
vt 0.880424 0.965347
vt 0.861856 0.965255
vt 0.843203 0.965160
vt 0.824610 0.965068
vt 0.805795 0.964982
vt 0.880323 0.987338
vt 0.861759 0.987265
vt 0.843108 0.987200
vt 0.824514 0.987131
vt 0.805668 0.987065
vt 0.880241 1.009322
vt 0.861690 1.009262
vt 0.843043 1.009220
vt 0.824524 1.009175
vt 0.805761 1.009115
vt 0.880166 1.031291
vt 0.861635 1.031232
vt 0.842998 1.031197
vt 0.824571 1.031169
vt 0.805991 1.031121
vt 0.880088 1.053236
vt 0.861577 1.053175
vt 0.842958 1.053131
vt 0.824587 1.053101
vt 0.806174 1.053059
vt 0.880002 1.075163
vt 0.861506 1.075095
vt 0.842902 1.075037
vt 0.824548 1.074985
vt 0.806211 1.074926
vt 0.879911 1.097067
vt 0.861427 1.096999
vt 0.842826 1.096935
vt 0.824466 1.096865
vt 0.806122 1.096777
vt 0.879830 1.118954
vt 0.861351 1.118898
vt 0.842744 1.118839
vt 0.824362 1.118768
vt 0.805972 1.118670
vt 0.879773 1.140835
vt 0.861293 1.140799
vt 0.842677 1.140759
vt 0.824270 1.140710
vt 0.805830 1.140638
vt 0.879750 1.162719
vt 0.861261 1.162712
vt 0.842649 1.162690
vt 0.824224 1.162688
vt 0.805760 1.162676
vt 0.847310 -0.302145
vt 0.865799 -0.305035
vt 0.828739 -0.299581
vt 0.810891 -0.297713
vt 0.792508 -0.295621
vt 0.843833 -0.324643
vt 0.862444 -0.327110
vt 0.824780 -0.322221
vt 0.218651 -0.417781
vt 0.220828 -0.395754
vt 0.200507 -0.393762
vt 0.198734 -0.413168
vt 0.222746 -0.376452
vt 0.202338 -0.374227
vt 0.223947 -0.357815
vt 0.203368 -0.355334
vt 0.224858 -0.339012
vt 0.238825 -0.419760
vt 0.241121 -0.397845
vt 0.242865 -0.378944
vt 0.243826 -0.360562
vt 0.245028 -0.342130
vt 0.258982 -0.421856
vt 0.261359 -0.400120
vt 0.262910 -0.381566
vt 0.263615 -0.363114
vt 0.264529 -0.345016
vt 0.279159 -0.424031
vt 0.281570 -0.402493
vt 0.283319 -0.384069
vt 0.283451 -0.365596
vt 0.283549 -0.347340
vt 0.299351 -0.426105
vt 0.301622 -0.404711
vt 0.302974 -0.387058
vt 0.303111 -0.372005
vt 0.304735 -0.349390
vt 0.319463 -0.428019
vt 0.321628 -0.406840
vt 0.321646 -0.390649
vt 0.322459 -0.375614
vt 0.325489 -0.355347
vt 0.339645 -0.430070
vt 0.341413 -0.410242
vt 0.341488 -0.393656
vt 0.342822 -0.377683
vt 0.344554 -0.358954
vt 0.359714 -0.432058
vt 0.360248 -0.416323
vt 0.362329 -0.395624
vt 0.362487 -0.379974
vt 0.364233 -0.362323
vt 0.379646 -0.433810
vt 0.379163 -0.422585
vt 0.382128 -0.397661
vt 0.382443 -0.382213
vt 0.383739 -0.365471
vt 0.399509 -0.435560
vt 0.398678 -0.427687
vt 0.401800 -0.399335
vt 0.401461 -0.384617
vt 0.405634 -0.365787
vt 0.419393 -0.437219
vt 0.418487 -0.431864
vt 0.421181 -0.401365
vt 0.420874 -0.386450
vt 0.428912 -0.364139
vt 0.439913 -0.438882
vt 0.438788 -0.435169
vt 0.440597 -0.403116
vt 0.441509 -0.386737
vt 0.451082 -0.362259
vt 0.460410 -0.440637
vt 0.459444 -0.437543
vt 0.462449 -0.401740
vt 0.467764 -0.379119
vt 0.473624 -0.357276
vt 0.481782 -0.442292
vt 0.480492 -0.439832
vt 0.484765 -0.397849
vt 0.491721 -0.372001
vt 0.494269 -0.353478
vt 0.503414 -0.444515
vt 0.502650 -0.439739
vt 0.507750 -0.391460
vt 0.513775 -0.366592
vt 0.515272 -0.348767
vt 0.524687 -0.446654
vt 0.524421 -0.438543
vt 0.530411 -0.388259
vt 0.535993 -0.362632
vt 0.537797 -0.345015
vt 0.545888 -0.448142
vt 0.546911 -0.436897
vt 0.552974 -0.384496
vt 0.556610 -0.361149
vt 0.557588 -0.343957
vt 0.567182 -0.448934
vt 0.567209 -0.434382
vt 0.573645 -0.384655
vt 0.577671 -0.360672
vt 0.578480 -0.343941
vt 0.588454 -0.448663
vt 0.590460 -0.432260
vt 0.593129 -0.387862
vt 0.597513 -0.363124
vt 0.599904 -0.345898
vt 0.609915 -0.448022
vt 0.612124 -0.428564
vt 0.613612 -0.391779
vt 0.616738 -0.365171
vt 0.618777 -0.346771
vt 0.631492 -0.447073
vt 0.630853 -0.425314
vt 0.633938 -0.391797
vt 0.636567 -0.365813
vt 0.638198 -0.346585
vt 0.653273 -0.445687
vt 0.652349 -0.422950
vt 0.655336 -0.392294
vt 0.657201 -0.365917
vt 0.658018 -0.347092
vt 0.674847 -0.444741
vt 0.674550 -0.421886
vt 0.675668 -0.398791
vt 0.677955 -0.369532
vt 0.678222 -0.347767
vt 0.696442 -0.444375
vt 0.696576 -0.421067
vt 0.697242 -0.399556
vt 0.699877 -0.377717
vt 0.699523 -0.348471
vt 0.718004 -0.444586
vt 0.718711 -0.421072
vt 0.719631 -0.399684
vt 0.721536 -0.379493
vt 0.722223 -0.350526
vt 0.739532 -0.445386
vt 0.740877 -0.421839
vt 0.742245 -0.400380
vt 0.743803 -0.378694
vt 0.230066 1.233055
vt 0.208108 1.232477
vt 0.229570 1.254103
vt 0.229383 1.274727
vt 0.229037 1.295306
vt 0.207188 1.294872
vt 0.252080 1.233446
vt 0.251414 1.254610
vt 0.251018 1.275335
vt 0.250587 1.295920
vt 0.273926 1.233635
vt 0.273170 1.254997
vt 0.272658 1.275882
vt 0.272231 1.296491
vt 0.295471 1.233457
vt 0.294729 1.255084
vt 0.294250 1.276333
vt 0.293885 1.296981
vt 0.316597 1.232957
vt 0.316089 1.254958
vt 0.315777 1.276706
vt 0.315491 1.297366
vt 0.337531 1.232733
vt 0.337354 1.255216
vt 0.337248 1.276981
vt 0.336970 1.297656
vt 0.358554 1.232808
vt 0.358649 1.255826
vt 0.358575 1.277200
vt 0.358395 1.297856
vt 0.379670 1.233142
vt 0.379835 1.256265
vt 0.379775 1.277285
vt 0.379785 1.297857
vt 0.400715 1.233309
vt 0.400830 1.255983
vt 0.400981 1.277055
vt 0.401190 1.297700
vt 0.421469 1.232769
vt 0.421942 1.255097
vt 0.422393 1.276432
vt 0.422781 1.297367
vt 0.442231 1.231752
vt 0.443219 1.253978
vt 0.443994 1.275539
vt 0.444534 1.296882
vt 0.463270 1.230747
vt 0.464582 1.253006
vt 0.465588 1.274810
vt 0.466314 1.296488
vt 0.485068 1.229779
vt 0.486360 1.252108
vt 0.487336 1.274647
vt 0.488186 1.296408
vt 0.508138 1.228809
vt 0.508966 1.250464
vt 0.509145 1.274120
vt 0.509874 1.296456
vt 0.530828 1.228636
vt 0.531166 1.248614
vt 0.530926 1.272283
vt 0.531268 1.296015
vt 0.550883 1.229344
vt 0.551252 1.247442
vt 0.551818 1.269994
vt 0.552799 1.295296
vt 0.569608 1.229859
vt 0.569883 1.247666
vt 0.572405 1.270023
vt 0.574491 1.294507
vt 0.591348 1.230044
vt 0.591709 1.249424
vt 0.594963 1.271847
vt 0.596320 1.293749
vt 0.616925 1.229962
vt 0.616873 1.250907
vt 0.617613 1.272197
vt 0.618109 1.293189
vt 0.639124 1.229987
vt 0.639194 1.250827
vt 0.639488 1.271806
vt 0.639871 1.292745
vt 0.660714 1.229810
vt 0.660949 1.250612
vt 0.661239 1.271476
vt 0.661588 1.292351
vt 0.682302 1.229497
vt 0.682620 1.250300
vt 0.682939 1.271137
vt 0.683276 1.291982
vt 0.703938 1.229114
vt 0.704288 1.249952
vt 0.704614 1.270792
vt 0.704942 1.291627
vt 0.725642 1.228715
vt 0.725980 1.249603
vt 0.726282 1.270457
vt 0.726589 1.291286
vt 0.747406 1.228349
vt 0.747716 1.249279
vt 0.747948 1.270166
vt 0.748185 1.290938
vt 0.769176 1.228033
vt 0.769828 1.269961
vt 0.770020 1.290814
vt 0.187976 -0.412198
vt 0.159386 -0.404694
vt 0.135618 -0.388844
vt 0.106100 -0.336066
vt 0.117293 -0.365565
vt 0.103013 -0.302867
vt 0.097927 1.224907
vt 0.102410 1.260308
vt 0.163533 1.330288
vt 0.137055 1.314808
vt 0.194656 1.336383
vt 0.751034 -0.446040
vt 0.782575 -0.440142
vt 0.810419 -0.427537
vt 0.833382 -0.407256
vt 0.851189 -0.377862
vt 0.860417 -0.342824
vt 0.782077 1.332363
vt 0.813192 1.326629
vt 0.839791 1.311481
vt 0.875013 1.257345
vt 0.861178 1.287671
vt 0.879951 1.222053
vn -0.6212 0.0000 0.7836
vn 0.1551 0.6554 -0.7392
vn 0.1887 0.5970 -0.7797
vn 0.2908 0.5988 -0.7462
vn 0.2685 0.6133 -0.7428
vn 0.2104 0.9478 0.2395
vn 0.2801 0.9338 0.2228
vn 0.4614 0.7730 0.4354
vn 0.0000 1.0000 -0.0000
vn -0.0398 0.9985 0.0380
vn 0.0830 0.6433 -0.7611
vn 0.1536 0.5474 -0.8226
vn 0.5736 0.6509 0.4973
vn 0.4616 0.7199 0.5184
vn 0.4556 0.7888 0.4126
vn 0.5423 0.7447 0.3890
vn -0.0299 0.9990 -0.0320
vn -0.0553 0.9914 -0.1184
vn -0.1092 0.9693 -0.2201
vn -0.0344 0.9986 -0.0410
vn -0.1781 0.9384 -0.2962
vn -0.1092 0.9835 -0.1446
vn -0.1589 0.9317 -0.3266
vn -0.1163 0.9602 -0.2538
vn -0.0940 0.9305 -0.3540
vn -0.0581 0.9464 -0.3177
vn -0.0040 0.9294 -0.3690
vn -0.0046 0.9404 -0.3400
vn 0.1131 0.9384 -0.3265
vn 0.0521 0.9471 -0.3166
vn 0.1917 0.9484 -0.2527
vn 0.1226 0.9601 -0.2512
vn 0.2207 0.9608 -0.1678
vn 0.1154 0.9833 -0.1411
vn 0.1146 0.9918 -0.0571
vn 0.0330 0.9987 -0.0394
vn -0.2124 0.9764 -0.0397
vn -0.1560 0.9873 -0.0287
vn -0.4526 0.8860 -0.1012
vn -0.4065 0.9096 -0.0856
vn -0.3115 0.9437 -0.1116
vn -0.3379 0.9344 -0.1129
vn -0.1161 0.9893 -0.0888
vn -0.1320 0.9868 -0.0943
vn -0.2648 0.9600 -0.0913
vn -0.2399 0.9654 -0.1027
vn -0.6043 0.7905 -0.0997
vn -0.5643 0.8082 -0.1686
vn -0.7395 0.6656 -0.1001
vn -0.7036 0.6628 -0.2564
vn -0.5403 0.8349 -0.1053
vn -0.5173 0.7804 -0.3512
vn -0.1075 0.9901 -0.0900
vn -0.1168 0.9114 -0.3947
vn 0.3104 0.9497 -0.0428
vn 0.2728 0.8915 -0.3618
vn 0.5655 0.8245 0.0191
vn 0.5303 0.7961 -0.2917
vn 0.6929 0.7183 0.0619
vn 0.6787 0.6983 -0.2276
vn 0.6892 0.7238 0.0322
vn 0.7001 0.6883 -0.1900
vn 0.3615 0.9204 -0.1491
vn 0.4157 0.8904 -0.1853
vn 0.1000 0.9525 -0.2878
vn 0.0966 0.9874 -0.1255
vn 0.0853 0.9546 -0.2853
vn 0.0338 0.9986 -0.0402
vn 0.0298 0.9673 -0.2517
vn -0.2695 0.9174 -0.2928
vn -0.1596 0.9824 -0.0969
vn -0.5781 0.7273 -0.3699
vn -0.4564 0.8420 -0.2876
vn -0.4398 0.8034 -0.4015
vn -0.4626 0.7638 -0.4501
vn -0.2744 0.8991 -0.3411
vn -0.3135 0.8142 -0.4887
vn -0.2726 0.9154 -0.2963
vn -0.3142 0.8434 -0.4358
vn -0.2977 0.9083 -0.2939
vn -0.2843 0.8691 -0.4047
vn -0.3083 0.8922 -0.3301
vn -0.1780 0.8462 -0.5023
vn -0.2160 0.8767 -0.4298
vn -0.0058 0.7514 -0.6598
vn -0.0500 0.8241 -0.5643
vn 0.1150 0.6656 -0.7374
vn 0.0877 0.7295 -0.6784
vn 0.0992 0.7029 -0.7043
vn 0.1388 0.6844 -0.7158
vn 0.0833 0.7554 -0.6499
vn 0.1851 0.7066 -0.6830
vn 0.1744 0.7510 -0.6368
vn 0.2315 0.7161 -0.6585
vn 0.2478 0.7169 -0.6516
vn 0.2118 0.7155 -0.6658
vn 0.1988 0.7251 -0.6593
vn 0.1474 0.7102 -0.6884
vn 0.1114 0.7823 -0.6128
vn -0.0447 0.7194 -0.6931
vn -0.0416 0.8236 -0.5657
vn -0.2549 0.6733 -0.6940
vn -0.1747 0.7774 -0.6043
vn -0.3735 0.6095 -0.6993
vn -0.2462 0.6373 -0.7302
vn -0.3561 0.5348 -0.7662
vn -0.1673 0.4687 -0.8674
vn -0.2922 0.4342 -0.8521
vn -0.1614 0.3648 -0.9170
vn -0.2462 0.3605 -0.8997
vn -0.3203 0.3214 -0.8911
vn -0.2359 0.4259 -0.8735
vn -0.2887 0.3842 -0.8769
vn -0.1111 0.4863 -0.8667
vn -0.1173 0.4250 -0.8976
vn 0.0777 0.4913 -0.8675
vn 0.0893 0.3917 -0.9158
vn 0.2226 0.4401 -0.8699
vn 0.2606 0.3556 -0.8976
vn 0.4326 0.3728 -0.8209
vn 0.3683 0.4018 -0.8384
vn 0.5215 0.4582 -0.7198
vn 0.3217 0.6718 -0.6672
vn 0.1460 0.6948 -0.7042
vn 0.1190 0.8582 -0.4994
vn -0.3945 0.5867 -0.7072
vn -0.2184 0.8291 -0.5146
vn -0.3168 0.4118 -0.8544
vn -0.2583 0.6389 -0.7246
vn -0.0361 0.3722 -0.9274
vn -0.0497 0.5176 -0.8542
vn 0.0408 0.3920 -0.9190
vn -0.0111 0.5253 -0.8508
vn 0.0478 0.4285 -0.9023
vn 0.0112 0.5665 -0.8240
vn 0.0568 0.4607 -0.8858
vn 0.0270 0.5918 -0.8056
vn 0.0979 0.4991 -0.8610
vn 0.0466 0.6087 -0.7920
vn -0.0421 0.9977 0.0523
vn -0.0606 0.9831 0.1729
vn -0.0320 0.9634 0.2660
vn -0.0192 0.9515 0.3069
vn -0.0020 0.9456 0.3254
vn 0.0108 0.9482 0.3174
vn 0.0156 0.9555 0.2944
vn 0.0159 0.9639 0.2660
vn 0.0169 0.9719 0.2348
vn 0.0188 0.9797 0.1995
vn 0.0445 0.9901 0.1329
vn 0.0359 0.9984 0.0429
vn -0.0373 0.9983 0.0441
vn -0.0688 0.9849 0.1586
vn -0.0500 0.9632 0.2642
vn -0.0322 0.9467 0.3205
vn -0.0310 0.9322 0.3607
vn -0.0306 0.9172 0.3971
vn -0.0290 0.8976 0.4400
vn -0.0437 0.8665 0.4973
vn -0.0240 0.8602 0.5094
vn -0.0221 0.8466 0.5318
vn -0.0227 0.8602 0.5095
vn -0.0116 0.8604 0.5095
vn -0.0076 0.8666 0.4990
vn -0.0124 0.8690 0.4947
vn -0.0278 0.8611 0.5076
vn -0.0255 0.8591 0.5112
vn -0.0093 0.8592 0.5116
vn 0.0178 0.8620 0.5066
vn 0.0894 0.8732 0.4792
vn 0.2000 0.9062 0.3725
vn 0.1268 0.9833 0.1303
vn -0.0683 0.9940 0.0850
vn -0.0801 0.9612 0.2641
vn 0.0056 0.9414 0.3373
vn -0.0102 0.9395 0.3423
vn -0.0044 0.9389 0.3441
vn 0.0364 0.9537 0.2986
vn 0.0110 0.9631 0.2690
vn 0.0171 0.9668 0.2551
vn 0.0667 0.9843 0.1632
vn 0.0305 0.9988 0.0378
vn 0.2307 0.9278 -0.2934
vn 0.4416 0.6253 -0.6434
vn 0.4536 0.7787 -0.4335
vn -0.0385 0.9985 -0.0385
vn -0.1230 0.9912 -0.0481
vn 0.0978 0.9767 -0.1912
vn -0.1378 0.9875 -0.0767
vn 0.3010 0.8734 -0.3829
vn -0.0558 0.9706 -0.2342
vn 0.4145 0.8601 -0.2974
vn 0.0322 0.9509 -0.3080
vn 0.3732 0.9197 -0.1219
vn 0.0712 0.9785 -0.1936
vn 0.2421 0.9689 0.0505
vn 0.0642 0.9978 -0.0133
vn 0.1061 0.9848 0.1372
vn 0.0855 0.9881 0.1276
vn 0.0442 0.9939 0.1011
vn 0.1696 0.9757 0.1388
vn 0.0296 0.9984 0.0479
vn 0.2584 0.9620 0.0885
vn -0.0033 0.9999 0.0106
vn 0.2865 0.9574 -0.0367
vn -0.0802 0.9944 -0.0689
vn 0.2377 0.9578 -0.1615
vn -0.1665 0.9748 -0.1486
vn 0.1927 0.9625 -0.1912
vn -0.2164 0.9656 -0.1445
vn 0.1687 0.9744 -0.1485
vn -0.2168 0.9741 -0.0649
vn 0.1570 0.9870 -0.0339
vn -0.1771 0.9840 0.0199
vn 0.1610 0.9844 0.0709
vn -0.1345 0.9874 0.0837
vn 0.1581 0.9824 0.1000
vn -0.1280 0.9844 0.1203
vn 0.1111 0.9908 0.0770
vn -0.1563 0.9777 0.1404
vn 0.0222 0.9973 0.0704
vn -0.1891 0.9659 0.1767
vn -0.0692 0.9903 0.1206
vn -0.2074 0.9504 0.2318
vn -0.1231 0.9694 0.2124
vn -0.1925 0.9309 0.3103
vn -0.1296 0.9335 0.3342
vn -0.0495 0.9975 -0.0499
vn -0.1703 0.9830 -0.0685
vn -0.2763 0.9600 -0.0450
vn -0.3513 0.9349 -0.0495
vn -0.4170 0.9020 -0.1119
vn -0.5228 0.8440 -0.1195
vn -0.5753 0.8147 -0.0729
vn -0.6049 0.7741 -0.1869
vn -0.6074 0.7591 -0.2344
vn -0.5067 0.8614 -0.0344
vn -0.2467 0.9493 0.1950
vn 0.0346 0.9569 0.2884
vn 0.2030 0.9422 0.2667
vn 0.2797 0.9450 0.1698
vn 0.2742 0.9613 -0.0277
vn 0.3125 0.9360 -0.1618
vn 0.3946 0.9101 -0.1269
vn 0.4468 0.8885 -0.1040
vn 0.4440 0.8958 -0.0201
vn 0.4121 0.9088 0.0656
vn 0.3531 0.9345 0.0446
vn 0.2511 0.9675 -0.0283
vn 0.1244 0.9910 -0.0505
vn 0.0115 0.9995 0.0281
vn -0.0500 0.9822 0.1813
vn -0.0770 0.9436 0.3219
vn -0.1013 0.9744 -0.2008
vn -0.3270 0.9077 -0.2628
vn -0.4992 0.8533 -0.1507
vn -0.5933 0.7880 -0.1642
vn -0.6475 0.7405 -0.1801
vn -0.6707 0.7258 -0.1531
vn -0.6953 0.7063 -0.1331
vn -0.7181 0.6587 -0.2248
vn -0.7295 0.6589 -0.1832
vn -0.5943 0.7623 0.2564
vn -0.2376 0.8321 0.5012
vn -0.0017 0.8792 0.4765
vn 0.0926 0.9192 0.3827
vn 0.0936 0.9774 0.1894
vn 0.0702 0.9975 -0.0114
vn 0.1196 0.9909 -0.0617
vn 0.2048 0.9781 -0.0367
vn 0.2858 0.9566 -0.0572
vn 0.3743 0.9267 -0.0338
vn 0.3974 0.9173 0.0260
vn 0.3516 0.9345 -0.0560
vn 0.2417 0.9563 -0.1646
vn 0.1288 0.9776 -0.1664
vn 0.0620 0.9971 -0.0435
vn 0.0346 0.9870 0.1570
vn 0.0220 0.9538 0.2996
vn -0.1453 0.9206 -0.3624
vn -0.3357 0.8283 -0.4485
vn -0.4442 0.8630 -0.2406
vn -0.4692 0.8452 -0.2560
vn -0.4829 0.8422 -0.2397
vn -0.4965 0.8447 -0.2001
vn -0.5126 0.8358 -0.1968
vn -0.5134 0.8157 -0.2665
vn -0.4886 0.8575 -0.1610
vn -0.3918 0.8624 0.3204
vn -0.1623 0.7617 0.6273
vn -0.1127 0.8219 0.5584
vn -0.0705 0.8925 0.4456
vn -0.0220 0.9825 0.1850
vn 0.0304 0.9993 -0.0226
vn 0.0942 0.9953 -0.0239
vn 0.1482 0.9889 0.0019
vn 0.1590 0.9796 -0.1226
vn 0.1416 0.9579 -0.2499
vn 0.1336 0.9686 -0.2096
vn 0.1416 0.9880 -0.0621
vn 0.1358 0.9807 0.1403
vn 0.1212 0.9496 0.2892
vn -0.1647 0.8366 -0.5225
vn -0.2847 0.7975 -0.5320
vn -0.3434 0.8968 -0.2790
vn -0.3417 0.8956 -0.2849
vn -0.3402 0.9024 -0.2646
vn -0.3435 0.9117 -0.2253
vn -0.3412 0.9136 -0.2213
vn -0.3206 0.9117 -0.2568
vn -0.2760 0.9596 -0.0544
vn -0.2022 0.8798 0.4302
vn -0.2109 0.7586 0.6165
vn -0.2446 0.7802 0.5758
vn -0.2405 0.8457 0.4764
vn -0.2592 0.9475 0.1875
vn -0.2693 0.9630 0.0010
vn -0.2756 0.9610 0.0227
vn -0.2693 0.9622 0.0405
vn -0.2319 0.9723 0.0307
vn -0.1868 0.9823 0.0133
vn -0.1558 0.9878 -0.0043
vn -0.1140 0.9867 -0.1155
vn -0.0190 0.9783 -0.2063
vn 0.1024 0.9829 -0.1528
vn 0.1844 0.9822 -0.0346
vn 0.2166 0.9660 0.1412
vn 0.2036 0.9439 0.2601
vn -0.1468 0.7868 -0.5995
vn -0.1987 0.7973 -0.5699
vn -0.2521 0.9209 -0.2973
vn -0.2609 0.9186 -0.2969
vn -0.2790 0.9181 -0.2814
vn -0.2980 0.9268 -0.2286
vn -0.2935 0.9319 -0.2130
vn -0.2855 0.9272 -0.2423
vn -0.2761 0.9611 0.0120
vn -0.2444 0.8603 0.4474
vn -0.3240 0.7742 0.5437
vn -0.4299 0.7462 0.5083
vn -0.5191 0.7502 0.4096
vn -0.6002 0.7867 0.1444
vn -0.5991 0.8001 0.0287
vn -0.5664 0.8208 0.0741
vn -0.5246 0.8448 0.1050
vn -0.4721 0.8768 0.0912
vn -0.4099 0.9101 0.0606
vn -0.3490 0.9369 0.0198
vn -0.2738 0.9607 -0.0456
vn -0.1567 0.9850 -0.0721
vn -0.0207 0.9994 -0.0293
vn 0.0900 0.9952 0.0377
vn 0.1498 0.9734 0.1734
vn 0.1224 0.9749 0.1862
vn -0.1592 0.7784 -0.6072
vn -0.1789 0.7928 -0.5827
vn -0.2242 0.9254 -0.3057
vn -0.2264 0.9244 -0.3070
vn -0.2286 0.9266 -0.2987
vn -0.2270 0.9470 -0.2273
vn -0.2273 0.9507 -0.2111
vn -0.2517 0.9315 -0.2624
vn -0.2991 0.9542 0.0052
vn -0.3292 0.8516 0.4078
vn -0.4278 0.7799 0.4569
vn -0.5560 0.7470 0.3645
vn -0.6548 0.6995 0.2863
vn -0.6845 0.7144 0.1451
vn -0.6379 0.7632 0.1033
vn -0.5822 0.8019 0.1339
vn -0.5446 0.8249 0.1517
vn -0.5149 0.8451 0.1436
vn -0.4750 0.8714 0.1227
vn -0.4147 0.9058 0.0871
vn -0.3315 0.9419 0.0535
vn -0.2350 0.9706 0.0529
vn -0.1411 0.9863 0.0856
vn -0.0620 0.9908 0.1203
vn -0.0138 0.9780 0.2080
vn -0.0002 0.9900 0.1409
vn -0.1477 0.7718 -0.6185
vn -0.1625 0.7951 -0.5843
vn -0.1862 0.9328 -0.3086
vn -0.1737 0.9362 -0.3054
vn -0.1463 0.9461 -0.2891
vn -0.1294 0.9656 -0.2255
vn -0.1480 0.9611 -0.2331
vn -0.1883 0.9359 -0.2977
vn -0.2704 0.9617 -0.0453
vn -0.3696 0.8664 0.3358
vn -0.4777 0.7920 0.3803
vn -0.5590 0.7815 0.2771
vn -0.5940 0.7713 0.2288
vn -0.6009 0.7770 0.1876
vn -0.5816 0.7951 0.1721
vn -0.5589 0.8098 0.1786
vn -0.5414 0.8211 0.1807
vn -0.5208 0.8348 0.1784
vn -0.4907 0.8541 0.1724
vn -0.4439 0.8816 0.1607
vn -0.3755 0.9148 0.1485
vn -0.2948 0.9437 0.1498
vn -0.2228 0.9611 0.1634
vn -0.1779 0.9694 0.1691
vn -0.1751 0.9624 0.2077
vn -0.1747 0.9734 0.1481
vn -0.0961 0.7645 -0.6375
vn -0.1086 0.8009 -0.5888
vn -0.1291 0.9402 -0.3151
vn -0.1194 0.9498 -0.2890
vn -0.0932 0.9594 -0.2660
vn -0.0861 0.9691 -0.2312
vn -0.1027 0.9603 -0.2594
vn -0.1203 0.9414 -0.3150
vn -0.1932 0.9749 -0.1103
vn -0.3390 0.9116 0.2327
vn -0.4640 0.8287 0.3129
vn -0.5209 0.8155 0.2523
vn -0.5368 0.8149 0.2183
vn -0.5414 0.8161 0.2021
vn -0.5391 0.8191 0.1961
vn -0.5324 0.8233 0.1968
vn -0.5220 0.8291 0.2003
vn -0.5045 0.8378 0.2085
vn -0.4736 0.8529 0.2195
vn -0.4276 0.8750 0.2271
vn -0.3718 0.9000 0.2273
vn -0.3136 0.9222 0.2262
vn -0.2634 0.9396 0.2185
vn -0.2354 0.9532 0.1900
vn -0.2469 0.9535 0.1728
vn -0.2617 0.9502 0.1693
vn 0.0186 0.7767 -0.6296
vn 0.0332 0.7965 -0.6037
vn 0.0171 0.9396 -0.3418
vn 0.0197 0.9638 -0.2660
vn 0.0489 0.9670 -0.2499
vn 0.0493 0.9691 -0.2418
vn 0.0272 0.9621 -0.2715
vn 0.0058 0.9510 -0.3091
vn -0.0733 0.9813 -0.1779
vn -0.2514 0.9619 0.1076
vn -0.3986 0.8854 0.2393
vn -0.4626 0.8571 0.2270
vn -0.4935 0.8447 0.2073
vn -0.5079 0.8378 0.2002
vn -0.5119 0.8353 0.2007
vn -0.5086 0.8358 0.2068
vn -0.4993 0.8390 0.2165
vn -0.4795 0.8439 0.2406
vn -0.4378 0.8547 0.2790
vn -0.3784 0.8765 0.2975
vn -0.3247 0.9006 0.2888
vn -0.2885 0.9172 0.2749
vn -0.2646 0.9304 0.2538
vn -0.2462 0.9465 0.2084
vn -0.2254 0.9596 0.1681
vn -0.2012 0.9616 0.1869
vn 0.2331 0.8230 -0.5180
vn 0.2878 0.7439 -0.6031
vn 0.2750 0.8834 -0.3794
vn 0.2789 0.9339 -0.2235
vn 0.3099 0.9243 -0.2225
vn 0.2969 0.9213 -0.2510
vn 0.2346 0.9271 -0.2925
vn 0.1577 0.9347 -0.3186
vn 0.0478 0.9653 -0.2567
vn -0.1321 0.9910 -0.0207
vn -0.2698 0.9504 0.1547
vn -0.3488 0.9195 0.1812
vn -0.3999 0.8988 0.1794
vn -0.4375 0.8808 0.1808
vn -0.4646 0.8651 0.1890
vn -0.4767 0.8538 0.2093
vn -0.4682 0.8515 0.2360
vn -0.4309 0.8540 0.2916
vn -0.3621 0.8587 0.3627
vn -0.2897 0.8812 0.3736
vn -0.2459 0.9106 0.3321
vn -0.2329 0.9268 0.2947
vn -0.2329 0.9352 0.2668
vn -0.2295 0.9466 0.2265
vn -0.2148 0.9572 0.1943
vn -0.1984 0.9587 0.2037
vn 0.3166 0.8930 -0.3200
vn 0.4124 0.7417 -0.5291
vn 0.4698 0.7882 -0.3976
vn 0.5112 0.8462 -0.1501
vn 0.5456 0.8204 -0.1708
vn 0.5341 0.8089 -0.2460
vn 0.4537 0.8275 -0.3307
vn 0.3046 0.8693 -0.3892
vn 0.1252 0.9237 -0.3621
vn -0.0307 0.9888 -0.1461
vn -0.1361 0.9885 0.0653
vn -0.2149 0.9695 0.1174
vn -0.2776 0.9516 0.1322
vn -0.3313 0.9335 0.1369
vn -0.3821 0.9120 0.1491
vn -0.4126 0.8894 0.1967
vn -0.3972 0.8777 0.2680
vn -0.3266 0.8672 0.3758
vn -0.2309 0.8556 0.4633
vn -0.1628 0.8860 0.4341
vn -0.1445 0.9263 0.3479
vn -0.1571 0.9445 0.2885
vn -0.1770 0.9496 0.2588
vn -0.1891 0.9540 0.2326
vn -0.1878 0.9592 0.2115
vn -0.1811 0.9602 0.2128
vn 0.3101 0.9341 -0.1766
vn 0.4177 0.8255 -0.3797
vn 0.5548 0.7572 -0.3447
vn 0.6439 0.7609 -0.0805
vn 0.6485 0.7456 -0.1533
vn 0.5861 0.7499 -0.3069
vn 0.4513 0.7633 -0.4622
vn 0.2626 0.7922 -0.5509
vn 0.0773 0.8751 -0.4778
vn -0.0117 0.9756 -0.2193
vn -0.0607 0.9981 -0.0082
vn -0.1169 0.9915 0.0569
vn -0.1667 0.9827 0.0805
vn -0.2132 0.9733 0.0853
vn -0.2634 0.9604 0.0907
vn -0.3027 0.9383 0.1673
vn -0.2851 0.9102 0.3004
vn -0.1858 0.8630 0.4698
vn -0.0818 0.8339 0.5458
vn -0.0421 0.8885 0.4569
vn -0.0501 0.9404 0.3362
vn -0.0770 0.9619 0.2623
vn -0.1085 0.9662 0.2341
vn -0.1336 0.9658 0.2222
vn -0.1468 0.9658 0.2137
vn -0.1515 0.9647 0.2152
vn 0.1965 0.9762 -0.0922
vn 0.3291 0.9219 -0.2045
vn 0.4961 0.8569 -0.1400
vn 0.5204 0.8480 -0.1006
vn 0.4359 0.8549 -0.2812
vn 0.3273 0.8141 -0.4798
vn 0.1926 0.7461 -0.6374
vn 0.0600 0.7299 -0.6809
vn 0.0142 0.8560 -0.5167
vn 0.0209 0.9709 -0.2387
vn 0.0043 0.9982 -0.0595
vn -0.0319 0.9994 0.0149
vn -0.0628 0.9972 0.0408
vn -0.0951 0.9945 0.0434
vn -0.1294 0.9907 0.0410
vn -0.1655 0.9783 0.1248
vn -0.1598 0.9345 0.3182
vn -0.0652 0.8389 0.5404
vn 0.0369 0.8115 0.5832
vn 0.0513 0.8982 0.4366
vn 0.0226 0.9521 0.3050
vn -0.0097 0.9740 0.2265
vn -0.0441 0.9785 0.2013
vn -0.0731 0.9770 0.2003
vn -0.0940 0.9748 0.2024
vn -0.1099 0.9722 0.2070
vn 0.0288 0.9992 -0.0291
vn 0.1076 0.9928 -0.0527
vn 0.1232 0.9889 -0.0831
vn 0.0274 0.9775 -0.2090
vn -0.0319 0.9288 -0.3691
vn 0.0020 0.8349 -0.5504
vn 0.0356 0.7166 -0.6965
vn 0.0654 0.7189 -0.6920
vn 0.1186 0.8587 -0.4986
vn 0.1370 0.9587 -0.2493
vn 0.0998 0.9893 -0.1067
vn 0.0574 0.9982 -0.0197
vn 0.0327 0.9993 0.0176
vn 0.0262 0.9993 0.0260
vn 0.0302 0.9992 0.0244
vn 0.0269 0.9957 0.0890
vn 0.0437 0.9430 0.3300
vn 0.1175 0.8029 0.5844
vn 0.1678 0.8139 0.5563
vn 0.1313 0.9183 0.3734
vn 0.0804 0.9639 0.2538
vn 0.0424 0.9817 0.1858
vn 0.0072 0.9859 0.1674
vn -0.0236 0.9847 0.1728
vn -0.0487 0.9819 0.1829
vn -0.0689 0.9794 0.1898
vn -0.2769 0.9601 -0.0395
vn -0.3301 0.9434 -0.0328
vn -0.3770 0.9169 -0.1309
vn -0.4259 0.8725 -0.2396
vn -0.3215 0.9095 -0.2635
vn -0.1170 0.8833 -0.4539
vn 0.0622 0.7567 -0.6508
vn 0.1868 0.7456 -0.6397
vn 0.2762 0.8412 -0.4650
vn 0.2976 0.9163 -0.2682
vn 0.2623 0.9523 -0.1561
vn 0.2143 0.9747 -0.0639
vn 0.1891 0.9819 0.0070
vn 0.2112 0.9762 0.0497
vn 0.2717 0.9602 0.0646
vn 0.3385 0.9351 0.1052
vn 0.3795 0.8642 0.3305
vn 0.4034 0.7465 0.5292
vn 0.3587 0.8305 0.4262
vn 0.2538 0.9295 0.2676
vn 0.1698 0.9696 0.1762
vn 0.1094 0.9852 0.1318
vn 0.0584 0.9903 0.1262
vn 0.0185 0.9899 0.1403
vn -0.0121 0.9875 0.1574
vn -0.0354 0.9848 0.1699
vn -0.4871 0.8678 -0.0988
vn -0.5085 0.8567 -0.0867
vn -0.4928 0.8601 -0.1318
vn -0.4253 0.8907 -0.1606
vn -0.3216 0.9422 -0.0945
vn -0.1488 0.9518 -0.2681
vn 0.0822 0.8438 -0.5303
vn 0.2840 0.7951 -0.5359
vn 0.4246 0.8140 -0.3963
vn 0.4876 0.8382 -0.2441
vn 0.5074 0.8484 -0.1511
vn 0.5109 0.8568 -0.0706
vn 0.5149 0.8570 0.0195
vn 0.5438 0.8340 0.0929
vn 0.5967 0.7936 0.1190
vn 0.6500 0.7470 0.1394
vn 0.6630 0.6939 0.2810
vn 0.6117 0.7134 0.3419
vn 0.5124 0.8265 0.2331
vn 0.4035 0.9066 0.1233
vn 0.3073 0.9496 0.0617
vn 0.2129 0.9763 0.0386
vn 0.1254 0.9904 0.0576
vn 0.0610 0.9935 0.0959
vn 0.0208 0.9917 0.1270
vn -0.0039 0.9888 0.1494
vn -0.2769 0.9550 -0.1065
vn -0.2469 0.9639 -0.0994
vn -0.2215 0.9701 -0.0990
vn -0.1978 0.9744 -0.1069
vn -0.1757 0.9842 -0.0201
vn -0.0888 0.9921 -0.0883
vn 0.1248 0.9372 -0.3257
vn 0.3536 0.8606 -0.3665
vn 0.5139 0.8137 -0.2718
vn 0.6050 0.7794 -0.1627
vn 0.6555 0.7506 -0.0832
vn 0.6895 0.7240 -0.0187
vn 0.7126 0.6994 0.0544
vn 0.7251 0.6779 0.1212
vn 0.7304 0.6683 0.1411
vn 0.7273 0.6696 0.1506
vn 0.6873 0.6998 0.1947
vn 0.6056 0.7776 0.1690
vn 0.5166 0.8523 0.0820
vn 0.4434 0.8963 0.0051
vn 0.3767 0.9249 -0.0511
vn 0.2948 0.9523 -0.0790
vn 0.1969 0.9794 -0.0457
vn 0.1084 0.9937 0.0285
vn 0.0521 0.9946 0.0899
vn 0.0267 0.9909 0.1318
vn -0.1176 0.9885 -0.0945
vn -0.1307 0.9870 -0.0940
vn -0.1321 0.9880 -0.0803
vn -0.1052 0.9915 -0.0766
vn -0.0781 0.9969 -0.0056
vn -0.0078 0.9987 0.0503
vn 0.1797 0.9811 -0.0712
vn 0.3755 0.9113 -0.1688
vn 0.5012 0.8558 -0.1280
vn 0.5757 0.8153 -0.0617
vn 0.6147 0.7886 -0.0137
vn 0.6277 0.7782 0.0213
vn 0.6221 0.7802 0.0654
vn 0.6047 0.7884 0.1126
vn 0.5858 0.7989 0.1364
vn 0.5628 0.8148 0.1392
vn 0.5171 0.8476 0.1191
vn 0.4540 0.8887 0.0638
vn 0.3919 0.9200 -0.0029
vn 0.3473 0.9360 -0.0568
vn 0.3176 0.9416 -0.1123
vn 0.2795 0.9457 -0.1659
vn 0.2151 0.9648 -0.1510
vn 0.1363 0.9890 -0.0569
vn 0.0762 0.9961 0.0446
vn 0.0558 0.9906 0.1246
vn -0.2724 0.9569 -0.1003
vn -0.2733 0.9568 -0.0989
vn -0.2651 0.9622 -0.0619
vn -0.2191 0.9756 -0.0140
vn -0.1391 0.9893 0.0435
vn -0.0239 0.9841 0.1761
vn 0.1565 0.9743 0.1621
vn 0.3136 0.9495 -0.0040
vn 0.3784 0.9250 -0.0353
vn 0.3943 0.9188 0.0194
vn 0.4059 0.9125 0.0511
vn 0.4129 0.9094 0.0503
vn 0.4101 0.9105 0.0537
vn 0.4082 0.9101 0.0709
vn 0.3916 0.9156 0.0915
vn 0.3639 0.9267 0.0939
vn 0.3290 0.9424 0.0601
vn 0.2917 0.9565 0.0051
vn 0.2588 0.9647 -0.0483
vn 0.2345 0.9684 -0.0849
vn 0.2165 0.9672 -0.1326
vn 0.1970 0.9593 -0.2025
vn 0.1658 0.9614 -0.2196
vn 0.1206 0.9839 -0.1320
vn 0.0840 0.9965 0.0035
vn 0.0791 0.9881 0.1321
vn -0.5878 0.8065 -0.0635
vn -0.5342 0.8441 -0.0471
vn -0.4716 0.8818 -0.0049
vn -0.3929 0.9157 0.0844
vn -0.2724 0.9484 0.1626
vn -0.1377 0.9439 0.3001
vn 0.0057 0.9414 0.3372
vn 0.1367 0.9827 0.1248
vn 0.1836 0.9829 -0.0126
vn 0.1503 0.9877 0.0434
vn 0.1196 0.9885 0.0923
vn 0.1202 0.9881 0.0963
vn 0.1541 0.9836 0.0935
vn 0.2376 0.9659 0.1032
vn 0.3141 0.9457 0.0830
vn 0.3208 0.9455 0.0563
vn 0.3005 0.9531 0.0364
vn 0.2655 0.9634 -0.0370
vn 0.2125 0.9732 -0.0876
vn 0.1749 0.9787 -0.1073
vn 0.1444 0.9778 -0.1517
vn 0.1157 0.9693 -0.2171
vn 0.0950 0.9639 -0.2487
vn 0.0803 0.9814 -0.1746
vn 0.0769 0.9969 -0.0159
vn 0.0882 0.9850 0.1485
vn -0.7198 0.6940 0.0162
vn -0.6508 0.7554 0.0759
vn -0.5461 0.8296 0.1161
vn -0.4325 0.8783 0.2037
vn -0.3208 0.9009 0.2923
vn -0.2333 0.8961 0.3777
vn -0.1752 0.8878 0.4257
vn -0.1062 0.9717 0.2110
vn -0.0689 0.9976 -0.0105
vn -0.1058 0.9942 0.0197
vn -0.1468 0.9836 0.1044
vn -0.1267 0.9789 0.1601
vn -0.0451 0.9833 0.1765
vn 0.0622 0.9782 0.1979
vn 0.1419 0.9818 0.1259
vn 0.1723 0.9848 0.0220
vn 0.1767 0.9841 0.0190
vn 0.1888 0.9806 -0.0536
vn 0.1821 0.9745 -0.1308
vn 0.1372 0.9791 -0.1501
vn 0.0857 0.9791 -0.1843
vn 0.0519 0.9712 -0.2325
vn 0.0344 0.9653 -0.2588
vn 0.0377 0.9821 -0.1848
vn 0.0576 0.9983 -0.0094
vn 0.0807 0.9826 0.1674
vn -0.5141 0.8519 0.0996
vn -0.4495 0.8646 0.2247
vn -0.3577 0.8945 0.2682
vn -0.2726 0.9147 0.2984
vn -0.2415 0.9071 0.3448
vn -0.2482 0.8851 0.3937
vn -0.2736 0.8643 0.4219
vn -0.3108 0.9170 0.2501
vn -0.3137 0.9495 0.0046
vn -0.3237 0.9460 -0.0146
vn -0.3258 0.9370 0.1256
vn -0.2463 0.9361 0.2513
vn -0.1192 0.9557 0.2693
vn -0.0313 0.9636 0.2656
vn -0.0038 0.9901 0.1402
vn 0.0244 0.9994 -0.0262
vn 0.0921 0.9908 -0.0989
vn 0.1111 0.9735 -0.1998
vn 0.0490 0.9695 -0.2402
vn -0.0032 0.9686 -0.2487
vn -0.0187 0.9647 -0.2627
vn -0.0064 0.9848 -0.1737
vn 0.0268 0.9995 0.0170
vn 0.0598 0.9800 0.1900
vn -0.0616 0.9826 0.1753
vn 0.0004 0.9467 0.3221
vn 0.0352 0.9423 0.3330
vn -0.0115 0.9634 0.2677
vn -0.1488 0.9559 0.2533
vn -0.2864 0.9000 0.3286
vn -0.3837 0.8513 0.3579
vn -0.4721 0.8532 0.2218
vn -0.4938 0.8689 0.0355
vn -0.4675 0.8839 -0.0132
vn -0.4297 0.8891 0.1578
vn -0.3371 0.8748 0.3480
vn -0.2062 0.9073 0.3663
vn -0.0924 0.9444 0.3155
vn -0.0244 0.9890 0.1460
vn -0.0035 0.9982 -0.0594
vn -0.0153 0.9757 -0.2184
vn -0.0419 0.9571 -0.2868
vn -0.0709 0.9616 -0.2650
vn -0.0855 0.9618 -0.2601
vn -0.0611 0.9878 -0.1436
vn -0.0111 0.9980 0.0623
vn 0.0376 0.9741 0.2229
vn 0.3486 0.9091 0.2281
vn 0.3788 0.8638 0.3322
vn 0.3444 0.9085 0.2368
vn 0.1926 0.9791 0.0649
vn -0.0475 0.9988 0.0085
vn -0.3157 0.9409 0.1225
vn -0.5416 0.8146 0.2074
vn -0.6578 0.7367 0.1567
vn -0.6859 0.7236 0.0774
vn -0.6417 0.7651 0.0532
vn -0.5488 0.8115 0.2005
vn -0.4526 0.7948 0.4042
vn -0.3509 0.8220 0.4486
vn -0.2379 0.8920 0.3843
vn -0.1244 0.9735 0.1921
vn -0.0356 0.9989 0.0289
vn -0.0434 0.9934 -0.1059
vn -0.1173 0.9587 -0.2590
vn -0.1414 0.9479 -0.2856
vn -0.1539 0.9480 -0.2788
vn -0.1581 0.9571 -0.2429
vn -0.1143 0.9898 -0.0850
vn -0.0381 0.9905 0.1322
vn 0.0274 0.9631 0.2677
vn 0.5694 0.7826 0.2515
vn 0.5549 0.7858 0.2730
vn 0.4954 0.8656 0.0730
vn 0.3298 0.9247 -0.1901
vn 0.0327 0.9394 -0.3412
vn -0.3729 0.8874 -0.2712
vn -0.6749 0.7352 -0.0633
vn -0.7630 0.6416 0.0785
vn -0.7449 0.6537 0.1332
vn -0.6710 0.7238 0.1607
vn -0.5964 0.7620 0.2524
vn -0.5490 0.7356 0.3968
vn -0.4950 0.7180 0.4893
vn -0.4123 0.7922 0.4499
vn -0.3027 0.9079 0.2899
vn -0.1545 0.9803 0.1229
vn -0.0423 0.9984 0.0372
vn -0.0333 0.9824 -0.1838
vn -0.1200 0.9367 -0.3288
vn -0.1977 0.9363 -0.2901
vn -0.2216 0.9330 -0.2834
vn -0.2075 0.9578 -0.1987
vn -0.1354 0.9907 0.0100
vn -0.0361 0.9742 0.2229
vn 0.0342 0.9487 0.3143
vn 0.6669 0.7095 0.2276
vn 0.6155 0.7744 0.1468
vn 0.4800 0.8690 -0.1207
vn 0.2659 0.8569 -0.4415
vn 0.0017 0.7711 -0.6367
vn -0.3210 0.7215 -0.6135
vn -0.5734 0.7318 -0.3683
vn -0.7022 0.7118 -0.0163
vn -0.6808 0.7026 0.2072
vn -0.6085 0.7518 0.2540
vn -0.5592 0.7798 0.2816
vn -0.5699 0.7439 0.3490
vn -0.5809 0.6695 0.4630
vn -0.5521 0.6716 0.4940
vn -0.4799 0.7872 0.3873
vn -0.3650 0.8956 0.2543
vn -0.2433 0.9641 0.1068
vn -0.2657 0.9640 -0.0099
vn -0.2469 0.9416 -0.2289
vn -0.2578 0.8957 -0.3622
vn -0.2799 0.9100 -0.3059
vn -0.2913 0.9216 -0.2564
vn -0.2314 0.9675 -0.1022
vn -0.1144 0.9840 0.1368
vn -0.0074 0.9497 0.3130
vn 0.0504 0.9352 0.3506
vn 0.5532 0.8292 0.0795
vn 0.3118 0.9437 -0.1102
vn 0.0802 0.9318 -0.3541
vn -0.0662 0.7998 -0.5967
vn -0.1028 0.6622 -0.7422
vn -0.1218 0.6972 -0.7065
vn -0.2475 0.8157 -0.5228
vn -0.4404 0.8766 -0.1941
vn -0.5544 0.8163 0.1622
vn -0.5661 0.7536 0.3342
vn -0.5309 0.7874 0.3132
vn -0.5118 0.7958 0.3237
vn -0.5292 0.7401 0.4151
vn -0.5724 0.6580 0.4893
vn -0.5863 0.6699 0.4556
vn -0.5378 0.7681 0.3475
vn -0.4979 0.8490 0.1771
vn -0.4957 0.8681 -0.0274
vn -0.4517 0.8606 -0.2353
vn -0.3929 0.8559 -0.3363
vn -0.3840 0.8754 -0.2936
vn -0.3406 0.9271 -0.1567
vn -0.2092 0.9762 0.0567
vn -0.0654 0.9604 0.2710
vn 0.0238 0.9246 0.3802
vn 0.0649 0.9245 0.3756
vn 0.1604 0.9630 -0.2164
vn -0.1152 0.9208 -0.3726
vn -0.2801 0.8332 -0.4767
vn -0.2580 0.7568 -0.6006
vn -0.1251 0.7051 -0.6980
vn -0.0193 0.7377 -0.6749
vn -0.0125 0.8109 -0.5850
vn -0.1675 0.9286 -0.3310
vn -0.3670 0.9283 0.0600
vn -0.4658 0.8186 0.3361
vn -0.4687 0.7970 0.3809
vn -0.4214 0.8308 0.3637
vn -0.3917 0.8273 0.4026
vn -0.4296 0.7776 0.4590
vn -0.4806 0.7118 0.5122
vn -0.5425 0.7367 0.4037
vn -0.5706 0.7926 0.2149
vn -0.5542 0.8324 0.0057
vn -0.5143 0.8353 -0.1943
vn -0.4733 0.8275 -0.3020
vn -0.4077 0.8900 -0.2043
vn -0.2778 0.9606 0.0064
vn -0.1218 0.9685 0.2170
vn -0.0150 0.9298 0.3677
vn 0.0398 0.9043 0.4250
vn 0.0768 0.9134 0.3997
vn -0.0223 0.8955 -0.4445
vn -0.1493 0.8404 -0.5209
vn -0.2073 0.8250 -0.5257
vn -0.1830 0.8070 -0.5615
vn -0.0942 0.7798 -0.6189
vn -0.0079 0.7858 -0.6184
vn 0.0419 0.8140 -0.5793
vn 0.0311 0.8813 -0.4716
vn -0.1200 0.9836 -0.1348
vn -0.2916 0.9263 0.2385
vn -0.3675 0.8296 0.4204
vn -0.3321 0.8339 0.4408
vn -0.2787 0.8566 0.4343
vn -0.2668 0.8568 0.4413
vn -0.3040 0.8066 0.5069
vn -0.4145 0.8159 0.4031
vn -0.5077 0.8358 0.2088
vn -0.5454 0.8350 0.0728
vn -0.5171 0.8424 -0.1512
vn -0.4329 0.8746 -0.2184
vn -0.2880 0.9563 -0.0506
vn -0.1217 0.9795 0.1605
vn -0.0203 0.9517 0.3064
vn 0.0173 0.9128 0.4080
vn 0.0448 0.8853 0.4629
vn 0.0842 0.9000 0.4277
vn 0.0690 0.8406 -0.5373
vn -0.0076 0.8091 -0.5876
vn -0.0703 0.8266 -0.5584
vn -0.0813 0.8373 -0.5407
vn -0.0410 0.8241 -0.5650
vn 0.0196 0.8262 -0.5630
vn 0.0792 0.8387 -0.5389
vn 0.1219 0.8673 -0.4826
vn 0.0925 0.9478 -0.3051
vn -0.0800 0.9941 0.0729
vn -0.2078 0.9067 0.3671
vn -0.2541 0.8318 0.4936
vn -0.2162 0.8483 0.4833
vn -0.1564 0.8642 0.4782
vn -0.1463 0.8654 0.4792
vn -0.2571 0.9103 0.3243
vn -0.3395 0.9241 0.1757
vn -0.3605 0.9268 0.1056
vn -0.3316 0.9393 -0.0879
vn -0.2391 0.9680 -0.0758
vn -0.1097 0.9869 0.1185
vn 0.0020 0.9671 0.2545
vn 0.0340 0.9449 0.3256
vn 0.0286 0.9116 0.4100
vn 0.0320 0.8698 0.4923
vn 0.0407 0.8989 0.4363
vn 0.0604 0.8261 -0.5603
vn 0.0207 0.7642 -0.6446
vn -0.0545 0.8025 -0.5941
vn -0.0715 0.8489 -0.5237
vn -0.0250 0.8511 -0.5243
vn 0.0432 0.8596 -0.5092
vn 0.1145 0.8669 -0.4851
vn 0.1699 0.8761 -0.4511
vn 0.1834 0.9175 -0.3529
vn 0.1184 0.9851 -0.1246
vn -0.0337 0.9705 0.2387
vn -0.1414 0.8602 0.4899
vn -0.1343 0.8283 0.5440
vn -0.0462 0.8233 0.5658
vn 0.0068 0.8889 0.4580
vn -0.0702 0.9736 0.2173
vn -0.1570 0.9774 0.1417
vn -0.1658 0.9798 0.1121
vn -0.1275 0.9915 -0.0245
vn -0.0659 0.9965 0.0505
vn -0.0047 0.9731 0.2302
vn 0.0309 0.9561 0.2914
vn 0.0426 0.9437 0.3279
vn 0.0452 0.9153 0.4003
vn 0.0197 0.8766 0.4808
vn -0.0365 0.9182 0.3944
vn -0.3086 0.7804 -0.5438
vn -0.2923 0.7243 -0.6245
vn -0.2104 0.8029 -0.5578
vn -0.1148 0.8701 -0.4794
vn -0.0340 0.8796 -0.4745
vn 0.0568 0.8948 -0.4427
vn 0.1488 0.8929 -0.4249
vn 0.2035 0.8845 -0.4199
vn 0.2298 0.9067 -0.3536
vn 0.2554 0.9449 -0.2048
vn 0.2735 0.9527 0.1323
vn 0.2563 0.8483 0.4634
vn 0.2357 0.7790 0.5811
vn 0.2171 0.7666 0.6042
vn 0.1727 0.8928 0.4160
vn 0.0849 0.9911 0.1021
vn 0.0047 0.9963 0.0857
vn -0.0341 0.9942 0.1019
vn -0.0423 0.9990 0.0117
vn -0.0187 0.9943 0.1047
vn 0.0066 0.9639 0.2662
vn 0.0132 0.9543 0.2985
vn 0.0277 0.9370 0.3483
vn 0.0430 0.9161 0.3986
vn 0.0050 0.9055 0.4242
vn -0.0563 0.9367 0.3455
vn -0.5484 0.7009 -0.4560
vn -0.3996 0.7823 -0.4779
vn -0.2392 0.8679 -0.4353
vn -0.1231 0.9046 -0.4082
vn -0.0276 0.9126 -0.4079
vn 0.0718 0.9288 -0.3637
vn 0.1747 0.9205 -0.3494
vn 0.2501 0.8880 -0.3859
vn 0.2919 0.8945 -0.3386
vn 0.3726 0.9143 -0.1589
vn 0.4995 0.8529 0.1518
vn 0.5407 0.7206 0.4341
vn 0.4908 0.7112 0.5033
vn 0.4065 0.7465 0.5268
vn 0.3507 0.8810 0.3175
vn 0.2478 0.9688 -0.0079
vn 0.1394 0.9902 -0.0124
vn 0.0267 0.9992 0.0290
vn -0.0440 0.9990 0.0061
vn -0.0349 0.9910 0.1289
vn -0.0085 0.9612 0.2756
vn -0.0062 0.9554 0.2954
vn -0.0168 0.9349 0.3544
vn -0.0376 0.9197 0.3907
vn -0.0515 0.9207 0.3869
vn -0.0452 0.9402 0.3376
vn -0.3336 0.8611 -0.3837
vn -0.2272 0.8987 -0.3751
vn -0.1632 0.9210 -0.3536
vn -0.1028 0.9355 -0.3379
vn -0.0186 0.9441 -0.3291
vn 0.0597 0.9529 -0.2973
vn 0.1147 0.9532 -0.2798
vn 0.1713 0.9299 -0.3254
vn 0.2856 0.9192 -0.2711
vn 0.4384 0.8988 -0.0011
vn 0.5264 0.7944 0.3031
vn 0.5210 0.7297 0.4428
vn 0.4847 0.7531 0.4448
vn 0.4580 0.7499 0.4774
vn 0.4827 0.8441 0.2334
vn 0.3710 0.9158 -0.1538
vn 0.2018 0.9655 -0.1647
vn 0.0401 0.9934 -0.1071
vn -0.0551 0.9981 -0.0278
vn -0.0486 0.9857 0.1616
vn -0.0184 0.9594 0.2815
vn -0.0177 0.9567 0.2906
vn -0.0408 0.9458 0.3222
vn -0.0838 0.9280 0.3630
vn -0.0971 0.9154 0.3906
vn -0.0468 0.9197 0.3899
vn -0.2152 0.9290 -0.3009
vn -0.1714 0.9301 -0.3248
vn -0.1415 0.9363 -0.3215
vn -0.1099 0.9503 -0.2913
vn -0.0605 0.9632 -0.2617
vn -0.0063 0.9679 -0.2514
vn 0.0127 0.9678 -0.2514
vn 0.0331 0.9643 -0.2627
vn 0.1658 0.9794 -0.1156
vn 0.3917 0.8890 0.2373
vn 0.5337 0.7328 0.4222
vn 0.5772 0.7149 0.3946
vn 0.5440 0.7447 0.3867
vn 0.5080 0.7237 0.4671
vn 0.5049 0.8486 0.1579
vn 0.3840 0.8699 -0.3095
vn 0.2361 0.9143 -0.3291
vn 0.0870 0.9627 -0.2561
vn -0.0150 0.9971 -0.0742
vn -0.0334 0.9821 0.1856
vn -0.0246 0.9585 0.2840
vn -0.0265 0.9578 0.2863
vn -0.0381 0.9555 0.2926
vn -0.0656 0.9429 0.3265
vn -0.0943 0.9175 0.3865
vn -0.0308 0.8667 0.4978
vn -0.2408 0.9366 -0.2544
vn -0.1989 0.9362 -0.2899
vn -0.1654 0.9403 -0.2974
vn -0.1438 0.9524 -0.2686
vn -0.1239 0.9664 -0.2251
vn -0.0930 0.9729 -0.2116
vn -0.0565 0.9702 -0.2356
vn -0.0331 0.9712 -0.2359
vn 0.0196 0.9998 -0.0090
vn 0.2867 0.8447 0.4520
vn 0.5571 0.6511 0.5155
vn 0.6502 0.6882 0.3219
vn 0.6138 0.7220 0.3194
vn 0.5459 0.7214 0.4261
vn 0.4945 0.8665 0.0687
vn 0.3639 0.8444 -0.3931
vn 0.3053 0.8531 -0.4232
vn 0.2125 0.9013 -0.3776
vn 0.0978 0.9822 -0.1604
vn 0.0110 0.9881 0.1532
vn -0.0283 0.9600 0.2785
vn -0.0354 0.9586 0.2827
vn -0.0414 0.9590 0.2805
vn -0.0573 0.9525 0.2991
vn -0.0760 0.9266 0.3684
vn -0.0792 0.8271 0.5565
vn -0.2959 0.9295 -0.2202
vn -0.2648 0.9320 -0.2475
vn -0.2254 0.9373 -0.2658
vn -0.1968 0.9478 -0.2510
vn -0.1799 0.9613 -0.2089
vn -0.1604 0.9703 -0.1811
vn -0.1206 0.9736 -0.1938
vn -0.0800 0.9721 -0.2206
vn -0.0643 0.9967 -0.0501
vn 0.0851 0.8471 0.5246
vn 0.3516 0.6821 0.6412
vn 0.5035 0.7590 0.4127
vn 0.5919 0.7535 0.2862
vn 0.5427 0.7585 0.3607
vn 0.4983 0.8669 -0.0138
vn 0.3737 0.8233 -0.4272
vn 0.3607 0.8270 -0.4312
vn 0.3500 0.8294 -0.4355
vn 0.2679 0.9172 -0.2950
vn 0.1177 0.9926 0.0310
vn -0.0032 0.9699 0.2435
vn -0.0395 0.9600 0.2773
vn -0.0443 0.9601 0.2761
vn -0.0501 0.9573 0.2847
vn -0.0601 0.9320 0.3574
vn -0.1254 0.8522 0.5079
vn -0.3369 0.9190 -0.2047
vn -0.3194 0.9243 -0.2090
vn -0.2858 0.9310 -0.2270
vn -0.2529 0.9412 -0.2239
vn -0.2296 0.9540 -0.1928
vn -0.2131 0.9638 -0.1605
vn -0.1832 0.9719 -0.1476
vn -0.1282 0.9762 -0.1747
vn -0.0799 0.9921 -0.0964
vn -0.0535 0.8880 0.4567
vn -0.0626 0.6110 0.7892
vn 0.1569 0.7925 0.5894
vn 0.3704 0.8427 0.3906
vn 0.4066 0.8601 0.3081
vn 0.3716 0.9278 -0.0342
vn 0.3631 0.8188 -0.4446
vn 0.3689 0.8287 -0.4209
vn 0.4076 0.8199 -0.4021
vn 0.4054 0.8216 -0.4007
vn 0.2725 0.9473 -0.1683
vn 0.0786 0.9873 0.1381
vn -0.0216 0.9636 0.2666
vn -0.0322 0.9615 0.2728
vn -0.0345 0.9590 0.2813
vn -0.0394 0.9350 0.3524
vn -0.0841 0.9026 0.4223
vn -0.3174 0.9244 -0.2115
vn -0.3182 0.9297 -0.1856
vn -0.2976 0.9345 -0.1951
vn -0.2714 0.9430 -0.1927
vn -0.2487 0.9530 -0.1732
vn -0.2355 0.9606 -0.1475
vn -0.2214 0.9683 -0.1158
vn -0.1778 0.9782 -0.1070
vn -0.1146 0.9906 -0.0747
vn -0.1455 0.9245 0.3524
vn -0.2207 0.6176 0.7549
vn -0.1874 0.6443 0.7415
vn 0.0008 0.8511 0.5251
vn 0.0149 0.9727 0.2318
vn -0.0124 0.9997 -0.0210
vn 0.0608 0.9344 -0.3509
vn 0.1897 0.8839 -0.4274
vn 0.2862 0.9040 -0.3175
vn 0.3777 0.8309 -0.4086
vn 0.3444 0.8627 -0.3703
vn 0.1600 0.9870 -0.0164
vn 0.0245 0.9680 0.2496
vn 0.0069 0.9641 0.2656
vn 0.0007 0.9592 0.2827
vn -0.0137 0.9397 0.3417
vn -0.0648 0.9349 0.3490
vn -0.2080 0.9403 -0.2693
vn -0.2565 0.9500 -0.1780
vn -0.2507 0.9506 -0.1832
vn -0.2430 0.9546 -0.1723
vn -0.2302 0.9606 -0.1559
vn -0.2191 0.9659 -0.1378
vn -0.2077 0.9734 -0.0964
vn -0.1811 0.9822 -0.0508
vn -0.1388 0.9899 -0.0283
vn -0.1759 0.9617 0.2103
vn -0.2575 0.7366 0.6254
vn -0.2776 0.5649 0.7771
vn -0.3802 0.7804 0.4964
vn -0.4857 0.8671 0.1105
vn -0.5321 0.8463 0.0230
vn -0.4387 0.8704 -0.2236
vn -0.2892 0.8982 -0.3311
vn -0.1401 0.9666 -0.2145
vn 0.0513 0.9542 -0.2947
vn 0.2285 0.8704 -0.4361
vn 0.1640 0.9752 -0.1485
vn 0.0440 0.9716 0.2325
vn 0.0254 0.9665 0.2553
vn 0.0095 0.9606 0.2778
vn -0.0274 0.9503 0.3101
vn -0.0850 0.9560 0.2807
vn -0.0618 0.9265 -0.3713
vn -0.1591 0.9699 -0.1841
vn -0.1673 0.9668 -0.1930
vn -0.1814 0.9677 -0.1752
vn -0.1899 0.9704 -0.1490
vn -0.1863 0.9742 -0.1271
vn -0.1704 0.9829 -0.0705
vn -0.1434 0.9896 -0.0105
vn -0.1152 0.9933 0.0071
vn -0.1333 0.9794 0.1514
vn -0.2349 0.8241 0.5154
vn -0.4138 0.5593 0.7183
vn -0.6712 0.6697 0.3179
vn -0.7945 0.6068 -0.0239
vn -0.8059 0.5845 0.0943
vn -0.7124 0.6998 -0.0517
vn -0.5504 0.8277 -0.1092
vn -0.3999 0.9149 -0.0558
vn -0.2496 0.9607 -0.1218
vn -0.1113 0.9366 -0.3324
vn 0.0106 0.9845 -0.1749
vn 0.0012 0.9753 0.2209
vn -0.0146 0.9705 0.2408
vn -0.0390 0.9648 0.2599
vn -0.0750 0.9611 0.2657
vn -0.1133 0.9659 0.2326
vn 0.0689 0.8891 -0.4524
vn -0.0294 0.9734 -0.2274
vn -0.0827 0.9702 -0.2279
vn -0.1261 0.9706 -0.2048
vn -0.1531 0.9762 -0.1533
vn -0.1458 0.9838 -0.1041
vn -0.1207 0.9921 -0.0339
vn -0.1055 0.9944 0.0109
vn -0.1120 0.9936 0.0133
vn -0.1516 0.9792 0.1351
vn -0.3048 0.8105 0.5002
vn -0.5774 0.6176 0.5341
vn -0.7945 0.5983 0.1038
vn -0.8077 0.5889 -0.0274
vn -0.7881 0.5899 0.1755
vn -0.7312 0.6636 0.1582
vn -0.5821 0.8028 0.1290
vn -0.4281 0.8988 0.0943
vn -0.3599 0.9325 -0.0316
vn -0.2600 0.9226 -0.2848
vn -0.1265 0.9877 -0.0922
vn -0.0652 0.9744 0.2153
vn -0.0754 0.9719 0.2230
vn -0.0967 0.9671 0.2353
vn -0.1229 0.9652 0.2308
vn -0.1453 0.9678 0.2055
vn 0.1674 0.8344 -0.5252
vn 0.0515 0.9435 -0.3273
vn -0.0562 0.9561 -0.2874
vn -0.1123 0.9631 -0.2445
vn -0.1332 0.9800 -0.1479
vn -0.1198 0.9902 -0.0714
vn -0.1266 0.9916 -0.0276
vn -0.1761 0.9840 -0.0276
vn -0.2217 0.9749 -0.0182
vn -0.2560 0.9567 0.1384
vn -0.3860 0.8356 0.3908
vn -0.6098 0.6997 0.3723
vn -0.7417 0.6681 0.0591
vn -0.6832 0.7271 0.0669
vn -0.6347 0.7461 0.2014
vn -0.6135 0.7334 0.2929
vn -0.5636 0.7653 0.3109
vn -0.4916 0.8416 0.2237
vn -0.4131 0.9103 0.0252
vn -0.2986 0.9379 -0.1765
vn -0.1853 0.9827 -0.0058
vn -0.1437 0.9675 0.2079
vn -0.1580 0.9657 0.2059
vn -0.1739 0.9611 0.2144
vn -0.1837 0.9595 0.2135
vn -0.1826 0.9627 0.1996
vn 0.1916 0.7729 -0.6050
vn 0.0527 0.8902 -0.4524
vn -0.0768 0.9334 -0.3506
vn -0.1296 0.9513 -0.2797
vn -0.1581 0.9780 -0.1358
vn -0.1839 0.9797 -0.0797
vn -0.2623 0.9588 -0.1091
vn -0.3493 0.9306 -0.1092
vn -0.3765 0.9264 -0.0052
vn -0.3802 0.9176 0.1160
vn -0.4844 0.8454 0.2250
vn -0.6037 0.7640 0.2277
vn -0.6478 0.7489 0.1400
vn -0.5985 0.7817 0.1753
vn -0.5444 0.8068 0.2298
vn -0.5125 0.7990 0.3147
vn -0.5046 0.7802 0.3696
vn -0.4875 0.8155 0.3120
vn -0.4480 0.8880 0.1039
vn -0.3656 0.9288 -0.0607
vn -0.2663 0.9618 0.0634
vn -0.2208 0.9551 0.1975
vn -0.2271 0.9543 0.1943
vn -0.2351 0.9512 0.2000
vn -0.2428 0.9477 0.2070
vn -0.2437 0.9484 0.2027
vn 0.1546 0.7277 -0.6682
vn 0.0110 0.8320 -0.5547
vn -0.0979 0.9091 -0.4049
vn -0.1510 0.9363 -0.3169
vn -0.2007 0.9668 -0.1582
vn -0.2548 0.9580 -0.1319
vn -0.3423 0.9121 -0.2256
vn -0.4382 0.8846 -0.1599
vn -0.4642 0.8856 0.0159
vn -0.4758 0.8766 0.0716
vn -0.5508 0.8310 0.0785
vn -0.6173 0.7740 0.1409
vn -0.6146 0.7659 0.1891
vn -0.5819 0.7769 0.2404
vn -0.5316 0.7941 0.2945
vn -0.4915 0.8086 0.3232
vn -0.4894 0.7961 0.3560
vn -0.4810 0.7962 0.3669
vn -0.4569 0.8740 0.1653
vn -0.4019 0.9153 0.0277
vn -0.3384 0.9321 0.1296
vn -0.3019 0.9338 0.1921
vn -0.2943 0.9357 0.1947
vn -0.2911 0.9371 0.1925
vn -0.2868 0.9346 0.2102
vn -0.2613 0.9386 0.2254
vn 0.0705 0.6816 -0.7283
vn -0.0356 0.7758 -0.6299
vn -0.1072 0.8800 -0.4627
vn -0.1635 0.9218 -0.3516
vn -0.2063 0.9558 -0.2096
vn -0.2586 0.9486 -0.1822
vn -0.3163 0.8980 -0.3060
vn -0.4188 0.8852 -0.2024
vn -0.4869 0.8734 0.0062
vn -0.5303 0.8477 0.0112
vn -0.6034 0.7968 -0.0331
vn -0.6961 0.7158 0.0547
vn -0.6900 0.6914 0.2140
vn -0.6098 0.7240 0.3224
vn -0.5272 0.7732 0.3524
vn -0.5121 0.7961 0.3225
vn -0.5215 0.7835 0.3378
vn -0.5141 0.7661 0.3857
vn -0.4959 0.8371 0.2309
vn -0.4413 0.8926 0.0927
vn -0.4096 0.8981 0.1599
vn -0.4024 0.8950 0.1927
vn -0.3871 0.8973 0.2121
vn -0.3608 0.9102 0.2033
vn -0.3308 0.9135 0.2367
vn -0.2796 0.9165 0.2860
vn -0.0897 0.6115 -0.7861
vn -0.1320 0.7018 -0.7001
vn -0.1546 0.8494 -0.5046
vn -0.1804 0.9107 -0.3715
vn -0.1974 0.9475 -0.2513
vn -0.2237 0.9495 -0.2201
vn -0.2185 0.9167 -0.3346
vn -0.3078 0.9035 -0.2982
vn -0.4822 0.8689 -0.1114
vn -0.6182 0.7802 -0.0960
vn -0.7223 0.6729 -0.1594
vn -0.8200 0.5720 -0.0187
vn -0.8008 0.5486 0.2403
vn -0.6824 0.5928 0.4277
vn -0.5777 0.7126 0.3981
vn -0.5599 0.7647 0.3190
vn -0.5540 0.7640 0.3307
vn -0.5479 0.7443 0.3819
vn -0.5292 0.7944 0.2980
vn -0.4729 0.8663 0.1607
vn -0.4386 0.8849 0.1569
vn -0.4281 0.8793 0.2086
vn -0.4008 0.8835 0.2425
vn -0.3789 0.8959 0.2317
vn -0.3431 0.8946 0.2865
vn -0.2950 0.8869 0.3555
vn -0.2467 0.5631 -0.7887
vn -0.2295 0.6862 -0.6902
vn -0.2067 0.8265 -0.5237
vn -0.2073 0.8960 -0.3928
vn -0.2062 0.9417 -0.2659
vn -0.1930 0.9542 -0.2286
vn -0.1613 0.9451 -0.2843
vn -0.2340 0.8694 -0.4353
vn -0.4941 0.7873 -0.3688
vn -0.7020 0.6590 -0.2700
vn -0.8044 0.5196 -0.2881
vn -0.8610 0.5022 -0.0813
vn -0.8146 0.5194 0.2581
vn -0.7266 0.4938 0.4777
vn -0.6741 0.5715 0.4679
vn -0.6479 0.6713 0.3600
vn -0.6129 0.7107 0.3453
vn -0.5968 0.7121 0.3697
vn -0.5744 0.7363 0.3577
vn -0.5042 0.8242 0.2578
vn -0.4485 0.8779 0.1676
vn -0.4462 0.8670 0.2217
vn -0.4055 0.8630 0.3015
vn -0.3213 0.8938 0.3129
vn -0.2342 0.8953 0.3790
vn -0.1697 0.8874 0.4287
vn -0.3470 0.5624 -0.7505
vn -0.2760 0.6960 -0.6629
vn -0.2373 0.8072 -0.5405
vn -0.2402 0.8704 -0.4298
vn -0.2361 0.9321 -0.2746
vn -0.2185 0.9516 -0.2160
vn -0.2027 0.9480 -0.2452
vn -0.2526 0.8519 -0.4588
vn -0.4126 0.6941 -0.5899
vn -0.6268 0.5920 -0.5066
vn -0.7558 0.5007 -0.4220
vn -0.7760 0.6202 -0.1152
vn -0.6739 0.6853 0.2762
vn -0.6192 0.6211 0.4806
vn -0.6777 0.5319 0.5077
vn -0.7068 0.5604 0.4318
vn -0.6684 0.6278 0.3989
vn -0.6299 0.6761 0.3823
vn -0.6165 0.6907 0.3778
vn -0.5909 0.7275 0.3488
vn -0.5480 0.8069 0.2204
vn -0.5086 0.8059 0.3031
vn -0.3816 0.8167 0.4329
vn -0.2533 0.8641 0.4350
vn -0.1394 0.8729 0.4676
vn -0.0786 0.8733 0.4808
vn -0.3835 0.6022 -0.7002
vn -0.3130 0.6915 -0.6510
vn -0.2798 0.7892 -0.5467
vn -0.2849 0.8297 -0.4800
vn -0.2986 0.8933 -0.3359
vn -0.2967 0.9322 -0.2076
vn -0.3019 0.9256 -0.2284
vn -0.3153 0.8656 -0.3890
vn -0.2941 0.7299 -0.6170
vn -0.3307 0.6522 -0.6821
vn -0.5049 0.6156 -0.6050
vn -0.5902 0.7655 -0.2562
vn -0.4669 0.8573 0.2169
vn -0.4281 0.8025 0.4156
vn -0.5367 0.7059 0.4622
vn -0.6274 0.6302 0.4574
vn -0.6569 0.6094 0.4440
vn -0.6555 0.6344 0.4098
vn -0.6577 0.6550 0.3719
vn -0.6639 0.6531 0.3643
vn -0.6373 0.6985 0.3255
vn -0.5181 0.7261 0.4521
vn -0.3436 0.7553 0.5580
vn -0.2265 0.8114 0.5389
vn -0.1455 0.8398 0.5230
vn -0.0962 0.8550 0.5097
vn -0.3445 0.6467 -0.6806
vn -0.3353 0.6852 -0.6466
vn -0.3427 0.7474 -0.5692
vn -0.3427 0.8035 -0.4868
vn -0.3242 0.8563 -0.4020
vn -0.3277 0.9091 -0.2572
vn -0.3693 0.8991 -0.2353
vn -0.4157 0.8407 -0.3470
vn -0.4179 0.7641 -0.4915
vn -0.3393 0.6870 -0.6426
vn -0.2304 0.6879 -0.6882
vn -0.2177 0.8683 -0.4458
vn -0.2419 0.9701 0.0210
vn -0.3251 0.8980 0.2964
vn -0.4629 0.8115 0.3566
vn -0.5520 0.7390 0.3861
vn -0.6151 0.6689 0.4174
vn -0.6565 0.6308 0.4136
vn -0.6750 0.6373 0.3717
vn -0.6726 0.6442 0.3641
vn -0.6335 0.6515 0.4174
vn -0.5283 0.6443 0.5529
vn -0.3928 0.6641 0.6362
vn -0.2547 0.7483 0.6125
vn -0.1459 0.8055 0.5743
vn -0.0887 0.8379 0.5386
vn -0.2619 0.6362 -0.7257
vn -0.3250 0.6803 -0.6569
vn -0.3795 0.6919 -0.6142
vn -0.3827 0.7947 -0.4711
vn -0.3381 0.8518 -0.4001
vn -0.2984 0.8998 -0.3183
vn -0.3305 0.9037 -0.2722
vn -0.3975 0.8465 -0.3541
vn -0.4367 0.7766 -0.4541
vn -0.4294 0.7204 -0.5446
vn -0.3287 0.7201 -0.6111
vn -0.1882 0.8484 -0.4947
vn -0.2102 0.9646 -0.1594
vn -0.4208 0.8999 0.1149
vn -0.5571 0.7941 0.2430
vn -0.6122 0.7346 0.2924
vn -0.6432 0.6861 0.3398
vn -0.6629 0.6445 0.3812
vn -0.6862 0.6281 0.3670
vn -0.6881 0.6220 0.3738
vn -0.6334 0.6139 0.4711
vn -0.5419 0.5990 0.5895
vn -0.4445 0.5879 0.6759
vn -0.3281 0.6547 0.6810
vn -0.1734 0.7520 0.6360
vn -0.0791 0.8150 0.5741
vn -0.2022 0.5561 -0.8061
vn -0.2697 0.6428 -0.7170
vn -0.3423 0.6569 -0.6718
vn -0.3428 0.8118 -0.4728
vn -0.2776 0.8999 -0.3365
vn -0.2277 0.9187 -0.3228
vn -0.2487 0.9077 -0.3379
vn -0.3128 0.8586 -0.4062
vn -0.3720 0.7862 -0.4934
vn -0.4043 0.7428 -0.5336
vn -0.4055 0.7383 -0.5390
vn -0.4110 0.7806 -0.4710
vn -0.5079 0.8083 -0.2979
vn -0.6488 0.7596 -0.0458
vn -0.7034 0.6953 0.1474
vn -0.7192 0.6606 0.2153
vn -0.7271 0.6346 0.2620
vn -0.7281 0.6046 0.3232
vn -0.7372 0.5808 0.3453
vn -0.7217 0.5686 0.3949
vn -0.6466 0.5615 0.5163
vn -0.5544 0.5576 0.6178
vn -0.4721 0.5522 0.6872
vn -0.3784 0.5706 0.7288
vn -0.2341 0.6640 0.7102
vn -0.0780 0.7655 0.6387
vn -0.1161 0.5195 -0.8465
vn -0.1482 0.6036 -0.7834
vn -0.1730 0.6769 -0.7155
vn -0.1487 0.8577 -0.4923
vn -0.0953 0.9497 -0.2982
vn -0.1064 0.9363 -0.3347
vn -0.1757 0.8953 -0.4094
vn -0.2665 0.8304 -0.4893
vn -0.3514 0.7510 -0.5591
vn -0.4282 0.6968 -0.5755
vn -0.5067 0.6680 -0.5451
vn -0.5932 0.6513 -0.4732
vn -0.6969 0.6285 -0.3454
vn -0.7834 0.6113 -0.1123
vn -0.7958 0.5966 0.1040
vn -0.7919 0.5854 0.1738
vn -0.7953 0.5720 0.2009
vn -0.7946 0.5500 0.2570
vn -0.7866 0.5273 0.3214
vn -0.7399 0.5155 0.4322
vn -0.6425 0.5145 0.5679
vn -0.5518 0.5215 0.6508
vn -0.4780 0.5262 0.7033
vn -0.4061 0.5262 0.7471
vn -0.2437 0.5744 0.7815
vn -0.0728 0.6806 0.7290
vn 0.0483 0.4915 -0.8695
vn 0.0205 0.6017 -0.7984
vn 0.0715 0.7272 -0.6827
vn 0.1210 0.8550 -0.5043
vn 0.0863 0.9338 -0.3471
vn -0.0359 0.9100 -0.4130
vn -0.1644 0.8500 -0.5004
vn -0.2728 0.7658 -0.5824
vn -0.3648 0.6789 -0.6371
vn -0.4617 0.6184 -0.6359
vn -0.5701 0.5773 -0.5845
vn -0.6722 0.5452 -0.5010
vn -0.7582 0.5411 -0.3638
vn -0.8083 0.5791 -0.1064
vn -0.7977 0.5954 0.0960
vn -0.7949 0.5902 0.1411
vn -0.8011 0.5769 0.1597
vn -0.8021 0.5597 0.2080
vn -0.7874 0.5368 0.3032
vn -0.7057 0.5087 0.4932
vn -0.5802 0.4921 0.6490
vn -0.5044 0.5017 0.7028
vn -0.4484 0.5080 0.7354
vn -0.3674 0.5037 0.7819
vn -0.2591 0.5015 0.8254
vn -0.0663 0.6126 0.7876
vn 0.1562 0.4312 -0.8886
vn 0.1136 0.5909 -0.7987
vn 0.1407 0.7759 -0.6150
vn 0.1921 0.8360 -0.5139
vn 0.1452 0.8802 -0.4518
vn -0.0078 0.8503 -0.5263
vn -0.1766 0.7775 -0.6036
vn -0.3055 0.6816 -0.6648
vn -0.3945 0.5946 -0.7006
vn -0.4799 0.5471 -0.6858
vn -0.5674 0.5278 -0.6320
vn -0.6415 0.5412 -0.5437
vn -0.6949 0.6160 -0.3710
vn -0.7237 0.6780 -0.1292
vn -0.7472 0.6641 0.0247
vn -0.7743 0.6288 0.0719
vn -0.7888 0.6024 0.1222
vn -0.7880 0.5872 0.1849
vn -0.7640 0.5706 0.3012
vn -0.6241 0.5255 0.5783
vn -0.4505 0.4831 0.7508
vn -0.3922 0.4987 0.7729
vn -0.3857 0.5058 0.7717
vn -0.3322 0.4792 0.8124
vn -0.2152 0.4432 0.8702
vn -0.0730 0.5318 0.8437
vn 0.3538 0.3256 -0.8768
vn 0.2871 0.5188 -0.8053
vn 0.2329 0.7612 -0.6053
vn 0.2064 0.8307 -0.5171
vn 0.1336 0.8238 -0.5509
vn -0.0384 0.7572 -0.6520
vn -0.2530 0.6625 -0.7050
vn -0.3947 0.5785 -0.7138
vn -0.4523 0.5244 -0.7214
vn -0.4846 0.5135 -0.7081
vn -0.5103 0.5489 -0.6621
vn -0.5211 0.6464 -0.5573
vn -0.5486 0.7361 -0.3964
vn -0.6213 0.7485 -0.2318
vn -0.6991 0.7055 -0.1166
vn -0.7568 0.6530 -0.0285
vn -0.7863 0.6134 0.0743
vn -0.7941 0.5847 0.1658
vn -0.7519 0.5691 0.3328
vn -0.5644 0.5113 0.6481
vn -0.3467 0.4516 0.8221
vn -0.2900 0.4894 0.8225
vn -0.3094 0.5193 0.7967
vn -0.3045 0.4729 0.8268
vn -0.2453 0.3970 0.8844
vn -0.0702 0.3650 0.9283
vn 0.5898 0.2986 -0.7503
vn 0.5022 0.3274 -0.8004
vn 0.3596 0.6071 -0.7086
vn 0.1250 0.7622 -0.6352
vn -0.0586 0.7304 -0.6805
vn -0.2317 0.6051 -0.7617
vn -0.4025 0.5237 -0.7508
vn -0.4790 0.5083 -0.7156
vn -0.4733 0.5118 -0.7170
vn -0.4369 0.5463 -0.7146
vn -0.3951 0.6396 -0.6594
vn -0.3961 0.7300 -0.5570
vn -0.4644 0.7578 -0.4584
vn -0.5616 0.7437 -0.3625
vn -0.6535 0.7136 -0.2525
vn -0.7012 0.7034 -0.1163
vn -0.6515 0.7581 0.0309
vn -0.6112 0.7861 0.0922
vn -0.6816 0.6372 0.3598
vn -0.5197 0.4856 0.7030
vn -0.3110 0.4130 0.8560
vn -0.2669 0.4664 0.8433
vn -0.2558 0.5250 0.8117
vn -0.2380 0.4902 0.8385
vn -0.1913 0.3913 0.9002
vn -0.1295 0.2701 0.9541
vn 0.1180 0.4731 -0.8731
vn 0.0848 0.2640 -0.9608
vn -0.0453 0.4433 -0.8952
vn -0.2576 0.5776 -0.7746
vn -0.3978 0.5166 -0.7582
vn -0.4776 0.4347 -0.7635
vn -0.5051 0.4665 -0.7261
vn -0.4677 0.5350 -0.7036
vn -0.3884 0.5748 -0.7202
vn -0.3096 0.6283 -0.7137
vn -0.2845 0.6997 -0.6554
vn -0.3306 0.7344 -0.5927
vn -0.4144 0.7353 -0.5363
vn -0.4969 0.7363 -0.4593
vn -0.5202 0.7919 -0.3199
vn -0.3450 0.9199 -0.1864
vn -0.1947 0.9808 -0.0089
vn -0.1863 0.9820 0.0302
vn -0.4177 0.8701 0.2618
vn -0.4522 0.5255 0.7207
vn -0.3037 0.3839 0.8720
vn -0.2642 0.4418 0.8573
vn -0.2167 0.5083 0.8335
vn -0.1392 0.4964 0.8569
vn -0.0201 0.3894 0.9209
vn 0.0090 0.3151 0.9490
vn -0.4694 0.3591 -0.8066
vn -0.3841 0.3178 -0.8669
vn -0.3292 0.4159 -0.8478
vn -0.3458 0.4188 -0.8396
vn -0.4074 0.3951 -0.8233
vn -0.4384 0.4466 -0.7799
vn -0.4089 0.5632 -0.7181
vn -0.3257 0.6447 -0.6916
vn -0.2333 0.6623 -0.7120
vn -0.1871 0.6757 -0.7130
vn -0.2101 0.7018 -0.6807
vn -0.2790 0.7143 -0.6418
vn -0.3415 0.7238 -0.5996
vn -0.3439 0.8230 -0.4521
vn -0.1463 0.9486 -0.2805
vn 0.0225 0.9947 -0.1002
vn 0.0295 0.9996 0.0015
vn 0.0263 0.9994 0.0211
vn -0.1219 0.9793 0.1619
vn -0.3200 0.7189 0.6171
vn -0.2891 0.3629 0.8859
vn -0.2333 0.4208 0.8766
vn -0.1305 0.4806 0.8672
vn -0.0092 0.4717 0.8817
vn 0.0881 0.3638 0.9273
vn 0.0781 0.3693 0.9260
vn -0.2603 0.3654 -0.8937
vn -0.1677 0.4265 -0.8888
vn -0.1152 0.4489 -0.8861
vn -0.0803 0.4143 -0.9066
vn -0.0693 0.4476 -0.8915
vn -0.0750 0.5664 -0.8207
vn -0.0771 0.6879 -0.7217
vn -0.0798 0.7307 -0.6780
vn -0.0935 0.7055 -0.7025
vn -0.1158 0.6813 -0.7228
vn -0.1537 0.6833 -0.7138
vn -0.2166 0.6911 -0.6896
vn -0.2221 0.7496 -0.6236
vn -0.0979 0.9308 -0.3522
vn 0.0307 0.9931 -0.1129
vn 0.0456 0.9985 -0.0291
vn 0.0386 0.9993 0.0019
vn 0.0338 0.9993 0.0188
vn -0.0152 0.9947 0.1012
vn -0.1518 0.8030 0.5763
vn -0.2475 0.3421 0.9065
vn -0.0725 0.3887 0.9185
vn 0.0917 0.4433 0.8917
vn 0.1868 0.4355 0.8806
vn 0.1970 0.3640 0.9103
vn 0.0927 0.3913 0.9156
vn 0.0074 0.3823 -0.9240
vn 0.0383 0.4384 -0.8979
vn 0.0515 0.4536 -0.8897
vn 0.0951 0.4472 -0.8893
vn 0.1623 0.4954 -0.8534
vn 0.2076 0.6007 -0.7721
vn 0.2084 0.6940 -0.6891
vn 0.1612 0.7177 -0.6775
vn 0.0824 0.6887 -0.7204
vn 0.0174 0.6700 -0.7422
vn -0.0206 0.6750 -0.7375
vn -0.0596 0.6801 -0.7307
vn -0.0559 0.7600 -0.6476
vn 0.0656 0.9248 -0.3748
vn 0.1140 0.9844 -0.1343
vn 0.0695 0.9958 -0.0590
vn 0.0402 0.9991 -0.0100
vn 0.0271 0.9995 0.0178
vn 0.0916 0.9839 0.1535
vn 0.0741 0.6502 0.7562
vn 0.0695 0.2942 0.9532
vn 0.2400 0.3315 0.9124
vn 0.3370 0.3942 0.8550
vn 0.3698 0.4005 0.8384
vn 0.3255 0.3839 0.8641
vn 0.1921 0.4615 0.8661
vn 0.0715 0.3899 -0.9181
vn 0.0748 0.4307 -0.8994
vn 0.0819 0.4618 -0.8832
vn 0.1302 0.4936 -0.8599
vn 0.2135 0.5517 -0.8063
vn 0.2922 0.6238 -0.7249
vn 0.3306 0.6689 -0.6658
vn 0.3072 0.6588 -0.6868
vn 0.2430 0.6224 -0.7440
vn 0.2090 0.6343 -0.7443
vn 0.2413 0.6867 -0.6857
vn 0.3078 0.7061 -0.6377
vn 0.3673 0.7230 -0.5851
vn 0.3812 0.8191 -0.4286
vn 0.3166 0.9200 -0.2312
vn 0.1722 0.9760 -0.1332
vn 0.1275 0.9913 0.0338
vn 0.2313 0.9523 0.1989
vn 0.4937 0.7526 0.4357
vn 0.5122 0.3334 0.7915
vn 0.4663 0.2326 0.8535
vn 0.4756 0.3058 0.8248
vn 0.4781 0.3732 0.7951
vn 0.4460 0.3990 0.8012
vn 0.3572 0.4317 0.8283
vn 0.2491 0.5256 0.8135
vn 0.0802 0.4024 -0.9120
vn 0.1010 0.4266 -0.8988
vn 0.1378 0.4766 -0.8683
vn 0.2226 0.5351 -0.8149
vn 0.3449 0.5915 -0.7288
vn 0.4385 0.6177 -0.6529
vn 0.4751 0.6230 -0.6214
vn 0.4446 0.5770 -0.6851
vn 0.3800 0.5215 -0.7639
vn 0.3881 0.5684 -0.7255
vn 0.5024 0.6896 -0.5216
vn 0.6384 0.7082 -0.3015
vn 0.7514 0.6263 -0.2075
vn 0.8031 0.5677 -0.1812
vn 0.7700 0.6200 -0.1509
vn 0.6749 0.7313 -0.0982
vn 0.6308 0.7543 0.1821
vn 0.7546 0.5237 0.3955
vn 0.7915 0.2951 0.5353
vn 0.7042 0.2187 0.6755
vn 0.6309 0.2594 0.7312
vn 0.5866 0.3387 0.7357
vn 0.5362 0.3973 0.7447
vn 0.4647 0.4386 0.7692
vn 0.3780 0.4923 0.7841
vn 0.3120 0.5670 0.7624
vn 0.1280 0.4297 -0.8939
vn 0.2416 0.4438 -0.8629
vn 0.3586 0.4688 -0.8072
vn 0.4619 0.5194 -0.7190
vn 0.5645 0.5582 -0.6081
vn 0.6200 0.5541 -0.5555
vn 0.6380 0.5329 -0.5558
vn 0.6074 0.4559 -0.6505
vn 0.5565 0.3666 -0.7456
vn 0.5921 0.4158 -0.6903
vn 0.7440 0.5808 -0.3304
vn 0.7970 0.5991 0.0767
vn 0.8369 0.5104 0.1977
vn 0.8935 0.4287 0.1335
vn 0.9283 0.3649 0.0714
vn 0.9418 0.3204 0.1017
vn 0.9283 0.2780 0.2469
vn 0.8726 0.2522 0.4183
vn 0.8137 0.2553 0.5223
vn 0.7534 0.2864 0.5919
vn 0.6962 0.3430 0.6306
vn 0.6375 0.4014 0.6576
vn 0.5706 0.4484 0.6880
vn 0.4916 0.4924 0.7182
vn 0.4159 0.5408 0.7311
vn 0.3563 0.5992 0.7169
vn 0.1937 0.4828 -0.8540
vn 0.3314 0.5045 -0.7973
vn 0.4859 0.5170 -0.7047
vn 0.6168 0.5123 -0.5975
vn 0.6997 0.5105 -0.4998
vn 0.7270 0.4875 -0.4835
vn 0.7293 0.4617 -0.5049
vn 0.7233 0.3812 -0.5758
vn 0.7203 0.2391 -0.6512
vn 0.7937 0.1795 -0.5812
vn 0.9196 0.3314 -0.2110
vn 0.8984 0.3574 0.2550
vn 0.8511 0.3779 0.3646
vn 0.8759 0.3899 0.2843
vn 0.9058 0.3830 0.1814
vn 0.9141 0.3630 0.1806
vn 0.8953 0.3443 0.2826
vn 0.8502 0.3418 0.4004
vn 0.8055 0.3567 0.4732
vn 0.7674 0.3850 0.5128
vn 0.7256 0.4199 0.5451
vn 0.6774 0.4558 0.5774
vn 0.6201 0.4921 0.6110
vn 0.5527 0.5332 0.6404
vn 0.4660 0.5871 0.6620
vn 0.3771 0.6347 0.6745
vn 0.2734 0.5439 -0.7934
vn 0.4189 0.5663 -0.7098
vn 0.5384 0.5772 -0.6140
vn 0.6283 0.5740 -0.5251
vn 0.6864 0.5742 -0.4462
vn 0.6957 0.5459 -0.4668
vn 0.7119 0.4942 -0.4990
vn 0.7260 0.4487 -0.5212
vn 0.7757 0.3327 -0.5363
vn 0.8822 0.2038 -0.4245
vn 0.9799 0.1620 -0.1168
vn 0.9420 0.2535 0.2201
vn 0.8840 0.3495 0.3105
vn 0.8695 0.4145 0.2685
vn 0.8754 0.4388 0.2029
vn 0.8781 0.4378 0.1930
vn 0.8654 0.4336 0.2510
vn 0.8322 0.4361 0.3425
vn 0.7919 0.4431 0.4201
vn 0.7608 0.4550 0.4628
vn 0.7337 0.4738 0.4870
vn 0.7004 0.5035 0.5058
vn 0.6511 0.5228 0.5503
vn 0.6209 0.5492 0.5594
vn 0.5690 0.6139 0.5471
vn 0.4661 0.6505 0.5997
vn 0.2972 0.6268 -0.7203
vn 0.4181 0.6493 -0.6353
vn 0.4818 0.6638 -0.5721
vn 0.4913 0.6949 -0.5251
vn 0.4860 0.7418 -0.4622
vn 0.4977 0.7292 -0.4696
vn 0.5395 0.6752 -0.5030
vn 0.5990 0.6316 -0.4921
vn 0.7292 0.5540 -0.4018
vn 0.8693 0.4198 -0.2610
vn 0.9447 0.3201 -0.0718
vn 0.9233 0.3597 0.1346
vn 0.8766 0.4309 0.2143
vn 0.8503 0.4789 0.2184
vn 0.8439 0.4979 0.2000
vn 0.8449 0.4981 0.1950
vn 0.8397 0.4933 0.2269
vn 0.8187 0.4876 0.3033
vn 0.7868 0.4842 0.3827
vn 0.7575 0.4870 0.4348
vn 0.7412 0.4975 0.4507
vn 0.7347 0.4990 0.4596
vn 0.7164 0.4677 0.5177
vn 0.7195 0.5189 0.4617
vn 0.6806 0.6161 0.3964
vn 0.3426 0.6649 -0.6638
vn 0.3861 0.7025 -0.5978
vn 0.4147 0.7162 -0.5613
vn 0.4603 0.7240 -0.5137
vn 0.5317 0.7301 -0.4293
vn 0.5938 0.6977 -0.4008
vn 0.6345 0.6307 -0.4468
vn 0.6975 0.5869 -0.4110
vn 0.7838 0.5622 -0.2638
vn 0.8579 0.4996 -0.1199
vn 0.8806 0.4737 -0.0138
vn 0.8646 0.4907 0.1083
vn 0.8375 0.5182 0.1732
vn 0.8198 0.5378 0.1968
vn 0.8132 0.5458 0.2020
vn 0.8139 0.5439 0.2041
vn 0.8131 0.5350 0.2293
vn 0.8008 0.5126 0.3097
vn 0.7862 0.4996 0.3638
vn 0.7562 0.5229 0.3933
vn 0.7168 0.5378 0.4438
vn 0.7117 0.4910 0.5024
vn 0.7189 0.5028 0.4800
vn 0.6839 0.6389 0.3524
vn 0.6166 0.7230 0.3116
vn 0.5672 0.4044 -0.7175
vn 0.5822 0.5365 -0.6109
vn 0.6153 0.5902 -0.5225
vn 0.6645 0.5759 -0.4761
vn 0.7274 0.5533 -0.4059
vn 0.7949 0.5258 -0.3028
vn 0.8354 0.4707 -0.2838
vn 0.8282 0.4164 -0.3751
vn 0.8285 0.4450 -0.3398
vn 0.8360 0.5170 -0.1838
vn 0.8361 0.5433 -0.0756
vn 0.8315 0.5552 0.0192
vn 0.8183 0.5619 0.1210
vn 0.8106 0.5611 0.1675
vn 0.8027 0.5654 0.1900
vn 0.7946 0.5735 0.1991
vn 0.7870 0.5800 0.2105
vn 0.7853 0.5642 0.2549
vn 0.7812 0.5147 0.3533
vn 0.7873 0.5152 0.3387
vn 0.7674 0.5556 0.3198
vn 0.7073 0.5429 0.4527
vn 0.6614 0.5211 0.5394
vn 0.6302 0.6753 0.3832
vn 0.5404 0.8073 0.2372
vn 0.4813 0.8264 0.2922
vn 0.4883 0.7899 0.3710
vn 0.3813 0.7956 0.4708
vn 0.2963 0.8550 0.4258
vn 0.1555 0.9589 0.2372
vn 0.0520 0.9965 0.0654
vn 0.4041 0.6748 0.6176
vn 0.3649 0.7613 0.5360
vn 0.3120 0.8004 0.5119
vn 0.2120 0.8800 0.4251
vn 0.3409 0.6753 0.6540
vn 0.3162 0.7339 0.6011
vn 0.2350 0.7703 0.5928
vn 0.1060 0.8177 0.5657
vn 0.3070 0.6588 0.6869
vn 0.2265 0.6978 0.6795
vn 0.0927 0.7131 0.6949
vn 0.0207 0.7940 0.6076
vn 0.2398 0.6217 0.7456
vn 0.1311 0.6370 0.7597
vn 0.0809 0.6786 0.7300
vn 0.0856 0.7721 0.6297
vn 0.1501 0.5754 0.8040
vn 0.0696 0.5956 0.8002
vn 0.0512 0.6868 0.7250
vn 0.0208 0.7484 0.6629
vn 0.0626 0.5293 0.8461
vn 0.0008 0.5896 0.8077
vn -0.0143 0.6823 0.7310
vn -0.0233 0.7363 0.6762
vn -0.0296 0.5026 0.8640
vn -0.0211 0.6064 0.7949
vn 0.0125 0.6809 0.7323
vn 0.0202 0.7283 0.6850
vn -0.0105 0.4798 0.8773
vn -0.1326 0.5934 0.7939
vn -0.2003 0.6739 0.7111
vn -0.1918 0.7684 0.6106
vn -0.1761 0.3707 0.9119
vn -0.4005 0.5107 0.7608
vn -0.4351 0.6719 0.5994
vn -0.2610 0.9105 0.3206
vn -0.1320 0.3038 0.9436
vn -0.1177 0.5537 0.8244
vn -0.0574 0.8520 0.5204
vn -0.0114 0.9844 0.1757
vn 0.2218 0.3660 0.9038
vn 0.4573 0.5296 0.7144
vn 0.5188 0.7200 0.4609
vn 0.3550 0.8808 0.3134
vn 0.1273 0.6288 0.7671
vn 0.3545 0.6872 0.6342
vn 0.4697 0.7185 0.5129
vn 0.4444 0.6559 0.6102
vn 0.0184 0.7580 0.6520
vn 0.0615 0.8254 0.5612
vn 0.1337 0.8452 0.5175
vn 0.1735 0.6853 0.7073
vn 0.0390 0.7784 0.6266
vn 0.0576 0.8383 0.5421
vn 0.0531 0.8798 0.4724
vn 0.0426 0.7141 0.6987
vn 0.0089 0.8079 0.5892
vn 0.0254 0.8280 0.5601
vn -0.0043 0.8694 0.4942
vn -0.0204 0.7156 0.6982
vn -0.0308 0.8380 0.5447
vn -0.0108 0.8178 0.5754
vn -0.0338 0.8465 0.5313
vn -0.0523 0.7104 0.7019
vn -0.0615 0.8568 0.5120
vn -0.0360 0.8293 0.5577
vn -0.0306 0.8226 0.5678
vn -0.0460 0.6951 0.7175
vn -0.0710 0.8672 0.4929
vn -0.0385 0.8542 0.5186
vn -0.0023 0.8224 0.5689
vn -0.0098 0.6726 0.7399
vn -0.0515 0.8771 0.4775
vn -0.0292 0.8780 0.4777
vn -0.0018 0.8450 0.5347
vn 0.0016 0.6684 0.7438
vn -0.1197 0.8919 0.4361
vn -0.0715 0.8972 0.4357
vn -0.0296 0.8693 0.4935
vn -0.0153 0.6793 0.7337
vn -0.2435 0.8989 0.3642
vn -0.1852 0.9113 0.3677
vn -0.1124 0.9002 0.4207
vn -0.0591 0.7092 0.7025
vn -0.2118 0.9330 0.2909
vn -0.1516 0.9427 0.2973
vn -0.0936 0.9396 0.3293
vn -0.0503 0.7395 0.6713
vn -0.2172 0.9506 0.2216
vn -0.1673 0.9577 0.2341
vn -0.1192 0.9574 0.2631
vn -0.0759 0.7761 0.6260
vn -0.2412 0.9517 0.1899
vn -0.2323 0.9542 0.1885
vn -0.2062 0.9556 0.2107
vn -0.1423 0.7992 0.5840
vn -0.1742 0.9673 0.1845
vn -0.1664 0.9705 0.1746
vn -0.1563 0.9716 0.1779
vn -0.1082 0.8447 0.5242
vn -0.1538 0.9717 0.1793
vn -0.1481 0.9752 0.1645
vn -0.1358 0.9776 0.1606
vn -0.0980 0.8762 0.4720
vn -0.1324 0.9742 0.1829
vn -0.1321 0.9791 0.1548
vn -0.1241 0.9815 0.1459
vn -0.0925 0.8992 0.4277
vn -0.1217 0.9731 0.1955
vn -0.1263 0.9808 0.1485
vn -0.1203 0.9834 0.1357
vn -0.0922 0.9189 0.3836
vn -0.1247 0.9647 0.2321
vn -0.1458 0.9789 0.1435
vn -0.1524 0.9781 0.1417
vn -0.1311 0.9336 0.3335
vn -0.1700 0.9376 0.3034
vn -0.2363 0.9563 0.1725
vn -0.2678 0.9505 0.1578
vn -0.2072 0.9524 0.2238
vn -0.2542 0.8858 0.3882
vn -0.2813 0.9443 0.1707
vn -0.2147 0.9688 0.1242
vn -0.1281 0.9893 0.0692
vn -0.0811 0.9029 0.4222
vn -0.0900 0.9886 0.1211
vn -0.0374 0.9984 0.0429
vn 0.0800 0.8811 0.4661
vn 0.0599 0.9838 0.1691
vn 0.0110 0.9054 0.4244
vn 0.0151 0.9692 0.2456
vn -0.0226 0.9209 0.3891
vn -0.0041 0.9658 0.2593
vn -0.0568 0.9346 0.3511
vn -0.0173 0.9718 0.2353
vn -0.0588 0.9445 0.3233
vn -0.0257 0.9819 0.1874
vn 0.0197 0.9421 0.3348
vn 0.0010 0.9863 0.1648
vn 0.0769 0.9205 0.3832
vn 0.0253 0.9800 0.1976
vn 0.1058 0.9125 0.3951
vn 0.0925 0.9619 0.2574
vn 0.0360 0.9985 0.0422
vn 0.1016 0.9284 0.3575
vn 0.1101 0.9401 0.3227
vn 0.0465 0.9895 0.1369
vn 0.0704 0.9409 0.3313
vn 0.0547 0.9302 0.3630
vn 0.0178 0.9780 0.2081
vn 0.0639 0.9448 0.3214
vn 0.0861 0.9275 0.3637
vn 0.0838 0.9650 0.2483
vn 0.0350 0.9986 0.0408
vn 0.0620 0.9505 0.3045
vn 0.0973 0.9419 0.3215
vn 0.1069 0.9480 0.2999
vn 0.0451 0.9905 0.1303
vn 0.0666 0.9562 0.2851
vn 0.0789 0.9531 0.2921
vn 0.0621 0.9387 0.3391
vn 0.0213 0.9798 0.1988
vn 0.0781 0.9596 0.2704
vn 0.0849 0.9541 0.2873
vn 0.0975 0.9333 0.3457
vn 0.0883 0.9660 0.2432
vn 0.0927 0.9603 0.2630
vn 0.0929 0.9533 0.2874
vn 0.1098 0.9432 0.3136
vn 0.1093 0.9472 0.3013
vn 0.1008 0.9610 0.2575
vn 0.0990 0.9505 0.2945
vn 0.0875 0.9498 0.3004
vn 0.0590 0.9361 0.3468
vn 0.0948 0.9649 0.2449
vn 0.0987 0.9475 0.3041
vn 0.0857 0.9446 0.3169
vn 0.0550 0.9194 0.3896
vn 0.0700 0.9728 0.2209
vn 0.0883 0.9487 0.3036
vn 0.0837 0.9382 0.3359
vn 0.0529 0.9012 0.4301
vn 0.0312 0.9805 0.1941
vn 0.0569 0.9577 0.2821
vn 0.0714 0.9355 0.3459
vn 0.0507 0.8828 0.4670
vn -0.0130 0.9834 0.1810
vn 0.0022 0.9685 0.2491
vn 0.0289 0.9424 0.3332
vn 0.0311 0.8709 0.4905
vn -0.0506 0.9813 0.1859
vn -0.0511 0.9728 0.2261
vn -0.0330 0.9517 0.3054
vn -0.0121 0.8718 0.4897
vn -0.0851 0.9763 0.1989
vn -0.0928 0.9710 0.2202
vn -0.0880 0.9545 0.2849
vn -0.0604 0.8831 0.4653
vn -0.1227 0.9697 0.2113
vn -0.1295 0.9665 0.2216
vn -0.1283 0.9524 0.2765
vn -0.0943 0.9020 0.4214
vn -0.1548 0.9635 0.2183
vn -0.1577 0.9619 0.2233
vn -0.1731 0.9407 0.2917
vn -0.1542 0.9232 0.3521
vn -0.1796 0.9586 0.2212
vn -0.1827 0.9570 0.2254
vn -0.1799 0.9338 0.3093
vn -0.1258 0.9611 0.2460
vn -0.2169 0.9434 0.2510
vn -0.2534 0.9392 0.2316
vn -0.1896 0.9566 0.2211
vn -0.0576 0.9887 0.1384
vn -0.1918 0.9367 0.2928
vn -0.1746 0.9616 0.2116
vn -0.1135 0.9914 0.0654
vn -0.0304 0.9989 0.0368
vn -0.1852 0.9581 0.2184
vn -0.0541 0.9886 0.1408
vn -0.1195 0.9907 0.0649
vn -0.0333 0.9987 0.0399
vn 0.0441 0.9976 0.0525
vn 0.1196 0.9774 0.1743
vn 0.0298 0.9989 0.0354
vn 0.0935 0.9543 0.2839
vn 0.0342 0.9933 0.1100
vn 0.0105 0.9472 0.3205
vn 0.0024 0.9884 0.1519
vn -0.0790 0.9479 0.3088
vn -0.0331 0.9927 0.1157
vn -0.0912 0.9664 0.2405
vn -0.0313 0.9988 0.0386
vn -0.0581 0.9876 0.1458
vn -0.0006 0.9871 -0.1599
vn 0.0351 0.9921 -0.1208
vn 0.0038 0.9550 -0.2965
vn 0.0848 0.9571 -0.2770
vn 0.0180 0.9270 -0.3747
vn 0.0730 0.9143 -0.3983
vn 0.0297 0.8021 -0.5965
vn 0.0495 0.8065 -0.5891
vn -0.0361 0.9924 -0.1180
vn -0.0785 0.9535 -0.2908
vn -0.0486 0.9032 -0.4265
vn 0.0049 0.7865 -0.6176
vn -0.0024 0.9974 -0.0722
vn -0.0265 0.9676 -0.2511
vn -0.0585 0.8822 -0.4673
vn -0.0349 0.7507 -0.6597
vn 0.0319 0.9937 -0.1071
vn 0.0568 0.9730 -0.2235
vn 0.0055 0.9090 -0.4168
vn -0.0419 0.7264 -0.6860
vn 0.0080 0.9882 -0.1531
vn 0.0325 0.9713 -0.2357
vn 0.0467 0.9312 -0.3615
vn 0.0013 0.7565 -0.6540
vn 0.0068 0.9854 -0.1700
vn 0.0273 0.9620 -0.2718
vn 0.0172 0.9456 -0.3248
vn -0.0907 0.8502 -0.5186
vn -0.0062 0.9851 -0.1721
vn -0.0051 0.9551 -0.2961
vn -0.0109 0.9604 -0.2786
vn -0.0812 0.9352 -0.3446
vn -0.0389 0.9924 -0.1163
vn -0.0849 0.9521 -0.2936
vn -0.0413 0.9466 -0.3199
vn 0.0375 0.9487 -0.3138
vn -0.0296 0.9989 -0.0352
vn -0.0837 0.9654 -0.2470
vn -0.0789 0.9066 -0.4147
vn 0.0827 0.8621 -0.5000
vn -0.0231 0.9810 -0.1927
vn -0.0072 0.8667 -0.4987
vn 0.1641 0.6466 -0.7450
vn 0.0441 0.9753 -0.2166
vn 0.1586 0.7785 -0.6072
vn 0.2592 0.4438 -0.8578
vn 0.0582 0.9453 -0.3210
vn 0.1471 0.6547 -0.7414
vn 0.1325 0.4307 -0.8927
vn -0.0297 0.9270 -0.3738
vn -0.0871 0.6422 -0.7616
vn -0.1107 0.4476 -0.8874
vn -0.0512 0.9564 -0.2875
vn -0.1697 0.7267 -0.6657
vn -0.2782 0.4591 -0.8437
vn -0.0178 0.9759 -0.2176
vn -0.1200 0.8434 -0.5237
vn -0.2879 0.6061 -0.7414
vn -0.0024 0.9794 -0.2018
vn -0.0373 0.9136 -0.4049
vn -0.1088 0.7340 -0.6703
vn 0.0056 0.9780 -0.2083
vn 0.0183 0.9261 -0.3768
vn 0.0054 0.7553 -0.6554
vn 0.0035 0.9752 -0.2212
vn 0.0220 0.9169 -0.3985
vn -0.0452 0.7863 -0.6162
vn -0.0039 0.9748 -0.2230
vn -0.0060 0.9100 -0.4146
vn -0.0529 0.8526 -0.5199
vn -0.0098 0.9779 -0.2086
vn -0.0317 0.9144 -0.4036
vn -0.0493 0.8802 -0.4720
vn -0.0164 0.9835 -0.1802
vn -0.0223 0.9162 -0.4000
vn 0.0240 0.8647 -0.5017
vn -0.0125 0.9888 -0.1486
vn 0.0121 0.9011 -0.4335
vn 0.1191 0.7940 -0.5962
vn 0.0292 0.9859 -0.1651
vn 0.1157 0.8537 -0.5078
vn 0.2196 0.7121 -0.6669
vn 0.0718 0.9642 -0.2553
vn 0.1984 0.7566 -0.6230
vn 0.2238 0.7080 -0.6699
vn 0.0514 0.9965 -0.0653
vn 0.1597 0.9116 -0.3788
vn 0.1841 0.7211 -0.6679
vn 0.0874 0.7803 -0.6192
vn 0.0423 0.9817 -0.1859
vn 0.1022 0.8467 -0.5221
vn 0.0699 0.7831 -0.6180
vn 0.0451 0.8024 -0.5951
vn -0.0548 0.9831 -0.1747
vn -0.1022 0.8316 -0.5458
vn -0.0269 0.7638 -0.6449
vn 0.0882 0.7652 -0.6377
vn -0.0409 0.9978 -0.0516
vn -0.0735 0.8640 -0.4980
vn 0.0232 0.6624 -0.7488
vn 0.1093 0.7114 -0.6943
vn 0.0162 0.8718 -0.4896
vn 0.0454 0.5982 -0.8001
vn -0.0158 0.7616 -0.6479
vn 0.0390 0.9980 -0.0502
vn 0.0648 0.8598 -0.5065
vn -0.0714 0.6659 -0.7427
vn -0.2258 0.8103 -0.5407
vn 0.0026 0.9942 -0.1072
vn -0.0695 0.8574 -0.5100
vn -0.2361 0.7769 -0.5837
vn -0.3420 0.8107 -0.4752
vn -0.0413 0.9975 -0.0569
vn -0.1468 0.9295 -0.3382
vn -0.2662 0.8547 -0.4456
vn -0.3168 0.8366 -0.4468
vn -0.0783 0.9792 -0.1872
vn -0.2488 0.9240 -0.2904
vn -0.3976 0.8473 -0.3521
vn -0.0416 0.9978 -0.0521
vn -0.1466 0.9854 -0.0861
vn -0.2832 0.9438 -0.1704
vn -0.0406 0.9983 -0.0426
vn 0.0291 0.9990 -0.0337
vn 0.0503 0.9969 -0.0611
vn 0.1828 0.9764 -0.1148
vn 0.3196 0.9348 -0.1550
vn 0.0350 0.9984 -0.0441
vn 0.1876 0.9477 -0.2583
vn 0.4433 0.8085 -0.3870
vn 0.6255 0.7124 -0.3182
vn 0.0746 0.9821 -0.1730
vn 0.2667 0.8014 -0.5354
vn 0.4781 0.6206 -0.6216
vn 0.6193 0.6463 -0.4458
vn 0.0682 0.9458 -0.3176
vn 0.2004 0.6400 -0.7418
vn 0.3531 0.5616 -0.7483
vn 0.4686 0.6970 -0.5428
vn 0.0376 0.9145 -0.4028
vn 0.0980 0.5422 -0.8345
vn 0.1731 0.5579 -0.8116
vn 0.2336 0.7580 -0.6090
vn 0.0046 0.9013 -0.4332
vn -0.0083 0.5178 -0.8555
vn -0.0602 0.5693 -0.8199
vn -0.1007 0.7698 -0.6302
vn -0.0221 0.9040 -0.4269
vn -0.1135 0.5633 -0.8185
vn -0.2993 0.5761 -0.7606
vn -0.4460 0.6966 -0.5620
vn -0.0318 0.9189 -0.3933
vn -0.1582 0.6766 -0.7192
vn -0.3935 0.6757 -0.6234
vn -0.5994 0.6773 -0.4265
vn -0.0185 0.9360 -0.3515
vn -0.1048 0.7949 -0.5977
vn -0.2791 0.8538 -0.4395
vn -0.4560 0.8467 -0.2740
vn -0.0164 0.9489 -0.3151
vn -0.0601 0.8558 -0.5138
vn -0.1219 0.9452 -0.3028
vn -0.1882 0.9709 -0.1478
vn -0.0455 0.9639 -0.2623
vn -0.1288 0.8807 -0.4559
vn -0.1647 0.9482 -0.2715
vn -0.1527 0.9812 -0.1184
vn -0.0644 0.9870 -0.1471
vn -0.2299 0.9258 -0.3001
vn -0.3517 0.9038 -0.2438
vn -0.3616 0.9214 -0.1421
vn -0.0312 0.9988 -0.0371
vn -0.1347 0.9868 -0.0904
vn -0.2554 0.9571 -0.1368
vn -0.3531 0.9273 -0.1241
vn -0.0298 0.9990 -0.0347
vn -0.0964 0.9943 -0.0445
vn 0.0315 0.9988 -0.0376
vn 0.0430 0.9914 -0.1238
vn 0.0147 0.9820 -0.1882
vn -0.0023 0.9795 -0.2016
vn -0.0182 0.9836 -0.1796
vn -0.0407 0.9927 -0.1135
vn -0.0281 0.9990 -0.0335
vn 0.0334 0.9986 -0.0403
vn 0.1246 0.9731 -0.1940
vn 0.1889 0.8856 -0.4242
vn 0.1783 0.7692 -0.6136
vn 0.0538 0.9966 -0.0624
vn 0.0493 0.9978 0.0442
vn 0.2439 0.9559 0.1638
vn 0.0865 0.9937 0.0714
vn 0.4334 0.8606 0.2675
vn 0.1618 0.9847 0.0641
vn 0.3639 0.9180 0.1578
vn 0.4599 0.8694 0.1808
vn 0.2569 0.9655 0.0424
vn 0.4507 0.8810 0.1438
vn 0.5056 0.8219 0.2625
vn 0.3031 0.9529 0.0053
vn 0.6203 0.7703 0.1477
vn 0.6599 0.6384 0.3962
vn 0.0475 0.9979 0.0434
vn 0.3619 0.9201 0.1495
vn 0.7412 0.6206 0.2560
vn 0.7957 0.4635 0.3899
vn 0.2005 0.9748 0.0977
vn 0.5365 0.7837 0.3131
vn 0.7608 0.5161 0.3935
vn 0.8212 0.4724 0.3202
vn 0.3994 0.9034 0.1560
vn 0.7120 0.6166 0.3360
vn 0.7518 0.5415 0.3762
vn 0.7808 0.5263 0.3366
vn 0.5075 0.8456 0.1658
vn 0.7950 0.5080 0.3316
vn 0.7369 0.5571 0.3829
vn 0.7582 0.5292 0.3810
vn 0.5455 0.8270 0.1363
vn 0.8441 0.4617 0.2727
vn 0.7605 0.5662 0.3180
vn 0.7658 0.5667 0.3041
vn 0.5733 0.8132 0.1001
vn 0.8713 0.4546 0.1850
vn 0.7829 0.5869 0.2066
vn 0.7769 0.5959 0.2031
vn 0.5830 0.8103 0.0588
vn 0.8799 0.4636 0.1040
vn 0.7970 0.5903 0.1276
vn 0.8033 0.5712 0.1688
vn 0.5830 0.8117 0.0346
vn 0.8955 0.4360 0.0894
vn 0.8234 0.5501 0.1393
vn 0.8147 0.5514 0.1795
vn 0.5936 0.8043 0.0257
vn 0.9143 0.3948 0.0900
vn 0.8467 0.5081 0.1580
vn 0.8105 0.5590 0.1753
vn 0.5878 0.8090 0.0065
vn 0.9343 0.3520 0.0561
vn 0.8530 0.5049 0.1322
vn 0.8052 0.5760 0.1413
vn 0.6178 0.7851 -0.0437
vn 0.9477 0.3189 -0.0134
vn 0.8629 0.5034 0.0436
vn 0.8023 0.5948 0.0508
vn 0.6399 0.7646 -0.0777
vn 0.9565 0.2767 -0.0920
vn 0.8625 0.5020 -0.0646
vn 0.8005 0.5958 -0.0651
vn 0.6422 0.7616 -0.0869
vn 0.9508 0.2747 -0.1433
vn 0.8517 0.4951 -0.1717
vn 0.7930 0.5803 -0.1852
vn 0.6521 0.7513 -0.1013
vn 0.9350 0.2836 -0.2131
vn 0.7998 0.5018 -0.3295
vn 0.7619 0.5352 -0.3647
vn 0.6035 0.7888 -0.1168
vn 0.9197 0.2958 -0.2581
vn 0.7623 0.5280 -0.3742
vn 0.7398 0.5461 -0.3930
vn 0.5820 0.8047 -0.1171
vn 0.9174 0.3348 -0.2151
vn 0.7754 0.5649 -0.2820
vn 0.7523 0.5953 -0.2824
vn 0.5631 0.8225 -0.0795
vn 0.9047 0.3879 -0.1763
vn 0.7764 0.5694 -0.2703
vn 0.7609 0.5868 -0.2768
vn 0.4769 0.8710 -0.1185
vn 0.8525 0.4306 -0.2964
vn 0.7643 0.5175 -0.3848
vn 0.7601 0.5379 -0.3644
vn 0.3138 0.9422 -0.1171
vn 0.7110 0.6168 -0.3378
vn 0.7791 0.4288 -0.4573
vn 0.7756 0.4659 -0.4259
vn 0.1507 0.9860 -0.0719
vn 0.4769 0.8258 -0.3010
vn 0.7456 0.5085 -0.4308
vn 0.7935 0.4222 -0.4383
vn 0.0404 0.9984 -0.0390
vn 0.2020 0.9618 -0.1850
vn 0.5847 0.7012 -0.4080
vn 0.7563 0.3891 -0.5260
vn 0.0439 0.9982 -0.0415
vn 0.2777 0.9288 -0.2454
vn -0.2655 0.9467 0.1823
vn -0.1349 0.9808 0.1405
vn -0.1399 0.9881 0.0635
vn -0.3256 0.9280 0.1811
vn -0.2421 0.9622 0.1250
vn -0.0450 0.9981 0.0422
vn -0.3188 0.9329 0.1673
vn -0.3384 0.9299 0.1440
vn -0.1430 0.9882 0.0543
vn -0.3199 0.9412 0.1085
vn -0.4020 0.9134 0.0639
vn -0.2136 0.9768 0.0177
vn -0.3498 0.9361 0.0381
vn -0.4352 0.9003 0.0059
vn -0.2317 0.9728 -0.0020
vn -0.3880 0.9207 -0.0414
vn -0.4318 0.9003 -0.0542
vn -0.2150 0.9764 -0.0215
vn -0.4164 0.9044 -0.0926
vn -0.3963 0.9148 -0.0781
vn -0.1721 0.9847 -0.0272
vn -0.4067 0.9076 -0.1044
vn -0.3461 0.9367 -0.0536
vn -0.1336 0.9909 -0.0134
vn -0.3487 0.9359 -0.0497
vn -0.3115 0.9502 0.0098
vn -0.1309 0.9913 0.0111
vn -0.2660 0.9633 0.0363
vn -0.2809 0.9540 0.1049
vn -0.1710 0.9806 0.0962
vn -0.0359 0.9988 0.0345
vn -0.1967 0.9778 0.0724
vn -0.2387 0.9634 0.1223
vn -0.2341 0.9653 0.1157
vn -0.1148 0.9924 0.0433
vn -0.1575 0.9854 0.0653
vn -0.2297 0.9711 0.0644
vn -0.2815 0.9591 0.0307
vn -0.1621 0.9868 0.0048
vn -0.1266 0.9830 0.1331
vn -0.2773 0.9542 0.1123
vn -0.3350 0.9414 0.0386
vn -0.1686 0.9857 0.0017
vn -0.0695 0.9725 0.2223
vn -0.3371 0.9168 0.2140
vn -0.4191 0.9010 0.1120
vn -0.1971 0.9800 0.0282
vn 0.0126 0.9860 0.1664
vn -0.3597 0.9115 0.1996
vn -0.5142 0.8471 0.1340
vn -0.2589 0.9650 0.0426
vn 0.0964 0.9949 -0.0281
vn -0.3467 0.9377 0.0223
vn -0.5642 0.8253 0.0242
vn -0.3008 0.9537 0.0076
vn 0.1393 0.9430 -0.3021
vn -0.3122 0.9106 -0.2708
vn -0.5142 0.8380 -0.1828
vn -0.2562 0.9648 -0.0598
vn 0.1108 0.8493 -0.5162
vn -0.2223 0.8466 -0.4836
vn -0.3111 0.9086 -0.2789
vn -0.1318 0.9884 -0.0749
vn 0.0344 0.9524 -0.3028
vn -0.0715 0.9593 -0.2731
vn -0.0895 0.9866 -0.1367
vn -0.0292 0.9992 -0.0281
usemtl MI_Hologram
s off
f 3126/1/1 3129/2/1 3128/3/1 3127/4/1
f 3119/5/1 3124/6/1 3125/7/1 3121/8/1
f 3120/9/1 3122/10/1 3123/11/1 3118/12/1
f 3121/8/1 3125/7/1 3122/10/1 3120/9/1
f 3118/12/1 3123/11/1 3124/6/1 3119/5/1
s 1
f 2507/13/2 349/14/3 295/15/4 2502/16/5
f 232/17/6 2979/18/7 233/19/8
f 3/20/9 3116/21/10 3115/22/9
f 2517/23/11 376/24/12 349/14/3 2507/13/2
f 348/25/13 229/26/14 234/27/15 294/28/16
f 2508/29/9 2185/30/9 2158/31/9 2847/32/9
f 2847/32/9 2158/31/9 2131/33/9 2842/34/9
f 2842/34/9 2131/33/9 2104/35/17 2837/36/9
f 2837/36/9 2104/35/17 2077/37/18 2832/38/9
f 2832/38/9 2077/37/18 2050/39/19 2827/40/20
f 2827/40/20 2050/39/19 2023/41/21 2822/42/22
f 2822/42/22 2023/41/21 1996/43/23 2817/44/24
f 2817/44/24 1996/43/23 1969/45/25 2812/46/26
f 2812/46/26 1969/45/25 1942/47/27 2807/48/28
f 2807/48/28 1942/47/27 1915/49/29 2802/50/30
f 2802/50/30 1915/49/29 1888/51/31 2797/52/32
f 2797/52/32 1888/51/31 1861/53/33 2792/54/34
f 2792/54/34 1861/53/33 1834/55/35 2787/56/36
f 2787/56/36 1834/55/35 1807/57/9 2782/58/9
f 2782/58/9 1807/57/9 1780/59/37 2777/60/38
f 2777/60/38 1780/59/37 1753/61/39 2772/62/40
f 2772/62/40 1753/61/39 1726/63/41 2767/64/42
f 2767/64/42 1726/63/41 1699/65/43 2762/66/44
f 2762/66/44 1699/65/43 1672/67/45 2757/68/46
f 2757/68/46 1672/67/45 1645/69/47 2752/70/48
f 2752/70/48 1645/69/47 1618/71/49 2747/72/50
f 2747/72/50 1618/71/49 1591/73/51 2742/74/52
f 2742/74/52 1591/73/51 1564/75/53 2737/76/54
f 2737/76/54 1564/75/53 1537/77/55 2732/78/56
f 2732/78/56 1537/77/55 1510/79/57 2727/80/58
f 2727/80/58 1510/79/57 1483/81/59 2722/82/60
f 2722/82/60 1483/81/59 1456/83/61 2717/84/62
f 2717/84/62 1456/83/61 1429/85/63 2712/86/64
f 2712/86/64 1429/85/63 1402/87/65 2707/88/66
f 2707/88/66 1402/87/65 1375/89/67 2702/90/68
f 2702/90/68 1375/89/67 1348/91/69 2697/92/9
f 2697/92/9 1348/91/69 1321/93/70 2692/94/71
f 2692/94/71 1321/93/70 1294/95/72 2687/96/73
f 2687/96/73 1294/95/72 1267/97/74 2682/98/75
f 2682/98/75 1267/97/74 1240/99/76 2677/100/77
f 2677/100/77 1240/99/76 1213/101/78 2672/102/79
f 2672/102/79 1213/101/78 1186/103/80 2667/104/81
f 2667/104/81 1186/103/80 1159/105/82 2662/106/83
f 2662/106/83 1159/105/82 1132/107/84 2657/108/85
f 2657/108/85 1132/107/84 1105/109/86 2652/110/87
f 2652/110/87 1105/109/86 1078/111/88 2647/112/89
f 2647/112/89 1078/111/88 1051/113/90 2642/114/91
f 2642/114/91 1051/113/90 1024/115/92 2637/116/93
f 2637/116/93 1024/115/92 997/117/94 2632/118/95
f 2632/118/95 997/117/94 970/119/96 2627/120/97
f 2627/120/97 970/119/96 943/121/98 2622/122/99
f 2622/122/99 943/121/98 916/123/100 2617/124/101
f 2617/124/101 916/123/100 889/125/102 2612/126/103
f 2612/126/103 889/125/102 862/127/104 2607/128/105
f 2607/128/105 862/127/104 835/129/106 2602/130/107
f 2602/130/107 835/129/106 808/131/108 2597/132/109
f 2597/132/109 808/131/108 781/133/110 2592/134/111
f 2592/134/111 781/133/110 754/135/112 2587/136/113
f 2587/136/113 754/135/112 727/137/114 2582/138/115
f 2582/138/115 727/137/114 700/139/116 2577/140/117
f 2577/140/117 700/139/116 673/141/118 2572/142/119
f 2572/142/119 673/141/118 646/143/120 2567/144/121
f 2567/144/121 646/143/120 619/145/122 2562/146/123
f 2562/146/123 619/145/122 592/147/124 2557/148/125
f 2557/148/125 592/147/124 565/149/126 2552/150/127
f 2552/150/127 565/149/126 538/151/128 2547/152/129
f 2547/152/129 538/151/128 511/153/130 2542/154/131
f 2542/154/131 511/153/130 484/155/132 2537/156/133
f 2537/156/133 484/155/132 457/157/134 2532/158/135
f 2532/158/135 457/157/134 430/159/136 2527/160/137
f 2527/160/137 430/159/136 403/161/138 2522/162/139
f 2522/162/139 403/161/138 376/24/12 2517/23/11
f 2493/163/9 321/164/9 2185/30/9 2508/29/9
f 239/165/9 28/166/9 97/167/9 224/168/9
f 224/168/9 97/167/9 96/169/9 2492/170/9
f 2492/170/9 96/169/9 95/171/9 2487/172/9
f 2487/172/9 95/171/9 94/173/9 2482/174/9
f 2482/174/9 94/173/9 93/175/9 2477/176/9
f 2477/176/9 93/175/9 92/177/9 2472/178/9
f 2472/178/9 92/177/9 91/179/9 2467/180/9
f 2467/180/9 91/179/9 90/181/9 2462/182/9
f 2462/182/9 90/181/9 89/183/9 2457/184/9
f 2457/184/9 89/183/9 88/185/9 2452/186/9
f 2452/186/9 88/185/9 87/187/9 2447/188/9
f 2447/188/9 87/187/9 86/189/9 2442/190/140
f 2442/190/140 86/189/9 85/191/9 2437/192/141
f 2437/192/141 85/191/9 84/193/9 2432/194/142
f 2432/194/142 84/193/9 83/195/9 2427/196/143
f 2427/196/143 83/195/9 82/197/9 2422/198/144
f 2422/198/144 82/197/9 81/199/9 2417/200/145
f 2417/200/145 81/199/9 80/201/9 2412/202/146
f 2412/202/146 80/201/9 79/203/9 2407/204/147
f 2407/204/147 79/203/9 78/205/9 2402/206/148
f 2402/206/148 78/205/9 77/207/9 2397/208/149
f 2397/208/149 77/207/9 76/209/9 2392/210/150
f 2392/210/150 76/209/9 75/211/9 2387/212/151
f 2387/212/151 75/211/9 74/213/9 2382/214/9
f 2382/214/9 74/213/9 73/215/9 2377/216/9
f 2377/216/9 73/215/9 72/217/9 2372/218/9
f 2372/218/9 72/217/9 71/219/9 2367/220/9
f 2367/220/9 71/219/9 70/221/9 2362/222/9
f 2362/222/9 70/221/9 69/223/9 2357/224/9
f 2357/224/9 69/223/9 68/225/9 2352/226/9
f 2352/226/9 68/225/9 67/227/9 2347/228/9
f 2347/228/9 67/227/9 66/229/9 2342/230/9
f 2342/230/9 66/229/9 65/231/9 2337/232/9
f 2337/232/9 65/231/9 64/233/9 2332/234/9
f 2332/234/9 64/233/9 63/235/9 2327/236/9
f 2327/236/9 63/235/9 62/237/9 2322/238/9
f 2322/238/9 62/237/9 61/239/9 2317/240/9
f 2317/240/9 61/239/9 60/241/9 2312/242/152
f 2312/242/152 60/241/9 59/243/9 2307/244/153
f 2307/244/153 59/243/9 58/245/9 2302/246/154
f 2302/246/154 58/245/9 57/247/9 2297/248/155
f 2297/248/155 57/247/9 56/249/9 2292/250/156
f 2292/250/156 56/249/9 55/251/9 2287/252/157
f 2287/252/157 55/251/9 54/253/9 2282/254/158
f 2282/254/158 54/253/9 53/255/9 2277/256/159
f 2277/256/159 53/255/9 52/257/9 2272/258/160
f 2272/258/160 52/257/9 51/259/9 2267/260/161
f 2267/260/161 51/259/9 50/261/9 2262/262/162
f 2262/262/162 50/261/9 49/263/9 2257/264/163
f 2257/264/163 49/263/9 48/265/9 2252/266/164
f 2252/266/164 48/265/9 47/267/9 2247/268/165
f 2247/268/165 47/267/9 46/269/9 2242/270/166
f 2242/270/166 46/269/9 45/271/9 2237/272/167
f 2237/272/167 45/271/9 44/273/9 2232/274/168
f 2232/274/168 44/273/9 43/275/9 2227/276/169
f 2227/276/169 43/275/9 42/277/9 2222/278/170
f 2222/278/170 42/277/9 41/279/9 2217/280/171
f 2217/280/171 41/279/9 40/281/9 2212/282/172
f 2212/282/172 40/281/9 39/283/9 170/284/9
f 170/284/9 39/283/9 38/285/9 175/286/173
f 175/286/173 38/285/9 37/287/9 180/288/174
f 180/288/174 37/287/9 36/289/9 185/290/175
f 185/290/175 36/289/9 35/291/9 190/292/176
f 190/292/176 35/291/9 34/293/9 195/294/177
f 195/294/177 34/293/9 33/295/9 200/296/178
f 200/296/178 33/295/9 32/297/9 205/298/179
f 205/298/179 32/297/9 31/299/9 210/300/180
f 210/300/180 31/299/9 30/301/9 215/302/181
f 215/302/181 30/301/9 29/303/9 225/304/182
f 225/304/182 29/303/9 27/305/9 230/306/9
f 2500/307/183 2501/308/184 2851/309/185
f 2185/30/9 321/164/9 323/310/9 2210/311/9
f 2210/311/9 323/310/9 324/312/9 2209/313/9
f 2209/313/9 324/312/9 325/314/9 2208/315/9
f 2208/315/9 325/314/9 326/316/9 2207/317/9
f 2207/317/9 326/316/9 327/318/9 2206/319/186
f 2206/319/186 327/318/9 328/320/9 2205/321/187
f 2205/321/187 328/320/9 329/322/188 2204/323/189
f 2204/323/189 329/322/188 330/324/190 2203/325/191
f 2203/325/191 330/324/190 331/326/192 2202/327/193
f 2202/327/193 331/326/192 332/328/194 2201/329/195
f 2201/329/195 332/328/194 333/330/196 2200/331/197
f 2200/331/197 333/330/196 334/332/198 2199/333/199
f 2199/333/199 334/332/198 335/334/200 2198/335/201
f 2198/335/201 335/334/200 336/336/202 2197/337/203
f 2197/337/203 336/336/202 337/338/204 2196/339/205
f 2196/339/205 337/338/204 338/340/206 2195/341/207
f 2195/341/207 338/340/206 339/342/208 2194/343/209
f 2194/343/209 339/342/208 340/344/210 2193/345/211
f 2193/345/211 340/344/210 341/346/212 2192/347/213
f 2192/347/213 341/346/212 342/348/214 2191/349/215
f 2191/349/215 342/348/214 343/350/216 2190/351/217
f 2190/351/217 343/350/216 344/352/218 2189/353/219
f 2189/353/219 344/352/218 345/354/220 2188/355/221
f 2188/355/221 345/354/220 346/356/222 2187/357/223
f 2187/357/223 346/356/222 347/358/224 2186/359/225
f 2186/359/225 347/358/224 322/360/226 2184/361/227
f 2158/31/9 2185/30/9 2210/311/9 2183/362/228
f 2183/362/228 2210/311/9 2209/313/9 2182/363/229
f 2182/363/229 2209/313/9 2208/315/9 2181/364/230
f 2181/364/230 2208/315/9 2207/317/9 2180/365/231
f 2180/365/231 2207/317/9 2206/319/186 2179/366/232
f 2179/366/232 2206/319/186 2205/321/187 2178/367/233
f 2178/367/233 2205/321/187 2204/323/189 2177/368/234
f 2177/368/234 2204/323/189 2203/325/191 2176/369/235
f 2176/369/235 2203/325/191 2202/327/193 2175/370/236
f 2175/370/236 2202/327/193 2201/329/195 2174/371/237
f 2174/371/237 2201/329/195 2200/331/197 2173/372/238
f 2173/372/238 2200/331/197 2199/333/199 2172/373/239
f 2172/373/239 2199/333/199 2198/335/201 2171/374/240
f 2171/374/240 2198/335/201 2197/337/203 2170/375/241
f 2170/375/241 2197/337/203 2196/339/205 2169/376/242
f 2169/376/242 2196/339/205 2195/341/207 2168/377/243
f 2168/377/243 2195/341/207 2194/343/209 2167/378/244
f 2167/378/244 2194/343/209 2193/345/211 2166/379/245
f 2166/379/245 2193/345/211 2192/347/213 2165/380/246
f 2165/380/246 2192/347/213 2191/349/215 2164/381/247
f 2164/381/247 2191/349/215 2190/351/217 2163/382/248
f 2163/382/248 2190/351/217 2189/353/219 2162/383/249
f 2162/383/249 2189/353/219 2188/355/221 2161/384/250
f 2161/384/250 2188/355/221 2187/357/223 2160/385/251
f 2160/385/251 2187/357/223 2186/359/225 2159/386/252
f 2159/386/252 2186/359/225 2184/361/227 2157/387/253
f 2131/33/9 2158/31/9 2183/362/228 2156/388/254
f 2156/388/254 2183/362/228 2182/363/229 2155/389/255
f 2155/389/255 2182/363/229 2181/364/230 2154/390/256
f 2154/390/256 2181/364/230 2180/365/231 2153/391/257
f 2153/391/257 2180/365/231 2179/366/232 2152/392/258
f 2152/392/258 2179/366/232 2178/367/233 2151/393/259
f 2151/393/259 2178/367/233 2177/368/234 2150/394/260
f 2150/394/260 2177/368/234 2176/369/235 2149/395/261
f 2149/395/261 2176/369/235 2175/370/236 2148/396/262
f 2148/396/262 2175/370/236 2174/371/237 2147/397/263
f 2147/397/263 2174/371/237 2173/372/238 2146/398/264
f 2146/398/264 2173/372/238 2172/373/239 2145/399/265
f 2145/399/265 2172/373/239 2171/374/240 2144/400/266
f 2144/400/266 2171/374/240 2170/375/241 2143/401/267
f 2143/401/267 2170/375/241 2169/376/242 2142/402/268
f 2142/402/268 2169/376/242 2168/377/243 2141/403/269
f 2141/403/269 2168/377/243 2167/378/244 2140/404/270
f 2140/404/270 2167/378/244 2166/379/245 2139/405/271
f 2139/405/271 2166/379/245 2165/380/246 2138/406/272
f 2138/406/272 2165/380/246 2164/381/247 2137/407/273
f 2137/407/273 2164/381/247 2163/382/248 2136/408/274
f 2136/408/274 2163/382/248 2162/383/249 2135/409/275
f 2135/409/275 2162/383/249 2161/384/250 2134/410/276
f 2134/410/276 2161/384/250 2160/385/251 2133/411/277
f 2133/411/277 2160/385/251 2159/386/252 2132/412/278
f 2132/412/278 2159/386/252 2157/387/253 2130/413/279
f 2104/35/17 2131/33/9 2156/388/254 2129/414/280
f 2129/414/280 2156/388/254 2155/389/255 2128/415/281
f 2128/415/281 2155/389/255 2154/390/256 2127/416/282
f 2127/416/282 2154/390/256 2153/391/257 2126/417/283
f 2126/417/283 2153/391/257 2152/392/258 2125/418/284
f 2125/418/284 2152/392/258 2151/393/259 2124/419/285
f 2124/419/285 2151/393/259 2150/394/260 2123/420/286
f 2123/420/286 2150/394/260 2149/395/261 2122/421/287
f 2122/421/287 2149/395/261 2148/396/262 2121/422/288
f 2121/422/288 2148/396/262 2147/397/263 2120/423/289
f 2120/423/289 2147/397/263 2146/398/264 2119/424/290
f 2119/424/290 2146/398/264 2145/399/265 2118/425/291
f 2118/425/291 2145/399/265 2144/400/266 2117/426/292
f 2117/426/292 2144/400/266 2143/401/267 2116/427/293
f 2116/427/293 2143/401/267 2142/402/268 2115/428/9
f 2115/428/9 2142/402/268 2141/403/269 2114/429/9
f 2114/429/9 2141/403/269 2140/404/270 2113/430/9
f 2113/430/9 2140/404/270 2139/405/271 2112/431/294
f 2112/431/294 2139/405/271 2138/406/272 2111/432/295
f 2111/432/295 2138/406/272 2137/407/273 2110/433/296
f 2110/433/296 2137/407/273 2136/408/274 2109/434/297
f 2109/434/297 2136/408/274 2135/409/275 2108/435/298
f 2108/435/298 2135/409/275 2134/410/276 2107/436/299
f 2107/436/299 2134/410/276 2133/411/277 2106/437/300
f 2106/437/300 2133/411/277 2132/412/278 2105/438/301
f 2105/438/301 2132/412/278 2130/413/279 2103/439/302
f 2077/37/18 2104/35/17 2129/414/280 2102/440/303
f 2102/440/303 2129/414/280 2128/415/281 2101/441/304
f 2101/441/304 2128/415/281 2127/416/282 2100/442/305
f 2100/442/305 2127/416/282 2126/417/283 2099/443/306
f 2099/443/306 2126/417/283 2125/418/284 2098/444/307
f 2098/444/307 2125/418/284 2124/419/285 2097/445/308
f 2097/445/308 2124/419/285 2123/420/286 2096/446/309
f 2096/446/309 2123/420/286 2122/421/287 2095/447/310
f 2095/447/310 2122/421/287 2121/422/288 2094/448/311
f 2094/448/311 2121/422/288 2120/423/289 2093/449/312
f 2093/449/312 2120/423/289 2119/424/290 2092/450/313
f 2092/450/313 2119/424/290 2118/425/291 2091/451/314
f 2091/451/314 2118/425/291 2117/426/292 2090/452/315
f 2090/452/315 2117/426/292 2116/427/293 2089/453/316
f 2089/453/316 2116/427/293 2115/428/9 2088/454/317
f 2088/454/317 2115/428/9 2114/429/9 2087/455/318
f 2087/455/318 2114/429/9 2113/430/9 2086/456/319
f 2086/456/319 2113/430/9 2112/431/294 2085/457/320
f 2085/457/320 2112/431/294 2111/432/295 2084/458/321
f 2084/458/321 2111/432/295 2110/433/296 2083/459/322
f 2083/459/322 2110/433/296 2109/434/297 2082/460/323
f 2082/460/323 2109/434/297 2108/435/298 2081/461/324
f 2081/461/324 2108/435/298 2107/436/299 2080/462/325
f 2080/462/325 2107/436/299 2106/437/300 2079/463/326
f 2079/463/326 2106/437/300 2105/438/301 2078/464/327
f 2078/464/327 2105/438/301 2103/439/302 2076/465/328
f 2050/39/19 2077/37/18 2102/440/303 2075/466/329
f 2075/466/329 2102/440/303 2101/441/304 2074/467/330
f 2074/467/330 2101/441/304 2100/442/305 2073/468/331
f 2073/468/331 2100/442/305 2099/443/306 2072/469/332
f 2072/469/332 2099/443/306 2098/444/307 2071/470/333
f 2071/470/333 2098/444/307 2097/445/308 2070/471/334
f 2070/471/334 2097/445/308 2096/446/309 2069/472/335
f 2069/472/335 2096/446/309 2095/447/310 2068/473/336
f 2068/473/336 2095/447/310 2094/448/311 2067/474/337
f 2067/474/337 2094/448/311 2093/449/312 2066/475/338
f 2066/475/338 2093/449/312 2092/450/313 2065/476/339
f 2065/476/339 2092/450/313 2091/451/314 2064/477/340
f 2064/477/340 2091/451/314 2090/452/315 2063/478/341
f 2063/478/341 2090/452/315 2089/453/316 2062/479/342
f 2062/479/342 2089/453/316 2088/454/317 2061/480/343
f 2061/480/343 2088/454/317 2087/455/318 2060/481/344
f 2060/481/344 2087/455/318 2086/456/319 2059/482/345
f 2059/482/345 2086/456/319 2085/457/320 2058/483/346
f 2058/483/346 2085/457/320 2084/458/321 2057/484/347
f 2057/484/347 2084/458/321 2083/459/322 2056/485/348
f 2056/485/348 2083/459/322 2082/460/323 2055/486/349
f 2055/486/349 2082/460/323 2081/461/324 2054/487/350
f 2054/487/350 2081/461/324 2080/462/325 2053/488/351
f 2053/488/351 2080/462/325 2079/463/326 2052/489/352
f 2052/489/352 2079/463/326 2078/464/327 2051/490/353
f 2051/490/353 2078/464/327 2076/465/328 2049/491/354
f 2023/41/21 2050/39/19 2075/466/329 2048/492/355
f 2048/492/355 2075/466/329 2074/467/330 2047/493/356
f 2047/493/356 2074/467/330 2073/468/331 2046/494/357
f 2046/494/357 2073/468/331 2072/469/332 2045/495/358
f 2045/495/358 2072/469/332 2071/470/333 2044/496/359
f 2044/496/359 2071/470/333 2070/471/334 2043/497/360
f 2043/497/360 2070/471/334 2069/472/335 2042/498/361
f 2042/498/361 2069/472/335 2068/473/336 2041/499/362
f 2041/499/362 2068/473/336 2067/474/337 2040/500/363
f 2040/500/363 2067/474/337 2066/475/338 2039/501/364
f 2039/501/364 2066/475/338 2065/476/339 2038/502/365
f 2038/502/365 2065/476/339 2064/477/340 2037/503/366
f 2037/503/366 2064/477/340 2063/478/341 2036/504/367
f 2036/504/367 2063/478/341 2062/479/342 2035/505/368
f 2035/505/368 2062/479/342 2061/480/343 2034/506/369
f 2034/506/369 2061/480/343 2060/481/344 2033/507/370
f 2033/507/370 2060/481/344 2059/482/345 2032/508/371
f 2032/508/371 2059/482/345 2058/483/346 2031/509/372
f 2031/509/372 2058/483/346 2057/484/347 2030/510/373
f 2030/510/373 2057/484/347 2056/485/348 2029/511/374
f 2029/511/374 2056/485/348 2055/486/349 2028/512/375
f 2028/512/375 2055/486/349 2054/487/350 2027/513/376
f 2027/513/376 2054/487/350 2053/488/351 2026/514/377
f 2026/514/377 2053/488/351 2052/489/352 2025/515/378
f 2025/515/378 2052/489/352 2051/490/353 2024/516/379
f 2024/516/379 2051/490/353 2049/491/354 2022/517/380
f 1996/43/23 2023/41/21 2048/492/355 2021/518/381
f 2021/518/381 2048/492/355 2047/493/356 2020/519/382
f 2020/519/382 2047/493/356 2046/494/357 2019/520/383
f 2019/520/383 2046/494/357 2045/495/358 2018/521/384
f 2018/521/384 2045/495/358 2044/496/359 2017/522/385
f 2017/522/385 2044/496/359 2043/497/360 2016/523/386
f 2016/523/386 2043/497/360 2042/498/361 2015/524/387
f 2015/524/387 2042/498/361 2041/499/362 2014/525/388
f 2014/525/388 2041/499/362 2040/500/363 2013/526/389
f 2013/526/389 2040/500/363 2039/501/364 2012/527/390
f 2012/527/390 2039/501/364 2038/502/365 2011/528/391
f 2011/528/391 2038/502/365 2037/503/366 2010/529/392
f 2010/529/392 2037/503/366 2036/504/367 2009/530/393
f 2009/530/393 2036/504/367 2035/505/368 2008/531/394
f 2008/531/394 2035/505/368 2034/506/369 2007/532/395
f 2007/532/395 2034/506/369 2033/507/370 2006/533/396
f 2006/533/396 2033/507/370 2032/508/371 2005/534/397
f 2005/534/397 2032/508/371 2031/509/372 2004/535/398
f 2004/535/398 2031/509/372 2030/510/373 2003/536/399
f 2003/536/399 2030/510/373 2029/511/374 2002/537/400
f 2002/537/400 2029/511/374 2028/512/375 2001/538/401
f 2001/538/401 2028/512/375 2027/513/376 2000/539/402
f 2000/539/402 2027/513/376 2026/514/377 1999/540/403
f 1999/540/403 2026/514/377 2025/515/378 1998/541/404
f 1998/541/404 2025/515/378 2024/516/379 1997/542/405
f 1997/542/405 2024/516/379 2022/517/380 1995/543/406
f 1969/45/25 1996/43/23 2021/518/381 1994/544/407
f 1994/544/407 2021/518/381 2020/519/382 1993/545/408
f 1993/545/408 2020/519/382 2019/520/383 1992/546/409
f 1992/546/409 2019/520/383 2018/521/384 1991/547/410
f 1991/547/410 2018/521/384 2017/522/385 1990/548/411
f 1990/548/411 2017/522/385 2016/523/386 1989/549/412
f 1989/549/412 2016/523/386 2015/524/387 1988/550/413
f 1988/550/413 2015/524/387 2014/525/388 1987/551/414
f 1987/551/414 2014/525/388 2013/526/389 1986/552/415
f 1986/552/415 2013/526/389 2012/527/390 1985/553/416
f 1985/553/416 2012/527/390 2011/528/391 1984/554/417
f 1984/554/417 2011/528/391 2010/529/392 1983/555/418
f 1983/555/418 2010/529/392 2009/530/393 1982/556/419
f 1982/556/419 2009/530/393 2008/531/394 1981/557/420
f 1981/557/420 2008/531/394 2007/532/395 1980/558/421
f 1980/558/421 2007/532/395 2006/533/396 1979/559/422
f 1979/559/422 2006/533/396 2005/534/397 1978/560/423
f 1978/560/423 2005/534/397 2004/535/398 1977/561/424
f 1977/561/424 2004/535/398 2003/536/399 1976/562/425
f 1976/562/425 2003/536/399 2002/537/400 1975/563/426
f 1975/563/426 2002/537/400 2001/538/401 1974/564/427
f 1974/564/427 2001/538/401 2000/539/402 1973/565/428
f 1973/565/428 2000/539/402 1999/540/403 1972/566/429
f 1972/566/429 1999/540/403 1998/541/404 1971/567/430
f 1971/567/430 1998/541/404 1997/542/405 1970/568/431
f 1970/568/431 1997/542/405 1995/543/406 1968/569/432
f 1942/47/27 1969/45/25 1994/544/407 1967/570/433
f 1967/570/433 1994/544/407 1993/545/408 1966/571/434
f 1966/571/434 1993/545/408 1992/546/409 1965/572/435
f 1965/572/435 1992/546/409 1991/547/410 1964/573/436
f 1964/573/436 1991/547/410 1990/548/411 1963/574/437
f 1963/574/437 1990/548/411 1989/549/412 1962/575/438
f 1962/575/438 1989/549/412 1988/550/413 1961/576/439
f 1961/576/439 1988/550/413 1987/551/414 1960/577/440
f 1960/577/440 1987/551/414 1986/552/415 1959/578/441
f 1959/578/441 1986/552/415 1985/553/416 1958/579/442
f 1958/579/442 1985/553/416 1984/554/417 1957/580/443
f 1957/580/443 1984/554/417 1983/555/418 1956/581/444
f 1956/581/444 1983/555/418 1982/556/419 1955/582/445
f 1955/582/445 1982/556/419 1981/557/420 1954/583/446
f 1954/583/446 1981/557/420 1980/558/421 1953/584/447
f 1953/584/447 1980/558/421 1979/559/422 1952/585/448
f 1952/585/448 1979/559/422 1978/560/423 1951/586/449
f 1951/586/449 1978/560/423 1977/561/424 1950/587/450
f 1950/587/450 1977/561/424 1976/562/425 1949/588/451
f 1949/588/451 1976/562/425 1975/563/426 1948/589/452
f 1948/589/452 1975/563/426 1974/564/427 1947/590/453
f 1947/590/453 1974/564/427 1973/565/428 1946/591/454
f 1946/591/454 1973/565/428 1972/566/429 1945/592/455
f 1945/592/455 1972/566/429 1971/567/430 1944/593/456
f 1944/593/456 1971/567/430 1970/568/431 1943/594/457
f 1943/594/457 1970/568/431 1968/569/432 1941/595/458
f 1915/49/29 1942/47/27 1967/570/433 1940/596/459
f 1940/596/459 1967/570/433 1966/571/434 1939/597/460
f 1939/597/460 1966/571/434 1965/572/435 1938/598/461
f 1938/598/461 1965/572/435 1964/573/436 1937/599/462
f 1937/599/462 1964/573/436 1963/574/437 1936/600/463
f 1936/600/463 1963/574/437 1962/575/438 1935/601/464
f 1935/601/464 1962/575/438 1961/576/439 1934/602/465
f 1934/602/465 1961/576/439 1960/577/440 1933/603/466
f 1933/603/466 1960/577/440 1959/578/441 1932/604/467
f 1932/604/467 1959/578/441 1958/579/442 1931/605/468
f 1931/605/468 1958/579/442 1957/580/443 1930/606/469
f 1930/606/469 1957/580/443 1956/581/444 1929/607/470
f 1929/607/470 1956/581/444 1955/582/445 1928/608/471
f 1928/608/471 1955/582/445 1954/583/446 1927/609/472
f 1927/609/472 1954/583/446 1953/584/447 1926/610/473
f 1926/610/473 1953/584/447 1952/585/448 1925/611/474
f 1925/611/474 1952/585/448 1951/586/449 1924/612/475
f 1924/612/475 1951/586/449 1950/587/450 1923/613/476
f 1923/613/476 1950/587/450 1949/588/451 1922/614/477
f 1922/614/477 1949/588/451 1948/589/452 1921/615/478
f 1921/615/478 1948/589/452 1947/590/453 1920/616/479
f 1920/616/479 1947/590/453 1946/591/454 1919/617/480
f 1919/617/480 1946/591/454 1945/592/455 1918/618/481
f 1918/618/481 1945/592/455 1944/593/456 1917/619/482
f 1917/619/482 1944/593/456 1943/594/457 1916/620/483
f 1916/620/483 1943/594/457 1941/595/458 1914/621/484
f 1888/51/31 1915/49/29 1940/596/459 1913/622/485
f 1913/622/485 1940/596/459 1939/597/460 1912/623/486
f 1912/623/486 1939/597/460 1938/598/461 1911/624/487
f 1911/624/487 1938/598/461 1937/599/462 1910/625/488
f 1910/625/488 1937/599/462 1936/600/463 1909/626/489
f 1909/626/489 1936/600/463 1935/601/464 1908/627/490
f 1908/627/490 1935/601/464 1934/602/465 1907/628/491
f 1907/628/491 1934/602/465 1933/603/466 1906/629/492
f 1906/629/492 1933/603/466 1932/604/467 1905/630/493
f 1905/630/493 1932/604/467 1931/605/468 1904/631/494
f 1904/631/494 1931/605/468 1930/606/469 1903/632/495
f 1903/632/495 1930/606/469 1929/607/470 1902/633/496
f 1902/633/496 1929/607/470 1928/608/471 1901/634/497
f 1901/634/497 1928/608/471 1927/609/472 1900/635/498
f 1900/635/498 1927/609/472 1926/610/473 1899/636/499
f 1899/636/499 1926/610/473 1925/611/474 1898/637/500
f 1898/637/500 1925/611/474 1924/612/475 1897/638/501
f 1897/638/501 1924/612/475 1923/613/476 1896/639/502
f 1896/639/502 1923/613/476 1922/614/477 1895/640/503
f 1895/640/503 1922/614/477 1921/615/478 1894/641/504
f 1894/641/504 1921/615/478 1920/616/479 1893/642/505
f 1893/642/505 1920/616/479 1919/617/480 1892/643/506
f 1892/643/506 1919/617/480 1918/618/481 1891/644/507
f 1891/644/507 1918/618/481 1917/619/482 1890/645/508
f 1890/645/508 1917/619/482 1916/620/483 1889/646/509
f 1889/646/509 1916/620/483 1914/621/484 1887/647/510
f 1861/53/33 1888/51/31 1913/622/485 1886/648/511
f 1886/648/511 1913/622/485 1912/623/486 1885/649/512
f 1885/649/512 1912/623/486 1911/624/487 1884/650/513
f 1884/650/513 1911/624/487 1910/625/488 1883/651/514
f 1883/651/514 1910/625/488 1909/626/489 1882/652/515
f 1882/652/515 1909/626/489 1908/627/490 1881/653/516
f 1881/653/516 1908/627/490 1907/628/491 1880/654/517
f 1880/654/517 1907/628/491 1906/629/492 1879/655/518
f 1879/655/518 1906/629/492 1905/630/493 1878/656/519
f 1878/656/519 1905/630/493 1904/631/494 1877/657/520
f 1877/657/520 1904/631/494 1903/632/495 1876/658/521
f 1876/658/521 1903/632/495 1902/633/496 1875/659/522
f 1875/659/522 1902/633/496 1901/634/497 1874/660/523
f 1874/660/523 1901/634/497 1900/635/498 1873/661/524
f 1873/661/524 1900/635/498 1899/636/499 1872/662/525
f 1872/662/525 1899/636/499 1898/637/500 1871/663/526
f 1871/663/526 1898/637/500 1897/638/501 1870/664/527
f 1870/664/527 1897/638/501 1896/639/502 1869/665/528
f 1869/665/528 1896/639/502 1895/640/503 1868/666/529
f 1868/666/529 1895/640/503 1894/641/504 1867/667/530
f 1867/667/530 1894/641/504 1893/642/505 1866/668/531
f 1866/668/531 1893/642/505 1892/643/506 1865/669/532
f 1865/669/532 1892/643/506 1891/644/507 1864/670/533
f 1864/670/533 1891/644/507 1890/645/508 1863/671/534
f 1863/671/534 1890/645/508 1889/646/509 1862/672/535
f 1862/672/535 1889/646/509 1887/647/510 1860/673/536
f 1834/55/35 1861/53/33 1886/648/511 1859/674/537
f 1859/674/537 1886/648/511 1885/649/512 1858/675/538
f 1858/675/538 1885/649/512 1884/650/513 1857/676/539
f 1857/676/539 1884/650/513 1883/651/514 1856/677/540
f 1856/677/540 1883/651/514 1882/652/515 1855/678/541
f 1855/678/541 1882/652/515 1881/653/516 1854/679/542
f 1854/679/542 1881/653/516 1880/654/517 1853/680/543
f 1853/680/543 1880/654/517 1879/655/518 1852/681/544
f 1852/681/544 1879/655/518 1878/656/519 1851/682/545
f 1851/682/545 1878/656/519 1877/657/520 1850/683/546
f 1850/683/546 1877/657/520 1876/658/521 1849/684/547
f 1849/684/547 1876/658/521 1875/659/522 1848/685/548
f 1848/685/548 1875/659/522 1874/660/523 1847/686/549
f 1847/686/549 1874/660/523 1873/661/524 1846/687/550
f 1846/687/550 1873/661/524 1872/662/525 1845/688/551
f 1845/688/551 1872/662/525 1871/663/526 1844/689/552
f 1844/689/552 1871/663/526 1870/664/527 1843/690/553
f 1843/690/553 1870/664/527 1869/665/528 1842/691/554
f 1842/691/554 1869/665/528 1868/666/529 1841/692/555
f 1841/692/555 1868/666/529 1867/667/530 1840/693/556
f 1840/693/556 1867/667/530 1866/668/531 1839/694/557
f 1839/694/557 1866/668/531 1865/669/532 1838/695/558
f 1838/695/558 1865/669/532 1864/670/533 1837/696/559
f 1837/696/559 1864/670/533 1863/671/534 1836/697/560
f 1836/697/560 1863/671/534 1862/672/535 1835/698/561
f 1835/698/561 1862/672/535 1860/673/536 1833/699/562
f 1807/57/9 1834/55/35 1859/674/537 1832/700/563
f 1832/700/563 1859/674/537 1858/675/538 1831/701/564
f 1831/701/564 1858/675/538 1857/676/539 1830/702/565
f 1830/702/565 1857/676/539 1856/677/540 1829/703/566
f 1829/703/566 1856/677/540 1855/678/541 1828/704/567
f 1828/704/567 1855/678/541 1854/679/542 1827/705/568
f 1827/705/568 1854/679/542 1853/680/543 1826/706/569
f 1826/706/569 1853/680/543 1852/681/544 1825/707/570
f 1825/707/570 1852/681/544 1851/682/545 1824/708/571
f 1824/708/571 1851/682/545 1850/683/546 1823/709/572
f 1823/709/572 1850/683/546 1849/684/547 1822/710/573
f 1822/710/573 1849/684/547 1848/685/548 1821/711/574
f 1821/711/574 1848/685/548 1847/686/549 1820/712/575
f 1820/712/575 1847/686/549 1846/687/550 1819/713/576
f 1819/713/576 1846/687/550 1845/688/551 1818/714/577
f 1818/714/577 1845/688/551 1844/689/552 1817/715/578
f 1817/715/578 1844/689/552 1843/690/553 1816/716/579
f 1816/716/579 1843/690/553 1842/691/554 1815/717/580
f 1815/717/580 1842/691/554 1841/692/555 1814/718/581
f 1814/718/581 1841/692/555 1840/693/556 1813/719/582
f 1813/719/582 1840/693/556 1839/694/557 1812/720/583
f 1812/720/583 1839/694/557 1838/695/558 1811/721/584
f 1811/721/584 1838/695/558 1837/696/559 1810/722/585
f 1810/722/585 1837/696/559 1836/697/560 1809/723/586
f 1809/723/586 1836/697/560 1835/698/561 1808/724/587
f 1808/724/587 1835/698/561 1833/699/562 1806/725/588
f 1780/59/37 1807/57/9 1832/700/563 1805/726/589
f 1805/726/589 1832/700/563 1831/701/564 1804/727/590
f 1804/727/590 1831/701/564 1830/702/565 1803/728/591
f 1803/728/591 1830/702/565 1829/703/566 1802/729/592
f 1802/729/592 1829/703/566 1828/704/567 1801/730/593
f 1801/730/593 1828/704/567 1827/705/568 1800/731/594
f 1800/731/594 1827/705/568 1826/706/569 1799/732/595
f 1799/732/595 1826/706/569 1825/707/570 1798/733/596
f 1798/733/596 1825/707/570 1824/708/571 1797/734/597
f 1797/734/597 1824/708/571 1823/709/572 1796/735/598
f 1796/735/598 1823/709/572 1822/710/573 1795/736/599
f 1795/736/599 1822/710/573 1821/711/574 1794/737/600
f 1794/737/600 1821/711/574 1820/712/575 1793/738/601
f 1793/738/601 1820/712/575 1819/713/576 1792/739/602
f 1792/739/602 1819/713/576 1818/714/577 1791/740/603
f 1791/740/603 1818/714/577 1817/715/578 1790/741/604
f 1790/741/604 1817/715/578 1816/716/579 1789/742/605
f 1789/742/605 1816/716/579 1815/717/580 1788/743/606
f 1788/743/606 1815/717/580 1814/718/581 1787/744/607
f 1787/744/607 1814/718/581 1813/719/582 1786/745/608
f 1786/745/608 1813/719/582 1812/720/583 1785/746/609
f 1785/746/609 1812/720/583 1811/721/584 1784/747/610
f 1784/747/610 1811/721/584 1810/722/585 1783/748/611
f 1783/748/611 1810/722/585 1809/723/586 1782/749/612
f 1782/749/612 1809/723/586 1808/724/587 1781/750/613
f 1781/750/613 1808/724/587 1806/725/588 1779/751/614
f 1753/61/39 1780/59/37 1805/726/589 1778/752/615
f 1778/752/615 1805/726/589 1804/727/590 1777/753/616
f 1777/753/616 1804/727/590 1803/728/591 1776/754/617
f 1776/754/617 1803/728/591 1802/729/592 1775/755/618
f 1775/755/618 1802/729/592 1801/730/593 1774/756/619
f 1774/756/619 1801/730/593 1800/731/594 1773/757/620
f 1773/757/620 1800/731/594 1799/732/595 1772/758/621
f 1772/758/621 1799/732/595 1798/733/596 1771/759/622
f 1771/759/622 1798/733/596 1797/734/597 1770/760/623
f 1770/760/623 1797/734/597 1796/735/598 1769/761/624
f 1769/761/624 1796/735/598 1795/736/599 1768/762/625
f 1768/762/625 1795/736/599 1794/737/600 1767/763/626
f 1767/763/626 1794/737/600 1793/738/601 1766/764/627
f 1766/764/627 1793/738/601 1792/739/602 1765/765/628
f 1765/765/628 1792/739/602 1791/740/603 1764/766/629
f 1764/766/629 1791/740/603 1790/741/604 1763/767/630
f 1763/767/630 1790/741/604 1789/742/605 1762/768/631
f 1762/768/631 1789/742/605 1788/743/606 1761/769/632
f 1761/769/632 1788/743/606 1787/744/607 1760/770/633
f 1760/770/633 1787/744/607 1786/745/608 1759/771/634
f 1759/771/634 1786/745/608 1785/746/609 1758/772/635
f 1758/772/635 1785/746/609 1784/747/610 1757/773/636
f 1757/773/636 1784/747/610 1783/748/611 1756/774/637
f 1756/774/637 1783/748/611 1782/749/612 1755/775/638
f 1755/775/638 1782/749/612 1781/750/613 1754/776/639
f 1754/776/639 1781/750/613 1779/751/614 1752/777/640
f 1726/63/41 1753/61/39 1778/752/615 1751/778/641
f 1751/778/641 1778/752/615 1777/753/616 1750/779/642
f 1750/779/642 1777/753/616 1776/754/617 1749/780/643
f 1749/780/643 1776/754/617 1775/755/618 1748/781/644
f 1748/781/644 1775/755/618 1774/756/619 1747/782/645
f 1747/782/645 1774/756/619 1773/757/620 1746/783/646
f 1746/783/646 1773/757/620 1772/758/621 1745/784/647
f 1745/784/647 1772/758/621 1771/759/622 1744/785/648
f 1744/785/648 1771/759/622 1770/760/623 1743/786/649
f 1743/786/649 1770/760/623 1769/761/624 1742/787/650
f 1742/787/650 1769/761/624 1768/762/625 1741/788/651
f 1741/788/651 1768/762/625 1767/763/626 1740/789/652
f 1740/789/652 1767/763/626 1766/764/627 1739/790/653
f 1739/790/653 1766/764/627 1765/765/628 1738/791/654
f 1738/791/654 1765/765/628 1764/766/629 1737/792/655
f 1737/792/655 1764/766/629 1763/767/630 1736/793/656
f 1736/793/656 1763/767/630 1762/768/631 1735/794/657
f 1735/794/657 1762/768/631 1761/769/632 1734/795/658
f 1734/795/658 1761/769/632 1760/770/633 1733/796/659
f 1733/796/659 1760/770/633 1759/771/634 1732/797/660
f 1732/797/660 1759/771/634 1758/772/635 1731/798/661
f 1731/798/661 1758/772/635 1757/773/636 1730/799/662
f 1730/799/662 1757/773/636 1756/774/637 1729/800/663
f 1729/800/663 1756/774/637 1755/775/638 1728/801/664
f 1728/801/664 1755/775/638 1754/776/639 1727/802/665
f 1727/802/665 1754/776/639 1752/777/640 1725/803/666
f 1699/65/43 1726/63/41 1751/778/641 1724/804/667
f 1724/804/667 1751/778/641 1750/779/642 1723/805/668
f 1723/805/668 1750/779/642 1749/780/643 1722/806/669
f 1722/806/669 1749/780/643 1748/781/644 1721/807/670
f 1721/807/670 1748/781/644 1747/782/645 1720/808/671
f 1720/808/671 1747/782/645 1746/783/646 1719/809/672
f 1719/809/672 1746/783/646 1745/784/647 1718/810/673
f 1718/810/673 1745/784/647 1744/785/648 1717/811/674
f 1717/811/674 1744/785/648 1743/786/649 1716/812/675
f 1716/812/675 1743/786/649 1742/787/650 1715/813/676
f 1715/813/676 1742/787/650 1741/788/651 1714/814/677
f 1714/814/677 1741/788/651 1740/789/652 1713/815/678
f 1713/815/678 1740/789/652 1739/790/653 1712/816/679
f 1712/816/679 1739/790/653 1738/791/654 1711/817/680
f 1711/817/680 1738/791/654 1737/792/655 1710/818/681
f 1710/818/681 1737/792/655 1736/793/656 1709/819/682
f 1709/819/682 1736/793/656 1735/794/657 1708/820/683
f 1708/820/683 1735/794/657 1734/795/658 1707/821/684
f 1707/821/684 1734/795/658 1733/796/659 1706/822/685
f 1706/822/685 1733/796/659 1732/797/660 1705/823/686
f 1705/823/686 1732/797/660 1731/798/661 1704/824/687
f 1704/824/687 1731/798/661 1730/799/662 1703/825/688
f 1703/825/688 1730/799/662 1729/800/663 1702/826/689
f 1702/826/689 1729/800/663 1728/801/664 1701/827/690
f 1701/827/690 1728/801/664 1727/802/665 1700/828/691
f 1700/828/691 1727/802/665 1725/803/666 1698/829/692
f 1672/67/45 1699/65/43 1724/804/667 1697/830/693
f 1697/830/693 1724/804/667 1723/805/668 1696/831/694
f 1696/831/694 1723/805/668 1722/806/669 1695/832/695
f 1695/832/695 1722/806/669 1721/807/670 1694/833/696
f 1694/833/696 1721/807/670 1720/808/671 1693/834/697
f 1693/834/697 1720/808/671 1719/809/672 1692/835/698
f 1692/835/698 1719/809/672 1718/810/673 1691/836/699
f 1691/836/699 1718/810/673 1717/811/674 1690/837/700
f 1690/837/700 1717/811/674 1716/812/675 1689/838/701
f 1689/838/701 1716/812/675 1715/813/676 1688/839/702
f 1688/839/702 1715/813/676 1714/814/677 1687/840/703
f 1687/840/703 1714/814/677 1713/815/678 1686/841/704
f 1686/841/704 1713/815/678 1712/816/679 1685/842/705
f 1685/842/705 1712/816/679 1711/817/680 1684/843/706
f 1684/843/706 1711/817/680 1710/818/681 1683/844/707
f 1683/844/707 1710/818/681 1709/819/682 1682/845/708
f 1682/845/708 1709/819/682 1708/820/683 1681/846/709
f 1681/846/709 1708/820/683 1707/821/684 1680/847/710
f 1680/847/710 1707/821/684 1706/822/685 1679/848/711
f 1679/848/711 1706/822/685 1705/823/686 1678/849/712
f 1678/849/712 1705/823/686 1704/824/687 1677/850/713
f 1677/850/713 1704/824/687 1703/825/688 1676/851/714
f 1676/851/714 1703/825/688 1702/826/689 1675/852/715
f 1675/852/715 1702/826/689 1701/827/690 1674/853/716
f 1674/853/716 1701/827/690 1700/828/691 1673/854/717
f 1673/854/717 1700/828/691 1698/829/692 1671/855/718
f 1645/69/47 1672/67/45 1697/830/693 1670/856/719
f 1670/856/719 1697/830/693 1696/831/694 1669/857/720
f 1669/857/720 1696/831/694 1695/832/695 1668/858/721
f 1668/858/721 1695/832/695 1694/833/696 1667/859/722
f 1667/859/722 1694/833/696 1693/834/697 1666/860/723
f 1666/860/723 1693/834/697 1692/835/698 1665/861/724
f 1665/861/724 1692/835/698 1691/836/699 1664/862/725
f 1664/862/725 1691/836/699 1690/837/700 1663/863/726
f 1663/863/726 1690/837/700 1689/838/701 1662/864/727
f 1662/864/727 1689/838/701 1688/839/702 1661/865/728
f 1661/865/728 1688/839/702 1687/840/703 1660/866/729
f 1660/866/729 1687/840/703 1686/841/704 1659/867/730
f 1659/867/730 1686/841/704 1685/842/705 1658/868/731
f 1658/868/731 1685/842/705 1684/843/706 1657/869/732
f 1657/869/732 1684/843/706 1683/844/707 1656/870/733
f 1656/870/733 1683/844/707 1682/845/708 1655/871/734
f 1655/871/734 1682/845/708 1681/846/709 1654/872/735
f 1654/872/735 1681/846/709 1680/847/710 1653/873/736
f 1653/873/736 1680/847/710 1679/848/711 1652/874/737
f 1652/874/737 1679/848/711 1678/849/712 1651/875/738
f 1651/875/738 1678/849/712 1677/850/713 1650/876/739
f 1650/876/739 1677/850/713 1676/851/714 1649/877/740
f 1649/877/740 1676/851/714 1675/852/715 1648/878/741
f 1648/878/741 1675/852/715 1674/853/716 1647/879/742
f 1647/879/742 1674/853/716 1673/854/717 1646/880/743
f 1646/880/743 1673/854/717 1671/855/718 1644/881/744
f 1618/71/49 1645/69/47 1670/856/719 1643/882/745
f 1643/882/745 1670/856/719 1669/857/720 1642/883/746
f 1642/883/746 1669/857/720 1668/858/721 1641/884/747
f 1641/884/747 1668/858/721 1667/859/722 1640/885/748
f 1640/885/748 1667/859/722 1666/860/723 1639/886/749
f 1639/886/749 1666/860/723 1665/861/724 1638/887/750
f 1638/887/750 1665/861/724 1664/862/725 1637/888/751
f 1637/888/751 1664/862/725 1663/863/726 1636/889/752
f 1636/889/752 1663/863/726 1662/864/727 1635/890/753
f 1635/890/753 1662/864/727 1661/865/728 1634/891/754
f 1634/891/754 1661/865/728 1660/866/729 1633/892/755
f 1633/892/755 1660/866/729 1659/867/730 1632/893/756
f 1632/893/756 1659/867/730 1658/868/731 1631/894/757
f 1631/894/757 1658/868/731 1657/869/732 1630/895/758
f 1630/895/758 1657/869/732 1656/870/733 1629/896/759
f 1629/896/759 1656/870/733 1655/871/734 1628/897/760
f 1628/897/760 1655/871/734 1654/872/735 1627/898/761
f 1627/898/761 1654/872/735 1653/873/736 1626/899/762
f 1626/899/762 1653/873/736 1652/874/737 1625/900/763
f 1625/900/763 1652/874/737 1651/875/738 1624/901/764
f 1624/901/764 1651/875/738 1650/876/739 1623/902/765
f 1623/902/765 1650/876/739 1649/877/740 1622/903/766
f 1622/903/766 1649/877/740 1648/878/741 1621/904/767
f 1621/904/767 1648/878/741 1647/879/742 1620/905/768
f 1620/905/768 1647/879/742 1646/880/743 1619/906/769
f 1619/906/769 1646/880/743 1644/881/744 1617/907/770
f 1591/73/51 1618/71/49 1643/882/745 1616/908/771
f 1616/908/771 1643/882/745 1642/883/746 1615/909/772
f 1615/909/772 1642/883/746 1641/884/747 1614/910/773
f 1614/910/773 1641/884/747 1640/885/748 1613/911/774
f 1613/911/774 1640/885/748 1639/886/749 1612/912/775
f 1612/912/775 1639/886/749 1638/887/750 1611/913/776
f 1611/913/776 1638/887/750 1637/888/751 1610/914/777
f 1610/914/777 1637/888/751 1636/889/752 1609/915/778
f 1609/915/778 1636/889/752 1635/890/753 1608/916/779
f 1608/916/779 1635/890/753 1634/891/754 1607/917/780
f 1607/917/780 1634/891/754 1633/892/755 1606/918/781
f 1606/918/781 1633/892/755 1632/893/756 1605/919/782
f 1605/919/782 1632/893/756 1631/894/757 1604/920/783
f 1604/920/783 1631/894/757 1630/895/758 1603/921/784
f 1603/921/784 1630/895/758 1629/896/759 1602/922/785
f 1602/922/785 1629/896/759 1628/897/760 1601/923/9
f 1601/923/9 1628/897/760 1627/898/761 1600/924/9
f 1600/924/9 1627/898/761 1626/899/762 1599/925/786
f 1599/925/786 1626/899/762 1625/900/763 1598/926/787
f 1598/926/787 1625/900/763 1624/901/764 1597/927/788
f 1597/927/788 1624/901/764 1623/902/765 1596/928/789
f 1596/928/789 1623/902/765 1622/903/766 1595/929/790
f 1595/929/790 1622/903/766 1621/904/767 1594/930/791
f 1594/930/791 1621/904/767 1620/905/768 1593/931/792
f 1593/931/792 1620/905/768 1619/906/769 1592/932/793
f 1592/932/793 1619/906/769 1617/907/770 1590/933/794
f 1564/75/53 1591/73/51 1616/908/771 1589/934/795
f 1589/934/795 1616/908/771 1615/909/772 1588/935/796
f 1588/935/796 1615/909/772 1614/910/773 1587/936/797
f 1587/936/797 1614/910/773 1613/911/774 1586/937/798
f 1586/937/798 1613/911/774 1612/912/775 1585/938/799
f 1585/938/799 1612/912/775 1611/913/776 1584/939/800
f 1584/939/800 1611/913/776 1610/914/777 1583/940/801
f 1583/940/801 1610/914/777 1609/915/778 1582/941/802
f 1582/941/802 1609/915/778 1608/916/779 1581/942/803
f 1581/942/803 1608/916/779 1607/917/780 1580/943/804
f 1580/943/804 1607/917/780 1606/918/781 1579/944/805
f 1579/944/805 1606/918/781 1605/919/782 1578/945/806
f 1578/945/806 1605/919/782 1604/920/783 1577/946/807
f 1577/946/807 1604/920/783 1603/921/784 1576/947/808
f 1576/947/808 1603/921/784 1602/922/785 1575/948/809
f 1575/948/809 1602/922/785 1601/923/9 1574/949/9
f 1574/949/9 1601/923/9 1600/924/9 1573/950/9
f 1573/950/9 1600/924/9 1599/925/786 1572/951/9
f 1572/951/9 1599/925/786 1598/926/787 1571/952/810
f 1571/952/810 1598/926/787 1597/927/788 1570/953/811
f 1570/953/811 1597/927/788 1596/928/789 1569/954/812
f 1569/954/812 1596/928/789 1595/929/790 1568/955/813
f 1568/955/813 1595/929/790 1594/930/791 1567/956/814
f 1567/956/814 1594/930/791 1593/931/792 1566/957/815
f 1566/957/815 1593/931/792 1592/932/793 1565/958/816
f 1565/958/816 1592/932/793 1590/933/794 1563/959/817
f 1537/77/55 1564/75/53 1589/934/795 1562/960/818
f 1562/960/818 1589/934/795 1588/935/796 1561/961/819
f 1561/961/819 1588/935/796 1587/936/797 1560/962/820
f 1560/962/820 1587/936/797 1586/937/798 1559/963/821
f 1559/963/821 1586/937/798 1585/938/799 1558/964/822
f 1558/964/822 1585/938/799 1584/939/800 1557/965/823
f 1557/965/823 1584/939/800 1583/940/801 1556/966/824
f 1556/966/824 1583/940/801 1582/941/802 1555/967/825
f 1555/967/825 1582/941/802 1581/942/803 1554/968/826
f 1554/968/826 1581/942/803 1580/943/804 1553/969/827
f 1553/969/827 1580/943/804 1579/944/805 1552/970/828
f 1552/970/828 1579/944/805 1578/945/806 1551/971/829
f 1551/971/829 1578/945/806 1577/946/807 1550/972/830
f 1550/972/830 1577/946/807 1576/947/808 1549/973/831
f 1549/973/831 1576/947/808 1575/948/809 1548/974/832
f 1548/974/832 1575/948/809 1574/949/9 1547/975/833
f 1547/975/833 1574/949/9 1573/950/9 1546/976/9
f 1546/976/9 1573/950/9 1572/951/9 1545/977/9
f 1545/977/9 1572/951/9 1571/952/810 1544/978/834
f 1544/978/834 1571/952/810 1570/953/811 1543/979/835
f 1543/979/835 1570/953/811 1569/954/812 1542/980/836
f 1542/980/836 1569/954/812 1568/955/813 1541/981/837
f 1541/981/837 1568/955/813 1567/956/814 1540/982/838
f 1540/982/838 1567/956/814 1566/957/815 1539/983/839
f 1539/983/839 1566/957/815 1565/958/816 1538/984/840
f 1538/984/840 1565/958/816 1563/959/817 1536/985/841
f 1510/79/57 1537/77/55 1562/960/818 1535/986/842
f 1535/986/842 1562/960/818 1561/961/819 1534/987/843
f 1534/987/843 1561/961/819 1560/962/820 1533/988/844
f 1533/988/844 1560/962/820 1559/963/821 1532/989/845
f 1532/989/845 1559/963/821 1558/964/822 1531/990/846
f 1531/990/846 1558/964/822 1557/965/823 1530/991/847
f 1530/991/847 1557/965/823 1556/966/824 1529/992/848
f 1529/992/848 1556/966/824 1555/967/825 1528/993/849
f 1528/993/849 1555/967/825 1554/968/826 1527/994/850
f 1527/994/850 1554/968/826 1553/969/827 1526/995/851
f 1526/995/851 1553/969/827 1552/970/828 1525/996/852
f 1525/996/852 1552/970/828 1551/971/829 1524/997/853
f 1524/997/853 1551/971/829 1550/972/830 1523/998/854
f 1523/998/854 1550/972/830 1549/973/831 1522/999/855
f 1522/999/855 1549/973/831 1548/974/832 1521/1000/856
f 1521/1000/856 1548/974/832 1547/975/833 1520/1001/857
f 1520/1001/857 1547/975/833 1546/976/9 1519/1002/858
f 1519/1002/858 1546/976/9 1545/977/9 1518/1003/9
f 1518/1003/9 1545/977/9 1544/978/834 1517/1004/859
f 1517/1004/859 1544/978/834 1543/979/835 1516/1005/860
f 1516/1005/860 1543/979/835 1542/980/836 1515/1006/861
f 1515/1006/861 1542/980/836 1541/981/837 1514/1007/862
f 1514/1007/862 1541/981/837 1540/982/838 1513/1008/863
f 1513/1008/863 1540/982/838 1539/983/839 1512/1009/864
f 1512/1009/864 1539/983/839 1538/984/840 1511/1010/865
f 1511/1010/865 1538/984/840 1536/985/841 1509/1011/866
f 1483/81/59 1510/79/57 1535/986/842 1508/1012/867
f 1508/1012/867 1535/986/842 1534/987/843 1507/1013/868
f 1507/1013/868 1534/987/843 1533/988/844 1506/1014/869
f 1506/1014/869 1533/988/844 1532/989/845 1505/1015/870
f 1505/1015/870 1532/989/845 1531/990/846 1504/1016/871
f 1504/1016/871 1531/990/846 1530/991/847 1503/1017/872
f 1503/1017/872 1530/991/847 1529/992/848 1502/1018/873
f 1502/1018/873 1529/992/848 1528/993/849 1501/1019/874
f 1501/1019/874 1528/993/849 1527/994/850 1500/1020/875
f 1500/1020/875 1527/994/850 1526/995/851 1499/1021/876
f 1499/1021/876 1526/995/851 1525/996/852 1498/1022/877
f 1498/1022/877 1525/996/852 1524/997/853 1497/1023/878
f 1497/1023/878 1524/997/853 1523/998/854 1496/1024/879
f 1496/1024/879 1523/998/854 1522/999/855 1495/1025/880
f 1495/1025/880 1522/999/855 1521/1000/856 1494/1026/881
f 1494/1026/881 1521/1000/856 1520/1001/857 1493/1027/882
f 1493/1027/882 1520/1001/857 1519/1002/858 1492/1028/883
f 1492/1028/883 1519/1002/858 1518/1003/9 1491/1029/884
f 1491/1029/884 1518/1003/9 1517/1004/859 1490/1030/885
f 1490/1030/885 1517/1004/859 1516/1005/860 1489/1031/886
f 1489/1031/886 1516/1005/860 1515/1006/861 1488/1032/887
f 1488/1032/887 1515/1006/861 1514/1007/862 1487/1033/888
f 1487/1033/888 1514/1007/862 1513/1008/863 1486/1034/889
f 1486/1034/889 1513/1008/863 1512/1009/864 1485/1035/890
f 1485/1035/890 1512/1009/864 1511/1010/865 1484/1036/891
f 1484/1036/891 1511/1010/865 1509/1011/866 1482/1037/892
f 1456/83/61 1483/81/59 1508/1012/867 1481/1038/893
f 1481/1038/893 1508/1012/867 1507/1013/868 1480/1039/894
f 1480/1039/894 1507/1013/868 1506/1014/869 1479/1040/895
f 1479/1040/895 1506/1014/869 1505/1015/870 1478/1041/896
f 1478/1041/896 1505/1015/870 1504/1016/871 1477/1042/897
f 1477/1042/897 1504/1016/871 1503/1017/872 1476/1043/898
f 1476/1043/898 1503/1017/872 1502/1018/873 1475/1044/899
f 1475/1044/899 1502/1018/873 1501/1019/874 1474/1045/900
f 1474/1045/900 1501/1019/874 1500/1020/875 1473/1046/901
f 1473/1046/901 1500/1020/875 1499/1021/876 1472/1047/902
f 1472/1047/902 1499/1021/876 1498/1022/877 1471/1048/903
f 1471/1048/903 1498/1022/877 1497/1023/878 1470/1049/904
f 1470/1049/904 1497/1023/878 1496/1024/879 1469/1050/905
f 1469/1050/905 1496/1024/879 1495/1025/880 1468/1051/906
f 1468/1051/906 1495/1025/880 1494/1026/881 1467/1052/907
f 1467/1052/907 1494/1026/881 1493/1027/882 1466/1053/908
f 1466/1053/908 1493/1027/882 1492/1028/883 1465/1054/909
f 1465/1054/909 1492/1028/883 1491/1029/884 1464/1055/910
f 1464/1055/910 1491/1029/884 1490/1030/885 1463/1056/911
f 1463/1056/911 1490/1030/885 1489/1031/886 1462/1057/912
f 1462/1057/912 1489/1031/886 1488/1032/887 1461/1058/913
f 1461/1058/913 1488/1032/887 1487/1033/888 1460/1059/914
f 1460/1059/914 1487/1033/888 1486/1034/889 1459/1060/915
f 1459/1060/915 1486/1034/889 1485/1035/890 1458/1061/916
f 1458/1061/916 1485/1035/890 1484/1036/891 1457/1062/917
f 1457/1062/917 1484/1036/891 1482/1037/892 1455/1063/918
f 1429/85/63 1456/83/61 1481/1038/893 1454/1064/919
f 1454/1064/919 1481/1038/893 1480/1039/894 1453/1065/920
f 1453/1065/920 1480/1039/894 1479/1040/895 1452/1066/921
f 1452/1066/921 1479/1040/895 1478/1041/896 1451/1067/922
f 1451/1067/922 1478/1041/896 1477/1042/897 1450/1068/923
f 1450/1068/923 1477/1042/897 1476/1043/898 1449/1069/924
f 1449/1069/924 1476/1043/898 1475/1044/899 1448/1070/925
f 1448/1070/925 1475/1044/899 1474/1045/900 1447/1071/926
f 1447/1071/926 1474/1045/900 1473/1046/901 1446/1072/927
f 1446/1072/927 1473/1046/901 1472/1047/902 1445/1073/928
f 1445/1073/928 1472/1047/902 1471/1048/903 1444/1074/929
f 1444/1074/929 1471/1048/903 1470/1049/904 1443/1075/930
f 1443/1075/930 1470/1049/904 1469/1050/905 1442/1076/931
f 1442/1076/931 1469/1050/905 1468/1051/906 1441/1077/932
f 1441/1077/932 1468/1051/906 1467/1052/907 1440/1078/933
f 1440/1078/933 1467/1052/907 1466/1053/908 1439/1079/934
f 1439/1079/934 1466/1053/908 1465/1054/909 1438/1080/935
f 1438/1080/935 1465/1054/909 1464/1055/910 1437/1081/936
f 1437/1081/936 1464/1055/910 1463/1056/911 1436/1082/937
f 1436/1082/937 1463/1056/911 1462/1057/912 1435/1083/938
f 1435/1083/938 1462/1057/912 1461/1058/913 1434/1084/939
f 1434/1084/939 1461/1058/913 1460/1059/914 1433/1085/940
f 1433/1085/940 1460/1059/914 1459/1060/915 1432/1086/941
f 1432/1086/941 1459/1060/915 1458/1061/916 1431/1087/942
f 1431/1087/942 1458/1061/916 1457/1062/917 1430/1088/943
f 1430/1088/943 1457/1062/917 1455/1063/918 1428/1089/944
f 1402/87/65 1429/85/63 1454/1064/919 1427/1090/945
f 1427/1090/945 1454/1064/919 1453/1065/920 1426/1091/946
f 1426/1091/946 1453/1065/920 1452/1066/921 1425/1092/947
f 1425/1092/947 1452/1066/921 1451/1067/922 1424/1093/948
f 1424/1093/948 1451/1067/922 1450/1068/923 1423/1094/949
f 1423/1094/949 1450/1068/923 1449/1069/924 1422/1095/950
f 1422/1095/950 1449/1069/924 1448/1070/925 1421/1096/951
f 1421/1096/951 1448/1070/925 1447/1071/926 1420/1097/952
f 1420/1097/952 1447/1071/926 1446/1072/927 1419/1098/953
f 1419/1098/953 1446/1072/927 1445/1073/928 1418/1099/954
f 1418/1099/954 1445/1073/928 1444/1074/929 1417/1100/955
f 1417/1100/955 1444/1074/929 1443/1075/930 1416/1101/956
f 1416/1101/956 1443/1075/930 1442/1076/931 1415/1102/957
f 1415/1102/957 1442/1076/931 1441/1077/932 1414/1103/958
f 1414/1103/958 1441/1077/932 1440/1078/933 1413/1104/959
f 1413/1104/959 1440/1078/933 1439/1079/934 1412/1105/960
f 1412/1105/960 1439/1079/934 1438/1080/935 1411/1106/961
f 1411/1106/961 1438/1080/935 1437/1081/936 1410/1107/962
f 1410/1107/962 1437/1081/936 1436/1082/937 1409/1108/963
f 1409/1108/963 1436/1082/937 1435/1083/938 1408/1109/964
f 1408/1109/964 1435/1083/938 1434/1084/939 1407/1110/965
f 1407/1110/965 1434/1084/939 1433/1085/940 1406/1111/966
f 1406/1111/966 1433/1085/940 1432/1086/941 1405/1112/967
f 1405/1112/967 1432/1086/941 1431/1087/942 1404/1113/968
f 1404/1113/968 1431/1087/942 1430/1088/943 1403/1114/969
f 1403/1114/969 1430/1088/943 1428/1089/944 1401/1115/970
f 1375/89/67 1402/87/65 1427/1090/945 1400/1116/971
f 1400/1116/971 1427/1090/945 1426/1091/946 1399/1117/972
f 1399/1117/972 1426/1091/946 1425/1092/947 1398/1118/973
f 1398/1118/973 1425/1092/947 1424/1093/948 1397/1119/974
f 1397/1119/974 1424/1093/948 1423/1094/949 1396/1120/975
f 1396/1120/975 1423/1094/949 1422/1095/950 1395/1121/976
f 1395/1121/976 1422/1095/950 1421/1096/951 1394/1122/977
f 1394/1122/977 1421/1096/951 1420/1097/952 1393/1123/978
f 1393/1123/978 1420/1097/952 1419/1098/953 1392/1124/979
f 1392/1124/979 1419/1098/953 1418/1099/954 1391/1125/980
f 1391/1125/980 1418/1099/954 1417/1100/955 1390/1126/981
f 1390/1126/981 1417/1100/955 1416/1101/956 1389/1127/982
f 1389/1127/982 1416/1101/956 1415/1102/957 1388/1128/983
f 1388/1128/983 1415/1102/957 1414/1103/958 1387/1129/984
f 1387/1129/984 1414/1103/958 1413/1104/959 1386/1130/985
f 1386/1130/985 1413/1104/959 1412/1105/960 1385/1131/986
f 1385/1131/986 1412/1105/960 1411/1106/961 1384/1132/987
f 1384/1132/987 1411/1106/961 1410/1107/962 1383/1133/988
f 1383/1133/988 1410/1107/962 1409/1108/963 1382/1134/989
f 1382/1134/989 1409/1108/963 1408/1109/964 1381/1135/990
f 1381/1135/990 1408/1109/964 1407/1110/965 1380/1136/991
f 1380/1136/991 1407/1110/965 1406/1111/966 1379/1137/992
f 1379/1137/992 1406/1111/966 1405/1112/967 1378/1138/993
f 1378/1138/993 1405/1112/967 1404/1113/968 1377/1139/994
f 1377/1139/994 1404/1113/968 1403/1114/969 1376/1140/995
f 1376/1140/995 1403/1114/969 1401/1115/970 1374/1141/996
f 1348/91/69 1375/89/67 1400/1116/971 1373/1142/997
f 1373/1142/997 1400/1116/971 1399/1117/972 1372/1143/998
f 1372/1143/998 1399/1117/972 1398/1118/973 1371/1144/999
f 1371/1144/999 1398/1118/973 1397/1119/974 1370/1145/1000
f 1370/1145/1000 1397/1119/974 1396/1120/975 1369/1146/1001
f 1369/1146/1001 1396/1120/975 1395/1121/976 1368/1147/1002
f 1368/1147/1002 1395/1121/976 1394/1122/977 1367/1148/1003
f 1367/1148/1003 1394/1122/977 1393/1123/978 1366/1149/1004
f 1366/1149/1004 1393/1123/978 1392/1124/979 1365/1150/1005
f 1365/1150/1005 1392/1124/979 1391/1125/980 1364/1151/1006
f 1364/1151/1006 1391/1125/980 1390/1126/981 1363/1152/1007
f 1363/1152/1007 1390/1126/981 1389/1127/982 1362/1153/1008
f 1362/1153/1008 1389/1127/982 1388/1128/983 1361/1154/1009
f 1361/1154/1009 1388/1128/983 1387/1129/984 1360/1155/1010
f 1360/1155/1010 1387/1129/984 1386/1130/985 1359/1156/1011
f 1359/1156/1011 1386/1130/985 1385/1131/986 1358/1157/1012
f 1358/1157/1012 1385/1131/986 1384/1132/987 1357/1158/1013
f 1357/1158/1013 1384/1132/987 1383/1133/988 1356/1159/1014
f 1356/1159/1014 1383/1133/988 1382/1134/989 1355/1160/1015
f 1355/1160/1015 1382/1134/989 1381/1135/990 1354/1161/1016
f 1354/1161/1016 1381/1135/990 1380/1136/991 1353/1162/1017
f 1353/1162/1017 1380/1136/991 1379/1137/992 1352/1163/1018
f 1352/1163/1018 1379/1137/992 1378/1138/993 1351/1164/1019
f 1351/1164/1019 1378/1138/993 1377/1139/994 1350/1165/1020
f 1350/1165/1020 1377/1139/994 1376/1140/995 1349/1166/1021
f 1349/1166/1021 1376/1140/995 1374/1141/996 1347/1167/1022
f 1321/93/70 1348/91/69 1373/1142/997 1346/1168/1023
f 1346/1168/1023 1373/1142/997 1372/1143/998 1345/1169/1024
f 1345/1169/1024 1372/1143/998 1371/1144/999 1344/1170/1025
f 1344/1170/1025 1371/1144/999 1370/1145/1000 1343/1171/1026
f 1343/1171/1026 1370/1145/1000 1369/1146/1001 1342/1172/1027
f 1342/1172/1027 1369/1146/1001 1368/1147/1002 1341/1173/1028
f 1341/1173/1028 1368/1147/1002 1367/1148/1003 1340/1174/1029
f 1340/1174/1029 1367/1148/1003 1366/1149/1004 1339/1175/1030
f 1339/1175/1030 1366/1149/1004 1365/1150/1005 1338/1176/1031
f 1338/1176/1031 1365/1150/1005 1364/1151/1006 1337/1177/1032
f 1337/1177/1032 1364/1151/1006 1363/1152/1007 1336/1178/1033
f 1336/1178/1033 1363/1152/1007 1362/1153/1008 1335/1179/1034
f 1335/1179/1034 1362/1153/1008 1361/1154/1009 1334/1180/1035
f 1334/1180/1035 1361/1154/1009 1360/1155/1010 1333/1181/1036
f 1333/1181/1036 1360/1155/1010 1359/1156/1011 1332/1182/1037
f 1332/1182/1037 1359/1156/1011 1358/1157/1012 1331/1183/1038
f 1331/1183/1038 1358/1157/1012 1357/1158/1013 1330/1184/1039
f 1330/1184/1039 1357/1158/1013 1356/1159/1014 1329/1185/1040
f 1329/1185/1040 1356/1159/1014 1355/1160/1015 1328/1186/1041
f 1328/1186/1041 1355/1160/1015 1354/1161/1016 1327/1187/1042
f 1327/1187/1042 1354/1161/1016 1353/1162/1017 1326/1188/1043
f 1326/1188/1043 1353/1162/1017 1352/1163/1018 1325/1189/1044
f 1325/1189/1044 1352/1163/1018 1351/1164/1019 1324/1190/1045
f 1324/1190/1045 1351/1164/1019 1350/1165/1020 1323/1191/1046
f 1323/1191/1046 1350/1165/1020 1349/1166/1021 1322/1192/1047
f 1322/1192/1047 1349/1166/1021 1347/1167/1022 1320/1193/1048
f 1294/95/72 1321/93/70 1346/1168/1023 1319/1194/1049
f 1319/1194/1049 1346/1168/1023 1345/1169/1024 1318/1195/1050
f 1318/1195/1050 1345/1169/1024 1344/1170/1025 1317/1196/1051
f 1317/1196/1051 1344/1170/1025 1343/1171/1026 1316/1197/1052
f 1316/1197/1052 1343/1171/1026 1342/1172/1027 1315/1198/1053
f 1315/1198/1053 1342/1172/1027 1341/1173/1028 1314/1199/1054
f 1314/1199/1054 1341/1173/1028 1340/1174/1029 1313/1200/1055
f 1313/1200/1055 1340/1174/1029 1339/1175/1030 1312/1201/1056
f 1312/1201/1056 1339/1175/1030 1338/1176/1031 1311/1202/1057
f 1311/1202/1057 1338/1176/1031 1337/1177/1032 1310/1203/1058
f 1310/1203/1058 1337/1177/1032 1336/1178/1033 1309/1204/1059
f 1309/1204/1059 1336/1178/1033 1335/1179/1034 1308/1205/1060
f 1308/1205/1060 1335/1179/1034 1334/1180/1035 1307/1206/1061
f 1307/1206/1061 1334/1180/1035 1333/1181/1036 1306/1207/1062
f 1306/1207/1062 1333/1181/1036 1332/1182/1037 1305/1208/1063
f 1305/1208/1063 1332/1182/1037 1331/1183/1038 1304/1209/1064
f 1304/1209/1064 1331/1183/1038 1330/1184/1039 1303/1210/1065
f 1303/1210/1065 1330/1184/1039 1329/1185/1040 1302/1211/1066
f 1302/1211/1066 1329/1185/1040 1328/1186/1041 1301/1212/1067
f 1301/1212/1067 1328/1186/1041 1327/1187/1042 1300/1213/1068
f 1300/1213/1068 1327/1187/1042 1326/1188/1043 1299/1214/1069
f 1299/1214/1069 1326/1188/1043 1325/1189/1044 1298/1215/1070
f 1298/1215/1070 1325/1189/1044 1324/1190/1045 1297/1216/1071
f 1297/1216/1071 1324/1190/1045 1323/1191/1046 1296/1217/1072
f 1296/1217/1072 1323/1191/1046 1322/1192/1047 1295/1218/1073
f 1295/1218/1073 1322/1192/1047 1320/1193/1048 1293/1219/1074
f 1267/97/74 1294/95/72 1319/1194/1049 1292/1220/1075
f 1292/1220/1075 1319/1194/1049 1318/1195/1050 1291/1221/1076
f 1291/1221/1076 1318/1195/1050 1317/1196/1051 1290/1222/1077
f 1290/1222/1077 1317/1196/1051 1316/1197/1052 1289/1223/1078
f 1289/1223/1078 1316/1197/1052 1315/1198/1053 1288/1224/1079
f 1288/1224/1079 1315/1198/1053 1314/1199/1054 1287/1225/1080
f 1287/1225/1080 1314/1199/1054 1313/1200/1055 1286/1226/1081
f 1286/1226/1081 1313/1200/1055 1312/1201/1056 1285/1227/1082
f 1285/1227/1082 1312/1201/1056 1311/1202/1057 1284/1228/1083
f 1284/1228/1083 1311/1202/1057 1310/1203/1058 1283/1229/1084
f 1283/1229/1084 1310/1203/1058 1309/1204/1059 1282/1230/1085
f 1282/1230/1085 1309/1204/1059 1308/1205/1060 1281/1231/1086
f 1281/1231/1086 1308/1205/1060 1307/1206/1061 1280/1232/1087
f 1280/1232/1087 1307/1206/1061 1306/1207/1062 1279/1233/1088
f 1279/1233/1088 1306/1207/1062 1305/1208/1063 1278/1234/1089
f 1278/1234/1089 1305/1208/1063 1304/1209/1064 1277/1235/1090
f 1277/1235/1090 1304/1209/1064 1303/1210/1065 1276/1236/1091
f 1276/1236/1091 1303/1210/1065 1302/1211/1066 1275/1237/1092
f 1275/1237/1092 1302/1211/1066 1301/1212/1067 1274/1238/1093
f 1274/1238/1093 1301/1212/1067 1300/1213/1068 1273/1239/1094
f 1273/1239/1094 1300/1213/1068 1299/1214/1069 1272/1240/1095
f 1272/1240/1095 1299/1214/1069 1298/1215/1070 1271/1241/1096
f 1271/1241/1096 1298/1215/1070 1297/1216/1071 1270/1242/1097
f 1270/1242/1097 1297/1216/1071 1296/1217/1072 1269/1243/1098
f 1269/1243/1098 1296/1217/1072 1295/1218/1073 1268/1244/1099
f 1268/1244/1099 1295/1218/1073 1293/1219/1074 1266/1245/1100
f 1240/99/76 1267/97/74 1292/1220/1075 1265/1246/1101
f 1265/1246/1101 1292/1220/1075 1291/1221/1076 1264/1247/1102
f 1264/1247/1102 1291/1221/1076 1290/1222/1077 1263/1248/1103
f 1263/1248/1103 1290/1222/1077 1289/1223/1078 1262/1249/1104
f 1262/1249/1104 1289/1223/1078 1288/1224/1079 1261/1250/1105
f 1261/1250/1105 1288/1224/1079 1287/1225/1080 1260/1251/1106
f 1260/1251/1106 1287/1225/1080 1286/1226/1081 1259/1252/1107
f 1259/1252/1107 1286/1226/1081 1285/1227/1082 1258/1253/1108
f 1258/1253/1108 1285/1227/1082 1284/1228/1083 1257/1254/1109
f 1257/1254/1109 1284/1228/1083 1283/1229/1084 1256/1255/1110
f 1256/1255/1110 1283/1229/1084 1282/1230/1085 1255/1256/1111
f 1255/1256/1111 1282/1230/1085 1281/1231/1086 1254/1257/1112
f 1254/1257/1112 1281/1231/1086 1280/1232/1087 1253/1258/1113
f 1253/1258/1113 1280/1232/1087 1279/1233/1088 1252/1259/1114
f 1252/1259/1114 1279/1233/1088 1278/1234/1089 1251/1260/1115
f 1251/1260/1115 1278/1234/1089 1277/1235/1090 1250/1261/1116
f 1250/1261/1116 1277/1235/1090 1276/1236/1091 1249/1262/1117
f 1249/1262/1117 1276/1236/1091 1275/1237/1092 1248/1263/1118
f 1248/1263/1118 1275/1237/1092 1274/1238/1093 1247/1264/1119
f 1247/1264/1119 1274/1238/1093 1273/1239/1094 1246/1265/1120
f 1246/1265/1120 1273/1239/1094 1272/1240/1095 1245/1266/1121
f 1245/1266/1121 1272/1240/1095 1271/1241/1096 1244/1267/1122
f 1244/1267/1122 1271/1241/1096 1270/1242/1097 1243/1268/1123
f 1243/1268/1123 1270/1242/1097 1269/1243/1098 1242/1269/1124
f 1242/1269/1124 1269/1243/1098 1268/1244/1099 1241/1270/1125
f 1241/1270/1125 1268/1244/1099 1266/1245/1100 1239/1271/1126
f 1213/101/78 1240/99/76 1265/1246/1101 1238/1272/1127
f 1238/1272/1127 1265/1246/1101 1264/1247/1102 1237/1273/1128
f 1237/1273/1128 1264/1247/1102 1263/1248/1103 1236/1274/1129
f 1236/1274/1129 1263/1248/1103 1262/1249/1104 1235/1275/1130
f 1235/1275/1130 1262/1249/1104 1261/1250/1105 1234/1276/1131
f 1234/1276/1131 1261/1250/1105 1260/1251/1106 1233/1277/1132
f 1233/1277/1132 1260/1251/1106 1259/1252/1107 1232/1278/1133
f 1232/1278/1133 1259/1252/1107 1258/1253/1108 1231/1279/1134
f 1231/1279/1134 1258/1253/1108 1257/1254/1109 1230/1280/1135
f 1230/1280/1135 1257/1254/1109 1256/1255/1110 1229/1281/1136
f 1229/1281/1136 1256/1255/1110 1255/1256/1111 1228/1282/1137
f 1228/1282/1137 1255/1256/1111 1254/1257/1112 1227/1283/1138
f 1227/1283/1138 1254/1257/1112 1253/1258/1113 1226/1284/1139
f 1226/1284/1139 1253/1258/1113 1252/1259/1114 1225/1285/1140
f 1225/1285/1140 1252/1259/1114 1251/1260/1115 1224/1286/1141
f 1224/1286/1141 1251/1260/1115 1250/1261/1116 1223/1287/1142
f 1223/1287/1142 1250/1261/1116 1249/1262/1117 1222/1288/1143
f 1222/1288/1143 1249/1262/1117 1248/1263/1118 1221/1289/1144
f 1221/1289/1144 1248/1263/1118 1247/1264/1119 1220/1290/1145
f 1220/1290/1145 1247/1264/1119 1246/1265/1120 1219/1291/1146
f 1219/1291/1146 1246/1265/1120 1245/1266/1121 1218/1292/1147
f 1218/1292/1147 1245/1266/1121 1244/1267/1122 1217/1293/1148
f 1217/1293/1148 1244/1267/1122 1243/1268/1123 1216/1294/1149
f 1216/1294/1149 1243/1268/1123 1242/1269/1124 1215/1295/1150
f 1215/1295/1150 1242/1269/1124 1241/1270/1125 1214/1296/1151
f 1214/1296/1151 1241/1270/1125 1239/1271/1126 1212/1297/1152
f 1186/103/80 1213/101/78 1238/1272/1127 1211/1298/1153
f 1211/1298/1153 1238/1272/1127 1237/1273/1128 1210/1299/1154
f 1210/1299/1154 1237/1273/1128 1236/1274/1129 1209/1300/1155
f 1209/1300/1155 1236/1274/1129 1235/1275/1130 1208/1301/1156
f 1208/1301/1156 1235/1275/1130 1234/1276/1131 1207/1302/1157
f 1207/1302/1157 1234/1276/1131 1233/1277/1132 1206/1303/1158
f 1206/1303/1158 1233/1277/1132 1232/1278/1133 1205/1304/1159
f 1205/1304/1159 1232/1278/1133 1231/1279/1134 1204/1305/1160
f 1204/1305/1160 1231/1279/1134 1230/1280/1135 1203/1306/1161
f 1203/1306/1161 1230/1280/1135 1229/1281/1136 1202/1307/1162
f 1202/1307/1162 1229/1281/1136 1228/1282/1137 1201/1308/1163
f 1201/1308/1163 1228/1282/1137 1227/1283/1138 1200/1309/1164
f 1200/1309/1164 1227/1283/1138 1226/1284/1139 1199/1310/1165
f 1199/1310/1165 1226/1284/1139 1225/1285/1140 1198/1311/1166
f 1198/1311/1166 1225/1285/1140 1224/1286/1141 1197/1312/1167
f 1197/1312/1167 1224/1286/1141 1223/1287/1142 1196/1313/1168
f 1196/1313/1168 1223/1287/1142 1222/1288/1143 1195/1314/1169
f 1195/1314/1169 1222/1288/1143 1221/1289/1144 1194/1315/1170
f 1194/1315/1170 1221/1289/1144 1220/1290/1145 1193/1316/1171
f 1193/1316/1171 1220/1290/1145 1219/1291/1146 1192/1317/1172
f 1192/1317/1172 1219/1291/1146 1218/1292/1147 1191/1318/1173
f 1191/1318/1173 1218/1292/1147 1217/1293/1148 1190/1319/1174
f 1190/1319/1174 1217/1293/1148 1216/1294/1149 1189/1320/1175
f 1189/1320/1175 1216/1294/1149 1215/1295/1150 1188/1321/1176
f 1188/1321/1176 1215/1295/1150 1214/1296/1151 1187/1322/1177
f 1187/1322/1177 1214/1296/1151 1212/1297/1152 1185/1323/1178
f 1159/105/82 1186/103/80 1211/1298/1153 1184/1324/1179
f 1184/1324/1179 1211/1298/1153 1210/1299/1154 1183/1325/1180
f 1183/1325/1180 1210/1299/1154 1209/1300/1155 1182/1326/1181
f 1182/1326/1181 1209/1300/1155 1208/1301/1156 1181/1327/1182
f 1181/1327/1182 1208/1301/1156 1207/1302/1157 1180/1328/1183
f 1180/1328/1183 1207/1302/1157 1206/1303/1158 1179/1329/1184
f 1179/1329/1184 1206/1303/1158 1205/1304/1159 1178/1330/1185
f 1178/1330/1185 1205/1304/1159 1204/1305/1160 1177/1331/1186
f 1177/1331/1186 1204/1305/1160 1203/1306/1161 1176/1332/1187
f 1176/1332/1187 1203/1306/1161 1202/1307/1162 1175/1333/1188
f 1175/1333/1188 1202/1307/1162 1201/1308/1163 1174/1334/1189
f 1174/1334/1189 1201/1308/1163 1200/1309/1164 1173/1335/1190
f 1173/1335/1190 1200/1309/1164 1199/1310/1165 1172/1336/1191
f 1172/1336/1191 1199/1310/1165 1198/1311/1166 1171/1337/1192
f 1171/1337/1192 1198/1311/1166 1197/1312/1167 1170/1338/1193
f 1170/1338/1193 1197/1312/1167 1196/1313/1168 1169/1339/1194
f 1169/1339/1194 1196/1313/1168 1195/1314/1169 1168/1340/1195
f 1168/1340/1195 1195/1314/1169 1194/1315/1170 1167/1341/1196
f 1167/1341/1196 1194/1315/1170 1193/1316/1171 1166/1342/1197
f 1166/1342/1197 1193/1316/1171 1192/1317/1172 1165/1343/1198
f 1165/1343/1198 1192/1317/1172 1191/1318/1173 1164/1344/1199
f 1164/1344/1199 1191/1318/1173 1190/1319/1174 1163/1345/1200
f 1163/1345/1200 1190/1319/1174 1189/1320/1175 1162/1346/1201
f 1162/1346/1201 1189/1320/1175 1188/1321/1176 1161/1347/1202
f 1161/1347/1202 1188/1321/1176 1187/1322/1177 1160/1348/1203
f 1160/1348/1203 1187/1322/1177 1185/1323/1178 1158/1349/1204
f 1132/107/84 1159/105/82 1184/1324/1179 1157/1350/1205
f 1157/1350/1205 1184/1324/1179 1183/1325/1180 1156/1351/1206
f 1156/1351/1206 1183/1325/1180 1182/1326/1181 1155/1352/1207
f 1155/1352/1207 1182/1326/1181 1181/1327/1182 1154/1353/1208
f 1154/1353/1208 1181/1327/1182 1180/1328/1183 1153/1354/1209
f 1153/1354/1209 1180/1328/1183 1179/1329/1184 1152/1355/1210
f 1152/1355/1210 1179/1329/1184 1178/1330/1185 1151/1356/1211
f 1151/1356/1211 1178/1330/1185 1177/1331/1186 1150/1357/1212
f 1150/1357/1212 1177/1331/1186 1176/1332/1187 1149/1358/1213
f 1149/1358/1213 1176/1332/1187 1175/1333/1188 1148/1359/1214
f 1148/1359/1214 1175/1333/1188 1174/1334/1189 1147/1360/1215
f 1147/1360/1215 1174/1334/1189 1173/1335/1190 1146/1361/1216
f 1146/1361/1216 1173/1335/1190 1172/1336/1191 1145/1362/1217
f 1145/1362/1217 1172/1336/1191 1171/1337/1192 1144/1363/1218
f 1144/1363/1218 1171/1337/1192 1170/1338/1193 1143/1364/1219
f 1143/1364/1219 1170/1338/1193 1169/1339/1194 1142/1365/1220
f 1142/1365/1220 1169/1339/1194 1168/1340/1195 1141/1366/1221
f 1141/1366/1221 1168/1340/1195 1167/1341/1196 1140/1367/1222
f 1140/1367/1222 1167/1341/1196 1166/1342/1197 1139/1368/1223
f 1139/1368/1223 1166/1342/1197 1165/1343/1198 1138/1369/1224
f 1138/1369/1224 1165/1343/1198 1164/1344/1199 1137/1370/1225
f 1137/1370/1225 1164/1344/1199 1163/1345/1200 1136/1371/1226
f 1136/1371/1226 1163/1345/1200 1162/1346/1201 1135/1372/1227
f 1135/1372/1227 1162/1346/1201 1161/1347/1202 1134/1373/1228
f 1134/1373/1228 1161/1347/1202 1160/1348/1203 1133/1374/1229
f 1133/1374/1229 1160/1348/1203 1158/1349/1204 1131/1375/1230
f 1105/109/86 1132/107/84 1157/1350/1205 1130/1376/1231
f 1130/1376/1231 1157/1350/1205 1156/1351/1206 1129/1377/1232
f 1129/1377/1232 1156/1351/1206 1155/1352/1207 1128/1378/1233
f 1128/1378/1233 1155/1352/1207 1154/1353/1208 1127/1379/1234
f 1127/1379/1234 1154/1353/1208 1153/1354/1209 1126/1380/1235
f 1126/1380/1235 1153/1354/1209 1152/1355/1210 1125/1381/1236
f 1125/1381/1236 1152/1355/1210 1151/1356/1211 1124/1382/1237
f 1124/1382/1237 1151/1356/1211 1150/1357/1212 1123/1383/1238
f 1123/1383/1238 1150/1357/1212 1149/1358/1213 1122/1384/1239
f 1122/1384/1239 1149/1358/1213 1148/1359/1214 1121/1385/1240
f 1121/1385/1240 1148/1359/1214 1147/1360/1215 1120/1386/1241
f 1120/1386/1241 1147/1360/1215 1146/1361/1216 1119/1387/1242
f 1119/1387/1242 1146/1361/1216 1145/1362/1217 1118/1388/1243
f 1118/1388/1243 1145/1362/1217 1144/1363/1218 1117/1389/1244
f 1117/1389/1244 1144/1363/1218 1143/1364/1219 1116/1390/1245
f 1116/1390/1245 1143/1364/1219 1142/1365/1220 1115/1391/1246
f 1115/1391/1246 1142/1365/1220 1141/1366/1221 1114/1392/1247
f 1114/1392/1247 1141/1366/1221 1140/1367/1222 1113/1393/1248
f 1113/1393/1248 1140/1367/1222 1139/1368/1223 1112/1394/1249
f 1112/1394/1249 1139/1368/1223 1138/1369/1224 1111/1395/1250
f 1111/1395/1250 1138/1369/1224 1137/1370/1225 1110/1396/1251
f 1110/1396/1251 1137/1370/1225 1136/1371/1226 1109/1397/1252
f 1109/1397/1252 1136/1371/1226 1135/1372/1227 1108/1398/1253
f 1108/1398/1253 1135/1372/1227 1134/1373/1228 1107/1399/1254
f 1107/1399/1254 1134/1373/1228 1133/1374/1229 1106/1400/1255
f 1106/1400/1255 1133/1374/1229 1131/1375/1230 1104/1401/1256
f 1078/111/88 1105/109/86 1130/1376/1231 1103/1402/1257
f 1103/1402/1257 1130/1376/1231 1129/1377/1232 1102/1403/1258
f 1102/1403/1258 1129/1377/1232 1128/1378/1233 1101/1404/1259
f 1101/1404/1259 1128/1378/1233 1127/1379/1234 1100/1405/1260
f 1100/1405/1260 1127/1379/1234 1126/1380/1235 1099/1406/1261
f 1099/1406/1261 1126/1380/1235 1125/1381/1236 1098/1407/1262
f 1098/1407/1262 1125/1381/1236 1124/1382/1237 1097/1408/1263
f 1097/1408/1263 1124/1382/1237 1123/1383/1238 1096/1409/1264
f 1096/1409/1264 1123/1383/1238 1122/1384/1239 1095/1410/1265
f 1095/1410/1265 1122/1384/1239 1121/1385/1240 1094/1411/1266
f 1094/1411/1266 1121/1385/1240 1120/1386/1241 1093/1412/1267
f 1093/1412/1267 1120/1386/1241 1119/1387/1242 1092/1413/1268
f 1092/1413/1268 1119/1387/1242 1118/1388/1243 1091/1414/1269
f 1091/1414/1269 1118/1388/1243 1117/1389/1244 1090/1415/1270
f 1090/1415/1270 1117/1389/1244 1116/1390/1245 1089/1416/1271
f 1089/1416/1271 1116/1390/1245 1115/1391/1246 1088/1417/1272
f 1088/1417/1272 1115/1391/1246 1114/1392/1247 1087/1418/1273
f 1087/1418/1273 1114/1392/1247 1113/1393/1248 1086/1419/1274
f 1086/1419/1274 1113/1393/1248 1112/1394/1249 1085/1420/1275
f 1085/1420/1275 1112/1394/1249 1111/1395/1250 1084/1421/1276
f 1084/1421/1276 1111/1395/1250 1110/1396/1251 1083/1422/1277
f 1083/1422/1277 1110/1396/1251 1109/1397/1252 1082/1423/1278
f 1082/1423/1278 1109/1397/1252 1108/1398/1253 1081/1424/1279
f 1081/1424/1279 1108/1398/1253 1107/1399/1254 1080/1425/1280
f 1080/1425/1280 1107/1399/1254 1106/1400/1255 1079/1426/1281
f 1079/1426/1281 1106/1400/1255 1104/1401/1256 1077/1427/1282
f 1051/113/90 1078/111/88 1103/1402/1257 1076/1428/1283
f 1076/1428/1283 1103/1402/1257 1102/1403/1258 1075/1429/1284
f 1075/1429/1284 1102/1403/1258 1101/1404/1259 1074/1430/1285
f 1074/1430/1285 1101/1404/1259 1100/1405/1260 1073/1431/1286
f 1073/1431/1286 1100/1405/1260 1099/1406/1261 1072/1432/1287
f 1072/1432/1287 1099/1406/1261 1098/1407/1262 1071/1433/1288
f 1071/1433/1288 1098/1407/1262 1097/1408/1263 1070/1434/1289
f 1070/1434/1289 1097/1408/1263 1096/1409/1264 1069/1435/1290
f 1069/1435/1290 1096/1409/1264 1095/1410/1265 1068/1436/1291
f 1068/1436/1291 1095/1410/1265 1094/1411/1266 1067/1437/1292
f 1067/1437/1292 1094/1411/1266 1093/1412/1267 1066/1438/1293
f 1066/1438/1293 1093/1412/1267 1092/1413/1268 1065/1439/1294
f 1065/1439/1294 1092/1413/1268 1091/1414/1269 1064/1440/1295
f 1064/1440/1295 1091/1414/1269 1090/1415/1270 1063/1441/1296
f 1063/1441/1296 1090/1415/1270 1089/1416/1271 1062/1442/1297
f 1062/1442/1297 1089/1416/1271 1088/1417/1272 1061/1443/1298
f 1061/1443/1298 1088/1417/1272 1087/1418/1273 1060/1444/1299
f 1060/1444/1299 1087/1418/1273 1086/1419/1274 1059/1445/1300
f 1059/1445/1300 1086/1419/1274 1085/1420/1275 1058/1446/1301
f 1058/1446/1301 1085/1420/1275 1084/1421/1276 1057/1447/1302
f 1057/1447/1302 1084/1421/1276 1083/1422/1277 1056/1448/1303
f 1056/1448/1303 1083/1422/1277 1082/1423/1278 1055/1449/1304
f 1055/1449/1304 1082/1423/1278 1081/1424/1279 1054/1450/1305
f 1054/1450/1305 1081/1424/1279 1080/1425/1280 1053/1451/1306
f 1053/1451/1306 1080/1425/1280 1079/1426/1281 1052/1452/1307
f 1052/1452/1307 1079/1426/1281 1077/1427/1282 1050/1453/1308
f 1024/115/92 1051/113/90 1076/1428/1283 1049/1454/1309
f 1049/1454/1309 1076/1428/1283 1075/1429/1284 1048/1455/1310
f 1048/1455/1310 1075/1429/1284 1074/1430/1285 1047/1456/1311
f 1047/1456/1311 1074/1430/1285 1073/1431/1286 1046/1457/1312
f 1046/1457/1312 1073/1431/1286 1072/1432/1287 1045/1458/1313
f 1045/1458/1313 1072/1432/1287 1071/1433/1288 1044/1459/1314
f 1044/1459/1314 1071/1433/1288 1070/1434/1289 1043/1460/1315
f 1043/1460/1315 1070/1434/1289 1069/1435/1290 1042/1461/1316
f 1042/1461/1316 1069/1435/1290 1068/1436/1291 1041/1462/1317
f 1041/1462/1317 1068/1436/1291 1067/1437/1292 1040/1463/1318
f 1040/1463/1318 1067/1437/1292 1066/1438/1293 1039/1464/1319
f 1039/1464/1319 1066/1438/1293 1065/1439/1294 1038/1465/1320
f 1038/1465/1320 1065/1439/1294 1064/1440/1295 1037/1466/1321
f 1037/1466/1321 1064/1440/1295 1063/1441/1296 1036/1467/1322
f 1036/1467/1322 1063/1441/1296 1062/1442/1297 1035/1468/1323
f 1035/1468/1323 1062/1442/1297 1061/1443/1298 1034/1469/1324
f 1034/1469/1324 1061/1443/1298 1060/1444/1299 1033/1470/1325
f 1033/1470/1325 1060/1444/1299 1059/1445/1300 1032/1471/1326
f 1032/1471/1326 1059/1445/1300 1058/1446/1301 1031/1472/1327
f 1031/1472/1327 1058/1446/1301 1057/1447/1302 1030/1473/1328
f 1030/1473/1328 1057/1447/1302 1056/1448/1303 1029/1474/1329
f 1029/1474/1329 1056/1448/1303 1055/1449/1304 1028/1475/1330
f 1028/1475/1330 1055/1449/1304 1054/1450/1305 1027/1476/1331
f 1027/1476/1331 1054/1450/1305 1053/1451/1306 1026/1477/1332
f 1026/1477/1332 1053/1451/1306 1052/1452/1307 1025/1478/1333
f 1025/1478/1333 1052/1452/1307 1050/1453/1308 1023/1479/1334
f 997/117/94 1024/115/92 1049/1454/1309 1022/1480/1335
f 1022/1480/1335 1049/1454/1309 1048/1455/1310 1021/1481/1336
f 1021/1481/1336 1048/1455/1310 1047/1456/1311 1020/1482/1337
f 1020/1482/1337 1047/1456/1311 1046/1457/1312 1019/1483/1338
f 1019/1483/1338 1046/1457/1312 1045/1458/1313 1018/1484/1339
f 1018/1484/1339 1045/1458/1313 1044/1459/1314 1017/1485/1340
f 1017/1485/1340 1044/1459/1314 1043/1460/1315 1016/1486/1341
f 1016/1486/1341 1043/1460/1315 1042/1461/1316 1015/1487/1342
f 1015/1487/1342 1042/1461/1316 1041/1462/1317 1014/1488/1343
f 1014/1488/1343 1041/1462/1317 1040/1463/1318 1013/1489/1344
f 1013/1489/1344 1040/1463/1318 1039/1464/1319 1012/1490/1345
f 1012/1490/1345 1039/1464/1319 1038/1465/1320 1011/1491/1346
f 1011/1491/1346 1038/1465/1320 1037/1466/1321 1010/1492/1347
f 1010/1492/1347 1037/1466/1321 1036/1467/1322 1009/1493/1348
f 1009/1493/1348 1036/1467/1322 1035/1468/1323 1008/1494/1349
f 1008/1494/1349 1035/1468/1323 1034/1469/1324 1007/1495/1350
f 1007/1495/1350 1034/1469/1324 1033/1470/1325 1006/1496/1351
f 1006/1496/1351 1033/1470/1325 1032/1471/1326 1005/1497/1352
f 1005/1497/1352 1032/1471/1326 1031/1472/1327 1004/1498/1353
f 1004/1498/1353 1031/1472/1327 1030/1473/1328 1003/1499/1354
f 1003/1499/1354 1030/1473/1328 1029/1474/1329 1002/1500/1355
f 1002/1500/1355 1029/1474/1329 1028/1475/1330 1001/1501/1356
f 1001/1501/1356 1028/1475/1330 1027/1476/1331 1000/1502/1357
f 1000/1502/1357 1027/1476/1331 1026/1477/1332 999/1503/1358
f 999/1503/1358 1026/1477/1332 1025/1478/1333 998/1504/1359
f 998/1504/1359 1025/1478/1333 1023/1479/1334 996/1505/1360
f 970/119/96 997/117/94 1022/1480/1335 995/1506/1361
f 995/1506/1361 1022/1480/1335 1021/1481/1336 994/1507/1362
f 994/1507/1362 1021/1481/1336 1020/1482/1337 993/1508/1363
f 993/1508/1363 1020/1482/1337 1019/1483/1338 992/1509/1364
f 992/1509/1364 1019/1483/1338 1018/1484/1339 991/1510/1365
f 991/1510/1365 1018/1484/1339 1017/1485/1340 990/1511/1366
f 990/1511/1366 1017/1485/1340 1016/1486/1341 989/1512/1367
f 989/1512/1367 1016/1486/1341 1015/1487/1342 988/1513/1368
f 988/1513/1368 1015/1487/1342 1014/1488/1343 987/1514/1369
f 987/1514/1369 1014/1488/1343 1013/1489/1344 986/1515/1370
f 986/1515/1370 1013/1489/1344 1012/1490/1345 985/1516/1371
f 985/1516/1371 1012/1490/1345 1011/1491/1346 984/1517/1372
f 984/1517/1372 1011/1491/1346 1010/1492/1347 983/1518/1373
f 983/1518/1373 1010/1492/1347 1009/1493/1348 982/1519/1374
f 982/1519/1374 1009/1493/1348 1008/1494/1349 981/1520/1375
f 981/1520/1375 1008/1494/1349 1007/1495/1350 980/1521/1376
f 980/1521/1376 1007/1495/1350 1006/1496/1351 979/1522/1377
f 979/1522/1377 1006/1496/1351 1005/1497/1352 978/1523/1378
f 978/1523/1378 1005/1497/1352 1004/1498/1353 977/1524/1379
f 977/1524/1379 1004/1498/1353 1003/1499/1354 976/1525/1380
f 976/1525/1380 1003/1499/1354 1002/1500/1355 975/1526/1381
f 975/1526/1381 1002/1500/1355 1001/1501/1356 974/1527/1382
f 974/1527/1382 1001/1501/1356 1000/1502/1357 973/1528/1383
f 973/1528/1383 1000/1502/1357 999/1503/1358 972/1529/1384
f 972/1529/1384 999/1503/1358 998/1504/1359 971/1530/1385
f 971/1530/1385 998/1504/1359 996/1505/1360 969/1531/1386
f 943/121/98 970/119/96 995/1506/1361 968/1532/1387
f 968/1532/1387 995/1506/1361 994/1507/1362 967/1533/1388
f 967/1533/1388 994/1507/1362 993/1508/1363 966/1534/1389
f 966/1534/1389 993/1508/1363 992/1509/1364 965/1535/1390
f 965/1535/1390 992/1509/1364 991/1510/1365 964/1536/1391
f 964/1536/1391 991/1510/1365 990/1511/1366 963/1537/1392
f 963/1537/1392 990/1511/1366 989/1512/1367 962/1538/1393
f 962/1538/1393 989/1512/1367 988/1513/1368 961/1539/1394
f 961/1539/1394 988/1513/1368 987/1514/1369 960/1540/1395
f 960/1540/1395 987/1514/1369 986/1515/1370 959/1541/1396
f 959/1541/1396 986/1515/1370 985/1516/1371 958/1542/1397
f 958/1542/1397 985/1516/1371 984/1517/1372 957/1543/1398
f 957/1543/1398 984/1517/1372 983/1518/1373 956/1544/1399
f 956/1544/1399 983/1518/1373 982/1519/1374 955/1545/1400
f 955/1545/1400 982/1519/1374 981/1520/1375 954/1546/1401
f 954/1546/1401 981/1520/1375 980/1521/1376 953/1547/1402
f 953/1547/1402 980/1521/1376 979/1522/1377 952/1548/1403
f 952/1548/1403 979/1522/1377 978/1523/1378 951/1549/1404
f 951/1549/1404 978/1523/1378 977/1524/1379 950/1550/1405
f 950/1550/1405 977/1524/1379 976/1525/1380 949/1551/1406
f 949/1551/1406 976/1525/1380 975/1526/1381 948/1552/1407
f 948/1552/1407 975/1526/1381 974/1527/1382 947/1553/1408
f 947/1553/1408 974/1527/1382 973/1528/1383 946/1554/1409
f 946/1554/1409 973/1528/1383 972/1529/1384 945/1555/1410
f 945/1555/1410 972/1529/1384 971/1530/1385 944/1556/1411
f 944/1556/1411 971/1530/1385 969/1531/1386 942/1557/1412
f 916/123/100 943/121/98 968/1532/1387 941/1558/1413
f 941/1558/1413 968/1532/1387 967/1533/1388 940/1559/1414
f 940/1559/1414 967/1533/1388 966/1534/1389 939/1560/1415
f 939/1560/1415 966/1534/1389 965/1535/1390 938/1561/1416
f 938/1561/1416 965/1535/1390 964/1536/1391 937/1562/1417
f 937/1562/1417 964/1536/1391 963/1537/1392 936/1563/1418
f 936/1563/1418 963/1537/1392 962/1538/1393 935/1564/1419
f 935/1564/1419 962/1538/1393 961/1539/1394 934/1565/1420
f 934/1565/1420 961/1539/1394 960/1540/1395 933/1566/1421
f 933/1566/1421 960/1540/1395 959/1541/1396 932/1567/1422
f 932/1567/1422 959/1541/1396 958/1542/1397 931/1568/1423
f 931/1568/1423 958/1542/1397 957/1543/1398 930/1569/1424
f 930/1569/1424 957/1543/1398 956/1544/1399 929/1570/1425
f 929/1570/1425 956/1544/1399 955/1545/1400 928/1571/1426
f 928/1571/1426 955/1545/1400 954/1546/1401 927/1572/1427
f 927/1572/1427 954/1546/1401 953/1547/1402 926/1573/1428
f 926/1573/1428 953/1547/1402 952/1548/1403 925/1574/1429
f 925/1574/1429 952/1548/1403 951/1549/1404 924/1575/1430
f 924/1575/1430 951/1549/1404 950/1550/1405 923/1576/1431
f 923/1576/1431 950/1550/1405 949/1551/1406 922/1577/1432
f 922/1577/1432 949/1551/1406 948/1552/1407 921/1578/1433
f 921/1578/1433 948/1552/1407 947/1553/1408 920/1579/1434
f 920/1579/1434 947/1553/1408 946/1554/1409 919/1580/1435
f 919/1580/1435 946/1554/1409 945/1555/1410 918/1581/1436
f 918/1581/1436 945/1555/1410 944/1556/1411 917/1582/1437
f 917/1582/1437 944/1556/1411 942/1557/1412 915/1583/1438
f 889/125/102 916/123/100 941/1558/1413 914/1584/1439
f 914/1584/1439 941/1558/1413 940/1559/1414 913/1585/1440
f 913/1585/1440 940/1559/1414 939/1560/1415 912/1586/1441
f 912/1586/1441 939/1560/1415 938/1561/1416 911/1587/1442
f 911/1587/1442 938/1561/1416 937/1562/1417 910/1588/1443
f 910/1588/1443 937/1562/1417 936/1563/1418 909/1589/1444
f 909/1589/1444 936/1563/1418 935/1564/1419 908/1590/1445
f 908/1590/1445 935/1564/1419 934/1565/1420 907/1591/1446
f 907/1591/1446 934/1565/1420 933/1566/1421 906/1592/1447
f 906/1592/1447 933/1566/1421 932/1567/1422 905/1593/1448
f 905/1593/1448 932/1567/1422 931/1568/1423 904/1594/1449
f 904/1594/1449 931/1568/1423 930/1569/1424 903/1595/1450
f 903/1595/1450 930/1569/1424 929/1570/1425 902/1596/1451
f 902/1596/1451 929/1570/1425 928/1571/1426 901/1597/1452
f 901/1597/1452 928/1571/1426 927/1572/1427 900/1598/1453
f 900/1598/1453 927/1572/1427 926/1573/1428 899/1599/1454
f 899/1599/1454 926/1573/1428 925/1574/1429 898/1600/1455
f 898/1600/1455 925/1574/1429 924/1575/1430 897/1601/1456
f 897/1601/1456 924/1575/1430 923/1576/1431 896/1602/1457
f 896/1602/1457 923/1576/1431 922/1577/1432 895/1603/1458
f 895/1603/1458 922/1577/1432 921/1578/1433 894/1604/1459
f 894/1604/1459 921/1578/1433 920/1579/1434 893/1605/1460
f 893/1605/1460 920/1579/1434 919/1580/1435 892/1606/1461
f 892/1606/1461 919/1580/1435 918/1581/1436 891/1607/1462
f 891/1607/1462 918/1581/1436 917/1582/1437 890/1608/1463
f 890/1608/1463 917/1582/1437 915/1583/1438 888/1609/1464
f 862/127/104 889/125/102 914/1584/1439 887/1610/1465
f 887/1610/1465 914/1584/1439 913/1585/1440 886/1611/1466
f 886/1611/1466 913/1585/1440 912/1586/1441 885/1612/1467
f 885/1612/1467 912/1586/1441 911/1587/1442 884/1613/1468
f 884/1613/1468 911/1587/1442 910/1588/1443 883/1614/1469
f 883/1614/1469 910/1588/1443 909/1589/1444 882/1615/1470
f 882/1615/1470 909/1589/1444 908/1590/1445 881/1616/1471
f 881/1616/1471 908/1590/1445 907/1591/1446 880/1617/1472
f 880/1617/1472 907/1591/1446 906/1592/1447 879/1618/1473
f 879/1618/1473 906/1592/1447 905/1593/1448 878/1619/1474
f 878/1619/1474 905/1593/1448 904/1594/1449 877/1620/1475
f 877/1620/1475 904/1594/1449 903/1595/1450 876/1621/1476
f 876/1621/1476 903/1595/1450 902/1596/1451 875/1622/1477
f 875/1622/1477 902/1596/1451 901/1597/1452 874/1623/1478
f 874/1623/1478 901/1597/1452 900/1598/1453 873/1624/1479
f 873/1624/1479 900/1598/1453 899/1599/1454 872/1625/1480
f 872/1625/1480 899/1599/1454 898/1600/1455 871/1626/1481
f 871/1626/1481 898/1600/1455 897/1601/1456 870/1627/1482
f 870/1627/1482 897/1601/1456 896/1602/1457 869/1628/1483
f 869/1628/1483 896/1602/1457 895/1603/1458 868/1629/1484
f 868/1629/1484 895/1603/1458 894/1604/1459 867/1630/1485
f 867/1630/1485 894/1604/1459 893/1605/1460 866/1631/1486
f 866/1631/1486 893/1605/1460 892/1606/1461 865/1632/1487
f 865/1632/1487 892/1606/1461 891/1607/1462 864/1633/1488
f 864/1633/1488 891/1607/1462 890/1608/1463 863/1634/1489
f 863/1634/1489 890/1608/1463 888/1609/1464 861/1635/1490
f 835/129/106 862/127/104 887/1610/1465 860/1636/1491
f 860/1636/1491 887/1610/1465 886/1611/1466 859/1637/1492
f 859/1637/1492 886/1611/1466 885/1612/1467 858/1638/1493
f 858/1638/1493 885/1612/1467 884/1613/1468 857/1639/1494
f 857/1639/1494 884/1613/1468 883/1614/1469 856/1640/1495
f 856/1640/1495 883/1614/1469 882/1615/1470 855/1641/1496
f 855/1641/1496 882/1615/1470 881/1616/1471 854/1642/1497
f 854/1642/1497 881/1616/1471 880/1617/1472 853/1643/1498
f 853/1643/1498 880/1617/1472 879/1618/1473 852/1644/1499
f 852/1644/1499 879/1618/1473 878/1619/1474 851/1645/1500
f 851/1645/1500 878/1619/1474 877/1620/1475 850/1646/1501
f 850/1646/1501 877/1620/1475 876/1621/1476 849/1647/1502
f 849/1647/1502 876/1621/1476 875/1622/1477 848/1648/1503
f 848/1648/1503 875/1622/1477 874/1623/1478 847/1649/1504
f 847/1649/1504 874/1623/1478 873/1624/1479 846/1650/1505
f 846/1650/1505 873/1624/1479 872/1625/1480 845/1651/1506
f 845/1651/1506 872/1625/1480 871/1626/1481 844/1652/1507
f 844/1652/1507 871/1626/1481 870/1627/1482 843/1653/1508
f 843/1653/1508 870/1627/1482 869/1628/1483 842/1654/1509
f 842/1654/1509 869/1628/1483 868/1629/1484 841/1655/1510
f 841/1655/1510 868/1629/1484 867/1630/1485 840/1656/1511
f 840/1656/1511 867/1630/1485 866/1631/1486 839/1657/1512
f 839/1657/1512 866/1631/1486 865/1632/1487 838/1658/1513
f 838/1658/1513 865/1632/1487 864/1633/1488 837/1659/1514
f 837/1659/1514 864/1633/1488 863/1634/1489 836/1660/1515
f 836/1660/1515 863/1634/1489 861/1635/1490 834/1661/1516
f 808/131/108 835/129/106 860/1636/1491 833/1662/1517
f 833/1662/1517 860/1636/1491 859/1637/1492 832/1663/1518
f 832/1663/1518 859/1637/1492 858/1638/1493 831/1664/1519
f 831/1664/1519 858/1638/1493 857/1639/1494 830/1665/1520
f 830/1665/1520 857/1639/1494 856/1640/1495 829/1666/1521
f 829/1666/1521 856/1640/1495 855/1641/1496 828/1667/1522
f 828/1667/1522 855/1641/1496 854/1642/1497 827/1668/1523
f 827/1668/1523 854/1642/1497 853/1643/1498 826/1669/1524
f 826/1669/1524 853/1643/1498 852/1644/1499 825/1670/1525
f 825/1670/1525 852/1644/1499 851/1645/1500 824/1671/1526
f 824/1671/1526 851/1645/1500 850/1646/1501 823/1672/1527
f 823/1672/1527 850/1646/1501 849/1647/1502 822/1673/1528
f 822/1673/1528 849/1647/1502 848/1648/1503 821/1674/1529
f 821/1674/1529 848/1648/1503 847/1649/1504 820/1675/1530
f 820/1675/1530 847/1649/1504 846/1650/1505 819/1676/1531
f 819/1676/1531 846/1650/1505 845/1651/1506 818/1677/1532
f 818/1677/1532 845/1651/1506 844/1652/1507 817/1678/1533
f 817/1678/1533 844/1652/1507 843/1653/1508 816/1679/1534
f 816/1679/1534 843/1653/1508 842/1654/1509 815/1680/1535
f 815/1680/1535 842/1654/1509 841/1655/1510 814/1681/1536
f 814/1681/1536 841/1655/1510 840/1656/1511 813/1682/1537
f 813/1682/1537 840/1656/1511 839/1657/1512 812/1683/1538
f 812/1683/1538 839/1657/1512 838/1658/1513 811/1684/1539
f 811/1684/1539 838/1658/1513 837/1659/1514 810/1685/1540
f 810/1685/1540 837/1659/1514 836/1660/1515 809/1686/1541
f 809/1686/1541 836/1660/1515 834/1661/1516 807/1687/1542
f 781/133/110 808/131/108 833/1662/1517 806/1688/1543
f 806/1688/1543 833/1662/1517 832/1663/1518 805/1689/1544
f 805/1689/1544 832/1663/1518 831/1664/1519 804/1690/1545
f 804/1690/1545 831/1664/1519 830/1665/1520 803/1691/1546
f 803/1691/1546 830/1665/1520 829/1666/1521 802/1692/1547
f 802/1692/1547 829/1666/1521 828/1667/1522 801/1693/1548
f 801/1693/1548 828/1667/1522 827/1668/1523 800/1694/1549
f 800/1694/1549 827/1668/1523 826/1669/1524 799/1695/1550
f 799/1695/1550 826/1669/1524 825/1670/1525 798/1696/1551
f 798/1696/1551 825/1670/1525 824/1671/1526 797/1697/1552
f 797/1697/1552 824/1671/1526 823/1672/1527 796/1698/1553
f 796/1698/1553 823/1672/1527 822/1673/1528 795/1699/1554
f 795/1699/1554 822/1673/1528 821/1674/1529 794/1700/1555
f 794/1700/1555 821/1674/1529 820/1675/1530 793/1701/1556
f 793/1701/1556 820/1675/1530 819/1676/1531 792/1702/1557
f 792/1702/1557 819/1676/1531 818/1677/1532 791/1703/1558
f 791/1703/1558 818/1677/1532 817/1678/1533 790/1704/1559
f 790/1704/1559 817/1678/1533 816/1679/1534 789/1705/1560
f 789/1705/1560 816/1679/1534 815/1680/1535 788/1706/1561
f 788/1706/1561 815/1680/1535 814/1681/1536 787/1707/1562
f 787/1707/1562 814/1681/1536 813/1682/1537 786/1708/1563
f 786/1708/1563 813/1682/1537 812/1683/1538 785/1709/1564
f 785/1709/1564 812/1683/1538 811/1684/1539 784/1710/1565
f 784/1710/1565 811/1684/1539 810/1685/1540 783/1711/1566
f 783/1711/1566 810/1685/1540 809/1686/1541 782/1712/1567
f 782/1712/1567 809/1686/1541 807/1687/1542 780/1713/1568
f 754/135/112 781/133/110 806/1688/1543 779/1714/1569
f 779/1714/1569 806/1688/1543 805/1689/1544 778/1715/1570
f 778/1715/1570 805/1689/1544 804/1690/1545 777/1716/1571
f 777/1716/1571 804/1690/1545 803/1691/1546 776/1717/1572
f 776/1717/1572 803/1691/1546 802/1692/1547 775/1718/1573
f 775/1718/1573 802/1692/1547 801/1693/1548 774/1719/1574
f 774/1719/1574 801/1693/1548 800/1694/1549 773/1720/1575
f 773/1720/1575 800/1694/1549 799/1695/1550 772/1721/1576
f 772/1721/1576 799/1695/1550 798/1696/1551 771/1722/1577
f 771/1722/1577 798/1696/1551 797/1697/1552 770/1723/1578
f 770/1723/1578 797/1697/1552 796/1698/1553 769/1724/1579
f 769/1724/1579 796/1698/1553 795/1699/1554 768/1725/1580
f 768/1725/1580 795/1699/1554 794/1700/1555 767/1726/1581
f 767/1726/1581 794/1700/1555 793/1701/1556 766/1727/1582
f 766/1727/1582 793/1701/1556 792/1702/1557 765/1728/1583
f 765/1728/1583 792/1702/1557 791/1703/1558 764/1729/1584
f 764/1729/1584 791/1703/1558 790/1704/1559 763/1730/1585
f 763/1730/1585 790/1704/1559 789/1705/1560 762/1731/1586
f 762/1731/1586 789/1705/1560 788/1706/1561 761/1732/1587
f 761/1732/1587 788/1706/1561 787/1707/1562 760/1733/1588
f 760/1733/1588 787/1707/1562 786/1708/1563 759/1734/1589
f 759/1734/1589 786/1708/1563 785/1709/1564 758/1735/1590
f 758/1735/1590 785/1709/1564 784/1710/1565 757/1736/1591
f 757/1736/1591 784/1710/1565 783/1711/1566 756/1737/1592
f 756/1737/1592 783/1711/1566 782/1712/1567 755/1738/1593
f 755/1738/1593 782/1712/1567 780/1713/1568 753/1739/1594
f 727/137/114 754/135/112 779/1714/1569 752/1740/1595
f 752/1740/1595 779/1714/1569 778/1715/1570 751/1741/1596
f 751/1741/1596 778/1715/1570 777/1716/1571 750/1742/1597
f 750/1742/1597 777/1716/1571 776/1717/1572 749/1743/1598
f 749/1743/1598 776/1717/1572 775/1718/1573 748/1744/1599
f 748/1744/1599 775/1718/1573 774/1719/1574 747/1745/1600
f 747/1745/1600 774/1719/1574 773/1720/1575 746/1746/1601
f 746/1746/1601 773/1720/1575 772/1721/1576 745/1747/1602
f 745/1747/1602 772/1721/1576 771/1722/1577 744/1748/1603
f 744/1748/1603 771/1722/1577 770/1723/1578 743/1749/1604
f 743/1749/1604 770/1723/1578 769/1724/1579 742/1750/1605
f 742/1750/1605 769/1724/1579 768/1725/1580 741/1751/1606
f 741/1751/1606 768/1725/1580 767/1726/1581 740/1752/1607
f 740/1752/1607 767/1726/1581 766/1727/1582 739/1753/1608
f 739/1753/1608 766/1727/1582 765/1728/1583 738/1754/1609
f 738/1754/1609 765/1728/1583 764/1729/1584 737/1755/1610
f 737/1755/1610 764/1729/1584 763/1730/1585 736/1756/1611
f 736/1756/1611 763/1730/1585 762/1731/1586 735/1757/1612
f 735/1757/1612 762/1731/1586 761/1732/1587 734/1758/1613
f 734/1758/1613 761/1732/1587 760/1733/1588 733/1759/1614
f 733/1759/1614 760/1733/1588 759/1734/1589 732/1760/1615
f 732/1760/1615 759/1734/1589 758/1735/1590 731/1761/1616
f 731/1761/1616 758/1735/1590 757/1736/1591 730/1762/1617
f 730/1762/1617 757/1736/1591 756/1737/1592 729/1763/1618
f 729/1763/1618 756/1737/1592 755/1738/1593 728/1764/1619
f 728/1764/1619 755/1738/1593 753/1739/1594 726/1765/1620
f 700/139/116 727/137/114 752/1740/1595 725/1766/1621
f 725/1766/1621 752/1740/1595 751/1741/1596 724/1767/1622
f 724/1767/1622 751/1741/1596 750/1742/1597 723/1768/1623
f 723/1768/1623 750/1742/1597 749/1743/1598 722/1769/1624
f 722/1769/1624 749/1743/1598 748/1744/1599 721/1770/1625
f 721/1770/1625 748/1744/1599 747/1745/1600 720/1771/1626
f 720/1771/1626 747/1745/1600 746/1746/1601 719/1772/1627
f 719/1772/1627 746/1746/1601 745/1747/1602 718/1773/1628
f 718/1773/1628 745/1747/1602 744/1748/1603 717/1774/1629
f 717/1774/1629 744/1748/1603 743/1749/1604 716/1775/1630
f 716/1775/1630 743/1749/1604 742/1750/1605 715/1776/1631
f 715/1776/1631 742/1750/1605 741/1751/1606 714/1777/1632
f 714/1777/1632 741/1751/1606 740/1752/1607 713/1778/1633
f 713/1778/1633 740/1752/1607 739/1753/1608 712/1779/1634
f 712/1779/1634 739/1753/1608 738/1754/1609 711/1780/1635
f 711/1780/1635 738/1754/1609 737/1755/1610 710/1781/1636
f 710/1781/1636 737/1755/1610 736/1756/1611 709/1782/1637
f 709/1782/1637 736/1756/1611 735/1757/1612 708/1783/1638
f 708/1783/1638 735/1757/1612 734/1758/1613 707/1784/1639
f 707/1784/1639 734/1758/1613 733/1759/1614 706/1785/1640
f 706/1785/1640 733/1759/1614 732/1760/1615 705/1786/1641
f 705/1786/1641 732/1760/1615 731/1761/1616 704/1787/1642
f 704/1787/1642 731/1761/1616 730/1762/1617 703/1788/1643
f 703/1788/1643 730/1762/1617 729/1763/1618 702/1789/1644
f 702/1789/1644 729/1763/1618 728/1764/1619 701/1790/1645
f 701/1790/1645 728/1764/1619 726/1765/1620 699/1791/1646
f 673/141/118 700/139/116 725/1766/1621 698/1792/1647
f 698/1792/1647 725/1766/1621 724/1767/1622 697/1793/1648
f 697/1793/1648 724/1767/1622 723/1768/1623 696/1794/1649
f 696/1794/1649 723/1768/1623 722/1769/1624 695/1795/1650
f 695/1795/1650 722/1769/1624 721/1770/1625 694/1796/1651
f 694/1796/1651 721/1770/1625 720/1771/1626 693/1797/1652
f 693/1797/1652 720/1771/1626 719/1772/1627 692/1798/1653
f 692/1798/1653 719/1772/1627 718/1773/1628 691/1799/1654
f 691/1799/1654 718/1773/1628 717/1774/1629 690/1800/1655
f 690/1800/1655 717/1774/1629 716/1775/1630 689/1801/1656
f 689/1801/1656 716/1775/1630 715/1776/1631 688/1802/1657
f 688/1802/1657 715/1776/1631 714/1777/1632 687/1803/1658
f 687/1803/1658 714/1777/1632 713/1778/1633 686/1804/1659
f 686/1804/1659 713/1778/1633 712/1779/1634 685/1805/1660
f 685/1805/1660 712/1779/1634 711/1780/1635 684/1806/1661
f 684/1806/1661 711/1780/1635 710/1781/1636 683/1807/1662
f 683/1807/1662 710/1781/1636 709/1782/1637 682/1808/1663
f 682/1808/1663 709/1782/1637 708/1783/1638 681/1809/1664
f 681/1809/1664 708/1783/1638 707/1784/1639 680/1810/1665
f 680/1810/1665 707/1784/1639 706/1785/1640 679/1811/1666
f 679/1811/1666 706/1785/1640 705/1786/1641 678/1812/1667
f 678/1812/1667 705/1786/1641 704/1787/1642 677/1813/1668
f 677/1813/1668 704/1787/1642 703/1788/1643 676/1814/1669
f 676/1814/1669 703/1788/1643 702/1789/1644 675/1815/1670
f 675/1815/1670 702/1789/1644 701/1790/1645 674/1816/1671
f 674/1816/1671 701/1790/1645 699/1791/1646 672/1817/1672
f 646/143/120 673/141/118 698/1792/1647 671/1818/1673
f 671/1818/1673 698/1792/1647 697/1793/1648 670/1819/1674
f 670/1819/1674 697/1793/1648 696/1794/1649 669/1820/1675
f 669/1820/1675 696/1794/1649 695/1795/1650 668/1821/1676
f 668/1821/1676 695/1795/1650 694/1796/1651 667/1822/1677
f 667/1822/1677 694/1796/1651 693/1797/1652 666/1823/1678
f 666/1823/1678 693/1797/1652 692/1798/1653 665/1824/1679
f 665/1824/1679 692/1798/1653 691/1799/1654 664/1825/1680
f 664/1825/1680 691/1799/1654 690/1800/1655 663/1826/1681
f 663/1826/1681 690/1800/1655 689/1801/1656 662/1827/1682
f 662/1827/1682 689/1801/1656 688/1802/1657 661/1828/1683
f 661/1828/1683 688/1802/1657 687/1803/1658 660/1829/1684
f 660/1829/1684 687/1803/1658 686/1804/1659 659/1830/1685
f 659/1830/1685 686/1804/1659 685/1805/1660 658/1831/1686
f 658/1831/1686 685/1805/1660 684/1806/1661 657/1832/1687
f 657/1832/1687 684/1806/1661 683/1807/1662 656/1833/1688
f 656/1833/1688 683/1807/1662 682/1808/1663 655/1834/1689
f 655/1834/1689 682/1808/1663 681/1809/1664 654/1835/1690
f 654/1835/1690 681/1809/1664 680/1810/1665 653/1836/1691
f 653/1836/1691 680/1810/1665 679/1811/1666 652/1837/1692
f 652/1837/1692 679/1811/1666 678/1812/1667 651/1838/1693
f 651/1838/1693 678/1812/1667 677/1813/1668 650/1839/1694
f 650/1839/1694 677/1813/1668 676/1814/1669 649/1840/1695
f 649/1840/1695 676/1814/1669 675/1815/1670 648/1841/1696
f 648/1841/1696 675/1815/1670 674/1816/1671 647/1842/1697
f 647/1842/1697 674/1816/1671 672/1817/1672 645/1843/1698
f 619/145/122 646/143/120 671/1818/1673 644/1844/1699
f 644/1844/1699 671/1818/1673 670/1819/1674 643/1845/1700
f 643/1845/1700 670/1819/1674 669/1820/1675 642/1846/1701
f 642/1846/1701 669/1820/1675 668/1821/1676 641/1847/1702
f 641/1847/1702 668/1821/1676 667/1822/1677 640/1848/1703
f 640/1848/1703 667/1822/1677 666/1823/1678 639/1849/1704
f 639/1849/1704 666/1823/1678 665/1824/1679 638/1850/1705
f 638/1850/1705 665/1824/1679 664/1825/1680 637/1851/1706
f 637/1851/1706 664/1825/1680 663/1826/1681 636/1852/1707
f 636/1852/1707 663/1826/1681 662/1827/1682 635/1853/1708
f 635/1853/1708 662/1827/1682 661/1828/1683 634/1854/1709
f 634/1854/1709 661/1828/1683 660/1829/1684 633/1855/1710
f 633/1855/1710 660/1829/1684 659/1830/1685 632/1856/1711
f 632/1856/1711 659/1830/1685 658/1831/1686 631/1857/1712
f 631/1857/1712 658/1831/1686 657/1832/1687 630/1858/1713
f 630/1858/1713 657/1832/1687 656/1833/1688 629/1859/1714
f 629/1859/1714 656/1833/1688 655/1834/1689 628/1860/1715
f 628/1860/1715 655/1834/1689 654/1835/1690 627/1861/1716
f 627/1861/1716 654/1835/1690 653/1836/1691 626/1862/1717
f 626/1862/1717 653/1836/1691 652/1837/1692 625/1863/1718
f 625/1863/1718 652/1837/1692 651/1838/1693 624/1864/1719
f 624/1864/1719 651/1838/1693 650/1839/1694 623/1865/1720
f 623/1865/1720 650/1839/1694 649/1840/1695 622/1866/1721
f 622/1866/1721 649/1840/1695 648/1841/1696 621/1867/1722
f 621/1867/1722 648/1841/1696 647/1842/1697 620/1868/1723
f 620/1868/1723 647/1842/1697 645/1843/1698 618/1869/1724
f 592/147/124 619/145/122 644/1844/1699 617/1870/1725
f 617/1870/1725 644/1844/1699 643/1845/1700 616/1871/1726
f 616/1871/1726 643/1845/1700 642/1846/1701 615/1872/1727
f 615/1872/1727 642/1846/1701 641/1847/1702 614/1873/1728
f 614/1873/1728 641/1847/1702 640/1848/1703 613/1874/1729
f 613/1874/1729 640/1848/1703 639/1849/1704 612/1875/1730
f 612/1875/1730 639/1849/1704 638/1850/1705 611/1876/1731
f 611/1876/1731 638/1850/1705 637/1851/1706 610/1877/1732
f 610/1877/1732 637/1851/1706 636/1852/1707 609/1878/1733
f 609/1878/1733 636/1852/1707 635/1853/1708 608/1879/1734
f 608/1879/1734 635/1853/1708 634/1854/1709 607/1880/1735
f 607/1880/1735 634/1854/1709 633/1855/1710 606/1881/1736
f 606/1881/1736 633/1855/1710 632/1856/1711 605/1882/1737
f 605/1882/1737 632/1856/1711 631/1857/1712 604/1883/1738
f 604/1883/1738 631/1857/1712 630/1858/1713 603/1884/1739
f 603/1884/1739 630/1858/1713 629/1859/1714 602/1885/1740
f 602/1885/1740 629/1859/1714 628/1860/1715 601/1886/1741
f 601/1886/1741 628/1860/1715 627/1861/1716 600/1887/1742
f 600/1887/1742 627/1861/1716 626/1862/1717 599/1888/1743
f 599/1888/1743 626/1862/1717 625/1863/1718 598/1889/1744
f 598/1889/1744 625/1863/1718 624/1864/1719 597/1890/1745
f 597/1890/1745 624/1864/1719 623/1865/1720 596/1891/1746
f 596/1891/1746 623/1865/1720 622/1866/1721 595/1892/1747
f 595/1892/1747 622/1866/1721 621/1867/1722 594/1893/1748
f 594/1893/1748 621/1867/1722 620/1868/1723 593/1894/1749
f 593/1894/1749 620/1868/1723 618/1869/1724 591/1895/1750
f 565/149/126 592/147/124 617/1870/1725 590/1896/1751
f 590/1896/1751 617/1870/1725 616/1871/1726 589/1897/1752
f 589/1897/1752 616/1871/1726 615/1872/1727 588/1898/1753
f 588/1898/1753 615/1872/1727 614/1873/1728 587/1899/1754
f 587/1899/1754 614/1873/1728 613/1874/1729 586/1900/1755
f 586/1900/1755 613/1874/1729 612/1875/1730 585/1901/1756
f 585/1901/1756 612/1875/1730 611/1876/1731 584/1902/1757
f 584/1902/1757 611/1876/1731 610/1877/1732 583/1903/1758
f 583/1903/1758 610/1877/1732 609/1878/1733 582/1904/1759
f 582/1904/1759 609/1878/1733 608/1879/1734 581/1905/1760
f 581/1905/1760 608/1879/1734 607/1880/1735 580/1906/1761
f 580/1906/1761 607/1880/1735 606/1881/1736 579/1907/1762
f 579/1907/1762 606/1881/1736 605/1882/1737 578/1908/1763
f 578/1908/1763 605/1882/1737 604/1883/1738 577/1909/1764
f 577/1909/1764 604/1883/1738 603/1884/1739 576/1910/1765
f 576/1910/1765 603/1884/1739 602/1885/1740 575/1911/1766
f 575/1911/1766 602/1885/1740 601/1886/1741 574/1912/1767
f 574/1912/1767 601/1886/1741 600/1887/1742 573/1913/1768
f 573/1913/1768 600/1887/1742 599/1888/1743 572/1914/1769
f 572/1914/1769 599/1888/1743 598/1889/1744 571/1915/1770
f 571/1915/1770 598/1889/1744 597/1890/1745 570/1916/1771
f 570/1916/1771 597/1890/1745 596/1891/1746 569/1917/1772
f 569/1917/1772 596/1891/1746 595/1892/1747 568/1918/1773
f 568/1918/1773 595/1892/1747 594/1893/1748 567/1919/1774
f 567/1919/1774 594/1893/1748 593/1894/1749 566/1920/1775
f 566/1920/1775 593/1894/1749 591/1895/1750 564/1921/1776
f 538/151/128 565/149/126 590/1896/1751 563/1922/1777
f 563/1922/1777 590/1896/1751 589/1897/1752 562/1923/1778
f 562/1923/1778 589/1897/1752 588/1898/1753 561/1924/1779
f 561/1924/1779 588/1898/1753 587/1899/1754 560/1925/1780
f 560/1925/1780 587/1899/1754 586/1900/1755 559/1926/1781
f 559/1926/1781 586/1900/1755 585/1901/1756 558/1927/1782
f 558/1927/1782 585/1901/1756 584/1902/1757 557/1928/1783
f 557/1928/1783 584/1902/1757 583/1903/1758 556/1929/1784
f 556/1929/1784 583/1903/1758 582/1904/1759 555/1930/1785
f 555/1930/1785 582/1904/1759 581/1905/1760 554/1931/1786
f 554/1931/1786 581/1905/1760 580/1906/1761 553/1932/1787
f 553/1932/1787 580/1906/1761 579/1907/1762 552/1933/1788
f 552/1933/1788 579/1907/1762 578/1908/1763 551/1934/1789
f 551/1934/1789 578/1908/1763 577/1909/1764 550/1935/1790
f 550/1935/1790 577/1909/1764 576/1910/1765 549/1936/1791
f 549/1936/1791 576/1910/1765 575/1911/1766 548/1937/1792
f 548/1937/1792 575/1911/1766 574/1912/1767 547/1938/1793
f 547/1938/1793 574/1912/1767 573/1913/1768 546/1939/1794
f 546/1939/1794 573/1913/1768 572/1914/1769 545/1940/1795
f 545/1940/1795 572/1914/1769 571/1915/1770 544/1941/1796
f 544/1941/1796 571/1915/1770 570/1916/1771 543/1942/1797
f 543/1942/1797 570/1916/1771 569/1917/1772 542/1943/1798
f 542/1943/1798 569/1917/1772 568/1918/1773 541/1944/1799
f 541/1944/1799 568/1918/1773 567/1919/1774 540/1945/1800
f 540/1945/1800 567/1919/1774 566/1920/1775 539/1946/1801
f 539/1946/1801 566/1920/1775 564/1921/1776 537/1947/1802
f 511/153/130 538/151/128 563/1922/1777 536/1948/1803
f 536/1948/1803 563/1922/1777 562/1923/1778 535/1949/1804
f 535/1949/1804 562/1923/1778 561/1924/1779 534/1950/1805
f 534/1950/1805 561/1924/1779 560/1925/1780 533/1951/1806
f 533/1951/1806 560/1925/1780 559/1926/1781 532/1952/1807
f 532/1952/1807 559/1926/1781 558/1927/1782 531/1953/1808
f 531/1953/1808 558/1927/1782 557/1928/1783 530/1954/1809
f 530/1954/1809 557/1928/1783 556/1929/1784 529/1955/1810
f 529/1955/1810 556/1929/1784 555/1930/1785 528/1956/1811
f 528/1956/1811 555/1930/1785 554/1931/1786 527/1957/1812
f 527/1957/1812 554/1931/1786 553/1932/1787 526/1958/1813
f 526/1958/1813 553/1932/1787 552/1933/1788 525/1959/1814
f 525/1959/1814 552/1933/1788 551/1934/1789 524/1960/1815
f 524/1960/1815 551/1934/1789 550/1935/1790 523/1961/1816
f 523/1961/1816 550/1935/1790 549/1936/1791 522/1962/1817
f 522/1962/1817 549/1936/1791 548/1937/1792 521/1963/1818
f 521/1963/1818 548/1937/1792 547/1938/1793 520/1964/1819
f 520/1964/1819 547/1938/1793 546/1939/1794 519/1965/1820
f 519/1965/1820 546/1939/1794 545/1940/1795 518/1966/1821
f 518/1966/1821 545/1940/1795 544/1941/1796 517/1967/1822
f 517/1967/1822 544/1941/1796 543/1942/1797 516/1968/1823
f 516/1968/1823 543/1942/1797 542/1943/1798 515/1969/1824
f 515/1969/1824 542/1943/1798 541/1944/1799 514/1970/1825
f 514/1970/1825 541/1944/1799 540/1945/1800 513/1971/1826
f 513/1971/1826 540/1945/1800 539/1946/1801 512/1972/1827
f 512/1972/1827 539/1946/1801 537/1947/1802 510/1973/1828
f 484/155/132 511/153/130 536/1948/1803 509/1974/1829
f 509/1974/1829 536/1948/1803 535/1949/1804 508/1975/1830
f 508/1975/1830 535/1949/1804 534/1950/1805 507/1976/1831
f 507/1976/1831 534/1950/1805 533/1951/1806 506/1977/1832
f 506/1977/1832 533/1951/1806 532/1952/1807 505/1978/1833
f 505/1978/1833 532/1952/1807 531/1953/1808 504/1979/1834
f 504/1979/1834 531/1953/1808 530/1954/1809 503/1980/1835
f 503/1980/1835 530/1954/1809 529/1955/1810 502/1981/1836
f 502/1981/1836 529/1955/1810 528/1956/1811 501/1982/1837
f 501/1982/1837 528/1956/1811 527/1957/1812 500/1983/1838
f 500/1983/1838 527/1957/1812 526/1958/1813 499/1984/1839
f 499/1984/1839 526/1958/1813 525/1959/1814 498/1985/1840
f 498/1985/1840 525/1959/1814 524/1960/1815 497/1986/1841
f 497/1986/1841 524/1960/1815 523/1961/1816 496/1987/1842
f 496/1987/1842 523/1961/1816 522/1962/1817 495/1988/1843
f 495/1988/1843 522/1962/1817 521/1963/1818 494/1989/1844
f 494/1989/1844 521/1963/1818 520/1964/1819 493/1990/1845
f 493/1990/1845 520/1964/1819 519/1965/1820 492/1991/1846
f 492/1991/1846 519/1965/1820 518/1966/1821 491/1992/1847
f 491/1992/1847 518/1966/1821 517/1967/1822 490/1993/1848
f 490/1993/1848 517/1967/1822 516/1968/1823 489/1994/1849
f 489/1994/1849 516/1968/1823 515/1969/1824 488/1995/1850
f 488/1995/1850 515/1969/1824 514/1970/1825 487/1996/1851
f 487/1996/1851 514/1970/1825 513/1971/1826 486/1997/1852
f 486/1997/1852 513/1971/1826 512/1972/1827 485/1998/1853
f 485/1998/1853 512/1972/1827 510/1973/1828 483/1999/1854
f 457/157/134 484/155/132 509/1974/1829 482/2000/1855
f 482/2000/1855 509/1974/1829 508/1975/1830 481/2001/1856
f 481/2001/1856 508/1975/1830 507/1976/1831 480/2002/1857
f 480/2002/1857 507/1976/1831 506/1977/1832 479/2003/1858
f 479/2003/1858 506/1977/1832 505/1978/1833 478/2004/1859
f 478/2004/1859 505/1978/1833 504/1979/1834 477/2005/1860
f 477/2005/1860 504/1979/1834 503/1980/1835 476/2006/1861
f 476/2006/1861 503/1980/1835 502/1981/1836 475/2007/1862
f 475/2007/1862 502/1981/1836 501/1982/1837 474/2008/1863
f 474/2008/1863 501/1982/1837 500/1983/1838 473/2009/1864
f 473/2009/1864 500/1983/1838 499/1984/1839 472/2010/1865
f 472/2010/1865 499/1984/1839 498/1985/1840 471/2011/1866
f 471/2011/1866 498/1985/1840 497/1986/1841 470/2012/1867
f 470/2012/1867 497/1986/1841 496/1987/1842 469/2013/1868
f 469/2013/1868 496/1987/1842 495/1988/1843 468/2014/1869
f 468/2014/1869 495/1988/1843 494/1989/1844 467/2015/1870
f 467/2015/1870 494/1989/1844 493/1990/1845 466/2016/1871
f 466/2016/1871 493/1990/1845 492/1991/1846 465/2017/1872
f 465/2017/1872 492/1991/1846 491/1992/1847 464/2018/1873
f 464/2018/1873 491/1992/1847 490/1993/1848 463/2019/1874
f 463/2019/1874 490/1993/1848 489/1994/1849 462/2020/1875
f 462/2020/1875 489/1994/1849 488/1995/1850 461/2021/1876
f 461/2021/1876 488/1995/1850 487/1996/1851 460/2022/1877
f 460/2022/1877 487/1996/1851 486/1997/1852 459/2023/1878
f 459/2023/1878 486/1997/1852 485/1998/1853 458/2024/1879
f 458/2024/1879 485/1998/1853 483/1999/1854 456/2025/1880
f 430/159/136 457/157/134 482/2000/1855 455/2026/1881
f 455/2026/1881 482/2000/1855 481/2001/1856 454/2027/1882
f 454/2027/1882 481/2001/1856 480/2002/1857 453/2028/1883
f 453/2028/1883 480/2002/1857 479/2003/1858 452/2029/1884
f 452/2029/1884 479/2003/1858 478/2004/1859 451/2030/1885
f 451/2030/1885 478/2004/1859 477/2005/1860 450/2031/1886
f 450/2031/1886 477/2005/1860 476/2006/1861 449/2032/1887
f 449/2032/1887 476/2006/1861 475/2007/1862 448/2033/1888
f 448/2033/1888 475/2007/1862 474/2008/1863 447/2034/1889
f 447/2034/1889 474/2008/1863 473/2009/1864 446/2035/1890
f 446/2035/1890 473/2009/1864 472/2010/1865 445/2036/1891
f 445/2036/1891 472/2010/1865 471/2011/1866 444/2037/1892
f 444/2037/1892 471/2011/1866 470/2012/1867 443/2038/1893
f 443/2038/1893 470/2012/1867 469/2013/1868 442/2039/1894
f 442/2039/1894 469/2013/1868 468/2014/1869 441/2040/1895
f 441/2040/1895 468/2014/1869 467/2015/1870 440/2041/1896
f 440/2041/1896 467/2015/1870 466/2016/1871 439/2042/1897
f 439/2042/1897 466/2016/1871 465/2017/1872 438/2043/1898
f 438/2043/1898 465/2017/1872 464/2018/1873 437/2044/1899
f 437/2044/1899 464/2018/1873 463/2019/1874 436/2045/1900
f 436/2045/1900 463/2019/1874 462/2020/1875 435/2046/1901
f 435/2046/1901 462/2020/1875 461/2021/1876 434/2047/1902
f 434/2047/1902 461/2021/1876 460/2022/1877 433/2048/1903
f 433/2048/1903 460/2022/1877 459/2023/1878 432/2049/1904
f 432/2049/1904 459/2023/1878 458/2024/1879 431/2050/1905
f 431/2050/1905 458/2024/1879 456/2025/1880 429/2051/1906
f 403/161/138 430/159/136 455/2026/1881 428/2052/1907
f 428/2052/1907 455/2026/1881 454/2027/1882 427/2053/1908
f 427/2053/1908 454/2027/1882 453/2028/1883 426/2054/1909
f 426/2054/1909 453/2028/1883 452/2029/1884 425/2055/1910
f 425/2055/1910 452/2029/1884 451/2030/1885 424/2056/1911
f 424/2056/1911 451/2030/1885 450/2031/1886 423/2057/1912
f 423/2057/1912 450/2031/1886 449/2032/1887 422/2058/1913
f 422/2058/1913 449/2032/1887 448/2033/1888 421/2059/1914
f 421/2059/1914 448/2033/1888 447/2034/1889 420/2060/1915
f 420/2060/1915 447/2034/1889 446/2035/1890 419/2061/1916
f 419/2061/1916 446/2035/1890 445/2036/1891 418/2062/1917
f 418/2062/1917 445/2036/1891 444/2037/1892 417/2063/1918
f 417/2063/1918 444/2037/1892 443/2038/1893 416/2064/1919
f 416/2064/1919 443/2038/1893 442/2039/1894 415/2065/1920
f 415/2065/1920 442/2039/1894 441/2040/1895 414/2066/1921
f 414/2066/1921 441/2040/1895 440/2041/1896 413/2067/1922
f 413/2067/1922 440/2041/1896 439/2042/1897 412/2068/1923
f 412/2068/1923 439/2042/1897 438/2043/1898 411/2069/1924
f 411/2069/1924 438/2043/1898 437/2044/1899 410/2070/1925
f 410/2070/1925 437/2044/1899 436/2045/1900 409/2071/1926
f 409/2071/1926 436/2045/1900 435/2046/1901 408/2072/1927
f 408/2072/1927 435/2046/1901 434/2047/1902 407/2073/1928
f 407/2073/1928 434/2047/1902 433/2048/1903 406/2074/1929
f 406/2074/1929 433/2048/1903 432/2049/1904 405/2075/1930
f 405/2075/1930 432/2049/1904 431/2050/1905 404/2076/1931
f 404/2076/1931 431/2050/1905 429/2051/1906 402/2077/1932
f 376/24/12 403/161/138 428/2052/1907 401/2078/1933
f 401/2078/1933 428/2052/1907 427/2053/1908 400/2079/1934
f 400/2079/1934 427/2053/1908 426/2054/1909 399/2080/1935
f 399/2080/1935 426/2054/1909 425/2055/1910 398/2081/1936
f 398/2081/1936 425/2055/1910 424/2056/1911 397/2082/1937
f 397/2082/1937 424/2056/1911 423/2057/1912 396/2083/1938
f 396/2083/1938 423/2057/1912 422/2058/1913 395/2084/1939
f 395/2084/1939 422/2058/1913 421/2059/1914 394/2085/1940
f 394/2085/1940 421/2059/1914 420/2060/1915 393/2086/1941
f 393/2086/1941 420/2060/1915 419/2061/1916 392/2087/1942
f 392/2087/1942 419/2061/1916 418/2062/1917 391/2088/1943
f 391/2088/1943 418/2062/1917 417/2063/1918 390/2089/1944
f 390/2089/1944 417/2063/1918 416/2064/1919 389/2090/1945
f 389/2090/1945 416/2064/1919 415/2065/1920 388/2091/1946
f 388/2091/1946 415/2065/1920 414/2066/1921 387/2092/1947
f 387/2092/1947 414/2066/1921 413/2067/1922 386/2093/1948
f 386/2093/1948 413/2067/1922 412/2068/1923 385/2094/1949
f 385/2094/1949 412/2068/1923 411/2069/1924 384/2095/1950
f 384/2095/1950 411/2069/1924 410/2070/1925 383/2096/1951
f 383/2096/1951 410/2070/1925 409/2071/1926 382/2097/1952
f 382/2097/1952 409/2071/1926 408/2072/1927 381/2098/1953
f 381/2098/1953 408/2072/1927 407/2073/1928 380/2099/1954
f 380/2099/1954 407/2073/1928 406/2074/1929 379/2100/1955
f 379/2100/1955 406/2074/1929 405/2075/1930 378/2101/1956
f 378/2101/1956 405/2075/1930 404/2076/1931 377/2102/1957
f 377/2102/1957 404/2076/1931 402/2077/1932 375/2103/1958
f 349/14/3 376/24/12 401/2078/1933 374/2104/1959
f 374/2104/1959 401/2078/1933 400/2079/1934 373/2105/1960
f 373/2105/1960 400/2079/1934 399/2080/1935 372/2106/1961
f 372/2106/1961 399/2080/1935 398/2081/1936 371/2107/1962
f 371/2107/1962 398/2081/1936 397/2082/1937 370/2108/1963
f 370/2108/1963 397/2082/1937 396/2083/1938 369/2109/1964
f 369/2109/1964 396/2083/1938 395/2084/1939 368/2110/1965
f 368/2110/1965 395/2084/1939 394/2085/1940 367/2111/1966
f 367/2111/1966 394/2085/1940 393/2086/1941 366/2112/1967
f 366/2112/1967 393/2086/1941 392/2087/1942 365/2113/1968
f 365/2113/1968 392/2087/1942 391/2088/1943 364/2114/1969
f 364/2114/1969 391/2088/1943 390/2089/1944 363/2115/1970
f 363/2115/1970 390/2089/1944 389/2090/1945 362/2116/1971
f 362/2116/1971 389/2090/1945 388/2091/1946 361/2117/1972
f 361/2117/1972 388/2091/1946 387/2092/1947 360/2118/1973
f 360/2118/1973 387/2092/1947 386/2093/1948 359/2119/1974
f 359/2119/1974 386/2093/1948 385/2094/1949 358/2120/1975
f 358/2120/1975 385/2094/1949 384/2095/1950 357/2121/1976
f 357/2121/1976 384/2095/1950 383/2096/1951 356/2122/1977
f 356/2122/1977 383/2096/1951 382/2097/1952 355/2123/1978
f 355/2123/1978 382/2097/1952 381/2098/1953 354/2124/1979
f 354/2124/1979 381/2098/1953 380/2099/1954 353/2125/1980
f 353/2125/1980 380/2099/1954 379/2100/1955 352/2126/1981
f 352/2126/1981 379/2100/1955 378/2101/1956 351/2127/1982
f 351/2127/1982 378/2101/1956 377/2102/1957 350/2128/1983
f 350/2128/1983 377/2102/1957 375/2103/1958 348/25/13
f 295/15/4 349/14/3 374/2104/1959 320/2129/1984
f 320/2129/1984 374/2104/1959 373/2105/1960 319/2130/1985
f 319/2130/1985 373/2105/1960 372/2106/1961 318/2131/1986
f 318/2131/1986 372/2106/1961 371/2107/1962 317/2132/1987
f 317/2132/1987 371/2107/1962 370/2108/1963 316/2133/1988
f 316/2133/1988 370/2108/1963 369/2109/1964 315/2134/1989
f 315/2134/1989 369/2109/1964 368/2110/1965 314/2135/1990
f 314/2135/1990 368/2110/1965 367/2111/1966 313/2136/1991
f 313/2136/1991 367/2111/1966 366/2112/1967 312/2137/1992
f 312/2137/1992 366/2112/1967 365/2113/1968 311/2138/1993
f 311/2138/1993 365/2113/1968 364/2114/1969 310/2139/1994
f 310/2139/1994 364/2114/1969 363/2115/1970 309/2140/1995
f 309/2140/1995 363/2115/1970 362/2116/1971 308/2141/1996
f 308/2141/1996 362/2116/1971 361/2117/1972 307/2142/1997
f 307/2142/1997 361/2117/1972 360/2118/1973 306/2143/1998
f 306/2143/1998 360/2118/1973 359/2119/1974 305/2144/1999
f 305/2144/1999 359/2119/1974 358/2120/1975 304/2145/2000
f 304/2145/2000 358/2120/1975 357/2121/1976 303/2146/2001
f 303/2146/2001 357/2121/1976 356/2122/1977 302/2147/2002
f 302/2147/2002 356/2122/1977 355/2123/1978 301/2148/2003
f 301/2148/2003 355/2123/1978 354/2124/1979 300/2149/2004
f 300/2149/2004 354/2124/1979 353/2125/1980 299/2150/2005
f 299/2150/2005 353/2125/1980 352/2126/1981 298/2151/2006
f 298/2151/2006 352/2126/1981 351/2127/1982 297/2152/2007
f 297/2152/2007 351/2127/1982 350/2128/1983 296/2153/2008
f 296/2153/2008 350/2128/1983 348/25/13 294/28/16
f 2987/2154/9 241/2155/9 266/2156/9 2988/2157/9
f 2988/2157/9 266/2156/9 265/2158/9 2993/2159/9
f 2993/2159/9 265/2158/9 264/2160/9 2998/2161/9
f 2998/2161/9 264/2160/9 263/2162/9 3003/2163/9
f 3003/2163/9 263/2162/9 262/2164/9 3008/2165/9
f 3008/2165/9 262/2164/9 261/2166/9 3013/2167/9
f 3013/2167/9 261/2166/9 260/2168/9 3018/2169/9
f 3018/2169/9 260/2168/9 259/2170/9 3023/2171/9
f 3023/2171/9 259/2170/9 258/2172/9 3028/2173/9
f 3028/2173/9 258/2172/9 257/2174/9 3033/2175/9
f 3033/2175/9 257/2174/9 256/2176/9 3038/2177/9
f 3038/2177/9 256/2176/9 255/2178/9 3043/2179/9
f 3043/2179/9 255/2178/9 254/2180/9 3048/2181/9
f 3048/2181/9 254/2180/9 253/2182/9 3053/2183/9
f 3053/2183/9 253/2182/9 252/2184/9 3058/2185/9
f 3058/2185/9 252/2184/9 251/2186/9 3063/2187/9
f 3063/2187/9 251/2186/9 250/2188/9 3068/2189/9
f 3068/2189/9 250/2188/9 249/2190/9 3073/2191/9
f 3073/2191/9 249/2190/9 248/2192/9 3078/2193/9
f 3078/2193/9 248/2192/9 247/2194/9 3083/2195/9
f 3083/2195/9 247/2194/9 246/2196/9 3088/2197/9
f 3088/2197/9 246/2196/9 245/2198/9 3093/2199/9
f 3093/2199/9 245/2198/9 244/2200/9 3098/2201/9
f 3098/2201/9 244/2200/9 243/2202/9 3103/2203/9
f 3103/2203/9 243/2202/9 242/2204/9 3108/2205/9
f 3108/2205/9 242/2204/9 240/2206/9 3113/2207/9
f 2852/2208/2009 295/15/4 320/2129/1984 2853/2209/2010
f 2853/2209/2010 320/2129/1984 319/2130/1985 2858/2210/2011
f 2858/2210/2011 319/2130/1985 318/2131/1986 2863/2211/2012
f 2863/2211/2012 318/2131/1986 317/2132/1987 2868/2212/2013
f 2868/2212/2013 317/2132/1987 316/2133/1988 2873/2213/2014
f 2873/2213/2014 316/2133/1988 315/2134/1989 2878/2214/2015
f 2878/2214/2015 315/2134/1989 314/2135/1990 2883/2215/2016
f 2883/2215/2016 314/2135/1990 313/2136/1991 2888/2216/2017
f 2888/2216/2017 313/2136/1991 312/2137/1992 2893/2217/2018
f 2893/2217/2018 312/2137/1992 311/2138/1993 2898/2218/2019
f 2898/2218/2019 311/2138/1993 310/2139/1994 2903/2219/2020
f 2903/2219/2020 310/2139/1994 309/2140/1995 2908/2220/2021
f 2908/2220/2021 309/2140/1995 308/2141/1996 2913/2221/2022
f 2913/2221/2022 308/2141/1996 307/2142/1997 2918/2222/2023
f 2918/2222/2023 307/2142/1997 306/2143/1998 2923/2223/2024
f 2923/2223/2024 306/2143/1998 305/2144/1999 2928/2224/2025
f 2928/2224/2025 305/2144/1999 304/2145/2000 2933/2225/2026
f 2933/2225/2026 304/2145/2000 303/2146/2001 2938/2226/2027
f 2938/2226/2027 303/2146/2001 302/2147/2002 2943/2227/2028
f 2943/2227/2028 302/2147/2002 301/2148/2003 2948/2228/2029
f 2948/2228/2029 301/2148/2003 300/2149/2004 2953/2229/2030
f 2953/2229/2030 300/2149/2004 299/2150/2005 2958/2230/2031
f 2958/2230/2031 299/2150/2005 298/2151/2006 2963/2231/2032
f 2963/2231/2032 298/2151/2006 297/2152/2007 2968/2232/2033
f 2968/2232/2033 297/2152/2007 296/2153/2008 2973/2233/2034
f 2973/2233/2034 296/2153/2008 294/28/16 2978/2234/2035
f 2495/2235/9 2984/2236/9 2494/2237/9
f 229/26/14 228/2238/2036 233/19/8 234/27/15
f 228/2238/2036 227/2239/2037 232/17/6 233/19/8
f 227/2239/2037 226/2240/2038 231/2241/2039 232/17/6
f 226/2240/2038 225/304/182 230/306/9 231/2241/2039
f 375/2103/1958 219/2242/2040 229/26/14 348/25/13
f 219/2242/2040 218/2243/2041 228/2238/2036 229/26/14
f 218/2243/2041 217/2244/2042 227/2239/2037 228/2238/2036
f 217/2244/2042 216/2245/2043 226/2240/2038 227/2239/2037
f 216/2245/2043 215/302/181 225/304/182 226/2240/2038
f 402/2077/1932 214/2246/2044 219/2242/2040 375/2103/1958
f 214/2246/2044 213/2247/2045 218/2243/2041 219/2242/2040
f 213/2247/2045 212/2248/2046 217/2244/2042 218/2243/2041
f 212/2248/2046 211/2249/2047 216/2245/2043 217/2244/2042
f 211/2249/2047 210/300/180 215/302/181 216/2245/2043
f 429/2051/1906 209/2250/2048 214/2246/2044 402/2077/1932
f 209/2250/2048 208/2251/2049 213/2247/2045 214/2246/2044
f 208/2251/2049 207/2252/2050 212/2248/2046 213/2247/2045
f 207/2252/2050 206/2253/2051 211/2249/2047 212/2248/2046
f 206/2253/2051 205/298/179 210/300/180 211/2249/2047
f 456/2025/1880 204/2254/2052 209/2250/2048 429/2051/1906
f 204/2254/2052 203/2255/2053 208/2251/2049 209/2250/2048
f 203/2255/2053 202/2256/2054 207/2252/2050 208/2251/2049
f 202/2256/2054 201/2257/2055 206/2253/2051 207/2252/2050
f 201/2257/2055 200/296/178 205/298/179 206/2253/2051
f 483/1999/1854 199/2258/2056 204/2254/2052 456/2025/1880
f 199/2258/2056 198/2259/2057 203/2255/2053 204/2254/2052
f 198/2259/2057 197/2260/2058 202/2256/2054 203/2255/2053
f 197/2260/2058 196/2261/2059 201/2257/2055 202/2256/2054
f 196/2261/2059 195/294/177 200/296/178 201/2257/2055
f 510/1973/1828 194/2262/2060 199/2258/2056 483/1999/1854
f 194/2262/2060 193/2263/2061 198/2259/2057 199/2258/2056
f 193/2263/2061 192/2264/2062 197/2260/2058 198/2259/2057
f 192/2264/2062 191/2265/2063 196/2261/2059 197/2260/2058
f 191/2265/2063 190/292/176 195/294/177 196/2261/2059
f 537/1947/1802 189/2266/2064 194/2262/2060 510/1973/1828
f 189/2266/2064 188/2267/2065 193/2263/2061 194/2262/2060
f 188/2267/2065 187/2268/2066 192/2264/2062 193/2263/2061
f 187/2268/2066 186/2269/2067 191/2265/2063 192/2264/2062
f 186/2269/2067 185/290/175 190/292/176 191/2265/2063
f 564/1921/1776 184/2270/2068 189/2266/2064 537/1947/1802
f 184/2270/2068 183/2271/2069 188/2267/2065 189/2266/2064
f 183/2271/2069 182/2272/2070 187/2268/2066 188/2267/2065
f 182/2272/2070 181/2273/2071 186/2269/2067 187/2268/2066
f 181/2273/2071 180/288/174 185/290/175 186/2269/2067
f 591/1895/1750 179/2274/2072 184/2270/2068 564/1921/1776
f 179/2274/2072 178/2275/2073 183/2271/2069 184/2270/2068
f 178/2275/2073 177/2276/2074 182/2272/2070 183/2271/2069
f 177/2276/2074 176/2277/2075 181/2273/2071 182/2272/2070
f 176/2277/2075 175/286/173 180/288/174 181/2273/2071
f 618/1869/1724 174/2278/2076 179/2274/2072 591/1895/1750
f 174/2278/2076 173/2279/2077 178/2275/2073 179/2274/2072
f 173/2279/2077 172/2280/2078 177/2276/2074 178/2275/2073
f 172/2280/2078 171/2281/2079 176/2277/2075 177/2276/2074
f 171/2281/2079 170/284/9 175/286/173 176/2277/2075
f 645/1843/1698 169/2282/2080 174/2278/2076 618/1869/1724
f 169/2282/2080 26/2283/2081 173/2279/2077 174/2278/2076
f 26/2283/2081 25/2284/2082 172/2280/2078 173/2279/2077
f 25/2284/2082 2211/2285/2083 171/2281/2079 172/2280/2078
f 2211/2285/2083 2212/282/172 170/284/9 171/2281/2079
f 672/1817/1672 2213/2286/2084 169/2282/2080 645/1843/1698
f 2213/2286/2084 2214/2287/2085 26/2283/2081 169/2282/2080
f 2214/2287/2085 2215/2288/2086 25/2284/2082 26/2283/2081
f 2215/2288/2086 2216/2289/2087 2211/2285/2083 25/2284/2082
f 2216/2289/2087 2217/280/171 2212/282/172 2211/2285/2083
f 699/1791/1646 2218/2290/2088 2213/2286/2084 672/1817/1672
f 2218/2290/2088 2219/2291/2089 2214/2287/2085 2213/2286/2084
f 2219/2291/2089 2220/2292/2090 2215/2288/2086 2214/2287/2085
f 2220/2292/2090 2221/2293/2091 2216/2289/2087 2215/2288/2086
f 2221/2293/2091 2222/278/170 2217/280/171 2216/2289/2087
f 726/1765/1620 2223/2294/2092 2218/2290/2088 699/1791/1646
f 2223/2294/2092 2224/2295/2093 2219/2291/2089 2218/2290/2088
f 2224/2295/2093 2225/2296/2094 2220/2292/2090 2219/2291/2089
f 2225/2296/2094 2226/2297/2095 2221/2293/2091 2220/2292/2090
f 2226/2297/2095 2227/276/169 2222/278/170 2221/2293/2091
f 753/1739/1594 2228/2298/2096 2223/2294/2092 726/1765/1620
f 2228/2298/2096 2229/2299/2097 2224/2295/2093 2223/2294/2092
f 2229/2299/2097 2230/2300/2098 2225/2296/2094 2224/2295/2093
f 2230/2300/2098 2231/2301/2099 2226/2297/2095 2225/2296/2094
f 2231/2301/2099 2232/274/168 2227/276/169 2226/2297/2095
f 780/1713/1568 2233/2302/2100 2228/2298/2096 753/1739/1594
f 2233/2302/2100 2234/2303/2101 2229/2299/2097 2228/2298/2096
f 2234/2303/2101 2235/2304/2102 2230/2300/2098 2229/2299/2097
f 2235/2304/2102 2236/2305/2103 2231/2301/2099 2230/2300/2098
f 2236/2305/2103 2237/272/167 2232/274/168 2231/2301/2099
f 807/1687/1542 2238/2306/2104 2233/2302/2100 780/1713/1568
f 2238/2306/2104 2239/2307/2105 2234/2303/2101 2233/2302/2100
f 2239/2307/2105 2240/2308/2106 2235/2304/2102 2234/2303/2101
f 2240/2308/2106 2241/2309/2107 2236/2305/2103 2235/2304/2102
f 2241/2309/2107 2242/270/166 2237/272/167 2236/2305/2103
f 834/1661/1516 2243/2310/2108 2238/2306/2104 807/1687/1542
f 2243/2310/2108 2244/2311/2109 2239/2307/2105 2238/2306/2104
f 2244/2311/2109 2245/2312/2110 2240/2308/2106 2239/2307/2105
f 2245/2312/2110 2246/2313/2111 2241/2309/2107 2240/2308/2106
f 2246/2313/2111 2247/268/165 2242/270/166 2241/2309/2107
f 861/1635/1490 2248/2314/2112 2243/2310/2108 834/1661/1516
f 2248/2314/2112 2249/2315/2113 2244/2311/2109 2243/2310/2108
f 2249/2315/2113 2250/2316/2114 2245/2312/2110 2244/2311/2109
f 2250/2316/2114 2251/2317/2115 2246/2313/2111 2245/2312/2110
f 2251/2317/2115 2252/266/164 2247/268/165 2246/2313/2111
f 888/1609/1464 2253/2318/2116 2248/2314/2112 861/1635/1490
f 2253/2318/2116 2254/2319/2117 2249/2315/2113 2248/2314/2112
f 2254/2319/2117 2255/2320/2118 2250/2316/2114 2249/2315/2113
f 2255/2320/2118 2256/2321/2119 2251/2317/2115 2250/2316/2114
f 2256/2321/2119 2257/264/163 2252/266/164 2251/2317/2115
f 915/1583/1438 2258/2322/2120 2253/2318/2116 888/1609/1464
f 2258/2322/2120 2259/2323/2121 2254/2319/2117 2253/2318/2116
f 2259/2323/2121 2260/2324/2122 2255/2320/2118 2254/2319/2117
f 2260/2324/2122 2261/2325/2123 2256/2321/2119 2255/2320/2118
f 2261/2325/2123 2262/262/162 2257/264/163 2256/2321/2119
f 942/1557/1412 2263/2326/2124 2258/2322/2120 915/1583/1438
f 2263/2326/2124 2264/2327/2125 2259/2323/2121 2258/2322/2120
f 2264/2327/2125 2265/2328/2126 2260/2324/2122 2259/2323/2121
f 2265/2328/2126 2266/2329/2127 2261/2325/2123 2260/2324/2122
f 2266/2329/2127 2267/260/161 2262/262/162 2261/2325/2123
f 969/1531/1386 2268/2330/2128 2263/2326/2124 942/1557/1412
f 2268/2330/2128 2269/2331/2129 2264/2327/2125 2263/2326/2124
f 2269/2331/2129 2270/2332/2130 2265/2328/2126 2264/2327/2125
f 2270/2332/2130 2271/2333/2131 2266/2329/2127 2265/2328/2126
f 2271/2333/2131 2272/258/160 2267/260/161 2266/2329/2127
f 996/1505/1360 2273/2334/2132 2268/2330/2128 969/1531/1386
f 2273/2334/2132 2274/2335/2133 2269/2331/2129 2268/2330/2128
f 2274/2335/2133 2275/2336/2134 2270/2332/2130 2269/2331/2129
f 2275/2336/2134 2276/2337/2135 2271/2333/2131 2270/2332/2130
f 2276/2337/2135 2277/256/159 2272/258/160 2271/2333/2131
f 1023/1479/1334 2278/2338/2136 2273/2334/2132 996/1505/1360
f 2278/2338/2136 2279/2339/2137 2274/2335/2133 2273/2334/2132
f 2279/2339/2137 2280/2340/2138 2275/2336/2134 2274/2335/2133
f 2280/2340/2138 2281/2341/2139 2276/2337/2135 2275/2336/2134
f 2281/2341/2139 2282/254/158 2277/256/159 2276/2337/2135
f 1050/1453/1308 2283/2342/2140 2278/2338/2136 1023/1479/1334
f 2283/2342/2140 2284/2343/2141 2279/2339/2137 2278/2338/2136
f 2284/2343/2141 2285/2344/2142 2280/2340/2138 2279/2339/2137
f 2285/2344/2142 2286/2345/2143 2281/2341/2139 2280/2340/2138
f 2286/2345/2143 2287/252/157 2282/254/158 2281/2341/2139
f 1077/1427/1282 2288/2346/2144 2283/2342/2140 1050/1453/1308
f 2288/2346/2144 2289/2347/2145 2284/2343/2141 2283/2342/2140
f 2289/2347/2145 2290/2348/2146 2285/2344/2142 2284/2343/2141
f 2290/2348/2146 2291/2349/2147 2286/2345/2143 2285/2344/2142
f 2291/2349/2147 2292/250/156 2287/252/157 2286/2345/2143
f 1104/1401/1256 2293/2350/2148 2288/2346/2144 1077/1427/1282
f 2293/2350/2148 2294/2351/2149 2289/2347/2145 2288/2346/2144
f 2294/2351/2149 2295/2352/2150 2290/2348/2146 2289/2347/2145
f 2295/2352/2150 2296/2353/2151 2291/2349/2147 2290/2348/2146
f 2296/2353/2151 2297/248/155 2292/250/156 2291/2349/2147
f 1131/1375/1230 2298/2354/2152 2293/2350/2148 1104/1401/1256
f 2298/2354/2152 2299/2355/2153 2294/2351/2149 2293/2350/2148
f 2299/2355/2153 2300/2356/2154 2295/2352/2150 2294/2351/2149
f 2300/2356/2154 2301/2357/2155 2296/2353/2151 2295/2352/2150
f 2301/2357/2155 2302/246/154 2297/248/155 2296/2353/2151
f 1158/1349/1204 2303/2358/2156 2298/2354/2152 1131/1375/1230
f 2303/2358/2156 2304/2359/2157 2299/2355/2153 2298/2354/2152
f 2304/2359/2157 2305/2360/2158 2300/2356/2154 2299/2355/2153
f 2305/2360/2158 2306/2361/2159 2301/2357/2155 2300/2356/2154
f 2306/2361/2159 2307/244/153 2302/246/154 2301/2357/2155
f 1185/1323/1178 2308/2362/2160 2303/2358/2156 1158/1349/1204
f 2308/2362/2160 2309/2363/2161 2304/2359/2157 2303/2358/2156
f 2309/2363/2161 2310/2364/2162 2305/2360/2158 2304/2359/2157
f 2310/2364/2162 2311/2365/2163 2306/2361/2159 2305/2360/2158
f 2311/2365/2163 2312/242/152 2307/244/153 2306/2361/2159
f 1212/1297/1152 2313/2366/2164 2308/2362/2160 1185/1323/1178
f 2313/2366/2164 2314/2367/2165 2309/2363/2161 2308/2362/2160
f 2314/2367/2165 2315/2368/2166 2310/2364/2162 2309/2363/2161
f 2315/2368/2166 2316/2369/9 2311/2365/2163 2310/2364/2162
f 2316/2369/9 2317/240/9 2312/242/152 2311/2365/2163
f 1239/1271/1126 2318/2370/2167 2313/2366/2164 1212/1297/1152
f 2318/2370/2167 2319/2371/2168 2314/2367/2165 2313/2366/2164
f 2319/2371/2168 2320/2372/9 2315/2368/2166 2314/2367/2165
f 2320/2372/9 2321/2373/9 2316/2369/9 2315/2368/2166
f 2321/2373/9 2322/238/9 2317/240/9 2316/2369/9
f 1266/1245/1100 2323/2374/2169 2318/2370/2167 1239/1271/1126
f 2323/2374/2169 2324/2375/2170 2319/2371/2168 2318/2370/2167
f 2324/2375/2170 2325/2376/9 2320/2372/9 2319/2371/2168
f 2325/2376/9 2326/2377/9 2321/2373/9 2320/2372/9
f 2326/2377/9 2327/236/9 2322/238/9 2321/2373/9
f 1293/1219/1074 2328/2378/2171 2323/2374/2169 1266/1245/1100
f 2328/2378/2171 2329/2379/2172 2324/2375/2170 2323/2374/2169
f 2329/2379/2172 2330/2380/9 2325/2376/9 2324/2375/2170
f 2330/2380/9 2331/2381/9 2326/2377/9 2325/2376/9
f 2331/2381/9 2332/234/9 2327/236/9 2326/2377/9
f 1320/1193/1048 2333/2382/2173 2328/2378/2171 1293/1219/1074
f 2333/2382/2173 2334/2383/2174 2329/2379/2172 2328/2378/2171
f 2334/2383/2174 2335/2384/9 2330/2380/9 2329/2379/2172
f 2335/2384/9 2336/2385/9 2331/2381/9 2330/2380/9
f 2336/2385/9 2337/232/9 2332/234/9 2331/2381/9
f 1347/1167/1022 2338/2386/2175 2333/2382/2173 1320/1193/1048
f 2338/2386/2175 2339/2387/2176 2334/2383/2174 2333/2382/2173
f 2339/2387/2176 2340/2388/9 2335/2384/9 2334/2383/2174
f 2340/2388/9 2341/2389/9 2336/2385/9 2335/2384/9
f 2341/2389/9 2342/230/9 2337/232/9 2336/2385/9
f 1374/1141/996 2343/2390/2177 2338/2386/2175 1347/1167/1022
f 2343/2390/2177 2344/2391/2178 2339/2387/2176 2338/2386/2175
f 2344/2391/2178 2345/2392/9 2340/2388/9 2339/2387/2176
f 2345/2392/9 2346/2393/9 2341/2389/9 2340/2388/9
f 2346/2393/9 2347/228/9 2342/230/9 2341/2389/9
f 1401/1115/970 2348/2394/2179 2343/2390/2177 1374/1141/996
f 2348/2394/2179 2349/2395/2180 2344/2391/2178 2343/2390/2177
f 2349/2395/2180 2350/2396/9 2345/2392/9 2344/2391/2178
f 2350/2396/9 2351/2397/9 2346/2393/9 2345/2392/9
f 2351/2397/9 2352/226/9 2347/228/9 2346/2393/9
f 1428/1089/944 2353/2398/2181 2348/2394/2179 1401/1115/970
f 2353/2398/2181 2354/2399/2182 2349/2395/2180 2348/2394/2179
f 2354/2399/2182 2355/2400/2183 2350/2396/9 2349/2395/2180
f 2355/2400/2183 2356/2401/9 2351/2397/9 2350/2396/9
f 2356/2401/9 2357/224/9 2352/226/9 2351/2397/9
f 1455/1063/918 2358/2402/2184 2353/2398/2181 1428/1089/944
f 2358/2402/2184 2359/2403/2185 2354/2399/2182 2353/2398/2181
f 2359/2403/2185 2360/2404/2186 2355/2400/2183 2354/2399/2182
f 2360/2404/2186 2361/2405/9 2356/2401/9 2355/2400/2183
f 2361/2405/9 2362/222/9 2357/224/9 2356/2401/9
f 1482/1037/892 2363/2406/2187 2358/2402/2184 1455/1063/918
f 2363/2406/2187 2364/2407/2188 2359/2403/2185 2358/2402/2184
f 2364/2407/2188 2365/2408/2189 2360/2404/2186 2359/2403/2185
f 2365/2408/2189 2366/2409/9 2361/2405/9 2360/2404/2186
f 2366/2409/9 2367/220/9 2362/222/9 2361/2405/9
f 1509/1011/866 2368/2410/2190 2363/2406/2187 1482/1037/892
f 2368/2410/2190 2369/2411/2191 2364/2407/2188 2363/2406/2187
f 2369/2411/2191 2370/2412/2192 2365/2408/2189 2364/2407/2188
f 2370/2412/2192 2371/2413/2193 2366/2409/9 2365/2408/2189
f 2371/2413/2193 2372/218/9 2367/220/9 2366/2409/9
f 1536/985/841 2373/2414/2194 2368/2410/2190 1509/1011/866
f 2373/2414/2194 2374/2415/2195 2369/2411/2191 2368/2410/2190
f 2374/2415/2195 2375/2416/2196 2370/2412/2192 2369/2411/2191
f 2375/2416/2196 2376/2417/2197 2371/2413/2193 2370/2412/2192
f 2376/2417/2197 2377/216/9 2372/218/9 2371/2413/2193
f 1563/959/817 2378/2418/2198 2373/2414/2194 1536/985/841
f 2378/2418/2198 2379/2419/2199 2374/2415/2195 2373/2414/2194
f 2379/2419/2199 2380/2420/2200 2375/2416/2196 2374/2415/2195
f 2380/2420/2200 2381/2421/2201 2376/2417/2197 2375/2416/2196
f 2381/2421/2201 2382/214/9 2377/216/9 2376/2417/2197
f 1590/933/794 2383/2422/2202 2378/2418/2198 1563/959/817
f 2383/2422/2202 2384/2423/2203 2379/2419/2199 2378/2418/2198
f 2384/2423/2203 2385/2424/2204 2380/2420/2200 2379/2419/2199
f 2385/2424/2204 2386/2425/2205 2381/2421/2201 2380/2420/2200
f 2386/2425/2205 2387/212/151 2382/214/9 2381/2421/2201
f 1617/907/770 2388/2426/2206 2383/2422/2202 1590/933/794
f 2388/2426/2206 2389/2427/2207 2384/2423/2203 2383/2422/2202
f 2389/2427/2207 2390/2428/2208 2385/2424/2204 2384/2423/2203
f 2390/2428/2208 2391/2429/2209 2386/2425/2205 2385/2424/2204
f 2391/2429/2209 2392/210/150 2387/212/151 2386/2425/2205
f 1644/881/744 2393/2430/2210 2388/2426/2206 1617/907/770
f 2393/2430/2210 2394/2431/2211 2389/2427/2207 2388/2426/2206
f 2394/2431/2211 2395/2432/2212 2390/2428/2208 2389/2427/2207
f 2395/2432/2212 2396/2433/2213 2391/2429/2209 2390/2428/2208
f 2396/2433/2213 2397/208/149 2392/210/150 2391/2429/2209
f 1671/855/718 2398/2434/2214 2393/2430/2210 1644/881/744
f 2398/2434/2214 2399/2435/2215 2394/2431/2211 2393/2430/2210
f 2399/2435/2215 2400/2436/2216 2395/2432/2212 2394/2431/2211
f 2400/2436/2216 2401/2437/2217 2396/2433/2213 2395/2432/2212
f 2401/2437/2217 2402/206/148 2397/208/149 2396/2433/2213
f 1698/829/692 2403/2438/2218 2398/2434/2214 1671/855/718
f 2403/2438/2218 2404/2439/2219 2399/2435/2215 2398/2434/2214
f 2404/2439/2219 2405/2440/2220 2400/2436/2216 2399/2435/2215
f 2405/2440/2220 2406/2441/2221 2401/2437/2217 2400/2436/2216
f 2406/2441/2221 2407/204/147 2402/206/148 2401/2437/2217
f 1725/803/666 2408/2442/2222 2403/2438/2218 1698/829/692
f 2408/2442/2222 2409/2443/2223 2404/2439/2219 2403/2438/2218
f 2409/2443/2223 2410/2444/2224 2405/2440/2220 2404/2439/2219
f 2410/2444/2224 2411/2445/2225 2406/2441/2221 2405/2440/2220
f 2411/2445/2225 2412/202/146 2407/204/147 2406/2441/2221
f 1752/777/640 2413/2446/2226 2408/2442/2222 1725/803/666
f 2413/2446/2226 2414/2447/2227 2409/2443/2223 2408/2442/2222
f 2414/2447/2227 2415/2448/2228 2410/2444/2224 2409/2443/2223
f 2415/2448/2228 2416/2449/2229 2411/2445/2225 2410/2444/2224
f 2416/2449/2229 2417/200/145 2412/202/146 2411/2445/2225
f 1779/751/614 2418/2450/2230 2413/2446/2226 1752/777/640
f 2418/2450/2230 2419/2451/2231 2414/2447/2227 2413/2446/2226
f 2419/2451/2231 2420/2452/2232 2415/2448/2228 2414/2447/2227
f 2420/2452/2232 2421/2453/2233 2416/2449/2229 2415/2448/2228
f 2421/2453/2233 2422/198/144 2417/200/145 2416/2449/2229
f 1806/725/588 2423/2454/2234 2418/2450/2230 1779/751/614
f 2423/2454/2234 2424/2455/2235 2419/2451/2231 2418/2450/2230
f 2424/2455/2235 2425/2456/2236 2420/2452/2232 2419/2451/2231
f 2425/2456/2236 2426/2457/2237 2421/2453/2233 2420/2452/2232
f 2426/2457/2237 2427/196/143 2422/198/144 2421/2453/2233
f 1833/699/562 2428/2458/2238 2423/2454/2234 1806/725/588
f 2428/2458/2238 2429/2459/2239 2424/2455/2235 2423/2454/2234
f 2429/2459/2239 2430/2460/2240 2425/2456/2236 2424/2455/2235
f 2430/2460/2240 2431/2461/2241 2426/2457/2237 2425/2456/2236
f 2431/2461/2241 2432/194/142 2427/196/143 2426/2457/2237
f 1860/673/536 2433/2462/2242 2428/2458/2238 1833/699/562
f 2433/2462/2242 2434/2463/2243 2429/2459/2239 2428/2458/2238
f 2434/2463/2243 2435/2464/2244 2430/2460/2240 2429/2459/2239
f 2435/2464/2244 2436/2465/2245 2431/2461/2241 2430/2460/2240
f 2436/2465/2245 2437/192/141 2432/194/142 2431/2461/2241
f 1887/647/510 2438/2466/2246 2433/2462/2242 1860/673/536
f 2438/2466/2246 2439/2467/2247 2434/2463/2243 2433/2462/2242
f 2439/2467/2247 2440/2468/2248 2435/2464/2244 2434/2463/2243
f 2440/2468/2248 2441/2469/2249 2436/2465/2245 2435/2464/2244
f 2441/2469/2249 2442/190/140 2437/192/141 2436/2465/2245
f 1914/621/484 2443/2470/2250 2438/2466/2246 1887/647/510
f 2443/2470/2250 2444/2471/2251 2439/2467/2247 2438/2466/2246
f 2444/2471/2251 2445/2472/2252 2440/2468/2248 2439/2467/2247
f 2445/2472/2252 2446/2473/2253 2441/2469/2249 2440/2468/2248
f 2446/2473/2253 2447/188/9 2442/190/140 2441/2469/2249
f 1941/595/458 2448/2474/2254 2443/2470/2250 1914/621/484
f 2448/2474/2254 2449/2475/2255 2444/2471/2251 2443/2470/2250
f 2449/2475/2255 2450/2476/2256 2445/2472/2252 2444/2471/2251
f 2450/2476/2256 2451/2477/2257 2446/2473/2253 2445/2472/2252
f 2451/2477/2257 2452/186/9 2447/188/9 2446/2473/2253
f 1968/569/432 2453/2478/2258 2448/2474/2254 1941/595/458
f 2453/2478/2258 2454/2479/2259 2449/2475/2255 2448/2474/2254
f 2454/2479/2259 2455/2480/9 2450/2476/2256 2449/2475/2255
f 2455/2480/9 2456/2481/9 2451/2477/2257 2450/2476/2256
f 2456/2481/9 2457/184/9 2452/186/9 2451/2477/2257
f 1995/543/406 2458/2482/2260 2453/2478/2258 1968/569/432
f 2458/2482/2260 2459/2483/2261 2454/2479/2259 2453/2478/2258
f 2459/2483/2261 2460/2484/9 2455/2480/9 2454/2479/2259
f 2460/2484/9 2461/2485/9 2456/2481/9 2455/2480/9
f 2461/2485/9 2462/182/9 2457/184/9 2456/2481/9
f 2022/517/380 2463/2486/9 2458/2482/2260 1995/543/406
f 2463/2486/9 2464/2487/9 2459/2483/2261 2458/2482/2260
f 2464/2487/9 2465/2488/9 2460/2484/9 2459/2483/2261
f 2465/2488/9 2466/2489/9 2461/2485/9 2460/2484/9
f 2466/2489/9 2467/180/9 2462/182/9 2461/2485/9
f 2049/491/354 2468/2490/2262 2463/2486/9 2022/517/380
f 2468/2490/2262 2469/2491/9 2464/2487/9 2463/2486/9
f 2469/2491/9 2470/2492/9 2465/2488/9 2464/2487/9
f 2470/2492/9 2471/2493/9 2466/2489/9 2465/2488/9
f 2471/2493/9 2472/178/9 2467/180/9 2466/2489/9
f 2076/465/328 2473/2494/2263 2468/2490/2262 2049/491/354
f 2473/2494/2263 2474/2495/2264 2469/2491/9 2468/2490/2262
f 2474/2495/2264 2475/2496/9 2470/2492/9 2469/2491/9
f 2475/2496/9 2476/2497/9 2471/2493/9 2470/2492/9
f 2476/2497/9 2477/176/9 2472/178/9 2471/2493/9
f 2103/439/302 2478/2498/2265 2473/2494/2263 2076/465/328
f 2478/2498/2265 2479/2499/2266 2474/2495/2264 2473/2494/2263
f 2479/2499/2266 2480/2500/9 2475/2496/9 2474/2495/2264
f 2480/2500/9 2481/2501/9 2476/2497/9 2475/2496/9
f 2481/2501/9 2482/174/9 2477/176/9 2476/2497/9
f 2130/413/279 2483/2502/2267 2478/2498/2265 2103/439/302
f 2483/2502/2267 2484/2503/2268 2479/2499/2266 2478/2498/2265
f 2484/2503/2268 2485/2504/9 2480/2500/9 2479/2499/2266
f 2485/2504/9 2486/2505/9 2481/2501/9 2480/2500/9
f 2486/2505/9 2487/172/9 2482/174/9 2481/2501/9
f 2157/387/253 2488/2506/2269 2483/2502/2267 2130/413/279
f 2488/2506/2269 2489/2507/2270 2484/2503/2268 2483/2502/2267
f 2489/2507/2270 2490/2508/9 2485/2504/9 2484/2503/2268
f 2490/2508/9 2491/2509/9 2486/2505/9 2485/2504/9
f 2491/2509/9 2492/170/9 2487/172/9 2486/2505/9
f 2184/361/227 220/2510/2271 2488/2506/2269 2157/387/253
f 220/2510/2271 221/2511/2272 2489/2507/2270 2488/2506/2269
f 221/2511/2272 222/2512/9 2490/2508/9 2489/2507/2270
f 222/2512/9 223/2513/9 2491/2509/9 2490/2508/9
f 223/2513/9 224/168/9 2492/170/9 2491/2509/9
f 322/360/226 235/2514/2273 220/2510/2271 2184/361/227
f 235/2514/2273 236/2515/9 221/2511/2272 220/2510/2271
f 236/2515/9 237/2516/9 222/2512/9 221/2511/2272
f 237/2516/9 238/2517/9 223/2513/9 222/2512/9
f 238/2517/9 239/165/9 224/168/9 223/2513/9
f 98/2518/9 2497/2519/9 2512/2520/9 100/2521/9
f 2497/2519/9 2496/2522/9 2511/2523/9 2512/2520/9
f 2496/2522/9 2495/2235/9 2510/2524/9 2511/2523/9
f 2495/2235/9 2494/2237/9 2509/2525/9 2510/2524/9
f 2494/2237/9 2493/163/9 2508/29/9 2509/2525/9
f 166/2526/9 2518/2527/2274 2513/2528/2275 167/2529/9
f 2518/2527/2274 2519/2530/2276 2514/2531/2277 2513/2528/2275
f 2519/2530/2276 2520/2532/2278 2515/2533/2279 2514/2531/2277
f 2520/2532/2278 2521/2534/2280 2516/2535/2281 2515/2533/2279
f 2521/2534/2280 2522/162/139 2517/23/11 2516/2535/2281
f 165/2536/9 2523/2537/2282 2518/2527/2274 166/2526/9
f 2523/2537/2282 2524/2538/2283 2519/2530/2276 2518/2527/2274
f 2524/2538/2283 2525/2539/2284 2520/2532/2278 2519/2530/2276
f 2525/2539/2284 2526/2540/2285 2521/2534/2280 2520/2532/2278
f 2526/2540/2285 2527/160/137 2522/162/139 2521/2534/2280
f 164/2541/9 2528/2542/2286 2523/2537/2282 165/2536/9
f 2528/2542/2286 2529/2543/2287 2524/2538/2283 2523/2537/2282
f 2529/2543/2287 2530/2544/2288 2525/2539/2284 2524/2538/2283
f 2530/2544/2288 2531/2545/2289 2526/2540/2285 2525/2539/2284
f 2531/2545/2289 2532/158/135 2527/160/137 2526/2540/2285
f 163/2546/9 2533/2547/2290 2528/2542/2286 164/2541/9
f 2533/2547/2290 2534/2548/2291 2529/2543/2287 2528/2542/2286
f 2534/2548/2291 2535/2549/2292 2530/2544/2288 2529/2543/2287
f 2535/2549/2292 2536/2550/2293 2531/2545/2289 2530/2544/2288
f 2536/2550/2293 2537/156/133 2532/158/135 2531/2545/2289
f 162/2551/9 2538/2552/2294 2533/2547/2290 163/2546/9
f 2538/2552/2294 2539/2553/2295 2534/2548/2291 2533/2547/2290
f 2539/2553/2295 2540/2554/2296 2535/2549/2292 2534/2548/2291
f 2540/2554/2296 2541/2555/2297 2536/2550/2293 2535/2549/2292
f 2541/2555/2297 2542/154/131 2537/156/133 2536/2550/2293
f 161/2556/9 2543/2557/2298 2538/2552/2294 162/2551/9
f 2543/2557/2298 2544/2558/2299 2539/2553/2295 2538/2552/2294
f 2544/2558/2299 2545/2559/2300 2540/2554/2296 2539/2553/2295
f 2545/2559/2300 2546/2560/2301 2541/2555/2297 2540/2554/2296
f 2546/2560/2301 2547/152/129 2542/154/131 2541/2555/2297
f 160/2561/9 2548/2562/2302 2543/2557/2298 161/2556/9
f 2548/2562/2302 2549/2563/2303 2544/2558/2299 2543/2557/2298
f 2549/2563/2303 2550/2564/2304 2545/2559/2300 2544/2558/2299
f 2550/2564/2304 2551/2565/2305 2546/2560/2301 2545/2559/2300
f 2551/2565/2305 2552/150/127 2547/152/129 2546/2560/2301
f 159/2566/9 2553/2567/2306 2548/2562/2302 160/2561/9
f 2553/2567/2306 2554/2568/2307 2549/2563/2303 2548/2562/2302
f 2554/2568/2307 2555/2569/2308 2550/2564/2304 2549/2563/2303
f 2555/2569/2308 2556/2570/2309 2551/2565/2305 2550/2564/2304
f 2556/2570/2309 2557/148/125 2552/150/127 2551/2565/2305
f 158/2571/9 2558/2572/2310 2553/2567/2306 159/2566/9
f 2558/2572/2310 2559/2573/2311 2554/2568/2307 2553/2567/2306
f 2559/2573/2311 2560/2574/2312 2555/2569/2308 2554/2568/2307
f 2560/2574/2312 2561/2575/2313 2556/2570/2309 2555/2569/2308
f 2561/2575/2313 2562/146/123 2557/148/125 2556/2570/2309
f 157/2576/9 2563/2577/9 2558/2572/2310 158/2571/9
f 2563/2577/9 2564/2578/2314 2559/2573/2311 2558/2572/2310
f 2564/2578/2314 2565/2579/2315 2560/2574/2312 2559/2573/2311
f 2565/2579/2315 2566/2580/2316 2561/2575/2313 2560/2574/2312
f 2566/2580/2316 2567/144/121 2562/146/123 2561/2575/2313
f 156/2581/9 2568/2582/9 2563/2577/9 157/2576/9
f 2568/2582/9 2569/2583/2317 2564/2578/2314 2563/2577/9
f 2569/2583/2317 2570/2584/2318 2565/2579/2315 2564/2578/2314
f 2570/2584/2318 2571/2585/2319 2566/2580/2316 2565/2579/2315
f 2571/2585/2319 2572/142/119 2567/144/121 2566/2580/2316
f 155/2586/9 2573/2587/9 2568/2582/9 156/2581/9
f 2573/2587/9 2574/2588/2320 2569/2583/2317 2568/2582/9
f 2574/2588/2320 2575/2589/2321 2570/2584/2318 2569/2583/2317
f 2575/2589/2321 2576/2590/2322 2571/2585/2319 2570/2584/2318
f 2576/2590/2322 2577/140/117 2572/142/119 2571/2585/2319
f 154/2591/9 2578/2592/9 2573/2587/9 155/2586/9
f 2578/2592/9 2579/2593/2323 2574/2588/2320 2573/2587/9
f 2579/2593/2323 2580/2594/2324 2575/2589/2321 2574/2588/2320
f 2580/2594/2324 2581/2595/2325 2576/2590/2322 2575/2589/2321
f 2581/2595/2325 2582/138/115 2577/140/117 2576/2590/2322
f 153/2596/9 2583/2597/9 2578/2592/9 154/2591/9
f 2583/2597/9 2584/2598/2326 2579/2593/2323 2578/2592/9
f 2584/2598/2326 2585/2599/2327 2580/2594/2324 2579/2593/2323
f 2585/2599/2327 2586/2600/2328 2581/2595/2325 2580/2594/2324
f 2586/2600/2328 2587/136/113 2582/138/115 2581/2595/2325
f 152/2601/9 2588/2602/9 2583/2597/9 153/2596/9
f 2588/2602/9 2589/2603/2329 2584/2598/2326 2583/2597/9
f 2589/2603/2329 2590/2604/2330 2585/2599/2327 2584/2598/2326
f 2590/2604/2330 2591/2605/2331 2586/2600/2328 2585/2599/2327
f 2591/2605/2331 2592/134/111 2587/136/113 2586/2600/2328
f 151/2606/9 2593/2607/9 2588/2602/9 152/2601/9
f 2593/2607/9 2594/2608/2332 2589/2603/2329 2588/2602/9
f 2594/2608/2332 2595/2609/2333 2590/2604/2330 2589/2603/2329
f 2595/2609/2333 2596/2610/2334 2591/2605/2331 2590/2604/2330
f 2596/2610/2334 2597/132/109 2592/134/111 2591/2605/2331
f 150/2611/9 2598/2612/9 2593/2607/9 151/2606/9
f 2598/2612/9 2599/2613/2335 2594/2608/2332 2593/2607/9
f 2599/2613/2335 2600/2614/2336 2595/2609/2333 2594/2608/2332
f 2600/2614/2336 2601/2615/2337 2596/2610/2334 2595/2609/2333
f 2601/2615/2337 2602/130/107 2597/132/109 2596/2610/2334
f 149/2616/9 2603/2617/9 2598/2612/9 150/2611/9
f 2603/2617/9 2604/2618/2338 2599/2613/2335 2598/2612/9
f 2604/2618/2338 2605/2619/2339 2600/2614/2336 2599/2613/2335
f 2605/2619/2339 2606/2620/2340 2601/2615/2337 2600/2614/2336
f 2606/2620/2340 2607/128/105 2602/130/107 2601/2615/2337
f 148/2621/9 2608/2622/9 2603/2617/9 149/2616/9
f 2608/2622/9 2609/2623/2341 2604/2618/2338 2603/2617/9
f 2609/2623/2341 2610/2624/2342 2605/2619/2339 2604/2618/2338
f 2610/2624/2342 2611/2625/2343 2606/2620/2340 2605/2619/2339
f 2611/2625/2343 2612/126/103 2607/128/105 2606/2620/2340
f 147/2626/9 2613/2627/9 2608/2622/9 148/2621/9
f 2613/2627/9 2614/2628/2344 2609/2623/2341 2608/2622/9
f 2614/2628/2344 2615/2629/2345 2610/2624/2342 2609/2623/2341
f 2615/2629/2345 2616/2630/2346 2611/2625/2343 2610/2624/2342
f 2616/2630/2346 2617/124/101 2612/126/103 2611/2625/2343
f 146/2631/9 2618/2632/9 2613/2627/9 147/2626/9
f 2618/2632/9 2619/2633/2347 2614/2628/2344 2613/2627/9
f 2619/2633/2347 2620/2634/2348 2615/2629/2345 2614/2628/2344
f 2620/2634/2348 2621/2635/2349 2616/2630/2346 2615/2629/2345
f 2621/2635/2349 2622/122/99 2617/124/101 2616/2630/2346
f 145/2636/9 2623/2637/9 2618/2632/9 146/2631/9
f 2623/2637/9 2624/2638/2350 2619/2633/2347 2618/2632/9
f 2624/2638/2350 2625/2639/2351 2620/2634/2348 2619/2633/2347
f 2625/2639/2351 2626/2640/2352 2621/2635/2349 2620/2634/2348
f 2626/2640/2352 2627/120/97 2622/122/99 2621/2635/2349
f 144/2641/9 2628/2642/9 2623/2637/9 145/2636/9
f 2628/2642/9 2629/2643/2353 2624/2638/2350 2623/2637/9
f 2629/2643/2353 2630/2644/2354 2625/2639/2351 2624/2638/2350
f 2630/2644/2354 2631/2645/2355 2626/2640/2352 2625/2639/2351
f 2631/2645/2355 2632/118/95 2627/120/97 2626/2640/2352
f 143/2646/9 2633/2647/9 2628/2642/9 144/2641/9
f 2633/2647/9 2634/2648/2356 2629/2643/2353 2628/2642/9
f 2634/2648/2356 2635/2649/2357 2630/2644/2354 2629/2643/2353
f 2635/2649/2357 2636/2650/2358 2631/2645/2355 2630/2644/2354
f 2636/2650/2358 2637/116/93 2632/118/95 2631/2645/2355
f 142/2651/9 2638/2652/2359 2633/2647/9 143/2646/9
f 2638/2652/2359 2639/2653/2360 2634/2648/2356 2633/2647/9
f 2639/2653/2360 2640/2654/2361 2635/2649/2357 2634/2648/2356
f 2640/2654/2361 2641/2655/2362 2636/2650/2358 2635/2649/2357
f 2641/2655/2362 2642/114/91 2637/116/93 2636/2650/2358
f 141/2656/9 2643/2657/2363 2638/2652/2359 142/2651/9
f 2643/2657/2363 2644/2658/2364 2639/2653/2360 2638/2652/2359
f 2644/2658/2364 2645/2659/2365 2640/2654/2361 2639/2653/2360
f 2645/2659/2365 2646/2660/2366 2641/2655/2362 2640/2654/2361
f 2646/2660/2366 2647/112/89 2642/114/91 2641/2655/2362
f 140/2661/9 2648/2662/2367 2643/2657/2363 141/2656/9
f 2648/2662/2367 2649/2663/2368 2644/2658/2364 2643/2657/2363
f 2649/2663/2368 2650/2664/2369 2645/2659/2365 2644/2658/2364
f 2650/2664/2369 2651/2665/2370 2646/2660/2366 2645/2659/2365
f 2651/2665/2370 2652/110/87 2647/112/89 2646/2660/2366
f 139/2666/9 2653/2667/2371 2648/2662/2367 140/2661/9
f 2653/2667/2371 2654/2668/2372 2649/2663/2368 2648/2662/2367
f 2654/2668/2372 2655/2669/2373 2650/2664/2369 2649/2663/2368
f 2655/2669/2373 2656/2670/2374 2651/2665/2370 2650/2664/2369
f 2656/2670/2374 2657/108/85 2652/110/87 2651/2665/2370
f 138/2671/9 2658/2672/9 2653/2667/2371 139/2666/9
f 2658/2672/9 2659/2673/2375 2654/2668/2372 2653/2667/2371
f 2659/2673/2375 2660/2674/2376 2655/2669/2373 2654/2668/2372
f 2660/2674/2376 2661/2675/2377 2656/2670/2374 2655/2669/2373
f 2661/2675/2377 2662/106/83 2657/108/85 2656/2670/2374
f 137/2676/9 2663/2677/2378 2658/2672/9 138/2671/9
f 2663/2677/2378 2664/2678/2379 2659/2673/2375 2658/2672/9
f 2664/2678/2379 2665/2679/2380 2660/2674/2376 2659/2673/2375
f 2665/2679/2380 2666/2680/2381 2661/2675/2377 2660/2674/2376
f 2666/2680/2381 2667/104/81 2662/106/83 2661/2675/2377
f 136/2681/9 2668/2682/2382 2663/2677/2378 137/2676/9
f 2668/2682/2382 2669/2683/2383 2664/2678/2379 2663/2677/2378
f 2669/2683/2383 2670/2684/2384 2665/2679/2380 2664/2678/2379
f 2670/2684/2384 2671/2685/2385 2666/2680/2381 2665/2679/2380
f 2671/2685/2385 2672/102/79 2667/104/81 2666/2680/2381
f 135/2686/9 2673/2687/2386 2668/2682/2382 136/2681/9
f 2673/2687/2386 2674/2688/2387 2669/2683/2383 2668/2682/2382
f 2674/2688/2387 2675/2689/2388 2670/2684/2384 2669/2683/2383
f 2675/2689/2388 2676/2690/2389 2671/2685/2385 2670/2684/2384
f 2676/2690/2389 2677/100/77 2672/102/79 2671/2685/2385
f 134/2691/9 2678/2692/9 2673/2687/2386 135/2686/9
f 2678/2692/9 2679/2693/2390 2674/2688/2387 2673/2687/2386
f 2679/2693/2390 2680/2694/2391 2675/2689/2388 2674/2688/2387
f 2680/2694/2391 2681/2695/2392 2676/2690/2389 2675/2689/2388
f 2681/2695/2392 2682/98/75 2677/100/77 2676/2690/2389
f 133/2696/9 2683/2697/9 2678/2692/9 134/2691/9
f 2683/2697/9 2684/2698/2393 2679/2693/2390 2678/2692/9
f 2684/2698/2393 2685/2699/2394 2680/2694/2391 2679/2693/2390
f 2685/2699/2394 2686/2700/2395 2681/2695/2392 2680/2694/2391
f 2686/2700/2395 2687/96/73 2682/98/75 2681/2695/2392
f 132/2701/9 2688/2702/9 2683/2697/9 133/2696/9
f 2688/2702/9 2689/2703/9 2684/2698/2393 2683/2697/9
f 2689/2703/9 2690/2704/9 2685/2699/2394 2684/2698/2393
f 2690/2704/9 2691/2705/2396 2686/2700/2395 2685/2699/2394
f 2691/2705/2396 2692/94/71 2687/96/73 2686/2700/2395
f 131/2706/9 2693/2707/9 2688/2702/9 132/2701/9
f 2693/2707/9 2694/2708/9 2689/2703/9 2688/2702/9
f 2694/2708/9 2695/2709/9 2690/2704/9 2689/2703/9
f 2695/2709/9 2696/2710/9 2691/2705/2396 2690/2704/9
f 2696/2710/9 2697/92/9 2692/94/71 2691/2705/2396
f 130/2711/9 2698/2712/9 2693/2707/9 131/2706/9
f 2698/2712/9 2699/2713/9 2694/2708/9 2693/2707/9
f 2699/2713/9 2700/2714/9 2695/2709/9 2694/2708/9
f 2700/2714/9 2701/2715/9 2696/2710/9 2695/2709/9
f 2701/2715/9 2702/90/68 2697/92/9 2696/2710/9
f 129/2716/9 2703/2717/9 2698/2712/9 130/2711/9
f 2703/2717/9 2704/2718/9 2699/2713/9 2698/2712/9
f 2704/2718/9 2705/2719/9 2700/2714/9 2699/2713/9
f 2705/2719/9 2706/2720/2397 2701/2715/9 2700/2714/9
f 2706/2720/2397 2707/88/66 2702/90/68 2701/2715/9
f 128/2721/9 2708/2722/9 2703/2717/9 129/2716/9
f 2708/2722/9 2709/2723/2398 2704/2718/9 2703/2717/9
f 2709/2723/2398 2710/2724/2399 2705/2719/9 2704/2718/9
f 2710/2724/2399 2711/2725/2400 2706/2720/2397 2705/2719/9
f 2711/2725/2400 2712/86/64 2707/88/66 2706/2720/2397
f 127/2726/9 2713/2727/2401 2708/2722/9 128/2721/9
f 2713/2727/2401 2714/2728/2402 2709/2723/2398 2708/2722/9
f 2714/2728/2402 2715/2729/2403 2710/2724/2399 2709/2723/2398
f 2715/2729/2403 2716/2730/2404 2711/2725/2400 2710/2724/2399
f 2716/2730/2404 2717/84/62 2712/86/64 2711/2725/2400
f 126/2731/9 2718/2732/2405 2713/2727/2401 127/2726/9
f 2718/2732/2405 2719/2733/2406 2714/2728/2402 2713/2727/2401
f 2719/2733/2406 2720/2734/2407 2715/2729/2403 2714/2728/2402
f 2720/2734/2407 2721/2735/2408 2716/2730/2404 2715/2729/2403
f 2721/2735/2408 2722/82/60 2717/84/62 2716/2730/2404
f 125/2736/9 2723/2737/2409 2718/2732/2405 126/2731/9
f 2723/2737/2409 2724/2738/2410 2719/2733/2406 2718/2732/2405
f 2724/2738/2410 2725/2739/2411 2720/2734/2407 2719/2733/2406
f 2725/2739/2411 2726/2740/2412 2721/2735/2408 2720/2734/2407
f 2726/2740/2412 2727/80/58 2722/82/60 2721/2735/2408
f 124/2741/9 2728/2742/2413 2723/2737/2409 125/2736/9
f 2728/2742/2413 2729/2743/2414 2724/2738/2410 2723/2737/2409
f 2729/2743/2414 2730/2744/2415 2725/2739/2411 2724/2738/2410
f 2730/2744/2415 2731/2745/2416 2726/2740/2412 2725/2739/2411
f 2731/2745/2416 2732/78/56 2727/80/58 2726/2740/2412
f 123/2746/9 2733/2747/2417 2728/2742/2413 124/2741/9
f 2733/2747/2417 2734/2748/2418 2729/2743/2414 2728/2742/2413
f 2734/2748/2418 2735/2749/2419 2730/2744/2415 2729/2743/2414
f 2735/2749/2419 2736/2750/2420 2731/2745/2416 2730/2744/2415
f 2736/2750/2420 2737/76/54 2732/78/56 2731/2745/2416
f 122/2751/9 2738/2752/2421 2733/2747/2417 123/2746/9
f 2738/2752/2421 2739/2753/2422 2734/2748/2418 2733/2747/2417
f 2739/2753/2422 2740/2754/2423 2735/2749/2419 2734/2748/2418
f 2740/2754/2423 2741/2755/2424 2736/2750/2420 2735/2749/2419
f 2741/2755/2424 2742/74/52 2737/76/54 2736/2750/2420
f 121/2756/9 2743/2757/2425 2738/2752/2421 122/2751/9
f 2743/2757/2425 2744/2758/2426 2739/2753/2422 2738/2752/2421
f 2744/2758/2426 2745/2759/2427 2740/2754/2423 2739/2753/2422
f 2745/2759/2427 2746/2760/2428 2741/2755/2424 2740/2754/2423
f 2746/2760/2428 2747/72/50 2742/74/52 2741/2755/2424
f 120/2761/9 2748/2762/2429 2743/2757/2425 121/2756/9
f 2748/2762/2429 2749/2763/2430 2744/2758/2426 2743/2757/2425
f 2749/2763/2430 2750/2764/2431 2745/2759/2427 2744/2758/2426
f 2750/2764/2431 2751/2765/2432 2746/2760/2428 2745/2759/2427
f 2751/2765/2432 2752/70/48 2747/72/50 2746/2760/2428
f 119/2766/9 2753/2767/2433 2748/2762/2429 120/2761/9
f 2753/2767/2433 2754/2768/2434 2749/2763/2430 2748/2762/2429
f 2754/2768/2434 2755/2769/2435 2750/2764/2431 2749/2763/2430
f 2755/2769/2435 2756/2770/2436 2751/2765/2432 2750/2764/2431
f 2756/2770/2436 2757/68/46 2752/70/48 2751/2765/2432
f 118/2771/9 2758/2772/2437 2753/2767/2433 119/2766/9
f 2758/2772/2437 2759/2773/2438 2754/2768/2434 2753/2767/2433
f 2759/2773/2438 2760/2774/2439 2755/2769/2435 2754/2768/2434
f 2760/2774/2439 2761/2775/2440 2756/2770/2436 2755/2769/2435
f 2761/2775/2440 2762/66/44 2757/68/46 2756/2770/2436
f 117/2776/9 2763/2777/2441 2758/2772/2437 118/2771/9
f 2763/2777/2441 2764/2778/2442 2759/2773/2438 2758/2772/2437
f 2764/2778/2442 2765/2779/2443 2760/2774/2439 2759/2773/2438
f 2765/2779/2443 2766/2780/2444 2761/2775/2440 2760/2774/2439
f 2766/2780/2444 2767/64/42 2762/66/44 2761/2775/2440
f 116/2781/9 2768/2782/2445 2763/2777/2441 117/2776/9
f 2768/2782/2445 2769/2783/2446 2764/2778/2442 2763/2777/2441
f 2769/2783/2446 2770/2784/2447 2765/2779/2443 2764/2778/2442
f 2770/2784/2447 2771/2785/2448 2766/2780/2444 2765/2779/2443
f 2771/2785/2448 2772/62/40 2767/64/42 2766/2780/2444
f 115/2786/9 2773/2787/9 2768/2782/2445 116/2781/9
f 2773/2787/9 2774/2788/9 2769/2783/2446 2768/2782/2445
f 2774/2788/9 2775/2789/2449 2770/2784/2447 2769/2783/2446
f 2775/2789/2449 2776/2790/2450 2771/2785/2448 2770/2784/2447
f 2776/2790/2450 2777/60/38 2772/62/40 2771/2785/2448
f 114/2791/9 2778/2792/9 2773/2787/9 115/2786/9
f 2778/2792/9 2779/2793/9 2774/2788/9 2773/2787/9
f 2779/2793/9 2780/2794/9 2775/2789/2449 2774/2788/9
f 2780/2794/9 2781/2795/9 2776/2790/2450 2775/2789/2449
f 2781/2795/9 2782/58/9 2777/60/38 2776/2790/2450
f 113/2796/9 2783/2797/9 2778/2792/9 114/2791/9
f 2783/2797/9 2784/2798/9 2779/2793/9 2778/2792/9
f 2784/2798/9 2785/2799/9 2780/2794/9 2779/2793/9
f 2785/2799/9 2786/2800/9 2781/2795/9 2780/2794/9
f 2786/2800/9 2787/56/36 2782/58/9 2781/2795/9
f 112/2801/9 2788/2802/9 2783/2797/9 113/2796/9
f 2788/2802/9 2789/2803/9 2784/2798/9 2783/2797/9
f 2789/2803/9 2790/2804/9 2785/2799/9 2784/2798/9
f 2790/2804/9 2791/2805/2451 2786/2800/9 2785/2799/9
f 2791/2805/2451 2792/54/34 2787/56/36 2786/2800/9
f 111/2806/9 2793/2807/9 2788/2802/9 112/2801/9
f 2793/2807/9 2794/2808/9 2789/2803/9 2788/2802/9
f 2794/2808/9 2795/2809/9 2790/2804/9 2789/2803/9
f 2795/2809/9 2796/2810/2452 2791/2805/2451 2790/2804/9
f 2796/2810/2452 2797/52/32 2792/54/34 2791/2805/2451
f 110/2811/9 2798/2812/9 2793/2807/9 111/2806/9
f 2798/2812/9 2799/2813/9 2794/2808/9 2793/2807/9
f 2799/2813/9 2800/2814/9 2795/2809/9 2794/2808/9
f 2800/2814/9 2801/2815/2453 2796/2810/2452 2795/2809/9
f 2801/2815/2453 2802/50/30 2797/52/32 2796/2810/2452
f 109/2816/9 2803/2817/9 2798/2812/9 110/2811/9
f 2803/2817/9 2804/2818/9 2799/2813/9 2798/2812/9
f 2804/2818/9 2805/2819/9 2800/2814/9 2799/2813/9
f 2805/2819/9 2806/2820/2454 2801/2815/2453 2800/2814/9
f 2806/2820/2454 2807/48/28 2802/50/30 2801/2815/2453
f 108/2821/9 2808/2822/9 2803/2817/9 109/2816/9
f 2808/2822/9 2809/2823/9 2804/2818/9 2803/2817/9
f 2809/2823/9 2810/2824/9 2805/2819/9 2804/2818/9
f 2810/2824/9 2811/2825/2455 2806/2820/2454 2805/2819/9
f 2811/2825/2455 2812/46/26 2807/48/28 2806/2820/2454
f 107/2826/9 2813/2827/9 2808/2822/9 108/2821/9
f 2813/2827/9 2814/2828/9 2809/2823/9 2808/2822/9
f 2814/2828/9 2815/2829/9 2810/2824/9 2809/2823/9
f 2815/2829/9 2816/2830/2456 2811/2825/2455 2810/2824/9
f 2816/2830/2456 2817/44/24 2812/46/26 2811/2825/2455
f 106/2831/9 2818/2832/9 2813/2827/9 107/2826/9
f 2818/2832/9 2819/2833/9 2814/2828/9 2813/2827/9
f 2819/2833/9 2820/2834/9 2815/2829/9 2814/2828/9
f 2820/2834/9 2821/2835/2457 2816/2830/2456 2815/2829/9
f 2821/2835/2457 2822/42/22 2817/44/24 2816/2830/2456
f 105/2836/9 2823/2837/9 2818/2832/9 106/2831/9
f 2823/2837/9 2824/2838/9 2819/2833/9 2818/2832/9
f 2824/2838/9 2825/2839/9 2820/2834/9 2819/2833/9
f 2825/2839/9 2826/2840/9 2821/2835/2457 2820/2834/9
f 2826/2840/9 2827/40/20 2822/42/22 2821/2835/2457
f 104/2841/9 2828/2842/9 2823/2837/9 105/2836/9
f 2828/2842/9 2829/2843/9 2824/2838/9 2823/2837/9
f 2829/2843/9 2830/2844/9 2825/2839/9 2824/2838/9
f 2830/2844/9 2831/2845/9 2826/2840/9 2825/2839/9
f 2831/2845/9 2832/38/9 2827/40/20 2826/2840/9
f 103/2846/9 2833/2847/9 2828/2842/9 104/2841/9
f 2833/2847/9 2834/2848/9 2829/2843/9 2828/2842/9
f 2834/2848/9 2835/2849/9 2830/2844/9 2829/2843/9
f 2835/2849/9 2836/2850/9 2831/2845/9 2830/2844/9
f 2836/2850/9 2837/36/9 2832/38/9 2831/2845/9
f 102/2851/9 2838/2852/9 2833/2847/9 103/2846/9
f 2838/2852/9 2839/2853/9 2834/2848/9 2833/2847/9
f 2839/2853/9 2840/2854/9 2835/2849/9 2834/2848/9
f 2840/2854/9 2841/2855/9 2836/2850/9 2835/2849/9
f 2841/2855/9 2842/34/9 2837/36/9 2836/2850/9
f 101/2856/9 2843/2857/9 2838/2852/9 102/2851/9
f 2843/2857/9 2844/2858/9 2839/2853/9 2838/2852/9
f 2844/2858/9 2845/2859/9 2840/2854/9 2839/2853/9
f 2845/2859/9 2846/2860/9 2841/2855/9 2840/2854/9
f 2846/2860/9 2847/32/9 2842/34/9 2841/2855/9
f 100/2521/9 2512/2520/9 2843/2857/9 101/2856/9
f 2512/2520/9 2511/2523/9 2844/2858/9 2843/2857/9
f 2511/2523/9 2510/2524/9 2845/2859/9 2844/2858/9
f 2510/2524/9 2509/2525/9 2846/2860/9 2845/2859/9
f 2509/2525/9 2508/29/9 2847/32/9 2846/2860/9
f 167/2529/9 2513/2528/2275 2503/2861/2458 168/2862/9
f 2513/2528/2275 2514/2531/2277 2504/2863/2459 2503/2861/2458
f 2514/2531/2277 2515/2533/2279 2505/2864/2460 2504/2863/2459
f 2515/2533/2279 2516/2535/2281 2506/2865/2461 2505/2864/2460
f 2516/2535/2281 2517/23/11 2507/13/2 2506/2865/2461
f 168/2862/9 2503/2861/2458 2498/2866/9 99/2867/9
f 2503/2861/2458 2504/2863/2459 2499/2868/2462 2498/2866/9
f 2504/2863/2459 2505/2864/2460 2500/307/183 2499/2868/2462
f 2505/2864/2460 2506/2865/2461 2501/308/184 2500/307/183
f 2506/2865/2461 2507/13/2 2502/16/5 2501/308/184
f 293/2869/9 2977/2870/9 2982/2871/9 268/2872/9
f 2977/2870/9 2976/2873/2463 2981/2874/9 2982/2871/9
f 2976/2873/2463 2975/2875/2464 2980/2876/2465 2981/2874/9
f 2975/2875/2464 2974/2877/2466 2979/18/7 2980/2876/2465
f 2974/2877/2466 2973/2233/2034 2978/2234/2035 2979/18/7
f 292/2878/9 2972/2879/9 2977/2870/9 293/2869/9
f 2972/2879/9 2971/2880/2467 2976/2873/2463 2977/2870/9
f 2971/2880/2467 2970/2881/2468 2975/2875/2464 2976/2873/2463
f 2970/2881/2468 2969/2882/2469 2974/2877/2466 2975/2875/2464
f 2969/2882/2469 2968/2232/2033 2973/2233/2034 2974/2877/2466
f 291/2883/9 2967/2884/9 2972/2879/9 292/2878/9
f 2967/2884/9 2966/2885/2470 2971/2880/2467 2972/2879/9
f 2966/2885/2470 2965/2886/2471 2970/2881/2468 2971/2880/2467
f 2965/2886/2471 2964/2887/2472 2969/2882/2469 2970/2881/2468
f 2964/2887/2472 2963/2231/2032 2968/2232/2033 2969/2882/2469
f 290/2888/9 2962/2889/9 2967/2884/9 291/2883/9
f 2962/2889/9 2961/2890/2473 2966/2885/2470 2967/2884/9
f 2961/2890/2473 2960/2891/2474 2965/2886/2471 2966/2885/2470
f 2960/2891/2474 2959/2892/2475 2964/2887/2472 2965/2886/2471
f 2959/2892/2475 2958/2230/2031 2963/2231/2032 2964/2887/2472
f 289/2893/9 2957/2894/2476 2962/2889/9 290/2888/9
f 2957/2894/2476 2956/2895/2477 2961/2890/2473 2962/2889/9
f 2956/2895/2477 2955/2896/2478 2960/2891/2474 2961/2890/2473
f 2955/2896/2478 2954/2897/2479 2959/2892/2475 2960/2891/2474
f 2954/2897/2479 2953/2229/2030 2958/2230/2031 2959/2892/2475
f 288/2898/9 2952/2899/2480 2957/2894/2476 289/2893/9
f 2952/2899/2480 2951/2900/2481 2956/2895/2477 2957/2894/2476
f 2951/2900/2481 2950/2901/2482 2955/2896/2478 2956/2895/2477
f 2950/2901/2482 2949/2902/2483 2954/2897/2479 2955/2896/2478
f 2949/2902/2483 2948/2228/2029 2953/2229/2030 2954/2897/2479
f 287/2903/9 2947/2904/2484 2952/2899/2480 288/2898/9
f 2947/2904/2484 2946/2905/2485 2951/2900/2481 2952/2899/2480
f 2946/2905/2485 2945/2906/2486 2950/2901/2482 2951/2900/2481
f 2945/2906/2486 2944/2907/2487 2949/2902/2483 2950/2901/2482
f 2944/2907/2487 2943/2227/2028 2948/2228/2029 2949/2902/2483
f 286/2908/9 2942/2909/2488 2947/2904/2484 287/2903/9
f 2942/2909/2488 2941/2910/2489 2946/2905/2485 2947/2904/2484
f 2941/2910/2489 2940/2911/2490 2945/2906/2486 2946/2905/2485
f 2940/2911/2490 2939/2912/2491 2944/2907/2487 2945/2906/2486
f 2939/2912/2491 2938/2226/2027 2943/2227/2028 2944/2907/2487
f 285/2913/9 2937/2914/2492 2942/2909/2488 286/2908/9
f 2937/2914/2492 2936/2915/2493 2941/2910/2489 2942/2909/2488
f 2936/2915/2493 2935/2916/2494 2940/2911/2490 2941/2910/2489
f 2935/2916/2494 2934/2917/2495 2939/2912/2491 2940/2911/2490
f 2934/2917/2495 2933/2225/2026 2938/2226/2027 2939/2912/2491
f 284/2918/9 2932/2919/2496 2937/2914/2492 285/2913/9
f 2932/2919/2496 2931/2920/2497 2936/2915/2493 2937/2914/2492
f 2931/2920/2497 2930/2921/2498 2935/2916/2494 2936/2915/2493
f 2930/2921/2498 2929/2922/2499 2934/2917/2495 2935/2916/2494
f 2929/2922/2499 2928/2224/2025 2933/2225/2026 2934/2917/2495
f 283/2923/9 2927/2924/2500 2932/2919/2496 284/2918/9
f 2927/2924/2500 2926/2925/2501 2931/2920/2497 2932/2919/2496
f 2926/2925/2501 2925/2926/2502 2930/2921/2498 2931/2920/2497
f 2925/2926/2502 2924/2927/2503 2929/2922/2499 2930/2921/2498
f 2924/2927/2503 2923/2223/2024 2928/2224/2025 2929/2922/2499
f 282/2928/9 2922/2929/2504 2927/2924/2500 283/2923/9
f 2922/2929/2504 2921/2930/2505 2926/2925/2501 2927/2924/2500
f 2921/2930/2505 2920/2931/2506 2925/2926/2502 2926/2925/2501
f 2920/2931/2506 2919/2932/2507 2924/2927/2503 2925/2926/2502
f 2919/2932/2507 2918/2222/2023 2923/2223/2024 2924/2927/2503
f 281/2933/9 2917/2934/2508 2922/2929/2504 282/2928/9
f 2917/2934/2508 2916/2935/2509 2921/2930/2505 2922/2929/2504
f 2916/2935/2509 2915/2936/2510 2920/2931/2506 2921/2930/2505
f 2915/2936/2510 2914/2937/2511 2919/2932/2507 2920/2931/2506
f 2914/2937/2511 2913/2221/2022 2918/2222/2023 2919/2932/2507
f 280/2938/9 2912/2939/2512 2917/2934/2508 281/2933/9
f 2912/2939/2512 2911/2940/2513 2916/2935/2509 2917/2934/2508
f 2911/2940/2513 2910/2941/2514 2915/2936/2510 2916/2935/2509
f 2910/2941/2514 2909/2942/2515 2914/2937/2511 2915/2936/2510
f 2909/2942/2515 2908/2220/2021 2913/2221/2022 2914/2937/2511
f 279/2943/9 2907/2944/2516 2912/2939/2512 280/2938/9
f 2907/2944/2516 2906/2945/2517 2911/2940/2513 2912/2939/2512
f 2906/2945/2517 2905/2946/2518 2910/2941/2514 2911/2940/2513
f 2905/2946/2518 2904/2947/2519 2909/2942/2515 2910/2941/2514
f 2904/2947/2519 2903/2219/2020 2908/2220/2021 2909/2942/2515
f 278/2948/9 2902/2949/2520 2907/2944/2516 279/2943/9
f 2902/2949/2520 2901/2950/2521 2906/2945/2517 2907/2944/2516
f 2901/2950/2521 2900/2951/2522 2905/2946/2518 2906/2945/2517
f 2900/2951/2522 2899/2952/2523 2904/2947/2519 2905/2946/2518
f 2899/2952/2523 2898/2218/2019 2903/2219/2020 2904/2947/2519
f 277/2953/9 2897/2954/2524 2902/2949/2520 278/2948/9
f 2897/2954/2524 2896/2955/2525 2901/2950/2521 2902/2949/2520
f 2896/2955/2525 2895/2956/2526 2900/2951/2522 2901/2950/2521
f 2895/2956/2526 2894/2957/2527 2899/2952/2523 2900/2951/2522
f 2894/2957/2527 2893/2217/2018 2898/2218/2019 2899/2952/2523
f 276/2958/9 2892/2959/2528 2897/2954/2524 277/2953/9
f 2892/2959/2528 2891/2960/2529 2896/2955/2525 2897/2954/2524
f 2891/2960/2529 2890/2961/2530 2895/2956/2526 2896/2955/2525
f 2890/2961/2530 2889/2962/2531 2894/2957/2527 2895/2956/2526
f 2889/2962/2531 2888/2216/2017 2893/2217/2018 2894/2957/2527
f 275/2963/9 2887/2964/2532 2892/2959/2528 276/2958/9
f 2887/2964/2532 2886/2965/2533 2891/2960/2529 2892/2959/2528
f 2886/2965/2533 2885/2966/2534 2890/2961/2530 2891/2960/2529
f 2885/2966/2534 2884/2967/2535 2889/2962/2531 2890/2961/2530
f 2884/2967/2535 2883/2215/2016 2888/2216/2017 2889/2962/2531
f 274/2968/9 2882/2969/2536 2887/2964/2532 275/2963/9
f 2882/2969/2536 2881/2970/2537 2886/2965/2533 2887/2964/2532
f 2881/2970/2537 2880/2971/2538 2885/2966/2534 2886/2965/2533
f 2880/2971/2538 2879/2972/2539 2884/2967/2535 2885/2966/2534
f 2879/2972/2539 2878/2214/2015 2883/2215/2016 2884/2967/2535
f 273/2973/9 2877/2974/2540 2882/2969/2536 274/2968/9
f 2877/2974/2540 2876/2975/2541 2881/2970/2537 2882/2969/2536
f 2876/2975/2541 2875/2976/2542 2880/2971/2538 2881/2970/2537
f 2875/2976/2542 2874/2977/2543 2879/2972/2539 2880/2971/2538
f 2874/2977/2543 2873/2213/2014 2878/2214/2015 2879/2972/2539
f 272/2978/9 2872/2979/2544 2877/2974/2540 273/2973/9
f 2872/2979/2544 2871/2980/2545 2876/2975/2541 2877/2974/2540
f 2871/2980/2545 2870/2981/2546 2875/2976/2542 2876/2975/2541
f 2870/2981/2546 2869/2982/2547 2874/2977/2543 2875/2976/2542
f 2869/2982/2547 2868/2212/2013 2873/2213/2014 2874/2977/2543
f 271/2983/9 2867/2984/2548 2872/2979/2544 272/2978/9
f 2867/2984/2548 2866/2985/2549 2871/2980/2545 2872/2979/2544
f 2866/2985/2549 2865/2986/2550 2870/2981/2546 2871/2980/2545
f 2865/2986/2550 2864/2987/2551 2869/2982/2547 2870/2981/2546
f 2864/2987/2551 2863/2211/2012 2868/2212/2013 2869/2982/2547
f 270/2988/9 2862/2989/2552 2867/2984/2548 271/2983/9
f 2862/2989/2552 2861/2990/2553 2866/2985/2549 2867/2984/2548
f 2861/2990/2553 2860/2991/2554 2865/2986/2550 2866/2985/2549
f 2860/2991/2554 2859/2992/2555 2864/2987/2551 2865/2986/2550
f 2859/2992/2555 2858/2210/2011 2863/2211/2012 2864/2987/2551
f 269/2993/9 2857/2994/2556 2862/2989/2552 270/2988/9
f 2857/2994/2556 2856/2995/2557 2861/2990/2553 2862/2989/2552
f 2856/2995/2557 2855/2996/2558 2860/2991/2554 2861/2990/2553
f 2855/2996/2558 2854/2997/2559 2859/2992/2555 2860/2991/2554
f 2854/2997/2559 2853/2209/2010 2858/2210/2011 2859/2992/2555
f 267/2998/9 2848/2999/9 2857/2994/2556 269/2993/9
f 2848/2999/9 2849/3000/2560 2856/2995/2557 2857/2994/2556
f 2849/3000/2560 2850/3001/2561 2855/2996/2558 2856/2995/2557
f 2850/3001/2561 2851/309/185 2854/2997/2559 2855/2996/2558
f 2851/309/185 2852/2208/2009 2853/2209/2010 2854/2997/2559
f 347/358/224 3112/3002/2562 3117/3003/2563 322/360/226
f 3112/3002/2562 3111/3004/2564 3116/21/10 3117/3003/2563
f 3111/3004/2564 3110/3005/9 3115/22/9 3116/21/10
f 3110/3005/9 3109/3006/9 3114/3007/9 3115/22/9
f 3109/3006/9 3108/2205/9 3113/2207/9 3114/3007/9
f 346/356/222 3107/3008/2565 3112/3002/2562 347/358/224
f 3107/3008/2565 3106/3009/2566 3111/3004/2564 3112/3002/2562
f 3106/3009/2566 3105/3010/2567 3110/3005/9 3111/3004/2564
f 3105/3010/2567 3104/3011/9 3109/3006/9 3110/3005/9
f 3104/3011/9 3103/2203/9 3108/2205/9 3109/3006/9
f 345/354/220 3102/3012/2568 3107/3008/2565 346/356/222
f 3102/3012/2568 3101/3013/2569 3106/3009/2566 3107/3008/2565
f 3101/3013/2569 3100/3014/2570 3105/3010/2567 3106/3009/2566
f 3100/3014/2570 3099/3015/9 3104/3011/9 3105/3010/2567
f 3099/3015/9 3098/2201/9 3103/2203/9 3104/3011/9
f 344/352/218 3097/3016/2571 3102/3012/2568 345/354/220
f 3097/3016/2571 3096/3017/2572 3101/3013/2569 3102/3012/2568
f 3096/3017/2572 3095/3018/2573 3100/3014/2570 3101/3013/2569
f 3095/3018/2573 3094/3019/9 3099/3015/9 3100/3014/2570
f 3094/3019/9 3093/2199/9 3098/2201/9 3099/3015/9
f 343/350/216 3092/3020/2574 3097/3016/2571 344/352/218
f 3092/3020/2574 3091/3021/2575 3096/3017/2572 3097/3016/2571
f 3091/3021/2575 3090/3022/2576 3095/3018/2573 3096/3017/2572
f 3090/3022/2576 3089/3023/9 3094/3019/9 3095/3018/2573
f 3089/3023/9 3088/2197/9 3093/2199/9 3094/3019/9
f 342/348/214 3087/3024/2577 3092/3020/2574 343/350/216
f 3087/3024/2577 3086/3025/2578 3091/3021/2575 3092/3020/2574
f 3086/3025/2578 3085/3026/2579 3090/3022/2576 3091/3021/2575
f 3085/3026/2579 3084/3027/9 3089/3023/9 3090/3022/2576
f 3084/3027/9 3083/2195/9 3088/2197/9 3089/3023/9
f 341/346/212 3082/3028/2580 3087/3024/2577 342/348/214
f 3082/3028/2580 3081/3029/2581 3086/3025/2578 3087/3024/2577
f 3081/3029/2581 3080/3030/2582 3085/3026/2579 3086/3025/2578
f 3080/3030/2582 3079/3031/9 3084/3027/9 3085/3026/2579
f 3079/3031/9 3078/2193/9 3083/2195/9 3084/3027/9
f 340/344/210 3077/3032/2583 3082/3028/2580 341/346/212
f 3077/3032/2583 3076/3033/2584 3081/3029/2581 3082/3028/2580
f 3076/3033/2584 3075/3034/2585 3080/3030/2582 3081/3029/2581
f 3075/3034/2585 3074/3035/9 3079/3031/9 3080/3030/2582
f 3074/3035/9 3073/2191/9 3078/2193/9 3079/3031/9
f 339/342/208 3072/3036/2586 3077/3032/2583 340/344/210
f 3072/3036/2586 3071/3037/2587 3076/3033/2584 3077/3032/2583
f 3071/3037/2587 3070/3038/2588 3075/3034/2585 3076/3033/2584
f 3070/3038/2588 3069/3039/9 3074/3035/9 3075/3034/2585
f 3069/3039/9 3068/2189/9 3073/2191/9 3074/3035/9
f 338/340/206 3067/3040/2589 3072/3036/2586 339/342/208
f 3067/3040/2589 3066/3041/2590 3071/3037/2587 3072/3036/2586
f 3066/3041/2590 3065/3042/2591 3070/3038/2588 3071/3037/2587
f 3065/3042/2591 3064/3043/2592 3069/3039/9 3070/3038/2588
f 3064/3043/2592 3063/2187/9 3068/2189/9 3069/3039/9
f 337/338/204 3062/3044/2593 3067/3040/2589 338/340/206
f 3062/3044/2593 3061/3045/2594 3066/3041/2590 3067/3040/2589
f 3061/3045/2594 3060/3046/2595 3065/3042/2591 3066/3041/2590
f 3060/3046/2595 3059/3047/2596 3064/3043/2592 3065/3042/2591
f 3059/3047/2596 3058/2185/9 3063/2187/9 3064/3043/2592
f 336/336/202 3057/3048/2597 3062/3044/2593 337/338/204
f 3057/3048/2597 3056/3049/2598 3061/3045/2594 3062/3044/2593
f 3056/3049/2598 3055/3050/2599 3060/3046/2595 3061/3045/2594
f 3055/3050/2599 3054/3051/2600 3059/3047/2596 3060/3046/2595
f 3054/3051/2600 3053/2183/9 3058/2185/9 3059/3047/2596
f 335/334/200 3052/3052/2601 3057/3048/2597 336/336/202
f 3052/3052/2601 3051/3053/2602 3056/3049/2598 3057/3048/2597
f 3051/3053/2602 3050/3054/2603 3055/3050/2599 3056/3049/2598
f 3050/3054/2603 3049/3055/2604 3054/3051/2600 3055/3050/2599
f 3049/3055/2604 3048/2181/9 3053/2183/9 3054/3051/2600
f 334/332/198 3047/3056/2605 3052/3052/2601 335/334/200
f 3047/3056/2605 3046/3057/2606 3051/3053/2602 3052/3052/2601
f 3046/3057/2606 3045/3058/2607 3050/3054/2603 3051/3053/2602
f 3045/3058/2607 3044/3059/2608 3049/3055/2604 3050/3054/2603
f 3044/3059/2608 3043/2179/9 3048/2181/9 3049/3055/2604
f 333/330/196 3042/3060/2609 3047/3056/2605 334/332/198
f 3042/3060/2609 3041/3061/2610 3046/3057/2606 3047/3056/2605
f 3041/3061/2610 3040/3062/2611 3045/3058/2607 3046/3057/2606
f 3040/3062/2611 3039/3063/2612 3044/3059/2608 3045/3058/2607
f 3039/3063/2612 3038/2177/9 3043/2179/9 3044/3059/2608
f 332/328/194 3037/3064/2613 3042/3060/2609 333/330/196
f 3037/3064/2613 3036/3065/2614 3041/3061/2610 3042/3060/2609
f 3036/3065/2614 3035/3066/2615 3040/3062/2611 3041/3061/2610
f 3035/3066/2615 3034/3067/2616 3039/3063/2612 3040/3062/2611
f 3034/3067/2616 3033/2175/9 3038/2177/9 3039/3063/2612
f 331/326/192 3032/3068/2617 3037/3064/2613 332/328/194
f 3032/3068/2617 3031/3069/2618 3036/3065/2614 3037/3064/2613
f 3031/3069/2618 3030/3070/2619 3035/3066/2615 3036/3065/2614
f 3030/3070/2619 3029/3071/2620 3034/3067/2616 3035/3066/2615
f 3029/3071/2620 3028/2173/9 3033/2175/9 3034/3067/2616
f 330/324/190 3027/3072/2621 3032/3068/2617 331/326/192
f 3027/3072/2621 3026/3073/2622 3031/3069/2618 3032/3068/2617
f 3026/3073/2622 3025/3074/2623 3030/3070/2619 3031/3069/2618
f 3025/3074/2623 3024/3075/2624 3029/3071/2620 3030/3070/2619
f 3024/3075/2624 3023/2171/9 3028/2173/9 3029/3071/2620
f 329/322/188 3022/3076/2625 3027/3072/2621 330/324/190
f 3022/3076/2625 3021/3077/2626 3026/3073/2622 3027/3072/2621
f 3021/3077/2626 3020/3078/2627 3025/3074/2623 3026/3073/2622
f 3020/3078/2627 3019/3079/2628 3024/3075/2624 3025/3074/2623
f 3019/3079/2628 3018/2169/9 3023/2171/9 3024/3075/2624
f 328/320/9 3017/3080/9 3022/3076/2625 329/322/188
f 3017/3080/9 3016/3081/9 3021/3077/2626 3022/3076/2625
f 3016/3081/9 3015/3082/9 3020/3078/2627 3021/3077/2626
f 3015/3082/9 3014/3083/9 3019/3079/2628 3020/3078/2627
f 3014/3083/9 3013/2167/9 3018/2169/9 3019/3079/2628
f 327/318/9 3012/3084/9 3017/3080/9 328/320/9
f 3012/3084/9 3011/3085/9 3016/3081/9 3017/3080/9
f 3011/3085/9 3010/3086/9 3015/3082/9 3016/3081/9
f 3010/3086/9 3009/3087/9 3014/3083/9 3015/3082/9
f 3009/3087/9 3008/2165/9 3013/2167/9 3014/3083/9
f 326/316/9 3007/3088/9 3012/3084/9 327/318/9
f 3007/3088/9 3006/3089/9 3011/3085/9 3012/3084/9
f 3006/3089/9 3005/3090/9 3010/3086/9 3011/3085/9
f 3005/3090/9 3004/3091/9 3009/3087/9 3010/3086/9
f 3004/3091/9 3003/2163/9 3008/2165/9 3009/3087/9
f 325/314/9 3002/3092/9 3007/3088/9 326/316/9
f 3002/3092/9 3001/3093/9 3006/3089/9 3007/3088/9
f 3001/3093/9 3000/3094/9 3005/3090/9 3006/3089/9
f 3000/3094/9 2999/3095/9 3004/3091/9 3005/3090/9
f 2999/3095/9 2998/2161/9 3003/2163/9 3004/3091/9
f 324/312/9 2997/3096/9 3002/3092/9 325/314/9
f 2997/3096/9 2996/3097/9 3001/3093/9 3002/3092/9
f 2996/3097/9 2995/3098/9 3000/3094/9 3001/3093/9
f 2995/3098/9 2994/3099/9 2999/3095/9 3000/3094/9
f 2994/3099/9 2993/2159/9 2998/2161/9 2999/3095/9
f 323/310/9 2992/3100/9 2997/3096/9 324/312/9
f 2992/3100/9 2991/3101/9 2996/3097/9 2997/3096/9
f 2991/3101/9 2990/3102/9 2995/3098/9 2996/3097/9
f 2990/3102/9 2989/3103/9 2994/3099/9 2995/3098/9
f 2989/3103/9 2988/2157/9 2993/2159/9 2994/3099/9
f 321/164/9 2983/3104/9 2992/3100/9 323/310/9
f 2983/3104/9 2984/2236/9 2991/3101/9 2992/3100/9
f 2984/2236/9 2985/3105/9 2990/3102/9 2991/3101/9
f 2985/3105/9 2986/3106/9 2989/3103/9 2990/3102/9
f 2986/3106/9 2987/2154/9 2988/2157/9 2989/3103/9
f 24/3107/9 268/2872/9 2982/2871/9
f 24/3107/9 2982/2871/9 23/3108/9
f 2982/2871/9 2981/2874/9 23/3108/9
f 22/3109/9 23/3108/9 2981/2874/9
f 19/3110/9 21/3111/9 232/17/6
f 21/3111/9 22/3109/9 2980/2876/2465
f 2979/18/7 21/3111/9 2980/2876/2465
f 27/305/9 20/3112/9 230/306/9
f 20/3112/9 19/3110/9 231/2241/2039
f 230/306/9 20/3112/9 231/2241/2039
f 21/3111/9 2979/18/7 232/17/6
f 2981/2874/9 2980/2876/2465 22/3109/9
f 231/2241/2039 19/3110/9 232/17/6
f 2979/18/7 2978/2234/2035 233/19/8
f 2978/2234/2035 294/28/16 234/27/15
f 2978/2234/2035 234/27/15 233/19/8
f 1/3113/9 28/166/9 239/165/9
f 1/3113/9 239/165/9 238/2517/9
f 3/20/9 2/3114/9 237/2516/9
f 2/3114/9 1/3113/9 238/2517/9
f 3/20/9 237/2516/9 3116/21/10
f 5/3115/9 4/3116/9 3114/3007/9
f 4/3116/9 3/20/9 3115/22/9
f 3114/3007/9 4/3116/9 3115/22/9
f 240/2206/9 6/3117/9 3113/2207/9
f 6/3117/9 5/3115/9 3113/2207/9
f 238/2517/9 237/2516/9 2/3114/9
f 237/2516/9 236/2515/9 3116/21/10
f 3113/2207/9 5/3115/9 3114/3007/9
f 236/2515/9 235/2514/2273 3117/3003/2563
f 235/2514/2273 322/360/226 3117/3003/2563
f 3117/3003/2563 3116/21/10 236/2515/9
f 267/2998/9 14/3118/9 2848/2999/9
f 14/3118/9 13/3119/9 2848/2999/9
f 13/3119/9 15/3120/9 2849/3000/2560
f 15/3120/9 16/3121/9 2850/3001/2561
f 2851/309/185 16/3121/9 2500/307/183
f 16/3121/9 17/3122/9 2500/307/183
f 17/3122/9 18/3123/9 2499/2868/2462
f 18/3123/9 99/2867/9 2498/2866/9
f 18/3123/9 2498/2866/9 2499/2868/2462
f 16/3121/9 2851/309/185 2850/3001/2561
f 17/3122/9 2499/2868/2462 2500/307/183
f 2849/3000/2560 2848/2999/9 13/3119/9
f 2850/3001/2561 2849/3000/2560 15/3120/9
f 295/15/4 2852/2208/2009 2502/16/5
f 2852/2208/2009 2851/309/185 2501/308/184
f 2502/16/5 2852/2208/2009 2501/308/184
f 12/3124/9 241/2155/9 2987/2154/9
f 12/3124/9 2987/2154/9 11/3125/9
f 2987/2154/9 2986/3106/9 11/3125/9
f 10/3126/9 11/3125/9 2986/3106/9
f 7/3127/9 9/3128/9 2495/2235/9
f 9/3128/9 10/3126/9 2985/3105/9
f 2984/2236/9 9/3128/9 2985/3105/9
f 98/2518/9 8/3129/9 2497/2519/9
f 8/3129/9 7/3127/9 2496/2522/9
f 2497/2519/9 8/3129/9 2496/2522/9
f 9/3128/9 2984/2236/9 2495/2235/9
f 2986/3106/9 2985/3105/9 10/3126/9
f 2496/2522/9 7/3127/9 2495/2235/9
f 2984/2236/9 2983/3104/9 2494/2237/9
f 2983/3104/9 321/164/9 2493/163/9
f 2983/3104/9 2493/163/9 2494/2237/9
