# Blender v3.6.0 OBJ File: 'AllModels.blend'
# www.blender.org
mtllib Prop_Planet_Ringed.mtl
o Prop_Planet_Ringed_Sphere.001
v 0.000000 99.518471 -9.801730
v 0.000000 98.078522 -19.509048
v 0.000000 95.694031 -29.028482
v 0.000000 88.192116 -47.139690
v 0.000000 47.139660 -88.192131
v 0.000000 38.268330 -92.387955
v 0.000000 29.028452 -95.694046
v 0.000000 9.801698 -99.518471
v 0.000000 -0.000016 -100.000000
v 0.000000 -9.801730 -99.518471
v 0.000000 -29.028482 -95.694031
v 0.000000 -38.268360 -92.387939
v 0.000000 -47.139690 -88.192116
v 0.000000 -95.694046 -29.028452
v 0.000000 -99.518471 -9.801698
v 0.960736 99.518471 -9.754533
v 1.912220 98.078522 -19.415106
v 2.845287 95.694031 -28.888702
v 3.750954 92.387939 -38.084087
v 4.620496 88.192116 -46.912701
v 5.445541 83.146950 -55.289516
v 6.218142 77.301033 -63.133865
v 6.930859 70.710663 -70.370201
v 7.576827 63.439323 -76.928825
v 8.149827 55.557011 -82.746590
v 8.644340 47.139660 -87.767456
v 9.055603 38.268330 -91.943085
v 9.379656 29.028452 -95.233253
v 9.613377 19.509018 -97.606247
v 9.754517 9.801698 -99.039261
v 9.801714 -0.000016 -99.518471
v 9.754517 -9.801730 -99.039261
v 9.613377 -19.509048 -97.606247
v 9.379656 -29.028482 -95.233238
v 9.055603 -38.268360 -91.943069
v 8.644340 -47.139690 -87.767441
v 8.149827 -55.557041 -82.746574
v 7.576827 -63.439346 -76.928810
v 6.930859 -70.710693 -70.370171
v 6.218142 -77.301048 -63.133842
v 5.445541 -83.146965 -55.289486
v 4.620496 -88.192131 -46.912670
v 3.750954 -92.387955 -38.084057
v 2.845287 -95.694046 -28.888672
v 1.912220 -98.078522 -19.415075
v 0.960736 -99.518471 -9.754500
v 1.912219 99.518471 -9.613393
v 3.806023 98.078522 -19.134188
v 5.663173 95.694031 -28.470707
v 7.465784 92.387939 -37.533047
v 9.196494 88.192116 -46.233913
v 10.838637 83.146950 -54.489525
v 12.376399 77.301033 -62.220371
v 13.794969 70.710670 -69.352005
v 15.080685 63.439323 -75.815742
v 16.221167 55.557014 -81.549324
v 17.205429 47.139660 -86.497543
v 18.023994 38.268330 -90.612755
v 18.668982 29.028452 -93.855309
v 19.134171 19.509018 -96.193970
v 19.415091 9.801698 -97.606247
v 19.509033 -0.000016 -98.078522
v 19.415091 -9.801730 -97.606247
v 19.134171 -19.509048 -96.193970
v 18.668982 -29.028482 -93.855293
v 18.023994 -38.268360 -90.612740
v 17.205429 -47.139690 -86.497528
v 16.221167 -55.557037 -81.549309
v 15.080685 -63.439346 -75.815727
v 13.794969 -70.710686 -69.351974
v 12.376399 -77.301048 -62.220348
v 10.838637 -83.146965 -54.489494
v 9.196494 -88.192131 -46.233883
v 7.465784 -92.387955 -37.533016
v 5.663173 -95.694046 -28.470676
v 3.806023 -98.078522 -19.134157
v 1.912219 -99.518471 -9.613360
v 2.845287 99.518471 -9.379671
v 5.663173 98.078522 -18.668997
v 8.426518 95.694031 -27.778524
v 11.108714 92.387939 -36.620537
v 13.683926 88.192116 -45.109871
v 16.127352 83.146950 -53.164776
v 18.415466 77.301033 -60.707664
v 20.526228 70.710670 -67.665916
v 22.439306 63.439323 -73.972504
v 24.136290 55.557014 -79.566689
v 25.600821 47.139660 -84.394608
v 26.818806 38.268330 -88.409775
v 27.778513 29.028452 -91.573494
v 28.470692 19.509018 -93.855293
v 28.888687 9.801699 -95.233238
v 29.028469 -0.000016 -95.694031
v 28.888687 -9.801729 -95.233238
v 28.470692 -19.509048 -93.855293
v 27.778513 -29.028482 -91.573479
v 26.818806 -38.268360 -88.409760
v 25.600821 -47.139690 -84.394592
v 24.136290 -55.557037 -79.566673
v 22.439306 -63.439346 -73.972488
v 20.526228 -70.710686 -67.665886
v 18.415466 -77.301048 -60.707642
v 16.127352 -83.146965 -53.164745
v 13.683926 -88.192131 -45.109840
v 11.108714 -92.387955 -36.620506
v 8.426518 -95.694046 -27.778494
v 5.663173 -98.078522 -18.668966
v 2.845287 -99.518471 -9.379639
v 3.750953 99.518471 -9.055619
v 7.465784 98.078522 -18.024014
v 11.108713 95.694031 -26.818819
v 14.644662 92.387939 -35.355354
v 18.039574 88.192116 -43.551395
v 21.260754 83.146950 -51.328018
v 24.277180 77.301033 -58.610310
v 27.059805 70.710670 -65.328163
v 29.581827 63.439323 -71.416870
v 31.818966 55.557014 -76.817780
v 33.749664 47.139664 -81.478905
v 35.355339 38.268330 -85.355347
v 36.620522 29.028452 -88.409775
v 37.533028 19.509018 -90.612732
v 38.084068 9.801699 -91.943077
v 38.268345 -0.000015 -92.387947
v 38.084068 -9.801729 -91.943077
v 37.533028 -19.509048 -90.612732
v 36.620522 -29.028482 -88.409760
v 35.355339 -38.268360 -85.355331
v 33.749664 -47.139687 -81.478889
v 31.818966 -55.557037 -76.817764
v 29.581827 -63.439346 -71.416855
v 27.059805 -70.710686 -65.328133
v 24.277180 -77.301048 -58.610287
v 21.260754 -83.146965 -51.327988
v 18.039574 -88.192131 -43.551365
v 14.644662 -92.387955 -35.355324
v 11.108713 -95.694046 -26.818789
v 7.465784 -98.078522 -18.023983
v 3.750953 -99.518471 -9.055587
v 4.620495 99.518471 -8.644356
v 9.196494 98.078522 -17.205448
v 13.683924 95.694031 -25.600836
v 18.039572 92.387939 -33.749680
v 22.221489 88.192116 -41.573494
v 26.189402 83.146950 -48.996944
v 29.905092 77.301033 -55.948502
v 33.332783 70.710670 -62.361259
v 36.439457 63.439323 -68.173447
v 39.195206 55.557014 -73.329079
v 41.573479 47.139664 -77.778511
v 43.551380 38.268333 -81.478905
v 45.109856 29.028454 -84.394615
v 46.233894 19.509020 -86.497528
v 46.912682 9.801700 -87.767456
v 47.139675 -0.000014 -88.192123
v 46.912682 -9.801728 -87.767456
v 46.233894 -19.509047 -86.497528
v 45.109856 -29.028481 -84.394600
v 43.551380 -38.268356 -81.478889
v 41.573479 -47.139687 -77.778496
v 39.195206 -55.557037 -73.329063
v 36.439457 -63.439346 -68.173431
v 33.332783 -70.710686 -62.361237
v 29.905092 -77.301048 -55.948479
v 26.189402 -83.146965 -48.996914
v 22.221489 -88.192131 -41.573463
v 18.039572 -92.387955 -33.749649
v 13.683924 -95.694046 -25.600805
v 9.196494 -98.078522 -17.205418
v 4.620495 -99.518471 -8.644323
v 5.445540 99.518471 -8.149842
v 10.838637 98.078522 -16.221184
v 16.127352 95.694031 -24.136303
v 21.260752 92.387939 -31.818977
v 26.189402 88.192116 -39.195221
v 30.865833 83.146950 -46.194000
v 35.245003 77.301033 -52.747883
v 39.284748 70.710670 -58.793781
v 42.946156 63.439323 -64.273483
v 46.193977 55.557014 -69.134186
v 48.996918 47.139664 -73.329079
v 51.327999 38.268333 -76.817780
v 53.164757 29.028454 -79.566689
v 54.489506 19.509020 -81.549301
v 55.289501 9.801701 -82.746582
v 55.557026 -0.000014 -83.146957
v 55.289501 -9.801727 -82.746582
v 54.489506 -19.509047 -81.549301
v 53.164757 -29.028481 -79.566673
v 51.327999 -38.268356 -76.817764
v 48.996918 -47.139687 -73.329063
v 46.193977 -55.557037 -69.134171
v 42.946156 -63.439346 -64.273468
v 39.284748 -70.710686 -58.793758
v 35.245003 -77.301048 -52.747860
v 30.865833 -83.146965 -46.193970
v 26.189402 -88.192131 -39.195190
v 21.260752 -92.387955 -31.818947
v 16.127352 -95.694046 -24.136272
v 10.838637 -98.078522 -16.221153
v 5.445540 -99.518471 -8.149810
v 6.218141 99.518471 -7.576842
v 12.376399 98.078522 -15.080704
v 18.415464 95.694038 -22.439322
v 24.277180 92.387939 -29.581842
v 29.905096 88.192116 -36.439472
v 35.245007 83.146950 -42.946182
v 40.245483 77.301033 -49.039272
v 44.858379 70.710670 -54.660091
v 49.039261 63.439323 -59.754532
v 52.747875 55.557014 -64.273483
v 55.948490 47.139664 -68.173439
v 58.610298 38.268333 -71.416855
v 60.707653 29.028456 -73.972496
v 62.220352 19.509022 -75.815712
v 63.133846 9.801702 -76.928818
v 63.439327 -0.000013 -77.301041
v 63.133846 -9.801726 -76.928818
v 62.220352 -19.509045 -75.815712
v 60.707653 -29.028479 -73.972481
v 58.610298 -38.268356 -71.416840
v 55.948490 -47.139687 -68.173424
v 52.747875 -55.557037 -64.273468
v 49.039261 -63.439346 -59.754509
v 44.858379 -70.710686 -54.660069
v 40.245483 -77.301048 -49.039249
v 35.245007 -83.146965 -42.946152
v 29.905096 -88.192131 -36.439442
v 24.277180 -92.387955 -29.581812
v 18.415464 -95.694038 -22.439291
v 12.376399 -98.078522 -15.080671
v 6.218141 -99.518471 -7.576810
v 6.930857 99.518471 -6.930873
v 13.794969 98.078522 -13.794987
v 20.526226 95.694038 -20.526239
v 27.059805 92.387939 -27.059818
v 33.332787 88.192116 -33.332794
v 39.284752 83.146950 -39.284771
v 44.858379 77.301033 -44.858391
v 50.000000 70.710670 -50.000000
v 54.660095 63.439327 -54.660107
v 58.793785 55.557014 -58.793793
v 62.361248 47.139664 -62.361256
v 65.328148 38.268333 -65.328148
v 67.665901 29.028456 -67.665909
v 69.351982 19.509022 -69.351974
v 70.370186 9.801702 -70.370186
v 70.710678 -0.000012 -70.710670
v 70.370186 -9.801725 -70.370186
v 69.351982 -19.509045 -69.351974
v 67.665901 -29.028479 -67.665894
v 65.328148 -38.268356 -65.328133
v 62.361248 -47.139687 -62.361240
v 58.793785 -55.557037 -58.793777
v 54.660095 -63.439342 -54.660084
v 50.000000 -70.710686 -49.999977
v 44.858379 -77.301048 -44.858368
v 39.284752 -83.146965 -39.284740
v 33.332787 -88.192131 -33.332764
v 27.059805 -92.387955 -27.059788
v 20.526226 -95.694038 -20.526209
v 13.794969 -98.078522 -13.794954
v 6.930857 -99.518471 -6.930841
v 7.576826 99.518471 -6.218156
v 15.080686 98.078522 -12.376417
v 22.439308 95.694038 -18.415478
v 29.581827 92.387939 -24.277191
v 36.439465 88.192116 -29.905102
v 42.946167 83.146950 -35.245026
v 49.039261 77.301033 -40.245495
v 54.660095 70.710670 -44.858379
v 59.754517 63.439327 -49.039276
v 64.273468 55.557018 -52.747883
v 68.173431 47.139668 -55.948490
v 71.416847 38.268333 -58.610291
v 73.972488 29.028458 -60.707657
v 75.815720 19.509024 -62.220352
v 76.928818 9.801703 -63.133846
v 77.301041 -0.000010 -63.439323
v 76.928818 -9.801724 -63.133846
v 75.815720 -19.509043 -62.220345
v 73.972488 -29.028477 -60.707649
v 71.416847 -38.268356 -58.610275
v 68.173431 -47.139683 -55.948475
v 64.273468 -55.557034 -52.747868
v 59.754517 -63.439342 -49.039253
v 54.660095 -70.710686 -44.858356
v 49.039261 -77.301048 -40.245472
v 42.946167 -83.146965 -35.244995
v 36.439465 -88.192131 -29.905071
v 29.581827 -92.387955 -24.277161
v 22.439308 -95.694038 -18.415447
v 15.080686 -98.078522 -12.376385
v 7.576826 -99.518471 -6.218124
v 8.149826 99.518471 -5.445555
v 16.221167 98.078522 -10.838656
v 24.136288 95.694038 -16.127367
v 31.818958 92.387947 -21.260763
v 39.195206 88.192116 -26.189407
v 46.193981 83.146950 -30.865850
v 52.747871 77.301033 -35.245014
v 58.793785 70.710670 -39.284748
v 64.273468 63.439327 -42.946171
v 69.134171 55.557018 -46.193989
v 73.329071 47.139668 -48.996922
v 76.817772 38.268337 -51.327991
v 79.566681 29.028458 -53.164761
v 81.549301 19.509024 -54.489502
v 82.746590 9.801705 -55.289494
v 83.146957 -0.000009 -55.557014
v 82.746590 -9.801723 -55.289494
v 81.549301 -19.509043 -54.489494
v 79.566681 -29.028477 -53.164753
v 76.817772 -38.268353 -51.327976
v 73.329071 -47.139683 -48.996906
v 69.134171 -55.557034 -46.193974
v 64.273468 -63.439342 -42.946148
v 58.793785 -70.710686 -39.284725
v 52.747871 -77.301048 -35.244991
v 46.193981 -83.146965 -30.865824
v 39.195206 -88.192131 -26.189377
v 31.818958 -92.387947 -21.260733
v 24.136288 -95.694038 -16.127337
v 16.221167 -98.078522 -10.838624
v 8.149826 -99.518471 -5.445523
v 8.644338 99.518471 -4.620511
v 17.205431 98.078522 -9.196512
v 25.600821 95.694038 -13.683939
v 33.749660 92.387947 -18.039585
v 41.573479 88.192123 -22.221497
v 48.996925 83.146950 -26.189421
v 55.948490 77.301033 -29.905106
v 62.361252 70.710670 -33.332783
v 68.173424 63.439327 -36.439472
v 73.329071 55.557018 -39.195221
v 77.778503 47.139668 -41.573483
v 81.478897 38.268337 -43.551376
v 84.394600 29.028460 -45.109859
v 86.497528 19.509026 -46.233894
v 87.767464 9.801706 -46.912678
v 88.192123 -0.000008 -47.139664
v 87.767464 -9.801722 -46.912678
v 86.497528 -19.509041 -46.233887
v 84.394600 -29.028475 -45.109852
v 81.478897 -38.268353 -43.551361
v 77.778503 -47.139683 -41.573467
v 73.329071 -55.557034 -39.195206
v 68.173424 -63.439342 -36.439449
v 62.361252 -70.710686 -33.332760
v 55.948490 -77.301048 -29.905079
v 48.996925 -83.146965 -26.189394
v 41.573479 -88.192123 -22.221466
v 33.749660 -92.387947 -18.039555
v 25.600821 -95.694038 -13.683908
v 17.205431 -98.078522 -9.196480
v 8.644338 -99.518471 -4.620479
v 9.055601 99.518471 -3.750968
v 18.023996 98.078522 -7.465801
v 26.818806 95.694038 -11.108728
v 35.355331 92.387947 -14.644674
v 43.551376 88.192123 -18.039581
v 51.328003 83.146957 -21.260775
v 58.610298 77.301033 -24.277193
v 65.328148 70.710670 -27.059805
v 71.416840 63.439331 -29.581839
v 76.817780 55.557022 -31.818981
v 81.478897 47.139671 -33.749664
v 85.355339 38.268337 -35.355339
v 88.409752 29.028461 -36.620525
v 90.612724 19.509027 -37.533024
v 91.943085 9.801707 -38.084061
v 92.387947 -0.000006 -38.268333
v 91.943085 -9.801721 -38.084061
v 90.612724 -19.509039 -37.533016
v 88.409752 -29.028473 -36.620518
v 85.355339 -38.268353 -35.355324
v 81.478897 -47.139679 -33.749649
v 76.817780 -55.557030 -31.818962
v 71.416840 -63.439339 -29.581820
v 65.328148 -70.710686 -27.059782
v 58.610298 -77.301048 -24.277166
v 51.328003 -83.146957 -21.260748
v 43.551376 -88.192123 -18.039551
v 35.355331 -92.387947 -14.644644
v 26.818806 -95.694038 -11.108698
v 18.023996 -98.078522 -7.465769
v 9.055601 -99.518471 -3.750936
v 9.379654 99.518471 -2.845302
v 18.668982 98.078522 -5.663191
v 27.778513 95.694038 -8.426535
v 36.620514 92.387947 -11.108727
v 45.109852 88.192123 -13.683934
v 53.164768 83.146957 -16.127373
v 60.707645 77.301041 -18.415480
v 67.665894 70.710678 -20.526226
v 73.972473 63.439331 -22.439320
v 79.566689 55.557022 -24.136305
v 84.394600 47.139671 -25.600822
v 88.409752 38.268341 -26.818802
v 91.573471 29.028463 -27.778517
v 93.855286 19.509029 -28.470694
v 95.233246 9.801709 -28.888678
v 95.694023 -0.000005 -29.028458
v 95.233246 -9.801719 -28.888674
v 93.855286 -19.509037 -28.470686
v 91.573471 -29.028471 -27.778509
v 88.409752 -38.268349 -26.818790
v 84.394600 -47.139679 -25.600807
v 79.566689 -55.557030 -24.136286
v 73.972473 -63.439339 -22.439301
v 67.665894 -70.710678 -20.526203
v 60.707645 -77.301041 -18.415453
v 53.164768 -83.146957 -16.127346
v 45.109852 -88.192123 -13.683906
v 36.620514 -92.387947 -11.108696
v 27.778513 -95.694038 -8.426504
v 18.668982 -98.078522 -5.663158
v 9.379654 -99.518471 -2.845270
v 9.613376 99.518471 -1.912235
v 19.134172 98.078522 -3.806040
v 28.470695 95.694038 -5.663189
v 37.533020 92.387947 -7.465796
v 46.233894 88.192123 -9.196505
v 54.489525 83.146957 -10.838657
v 62.220352 77.301041 -12.376413
v 69.351982 70.710678 -13.794969
v 75.815712 63.439331 -15.080698
v 81.549316 55.557022 -16.221184
v 86.497536 47.139671 -17.205431
v 90.612732 38.268341 -18.023991
v 93.855293 29.028463 -18.668985
v 96.193962 19.509029 -19.134172
v 97.606255 9.801711 -19.415079
v 98.078522 -0.000003 -19.509024
v 97.606255 -9.801717 -19.415075
v 96.193962 -19.509037 -19.134165
v 93.855293 -29.028471 -18.668978
v 90.612732 -38.268349 -18.023979
v 86.497536 -47.139679 -17.205416
v 81.549316 -55.557030 -16.221165
v 75.815712 -63.439339 -15.080677
v 69.351982 -70.710678 -13.794946
v 62.220352 -77.301041 -12.376389
v 54.489525 -83.146957 -10.838631
v 46.233894 -88.192123 -9.196476
v 37.533020 -92.387947 -7.465766
v 28.470695 -95.694038 -5.663157
v 19.134172 -98.078522 -3.806008
v 9.613376 -99.518471 -1.912202
v 9.754515 99.518471 -0.960751
v 19.415091 98.078522 -1.912237
v 28.888691 95.694038 -2.845303
v 38.084064 92.387947 -3.750967
v 46.912678 88.192123 -4.620506
v 55.289520 83.146957 -5.445559
v 63.133842 77.301041 -6.218156
v 70.370178 70.710678 -6.930859
v 76.928802 63.439335 -7.576840
v 82.746590 55.557026 -8.149843
v 87.767448 47.139675 -8.644341
v 91.943069 38.268345 -9.055601
v 95.233231 29.028465 -9.379663
v 97.606239 19.509031 -9.613377
v 99.039261 9.801712 -9.754505
v 99.518463 -0.000002 -9.801706
v 99.039261 -9.801716 -9.754501
v 97.606239 -19.509035 -9.613371
v 95.233231 -29.028469 -9.379653
v 91.943069 -38.268345 -9.055588
v 87.767448 -47.139675 -8.644326
v 82.746590 -55.557026 -8.149826
v 76.928802 -63.439335 -7.576819
v 70.370178 -70.710678 -6.930836
v 63.133842 -77.301041 -6.218132
v 55.289520 -83.146957 -5.445532
v 46.912678 -88.192123 -4.620478
v 38.084064 -92.387947 -3.750937
v 28.888691 -95.694038 -2.845272
v 19.415091 -98.078522 -1.912205
v 9.754515 -99.518471 -0.960719
v 9.801713 99.518471 -0.000015
v 19.509033 98.078522 -0.000017
v 29.028469 95.694038 -0.000015
v 38.268333 92.387947 -0.000014
v 47.139664 88.192123 -0.000011
v 55.557041 83.146957 -0.000017
v 63.439323 77.301041 -0.000016
v 70.710670 70.710678 -0.000001
v 77.301041 63.439335 -0.000014
v 83.146965 55.557026 -0.000016
v 88.192108 47.139675 -0.000002
v 92.387939 38.268345 0.000001
v 95.694023 29.028467 -0.000008
v 98.078522 19.509033 -0.000001
v 99.518463 9.801714 0.000011
v 99.999985 0.000000 0.000007
v 99.518463 -9.801714 0.000014
v 98.078522 -19.509033 0.000005
v 95.694023 -29.028467 0.000001
v 92.387939 -38.268345 0.000014
v 88.192108 -47.139675 0.000013
v 83.146965 -55.557026 0.000002
v 77.301041 -63.439335 0.000007
v 70.710670 -70.710678 0.000022
v 63.439323 -77.301041 0.000009
v 55.557041 -83.146957 0.000011
v 47.139664 -88.192123 0.000018
v 38.268333 -92.387947 0.000016
v 29.028469 -95.694038 0.000016
v 19.509033 -98.078522 0.000015
v 9.801713 -99.518471 0.000017
v 9.754515 99.518471 0.960720
v 19.415091 98.078522 1.912203
v 28.888691 95.694038 2.845272
v 38.084061 92.387947 3.750939
v 46.912678 88.192123 4.620484
v 55.289520 83.146957 5.445526
v 63.133842 77.301041 6.218125
v 70.370178 70.710678 6.930857
v 76.928810 63.439335 7.576813
v 82.746590 55.557026 8.149813
v 87.767441 47.139675 8.644337
v 91.943069 38.268345 9.055603
v 95.233231 29.028469 9.379646
v 97.606239 19.509035 9.613376
v 99.039253 9.801716 9.754526
v 99.518463 0.000002 9.801720
v 99.039253 -9.801712 9.754530
v 97.606239 -19.509031 9.613381
v 95.233231 -29.028465 9.379656
v 91.943069 -38.268345 9.055616
v 87.767441 -47.139675 8.644352
v 82.746590 -55.557026 8.149830
v 76.928810 -63.439335 7.576834
v 70.370178 -70.710678 6.930880
v 63.133842 -77.301041 6.218150
v 55.289520 -83.146957 5.445553
v 46.912678 -88.192123 4.620513
v 38.084061 -92.387947 3.750969
v 28.888691 -95.694038 2.845303
v 19.415091 -98.078522 1.912235
v 9.754515 -99.518471 0.960753
v 9.613376 99.518471 1.912204
v 19.134172 98.078522 3.806007
v 28.470695 95.694038 5.663158
v 37.533016 92.387947 7.465767
v 46.233891 88.192123 9.196482
v 54.489529 83.146957 10.838625
v 62.220352 77.301041 12.376382
v 69.351982 70.710678 13.794967
v 75.815727 63.439339 15.080671
v 81.549324 55.557030 16.221153
v 86.497520 47.139679 17.205425
v 90.612732 38.268349 18.023994
v 93.855293 29.028471 18.668970
v 96.193962 19.509037 19.134169
v 97.606239 9.801717 19.415100
v 98.078514 0.000003 19.509035
v 97.606239 -9.801711 19.415104
v 96.193962 -19.509029 19.134176
v 93.855293 -29.028463 18.668978
v 90.612732 -38.268341 18.024006
v 86.497520 -47.139671 17.205441
v 81.549324 -55.557022 16.221172
v 75.815727 -63.439331 15.080692
v 69.351982 -70.710678 13.794990
v 62.220352 -77.301041 12.376407
v 54.489529 -83.146957 10.838652
v 46.233891 -88.192123 9.196510
v 37.533016 -92.387947 7.465798
v 28.470695 -95.694038 5.663189
v 19.134172 -98.078522 3.806039
v 9.613376 -99.518471 1.912236
v 9.379654 99.518471 2.845272
v 18.668982 98.078522 5.663157
v 27.778513 95.694038 8.426505
v 36.620510 92.387947 11.108697
v 45.109848 88.192123 13.683911
v 53.164780 83.146957 16.127340
v 60.707645 77.301041 18.415447
v 67.665894 70.710678 20.526224
v 73.972488 63.439339 22.439295
v 79.566689 55.557030 24.136276
v 84.394577 47.139679 25.600817
v 88.409744 38.268349 26.818806
v 91.573471 29.028471 27.778503
v 93.855286 19.509037 28.470692
v 95.233223 9.801719 28.888695
v 95.694016 0.000005 29.028469
v 95.233223 -9.801709 28.888699
v 93.855286 -19.509029 28.470699
v 91.573471 -29.028463 27.778511
v 88.409744 -38.268341 26.818817
v 84.394577 -47.139671 25.600832
v 79.566689 -55.557022 24.136295
v 73.972488 -63.439331 22.439314
v 67.665894 -70.710678 20.526247
v 60.707645 -77.301041 18.415474
v 53.164780 -83.146957 16.127367
v 45.109848 -88.192123 13.683940
v 36.620510 -92.387947 11.108727
v 27.778513 -95.694038 8.426536
v 18.668982 -98.078522 5.663189
v 9.379654 -99.518471 2.845304
v 9.055601 99.518471 3.750938
v 18.023998 98.078522 7.465766
v 26.818806 95.694038 11.108699
v 35.355331 92.387947 14.644644
v 43.551369 88.192123 18.039557
v 51.328022 83.146957 21.260742
v 58.610291 77.301048 24.277161
v 65.328140 70.710686 27.059799
v 71.416855 63.439339 29.581814
v 76.817780 55.557030 31.818953
v 81.478874 47.139679 33.749657
v 85.355324 38.268353 35.355335
v 88.409752 29.028473 36.620510
v 90.612724 19.509039 37.533024
v 91.943062 9.801721 38.084076
v 92.387939 0.000006 38.268345
v 91.943062 -9.801707 38.084076
v 90.612724 -19.509027 37.533031
v 88.409752 -29.028461 36.620518
v 85.355324 -38.268337 35.355350
v 81.478874 -47.139671 33.749672
v 76.817780 -55.557022 31.818972
v 71.416855 -63.439331 29.581833
v 65.328140 -70.710670 27.059822
v 58.610291 -77.301033 24.277187
v 51.328022 -83.146957 21.260769
v 43.551369 -88.192123 18.039587
v 35.355331 -92.387947 14.644674
v 26.818806 -95.694038 11.108729
v 18.023998 -98.078522 7.465799
v 9.055601 -99.518471 3.750970
v 8.644338 99.518471 4.620480
v 17.205433 98.078522 9.196478
v 25.600821 95.694038 13.683910
v 33.749657 92.387947 18.039555
v 41.573471 88.192123 22.221472
v 48.996944 83.146965 26.189392
v 55.948490 77.301048 29.905073
v 62.361240 70.710686 33.332775
v 68.173431 63.439342 36.439442
v 73.329079 55.557034 39.195198
v 77.778488 47.139683 41.573471
v 81.478882 38.268353 43.551373
v 84.394592 29.028475 45.109848
v 86.497520 19.509041 46.233891
v 87.767441 9.801722 46.912689
v 88.192108 0.000008 47.139675
v 87.767441 -9.801706 46.912689
v 86.497520 -19.509026 46.233898
v 84.394592 -29.028460 45.109856
v 81.478882 -38.268337 43.551388
v 77.778488 -47.139668 41.573486
v 73.329079 -55.557018 39.195213
v 68.173431 -63.439327 36.439465
v 62.361240 -70.710670 33.332798
v 55.948490 -77.301033 29.905100
v 48.996944 -83.146950 26.189419
v 41.573471 -88.192123 22.221502
v 33.749657 -92.387947 18.039585
v 25.600821 -95.694038 13.683941
v 17.205433 -98.078522 9.196510
v 8.644338 -99.518471 4.620512
v 8.149825 99.518471 5.445524
v 16.221169 98.078522 10.838620
v 24.136288 95.694038 16.127338
v 31.818953 92.387947 21.260733
v 39.195194 88.192131 26.189381
v 46.194000 83.146965 30.865824
v 52.747871 77.301048 35.244984
v 58.793766 70.710686 39.284740
v 64.273468 63.439342 42.946144
v 69.134178 55.557034 46.193966
v 73.329048 47.139683 48.996906
v 76.817757 38.268353 51.327984
v 79.566666 29.028477 53.164745
v 81.549301 19.509043 54.489502
v 82.746567 9.801723 55.289501
v 83.146942 0.000009 55.557026
v 82.746567 -9.801705 55.289501
v 81.549301 -19.509024 54.489510
v 79.566666 -29.028458 53.164753
v 76.817757 -38.268337 51.327999
v 73.329048 -47.139668 48.996922
v 69.134178 -55.557018 46.193981
v 64.273468 -63.439327 42.946167
v 58.793766 -70.710670 39.284763
v 52.747871 -77.301033 35.245007
v 46.194000 -83.146950 30.865850
v 39.195194 -88.192116 26.189411
v 31.818953 -92.387947 21.260763
v 24.136288 -95.694038 16.127369
v 16.221169 -98.078522 10.838653
v 8.149825 -99.518471 5.445556
v 7.576825 99.518471 6.218124
v 15.080688 98.078522 12.376382
v 22.439306 95.694038 18.415451
v 29.581818 92.387955 24.277157
v 36.439449 88.192131 29.905071
v 42.946186 83.146965 35.244999
v 49.039261 77.301048 40.245464
v 54.660076 70.710686 44.858368
v 59.754517 63.439342 49.039246
v 64.273483 55.557034 52.747868
v 68.173416 47.139683 55.948475
v 71.416832 38.268356 58.610283
v 73.972473 29.028477 60.707642
v 75.815712 19.509043 62.220348
v 76.928802 9.801724 63.133846
v 77.301025 0.000010 63.439327
v 76.928802 -9.801703 63.133846
v 75.815712 -19.509024 62.220356
v 73.972473 -29.028458 60.707649
v 71.416832 -38.268333 58.610298
v 68.173416 -47.139668 55.948490
v 64.273483 -55.557018 52.747883
v 59.754517 -63.439327 49.039268
v 54.660076 -70.710670 44.858391
v 49.039261 -77.301033 40.245487
v 42.946186 -83.146950 35.245029
v 36.439449 -88.192116 29.905102
v 29.581818 -92.387939 24.277187
v 22.439306 -95.694038 18.415482
v 15.080688 -98.078522 12.376414
v 7.576825 -99.518471 6.218157
v 6.930856 99.518471 6.930841
v 13.794971 98.078522 13.794951
v 20.526224 95.694038 20.526213
v 27.059793 92.387955 27.059782
v 33.332771 88.192131 33.332764
v 39.284771 83.146965 39.284744
v 44.858379 77.301048 44.858360
v 49.999981 70.710686 49.999989
v 54.660095 63.439342 54.660069
v 58.793789 55.557037 58.793777
v 62.361229 47.139687 62.361233
v 65.328125 38.268356 65.328140
v 67.665886 29.028479 67.665886
v 69.351974 19.509045 69.351982
v 70.370171 9.801725 70.370178
v 70.710663 0.000012 70.710670
v 70.370171 -9.801702 70.370178
v 69.351974 -19.509022 69.351982
v 67.665886 -29.028456 67.665901
v 65.328125 -38.268333 65.328156
v 62.361229 -47.139664 62.361248
v 58.793789 -55.557014 58.793793
v 54.660095 -63.439327 54.660091
v 49.999981 -70.710670 50.000011
v 44.858379 -77.301033 44.858383
v 39.284771 -83.146950 39.284775
v 33.332771 -88.192116 33.332794
v 27.059793 -92.387939 27.059813
v 20.526224 -95.694038 20.526243
v 13.794971 -98.078522 13.794984
v 6.930856 -99.518471 6.930873
v 6.218139 99.518471 7.576809
v 12.376401 98.078522 15.080668
v 18.415462 95.694038 22.439295
v 24.277168 92.387955 29.581802
v 29.905081 88.192131 36.439438
v 35.245026 83.146965 42.946159
v 40.245483 77.301048 49.039246
v 44.858360 70.710686 54.660084
v 49.039265 63.439346 59.754490
v 52.747883 55.557037 64.273460
v 55.948471 47.139687 68.173416
v 58.610268 38.268356 71.416832
v 60.707642 29.028479 73.972473
v 62.220348 19.509045 75.815720
v 63.133831 9.801726 76.928802
v 63.439308 0.000013 77.301041
v 63.133831 -9.801702 76.928802
v 62.220348 -19.509022 75.815720
v 60.707642 -29.028456 73.972488
v 58.610268 -38.268333 71.416847
v 55.948471 -47.139664 68.173431
v 52.747883 -55.557014 64.273476
v 49.039265 -63.439323 59.754513
v 44.858360 -70.710670 54.660107
v 40.245483 -77.301033 49.039268
v 35.245026 -83.146950 42.946190
v 29.905081 -88.192116 36.439468
v 24.277168 -92.387939 29.581833
v 18.415462 -95.694038 22.439325
v 12.376401 -98.078522 15.080701
v 6.218139 -99.518471 7.576842
v 5.445538 99.518471 8.149809
v 10.838640 98.078522 16.221149
v 16.127352 95.694046 24.136274
v 21.260742 92.387955 31.818935
v 26.189386 88.192131 39.195183
v 30.865849 83.146965 46.193977
v 35.245003 77.301048 52.747852
v 39.284729 70.710686 58.793766
v 42.946159 63.439346 64.273445
v 46.193989 55.557037 69.134163
v 48.996902 47.139687 73.329048
v 51.327969 38.268356 76.817749
v 53.164745 29.028481 79.566666
v 54.489498 19.509047 81.549301
v 55.289482 9.801727 82.746574
v 55.556999 0.000014 83.146957
v 55.289482 -9.801701 82.746574
v 54.489498 -19.509020 81.549301
v 53.164745 -29.028454 79.566681
v 51.327969 -38.268333 76.817764
v 48.996902 -47.139664 73.329063
v 46.193989 -55.557014 69.134178
v 42.946159 -63.439323 64.273460
v 39.284729 -70.710670 58.793789
v 35.245003 -77.301033 52.747875
v 30.865849 -83.146950 46.194008
v 26.189386 -88.192116 39.195213
v 21.260742 -92.387939 31.818966
v 16.127352 -95.694031 24.136305
v 10.838640 -98.078522 16.221180
v 5.445538 -99.518471 8.149841
v 4.620493 99.518471 8.644321
v 9.196496 98.078522 17.205414
v 13.683924 95.694046 25.600809
v 18.039562 92.387955 33.749638
v 22.221478 88.192131 41.573456
v 26.189417 83.146965 48.996925
v 29.905092 77.301048 55.948471
v 33.332764 70.710686 62.361237
v 36.439461 63.439346 68.173409
v 39.195217 55.557037 73.329063
v 41.573463 47.139687 77.778488
v 43.551357 38.268356 81.478867
v 45.109844 29.028481 84.394585
v 46.233891 19.509047 86.497528
v 46.912663 9.801728 87.767448
v 47.139652 0.000014 88.192116
v 46.912663 -9.801700 87.767448
v 46.233891 -19.509020 86.497528
v 45.109844 -29.028454 84.394600
v 43.551357 -38.268333 81.478882
v 41.573463 -47.139664 77.778503
v 39.195217 -55.557014 73.329079
v 36.439461 -63.439323 68.173424
v 33.332764 -70.710670 62.361259
v 29.905092 -77.301033 55.948494
v 26.189417 -83.146950 48.996956
v 22.221478 -88.192116 41.573486
v 18.039562 -92.387939 33.749668
v 13.683924 -95.694031 25.600840
v 9.196496 -98.078522 17.205444
v 4.620493 -99.518471 8.644354
v 3.750951 99.518471 9.055583
v 7.465785 98.078522 18.023979
v 11.108713 95.694046 26.818794
v 14.644652 92.387955 35.355309
v 18.039562 88.192131 43.551353
v 21.260769 83.146965 51.328007
v 24.277180 77.301048 58.610279
v 27.059788 70.710686 65.328125
v 29.581829 63.439346 71.416824
v 31.818977 55.557037 76.817772
v 33.749653 47.139687 81.478874
v 35.355316 38.268360 85.355301
v 36.620510 29.028482 88.409737
v 37.533020 19.509048 90.612724
v 38.084049 9.801729 91.943069
v 38.268322 0.000015 92.387939
v 38.084049 -9.801699 91.943069
v 37.533020 -19.509018 90.612724
v 36.620510 -29.028452 88.409752
v 35.355316 -38.268330 85.355316
v 33.749653 -47.139664 81.478889
v 31.818977 -55.557014 76.817787
v 29.581829 -63.439323 71.416840
v 27.059788 -70.710670 65.328156
v 24.277180 -77.301033 58.610302
v 21.260769 -83.146950 51.328037
v 18.039562 -88.192116 43.551384
v 14.644652 -92.387939 35.355339
v 11.108713 -95.694031 26.818825
v 7.465785 -98.078522 18.024010
v 3.750951 -99.518471 9.055615
v 2.845285 99.518471 9.379636
v 5.663175 98.078522 18.668964
v 8.426518 95.694046 27.778498
v 11.108706 92.387955 36.620487
v 13.683917 88.192131 45.109825
v 16.127365 83.146965 53.164772
v 18.415466 77.301048 60.707634
v 20.526209 70.710686 67.665871
v 22.439310 63.439346 73.972458
v 24.136301 55.557037 79.566681
v 25.600809 47.139690 84.394577
v 26.818789 38.268360 88.409721
v 27.778500 29.028482 91.573456
v 28.470690 19.509048 93.855286
v 28.888670 9.801729 95.233223
v 29.028446 0.000016 95.694016
v 28.888670 -9.801699 95.233223
v 28.470690 -19.509018 93.855286
v 27.778500 -29.028452 91.573471
v 26.818789 -38.268330 88.409737
v 25.600809 -47.139660 84.394592
v 24.136301 -55.557014 79.566696
v 22.439310 -63.439323 73.972473
v 20.526209 -70.710670 67.665901
v 18.415466 -77.301033 60.707657
v 16.127365 -83.146950 53.164803
v 13.683917 -88.192116 45.109856
v 11.108706 -92.387939 36.620518
v 8.426518 -95.694031 27.778528
v 5.663175 -98.078522 18.668995
v 2.845285 -99.518471 9.379668
v 1.912218 99.518471 9.613357
v 3.806025 98.078522 19.134155
v 5.663173 95.694046 28.470680
v 7.465778 92.387955 37.532993
v 9.196487 88.192131 46.233868
v 10.838648 83.146965 54.489525
v 12.376401 77.301048 62.220341
v 13.794952 70.710686 69.351959
v 15.080688 63.439346 75.815697
v 16.221180 55.557037 81.549316
v 17.205420 47.139690 86.497513
v 18.023979 38.268360 90.612701
v 18.668968 29.028482 93.855278
v 19.134169 19.509048 96.193962
v 19.415073 9.801730 97.606239
v 19.509012 0.000016 98.078514
v 19.415073 -9.801698 97.606239
v 19.134169 -19.509018 96.193962
v 18.668968 -29.028452 93.855293
v 18.023979 -38.268330 90.612717
v 17.205420 -47.139660 86.497528
v 16.221180 -55.557014 81.549332
v 15.080688 -63.439323 75.815712
v 13.794952 -70.710670 69.351990
v 12.376401 -77.301033 62.220364
v 10.838648 -83.146950 54.489555
v 9.196487 -88.192116 46.233898
v 7.465778 -92.387939 37.533024
v 5.663173 -95.694031 28.470711
v 3.806025 -98.078522 19.134186
v 1.912218 -99.518471 9.613389
v 0.960734 99.518471 9.754496
v 1.912221 98.078522 19.415073
v 2.845287 95.694046 28.888676
v 3.750950 92.387955 38.084034
v 4.620490 88.192131 46.912651
v 5.445548 83.146965 55.289520
v 6.218144 77.301048 63.133831
v 6.930844 70.710693 70.370155
v 7.576833 63.439346 76.928787
v 8.149840 55.557041 82.746590
v 8.644330 47.139690 87.767426
v 9.055591 38.268360 91.943039
v 9.379646 29.028482 95.233215
v 9.613374 19.509048 97.606239
v 9.754500 9.801730 99.039246
v 9.801695 0.000016 99.518456
v 9.754500 -9.801698 99.039246
v 9.613374 -19.509018 97.606239
v 9.379646 -29.028452 95.233231
v 9.055591 -38.268330 91.943054
v 8.644330 -47.139660 87.767441
v 8.149840 -55.557011 82.746605
v 7.576833 -63.439323 76.928802
v 6.930844 -70.710663 70.370186
v 6.218144 -77.301033 63.133854
v 5.445548 -83.146950 55.289551
v 4.620490 -88.192116 46.912682
v 3.750950 -92.387939 38.084064
v 2.845287 -95.694031 28.888706
v 1.912221 -98.078522 19.415104
v 0.960734 -99.518471 9.754528
v -0.000001 99.518471 9.801694
v 0.000002 98.078522 19.509016
v -0.000001 95.694046 29.028454
v -0.000001 92.387955 38.268307
v -0.000004 88.192131 47.139641
v 0.000003 83.146965 55.557045
v 0.000003 77.301048 63.439312
v -0.000013 70.710693 70.710648
v 0.000007 63.439346 77.301018
v 0.000011 55.557041 83.146965
v -0.000008 47.139690 88.192093
v -0.000009 38.268360 92.387909
v -0.000007 29.028482 95.694008
v -0.000002 19.509048 98.078522
v -0.000014 9.801730 99.518448
v -0.000018 0.000016 99.999977
v -0.000014 -9.801698 99.518448
v -0.000002 -19.509018 98.078522
v -0.000007 -29.028452 95.694023
v -0.000009 -38.268330 92.387924
v -0.000008 -47.139660 88.192108
v 0.000011 -55.557011 83.146980
v 0.000007 -63.439323 77.301033
v -0.000013 -70.710663 70.710678
v 0.000003 -77.301033 63.439335
v 0.000003 -83.146950 55.557076
v -0.000004 -88.192116 47.139671
v -0.000001 -92.387939 38.268337
v -0.000001 -95.694031 29.028484
v 0.000002 -98.078522 19.509047
v -0.000001 -99.518471 9.801726
v -0.960737 99.518471 9.754496
v -1.912218 98.078522 19.415073
v -2.845289 95.694046 28.888676
v -3.750953 92.387955 38.084034
v -4.620499 88.192131 46.912651
v -5.445541 83.146965 55.289520
v -6.218138 77.301048 63.133831
v -6.930871 70.710693 70.370155
v -7.576818 63.439346 76.928795
v -8.149817 55.557041 82.746590
v -8.644345 47.139690 87.767418
v -9.055609 38.268360 91.943039
v -9.379662 29.028482 95.233215
v -9.613379 19.509048 97.606239
v -9.754528 9.801730 99.039238
v -9.801730 0.000016 99.518448
v -9.754528 -9.801698 99.039238
v -9.613379 -19.509018 97.606239
v -9.379662 -29.028452 95.233231
v -9.055609 -38.268330 91.943054
v -8.644345 -47.139660 87.767433
v -8.149817 -55.557011 82.746605
v -7.576818 -63.439323 76.928810
v -6.930871 -70.710663 70.370186
v -6.218138 -77.301033 63.133854
v -5.445541 -83.146950 55.289551
v -4.620499 -88.192116 46.912682
v -3.750953 -92.387939 38.084064
v -2.845289 -95.694031 28.888706
v -1.912218 -98.078522 19.415104
v -0.960737 -99.518471 9.754528
v 0.000000 100.000000 -0.000016
v -1.912220 99.518471 9.613357
v -3.806022 98.078522 19.134155
v -5.663175 95.694046 28.470680
v -7.465781 92.387955 37.532990
v -9.196495 88.192131 46.233864
v -10.838641 83.146965 54.489532
v -12.376394 77.301048 62.220341
v -13.794979 70.710686 69.351959
v -15.080674 63.439346 75.815704
v -16.221159 55.557037 81.549324
v -17.205433 47.139690 86.497505
v -18.023998 38.268360 90.612701
v -18.668985 29.028482 93.855278
v -19.134172 19.509048 96.193962
v -19.415102 9.801730 97.606224
v -19.509047 0.000016 98.078499
v -19.415102 -9.801698 97.606224
v -19.134172 -19.509018 96.193962
v -18.668985 -29.028452 93.855293
v -18.023998 -38.268330 90.612717
v -17.205433 -47.139660 86.497520
v -16.221159 -55.557014 81.549339
v -15.080674 -63.439323 75.815720
v -13.794979 -70.710670 69.351990
v -12.376394 -77.301033 62.220364
v -10.838641 -83.146950 54.489563
v -9.196495 -88.192116 46.233894
v -7.465781 -92.387939 37.533020
v -5.663175 -95.694031 28.470711
v -3.806022 -98.078522 19.134186
v -1.912220 -99.518471 9.613389
v -2.845287 99.518471 9.379635
v -5.663171 98.078522 18.668964
v -8.426520 95.694046 27.778498
v -11.108708 92.387955 36.620483
v -13.683924 88.192131 45.109821
v -16.127359 83.146965 53.164776
v -18.415461 77.301048 60.707634
v -20.526236 70.710686 67.665871
v -22.439295 63.439346 73.972466
v -24.136282 55.557037 79.566689
v -25.600821 47.139690 84.394562
v -26.818806 38.268360 88.409721
v -27.778519 29.028482 91.573456
v -28.470695 19.509048 93.855286
v -28.888693 9.801729 95.233208
v -29.028479 0.000016 95.694008
v -28.888693 -9.801699 95.233208
v -28.470695 -19.509018 93.855286
v -27.778519 -29.028452 91.573471
v -26.818806 -38.268330 88.409737
v -25.600821 -47.139660 84.394577
v -24.136282 -55.557014 79.566704
v -22.439295 -63.439323 73.972481
v -20.526236 -70.710670 67.665901
v -18.415461 -77.301033 60.707657
v -16.127359 -83.146950 53.164806
v -13.683924 -88.192116 45.109852
v -11.108708 -92.387939 36.620514
v -8.426520 -95.694031 27.778528
v -5.663171 -98.078522 18.668995
v -2.845287 -99.518471 9.379667
v -3.750953 99.518471 9.055582
v -7.465781 98.078522 18.023981
v -11.108714 95.694046 26.818790
v -14.644652 92.387955 35.355301
v -18.039570 88.192131 43.551346
v -21.260763 83.146965 51.328018
v -24.277174 77.301048 58.610279
v -27.059814 70.710686 65.328117
v -29.581816 63.439346 71.416832
v -31.818958 55.557037 76.817780
v -33.749660 47.139687 81.478859
v -35.355335 38.268360 85.355301
v -36.620529 29.028482 88.409737
v -37.533028 19.509048 90.612724
v -38.084072 9.801729 91.943047
v -38.268353 0.000015 92.387924
v -38.084072 -9.801699 91.943047
v -37.533028 -19.509018 90.612724
v -36.620529 -29.028452 88.409752
v -35.355335 -38.268330 85.355316
v -33.749660 -47.139664 81.478874
v -31.818958 -55.557014 76.817795
v -29.581816 -63.439323 71.416847
v -27.059814 -70.710670 65.328148
v -24.277174 -77.301033 58.610302
v -21.260763 -83.146950 51.328049
v -18.039570 -88.192116 43.551376
v -14.644652 -92.387939 35.355331
v -11.108714 -95.694031 26.818821
v -7.465781 -98.078522 18.024012
v -3.750953 -99.518471 9.055614
v -4.620495 99.518471 8.644319
v -9.196492 98.078522 17.205416
v -13.683926 95.694046 25.600805
v -18.039562 92.387955 33.749630
v -22.221483 88.192131 41.573448
v -26.189413 83.146965 48.996944
v -29.905087 77.301048 55.948479
v -33.332790 70.710686 62.361221
v -36.439442 63.439346 68.173416
v -39.195206 55.557037 73.329079
v -41.573471 47.139687 77.778465
v -43.551373 38.268356 81.478859
v -45.109863 29.028481 84.394577
v -46.233894 19.509047 86.497520
v -46.912682 9.801728 87.767426
v -47.139679 0.000014 88.192101
v -46.912682 -9.801700 87.767426
v -46.233894 -19.509020 86.497520
v -45.109863 -29.028454 84.394592
v -43.551373 -38.268333 81.478874
v -41.573471 -47.139664 77.778481
v -39.195206 -55.557014 73.329094
v -36.439442 -63.439323 68.173431
v -33.332790 -70.710670 62.361244
v -29.905087 -77.301033 55.948502
v -26.189413 -83.146950 48.996975
v -22.221483 -88.192116 41.573479
v -18.039562 -92.387939 33.749660
v -13.683926 -95.694031 25.600836
v -9.196492 -98.078522 17.205446
v -4.620495 -99.518471 8.644351
v -5.445539 99.518471 8.149806
v -10.838635 98.078522 16.221151
v -16.127354 95.694046 24.136272
v -21.260742 92.387955 31.818930
v -26.189392 88.192131 39.195171
v -30.865849 83.146965 46.194000
v -35.244995 77.301048 52.747860
v -39.284752 70.710686 58.793747
v -42.946140 63.439346 64.273453
v -46.193974 55.557037 69.134178
v -48.996906 47.139687 73.329033
v -51.327984 38.268356 76.817734
v -53.164761 29.028481 79.566658
v -54.489506 19.509047 81.549301
v -55.289494 9.801727 82.746552
v -55.557026 0.000014 83.146927
v -55.289494 -9.801701 82.746552
v -54.489506 -19.509020 81.549301
v -53.164761 -29.028454 79.566673
v -51.327984 -38.268333 76.817749
v -48.996906 -47.139664 73.329048
v -46.193974 -55.557014 69.134193
v -42.946140 -63.439323 64.273468
v -39.284752 -70.710670 58.793770
v -35.244995 -77.301033 52.747883
v -30.865849 -83.146950 46.194031
v -26.189392 -88.192116 39.195202
v -21.260742 -92.387939 31.818960
v -16.127354 -95.694031 24.136303
v -10.838635 -98.078522 16.221182
v -5.445539 -99.518471 8.149838
v -6.218139 99.518471 7.576806
v -12.376396 98.078522 15.080669
v -18.415466 95.694038 22.439291
v -24.277166 92.387955 29.581795
v -29.905085 88.192131 36.439426
v -35.245026 83.146965 42.946178
v -40.245476 77.301048 49.039249
v -44.858383 70.710686 54.660057
v -49.039242 63.439346 59.754490
v -52.747875 55.557037 64.273483
v -55.948479 47.139687 68.173393
v -58.610283 38.268356 71.416809
v -60.707657 29.028479 73.972466
v -62.220352 19.509045 75.815712
v -63.133842 9.801726 76.928787
v -63.439327 0.000013 77.301010
v -63.133842 -9.801702 76.928787
v -62.220352 -19.509022 75.815712
v -60.707657 -29.028456 73.972481
v -58.610283 -38.268333 71.416824
v -55.948479 -47.139664 68.173409
v -52.747875 -55.557014 64.273499
v -49.039242 -63.439323 59.754513
v -44.858383 -70.710670 54.660080
v -40.245476 -77.301033 49.039272
v -35.245026 -83.146950 42.946209
v -29.905085 -88.192116 36.439457
v -24.277166 -92.387939 29.581825
v -18.415466 -95.694038 22.439322
v -12.376396 -98.078522 15.080702
v -6.218139 -99.518471 7.576838
v 0.000000 -100.000000 0.000016
v -6.930856 99.518471 6.930837
v -13.794966 98.078522 13.794952
v -20.526228 95.694038 20.526209
v -27.059788 92.387955 27.059769
v -33.332771 88.192131 33.332748
v -39.284771 83.146965 39.284763
v -44.858372 77.301048 44.858368
v -50.000008 70.710686 49.999966
v -54.660069 63.439342 54.660069
v -58.793785 55.557037 58.793789
v -62.361233 47.139687 62.361214
v -65.328133 38.268356 65.328102
v -67.665901 29.028479 67.665871
v -69.351982 19.509045 69.351974
v -70.370171 9.801725 70.370163
v -70.710670 0.000012 70.710648
v -70.370171 -9.801702 70.370163
v -69.351982 -19.509022 69.351974
v -67.665901 -29.028456 67.665886
v -65.328133 -38.268333 65.328117
v -62.361233 -47.139664 62.361229
v -58.793785 -55.557014 58.793804
v -54.660069 -63.439327 54.660091
v -50.000008 -70.710670 49.999989
v -44.858372 -77.301033 44.858391
v -39.284771 -83.146950 39.284794
v -33.332771 -88.192116 33.332779
v -27.059788 -92.387939 27.059799
v -20.526228 -95.694038 20.526239
v -13.794966 -98.078522 13.794985
v -6.930856 -99.518471 6.930870
v -7.576824 99.518471 6.218121
v -15.080683 98.078522 12.376383
v -22.439310 95.694038 18.415447
v -29.581810 92.387955 24.277143
v -36.439449 88.192131 29.905060
v -42.946186 83.146965 35.245014
v -49.039257 77.301048 40.245472
v -54.660095 70.710686 44.858341
v -59.754490 63.439342 49.039246
v -64.273468 55.557034 52.747879
v -68.173416 47.139683 55.948460
v -71.416832 38.268356 58.610249
v -73.972496 29.028477 60.707630
v -75.815720 19.509043 62.220345
v -76.928802 9.801724 63.133823
v -77.301041 0.000010 63.439297
v -76.928802 -9.801703 63.133823
v -75.815720 -19.509024 62.220352
v -73.972496 -29.028458 60.707638
v -71.416832 -38.268333 58.610264
v -68.173416 -47.139668 55.948475
v -64.273468 -55.557018 52.747894
v -59.754490 -63.439327 49.039268
v -54.660095 -70.710670 44.858364
v -49.039257 -77.301033 40.245495
v -42.946186 -83.146950 35.245045
v -36.439449 -88.192116 29.905090
v -29.581810 -92.387939 24.277174
v -22.439310 -95.694038 18.415478
v -15.080683 -98.078522 12.376415
v -7.576824 -99.518471 6.218153
v -8.149823 99.518471 5.445520
v -16.221165 98.078522 10.838622
v -24.136290 95.694038 16.127337
v -31.818941 92.387947 21.260719
v -39.195190 88.192131 26.189365
v -46.194004 83.146965 30.865837
v -52.747864 77.301048 35.244991
v -58.793777 70.710686 39.284714
v -64.273438 63.439342 42.946144
v -69.134171 55.557034 46.193985
v -73.329048 47.139683 48.996887
v -76.817741 38.268353 51.327950
v -79.566689 29.028477 53.164734
v -81.549301 19.509043 54.489494
v -82.746574 9.801723 55.289478
v -83.146957 0.000009 55.556988
v -82.746574 -9.801705 55.289478
v -81.549301 -19.509024 54.489502
v -79.566689 -29.028458 53.164742
v -76.817741 -38.268337 51.327965
v -73.329048 -47.139668 48.996902
v -69.134171 -55.557018 46.194000
v -64.273438 -63.439327 42.946167
v -58.793777 -70.710670 39.284737
v -52.747864 -77.301033 35.245014
v -46.194004 -83.146950 30.865864
v -39.195190 -88.192116 26.189396
v -31.818941 -92.387947 21.260750
v -24.136290 -95.694038 16.127367
v -16.221165 -98.078522 10.838655
v -8.149823 -99.518471 5.445552
v -8.644336 99.518471 4.620475
v -17.205427 98.078522 9.196478
v -25.600824 95.694038 13.683908
v -33.749641 92.387947 18.039541
v -41.573463 88.192123 22.221457
v -48.996948 83.146965 26.189405
v -55.948483 77.301048 29.905079
v -62.361240 70.710686 33.332748
v -68.173401 63.439342 36.439445
v -73.329071 55.557034 39.195217
v -77.778488 47.139683 41.573452
v -81.478867 38.268353 43.551334
v -84.394608 29.028475 45.109833
v -86.497528 19.509041 46.233887
v -87.767441 9.801722 46.912659
v -88.192116 0.000008 47.139637
v -87.767441 -9.801706 46.912659
v -86.497528 -19.509026 46.233894
v -84.394608 -29.028460 45.109840
v -81.478867 -38.268337 43.551350
v -77.778488 -47.139668 41.573467
v -73.329071 -55.557018 39.195232
v -68.173401 -63.439327 36.439468
v -62.361240 -70.710670 33.332771
v -55.948483 -77.301033 29.905106
v -48.996948 -83.146950 26.189432
v -41.573463 -88.192123 22.221487
v -33.749641 -92.387947 18.039572
v -25.600824 -95.694038 13.683939
v -17.205427 -98.078522 9.196510
v -8.644336 -99.518471 4.620508
v -9.055598 99.518471 3.750933
v -18.023993 98.078522 7.465767
v -26.818810 95.694038 11.108698
v -35.355312 92.387947 14.644633
v -43.551361 88.192123 18.039541
v -51.328026 83.146957 21.260756
v -58.610291 77.301048 24.277166
v -65.328133 70.710686 27.059771
v -71.416817 63.439339 29.581818
v -76.817780 55.557030 31.818974
v -81.478874 47.139679 33.749638
v -85.355301 38.268353 35.355297
v -88.409760 29.028473 36.620499
v -90.612724 19.509039 37.533016
v -91.943054 9.801721 38.084045
v -92.387939 0.000006 38.268311
v -91.943054 -9.801707 38.084045
v -90.612724 -19.509027 37.533024
v -88.409760 -29.028461 36.620506
v -85.355301 -38.268337 35.355312
v -81.478874 -47.139671 33.749653
v -76.817780 -55.557022 31.818993
v -71.416817 -63.439331 29.581837
v -65.328133 -70.710670 27.059793
v -58.610291 -77.301033 24.277193
v -51.328026 -83.146957 21.260782
v -43.551361 -88.192123 18.039572
v -35.355312 -92.387947 14.644664
v -26.818810 -95.694038 11.108728
v -18.023993 -98.078522 7.465800
v -9.055598 -99.518471 3.750966
v -9.379650 99.518471 2.845268
v -18.668978 98.078522 5.663157
v -27.778513 95.694038 8.426503
v -36.620491 92.387947 11.108688
v -45.109837 88.192123 13.683898
v -53.164791 83.146957 16.127352
v -60.707645 77.301041 18.415453
v -67.665878 70.710678 20.526192
v -73.972450 63.439339 22.439299
v -79.566689 55.557030 24.136299
v -84.394577 47.139679 25.600796
v -88.409714 38.268349 26.818769
v -91.573479 29.028471 27.778490
v -93.855286 19.509037 28.470686
v -95.233215 9.801719 28.888662
v -95.694016 0.000005 29.028433
v -95.233215 -9.801709 28.888666
v -93.855286 -19.509029 28.470694
v -91.573479 -29.028463 27.778498
v -88.409714 -38.268341 26.818781
v -84.394577 -47.139671 25.600811
v -79.566689 -55.557022 24.136318
v -73.972450 -63.439331 22.439318
v -67.665878 -70.710678 20.526215
v -60.707645 -77.301041 18.415480
v -53.164791 -83.146957 16.127378
v -45.109837 -88.192123 13.683927
v -36.620491 -92.387947 11.108719
v -27.778513 -95.694038 8.426534
v -18.668978 -98.078522 5.663190
v -9.379650 -99.518471 2.845300
v -9.613371 99.518471 1.912201
v -19.134171 98.078522 3.806008
v -28.470695 95.694038 5.663157
v -37.532997 92.387947 7.465760
v -46.233875 88.192123 9.196469
v -54.489548 83.146957 10.838634
v -62.220352 77.301041 12.376389
v -69.351974 70.710678 13.794937
v -75.815689 63.439339 15.080678
v -81.549324 55.557030 16.221176
v -86.497513 47.139679 17.205406
v -90.612701 38.268349 18.023964
v -93.855301 29.028471 18.668957
v -96.193962 19.509037 19.134165
v -97.606224 9.801717 19.415068
v -98.078506 0.000003 19.508999
v -97.606224 -9.801711 19.415071
v -96.193962 -19.509029 19.134172
v -93.855301 -29.028463 18.668964
v -90.612701 -38.268341 18.023975
v -86.497513 -47.139671 17.205421
v -81.549324 -55.557022 16.221195
v -75.815689 -63.439331 15.080699
v -69.351974 -70.710678 13.794960
v -62.220352 -77.301041 12.376413
v -54.489548 -83.146957 10.838660
v -46.233875 -88.192123 9.196498
v -37.532997 -92.387947 7.465791
v -28.470695 -95.694038 5.663188
v -19.134171 -98.078522 3.806040
v -9.613371 -99.518471 1.912233
v -9.754510 99.518471 0.960718
v -19.415089 98.078522 1.912205
v -28.888691 95.694038 2.845271
v -38.084038 92.387947 3.750934
v -46.912659 88.192123 4.620474
v -55.289543 83.146957 5.445533
v -63.133842 77.301041 6.218132
v -70.370171 70.710678 6.930829
v -76.928780 63.439335 7.576823
v -82.746597 55.557026 8.149837
v -87.767426 47.139675 8.644319
v -91.943031 38.268345 9.055575
v -95.233238 29.028469 9.379633
v -97.606239 19.509035 9.613371
v -99.039230 9.801716 9.754496
v -99.518448 0.000002 9.801683
v -99.039230 -9.801712 9.754499
v -97.606239 -19.509031 9.613377
v -95.233238 -29.028465 9.379642
v -91.943031 -38.268345 9.055589
v -87.767426 -47.139675 8.644334
v -82.746597 -55.557026 8.149855
v -76.928780 -63.439335 7.576844
v -70.370171 -70.710678 6.930851
v -63.133842 -77.301041 6.218156
v -55.289543 -83.146957 5.445560
v -46.912659 -88.192123 4.620502
v -38.084038 -92.387947 3.750964
v -28.888691 -95.694038 2.845302
v -19.415089 -98.078522 1.912237
v -9.754510 -99.518471 0.960750
v -9.801707 99.518471 -0.000018
v -19.509029 98.078522 -0.000015
v -29.028469 95.694038 -0.000017
v -38.268311 92.387947 -0.000017
v -47.139648 88.192123 -0.000020
v -55.557068 83.146957 -0.000012
v -63.439323 77.301041 -0.000009
v -70.710663 70.710678 -0.000028
v -77.301010 63.439335 -0.000001
v -83.146980 55.557026 0.000008
v -88.192093 47.139675 -0.000019
v -92.387901 38.268345 -0.000023
v -95.694031 29.028467 -0.000022
v -98.078522 19.509033 -0.000005
v -99.518433 9.801714 -0.000017
v -99.999969 -0.000000 -0.000028
v -99.518433 -9.801714 -0.000014
v -98.078522 -19.509033 0.000001
v -95.694031 -29.028467 -0.000012
v -92.387901 -38.268345 -0.000010
v -88.192093 -47.139675 -0.000003
v -83.146980 -55.557026 0.000026
v -77.301010 -63.439335 0.000020
v -70.710663 -70.710678 -0.000005
v -63.439323 -77.301041 0.000016
v -55.557068 -83.146957 0.000015
v -47.139648 -88.192123 0.000009
v -38.268311 -92.387947 0.000013
v -29.028469 -95.694038 0.000014
v -19.509029 -98.078522 0.000017
v -9.801707 -99.518471 0.000015
v -9.754510 99.518471 -0.960753
v -19.415089 98.078522 -1.912234
v -28.888691 95.694038 -2.845304
v -38.084038 92.387947 -3.750967
v -46.912659 88.192123 -4.620513
v -55.289543 83.146957 -5.445557
v -63.133842 77.301041 -6.218150
v -70.370171 70.710678 -6.930884
v -76.928787 63.439335 -7.576826
v -82.746597 55.557026 -8.149820
v -87.767426 47.139675 -8.644356
v -91.943031 38.268345 -9.055621
v -95.233238 29.028465 -9.379677
v -97.606239 19.509031 -9.613381
v -99.039230 9.801712 -9.754530
v -99.518440 -0.000002 -9.801740
v -99.039230 -9.801716 -9.754526
v -97.606239 -19.509035 -9.613376
v -95.233238 -29.028469 -9.379667
v -91.943031 -38.268345 -9.055608
v -87.767426 -47.139675 -8.644341
v -82.746597 -55.557026 -8.149803
v -76.928787 -63.439335 -7.576805
v -70.370171 -70.710678 -6.930861
v -63.133842 -77.301041 -6.218125
v -55.289543 -83.146957 -5.445530
v -46.912659 -88.192123 -4.620485
v -38.084038 -92.387947 -3.750937
v -28.888691 -95.694038 -2.845273
v -19.415089 -98.078522 -1.912202
v -9.754510 -99.518471 -0.960721
v -9.613370 99.518471 -1.912236
v -19.134171 98.078522 -3.806038
v -28.470695 95.694038 -5.663190
v -37.532993 92.387947 -7.465794
v -46.233871 88.192123 -9.196508
v -54.489552 83.146957 -10.838657
v -62.220352 77.301041 -12.376407
v -69.351974 70.710678 -13.794992
v -75.815704 63.439331 -15.080680
v -81.549332 55.557022 -16.221163
v -86.497505 47.139671 -17.205442
v -90.612701 38.268341 -18.024008
v -93.855301 29.028463 -18.669001
v -96.193962 19.509029 -19.134176
v -97.606209 9.801711 -19.415100
v -98.078499 -0.000003 -19.509054
v -97.606209 -9.801717 -19.415096
v -96.193962 -19.509037 -19.134169
v -93.855301 -29.028471 -18.668993
v -90.612701 -38.268349 -18.023996
v -86.497505 -47.139679 -17.205427
v -81.549332 -55.557030 -16.221144
v -75.815704 -63.439339 -15.080659
v -69.351974 -70.710678 -13.794970
v -62.220352 -77.301041 -12.376382
v -54.489552 -83.146957 -10.838631
v -46.233871 -88.192123 -9.196480
v -37.532993 -92.387947 -7.465763
v -28.470695 -95.694038 -5.663159
v -19.134171 -98.078522 -3.806006
v -9.613370 -99.518471 -1.912203
v -9.379648 99.518471 -2.845303
v -18.668978 98.078522 -5.663188
v -27.778513 95.694038 -8.426536
v -36.620487 92.387947 -11.108721
v -45.109829 88.192123 -13.683937
v -53.164799 83.146957 -16.127377
v -60.707645 77.301041 -18.415474
v -67.665878 70.710678 -20.526247
v -73.972466 63.439331 -22.439299
v -79.566696 55.557022 -24.136288
v -84.394562 47.139671 -25.600832
v -88.409714 38.268341 -26.818815
v -91.573479 29.028463 -27.778534
v -93.855286 19.509029 -28.470699
v -95.233200 9.801709 -28.888693
v -95.693993 -0.000005 -29.028488
v -95.233200 -9.801719 -28.888689
v -93.855286 -19.509037 -28.470692
v -91.573479 -29.028471 -27.778526
v -88.409714 -38.268349 -26.818804
v -84.394562 -47.139679 -25.600817
v -79.566696 -55.557030 -24.136269
v -73.972466 -63.439339 -22.439280
v -67.665878 -70.710678 -20.526224
v -60.707645 -77.301041 -18.415447
v -53.164799 -83.146957 -16.127350
v -45.109829 -88.192123 -13.683908
v -36.620487 -92.387947 -11.108690
v -27.778513 -95.694038 -8.426505
v -18.668978 -98.078522 -5.663155
v -9.379648 -99.518471 -2.845271
v -9.055595 99.518471 -3.750968
v -18.023994 98.078522 -7.465797
v -26.818806 95.694038 -11.108729
v -35.355305 92.387947 -14.644665
v -43.551353 88.192123 -18.039583
v -51.328041 83.146957 -21.260780
v -58.610291 77.301033 -24.277187
v -65.328125 70.710670 -27.059822
v -71.416832 63.439331 -29.581820
v -76.817795 55.557022 -31.818966
v -81.478859 47.139671 -33.749672
v -85.355286 38.268337 -35.355343
v -88.409760 29.028461 -36.620544
v -90.612724 19.509027 -37.533031
v -91.943047 9.801707 -38.084068
v -92.387917 -0.000006 -38.268360
v -91.943047 -9.801721 -38.084068
v -90.612724 -19.509039 -37.533024
v -88.409760 -29.028473 -36.620537
v -85.355286 -38.268353 -35.355328
v -81.478859 -47.139679 -33.749657
v -76.817795 -55.557030 -31.818947
v -71.416832 -63.439339 -29.581800
v -65.328125 -70.710686 -27.059799
v -58.610291 -77.301048 -24.277161
v -51.328041 -83.146957 -21.260754
v -43.551353 -88.192123 -18.039553
v -35.355305 -92.387947 -14.644634
v -26.818806 -95.694038 -11.108699
v -18.023994 -98.078522 -7.465765
v -9.055595 -99.518471 -3.750936
v -8.644333 99.518471 -4.620510
v -17.205429 98.078522 -9.196507
v -25.600821 95.694038 -13.683941
v -33.749634 92.387947 -18.039572
v -41.573452 88.192123 -22.221495
v -48.996964 83.146950 -26.189430
v -55.948490 77.301033 -29.905100
v -62.361229 70.710670 -33.332798
v -68.173416 63.439327 -36.439449
v -73.329094 55.557018 -39.195210
v -77.778473 47.139668 -41.573483
v -81.478844 38.268337 -43.551376
v -84.394600 29.028460 -45.109879
v -86.497520 19.509026 -46.233898
v -87.767426 9.801706 -46.912678
v -88.192085 -0.000008 -47.139687
v -87.767426 -9.801722 -46.912678
v -86.497520 -19.509041 -46.233891
v -84.394600 -29.028475 -45.109871
v -81.478844 -38.268353 -43.551361
v -77.778473 -47.139683 -41.573467
v -73.329094 -55.557034 -39.195194
v -68.173416 -63.439342 -36.439426
v -62.361229 -70.710686 -33.332775
v -55.948490 -77.301048 -29.905073
v -48.996964 -83.146965 -26.189404
v -41.573452 -88.192123 -22.221464
v -33.749634 -92.387947 -18.039541
v -25.600821 -95.694038 -13.683910
v -17.205429 -98.078522 -9.196475
v -8.644333 -99.518471 -4.620478
v -8.149820 99.518471 -5.445554
v -16.221165 98.078522 -10.838651
v -24.136288 95.694038 -16.127369
v -31.818932 92.387947 -21.260750
v -39.195179 88.192116 -26.189405
v -46.194019 83.146950 -30.865864
v -52.747871 77.301033 -35.245007
v -58.793755 70.710670 -39.284760
v -64.273453 63.439327 -42.946144
v -69.134193 55.557018 -46.193981
v -73.329033 47.139668 -48.996914
v -76.817719 38.268337 -51.327988
v -79.566673 29.028458 -53.164780
v -81.549301 19.509024 -54.489510
v -82.746544 9.801705 -55.289490
v -83.146919 -0.000009 -55.557037
v -82.746544 -9.801723 -55.289490
v -81.549301 -19.509043 -54.489502
v -79.566673 -29.028477 -53.164772
v -76.817719 -38.268353 -51.327972
v -73.329033 -47.139683 -48.996899
v -69.134193 -55.557034 -46.193966
v -64.273453 -63.439342 -42.946121
v -58.793755 -70.710686 -39.284737
v -52.747871 -77.301048 -35.244984
v -46.194019 -83.146965 -30.865837
v -39.195179 -88.192131 -26.189375
v -31.818932 -92.387947 -21.260719
v -24.136288 -95.694038 -16.127338
v -16.221165 -98.078522 -10.838618
v -8.149820 -99.518471 -5.445521
v -7.576821 99.518471 -6.218154
v -15.080685 98.078522 -12.376411
v -22.439306 95.694038 -18.415482
v -29.581800 92.387939 -24.277174
v -36.439438 88.192116 -29.905096
v -42.946198 83.146950 -35.245045
v -49.039261 77.301033 -40.245487
v -54.660065 70.710670 -44.858387
v -59.754498 63.439327 -49.039246
v -64.273491 55.557018 -52.747883
v -68.173393 47.139668 -55.948486
v -71.416801 38.268333 -58.610287
v -73.972473 29.028458 -60.707676
v -75.815712 19.509024 -62.220356
v -76.928780 9.801703 -63.133835
v -77.301003 -0.000010 -63.439335
v -76.928780 -9.801724 -63.133835
v -75.815712 -19.509043 -62.220348
v -73.972473 -29.028477 -60.707668
v -71.416801 -38.268356 -58.610271
v -68.173393 -47.139683 -55.948471
v -64.273491 -55.557034 -52.747868
v -59.754498 -63.439342 -49.039223
v -54.660065 -70.710686 -44.858364
v -49.039261 -77.301048 -40.245464
v -42.946198 -83.146965 -35.245014
v -36.439438 -88.192131 -29.905066
v -29.581800 -92.387955 -24.277143
v -22.439306 -95.694038 -18.415451
v -15.080685 -98.078522 -12.376379
v -7.576821 -99.518471 -6.218122
v -6.930852 99.518471 -6.930871
v -13.794968 98.078522 -13.794982
v -20.526224 95.694038 -20.526243
v -27.059778 92.387939 -27.059797
v -33.332760 88.192116 -33.332783
v -39.284782 83.146950 -39.284798
v -44.858379 77.301033 -44.858383
v -49.999973 70.710670 -50.000004
v -54.660076 63.439327 -54.660076
v -58.793800 55.557014 -58.793793
v -62.361217 47.139664 -62.361240
v -65.328094 38.268333 -65.328133
v -67.665886 29.028456 -67.665924
v -69.351974 19.509022 -69.351982
v -70.370155 9.801702 -70.370171
v -70.710632 -0.000012 -70.710678
v -70.370155 -9.801725 -70.370171
v -69.351974 -19.509045 -69.351982
v -67.665886 -29.028479 -67.665909
v -65.328094 -38.268356 -65.328117
v -62.361217 -47.139687 -62.361225
v -58.793800 -55.557037 -58.793777
v -54.660076 -63.439342 -54.660053
v -49.999973 -70.710686 -49.999981
v -44.858379 -77.301048 -44.858360
v -39.284782 -83.146965 -39.284767
v -33.332760 -88.192131 -33.332752
v -27.059778 -92.387955 -27.059767
v -20.526224 -95.694038 -20.526213
v -13.794968 -98.078522 -13.794950
v -6.930852 -99.518471 -6.930838
v -6.218135 99.518471 -7.576838
v -12.376398 98.078522 -15.080699
v -18.415462 95.694038 -22.439325
v -24.277153 92.387939 -29.581818
v -29.905069 88.192116 -36.439457
v -35.245033 83.146950 -42.946213
v -40.245483 77.301033 -49.039268
v -44.858353 70.710670 -54.660091
v -49.039249 63.439323 -59.754498
v -52.747894 55.557014 -64.273476
v -55.948460 47.139664 -68.173424
v -58.610249 38.268333 -71.416832
v -60.707642 29.028456 -73.972511
v -62.220348 19.509022 -75.815720
v -63.133823 9.801702 -76.928795
v -63.439285 -0.000013 -77.301041
v -63.133823 -9.801726 -76.928795
v -62.220348 -19.509045 -75.815720
v -60.707642 -29.028479 -73.972496
v -58.610249 -38.268356 -71.416817
v -55.948460 -47.139687 -68.173409
v -52.747894 -55.557037 -64.273460
v -49.039249 -63.439346 -59.754475
v -44.858353 -70.710686 -54.660069
v -40.245483 -77.301048 -49.039246
v -35.245033 -83.146965 -42.946182
v -29.905069 -88.192131 -36.439426
v -24.277153 -92.387955 -29.581787
v -18.415462 -95.694038 -22.439295
v -12.376398 -98.078522 -15.080667
v -6.218135 -99.518471 -7.576806
v -5.445535 99.518471 -8.149837
v -10.838636 98.078522 -16.221180
v -16.127352 95.694031 -24.136305
v -21.260729 92.387939 -31.818951
v -26.189379 88.192116 -39.195202
v -30.865854 83.146950 -46.194031
v -35.245003 77.301033 -52.747875
v -39.284725 70.710670 -58.793777
v -42.946148 63.439323 -64.273445
v -46.194000 55.557014 -69.134178
v -48.996891 47.139664 -73.329056
v -51.327957 38.268333 -76.817749
v -53.164745 29.028454 -79.566704
v -54.489498 19.509020 -81.549301
v -55.289478 9.801701 -82.746559
v -55.556976 -0.000014 -83.146950
v -55.289478 -9.801727 -82.746559
v -54.489498 -19.509047 -81.549301
v -53.164745 -29.028481 -79.566689
v -51.327957 -38.268356 -76.817734
v -48.996891 -47.139687 -73.329041
v -46.194000 -55.557037 -69.134163
v -42.946148 -63.439346 -64.273430
v -39.284725 -70.710686 -58.793755
v -35.245003 -77.301048 -52.747852
v -30.865854 -83.146965 -46.194000
v -26.189379 -88.192131 -39.195171
v -21.260729 -92.387955 -31.818920
v -16.127352 -95.694046 -24.136274
v -10.838636 -98.078522 -16.221149
v -5.445535 -99.518471 -8.149805
v -4.620491 99.518471 -8.644350
v -9.196493 98.078522 -17.205442
v -13.683924 95.694031 -25.600840
v -18.039551 92.387939 -33.749649
v -22.221470 88.192116 -41.573475
v -26.189423 83.146950 -48.996975
v -29.905092 77.301033 -55.948494
v -33.332760 70.710670 -62.361240
v -36.439453 63.439323 -68.173401
v -39.195232 55.557014 -73.329079
v -41.573452 47.139664 -77.778496
v -43.551342 38.268333 -81.478867
v -45.109840 29.028454 -84.394623
v -46.233891 19.509020 -86.497528
v -46.912659 9.801700 -87.767426
v -47.139626 -0.000014 -88.192108
v -46.912659 -9.801728 -87.767426
v -46.233891 -19.509047 -86.497528
v -45.109840 -29.028481 -84.394608
v -43.551342 -38.268356 -81.478851
v -41.573452 -47.139687 -77.778481
v -39.195232 -55.557037 -73.329063
v -36.439453 -63.439346 -68.173386
v -33.332760 -70.710686 -62.361217
v -29.905092 -77.301048 -55.948471
v -26.189423 -83.146965 -48.996944
v -22.221470 -88.192131 -41.573444
v -18.039551 -92.387955 -33.749619
v -13.683924 -95.694046 -25.600809
v -9.196493 -98.078522 -17.205412
v -4.620491 -99.518471 -8.644318
v -3.750949 99.518471 -9.055612
v -7.465782 98.078522 -18.024008
v -11.108713 95.694031 -26.818825
v -14.644644 92.387939 -35.355320
v -18.039557 88.192116 -43.551373
v -21.260773 83.146950 -51.328056
v -24.277180 77.301033 -58.610302
v -27.059784 70.710670 -65.328140
v -29.581823 63.439323 -71.416824
v -31.818989 55.557014 -76.817787
v -33.749641 47.139664 -81.478882
v -35.355305 38.268330 -85.355301
v -36.620502 29.028452 -88.409775
v -37.533020 19.509018 -90.612724
v -38.084049 9.801699 -91.943047
v -38.268299 -0.000015 -92.387924
v -38.084049 -9.801729 -91.943047
v -37.533020 -19.509048 -90.612724
v -36.620502 -29.028482 -88.409760
v -35.355305 -38.268360 -85.355286
v -33.749641 -47.139687 -81.478867
v -31.818989 -55.557037 -76.817772
v -29.581823 -63.439346 -71.416809
v -27.059784 -70.710686 -65.328110
v -24.277180 -77.301048 -58.610279
v -21.260773 -83.146965 -51.328026
v -18.039557 -88.192131 -43.551342
v -14.644644 -92.387955 -35.355289
v -11.108713 -95.694046 -26.818794
v -7.465782 -98.078522 -18.023977
v -3.750949 -99.518471 -9.055579
v -2.845283 99.518471 -9.379663
v -5.663172 98.078522 -18.668993
v -8.426518 95.694031 -27.778528
v -11.108700 92.387939 -36.620502
v -13.683912 88.192116 -45.109844
v -16.127369 83.146950 -53.164818
v -18.415466 77.301033 -60.707657
v -20.526207 70.710670 -67.665886
v -22.439306 63.439323 -73.972450
v -24.136314 55.557014 -79.566696
v -25.600798 47.139660 -84.394585
v -26.818779 38.268330 -88.409721
v -27.778494 29.028452 -91.573494
v -28.470690 19.509018 -93.855286
v -28.888666 9.801699 -95.233200
v -29.028425 -0.000016 -95.694008
v -28.888666 -9.801729 -95.233200
v -28.470690 -19.509048 -93.855286
v -27.778494 -29.028482 -91.573479
v -26.818779 -38.268360 -88.409706
v -25.600798 -47.139690 -84.394569
v -24.136314 -55.557037 -79.566681
v -22.439306 -63.439346 -73.972435
v -20.526207 -70.710686 -67.665855
v -18.415466 -77.301048 -60.707634
v -16.127369 -83.146965 -53.164787
v -13.683912 -88.192131 -45.109814
v -11.108700 -92.387955 -36.620472
v -8.426518 -95.694046 -27.778498
v -5.663172 -98.078522 -18.668962
v -2.845283 -99.518471 -9.379631
v -1.912216 99.518471 -9.613385
v -3.806023 98.078522 -19.134186
v -5.663173 95.694031 -28.470711
v -7.465772 92.387939 -37.533005
v -9.196484 88.192116 -46.233883
v -10.838650 83.146950 -54.489574
v -12.376401 77.301033 -62.220364
v -13.794952 70.710670 -69.351974
v -15.080688 63.439323 -75.815689
v -16.221193 55.557014 -81.549332
v -17.205408 47.139660 -86.497520
v -18.023973 38.268330 -90.612701
v -18.668961 29.028452 -93.855316
v -19.134169 19.509018 -96.193962
v -19.415071 9.801698 -97.606209
v -19.508993 -0.000016 -98.078499
v -19.415071 -9.801730 -97.606209
v -19.134169 -19.509048 -96.193962
v -18.668961 -29.028482 -93.855301
v -18.023973 -38.268360 -90.612686
v -17.205408 -47.139690 -86.497505
v -16.221193 -55.557037 -81.549316
v -15.080688 -63.439346 -75.815674
v -13.794952 -70.710686 -69.351944
v -12.376401 -77.301048 -62.220341
v -10.838650 -83.146965 -54.489544
v -9.196484 -88.192131 -46.233852
v -7.465772 -92.387955 -37.532974
v -5.663173 -95.694046 -28.470680
v -3.806023 -98.078522 -19.134155
v -1.912216 -99.518471 -9.613353
v -0.960733 99.518471 -9.754523
v -1.912219 98.078522 -19.415104
v -2.845287 95.694031 -28.888706
v -3.750946 92.387939 -38.084045
v -4.620488 88.192116 -46.912666
v -5.445548 83.146950 -55.289570
v -6.218144 77.301033 -63.133854
v -6.930845 70.710663 -70.370171
v -7.576833 63.439323 -76.928787
v -8.149852 55.557011 -82.746605
v -8.644320 47.139660 -87.767433
v -9.055586 38.268330 -91.943031
v -9.379637 29.028452 -95.233253
v -9.613374 19.509018 -97.606239
v -9.754501 9.801698 -99.039223
v -9.801679 -0.000016 -99.518433
v -9.754501 -9.801730 -99.039223
v -9.613374 -19.509048 -97.606239
v -9.379637 -29.028482 -95.233238
v -9.055586 -38.268360 -91.943016
v -8.644320 -47.139690 -87.767418
v -8.149852 -55.557041 -82.746590
v -7.576833 -63.439346 -76.928772
v -6.930845 -70.710693 -70.370140
v -6.218144 -77.301048 -63.133831
v -5.445548 -83.146965 -55.289539
v -4.620488 -88.192131 -46.912636
v -3.750946 -92.387955 -38.084015
v -2.845287 -95.694046 -28.888676
v -1.912219 -98.078522 -19.415073
v -0.960733 -99.518471 -9.754491
v 0.000003 92.387939 -38.268314
v -0.000001 83.146950 -55.557095
v -0.000003 77.301033 -63.439335
v 0.000010 70.710663 -70.710663
v -0.000010 63.439323 -77.301018
v -0.000023 55.557011 -83.146988
v 0.000002 19.509018 -98.078522
v 0.000002 -19.509048 -98.078522
v -0.000023 -55.557041 -83.146973
v -0.000010 -63.439346 -77.301003
v 0.000010 -70.710693 -70.710632
v -0.000003 -77.301048 -63.439312
v -0.000001 -83.146965 -55.557064
v 0.000004 -88.192131 -47.139626
v 0.000003 -92.387955 -38.268284
v 0.000000 -98.078522 -19.509014
vt 0.750000 0.937500
vt 0.750000 0.968750
vt 0.734375 0.968750
vt 0.734375 0.937500
vt 0.750000 0.093750
vt 0.750000 0.125000
vt 0.734375 0.125000
vt 0.734375 0.093750
vt 0.750000 0.500000
vt 0.750000 0.531250
vt 0.734375 0.531250
vt 0.734375 0.500000
vt 0.750000 0.906250
vt 0.734375 0.906250
vt 0.750000 0.062500
vt 0.734375 0.062500
vt 0.750000 0.468750
vt 0.734375 0.468750
vt 0.750000 0.875000
vt 0.734375 0.875000
vt 0.750000 0.031250
vt 0.734375 0.031250
vt 0.750000 0.437500
vt 0.734375 0.437500
vt 0.750000 0.843750
vt 0.734375 0.843750
vt 0.742188 0.000000
vt 0.750000 0.406250
vt 0.734375 0.406250
vt 0.750000 0.812500
vt 0.734375 0.812500
vt 0.750000 0.375000
vt 0.734375 0.375000
vt 0.750000 0.781250
vt 0.734375 0.781250
vt 0.750000 0.343750
vt 0.734375 0.343750
vt 0.750000 0.750000
vt 0.734375 0.750000
vt 0.750000 0.312500
vt 0.734375 0.312500
vt 0.750000 0.718750
vt 0.734375 0.718750
vt 0.750000 0.281250
vt 0.734375 0.281250
vt 0.750000 0.687500
vt 0.734375 0.687500
vt 0.750000 0.250000
vt 0.734375 0.250000
vt 0.750000 0.656250
vt 0.734375 0.656250
vt 0.750000 0.218750
vt 0.734375 0.218750
vt 0.750000 0.625000
vt 0.734375 0.625000
vt 0.750000 0.187500
vt 0.734375 0.187500
vt 0.750000 0.593750
vt 0.734375 0.593750
vt 0.750000 0.156250
vt 0.734375 0.156250
vt 0.750000 0.562500
vt 0.734375 0.562500
vt 0.742188 1.000000
vt 0.718750 0.281250
vt 0.718750 0.250000
vt 0.718750 0.687500
vt 0.718750 0.656250
vt 0.718750 0.218750
vt 0.718750 0.625000
vt 0.718750 0.187500
vt 0.718750 0.593750
vt 0.718750 0.156250
vt 0.718750 0.562500
vt 0.726562 1.000000
vt 0.718750 0.968750
vt 0.718750 0.125000
vt 0.718750 0.531250
vt 0.718750 0.937500
vt 0.718750 0.093750
vt 0.718750 0.500000
vt 0.718750 0.906250
vt 0.718750 0.062500
vt 0.718750 0.468750
vt 0.718750 0.875000
vt 0.718750 0.031250
vt 0.718750 0.437500
vt 0.718750 0.843750
vt 0.726562 0.000000
vt 0.718750 0.406250
vt 0.718750 0.812500
vt 0.718750 0.375000
vt 0.718750 0.781250
vt 0.718750 0.343750
vt 0.718750 0.750000
vt 0.718750 0.312500
vt 0.718750 0.718750
vt 0.703125 0.218750
vt 0.703125 0.187500
vt 0.703125 0.625000
vt 0.703125 0.593750
vt 0.703125 0.156250
vt 0.703125 0.562500
vt 0.710938 1.000000
vt 0.703125 0.968750
vt 0.703125 0.125000
vt 0.703125 0.531250
vt 0.703125 0.937500
vt 0.703125 0.093750
vt 0.703125 0.500000
vt 0.703125 0.906250
vt 0.703125 0.062500
vt 0.703125 0.468750
vt 0.703125 0.875000
vt 0.703125 0.031250
vt 0.703125 0.437500
vt 0.703125 0.843750
vt 0.710938 0.000000
vt 0.703125 0.406250
vt 0.703125 0.812500
vt 0.703125 0.375000
vt 0.703125 0.781250
vt 0.703125 0.343750
vt 0.703125 0.750000
vt 0.703125 0.312500
vt 0.703125 0.718750
vt 0.703125 0.281250
vt 0.703125 0.687500
vt 0.703125 0.250000
vt 0.703125 0.656250
vt 0.695312 1.000000
vt 0.687500 0.968750
vt 0.687500 0.156250
vt 0.687500 0.125000
vt 0.687500 0.562500
vt 0.687500 0.531250
vt 0.687500 0.937500
vt 0.687500 0.093750
vt 0.687500 0.500000
vt 0.687500 0.906250
vt 0.687500 0.062500
vt 0.687500 0.468750
vt 0.687500 0.875000
vt 0.687500 0.031250
vt 0.687500 0.437500
vt 0.687500 0.843750
vt 0.695312 0.000000
vt 0.687500 0.406250
vt 0.687500 0.812500
vt 0.687500 0.375000
vt 0.687500 0.781250
vt 0.687500 0.343750
vt 0.687500 0.750000
vt 0.687500 0.312500
vt 0.687500 0.718750
vt 0.687500 0.281250
vt 0.687500 0.687500
vt 0.687500 0.250000
vt 0.687500 0.656250
vt 0.687500 0.218750
vt 0.687500 0.625000
vt 0.687500 0.187500
vt 0.687500 0.593750
vt 0.671875 0.937500
vt 0.671875 0.906250
vt 0.671875 0.093750
vt 0.671875 0.062500
vt 0.671875 0.500000
vt 0.671875 0.468750
vt 0.671875 0.875000
vt 0.671875 0.031250
vt 0.671875 0.437500
vt 0.671875 0.843750
vt 0.679688 0.000000
vt 0.671875 0.406250
vt 0.671875 0.812500
vt 0.671875 0.375000
vt 0.671875 0.781250
vt 0.671875 0.343750
vt 0.671875 0.750000
vt 0.671875 0.312500
vt 0.671875 0.718750
vt 0.671875 0.281250
vt 0.671875 0.687500
vt 0.671875 0.250000
vt 0.671875 0.656250
vt 0.671875 0.218750
vt 0.671875 0.625000
vt 0.671875 0.187500
vt 0.671875 0.593750
vt 0.671875 0.156250
vt 0.671875 0.562500
vt 0.679688 1.000000
vt 0.671875 0.968750
vt 0.671875 0.125000
vt 0.671875 0.531250
vt 0.656250 0.875000
vt 0.656250 0.843750
vt 0.664062 0.000000
vt 0.656250 0.031250
vt 0.656250 0.437500
vt 0.656250 0.406250
vt 0.656250 0.812500
vt 0.656250 0.375000
vt 0.656250 0.781250
vt 0.656250 0.343750
vt 0.656250 0.750000
vt 0.656250 0.312500
vt 0.656250 0.718750
vt 0.656250 0.281250
vt 0.656250 0.687500
vt 0.656250 0.250000
vt 0.656250 0.656250
vt 0.656250 0.218750
vt 0.656250 0.625000
vt 0.656250 0.187500
vt 0.656250 0.593750
vt 0.656250 0.156250
vt 0.656250 0.562500
vt 0.664062 1.000000
vt 0.656250 0.968750
vt 0.656250 0.125000
vt 0.656250 0.531250
vt 0.656250 0.937500
vt 0.656250 0.093750
vt 0.656250 0.500000
vt 0.656250 0.906250
vt 0.656250 0.062500
vt 0.656250 0.468750
vt 0.640625 0.812500
vt 0.640625 0.781250
vt 0.640625 0.375000
vt 0.640625 0.343750
vt 0.640625 0.750000
vt 0.640625 0.312500
vt 0.640625 0.718750
vt 0.640625 0.281250
vt 0.640625 0.687500
vt 0.640625 0.250000
vt 0.640625 0.656250
vt 0.640625 0.218750
vt 0.640625 0.625000
vt 0.640625 0.187500
vt 0.640625 0.593750
vt 0.640625 0.156250
vt 0.640625 0.562500
vt 0.648438 1.000000
vt 0.640625 0.968750
vt 0.640625 0.125000
vt 0.640625 0.531250
vt 0.640625 0.937500
vt 0.640625 0.093750
vt 0.640625 0.500000
vt 0.640625 0.906250
vt 0.640625 0.062500
vt 0.640625 0.468750
vt 0.640625 0.875000
vt 0.640625 0.031250
vt 0.640625 0.437500
vt 0.640625 0.843750
vt 0.648438 0.000000
vt 0.640625 0.406250
vt 0.625000 0.750000
vt 0.625000 0.718750
vt 0.625000 0.312500
vt 0.625000 0.281250
vt 0.625000 0.687500
vt 0.625000 0.250000
vt 0.625000 0.656250
vt 0.625000 0.218750
vt 0.625000 0.625000
vt 0.625000 0.187500
vt 0.625000 0.593750
vt 0.625000 0.156250
vt 0.625000 0.562500
vt 0.632812 1.000000
vt 0.625000 0.968750
vt 0.625000 0.125000
vt 0.625000 0.531250
vt 0.625000 0.937500
vt 0.625000 0.093750
vt 0.625000 0.500000
vt 0.625000 0.906250
vt 0.625000 0.062500
vt 0.625000 0.468750
vt 0.625000 0.875000
vt 0.625000 0.031250
vt 0.625000 0.437500
vt 0.625000 0.843750
vt 0.632812 0.000000
vt 0.625000 0.406250
vt 0.625000 0.812500
vt 0.625000 0.375000
vt 0.625000 0.781250
vt 0.625000 0.343750
vt 0.609375 0.687500
vt 0.609375 0.656250
vt 0.609375 0.250000
vt 0.609375 0.218750
vt 0.609375 0.625000
vt 0.609375 0.187500
vt 0.609375 0.593750
vt 0.609375 0.156250
vt 0.609375 0.562500
vt 0.617188 1.000000
vt 0.609375 0.968750
vt 0.609375 0.125000
vt 0.609375 0.531250
vt 0.609375 0.937500
vt 0.609375 0.093750
vt 0.609375 0.500000
vt 0.609375 0.906250
vt 0.609375 0.062500
vt 0.609375 0.468750
vt 0.609375 0.875000
vt 0.609375 0.031250
vt 0.609375 0.437500
vt 0.609375 0.843750
vt 0.617188 0.000000
vt 0.609375 0.406250
vt 0.609375 0.812500
vt 0.609375 0.375000
vt 0.609375 0.781250
vt 0.609375 0.343750
vt 0.609375 0.750000
vt 0.609375 0.312500
vt 0.609375 0.718750
vt 0.609375 0.281250
vt 0.593750 0.625000
vt 0.593750 0.593750
vt 0.593750 0.187500
vt 0.593750 0.156250
vt 0.593750 0.562500
vt 0.601562 1.000000
vt 0.593750 0.968750
vt 0.593750 0.125000
vt 0.593750 0.531250
vt 0.593750 0.937500
vt 0.593750 0.093750
vt 0.593750 0.500000
vt 0.593750 0.906250
vt 0.593750 0.062500
vt 0.593750 0.468750
vt 0.593750 0.875000
vt 0.593750 0.031250
vt 0.593750 0.437500
vt 0.593750 0.843750
vt 0.601562 0.000000
vt 0.593750 0.406250
vt 0.593750 0.812500
vt 0.593750 0.375000
vt 0.593750 0.781250
vt 0.593750 0.343750
vt 0.593750 0.750000
vt 0.593750 0.312500
vt 0.593750 0.718750
vt 0.593750 0.281250
vt 0.593750 0.687500
vt 0.593750 0.250000
vt 0.593750 0.656250
vt 0.593750 0.218750
vt 0.578125 0.562500
vt 0.578125 0.531250
vt 0.578125 0.968750
vt 0.578125 0.937500
vt 0.578125 0.125000
vt 0.578125 0.093750
vt 0.578125 0.500000
vt 0.578125 0.906250
vt 0.578125 0.062500
vt 0.578125 0.468750
vt 0.578125 0.875000
vt 0.578125 0.031250
vt 0.578125 0.437500
vt 0.578125 0.843750
vt 0.585938 0.000000
vt 0.578125 0.406250
vt 0.578125 0.812500
vt 0.578125 0.375000
vt 0.578125 0.781250
vt 0.578125 0.343750
vt 0.578125 0.750000
vt 0.578125 0.312500
vt 0.578125 0.718750
vt 0.578125 0.281250
vt 0.578125 0.687500
vt 0.578125 0.250000
vt 0.578125 0.656250
vt 0.578125 0.218750
vt 0.578125 0.625000
vt 0.578125 0.187500
vt 0.578125 0.593750
vt 0.578125 0.156250
vt 0.585938 1.000000
vt 0.562500 0.500000
vt 0.562500 0.468750
vt 0.562500 0.906250
vt 0.562500 0.875000
vt 0.562500 0.062500
vt 0.562500 0.031250
vt 0.562500 0.437500
vt 0.562500 0.843750
vt 0.570312 0.000000
vt 0.562500 0.406250
vt 0.562500 0.812500
vt 0.562500 0.375000
vt 0.562500 0.781250
vt 0.562500 0.343750
vt 0.562500 0.750000
vt 0.562500 0.312500
vt 0.562500 0.718750
vt 0.562500 0.281250
vt 0.562500 0.687500
vt 0.562500 0.250000
vt 0.562500 0.656250
vt 0.562500 0.218750
vt 0.562500 0.625000
vt 0.562500 0.187500
vt 0.562500 0.593750
vt 0.562500 0.156250
vt 0.562500 0.562500
vt 0.570312 1.000000
vt 0.562500 0.968750
vt 0.562500 0.125000
vt 0.562500 0.531250
vt 0.562500 0.937500
vt 0.562500 0.093750
vt 0.546875 0.437500
vt 0.546875 0.406250
vt 0.546875 0.843750
vt 0.546875 0.812500
vt 0.546875 0.375000
vt 0.546875 0.781250
vt 0.546875 0.343750
vt 0.546875 0.750000
vt 0.546875 0.312500
vt 0.546875 0.718750
vt 0.546875 0.281250
vt 0.546875 0.687500
vt 0.546875 0.250000
vt 0.546875 0.656250
vt 0.546875 0.218750
vt 0.546875 0.625000
vt 0.546875 0.187500
vt 0.546875 0.593750
vt 0.546875 0.156250
vt 0.546875 0.562500
vt 0.554688 1.000000
vt 0.546875 0.968750
vt 0.546875 0.125000
vt 0.546875 0.531250
vt 0.546875 0.937500
vt 0.546875 0.093750
vt 0.546875 0.500000
vt 0.546875 0.906250
vt 0.546875 0.062500
vt 0.546875 0.468750
vt 0.546875 0.875000
vt 0.546875 0.031250
vt 0.554688 0.000000
vt 0.531250 0.375000
vt 0.531250 0.343750
vt 0.531250 0.781250
vt 0.531250 0.750000
vt 0.531250 0.312500
vt 0.531250 0.718750
vt 0.531250 0.281250
vt 0.531250 0.687500
vt 0.531250 0.250000
vt 0.531250 0.656250
vt 0.531250 0.218750
vt 0.531250 0.625000
vt 0.531250 0.187500
vt 0.531250 0.593750
vt 0.531250 0.156250
vt 0.531250 0.562500
vt 0.539062 1.000000
vt 0.531250 0.968750
vt 0.531250 0.125000
vt 0.531250 0.531250
vt 0.531250 0.937500
vt 0.531250 0.093750
vt 0.531250 0.500000
vt 0.531250 0.906250
vt 0.531250 0.062500
vt 0.531250 0.468750
vt 0.531250 0.875000
vt 0.531250 0.031250
vt 0.531250 0.437500
vt 0.531250 0.843750
vt 0.539062 0.000000
vt 0.531250 0.406250
vt 0.531250 0.812500
vt 0.515625 0.312500
vt 0.515625 0.281250
vt 0.515625 0.718750
vt 0.515625 0.687500
vt 0.515625 0.250000
vt 0.515625 0.656250
vt 0.515625 0.218750
vt 0.515625 0.625000
vt 0.515625 0.187500
vt 0.515625 0.593750
vt 0.515625 0.156250
vt 0.515625 0.562500
vt 0.523438 1.000000
vt 0.515625 0.968750
vt 0.515625 0.125000
vt 0.515625 0.531250
vt 0.515625 0.937500
vt 0.515625 0.093750
vt 0.515625 0.500000
vt 0.515625 0.906250
vt 0.515625 0.062500
vt 0.515625 0.468750
vt 0.515625 0.875000
vt 0.515625 0.031250
vt 0.515625 0.437500
vt 0.515625 0.843750
vt 0.523438 0.000000
vt 0.515625 0.406250
vt 0.515625 0.812500
vt 0.515625 0.375000
vt 0.515625 0.781250
vt 0.515625 0.343750
vt 0.515625 0.750000
vt 0.500000 0.250000
vt 0.500000 0.218750
vt 0.500000 0.656250
vt 0.500000 0.625000
vt 0.500000 0.187500
vt 0.500000 0.593750
vt 0.500000 0.156250
vt 0.500000 0.562500
vt 0.507812 1.000000
vt 0.500000 0.968750
vt 0.500000 0.125000
vt 0.500000 0.531250
vt 0.500000 0.937500
vt 0.500000 0.093750
vt 0.500000 0.500000
vt 0.500000 0.906250
vt 0.500000 0.062500
vt 0.500000 0.468750
vt 0.500000 0.875000
vt 0.500000 0.031250
vt 0.500000 0.437500
vt 0.500000 0.843750
vt 0.507812 0.000000
vt 0.500000 0.406250
vt 0.500000 0.812500
vt 0.500000 0.375000
vt 0.500000 0.781250
vt 0.500000 0.343750
vt 0.500000 0.750000
vt 0.500000 0.312500
vt 0.500000 0.718750
vt 0.500000 0.281250
vt 0.500000 0.687500
vt 0.484375 0.187500
vt 0.484375 0.156250
vt 0.484375 0.593750
vt 0.484375 0.562500
vt 0.492188 1.000000
vt 0.484375 0.968750
vt 0.484375 0.125000
vt 0.484375 0.531250
vt 0.484375 0.937500
vt 0.484375 0.093750
vt 0.484375 0.500000
vt 0.484375 0.906250
vt 0.484375 0.062500
vt 0.484375 0.468750
vt 0.484375 0.875000
vt 0.484375 0.031250
vt 0.484375 0.437500
vt 0.484375 0.843750
vt 0.492188 0.000000
vt 0.484375 0.406250
vt 0.484375 0.812500
vt 0.484375 0.375000
vt 0.484375 0.781250
vt 0.484375 0.343750
vt 0.484375 0.750000
vt 0.484375 0.312500
vt 0.484375 0.718750
vt 0.484375 0.281250
vt 0.484375 0.687500
vt 0.484375 0.250000
vt 0.484375 0.656250
vt 0.484375 0.218750
vt 0.484375 0.625000
vt 0.468750 0.968750
vt 0.468750 0.937500
vt 0.468750 0.125000
vt 0.468750 0.093750
vt 0.468750 0.531250
vt 0.468750 0.500000
vt 0.468750 0.906250
vt 0.468750 0.062500
vt 0.468750 0.468750
vt 0.468750 0.875000
vt 0.468750 0.031250
vt 0.468750 0.437500
vt 0.468750 0.843750
vt 0.476562 0.000000
vt 0.468750 0.406250
vt 0.468750 0.812500
vt 0.468750 0.375000
vt 0.468750 0.781250
vt 0.468750 0.343750
vt 0.468750 0.750000
vt 0.468750 0.312500
vt 0.468750 0.718750
vt 0.468750 0.281250
vt 0.468750 0.687500
vt 0.468750 0.250000
vt 0.468750 0.656250
vt 0.468750 0.218750
vt 0.468750 0.625000
vt 0.468750 0.187500
vt 0.468750 0.593750
vt 0.468750 0.156250
vt 0.468750 0.562500
vt 0.476562 1.000000
vt 0.453125 0.906250
vt 0.453125 0.875000
vt 0.453125 0.062500
vt 0.453125 0.031250
vt 0.453125 0.468750
vt 0.453125 0.437500
vt 0.453125 0.843750
vt 0.460938 0.000000
vt 0.453125 0.406250
vt 0.453125 0.812500
vt 0.453125 0.375000
vt 0.453125 0.781250
vt 0.453125 0.343750
vt 0.453125 0.750000
vt 0.453125 0.312500
vt 0.453125 0.718750
vt 0.453125 0.281250
vt 0.453125 0.687500
vt 0.453125 0.250000
vt 0.453125 0.656250
vt 0.453125 0.218750
vt 0.453125 0.625000
vt 0.453125 0.187500
vt 0.453125 0.593750
vt 0.453125 0.156250
vt 0.453125 0.562500
vt 0.460938 1.000000
vt 0.453125 0.968750
vt 0.453125 0.125000
vt 0.453125 0.531250
vt 0.453125 0.937500
vt 0.453125 0.093750
vt 0.453125 0.500000
vt 0.437500 0.843750
vt 0.437500 0.812500
vt 0.437500 0.406250
vt 0.437500 0.375000
vt 0.437500 0.781250
vt 0.437500 0.343750
vt 0.437500 0.750000
vt 0.437500 0.312500
vt 0.437500 0.718750
vt 0.437500 0.281250
vt 0.437500 0.687500
vt 0.437500 0.250000
vt 0.437500 0.656250
vt 0.437500 0.218750
vt 0.437500 0.625000
vt 0.437500 0.187500
vt 0.437500 0.593750
vt 0.437500 0.156250
vt 0.437500 0.562500
vt 0.445312 1.000000
vt 0.437500 0.968750
vt 0.437500 0.125000
vt 0.437500 0.531250
vt 0.437500 0.937500
vt 0.437500 0.093750
vt 0.437500 0.500000
vt 0.437500 0.906250
vt 0.437500 0.062500
vt 0.437500 0.468750
vt 0.437500 0.875000
vt 0.437500 0.031250
vt 0.437500 0.437500
vt 0.445312 0.000000
vt 0.421875 0.781250
vt 0.421875 0.750000
vt 0.421875 0.343750
vt 0.421875 0.312500
vt 0.421875 0.718750
vt 0.421875 0.281250
vt 0.421875 0.687500
vt 0.421875 0.250000
vt 0.421875 0.656250
vt 0.421875 0.218750
vt 0.421875 0.625000
vt 0.421875 0.187500
vt 0.421875 0.593750
vt 0.421875 0.156250
vt 0.421875 0.562500
vt 0.429688 1.000000
vt 0.421875 0.968750
vt 0.421875 0.125000
vt 0.421875 0.531250
vt 0.421875 0.937500
vt 0.421875 0.093750
vt 0.421875 0.500000
vt 0.421875 0.906250
vt 0.421875 0.062500
vt 0.421875 0.468750
vt 0.421875 0.875000
vt 0.421875 0.031250
vt 0.421875 0.437500
vt 0.421875 0.843750
vt 0.429688 0.000000
vt 0.421875 0.406250
vt 0.421875 0.812500
vt 0.421875 0.375000
vt 0.406250 0.718750
vt 0.406250 0.687500
vt 0.406250 0.281250
vt 0.406250 0.250000
vt 0.406250 0.656250
vt 0.406250 0.218750
vt 0.406250 0.625000
vt 0.406250 0.187500
vt 0.406250 0.593750
vt 0.406250 0.156250
vt 0.406250 0.562500
vt 0.414062 1.000000
vt 0.406250 0.968750
vt 0.406250 0.125000
vt 0.406250 0.531250
vt 0.406250 0.937500
vt 0.406250 0.093750
vt 0.406250 0.500000
vt 0.406250 0.906250
vt 0.406250 0.062500
vt 0.406250 0.468750
vt 0.406250 0.875000
vt 0.406250 0.031250
vt 0.406250 0.437500
vt 0.406250 0.843750
vt 0.414062 0.000000
vt 0.406250 0.406250
vt 0.406250 0.812500
vt 0.406250 0.375000
vt 0.406250 0.781250
vt 0.406250 0.343750
vt 0.406250 0.750000
vt 0.406250 0.312500
vt 0.390625 0.656250
vt 0.390625 0.625000
vt 0.390625 0.218750
vt 0.390625 0.187500
vt 0.390625 0.593750
vt 0.390625 0.156250
vt 0.390625 0.562500
vt 0.398438 1.000000
vt 0.390625 0.968750
vt 0.390625 0.125000
vt 0.390625 0.531250
vt 0.390625 0.937500
vt 0.390625 0.093750
vt 0.390625 0.500000
vt 0.390625 0.906250
vt 0.390625 0.062500
vt 0.390625 0.468750
vt 0.390625 0.875000
vt 0.390625 0.031250
vt 0.390625 0.437500
vt 0.390625 0.843750
vt 0.398438 0.000000
vt 0.390625 0.406250
vt 0.390625 0.812500
vt 0.390625 0.375000
vt 0.390625 0.781250
vt 0.390625 0.343750
vt 0.390625 0.750000
vt 0.390625 0.312500
vt 0.390625 0.718750
vt 0.390625 0.281250
vt 0.390625 0.687500
vt 0.390625 0.250000
vt 0.375000 0.593750
vt 0.375000 0.562500
vt 0.382812 1.000000
vt 0.375000 0.968750
vt 0.375000 0.156250
vt 0.375000 0.125000
vt 0.375000 0.531250
vt 0.375000 0.937500
vt 0.375000 0.093750
vt 0.375000 0.500000
vt 0.375000 0.906250
vt 0.375000 0.062500
vt 0.375000 0.468750
vt 0.375000 0.875000
vt 0.375000 0.031250
vt 0.375000 0.437500
vt 0.375000 0.843750
vt 0.382812 0.000000
vt 0.375000 0.406250
vt 0.375000 0.812500
vt 0.375000 0.375000
vt 0.375000 0.781250
vt 0.375000 0.343750
vt 0.375000 0.750000
vt 0.375000 0.312500
vt 0.375000 0.718750
vt 0.375000 0.281250
vt 0.375000 0.687500
vt 0.375000 0.250000
vt 0.375000 0.656250
vt 0.375000 0.218750
vt 0.375000 0.625000
vt 0.375000 0.187500
vt 0.359375 0.531250
vt 0.359375 0.500000
vt 0.359375 0.937500
vt 0.359375 0.906250
vt 0.359375 0.093750
vt 0.359375 0.062500
vt 0.359375 0.468750
vt 0.359375 0.875000
vt 0.359375 0.031250
vt 0.359375 0.437500
vt 0.359375 0.843750
vt 0.367188 0.000000
vt 0.359375 0.406250
vt 0.359375 0.812500
vt 0.359375 0.375000
vt 0.359375 0.781250
vt 0.359375 0.343750
vt 0.359375 0.750000
vt 0.359375 0.312500
vt 0.359375 0.718750
vt 0.359375 0.281250
vt 0.359375 0.687500
vt 0.359375 0.250000
vt 0.359375 0.656250
vt 0.359375 0.218750
vt 0.359375 0.625000
vt 0.359375 0.187500
vt 0.359375 0.593750
vt 0.359375 0.156250
vt 0.359375 0.562500
vt 0.367188 1.000000
vt 0.359375 0.968750
vt 0.359375 0.125000
vt 0.343750 0.468750
vt 0.343750 0.437500
vt 0.343750 0.875000
vt 0.343750 0.843750
vt 0.351562 0.000000
vt 0.343750 0.031250
vt 0.343750 0.406250
vt 0.343750 0.812500
vt 0.343750 0.375000
vt 0.343750 0.781250
vt 0.343750 0.343750
vt 0.343750 0.750000
vt 0.343750 0.312500
vt 0.343750 0.718750
vt 0.343750 0.281250
vt 0.343750 0.687500
vt 0.343750 0.250000
vt 0.343750 0.656250
vt 0.343750 0.218750
vt 0.343750 0.625000
vt 0.343750 0.187500
vt 0.343750 0.593750
vt 0.343750 0.156250
vt 0.343750 0.562500
vt 0.351562 1.000000
vt 0.343750 0.968750
vt 0.343750 0.125000
vt 0.343750 0.531250
vt 0.343750 0.937500
vt 0.343750 0.093750
vt 0.343750 0.500000
vt 0.343750 0.906250
vt 0.343750 0.062500
vt 0.328125 0.312500
vt 0.328125 0.281250
vt 0.328125 0.718750
vt 0.328125 0.687500
vt 0.328125 0.250000
vt 0.328125 0.656250
vt 0.328125 0.218750
vt 0.328125 0.625000
vt 0.328125 0.187500
vt 0.328125 0.593750
vt 0.328125 0.156250
vt 0.328125 0.562500
vt 0.335937 1.000000
vt 0.328125 0.968750
vt 0.328125 0.125000
vt 0.328125 0.531250
vt 0.328125 0.937500
vt 0.328125 0.093750
vt 0.328125 0.500000
vt 0.328125 0.906250
vt 0.328125 0.062500
vt 0.328125 0.468750
vt 0.328125 0.875000
vt 0.328125 0.031250
vt 0.328125 0.437500
vt 0.328125 0.843750
vt 0.335937 0.000000
vt 0.328125 0.406250
vt 0.328125 0.812500
vt 0.328125 0.375000
vt 0.328125 0.781250
vt 0.328125 0.343750
vt 0.328125 0.750000
vt 0.312500 0.250000
vt 0.312500 0.218750
vt 0.312500 0.656250
vt 0.312500 0.625000
vt 0.312500 0.187500
vt 0.312500 0.593750
vt 0.312500 0.156250
vt 0.312500 0.562500
vt 0.320312 1.000000
vt 0.312500 0.968750
vt 0.312500 0.125000
vt 0.312500 0.531250
vt 0.312500 0.937500
vt 0.312500 0.093750
vt 0.312500 0.500000
vt 0.312500 0.906250
vt 0.312500 0.062500
vt 0.312500 0.468750
vt 0.312500 0.875000
vt 0.312500 0.031250
vt 0.312500 0.437500
vt 0.312500 0.843750
vt 0.320312 0.000000
vt 0.312500 0.406250
vt 0.312500 0.812500
vt 0.312500 0.375000
vt 0.312500 0.781250
vt 0.312500 0.343750
vt 0.312500 0.750000
vt 0.312500 0.312500
vt 0.312500 0.718750
vt 0.312500 0.281250
vt 0.312500 0.687500
vt 0.296875 0.187500
vt 0.296875 0.156250
vt 0.296875 0.593750
vt 0.296875 0.562500
vt 0.304688 1.000000
vt 0.296875 0.968750
vt 0.296875 0.125000
vt 0.296875 0.531250
vt 0.296875 0.937500
vt 0.296875 0.093750
vt 0.296875 0.500000
vt 0.296875 0.906250
vt 0.296875 0.062500
vt 0.296875 0.468750
vt 0.296875 0.875000
vt 0.296875 0.031250
vt 0.296875 0.437500
vt 0.296875 0.843750
vt 0.304688 0.000000
vt 0.296875 0.406250
vt 0.296875 0.812500
vt 0.296875 0.375000
vt 0.296875 0.781250
vt 0.296875 0.343750
vt 0.296875 0.750000
vt 0.296875 0.312500
vt 0.296875 0.718750
vt 0.296875 0.281250
vt 0.296875 0.687500
vt 0.296875 0.250000
vt 0.296875 0.656250
vt 0.296875 0.218750
vt 0.296875 0.625000
vt 0.281250 0.968750
vt 0.281250 0.937500
vt 0.281250 0.125000
vt 0.281250 0.093750
vt 0.281250 0.531250
vt 0.281250 0.500000
vt 0.281250 0.906250
vt 0.281250 0.062500
vt 0.281250 0.468750
vt 0.281250 0.875000
vt 0.281250 0.031250
vt 0.281250 0.437500
vt 0.281250 0.843750
vt 0.289062 0.000000
vt 0.281250 0.406250
vt 0.281250 0.812500
vt 0.281250 0.375000
vt 0.281250 0.781250
vt 0.281250 0.343750
vt 0.281250 0.750000
vt 0.281250 0.312500
vt 0.281250 0.718750
vt 0.281250 0.281250
vt 0.281250 0.687500
vt 0.281250 0.250000
vt 0.281250 0.656250
vt 0.281250 0.218750
vt 0.281250 0.625000
vt 0.281250 0.187500
vt 0.281250 0.593750
vt 0.281250 0.156250
vt 0.281250 0.562500
vt 0.289062 1.000000
vt 0.265625 0.906250
vt 0.265625 0.875000
vt 0.265625 0.062500
vt 0.265625 0.031250
vt 0.265625 0.468750
vt 0.265625 0.437500
vt 0.265625 0.843750
vt 0.273438 0.000000
vt 0.265625 0.406250
vt 0.265625 0.812500
vt 0.265625 0.375000
vt 0.265625 0.781250
vt 0.265625 0.343750
vt 0.265625 0.750000
vt 0.265625 0.312500
vt 0.265625 0.718750
vt 0.265625 0.281250
vt 0.265625 0.687500
vt 0.265625 0.250000
vt 0.265625 0.656250
vt 0.265625 0.218750
vt 0.265625 0.625000
vt 0.265625 0.187500
vt 0.265625 0.593750
vt 0.265625 0.156250
vt 0.265625 0.562500
vt 0.273438 1.000000
vt 0.265625 0.968750
vt 0.265625 0.125000
vt 0.265625 0.531250
vt 0.265625 0.937500
vt 0.265625 0.093750
vt 0.265625 0.500000
vt 0.250000 0.843750
vt 0.250000 0.812500
vt 0.250000 0.406250
vt 0.250000 0.375000
vt 0.250000 0.781250
vt 0.250000 0.343750
vt 0.250000 0.750000
vt 0.250000 0.312500
vt 0.250000 0.718750
vt 0.250000 0.281250
vt 0.250000 0.687500
vt 0.250000 0.250000
vt 0.250000 0.656250
vt 0.250000 0.218750
vt 0.250000 0.625000
vt 0.250000 0.187500
vt 0.250000 0.593750
vt 0.250000 0.156250
vt 0.250000 0.562500
vt 0.257812 1.000000
vt 0.250000 0.968750
vt 0.250000 0.125000
vt 0.250000 0.531250
vt 0.250000 0.937500
vt 0.250000 0.093750
vt 0.250000 0.500000
vt 0.250000 0.906250
vt 0.250000 0.062500
vt 0.250000 0.468750
vt 0.250000 0.875000
vt 0.250000 0.031250
vt 0.250000 0.437500
vt 0.257812 0.000000
vt 0.234375 0.781250
vt 0.234375 0.750000
vt 0.234375 0.343750
vt 0.234375 0.312500
vt 0.234375 0.718750
vt 0.234375 0.281250
vt 0.234375 0.687500
vt 0.234375 0.250000
vt 0.234375 0.656250
vt 0.234375 0.218750
vt 0.234375 0.625000
vt 0.234375 0.187500
vt 0.234375 0.593750
vt 0.234375 0.156250
vt 0.234375 0.562500
vt 0.242187 1.000000
vt 0.234375 0.968750
vt 0.234375 0.125000
vt 0.234375 0.531250
vt 0.234375 0.937500
vt 0.234375 0.093750
vt 0.234375 0.500000
vt 0.234375 0.906250
vt 0.234375 0.062500
vt 0.234375 0.468750
vt 0.234375 0.875000
vt 0.234375 0.031250
vt 0.234375 0.437500
vt 0.234375 0.843750
vt 0.242187 0.000000
vt 0.234375 0.406250
vt 0.234375 0.812500
vt 0.234375 0.375000
vt 0.218750 0.718750
vt 0.218750 0.687500
vt 0.218750 0.281250
vt 0.218750 0.250000
vt 0.218750 0.656250
vt 0.218750 0.218750
vt 0.218750 0.625000
vt 0.218750 0.187500
vt 0.218750 0.593750
vt 0.218750 0.156250
vt 0.218750 0.562500
vt 0.226562 1.000000
vt 0.218750 0.968750
vt 0.218750 0.125000
vt 0.218750 0.531250
vt 0.218750 0.937500
vt 0.218750 0.093750
vt 0.218750 0.500000
vt 0.218750 0.906250
vt 0.218750 0.062500
vt 0.218750 0.468750
vt 0.218750 0.875000
vt 0.218750 0.031250
vt 0.218750 0.437500
vt 0.218750 0.843750
vt 0.226562 0.000000
vt 0.218750 0.406250
vt 0.218750 0.812500
vt 0.218750 0.375000
vt 0.218750 0.781250
vt 0.218750 0.343750
vt 0.218750 0.750000
vt 0.218750 0.312500
vt 0.203125 0.656250
vt 0.203125 0.625000
vt 0.203125 0.218750
vt 0.203125 0.187500
vt 0.203125 0.593750
vt 0.203125 0.156250
vt 0.203125 0.562500
vt 0.210938 1.000000
vt 0.203125 0.968750
vt 0.203125 0.125000
vt 0.203125 0.531250
vt 0.203125 0.937500
vt 0.203125 0.093750
vt 0.203125 0.500000
vt 0.203125 0.906250
vt 0.203125 0.062500
vt 0.203125 0.468750
vt 0.203125 0.875000
vt 0.203125 0.031250
vt 0.203125 0.437500
vt 0.203125 0.843750
vt 0.210938 0.000000
vt 0.203125 0.406250
vt 0.203125 0.812500
vt 0.203125 0.375000
vt 0.203125 0.781250
vt 0.203125 0.343750
vt 0.203125 0.750000
vt 0.203125 0.312500
vt 0.203125 0.718750
vt 0.203125 0.281250
vt 0.203125 0.687500
vt 0.203125 0.250000
vt 0.187500 0.593750
vt 0.187500 0.562500
vt 0.195312 1.000000
vt 0.187500 0.968750
vt 0.187500 0.156250
vt 0.187500 0.125000
vt 0.187500 0.531250
vt 0.187500 0.937500
vt 0.187500 0.093750
vt 0.187500 0.500000
vt 0.187500 0.906250
vt 0.187500 0.062500
vt 0.187500 0.468750
vt 0.187500 0.875000
vt 0.187500 0.031250
vt 0.187500 0.437500
vt 0.187500 0.843750
vt 0.195312 0.000000
vt 0.187500 0.406250
vt 0.187500 0.812500
vt 0.187500 0.375000
vt 0.187500 0.781250
vt 0.187500 0.343750
vt 0.187500 0.750000
vt 0.187500 0.312500
vt 0.187500 0.718750
vt 0.187500 0.281250
vt 0.187500 0.687500
vt 0.187500 0.250000
vt 0.187500 0.656250
vt 0.187500 0.218750
vt 0.187500 0.625000
vt 0.187500 0.187500
vt 0.171875 0.531250
vt 0.171875 0.500000
vt 0.171875 0.937500
vt 0.171875 0.906250
vt 0.171875 0.093750
vt 0.171875 0.062500
vt 0.171875 0.468750
vt 0.171875 0.875000
vt 0.171875 0.031250
vt 0.171875 0.437500
vt 0.171875 0.843750
vt 0.179687 0.000000
vt 0.171875 0.406250
vt 0.171875 0.812500
vt 0.171875 0.375000
vt 0.171875 0.781250
vt 0.171875 0.343750
vt 0.171875 0.750000
vt 0.171875 0.312500
vt 0.171875 0.718750
vt 0.171875 0.281250
vt 0.171875 0.687500
vt 0.171875 0.250000
vt 0.171875 0.656250
vt 0.171875 0.218750
vt 0.171875 0.625000
vt 0.171875 0.187500
vt 0.171875 0.593750
vt 0.171875 0.156250
vt 0.171875 0.562500
vt 0.179687 1.000000
vt 0.171875 0.968750
vt 0.171875 0.125000
vt 0.156250 0.468750
vt 0.156250 0.437500
vt 0.156250 0.875000
vt 0.156250 0.843750
vt 0.164062 0.000000
vt 0.156250 0.031250
vt 0.156250 0.406250
vt 0.156250 0.812500
vt 0.156250 0.375000
vt 0.156250 0.781250
vt 0.156250 0.343750
vt 0.156250 0.750000
vt 0.156250 0.312500
vt 0.156250 0.718750
vt 0.156250 0.281250
vt 0.156250 0.687500
vt 0.156250 0.250000
vt 0.156250 0.656250
vt 0.156250 0.218750
vt 0.156250 0.625000
vt 0.156250 0.187500
vt 0.156250 0.593750
vt 0.156250 0.156250
vt 0.156250 0.562500
vt 0.164062 1.000000
vt 0.156250 0.968750
vt 0.156250 0.125000
vt 0.156250 0.531250
vt 0.156250 0.937500
vt 0.156250 0.093750
vt 0.156250 0.500000
vt 0.156250 0.906250
vt 0.156250 0.062500
vt 0.140625 0.406250
vt 0.140625 0.375000
vt 0.140625 0.812500
vt 0.140625 0.781250
vt 0.140625 0.343750
vt 0.140625 0.750000
vt 0.140625 0.312500
vt 0.140625 0.718750
vt 0.140625 0.281250
vt 0.140625 0.687500
vt 0.140625 0.250000
vt 0.140625 0.656250
vt 0.140625 0.218750
vt 0.140625 0.625000
vt 0.140625 0.187500
vt 0.140625 0.593750
vt 0.140625 0.156250
vt 0.140625 0.562500
vt 0.148438 1.000000
vt 0.140625 0.968750
vt 0.140625 0.125000
vt 0.140625 0.531250
vt 0.140625 0.937500
vt 0.140625 0.093750
vt 0.140625 0.500000
vt 0.140625 0.906250
vt 0.140625 0.062500
vt 0.140625 0.468750
vt 0.140625 0.875000
vt 0.140625 0.031250
vt 0.140625 0.437500
vt 0.140625 0.843750
vt 0.148438 0.000000
vt 0.125000 0.343750
vt 0.125000 0.312500
vt 0.125000 0.750000
vt 0.125000 0.718750
vt 0.125000 0.281250
vt 0.125000 0.687500
vt 0.125000 0.250000
vt 0.125000 0.656250
vt 0.125000 0.218750
vt 0.125000 0.625000
vt 0.125000 0.187500
vt 0.125000 0.593750
vt 0.125000 0.156250
vt 0.125000 0.562500
vt 0.132812 1.000000
vt 0.125000 0.968750
vt 0.125000 0.125000
vt 0.125000 0.531250
vt 0.125000 0.937500
vt 0.125000 0.093750
vt 0.125000 0.500000
vt 0.125000 0.906250
vt 0.125000 0.062500
vt 0.125000 0.468750
vt 0.125000 0.875000
vt 0.125000 0.031250
vt 0.125000 0.437500
vt 0.125000 0.843750
vt 0.132812 0.000000
vt 0.125000 0.406250
vt 0.125000 0.812500
vt 0.125000 0.375000
vt 0.125000 0.781250
vt 0.109375 0.281250
vt 0.109375 0.250000
vt 0.109375 0.687500
vt 0.109375 0.656250
vt 0.109375 0.218750
vt 0.109375 0.625000
vt 0.109375 0.187500
vt 0.109375 0.593750
vt 0.109375 0.156250
vt 0.109375 0.562500
vt 0.117188 1.000000
vt 0.109375 0.968750
vt 0.109375 0.125000
vt 0.109375 0.531250
vt 0.109375 0.937500
vt 0.109375 0.093750
vt 0.109375 0.500000
vt 0.109375 0.906250
vt 0.109375 0.062500
vt 0.109375 0.468750
vt 0.109375 0.875000
vt 0.109375 0.031250
vt 0.109375 0.437500
vt 0.109375 0.843750
vt 0.117188 0.000000
vt 0.109375 0.406250
vt 0.109375 0.812500
vt 0.109375 0.375000
vt 0.109375 0.781250
vt 0.109375 0.343750
vt 0.109375 0.750000
vt 0.109375 0.312500
vt 0.109375 0.718750
vt 0.093750 0.218750
vt 0.093750 0.187500
vt 0.093750 0.625000
vt 0.093750 0.593750
vt 0.093750 0.156250
vt 0.093750 0.562500
vt 0.101562 1.000000
vt 0.093750 0.968750
vt 0.093750 0.125000
vt 0.093750 0.531250
vt 0.093750 0.937500
vt 0.093750 0.093750
vt 0.093750 0.500000
vt 0.093750 0.906250
vt 0.093750 0.062500
vt 0.093750 0.468750
vt 0.093750 0.875000
vt 0.093750 0.031250
vt 0.093750 0.437500
vt 0.093750 0.843750
vt 0.101562 0.000000
vt 0.093750 0.406250
vt 0.093750 0.812500
vt 0.093750 0.375000
vt 0.093750 0.781250
vt 0.093750 0.343750
vt 0.093750 0.750000
vt 0.093750 0.312500
vt 0.093750 0.718750
vt 0.093750 0.281250
vt 0.093750 0.687500
vt 0.093750 0.250000
vt 0.093750 0.656250
vt 0.078125 0.156250
vt 0.078125 0.125000
vt 0.078125 0.562500
vt 0.078125 0.531250
vt 0.078125 0.968750
vt 0.078125 0.937500
vt 0.078125 0.093750
vt 0.078125 0.500000
vt 0.078125 0.906250
vt 0.078125 0.062500
vt 0.078125 0.468750
vt 0.078125 0.875000
vt 0.078125 0.031250
vt 0.078125 0.437500
vt 0.078125 0.843750
vt 0.085937 0.000000
vt 0.078125 0.406250
vt 0.078125 0.812500
vt 0.078125 0.375000
vt 0.078125 0.781250
vt 0.078125 0.343750
vt 0.078125 0.750000
vt 0.078125 0.312500
vt 0.078125 0.718750
vt 0.078125 0.281250
vt 0.078125 0.687500
vt 0.078125 0.250000
vt 0.078125 0.656250
vt 0.078125 0.218750
vt 0.078125 0.625000
vt 0.078125 0.187500
vt 0.078125 0.593750
vt 0.085937 1.000000
vt 0.062500 0.093750
vt 0.062500 0.062500
vt 0.062500 0.500000
vt 0.062500 0.468750
vt 0.062500 0.906250
vt 0.062500 0.875000
vt 0.062500 0.031250
vt 0.062500 0.437500
vt 0.062500 0.843750
vt 0.070312 0.000000
vt 0.062500 0.406250
vt 0.062500 0.812500
vt 0.062500 0.375000
vt 0.062500 0.781250
vt 0.062500 0.343750
vt 0.062500 0.750000
vt 0.062500 0.312500
vt 0.062500 0.718750
vt 0.062500 0.281250
vt 0.062500 0.687500
vt 0.062500 0.250000
vt 0.062500 0.656250
vt 0.062500 0.218750
vt 0.062500 0.625000
vt 0.062500 0.187500
vt 0.062500 0.593750
vt 0.062500 0.156250
vt 0.062500 0.562500
vt 0.070312 1.000000
vt 0.062500 0.968750
vt 0.062500 0.125000
vt 0.062500 0.531250
vt 0.062500 0.937500
vt 0.054688 0.000000
vt 0.046875 0.031250
vt 0.046875 0.437500
vt 0.046875 0.406250
vt 0.046875 0.843750
vt 0.046875 0.812500
vt 0.046875 0.375000
vt 0.046875 0.781250
vt 0.046875 0.343750
vt 0.046875 0.750000
vt 0.046875 0.312500
vt 0.046875 0.718750
vt 0.046875 0.281250
vt 0.046875 0.687500
vt 0.046875 0.250000
vt 0.046875 0.656250
vt 0.046875 0.218750
vt 0.046875 0.625000
vt 0.046875 0.187500
vt 0.046875 0.593750
vt 0.046875 0.156250
vt 0.046875 0.562500
vt 0.054688 1.000000
vt 0.046875 0.968750
vt 0.046875 0.125000
vt 0.046875 0.531250
vt 0.046875 0.937500
vt 0.046875 0.093750
vt 0.046875 0.500000
vt 0.046875 0.906250
vt 0.046875 0.062500
vt 0.046875 0.468750
vt 0.046875 0.875000
vt 0.031250 0.375000
vt 0.031250 0.343750
vt 0.031250 0.781250
vt 0.031250 0.750000
vt 0.031250 0.312500
vt 0.031250 0.718750
vt 0.031250 0.281250
vt 0.031250 0.687500
vt 0.031250 0.250000
vt 0.031250 0.656250
vt 0.031250 0.218750
vt 0.031250 0.625000
vt 0.031250 0.187500
vt 0.031250 0.593750
vt 0.031250 0.156250
vt 0.031250 0.562500
vt 0.039062 1.000000
vt 0.031250 0.968750
vt 0.031250 0.125000
vt 0.031250 0.531250
vt 0.031250 0.937500
vt 0.031250 0.093750
vt 0.031250 0.500000
vt 0.031250 0.906250
vt 0.031250 0.062500
vt 0.031250 0.468750
vt 0.031250 0.875000
vt 0.031250 0.031250
vt 0.031250 0.437500
vt 0.031250 0.843750
vt 0.039062 0.000000
vt 0.031250 0.406250
vt 0.031250 0.812500
vt 0.015625 0.312500
vt 0.015625 0.281250
vt 0.015625 0.718750
vt 0.015625 0.687500
vt 0.015625 0.250000
vt 0.015625 0.656250
vt 0.015625 0.218750
vt 0.015625 0.625000
vt 0.015625 0.187500
vt 0.015625 0.593750
vt 0.015625 0.156250
vt 0.015625 0.562500
vt 0.023438 1.000000
vt 0.015625 0.968750
vt 0.015625 0.125000
vt 0.015625 0.531250
vt 0.015625 0.937500
vt 0.015625 0.093750
vt 0.015625 0.500000
vt 0.015625 0.906250
vt 0.015625 0.062500
vt 0.015625 0.468750
vt 0.015625 0.875000
vt 0.015625 0.031250
vt 0.015625 0.437500
vt 0.015625 0.843750
vt 0.023438 0.000000
vt 0.015625 0.406250
vt 0.015625 0.812500
vt 0.015625 0.375000
vt 0.015625 0.781250
vt 0.015625 0.343750
vt 0.015625 0.750000
vt 0.000000 0.250000
vt 0.000000 0.218750
vt 0.000000 0.656250
vt 0.000000 0.625000
vt 0.000000 0.187500
vt 0.000000 0.593750
vt 0.000000 0.156250
vt 0.000000 0.562500
vt 0.007812 1.000000
vt 0.000000 0.968750
vt 0.000000 0.125000
vt 0.000000 0.531250
vt 0.000000 0.937500
vt 0.000000 0.093750
vt 0.000000 0.500000
vt 0.000000 0.906250
vt 0.000000 0.062500
vt 0.000000 0.468750
vt 0.000000 0.875000
vt 0.000000 0.031250
vt 0.000000 0.437500
vt 0.000000 0.843750
vt 0.007812 0.000000
vt 0.000000 0.406250
vt 0.000000 0.812500
vt 0.000000 0.375000
vt 0.000000 0.781250
vt 0.000000 0.343750
vt 0.000000 0.750000
vt 0.000000 0.312500
vt 0.000000 0.718750
vt 0.000000 0.281250
vt 0.000000 0.687500
vt 1.000000 0.156250
vt 1.000000 0.187500
vt 0.984375 0.187500
vt 0.984375 0.156250
vt 1.000000 0.562500
vt 1.000000 0.593750
vt 0.984375 0.593750
vt 0.984375 0.562500
vt 1.000000 0.968750
vt 0.992188 1.000000
vt 0.984375 0.968750
vt 1.000000 0.125000
vt 0.984375 0.125000
vt 1.000000 0.531250
vt 0.984375 0.531250
vt 1.000000 0.937500
vt 0.984375 0.937500
vt 1.000000 0.093750
vt 0.984375 0.093750
vt 1.000000 0.500000
vt 0.984375 0.500000
vt 1.000000 0.906250
vt 0.984375 0.906250
vt 1.000000 0.062500
vt 0.984375 0.062500
vt 1.000000 0.468750
vt 0.984375 0.468750
vt 1.000000 0.875000
vt 0.984375 0.875000
vt 1.000000 0.031250
vt 0.984375 0.031250
vt 1.000000 0.437500
vt 0.984375 0.437500
vt 1.000000 0.843750
vt 0.984375 0.843750
vt 0.992188 0.000000
vt 1.000000 0.406250
vt 0.984375 0.406250
vt 1.000000 0.812500
vt 0.984375 0.812500
vt 1.000000 0.375000
vt 0.984375 0.375000
vt 1.000000 0.781250
vt 0.984375 0.781250
vt 1.000000 0.343750
vt 0.984375 0.343750
vt 1.000000 0.750000
vt 0.984375 0.750000
vt 1.000000 0.312500
vt 0.984375 0.312500
vt 1.000000 0.718750
vt 0.984375 0.718750
vt 1.000000 0.281250
vt 0.984375 0.281250
vt 1.000000 0.687500
vt 0.984375 0.687500
vt 1.000000 0.250000
vt 0.984375 0.250000
vt 1.000000 0.656250
vt 0.984375 0.656250
vt 1.000000 0.218750
vt 0.984375 0.218750
vt 1.000000 0.625000
vt 0.984375 0.625000
vt 0.968750 0.968750
vt 0.968750 0.937500
vt 0.968750 0.125000
vt 0.968750 0.093750
vt 0.968750 0.531250
vt 0.968750 0.500000
vt 0.968750 0.906250
vt 0.968750 0.062500
vt 0.968750 0.468750
vt 0.968750 0.875000
vt 0.968750 0.031250
vt 0.968750 0.437500
vt 0.968750 0.843750
vt 0.976562 0.000000
vt 0.968750 0.406250
vt 0.968750 0.812500
vt 0.968750 0.375000
vt 0.968750 0.781250
vt 0.968750 0.343750
vt 0.968750 0.750000
vt 0.968750 0.312500
vt 0.968750 0.718750
vt 0.968750 0.281250
vt 0.968750 0.687500
vt 0.968750 0.250000
vt 0.968750 0.656250
vt 0.968750 0.218750
vt 0.968750 0.625000
vt 0.968750 0.187500
vt 0.968750 0.593750
vt 0.968750 0.156250
vt 0.968750 0.562500
vt 0.976562 1.000000
vt 0.953125 0.906250
vt 0.953125 0.875000
vt 0.953125 0.062500
vt 0.953125 0.031250
vt 0.953125 0.468750
vt 0.953125 0.437500
vt 0.953125 0.843750
vt 0.960938 0.000000
vt 0.953125 0.406250
vt 0.953125 0.812500
vt 0.953125 0.375000
vt 0.953125 0.781250
vt 0.953125 0.343750
vt 0.953125 0.750000
vt 0.953125 0.312500
vt 0.953125 0.718750
vt 0.953125 0.281250
vt 0.953125 0.687500
vt 0.953125 0.250000
vt 0.953125 0.656250
vt 0.953125 0.218750
vt 0.953125 0.625000
vt 0.953125 0.187500
vt 0.953125 0.593750
vt 0.953125 0.156250
vt 0.953125 0.562500
vt 0.960938 1.000000
vt 0.953125 0.968750
vt 0.953125 0.125000
vt 0.953125 0.531250
vt 0.953125 0.937500
vt 0.953125 0.093750
vt 0.953125 0.500000
vt 0.937500 0.531250
vt 0.937500 0.500000
vt 0.937500 0.937500
vt 0.937500 0.906250
vt 0.937500 0.093750
vt 0.937500 0.062500
vt 0.937500 0.468750
vt 0.937500 0.875000
vt 0.937500 0.031250
vt 0.937500 0.437500
vt 0.937500 0.843750
vt 0.945312 0.000000
vt 0.937500 0.406250
vt 0.937500 0.812500
vt 0.937500 0.375000
vt 0.937500 0.781250
vt 0.937500 0.343750
vt 0.937500 0.750000
vt 0.937500 0.312500
vt 0.937500 0.718750
vt 0.937500 0.281250
vt 0.937500 0.687500
vt 0.937500 0.250000
vt 0.937500 0.656250
vt 0.937500 0.218750
vt 0.937500 0.625000
vt 0.937500 0.187500
vt 0.937500 0.593750
vt 0.937500 0.156250
vt 0.937500 0.562500
vt 0.945312 1.000000
vt 0.937500 0.968750
vt 0.937500 0.125000
vt 0.921875 0.468750
vt 0.921875 0.437500
vt 0.921875 0.875000
vt 0.921875 0.843750
vt 0.929687 0.000000
vt 0.921875 0.031250
vt 0.921875 0.406250
vt 0.921875 0.812500
vt 0.921875 0.375000
vt 0.921875 0.781250
vt 0.921875 0.343750
vt 0.921875 0.750000
vt 0.921875 0.312500
vt 0.921875 0.718750
vt 0.921875 0.281250
vt 0.921875 0.687500
vt 0.921875 0.250000
vt 0.921875 0.656250
vt 0.921875 0.218750
vt 0.921875 0.625000
vt 0.921875 0.187500
vt 0.921875 0.593750
vt 0.921875 0.156250
vt 0.921875 0.562500
vt 0.929687 1.000000
vt 0.921875 0.968750
vt 0.921875 0.125000
vt 0.921875 0.531250
vt 0.921875 0.937500
vt 0.921875 0.093750
vt 0.921875 0.500000
vt 0.921875 0.906250
vt 0.921875 0.062500
vt 0.906250 0.406250
vt 0.906250 0.375000
vt 0.906250 0.812500
vt 0.906250 0.781250
vt 0.906250 0.343750
vt 0.906250 0.750000
vt 0.906250 0.312500
vt 0.906250 0.718750
vt 0.906250 0.281250
vt 0.906250 0.687500
vt 0.906250 0.250000
vt 0.906250 0.656250
vt 0.906250 0.218750
vt 0.906250 0.625000
vt 0.906250 0.187500
vt 0.906250 0.593750
vt 0.906250 0.156250
vt 0.906250 0.562500
vt 0.914062 1.000000
vt 0.906250 0.968750
vt 0.906250 0.125000
vt 0.906250 0.531250
vt 0.906250 0.937500
vt 0.906250 0.093750
vt 0.906250 0.500000
vt 0.906250 0.906250
vt 0.906250 0.062500
vt 0.906250 0.468750
vt 0.906250 0.875000
vt 0.906250 0.031250
vt 0.906250 0.437500
vt 0.906250 0.843750
vt 0.914062 0.000000
vt 0.890625 0.343750
vt 0.890625 0.312500
vt 0.890625 0.750000
vt 0.890625 0.718750
vt 0.890625 0.281250
vt 0.890625 0.687500
vt 0.890625 0.250000
vt 0.890625 0.656250
vt 0.890625 0.218750
vt 0.890625 0.625000
vt 0.890625 0.187500
vt 0.890625 0.593750
vt 0.890625 0.156250
vt 0.890625 0.562500
vt 0.898438 1.000000
vt 0.890625 0.968750
vt 0.890625 0.125000
vt 0.890625 0.531250
vt 0.890625 0.937500
vt 0.890625 0.093750
vt 0.890625 0.500000
vt 0.890625 0.906250
vt 0.890625 0.062500
vt 0.890625 0.468750
vt 0.890625 0.875000
vt 0.890625 0.031250
vt 0.890625 0.437500
vt 0.890625 0.843750
vt 0.898438 0.000000
vt 0.890625 0.406250
vt 0.890625 0.812500
vt 0.890625 0.375000
vt 0.890625 0.781250
vt 0.875000 0.281250
vt 0.875000 0.250000
vt 0.875000 0.687500
vt 0.875000 0.656250
vt 0.875000 0.218750
vt 0.875000 0.625000
vt 0.875000 0.187500
vt 0.875000 0.593750
vt 0.875000 0.156250
vt 0.875000 0.562500
vt 0.882812 1.000000
vt 0.875000 0.968750
vt 0.875000 0.125000
vt 0.875000 0.531250
vt 0.875000 0.937500
vt 0.875000 0.093750
vt 0.875000 0.500000
vt 0.875000 0.906250
vt 0.875000 0.062500
vt 0.875000 0.468750
vt 0.875000 0.875000
vt 0.875000 0.031250
vt 0.875000 0.437500
vt 0.875000 0.843750
vt 0.882812 0.000000
vt 0.875000 0.406250
vt 0.875000 0.812500
vt 0.875000 0.375000
vt 0.875000 0.781250
vt 0.875000 0.343750
vt 0.875000 0.750000
vt 0.875000 0.312500
vt 0.875000 0.718750
vt 0.859375 0.218750
vt 0.859375 0.187500
vt 0.859375 0.625000
vt 0.859375 0.593750
vt 0.859375 0.156250
vt 0.859375 0.562500
vt 0.867188 1.000000
vt 0.859375 0.968750
vt 0.859375 0.125000
vt 0.859375 0.531250
vt 0.859375 0.937500
vt 0.859375 0.093750
vt 0.859375 0.500000
vt 0.859375 0.906250
vt 0.859375 0.062500
vt 0.859375 0.468750
vt 0.859375 0.875000
vt 0.859375 0.031250
vt 0.859375 0.437500
vt 0.859375 0.843750
vt 0.867188 0.000000
vt 0.859375 0.406250
vt 0.859375 0.812500
vt 0.859375 0.375000
vt 0.859375 0.781250
vt 0.859375 0.343750
vt 0.859375 0.750000
vt 0.859375 0.312500
vt 0.859375 0.718750
vt 0.859375 0.281250
vt 0.859375 0.687500
vt 0.859375 0.250000
vt 0.859375 0.656250
vt 0.843750 0.156250
vt 0.843750 0.125000
vt 0.843750 0.562500
vt 0.843750 0.531250
vt 0.843750 0.968750
vt 0.843750 0.937500
vt 0.843750 0.093750
vt 0.843750 0.500000
vt 0.843750 0.906250
vt 0.843750 0.062500
vt 0.843750 0.468750
vt 0.843750 0.875000
vt 0.843750 0.031250
vt 0.843750 0.437500
vt 0.843750 0.843750
vt 0.851562 0.000000
vt 0.843750 0.406250
vt 0.843750 0.812500
vt 0.843750 0.375000
vt 0.843750 0.781250
vt 0.843750 0.343750
vt 0.843750 0.750000
vt 0.843750 0.312500
vt 0.843750 0.718750
vt 0.843750 0.281250
vt 0.843750 0.687500
vt 0.843750 0.250000
vt 0.843750 0.656250
vt 0.843750 0.218750
vt 0.843750 0.625000
vt 0.843750 0.187500
vt 0.843750 0.593750
vt 0.851562 1.000000
vt 0.828125 0.093750
vt 0.828125 0.062500
vt 0.828125 0.500000
vt 0.828125 0.468750
vt 0.828125 0.906250
vt 0.828125 0.875000
vt 0.828125 0.031250
vt 0.828125 0.437500
vt 0.828125 0.843750
vt 0.835938 0.000000
vt 0.828125 0.406250
vt 0.828125 0.812500
vt 0.828125 0.375000
vt 0.828125 0.781250
vt 0.828125 0.343750
vt 0.828125 0.750000
vt 0.828125 0.312500
vt 0.828125 0.718750
vt 0.828125 0.281250
vt 0.828125 0.687500
vt 0.828125 0.250000
vt 0.828125 0.656250
vt 0.828125 0.218750
vt 0.828125 0.625000
vt 0.828125 0.187500
vt 0.828125 0.593750
vt 0.828125 0.156250
vt 0.828125 0.562500
vt 0.835938 1.000000
vt 0.828125 0.968750
vt 0.828125 0.125000
vt 0.828125 0.531250
vt 0.828125 0.937500
vt 0.820312 0.000000
vt 0.812500 0.031250
vt 0.812500 0.437500
vt 0.812500 0.406250
vt 0.812500 0.843750
vt 0.812500 0.812500
vt 0.812500 0.375000
vt 0.812500 0.781250
vt 0.812500 0.343750
vt 0.812500 0.750000
vt 0.812500 0.312500
vt 0.812500 0.718750
vt 0.812500 0.281250
vt 0.812500 0.687500
vt 0.812500 0.250000
vt 0.812500 0.656250
vt 0.812500 0.218750
vt 0.812500 0.625000
vt 0.812500 0.187500
vt 0.812500 0.593750
vt 0.812500 0.156250
vt 0.812500 0.562500
vt 0.820312 1.000000
vt 0.812500 0.968750
vt 0.812500 0.125000
vt 0.812500 0.531250
vt 0.812500 0.937500
vt 0.812500 0.093750
vt 0.812500 0.500000
vt 0.812500 0.906250
vt 0.812500 0.062500
vt 0.812500 0.468750
vt 0.812500 0.875000
vt 0.796875 0.375000
vt 0.796875 0.343750
vt 0.796875 0.781250
vt 0.796875 0.750000
vt 0.796875 0.312500
vt 0.796875 0.718750
vt 0.796875 0.281250
vt 0.796875 0.687500
vt 0.796875 0.250000
vt 0.796875 0.656250
vt 0.796875 0.218750
vt 0.796875 0.625000
vt 0.796875 0.187500
vt 0.796875 0.593750
vt 0.796875 0.156250
vt 0.796875 0.562500
vt 0.804688 1.000000
vt 0.796875 0.968750
vt 0.796875 0.125000
vt 0.796875 0.531250
vt 0.796875 0.937500
vt 0.796875 0.093750
vt 0.796875 0.500000
vt 0.796875 0.906250
vt 0.796875 0.062500
vt 0.796875 0.468750
vt 0.796875 0.875000
vt 0.796875 0.031250
vt 0.796875 0.437500
vt 0.796875 0.843750
vt 0.804688 0.000000
vt 0.796875 0.406250
vt 0.796875 0.812500
vt 0.781250 0.312500
vt 0.781250 0.281250
vt 0.781250 0.718750
vt 0.781250 0.687500
vt 0.781250 0.250000
vt 0.781250 0.656250
vt 0.781250 0.218750
vt 0.781250 0.625000
vt 0.781250 0.187500
vt 0.781250 0.593750
vt 0.781250 0.156250
vt 0.781250 0.562500
vt 0.789062 1.000000
vt 0.781250 0.968750
vt 0.781250 0.125000
vt 0.781250 0.531250
vt 0.781250 0.937500
vt 0.781250 0.093750
vt 0.781250 0.500000
vt 0.781250 0.906250
vt 0.781250 0.062500
vt 0.781250 0.468750
vt 0.781250 0.875000
vt 0.781250 0.031250
vt 0.781250 0.437500
vt 0.781250 0.843750
vt 0.789062 0.000000
vt 0.781250 0.406250
vt 0.781250 0.812500
vt 0.781250 0.375000
vt 0.781250 0.781250
vt 0.781250 0.343750
vt 0.781250 0.750000
vt 0.765625 0.250000
vt 0.765625 0.218750
vt 0.765625 0.656250
vt 0.765625 0.625000
vt 0.765625 0.187500
vt 0.765625 0.593750
vt 0.765625 0.156250
vt 0.765625 0.562500
vt 0.773438 1.000000
vt 0.765625 0.968750
vt 0.765625 0.125000
vt 0.765625 0.531250
vt 0.765625 0.937500
vt 0.765625 0.093750
vt 0.765625 0.500000
vt 0.765625 0.906250
vt 0.765625 0.062500
vt 0.765625 0.468750
vt 0.765625 0.875000
vt 0.765625 0.031250
vt 0.765625 0.437500
vt 0.765625 0.843750
vt 0.773438 0.000000
vt 0.765625 0.406250
vt 0.765625 0.812500
vt 0.765625 0.375000
vt 0.765625 0.781250
vt 0.765625 0.343750
vt 0.765625 0.750000
vt 0.765625 0.312500
vt 0.765625 0.718750
vt 0.765625 0.281250
vt 0.765625 0.687500
vt 0.757812 1.000000
vt 0.757812 0.000000
vn -0.0000 0.9805 -0.1966
vn -0.0000 0.9950 -0.0995
vn 0.0098 0.9950 -0.0991
vn 0.0193 0.9805 -0.1956
vn -0.0000 -0.9565 -0.2917
vn -0.0000 -0.9233 -0.3840
vn 0.0376 -0.9233 -0.3821
vn 0.0286 -0.9565 -0.2903
vn -0.0000 0.0000 -1.0000
vn -0.0000 0.0979 -0.9952
vn 0.0975 0.0979 -0.9904
vn 0.0980 0.0000 -0.9952
vn -0.0000 0.9565 -0.2917
vn 0.0286 0.9565 -0.2903
vn -0.0000 -0.9805 -0.1966
vn 0.0193 -0.9805 -0.1956
vn -0.0000 -0.0979 -0.9952
vn 0.0975 -0.0979 -0.9904
vn -0.0000 0.9233 -0.3840
vn 0.0376 0.9233 -0.3821
vn -0.0000 -0.9950 -0.0995
vn 0.0098 -0.9950 -0.0991
vn -0.0000 -0.1948 -0.9808
vn 0.0961 -0.1948 -0.9761
vn -0.0000 0.8813 -0.4726
vn 0.0463 0.8813 -0.4703
vn -0.0000 -1.0000 -0.0000
vn -0.0000 -0.2899 -0.9571
vn 0.0938 -0.2899 -0.9525
vn 0.0000 0.8308 -0.5566
vn 0.0546 0.8308 -0.5539
vn -0.0000 -0.3821 -0.9241
vn 0.0906 -0.3821 -0.9197
vn -0.0000 0.7723 -0.6353
vn 0.0623 0.7723 -0.6322
vn -0.0000 -0.4708 -0.8823
vn 0.0865 -0.4708 -0.8780
vn -0.0000 0.7063 -0.7079
vn 0.0694 0.7063 -0.7045
vn -0.0000 -0.5549 -0.8319
vn 0.0815 -0.5549 -0.8279
vn -0.0000 0.6336 -0.7736
vn 0.0758 0.6336 -0.7699
vn -0.0000 -0.6336 -0.7736
vn 0.0758 -0.6336 -0.7699
vn -0.0000 0.5549 -0.8319
vn 0.0815 0.5549 -0.8279
vn -0.0000 -0.7063 -0.7079
vn 0.0694 -0.7063 -0.7045
vn -0.0000 0.4708 -0.8823
vn 0.0865 0.4708 -0.8780
vn -0.0000 -0.7723 -0.6353
vn 0.0623 -0.7723 -0.6322
vn -0.0000 0.3821 -0.9241
vn 0.0906 0.3821 -0.9197
vn 0.0000 -0.8308 -0.5566
vn 0.0546 -0.8308 -0.5539
vn -0.0000 0.2899 -0.9571
vn 0.0938 0.2899 -0.9525
vn -0.0000 -0.8813 -0.4726
vn 0.0463 -0.8813 -0.4703
vn -0.0000 0.1948 -0.9808
vn 0.0961 0.1948 -0.9761
vn -0.0000 1.0000 0.0000
vn 0.1509 -0.6336 -0.7588
vn 0.1381 -0.7063 -0.6943
vn 0.1623 0.5549 -0.8160
vn 0.1721 0.4708 -0.8653
vn 0.1239 -0.7723 -0.6231
vn 0.1803 0.3821 -0.9063
vn 0.1086 -0.8308 -0.5459
vn 0.1867 0.2899 -0.9387
vn 0.0922 -0.8813 -0.4635
vn 0.1914 0.1948 -0.9620
vn 0.0194 0.9950 -0.0976
vn 0.0749 -0.9233 -0.3766
vn 0.1942 0.0979 -0.9761
vn 0.0383 0.9805 -0.1928
vn 0.0569 -0.9565 -0.2861
vn 0.1951 0.0000 -0.9808
vn 0.0569 0.9565 -0.2861
vn 0.0383 -0.9805 -0.1928
vn 0.1942 -0.0979 -0.9761
vn 0.0749 0.9233 -0.3766
vn 0.0194 -0.9950 -0.0976
vn 0.1914 -0.1948 -0.9620
vn 0.0922 0.8813 -0.4635
vn 0.1867 -0.2899 -0.9387
vn 0.1086 0.8308 -0.5459
vn 0.1803 -0.3821 -0.9063
vn 0.1239 0.7723 -0.6231
vn 0.1721 -0.4708 -0.8653
vn 0.1381 0.7063 -0.6943
vn 0.1623 -0.5549 -0.8160
vn 0.1509 0.6336 -0.7588
vn 0.1844 -0.7723 -0.6080
vn 0.1616 -0.8308 -0.5327
vn 0.2683 0.3821 -0.8843
vn 0.2778 0.2899 -0.9159
vn 0.1372 -0.8813 -0.4522
vn 0.2847 0.1948 -0.9386
vn 0.0289 0.9950 -0.0953
vn 0.1115 -0.9233 -0.3675
vn 0.2889 0.0979 -0.9523
vn 0.0571 0.9805 -0.1881
vn 0.0847 -0.9565 -0.2791
vn 0.2903 0.0000 -0.9569
vn 0.0847 0.9565 -0.2791
vn 0.0571 -0.9805 -0.1881
vn 0.2889 -0.0979 -0.9523
vn 0.1115 0.9233 -0.3675
vn 0.0289 -0.9950 -0.0952
vn 0.2847 -0.1948 -0.9386
vn 0.1372 0.8813 -0.4522
vn 0.2778 -0.2899 -0.9159
vn 0.1616 0.8308 -0.5327
vn 0.2683 -0.3821 -0.8843
vn 0.1844 0.7723 -0.6080
vn 0.2561 -0.4708 -0.8443
vn 0.2055 0.7063 -0.6774
vn 0.2415 -0.5549 -0.7961
vn 0.2246 0.6336 -0.7403
vn 0.2246 -0.6336 -0.7403
vn 0.2415 0.5549 -0.7961
vn 0.2055 -0.7063 -0.6774
vn 0.2561 0.4708 -0.8443
vn 0.0381 0.9950 -0.0920
vn 0.1809 -0.8813 -0.4366
vn 0.1469 -0.9233 -0.3548
vn 0.3754 0.1948 -0.9062
vn 0.3808 0.0979 -0.9194
vn 0.0752 0.9805 -0.1816
vn 0.1116 -0.9565 -0.2695
vn 0.3827 0.0000 -0.9239
vn 0.1116 0.9565 -0.2695
vn 0.0752 -0.9805 -0.1816
vn 0.3808 -0.0979 -0.9194
vn 0.1469 0.9233 -0.3548
vn 0.0381 -0.9950 -0.0920
vn 0.3754 -0.1948 -0.9062
vn 0.1809 0.8813 -0.4366
vn 0.3663 -0.2899 -0.8842
vn 0.2130 0.8308 -0.5143
vn 0.3536 -0.3821 -0.8538
vn 0.2431 0.7723 -0.5869
vn 0.3376 -0.4708 -0.8151
vn 0.2709 0.7063 -0.6540
vn 0.3184 -0.5549 -0.7686
vn 0.2961 0.6336 -0.7147
vn 0.2961 -0.6336 -0.7147
vn 0.3184 0.5549 -0.7686
vn 0.2709 -0.7063 -0.6540
vn 0.3376 0.4708 -0.8151
vn 0.2431 -0.7723 -0.5869
vn 0.3536 0.3821 -0.8538
vn 0.2130 -0.8308 -0.5143
vn 0.3663 0.2899 -0.8842
vn 0.0927 0.9805 -0.1734
vn 0.1375 0.9565 -0.2572
vn 0.1375 -0.9565 -0.2572
vn 0.0927 -0.9805 -0.1734
vn 0.4714 0.0000 -0.8819
vn 0.4691 -0.0979 -0.8777
vn 0.1810 0.9233 -0.3386
vn 0.0469 -0.9950 -0.0878
vn 0.4624 -0.1948 -0.8650
vn 0.2228 0.8813 -0.4168
vn 0.4512 -0.2899 -0.8441
vn 0.2624 0.8308 -0.4909
vn 0.4356 -0.3821 -0.8150
vn 0.2995 0.7723 -0.5603
vn 0.4159 -0.4708 -0.7781
vn 0.3337 0.7063 -0.6243
vn 0.3922 -0.5549 -0.7337
vn 0.3647 0.6336 -0.6823
vn 0.3647 -0.6336 -0.6823
vn 0.3922 0.5549 -0.7337
vn 0.3337 -0.7063 -0.6243
vn 0.4159 0.4708 -0.7781
vn 0.2995 -0.7723 -0.5603
vn 0.4356 0.3821 -0.8150
vn 0.2624 -0.8308 -0.4909
vn 0.4512 0.2899 -0.8441
vn 0.2228 -0.8813 -0.4168
vn 0.4624 0.1948 -0.8650
vn 0.0469 0.9950 -0.0878
vn 0.1810 -0.9233 -0.3386
vn 0.4691 0.0979 -0.8777
vn 0.2133 0.9233 -0.3193
vn 0.2626 0.8813 -0.3929
vn 0.0553 -0.9950 -0.0828
vn 0.5449 -0.1948 -0.8155
vn 0.5317 -0.2899 -0.7958
vn 0.3092 0.8308 -0.4628
vn 0.5134 -0.3821 -0.7684
vn 0.3530 0.7723 -0.5282
vn 0.4902 -0.4708 -0.7336
vn 0.3933 0.7063 -0.5886
vn 0.4622 -0.5549 -0.6917
vn 0.4298 0.6336 -0.6432
vn 0.4298 -0.6336 -0.6432
vn 0.4622 0.5549 -0.6917
vn 0.3933 -0.7063 -0.5886
vn 0.4902 0.4708 -0.7336
vn 0.3530 -0.7723 -0.5282
vn 0.5134 0.3821 -0.7684
vn 0.3092 -0.8308 -0.4628
vn 0.5317 0.2899 -0.7958
vn 0.2626 -0.8813 -0.3929
vn 0.5449 0.1948 -0.8155
vn 0.0553 0.9950 -0.0828
vn 0.2133 -0.9233 -0.3193
vn 0.5529 0.0979 -0.8275
vn 0.1092 0.9805 -0.1634
vn 0.1621 -0.9565 -0.2425
vn 0.5556 0.0000 -0.8315
vn 0.1621 0.9565 -0.2425
vn 0.1092 -0.9805 -0.1634
vn 0.5529 -0.0979 -0.8275
vn 0.3531 0.8308 -0.4303
vn 0.4030 0.7723 -0.4911
vn 0.5862 -0.3821 -0.7143
vn 0.5597 -0.4708 -0.6820
vn 0.4491 0.7063 -0.5472
vn 0.5278 -0.5549 -0.6431
vn 0.4908 0.6336 -0.5980
vn 0.4908 -0.6336 -0.5980
vn 0.5278 0.5549 -0.6431
vn 0.4491 -0.7063 -0.5472
vn 0.5597 0.4708 -0.6820
vn 0.4030 -0.7723 -0.4911
vn 0.5862 0.3821 -0.7143
vn 0.3531 -0.8308 -0.4303
vn 0.6072 0.2899 -0.7398
vn 0.2998 -0.8813 -0.3653
vn 0.6222 0.1948 -0.7582
vn 0.0631 0.9950 -0.0769
vn 0.2436 -0.9233 -0.2968
vn 0.6313 0.0979 -0.7693
vn 0.1247 0.9805 -0.1519
vn 0.1850 -0.9565 -0.2255
vn 0.6344 -0.0000 -0.7730
vn 0.1850 0.9565 -0.2255
vn 0.1247 -0.9805 -0.1519
vn 0.6313 -0.0979 -0.7693
vn 0.2436 0.9233 -0.2968
vn 0.0631 -0.9950 -0.0769
vn 0.6222 -0.1948 -0.7582
vn 0.2998 0.8813 -0.3653
vn 0.6072 -0.2899 -0.7398
vn 0.5005 0.7063 -0.5005
vn 0.5470 0.6336 -0.5470
vn 0.5883 -0.5549 -0.5883
vn 0.5470 -0.6336 -0.5470
vn 0.5883 0.5549 -0.5883
vn 0.5005 -0.7063 -0.5005
vn 0.6239 0.4708 -0.6239
vn 0.4492 -0.7723 -0.4492
vn 0.6534 0.3821 -0.6534
vn 0.3936 -0.8308 -0.3936
vn 0.6768 0.2899 -0.6768
vn 0.3342 -0.8813 -0.3342
vn 0.6936 0.1948 -0.6936
vn 0.0704 0.9950 -0.0704
vn 0.2715 -0.9233 -0.2715
vn 0.7037 0.0979 -0.7037
vn 0.1390 0.9805 -0.1390
vn 0.2063 -0.9565 -0.2063
vn 0.7071 -0.0000 -0.7071
vn 0.2063 0.9565 -0.2063
vn 0.1390 -0.9805 -0.1390
vn 0.7037 -0.0979 -0.7037
vn 0.2715 0.9233 -0.2715
vn 0.0704 -0.9950 -0.0704
vn 0.6936 -0.1948 -0.6936
vn 0.3342 0.8813 -0.3342
vn 0.6768 -0.2899 -0.6768
vn 0.3936 0.8308 -0.3936
vn 0.6534 -0.3821 -0.6534
vn 0.4492 0.7723 -0.4492
vn 0.6239 -0.4708 -0.6239
vn 0.6431 0.5549 -0.5278
vn 0.6820 0.4708 -0.5597
vn 0.5472 -0.7063 -0.4491
vn 0.4911 -0.7723 -0.4030
vn 0.7143 0.3821 -0.5862
vn 0.4303 -0.8308 -0.3531
vn 0.7398 0.2899 -0.6072
vn 0.3653 -0.8813 -0.2998
vn 0.7582 0.1948 -0.6222
vn 0.0769 0.9950 -0.0631
vn 0.2968 -0.9233 -0.2436
vn 0.7693 0.0979 -0.6313
vn 0.1519 0.9805 -0.1247
vn 0.2255 -0.9565 -0.1850
vn 0.7730 -0.0000 -0.6344
vn 0.2255 0.9565 -0.1850
vn 0.1519 -0.9805 -0.1247
vn 0.7693 -0.0979 -0.6313
vn 0.2968 0.9233 -0.2436
vn 0.0769 -0.9950 -0.0631
vn 0.7582 -0.1948 -0.6222
vn 0.3653 0.8813 -0.2998
vn 0.7398 -0.2899 -0.6072
vn 0.4303 0.8308 -0.3531
vn 0.7143 -0.3821 -0.5862
vn 0.4911 0.7723 -0.4030
vn 0.6820 -0.4708 -0.5597
vn 0.5472 0.7063 -0.4491
vn 0.6431 -0.5549 -0.5278
vn 0.5980 0.6336 -0.4908
vn 0.5980 -0.6336 -0.4908
vn 0.7684 0.3821 -0.5134
vn 0.7958 0.2899 -0.5317
vn 0.4628 -0.8308 -0.3092
vn 0.3929 -0.8813 -0.2626
vn 0.8155 0.1948 -0.5449
vn 0.0828 0.9950 -0.0553
vn 0.3193 -0.9233 -0.2133
vn 0.8275 0.0979 -0.5529
vn 0.1634 0.9805 -0.1092
vn 0.2425 -0.9565 -0.1621
vn 0.8315 -0.0000 -0.5556
vn 0.2425 0.9565 -0.1621
vn 0.1634 -0.9805 -0.1092
vn 0.8275 -0.0979 -0.5529
vn 0.3193 0.9233 -0.2133
vn 0.0828 -0.9950 -0.0553
vn 0.8155 -0.1948 -0.5449
vn 0.3929 0.8813 -0.2626
vn 0.7958 -0.2899 -0.5317
vn 0.4628 0.8308 -0.3092
vn 0.7684 -0.3821 -0.5134
vn 0.5282 0.7723 -0.3530
vn 0.7336 -0.4708 -0.4902
vn 0.5886 0.7063 -0.3933
vn 0.6917 -0.5549 -0.4622
vn 0.6432 0.6336 -0.4298
vn 0.6432 -0.6336 -0.4298
vn 0.6917 0.5549 -0.4622
vn 0.5886 -0.7063 -0.3933
vn 0.7336 0.4708 -0.4902
vn 0.5282 -0.7723 -0.3530
vn 0.8650 0.1948 -0.4624
vn 0.8777 0.0979 -0.4691
vn 0.0878 0.9950 -0.0469
vn 0.1734 0.9805 -0.0927
vn 0.3386 -0.9233 -0.1810
vn 0.2572 -0.9565 -0.1375
vn 0.8819 0.0000 -0.4714
vn 0.2572 0.9565 -0.1375
vn 0.1734 -0.9805 -0.0927
vn 0.8777 -0.0979 -0.4691
vn 0.3386 0.9233 -0.1810
vn 0.0878 -0.9950 -0.0469
vn 0.8650 -0.1948 -0.4624
vn 0.4168 0.8813 -0.2228
vn 0.8441 -0.2899 -0.4512
vn 0.4909 0.8308 -0.2624
vn 0.8150 -0.3821 -0.4356
vn 0.5603 0.7723 -0.2995
vn 0.7781 -0.4708 -0.4159
vn 0.6243 0.7063 -0.3337
vn 0.7337 -0.5549 -0.3922
vn 0.6823 0.6336 -0.3647
vn 0.6823 -0.6336 -0.3647
vn 0.7337 0.5549 -0.3922
vn 0.6243 -0.7063 -0.3337
vn 0.7781 0.4708 -0.4159
vn 0.5603 -0.7723 -0.2995
vn 0.8150 0.3821 -0.4356
vn 0.4909 -0.8308 -0.2624
vn 0.8441 0.2899 -0.4512
vn 0.4168 -0.8813 -0.2228
vn 0.9239 0.0000 -0.3827
vn 0.9194 -0.0979 -0.3808
vn 0.2695 0.9565 -0.1116
vn 0.3548 0.9233 -0.1469
vn 0.1816 -0.9805 -0.0752
vn 0.0920 -0.9950 -0.0381
vn 0.9062 -0.1948 -0.3754
vn 0.4366 0.8813 -0.1809
vn 0.8842 -0.2899 -0.3663
vn 0.5143 0.8308 -0.2130
vn 0.8538 -0.3821 -0.3536
vn 0.5869 0.7723 -0.2431
vn 0.8151 -0.4708 -0.3376
vn 0.6540 0.7063 -0.2709
vn 0.7686 -0.5549 -0.3184
vn 0.7147 0.6336 -0.2961
vn 0.7147 -0.6336 -0.2961
vn 0.7686 0.5549 -0.3184
vn 0.6540 -0.7063 -0.2709
vn 0.8151 0.4708 -0.3376
vn 0.5869 -0.7723 -0.2431
vn 0.8538 0.3821 -0.3536
vn 0.5143 -0.8308 -0.2130
vn 0.8842 0.2899 -0.3663
vn 0.4366 -0.8813 -0.1809
vn 0.9062 0.1948 -0.3754
vn 0.0920 0.9950 -0.0381
vn 0.3548 -0.9233 -0.1469
vn 0.9194 0.0979 -0.3808
vn 0.1816 0.9805 -0.0752
vn 0.2695 -0.9565 -0.1116
vn 0.9386 -0.1948 -0.2847
vn 0.9159 -0.2899 -0.2778
vn 0.4522 0.8813 -0.1372
vn 0.5327 0.8308 -0.1616
vn 0.8843 -0.3821 -0.2683
vn 0.6080 0.7723 -0.1844
vn 0.8443 -0.4708 -0.2561
vn 0.6774 0.7063 -0.2055
vn 0.7961 -0.5549 -0.2415
vn 0.7403 0.6336 -0.2246
vn 0.7403 -0.6336 -0.2246
vn 0.7961 0.5549 -0.2415
vn 0.6774 -0.7063 -0.2055
vn 0.8443 0.4708 -0.2561
vn 0.6080 -0.7723 -0.1844
vn 0.8843 0.3821 -0.2683
vn 0.5327 -0.8308 -0.1616
vn 0.9159 0.2899 -0.2778
vn 0.4522 -0.8813 -0.1372
vn 0.9386 0.1948 -0.2847
vn 0.0952 0.9950 -0.0289
vn 0.3675 -0.9233 -0.1115
vn 0.9523 0.0979 -0.2889
vn 0.1881 0.9805 -0.0571
vn 0.2791 -0.9565 -0.0847
vn 0.9569 -0.0000 -0.2903
vn 0.2791 0.9565 -0.0847
vn 0.1881 -0.9805 -0.0571
vn 0.9523 -0.0979 -0.2889
vn 0.3675 0.9233 -0.1115
vn 0.0952 -0.9950 -0.0289
vn 0.9063 -0.3821 -0.1803
vn 0.8653 -0.4708 -0.1721
vn 0.6231 0.7723 -0.1239
vn 0.6943 0.7063 -0.1381
vn 0.8160 -0.5549 -0.1623
vn 0.7588 0.6336 -0.1509
vn 0.7588 -0.6336 -0.1509
vn 0.8160 0.5549 -0.1623
vn 0.6943 -0.7063 -0.1381
vn 0.8653 0.4708 -0.1721
vn 0.6231 -0.7723 -0.1239
vn 0.9063 0.3821 -0.1803
vn 0.5459 -0.8308 -0.1086
vn 0.9387 0.2899 -0.1867
vn 0.4635 -0.8813 -0.0922
vn 0.9620 0.1948 -0.1914
vn 0.0976 0.9950 -0.0194
vn 0.3766 -0.9233 -0.0749
vn 0.9761 0.0979 -0.1942
vn 0.1928 0.9805 -0.0383
vn 0.2861 -0.9565 -0.0569
vn 0.9808 -0.0000 -0.1951
vn 0.2861 0.9565 -0.0569
vn 0.1928 -0.9805 -0.0383
vn 0.9761 -0.0979 -0.1942
vn 0.3766 0.9233 -0.0749
vn 0.0976 -0.9950 -0.0194
vn 0.9620 -0.1948 -0.1914
vn 0.4635 0.8813 -0.0922
vn 0.9387 -0.2899 -0.1867
vn 0.5459 0.8308 -0.1086
vn 0.8279 -0.5549 -0.0815
vn 0.7699 -0.6336 -0.0758
vn 0.7699 0.6336 -0.0758
vn 0.8279 0.5549 -0.0815
vn 0.7045 -0.7063 -0.0694
vn 0.8780 0.4708 -0.0865
vn 0.6322 -0.7723 -0.0623
vn 0.9197 0.3821 -0.0906
vn 0.5539 -0.8308 -0.0546
vn 0.9525 0.2899 -0.0938
vn 0.4703 -0.8813 -0.0463
vn 0.9761 0.1948 -0.0961
vn 0.0991 0.9950 -0.0098
vn 0.3821 -0.9233 -0.0376
vn 0.9904 0.0979 -0.0975
vn 0.1956 0.9805 -0.0193
vn 0.2903 -0.9565 -0.0286
vn 0.9952 -0.0000 -0.0980
vn 0.2903 0.9565 -0.0286
vn 0.1956 -0.9805 -0.0193
vn 0.9904 -0.0979 -0.0975
vn 0.3821 0.9233 -0.0376
vn 0.0991 -0.9950 -0.0098
vn 0.9761 -0.1948 -0.0961
vn 0.4703 0.8813 -0.0463
vn 0.9525 -0.2899 -0.0938
vn 0.5539 0.8308 -0.0546
vn 0.9197 -0.3821 -0.0906
vn 0.6322 0.7723 -0.0623
vn 0.8780 -0.4708 -0.0865
vn 0.7045 0.7063 -0.0694
vn 0.7079 -0.7063 0.0000
vn 0.6353 -0.7723 0.0000
vn 0.8823 0.4708 0.0000
vn 0.9241 0.3821 0.0000
vn 0.5566 -0.8308 -0.0000
vn 0.9571 0.2899 -0.0000
vn 0.4726 -0.8813 0.0000
vn 0.9808 0.1948 0.0000
vn 0.0995 0.9950 0.0000
vn 0.3840 -0.9233 0.0000
vn 0.9952 0.0979 0.0000
vn 0.1966 0.9805 -0.0000
vn 0.2917 -0.9565 0.0000
vn 1.0000 -0.0000 0.0000
vn 0.2917 0.9565 0.0000
vn 0.1966 -0.9805 -0.0000
vn 0.9952 -0.0979 0.0000
vn 0.3840 0.9233 0.0000
vn 0.0995 -0.9950 0.0000
vn 0.9808 -0.1948 0.0000
vn 0.4726 0.8813 0.0000
vn 0.9571 -0.2899 0.0000
vn 0.5566 0.8308 -0.0000
vn 0.9241 -0.3821 0.0000
vn 0.6353 0.7723 -0.0000
vn 0.8823 -0.4708 0.0000
vn 0.7079 0.7063 -0.0000
vn 0.8319 -0.5549 -0.0000
vn 0.7736 0.6336 -0.0000
vn 0.7736 -0.6336 -0.0000
vn 0.8319 0.5549 -0.0000
vn 0.5539 -0.8308 0.0546
vn 0.4703 -0.8813 0.0463
vn 0.9525 0.2899 0.0938
vn 0.9761 0.1948 0.0961
vn 0.0991 0.9950 0.0098
vn 0.3821 -0.9233 0.0376
vn 0.9904 0.0979 0.0975
vn 0.1956 0.9805 0.0193
vn 0.2903 -0.9565 0.0286
vn 0.9952 -0.0000 0.0980
vn 0.2903 0.9565 0.0286
vn 0.1956 -0.9805 0.0193
vn 0.9904 -0.0979 0.0975
vn 0.3821 0.9233 0.0376
vn 0.0991 -0.9950 0.0098
vn 0.9761 -0.1948 0.0961
vn 0.4703 0.8813 0.0463
vn 0.9525 -0.2899 0.0938
vn 0.5539 0.8308 0.0546
vn 0.9197 -0.3821 0.0906
vn 0.6322 0.7723 0.0623
vn 0.8780 -0.4708 0.0865
vn 0.7045 0.7063 0.0694
vn 0.8279 -0.5549 0.0815
vn 0.7699 0.6336 0.0758
vn 0.7699 -0.6336 0.0758
vn 0.8279 0.5549 0.0815
vn 0.7045 -0.7063 0.0694
vn 0.8780 0.4708 0.0865
vn 0.6322 -0.7723 0.0623
vn 0.9197 0.3821 0.0906
vn 0.0976 0.9950 0.0194
vn 0.1928 0.9805 0.0383
vn 0.3766 -0.9233 0.0749
vn 0.2861 -0.9565 0.0569
vn 0.9761 0.0979 0.1942
vn 0.9808 -0.0000 0.1951
vn 0.2861 0.9565 0.0569
vn 0.1928 -0.9805 0.0383
vn 0.9761 -0.0979 0.1942
vn 0.3766 0.9233 0.0749
vn 0.0976 -0.9950 0.0194
vn 0.9620 -0.1948 0.1914
vn 0.4635 0.8813 0.0922
vn 0.9387 -0.2899 0.1867
vn 0.5459 0.8308 0.1086
vn 0.9063 -0.3821 0.1803
vn 0.6231 0.7723 0.1239
vn 0.8653 -0.4708 0.1721
vn 0.6943 0.7063 0.1381
vn 0.8160 -0.5549 0.1623
vn 0.7588 0.6336 0.1509
vn 0.7588 -0.6336 0.1509
vn 0.8160 0.5549 0.1623
vn 0.6943 -0.7063 0.1381
vn 0.8653 0.4708 0.1721
vn 0.6231 -0.7723 0.1239
vn 0.9063 0.3821 0.1803
vn 0.5459 -0.8308 0.1086
vn 0.9387 0.2899 0.1867
vn 0.4635 -0.8813 0.0922
vn 0.9620 0.1948 0.1914
vn 0.2791 0.9565 0.0847
vn 0.3675 0.9233 0.1115
vn 0.1881 -0.9805 0.0571
vn 0.0952 -0.9950 0.0289
vn 0.9523 -0.0979 0.2889
vn 0.9386 -0.1948 0.2847
vn 0.4522 0.8813 0.1372
vn 0.9159 -0.2899 0.2778
vn 0.5327 0.8308 0.1616
vn 0.8843 -0.3821 0.2683
vn 0.6080 0.7723 0.1844
vn 0.8443 -0.4708 0.2561
vn 0.6774 0.7063 0.2055
vn 0.7961 -0.5549 0.2415
vn 0.7403 0.6336 0.2246
vn 0.7403 -0.6336 0.2246
vn 0.7961 0.5549 0.2415
vn 0.6774 -0.7063 0.2055
vn 0.8443 0.4708 0.2561
vn 0.6080 -0.7723 0.1844
vn 0.8843 0.3821 0.2683
vn 0.5327 -0.8308 0.1616
vn 0.9159 0.2899 0.2778
vn 0.4522 -0.8813 0.1372
vn 0.9386 0.1948 0.2847
vn 0.0952 0.9950 0.0289
vn 0.3675 -0.9233 0.1115
vn 0.9523 0.0979 0.2889
vn 0.1881 0.9805 0.0571
vn 0.2791 -0.9565 0.0847
vn 0.9569 0.0000 0.2903
vn 0.4366 0.8813 0.1809
vn 0.5143 0.8308 0.2130
vn 0.8842 -0.2899 0.3663
vn 0.8538 -0.3821 0.3536
vn 0.5869 0.7723 0.2431
vn 0.8151 -0.4708 0.3376
vn 0.6540 0.7063 0.2709
vn 0.7686 -0.5549 0.3184
vn 0.7147 0.6336 0.2961
vn 0.7147 -0.6336 0.2961
vn 0.7686 0.5549 0.3184
vn 0.6540 -0.7063 0.2709
vn 0.8151 0.4708 0.3376
vn 0.5869 -0.7723 0.2431
vn 0.8538 0.3821 0.3536
vn 0.5143 -0.8308 0.2130
vn 0.8842 0.2899 0.3663
vn 0.4366 -0.8813 0.1809
vn 0.9062 0.1948 0.3754
vn 0.0920 0.9950 0.0381
vn 0.3548 -0.9233 0.1469
vn 0.9194 0.0979 0.3808
vn 0.1816 0.9805 0.0752
vn 0.2695 -0.9565 0.1116
vn 0.9239 0.0000 0.3827
vn 0.2695 0.9565 0.1116
vn 0.1816 -0.9805 0.0752
vn 0.9194 -0.0979 0.3808
vn 0.3548 0.9233 0.1469
vn 0.0920 -0.9950 0.0381
vn 0.9062 -0.1948 0.3754
vn 0.5603 0.7723 0.2995
vn 0.6243 0.7063 0.3337
vn 0.7781 -0.4708 0.4159
vn 0.7337 -0.5549 0.3922
vn 0.6823 0.6336 0.3647
vn 0.6823 -0.6336 0.3647
vn 0.7337 0.5549 0.3922
vn 0.6243 -0.7063 0.3337
vn 0.7781 0.4708 0.4159
vn 0.5603 -0.7723 0.2995
vn 0.8150 0.3821 0.4356
vn 0.4909 -0.8308 0.2624
vn 0.8441 0.2899 0.4512
vn 0.4168 -0.8813 0.2228
vn 0.8650 0.1948 0.4624
vn 0.0878 0.9950 0.0469
vn 0.3386 -0.9233 0.1810
vn 0.8777 0.0979 0.4691
vn 0.1734 0.9805 0.0927
vn 0.2572 -0.9565 0.1375
vn 0.8819 -0.0000 0.4714
vn 0.2572 0.9565 0.1375
vn 0.1734 -0.9805 0.0927
vn 0.8777 -0.0979 0.4691
vn 0.3386 0.9233 0.1810
vn 0.0878 -0.9950 0.0469
vn 0.8650 -0.1948 0.4624
vn 0.4168 0.8813 0.2228
vn 0.8441 -0.2899 0.4512
vn 0.4909 0.8308 0.2624
vn 0.8150 -0.3821 0.4356
vn 0.6432 0.6336 0.4298
vn 0.6917 0.5549 0.4622
vn 0.6432 -0.6336 0.4298
vn 0.5886 -0.7063 0.3933
vn 0.7336 0.4708 0.4902
vn 0.5282 -0.7723 0.3530
vn 0.7684 0.3821 0.5134
vn 0.4628 -0.8308 0.3092
vn 0.7958 0.2899 0.5317
vn 0.3929 -0.8813 0.2626
vn 0.8155 0.1948 0.5449
vn 0.0828 0.9950 0.0553
vn 0.3193 -0.9233 0.2133
vn 0.8275 0.0979 0.5529
vn 0.1634 0.9805 0.1092
vn 0.2425 -0.9565 0.1621
vn 0.8315 0.0000 0.5556
vn 0.2425 0.9565 0.1621
vn 0.1634 -0.9805 0.1092
vn 0.8275 -0.0979 0.5529
vn 0.3193 0.9233 0.2133
vn 0.0828 -0.9950 0.0553
vn 0.8155 -0.1948 0.5449
vn 0.3929 0.8813 0.2626
vn 0.7958 -0.2899 0.5317
vn 0.4628 0.8308 0.3092
vn 0.7684 -0.3821 0.5134
vn 0.5282 0.7723 0.3530
vn 0.7336 -0.4708 0.4902
vn 0.5886 0.7063 0.3933
vn 0.6917 -0.5549 0.4622
vn 0.6820 0.4708 0.5597
vn 0.7143 0.3821 0.5862
vn 0.4911 -0.7723 0.4030
vn 0.4303 -0.8308 0.3531
vn 0.7398 0.2899 0.6072
vn 0.3653 -0.8813 0.2998
vn 0.7582 0.1948 0.6222
vn 0.0769 0.9950 0.0631
vn 0.2968 -0.9233 0.2436
vn 0.7693 0.0979 0.6313
vn 0.1519 0.9805 0.1247
vn 0.2255 -0.9565 0.1850
vn 0.7730 0.0000 0.6344
vn 0.2255 0.9565 0.1850
vn 0.1519 -0.9805 0.1247
vn 0.7693 -0.0979 0.6313
vn 0.2968 0.9233 0.2436
vn 0.0769 -0.9950 0.0631
vn 0.7582 -0.1948 0.6222
vn 0.3653 0.8813 0.2998
vn 0.7398 -0.2899 0.6072
vn 0.4303 0.8308 0.3531
vn 0.7143 -0.3821 0.5862
vn 0.4911 0.7723 0.4030
vn 0.6820 -0.4708 0.5597
vn 0.5472 0.7063 0.4491
vn 0.6431 -0.5549 0.5278
vn 0.5980 0.6336 0.4908
vn 0.5980 -0.6336 0.4908
vn 0.6431 0.5549 0.5278
vn 0.5472 -0.7063 0.4491
vn 0.6767 0.2899 0.6767
vn 0.6936 0.1948 0.6936
vn 0.0704 0.9950 0.0704
vn 0.3342 -0.8813 0.3342
vn 0.2715 -0.9233 0.2715
vn 0.7037 0.0979 0.7037
vn 0.1390 0.9805 0.1390
vn 0.2063 -0.9565 0.2063
vn 0.7071 0.0000 0.7071
vn 0.2063 0.9565 0.2063
vn 0.1390 -0.9805 0.1390
vn 0.7037 -0.0979 0.7037
vn 0.2715 0.9233 0.2715
vn 0.0704 -0.9950 0.0704
vn 0.6936 -0.1948 0.6936
vn 0.3342 0.8813 0.3342
vn 0.6768 -0.2899 0.6768
vn 0.3936 0.8308 0.3936
vn 0.6534 -0.3821 0.6534
vn 0.4492 0.7723 0.4492
vn 0.6239 -0.4708 0.6239
vn 0.5005 0.7063 0.5005
vn 0.5883 -0.5549 0.5883
vn 0.5470 0.6336 0.5470
vn 0.5470 -0.6336 0.5470
vn 0.5883 0.5549 0.5883
vn 0.5005 -0.7063 0.5005
vn 0.6239 0.4708 0.6239
vn 0.4492 -0.7723 0.4492
vn 0.6534 0.3821 0.6534
vn 0.3936 -0.8308 0.3936
vn 0.6313 0.0979 0.7693
vn 0.6344 0.0000 0.7730
vn 0.1247 0.9805 0.1519
vn 0.1850 0.9565 0.2255
vn 0.1850 -0.9565 0.2255
vn 0.1247 -0.9805 0.1519
vn 0.6313 -0.0979 0.7693
vn 0.2436 0.9233 0.2968
vn 0.0631 -0.9950 0.0769
vn 0.6222 -0.1948 0.7582
vn 0.2998 0.8813 0.3653
vn 0.6072 -0.2899 0.7398
vn 0.3531 0.8308 0.4303
vn 0.5862 -0.3821 0.7143
vn 0.4030 0.7723 0.4911
vn 0.5597 -0.4708 0.6820
vn 0.4491 0.7063 0.5472
vn 0.5278 -0.5549 0.6431
vn 0.4908 0.6336 0.5980
vn 0.4908 -0.6336 0.5980
vn 0.5278 0.5549 0.6431
vn 0.4491 -0.7063 0.5472
vn 0.5597 0.4708 0.6820
vn 0.4030 -0.7723 0.4911
vn 0.5862 0.3821 0.7143
vn 0.3531 -0.8308 0.4303
vn 0.6072 0.2899 0.7398
vn 0.2998 -0.8813 0.3653
vn 0.6222 0.1948 0.7582
vn 0.0631 0.9950 0.0769
vn 0.2436 -0.9233 0.2968
vn 0.5529 -0.0979 0.8275
vn 0.5449 -0.1948 0.8155
vn 0.2133 0.9233 0.3193
vn 0.2626 0.8813 0.3929
vn 0.0553 -0.9950 0.0828
vn 0.5317 -0.2899 0.7958
vn 0.3092 0.8308 0.4628
vn 0.5134 -0.3821 0.7684
vn 0.3530 0.7723 0.5282
vn 0.4902 -0.4708 0.7336
vn 0.3933 0.7063 0.5886
vn 0.4622 -0.5549 0.6917
vn 0.4298 0.6336 0.6432
vn 0.4298 -0.6336 0.6432
vn 0.4622 0.5549 0.6917
vn 0.3933 -0.7063 0.5886
vn 0.4902 0.4708 0.7336
vn 0.3530 -0.7723 0.5282
vn 0.5134 0.3821 0.7684
vn 0.3092 -0.8308 0.4628
vn 0.5317 0.2899 0.7958
vn 0.2626 -0.8813 0.3929
vn 0.5449 0.1948 0.8155
vn 0.0553 0.9950 0.0828
vn 0.2133 -0.9233 0.3193
vn 0.5529 0.0979 0.8275
vn 0.1092 0.9805 0.1634
vn 0.1621 -0.9565 0.2425
vn 0.5556 0.0000 0.8315
vn 0.1621 0.9565 0.2425
vn 0.1092 -0.9805 0.1634
vn 0.3922 -0.5549 0.7337
vn 0.3647 -0.6336 0.6823
vn 0.3647 0.6336 0.6823
vn 0.3922 0.5549 0.7337
vn 0.3337 -0.7063 0.6243
vn 0.4159 0.4708 0.7781
vn 0.2995 -0.7723 0.5603
vn 0.4356 0.3821 0.8150
vn 0.2624 -0.8308 0.4909
vn 0.4512 0.2899 0.8441
vn 0.2228 -0.8813 0.4168
vn 0.4624 0.1948 0.8650
vn 0.0469 0.9950 0.0878
vn 0.1810 -0.9233 0.3387
vn 0.4691 0.0979 0.8777
vn 0.0927 0.9805 0.1734
vn 0.1375 -0.9565 0.2572
vn 0.4714 -0.0000 0.8819
vn 0.1375 0.9565 0.2572
vn 0.0927 -0.9805 0.1734
vn 0.4691 -0.0979 0.8777
vn 0.1810 0.9233 0.3387
vn 0.0469 -0.9950 0.0878
vn 0.4624 -0.1948 0.8650
vn 0.2228 0.8813 0.4168
vn 0.4512 -0.2899 0.8441
vn 0.2624 0.8308 0.4909
vn 0.4356 -0.3821 0.8150
vn 0.2995 0.7723 0.5603
vn 0.4159 -0.4708 0.7781
vn 0.3337 0.7063 0.6243
vn 0.2709 -0.7063 0.6540
vn 0.2431 -0.7723 0.5869
vn 0.3376 0.4708 0.8151
vn 0.3536 0.3821 0.8538
vn 0.2130 -0.8308 0.5143
vn 0.3663 0.2899 0.8842
vn 0.1809 -0.8813 0.4366
vn 0.3754 0.1948 0.9062
vn 0.0381 0.9950 0.0920
vn 0.1469 -0.9233 0.3548
vn 0.3808 0.0979 0.9194
vn 0.0752 0.9805 0.1816
vn 0.1116 -0.9565 0.2695
vn 0.3827 -0.0000 0.9239
vn 0.1116 0.9565 0.2695
vn 0.0752 -0.9805 0.1816
vn 0.3808 -0.0979 0.9194
vn 0.1469 0.9233 0.3548
vn 0.0381 -0.9950 0.0920
vn 0.3754 -0.1948 0.9062
vn 0.1809 0.8813 0.4366
vn 0.3663 -0.2899 0.8842
vn 0.2130 0.8308 0.5143
vn 0.3536 -0.3821 0.8538
vn 0.2431 0.7723 0.5869
vn 0.3376 -0.4708 0.8151
vn 0.2709 0.7063 0.6540
vn 0.3184 -0.5549 0.7686
vn 0.2961 0.6336 0.7147
vn 0.2961 -0.6336 0.7147
vn 0.3184 0.5549 0.7686
vn 0.1616 -0.8308 0.5327
vn 0.1372 -0.8813 0.4522
vn 0.2778 0.2899 0.9159
vn 0.2847 0.1948 0.9386
vn 0.0289 0.9950 0.0952
vn 0.1115 -0.9233 0.3675
vn 0.2889 0.0979 0.9523
vn 0.0571 0.9805 0.1881
vn 0.0847 -0.9565 0.2791
vn 0.2903 -0.0000 0.9569
vn 0.0847 0.9565 0.2791
vn 0.0571 -0.9805 0.1881
vn 0.2889 -0.0979 0.9523
vn 0.1115 0.9233 0.3675
vn 0.0289 -0.9950 0.0952
vn 0.2847 -0.1948 0.9386
vn 0.1372 0.8813 0.4522
vn 0.2778 -0.2899 0.9159
vn 0.1616 0.8308 0.5327
vn 0.2683 -0.3821 0.8843
vn 0.1844 0.7723 0.6080
vn 0.2561 -0.4708 0.8443
vn 0.2055 0.7063 0.6774
vn 0.2415 -0.5549 0.7961
vn 0.2246 0.6336 0.7403
vn 0.2246 -0.6336 0.7403
vn 0.2415 0.5549 0.7961
vn 0.2055 -0.7063 0.6774
vn 0.2561 0.4708 0.8443
vn 0.1844 -0.7723 0.6080
vn 0.2683 0.3821 0.8843
vn 0.0194 0.9950 0.0976
vn 0.0383 0.9805 0.1928
vn 0.0749 -0.9233 0.3766
vn 0.0569 -0.9565 0.2861
vn 0.1942 0.0979 0.9761
vn 0.1951 0.0000 0.9808
vn 0.0569 0.9565 0.2861
vn 0.0383 -0.9805 0.1928
vn 0.1942 -0.0979 0.9761
vn 0.0749 0.9233 0.3766
vn 0.0194 -0.9950 0.0976
vn 0.1914 -0.1948 0.9620
vn 0.0922 0.8813 0.4635
vn 0.1867 -0.2899 0.9387
vn 0.1086 0.8308 0.5459
vn 0.1803 -0.3821 0.9063
vn 0.1239 0.7723 0.6231
vn 0.1721 -0.4708 0.8653
vn 0.1381 0.7063 0.6943
vn 0.1623 -0.5549 0.8160
vn 0.1509 0.6336 0.7588
vn 0.1509 -0.6336 0.7588
vn 0.1623 0.5549 0.8160
vn 0.1381 -0.7063 0.6943
vn 0.1721 0.4708 0.8653
vn 0.1239 -0.7723 0.6231
vn 0.1803 0.3821 0.9063
vn 0.1086 -0.8308 0.5459
vn 0.1867 0.2899 0.9387
vn 0.0922 -0.8813 0.4635
vn 0.1914 0.1948 0.9620
vn 0.0286 0.9565 0.2903
vn 0.0376 0.9233 0.3821
vn 0.0193 -0.9805 0.1956
vn 0.0098 -0.9950 0.0991
vn 0.0975 -0.0979 0.9904
vn 0.0961 -0.1948 0.9761
vn 0.0463 0.8813 0.4703
vn 0.0938 -0.2899 0.9525
vn 0.0546 0.8308 0.5539
vn 0.0906 -0.3821 0.9197
vn 0.0623 0.7723 0.6322
vn 0.0865 -0.4708 0.8780
vn 0.0694 0.7063 0.7045
vn 0.0815 -0.5549 0.8279
vn 0.0758 0.6336 0.7699
vn 0.0758 -0.6336 0.7699
vn 0.0815 0.5549 0.8279
vn 0.0694 -0.7063 0.7045
vn 0.0865 0.4708 0.8780
vn 0.0623 -0.7723 0.6322
vn 0.0906 0.3821 0.9197
vn 0.0546 -0.8308 0.5539
vn 0.0938 0.2899 0.9525
vn 0.0463 -0.8813 0.4703
vn 0.0961 0.1948 0.9761
vn 0.0098 0.9950 0.0991
vn 0.0376 -0.9233 0.3821
vn 0.0975 0.0979 0.9904
vn 0.0193 0.9805 0.1956
vn 0.0286 -0.9565 0.2903
vn 0.0980 -0.0000 0.9952
vn -0.0000 0.8813 0.4726
vn 0.0000 0.8308 0.5566
vn -0.0000 -0.2899 0.9571
vn -0.0000 -0.3821 0.9241
vn 0.0000 0.7723 0.6353
vn -0.0000 -0.4708 0.8823
vn -0.0000 0.7063 0.7079
vn 0.0000 -0.5549 0.8319
vn 0.0000 0.6336 0.7736
vn 0.0000 -0.6336 0.7736
vn 0.0000 0.5549 0.8319
vn 0.0000 -0.7063 0.7079
vn -0.0000 0.4708 0.8823
vn 0.0000 -0.7723 0.6353
vn -0.0000 0.3821 0.9241
vn 0.0000 -0.8308 0.5566
vn -0.0000 0.2899 0.9571
vn -0.0000 -0.8813 0.4726
vn 0.0000 0.1948 0.9808
vn -0.0000 0.9950 0.0995
vn -0.0000 -0.9233 0.3840
vn -0.0000 0.0979 0.9952
vn 0.0000 0.9805 0.1966
vn -0.0000 -0.9565 0.2917
vn -0.0000 0.0000 1.0000
vn -0.0000 0.9565 0.2917
vn 0.0000 -0.9805 0.1966
vn -0.0000 -0.0979 0.9952
vn -0.0000 0.9233 0.3840
vn -0.0000 -0.9950 0.0995
vn 0.0000 -0.1948 0.9808
vn -0.0623 0.7723 0.6322
vn -0.0694 0.7063 0.7045
vn -0.0865 -0.4708 0.8780
vn -0.0815 -0.5549 0.8279
vn -0.0758 0.6336 0.7699
vn -0.0758 -0.6336 0.7699
vn -0.0815 0.5549 0.8279
vn -0.0694 -0.7063 0.7045
vn -0.0865 0.4708 0.8780
vn -0.0623 -0.7723 0.6322
vn -0.0906 0.3821 0.9197
vn -0.0546 -0.8308 0.5539
vn -0.0938 0.2899 0.9525
vn -0.0463 -0.8813 0.4703
vn -0.0961 0.1948 0.9761
vn -0.0098 0.9950 0.0991
vn -0.0376 -0.9233 0.3821
vn -0.0975 0.0979 0.9904
vn -0.0193 0.9805 0.1956
vn -0.0286 -0.9565 0.2903
vn -0.0980 0.0000 0.9952
vn -0.0286 0.9565 0.2903
vn -0.0193 -0.9805 0.1956
vn -0.0975 -0.0979 0.9904
vn -0.0376 0.9233 0.3821
vn -0.0098 -0.9950 0.0991
vn -0.0961 -0.1948 0.9761
vn -0.0463 0.8813 0.4703
vn -0.0938 -0.2899 0.9525
vn -0.0546 0.8308 0.5539
vn -0.0906 -0.3821 0.9197
vn -0.1509 0.6336 0.7588
vn -0.1623 0.5549 0.8160
vn -0.1509 -0.6336 0.7588
vn -0.1381 -0.7063 0.6943
vn -0.1721 0.4708 0.8653
vn -0.1239 -0.7723 0.6231
vn -0.1803 0.3821 0.9063
vn -0.1086 -0.8308 0.5459
vn -0.1867 0.2899 0.9387
vn -0.0922 -0.8813 0.4635
vn -0.1914 0.1948 0.9620
vn -0.0194 0.9950 0.0976
vn -0.0749 -0.9233 0.3766
vn -0.1942 0.0979 0.9761
vn -0.0383 0.9805 0.1928
vn -0.0569 -0.9565 0.2861
vn -0.1951 0.0000 0.9808
vn -0.0569 0.9565 0.2861
vn -0.0383 -0.9805 0.1928
vn -0.1942 -0.0979 0.9761
vn -0.0749 0.9233 0.3766
vn -0.0194 -0.9950 0.0976
vn -0.1914 -0.1948 0.9620
vn -0.0922 0.8813 0.4635
vn -0.1867 -0.2899 0.9387
vn -0.1086 0.8308 0.5459
vn -0.1803 -0.3821 0.9063
vn -0.1239 0.7723 0.6231
vn -0.1721 -0.4708 0.8653
vn -0.1381 0.7063 0.6943
vn -0.1623 -0.5549 0.8160
vn -0.2561 0.4708 0.8443
vn -0.2683 0.3821 0.8843
vn -0.1844 -0.7723 0.6080
vn -0.1616 -0.8308 0.5327
vn -0.2778 0.2899 0.9159
vn -0.1372 -0.8813 0.4522
vn -0.2847 0.1948 0.9386
vn -0.0289 0.9950 0.0952
vn -0.1115 -0.9233 0.3675
vn -0.2889 0.0979 0.9523
vn -0.0571 0.9805 0.1881
vn -0.0847 -0.9565 0.2791
vn -0.2903 0.0000 0.9569
vn -0.0847 0.9565 0.2791
vn -0.0571 -0.9805 0.1881
vn -0.2889 -0.0979 0.9523
vn -0.1115 0.9233 0.3675
vn -0.0289 -0.9950 0.0952
vn -0.2847 -0.1948 0.9386
vn -0.1372 0.8813 0.4522
vn -0.2778 -0.2899 0.9159
vn -0.1616 0.8308 0.5327
vn -0.2683 -0.3821 0.8843
vn -0.1844 0.7723 0.6080
vn -0.2561 -0.4708 0.8443
vn -0.2055 0.7063 0.6774
vn -0.2415 -0.5549 0.7961
vn -0.2246 0.6336 0.7403
vn -0.2246 -0.6336 0.7403
vn -0.2415 0.5549 0.7961
vn -0.2055 -0.7063 0.6774
vn -0.3663 0.2899 0.8842
vn -0.3754 0.1948 0.9062
vn -0.0381 0.9950 0.0920
vn -0.1809 -0.8813 0.4366
vn -0.1469 -0.9233 0.3548
vn -0.3808 0.0979 0.9194
vn -0.0752 0.9805 0.1816
vn -0.1116 -0.9565 0.2695
vn -0.3827 0.0000 0.9239
vn -0.1116 0.9565 0.2695
vn -0.0752 -0.9805 0.1816
vn -0.3808 -0.0979 0.9194
vn -0.1469 0.9233 0.3548
vn -0.0381 -0.9950 0.0920
vn -0.3754 -0.1948 0.9062
vn -0.1809 0.8813 0.4366
vn -0.3663 -0.2899 0.8842
vn -0.2130 0.8308 0.5143
vn -0.3536 -0.3821 0.8538
vn -0.2431 0.7723 0.5869
vn -0.3376 -0.4708 0.8151
vn -0.2709 0.7063 0.6540
vn -0.3184 -0.5549 0.7686
vn -0.2961 0.6336 0.7147
vn -0.2961 -0.6336 0.7147
vn -0.3184 0.5549 0.7686
vn -0.2709 -0.7063 0.6540
vn -0.3376 0.4708 0.8151
vn -0.2431 -0.7723 0.5869
vn -0.3536 0.3821 0.8538
vn -0.2130 -0.8308 0.5143
vn -0.4691 0.0979 0.8777
vn -0.4714 0.0000 0.8819
vn -0.0927 0.9805 0.1734
vn -0.1375 0.9565 0.2572
vn -0.1375 -0.9565 0.2572
vn -0.0927 -0.9805 0.1734
vn -0.4691 -0.0979 0.8777
vn -0.1810 0.9233 0.3386
vn -0.0469 -0.9950 0.0878
vn -0.4624 -0.1948 0.8650
vn -0.2228 0.8813 0.4168
vn -0.4512 -0.2899 0.8441
vn -0.2624 0.8308 0.4909
vn -0.4356 -0.3821 0.8150
vn -0.2995 0.7723 0.5603
vn -0.4159 -0.4708 0.7781
vn -0.3337 0.7063 0.6243
vn -0.3922 -0.5549 0.7337
vn -0.3647 0.6336 0.6823
vn -0.3647 -0.6336 0.6823
vn -0.3922 0.5549 0.7337
vn -0.3337 -0.7063 0.6243
vn -0.4159 0.4708 0.7781
vn -0.2995 -0.7723 0.5603
vn -0.4356 0.3821 0.8150
vn -0.2624 -0.8308 0.4909
vn -0.4512 0.2899 0.8441
vn -0.2228 -0.8813 0.4168
vn -0.4624 0.1948 0.8650
vn -0.0469 0.9950 0.0878
vn -0.1810 -0.9233 0.3386
vn -0.5529 -0.0979 0.8275
vn -0.5449 -0.1948 0.8155
vn -0.2133 0.9233 0.3193
vn -0.2626 0.8813 0.3929
vn -0.0553 -0.9950 0.0828
vn -0.5317 -0.2899 0.7958
vn -0.3092 0.8308 0.4628
vn -0.5134 -0.3821 0.7684
vn -0.3530 0.7723 0.5282
vn -0.4902 -0.4708 0.7336
vn -0.3933 0.7063 0.5886
vn -0.4622 -0.5549 0.6917
vn -0.4298 0.6336 0.6432
vn -0.4298 -0.6336 0.6432
vn -0.4622 0.5549 0.6917
vn -0.3933 -0.7063 0.5886
vn -0.4902 0.4708 0.7336
vn -0.3530 -0.7723 0.5282
vn -0.5134 0.3821 0.7684
vn -0.3092 -0.8308 0.4628
vn -0.5317 0.2899 0.7958
vn -0.2626 -0.8813 0.3929
vn -0.5449 0.1948 0.8155
vn -0.0553 0.9950 0.0828
vn -0.2133 -0.9233 0.3193
vn -0.5529 0.0979 0.8275
vn -0.1092 0.9805 0.1634
vn -0.1621 -0.9565 0.2425
vn -0.5556 0.0000 0.8315
vn -0.1621 0.9565 0.2425
vn -0.1092 -0.9805 0.1634
vn -0.6072 -0.2899 0.7398
vn -0.5862 -0.3821 0.7143
vn -0.3531 0.8308 0.4303
vn -0.4030 0.7723 0.4911
vn -0.5597 -0.4708 0.6820
vn -0.4491 0.7063 0.5472
vn -0.5278 -0.5549 0.6431
vn -0.4908 0.6336 0.5980
vn -0.4908 -0.6336 0.5980
vn -0.5278 0.5549 0.6431
vn -0.4491 -0.7063 0.5472
vn -0.5597 0.4708 0.6820
vn -0.4030 -0.7723 0.4911
vn -0.5862 0.3821 0.7143
vn -0.3531 -0.8308 0.4303
vn -0.6072 0.2899 0.7398
vn -0.2998 -0.8813 0.3653
vn -0.6222 0.1948 0.7582
vn -0.0631 0.9950 0.0769
vn -0.2436 -0.9233 0.2968
vn -0.6313 0.0979 0.7693
vn -0.1247 0.9805 0.1519
vn -0.1850 -0.9565 0.2255
vn -0.6344 0.0000 0.7730
vn -0.1850 0.9565 0.2255
vn -0.1247 -0.9805 0.1519
vn -0.6313 -0.0979 0.7693
vn -0.2436 0.9233 0.2968
vn -0.0631 -0.9950 0.0769
vn -0.6222 -0.1948 0.7582
vn -0.2998 0.8813 0.3653
vn -0.6239 -0.4708 0.6239
vn -0.5883 -0.5549 0.5883
vn -0.5005 0.7063 0.5005
vn -0.5470 0.6336 0.5470
vn -0.5470 -0.6336 0.5470
vn -0.5883 0.5549 0.5883
vn -0.5005 -0.7063 0.5005
vn -0.6239 0.4708 0.6239
vn -0.4492 -0.7723 0.4492
vn -0.6534 0.3821 0.6534
vn -0.3936 -0.8308 0.3936
vn -0.6767 0.2899 0.6767
vn -0.3342 -0.8813 0.3342
vn -0.6936 0.1948 0.6936
vn -0.0704 0.9950 0.0704
vn -0.2715 -0.9233 0.2715
vn -0.7037 0.0979 0.7037
vn -0.1390 0.9805 0.1390
vn -0.2063 -0.9565 0.2063
vn -0.7071 0.0000 0.7071
vn -0.2063 0.9565 0.2063
vn -0.1390 -0.9805 0.1390
vn -0.7037 -0.0979 0.7037
vn -0.2715 0.9233 0.2715
vn -0.0704 -0.9950 0.0704
vn -0.6936 -0.1948 0.6936
vn -0.3342 0.8813 0.3342
vn -0.6768 -0.2899 0.6767
vn -0.3936 0.8308 0.3936
vn -0.6534 -0.3821 0.6534
vn -0.4492 0.7723 0.4492
vn -0.5980 -0.6336 0.4908
vn -0.5472 -0.7063 0.4491
vn -0.6431 0.5549 0.5278
vn -0.6820 0.4708 0.5597
vn -0.4911 -0.7723 0.4030
vn -0.7143 0.3821 0.5862
vn -0.4303 -0.8308 0.3531
vn -0.7398 0.2899 0.6072
vn -0.3653 -0.8813 0.2998
vn -0.7582 0.1948 0.6222
vn -0.0769 0.9950 0.0631
vn -0.2968 -0.9233 0.2436
vn -0.7693 0.0979 0.6313
vn -0.1519 0.9805 0.1247
vn -0.2255 -0.9565 0.1850
vn -0.7730 0.0000 0.6344
vn -0.2255 0.9565 0.1850
vn -0.1519 -0.9805 0.1247
vn -0.7693 -0.0979 0.6313
vn -0.2968 0.9233 0.2436
vn -0.0769 -0.9950 0.0631
vn -0.7582 -0.1948 0.6222
vn -0.3653 0.8813 0.2998
vn -0.7398 -0.2899 0.6072
vn -0.4303 0.8308 0.3531
vn -0.7143 -0.3821 0.5862
vn -0.4911 0.7723 0.4030
vn -0.6820 -0.4708 0.5597
vn -0.5472 0.7063 0.4491
vn -0.6431 -0.5549 0.5278
vn -0.5980 0.6336 0.4908
vn -0.5282 -0.7723 0.3530
vn -0.4628 -0.8308 0.3092
vn -0.7684 0.3821 0.5134
vn -0.7958 0.2899 0.5317
vn -0.3929 -0.8813 0.2626
vn -0.8155 0.1948 0.5449
vn -0.0828 0.9950 0.0553
vn -0.3193 -0.9233 0.2133
vn -0.8275 0.0979 0.5529
vn -0.1634 0.9805 0.1092
vn -0.2425 -0.9565 0.1621
vn -0.8315 0.0000 0.5556
vn -0.2425 0.9565 0.1621
vn -0.1634 -0.9805 0.1092
vn -0.8275 -0.0979 0.5529
vn -0.3193 0.9233 0.2133
vn -0.0828 -0.9950 0.0553
vn -0.8155 -0.1948 0.5449
vn -0.3929 0.8813 0.2626
vn -0.7958 -0.2899 0.5317
vn -0.4628 0.8308 0.3092
vn -0.7684 -0.3821 0.5134
vn -0.5282 0.7723 0.3530
vn -0.7336 -0.4708 0.4902
vn -0.5886 0.7063 0.3933
vn -0.6917 -0.5549 0.4622
vn -0.6432 0.6336 0.4298
vn -0.6432 -0.6336 0.4298
vn -0.6917 0.5549 0.4622
vn -0.5886 -0.7063 0.3933
vn -0.7336 0.4708 0.4902
vn -0.4168 -0.8813 0.2228
vn -0.3387 -0.9233 0.1810
vn -0.8650 0.1948 0.4624
vn -0.8777 0.0979 0.4691
vn -0.0878 0.9950 0.0469
vn -0.1734 0.9805 0.0927
vn -0.2572 -0.9565 0.1375
vn -0.8819 -0.0000 0.4714
vn -0.2572 0.9565 0.1375
vn -0.1734 -0.9805 0.0927
vn -0.8777 -0.0979 0.4691
vn -0.3387 0.9233 0.1810
vn -0.0878 -0.9950 0.0469
vn -0.8650 -0.1948 0.4624
vn -0.4168 0.8813 0.2228
vn -0.8441 -0.2899 0.4512
vn -0.4909 0.8308 0.2624
vn -0.8150 -0.3821 0.4356
vn -0.5603 0.7723 0.2995
vn -0.7781 -0.4708 0.4159
vn -0.6243 0.7063 0.3337
vn -0.7337 -0.5549 0.3922
vn -0.6823 0.6336 0.3647
vn -0.6823 -0.6336 0.3647
vn -0.7337 0.5549 0.3922
vn -0.6243 -0.7063 0.3337
vn -0.7781 0.4708 0.4159
vn -0.5603 -0.7723 0.2995
vn -0.8150 0.3821 0.4356
vn -0.4909 -0.8308 0.2624
vn -0.8441 0.2899 0.4512
vn -0.2695 -0.9565 0.1116
vn -0.1816 -0.9805 0.0752
vn -0.9239 -0.0000 0.3827
vn -0.9194 -0.0979 0.3808
vn -0.2695 0.9565 0.1116
vn -0.3548 0.9233 0.1469
vn -0.0920 -0.9950 0.0381
vn -0.9062 -0.1948 0.3754
vn -0.4366 0.8813 0.1809
vn -0.8842 -0.2899 0.3663
vn -0.5143 0.8308 0.2130
vn -0.8538 -0.3821 0.3536
vn -0.5869 0.7723 0.2431
vn -0.8151 -0.4708 0.3376
vn -0.6540 0.7063 0.2709
vn -0.7686 -0.5549 0.3184
vn -0.7147 0.6336 0.2961
vn -0.7147 -0.6336 0.2961
vn -0.7686 0.5549 0.3184
vn -0.6540 -0.7063 0.2709
vn -0.8151 0.4708 0.3376
vn -0.5869 -0.7723 0.2431
vn -0.8538 0.3821 0.3536
vn -0.5143 -0.8308 0.2130
vn -0.8842 0.2899 0.3663
vn -0.4366 -0.8813 0.1809
vn -0.9062 0.1948 0.3754
vn -0.0920 0.9950 0.0381
vn -0.3548 -0.9233 0.1469
vn -0.9194 0.0979 0.3808
vn -0.1816 0.9805 0.0752
vn -0.0952 -0.9950 0.0289
vn -0.9386 -0.1948 0.2847
vn -0.9159 -0.2899 0.2778
vn -0.4522 0.8813 0.1372
vn -0.5327 0.8308 0.1616
vn -0.8843 -0.3821 0.2683
vn -0.6080 0.7723 0.1844
vn -0.8443 -0.4708 0.2561
vn -0.6774 0.7063 0.2055
vn -0.7961 -0.5549 0.2415
vn -0.7403 0.6336 0.2246
vn -0.7403 -0.6336 0.2246
vn -0.7961 0.5549 0.2415
vn -0.6774 -0.7063 0.2055
vn -0.8443 0.4708 0.2561
vn -0.6080 -0.7723 0.1844
vn -0.8843 0.3821 0.2683
vn -0.5327 -0.8308 0.1616
vn -0.9159 0.2899 0.2778
vn -0.4522 -0.8813 0.1372
vn -0.9386 0.1948 0.2847
vn -0.0952 0.9950 0.0289
vn -0.3675 -0.9233 0.1115
vn -0.9523 0.0979 0.2889
vn -0.1881 0.9805 0.0571
vn -0.2791 -0.9565 0.0847
vn -0.9569 0.0000 0.2903
vn -0.2791 0.9565 0.0847
vn -0.1881 -0.9805 0.0571
vn -0.9523 -0.0979 0.2889
vn -0.3675 0.9233 0.1115
vn -0.9063 -0.3821 0.1803
vn -0.8653 -0.4708 0.1721
vn -0.6231 0.7723 0.1239
vn -0.6943 0.7063 0.1381
vn -0.8160 -0.5549 0.1623
vn -0.7588 0.6336 0.1509
vn -0.7588 -0.6336 0.1509
vn -0.8160 0.5549 0.1623
vn -0.6943 -0.7063 0.1381
vn -0.8653 0.4708 0.1721
vn -0.6231 -0.7723 0.1239
vn -0.9063 0.3821 0.1803
vn -0.5459 -0.8308 0.1086
vn -0.9387 0.2899 0.1867
vn -0.4635 -0.8813 0.0922
vn -0.9620 0.1948 0.1914
vn -0.0976 0.9950 0.0194
vn -0.3766 -0.9233 0.0749
vn -0.9761 0.0979 0.1942
vn -0.1928 0.9805 0.0383
vn -0.2861 -0.9565 0.0569
vn -0.9808 0.0000 0.1951
vn -0.2861 0.9565 0.0569
vn -0.1928 -0.9805 0.0383
vn -0.9761 -0.0979 0.1942
vn -0.3766 0.9233 0.0749
vn -0.0976 -0.9950 0.0194
vn -0.9620 -0.1948 0.1914
vn -0.4635 0.8813 0.0922
vn -0.9387 -0.2899 0.1867
vn -0.5459 0.8308 0.1086
vn -0.8279 -0.5549 0.0815
vn -0.7699 -0.6336 0.0758
vn -0.7699 0.6336 0.0758
vn -0.8279 0.5549 0.0815
vn -0.7045 -0.7063 0.0694
vn -0.8780 0.4708 0.0865
vn -0.6322 -0.7723 0.0623
vn -0.9197 0.3821 0.0906
vn -0.5539 -0.8308 0.0546
vn -0.9525 0.2899 0.0938
vn -0.4703 -0.8813 0.0463
vn -0.9761 0.1948 0.0961
vn -0.0991 0.9950 0.0098
vn -0.3821 -0.9233 0.0376
vn -0.9904 0.0979 0.0975
vn -0.1956 0.9805 0.0193
vn -0.2903 -0.9565 0.0286
vn -0.9952 0.0000 0.0980
vn -0.2903 0.9565 0.0286
vn -0.1956 -0.9805 0.0193
vn -0.9904 -0.0979 0.0975
vn -0.3821 0.9233 0.0376
vn -0.0991 -0.9950 0.0098
vn -0.9761 -0.1948 0.0961
vn -0.4703 0.8813 0.0463
vn -0.9525 -0.2899 0.0938
vn -0.5539 0.8308 0.0546
vn -0.9197 -0.3821 0.0906
vn -0.6322 0.7723 0.0623
vn -0.8780 -0.4708 0.0865
vn -0.7045 0.7063 0.0694
vn -0.7079 -0.7063 -0.0000
vn -0.6353 -0.7723 -0.0000
vn -0.8823 0.4708 0.0000
vn -0.9241 0.3821 -0.0000
vn -0.5566 -0.8308 0.0000
vn -0.9571 0.2899 -0.0000
vn -0.4726 -0.8813 0.0000
vn -0.9808 0.1948 -0.0000
vn -0.0995 0.9950 -0.0000
vn -0.3840 -0.9233 -0.0000
vn -0.9952 0.0979 -0.0000
vn -0.1966 0.9805 0.0000
vn -0.2917 -0.9565 -0.0000
vn -1.0000 0.0000 -0.0000
vn -0.2917 0.9565 -0.0000
vn -0.1966 -0.9805 0.0000
vn -0.9952 -0.0979 -0.0000
vn -0.3840 0.9233 0.0000
vn -0.0995 -0.9950 -0.0000
vn -0.9808 -0.1948 0.0000
vn -0.4726 0.8813 0.0000
vn -0.9571 -0.2899 -0.0000
vn -0.5566 0.8308 0.0000
vn -0.9241 -0.3821 -0.0000
vn -0.6353 0.7723 -0.0000
vn -0.8823 -0.4708 0.0000
vn -0.7079 0.7063 0.0000
vn -0.8319 -0.5549 0.0000
vn -0.7736 0.6336 0.0000
vn -0.7736 -0.6336 0.0000
vn -0.8319 0.5549 0.0000
vn -0.5539 -0.8308 -0.0546
vn -0.4703 -0.8813 -0.0463
vn -0.9525 0.2899 -0.0938
vn -0.9761 0.1948 -0.0961
vn -0.0991 0.9950 -0.0098
vn -0.3821 -0.9233 -0.0376
vn -0.9904 0.0979 -0.0975
vn -0.1956 0.9805 -0.0193
vn -0.2903 -0.9565 -0.0286
vn -0.9952 0.0000 -0.0980
vn -0.2903 0.9565 -0.0286
vn -0.1956 -0.9805 -0.0193
vn -0.9904 -0.0979 -0.0975
vn -0.3821 0.9233 -0.0376
vn -0.0991 -0.9950 -0.0098
vn -0.9761 -0.1948 -0.0961
vn -0.4703 0.8813 -0.0463
vn -0.9525 -0.2899 -0.0938
vn -0.5539 0.8308 -0.0546
vn -0.9197 -0.3821 -0.0906
vn -0.6322 0.7723 -0.0623
vn -0.8780 -0.4708 -0.0865
vn -0.7045 0.7063 -0.0694
vn -0.8279 -0.5549 -0.0815
vn -0.7699 0.6336 -0.0758
vn -0.7699 -0.6336 -0.0758
vn -0.8279 0.5549 -0.0815
vn -0.7045 -0.7063 -0.0694
vn -0.8780 0.4708 -0.0865
vn -0.6322 -0.7723 -0.0623
vn -0.9197 0.3821 -0.0906
vn -0.0976 0.9950 -0.0194
vn -0.1928 0.9805 -0.0383
vn -0.3766 -0.9233 -0.0749
vn -0.2861 -0.9565 -0.0569
vn -0.9761 0.0979 -0.1942
vn -0.9808 0.0000 -0.1951
vn -0.2861 0.9565 -0.0569
vn -0.1928 -0.9805 -0.0383
vn -0.9761 -0.0979 -0.1942
vn -0.3766 0.9233 -0.0749
vn -0.0976 -0.9950 -0.0194
vn -0.9620 -0.1948 -0.1914
vn -0.4635 0.8813 -0.0922
vn -0.9387 -0.2899 -0.1867
vn -0.5459 0.8308 -0.1086
vn -0.9063 -0.3821 -0.1803
vn -0.6231 0.7723 -0.1239
vn -0.8653 -0.4708 -0.1721
vn -0.6943 0.7063 -0.1381
vn -0.8160 -0.5549 -0.1623
vn -0.7588 0.6336 -0.1509
vn -0.7588 -0.6336 -0.1509
vn -0.8160 0.5549 -0.1623
vn -0.6943 -0.7063 -0.1381
vn -0.8653 0.4708 -0.1721
vn -0.6231 -0.7723 -0.1239
vn -0.9063 0.3821 -0.1803
vn -0.5459 -0.8308 -0.1086
vn -0.9387 0.2899 -0.1867
vn -0.4635 -0.8813 -0.0922
vn -0.9620 0.1948 -0.1914
vn -0.2791 0.9565 -0.0847
vn -0.3675 0.9233 -0.1115
vn -0.1881 -0.9805 -0.0571
vn -0.0952 -0.9950 -0.0289
vn -0.9523 -0.0979 -0.2889
vn -0.9386 -0.1948 -0.2847
vn -0.4522 0.8813 -0.1372
vn -0.9159 -0.2899 -0.2778
vn -0.5327 0.8308 -0.1616
vn -0.8843 -0.3821 -0.2683
vn -0.6080 0.7723 -0.1844
vn -0.8443 -0.4708 -0.2561
vn -0.6774 0.7063 -0.2055
vn -0.7961 -0.5549 -0.2415
vn -0.7403 0.6336 -0.2246
vn -0.7403 -0.6336 -0.2246
vn -0.7961 0.5549 -0.2415
vn -0.6774 -0.7063 -0.2055
vn -0.8443 0.4708 -0.2561
vn -0.6080 -0.7723 -0.1844
vn -0.8843 0.3821 -0.2683
vn -0.5327 -0.8308 -0.1616
vn -0.9159 0.2899 -0.2778
vn -0.4522 -0.8813 -0.1372
vn -0.9386 0.1948 -0.2847
vn -0.0952 0.9950 -0.0289
vn -0.3675 -0.9233 -0.1115
vn -0.9523 0.0979 -0.2889
vn -0.1881 0.9805 -0.0571
vn -0.2791 -0.9565 -0.0847
vn -0.9569 -0.0000 -0.2903
vn -0.9194 0.0979 -0.3808
vn -0.9239 0.0000 -0.3827
vn -0.1816 0.9805 -0.0752
vn -0.2695 0.9565 -0.1116
vn -0.2695 -0.9565 -0.1116
vn -0.1816 -0.9805 -0.0752
vn -0.9194 -0.0979 -0.3808
vn -0.3548 0.9233 -0.1469
vn -0.0920 -0.9950 -0.0381
vn -0.9062 -0.1948 -0.3754
vn -0.4366 0.8813 -0.1809
vn -0.8842 -0.2899 -0.3663
vn -0.5143 0.8308 -0.2130
vn -0.8538 -0.3821 -0.3536
vn -0.5869 0.7723 -0.2431
vn -0.8151 -0.4708 -0.3376
vn -0.6540 0.7063 -0.2709
vn -0.7686 -0.5549 -0.3184
vn -0.7147 0.6336 -0.2961
vn -0.7147 -0.6336 -0.2961
vn -0.7686 0.5549 -0.3184
vn -0.6540 -0.7063 -0.2709
vn -0.8151 0.4708 -0.3376
vn -0.5869 -0.7723 -0.2431
vn -0.8538 0.3821 -0.3536
vn -0.5143 -0.8308 -0.2130
vn -0.8842 0.2899 -0.3663
vn -0.4366 -0.8813 -0.1809
vn -0.9062 0.1948 -0.3754
vn -0.0920 0.9950 -0.0381
vn -0.3548 -0.9233 -0.1469
vn -0.8777 -0.0979 -0.4691
vn -0.8650 -0.1948 -0.4624
vn -0.3387 0.9233 -0.1810
vn -0.4168 0.8813 -0.2228
vn -0.0878 -0.9950 -0.0469
vn -0.8441 -0.2899 -0.4512
vn -0.4909 0.8308 -0.2624
vn -0.8150 -0.3821 -0.4356
vn -0.5603 0.7723 -0.2995
vn -0.7781 -0.4708 -0.4159
vn -0.6243 0.7063 -0.3337
vn -0.7337 -0.5549 -0.3922
vn -0.6823 0.6336 -0.3647
vn -0.6823 -0.6336 -0.3647
vn -0.7337 0.5549 -0.3922
vn -0.6243 -0.7063 -0.3337
vn -0.7781 0.4708 -0.4159
vn -0.5603 -0.7723 -0.2995
vn -0.8150 0.3821 -0.4356
vn -0.4909 -0.8308 -0.2624
vn -0.8441 0.2899 -0.4512
vn -0.4168 -0.8813 -0.2228
vn -0.8650 0.1948 -0.4624
vn -0.0878 0.9950 -0.0469
vn -0.3387 -0.9233 -0.1810
vn -0.8777 0.0979 -0.4691
vn -0.1734 0.9805 -0.0927
vn -0.2572 -0.9565 -0.1375
vn -0.8819 0.0000 -0.4714
vn -0.2572 0.9565 -0.1375
vn -0.1734 -0.9805 -0.0927
vn -0.7958 -0.2899 -0.5317
vn -0.7684 -0.3821 -0.5134
vn -0.4628 0.8308 -0.3092
vn -0.5282 0.7723 -0.3530
vn -0.7336 -0.4708 -0.4902
vn -0.5886 0.7063 -0.3933
vn -0.6917 -0.5549 -0.4622
vn -0.6432 0.6336 -0.4298
vn -0.6432 -0.6336 -0.4298
vn -0.6917 0.5549 -0.4622
vn -0.5886 -0.7063 -0.3933
vn -0.7336 0.4708 -0.4902
vn -0.5282 -0.7723 -0.3530
vn -0.7684 0.3821 -0.5134
vn -0.4628 -0.8308 -0.3092
vn -0.7958 0.2899 -0.5317
vn -0.3929 -0.8813 -0.2626
vn -0.8155 0.1948 -0.5449
vn -0.0828 0.9950 -0.0553
vn -0.3193 -0.9233 -0.2133
vn -0.8275 0.0979 -0.5529
vn -0.1634 0.9805 -0.1092
vn -0.2425 -0.9565 -0.1621
vn -0.8315 -0.0000 -0.5556
vn -0.2425 0.9565 -0.1621
vn -0.1634 -0.9805 -0.1092
vn -0.8275 -0.0979 -0.5529
vn -0.3193 0.9233 -0.2133
vn -0.0828 -0.9950 -0.0553
vn -0.8155 -0.1948 -0.5449
vn -0.3929 0.8813 -0.2626
vn -0.6820 -0.4708 -0.5597
vn -0.6431 -0.5549 -0.5278
vn -0.5472 0.7063 -0.4491
vn -0.5980 0.6336 -0.4908
vn -0.5980 -0.6336 -0.4908
vn -0.6431 0.5549 -0.5278
vn -0.5472 -0.7063 -0.4491
vn -0.6820 0.4708 -0.5597
vn -0.4911 -0.7723 -0.4030
vn -0.7143 0.3821 -0.5862
vn -0.4303 -0.8308 -0.3531
vn -0.7398 0.2899 -0.6072
vn -0.3653 -0.8813 -0.2998
vn -0.7582 0.1948 -0.6222
vn -0.0769 0.9950 -0.0631
vn -0.2968 -0.9233 -0.2436
vn -0.7693 0.0979 -0.6313
vn -0.1519 0.9805 -0.1247
vn -0.2255 -0.9565 -0.1850
vn -0.7730 -0.0000 -0.6344
vn -0.2255 0.9565 -0.1850
vn -0.1519 -0.9805 -0.1247
vn -0.7693 -0.0979 -0.6313
vn -0.2968 0.9233 -0.2436
vn -0.0769 -0.9950 -0.0631
vn -0.7582 -0.1948 -0.6222
vn -0.3653 0.8813 -0.2998
vn -0.7398 -0.2899 -0.6072
vn -0.4303 0.8308 -0.3531
vn -0.7143 -0.3821 -0.5862
vn -0.4911 0.7723 -0.4030
vn -0.5470 -0.6336 -0.5470
vn -0.5005 -0.7063 -0.5005
vn -0.5883 0.5549 -0.5883
vn -0.6239 0.4708 -0.6239
vn -0.4492 -0.7723 -0.4492
vn -0.6534 0.3821 -0.6534
vn -0.3936 -0.8308 -0.3936
vn -0.6767 0.2899 -0.6767
vn -0.3342 -0.8813 -0.3342
vn -0.6936 0.1948 -0.6936
vn -0.0704 0.9950 -0.0704
vn -0.2715 -0.9233 -0.2715
vn -0.7037 0.0979 -0.7037
vn -0.1390 0.9805 -0.1390
vn -0.2063 -0.9565 -0.2063
vn -0.7071 0.0000 -0.7071
vn -0.2063 0.9565 -0.2063
vn -0.1390 -0.9805 -0.1390
vn -0.7037 -0.0979 -0.7037
vn -0.2715 0.9233 -0.2715
vn -0.0704 -0.9950 -0.0704
vn -0.6936 -0.1948 -0.6936
vn -0.3342 0.8813 -0.3342
vn -0.6767 -0.2899 -0.6767
vn -0.3936 0.8308 -0.3936
vn -0.6534 -0.3821 -0.6534
vn -0.4492 0.7723 -0.4492
vn -0.6239 -0.4708 -0.6239
vn -0.5005 0.7063 -0.5005
vn -0.5883 -0.5549 -0.5883
vn -0.5470 0.6336 -0.5470
vn -0.4030 -0.7723 -0.4911
vn -0.3531 -0.8308 -0.4303
vn -0.5862 0.3821 -0.7143
vn -0.6072 0.2899 -0.7398
vn -0.2998 -0.8813 -0.3653
vn -0.6222 0.1948 -0.7582
vn -0.0631 0.9950 -0.0769
vn -0.2436 -0.9233 -0.2968
vn -0.6313 0.0979 -0.7693
vn -0.1247 0.9805 -0.1519
vn -0.1850 -0.9565 -0.2255
vn -0.6344 -0.0000 -0.7730
vn -0.1850 0.9565 -0.2255
vn -0.1247 -0.9805 -0.1519
vn -0.6313 -0.0979 -0.7693
vn -0.2436 0.9233 -0.2968
vn -0.0631 -0.9950 -0.0769
vn -0.6222 -0.1948 -0.7582
vn -0.2998 0.8813 -0.3653
vn -0.6072 -0.2899 -0.7398
vn -0.3531 0.8308 -0.4303
vn -0.5862 -0.3821 -0.7143
vn -0.4030 0.7723 -0.4911
vn -0.5597 -0.4708 -0.6820
vn -0.4491 0.7063 -0.5472
vn -0.5278 -0.5549 -0.6431
vn -0.4908 0.6336 -0.5980
vn -0.4908 -0.6336 -0.5980
vn -0.5278 0.5549 -0.6431
vn -0.4491 -0.7063 -0.5472
vn -0.5597 0.4708 -0.6820
vn -0.2626 -0.8813 -0.3929
vn -0.2133 -0.9233 -0.3193
vn -0.5449 0.1948 -0.8155
vn -0.5529 0.0979 -0.8275
vn -0.0553 0.9950 -0.0828
vn -0.1092 0.9805 -0.1634
vn -0.1621 -0.9565 -0.2425
vn -0.5556 0.0000 -0.8315
vn -0.1621 0.9565 -0.2425
vn -0.1092 -0.9805 -0.1634
vn -0.5529 -0.0979 -0.8275
vn -0.2133 0.9233 -0.3193
vn -0.0553 -0.9950 -0.0828
vn -0.5449 -0.1948 -0.8155
vn -0.2626 0.8813 -0.3929
vn -0.5317 -0.2899 -0.7958
vn -0.3092 0.8308 -0.4628
vn -0.5134 -0.3821 -0.7684
vn -0.3530 0.7723 -0.5282
vn -0.4902 -0.4708 -0.7336
vn -0.3933 0.7063 -0.5886
vn -0.4622 -0.5549 -0.6917
vn -0.4298 0.6336 -0.6432
vn -0.4298 -0.6336 -0.6432
vn -0.4622 0.5549 -0.6917
vn -0.3933 -0.7063 -0.5886
vn -0.4902 0.4708 -0.7336
vn -0.3530 -0.7723 -0.5282
vn -0.5134 0.3821 -0.7684
vn -0.3092 -0.8308 -0.4628
vn -0.5317 0.2899 -0.7958
vn -0.1375 -0.9565 -0.2572
vn -0.0927 -0.9805 -0.1734
vn -0.4714 0.0000 -0.8819
vn -0.4691 -0.0979 -0.8777
vn -0.1375 0.9565 -0.2572
vn -0.1810 0.9233 -0.3386
vn -0.0469 -0.9950 -0.0878
vn -0.4624 -0.1948 -0.8650
vn -0.2228 0.8813 -0.4168
vn -0.4512 -0.2899 -0.8441
vn -0.2624 0.8308 -0.4909
vn -0.4356 -0.3821 -0.8150
vn -0.2995 0.7723 -0.5603
vn -0.4159 -0.4708 -0.7781
vn -0.3337 0.7063 -0.6243
vn -0.3922 -0.5549 -0.7337
vn -0.3647 0.6336 -0.6823
vn -0.3647 -0.6336 -0.6823
vn -0.3922 0.5549 -0.7337
vn -0.3337 -0.7063 -0.6243
vn -0.4159 0.4708 -0.7781
vn -0.2995 -0.7723 -0.5603
vn -0.4356 0.3821 -0.8150
vn -0.2624 -0.8308 -0.4909
vn -0.4512 0.2899 -0.8441
vn -0.2228 -0.8813 -0.4168
vn -0.4624 0.1948 -0.8650
vn -0.0469 0.9950 -0.0878
vn -0.1810 -0.9233 -0.3387
vn -0.4691 0.0979 -0.8777
vn -0.0927 0.9805 -0.1734
vn -0.0381 -0.9950 -0.0920
vn -0.3754 -0.1948 -0.9062
vn -0.3663 -0.2899 -0.8842
vn -0.1809 0.8813 -0.4366
vn -0.2130 0.8308 -0.5143
vn -0.3536 -0.3821 -0.8538
vn -0.2431 0.7723 -0.5869
vn -0.3376 -0.4708 -0.8151
vn -0.2709 0.7063 -0.6540
vn -0.3184 -0.5549 -0.7686
vn -0.2961 0.6336 -0.7147
vn -0.2961 -0.6336 -0.7147
vn -0.3184 0.5549 -0.7686
vn -0.2709 -0.7063 -0.6540
vn -0.3376 0.4708 -0.8151
vn -0.2431 -0.7723 -0.5869
vn -0.3536 0.3821 -0.8538
vn -0.2130 -0.8308 -0.5143
vn -0.3663 0.2899 -0.8842
vn -0.1809 -0.8813 -0.4366
vn -0.3754 0.1948 -0.9062
vn -0.0381 0.9950 -0.0920
vn -0.1469 -0.9233 -0.3548
vn -0.3808 0.0979 -0.9194
vn -0.0752 0.9805 -0.1816
vn -0.1116 -0.9565 -0.2695
vn -0.3827 0.0000 -0.9239
vn -0.1116 0.9565 -0.2695
vn -0.0752 -0.9805 -0.1816
vn -0.3808 -0.0979 -0.9194
vn -0.1469 0.9233 -0.3548
vn -0.2683 -0.3821 -0.8843
vn -0.2561 -0.4708 -0.8443
vn -0.1844 0.7723 -0.6080
vn -0.2055 0.7063 -0.6774
vn -0.2415 -0.5549 -0.7961
vn -0.2246 0.6336 -0.7403
vn -0.2246 -0.6336 -0.7403
vn -0.2415 0.5549 -0.7961
vn -0.2055 -0.7063 -0.6774
vn -0.2561 0.4708 -0.8443
vn -0.1844 -0.7723 -0.6080
vn -0.2683 0.3821 -0.8843
vn -0.1616 -0.8308 -0.5327
vn -0.2778 0.2899 -0.9159
vn -0.1372 -0.8813 -0.4522
vn -0.2847 0.1948 -0.9386
vn -0.0289 0.9950 -0.0952
vn -0.1115 -0.9233 -0.3675
vn -0.2889 0.0979 -0.9523
vn -0.0571 0.9805 -0.1881
vn -0.0847 -0.9565 -0.2791
vn -0.2903 0.0000 -0.9569
vn -0.0847 0.9565 -0.2791
vn -0.0571 -0.9805 -0.1881
vn -0.2889 -0.0979 -0.9523
vn -0.1115 0.9233 -0.3675
vn -0.0289 -0.9950 -0.0952
vn -0.2847 -0.1948 -0.9386
vn -0.1372 0.8813 -0.4522
vn -0.2778 -0.2899 -0.9159
vn -0.1616 0.8308 -0.5327
vn -0.1623 -0.5549 -0.8160
vn -0.1509 -0.6336 -0.7588
vn -0.1509 0.6336 -0.7588
vn -0.1623 0.5549 -0.8160
vn -0.1381 -0.7063 -0.6943
vn -0.1721 0.4708 -0.8653
vn -0.1239 -0.7723 -0.6231
vn -0.1803 0.3821 -0.9063
vn -0.1086 -0.8308 -0.5459
vn -0.1867 0.2899 -0.9387
vn -0.0922 -0.8813 -0.4635
vn -0.1914 0.1948 -0.9620
vn -0.0194 0.9950 -0.0976
vn -0.0749 -0.9233 -0.3766
vn -0.1942 0.0979 -0.9761
vn -0.0383 0.9805 -0.1928
vn -0.0569 -0.9565 -0.2861
vn -0.1951 -0.0000 -0.9808
vn -0.0569 0.9565 -0.2861
vn -0.0383 -0.9805 -0.1928
vn -0.1942 -0.0979 -0.9761
vn -0.0749 0.9233 -0.3766
vn -0.0194 -0.9950 -0.0976
vn -0.1914 -0.1948 -0.9620
vn -0.0922 0.8813 -0.4635
vn -0.1867 -0.2899 -0.9387
vn -0.1086 0.8308 -0.5459
vn -0.1803 -0.3821 -0.9063
vn -0.1239 0.7723 -0.6231
vn -0.1721 -0.4708 -0.8653
vn -0.1381 0.7063 -0.6943
vn -0.0694 -0.7063 -0.7045
vn -0.0623 -0.7723 -0.6323
vn -0.0865 0.4708 -0.8780
vn -0.0906 0.3821 -0.9197
vn -0.0546 -0.8308 -0.5539
vn -0.0938 0.2899 -0.9525
vn -0.0463 -0.8813 -0.4703
vn -0.0961 0.1948 -0.9761
vn -0.0098 0.9950 -0.0991
vn -0.0376 -0.9233 -0.3821
vn -0.0975 0.0979 -0.9904
vn -0.0193 0.9805 -0.1956
vn -0.0286 -0.9565 -0.2903
vn -0.0980 -0.0000 -0.9952
vn -0.0286 0.9565 -0.2903
vn -0.0193 -0.9805 -0.1956
vn -0.0975 -0.0979 -0.9904
vn -0.0376 0.9233 -0.3821
vn -0.0098 -0.9950 -0.0991
vn -0.0961 -0.1948 -0.9761
vn -0.0463 0.8813 -0.4703
vn -0.0938 -0.2899 -0.9525
vn -0.0546 0.8308 -0.5539
vn -0.0906 -0.3821 -0.9197
vn -0.0623 0.7723 -0.6323
vn -0.0865 -0.4708 -0.8780
vn -0.0694 0.7063 -0.7045
vn -0.0815 -0.5549 -0.8279
vn -0.0758 0.6336 -0.7699
vn -0.0758 -0.6336 -0.7699
vn -0.0815 0.5549 -0.8279
usemtl MI_Planet_Ringed
s 1
f 2/1/1 1/2/2 16/3/3 17/4/4
f 14/5/5 1985/6/6 43/7/7 44/8/8
f 9/9/9 8/10/10 30/11/11 31/12/12
f 3/13/13 2/1/1 17/4/4 18/14/14
f 1986/15/15 14/5/5 44/8/8 45/16/16
f 10/17/17 9/9/9 31/12/12 32/18/18
f 1971/19/19 3/13/13 18/14/14 19/20/20
f 15/21/21 1986/15/15 45/16/16 46/22/22
f 1978/23/23 10/17/17 32/18/18 33/24/24
f 4/25/25 1971/19/19 19/20/20 20/26/26
f 1226/27/27 15/21/21 46/22/22
f 11/28/28 1978/23/23 33/24/24 34/29/29
f 1972/30/30 4/25/25 20/26/26 21/31/31
f 12/32/32 11/28/28 34/29/29 35/33/33
f 1973/34/34 1972/30/30 21/31/31 22/35/35
f 13/36/36 12/32/32 35/33/33 36/37/37
f 1974/38/38 1973/34/34 22/35/35 23/39/39
f 1979/40/40 13/36/36 36/37/37 37/41/41
f 1975/42/42 1974/38/38 23/39/39 24/43/43
f 1980/44/44 1979/40/40 37/41/41 38/45/45
f 1976/46/46 1975/42/42 24/43/43 25/47/47
f 1981/48/48 1980/44/44 38/45/45 39/49/49
f 5/50/50 1976/46/46 25/47/47 26/51/51
f 1982/52/52 1981/48/48 39/49/49 40/53/53
f 6/54/54 5/50/50 26/51/51 27/55/55
f 1983/56/56 1982/52/52 40/53/53 41/57/57
f 7/58/58 6/54/54 27/55/55 28/59/59
f 1984/60/60 1983/56/56 41/57/57 42/61/61
f 1977/62/62 7/58/58 28/59/59 29/63/63
f 1/2/2 1039/64/64 16/3/3
f 1985/6/6 1984/60/60 42/61/61 43/7/7
f 8/10/10 1977/62/62 29/63/63 30/11/11
f 39/49/49 38/45/45 69/65/65 70/66/66
f 26/51/51 25/47/47 56/67/67 57/68/68
f 40/53/53 39/49/49 70/66/66 71/69/69
f 27/55/55 26/51/51 57/68/68 58/70/70
f 41/57/57 40/53/53 71/69/69 72/71/71
f 28/59/59 27/55/55 58/70/70 59/72/72
f 42/61/61 41/57/57 72/71/71 73/73/73
f 29/63/63 28/59/59 59/72/72 60/74/74
f 16/3/3 1039/75/64 47/76/75
f 43/7/7 42/61/61 73/73/73 74/77/76
f 30/11/11 29/63/63 60/74/74 61/78/77
f 17/4/4 16/3/3 47/76/75 48/79/78
f 44/8/8 43/7/7 74/77/76 75/80/79
f 31/12/12 30/11/11 61/78/77 62/81/80
f 18/14/14 17/4/4 48/79/78 49/82/81
f 45/16/16 44/8/8 75/80/79 76/83/82
f 32/18/18 31/12/12 62/81/80 63/84/83
f 19/20/20 18/14/14 49/82/81 50/85/84
f 46/22/22 45/16/16 76/83/82 77/86/85
f 33/24/24 32/18/18 63/84/83 64/87/86
f 20/26/26 19/20/20 50/85/84 51/88/87
f 1226/89/27 46/22/22 77/86/85
f 34/29/29 33/24/24 64/87/86 65/90/88
f 21/31/31 20/26/26 51/88/87 52/91/89
f 35/33/33 34/29/29 65/90/88 66/92/90
f 22/35/35 21/31/31 52/91/89 53/93/91
f 36/37/37 35/33/33 66/92/90 67/94/92
f 23/39/39 22/35/35 53/93/91 54/95/93
f 37/41/41 36/37/37 67/94/92 68/96/94
f 24/43/43 23/39/39 54/95/93 55/97/95
f 38/45/45 37/41/41 68/96/94 69/65/65
f 25/47/47 24/43/43 55/97/95 56/67/67
f 72/71/71 71/69/69 102/98/96 103/99/97
f 59/72/72 58/70/70 89/100/98 90/101/99
f 73/73/73 72/71/71 103/99/97 104/102/100
f 60/74/74 59/72/72 90/101/99 91/103/101
f 47/76/75 1039/104/64 78/105/102
f 74/77/76 73/73/73 104/102/100 105/106/103
f 61/78/77 60/74/74 91/103/101 92/107/104
f 48/79/78 47/76/75 78/105/102 79/108/105
f 75/80/79 74/77/76 105/106/103 106/109/106
f 62/81/80 61/78/77 92/107/104 93/110/107
f 49/82/81 48/79/78 79/108/105 80/111/108
f 76/83/82 75/80/79 106/109/106 107/112/109
f 63/84/83 62/81/80 93/110/107 94/113/110
f 50/85/84 49/82/81 80/111/108 81/114/111
f 77/86/85 76/83/82 107/112/109 108/115/112
f 64/87/86 63/84/83 94/113/110 95/116/113
f 51/88/87 50/85/84 81/114/111 82/117/114
f 1226/118/27 77/86/85 108/115/112
f 65/90/88 64/87/86 95/116/113 96/119/115
f 52/91/89 51/88/87 82/117/114 83/120/116
f 66/92/90 65/90/88 96/119/115 97/121/117
f 53/93/91 52/91/89 83/120/116 84/122/118
f 67/94/92 66/92/90 97/121/117 98/123/119
f 54/95/93 53/93/91 84/122/118 85/124/120
f 68/96/94 67/94/92 98/123/119 99/125/121
f 55/97/95 54/95/93 85/124/120 86/126/122
f 69/65/65 68/96/94 99/125/121 100/127/123
f 56/67/67 55/97/95 86/126/122 87/128/124
f 70/66/66 69/65/65 100/127/123 101/129/125
f 57/68/68 56/67/67 87/128/124 88/130/126
f 71/69/69 70/66/66 101/129/125 102/98/96
f 58/70/70 57/68/68 88/130/126 89/100/98
f 78/105/102 1039/131/64 109/132/127
f 105/106/103 104/102/100 135/133/128 136/134/129
f 92/107/104 91/103/101 122/135/130 123/136/131
f 79/108/105 78/105/102 109/132/127 110/137/132
f 106/109/106 105/106/103 136/134/129 137/138/133
f 93/110/107 92/107/104 123/136/131 124/139/134
f 80/111/108 79/108/105 110/137/132 111/140/135
f 107/112/109 106/109/106 137/138/133 138/141/136
f 94/113/110 93/110/107 124/139/134 125/142/137
f 81/114/111 80/111/108 111/140/135 112/143/138
f 108/115/112 107/112/109 138/141/136 139/144/139
f 95/116/113 94/113/110 125/142/137 126/145/140
f 82/117/114 81/114/111 112/143/138 113/146/141
f 1226/147/27 108/115/112 139/144/139
f 96/119/115 95/116/113 126/145/140 127/148/142
f 83/120/116 82/117/114 113/146/141 114/149/143
f 97/121/117 96/119/115 127/148/142 128/150/144
f 84/122/118 83/120/116 114/149/143 115/151/145
f 98/123/119 97/121/117 128/150/144 129/152/146
f 85/124/120 84/122/118 115/151/145 116/153/147
f 99/125/121 98/123/119 129/152/146 130/154/148
f 86/126/122 85/124/120 116/153/147 117/155/149
f 100/127/123 99/125/121 130/154/148 131/156/150
f 87/128/124 86/126/122 117/155/149 118/157/151
f 101/129/125 100/127/123 131/156/150 132/158/152
f 88/130/126 87/128/124 118/157/151 119/159/153
f 102/98/96 101/129/125 132/158/152 133/160/154
f 89/100/98 88/130/126 119/159/153 120/161/155
f 103/99/97 102/98/96 133/160/154 134/162/156
f 90/101/99 89/100/98 120/161/155 121/163/157
f 104/102/100 103/99/97 134/162/156 135/133/128
f 91/103/101 90/101/99 121/163/157 122/135/130
f 111/140/135 110/137/132 141/164/158 142/165/159
f 138/141/136 137/138/133 168/166/160 169/167/161
f 125/142/137 124/139/134 155/168/162 156/169/163
f 112/143/138 111/140/135 142/165/159 143/170/164
f 139/144/139 138/141/136 169/167/161 170/171/165
f 126/145/140 125/142/137 156/169/163 157/172/166
f 113/146/141 112/143/138 143/170/164 144/173/167
f 1226/174/27 139/144/139 170/171/165
f 127/148/142 126/145/140 157/172/166 158/175/168
f 114/149/143 113/146/141 144/173/167 145/176/169
f 128/150/144 127/148/142 158/175/168 159/177/170
f 115/151/145 114/149/143 145/176/169 146/178/171
f 129/152/146 128/150/144 159/177/170 160/179/172
f 116/153/147 115/151/145 146/178/171 147/180/173
f 130/154/148 129/152/146 160/179/172 161/181/174
f 117/155/149 116/153/147 147/180/173 148/182/175
f 131/156/150 130/154/148 161/181/174 162/183/176
f 118/157/151 117/155/149 148/182/175 149/184/177
f 132/158/152 131/156/150 162/183/176 163/185/178
f 119/159/153 118/157/151 149/184/177 150/186/179
f 133/160/154 132/158/152 163/185/178 164/187/180
f 120/161/155 119/159/153 150/186/179 151/188/181
f 134/162/156 133/160/154 164/187/180 165/189/182
f 121/163/157 120/161/155 151/188/181 152/190/183
f 135/133/128 134/162/156 165/189/182 166/191/184
f 122/135/130 121/163/157 152/190/183 153/192/185
f 109/132/127 1039/193/64 140/194/186
f 136/134/129 135/133/128 166/191/184 167/195/187
f 123/136/131 122/135/130 153/192/185 154/196/188
f 110/137/132 109/132/127 140/194/186 141/164/158
f 137/138/133 136/134/129 167/195/187 168/166/160
f 124/139/134 123/136/131 154/196/188 155/168/162
f 144/173/167 143/170/164 174/197/189 175/198/190
f 1226/199/27 170/171/165 201/200/191
f 158/175/168 157/172/166 188/201/192 189/202/193
f 145/176/169 144/173/167 175/198/190 176/203/194
f 159/177/170 158/175/168 189/202/193 190/204/195
f 146/178/171 145/176/169 176/203/194 177/205/196
f 160/179/172 159/177/170 190/204/195 191/206/197
f 147/180/173 146/178/171 177/205/196 178/207/198
f 161/181/174 160/179/172 191/206/197 192/208/199
f 148/182/175 147/180/173 178/207/198 179/209/200
f 162/183/176 161/181/174 192/208/199 193/210/201
f 149/184/177 148/182/175 179/209/200 180/211/202
f 163/185/178 162/183/176 193/210/201 194/212/203
f 150/186/179 149/184/177 180/211/202 181/213/204
f 164/187/180 163/185/178 194/212/203 195/214/205
f 151/188/181 150/186/179 181/213/204 182/215/206
f 165/189/182 164/187/180 195/214/205 196/216/207
f 152/190/183 151/188/181 182/215/206 183/217/208
f 166/191/184 165/189/182 196/216/207 197/218/209
f 153/192/185 152/190/183 183/217/208 184/219/210
f 140/194/186 1039/220/64 171/221/211
f 167/195/187 166/191/184 197/218/209 198/222/212
f 154/196/188 153/192/185 184/219/210 185/223/213
f 141/164/158 140/194/186 171/221/211 172/224/214
f 168/166/160 167/195/187 198/222/212 199/225/215
f 155/168/162 154/196/188 185/223/213 186/226/216
f 142/165/159 141/164/158 172/224/214 173/227/217
f 169/167/161 168/166/160 199/225/215 200/228/218
f 156/169/163 155/168/162 186/226/216 187/229/219
f 143/170/164 142/165/159 173/227/217 174/197/189
f 170/171/165 169/167/161 200/228/218 201/200/191
f 157/172/166 156/169/163 187/229/219 188/201/192
f 177/205/196 176/203/194 207/230/220 208/231/221
f 191/206/197 190/204/195 221/232/222 222/233/223
f 178/207/198 177/205/196 208/231/221 209/234/224
f 192/208/199 191/206/197 222/233/223 223/235/225
f 179/209/200 178/207/198 209/234/224 210/236/226
f 193/210/201 192/208/199 223/235/225 224/237/227
f 180/211/202 179/209/200 210/236/226 211/238/228
f 194/212/203 193/210/201 224/237/227 225/239/229
f 181/213/204 180/211/202 211/238/228 212/240/230
f 195/214/205 194/212/203 225/239/229 226/241/231
f 182/215/206 181/213/204 212/240/230 213/242/232
f 196/216/207 195/214/205 226/241/231 227/243/233
f 183/217/208 182/215/206 213/242/232 214/244/234
f 197/218/209 196/216/207 227/243/233 228/245/235
f 184/219/210 183/217/208 214/244/234 215/246/236
f 171/221/211 1039/247/64 202/248/237
f 198/222/212 197/218/209 228/245/235 229/249/238
f 185/223/213 184/219/210 215/246/236 216/250/239
f 172/224/214 171/221/211 202/248/237 203/251/240
f 199/225/215 198/222/212 229/249/238 230/252/241
f 186/226/216 185/223/213 216/250/239 217/253/242
f 173/227/217 172/224/214 203/251/240 204/254/243
f 200/228/218 199/225/215 230/252/241 231/255/244
f 187/229/219 186/226/216 217/253/242 218/256/245
f 174/197/189 173/227/217 204/254/243 205/257/246
f 201/200/191 200/228/218 231/255/244 232/258/247
f 188/201/192 187/229/219 218/256/245 219/259/248
f 175/198/190 174/197/189 205/257/246 206/260/249
f 1226/261/27 201/200/191 232/258/247
f 189/202/193 188/201/192 219/259/248 220/262/250
f 176/203/194 175/198/190 206/260/249 207/230/220
f 190/204/195 189/202/193 220/262/250 221/232/222
f 210/236/226 209/234/224 240/263/251 241/264/252
f 224/237/227 223/235/225 254/265/253 255/266/254
f 211/238/228 210/236/226 241/264/252 242/267/255
f 225/239/229 224/237/227 255/266/254 256/268/256
f 212/240/230 211/238/228 242/267/255 243/269/257
f 226/241/231 225/239/229 256/268/256 257/270/258
f 213/242/232 212/240/230 243/269/257 244/271/259
f 227/243/233 226/241/231 257/270/258 258/272/260
f 214/244/234 213/242/232 244/271/259 245/273/261
f 228/245/235 227/243/233 258/272/260 259/274/262
f 215/246/236 214/244/234 245/273/261 246/275/263
f 202/248/237 1039/276/64 233/277/264
f 229/249/238 228/245/235 259/274/262 260/278/265
f 216/250/239 215/246/236 246/275/263 247/279/266
f 203/251/240 202/248/237 233/277/264 234/280/267
f 230/252/241 229/249/238 260/278/265 261/281/268
f 217/253/242 216/250/239 247/279/266 248/282/269
f 204/254/243 203/251/240 234/280/267 235/283/270
f 231/255/244 230/252/241 261/281/268 262/284/271
f 218/256/245 217/253/242 248/282/269 249/285/272
f 205/257/246 204/254/243 235/283/270 236/286/273
f 232/258/247 231/255/244 262/284/271 263/287/274
f 219/259/248 218/256/245 249/285/272 250/288/275
f 206/260/249 205/257/246 236/286/273 237/289/276
f 1226/290/27 232/258/247 263/287/274
f 220/262/250 219/259/248 250/288/275 251/291/277
f 207/230/220 206/260/249 237/289/276 238/292/278
f 221/232/222 220/262/250 251/291/277 252/293/279
f 208/231/221 207/230/220 238/292/278 239/294/280
f 222/233/223 221/232/222 252/293/279 253/295/281
f 209/234/224 208/231/221 239/294/280 240/263/251
f 223/235/225 222/233/223 253/295/281 254/265/253
f 243/269/257 242/267/255 273/296/282 274/297/283
f 257/270/258 256/268/256 287/298/284 288/299/285
f 244/271/259 243/269/257 274/297/283 275/300/286
f 258/272/260 257/270/258 288/299/285 289/301/287
f 245/273/261 244/271/259 275/300/286 276/302/288
f 259/274/262 258/272/260 289/301/287 290/303/289
f 246/275/263 245/273/261 276/302/288 277/304/290
f 233/277/264 1039/305/64 264/306/291
f 260/278/265 259/274/262 290/303/289 291/307/292
f 247/279/266 246/275/263 277/304/290 278/308/293
f 234/280/267 233/277/264 264/306/291 265/309/294
f 261/281/268 260/278/265 291/307/292 292/310/295
f 248/282/269 247/279/266 278/308/293 279/311/296
f 235/283/270 234/280/267 265/309/294 266/312/297
f 262/284/271 261/281/268 292/310/295 293/313/298
f 249/285/272 248/282/269 279/311/296 280/314/299
f 236/286/273 235/283/270 266/312/297 267/315/300
f 263/287/274 262/284/271 293/313/298 294/316/301
f 250/288/275 249/285/272 280/314/299 281/317/302
f 237/289/276 236/286/273 267/315/300 268/318/303
f 1226/319/27 263/287/274 294/316/301
f 251/291/277 250/288/275 281/317/302 282/320/304
f 238/292/278 237/289/276 268/318/303 269/321/305
f 252/293/279 251/291/277 282/320/304 283/322/306
f 239/294/280 238/292/278 269/321/305 270/323/307
f 253/295/281 252/293/279 283/322/306 284/324/308
f 240/263/251 239/294/280 270/323/307 271/325/309
f 254/265/253 253/295/281 284/324/308 285/326/310
f 241/264/252 240/263/251 271/325/309 272/327/311
f 255/266/254 254/265/253 285/326/310 286/328/312
f 242/267/255 241/264/252 272/327/311 273/296/282
f 256/268/256 255/266/254 286/328/312 287/298/284
f 276/302/288 275/300/286 306/329/313 307/330/314
f 290/303/289 289/301/287 320/331/315 321/332/316
f 277/304/290 276/302/288 307/330/314 308/333/317
f 264/306/291 1039/334/64 295/335/318
f 291/307/292 290/303/289 321/332/316 322/336/319
f 278/308/293 277/304/290 308/333/317 309/337/320
f 265/309/294 264/306/291 295/335/318 296/338/321
f 292/310/295 291/307/292 322/336/319 323/339/322
f 279/311/296 278/308/293 309/337/320 310/340/323
f 266/312/297 265/309/294 296/338/321 297/341/324
f 293/313/298 292/310/295 323/339/322 324/342/325
f 280/314/299 279/311/296 310/340/323 311/343/326
f 267/315/300 266/312/297 297/341/324 298/344/327
f 294/316/301 293/313/298 324/342/325 325/345/328
f 281/317/302 280/314/299 311/343/326 312/346/329
f 268/318/303 267/315/300 298/344/327 299/347/330
f 1226/348/27 294/316/301 325/345/328
f 282/320/304 281/317/302 312/346/329 313/349/331
f 269/321/305 268/318/303 299/347/330 300/350/332
f 283/322/306 282/320/304 313/349/331 314/351/333
f 270/323/307 269/321/305 300/350/332 301/352/334
f 284/324/308 283/322/306 314/351/333 315/353/335
f 271/325/309 270/323/307 301/352/334 302/354/336
f 285/326/310 284/324/308 315/353/335 316/355/337
f 272/327/311 271/325/309 302/354/336 303/356/338
f 286/328/312 285/326/310 316/355/337 317/357/339
f 273/296/282 272/327/311 303/356/338 304/358/340
f 287/298/284 286/328/312 317/357/339 318/359/341
f 274/297/283 273/296/282 304/358/340 305/360/342
f 288/299/285 287/298/284 318/359/341 319/361/343
f 275/300/286 274/297/283 305/360/342 306/329/313
f 289/301/287 288/299/285 319/361/343 320/331/315
f 309/337/320 308/333/317 339/362/344 340/363/345
f 296/338/321 295/335/318 326/364/346 327/365/347
f 323/339/322 322/336/319 353/366/348 354/367/349
f 310/340/323 309/337/320 340/363/345 341/368/350
f 297/341/324 296/338/321 327/365/347 328/369/351
f 324/342/325 323/339/322 354/367/349 355/370/352
f 311/343/326 310/340/323 341/368/350 342/371/353
f 298/344/327 297/341/324 328/369/351 329/372/354
f 325/345/328 324/342/325 355/370/352 356/373/355
f 312/346/329 311/343/326 342/371/353 343/374/356
f 299/347/330 298/344/327 329/372/354 330/375/357
f 1226/376/27 325/345/328 356/373/355
f 313/349/331 312/346/329 343/374/356 344/377/358
f 300/350/332 299/347/330 330/375/357 331/378/359
f 314/351/333 313/349/331 344/377/358 345/379/360
f 301/352/334 300/350/332 331/378/359 332/380/361
f 315/353/335 314/351/333 345/379/360 346/381/362
f 302/354/336 301/352/334 332/380/361 333/382/363
f 316/355/337 315/353/335 346/381/362 347/383/364
f 303/356/338 302/354/336 333/382/363 334/384/365
f 317/357/339 316/355/337 347/383/364 348/385/366
f 304/358/340 303/356/338 334/384/365 335/386/367
f 318/359/341 317/357/339 348/385/366 349/387/368
f 305/360/342 304/358/340 335/386/367 336/388/369
f 319/361/343 318/359/341 349/387/368 350/389/370
f 306/329/313 305/360/342 336/388/369 337/390/371
f 320/331/315 319/361/343 350/389/370 351/391/372
f 307/330/314 306/329/313 337/390/371 338/392/373
f 321/332/316 320/331/315 351/391/372 352/393/374
f 308/333/317 307/330/314 338/392/373 339/362/344
f 295/335/318 1039/394/64 326/364/346
f 322/336/319 321/332/316 352/393/374 353/366/348
f 342/371/353 341/368/350 372/395/375 373/396/376
f 329/372/354 328/369/351 359/397/377 360/398/378
f 356/373/355 355/370/352 386/399/379 387/400/380
f 343/374/356 342/371/353 373/396/376 374/401/381
f 330/375/357 329/372/354 360/398/378 361/402/382
f 1226/403/27 356/373/355 387/400/380
f 344/377/358 343/374/356 374/401/381 375/404/383
f 331/378/359 330/375/357 361/402/382 362/405/384
f 345/379/360 344/377/358 375/404/383 376/406/385
f 332/380/361 331/378/359 362/405/384 363/407/386
f 346/381/362 345/379/360 376/406/385 377/408/387
f 333/382/363 332/380/361 363/407/386 364/409/388
f 347/383/364 346/381/362 377/408/387 378/410/389
f 334/384/365 333/382/363 364/409/388 365/411/390
f 348/385/366 347/383/364 378/410/389 379/412/391
f 335/386/367 334/384/365 365/411/390 366/413/392
f 349/387/368 348/385/366 379/412/391 380/414/393
f 336/388/369 335/386/367 366/413/392 367/415/394
f 350/389/370 349/387/368 380/414/393 381/416/395
f 337/390/371 336/388/369 367/415/394 368/417/396
f 351/391/372 350/389/370 381/416/395 382/418/397
f 338/392/373 337/390/371 368/417/396 369/419/398
f 352/393/374 351/391/372 382/418/397 383/420/399
f 339/362/344 338/392/373 369/419/398 370/421/400
f 326/364/346 1039/422/64 357/423/401
f 353/366/348 352/393/374 383/420/399 384/424/402
f 340/363/345 339/362/344 370/421/400 371/425/403
f 327/365/347 326/364/346 357/423/401 358/426/404
f 354/367/349 353/366/348 384/424/402 385/427/405
f 341/368/350 340/363/345 371/425/403 372/395/375
f 328/369/351 327/365/347 358/426/404 359/397/377
f 355/370/352 354/367/349 385/427/405 386/399/379
f 375/404/383 374/401/381 405/428/406 406/429/407
f 362/405/384 361/402/382 392/430/408 393/431/409
f 376/406/385 375/404/383 406/429/407 407/432/410
f 363/407/386 362/405/384 393/431/409 394/433/411
f 377/408/387 376/406/385 407/432/410 408/434/412
f 364/409/388 363/407/386 394/433/411 395/435/413
f 378/410/389 377/408/387 408/434/412 409/436/414
f 365/411/390 364/409/388 395/435/413 396/437/415
f 379/412/391 378/410/389 409/436/414 410/438/416
f 366/413/392 365/411/390 396/437/415 397/439/417
f 380/414/393 379/412/391 410/438/416 411/440/418
f 367/415/394 366/413/392 397/439/417 398/441/419
f 381/416/395 380/414/393 411/440/418 412/442/420
f 368/417/396 367/415/394 398/441/419 399/443/421
f 382/418/397 381/416/395 412/442/420 413/444/422
f 369/419/398 368/417/396 399/443/421 400/445/423
f 383/420/399 382/418/397 413/444/422 414/446/424
f 370/421/400 369/419/398 400/445/423 401/447/425
f 357/423/401 1039/448/64 388/449/426
f 384/424/402 383/420/399 414/446/424 415/450/427
f 371/425/403 370/421/400 401/447/425 402/451/428
f 358/426/404 357/423/401 388/449/426 389/452/429
f 385/427/405 384/424/402 415/450/427 416/453/430
f 372/395/375 371/425/403 402/451/428 403/454/431
f 359/397/377 358/426/404 389/452/429 390/455/432
f 386/399/379 385/427/405 416/453/430 417/456/433
f 373/396/376 372/395/375 403/454/431 404/457/434
f 360/398/378 359/397/377 390/455/432 391/458/435
f 387/400/380 386/399/379 417/456/433 418/459/436
f 374/401/381 373/396/376 404/457/434 405/428/406
f 361/402/382 360/398/378 391/458/435 392/430/408
f 1226/460/27 387/400/380 418/459/436
f 408/434/412 407/432/410 438/461/437 439/462/438
f 395/435/413 394/433/411 425/463/439 426/464/440
f 409/436/414 408/434/412 439/462/438 440/465/441
f 396/437/415 395/435/413 426/464/440 427/466/442
f 410/438/416 409/436/414 440/465/441 441/467/443
f 397/439/417 396/437/415 427/466/442 428/468/444
f 411/440/418 410/438/416 441/467/443 442/469/445
f 398/441/419 397/439/417 428/468/444 429/470/446
f 412/442/420 411/440/418 442/469/445 443/471/447
f 399/443/421 398/441/419 429/470/446 430/472/448
f 413/444/422 412/442/420 443/471/447 444/473/449
f 400/445/423 399/443/421 430/472/448 431/474/450
f 414/446/424 413/444/422 444/473/449 445/475/451
f 401/447/425 400/445/423 431/474/450 432/476/452
f 388/449/426 1039/477/64 419/478/453
f 415/450/427 414/446/424 445/475/451 446/479/454
f 402/451/428 401/447/425 432/476/452 433/480/455
f 389/452/429 388/449/426 419/478/453 420/481/456
f 416/453/430 415/450/427 446/479/454 447/482/457
f 403/454/431 402/451/428 433/480/455 434/483/458
f 390/455/432 389/452/429 420/481/456 421/484/459
f 417/456/433 416/453/430 447/482/457 448/485/460
f 404/457/434 403/454/431 434/483/458 435/486/461
f 391/458/435 390/455/432 421/484/459 422/487/462
f 418/459/436 417/456/433 448/485/460 449/488/463
f 405/428/406 404/457/434 435/486/461 436/489/464
f 392/430/408 391/458/435 422/487/462 423/490/465
f 1226/491/27 418/459/436 449/488/463
f 406/429/407 405/428/406 436/489/464 437/492/466
f 393/431/409 392/430/408 423/490/465 424/493/467
f 407/432/410 406/429/407 437/492/466 438/461/437
f 394/433/411 393/431/409 424/493/467 425/463/439
f 441/467/443 440/465/441 471/494/468 472/495/469
f 428/468/444 427/466/442 458/496/470 459/497/471
f 442/469/445 441/467/443 472/495/469 473/498/472
f 429/470/446 428/468/444 459/497/471 460/499/473
f 443/471/447 442/469/445 473/498/472 474/500/474
f 430/472/448 429/470/446 460/499/473 461/501/475
f 444/473/449 443/471/447 474/500/474 475/502/476
f 431/474/450 430/472/448 461/501/475 462/503/477
f 445/475/451 444/473/449 475/502/476 476/504/478
f 432/476/452 431/474/450 462/503/477 463/505/479
f 419/478/453 1039/506/64 450/507/480
f 446/479/454 445/475/451 476/504/478 477/508/481
f 433/480/455 432/476/452 463/505/479 464/509/482
f 420/481/456 419/478/453 450/507/480 451/510/483
f 447/482/457 446/479/454 477/508/481 478/511/484
f 434/483/458 433/480/455 464/509/482 465/512/485
f 421/484/459 420/481/456 451/510/483 452/513/486
f 448/485/460 447/482/457 478/511/484 479/514/487
f 435/486/461 434/483/458 465/512/485 466/515/488
f 422/487/462 421/484/459 452/513/486 453/516/489
f 449/488/463 448/485/460 479/514/487 480/517/490
f 436/489/464 435/486/461 466/515/488 467/518/491
f 423/490/465 422/487/462 453/516/489 454/519/492
f 1226/520/27 449/488/463 480/517/490
f 437/492/466 436/489/464 467/518/491 468/521/493
f 424/493/467 423/490/465 454/519/492 455/522/494
f 438/461/437 437/492/466 468/521/493 469/523/495
f 425/463/439 424/493/467 455/522/494 456/524/496
f 439/462/438 438/461/437 469/523/495 470/525/497
f 426/464/440 425/463/439 456/524/496 457/526/498
f 440/465/441 439/462/438 470/525/497 471/494/468
f 427/466/442 426/464/440 457/526/498 458/496/470
f 474/500/474 473/498/472 504/527/499 505/528/500
f 461/501/475 460/499/473 491/529/501 492/530/502
f 475/502/476 474/500/474 505/528/500 506/531/503
f 462/503/477 461/501/475 492/530/502 493/532/504
f 476/504/478 475/502/476 506/531/503 507/533/505
f 463/505/479 462/503/477 493/532/504 494/534/506
f 450/507/480 1039/535/64 481/536/507
f 477/508/481 476/504/478 507/533/505 508/537/508
f 464/509/482 463/505/479 494/534/506 495/538/509
f 451/510/483 450/507/480 481/536/507 482/539/510
f 478/511/484 477/508/481 508/537/508 509/540/511
f 465/512/485 464/509/482 495/538/509 496/541/512
f 452/513/486 451/510/483 482/539/510 483/542/513
f 479/514/487 478/511/484 509/540/511 510/543/514
f 466/515/488 465/512/485 496/541/512 497/544/515
f 453/516/489 452/513/486 483/542/513 484/545/516
f 480/517/490 479/514/487 510/543/514 511/546/517
f 467/518/491 466/515/488 497/544/515 498/547/518
f 454/519/492 453/516/489 484/545/516 485/548/519
f 1226/549/27 480/517/490 511/546/517
f 468/521/493 467/518/491 498/547/518 499/550/520
f 455/522/494 454/519/492 485/548/519 486/551/521
f 469/523/495 468/521/493 499/550/520 500/552/522
f 456/524/496 455/522/494 486/551/521 487/553/523
f 470/525/497 469/523/495 500/552/522 501/554/524
f 457/526/498 456/524/496 487/553/523 488/555/525
f 471/494/468 470/525/497 501/554/524 502/556/526
f 458/496/470 457/526/498 488/555/525 489/557/527
f 472/495/469 471/494/468 502/556/526 503/558/528
f 459/497/471 458/496/470 489/557/527 490/559/529
f 473/498/472 472/495/469 503/558/528 504/527/499
f 460/499/473 459/497/471 490/559/529 491/529/501
f 507/533/505 506/531/503 537/560/530 538/561/531
f 494/534/506 493/532/504 524/562/532 525/563/533
f 481/536/507 1039/564/64 512/565/534
f 508/537/508 507/533/505 538/561/531 539/566/535
f 495/538/509 494/534/506 525/563/533 526/567/536
f 482/539/510 481/536/507 512/565/534 513/568/537
f 509/540/511 508/537/508 539/566/535 540/569/538
f 496/541/512 495/538/509 526/567/536 527/570/539
f 483/542/513 482/539/510 513/568/537 514/571/540
f 510/543/514 509/540/511 540/569/538 541/572/541
f 497/544/515 496/541/512 527/570/539 528/573/542
f 484/545/516 483/542/513 514/571/540 515/574/543
f 511/546/517 510/543/514 541/572/541 542/575/544
f 498/547/518 497/544/515 528/573/542 529/576/545
f 485/548/519 484/545/516 515/574/543 516/577/546
f 1226/578/27 511/546/517 542/575/544
f 499/550/520 498/547/518 529/576/545 530/579/547
f 486/551/521 485/548/519 516/577/546 517/580/548
f 500/552/522 499/550/520 530/579/547 531/581/549
f 487/553/523 486/551/521 517/580/548 518/582/550
f 501/554/524 500/552/522 531/581/549 532/583/551
f 488/555/525 487/553/523 518/582/550 519/584/552
f 502/556/526 501/554/524 532/583/551 533/585/553
f 489/557/527 488/555/525 519/584/552 520/586/554
f 503/558/528 502/556/526 533/585/553 534/587/555
f 490/559/529 489/557/527 520/586/554 521/588/556
f 504/527/499 503/558/528 534/587/555 535/589/557
f 491/529/501 490/559/529 521/588/556 522/590/558
f 505/528/500 504/527/499 535/589/557 536/591/559
f 492/530/502 491/529/501 522/590/558 523/592/560
f 506/531/503 505/528/500 536/591/559 537/560/530
f 493/532/504 492/530/502 523/592/560 524/562/532
f 513/568/537 512/565/534 543/593/561 544/594/562
f 540/569/538 539/566/535 570/595/563 571/596/564
f 527/570/539 526/567/536 557/597/565 558/598/566
f 514/571/540 513/568/537 544/594/562 545/599/567
f 541/572/541 540/569/538 571/596/564 572/600/568
f 528/573/542 527/570/539 558/598/566 559/601/569
f 515/574/543 514/571/540 545/599/567 546/602/570
f 542/575/544 541/572/541 572/600/568 573/603/571
f 529/576/545 528/573/542 559/601/569 560/604/572
f 516/577/546 515/574/543 546/602/570 547/605/573
f 1226/606/27 542/575/544 573/603/571
f 530/579/547 529/576/545 560/604/572 561/607/574
f 517/580/548 516/577/546 547/605/573 548/608/575
f 531/581/549 530/579/547 561/607/574 562/609/576
f 518/582/550 517/580/548 548/608/575 549/610/577
f 532/583/551 531/581/549 562/609/576 563/611/578
f 519/584/552 518/582/550 549/610/577 550/612/579
f 533/585/553 532/583/551 563/611/578 564/613/580
f 520/586/554 519/584/552 550/612/579 551/614/581
f 534/587/555 533/585/553 564/613/580 565/615/582
f 521/588/556 520/586/554 551/614/581 552/616/583
f 535/589/557 534/587/555 565/615/582 566/617/584
f 522/590/558 521/588/556 552/616/583 553/618/585
f 536/591/559 535/589/557 566/617/584 567/619/586
f 523/592/560 522/590/558 553/618/585 554/620/587
f 537/560/530 536/591/559 567/619/586 568/621/588
f 524/562/532 523/592/560 554/620/587 555/622/589
f 538/561/531 537/560/530 568/621/588 569/623/590
f 525/563/533 524/562/532 555/622/589 556/624/591
f 512/565/534 1039/625/64 543/593/561
f 539/566/535 538/561/531 569/623/590 570/595/563
f 526/567/536 525/563/533 556/624/591 557/597/565
f 546/602/570 545/599/567 576/626/592 577/627/593
f 573/603/571 572/600/568 603/628/594 604/629/595
f 560/604/572 559/601/569 590/630/596 591/631/597
f 547/605/573 546/602/570 577/627/593 578/632/598
f 1226/633/27 573/603/571 604/629/595
f 561/607/574 560/604/572 591/631/597 592/634/599
f 548/608/575 547/605/573 578/632/598 579/635/600
f 562/609/576 561/607/574 592/634/599 593/636/601
f 549/610/577 548/608/575 579/635/600 580/637/602
f 563/611/578 562/609/576 593/636/601 594/638/603
f 550/612/579 549/610/577 580/637/602 581/639/604
f 564/613/580 563/611/578 594/638/603 595/640/605
f 551/614/581 550/612/579 581/639/604 582/641/606
f 565/615/582 564/613/580 595/640/605 596/642/607
f 552/616/583 551/614/581 582/641/606 583/643/608
f 566/617/584 565/615/582 596/642/607 597/644/609
f 553/618/585 552/616/583 583/643/608 584/645/610
f 567/619/586 566/617/584 597/644/609 598/646/611
f 554/620/587 553/618/585 584/645/610 585/647/612
f 568/621/588 567/619/586 598/646/611 599/648/613
f 555/622/589 554/620/587 585/647/612 586/649/614
f 569/623/590 568/621/588 599/648/613 600/650/615
f 556/624/591 555/622/589 586/649/614 587/651/616
f 543/593/561 1039/652/64 574/653/617
f 570/595/563 569/623/590 600/650/615 601/654/618
f 557/597/565 556/624/591 587/651/616 588/655/619
f 544/594/562 543/593/561 574/653/617 575/656/620
f 571/596/564 570/595/563 601/654/618 602/657/621
f 558/598/566 557/597/565 588/655/619 589/658/622
f 545/599/567 544/594/562 575/656/620 576/626/592
f 572/600/568 571/596/564 602/657/621 603/628/594
f 559/601/569 558/598/566 589/658/622 590/630/596
f 579/635/600 578/632/598 609/659/623 610/660/624
f 593/636/601 592/634/599 623/661/625 624/662/626
f 580/637/602 579/635/600 610/660/624 611/663/627
f 594/638/603 593/636/601 624/662/626 625/664/628
f 581/639/604 580/637/602 611/663/627 612/665/629
f 595/640/605 594/638/603 625/664/628 626/666/630
f 582/641/606 581/639/604 612/665/629 613/667/631
f 596/642/607 595/640/605 626/666/630 627/668/632
f 583/643/608 582/641/606 613/667/631 614/669/633
f 597/644/609 596/642/607 627/668/632 628/670/634
f 584/645/610 583/643/608 614/669/633 615/671/635
f 598/646/611 597/644/609 628/670/634 629/672/636
f 585/647/612 584/645/610 615/671/635 616/673/637
f 599/648/613 598/646/611 629/672/636 630/674/638
f 586/649/614 585/647/612 616/673/637 617/675/639
f 600/650/615 599/648/613 630/674/638 631/676/640
f 587/651/616 586/649/614 617/675/639 618/677/641
f 574/653/617 1039/678/64 605/679/642
f 601/654/618 600/650/615 631/676/640 632/680/643
f 588/655/619 587/651/616 618/677/641 619/681/644
f 575/656/620 574/653/617 605/679/642 606/682/645
f 602/657/621 601/654/618 632/680/643 633/683/646
f 589/658/622 588/655/619 619/681/644 620/684/647
f 576/626/592 575/656/620 606/682/645 607/685/648
f 603/628/594 602/657/621 633/683/646 634/686/649
f 590/630/596 589/658/622 620/684/647 621/687/650
f 577/627/593 576/626/592 607/685/648 608/688/651
f 604/629/595 603/628/594 634/686/649 635/689/652
f 591/631/597 590/630/596 621/687/650 622/690/653
f 578/632/598 577/627/593 608/688/651 609/659/623
f 1226/691/27 604/629/595 635/689/652
f 592/634/599 591/631/597 622/690/653 623/661/625
f 612/665/629 611/663/627 642/692/654 643/693/655
f 626/666/630 625/664/628 656/694/656 657/695/657
f 613/667/631 612/665/629 643/693/655 644/696/658
f 627/668/632 626/666/630 657/695/657 658/697/659
f 614/669/633 613/667/631 644/696/658 645/698/660
f 628/670/634 627/668/632 658/697/659 659/699/661
f 615/671/635 614/669/633 645/698/660 646/700/662
f 629/672/636 628/670/634 659/699/661 660/701/663
f 616/673/637 615/671/635 646/700/662 647/702/664
f 630/674/638 629/672/636 660/701/663 661/703/665
f 617/675/639 616/673/637 647/702/664 648/704/666
f 631/676/640 630/674/638 661/703/665 662/705/667
f 618/677/641 617/675/639 648/704/666 649/706/668
f 605/679/642 1039/707/64 636/708/669
f 632/680/643 631/676/640 662/705/667 663/709/670
f 619/681/644 618/677/641 649/706/668 650/710/671
f 606/682/645 605/679/642 636/708/669 637/711/672
f 633/683/646 632/680/643 663/709/670 664/712/673
f 620/684/647 619/681/644 650/710/671 651/713/674
f 607/685/648 606/682/645 637/711/672 638/714/675
f 634/686/649 633/683/646 664/712/673 665/715/676
f 621/687/650 620/684/647 651/713/674 652/716/677
f 608/688/651 607/685/648 638/714/675 639/717/678
f 635/689/652 634/686/649 665/715/676 666/718/679
f 622/690/653 621/687/650 652/716/677 653/719/680
f 609/659/623 608/688/651 639/717/678 640/720/681
f 1226/721/27 635/689/652 666/718/679
f 623/661/625 622/690/653 653/719/680 654/722/682
f 610/660/624 609/659/623 640/720/681 641/723/683
f 624/662/626 623/661/625 654/722/682 655/724/684
f 611/663/627 610/660/624 641/723/683 642/692/654
f 625/664/628 624/662/626 655/724/684 656/694/656
f 645/698/660 644/696/658 675/725/685 676/726/686
f 659/699/661 658/697/659 689/727/687 690/728/688
f 646/700/662 645/698/660 676/726/686 677/729/689
f 660/701/663 659/699/661 690/728/688 691/730/690
f 647/702/664 646/700/662 677/729/689 678/731/691
f 661/703/665 660/701/663 691/730/690 692/732/692
f 648/704/666 647/702/664 678/731/691 679/733/693
f 662/705/667 661/703/665 692/732/692 693/734/694
f 649/706/668 648/704/666 679/733/693 680/735/695
f 636/708/669 1039/736/64 667/737/696
f 663/709/670 662/705/667 693/734/694 694/738/697
f 650/710/671 649/706/668 680/735/695 681/739/698
f 637/711/672 636/708/669 667/737/696 668/740/699
f 664/712/673 663/709/670 694/738/697 695/741/700
f 651/713/674 650/710/671 681/739/698 682/742/701
f 638/714/675 637/711/672 668/740/699 669/743/702
f 665/715/676 664/712/673 695/741/700 696/744/703
f 652/716/677 651/713/674 682/742/701 683/745/704
f 639/717/678 638/714/675 669/743/702 670/746/705
f 666/718/679 665/715/676 696/744/703 697/747/706
f 653/719/680 652/716/677 683/745/704 684/748/707
f 640/720/681 639/717/678 670/746/705 671/749/708
f 1226/750/27 666/718/679 697/747/706
f 654/722/682 653/719/680 684/748/707 685/751/709
f 641/723/683 640/720/681 671/749/708 672/752/710
f 655/724/684 654/722/682 685/751/709 686/753/711
f 642/692/654 641/723/683 672/752/710 673/754/712
f 656/694/656 655/724/684 686/753/711 687/755/713
f 643/693/655 642/692/654 673/754/712 674/756/714
f 657/695/657 656/694/656 687/755/713 688/757/715
f 644/696/658 643/693/655 674/756/714 675/725/685
f 658/697/659 657/695/657 688/757/715 689/727/687
f 678/731/691 677/729/689 708/758/716 709/759/717
f 692/732/692 691/730/690 722/760/718 723/761/719
f 679/733/693 678/731/691 709/759/717 710/762/720
f 693/734/694 692/732/692 723/761/719 724/763/721
f 680/735/695 679/733/693 710/762/720 711/764/722
f 667/737/696 1039/765/64 698/766/723
f 694/738/697 693/734/694 724/763/721 725/767/724
f 681/739/698 680/735/695 711/764/722 712/768/725
f 668/740/699 667/737/696 698/766/723 699/769/726
f 695/741/700 694/738/697 725/767/724 726/770/727
f 682/742/701 681/739/698 712/768/725 713/771/728
f 669/743/702 668/740/699 699/769/726 700/772/729
f 696/744/703 695/741/700 726/770/727 727/773/730
f 683/745/704 682/742/701 713/771/728 714/774/731
f 670/746/705 669/743/702 700/772/729 701/775/732
f 697/747/706 696/744/703 727/773/730 728/776/733
f 684/748/707 683/745/704 714/774/731 715/777/734
f 671/749/708 670/746/705 701/775/732 702/778/735
f 1226/779/27 697/747/706 728/776/733
f 685/751/709 684/748/707 715/777/734 716/780/736
f 672/752/710 671/749/708 702/778/735 703/781/737
f 686/753/711 685/751/709 716/780/736 717/782/738
f 673/754/712 672/752/710 703/781/737 704/783/739
f 687/755/713 686/753/711 717/782/738 718/784/740
f 674/756/714 673/754/712 704/783/739 705/785/741
f 688/757/715 687/755/713 718/784/740 719/786/742
f 675/725/685 674/756/714 705/785/741 706/787/743
f 689/727/687 688/757/715 719/786/742 720/788/744
f 676/726/686 675/725/685 706/787/743 707/789/745
f 690/728/688 689/727/687 720/788/744 721/790/746
f 677/729/689 676/726/686 707/789/745 708/758/716
f 691/730/690 690/728/688 721/790/746 722/760/718
f 711/764/722 710/762/720 741/791/747 742/792/748
f 698/766/723 1039/793/64 729/794/749
f 725/767/724 724/763/721 755/795/750 756/796/751
f 712/768/725 711/764/722 742/792/748 743/797/752
f 699/769/726 698/766/723 729/794/749 730/798/753
f 726/770/727 725/767/724 756/796/751 757/799/754
f 713/771/728 712/768/725 743/797/752 744/800/755
f 700/772/729 699/769/726 730/798/753 731/801/756
f 727/773/730 726/770/727 757/799/754 758/802/757
f 714/774/731 713/771/728 744/800/755 745/803/758
f 701/775/732 700/772/729 731/801/756 732/804/759
f 728/776/733 727/773/730 758/802/757 759/805/760
f 715/777/734 714/774/731 745/803/758 746/806/761
f 702/778/735 701/775/732 732/804/759 733/807/762
f 1226/808/27 728/776/733 759/805/760
f 716/780/736 715/777/734 746/806/761 747/809/763
f 703/781/737 702/778/735 733/807/762 734/810/764
f 717/782/738 716/780/736 747/809/763 748/811/765
f 704/783/739 703/781/737 734/810/764 735/812/766
f 718/784/740 717/782/738 748/811/765 749/813/767
f 705/785/741 704/783/739 735/812/766 736/814/768
f 719/786/742 718/784/740 749/813/767 750/815/769
f 706/787/743 705/785/741 736/814/768 737/816/770
f 720/788/744 719/786/742 750/815/769 751/817/771
f 707/789/745 706/787/743 737/816/770 738/818/772
f 721/790/746 720/788/744 751/817/771 752/819/773
f 708/758/716 707/789/745 738/818/772 739/820/774
f 722/760/718 721/790/746 752/819/773 753/821/775
f 709/759/717 708/758/716 739/820/774 740/822/776
f 723/761/719 722/760/718 753/821/775 754/823/777
f 710/762/720 709/759/717 740/822/776 741/791/747
f 724/763/721 723/761/719 754/823/777 755/795/750
f 744/800/755 743/797/752 774/824/778 775/825/779
f 731/801/756 730/798/753 761/826/780 762/827/781
f 758/802/757 757/799/754 788/828/782 789/829/783
f 745/803/758 744/800/755 775/825/779 776/830/784
f 732/804/759 731/801/756 762/827/781 763/831/785
f 759/805/760 758/802/757 789/829/783 790/832/786
f 746/806/761 745/803/758 776/830/784 777/833/787
f 733/807/762 732/804/759 763/831/785 764/834/788
f 1226/835/27 759/805/760 790/832/786
f 747/809/763 746/806/761 777/833/787 778/836/789
f 734/810/764 733/807/762 764/834/788 765/837/790
f 748/811/765 747/809/763 778/836/789 779/838/791
f 735/812/766 734/810/764 765/837/790 766/839/792
f 749/813/767 748/811/765 779/838/791 780/840/793
f 736/814/768 735/812/766 766/839/792 767/841/794
f 750/815/769 749/813/767 780/840/793 781/842/795
f 737/816/770 736/814/768 767/841/794 768/843/796
f 751/817/771 750/815/769 781/842/795 782/844/797
f 738/818/772 737/816/770 768/843/796 769/845/798
f 752/819/773 751/817/771 782/844/797 783/846/799
f 739/820/774 738/818/772 769/845/798 770/847/800
f 753/821/775 752/819/773 783/846/799 784/848/801
f 740/822/776 739/820/774 770/847/800 771/849/802
f 754/823/777 753/821/775 784/848/801 785/850/803
f 741/791/747 740/822/776 771/849/802 772/851/804
f 755/795/750 754/823/777 785/850/803 786/852/805
f 742/792/748 741/791/747 772/851/804 773/853/806
f 729/794/749 1039/854/64 760/855/807
f 756/796/751 755/795/750 786/852/805 787/856/808
f 743/797/752 742/792/748 773/853/806 774/824/778
f 730/798/753 729/794/749 760/855/807 761/826/780
f 757/799/754 756/796/751 787/856/808 788/828/782
f 777/833/787 776/830/784 807/857/809 808/858/810
f 764/834/788 763/831/785 794/859/811 795/860/812
f 1226/861/27 790/832/786 821/862/813
f 778/836/789 777/833/787 808/858/810 809/863/814
f 765/837/790 764/834/788 795/860/812 796/864/815
f 779/838/791 778/836/789 809/863/814 810/865/816
f 766/839/792 765/837/790 796/864/815 797/866/817
f 780/840/793 779/838/791 810/865/816 811/867/818
f 767/841/794 766/839/792 797/866/817 798/868/819
f 781/842/795 780/840/793 811/867/818 812/869/820
f 768/843/796 767/841/794 798/868/819 799/870/821
f 782/844/797 781/842/795 812/869/820 813/871/822
f 769/845/798 768/843/796 799/870/821 800/872/823
f 783/846/799 782/844/797 813/871/822 814/873/824
f 770/847/800 769/845/798 800/872/823 801/874/825
f 784/848/801 783/846/799 814/873/824 815/875/826
f 771/849/802 770/847/800 801/874/825 802/876/827
f 785/850/803 784/848/801 815/875/826 816/877/828
f 772/851/804 771/849/802 802/876/827 803/878/829
f 786/852/805 785/850/803 816/877/828 817/879/830
f 773/853/806 772/851/804 803/878/829 804/880/831
f 760/855/807 1039/881/64 791/882/832
f 787/856/808 786/852/805 817/879/830 818/883/833
f 774/824/778 773/853/806 804/880/831 805/884/834
f 761/826/780 760/855/807 791/882/832 792/885/835
f 788/828/782 787/856/808 818/883/833 819/886/836
f 775/825/779 774/824/778 805/884/834 806/887/837
f 762/827/781 761/826/780 792/885/835 793/888/838
f 789/829/783 788/828/782 819/886/836 820/889/839
f 776/830/784 775/825/779 806/887/837 807/857/809
f 763/831/785 762/827/781 793/888/838 794/859/811
f 790/832/786 789/829/783 820/889/839 821/862/813
f 813/871/822 812/869/820 843/890/840 844/891/841
f 800/872/823 799/870/821 830/892/842 831/893/843
f 814/873/824 813/871/822 844/891/841 845/894/844
f 801/874/825 800/872/823 831/893/843 832/895/845
f 815/875/826 814/873/824 845/894/844 846/896/846
f 802/876/827 801/874/825 832/895/845 833/897/847
f 816/877/828 815/875/826 846/896/846 847/898/848
f 803/878/829 802/876/827 833/897/847 834/899/849
f 817/879/830 816/877/828 847/898/848 848/900/850
f 804/880/831 803/878/829 834/899/849 835/901/851
f 791/882/832 1039/902/64 822/903/852
f 818/883/833 817/879/830 848/900/850 849/904/853
f 805/884/834 804/880/831 835/901/851 836/905/854
f 792/885/835 791/882/832 822/903/852 823/906/855
f 819/886/836 818/883/833 849/904/853 850/907/856
f 806/887/837 805/884/834 836/905/854 837/908/857
f 793/888/838 792/885/835 823/906/855 824/909/858
f 820/889/839 819/886/836 850/907/856 851/910/859
f 807/857/809 806/887/837 837/908/857 838/911/860
f 794/859/811 793/888/838 824/909/858 825/912/861
f 821/862/813 820/889/839 851/910/859 852/913/862
f 808/858/810 807/857/809 838/911/860 839/914/863
f 795/860/812 794/859/811 825/912/861 826/915/864
f 1226/916/27 821/862/813 852/913/862
f 809/863/814 808/858/810 839/914/863 840/917/865
f 796/864/815 795/860/812 826/915/864 827/918/866
f 810/865/816 809/863/814 840/917/865 841/919/867
f 797/866/817 796/864/815 827/918/866 828/920/868
f 811/867/818 810/865/816 841/919/867 842/921/869
f 798/868/819 797/866/817 828/920/868 829/922/870
f 812/869/820 811/867/818 842/921/869 843/890/840
f 799/870/821 798/868/819 829/922/870 830/892/842
f 846/896/846 845/894/844 876/923/871 877/924/872
f 833/897/847 832/895/845 863/925/873 864/926/874
f 847/898/848 846/896/846 877/924/872 878/927/875
f 834/899/849 833/897/847 864/926/874 865/928/876
f 848/900/850 847/898/848 878/927/875 879/929/877
f 835/901/851 834/899/849 865/928/876 866/930/878
f 822/903/852 1039/931/64 853/932/879
f 849/904/853 848/900/850 879/929/877 880/933/880
f 836/905/854 835/901/851 866/930/878 867/934/881
f 823/906/855 822/903/852 853/932/879 854/935/882
f 850/907/856 849/904/853 880/933/880 881/936/883
f 837/908/857 836/905/854 867/934/881 868/937/884
f 824/909/858 823/906/855 854/935/882 855/938/885
f 851/910/859 850/907/856 881/936/883 882/939/886
f 838/911/860 837/908/857 868/937/884 869/940/887
f 825/912/861 824/909/858 855/938/885 856/941/888
f 852/913/862 851/910/859 882/939/886 883/942/889
f 839/914/863 838/911/860 869/940/887 870/943/890
f 826/915/864 825/912/861 856/941/888 857/944/891
f 1226/945/27 852/913/862 883/942/889
f 840/917/865 839/914/863 870/943/890 871/946/892
f 827/918/866 826/915/864 857/944/891 858/947/893
f 841/919/867 840/917/865 871/946/892 872/948/894
f 828/920/868 827/918/866 858/947/893 859/949/895
f 842/921/869 841/919/867 872/948/894 873/950/896
f 829/922/870 828/920/868 859/949/895 860/951/897
f 843/890/840 842/921/869 873/950/896 874/952/898
f 830/892/842 829/922/870 860/951/897 861/953/899
f 844/891/841 843/890/840 874/952/898 875/954/900
f 831/893/843 830/892/842 861/953/899 862/955/901
f 845/894/844 844/891/841 875/954/900 876/923/871
f 832/895/845 831/893/843 862/955/901 863/925/873
f 879/929/877 878/927/875 909/956/902 910/957/903
f 866/930/878 865/928/876 896/958/904 897/959/905
f 853/932/879 1039/960/64 884/961/906
f 880/933/880 879/929/877 910/957/903 911/962/907
f 867/934/881 866/930/878 897/959/905 898/963/908
f 854/935/882 853/932/879 884/961/906 885/964/909
f 881/936/883 880/933/880 911/962/907 912/965/910
f 868/937/884 867/934/881 898/963/908 899/966/911
f 855/938/885 854/935/882 885/964/909 886/967/912
f 882/939/886 881/936/883 912/965/910 913/968/913
f 869/940/887 868/937/884 899/966/911 900/969/914
f 856/941/888 855/938/885 886/967/912 887/970/915
f 883/942/889 882/939/886 913/968/913 914/971/916
f 870/943/890 869/940/887 900/969/914 901/972/917
f 857/944/891 856/941/888 887/970/915 888/973/918
f 1226/974/27 883/942/889 914/971/916
f 871/946/892 870/943/890 901/972/917 902/975/919
f 858/947/893 857/944/891 888/973/918 889/976/920
f 872/948/894 871/946/892 902/975/919 903/977/921
f 859/949/895 858/947/893 889/976/920 890/978/922
f 873/950/896 872/948/894 903/977/921 904/979/923
f 860/951/897 859/949/895 890/978/922 891/980/924
f 874/952/898 873/950/896 904/979/923 905/981/925
f 861/953/899 860/951/897 891/980/924 892/982/926
f 875/954/900 874/952/898 905/981/925 906/983/927
f 862/955/901 861/953/899 892/982/926 893/984/928
f 876/923/871 875/954/900 906/983/927 907/985/929
f 863/925/873 862/955/901 893/984/928 894/986/930
f 877/924/872 876/923/871 907/985/929 908/987/931
f 864/926/874 863/925/873 894/986/930 895/988/932
f 878/927/875 877/924/872 908/987/931 909/956/902
f 865/928/876 864/926/874 895/988/932 896/958/904
f 885/964/909 884/961/906 915/989/933 916/990/934
f 912/965/910 911/962/907 942/991/935 943/992/936
f 899/966/911 898/963/908 929/993/937 930/994/938
f 886/967/912 885/964/909 916/990/934 917/995/939
f 913/968/913 912/965/910 943/992/936 944/996/940
f 900/969/914 899/966/911 930/994/938 931/997/941
f 887/970/915 886/967/912 917/995/939 918/998/942
f 914/971/916 913/968/913 944/996/940 945/999/943
f 901/972/917 900/969/914 931/997/941 932/1000/944
f 888/973/918 887/970/915 918/998/942 919/1001/945
f 1226/1002/27 914/971/916 945/999/943
f 902/975/919 901/972/917 932/1000/944 933/1003/946
f 889/976/920 888/973/918 919/1001/945 920/1004/947
f 903/977/921 902/975/919 933/1003/946 934/1005/948
f 890/978/922 889/976/920 920/1004/947 921/1006/949
f 904/979/923 903/977/921 934/1005/948 935/1007/950
f 891/980/924 890/978/922 921/1006/949 922/1008/951
f 905/981/925 904/979/923 935/1007/950 936/1009/952
f 892/982/926 891/980/924 922/1008/951 923/1010/953
f 906/983/927 905/981/925 936/1009/952 937/1011/954
f 893/984/928 892/982/926 923/1010/953 924/1012/955
f 907/985/929 906/983/927 937/1011/954 938/1013/956
f 894/986/930 893/984/928 924/1012/955 925/1014/957
f 908/987/931 907/985/929 938/1013/956 939/1015/958
f 895/988/932 894/986/930 925/1014/957 926/1016/959
f 909/956/902 908/987/931 939/1015/958 940/1017/960
f 896/958/904 895/988/932 926/1016/959 927/1018/961
f 910/957/903 909/956/902 940/1017/960 941/1019/962
f 897/959/905 896/958/904 927/1018/961 928/1020/963
f 884/961/906 1039/1021/64 915/989/933
f 911/962/907 910/957/903 941/1019/962 942/991/935
f 898/963/908 897/959/905 928/1020/963 929/993/937
f 918/998/942 917/995/939 948/1022/964 949/1023/965
f 945/999/943 944/996/940 975/1024/966 976/1025/967
f 932/1000/944 931/997/941 962/1026/968 963/1027/969
f 919/1001/945 918/998/942 949/1023/965 950/1028/970
f 1226/1029/27 945/999/943 976/1025/967
f 933/1003/946 932/1000/944 963/1027/969 964/1030/971
f 920/1004/947 919/1001/945 950/1028/970 951/1031/972
f 934/1005/948 933/1003/946 964/1030/971 965/1032/973
f 921/1006/949 920/1004/947 951/1031/972 952/1033/974
f 935/1007/950 934/1005/948 965/1032/973 966/1034/975
f 922/1008/951 921/1006/949 952/1033/974 953/1035/976
f 936/1009/952 935/1007/950 966/1034/975 967/1036/977
f 923/1010/953 922/1008/951 953/1035/976 954/1037/978
f 937/1011/954 936/1009/952 967/1036/977 968/1038/979
f 924/1012/955 923/1010/953 954/1037/978 955/1039/980
f 938/1013/956 937/1011/954 968/1038/979 969/1040/981
f 925/1014/957 924/1012/955 955/1039/980 956/1041/982
f 939/1015/958 938/1013/956 969/1040/981 970/1042/983
f 926/1016/959 925/1014/957 956/1041/982 957/1043/984
f 940/1017/960 939/1015/958 970/1042/983 971/1044/985
f 927/1018/961 926/1016/959 957/1043/984 958/1045/986
f 941/1019/962 940/1017/960 971/1044/985 972/1046/987
f 928/1020/963 927/1018/961 958/1045/986 959/1047/988
f 915/989/933 1039/1048/64 946/1049/989
f 942/991/935 941/1019/962 972/1046/987 973/1050/990
f 929/993/937 928/1020/963 959/1047/988 960/1051/991
f 916/990/934 915/989/933 946/1049/989 947/1052/992
f 943/992/936 942/991/935 973/1050/990 974/1053/993
f 930/994/938 929/993/937 960/1051/991 961/1054/994
f 917/995/939 916/990/934 947/1052/992 948/1022/964
f 944/996/940 943/992/936 974/1053/993 975/1024/966
f 931/997/941 930/994/938 961/1054/994 962/1026/968
f 951/1031/972 950/1028/970 981/1055/995 982/1056/996
f 965/1032/973 964/1030/971 995/1057/997 996/1058/998
f 952/1033/974 951/1031/972 982/1056/996 983/1059/999
f 966/1034/975 965/1032/973 996/1058/998 997/1060/1000
f 953/1035/976 952/1033/974 983/1059/999 984/1061/1001
f 967/1036/977 966/1034/975 997/1060/1000 998/1062/1002
f 954/1037/978 953/1035/976 984/1061/1001 985/1063/1003
f 968/1038/979 967/1036/977 998/1062/1002 999/1064/1004
f 955/1039/980 954/1037/978 985/1063/1003 986/1065/1005
f 969/1040/981 968/1038/979 999/1064/1004 1000/1066/1006
f 956/1041/982 955/1039/980 986/1065/1005 987/1067/1007
f 970/1042/983 969/1040/981 1000/1066/1006 1001/1068/1008
f 957/1043/984 956/1041/982 987/1067/1007 988/1069/1009
f 971/1044/985 970/1042/983 1001/1068/1008 1002/1070/1010
f 958/1045/986 957/1043/984 988/1069/1009 989/1071/1011
f 972/1046/987 971/1044/985 1002/1070/1010 1003/1072/1012
f 959/1047/988 958/1045/986 989/1071/1011 990/1073/1013
f 946/1049/989 1039/1074/64 977/1075/1014
f 973/1050/990 972/1046/987 1003/1072/1012 1004/1076/1015
f 960/1051/991 959/1047/988 990/1073/1013 991/1077/1016
f 947/1052/992 946/1049/989 977/1075/1014 978/1078/1017
f 974/1053/993 973/1050/990 1004/1076/1015 1005/1079/1018
f 961/1054/994 960/1051/991 991/1077/1016 992/1080/1019
f 948/1022/964 947/1052/992 978/1078/1017 979/1081/1020
f 975/1024/966 974/1053/993 1005/1079/1018 1006/1082/1021
f 962/1026/968 961/1054/994 992/1080/1019 993/1083/1022
f 949/1023/965 948/1022/964 979/1081/1020 980/1084/1023
f 976/1025/967 975/1024/966 1006/1082/1021 1007/1085/1024
f 963/1027/969 962/1026/968 993/1083/1022 994/1086/1025
f 950/1028/970 949/1023/965 980/1084/1023 981/1055/995
f 1226/1087/27 976/1025/967 1007/1085/1024
f 964/1030/971 963/1027/969 994/1086/1025 995/1057/997
f 984/1061/1001 983/1059/999 1014/1088/1026 1015/1089/1027
f 998/1062/1002 997/1060/1000 1028/1090/1028 1029/1091/1029
f 985/1063/1003 984/1061/1001 1015/1089/1027 1016/1092/1030
f 999/1064/1004 998/1062/1002 1029/1091/1029 1030/1093/1031
f 986/1065/1005 985/1063/1003 1016/1092/1030 1017/1094/1032
f 1000/1066/1006 999/1064/1004 1030/1093/1031 1031/1095/1033
f 987/1067/1007 986/1065/1005 1017/1094/1032 1018/1096/1034
f 1001/1068/1008 1000/1066/1006 1031/1095/1033 1032/1097/1035
f 988/1069/1009 987/1067/1007 1018/1096/1034 1019/1098/1036
f 1002/1070/1010 1001/1068/1008 1032/1097/1035 1033/1099/1037
f 989/1071/1011 988/1069/1009 1019/1098/1036 1020/1100/1038
f 1003/1072/1012 1002/1070/1010 1033/1099/1037 1034/1101/1039
f 990/1073/1013 989/1071/1011 1020/1100/1038 1021/1102/1040
f 977/1075/1014 1039/1103/64 1008/1104/1041
f 1004/1076/1015 1003/1072/1012 1034/1101/1039 1035/1105/1042
f 991/1077/1016 990/1073/1013 1021/1102/1040 1022/1106/1043
f 978/1078/1017 977/1075/1014 1008/1104/1041 1009/1107/1044
f 1005/1079/1018 1004/1076/1015 1035/1105/1042 1036/1108/1045
f 992/1080/1019 991/1077/1016 1022/1106/1043 1023/1109/1046
f 979/1081/1020 978/1078/1017 1009/1107/1044 1010/1110/1047
f 1006/1082/1021 1005/1079/1018 1036/1108/1045 1037/1111/1048
f 993/1083/1022 992/1080/1019 1023/1109/1046 1024/1112/1049
f 980/1084/1023 979/1081/1020 1010/1110/1047 1011/1113/1050
f 1007/1085/1024 1006/1082/1021 1037/1111/1048 1038/1114/1051
f 994/1086/1025 993/1083/1022 1024/1112/1049 1025/1115/1052
f 981/1055/995 980/1084/1023 1011/1113/1050 1012/1116/1053
f 1226/1117/27 1007/1085/1024 1038/1114/1051
f 995/1057/997 994/1086/1025 1025/1115/1052 1026/1118/1054
f 982/1056/996 981/1055/995 1012/1116/1053 1013/1119/1055
f 996/1058/998 995/1057/997 1026/1118/1054 1027/1120/1056
f 983/1059/999 982/1056/996 1013/1119/1055 1014/1088/1026
f 997/1060/1000 996/1058/998 1027/1120/1056 1028/1090/1028
f 1017/1094/1032 1016/1092/1030 1048/1121/1057 1049/1122/1058
f 1031/1095/1033 1030/1093/1031 1062/1123/1059 1063/1124/1060
f 1018/1096/1034 1017/1094/1032 1049/1122/1058 1050/1125/1061
f 1032/1097/1035 1031/1095/1033 1063/1124/1060 1064/1126/1062
f 1019/1098/1036 1018/1096/1034 1050/1125/1061 1051/1127/1063
f 1033/1099/1037 1032/1097/1035 1064/1126/1062 1065/1128/1064
f 1020/1100/1038 1019/1098/1036 1051/1127/1063 1052/1129/1065
f 1034/1101/1039 1033/1099/1037 1065/1128/1064 1066/1130/1066
f 1021/1102/1040 1020/1100/1038 1052/1129/1065 1053/1131/1067
f 1008/1104/1041 1039/1132/64 1040/1133/1068
f 1035/1105/1042 1034/1101/1039 1066/1130/1066 1067/1134/1069
f 1022/1106/1043 1021/1102/1040 1053/1131/1067 1054/1135/1070
f 1009/1107/1044 1008/1104/1041 1040/1133/1068 1041/1136/1071
f 1036/1108/1045 1035/1105/1042 1067/1134/1069 1068/1137/1072
f 1023/1109/1046 1022/1106/1043 1054/1135/1070 1055/1138/1073
f 1010/1110/1047 1009/1107/1044 1041/1136/1071 1042/1139/1074
f 1037/1111/1048 1036/1108/1045 1068/1137/1072 1069/1140/1075
f 1024/1112/1049 1023/1109/1046 1055/1138/1073 1056/1141/1076
f 1011/1113/1050 1010/1110/1047 1042/1139/1074 1043/1142/1077
f 1038/1114/1051 1037/1111/1048 1069/1140/1075 1070/1143/1078
f 1025/1115/1052 1024/1112/1049 1056/1141/1076 1057/1144/1079
f 1012/1116/1053 1011/1113/1050 1043/1142/1077 1044/1145/1080
f 1226/1146/27 1038/1114/1051 1070/1143/1078
f 1026/1118/1054 1025/1115/1052 1057/1144/1079 1058/1147/1081
f 1013/1119/1055 1012/1116/1053 1044/1145/1080 1045/1148/1082
f 1027/1120/1056 1026/1118/1054 1058/1147/1081 1059/1149/1083
f 1014/1088/1026 1013/1119/1055 1045/1148/1082 1046/1150/1084
f 1028/1090/1028 1027/1120/1056 1059/1149/1083 1060/1151/1085
f 1015/1089/1027 1014/1088/1026 1046/1150/1084 1047/1152/1086
f 1029/1091/1029 1028/1090/1028 1060/1151/1085 1061/1153/1087
f 1016/1092/1030 1015/1089/1027 1047/1152/1086 1048/1121/1057
f 1030/1093/1031 1029/1091/1029 1061/1153/1087 1062/1123/1059
f 1051/1127/1063 1050/1125/1061 1081/1154/1088 1082/1155/1089
f 1065/1128/1064 1064/1126/1062 1095/1156/1090 1096/1157/1091
f 1052/1129/1065 1051/1127/1063 1082/1155/1089 1083/1158/1092
f 1066/1130/1066 1065/1128/1064 1096/1157/1091 1097/1159/1093
f 1053/1131/1067 1052/1129/1065 1083/1158/1092 1084/1160/1094
f 1040/1133/1068 1039/1161/64 1071/1162/1095
f 1067/1134/1069 1066/1130/1066 1097/1159/1093 1098/1163/1096
f 1054/1135/1070 1053/1131/1067 1084/1160/1094 1085/1164/1097
f 1041/1136/1071 1040/1133/1068 1071/1162/1095 1072/1165/1098
f 1068/1137/1072 1067/1134/1069 1098/1163/1096 1099/1166/1099
f 1055/1138/1073 1054/1135/1070 1085/1164/1097 1086/1167/1100
f 1042/1139/1074 1041/1136/1071 1072/1165/1098 1073/1168/1101
f 1069/1140/1075 1068/1137/1072 1099/1166/1099 1100/1169/1102
f 1056/1141/1076 1055/1138/1073 1086/1167/1100 1087/1170/1103
f 1043/1142/1077 1042/1139/1074 1073/1168/1101 1074/1171/1104
f 1070/1143/1078 1069/1140/1075 1100/1169/1102 1101/1172/1105
f 1057/1144/1079 1056/1141/1076 1087/1170/1103 1088/1173/1106
f 1044/1145/1080 1043/1142/1077 1074/1171/1104 1075/1174/1107
f 1226/1175/27 1070/1143/1078 1101/1172/1105
f 1058/1147/1081 1057/1144/1079 1088/1173/1106 1089/1176/1108
f 1045/1148/1082 1044/1145/1080 1075/1174/1107 1076/1177/1109
f 1059/1149/1083 1058/1147/1081 1089/1176/1108 1090/1178/1110
f 1046/1150/1084 1045/1148/1082 1076/1177/1109 1077/1179/1111
f 1060/1151/1085 1059/1149/1083 1090/1178/1110 1091/1180/1112
f 1047/1152/1086 1046/1150/1084 1077/1179/1111 1078/1181/1113
f 1061/1153/1087 1060/1151/1085 1091/1180/1112 1092/1182/1114
f 1048/1121/1057 1047/1152/1086 1078/1181/1113 1079/1183/1115
f 1062/1123/1059 1061/1153/1087 1092/1182/1114 1093/1184/1116
f 1049/1122/1058 1048/1121/1057 1079/1183/1115 1080/1185/1117
f 1063/1124/1060 1062/1123/1059 1093/1184/1116 1094/1186/1118
f 1050/1125/1061 1049/1122/1058 1080/1185/1117 1081/1154/1088
f 1064/1126/1062 1063/1124/1060 1094/1186/1118 1095/1156/1090
f 1084/1160/1094 1083/1158/1092 1114/1187/1119 1115/1188/1120
f 1071/1162/1095 1039/1189/64 1102/1190/1121
f 1098/1163/1096 1097/1159/1093 1128/1191/1122 1129/1192/1123
f 1085/1164/1097 1084/1160/1094 1115/1188/1120 1116/1193/1124
f 1072/1165/1098 1071/1162/1095 1102/1190/1121 1103/1194/1125
f 1099/1166/1099 1098/1163/1096 1129/1192/1123 1130/1195/1126
f 1086/1167/1100 1085/1164/1097 1116/1193/1124 1117/1196/1127
f 1073/1168/1101 1072/1165/1098 1103/1194/1125 1104/1197/1128
f 1100/1169/1102 1099/1166/1099 1130/1195/1126 1131/1198/1129
f 1087/1170/1103 1086/1167/1100 1117/1196/1127 1118/1199/1130
f 1074/1171/1104 1073/1168/1101 1104/1197/1128 1105/1200/1131
f 1101/1172/1105 1100/1169/1102 1131/1198/1129 1132/1201/1132
f 1088/1173/1106 1087/1170/1103 1118/1199/1130 1119/1202/1133
f 1075/1174/1107 1074/1171/1104 1105/1200/1131 1106/1203/1134
f 1226/1204/27 1101/1172/1105 1132/1201/1132
f 1089/1176/1108 1088/1173/1106 1119/1202/1133 1120/1205/1135
f 1076/1177/1109 1075/1174/1107 1106/1203/1134 1107/1206/1136
f 1090/1178/1110 1089/1176/1108 1120/1205/1135 1121/1207/1137
f 1077/1179/1111 1076/1177/1109 1107/1206/1136 1108/1208/1138
f 1091/1180/1112 1090/1178/1110 1121/1207/1137 1122/1209/1139
f 1078/1181/1113 1077/1179/1111 1108/1208/1138 1109/1210/1140
f 1092/1182/1114 1091/1180/1112 1122/1209/1139 1123/1211/1141
f 1079/1183/1115 1078/1181/1113 1109/1210/1140 1110/1212/1142
f 1093/1184/1116 1092/1182/1114 1123/1211/1141 1124/1213/1143
f 1080/1185/1117 1079/1183/1115 1110/1212/1142 1111/1214/1144
f 1094/1186/1118 1093/1184/1116 1124/1213/1143 1125/1215/1145
f 1081/1154/1088 1080/1185/1117 1111/1214/1144 1112/1216/1146
f 1095/1156/1090 1094/1186/1118 1125/1215/1145 1126/1217/1147
f 1082/1155/1089 1081/1154/1088 1112/1216/1146 1113/1218/1148
f 1096/1157/1091 1095/1156/1090 1126/1217/1147 1127/1219/1149
f 1083/1158/1092 1082/1155/1089 1113/1218/1148 1114/1187/1119
f 1097/1159/1093 1096/1157/1091 1127/1219/1149 1128/1191/1122
f 1117/1196/1127 1116/1193/1124 1147/1220/1150 1148/1221/1151
f 1104/1197/1128 1103/1194/1125 1134/1222/1152 1135/1223/1153
f 1131/1198/1129 1130/1195/1126 1161/1224/1154 1162/1225/1155
f 1118/1199/1130 1117/1196/1127 1148/1221/1151 1149/1226/1156
f 1105/1200/1131 1104/1197/1128 1135/1223/1153 1136/1227/1157
f 1132/1201/1132 1131/1198/1129 1162/1225/1155 1163/1228/1158
f 1119/1202/1133 1118/1199/1130 1149/1226/1156 1150/1229/1159
f 1106/1203/1134 1105/1200/1131 1136/1227/1157 1137/1230/1160
f 1226/1231/27 1132/1201/1132 1163/1228/1158
f 1120/1205/1135 1119/1202/1133 1150/1229/1159 1151/1232/1161
f 1107/1206/1136 1106/1203/1134 1137/1230/1160 1138/1233/1162
f 1121/1207/1137 1120/1205/1135 1151/1232/1161 1152/1234/1163
f 1108/1208/1138 1107/1206/1136 1138/1233/1162 1139/1235/1164
f 1122/1209/1139 1121/1207/1137 1152/1234/1163 1153/1236/1165
f 1109/1210/1140 1108/1208/1138 1139/1235/1164 1140/1237/1166
f 1123/1211/1141 1122/1209/1139 1153/1236/1165 1154/1238/1167
f 1110/1212/1142 1109/1210/1140 1140/1237/1166 1141/1239/1168
f 1124/1213/1143 1123/1211/1141 1154/1238/1167 1155/1240/1169
f 1111/1214/1144 1110/1212/1142 1141/1239/1168 1142/1241/1170
f 1125/1215/1145 1124/1213/1143 1155/1240/1169 1156/1242/1171
f 1112/1216/1146 1111/1214/1144 1142/1241/1170 1143/1243/1172
f 1126/1217/1147 1125/1215/1145 1156/1242/1171 1157/1244/1173
f 1113/1218/1148 1112/1216/1146 1143/1243/1172 1144/1245/1174
f 1127/1219/1149 1126/1217/1147 1157/1244/1173 1158/1246/1175
f 1114/1187/1119 1113/1218/1148 1144/1245/1174 1145/1247/1176
f 1128/1191/1122 1127/1219/1149 1158/1246/1175 1159/1248/1177
f 1115/1188/1120 1114/1187/1119 1145/1247/1176 1146/1249/1178
f 1102/1190/1121 1039/1250/64 1133/1251/1179
f 1129/1192/1123 1128/1191/1122 1159/1248/1177 1160/1252/1180
f 1116/1193/1124 1115/1188/1120 1146/1249/1178 1147/1220/1150
f 1103/1194/1125 1102/1190/1121 1133/1251/1179 1134/1222/1152
f 1130/1195/1126 1129/1192/1123 1160/1252/1180 1161/1224/1154
f 1150/1229/1159 1149/1226/1156 1180/1253/1181 1181/1254/1182
f 1137/1230/1160 1136/1227/1157 1167/1255/1183 1168/1256/1184
f 1226/1257/27 1163/1228/1158 1194/1258/1185
f 1151/1232/1161 1150/1229/1159 1181/1254/1182 1182/1259/1186
f 1138/1233/1162 1137/1230/1160 1168/1256/1184 1169/1260/1187
f 1152/1234/1163 1151/1232/1161 1182/1259/1186 1183/1261/1188
f 1139/1235/1164 1138/1233/1162 1169/1260/1187 1170/1262/1189
f 1153/1236/1165 1152/1234/1163 1183/1261/1188 1184/1263/1190
f 1140/1237/1166 1139/1235/1164 1170/1262/1189 1171/1264/1191
f 1154/1238/1167 1153/1236/1165 1184/1263/1190 1185/1265/1192
f 1141/1239/1168 1140/1237/1166 1171/1264/1191 1172/1266/1193
f 1155/1240/1169 1154/1238/1167 1185/1265/1192 1186/1267/1194
f 1142/1241/1170 1141/1239/1168 1172/1266/1193 1173/1268/1195
f 1156/1242/1171 1155/1240/1169 1186/1267/1194 1187/1269/1196
f 1143/1243/1172 1142/1241/1170 1173/1268/1195 1174/1270/1197
f 1157/1244/1173 1156/1242/1171 1187/1269/1196 1188/1271/1198
f 1144/1245/1174 1143/1243/1172 1174/1270/1197 1175/1272/1199
f 1158/1246/1175 1157/1244/1173 1188/1271/1198 1189/1273/1200
f 1145/1247/1176 1144/1245/1174 1175/1272/1199 1176/1274/1201
f 1159/1248/1177 1158/1246/1175 1189/1273/1200 1190/1275/1202
f 1146/1249/1178 1145/1247/1176 1176/1274/1201 1177/1276/1203
f 1133/1251/1179 1039/1277/64 1164/1278/1204
f 1160/1252/1180 1159/1248/1177 1190/1275/1202 1191/1279/1205
f 1147/1220/1150 1146/1249/1178 1177/1276/1203 1178/1280/1206
f 1134/1222/1152 1133/1251/1179 1164/1278/1204 1165/1281/1207
f 1161/1224/1154 1160/1252/1180 1191/1279/1205 1192/1282/1208
f 1148/1221/1151 1147/1220/1150 1178/1280/1206 1179/1283/1209
f 1135/1223/1153 1134/1222/1152 1165/1281/1207 1166/1284/1210
f 1162/1225/1155 1161/1224/1154 1192/1282/1208 1193/1285/1211
f 1149/1226/1156 1148/1221/1151 1179/1283/1209 1180/1253/1181
f 1136/1227/1157 1135/1223/1153 1166/1284/1210 1167/1255/1183
f 1163/1228/1158 1162/1225/1155 1193/1285/1211 1194/1258/1185
f 1183/1261/1188 1182/1259/1186 1213/1286/1212 1214/1287/1213
f 1170/1262/1189 1169/1260/1187 1200/1288/1214 1201/1289/1215
f 1184/1263/1190 1183/1261/1188 1214/1287/1213 1215/1290/1216
f 1171/1264/1191 1170/1262/1189 1201/1289/1215 1202/1291/1217
f 1185/1265/1192 1184/1263/1190 1215/1290/1216 1216/1292/1218
f 1172/1266/1193 1171/1264/1191 1202/1291/1217 1203/1293/1219
f 1186/1267/1194 1185/1265/1192 1216/1292/1218 1217/1294/1220
f 1173/1268/1195 1172/1266/1193 1203/1293/1219 1204/1295/1221
f 1187/1269/1196 1186/1267/1194 1217/1294/1220 1218/1296/1222
f 1174/1270/1197 1173/1268/1195 1204/1295/1221 1205/1297/1223
f 1188/1271/1198 1187/1269/1196 1218/1296/1222 1219/1298/1224
f 1175/1272/1199 1174/1270/1197 1205/1297/1223 1206/1299/1225
f 1189/1273/1200 1188/1271/1198 1219/1298/1224 1220/1300/1226
f 1176/1274/1201 1175/1272/1199 1206/1299/1225 1207/1301/1227
f 1190/1275/1202 1189/1273/1200 1220/1300/1226 1221/1302/1228
f 1177/1276/1203 1176/1274/1201 1207/1301/1227 1208/1303/1229
f 1164/1278/1204 1039/1304/64 1195/1305/1230
f 1191/1279/1205 1190/1275/1202 1221/1302/1228 1222/1306/1231
f 1178/1280/1206 1177/1276/1203 1208/1303/1229 1209/1307/1232
f 1165/1281/1207 1164/1278/1204 1195/1305/1230 1196/1308/1233
f 1192/1282/1208 1191/1279/1205 1222/1306/1231 1223/1309/1234
f 1179/1283/1209 1178/1280/1206 1209/1307/1232 1210/1310/1235
f 1166/1284/1210 1165/1281/1207 1196/1308/1233 1197/1311/1236
f 1193/1285/1211 1192/1282/1208 1223/1309/1234 1224/1312/1237
f 1180/1253/1181 1179/1283/1209 1210/1310/1235 1211/1313/1238
f 1167/1255/1183 1166/1284/1210 1197/1311/1236 1198/1314/1239
f 1194/1258/1185 1193/1285/1211 1224/1312/1237 1225/1315/1240
f 1181/1254/1182 1180/1253/1181 1211/1313/1238 1212/1316/1241
f 1168/1256/1184 1167/1255/1183 1198/1314/1239 1199/1317/1242
f 1226/1318/27 1194/1258/1185 1225/1315/1240
f 1182/1259/1186 1181/1254/1182 1212/1316/1241 1213/1286/1212
f 1169/1260/1187 1168/1256/1184 1199/1317/1242 1200/1288/1214
f 1216/1292/1218 1215/1290/1216 1247/1319/1243 1248/1320/1244
f 1203/1293/1219 1202/1291/1217 1234/1321/1245 1235/1322/1246
f 1217/1294/1220 1216/1292/1218 1248/1320/1244 1249/1323/1247
f 1204/1295/1221 1203/1293/1219 1235/1322/1246 1236/1324/1248
f 1218/1296/1222 1217/1294/1220 1249/1323/1247 1250/1325/1249
f 1205/1297/1223 1204/1295/1221 1236/1324/1248 1237/1326/1250
f 1219/1298/1224 1218/1296/1222 1250/1325/1249 1251/1327/1251
f 1206/1299/1225 1205/1297/1223 1237/1326/1250 1238/1328/1252
f 1220/1300/1226 1219/1298/1224 1251/1327/1251 1252/1329/1253
f 1207/1301/1227 1206/1299/1225 1238/1328/1252 1239/1330/1254
f 1221/1302/1228 1220/1300/1226 1252/1329/1253 1253/1331/1255
f 1208/1303/1229 1207/1301/1227 1239/1330/1254 1240/1332/1256
f 1195/1305/1230 1039/1333/64 1227/1334/1257
f 1222/1306/1231 1221/1302/1228 1253/1331/1255 1254/1335/1258
f 1209/1307/1232 1208/1303/1229 1240/1332/1256 1241/1336/1259
f 1196/1308/1233 1195/1305/1230 1227/1334/1257 1228/1337/1260
f 1223/1309/1234 1222/1306/1231 1254/1335/1258 1255/1338/1261
f 1210/1310/1235 1209/1307/1232 1241/1336/1259 1242/1339/1262
f 1197/1311/1236 1196/1308/1233 1228/1337/1260 1229/1340/1263
f 1224/1312/1237 1223/1309/1234 1255/1338/1261 1256/1341/1264
f 1211/1313/1238 1210/1310/1235 1242/1339/1262 1243/1342/1265
f 1198/1314/1239 1197/1311/1236 1229/1340/1263 1230/1343/1266
f 1225/1315/1240 1224/1312/1237 1256/1341/1264 1257/1344/1267
f 1212/1316/1241 1211/1313/1238 1243/1342/1265 1244/1345/1268
f 1199/1317/1242 1198/1314/1239 1230/1343/1266 1231/1346/1269
f 1226/1347/27 1225/1315/1240 1257/1344/1267
f 1213/1286/1212 1212/1316/1241 1244/1345/1268 1245/1348/1270
f 1200/1288/1214 1199/1317/1242 1231/1346/1269 1232/1349/1271
f 1214/1287/1213 1213/1286/1212 1245/1348/1270 1246/1350/1272
f 1201/1289/1215 1200/1288/1214 1232/1349/1271 1233/1351/1273
f 1215/1290/1216 1214/1287/1213 1246/1350/1272 1247/1319/1243
f 1202/1291/1217 1201/1289/1215 1233/1351/1273 1234/1321/1245
f 1250/1325/1249 1249/1323/1247 1280/1352/1274 1281/1353/1275
f 1237/1326/1250 1236/1324/1248 1267/1354/1276 1268/1355/1277
f 1251/1327/1251 1250/1325/1249 1281/1353/1275 1282/1356/1278
f 1238/1328/1252 1237/1326/1250 1268/1355/1277 1269/1357/1279
f 1252/1329/1253 1251/1327/1251 1282/1356/1278 1283/1358/1280
f 1239/1330/1254 1238/1328/1252 1269/1357/1279 1270/1359/1281
f 1253/1331/1255 1252/1329/1253 1283/1358/1280 1284/1360/1282
f 1240/1332/1256 1239/1330/1254 1270/1359/1281 1271/1361/1283
f 1227/1334/1257 1039/1362/64 1258/1363/1284
f 1254/1335/1258 1253/1331/1255 1284/1360/1282 1285/1364/1285
f 1241/1336/1259 1240/1332/1256 1271/1361/1283 1272/1365/1286
f 1228/1337/1260 1227/1334/1257 1258/1363/1284 1259/1366/1287
f 1255/1338/1261 1254/1335/1258 1285/1364/1285 1286/1367/1288
f 1242/1339/1262 1241/1336/1259 1272/1365/1286 1273/1368/1289
f 1229/1340/1263 1228/1337/1260 1259/1366/1287 1260/1369/1290
f 1256/1341/1264 1255/1338/1261 1286/1367/1288 1287/1370/1291
f 1243/1342/1265 1242/1339/1262 1273/1368/1289 1274/1371/1292
f 1230/1343/1266 1229/1340/1263 1260/1369/1290 1261/1372/1293
f 1257/1344/1267 1256/1341/1264 1287/1370/1291 1288/1373/1294
f 1244/1345/1268 1243/1342/1265 1274/1371/1292 1275/1374/1295
f 1231/1346/1269 1230/1343/1266 1261/1372/1293 1262/1375/1296
f 1226/1376/27 1257/1344/1267 1288/1373/1294
f 1245/1348/1270 1244/1345/1268 1275/1374/1295 1276/1377/1297
f 1232/1349/1271 1231/1346/1269 1262/1375/1296 1263/1378/1298
f 1246/1350/1272 1245/1348/1270 1276/1377/1297 1277/1379/1299
f 1233/1351/1273 1232/1349/1271 1263/1378/1298 1264/1380/1300
f 1247/1319/1243 1246/1350/1272 1277/1379/1299 1278/1381/1301
f 1234/1321/1245 1233/1351/1273 1264/1380/1300 1265/1382/1302
f 1248/1320/1244 1247/1319/1243 1278/1381/1301 1279/1383/1303
f 1235/1322/1246 1234/1321/1245 1265/1382/1302 1266/1384/1304
f 1249/1323/1247 1248/1320/1244 1279/1383/1303 1280/1352/1274
f 1236/1324/1248 1235/1322/1246 1266/1384/1304 1267/1354/1276
f 1283/1358/1280 1282/1356/1278 1313/1385/1305 1314/1386/1306
f 1270/1359/1281 1269/1357/1279 1300/1387/1307 1301/1388/1308
f 1284/1360/1282 1283/1358/1280 1314/1386/1306 1315/1389/1309
f 1271/1361/1283 1270/1359/1281 1301/1388/1308 1302/1390/1310
f 1258/1363/1284 1039/1391/64 1289/1392/1311
f 1285/1364/1285 1284/1360/1282 1315/1389/1309 1316/1393/1312
f 1272/1365/1286 1271/1361/1283 1302/1390/1310 1303/1394/1313
f 1259/1366/1287 1258/1363/1284 1289/1392/1311 1290/1395/1314
f 1286/1367/1288 1285/1364/1285 1316/1393/1312 1317/1396/1315
f 1273/1368/1289 1272/1365/1286 1303/1394/1313 1304/1397/1316
f 1260/1369/1290 1259/1366/1287 1290/1395/1314 1291/1398/1317
f 1287/1370/1291 1286/1367/1288 1317/1396/1315 1318/1399/1318
f 1274/1371/1292 1273/1368/1289 1304/1397/1316 1305/1400/1319
f 1261/1372/1293 1260/1369/1290 1291/1398/1317 1292/1401/1320
f 1288/1373/1294 1287/1370/1291 1318/1399/1318 1319/1402/1321
f 1275/1374/1295 1274/1371/1292 1305/1400/1319 1306/1403/1322
f 1262/1375/1296 1261/1372/1293 1292/1401/1320 1293/1404/1323
f 1226/1405/27 1288/1373/1294 1319/1402/1321
f 1276/1377/1297 1275/1374/1295 1306/1403/1322 1307/1406/1324
f 1263/1378/1298 1262/1375/1296 1293/1404/1323 1294/1407/1325
f 1277/1379/1299 1276/1377/1297 1307/1406/1324 1308/1408/1326
f 1264/1380/1300 1263/1378/1298 1294/1407/1325 1295/1409/1327
f 1278/1381/1301 1277/1379/1299 1308/1408/1326 1309/1410/1328
f 1265/1382/1302 1264/1380/1300 1295/1409/1327 1296/1411/1329
f 1279/1383/1303 1278/1381/1301 1309/1410/1328 1310/1412/1330
f 1266/1384/1304 1265/1382/1302 1296/1411/1329 1297/1413/1331
f 1280/1352/1274 1279/1383/1303 1310/1412/1330 1311/1414/1332
f 1267/1354/1276 1266/1384/1304 1297/1413/1331 1298/1415/1333
f 1281/1353/1275 1280/1352/1274 1311/1414/1332 1312/1416/1334
f 1268/1355/1277 1267/1354/1276 1298/1415/1333 1299/1417/1335
f 1282/1356/1278 1281/1353/1275 1312/1416/1334 1313/1385/1305
f 1269/1357/1279 1268/1355/1277 1299/1417/1335 1300/1387/1307
f 1316/1393/1312 1315/1389/1309 1346/1418/1336 1347/1419/1337
f 1303/1394/1313 1302/1390/1310 1333/1420/1338 1334/1421/1339
f 1290/1395/1314 1289/1392/1311 1320/1422/1340 1321/1423/1341
f 1317/1396/1315 1316/1393/1312 1347/1419/1337 1348/1424/1342
f 1304/1397/1316 1303/1394/1313 1334/1421/1339 1335/1425/1343
f 1291/1398/1317 1290/1395/1314 1321/1423/1341 1322/1426/1344
f 1318/1399/1318 1317/1396/1315 1348/1424/1342 1349/1427/1345
f 1305/1400/1319 1304/1397/1316 1335/1425/1343 1336/1428/1346
f 1292/1401/1320 1291/1398/1317 1322/1426/1344 1323/1429/1347
f 1319/1402/1321 1318/1399/1318 1349/1427/1345 1350/1430/1348
f 1306/1403/1322 1305/1400/1319 1336/1428/1346 1337/1431/1349
f 1293/1404/1323 1292/1401/1320 1323/1429/1347 1324/1432/1350
f 1226/1433/27 1319/1402/1321 1350/1430/1348
f 1307/1406/1324 1306/1403/1322 1337/1431/1349 1338/1434/1351
f 1294/1407/1325 1293/1404/1323 1324/1432/1350 1325/1435/1352
f 1308/1408/1326 1307/1406/1324 1338/1434/1351 1339/1436/1353
f 1295/1409/1327 1294/1407/1325 1325/1435/1352 1326/1437/1354
f 1309/1410/1328 1308/1408/1326 1339/1436/1353 1340/1438/1355
f 1296/1411/1329 1295/1409/1327 1326/1437/1354 1327/1439/1356
f 1310/1412/1330 1309/1410/1328 1340/1438/1355 1341/1440/1357
f 1297/1413/1331 1296/1411/1329 1327/1439/1356 1328/1441/1358
f 1311/1414/1332 1310/1412/1330 1341/1440/1357 1342/1442/1359
f 1298/1415/1333 1297/1413/1331 1328/1441/1358 1329/1443/1360
f 1312/1416/1334 1311/1414/1332 1342/1442/1359 1343/1444/1361
f 1299/1417/1335 1298/1415/1333 1329/1443/1360 1330/1445/1362
f 1313/1385/1305 1312/1416/1334 1343/1444/1361 1344/1446/1363
f 1300/1387/1307 1299/1417/1335 1330/1445/1362 1331/1447/1364
f 1314/1386/1306 1313/1385/1305 1344/1446/1363 1345/1448/1365
f 1301/1388/1308 1300/1387/1307 1331/1447/1364 1332/1449/1366
f 1315/1389/1309 1314/1386/1306 1345/1448/1365 1346/1418/1336
f 1302/1390/1310 1301/1388/1308 1332/1449/1366 1333/1420/1338
f 1289/1392/1311 1039/1450/64 1320/1422/1340
f 1349/1427/1345 1348/1424/1342 1379/1451/1367 1380/1452/1368
f 1336/1428/1346 1335/1425/1343 1366/1453/1369 1367/1454/1370
f 1323/1429/1347 1322/1426/1344 1353/1455/1371 1354/1456/1372
f 1350/1430/1348 1349/1427/1345 1380/1452/1368 1381/1457/1373
f 1337/1431/1349 1336/1428/1346 1367/1454/1370 1368/1458/1374
f 1324/1432/1350 1323/1429/1347 1354/1456/1372 1355/1459/1375
f 1226/1460/27 1350/1430/1348 1381/1457/1373
f 1338/1434/1351 1337/1431/1349 1368/1458/1374 1369/1461/1376
f 1325/1435/1352 1324/1432/1350 1355/1459/1375 1356/1462/1377
f 1339/1436/1353 1338/1434/1351 1369/1461/1376 1370/1463/1378
f 1326/1437/1354 1325/1435/1352 1356/1462/1377 1357/1464/1379
f 1340/1438/1355 1339/1436/1353 1370/1463/1378 1371/1465/1380
f 1327/1439/1356 1326/1437/1354 1357/1464/1379 1358/1466/1381
f 1341/1440/1357 1340/1438/1355 1371/1465/1380 1372/1467/1382
f 1328/1441/1358 1327/1439/1356 1358/1466/1381 1359/1468/1383
f 1342/1442/1359 1341/1440/1357 1372/1467/1382 1373/1469/1384
f 1329/1443/1360 1328/1441/1358 1359/1468/1383 1360/1470/1385
f 1343/1444/1361 1342/1442/1359 1373/1469/1384 1374/1471/1386
f 1330/1445/1362 1329/1443/1360 1360/1470/1385 1361/1472/1387
f 1344/1446/1363 1343/1444/1361 1374/1471/1386 1375/1473/1388
f 1331/1447/1364 1330/1445/1362 1361/1472/1387 1362/1474/1389
f 1345/1448/1365 1344/1446/1363 1375/1473/1388 1376/1475/1390
f 1332/1449/1366 1331/1447/1364 1362/1474/1389 1363/1476/1391
f 1346/1418/1336 1345/1448/1365 1376/1475/1390 1377/1477/1392
f 1333/1420/1338 1332/1449/1366 1363/1476/1391 1364/1478/1393
f 1320/1422/1340 1039/1479/64 1351/1480/1394
f 1347/1419/1337 1346/1418/1336 1377/1477/1392 1378/1481/1395
f 1334/1421/1339 1333/1420/1338 1364/1478/1393 1365/1482/1396
f 1321/1423/1341 1320/1422/1340 1351/1480/1394 1352/1483/1397
f 1348/1424/1342 1347/1419/1337 1378/1481/1395 1379/1451/1367
f 1335/1425/1343 1334/1421/1339 1365/1482/1396 1366/1453/1369
f 1322/1426/1344 1321/1423/1341 1352/1483/1397 1353/1455/1371
f 1226/1484/27 1381/1457/1373 1412/1485/1398
f 1369/1461/1376 1368/1458/1374 1399/1486/1399 1400/1487/1400
f 1356/1462/1377 1355/1459/1375 1386/1488/1401 1387/1489/1402
f 1370/1463/1378 1369/1461/1376 1400/1487/1400 1401/1490/1403
f 1357/1464/1379 1356/1462/1377 1387/1489/1402 1388/1491/1404
f 1371/1465/1380 1370/1463/1378 1401/1490/1403 1402/1492/1405
f 1358/1466/1381 1357/1464/1379 1388/1491/1404 1389/1493/1406
f 1372/1467/1382 1371/1465/1380 1402/1492/1405 1403/1494/1407
f 1359/1468/1383 1358/1466/1381 1389/1493/1406 1390/1495/1408
f 1373/1469/1384 1372/1467/1382 1403/1494/1407 1404/1496/1409
f 1360/1470/1385 1359/1468/1383 1390/1495/1408 1391/1497/1410
f 1374/1471/1386 1373/1469/1384 1404/1496/1409 1405/1498/1411
f 1361/1472/1387 1360/1470/1385 1391/1497/1410 1392/1499/1412
f 1375/1473/1388 1374/1471/1386 1405/1498/1411 1406/1500/1413
f 1362/1474/1389 1361/1472/1387 1392/1499/1412 1393/1501/1414
f 1376/1475/1390 1375/1473/1388 1406/1500/1413 1407/1502/1415
f 1363/1476/1391 1362/1474/1389 1393/1501/1414 1394/1503/1416
f 1377/1477/1392 1376/1475/1390 1407/1502/1415 1408/1504/1417
f 1364/1478/1393 1363/1476/1391 1394/1503/1416 1395/1505/1418
f 1351/1480/1394 1039/1506/64 1382/1507/1419
f 1378/1481/1395 1377/1477/1392 1408/1504/1417 1409/1508/1420
f 1365/1482/1396 1364/1478/1393 1395/1505/1418 1396/1509/1421
f 1352/1483/1397 1351/1480/1394 1382/1507/1419 1383/1510/1422
f 1379/1451/1367 1378/1481/1395 1409/1508/1420 1410/1511/1423
f 1366/1453/1369 1365/1482/1396 1396/1509/1421 1397/1512/1424
f 1353/1455/1371 1352/1483/1397 1383/1510/1422 1384/1513/1425
f 1380/1452/1368 1379/1451/1367 1410/1511/1423 1411/1514/1426
f 1367/1454/1370 1366/1453/1369 1397/1512/1424 1398/1515/1427
f 1354/1456/1372 1353/1455/1371 1384/1513/1425 1385/1516/1428
f 1381/1457/1373 1380/1452/1368 1411/1514/1426 1412/1485/1398
f 1368/1458/1374 1367/1454/1370 1398/1515/1427 1399/1486/1399
f 1355/1459/1375 1354/1456/1372 1385/1516/1428 1386/1488/1401
f 1402/1492/1405 1401/1490/1403 1432/1517/1429 1433/1518/1430
f 1389/1493/1406 1388/1491/1404 1419/1519/1431 1420/1520/1432
f 1403/1494/1407 1402/1492/1405 1433/1518/1430 1434/1521/1433
f 1390/1495/1408 1389/1493/1406 1420/1520/1432 1421/1522/1434
f 1404/1496/1409 1403/1494/1407 1434/1521/1433 1435/1523/1435
f 1391/1497/1410 1390/1495/1408 1421/1522/1434 1422/1524/1436
f 1405/1498/1411 1404/1496/1409 1435/1523/1435 1436/1525/1437
f 1392/1499/1412 1391/1497/1410 1422/1524/1436 1423/1526/1438
f 1406/1500/1413 1405/1498/1411 1436/1525/1437 1437/1527/1439
f 1393/1501/1414 1392/1499/1412 1423/1526/1438 1424/1528/1440
f 1407/1502/1415 1406/1500/1413 1437/1527/1439 1438/1529/1441
f 1394/1503/1416 1393/1501/1414 1424/1528/1440 1425/1530/1442
f 1408/1504/1417 1407/1502/1415 1438/1529/1441 1439/1531/1443
f 1395/1505/1418 1394/1503/1416 1425/1530/1442 1426/1532/1444
f 1382/1507/1419 1039/1533/64 1413/1534/1445
f 1409/1508/1420 1408/1504/1417 1439/1531/1443 1440/1535/1446
f 1396/1509/1421 1395/1505/1418 1426/1532/1444 1427/1536/1447
f 1383/1510/1422 1382/1507/1419 1413/1534/1445 1414/1537/1448
f 1410/1511/1423 1409/1508/1420 1440/1535/1446 1441/1538/1449
f 1397/1512/1424 1396/1509/1421 1427/1536/1447 1428/1539/1450
f 1384/1513/1425 1383/1510/1422 1414/1537/1448 1415/1540/1451
f 1411/1514/1426 1410/1511/1423 1441/1538/1449 1442/1541/1452
f 1398/1515/1427 1397/1512/1424 1428/1539/1450 1429/1542/1453
f 1385/1516/1428 1384/1513/1425 1415/1540/1451 1416/1543/1454
f 1412/1485/1398 1411/1514/1426 1442/1541/1452 1443/1544/1455
f 1399/1486/1399 1398/1515/1427 1429/1542/1453 1430/1545/1456
f 1386/1488/1401 1385/1516/1428 1416/1543/1454 1417/1546/1457
f 1226/1547/27 1412/1485/1398 1443/1544/1455
f 1400/1487/1400 1399/1486/1399 1430/1545/1456 1431/1548/1458
f 1387/1489/1402 1386/1488/1401 1417/1546/1457 1418/1549/1459
f 1401/1490/1403 1400/1487/1400 1431/1548/1458 1432/1517/1429
f 1388/1491/1404 1387/1489/1402 1418/1549/1459 1419/1519/1431
f 1435/1523/1435 1434/1521/1433 1465/1550/1460 1466/1551/1461
f 1422/1524/1436 1421/1522/1434 1452/1552/1462 1453/1553/1463
f 1436/1525/1437 1435/1523/1435 1466/1551/1461 1467/1554/1464
f 1423/1526/1438 1422/1524/1436 1453/1553/1463 1454/1555/1465
f 1437/1527/1439 1436/1525/1437 1467/1554/1464 1468/1556/1466
f 1424/1528/1440 1423/1526/1438 1454/1555/1465 1455/1557/1467
f 1438/1529/1441 1437/1527/1439 1468/1556/1466 1469/1558/1468
f 1425/1530/1442 1424/1528/1440 1455/1557/1467 1456/1559/1469
f 1439/1531/1443 1438/1529/1441 1469/1558/1468 1470/1560/1470
f 1426/1532/1444 1425/1530/1442 1456/1559/1469 1457/1561/1471
f 1413/1534/1445 1039/1562/64 1444/1563/1472
f 1440/1535/1446 1439/1531/1443 1470/1560/1470 1471/1564/1473
f 1427/1536/1447 1426/1532/1444 1457/1561/1471 1458/1565/1474
f 1414/1537/1448 1413/1534/1445 1444/1563/1472 1445/1566/1475
f 1441/1538/1449 1440/1535/1446 1471/1564/1473 1472/1567/1476
f 1428/1539/1450 1427/1536/1447 1458/1565/1474 1459/1568/1477
f 1415/1540/1451 1414/1537/1448 1445/1566/1475 1446/1569/1478
f 1442/1541/1452 1441/1538/1449 1472/1567/1476 1473/1570/1479
f 1429/1542/1453 1428/1539/1450 1459/1568/1477 1460/1571/1480
f 1416/1543/1454 1415/1540/1451 1446/1569/1478 1447/1572/1481
f 1443/1544/1455 1442/1541/1452 1473/1570/1479 1474/1573/1482
f 1430/1545/1456 1429/1542/1453 1460/1571/1480 1461/1574/1483
f 1417/1546/1457 1416/1543/1454 1447/1572/1481 1448/1575/1484
f 1226/1576/27 1443/1544/1455 1474/1573/1482
f 1431/1548/1458 1430/1545/1456 1461/1574/1483 1462/1577/1485
f 1418/1549/1459 1417/1546/1457 1448/1575/1484 1449/1578/1486
f 1432/1517/1429 1431/1548/1458 1462/1577/1485 1463/1579/1487
f 1419/1519/1431 1418/1549/1459 1449/1578/1486 1450/1580/1488
f 1433/1518/1430 1432/1517/1429 1463/1579/1487 1464/1581/1489
f 1420/1520/1432 1419/1519/1431 1450/1580/1488 1451/1582/1490
f 1434/1521/1433 1433/1518/1430 1464/1581/1489 1465/1550/1460
f 1421/1522/1434 1420/1520/1432 1451/1582/1490 1452/1552/1462
f 1468/1556/1466 1467/1554/1464 1498/1583/1491 1499/1584/1492
f 1455/1557/1467 1454/1555/1465 1485/1585/1493 1486/1586/1494
f 1469/1558/1468 1468/1556/1466 1499/1584/1492 1500/1587/1495
f 1456/1559/1469 1455/1557/1467 1486/1586/1494 1487/1588/1496
f 1470/1560/1470 1469/1558/1468 1500/1587/1495 1501/1589/1497
f 1457/1561/1471 1456/1559/1469 1487/1588/1496 1488/1590/1498
f 1444/1563/1472 1039/1591/64 1475/1592/1499
f 1471/1564/1473 1470/1560/1470 1501/1589/1497 1502/1593/1500
f 1458/1565/1474 1457/1561/1471 1488/1590/1498 1489/1594/1501
f 1445/1566/1475 1444/1563/1472 1475/1592/1499 1476/1595/1502
f 1472/1567/1476 1471/1564/1473 1502/1593/1500 1503/1596/1503
f 1459/1568/1477 1458/1565/1474 1489/1594/1501 1490/1597/1504
f 1446/1569/1478 1445/1566/1475 1476/1595/1502 1477/1598/1505
f 1473/1570/1479 1472/1567/1476 1503/1596/1503 1504/1599/1506
f 1460/1571/1480 1459/1568/1477 1490/1597/1504 1491/1600/1507
f 1447/1572/1481 1446/1569/1478 1477/1598/1505 1478/1601/1508
f 1474/1573/1482 1473/1570/1479 1504/1599/1506 1505/1602/1509
f 1461/1574/1483 1460/1571/1480 1491/1600/1507 1492/1603/1510
f 1448/1575/1484 1447/1572/1481 1478/1601/1508 1479/1604/1511
f 1226/1605/27 1474/1573/1482 1505/1602/1509
f 1462/1577/1485 1461/1574/1483 1492/1603/1510 1493/1606/1512
f 1449/1578/1486 1448/1575/1484 1479/1604/1511 1480/1607/1513
f 1463/1579/1487 1462/1577/1485 1493/1606/1512 1494/1608/1514
f 1450/1580/1488 1449/1578/1486 1480/1607/1513 1481/1609/1515
f 1464/1581/1489 1463/1579/1487 1494/1608/1514 1495/1610/1516
f 1451/1582/1490 1450/1580/1488 1481/1609/1515 1482/1611/1517
f 1465/1550/1460 1464/1581/1489 1495/1610/1516 1496/1612/1518
f 1452/1552/1462 1451/1582/1490 1482/1611/1517 1483/1613/1519
f 1466/1551/1461 1465/1550/1460 1496/1612/1518 1497/1614/1520
f 1453/1553/1463 1452/1552/1462 1483/1613/1519 1484/1615/1521
f 1467/1554/1464 1466/1551/1461 1497/1614/1520 1498/1583/1491
f 1454/1555/1465 1453/1553/1463 1484/1615/1521 1485/1585/1493
f 1501/1616/1497 1500/1617/1495 1531/1618/1522 1532/1619/1523
f 1488/1620/1498 1487/1621/1496 1518/1622/1524 1519/1623/1525
f 1475/1624/1499 1039/1625/64 1506/1626/1526
f 1502/1627/1500 1501/1616/1497 1532/1619/1523 1533/1628/1527
f 1489/1629/1501 1488/1620/1498 1519/1623/1525 1520/1630/1528
f 1476/1631/1502 1475/1624/1499 1506/1626/1526 1507/1632/1529
f 1503/1633/1503 1502/1627/1500 1533/1628/1527 1534/1634/1530
f 1490/1635/1504 1489/1629/1501 1520/1630/1528 1521/1636/1531
f 1477/1637/1505 1476/1631/1502 1507/1632/1529 1508/1638/1532
f 1504/1639/1506 1503/1633/1503 1534/1634/1530 1535/1640/1533
f 1491/1641/1507 1490/1635/1504 1521/1636/1531 1522/1642/1534
f 1478/1643/1508 1477/1637/1505 1508/1638/1532 1509/1644/1535
f 1505/1645/1509 1504/1639/1506 1535/1640/1533 1536/1646/1536
f 1492/1647/1510 1491/1641/1507 1522/1642/1534 1523/1648/1537
f 1479/1649/1511 1478/1643/1508 1509/1644/1535 1510/1650/1538
f 1226/1651/27 1505/1645/1509 1536/1646/1536
f 1493/1652/1512 1492/1647/1510 1523/1648/1537 1524/1653/1539
f 1480/1654/1513 1479/1649/1511 1510/1650/1538 1511/1655/1540
f 1494/1656/1514 1493/1652/1512 1524/1653/1539 1525/1657/1541
f 1481/1658/1515 1480/1654/1513 1511/1655/1540 1512/1659/1542
f 1495/1660/1516 1494/1656/1514 1525/1657/1541 1526/1661/1543
f 1482/1662/1517 1481/1658/1515 1512/1659/1542 1513/1663/1544
f 1496/1664/1518 1495/1660/1516 1526/1661/1543 1527/1665/1545
f 1483/1666/1519 1482/1662/1517 1513/1663/1544 1514/1667/1546
f 1497/1668/1520 1496/1664/1518 1527/1665/1545 1528/1669/1547
f 1484/1670/1521 1483/1666/1519 1514/1667/1546 1515/1671/1548
f 1498/1672/1491 1497/1668/1520 1528/1669/1547 1529/1673/1549
f 1485/1674/1493 1484/1670/1521 1515/1671/1548 1516/1675/1550
f 1499/1676/1492 1498/1672/1491 1529/1673/1549 1530/1677/1551
f 1486/1678/1494 1485/1674/1493 1516/1675/1550 1517/1679/1552
f 1500/1617/1495 1499/1676/1492 1530/1677/1551 1531/1618/1522
f 1487/1621/1496 1486/1678/1494 1517/1679/1552 1518/1622/1524
f 1507/1632/1529 1506/1626/1526 1537/1680/1553 1538/1681/1554
f 1534/1634/1530 1533/1628/1527 1564/1682/1555 1565/1683/1556
f 1521/1636/1531 1520/1630/1528 1551/1684/1557 1552/1685/1558
f 1508/1638/1532 1507/1632/1529 1538/1681/1554 1539/1686/1559
f 1535/1640/1533 1534/1634/1530 1565/1683/1556 1566/1687/1560
f 1522/1642/1534 1521/1636/1531 1552/1685/1558 1553/1688/1561
f 1509/1644/1535 1508/1638/1532 1539/1686/1559 1540/1689/1562
f 1536/1646/1536 1535/1640/1533 1566/1687/1560 1567/1690/1563
f 1523/1648/1537 1522/1642/1534 1553/1688/1561 1554/1691/1564
f 1510/1650/1538 1509/1644/1535 1540/1689/1562 1541/1692/1565
f 1226/1693/27 1536/1646/1536 1567/1690/1563
f 1524/1653/1539 1523/1648/1537 1554/1691/1564 1555/1694/1566
f 1511/1655/1540 1510/1650/1538 1541/1692/1565 1542/1695/1567
f 1525/1657/1541 1524/1653/1539 1555/1694/1566 1556/1696/1568
f 1512/1659/1542 1511/1655/1540 1542/1695/1567 1543/1697/1569
f 1526/1661/1543 1525/1657/1541 1556/1696/1568 1557/1698/1570
f 1513/1663/1544 1512/1659/1542 1543/1697/1569 1544/1699/1571
f 1527/1665/1545 1526/1661/1543 1557/1698/1570 1558/1700/1572
f 1514/1667/1546 1513/1663/1544 1544/1699/1571 1545/1701/1573
f 1528/1669/1547 1527/1665/1545 1558/1700/1572 1559/1702/1574
f 1515/1671/1548 1514/1667/1546 1545/1701/1573 1546/1703/1575
f 1529/1673/1549 1528/1669/1547 1559/1702/1574 1560/1704/1576
f 1516/1675/1550 1515/1671/1548 1546/1703/1575 1547/1705/1577
f 1530/1677/1551 1529/1673/1549 1560/1704/1576 1561/1706/1578
f 1517/1679/1552 1516/1675/1550 1547/1705/1577 1548/1707/1579
f 1531/1618/1522 1530/1677/1551 1561/1706/1578 1562/1708/1580
f 1518/1622/1524 1517/1679/1552 1548/1707/1579 1549/1709/1581
f 1532/1619/1523 1531/1618/1522 1562/1708/1580 1563/1710/1582
f 1519/1623/1525 1518/1622/1524 1549/1709/1581 1550/1711/1583
f 1506/1626/1526 1039/1712/64 1537/1680/1553
f 1533/1628/1527 1532/1619/1523 1563/1710/1582 1564/1682/1555
f 1520/1630/1528 1519/1623/1525 1550/1711/1583 1551/1684/1557
f 1540/1689/1562 1539/1686/1559 1570/1713/1584 1571/1714/1585
f 1567/1690/1563 1566/1687/1560 1597/1715/1586 1598/1716/1587
f 1554/1691/1564 1553/1688/1561 1584/1717/1588 1585/1718/1589
f 1541/1692/1565 1540/1689/1562 1571/1714/1585 1572/1719/1590
f 1226/1720/27 1567/1690/1563 1598/1716/1587
f 1555/1694/1566 1554/1691/1564 1585/1718/1589 1586/1721/1591
f 1542/1695/1567 1541/1692/1565 1572/1719/1590 1573/1722/1592
f 1556/1696/1568 1555/1694/1566 1586/1721/1591 1587/1723/1593
f 1543/1697/1569 1542/1695/1567 1573/1722/1592 1574/1724/1594
f 1557/1698/1570 1556/1696/1568 1587/1723/1593 1588/1725/1595
f 1544/1699/1571 1543/1697/1569 1574/1724/1594 1575/1726/1596
f 1558/1700/1572 1557/1698/1570 1588/1725/1595 1589/1727/1597
f 1545/1701/1573 1544/1699/1571 1575/1726/1596 1576/1728/1598
f 1559/1702/1574 1558/1700/1572 1589/1727/1597 1590/1729/1599
f 1546/1703/1575 1545/1701/1573 1576/1728/1598 1577/1730/1600
f 1560/1704/1576 1559/1702/1574 1590/1729/1599 1591/1731/1601
f 1547/1705/1577 1546/1703/1575 1577/1730/1600 1578/1732/1602
f 1561/1706/1578 1560/1704/1576 1591/1731/1601 1592/1733/1603
f 1548/1707/1579 1547/1705/1577 1578/1732/1602 1579/1734/1604
f 1562/1708/1580 1561/1706/1578 1592/1733/1603 1593/1735/1605
f 1549/1709/1581 1548/1707/1579 1579/1734/1604 1580/1736/1606
f 1563/1710/1582 1562/1708/1580 1593/1735/1605 1594/1737/1607
f 1550/1711/1583 1549/1709/1581 1580/1736/1606 1581/1738/1608
f 1537/1680/1553 1039/1739/64 1568/1740/1609
f 1564/1682/1555 1563/1710/1582 1594/1737/1607 1595/1741/1610
f 1551/1684/1557 1550/1711/1583 1581/1738/1608 1582/1742/1611
f 1538/1681/1554 1537/1680/1553 1568/1740/1609 1569/1743/1612
f 1565/1683/1556 1564/1682/1555 1595/1741/1610 1596/1744/1613
f 1552/1685/1558 1551/1684/1557 1582/1742/1611 1583/1745/1614
f 1539/1686/1559 1538/1681/1554 1569/1743/1612 1570/1713/1584
f 1566/1687/1560 1565/1683/1556 1596/1744/1613 1597/1715/1586
f 1553/1688/1561 1552/1685/1558 1583/1745/1614 1584/1717/1588
f 1583/1745/1614 1582/1742/1611 1613/1746/1615 1614/1747/1616
f 1570/1713/1584 1569/1743/1612 1600/1748/1617 1601/1749/1618
f 1597/1715/1586 1596/1744/1613 1627/1750/1619 1628/1751/1620
f 1584/1717/1588 1583/1745/1614 1614/1747/1616 1615/1752/1621
f 1571/1714/1585 1570/1713/1584 1601/1749/1618 1602/1753/1622
f 1598/1716/1587 1597/1715/1586 1628/1751/1620 1629/1754/1623
f 1585/1718/1589 1584/1717/1588 1615/1752/1621 1616/1755/1624
f 1572/1719/1590 1571/1714/1585 1602/1753/1622 1603/1756/1625
f 1226/1757/27 1598/1716/1587 1629/1754/1623
f 1586/1721/1591 1585/1718/1589 1616/1755/1624 1617/1758/1626
f 1573/1722/1592 1572/1719/1590 1603/1756/1625 1604/1759/1627
f 1587/1723/1593 1586/1721/1591 1617/1758/1626 1618/1760/1628
f 1574/1724/1594 1573/1722/1592 1604/1759/1627 1605/1761/1629
f 1588/1725/1595 1587/1723/1593 1618/1760/1628 1619/1762/1630
f 1575/1726/1596 1574/1724/1594 1605/1761/1629 1606/1763/1631
f 1589/1727/1597 1588/1725/1595 1619/1762/1630 1620/1764/1632
f 1576/1728/1598 1575/1726/1596 1606/1763/1631 1607/1765/1633
f 1590/1729/1599 1589/1727/1597 1620/1764/1632 1621/1766/1634
f 1577/1730/1600 1576/1728/1598 1607/1765/1633 1608/1767/1635
f 1591/1731/1601 1590/1729/1599 1621/1766/1634 1622/1768/1636
f 1578/1732/1602 1577/1730/1600 1608/1767/1635 1609/1769/1637
f 1592/1733/1603 1591/1731/1601 1622/1768/1636 1623/1770/1638
f 1579/1734/1604 1578/1732/1602 1609/1769/1637 1610/1771/1639
f 1593/1735/1605 1592/1733/1603 1623/1770/1638 1624/1772/1640
f 1580/1736/1606 1579/1734/1604 1610/1771/1639 1611/1773/1641
f 1594/1737/1607 1593/1735/1605 1624/1772/1640 1625/1774/1642
f 1581/1738/1608 1580/1736/1606 1611/1773/1641 1612/1775/1643
f 1568/1740/1609 1039/1776/64 1599/1777/1644
f 1595/1741/1610 1594/1737/1607 1625/1774/1642 1626/1778/1645
f 1582/1742/1611 1581/1738/1608 1612/1775/1643 1613/1746/1615
f 1569/1743/1612 1568/1740/1609 1599/1777/1644 1600/1748/1617
f 1596/1744/1613 1595/1741/1610 1626/1778/1645 1627/1750/1619
f 1616/1755/1624 1615/1752/1621 1646/1779/1646 1647/1780/1647
f 1603/1756/1625 1602/1753/1622 1633/1781/1648 1634/1782/1649
f 1226/1783/27 1629/1754/1623 1660/1784/1650
f 1617/1758/1626 1616/1755/1624 1647/1780/1647 1648/1785/1651
f 1604/1759/1627 1603/1756/1625 1634/1782/1649 1635/1786/1652
f 1618/1760/1628 1617/1758/1626 1648/1785/1651 1649/1787/1653
f 1605/1761/1629 1604/1759/1627 1635/1786/1652 1636/1788/1654
f 1619/1762/1630 1618/1760/1628 1649/1787/1653 1650/1789/1655
f 1606/1763/1631 1605/1761/1629 1636/1788/1654 1637/1790/1656
f 1620/1764/1632 1619/1762/1630 1650/1789/1655 1651/1791/1657
f 1607/1765/1633 1606/1763/1631 1637/1790/1656 1638/1792/1658
f 1621/1766/1634 1620/1764/1632 1651/1791/1657 1652/1793/1659
f 1608/1767/1635 1607/1765/1633 1638/1792/1658 1639/1794/1660
f 1622/1768/1636 1621/1766/1634 1652/1793/1659 1653/1795/1661
f 1609/1769/1637 1608/1767/1635 1639/1794/1660 1640/1796/1662
f 1623/1770/1638 1622/1768/1636 1653/1795/1661 1654/1797/1663
f 1610/1771/1639 1609/1769/1637 1640/1796/1662 1641/1798/1664
f 1624/1772/1640 1623/1770/1638 1654/1797/1663 1655/1799/1665
f 1611/1773/1641 1610/1771/1639 1641/1798/1664 1642/1800/1666
f 1625/1774/1642 1624/1772/1640 1655/1799/1665 1656/1801/1667
f 1612/1775/1643 1611/1773/1641 1642/1800/1666 1643/1802/1668
f 1599/1777/1644 1039/1803/64 1630/1804/1669
f 1626/1778/1645 1625/1774/1642 1656/1801/1667 1657/1805/1670
f 1613/1746/1615 1612/1775/1643 1643/1802/1668 1644/1806/1671
f 1600/1748/1617 1599/1777/1644 1630/1804/1669 1631/1807/1672
f 1627/1750/1619 1626/1778/1645 1657/1805/1670 1658/1808/1673
f 1614/1747/1616 1613/1746/1615 1644/1806/1671 1645/1809/1674
f 1601/1749/1618 1600/1748/1617 1631/1807/1672 1632/1810/1675
f 1628/1751/1620 1627/1750/1619 1658/1808/1673 1659/1811/1676
f 1615/1752/1621 1614/1747/1616 1645/1809/1674 1646/1779/1646
f 1602/1753/1622 1601/1749/1618 1632/1810/1675 1633/1781/1648
f 1629/1754/1623 1628/1751/1620 1659/1811/1676 1660/1784/1650
f 1649/1787/1653 1648/1785/1651 1679/1812/1677 1680/1813/1678
f 1636/1788/1654 1635/1786/1652 1666/1814/1679 1667/1815/1680
f 1650/1789/1655 1649/1787/1653 1680/1813/1678 1681/1816/1681
f 1637/1790/1656 1636/1788/1654 1667/1815/1680 1668/1817/1682
f 1651/1791/1657 1650/1789/1655 1681/1816/1681 1682/1818/1683
f 1638/1792/1658 1637/1790/1656 1668/1817/1682 1669/1819/1684
f 1652/1793/1659 1651/1791/1657 1682/1818/1683 1683/1820/1685
f 1639/1794/1660 1638/1792/1658 1669/1819/1684 1670/1821/1686
f 1653/1795/1661 1652/1793/1659 1683/1820/1685 1684/1822/1687
f 1640/1796/1662 1639/1794/1660 1670/1821/1686 1671/1823/1688
f 1654/1797/1663 1653/1795/1661 1684/1822/1687 1685/1824/1689
f 1641/1798/1664 1640/1796/1662 1671/1823/1688 1672/1825/1690
f 1655/1799/1665 1654/1797/1663 1685/1824/1689 1686/1826/1691
f 1642/1800/1666 1641/1798/1664 1672/1825/1690 1673/1827/1692
f 1656/1801/1667 1655/1799/1665 1686/1826/1691 1687/1828/1693
f 1643/1802/1668 1642/1800/1666 1673/1827/1692 1674/1829/1694
f 1630/1804/1669 1039/1830/64 1661/1831/1695
f 1657/1805/1670 1656/1801/1667 1687/1828/1693 1688/1832/1696
f 1644/1806/1671 1643/1802/1668 1674/1829/1694 1675/1833/1697
f 1631/1807/1672 1630/1804/1669 1661/1831/1695 1662/1834/1698
f 1658/1808/1673 1657/1805/1670 1688/1832/1696 1689/1835/1699
f 1645/1809/1674 1644/1806/1671 1675/1833/1697 1676/1836/1700
f 1632/1810/1675 1631/1807/1672 1662/1834/1698 1663/1837/1701
f 1659/1811/1676 1658/1808/1673 1689/1835/1699 1690/1838/1702
f 1646/1779/1646 1645/1809/1674 1676/1836/1700 1677/1839/1703
f 1633/1781/1648 1632/1810/1675 1663/1837/1701 1664/1840/1704
f 1660/1784/1650 1659/1811/1676 1690/1838/1702 1691/1841/1705
f 1647/1780/1647 1646/1779/1646 1677/1839/1703 1678/1842/1706
f 1634/1782/1649 1633/1781/1648 1664/1840/1704 1665/1843/1707
f 1226/1844/27 1660/1784/1650 1691/1841/1705
f 1648/1785/1651 1647/1780/1647 1678/1842/1706 1679/1812/1677
f 1635/1786/1652 1634/1782/1649 1665/1843/1707 1666/1814/1679
f 1682/1818/1683 1681/1816/1681 1712/1845/1708 1713/1846/1709
f 1669/1819/1684 1668/1817/1682 1699/1847/1710 1700/1848/1711
f 1683/1820/1685 1682/1818/1683 1713/1846/1709 1714/1849/1712
f 1670/1821/1686 1669/1819/1684 1700/1848/1711 1701/1850/1713
f 1684/1822/1687 1683/1820/1685 1714/1849/1712 1715/1851/1714
f 1671/1823/1688 1670/1821/1686 1701/1850/1713 1702/1852/1715
f 1685/1824/1689 1684/1822/1687 1715/1851/1714 1716/1853/1716
f 1672/1825/1690 1671/1823/1688 1702/1852/1715 1703/1854/1717
f 1686/1826/1691 1685/1824/1689 1716/1853/1716 1717/1855/1718
f 1673/1827/1692 1672/1825/1690 1703/1854/1717 1704/1856/1719
f 1687/1828/1693 1686/1826/1691 1717/1855/1718 1718/1857/1720
f 1674/1829/1694 1673/1827/1692 1704/1856/1719 1705/1858/1721
f 1661/1831/1695 1039/1859/64 1692/1860/1722
f 1688/1832/1696 1687/1828/1693 1718/1857/1720 1719/1861/1723
f 1675/1833/1697 1674/1829/1694 1705/1858/1721 1706/1862/1724
f 1662/1834/1698 1661/1831/1695 1692/1860/1722 1693/1863/1725
f 1689/1835/1699 1688/1832/1696 1719/1861/1723 1720/1864/1726
f 1676/1836/1700 1675/1833/1697 1706/1862/1724 1707/1865/1727
f 1663/1837/1701 1662/1834/1698 1693/1863/1725 1694/1866/1728
f 1690/1838/1702 1689/1835/1699 1720/1864/1726 1721/1867/1729
f 1677/1839/1703 1676/1836/1700 1707/1865/1727 1708/1868/1730
f 1664/1840/1704 1663/1837/1701 1694/1866/1728 1695/1869/1731
f 1691/1841/1705 1690/1838/1702 1721/1867/1729 1722/1870/1732
f 1678/1842/1706 1677/1839/1703 1708/1868/1730 1709/1871/1733
f 1665/1843/1707 1664/1840/1704 1695/1869/1731 1696/1872/1734
f 1226/1873/27 1691/1841/1705 1722/1870/1732
f 1679/1812/1677 1678/1842/1706 1709/1871/1733 1710/1874/1735
f 1666/1814/1679 1665/1843/1707 1696/1872/1734 1697/1875/1736
f 1680/1813/1678 1679/1812/1677 1710/1874/1735 1711/1876/1737
f 1667/1815/1680 1666/1814/1679 1697/1875/1736 1698/1877/1738
f 1681/1816/1681 1680/1813/1678 1711/1876/1737 1712/1845/1708
f 1668/1817/1682 1667/1815/1680 1698/1877/1738 1699/1847/1710
f 1715/1851/1714 1714/1849/1712 1745/1878/1739 1746/1879/1740
f 1702/1852/1715 1701/1850/1713 1732/1880/1741 1733/1881/1742
f 1716/1853/1716 1715/1851/1714 1746/1879/1740 1747/1882/1743
f 1703/1854/1717 1702/1852/1715 1733/1881/1742 1734/1883/1744
f 1717/1855/1718 1716/1853/1716 1747/1882/1743 1748/1884/1745
f 1704/1856/1719 1703/1854/1717 1734/1883/1744 1735/1885/1746
f 1718/1857/1720 1717/1855/1718 1748/1884/1745 1749/1886/1747
f 1705/1858/1721 1704/1856/1719 1735/1885/1746 1736/1887/1748
f 1692/1860/1722 1039/1888/64 1723/1889/1749
f 1719/1861/1723 1718/1857/1720 1749/1886/1747 1750/1890/1750
f 1706/1862/1724 1705/1858/1721 1736/1887/1748 1737/1891/1751
f 1693/1863/1725 1692/1860/1722 1723/1889/1749 1724/1892/1752
f 1720/1864/1726 1719/1861/1723 1750/1890/1750 1751/1893/1753
f 1707/1865/1727 1706/1862/1724 1737/1891/1751 1738/1894/1754
f 1694/1866/1728 1693/1863/1725 1724/1892/1752 1725/1895/1755
f 1721/1867/1729 1720/1864/1726 1751/1893/1753 1752/1896/1756
f 1708/1868/1730 1707/1865/1727 1738/1894/1754 1739/1897/1757
f 1695/1869/1731 1694/1866/1728 1725/1895/1755 1726/1898/1758
f 1722/1870/1732 1721/1867/1729 1752/1896/1756 1753/1899/1759
f 1709/1871/1733 1708/1868/1730 1739/1897/1757 1740/1900/1760
f 1696/1872/1734 1695/1869/1731 1726/1898/1758 1727/1901/1761
f 1226/1902/27 1722/1870/1732 1753/1899/1759
f 1710/1874/1735 1709/1871/1733 1740/1900/1760 1741/1903/1762
f 1697/1875/1736 1696/1872/1734 1727/1901/1761 1728/1904/1763
f 1711/1876/1737 1710/1874/1735 1741/1903/1762 1742/1905/1764
f 1698/1877/1738 1697/1875/1736 1728/1904/1763 1729/1906/1765
f 1712/1845/1708 1711/1876/1737 1742/1905/1764 1743/1907/1766
f 1699/1847/1710 1698/1877/1738 1729/1906/1765 1730/1908/1767
f 1713/1846/1709 1712/1845/1708 1743/1907/1766 1744/1909/1768
f 1700/1848/1711 1699/1847/1710 1730/1908/1767 1731/1910/1769
f 1714/1849/1712 1713/1846/1709 1744/1909/1768 1745/1878/1739
f 1701/1850/1713 1700/1848/1711 1731/1910/1769 1732/1880/1741
f 1748/1884/1745 1747/1882/1743 1778/1911/1770 1779/1912/1771
f 1735/1885/1746 1734/1883/1744 1765/1913/1772 1766/1914/1773
f 1749/1886/1747 1748/1884/1745 1779/1912/1771 1780/1915/1774
f 1736/1887/1748 1735/1885/1746 1766/1914/1773 1767/1916/1775
f 1723/1889/1749 1039/1917/64 1754/1918/1776
f 1750/1890/1750 1749/1886/1747 1780/1915/1774 1781/1919/1777
f 1737/1891/1751 1736/1887/1748 1767/1916/1775 1768/1920/1778
f 1724/1892/1752 1723/1889/1749 1754/1918/1776 1755/1921/1779
f 1751/1893/1753 1750/1890/1750 1781/1919/1777 1782/1922/1780
f 1738/1894/1754 1737/1891/1751 1768/1920/1778 1769/1923/1781
f 1725/1895/1755 1724/1892/1752 1755/1921/1779 1756/1924/1782
f 1752/1896/1756 1751/1893/1753 1782/1922/1780 1783/1925/1783
f 1739/1897/1757 1738/1894/1754 1769/1923/1781 1770/1926/1784
f 1726/1898/1758 1725/1895/1755 1756/1924/1782 1757/1927/1785
f 1753/1899/1759 1752/1896/1756 1783/1925/1783 1784/1928/1786
f 1740/1900/1760 1739/1897/1757 1770/1926/1784 1771/1929/1787
f 1727/1901/1761 1726/1898/1758 1757/1927/1785 1758/1930/1788
f 1226/1931/27 1753/1899/1759 1784/1928/1786
f 1741/1903/1762 1740/1900/1760 1771/1929/1787 1772/1932/1789
f 1728/1904/1763 1727/1901/1761 1758/1930/1788 1759/1933/1790
f 1742/1905/1764 1741/1903/1762 1772/1932/1789 1773/1934/1791
f 1729/1906/1765 1728/1904/1763 1759/1933/1790 1760/1935/1792
f 1743/1907/1766 1742/1905/1764 1773/1934/1791 1774/1936/1793
f 1730/1908/1767 1729/1906/1765 1760/1935/1792 1761/1937/1794
f 1744/1909/1768 1743/1907/1766 1774/1936/1793 1775/1938/1795
f 1731/1910/1769 1730/1908/1767 1761/1937/1794 1762/1939/1796
f 1745/1878/1739 1744/1909/1768 1775/1938/1795 1776/1940/1797
f 1732/1880/1741 1731/1910/1769 1762/1939/1796 1763/1941/1798
f 1746/1879/1740 1745/1878/1739 1776/1940/1797 1777/1942/1799
f 1733/1881/1742 1732/1880/1741 1763/1941/1798 1764/1943/1800
f 1747/1882/1743 1746/1879/1740 1777/1942/1799 1778/1911/1770
f 1734/1883/1744 1733/1881/1742 1764/1943/1800 1765/1913/1772
f 1781/1919/1777 1780/1915/1774 1811/1944/1801 1812/1945/1802
f 1768/1920/1778 1767/1916/1775 1798/1946/1803 1799/1947/1804
f 1755/1921/1779 1754/1918/1776 1785/1948/1805 1786/1949/1806
f 1782/1922/1780 1781/1919/1777 1812/1945/1802 1813/1950/1807
f 1769/1923/1781 1768/1920/1778 1799/1947/1804 1800/1951/1808
f 1756/1924/1782 1755/1921/1779 1786/1949/1806 1787/1952/1809
f 1783/1925/1783 1782/1922/1780 1813/1950/1807 1814/1953/1810
f 1770/1926/1784 1769/1923/1781 1800/1951/1808 1801/1954/1811
f 1757/1927/1785 1756/1924/1782 1787/1952/1809 1788/1955/1812
f 1784/1928/1786 1783/1925/1783 1814/1953/1810 1815/1956/1813
f 1771/1929/1787 1770/1926/1784 1801/1954/1811 1802/1957/1814
f 1758/1930/1788 1757/1927/1785 1788/1955/1812 1789/1958/1815
f 1226/1959/27 1784/1928/1786 1815/1956/1813
f 1772/1932/1789 1771/1929/1787 1802/1957/1814 1803/1960/1816
f 1759/1933/1790 1758/1930/1788 1789/1958/1815 1790/1961/1817
f 1773/1934/1791 1772/1932/1789 1803/1960/1816 1804/1962/1818
f 1760/1935/1792 1759/1933/1790 1790/1961/1817 1791/1963/1819
f 1774/1936/1793 1773/1934/1791 1804/1962/1818 1805/1964/1820
f 1761/1937/1794 1760/1935/1792 1791/1963/1819 1792/1965/1821
f 1775/1938/1795 1774/1936/1793 1805/1964/1820 1806/1966/1822
f 1762/1939/1796 1761/1937/1794 1792/1965/1821 1793/1967/1823
f 1776/1940/1797 1775/1938/1795 1806/1966/1822 1807/1968/1824
f 1763/1941/1798 1762/1939/1796 1793/1967/1823 1794/1969/1825
f 1777/1942/1799 1776/1940/1797 1807/1968/1824 1808/1970/1826
f 1764/1943/1800 1763/1941/1798 1794/1969/1825 1795/1971/1827
f 1778/1911/1770 1777/1942/1799 1808/1970/1826 1809/1972/1828
f 1765/1913/1772 1764/1943/1800 1795/1971/1827 1796/1973/1829
f 1779/1912/1771 1778/1911/1770 1809/1972/1828 1810/1974/1830
f 1766/1914/1773 1765/1913/1772 1796/1973/1829 1797/1975/1831
f 1780/1915/1774 1779/1912/1771 1810/1974/1830 1811/1944/1801
f 1767/1916/1775 1766/1914/1773 1797/1975/1831 1798/1946/1803
f 1754/1918/1776 1039/1976/64 1785/1948/1805
f 1814/1953/1810 1813/1950/1807 1844/1977/1832 1845/1978/1833
f 1801/1954/1811 1800/1951/1808 1831/1979/1834 1832/1980/1835
f 1788/1955/1812 1787/1952/1809 1818/1981/1836 1819/1982/1837
f 1815/1956/1813 1814/1953/1810 1845/1978/1833 1846/1983/1838
f 1802/1957/1814 1801/1954/1811 1832/1980/1835 1833/1984/1839
f 1789/1958/1815 1788/1955/1812 1819/1982/1837 1820/1985/1840
f 1226/1986/27 1815/1956/1813 1846/1983/1838
f 1803/1960/1816 1802/1957/1814 1833/1984/1839 1834/1987/1841
f 1790/1961/1817 1789/1958/1815 1820/1985/1840 1821/1988/1842
f 1804/1962/1818 1803/1960/1816 1834/1987/1841 1835/1989/1843
f 1791/1963/1819 1790/1961/1817 1821/1988/1842 1822/1990/1844
f 1805/1964/1820 1804/1962/1818 1835/1989/1843 1836/1991/1845
f 1792/1965/1821 1791/1963/1819 1822/1990/1844 1823/1992/1846
f 1806/1966/1822 1805/1964/1820 1836/1991/1845 1837/1993/1847
f 1793/1967/1823 1792/1965/1821 1823/1992/1846 1824/1994/1848
f 1807/1968/1824 1806/1966/1822 1837/1993/1847 1838/1995/1849
f 1794/1969/1825 1793/1967/1823 1824/1994/1848 1825/1996/1850
f 1808/1970/1826 1807/1968/1824 1838/1995/1849 1839/1997/1851
f 1795/1971/1827 1794/1969/1825 1825/1996/1850 1826/1998/1852
f 1809/1972/1828 1808/1970/1826 1839/1997/1851 1840/1999/1853
f 1796/1973/1829 1795/1971/1827 1826/1998/1852 1827/2000/1854
f 1810/1974/1830 1809/1972/1828 1840/1999/1853 1841/2001/1855
f 1797/1975/1831 1796/1973/1829 1827/2000/1854 1828/2002/1856
f 1811/1944/1801 1810/1974/1830 1841/2001/1855 1842/2003/1857
f 1798/1946/1803 1797/1975/1831 1828/2002/1856 1829/2004/1858
f 1785/1948/1805 1039/2005/64 1816/2006/1859
f 1812/1945/1802 1811/1944/1801 1842/2003/1857 1843/2007/1860
f 1799/1947/1804 1798/1946/1803 1829/2004/1858 1830/2008/1861
f 1786/1949/1806 1785/1948/1805 1816/2006/1859 1817/2009/1862
f 1813/1950/1807 1812/1945/1802 1843/2007/1860 1844/1977/1832
f 1800/1951/1808 1799/1947/1804 1830/2008/1861 1831/1979/1834
f 1787/1952/1809 1786/1949/1806 1817/2009/1862 1818/1981/1836
f 1226/2010/27 1846/1983/1838 1877/2011/1863
f 1834/1987/1841 1833/1984/1839 1864/2012/1864 1865/2013/1865
f 1821/1988/1842 1820/1985/1840 1851/2014/1866 1852/2015/1867
f 1835/1989/1843 1834/1987/1841 1865/2013/1865 1866/2016/1868
f 1822/1990/1844 1821/1988/1842 1852/2015/1867 1853/2017/1869
f 1836/1991/1845 1835/1989/1843 1866/2016/1868 1867/2018/1870
f 1823/1992/1846 1822/1990/1844 1853/2017/1869 1854/2019/1871
f 1837/1993/1847 1836/1991/1845 1867/2018/1870 1868/2020/1872
f 1824/1994/1848 1823/1992/1846 1854/2019/1871 1855/2021/1873
f 1838/1995/1849 1837/1993/1847 1868/2020/1872 1869/2022/1874
f 1825/1996/1850 1824/1994/1848 1855/2021/1873 1856/2023/1875
f 1839/1997/1851 1838/1995/1849 1869/2022/1874 1870/2024/1876
f 1826/1998/1852 1825/1996/1850 1856/2023/1875 1857/2025/1877
f 1840/1999/1853 1839/1997/1851 1870/2024/1876 1871/2026/1878
f 1827/2000/1854 1826/1998/1852 1857/2025/1877 1858/2027/1879
f 1841/2001/1855 1840/1999/1853 1871/2026/1878 1872/2028/1880
f 1828/2002/1856 1827/2000/1854 1858/2027/1879 1859/2029/1881
f 1842/2003/1857 1841/2001/1855 1872/2028/1880 1873/2030/1882
f 1829/2004/1858 1828/2002/1856 1859/2029/1881 1860/2031/1883
f 1816/2006/1859 1039/2032/64 1847/2033/1884
f 1843/2007/1860 1842/2003/1857 1873/2030/1882 1874/2034/1885
f 1830/2008/1861 1829/2004/1858 1860/2031/1883 1861/2035/1886
f 1817/2009/1862 1816/2006/1859 1847/2033/1884 1848/2036/1887
f 1844/1977/1832 1843/2007/1860 1874/2034/1885 1875/2037/1888
f 1831/1979/1834 1830/2008/1861 1861/2035/1886 1862/2038/1889
f 1818/1981/1836 1817/2009/1862 1848/2036/1887 1849/2039/1890
f 1845/1978/1833 1844/1977/1832 1875/2037/1888 1876/2040/1891
f 1832/1980/1835 1831/1979/1834 1862/2038/1889 1863/2041/1892
f 1819/1982/1837 1818/1981/1836 1849/2039/1890 1850/2042/1893
f 1846/1983/1838 1845/1978/1833 1876/2040/1891 1877/2011/1863
f 1833/1984/1839 1832/1980/1835 1863/2041/1892 1864/2012/1864
f 1820/1985/1840 1819/1982/1837 1850/2042/1893 1851/2014/1866
f 1867/2018/1870 1866/2016/1868 1897/2043/1894 1898/2044/1895
f 1854/2019/1871 1853/2017/1869 1884/2045/1896 1885/2046/1897
f 1868/2020/1872 1867/2018/1870 1898/2044/1895 1899/2047/1898
f 1855/2021/1873 1854/2019/1871 1885/2046/1897 1886/2048/1899
f 1869/2022/1874 1868/2020/1872 1899/2047/1898 1900/2049/1900
f 1856/2023/1875 1855/2021/1873 1886/2048/1899 1887/2050/1901
f 1870/2024/1876 1869/2022/1874 1900/2049/1900 1901/2051/1902
f 1857/2025/1877 1856/2023/1875 1887/2050/1901 1888/2052/1903
f 1871/2026/1878 1870/2024/1876 1901/2051/1902 1902/2053/1904
f 1858/2027/1879 1857/2025/1877 1888/2052/1903 1889/2054/1905
f 1872/2028/1880 1871/2026/1878 1902/2053/1904 1903/2055/1906
f 1859/2029/1881 1858/2027/1879 1889/2054/1905 1890/2056/1907
f 1873/2030/1882 1872/2028/1880 1903/2055/1906 1904/2057/1908
f 1860/2031/1883 1859/2029/1881 1890/2056/1907 1891/2058/1909
f 1847/2033/1884 1039/2059/64 1878/2060/1910
f 1874/2034/1885 1873/2030/1882 1904/2057/1908 1905/2061/1911
f 1861/2035/1886 1860/2031/1883 1891/2058/1909 1892/2062/1912
f 1848/2036/1887 1847/2033/1884 1878/2060/1910 1879/2063/1913
f 1875/2037/1888 1874/2034/1885 1905/2061/1911 1906/2064/1914
f 1862/2038/1889 1861/2035/1886 1892/2062/1912 1893/2065/1915
f 1849/2039/1890 1848/2036/1887 1879/2063/1913 1880/2066/1916
f 1876/2040/1891 1875/2037/1888 1906/2064/1914 1907/2067/1917
f 1863/2041/1892 1862/2038/1889 1893/2065/1915 1894/2068/1918
f 1850/2042/1893 1849/2039/1890 1880/2066/1916 1881/2069/1919
f 1877/2011/1863 1876/2040/1891 1907/2067/1917 1908/2070/1920
f 1864/2012/1864 1863/2041/1892 1894/2068/1918 1895/2071/1921
f 1851/2014/1866 1850/2042/1893 1881/2069/1919 1882/2072/1922
f 1226/2073/27 1877/2011/1863 1908/2070/1920
f 1865/2013/1865 1864/2012/1864 1895/2071/1921 1896/2074/1923
f 1852/2015/1867 1851/2014/1866 1882/2072/1922 1883/2075/1924
f 1866/2016/1868 1865/2013/1865 1896/2074/1923 1897/2043/1894
f 1853/2017/1869 1852/2015/1867 1883/2075/1924 1884/2045/1896
f 1900/2049/1900 1899/2047/1898 1930/2076/1925 1931/2077/1926
f 1887/2050/1901 1886/2048/1899 1917/2078/1927 1918/2079/1928
f 1901/2051/1902 1900/2049/1900 1931/2077/1926 1932/2080/1929
f 1888/2052/1903 1887/2050/1901 1918/2079/1928 1919/2081/1930
f 1902/2053/1904 1901/2051/1902 1932/2080/1929 1933/2082/1931
f 1889/2054/1905 1888/2052/1903 1919/2081/1930 1920/2083/1932
f 1903/2055/1906 1902/2053/1904 1933/2082/1931 1934/2084/1933
f 1890/2056/1907 1889/2054/1905 1920/2083/1932 1921/2085/1934
f 1904/2057/1908 1903/2055/1906 1934/2084/1933 1935/2086/1935
f 1891/2058/1909 1890/2056/1907 1921/2085/1934 1922/2087/1936
f 1878/2060/1910 1039/2088/64 1909/2089/1937
f 1905/2061/1911 1904/2057/1908 1935/2086/1935 1936/2090/1938
f 1892/2062/1912 1891/2058/1909 1922/2087/1936 1923/2091/1939
f 1879/2063/1913 1878/2060/1910 1909/2089/1937 1910/2092/1940
f 1906/2064/1914 1905/2061/1911 1936/2090/1938 1937/2093/1941
f 1893/2065/1915 1892/2062/1912 1923/2091/1939 1924/2094/1942
f 1880/2066/1916 1879/2063/1913 1910/2092/1940 1911/2095/1943
f 1907/2067/1917 1906/2064/1914 1937/2093/1941 1938/2096/1944
f 1894/2068/1918 1893/2065/1915 1924/2094/1942 1925/2097/1945
f 1881/2069/1919 1880/2066/1916 1911/2095/1943 1912/2098/1946
f 1908/2070/1920 1907/2067/1917 1938/2096/1944 1939/2099/1947
f 1895/2071/1921 1894/2068/1918 1925/2097/1945 1926/2100/1948
f 1882/2072/1922 1881/2069/1919 1912/2098/1946 1913/2101/1949
f 1226/2102/27 1908/2070/1920 1939/2099/1947
f 1896/2074/1923 1895/2071/1921 1926/2100/1948 1927/2103/1950
f 1883/2075/1924 1882/2072/1922 1913/2101/1949 1914/2104/1951
f 1897/2043/1894 1896/2074/1923 1927/2103/1950 1928/2105/1952
f 1884/2045/1896 1883/2075/1924 1914/2104/1951 1915/2106/1953
f 1898/2044/1895 1897/2043/1894 1928/2105/1952 1929/2107/1954
f 1885/2046/1897 1884/2045/1896 1915/2106/1953 1916/2108/1955
f 1899/2047/1898 1898/2044/1895 1929/2107/1954 1930/2076/1925
f 1886/2048/1899 1885/2046/1897 1916/2108/1955 1917/2078/1927
f 1933/2082/1931 1932/2080/1929 1963/2109/1956 1964/2110/1957
f 1920/2083/1932 1919/2081/1930 1950/2111/1958 1951/2112/1959
f 1934/2084/1933 1933/2082/1931 1964/2110/1957 1965/2113/1960
f 1921/2085/1934 1920/2083/1932 1951/2112/1959 1952/2114/1961
f 1935/2086/1935 1934/2084/1933 1965/2113/1960 1966/2115/1962
f 1922/2087/1936 1921/2085/1934 1952/2114/1961 1953/2116/1963
f 1909/2089/1937 1039/2117/64 1940/2118/1964
f 1936/2090/1938 1935/2086/1935 1966/2115/1962 1967/2119/1965
f 1923/2091/1939 1922/2087/1936 1953/2116/1963 1954/2120/1966
f 1910/2092/1940 1909/2089/1937 1940/2118/1964 1941/2121/1967
f 1937/2093/1941 1936/2090/1938 1967/2119/1965 1968/2122/1968
f 1924/2094/1942 1923/2091/1939 1954/2120/1966 1955/2123/1969
f 1911/2095/1943 1910/2092/1940 1941/2121/1967 1942/2124/1970
f 1938/2096/1944 1937/2093/1941 1968/2122/1968 1969/2125/1971
f 1925/2097/1945 1924/2094/1942 1955/2123/1969 1956/2126/1972
f 1912/2098/1946 1911/2095/1943 1942/2124/1970 1943/2127/1973
f 1939/2099/1947 1938/2096/1944 1969/2125/1971 1970/2128/1974
f 1926/2100/1948 1925/2097/1945 1956/2126/1972 1957/2129/1975
f 1913/2101/1949 1912/2098/1946 1943/2127/1973 1944/2130/1976
f 1226/2131/27 1939/2099/1947 1970/2128/1974
f 1927/2103/1950 1926/2100/1948 1957/2129/1975 1958/2132/1977
f 1914/2104/1951 1913/2101/1949 1944/2130/1976 1945/2133/1978
f 1928/2105/1952 1927/2103/1950 1958/2132/1977 1959/2134/1979
f 1915/2106/1953 1914/2104/1951 1945/2133/1978 1946/2135/1980
f 1929/2107/1954 1928/2105/1952 1959/2134/1979 1960/2136/1981
f 1916/2108/1955 1915/2106/1953 1946/2135/1980 1947/2137/1982
f 1930/2076/1925 1929/2107/1954 1960/2136/1981 1961/2138/1983
f 1917/2078/1927 1916/2108/1955 1947/2137/1982 1948/2139/1984
f 1931/2077/1926 1930/2076/1925 1961/2138/1983 1962/2140/1985
f 1918/2079/1928 1917/2078/1927 1948/2139/1984 1949/2141/1986
f 1932/2080/1929 1931/2077/1926 1962/2140/1985 1963/2109/1956
f 1919/2081/1930 1918/2079/1928 1949/2141/1986 1950/2111/1958
f 1966/2115/1962 1965/2113/1960 1983/56/56 1984/60/60
f 1953/2116/1963 1952/2114/1961 7/58/58 1977/62/62
f 1940/2118/1964 1039/2142/64 1/2/2
f 1967/2119/1965 1966/2115/1962 1984/60/60 1985/6/6
f 1954/2120/1966 1953/2116/1963 1977/62/62 8/10/10
f 1941/2121/1967 1940/2118/1964 1/2/2 2/1/1
f 1968/2122/1968 1967/2119/1965 1985/6/6 14/5/5
f 1955/2123/1969 1954/2120/1966 8/10/10 9/9/9
f 1942/2124/1970 1941/2121/1967 2/1/1 3/13/13
f 1969/2125/1971 1968/2122/1968 14/5/5 1986/15/15
f 1956/2126/1972 1955/2123/1969 9/9/9 10/17/17
f 1943/2127/1973 1942/2124/1970 3/13/13 1971/19/19
f 1970/2128/1974 1969/2125/1971 1986/15/15 15/21/21
f 1957/2129/1975 1956/2126/1972 10/17/17 1978/23/23
f 1944/2130/1976 1943/2127/1973 1971/19/19 4/25/25
f 1226/2143/27 1970/2128/1974 15/21/21
f 1958/2132/1977 1957/2129/1975 1978/23/23 11/28/28
f 1945/2133/1978 1944/2130/1976 4/25/25 1972/30/30
f 1959/2134/1979 1958/2132/1977 11/28/28 12/32/32
f 1946/2135/1980 1945/2133/1978 1972/30/30 1973/34/34
f 1960/2136/1981 1959/2134/1979 12/32/32 13/36/36
f 1947/2137/1982 1946/2135/1980 1973/34/34 1974/38/38
f 1961/2138/1983 1960/2136/1981 13/36/36 1979/40/40
f 1948/2139/1984 1947/2137/1982 1974/38/38 1975/42/42
f 1962/2140/1985 1961/2138/1983 1979/40/40 1980/44/44
f 1949/2141/1986 1948/2139/1984 1975/42/42 1976/46/46
f 1963/2109/1956 1962/2140/1985 1980/44/44 1981/48/48
f 1950/2111/1958 1949/2141/1986 1976/46/46 5/50/50
f 1964/2110/1957 1963/2109/1956 1981/48/48 1982/52/52
f 1951/2112/1959 1950/2111/1958 5/50/50 6/54/54
f 1965/2113/1960 1964/2110/1957 1982/52/52 1983/56/56
f 1952/2114/1961 1951/2112/1959 6/54/54 7/58/58
