# Blender v3.6.0 OBJ File: 'AllModels.blend'
# www.blender.org
mtllib Prop_HologramMap1.mtl
o Prop_HologramMap1_Cube.084
v -1.578898 0.014092 0.792372
v -1.650064 0.014092 0.782049
v -1.710920 0.014092 0.753650
v -1.758499 0.014092 0.710074
v -1.788529 0.014092 0.656095
v -1.799401 0.014092 0.593223
v -1.650064 0.014092 -0.777347
v -1.578898 0.014092 -0.787914
v -1.710920 0.014092 -0.748948
v -1.758499 0.014092 -0.705373
v -1.788529 0.014092 -0.651393
v -1.799401 0.014092 -0.588521
v 1.788982 0.014092 -0.651562
v 1.805383 0.014092 -0.588877
v 1.758860 0.014092 -0.705468
v 1.710735 0.014092 -0.748255
v 1.653917 0.014092 -0.765521
v 1.603292 0.014092 -0.773335
v 1.649909 0.014092 0.793200
v 1.583230 0.014092 0.793200
v 1.710920 0.014092 0.753650
v 1.758501 0.014092 0.710074
v 1.788547 0.014092 0.656099
v 1.799307 0.014092 0.593832
v 1.011006 0.014092 0.666635
v 1.006867 0.014092 0.623239
v 1.545772 0.014092 0.793200
v -1.547508 0.014092 0.793200
v 1.503171 0.014092 0.793200
v 1.459123 0.014092 0.793200
v 1.414934 0.014092 0.793200
v 1.370741 0.014092 0.793200
v 1.326747 0.014092 0.793200
v 1.282722 0.014092 0.793200
v 1.237942 0.014092 0.793200
v 1.193641 0.014092 0.793200
v 1.149243 0.014092 0.793200
v 1.104875 0.014092 0.793200
v 1.060503 0.014092 0.793200
v 1.016187 0.014092 0.793200
v 0.971940 0.014092 0.793200
v 0.927407 0.014092 0.793200
v 0.883748 0.014092 0.793200
v 0.840293 0.014092 0.793200
v 0.796691 0.014092 0.793200
v 0.752731 0.014092 0.793200
v 0.708678 0.014092 0.793200
v 0.664347 0.014092 0.793200
v 0.620058 0.014092 0.793200
v 0.575580 0.014092 0.793200
v 0.530833 0.014092 0.793200
v 0.486606 0.014092 0.793200
v 0.442145 0.014092 0.793200
v 0.397844 0.014092 0.793200
v 0.352884 0.014092 0.793200
v 0.308599 0.014092 0.793200
v 0.264594 0.014092 0.793200
v 0.220346 0.014092 0.793200
v 0.176418 0.014092 0.793200
v 0.132531 0.014092 0.793200
v 0.088429 0.014092 0.793200
v 0.044214 0.014092 0.793200
v 0.000000 0.014092 0.793200
v -0.044215 0.014092 0.793200
v -0.088429 0.014092 0.793200
v -0.132644 0.014092 0.793200
v -0.176858 0.014092 0.793200
v -0.221073 0.014092 0.793200
v -0.265287 0.014092 0.793200
v -0.309502 0.014092 0.793200
v -0.353716 0.014092 0.793200
v -0.397931 0.014092 0.793200
v -0.442145 0.014092 0.793200
v -0.486360 0.014092 0.793200
v -0.530574 0.014092 0.793200
v -0.574787 0.014092 0.793200
v -0.618981 0.014092 0.793200
v -0.663168 0.014092 0.793200
v -0.707391 0.014092 0.793200
v -0.751630 0.014092 0.793200
v -0.795859 0.014092 0.793200
v -0.840076 0.014092 0.793200
v -0.884289 0.014092 0.793200
v -0.928510 0.014092 0.793200
v -0.972719 0.014092 0.793200
v -1.016871 0.014092 0.793200
v -1.060761 0.014092 0.793200
v -1.104798 0.014092 0.793200
v -1.149048 0.014092 0.793200
v -1.193456 0.014092 0.793200
v -1.237884 0.014092 0.793200
v -1.282208 0.014092 0.793200
v -1.326436 0.014092 0.793200
v -1.370650 0.014092 0.793200
v -1.414865 0.014092 0.793200
v -1.459079 0.014092 0.793200
v -1.503294 0.014092 0.793200
v -1.547508 0.014092 -0.787914
v 1.554924 0.014092 -0.778394
v -1.503294 0.014092 -0.787914
v -1.459079 0.014092 -0.787914
v -1.414865 0.014092 -0.787914
v -1.370650 0.014092 -0.787914
v -1.326436 0.014092 -0.787914
v -1.282221 0.014092 -0.787914
v -1.238007 0.014092 -0.787914
v -1.193792 0.014092 -0.787914
v -1.149577 0.014092 -0.787914
v -1.105363 0.014092 -0.787914
v -1.061148 0.014092 -0.787914
v -1.016934 0.014092 -0.787914
v -0.972719 0.014092 -0.787914
v -0.928505 0.014092 -0.787914
v -0.884290 0.014092 -0.787914
v -0.840076 0.014092 -0.787914
v -0.795861 0.014092 -0.787914
v -0.751647 0.014092 -0.787914
v -0.707432 0.014092 -0.787914
v -0.663294 0.014092 -0.787914
v -0.619005 0.014092 -0.787914
v -0.574788 0.014092 -0.787914
v -0.530569 0.014092 -0.787914
v -0.486352 0.014092 -0.787914
v -0.442139 0.014092 -0.787914
v -0.397930 0.014092 -0.787914
v -0.353716 0.014092 -0.787914
v -0.309502 0.014092 -0.787914
v -0.265287 0.014092 -0.787914
v -0.221072 0.014092 -0.787914
v -0.176858 0.014092 -0.787914
v -0.132644 0.014092 -0.787914
v -0.088429 0.014092 -0.787914
v -0.044214 0.014092 -0.787914
v 0.000000 0.014092 -0.787914
v 0.044215 0.014092 -0.787914
v 0.088429 0.014092 -0.787914
v 0.132644 0.014092 -0.787914
v 0.176714 0.014092 -0.787914
v 0.220864 0.014092 -0.787914
v 0.265287 0.014092 -0.787914
v 0.309502 0.014092 -0.787914
v 0.353716 0.014092 -0.787914
v 0.397931 0.014092 -0.787914
v 0.442145 0.014092 -0.787914
v 0.486361 0.014092 -0.787914
v 0.530591 0.014092 -0.787914
v 0.574839 0.014092 -0.787914
v 0.619107 0.014092 -0.787914
v 0.663406 0.014092 -0.787914
v 0.707729 0.014092 -0.787914
v 0.752069 0.014092 -0.787914
v 0.796419 0.014092 -0.787914
v 0.840774 0.014092 -0.787914
v 0.885128 0.014092 -0.787914
v 0.929474 0.014092 -0.787914
v 0.973809 0.014092 -0.787914
v 1.018127 0.014092 -0.787914
v 1.062426 0.014092 -0.787914
v 1.106732 0.014092 -0.787693
v 1.151044 0.014092 -0.787248
v 1.195324 0.014092 -0.786849
v 1.239523 0.014092 -0.786736
v 1.283680 0.014092 -0.786729
v 1.327899 0.014092 -0.786585
v 1.372251 0.014092 -0.786213
v 1.416781 0.014092 -0.785574
v 1.462061 0.014092 -0.784038
v 1.508022 0.014092 -0.781744
v 0.999610 0.053252 0.577517
v 1.059631 0.014092 0.747805
v 1.058197 0.014092 0.704187
v 1.056267 0.014092 0.661519
v 1.052933 0.014092 0.616425
v 1.045284 0.031412 0.568110
v 1.104194 0.014092 0.748282
v 1.103907 0.014092 0.707196
v 1.103041 0.014092 0.664893
v 1.099751 0.014092 0.617583
v 1.091312 0.033250 0.564432
v 1.149076 0.014092 0.750102
v 1.151097 0.014092 0.714960
v 1.150416 0.014092 0.672346
v 1.146182 0.014092 0.620857
v 1.137087 0.043076 0.563684
v 1.194145 0.014092 0.753292
v 1.196393 0.014092 0.718256
v 1.196233 0.036760 0.676761
v 1.192338 0.044684 0.624096
v 1.183603 0.053716 0.565558
v 1.238328 0.014092 0.753465
v 1.241637 0.014092 0.720197
v 1.243364 0.048483 0.681806
v 1.240677 0.061359 0.630499
v 1.233009 0.070078 0.572507
v 1.284316 0.014092 0.756005
v 1.288505 0.039847 0.724534
v 1.292212 0.061149 0.686424
v 1.291478 0.080123 0.638848
v 1.284755 0.089502 0.583581
v 1.329638 0.014092 0.758313
v 1.332173 0.036901 0.724385
v 1.337216 0.064283 0.687985
v 1.338806 0.089480 0.644292
v 1.333488 0.101034 0.593562
v 1.372359 0.014092 0.757202
v 1.376606 0.039011 0.724168
v 1.382316 0.068846 0.688334
v 1.383417 0.090737 0.646583
v 1.379306 0.103050 0.600074
v 1.416549 0.014092 0.757354
v 1.422212 0.042836 0.724254
v 1.427175 0.066755 0.688239
v 1.427646 0.085374 0.647768
v 1.424045 0.098092 0.604329
v 1.461150 0.014092 0.757460
v 1.467956 0.038115 0.724804
v 1.474293 0.057972 0.689089
v 1.473571 0.075568 0.648859
v 1.468757 0.089010 0.607599
v -1.503955 0.014092 0.607925
v -1.503553 0.014092 0.644437
v -1.503311 0.014092 0.681172
v -1.503294 0.014092 0.718223
v -1.503294 0.014092 0.755298
v 1.505727 0.014092 0.759029
v 1.517134 0.014092 0.729788
v 1.529732 0.046160 0.694069
v 1.523661 0.064307 0.649975
v 1.513414 0.078656 0.610526
v 1.549449 0.014092 0.767311
v 1.575772 0.014092 0.750589
v 1.609319 0.031620 0.710703
v 1.580160 0.053938 0.647245
v 1.555322 0.068180 0.612644
v -1.548180 0.014092 0.607938
v -1.547777 0.014092 0.644450
v -1.547528 0.014092 0.681176
v -1.547508 0.014092 0.718223
v -1.547508 0.014092 0.755298
v -1.799401 0.014092 0.569924
v -1.799401 0.014092 -0.565223
v -1.799401 0.014092 0.526265
v -1.799401 0.014092 0.482605
v -1.799401 0.014092 0.438946
v -1.799401 0.014092 0.395286
v -1.799401 0.014092 0.351627
v -1.799401 0.014092 0.307967
v -1.799401 0.014092 0.264308
v -1.799401 0.014092 0.220648
v -1.799401 0.014092 0.176989
v -1.799401 0.014092 0.133329
v -1.799401 0.014092 0.089669
v -1.799401 0.014092 0.046010
v -1.799401 0.014092 0.002351
v -1.799401 0.014092 -0.041309
v -1.799401 0.014092 -0.084968
v -1.799401 0.014092 -0.128628
v -1.799401 0.014092 -0.172287
v -1.799401 0.014092 -0.215947
v -1.799401 0.014092 -0.259606
v -1.799401 0.014092 -0.303266
v -1.799401 0.014092 -0.346925
v -1.799401 0.014092 -0.390585
v -1.799401 0.014092 -0.434245
v -1.799401 0.014092 -0.477904
v -1.799401 0.014092 -0.521564
v 1.805383 0.014092 -0.565678
v 1.799824 0.014092 0.568662
v 1.805383 0.014092 -0.522220
v 1.805383 0.014092 -0.478777
v 1.805383 0.014092 -0.435351
v 1.805383 0.014092 -0.391901
v 1.805383 0.014092 -0.348451
v 1.805383 0.014092 -0.304961
v 1.805383 0.014092 -0.261459
v 1.805382 0.014092 -0.217862
v 1.805379 0.014092 -0.173946
v 1.805375 0.014092 -0.129756
v 1.805374 0.014092 -0.085428
v 1.805374 0.014092 -0.041111
v 1.805377 0.014092 0.003057
v 1.805380 0.014092 0.046975
v 1.805382 0.014092 0.090593
v 1.805383 0.014092 0.133913
v 1.805383 0.014092 0.177021
v 1.805383 0.014092 0.220140
v 1.805383 0.014092 0.263518
v 1.805383 0.014092 0.307171
v 1.805383 0.014092 0.350960
v 1.805382 0.014092 0.394791
v 1.805366 0.014092 0.438621
v 1.805242 0.014092 0.482427
v 1.804425 0.014092 0.526143
v 1.547623 0.076291 0.583613
v 1.557192 0.095597 -0.588541
v 1.547384 0.084470 0.539968
v 1.548554 0.093634 0.492622
v 1.550344 0.102867 0.446057
v 1.552311 0.112129 0.401397
v 1.554013 0.121463 0.358394
v 1.555194 0.130690 0.316024
v 1.555893 0.139253 0.273345
v 1.556307 0.146369 0.230082
v 1.556937 0.151890 0.186286
v 1.558242 0.156060 0.141982
v 1.560317 0.159026 0.097101
v 1.563061 0.161190 0.051547
v 1.566130 0.163182 0.005318
v 1.568997 0.165628 -0.041419
v 1.571182 0.168729 -0.088384
v 1.572519 0.172073 -0.135317
v 1.573102 0.175012 -0.181969
v 1.573120 0.177002 -0.228183
v 1.572740 0.177542 -0.273919
v 1.571998 0.175899 -0.319200
v 1.570718 0.171085 -0.364110
v 1.568577 0.162187 -0.408888
v 1.565430 0.148974 -0.453993
v 1.561707 0.132204 -0.499874
v 1.558428 0.113589 -0.545996
v -1.547508 0.014092 -0.565223
v -1.548756 0.041371 0.571415
v -1.547508 0.014092 -0.521563
v -1.547508 0.014092 -0.477904
v -1.547508 0.014092 -0.434244
v -1.547508 0.014092 -0.390585
v -1.547508 0.014092 -0.346925
v -1.547508 0.014092 -0.303266
v -1.547527 0.014092 -0.259599
v -1.547593 0.056699 -0.215908
v -1.547650 0.100371 -0.172017
v -1.547380 0.124273 -0.127118
v -1.546491 0.124839 -0.081346
v -1.544987 0.110724 -0.035730
v -1.543480 0.100541 0.008686
v -1.542728 0.097405 0.051413
v -1.541944 0.091407 0.092660
v -1.541760 0.092249 0.133637
v -1.542578 0.107368 0.175584
v -1.543665 0.124469 0.218807
v -1.545249 0.134180 0.263019
v -1.547239 0.133999 0.307687
v -1.549363 0.127943 0.352162
v -1.550742 0.115787 0.396221
v -1.551154 0.102029 0.440335
v -1.550627 0.085717 0.484365
v -1.549676 0.065565 0.528110
v 1.507232 0.088959 0.572430
v 1.518763 0.107902 -0.580007
v 1.504535 0.096885 0.530283
v 1.503796 0.105625 0.486204
v 1.504160 0.114213 0.442451
v 1.505016 0.123008 0.399943
v 1.505830 0.132500 0.358487
v 1.506091 0.142628 0.317127
v 1.505644 0.152197 0.275115
v 1.505047 0.160133 0.232393
v 1.505208 0.166261 0.189116
v 1.506577 0.170360 0.145288
v 1.509220 0.172358 0.100734
v 1.512995 0.172765 0.055214
v 1.517415 0.172731 0.008631
v 1.521703 0.173817 -0.038782
v 1.524966 0.176698 -0.086511
v 1.527046 0.180545 -0.134228
v 1.528216 0.184130 -0.181515
v 1.528794 0.186786 -0.228153
v 1.529039 0.188156 -0.274181
v 1.529010 0.187580 -0.319708
v 1.528483 0.183950 -0.364786
v 1.527069 0.176132 -0.409441
v 1.524593 0.163650 -0.453693
v 1.521515 0.147059 -0.497435
v 1.519003 0.127847 -0.540061
v 1.463564 0.098573 0.565755
v 1.477016 0.117576 -0.576442
v 1.459628 0.106752 0.522893
v 1.456962 0.114015 0.479974
v 1.455362 0.120807 0.438145
v 1.454532 0.128019 0.397775
v 1.454010 0.137025 0.358234
v 1.452957 0.148633 0.318206
v 1.451118 0.160733 0.277068
v 1.449563 0.171363 0.235103
v 1.449257 0.179262 0.192632
v 1.450716 0.183620 0.149666
v 1.454123 0.184242 0.105837
v 1.459280 0.181666 0.060595
v 1.465754 0.177994 0.013519
v 1.472439 0.176965 -0.035075
v 1.477175 0.180307 -0.083948
v 1.480072 0.185676 -0.132934
v 1.481865 0.190281 -0.181127
v 1.483021 0.193495 -0.228154
v 1.483986 0.195637 -0.274323
v 1.484885 0.196350 -0.319981
v 1.485412 0.194354 -0.365195
v 1.485024 0.188083 -0.409829
v 1.483369 0.176561 -0.453627
v 1.480751 0.159997 -0.496257
v 1.478192 0.139700 -0.537327
v 1.418381 0.106528 0.559739
v 1.433867 0.125741 -0.574932
v 1.412458 0.112540 0.515397
v 1.407016 0.116978 0.472659
v 1.402469 0.120412 0.432486
v 1.398994 0.124474 0.394607
v 1.396224 0.131130 0.357660
v 1.393240 0.144984 0.319423
v 1.389966 0.163490 0.279283
v 1.387511 0.180063 0.238207
v 1.386720 0.191395 0.196903
v 1.388240 0.196470 0.155488
v 1.392371 0.195005 0.113253
v 1.399140 0.187426 0.068994
v 1.408696 0.176864 0.021273
v 1.420223 0.172476 -0.029809
v 1.426896 0.178763 -0.080217
v 1.430598 0.188370 -0.131618
v 1.433262 0.194348 -0.181256
v 1.435095 0.197275 -0.228436
v 1.436994 0.199705 -0.274379
v 1.439229 0.201871 -0.319985
v 1.441293 0.202065 -0.365331
v 1.442357 0.198042 -0.410136
v 1.441757 0.188065 -0.453936
v 1.439511 0.171746 -0.496192
v 1.436474 0.150227 -0.536520
v 1.371690 0.109112 0.552184
v 1.390336 0.132919 -0.574782
v 1.362315 0.111536 0.505560
v 1.352630 0.112291 0.462640
v 1.343228 0.111512 0.424589
v 1.334236 0.114642 0.389703
v 1.326558 0.126311 0.354863
v 1.320622 0.146642 0.318858
v 1.315854 0.170807 0.280667
v 1.311992 0.192259 0.241049
v 1.309282 0.205414 0.201840
v 1.309259 0.209484 0.163858
v 1.313311 0.203882 0.125561
v 1.322046 0.187870 0.084408
v 1.336475 0.164493 0.036340
v 1.361330 0.155619 -0.021694
v 1.369953 0.172665 -0.073037
v 1.374829 0.193410 -0.130599
v 1.380221 0.199631 -0.182980
v 1.383303 0.198791 -0.229377
v 1.386774 0.200020 -0.274252
v 1.391284 0.203767 -0.319607
v 1.395778 0.206738 -0.365086
v 1.398987 0.205829 -0.410231
v 1.399864 0.198374 -0.454479
v 1.398092 0.182954 -0.496995
v 1.394421 0.160249 -0.537087
v 1.322717 0.102944 0.541348
v 1.346730 0.139398 -0.575744
v 1.308645 0.101869 0.492215
v 1.294336 0.106343 0.449866
v 1.281461 0.119688 0.412409
v 1.269329 0.137476 0.376452
v 1.257314 0.157755 0.340170
v 1.245242 0.180723 0.302827
v 1.232968 0.204497 0.264483
v 1.220951 0.224170 0.225980
v 1.210177 0.235855 0.189425
v 1.202419 0.240577 0.156297
v 1.199830 0.241530 0.125779
v 1.203242 0.237813 0.096070
v 1.215178 0.226714 0.063651
v 1.235976 0.209298 0.021875
v 1.255689 0.202429 -0.039181
v 1.283574 0.237412 -0.128578
v 1.312160 0.225262 -0.189202
v 1.321667 0.204650 -0.231619
v 1.329994 0.198872 -0.273635
v 1.339640 0.203607 -0.318914
v 1.348233 0.207168 -0.364490
v 1.354851 0.211517 -0.409957
v 1.357806 0.207679 -0.454970
v 1.356737 0.194366 -0.498413
v 1.352296 0.170642 -0.538779
v 1.270892 0.088818 0.527862
v 1.302808 0.146160 -0.577720
v 1.254339 0.095587 0.478684
v 1.238220 0.113911 0.435927
v 1.222279 0.136844 0.396208
v 1.206155 0.160373 0.357820
v 1.189855 0.185274 0.320241
v 1.173702 0.213458 0.283435
v 1.158150 0.241873 0.247143
v 1.143744 0.261968 0.210724
v 1.131606 0.273644 0.176528
v 1.123342 0.283632 0.146673
v 1.121260 0.294489 0.120334
v 1.124467 0.301014 0.097039
v 1.132390 0.304053 0.072748
v 1.146621 0.300927 0.043214
v 1.164565 0.295034 0.000950
v 1.186692 0.299360 -0.070777
v 1.217239 0.345331 -0.180348
v 1.246287 0.315518 -0.241781
v 1.265217 0.254921 -0.279795
v 1.284493 0.229011 -0.322112
v 1.298425 0.210578 -0.365324
v 1.308898 0.205429 -0.409301
v 1.315114 0.212236 -0.455140
v 1.315537 0.207831 -0.500356
v 1.309897 0.183508 -0.541547
v 1.218920 0.077122 0.516278
v 1.258271 0.156191 -0.580816
v 1.202020 0.095545 0.466366
v 1.184045 0.121698 0.421537
v 1.165712 0.150729 0.380253
v 1.147622 0.182434 0.341976
v 1.130401 0.217625 0.306492
v 1.114636 0.254430 0.272723
v 1.102967 0.297332 0.241074
v 1.099708 0.359466 0.213778
v 1.091520 0.384678 0.181145
v 1.082029 0.381129 0.147985
v 1.077774 0.383494 0.120978
v 1.078254 0.385872 0.097815
v 1.082137 0.380969 0.075303
v 1.090592 0.376665 0.051397
v 1.103880 0.379004 0.021180
v 1.120132 0.381067 -0.028799
v 1.137013 0.380508 -0.119235
v 1.169086 0.344844 -0.236759
v 1.203057 0.302869 -0.287172
v 1.225587 0.250254 -0.333243
v 1.246944 0.230299 -0.375160
v 1.263302 0.220072 -0.413768
v 1.269886 0.209949 -0.456614
v 1.273820 0.229796 -0.503647
v 1.266414 0.204311 -0.545596
v 1.169433 0.070470 0.508724
v 1.212253 0.162753 -0.583229
v 1.151846 0.096286 0.457189
v 1.132875 0.129298 0.411093
v 1.114008 0.167282 0.370224
v 1.096423 0.209942 0.334211
v 1.085755 0.278157 0.306605
v 1.079996 0.360355 0.281824
v 1.071770 0.411207 0.250000
v 1.065569 0.451605 0.216830
v 1.058264 0.494376 0.186465
v 1.054971 0.501991 0.155118
v 1.052379 0.516192 0.126680
v 1.051296 0.530432 0.101505
v 1.048770 0.481351 0.074812
v 1.052867 0.442268 0.052975
v 1.062234 0.440171 0.027481
v 1.076349 0.445140 -0.009840
v 1.089203 0.429108 -0.083711
v 1.118019 0.425452 -0.215083
v 1.141551 0.340396 -0.291604
v 1.169919 0.285996 -0.344453
v 1.191842 0.251127 -0.391704
v 1.211733 0.234532 -0.426002
v 1.222302 0.229827 -0.464007
v 1.228318 0.269753 -0.512474
v 1.220314 0.223199 -0.548997
v 1.122350 0.067211 0.506313
v 1.160705 0.115751 -0.574974
v 1.104324 0.100552 0.453541
v 1.085439 0.141715 0.407298
v 1.069806 0.201588 0.370461
v 1.064472 0.303590 0.346750
v 1.051793 0.361950 0.315764
v 1.043337 0.447759 0.291453
v 1.037838 0.495744 0.257182
v 1.030795 0.513728 0.217193
v 1.023469 0.537874 0.183104
v 1.026939 0.629988 0.153128
v 1.025145 0.633665 0.123967
v 1.023403 0.624506 0.098141
v 1.024234 0.587718 0.075529
v 1.026752 0.546396 0.053296
v 1.031487 0.511369 0.026401
v 1.042452 0.501250 -0.008085
v 1.059599 0.502555 -0.071521
v 1.074708 0.491315 -0.198780
v 1.092554 0.410937 -0.292301
v 1.116985 0.342550 -0.344712
v 1.139087 0.287436 -0.389223
v 1.159872 0.267455 -0.436586
v 1.170598 0.249125 -0.471076
v 1.175233 0.243307 -0.507858
v 1.168112 0.185465 -0.542749
v 1.076879 0.068141 0.508761
v 1.115376 0.102359 -0.573744
v 1.059280 0.110313 0.456192
v 1.044513 0.175462 0.414157
v 1.036287 0.270583 0.384045
v 1.024616 0.346304 0.353009
v 1.017807 0.483428 0.336886
v 1.010647 0.546372 0.305787
v 1.005137 0.583271 0.268829
v 1.001477 0.607979 0.226951
v 0.998655 0.682883 0.191150
v 0.996121 0.689091 0.154679
v 0.993942 0.707697 0.124366
v 0.993047 0.699986 0.096117
v 0.994548 0.657532 0.069423
v 0.998207 0.619675 0.045365
v 1.004478 0.590204 0.019044
v 1.013228 0.550825 -0.017638
v 1.025797 0.538476 -0.082006
v 1.044659 0.561024 -0.202678
v 1.049480 0.479141 -0.300908
v 1.074149 0.406271 -0.350521
v 1.091678 0.330480 -0.393804
v 1.108681 0.295412 -0.435102
v 1.118778 0.268273 -0.472627
v 1.120710 0.209743 -0.505373
v 1.116925 0.136440 -0.536264
v 1.032147 0.076439 0.515637
v 1.068980 0.081089 -0.572305
v 1.016163 0.127087 0.464633
v 1.007150 0.220076 0.428157
v 0.995918 0.298122 0.392645
v 0.990902 0.459465 0.378754
v 0.981848 0.521949 0.344778
v 0.975175 0.566092 0.308748
v 0.971519 0.634783 0.271512
v 0.962067 0.693522 0.229179
v 0.964037 0.759320 0.189596
v 0.964431 0.784897 0.154188
v 0.962523 0.756760 0.116387
v 0.962330 0.751012 0.086438
v 0.964428 0.743649 0.059623
v 0.968964 0.731647 0.031234
v 0.976126 0.701677 -0.000691
v 0.985212 0.628630 -0.040445
v 0.995328 0.606969 -0.110153
v 1.003977 0.574517 -0.229274
v 1.017473 0.528505 -0.312596
v 1.032311 0.429017 -0.360041
v 1.048346 0.381723 -0.402913
v 1.061394 0.336364 -0.440810
v 1.068242 0.248731 -0.467609
v 1.069009 0.179085 -0.500848
v 1.067975 0.121453 -0.535772
v 0.988247 0.098425 0.527194
v 1.019323 0.073451 -0.570356
v 0.975467 0.158057 0.478860
v 0.965685 0.265314 0.445435
v 0.960572 0.416832 0.424757
v 0.952474 0.477103 0.386095
v 0.945542 0.530674 0.348057
v 0.940200 0.645450 0.316199
v 0.934140 0.725322 0.277453
v 0.923641 0.729912 0.227748
v 0.928620 0.789760 0.187728
v 0.932376 0.812700 0.154773
v 0.927834 0.776623 0.110117
v 0.928633 0.769316 0.075375
v 0.931633 0.764248 0.044469
v 0.937521 0.759408 0.011692
v 0.945263 0.749793 -0.026699
v 0.953374 0.729131 -0.078877
v 0.959365 0.645609 -0.159764
v 0.966347 0.581425 -0.260171
v 0.981408 0.514153 -0.316422
v 0.998202 0.440669 -0.365889
v 1.003541 0.364847 -0.404204
v 1.008083 0.297550 -0.439420
v 1.014359 0.221131 -0.469598
v 1.018652 0.160603 -0.500100
v 1.019323 0.112261 -0.534291
v 0.945918 0.128232 0.540991
v 0.969813 0.076130 -0.573535
v 0.933914 0.183255 0.492418
v 0.926138 0.331751 0.469153
v 0.920918 0.420529 0.432154
v 0.914755 0.488020 0.392674
v 0.909090 0.621531 0.360044
v 0.901917 0.725879 0.325653
v 0.896196 0.739426 0.277849
v 0.894980 0.715009 0.229447
v 0.899197 0.800333 0.190281
v 0.893497 0.822038 0.148958
v 0.891677 0.806520 0.104616
v 0.889868 0.779583 0.062584
v 0.893059 0.779034 0.025665
v 0.899101 0.772404 -0.014897
v 0.905689 0.768220 -0.063075
v 0.912042 0.751635 -0.129426
v 0.917261 0.629155 -0.213000
v 0.930430 0.578481 -0.274905
v 0.946250 0.529739 -0.322787
v 0.959226 0.427729 -0.368518
v 0.959150 0.348591 -0.408316
v 0.957397 0.294581 -0.446104
v 0.957216 0.220483 -0.475770
v 0.965140 0.159115 -0.506642
v 0.966928 0.104322 -0.541325
v 0.905077 0.155759 0.553841
v 0.917626 0.083916 -0.585674
v 0.895189 0.230532 0.511452
v 0.887221 0.340713 0.477594
v 0.881652 0.432107 0.440636
v 0.873569 0.570641 0.406630
v 0.869628 0.696254 0.372008
v 0.863451 0.714851 0.326838
v 0.863261 0.726290 0.282511
v 0.865265 0.714770 0.237586
v 0.858405 0.795677 0.195658
v 0.853021 0.786368 0.146624
v 0.847722 0.790861 0.094953
v 0.844438 0.795572 0.045153
v 0.846976 0.793525 -0.000685
v 0.852005 0.788168 -0.050983
v 0.859148 0.773544 -0.110291
v 0.866948 0.750219 -0.180621
v 0.881150 0.696205 -0.241017
v 0.896425 0.667494 -0.287423
v 0.904917 0.536713 -0.324454
v 0.915237 0.431311 -0.368895
v 0.913135 0.339691 -0.409315
v 0.906287 0.288692 -0.448603
v 0.905348 0.247488 -0.485252
v 0.906541 0.210971 -0.521951
v 0.916291 0.118851 -0.550234
v 0.864983 0.179382 0.565226
v 0.868876 0.107701 -0.594498
v 0.856706 0.237671 0.519303
v 0.848359 0.345708 0.484672
v 0.841442 0.526398 0.458196
v 0.833894 0.621105 0.418134
v 0.833385 0.691687 0.378139
v 0.832920 0.702989 0.330743
v 0.831545 0.715211 0.288337
v 0.821897 0.759154 0.247373
v 0.815066 0.778480 0.198633
v 0.808770 0.785951 0.143549
v 0.798827 0.802950 0.083556
v 0.796448 0.809287 0.026637
v 0.797436 0.805892 -0.030568
v 0.803683 0.792153 -0.090801
v 0.815050 0.775832 -0.152522
v 0.830291 0.749707 -0.207053
v 0.845535 0.723004 -0.253845
v 0.857680 0.683771 -0.294551
v 0.863750 0.597806 -0.336261
v 0.868062 0.491229 -0.378067
v 0.862316 0.383052 -0.418638
v 0.852268 0.321239 -0.453782
v 0.854525 0.257598 -0.485023
v 0.857232 0.224049 -0.522756
v 0.859577 0.191591 -0.563573
v 0.824944 0.197588 0.575275
v 0.823126 0.172810 -0.596584
v 0.818693 0.258810 0.529210
v 0.803179 0.455033 0.501042
v 0.791664 0.518028 0.448762
v 0.801172 0.586798 0.414249
v 0.798392 0.625894 0.376785
v 0.787792 0.695423 0.339703
v 0.783415 0.730836 0.295143
v 0.779189 0.758325 0.250425
v 0.772443 0.776023 0.199313
v 0.763515 0.789405 0.140306
v 0.753325 0.814355 0.075658
v 0.749068 0.818330 0.010963
v 0.751511 0.809286 -0.051777
v 0.761595 0.796754 -0.112819
v 0.777548 0.780055 -0.167198
v 0.793189 0.754702 -0.213343
v 0.805076 0.745693 -0.256215
v 0.812319 0.702782 -0.302953
v 0.817677 0.668810 -0.349599
v 0.818469 0.548209 -0.386195
v 0.820533 0.460630 -0.431512
v 0.810223 0.373048 -0.455176
v 0.806944 0.316844 -0.488250
v 0.811737 0.277887 -0.525163
v 0.816541 0.214625 -0.557544
v 0.784220 0.210183 0.583779
v 0.782687 0.228112 -0.596302
v 0.779575 0.299087 0.541947
v 0.766115 0.466469 0.499223
v 0.767793 0.506990 0.452121
v 0.768290 0.555673 0.420420
v 0.759197 0.630167 0.384186
v 0.750856 0.682606 0.342198
v 0.743001 0.708033 0.299438
v 0.735115 0.741115 0.249884
v 0.729858 0.770788 0.197744
v 0.718140 0.789368 0.140209
v 0.707270 0.811963 0.074088
v 0.709565 0.815593 0.008449
v 0.711441 0.811597 -0.052714
v 0.719783 0.803331 -0.112534
v 0.734521 0.791021 -0.164285
v 0.747710 0.784824 -0.211479
v 0.758952 0.764378 -0.254472
v 0.762118 0.743148 -0.301363
v 0.763515 0.710758 -0.347347
v 0.769265 0.660239 -0.394319
v 0.773150 0.542417 -0.428520
v 0.775708 0.486369 -0.466040
v 0.768779 0.386067 -0.489575
v 0.768754 0.322220 -0.517805
v 0.774807 0.280628 -0.556599
v 0.741506 0.230575 0.591710
v 0.737967 0.256429 -0.593534
v 0.733720 0.393838 0.560617
v 0.728994 0.479399 0.518531
v 0.732070 0.528024 0.471785
v 0.733306 0.565527 0.427009
v 0.722455 0.621407 0.390237
v 0.711398 0.660948 0.345547
v 0.692589 0.682242 0.292499
v 0.694466 0.695358 0.241968
v 0.690687 0.721833 0.193996
v 0.671769 0.712270 0.143094
v 0.674095 0.654443 0.080178
v 0.669707 0.718854 0.021838
v 0.665887 0.781093 -0.042347
v 0.670670 0.748214 -0.099817
v 0.682612 0.802436 -0.150456
v 0.695812 0.807574 -0.194450
v 0.703009 0.809556 -0.241171
v 0.706957 0.797227 -0.278823
v 0.705721 0.770075 -0.327303
v 0.714616 0.719745 -0.381993
v 0.720462 0.658783 -0.422042
v 0.726340 0.581837 -0.467256
v 0.727121 0.496413 -0.498612
v 0.726744 0.398620 -0.527297
v 0.735299 0.312248 -0.557883
v 0.695758 0.267753 0.600371
v 0.694899 0.244617 -0.586537
v 0.687030 0.419988 0.568806
v 0.689176 0.469013 0.521439
v 0.689816 0.512727 0.475199
v 0.689106 0.562960 0.435171
v 0.677664 0.603418 0.390678
v 0.662287 0.637359 0.341092
v 0.663171 0.625357 0.292320
v 0.667494 0.624361 0.243425
v 0.655634 0.604021 0.196406
v 0.645292 0.528611 0.141988
v 0.638482 0.575523 0.093380
v 0.629902 0.644045 0.040794
v 0.626599 0.685002 -0.022564
v 0.636867 0.681514 -0.082571
v 0.634658 0.778641 -0.125518
v 0.642874 0.802994 -0.168454
v 0.652899 0.808151 -0.208944
v 0.657563 0.796195 -0.258254
v 0.657764 0.776403 -0.312694
v 0.661127 0.755588 -0.352166
v 0.667274 0.707265 -0.406313
v 0.669017 0.646561 -0.447367
v 0.677736 0.541112 -0.489635
v 0.681558 0.461340 -0.527822
v 0.691494 0.334634 -0.555950
v 0.646047 0.337859 0.612270
v 0.655091 0.220605 -0.579062
v 0.643214 0.392051 0.563110
v 0.645888 0.447447 0.523808
v 0.646604 0.491516 0.476079
v 0.642321 0.531707 0.432804
v 0.626589 0.573432 0.387820
v 0.622340 0.584238 0.341731
v 0.636904 0.551319 0.293509
v 0.630390 0.547756 0.243467
v 0.618642 0.476768 0.189061
v 0.613977 0.483373 0.148684
v 0.609728 0.513744 0.102473
v 0.602754 0.574999 0.054121
v 0.596678 0.632448 -0.003885
v 0.604098 0.641126 -0.060596
v 0.595547 0.730862 -0.104809
v 0.599149 0.775186 -0.149171
v 0.607510 0.790009 -0.189446
v 0.616071 0.788698 -0.238557
v 0.618969 0.771117 -0.286241
v 0.619375 0.743463 -0.341726
v 0.621032 0.718134 -0.385797
v 0.624145 0.680949 -0.426604
v 0.631978 0.573340 -0.475351
v 0.635774 0.481199 -0.515065
v 0.643170 0.386760 -0.558635
v 0.599227 0.344375 0.615601
v 0.617294 0.194199 -0.571139
v 0.601423 0.383102 0.569648
v 0.606252 0.378428 0.516035
v 0.598934 0.460630 0.478800
v 0.593397 0.472969 0.429117
v 0.581825 0.536366 0.390959
v 0.594842 0.485057 0.345234
v 0.596283 0.476719 0.291814
v 0.588327 0.462373 0.237940
v 0.580632 0.459310 0.193481
v 0.579629 0.448232 0.154136
v 0.579179 0.453845 0.109422
v 0.577447 0.487858 0.061603
v 0.571702 0.540936 0.010482
v 0.570129 0.599951 -0.043786
v 0.558824 0.674403 -0.090670
v 0.557994 0.740200 -0.137127
v 0.562759 0.768680 -0.183001
v 0.569899 0.768534 -0.228895
v 0.576807 0.758114 -0.275080
v 0.583664 0.740610 -0.330756
v 0.583280 0.726128 -0.372249
v 0.581693 0.712067 -0.413298
v 0.585351 0.653066 -0.453324
v 0.594059 0.500499 -0.510665
v 0.603406 0.384657 -0.552698
v 0.552936 0.336705 0.614203
v 0.576036 0.178644 -0.566656
v 0.553509 0.363238 0.570050
v 0.553864 0.393402 0.523964
v 0.551731 0.435618 0.477122
v 0.549493 0.475249 0.431324
v 0.549380 0.487545 0.399674
v 0.550801 0.454564 0.348016
v 0.550510 0.429705 0.289572
v 0.539181 0.446823 0.238893
v 0.538523 0.439101 0.195339
v 0.539747 0.427601 0.155145
v 0.541030 0.420780 0.111953
v 0.545125 0.419632 0.064471
v 0.544020 0.452931 0.014549
v 0.530220 0.548321 -0.034973
v 0.526792 0.608432 -0.083667
v 0.523792 0.683920 -0.130299
v 0.524960 0.747086 -0.180477
v 0.531981 0.748315 -0.224992
v 0.538640 0.742750 -0.269868
v 0.546414 0.717992 -0.323480
v 0.551892 0.675769 -0.361608
v 0.552005 0.642777 -0.399119
v 0.549300 0.625931 -0.435119
v 0.553033 0.510629 -0.501641
v 0.562330 0.372653 -0.546112
v 0.508000 0.315803 0.610045
v 0.526257 0.247517 -0.571300
v 0.506585 0.338939 0.567558
v 0.501698 0.389281 0.525158
v 0.501190 0.426370 0.479399
v 0.505894 0.445225 0.437798
v 0.509405 0.459424 0.400133
v 0.504178 0.450364 0.344089
v 0.493131 0.442699 0.291534
v 0.495339 0.415995 0.240096
v 0.493981 0.410900 0.196074
v 0.495730 0.407934 0.154386
v 0.499522 0.397507 0.110889
v 0.508650 0.366301 0.064099
v 0.508756 0.392391 0.015210
v 0.497473 0.481719 -0.033281
v 0.496326 0.524720 -0.080899
v 0.488629 0.629909 -0.127123
v 0.488090 0.702356 -0.177287
v 0.499454 0.692490 -0.225547
v 0.509885 0.660375 -0.270359
v 0.517400 0.624534 -0.317809
v 0.517148 0.603331 -0.357862
v 0.511364 0.566677 -0.390978
v 0.508776 0.558441 -0.426079
v 0.509981 0.558861 -0.479435
v 0.520153 0.380343 -0.539670
v 0.465497 0.285461 0.605854
v 0.472625 0.370606 -0.577410
v 0.462200 0.313587 0.564111
v 0.459224 0.344470 0.521381
v 0.454342 0.388542 0.478522
v 0.455936 0.414742 0.434700
v 0.453697 0.425694 0.388325
v 0.448282 0.425176 0.339421
v 0.450477 0.391495 0.287885
v 0.448656 0.384275 0.240015
v 0.451245 0.374262 0.195164
v 0.452165 0.375824 0.152259
v 0.468227 0.315727 0.107358
v 0.470064 0.319387 0.061402
v 0.465069 0.371939 0.013495
v 0.459494 0.427814 -0.034209
v 0.461613 0.457738 -0.081172
v 0.456040 0.559224 -0.124587
v 0.456024 0.614020 -0.174526
v 0.466977 0.553938 -0.225600
v 0.472296 0.498573 -0.272386
v 0.473217 0.510761 -0.314042
v 0.474529 0.526877 -0.354095
v 0.472769 0.535618 -0.389031
v 0.470530 0.539379 -0.426014
v 0.468540 0.542461 -0.462416
v 0.475201 0.436325 -0.533606
v 0.423116 0.238530 0.599364
v 0.425537 0.436470 -0.578033
v 0.421464 0.270784 0.558401
v 0.418647 0.299745 0.516861
v 0.413920 0.341489 0.475659
v 0.410744 0.377539 0.431593
v 0.407524 0.383839 0.385256
v 0.406277 0.370082 0.335880
v 0.403174 0.342542 0.287404
v 0.405838 0.336006 0.240310
v 0.412250 0.328623 0.194369
v 0.419888 0.308309 0.148629
v 0.426972 0.275143 0.103611
v 0.428424 0.277004 0.057243
v 0.421668 0.331139 0.009897
v 0.423147 0.357704 -0.037586
v 0.429648 0.375136 -0.088269
v 0.433185 0.440716 -0.135386
v 0.425693 0.452136 -0.189907
v 0.426252 0.453783 -0.228551
v 0.429624 0.488946 -0.270154
v 0.432512 0.504612 -0.312322
v 0.434880 0.516734 -0.354047
v 0.433606 0.542984 -0.389383
v 0.428680 0.555457 -0.424542
v 0.426302 0.561027 -0.461655
v 0.429864 0.536189 -0.529118
v 0.383705 0.187621 0.592324
v 0.379640 0.514926 -0.585391
v 0.380493 0.222554 0.552542
v 0.378174 0.254856 0.511897
v 0.375146 0.287280 0.470419
v 0.372105 0.317417 0.427561
v 0.373026 0.306906 0.379992
v 0.368944 0.300061 0.332327
v 0.368261 0.285087 0.285761
v 0.371782 0.265446 0.240215
v 0.377645 0.249613 0.194688
v 0.384554 0.236170 0.148477
v 0.386516 0.237202 0.100352
v 0.383667 0.246170 0.053180
v 0.386638 0.249966 0.004359
v 0.397634 0.238712 -0.049363
v 0.401157 0.266338 -0.096516
v 0.401025 0.326348 -0.141981
v 0.383562 0.376230 -0.197320
v 0.388809 0.431619 -0.230314
v 0.389195 0.481702 -0.271128
v 0.390792 0.505476 -0.310336
v 0.388899 0.516610 -0.351226
v 0.385567 0.565049 -0.391158
v 0.380629 0.583665 -0.434348
v 0.376115 0.630691 -0.477383
v 0.379838 0.596550 -0.528834
v 0.344495 0.144718 0.586482
v 0.332864 0.522287 -0.589568
v 0.342518 0.169383 0.545856
v 0.339079 0.206748 0.506400
v 0.336391 0.249626 0.465879
v 0.337751 0.260957 0.422028
v 0.338344 0.253299 0.375389
v 0.336241 0.238877 0.330320
v 0.335419 0.218415 0.285894
v 0.337810 0.193229 0.241732
v 0.342220 0.173368 0.196683
v 0.347056 0.163742 0.149598
v 0.347559 0.183833 0.099327
v 0.344078 0.215068 0.049356
v 0.350616 0.216249 -0.000822
v 0.354338 0.204565 -0.051775
v 0.357597 0.210003 -0.098715
v 0.360063 0.264446 -0.146245
v 0.347234 0.351449 -0.205266
v 0.346289 0.417667 -0.233164
v 0.342596 0.480813 -0.269291
v 0.342270 0.520571 -0.311530
v 0.339805 0.632101 -0.353131
v 0.338262 0.672985 -0.398089
v 0.335484 0.680749 -0.441152
v 0.331643 0.671816 -0.484715
v 0.328017 0.639904 -0.531278
v 0.301701 0.129787 0.584440
v 0.282870 0.555195 -0.584582
v 0.300801 0.146336 0.542988
v 0.300019 0.163929 0.501268
v 0.297446 0.211723 0.458216
v 0.297893 0.236813 0.414590
v 0.299676 0.215673 0.370224
v 0.298824 0.184796 0.328193
v 0.298398 0.158222 0.286140
v 0.298970 0.140439 0.243498
v 0.300592 0.135879 0.199238
v 0.302523 0.141598 0.152654
v 0.303021 0.162690 0.102593
v 0.302698 0.195305 0.046870
v 0.307530 0.208603 -0.001458
v 0.309967 0.212818 -0.050758
v 0.314665 0.173039 -0.102084
v 0.318859 0.209840 -0.155219
v 0.313356 0.310319 -0.211163
v 0.294013 0.441689 -0.242605
v 0.288873 0.571604 -0.258150
v 0.295096 0.663748 -0.308197
v 0.297231 0.679593 -0.359341
v 0.293785 0.683857 -0.404269
v 0.288910 0.681479 -0.445969
v 0.283840 0.671220 -0.488677
v 0.278738 0.657608 -0.531953
v 0.258480 0.116069 0.582889
v 0.235093 0.567924 -0.580789
v 0.258791 0.138075 0.540862
v 0.258519 0.152344 0.497765
v 0.256337 0.184051 0.451394
v 0.255943 0.213308 0.405715
v 0.257158 0.170509 0.364936
v 0.258566 0.128104 0.326428
v 0.258576 0.100186 0.286785
v 0.257978 0.092200 0.245987
v 0.257931 0.098979 0.203483
v 0.258254 0.116242 0.158653
v 0.258655 0.143621 0.110856
v 0.260179 0.179190 0.059688
v 0.267037 0.206655 0.002016
v 0.266450 0.208983 -0.046749
v 0.264439 0.141490 -0.104826
v 0.260428 0.153431 -0.153868
v 0.271096 0.280880 -0.201090
v 0.256449 0.558528 -0.212023
v 0.249946 0.664001 -0.234669
v 0.250678 0.663133 -0.313025
v 0.252250 0.680309 -0.364929
v 0.245986 0.683628 -0.404063
v 0.241774 0.680521 -0.445160
v 0.237439 0.670697 -0.486515
v 0.233395 0.654516 -0.527978
v 0.216090 0.106643 0.580883
v 0.188951 0.604545 -0.570876
v 0.217509 0.133827 0.538397
v 0.217701 0.137534 0.492481
v 0.216910 0.181235 0.441636
v 0.214690 0.171016 0.397458
v 0.215214 0.126499 0.361913
v 0.217601 0.070873 0.326099
v 0.217395 0.042326 0.287965
v 0.215967 0.041341 0.249371
v 0.214695 0.057958 0.209463
v 0.213660 0.085608 0.167208
v 0.213145 0.122110 0.121621
v 0.214352 0.164650 0.070968
v 0.221114 0.209873 0.003287
v 0.224986 0.214814 -0.045116
v 0.224162 0.164346 -0.104458
v 0.222662 0.104646 -0.163128
v 0.217672 0.237477 -0.199961
v 0.199760 0.563518 -0.215676
v 0.203558 0.628397 -0.261025
v 0.202390 0.655859 -0.313798
v 0.203732 0.691642 -0.363888
v 0.197572 0.728140 -0.404659
v 0.190744 0.727480 -0.440261
v 0.190770 0.680067 -0.486362
v 0.188887 0.644684 -0.526874
v 0.173957 0.101149 0.579404
v 0.146808 0.601554 -0.569492
v 0.175410 0.126131 0.535967
v 0.176859 0.140739 0.486668
v 0.177910 0.146865 0.435692
v 0.175492 0.133528 0.396756
v 0.173547 0.103181 0.359773
v 0.171194 0.061593 0.323302
v 0.174043 0.014092 0.287683
v 0.173227 0.014092 0.252772
v 0.171234 0.014092 0.216671
v 0.168611 0.052062 0.178018
v 0.166195 0.100456 0.135509
v 0.164665 0.158220 0.087678
v 0.167052 0.212620 0.008812
v 0.175052 0.216413 -0.044985
v 0.174981 0.142040 -0.100829
v 0.177884 0.120033 -0.156000
v 0.172984 0.208072 -0.194210
v 0.156223 0.467537 -0.214591
v 0.151292 0.595460 -0.257158
v 0.155304 0.613597 -0.316062
v 0.152992 0.717682 -0.360425
v 0.149026 0.732286 -0.402872
v 0.143969 0.729993 -0.439489
v 0.140428 0.697656 -0.478247
v 0.145541 0.647855 -0.526424
v 0.131151 0.092240 0.578290
v 0.105101 0.576959 -0.570402
v 0.132639 0.120272 0.534306
v 0.133943 0.146748 0.484487
v 0.138411 0.129168 0.434890
v 0.136059 0.112712 0.396624
v 0.134439 0.084460 0.359246
v 0.133531 0.047447 0.322444
v 0.133866 0.014092 0.287051
v 0.133401 0.014092 0.255065
v 0.129990 0.014092 0.223564
v 0.124599 0.014092 0.189072
v 0.119949 0.087413 0.147663
v 0.115900 0.187099 0.093464
v 0.121743 0.227582 0.014323
v 0.127347 0.232310 -0.041979
v 0.122706 0.160504 -0.098777
v 0.119360 0.120121 -0.151848
v 0.117174 0.196339 -0.198875
v 0.111043 0.406284 -0.219627
v 0.104646 0.550413 -0.250949
v 0.118803 0.578659 -0.322116
v 0.111170 0.673844 -0.365201
v 0.104223 0.723595 -0.404801
v 0.098190 0.719218 -0.438078
v 0.096690 0.661163 -0.475255
v 0.095359 0.644662 -0.513915
v 0.088989 0.087028 0.576961
v 0.053589 0.594429 -0.553931
v 0.089934 0.108749 0.534656
v 0.091514 0.137489 0.487712
v 0.095953 0.138544 0.438438
v 0.095479 0.107385 0.397801
v 0.094616 0.076883 0.359011
v 0.094607 0.043742 0.321199
v 0.095802 0.014092 0.284995
v 0.096212 0.014092 0.252309
v 0.095801 0.014092 0.227111
v 0.085718 0.032761 0.198081
v 0.078467 0.117134 0.150298
v 0.077383 0.204982 0.083422
v 0.076847 0.222770 0.014425
v 0.080658 0.226873 -0.043428
v 0.080282 0.150060 -0.101459
v 0.079328 0.110611 -0.158385
v 0.078496 0.168259 -0.208334
v 0.072267 0.349122 -0.229693
v 0.061468 0.486327 -0.254714
v 0.063401 0.560707 -0.315027
v 0.076657 0.621881 -0.366001
v 0.064761 0.673798 -0.410569
v 0.060242 0.656902 -0.445574
v 0.056134 0.648044 -0.478791
v 0.053699 0.626351 -0.513984
v 0.045744 0.076344 0.576440
v 0.014014 0.569983 -0.558930
v 0.047472 0.093058 0.535690
v 0.048538 0.122034 0.491786
v 0.051627 0.129845 0.445752
v 0.054578 0.091383 0.400362
v 0.053426 0.074842 0.359553
v 0.053455 0.047560 0.320357
v 0.053928 0.014092 0.282815
v 0.054312 0.014092 0.248220
v 0.054697 0.014092 0.220698
v 0.044853 0.063519 0.182790
v 0.037343 0.136339 0.135681
v 0.030243 0.188738 0.073613
v 0.029967 0.215032 0.011340
v 0.030429 0.220120 -0.044243
v 0.032248 0.133376 -0.102555
v 0.034427 0.150267 -0.152005
v 0.035249 0.192468 -0.199403
v 0.027468 0.347506 -0.225142
v 0.019969 0.416468 -0.261037
v 0.017298 0.492982 -0.307418
v 0.029855 0.595696 -0.367950
v 0.026174 0.616036 -0.414476
v 0.021163 0.616355 -0.449494
v 0.016497 0.615960 -0.479890
v 0.013820 0.611017 -0.515414
v 0.002939 0.054237 0.575825
v -0.023409 0.543581 -0.566028
v 0.005520 0.065225 0.535930
v 0.006266 0.081817 0.494410
v 0.007999 0.078322 0.449170
v 0.010709 0.062611 0.403717
v 0.010602 0.065682 0.360767
v 0.009929 0.053673 0.319908
v 0.009989 0.030980 0.280185
v 0.010092 0.014092 0.242707
v 0.006260 0.036218 0.207478
v -0.001125 0.073690 0.168321
v -0.008470 0.139880 0.123965
v -0.016184 0.167390 0.066581
v -0.017578 0.199695 0.007930
v -0.015259 0.177801 -0.048728
v -0.012315 0.141311 -0.103617
v -0.011589 0.169935 -0.150289
v -0.012435 0.219383 -0.193839
v -0.017982 0.347777 -0.226618
v -0.022959 0.392531 -0.272522
v -0.028665 0.454939 -0.314194
v -0.008857 0.560940 -0.371298
v -0.016193 0.592922 -0.415869
v -0.020289 0.598430 -0.449941
v -0.023574 0.598986 -0.482535
v -0.024818 0.592465 -0.520646
v -0.040779 0.041472 0.575517
v -0.059400 0.520146 -0.575055
v -0.037728 0.044657 0.535512
v -0.037250 0.047354 0.495491
v -0.037925 0.047853 0.451568
v -0.037371 0.038375 0.407172
v -0.035672 0.041420 0.362982
v -0.036134 0.059837 0.319800
v -0.036152 0.039676 0.277518
v -0.038325 0.014092 0.235962
v -0.042927 0.014092 0.196462
v -0.049737 0.051841 0.155708
v -0.056501 0.091622 0.109490
v -0.060539 0.110969 0.052110
v -0.062379 0.140721 -0.003064
v -0.057875 0.128762 -0.057434
v -0.056774 0.135551 -0.107005
v -0.055796 0.157592 -0.154702
v -0.057355 0.191734 -0.201188
v -0.062218 0.226312 -0.254177
v -0.065080 0.281070 -0.301975
v -0.074389 0.330147 -0.338195
v -0.043226 0.483043 -0.391729
v -0.054852 0.516937 -0.422947
v -0.059232 0.551039 -0.451685
v -0.063440 0.581469 -0.483596
v -0.063036 0.564265 -0.527127
v -0.085444 0.014092 0.574852
v -0.091569 0.498871 -0.579906
v -0.082559 0.030812 0.535492
v -0.083031 0.031858 0.496524
v -0.085724 0.014092 0.453768
v -0.086596 0.014092 0.410681
v -0.084319 0.014092 0.365455
v -0.084651 0.056911 0.320790
v -0.084028 0.014092 0.276397
v -0.085041 0.014092 0.232459
v -0.088959 0.014092 0.190390
v -0.096307 0.014092 0.145565
v -0.099929 0.036243 0.093371
v -0.103077 0.075977 0.041392
v -0.103746 0.116902 -0.010467
v -0.101146 0.139193 -0.059339
v -0.099742 0.148220 -0.108097
v -0.098179 0.170095 -0.155566
v -0.097579 0.194856 -0.204814
v -0.099644 0.230062 -0.252847
v -0.103264 0.281117 -0.299107
v -0.110753 0.336646 -0.340620
v -0.086542 0.427018 -0.397973
v -0.094842 0.482213 -0.425763
v -0.098075 0.525206 -0.451804
v -0.100478 0.561636 -0.485501
v -0.094894 0.529328 -0.533344
v -0.130705 0.014092 0.573660
v -0.126544 0.475138 -0.585611
v -0.129686 0.014092 0.536011
v -0.131422 0.014092 0.497404
v -0.134114 0.014092 0.455769
v -0.134562 0.014092 0.412685
v -0.133485 0.014092 0.368081
v -0.131247 0.037441 0.321080
v -0.129411 0.014092 0.274930
v -0.128200 0.014092 0.229483
v -0.130535 0.014092 0.186296
v -0.137662 0.014092 0.138252
v -0.142480 0.014092 0.088189
v -0.145857 0.078044 0.036526
v -0.146221 0.122414 -0.013021
v -0.144668 0.150365 -0.060549
v -0.143318 0.163539 -0.108320
v -0.142134 0.183184 -0.155929
v -0.141183 0.205586 -0.205350
v -0.139736 0.237657 -0.252717
v -0.139777 0.282863 -0.296537
v -0.146211 0.339280 -0.340524
v -0.126023 0.414186 -0.393891
v -0.132876 0.466939 -0.425423
v -0.135474 0.503514 -0.454394
v -0.135685 0.529841 -0.491619
v -0.129872 0.496617 -0.540485
v -0.177966 0.045836 0.571462
v -0.159656 0.451033 -0.591332
v -0.178446 0.014092 0.535577
v -0.181091 0.014092 0.497079
v -0.184321 0.014092 0.456986
v -0.184307 0.014092 0.415105
v -0.182444 0.014092 0.369911
v -0.178452 0.014092 0.321382
v -0.173204 0.014092 0.273454
v -0.170178 0.014092 0.227545
v -0.171898 0.014092 0.182282
v -0.179329 0.014092 0.134573
v -0.184916 0.014092 0.084380
v -0.188176 0.087974 0.032366
v -0.189980 0.133405 -0.013863
v -0.189580 0.166676 -0.060092
v -0.188714 0.183620 -0.106699
v -0.188075 0.196420 -0.155815
v -0.187106 0.218142 -0.204075
v -0.184872 0.246997 -0.251581
v -0.183141 0.286124 -0.293409
v -0.183930 0.336067 -0.334209
v -0.165136 0.405058 -0.389143
v -0.169595 0.455510 -0.423994
v -0.171255 0.487887 -0.455922
v -0.169931 0.497224 -0.496700
v -0.164773 0.475191 -0.544746
v -0.224094 0.068228 0.569523
v -0.194264 0.429892 -0.590780
v -0.226035 0.038205 0.533513
v -0.230051 0.045764 0.495577
v -0.235680 0.057147 0.457160
v -0.235962 0.052648 0.416938
v -0.232865 0.038062 0.371819
v -0.228183 0.014092 0.323634
v -0.222613 0.014092 0.274692
v -0.219122 0.014092 0.227027
v -0.219875 0.014092 0.180061
v -0.224548 0.014092 0.132202
v -0.230238 0.014092 0.082339
v -0.233852 0.098290 0.031810
v -0.236163 0.148516 -0.012621
v -0.236085 0.192779 -0.056620
v -0.234244 0.235039 -0.099361
v -0.232634 0.277304 -0.142135
v -0.233093 0.301459 -0.188239
v -0.233575 0.297233 -0.240201
v -0.231502 0.322196 -0.281246
v -0.231496 0.357412 -0.315882
v -0.205843 0.407658 -0.381592
v -0.208397 0.475352 -0.414166
v -0.207315 0.495465 -0.451151
v -0.202127 0.486675 -0.496913
v -0.196955 0.459738 -0.545908
v -0.268859 0.084702 0.567796
v -0.224752 0.411715 -0.589147
v -0.271744 0.064682 0.531074
v -0.275991 0.074285 0.493187
v -0.281707 0.086807 0.455793
v -0.285049 0.084325 0.418618
v -0.280451 0.061504 0.372028
v -0.276890 0.043049 0.323814
v -0.273474 0.014092 0.275283
v -0.271080 0.014092 0.227058
v -0.271470 0.014092 0.179467
v -0.274891 0.014092 0.132173
v -0.279807 0.037223 0.084628
v -0.284156 0.110130 0.036488
v -0.284934 0.166038 -0.008268
v -0.284103 0.215544 -0.050928
v -0.282460 0.267351 -0.092399
v -0.280589 0.320919 -0.133019
v -0.279065 0.370290 -0.173315
v -0.278645 0.404879 -0.214533
v -0.277567 0.438266 -0.252139
v -0.278025 0.453487 -0.290592
v -0.252207 0.511416 -0.357925
v -0.247585 0.519900 -0.401805
v -0.241794 0.505162 -0.445049
v -0.233672 0.481935 -0.493280
v -0.226381 0.446931 -0.543109
v -0.312526 0.096857 0.566302
v -0.270996 0.382014 -0.575375
v -0.314545 0.116752 0.527699
v -0.318663 0.105986 0.490257
v -0.323119 0.104293 0.453036
v -0.326714 0.103453 0.415415
v -0.324198 0.079963 0.369722
v -0.321822 0.050558 0.321459
v -0.320930 0.014092 0.274003
v -0.320847 0.014092 0.226923
v -0.321720 0.014092 0.180205
v -0.324404 0.014092 0.134175
v -0.328273 0.050608 0.088799
v -0.332198 0.109404 0.044155
v -0.334307 0.179036 -0.000282
v -0.330281 0.255984 -0.037478
v -0.326890 0.333167 -0.074569
v -0.327856 0.368381 -0.121505
v -0.327263 0.415048 -0.163117
v -0.325543 0.462608 -0.201399
v -0.324487 0.495890 -0.239622
v -0.324561 0.489292 -0.282801
v -0.298495 0.563093 -0.346406
v -0.289159 0.553384 -0.390874
v -0.281006 0.523556 -0.435285
v -0.271207 0.487500 -0.483866
v -0.264028 0.442526 -0.530968
v -0.355222 0.107367 0.564956
v -0.333842 0.392130 -0.555679
v -0.356383 0.134107 0.525651
v -0.358699 0.131959 0.487183
v -0.360968 0.120009 0.448788
v -0.363263 0.111078 0.408023
v -0.365327 0.075014 0.363620
v -0.364592 0.041491 0.317240
v -0.364726 0.014092 0.271187
v -0.365599 0.014092 0.225777
v -0.367228 0.014092 0.180840
v -0.369543 0.014092 0.136490
v -0.372286 0.059354 0.092766
v -0.375121 0.112046 0.050010
v -0.376225 0.196708 0.013420
v -0.374149 0.311734 -0.017094
v -0.373401 0.367740 -0.063820
v -0.373083 0.414500 -0.110067
v -0.374458 0.454591 -0.154970
v -0.374576 0.503280 -0.194472
v -0.375217 0.538542 -0.234581
v -0.374266 0.560113 -0.275159
v -0.349835 0.606900 -0.336583
v -0.338976 0.601763 -0.378523
v -0.330283 0.575688 -0.420510
v -0.326252 0.521395 -0.469352
v -0.326813 0.480664 -0.516522
v -0.397283 0.115381 0.563924
v -0.394835 0.417684 -0.540888
v -0.397585 0.139152 0.524160
v -0.398002 0.146561 0.484271
v -0.398016 0.129787 0.444164
v -0.400306 0.098729 0.402223
v -0.404313 0.066051 0.357020
v -0.405753 0.032163 0.312109
v -0.406902 0.014092 0.268075
v -0.408046 0.014092 0.224436
v -0.409268 0.014092 0.181061
v -0.410791 0.032808 0.138120
v -0.412387 0.069248 0.095618
v -0.413212 0.134427 0.054546
v -0.410379 0.266349 0.031965
v -0.415933 0.323789 -0.009607
v -0.417652 0.383248 -0.058134
v -0.417892 0.439074 -0.105086
v -0.422366 0.482624 -0.151421
v -0.433121 0.485904 -0.201823
v -0.436974 0.531458 -0.241221
v -0.431431 0.591985 -0.277213
v -0.405687 0.648872 -0.331206
v -0.396028 0.651035 -0.369975
v -0.392531 0.624793 -0.410747
v -0.391549 0.589147 -0.455448
v -0.396831 0.539759 -0.509828
v -0.439128 0.119592 0.563327
v -0.443120 0.441327 -0.529366
v -0.438675 0.139325 0.523230
v -0.437996 0.139284 0.482845
v -0.436205 0.118598 0.441632
v -0.438786 0.087758 0.397856
v -0.443001 0.058661 0.352248
v -0.446225 0.014092 0.307809
v -0.448294 0.014092 0.265517
v -0.449301 0.014092 0.223492
v -0.449771 0.014092 0.181419
v -0.450032 0.045440 0.139463
v -0.449631 0.094172 0.097409
v -0.446964 0.188179 0.065009
v -0.447305 0.279747 0.032421
v -0.451475 0.338707 -0.008610
v -0.456312 0.397327 -0.055280
v -0.460084 0.454578 -0.103052
v -0.473615 0.452024 -0.160349
v -0.482865 0.441056 -0.213871
v -0.483617 0.437557 -0.264884
v -0.483943 0.464018 -0.321861
v -0.478654 0.616886 -0.337183
v -0.461195 0.673866 -0.369346
v -0.463840 0.646658 -0.412846
v -0.461101 0.622068 -0.456455
v -0.455147 0.563128 -0.507116
v -0.479671 0.133520 0.564928
v -0.486915 0.431771 -0.520425
v -0.480076 0.137439 0.523083
v -0.478712 0.132588 0.482327
v -0.475831 0.110275 0.440596
v -0.479537 0.080889 0.395673
v -0.484085 0.055828 0.349369
v -0.487864 0.014092 0.305428
v -0.489418 0.014092 0.264397
v -0.489571 0.014092 0.223483
v -0.488777 0.033560 0.182231
v -0.487409 0.065165 0.140768
v -0.485383 0.122276 0.098768
v -0.482594 0.204521 0.064045
v -0.482781 0.286304 0.030243
v -0.485555 0.349756 -0.008432
v -0.490793 0.410787 -0.053826
v -0.501994 0.433642 -0.108691
v -0.517332 0.376341 -0.174681
v -0.523723 0.354608 -0.226765
v -0.524846 0.352882 -0.277257
v -0.518425 0.390785 -0.328384
v -0.500593 0.484193 -0.357265
v -0.524469 0.651050 -0.377999
v -0.514949 0.618607 -0.409585
v -0.507951 0.597478 -0.451624
v -0.505922 0.541517 -0.502865
v -0.517569 0.181212 0.570503
v -0.519580 0.381898 -0.518587
v -0.512646 0.203432 0.531588
v -0.513147 0.174275 0.488359
v -0.518229 0.106035 0.440785
v -0.523115 0.078858 0.395507
v -0.527048 0.057765 0.349664
v -0.530745 0.014092 0.305804
v -0.530245 0.014092 0.265365
v -0.528957 0.031081 0.224868
v -0.526611 0.057135 0.183805
v -0.523320 0.094344 0.142251
v -0.519493 0.155432 0.099448
v -0.516263 0.225676 0.062736
v -0.516495 0.291780 0.027124
v -0.518299 0.352148 -0.009249
v -0.523298 0.417189 -0.053650
v -0.539973 0.374405 -0.120192
v -0.549459 0.316275 -0.182452
v -0.552400 0.296572 -0.232084
v -0.551081 0.306010 -0.277482
v -0.548454 0.333577 -0.326954
v -0.541371 0.381686 -0.378982
v -0.537525 0.416191 -0.413916
v -0.532874 0.455394 -0.434180
v -0.551811 0.563055 -0.451688
v -0.550033 0.507357 -0.501923
v -0.558446 0.207575 0.573249
v -0.551555 0.307257 -0.529288
v -0.554167 0.235226 0.535176
v -0.548618 0.254883 0.497733
v -0.542065 0.218157 0.449499
v -0.553143 0.153371 0.399844
v -0.558549 0.117094 0.354294
v -0.560350 0.091817 0.313828
v -0.559005 0.093417 0.273788
v -0.559941 0.094548 0.231971
v -0.560149 0.104453 0.188772
v -0.555353 0.153871 0.144091
v -0.550865 0.204918 0.100052
v -0.548214 0.247671 0.058783
v -0.547601 0.294546 0.022064
v -0.549515 0.348221 -0.011290
v -0.560022 0.361986 -0.066857
v -0.571669 0.337507 -0.125938
v -0.579680 0.289187 -0.183718
v -0.576403 0.259743 -0.233266
v -0.576342 0.262926 -0.279190
v -0.574178 0.286392 -0.327839
v -0.570819 0.332162 -0.385809
v -0.563765 0.375051 -0.422760
v -0.556376 0.403779 -0.442852
v -0.566427 0.399723 -0.473511
v -0.567169 0.367291 -0.498344
v -0.599487 0.238505 0.575998
v -0.601642 0.219248 -0.545198
v -0.595163 0.261530 0.538310
v -0.589100 0.279438 0.502303
v -0.585149 0.293507 0.457747
v -0.579646 0.291703 0.408135
v -0.574070 0.227519 0.359025
v -0.570245 0.218559 0.318338
v -0.585951 0.157493 0.277637
v -0.599318 0.135084 0.237083
v -0.598817 0.142627 0.192812
v -0.585930 0.229287 0.144717
v -0.579611 0.272608 0.099782
v -0.576683 0.289896 0.056404
v -0.575692 0.309225 0.017386
v -0.578536 0.331272 -0.023678
v -0.589859 0.311583 -0.082557
v -0.599402 0.302793 -0.133318
v -0.607917 0.280736 -0.182537
v -0.609169 0.259208 -0.229975
v -0.599626 0.228644 -0.279960
v -0.596855 0.242895 -0.327311
v -0.593772 0.284702 -0.378718
v -0.588541 0.330431 -0.422631
v -0.588282 0.353621 -0.453749
v -0.610583 0.326066 -0.476924
v -0.604049 0.263919 -0.501862
v -0.640934 0.266763 0.578682
v -0.644168 0.168749 -0.552564
v -0.636566 0.290621 0.541258
v -0.630337 0.306807 0.504135
v -0.620867 0.339726 0.464249
v -0.606998 0.393188 0.426572
v -0.607544 0.368054 0.376854
v -0.607845 0.356652 0.331966
v -0.611869 0.338993 0.286660
v -0.615760 0.331182 0.239487
v -0.615300 0.335709 0.190919
v -0.608696 0.363799 0.141718
v -0.604767 0.372174 0.097664
v -0.600746 0.359580 0.055889
v -0.599590 0.340896 0.012667
v -0.602529 0.353350 -0.035165
v -0.615494 0.330397 -0.084119
v -0.626653 0.306915 -0.133145
v -0.636550 0.288111 -0.178989
v -0.645564 0.284555 -0.221873
v -0.649176 0.278507 -0.268052
v -0.635424 0.235926 -0.322858
v -0.624587 0.226694 -0.372185
v -0.627383 0.252659 -0.411802
v -0.633786 0.271871 -0.446629
v -0.648218 0.268147 -0.476982
v -0.642898 0.209828 -0.508581
v -0.692420 0.236088 0.576596
v -0.687588 0.126412 -0.556145
v -0.681408 0.312106 0.543852
v -0.671927 0.341581 0.504839
v -0.659244 0.399439 0.471386
v -0.642553 0.487721 0.436584
v -0.642581 0.491363 0.389774
v -0.643353 0.500569 0.346460
v -0.641332 0.508539 0.298658
v -0.640757 0.505472 0.244970
v -0.637682 0.513886 0.189447
v -0.625362 0.550175 0.132529
v -0.629956 0.539473 0.091541
v -0.632926 0.498120 0.053702
v -0.633526 0.453295 0.014230
v -0.634813 0.396709 -0.034752
v -0.644854 0.366575 -0.082783
v -0.658772 0.334500 -0.127979
v -0.670296 0.313310 -0.172209
v -0.680914 0.304467 -0.215089
v -0.690441 0.305896 -0.258673
v -0.701519 0.320951 -0.303137
v -0.703160 0.300261 -0.357427
v -0.689552 0.242990 -0.405017
v -0.687259 0.230789 -0.437882
v -0.688448 0.215224 -0.474242
v -0.685348 0.170861 -0.511679
v -0.747465 0.160298 0.569652
v -0.730622 0.072922 -0.557468
v -0.737314 0.234585 0.539657
v -0.723807 0.334426 0.504908
v -0.712118 0.425480 0.473151
v -0.698617 0.513184 0.440843
v -0.684396 0.580035 0.396670
v -0.684681 0.637116 0.365107
v -0.676826 0.682901 0.317958
v -0.677902 0.659869 0.254879
v -0.675570 0.653040 0.191537
v -0.675514 0.621557 0.137834
v -0.682000 0.575360 0.098246
v -0.688516 0.549795 0.059266
v -0.694797 0.509991 0.021200
v -0.693721 0.475025 -0.023885
v -0.694440 0.427436 -0.071180
v -0.703917 0.388472 -0.117372
v -0.715681 0.354908 -0.162162
v -0.727015 0.333796 -0.206797
v -0.739093 0.323598 -0.251464
v -0.751041 0.319096 -0.297233
v -0.761626 0.316651 -0.344482
v -0.768719 0.313551 -0.393274
v -0.769159 0.295757 -0.441971
v -0.739633 0.175354 -0.476369
v -0.730341 0.122582 -0.512588
v -0.793211 0.160356 0.568909
v -0.781804 0.014092 -0.560964
v -0.793296 0.182629 0.530080
v -0.787445 0.248833 0.498172
v -0.778246 0.367202 0.473705
v -0.766889 0.498330 0.447255
v -0.756699 0.582146 0.410921
v -0.755929 0.654027 0.376880
v -0.754996 0.692840 0.329298
v -0.735749 0.727522 0.266145
v -0.734056 0.712772 0.197628
v -0.735914 0.665545 0.143646
v -0.743860 0.607729 0.103808
v -0.755992 0.561468 0.064937
v -0.759118 0.534482 0.024404
v -0.757160 0.507739 -0.019791
v -0.757574 0.470186 -0.065264
v -0.764058 0.424498 -0.110355
v -0.771708 0.385655 -0.156074
v -0.780476 0.346047 -0.202271
v -0.790065 0.314470 -0.249910
v -0.799059 0.284631 -0.297324
v -0.805554 0.260577 -0.345578
v -0.808243 0.238836 -0.393905
v -0.796621 0.162314 -0.434447
v -0.791494 0.140369 -0.480466
v -0.780299 0.053348 -0.518282
v -0.837896 0.150805 0.565885
v -0.835190 0.014092 -0.562875
v -0.837805 0.175042 0.525929
v -0.835971 0.227655 0.490689
v -0.830986 0.330461 0.467669
v -0.838232 0.383286 0.434818
v -0.842355 0.490549 0.411562
v -0.845363 0.609308 0.385309
v -0.860261 0.647527 0.341216
v -0.854028 0.694536 0.275926
v -0.841778 0.687719 0.206691
v -0.839948 0.628727 0.148726
v -0.835039 0.561371 0.106438
v -0.827577 0.506775 0.069239
v -0.824051 0.480983 0.026995
v -0.821850 0.466373 -0.018241
v -0.821187 0.443405 -0.064552
v -0.823843 0.413467 -0.110435
v -0.827352 0.388522 -0.158263
v -0.832820 0.350427 -0.206596
v -0.838753 0.297783 -0.254820
v -0.843676 0.254711 -0.305997
v -0.846609 0.199063 -0.348988
v -0.846187 0.128988 -0.390098
v -0.842590 0.104928 -0.436831
v -0.836784 0.050278 -0.478015
v -0.834383 0.014092 -0.519628
v -0.882124 0.138647 0.562642
v -0.880143 0.014092 -0.562443
v -0.881368 0.167000 0.522906
v -0.880281 0.198569 0.482641
v -0.879160 0.268047 0.452120
v -0.875124 0.344298 0.425767
v -0.889697 0.467148 0.403856
v -0.897841 0.536382 0.383824
v -0.906902 0.596403 0.329845
v -0.909766 0.616318 0.271361
v -0.910154 0.606841 0.212874
v -0.906901 0.570906 0.159016
v -0.894428 0.495522 0.113353
v -0.885315 0.450694 0.073192
v -0.883340 0.453476 0.027114
v -0.881728 0.444307 -0.018817
v -0.881100 0.425657 -0.065306
v -0.879734 0.430381 -0.115678
v -0.878612 0.414615 -0.168287
v -0.881699 0.360878 -0.216053
v -0.882699 0.290286 -0.263764
v -0.885443 0.187431 -0.307772
v -0.886955 0.127259 -0.350915
v -0.886709 0.091472 -0.394477
v -0.884620 0.062268 -0.436331
v -0.880509 0.014092 -0.476851
v -0.881885 0.014092 -0.520112
v -0.926188 0.129724 0.561025
v -0.926290 0.014092 -0.562837
v -0.924461 0.160416 0.521668
v -0.921955 0.195059 0.480965
v -0.921600 0.229052 0.443616
v -0.919749 0.301984 0.417125
v -0.923512 0.335974 0.382714
v -0.930320 0.422907 0.351050
v -0.950248 0.557768 0.310700
v -0.956946 0.558450 0.261616
v -0.957823 0.542984 0.211228
v -0.953001 0.510831 0.161261
v -0.944075 0.456455 0.117241
v -0.940422 0.439325 0.072587
v -0.937882 0.424758 0.026291
v -0.938246 0.422915 -0.019454
v -0.936742 0.458700 -0.068119
v -0.934959 0.455049 -0.117336
v -0.932869 0.418916 -0.165942
v -0.924281 0.315026 -0.207098
v -0.926260 0.239289 -0.258885
v -0.928196 0.162992 -0.311757
v -0.929331 0.118176 -0.352118
v -0.928376 0.081467 -0.392535
v -0.925262 0.049349 -0.433363
v -0.925789 0.014092 -0.475852
v -0.927624 0.014092 -0.520460
v -0.971816 0.133613 0.564010
v -0.972587 0.038047 -0.564975
v -0.969826 0.159272 0.523230
v -0.966330 0.191618 0.484802
v -0.963938 0.222566 0.444724
v -0.965151 0.251984 0.408584
v -0.965335 0.317794 0.379984
v -0.966969 0.357038 0.339092
v -0.977247 0.438103 0.300874
v -0.998262 0.512289 0.258493
v -1.001503 0.505324 0.208473
v -0.998154 0.468000 0.161641
v -0.991654 0.413282 0.117742
v -0.987622 0.390849 0.070505
v -0.980357 0.366606 0.021754
v -0.977032 0.380578 -0.024867
v -0.973902 0.390919 -0.071598
v -0.967344 0.355667 -0.113353
v -0.966169 0.333739 -0.156659
v -0.972835 0.286086 -0.201179
v -0.979873 0.220974 -0.251915
v -0.975876 0.175012 -0.302898
v -0.974819 0.139259 -0.347862
v -0.975581 0.102617 -0.389899
v -0.971829 0.076391 -0.432718
v -0.972800 0.074650 -0.478437
v -0.972616 0.055792 -0.521491
v -1.015814 0.140805 0.570081
v -1.016934 0.057659 -0.565223
v -1.017583 0.173150 0.529916
v -1.019186 0.201304 0.489065
v -1.012664 0.221297 0.449252
v -1.008510 0.249317 0.409739
v -1.009810 0.270556 0.372726
v -1.012758 0.307189 0.337980
v -1.016828 0.357375 0.302223
v -1.019901 0.372274 0.261484
v -1.037988 0.425621 0.210444
v -1.021891 0.345192 0.160561
v -1.019785 0.321661 0.111093
v -1.017161 0.308331 0.061497
v -1.017982 0.309416 0.014405
v -1.018777 0.318798 -0.030857
v -1.017112 0.312242 -0.073861
v -1.017228 0.295592 -0.111986
v -1.024584 0.270973 -0.149229
v -1.026321 0.240199 -0.194956
v -1.030800 0.205213 -0.246699
v -1.029723 0.209215 -0.303102
v -1.027777 0.203730 -0.352254
v -1.024037 0.194451 -0.397841
v -1.022490 0.185102 -0.442818
v -1.017977 0.118798 -0.480349
v -1.016930 0.079149 -0.521560
v -1.061639 0.102282 0.567147
v -1.061148 0.070468 -0.565223
v -1.062956 0.143135 0.529908
v -1.066537 0.228284 0.500430
v -1.073443 0.235767 0.457651
v -1.074444 0.258476 0.417142
v -1.053877 0.258813 0.379489
v -1.055635 0.267517 0.343747
v -1.056286 0.271332 0.307437
v -1.057337 0.316561 0.266553
v -1.059075 0.281181 0.210872
v -1.054812 0.260651 0.159384
v -1.053224 0.263617 0.107873
v -1.055359 0.259568 0.058128
v -1.059552 0.259291 0.009783
v -1.062535 0.268426 -0.034508
v -1.068457 0.263213 -0.073028
v -1.078351 0.244975 -0.107348
v -1.081109 0.228741 -0.147973
v -1.082572 0.227201 -0.196038
v -1.080190 0.210585 -0.247509
v -1.078661 0.199340 -0.297689
v -1.078450 0.191754 -0.346553
v -1.068560 0.155366 -0.390522
v -1.061563 0.160514 -0.436777
v -1.062924 0.144164 -0.481211
v -1.062518 0.111053 -0.522972
v -1.106696 0.080850 0.567763
v -1.105363 0.075022 -0.565223
v -1.108907 0.108711 0.527910
v -1.113394 0.155500 0.491167
v -1.120017 0.245237 0.461786
v -1.123151 0.259895 0.424758
v -1.121310 0.251904 0.384771
v -1.106468 0.247167 0.351316
v -1.097590 0.237460 0.313253
v -1.098903 0.216828 0.259290
v -1.092584 0.198281 0.203686
v -1.087507 0.187739 0.152739
v -1.087401 0.196337 0.104354
v -1.090327 0.213419 0.054426
v -1.100820 0.231000 0.005769
v -1.111760 0.256515 -0.036556
v -1.119489 0.271702 -0.073937
v -1.124363 0.264200 -0.112102
v -1.121126 0.241679 -0.154754
v -1.118388 0.228095 -0.198284
v -1.119005 0.223454 -0.246191
v -1.121502 0.197826 -0.293031
v -1.119267 0.160684 -0.339264
v -1.107997 0.142632 -0.386648
v -1.097214 0.130741 -0.431215
v -1.100980 0.122514 -0.478139
v -1.106564 0.120005 -0.522910
v -1.151092 0.062152 0.569766
v -1.149577 0.070447 -0.565223
v -1.153238 0.087835 0.528510
v -1.157793 0.127289 0.489576
v -1.164173 0.177435 0.452494
v -1.171366 0.268242 0.423529
v -1.171623 0.286914 0.392173
v -1.163422 0.223792 0.353811
v -1.149577 0.197242 0.308467
v -1.140475 0.151904 0.252310
v -1.129416 0.129059 0.201609
v -1.128074 0.120918 0.146986
v -1.129140 0.141344 0.098445
v -1.138202 0.178152 0.051057
v -1.154601 0.237856 0.008317
v -1.170069 0.297009 -0.032503
v -1.167385 0.296643 -0.077913
v -1.164817 0.290312 -0.121708
v -1.160486 0.273278 -0.164226
v -1.163797 0.234604 -0.201467
v -1.163428 0.201784 -0.246728
v -1.163870 0.183820 -0.294052
v -1.161162 0.156035 -0.343474
v -1.146042 0.127502 -0.386930
v -1.133970 0.114807 -0.427605
v -1.138272 0.100706 -0.475109
v -1.150449 0.113205 -0.522565
v -1.194448 0.014092 0.570413
v -1.193792 0.058010 -0.565223
v -1.196395 0.061427 0.528123
v -1.200299 0.098647 0.487947
v -1.205089 0.139102 0.449069
v -1.209790 0.175678 0.410441
v -1.211368 0.197752 0.371578
v -1.192075 0.141091 0.334916
v -1.184887 0.108419 0.289293
v -1.179869 0.076691 0.242177
v -1.174801 0.054846 0.193091
v -1.174650 0.061411 0.143560
v -1.172257 0.066473 0.092044
v -1.179682 0.100519 0.045148
v -1.186358 0.145803 0.000649
v -1.192423 0.192940 -0.041506
v -1.196126 0.225128 -0.081686
v -1.193468 0.241013 -0.128992
v -1.205419 0.224744 -0.163473
v -1.207743 0.224480 -0.205349
v -1.207641 0.213015 -0.250628
v -1.207504 0.180643 -0.297850
v -1.201646 0.149412 -0.343651
v -1.187654 0.112499 -0.388328
v -1.177777 0.095764 -0.429833
v -1.183262 0.101507 -0.476223
v -1.191476 0.080772 -0.520535
v -1.238364 0.014092 0.570062
v -1.236086 0.014092 -0.563819
v -1.239615 0.047332 0.527295
v -1.242015 0.073187 0.485666
v -1.244999 0.099365 0.444994
v -1.247219 0.118856 0.404186
v -1.242992 0.114143 0.363218
v -1.234083 0.084298 0.320758
v -1.222034 0.044080 0.278727
v -1.217516 0.014092 0.233261
v -1.218910 0.014092 0.185326
v -1.221402 0.014092 0.137240
v -1.219264 0.014092 0.087076
v -1.226855 0.062007 0.041930
v -1.230753 0.093970 -0.002795
v -1.232137 0.132725 -0.044333
v -1.229343 0.168790 -0.081012
v -1.229537 0.196888 -0.133110
v -1.238330 0.202103 -0.167604
v -1.242216 0.208199 -0.207423
v -1.246671 0.198708 -0.250698
v -1.244500 0.151176 -0.296191
v -1.240146 0.148781 -0.346853
v -1.229992 0.098991 -0.390024
v -1.225884 0.087174 -0.434630
v -1.228794 0.065789 -0.478164
v -1.233340 0.044725 -0.519194
v -1.282308 0.014092 0.569739
v -1.281076 0.014092 -0.564370
v -1.282903 0.050105 0.526476
v -1.284059 0.062432 0.483746
v -1.285503 0.070374 0.441523
v -1.285984 0.071740 0.399054
v -1.279103 0.049435 0.356726
v -1.270725 0.014092 0.313959
v -1.263526 0.014092 0.270107
v -1.258610 0.014092 0.226376
v -1.262439 0.014092 0.180176
v -1.265185 0.014092 0.133985
v -1.269929 0.014092 0.088064
v -1.275572 0.014092 0.045146
v -1.277292 0.033681 0.002115
v -1.280155 0.059586 -0.027147
v -1.277090 0.102835 -0.063892
v -1.269676 0.150863 -0.127463
v -1.274147 0.163982 -0.159456
v -1.281321 0.169060 -0.202962
v -1.281803 0.155962 -0.251119
v -1.281098 0.146734 -0.298155
v -1.279762 0.109965 -0.344868
v -1.274335 0.089546 -0.394065
v -1.272460 0.050666 -0.437453
v -1.274079 0.035044 -0.480315
v -1.276887 0.014092 -0.519434
v -1.326637 0.049763 0.569867
v -1.326435 0.014092 -0.565223
v -1.326844 0.069210 0.526304
v -1.327138 0.074422 0.482858
v -1.327414 0.062693 0.439480
v -1.327258 0.044196 0.396020
v -1.324910 0.014092 0.351931
v -1.321344 0.014092 0.307418
v -1.318001 0.014092 0.262890
v -1.316329 0.014092 0.219454
v -1.320310 0.014092 0.176181
v -1.325076 0.014092 0.133837
v -1.327415 0.014092 0.090907
v -1.327387 0.014092 0.047191
v -1.331322 0.041419 0.009728
v -1.329069 0.062636 -0.024489
v -1.328220 0.101377 -0.061781
v -1.314687 0.114924 -0.128703
v -1.312385 0.132030 -0.159760
v -1.317637 0.144448 -0.205204
v -1.319995 0.144055 -0.250953
v -1.322368 0.131066 -0.298029
v -1.318221 0.067357 -0.345363
v -1.318799 0.054816 -0.395553
v -1.322359 0.041821 -0.438717
v -1.318505 0.014092 -0.480058
v -1.322710 0.014092 -0.519886
v -1.370911 0.064295 0.569974
v -1.370650 0.014092 -0.565223
v -1.371013 0.087481 0.526339
v -1.371024 0.091876 0.482677
v -1.370970 0.075412 0.439018
v -1.370725 0.045732 0.395311
v -1.369004 0.014092 0.351203
v -1.364168 0.014092 0.306144
v -1.357244 0.014092 0.260343
v -1.353102 0.014092 0.215289
v -1.352664 0.014092 0.171643
v -1.356207 0.014092 0.129553
v -1.360918 0.014092 0.088064
v -1.365430 0.014092 0.046393
v -1.367209 0.030858 0.008805
v -1.368966 0.054271 -0.026645
v -1.372326 0.082426 -0.063354
v -1.377871 0.160475 -0.124518
v -1.371006 0.171967 -0.160936
v -1.366560 0.148612 -0.209597
v -1.363628 0.120825 -0.253364
v -1.362149 0.079420 -0.297942
v -1.364381 0.055076 -0.347659
v -1.367754 0.036450 -0.392886
v -1.369833 0.014092 -0.437734
v -1.369603 0.014092 -0.481932
v -1.371965 0.014092 -0.522633
v -1.415253 0.070830 0.570271
v -1.414865 0.014092 -0.565223
v -1.415368 0.096063 0.526687
v -1.415284 0.100053 0.482896
v -1.415130 0.083645 0.439059
v -1.414934 0.064247 0.395367
v -1.413242 0.045436 0.351288
v -1.408673 0.037189 0.306150
v -1.398898 0.014092 0.259305
v -1.390580 0.014092 0.212973
v -1.385914 0.014092 0.168626
v -1.386307 0.014092 0.126381
v -1.392333 0.014092 0.085625
v -1.399658 0.014092 0.045407
v -1.403538 0.014092 0.005697
v -1.408763 0.047624 -0.032690
v -1.422315 0.116560 -0.061507
v -1.436397 0.195634 -0.110614
v -1.430970 0.181415 -0.165186
v -1.420132 0.133115 -0.216021
v -1.415147 0.107604 -0.260076
v -1.415146 0.077927 -0.304977
v -1.413367 0.043526 -0.348001
v -1.414246 0.014092 -0.392055
v -1.415304 0.014092 -0.437468
v -1.419669 0.049992 -0.481740
v -1.415115 0.014092 -0.521750
v -1.459808 0.068169 0.570875
v -1.459079 0.014092 -0.565223
v -1.460006 0.093292 0.527358
v -1.460135 0.101304 0.483507
v -1.460204 0.097460 0.439555
v -1.459785 0.091888 0.395606
v -1.458614 0.092913 0.351607
v -1.455365 0.099868 0.306722
v -1.446306 0.079577 0.260138
v -1.433256 0.038752 0.213042
v -1.425438 0.014092 0.168339
v -1.424665 0.014092 0.126174
v -1.435446 0.014092 0.086943
v -1.441542 0.038649 0.047001
v -1.448011 0.064257 0.008356
v -1.456833 0.094686 -0.028746
v -1.465025 0.113923 -0.067759
v -1.468340 0.109208 -0.112735
v -1.467072 0.089931 -0.165880
v -1.462124 0.059346 -0.215867
v -1.460333 0.051442 -0.260485
v -1.459341 0.041274 -0.303502
v -1.459186 0.014092 -0.347027
v -1.458618 0.014092 -0.390385
v -1.459231 0.014092 -0.434345
v -1.459216 0.014092 -0.477996
v -1.459079 0.014092 -0.521563
v -1.504402 0.057350 0.571382
v -1.503294 0.014092 -0.565223
v -1.504978 0.082882 0.527994
v -1.505568 0.098851 0.484175
v -1.505845 0.107590 0.440119
v -1.505315 0.114511 0.395990
v -1.503894 0.124729 0.351882
v -1.501523 0.136251 0.307210
v -1.498319 0.140224 0.262114
v -1.491503 0.109174 0.216753
v -1.479932 0.046630 0.171640
v -1.480389 0.033025 0.129940
v -1.488480 0.064045 0.090555
v -1.492101 0.078701 0.050114
v -1.495876 0.088847 0.008973
v -1.500989 0.100698 -0.032583
v -1.505010 0.101287 -0.075813
v -1.505935 0.081795 -0.121869
v -1.504758 0.047787 -0.169645
v -1.503429 0.014092 -0.215774
v -1.503296 0.014092 -0.259605
v -1.503295 0.014092 -0.303265
v -1.503294 0.014092 -0.346925
v -1.503294 0.014092 -0.390585
v -1.503294 0.014092 -0.434245
v -1.503294 0.014092 -0.477904
v -1.503294 0.014092 -0.521563
v 1.013861 0.014092 0.708412
v 1.015490 0.014092 0.750046
v 0.955817 0.089347 0.590363
v 0.962224 0.065353 0.636340
v 0.966341 0.053737 0.679802
v 0.969456 0.037913 0.720131
v 0.971604 0.014092 0.757207
v 0.913823 0.119885 0.601858
v 0.919466 0.099301 0.646688
v 0.922904 0.088317 0.689434
v 0.925208 0.069689 0.729861
v 0.927073 0.014092 0.767044
v 0.872089 0.144906 0.611496
v 0.877062 0.123244 0.654344
v 0.880036 0.108214 0.695026
v 0.881874 0.085264 0.734211
v 0.883344 0.014092 0.771480
v 0.829489 0.165070 0.619819
v 0.833604 0.141339 0.660451
v 0.836951 0.121014 0.699064
v 0.838614 0.094624 0.736464
v 0.840083 0.014092 0.772817
v 0.785878 0.181128 0.626853
v 0.788674 0.156353 0.665549
v 0.793248 0.128667 0.702131
v 0.795167 0.100360 0.737916
v 0.796581 0.014092 0.772647
v 0.741825 0.193392 0.631942
v 0.743611 0.168613 0.669351
v 0.748954 0.136070 0.704629
v 0.751751 0.104188 0.738549
v 0.753046 0.014092 0.771754
v 0.698171 0.202533 0.635881
v 0.699303 0.177394 0.672242
v 0.702952 0.146874 0.706364
v 0.708131 0.107690 0.738706
v 0.709131 0.014092 0.771924
v 0.654155 0.211977 0.638945
v 0.654973 0.186078 0.674102
v 0.656807 0.160436 0.707724
v 0.662430 0.120887 0.739312
v 0.665002 0.014092 0.771088
v 0.609746 0.220805 0.640825
v 0.610430 0.195055 0.674774
v 0.611947 0.167202 0.707652
v 0.615222 0.129643 0.738252
v 0.620863 0.014092 0.769413
v 0.560895 0.248765 0.642572
v 0.564905 0.199536 0.673792
v 0.567120 0.169343 0.706483
v 0.569024 0.136276 0.737874
v 0.576424 0.014092 0.767977
v 0.509715 0.284304 0.644084
v 0.519154 0.194291 0.670735
v 0.522687 0.155548 0.702480
v 0.524227 0.130756 0.735861
v 0.531112 0.014092 0.763993
v 0.467678 0.255477 0.640072
v 0.474781 0.190959 0.669468
v 0.478411 0.155257 0.701744
v 0.479919 0.133894 0.735632
v 0.484707 0.014092 0.764028
v 0.425288 0.210282 0.633285
v 0.430602 0.164209 0.664567
v 0.434167 0.134523 0.697677
v 0.435445 0.118199 0.732327
v 0.439006 0.014092 0.761662
v 0.385225 0.169020 0.627183
v 0.387742 0.144581 0.661122
v 0.390653 0.117991 0.694697
v 0.391615 0.104571 0.729834
v 0.393787 0.014092 0.762789
v 0.345502 0.130092 0.621741
v 0.346386 0.117707 0.657249
v 0.347283 0.105942 0.692747
v 0.348139 0.093900 0.728241
v 0.349483 0.014092 0.762808
v 0.302407 0.117023 0.619597
v 0.303153 0.104889 0.655141
v 0.303887 0.093819 0.690921
v 0.304625 0.082810 0.726712
v 0.305697 0.014092 0.761916
v 0.259138 0.104223 0.618156
v 0.259699 0.093916 0.653681
v 0.260322 0.083499 0.689593
v 0.260976 0.073614 0.725589
v 0.262000 0.014092 0.760991
v 0.215887 0.090083 0.616542
v 0.216353 0.082012 0.652210
v 0.216895 0.071904 0.688114
v 0.217493 0.062531 0.724223
v 0.218757 0.014092 0.759292
v 0.172705 0.073941 0.614891
v 0.173112 0.066653 0.650583
v 0.173614 0.057819 0.686556
v 0.174629 0.041411 0.721955
v 0.175729 0.014092 0.757230
v 0.129948 0.051235 0.612694
v 0.130512 0.040538 0.647857
v 0.131317 0.014092 0.683331
v 0.131621 0.014092 0.719892
v 0.132338 0.014092 0.755816
v 0.087362 0.014092 0.610193
v 0.087790 0.014092 0.645389
v 0.087780 0.014092 0.682161
v 0.087939 0.014092 0.718952
v 0.088432 0.014092 0.755276
v 0.045052 0.041031 0.609911
v 0.044477 0.014092 0.644675
v 0.044210 0.014092 0.681139
v 0.044209 0.014092 0.718134
v 0.044220 0.014092 0.755247
v 0.001001 0.053333 0.610546
v 0.000241 0.014092 0.645362
v 0.000008 0.014092 0.681183
v 0.000003 0.014092 0.718035
v 0.000006 0.014092 0.755205
v -0.043365 0.054745 0.610375
v -0.044149 0.014092 0.644965
v -0.044203 0.014092 0.681507
v -0.044210 0.014092 0.717968
v -0.044211 0.014092 0.755176
v -0.087680 0.053310 0.609950
v -0.088433 0.014092 0.645120
v -0.088429 0.014092 0.681148
v -0.088425 0.014092 0.717956
v -0.088430 0.014092 0.755185
v -0.132163 0.042478 0.609131
v -0.132622 0.014092 0.645309
v -0.132644 0.014092 0.681153
v -0.132643 0.014092 0.718011
v -0.132646 0.014092 0.755224
v -0.177362 0.034838 0.607909
v -0.176984 0.014092 0.644682
v -0.176871 0.014092 0.681267
v -0.176860 0.014092 0.718097
v -0.176860 0.014092 0.755265
v -0.222653 0.046288 0.606821
v -0.221687 0.014092 0.644095
v -0.221170 0.014092 0.681156
v -0.221075 0.014092 0.718171
v -0.221073 0.014092 0.755290
v -0.267294 0.059074 0.605728
v -0.266171 0.014092 0.643442
v -0.265515 0.014092 0.680907
v -0.265297 0.014092 0.718195
v -0.265287 0.014092 0.755298
v -0.311174 0.070143 0.604701
v -0.310192 0.043988 0.642786
v -0.309658 0.014092 0.680603
v -0.309500 0.014092 0.718141
v -0.309502 0.014092 0.755298
v -0.354364 0.079187 0.603808
v -0.353780 0.051932 0.642233
v -0.353549 0.014092 0.680346
v -0.353623 0.014092 0.718061
v -0.353716 0.014092 0.755297
v -0.397087 0.086458 0.603134
v -0.397058 0.059218 0.641863
v -0.397225 0.014092 0.680199
v -0.397623 0.014092 0.718024
v -0.397920 0.014092 0.755292
v -0.439668 0.093020 0.602818
v -0.440203 0.066521 0.641739
v -0.440768 0.041865 0.680195
v -0.441451 0.014092 0.718114
v -0.442079 0.014092 0.755298
v -0.481092 0.108157 0.604280
v -0.483412 0.073978 0.641900
v -0.484289 0.049573 0.680390
v -0.485175 0.014092 0.718352
v -0.486137 0.014092 0.755402
v -0.520756 0.146382 0.608757
v -0.525486 0.091356 0.643982
v -0.527912 0.057542 0.680780
v -0.528923 0.014092 0.718707
v -0.530022 0.014092 0.755771
v -0.561915 0.173792 0.611728
v -0.566209 0.125597 0.648196
v -0.571730 0.065761 0.681324
v -0.572788 0.041848 0.719137
v -0.573858 0.014092 0.756287
v -0.603244 0.205852 0.614789
v -0.607230 0.162158 0.652101
v -0.615048 0.082546 0.683022
v -0.616850 0.049117 0.719547
v -0.617892 0.014092 0.756569
v -0.646010 0.230713 0.617132
v -0.655062 0.148146 0.649543
v -0.660110 0.082228 0.682638
v -0.661106 0.055726 0.719941
v -0.662103 0.014092 0.756710
v -0.700371 0.162891 0.610100
v -0.703724 0.117857 0.645925
v -0.704621 0.090285 0.683388
v -0.705519 0.061769 0.720368
v -0.706430 0.014092 0.756825
v -0.748020 0.146050 0.608602
v -0.748571 0.126784 0.646957
v -0.749273 0.098384 0.684210
v -0.750046 0.067637 0.720872
v -0.750836 0.014092 0.756953
v -0.793159 0.145856 0.608468
v -0.793518 0.129806 0.647299
v -0.794037 0.105162 0.684866
v -0.794663 0.073570 0.721407
v -0.795312 0.014092 0.757052
v -0.838112 0.137500 0.606729
v -0.838422 0.126004 0.646807
v -0.838861 0.105518 0.684917
v -0.839303 0.075986 0.721643
v -0.839826 0.014092 0.757025
v -0.882847 0.117106 0.602806
v -0.883214 0.118314 0.646095
v -0.883590 0.099179 0.684540
v -0.883849 0.071728 0.721501
v -0.884171 0.014092 0.757003
v -0.927435 0.112499 0.603017
v -0.927856 0.109224 0.645808
v -0.928203 0.088386 0.684054
v -0.928335 0.061088 0.721096
v -0.928531 0.014092 0.756200
v -0.972194 0.117159 0.606601
v -0.972499 0.093434 0.645124
v -0.972693 0.074132 0.683578
v -0.972734 0.047851 0.720657
v -0.972734 0.014092 0.755382
v -1.016999 0.095988 0.605834
v -1.017161 0.076806 0.645041
v -1.017277 0.057742 0.683255
v -1.017097 0.014092 0.719709
v -1.016972 0.014092 0.755513
v -1.061677 0.077348 0.606326
v -1.061912 0.056942 0.645275
v -1.061928 0.038077 0.682761
v -1.061151 0.014092 0.718226
v -1.061062 0.014092 0.755194
v -1.106292 0.057119 0.607287
v -1.105889 0.014092 0.644689
v -1.105615 0.014092 0.681507
v -1.105265 0.014092 0.718107
v -1.104886 0.014092 0.754716
v -1.150665 0.040747 0.607982
v -1.149579 0.014092 0.644082
v -1.149480 0.014092 0.681037
v -1.149093 0.014092 0.717643
v -1.148927 0.014092 0.754510
v -1.193954 0.014092 0.607127
v -1.193702 0.014092 0.643971
v -1.193372 0.014092 0.680652
v -1.193196 0.014092 0.717510
v -1.193248 0.014092 0.754653
v -1.237928 0.014092 0.606819
v -1.237713 0.014092 0.643707
v -1.237578 0.014092 0.680643
v -1.237589 0.014092 0.717735
v -1.237720 0.014092 0.754966
v -1.282127 0.014092 0.606739
v -1.282033 0.014092 0.643803
v -1.282005 0.014092 0.680897
v -1.282065 0.014092 0.718046
v -1.282142 0.014092 0.755208
v -1.326522 0.014092 0.606927
v -1.326431 0.014092 0.644004
v -1.326392 0.014092 0.681096
v -1.326418 0.014092 0.718203
v -1.326436 0.014092 0.755298
v -1.370800 0.038362 0.607027
v -1.370701 0.014092 0.644083
v -1.370651 0.014092 0.681148
v -1.370650 0.014092 0.718223
v -1.370650 0.014092 0.755298
v -1.415044 0.041520 0.607150
v -1.414885 0.014092 0.644079
v -1.414865 0.014092 0.681148
v -1.414865 0.014092 0.718223
v -1.414865 0.014092 0.755298
v -1.459502 0.039758 0.607568
v -1.459201 0.014092 0.644241
v -1.459079 0.014092 0.681148
v -1.459079 0.014092 0.718223
v -1.459079 0.014092 0.755298
v -1.547508 0.014092 -0.602298
v -1.547508 0.014092 -0.639372
v -1.547508 0.014092 -0.676447
v -1.547508 0.014092 -0.713521
v -1.547508 0.014092 -0.750596
v 1.566779 0.014092 -0.766663
v 1.594415 0.014092 -0.751049
v 1.620683 0.036071 -0.711642
v 1.589244 0.062770 -0.649779
v 1.564239 0.081398 -0.616472
v 1.518662 0.014092 -0.759939
v 1.532767 0.033477 -0.733428
v 1.542124 0.047996 -0.697012
v 1.533715 0.068303 -0.653372
v 1.523269 0.088504 -0.615702
v -1.503294 0.014092 -0.602298
v -1.503294 0.014092 -0.639372
v -1.503294 0.014092 -0.676447
v -1.503294 0.014092 -0.713521
v -1.503294 0.014092 -0.750596
v 1.469666 0.014092 -0.755886
v 1.477744 0.038317 -0.724824
v 1.482698 0.054185 -0.689521
v 1.481404 0.073780 -0.651252
v 1.478200 0.095297 -0.613732
v 1.421960 0.014092 -0.753521
v 1.427024 0.039991 -0.720178
v 1.430624 0.056846 -0.685033
v 1.431984 0.077375 -0.648612
v 1.432487 0.100764 -0.611963
v 1.375643 0.014092 -0.752017
v 1.379055 0.039319 -0.717329
v 1.382037 0.056732 -0.682063
v 1.384507 0.078662 -0.646508
v 1.386976 0.104599 -0.610867
v 1.330024 0.014092 -0.750986
v 1.332377 0.036479 -0.715292
v 1.334939 0.053789 -0.679754
v 1.337959 0.077221 -0.644821
v 1.341739 0.106491 -0.610417
v 1.284942 0.014092 -0.750206
v 1.286538 0.032507 -0.713657
v 1.288631 0.048491 -0.677624
v 1.291841 0.073038 -0.643214
v 1.296494 0.106458 -0.610297
v 1.240332 0.014092 -0.749896
v 1.241526 0.030876 -0.712747
v 1.243065 0.043516 -0.675886
v 1.246133 0.068160 -0.641747
v 1.251100 0.105643 -0.610084
v 1.195975 0.014092 -0.750226
v 1.197285 0.035171 -0.713335
v 1.198744 0.047074 -0.676697
v 1.201996 0.074850 -0.643559
v 1.205351 0.103743 -0.610327
v 1.151538 0.014092 -0.750556
v 1.153140 0.039174 -0.714748
v 1.154605 0.053241 -0.678682
v 1.155943 0.065275 -0.642206
v 1.157327 0.080663 -0.606431
v 1.107284 0.014092 -0.751552
v 1.108375 0.034696 -0.715143
v 1.110305 0.057800 -0.680480
v 1.111882 0.074723 -0.645569
v 1.113323 0.090813 -0.610302
v 1.062795 0.014092 -0.751847
v 1.063255 0.014092 -0.714807
v 1.065353 0.052962 -0.680799
v 1.067489 0.081226 -0.648510
v 1.070413 0.064841 -0.607151
v 1.018458 0.014092 -0.751941
v 1.018820 0.014092 -0.715232
v 1.020036 0.042894 -0.680143
v 1.021710 0.014092 -0.641197
v 1.020164 0.044062 -0.605052
v 0.974125 0.014092 -0.751815
v 0.974465 0.014092 -0.715130
v 0.974343 0.014092 -0.675917
v 0.973257 0.014092 -0.644278
v 0.970907 0.050763 -0.610047
v 0.929771 0.014092 -0.751669
v 0.929734 0.014092 -0.716041
v 0.927836 0.014092 -0.680103
v 0.925017 0.040448 -0.652694
v 0.920415 0.061394 -0.620221
v 0.885403 0.014092 -0.751507
v 0.885510 0.014092 -0.713949
v 0.883496 0.044985 -0.684694
v 0.879933 0.063586 -0.655192
v 0.871737 0.091857 -0.630903
v 0.841029 0.014092 -0.751341
v 0.841161 0.014092 -0.715629
v 0.840454 0.047978 -0.682935
v 0.836379 0.086032 -0.656555
v 0.830634 0.119848 -0.629785
v 0.796651 0.014092 -0.751175
v 0.796826 0.014092 -0.714940
v 0.796723 0.047912 -0.680728
v 0.795353 0.089857 -0.652005
v 0.791598 0.161446 -0.630275
v 0.752276 0.014092 -0.751009
v 0.752519 0.014092 -0.714242
v 0.752680 0.047298 -0.678305
v 0.752626 0.076284 -0.643953
v 0.748471 0.145114 -0.618690
v 0.707916 0.014092 -0.750835
v 0.708147 0.014092 -0.713977
v 0.708945 0.046595 -0.674950
v 0.709098 0.074385 -0.639157
v 0.699136 0.172405 -0.614892
v 0.663562 0.014092 -0.750696
v 0.663835 0.014092 -0.713625
v 0.663990 0.053579 -0.677038
v 0.664344 0.084111 -0.640256
v 0.658349 0.157235 -0.610231
v 0.619208 0.014092 -0.750630
v 0.619487 0.014092 -0.713395
v 0.619727 0.054180 -0.676497
v 0.619875 0.088138 -0.640075
v 0.617974 0.141526 -0.606296
v 0.574894 0.014092 -0.750586
v 0.575058 0.014092 -0.713440
v 0.575417 0.051621 -0.676087
v 0.575613 0.086009 -0.639410
v 0.575696 0.129180 -0.603191
v 0.530621 0.014092 -0.750584
v 0.530676 0.014092 -0.713512
v 0.530912 0.046509 -0.676234
v 0.531240 0.079040 -0.639029
v 0.530242 0.132679 -0.603133
v 0.486373 0.014092 -0.750593
v 0.486401 0.014092 -0.713511
v 0.486459 0.038333 -0.676443
v 0.483868 0.091571 -0.641393
v 0.480844 0.181237 -0.606584
v 0.442145 0.014092 -0.750596
v 0.442154 0.014092 -0.713520
v 0.441787 0.035874 -0.677715
v 0.439073 0.100337 -0.645759
v 0.433445 0.201265 -0.612163
v 0.397797 0.014092 -0.751049
v 0.397321 0.014092 -0.715578
v 0.396119 0.055294 -0.682330
v 0.392361 0.138263 -0.654178
v 0.386007 0.258424 -0.618488
v 0.353315 0.014092 -0.751937
v 0.352454 0.014092 -0.717576
v 0.350249 0.081722 -0.687389
v 0.344607 0.154965 -0.657712
v 0.343580 0.260526 -0.625441
v 0.309135 0.014092 -0.751701
v 0.307168 0.055603 -0.720849
v 0.303725 0.102647 -0.690335
v 0.301707 0.201860 -0.662433
v 0.299258 0.334175 -0.613510
v 0.264967 0.014092 -0.751746
v 0.263379 0.046025 -0.719580
v 0.259587 0.102849 -0.690534
v 0.257071 0.164999 -0.649825
v 0.250979 0.357906 -0.602141
v 0.220536 0.014092 -0.752528
v 0.220281 0.014092 -0.716301
v 0.216334 0.103213 -0.690420
v 0.212753 0.183809 -0.632793
v 0.204985 0.362437 -0.588779
v 0.176367 0.014092 -0.752363
v 0.175715 0.014092 -0.717236
v 0.156076 0.148549 -0.640467
v 0.165140 0.221827 -0.620428
v 0.160986 0.351224 -0.590818
v 0.132636 0.014092 -0.750623
v 0.121597 0.053777 -0.691954
v 0.118292 0.117874 -0.652885
v 0.118026 0.248954 -0.612675
v 0.113784 0.403303 -0.608105
v 0.088381 0.014092 -0.750722
v 0.085365 0.036595 -0.712974
v 0.076370 0.111649 -0.666754
v 0.072907 0.265178 -0.620783
v 0.070696 0.416062 -0.612268
v 0.044168 0.014092 -0.750717
v 0.042543 0.014092 -0.716265
v 0.037151 0.100491 -0.681088
v 0.028708 0.288667 -0.639192
v 0.029339 0.421142 -0.616130
v 0.000000 0.014092 -0.750596
v -0.000707 0.014092 -0.715387
v -0.004883 0.114540 -0.687328
v -0.012421 0.342704 -0.658762
v -0.016821 0.473767 -0.610859
v -0.044214 0.014092 -0.750596
v -0.044828 0.014092 -0.713617
v -0.055084 0.174295 -0.677588
v -0.056014 0.354356 -0.655970
v -0.056155 0.486340 -0.613125
v -0.088429 0.014092 -0.750596
v -0.088452 0.014092 -0.713479
v -0.097104 0.169972 -0.674565
v -0.096336 0.372411 -0.653002
v -0.091344 0.474349 -0.616446
v -0.132644 0.014092 -0.750596
v -0.132641 0.014092 -0.713485
v -0.140363 0.150744 -0.672796
v -0.133996 0.335791 -0.656269
v -0.127393 0.452252 -0.621259
v -0.176858 0.014092 -0.750596
v -0.176780 0.014092 -0.713488
v -0.186389 0.173036 -0.669641
v -0.175271 0.339700 -0.654536
v -0.161899 0.424963 -0.625593
v -0.221015 0.014092 -0.750619
v -0.220529 0.014092 -0.713674
v -0.219758 0.014092 -0.676698
v -0.210312 0.234337 -0.657308
v -0.196284 0.400792 -0.627866
v -0.265014 0.014092 -0.750719
v -0.264040 0.014092 -0.714036
v -0.262743 0.014092 -0.677433
v -0.249298 0.167670 -0.657623
v -0.229208 0.353608 -0.627272
v -0.309055 0.014092 -0.750819
v -0.307725 0.014092 -0.714662
v -0.306195 0.060372 -0.678525
v -0.294817 0.185911 -0.652676
v -0.273085 0.333359 -0.612820
v -0.353303 0.014092 -0.750873
v -0.352083 0.043475 -0.715776
v -0.351345 0.138894 -0.681698
v -0.347734 0.232464 -0.645429
v -0.333624 0.330045 -0.589217
v -0.397735 0.014092 -0.751318
v -0.397306 0.075028 -0.717718
v -0.398096 0.210436 -0.684347
v -0.400210 0.270877 -0.629502
v -0.394363 0.339823 -0.574638
v -0.442097 0.014092 -0.751981
v -0.442735 0.098939 -0.719101
v -0.446299 0.251262 -0.683807
v -0.439539 0.266343 -0.602522
v -0.443210 0.351973 -0.562554
v -0.486376 0.014092 -0.752146
v -0.487857 0.108559 -0.719412
v -0.493225 0.273355 -0.687663
v -0.474968 0.261616 -0.594576
v -0.477247 0.347266 -0.555687
v -0.530623 0.014092 -0.751663
v -0.532617 0.107503 -0.718691
v -0.537507 0.243575 -0.685410
v -0.510248 0.237520 -0.599618
v -0.509130 0.312822 -0.558418
v -0.574906 0.014092 -0.751131
v -0.576881 0.094754 -0.717301
v -0.581214 0.188514 -0.682943
v -0.559592 0.209358 -0.624922
v -0.549893 0.248001 -0.568672
v -0.619314 0.014092 -0.751248
v -0.620924 0.081799 -0.716330
v -0.623896 0.142154 -0.680605
v -0.620361 0.185418 -0.639822
v -0.598583 0.178604 -0.583882
v -0.663820 0.014092 -0.751844
v -0.664861 0.075528 -0.716209
v -0.667169 0.121491 -0.680257
v -0.664353 0.148729 -0.641040
v -0.644980 0.134410 -0.591998
v -0.707704 0.014092 -0.751154
v -0.708677 0.064339 -0.715945
v -0.707062 0.095992 -0.679291
v -0.700403 0.098905 -0.639753
v -0.688034 0.093685 -0.594980
v -0.751753 0.014092 -0.750823
v -0.752355 0.038713 -0.714888
v -0.746688 0.049425 -0.677540
v -0.741117 0.050055 -0.638155
v -0.734686 0.055559 -0.598113
v -0.795867 0.014092 -0.750608
v -0.795918 0.014092 -0.713644
v -0.794854 0.014092 -0.676742
v -0.786317 0.014092 -0.637320
v -0.783987 0.014092 -0.598565
v -0.840076 0.014092 -0.750596
v -0.840076 0.014092 -0.713522
v -0.840077 0.014092 -0.676448
v -0.834010 0.014092 -0.637363
v -0.834270 0.014092 -0.599263
v -0.884290 0.014092 -0.750596
v -0.884290 0.014092 -0.713522
v -0.884290 0.014092 -0.676447
v -0.884193 0.014092 -0.639349
v -0.878748 0.014092 -0.598686
v -0.928505 0.014092 -0.750596
v -0.928505 0.014092 -0.713522
v -0.928505 0.014092 -0.676447
v -0.928505 0.014092 -0.639372
v -0.928372 0.014092 -0.602146
v -0.972719 0.014092 -0.750596
v -0.972719 0.014092 -0.713522
v -0.972719 0.014092 -0.676447
v -0.972719 0.014092 -0.639372
v -0.972719 0.014092 -0.602298
v -1.016934 0.014092 -0.750596
v -1.016934 0.014092 -0.713522
v -1.016934 0.014092 -0.676447
v -1.016934 0.014092 -0.639372
v -1.016934 0.039694 -0.602298
v -1.061148 0.014092 -0.750596
v -1.061148 0.014092 -0.713522
v -1.061148 0.014092 -0.676447
v -1.061148 0.014092 -0.639372
v -1.061148 0.048534 -0.602298
v -1.105363 0.014092 -0.750596
v -1.105363 0.014092 -0.713522
v -1.105363 0.014092 -0.676447
v -1.105363 0.014092 -0.639372
v -1.105363 0.051278 -0.602298
v -1.149577 0.014092 -0.750596
v -1.149577 0.014092 -0.713522
v -1.149577 0.014092 -0.676447
v -1.149577 0.014092 -0.639372
v -1.149577 0.046719 -0.602298
v -1.193792 0.014092 -0.750596
v -1.193792 0.014092 -0.713522
v -1.193792 0.014092 -0.676447
v -1.193792 0.014092 -0.639372
v -1.193792 0.037067 -0.602298
v -1.238007 0.014092 -0.750596
v -1.238007 0.014092 -0.713521
v -1.238007 0.014092 -0.676447
v -1.238007 0.014092 -0.639372
v -1.238007 0.014092 -0.602298
v -1.282221 0.014092 -0.750596
v -1.282221 0.014092 -0.713522
v -1.282221 0.014092 -0.676447
v -1.282221 0.014092 -0.639372
v -1.282221 0.014092 -0.602298
v -1.326436 0.014092 -0.750596
v -1.326436 0.014092 -0.713522
v -1.326436 0.014092 -0.676447
v -1.326436 0.014092 -0.639372
v -1.326436 0.014092 -0.602298
v -1.370650 0.014092 -0.750596
v -1.370650 0.014092 -0.713522
v -1.370650 0.014092 -0.676447
v -1.370650 0.014092 -0.639372
v -1.370650 0.014092 -0.602298
v -1.414865 0.014092 -0.750596
v -1.414865 0.014092 -0.713522
v -1.414865 0.014092 -0.676447
v -1.414865 0.014092 -0.639372
v -1.414865 0.014092 -0.602298
v -1.459079 0.014092 -0.750596
v -1.459079 0.014092 -0.713522
v -1.459079 0.014092 -0.676447
v -1.459079 0.014092 -0.639372
v -1.459079 0.014092 -0.602298
v 1.763716 0.014092 -0.570649
v 1.737944 0.014092 -0.602670
v 1.704000 0.014092 -0.646607
v 1.641477 0.049718 -0.655487
v 1.589328 0.077383 -0.613047
v 1.597201 0.095651 -0.556735
v 1.641335 0.074037 -0.567105
v 1.687081 0.053386 -0.557243
v 1.724270 0.034202 -0.535506
v 1.760277 0.014092 -0.523456
v 1.601839 0.114818 -0.502936
v 1.643229 0.094911 -0.503263
v 1.684647 0.073395 -0.495741
v 1.723030 0.049179 -0.485584
v 1.761295 0.014092 -0.480095
v 1.606077 0.132160 -0.453836
v 1.646752 0.112934 -0.451742
v 1.686828 0.090762 -0.446899
v 1.725112 0.063301 -0.441615
v 1.763018 0.031312 -0.437463
v 1.609626 0.146030 -0.407813
v 1.650171 0.127234 -0.405704
v 1.689720 0.104524 -0.402602
v 1.727731 0.075104 -0.398992
v 1.764940 0.038940 -0.394966
v 1.612206 0.155675 -0.363044
v 1.652887 0.137269 -0.361429
v 1.692405 0.114317 -0.359243
v 1.730367 0.084018 -0.356310
v 1.767007 0.045649 -0.352383
v 1.614017 0.161318 -0.318416
v 1.655055 0.143399 -0.317276
v 1.694860 0.120615 -0.315654
v 1.732977 0.090209 -0.313221
v 1.769228 0.050805 -0.309577
v 1.615336 0.163784 -0.273467
v 1.656864 0.146494 -0.272739
v 1.697097 0.124226 -0.271559
v 1.735472 0.094272 -0.269555
v 1.771441 0.054851 -0.266248
v 1.616283 0.163994 -0.228083
v 1.658328 0.147361 -0.227728
v 1.699014 0.125795 -0.226917
v 1.737646 0.096712 -0.225263
v 1.773334 0.058106 -0.222285
v 1.616806 0.162613 -0.182270
v 1.659354 0.146562 -0.182279
v 1.700454 0.125680 -0.181792
v 1.739282 0.097581 -0.180442
v 1.774686 0.060099 -0.177823
v 1.616775 0.160112 -0.136097
v 1.659810 0.144439 -0.136480
v 1.701270 0.124031 -0.136299
v 1.740241 0.096740 -0.135246
v 1.775436 0.060423 -0.133034
v 1.616069 0.156919 -0.089694
v 1.659606 0.141329 -0.090460
v 1.701405 0.121127 -0.090577
v 1.740515 0.094441 -0.089828
v 1.775644 0.059369 -0.088057
v 1.614667 0.153490 -0.043244
v 1.658761 0.137658 -0.044374
v 1.700924 0.117461 -0.044785
v 1.740245 0.091326 -0.044358
v 1.775503 0.057618 -0.043059
v 1.612721 0.150171 0.003056
v 1.657433 0.133840 0.001606
v 1.700016 0.113572 0.000913
v 1.739657 0.088019 0.000999
v 1.775216 0.055705 0.001805
v 1.610552 0.147022 0.049012
v 1.655879 0.130099 0.047324
v 1.698913 0.109777 0.046377
v 1.738955 0.084836 0.046120
v 1.774905 0.053847 0.046430
v 1.608528 0.143837 0.094498
v 1.654363 0.126414 0.092678
v 1.697802 0.106104 0.091521
v 1.738240 0.081768 0.090938
v 1.774595 0.052009 0.090758
v 1.606852 0.140227 0.139490
v 1.652951 0.122449 0.137634
v 1.696659 0.102224 0.136313
v 1.737429 0.078499 0.135425
v 1.774194 0.049957 0.134772
v 1.605525 0.135803 0.184015
v 1.651459 0.117663 0.182187
v 1.695157 0.097478 0.180738
v 1.736082 0.074306 0.179565
v 1.773278 0.047124 0.178468
v 1.604331 0.130161 0.228085
v 1.649672 0.111639 0.226320
v 1.693021 0.091401 0.224782
v 1.733857 0.068710 0.223360
v 1.771488 0.043147 0.221899
v 1.602996 0.123087 0.271671
v 1.647606 0.104479 0.270047
v 1.690419 0.084276 0.268495
v 1.731037 0.062152 0.266920
v 1.769167 0.038499 0.265250
v 1.601430 0.114955 0.314815
v 1.645426 0.096669 0.313475
v 1.687787 0.076848 0.311997
v 1.728281 0.055625 0.310393
v 1.767026 0.034108 0.308697
v 1.599625 0.106338 0.357915
v 1.643250 0.088645 0.357014
v 1.685403 0.069576 0.355553
v 1.725951 0.049634 0.353886
v 1.765360 0.030402 0.352257
v 1.597463 0.097470 0.402107
v 1.641061 0.080483 0.401780
v 1.683352 0.062430 0.399935
v 1.724087 0.044069 0.397652
v 1.764078 0.014092 0.395885
v 1.594996 0.088377 0.448864
v 1.638931 0.071981 0.449749
v 1.681832 0.055053 0.446914
v 1.722784 0.038520 0.442509
v 1.763024 0.014092 0.439646
v 1.592424 0.079105 0.499354
v 1.637348 0.062883 0.503701
v 1.681861 0.046932 0.499661
v 1.722797 0.032543 0.490376
v 1.762257 0.014092 0.483930
v 1.589119 0.069887 0.554090
v 1.636666 0.052714 0.568538
v 1.686391 0.037262 0.563776
v 1.726784 0.014092 0.545041
v 1.762659 0.014092 0.529892
v 1.581322 0.061899 0.610417
v 1.635420 0.040283 0.655499
v 1.703756 0.014092 0.652268
v 1.742439 0.014092 0.615119
v 1.769167 0.014092 0.581640
v -1.589490 0.014092 -0.565223
v -1.631473 0.014092 -0.565223
v -1.673455 0.014092 -0.565223
v -1.715437 0.014092 -0.565223
v -1.757419 0.014092 -0.565223
v -1.757419 0.014092 -0.521564
v -1.715437 0.014092 -0.521564
v -1.673455 0.014092 -0.521564
v -1.631472 0.014092 -0.521564
v -1.589490 0.014092 -0.521563
v -1.757419 0.014092 -0.477904
v -1.715437 0.014092 -0.477904
v -1.673455 0.014092 -0.477904
v -1.631472 0.014092 -0.477904
v -1.589490 0.014092 -0.477904
v -1.757419 0.014092 -0.434245
v -1.715437 0.014092 -0.434245
v -1.673455 0.014092 -0.434245
v -1.631472 0.014092 -0.434245
v -1.589490 0.014092 -0.434244
v -1.757419 0.014092 -0.390585
v -1.715437 0.014092 -0.390585
v -1.673455 0.014092 -0.390585
v -1.631472 0.014092 -0.390585
v -1.589490 0.014092 -0.390585
v -1.757419 0.014092 -0.346925
v -1.715437 0.014092 -0.346925
v -1.673455 0.014092 -0.346925
v -1.631472 0.014092 -0.346925
v -1.589490 0.014092 -0.346925
v -1.757419 0.014092 -0.303266
v -1.715437 0.014092 -0.303266
v -1.673455 0.014092 -0.303266
v -1.631473 0.014092 -0.303266
v -1.589491 0.014092 -0.303266
v -1.757419 0.014092 -0.259606
v -1.715437 0.014092 -0.259606
v -1.673457 0.014092 -0.259605
v -1.631495 0.014092 -0.259597
v -1.589526 0.014092 -0.259592
v -1.757419 0.014092 -0.215947
v -1.715437 0.014092 -0.215947
v -1.673476 0.036714 -0.215937
v -1.631553 0.084079 -0.215910
v -1.589605 0.092948 -0.215895
v -1.757419 0.014092 -0.172287
v -1.715438 0.014092 -0.172287
v -1.673487 0.074174 -0.172271
v -1.631571 0.134244 -0.172239
v -1.589632 0.142469 -0.172219
v -1.757419 0.014092 -0.128628
v -1.715437 0.014092 -0.128628
v -1.673471 0.084977 -0.128618
v -1.631535 0.144045 -0.128585
v -1.589434 0.154577 -0.128366
v -1.757419 0.014092 -0.084968
v -1.715437 0.014092 -0.084968
v -1.673413 0.067875 -0.084796
v -1.631177 0.126478 -0.084302
v -1.588629 0.144791 -0.083470
v -1.757421 0.014092 -0.041309
v -1.715462 0.014092 -0.041178
v -1.673306 0.049743 -0.040454
v -1.630651 0.097737 -0.039202
v -1.587659 0.118230 -0.037789
v -1.757450 0.014092 0.002372
v -1.715519 0.014092 0.002695
v -1.673336 0.045330 0.003705
v -1.630608 0.075499 0.005302
v -1.587296 0.095156 0.007106
v -1.757480 0.014092 0.046051
v -1.715582 0.014092 0.046394
v -1.673496 0.048278 0.047305
v -1.630958 0.068809 0.048656
v -1.587487 0.088404 0.050335
v -1.757480 0.014092 0.089697
v -1.715596 0.014092 0.089915
v -1.673630 0.041301 0.090477
v -1.631196 0.059823 0.091279
v -1.587745 0.081636 0.092307
v -1.757452 0.014092 0.133331
v -1.715543 0.014092 0.133406
v -1.673609 0.014092 0.133615
v -1.631214 0.046360 0.133825
v -1.587795 0.073410 0.133974
v -1.757425 0.014092 0.176988
v -1.715471 0.014092 0.176992
v -1.673513 0.014092 0.177007
v -1.631188 0.037479 0.176836
v -1.587721 0.073017 0.176301
v -1.757419 0.014092 0.220648
v -1.715439 0.014092 0.220646
v -1.673483 0.014092 0.220594
v -1.631265 0.038027 0.220325
v -1.587928 0.082813 0.219657
v -1.757419 0.014092 0.264308
v -1.715439 0.014092 0.264304
v -1.673517 0.014092 0.264217
v -1.631634 0.047441 0.264141
v -1.588830 0.094804 0.263723
v -1.757419 0.014092 0.307967
v -1.715441 0.014092 0.307962
v -1.673821 0.014092 0.307971
v -1.632460 0.057839 0.308092
v -1.590357 0.102018 0.308064
v -1.757419 0.014092 0.351627
v -1.715541 0.014092 0.351651
v -1.674386 0.014092 0.351795
v -1.633513 0.061800 0.352045
v -1.591975 0.102782 0.352229
v -1.757419 0.014092 0.395286
v -1.715703 0.014092 0.395336
v -1.674771 0.014092 0.395552
v -1.634153 0.056665 0.395855
v -1.593002 0.092902 0.396134
v -1.757419 0.014092 0.438946
v -1.715718 0.014092 0.438988
v -1.674702 0.014092 0.439174
v -1.634049 0.046791 0.439546
v -1.593139 0.078877 0.440074
v -1.757419 0.014092 0.482605
v -1.715587 0.014092 0.482622
v -1.674266 0.014092 0.482738
v -1.633415 0.014092 0.483257
v -1.592435 0.062014 0.483956
v -1.757419 0.014092 0.526265
v -1.715459 0.014092 0.526267
v -1.673787 0.014092 0.526351
v -1.632580 0.014092 0.526882
v -1.591383 0.043141 0.527609
v -1.757419 0.014092 0.569924
v -1.715437 0.014092 0.569924
v -1.673501 0.014092 0.569956
v -1.631920 0.014092 0.570365
v -1.590455 0.014092 0.570971
v 0.024705 0.325058 0.002896
v 0.066614 0.395465 0.002896
v 0.066614 0.254651 0.002896
v 0.108524 0.325058 0.002896
v 0.066614 0.278351 0.002896
v 0.038812 0.325058 0.002896
v 0.066614 0.371764 0.002896
v 0.094416 0.325058 0.002896
v 0.066614 0.300467 0.002896
v 0.051977 0.325058 0.002896
v 0.066614 0.349649 0.002896
v 0.081252 0.325058 0.002896
vt 0.000000 0.000000
vt 0.000000 0.000000
vt 0.000000 0.000000
vt 0.000000 0.000000
vt 1.000000 0.000000
vt 1.000000 0.000000
vt 1.000000 1.000000
vt 1.000000 1.000000
vt 0.000000 1.000000
vt 0.000000 1.000000
vt 0.000000 0.000000
vt 0.000000 0.000000
vt 0.774173 -0.293724
vt 0.753751 -0.291985
vt 0.748150 -0.312135
vt 0.768080 -0.314823
vt 0.155547 -0.292545
vt 0.202363 -0.337868
vt 0.173340 -0.294019
vt 0.115916 1.290754
vt 0.207906 1.253236
vt 0.207660 1.273972
vt 0.779446 -0.272280
vt 0.759225 -0.271205
vt 0.213033 -0.273709
vt 0.192456 -0.275546
vt 0.190740 -0.296162
vt 0.208755 -0.297858
vt 0.787268 1.184787
vt 0.768675 1.184893
vt 0.768555 1.162639
vt 0.787224 1.162657
vt 0.768780 1.140315
vt 0.787343 1.140519
vt 0.769179 1.118254
vt 0.787578 1.118517
vt 0.769512 1.096364
vt 0.787804 1.096638
vt 0.769505 1.074559
vt 0.787863 1.074806
vt 0.769179 1.052794
vt 0.787684 1.052963
vt 0.768408 1.030935
vt 0.787254 1.031039
vt 0.767585 1.009032
vt 0.786757 1.009052
vt 0.767170 0.987057
vt 0.786480 0.987024
vt 0.767321 0.964886
vt 0.786657 0.964937
vt 0.768382 0.942571
vt 0.787294 0.942760
vt 0.769524 0.920440
vt 0.788038 0.920671
vt 0.770437 0.898513
vt 0.788635 0.898751
vt 0.770970 0.876929
vt 0.788956 0.877052
vt 0.771068 0.855618
vt 0.788978 0.855502
vt 0.771640 0.832208
vt 0.789474 0.832764
vt 0.771747 0.808310
vt 0.789420 0.808496
vt 0.771907 0.787236
vt 0.789515 0.787166
vt 0.771884 0.766379
vt 0.789429 0.765998
vt 0.771127 0.745005
vt 0.788779 0.744119
vt 0.768975 0.718664
vt 0.785884 0.718158
vt 0.768438 0.695869
vt 0.783206 0.695908
vt 0.769588 0.679234
vt 0.783101 0.679152
vt 0.771650 0.662939
vt 0.785237 0.662992
vt 0.774257 0.642964
vt 0.788733 0.643807
vt 0.777475 0.618127
vt 0.793160 0.620493
vt 0.781639 0.589298
vt 0.798774 0.591089
vt 0.786175 0.562307
vt 0.802677 0.563755
vt 0.787965 0.542824
vt 0.804342 0.543778
vt 0.789249 0.522987
vt 0.805449 0.523713
vt 0.790063 0.503109
vt 0.806108 0.503716
vt 0.790330 0.484198
vt 0.806573 0.483855
vt 0.790279 0.462037
vt 0.807639 0.463240
vt 0.785913 0.435817
vt 0.805561 0.437461
vt 0.784963 0.415147
vt 0.804840 0.415268
vt 0.784698 0.394402
vt 0.804972 0.393600
vt 0.784510 0.373067
vt 0.805138 0.372404
vt 0.784127 0.352026
vt 0.804674 0.351144
vt 0.783281 0.331902
vt 0.804726 0.330629
vt 0.782405 0.312369
vt 0.809805 0.309767
vt 0.783427 0.291600
vt 0.812885 0.288461
vt 0.787283 0.269046
vt 0.813106 0.267350
vt 0.788363 0.246516
vt 0.811936 0.245890
vt 0.789325 0.223037
vt 0.812742 0.222537
vt 0.789618 0.200349
vt 0.815089 0.198324
vt 0.794344 0.176100
vt 0.817173 0.175282
vt 0.798120 0.153588
vt 0.817941 0.153779
vt 0.797326 0.134394
vt 0.817548 0.133445
vt 0.796023 0.115687
vt 0.816587 0.113676
vt 0.794969 0.095422
vt 0.815505 0.093800
vt 0.795279 0.074419
vt 0.823707 0.071604
vt 0.798697 0.052936
vt 0.822884 0.051201
vt 0.804941 0.031323
vt 0.820165 0.030239
vt 0.802499 0.010475
vt 0.818923 0.009715
vt 0.801225 -0.011525
vt 0.819881 -0.012795
vt 0.800776 -0.032385
vt 0.817837 -0.034395
vt 0.801803 -0.056735
vt 0.817977 -0.058476
vt 0.802513 -0.078200
vt 0.817781 -0.082522
vt 0.802425 -0.100731
vt 0.815880 -0.101393
vt 0.798310 -0.119169
vt 0.813047 -0.119701
vt 0.785214 -0.144899
vt 0.807024 -0.142771
vt 0.779933 -0.165901
vt 0.802233 -0.164636
vt 0.776992 -0.186356
vt 0.798431 -0.185650
vt 0.773501 -0.207174
vt 0.794439 -0.206883
vt 0.768222 -0.228450
vt 0.790295 -0.228332
vt 0.763397 -0.249899
vt 0.785260 -0.250080
vt 0.787431 1.206880
vt 0.768908 1.207066
vt 0.116616 1.209615
vt 0.097480 1.209309
vt 0.097803 1.187336
vt 0.116956 1.187610
vt 0.098111 1.165330
vt 0.117253 1.165613
vt 0.098453 1.143327
vt 0.117597 1.143631
vt 0.098814 1.121329
vt 0.117959 1.121645
vt 0.099180 1.099336
vt 0.118323 1.099652
vt 0.099546 1.077347
vt 0.118722 1.077631
vt 0.099917 1.055320
vt 0.119195 1.055573
vt 0.100321 1.033246
vt 0.119735 1.033525
vt 0.100793 1.011186
vt 0.120272 1.011567
vt 0.101338 0.989230
vt 0.120681 0.989750
vt 0.101883 0.967426
vt 0.121047 0.967966
vt 0.102267 0.945697
vt 0.121306 0.945976
vt 0.102390 0.923833
vt 0.121555 0.923801
vt 0.102221 0.901902
vt 0.120909 0.901718
vt 0.101967 0.879964
vt 0.120203 0.879702
vt 0.101733 0.858033
vt 0.119934 0.857769
vt 0.101618 0.836066
vt 0.119833 0.835760
vt 0.101627 0.814075
vt 0.119922 0.813722
vt 0.101704 0.792081
vt 0.120077 0.791676
vt 0.101796 0.770104
vt 0.120231 0.769640
vt 0.101863 0.748157
vt 0.120366 0.747643
vt 0.101867 0.726225
vt 0.120502 0.725724
vt 0.101780 0.704304
vt 0.120656 0.703905
vt 0.101590 0.682407
vt 0.120626 0.682082
vt 0.101303 0.660532
vt 0.120363 0.660213
vt 0.100945 0.638672
vt 0.119981 0.638338
vt 0.100558 0.616824
vt 0.119570 0.616483
vt 0.100183 0.594983
vt 0.119171 0.594665
vt 0.099854 0.573163
vt 0.118804 0.572891
vt 0.099577 0.551377
vt 0.118505 0.551161
vt 0.099379 0.529614
vt 0.118297 0.529473
vt 0.099271 0.507872
vt 0.118191 0.507821
vt 0.099271 0.486137
vt 0.118196 0.486191
vt 0.099401 0.464404
vt 0.118328 0.464579
vt 0.099707 0.442692
vt 0.118562 0.443003
vt 0.100174 0.421037
vt 0.118947 0.421465
vt 0.100768 0.399481
vt 0.119498 0.399960
vt 0.101316 0.378068
vt 0.119852 0.378498
vt 0.101579 0.356761
vt 0.119447 0.357176
vt 0.101553 0.335423
vt 0.118327 0.336103
vt 0.101397 0.313999
vt 0.117311 0.315075
vt 0.101097 0.292743
vt 0.116554 0.293863
vt 0.100609 0.271374
vt 0.115650 0.272597
vt 0.099890 0.249689
vt 0.114970 0.251101
vt 0.099098 0.228312
vt 0.114536 0.229353
vt 0.098604 0.206887
vt 0.112888 0.207484
vt 0.098335 0.185760
vt 0.112444 0.185569
vt 0.098393 0.164442
vt 0.110682 0.164054
vt 0.098410 0.143318
vt 0.109950 0.142938
vt 0.098436 0.122361
vt 0.109132 0.122031
vt 0.098407 0.101467
vt 0.108465 0.101154
vt 0.098255 0.080780
vt 0.107960 0.080488
vt 0.098219 0.060139
vt 0.106945 0.060074
vt 0.098271 0.039695
vt 0.106272 0.039690
vt 0.098450 0.019357
vt 0.106434 0.019456
vt 0.098598 -0.000950
vt 0.108003 -0.001080
vt 0.098365 -0.021537
vt 0.112380 -0.021974
vt 0.098135 -0.041780
vt 0.115211 -0.042170
vt 0.097479 -0.061855
vt 0.114657 -0.062074
vt 0.097721 -0.082281
vt 0.115380 -0.081635
vt 0.098814 -0.102938
vt 0.116824 -0.102139
vt 0.099698 -0.123594
vt 0.116206 -0.123386
vt 0.100554 -0.144161
vt 0.117389 -0.143770
vt 0.101599 -0.165006
vt 0.117921 -0.165087
vt 0.102671 -0.185499
vt 0.118552 -0.186213
vt 0.103570 -0.205965
vt 0.120486 -0.205955
vt 0.104368 -0.226600
vt 0.121868 -0.226297
vt 0.104808 -0.247238
vt 0.122662 -0.247568
vt 0.104556 -0.267765
vt 0.122373 -0.268457
vt 0.103790 -0.288299
vt 0.121784 -0.289163
vt 0.805926 -0.320507
vt 0.787469 -0.317741
vt 0.753643 -0.363038
vt 0.747070 1.207372
vt 0.746709 1.185125
vt 0.725244 1.207789
vt 0.724720 1.185695
vt 0.703527 1.208279
vt 0.702957 1.186388
vt 0.681944 1.208745
vt 0.681458 1.186990
vt 0.660471 1.209121
vt 0.660083 1.187456
vt 0.639136 1.209354
vt 0.638908 1.187832
vt 0.617801 1.209229
vt 0.618081 1.188055
vt 0.594981 1.209514
vt 0.597875 1.187974
vt 0.572638 1.209774
vt 0.575814 1.187123
vt 0.551268 1.209258
vt 0.551039 1.186500
vt 0.529285 1.208075
vt 0.526578 1.186040
vt 0.506211 1.207442
vt 0.503723 1.184730
vt 0.483503 1.207583
vt 0.482002 1.183292
vt 0.461906 1.208207
vt 0.461137 1.182552
vt 0.441222 1.208954
vt 0.441025 1.182731
vt 0.420846 1.209589
vt 0.421078 1.183464
vt 0.400156 1.210045
vt 0.400487 1.185161
vt 0.379252 1.210281
vt 0.379812 1.187485
vt 0.358678 1.210669
vt 0.359382 1.189354
vt 0.338106 1.211364
vt 0.338840 1.190315
vt 0.317300 1.212054
vt 0.317853 1.190611
vt 0.296181 1.212488
vt 0.296632 1.190622
vt 0.274656 1.212538
vt 0.275181 1.190479
vt 0.252883 1.212242
vt 0.253632 1.190059
vt 0.230933 1.211825
vt 0.231942 1.189587
vt 0.208854 1.211450
vt 0.209877 1.189281
vt 0.746200 1.162504
vt 0.723978 1.163494
vt 0.702225 1.164638
vt 0.680771 1.165256
vt 0.659387 1.165485
vt 0.638313 1.165766
vt 0.617864 1.166446
vt 0.597295 1.167461
vt 0.572822 1.166969
vt 0.545793 1.166317
vt 0.521747 1.164176
vt 0.499951 1.161937
vt 0.479672 1.158930
vt 0.460349 1.156797
vt 0.441438 1.155922
vt 0.422450 1.155664
vt 0.402737 1.157046
vt 0.382000 1.160924
vt 0.360643 1.165483
vt 0.339391 1.167762
vt 0.318213 1.167980
vt 0.297115 1.168018
vt 0.275737 1.168128
vt 0.254312 1.167941
vt 0.232937 1.167592
vt 0.210978 1.167293
vt 0.746967 1.140150
vt 0.724241 1.140778
vt 0.702158 1.141261
vt 0.680111 1.140611
vt 0.658493 1.139538
vt 0.637548 1.138906
vt 0.617291 1.139285
vt 0.596010 1.140326
vt 0.570510 1.139784
vt 0.544740 1.140882
vt 0.514775 1.142454
vt 0.494604 1.140459
vt 0.476357 1.138382
vt 0.458836 1.137261
vt 0.440891 1.135990
vt 0.422606 1.134387
vt 0.403633 1.134120
vt 0.383409 1.135914
vt 0.361932 1.139766
vt 0.340225 1.143231
vt 0.319073 1.144700
vt 0.297935 1.145493
vt 0.276363 1.145972
vt 0.254798 1.146201
vt 0.233678 1.146034
vt 0.211767 1.145544
vt 0.747494 1.118150
vt 0.723191 1.117878
vt 0.700955 1.117633
vt 0.678690 1.116053
vt 0.656876 1.114098
vt 0.635826 1.112568
vt 0.615746 1.111900
vt 0.595039 1.112100
vt 0.572836 1.112648
vt 0.551602 1.116092
vt 0.509050 1.121737
vt 0.490137 1.122061
vt 0.473921 1.122410
vt 0.457495 1.122598
vt 0.439592 1.121425
vt 0.421350 1.119628
vt 0.402582 1.118003
vt 0.382955 1.117509
vt 0.362231 1.118893
vt 0.341062 1.121239
vt 0.320210 1.122895
vt 0.298603 1.123889
vt 0.276501 1.124452
vt 0.255044 1.124767
vt 0.233904 1.124511
vt 0.211994 1.123809
vt 0.748123 1.096018
vt 0.721314 1.094723
vt 0.699349 1.093805
vt 0.676829 1.092008
vt 0.654650 1.090204
vt 0.633374 1.088862
vt 0.613207 1.088346
vt 0.592187 1.089216
vt 0.570486 1.091365
vt 0.549914 1.094609
vt 0.506715 1.101512
vt 0.488703 1.105270
vt 0.472722 1.107201
vt 0.456601 1.106698
vt 0.438634 1.106151
vt 0.419979 1.104352
vt 0.401098 1.101928
vt 0.381655 1.100376
vt 0.361611 1.100108
vt 0.341042 1.100935
vt 0.320242 1.102008
vt 0.298845 1.102497
vt 0.277060 1.102504
vt 0.255315 1.102664
vt 0.233797 1.102466
vt 0.211852 1.101763
vt 0.747979 1.073882
vt 0.719949 1.073102
vt 0.697429 1.071730
vt 0.674555 1.069784
vt 0.652294 1.067938
vt 0.631117 1.066663
vt 0.611095 1.066286
vt 0.590280 1.067678
vt 0.569568 1.070157
vt 0.548785 1.073164
vt 0.508494 1.082088
vt 0.489946 1.087186
vt 0.472415 1.089421
vt 0.455963 1.088931
vt 0.437854 1.087077
vt 0.418923 1.085053
vt 0.399854 1.082899
vt 0.380453 1.081165
vt 0.360613 1.080284
vt 0.340357 1.080179
vt 0.319566 1.080508
vt 0.298344 1.080811
vt 0.276935 1.080651
vt 0.255418 1.080212
vt 0.233663 1.079885
vt 0.211685 1.079376
vt 0.747471 1.052325
vt 0.718271 1.051750
vt 0.695540 1.050243
vt 0.672783 1.048321
vt 0.650809 1.046577
vt 0.629929 1.045446
vt 0.610024 1.045295
vt 0.589649 1.047005
vt 0.569309 1.049824
vt 0.548382 1.053032
vt 0.513548 1.062043
vt 0.493294 1.066306
vt 0.474831 1.067348
vt 0.456278 1.066572
vt 0.437447 1.065171
vt 0.418429 1.063482
vt 0.399204 1.061824
vt 0.379657 1.060442
vt 0.359768 1.059503
vt 0.339552 1.059021
vt 0.318975 1.058853
vt 0.298029 1.058792
vt 0.276815 1.058594
vt 0.255386 1.058186
vt 0.233639 1.057739
vt 0.211655 1.057321
vt 0.745971 1.030837
vt 0.716619 1.030847
vt 0.694264 1.029512
vt 0.672010 1.027836
vt 0.650450 1.026268
vt 0.629860 1.025347
vt 0.609935 1.025337
vt 0.589427 1.027285
vt 0.568552 1.030641
vt 0.546888 1.034384
vt 0.518567 1.040976
vt 0.496800 1.043433
vt 0.476576 1.044265
vt 0.457071 1.043903
vt 0.437723 1.042890
vt 0.418406 1.041554
vt 0.398919 1.040201
vt 0.379203 1.038998
vt 0.359238 1.038073
vt 0.339025 1.037446
vt 0.318588 1.037018
vt 0.297897 1.036675
vt 0.276956 1.036364
vt 0.255715 1.036046
vt 0.234143 1.035624
vt 0.212066 1.035390
vt 0.744514 1.009389
vt 0.715573 1.010774
vt 0.693945 1.009726
vt 0.672404 1.008327
vt 0.651264 1.007010
vt 0.630778 1.006210
vt 0.610521 1.006313
vt 0.589331 1.008369
vt 0.567514 1.012108
vt 0.545128 1.016266
vt 0.521031 1.019718
vt 0.498939 1.021028
vt 0.478000 1.021708
vt 0.457912 1.021614
vt 0.438209 1.020817
vt 0.418604 1.019622
vt 0.398925 1.018313
vt 0.379078 1.017109
vt 0.359055 1.016139
vt 0.338872 1.015429
vt 0.318535 1.014881
vt 0.298029 1.014422
vt 0.277364 1.014033
vt 0.256475 1.013702
vt 0.235396 1.013269
vt 0.214040 1.012826
vt 0.743615 0.987983
vt 0.715748 0.991399
vt 0.694683 0.990877
vt 0.673976 0.989721
vt 0.653276 0.988556
vt 0.632679 0.987863
vt 0.611580 0.988005
vt 0.589244 0.990019
vt 0.566496 0.993811
vt 0.543126 0.998256
vt 0.520102 0.999928
vt 0.498878 0.999819
vt 0.478628 1.000241
vt 0.458584 1.000056
vt 0.438734 0.999181
vt 0.418987 0.997804
vt 0.399189 0.996268
vt 0.379263 0.994824
vt 0.359187 0.993687
vt 0.338998 0.992896
vt 0.318752 0.992329
vt 0.298461 0.991888
vt 0.278020 0.991546
vt 0.257446 0.991230
vt 0.236787 0.990858
vt 0.216029 0.990571
vt 0.743849 0.966071
vt 0.718613 0.970410
vt 0.696979 0.972060
vt 0.677006 0.970750
vt 0.656745 0.969321
vt 0.635674 0.968501
vt 0.613235 0.968982
vt 0.589522 0.971085
vt 0.565556 0.974744
vt 0.540894 0.979715
vt 0.519637 0.980458
vt 0.499044 0.980389
vt 0.478939 0.980002
vt 0.459025 0.979551
vt 0.439241 0.978245
vt 0.419485 0.976367
vt 0.399688 0.974234
vt 0.379751 0.972197
vt 0.359563 0.970841
vt 0.339233 0.970179
vt 0.319130 0.969640
vt 0.299087 0.969204
vt 0.278906 0.968877
vt 0.258581 0.968615
vt 0.238132 0.968327
vt 0.217581 0.968135
vt 0.746271 0.942080
vt 0.724839 0.943035
vt 0.700745 0.950946
vt 0.681181 0.949108
vt 0.661102 0.947134
vt 0.639609 0.946491
vt 0.615709 0.948247
vt 0.590162 0.951447
vt 0.564648 0.955268
vt 0.540513 0.959230
vt 0.519662 0.960384
vt 0.499377 0.960730
vt 0.479335 0.960574
vt 0.459485 0.959820
vt 0.439688 0.958327
vt 0.420023 0.955684
vt 0.400418 0.952463
vt 0.380616 0.949298
vt 0.359889 0.947874
vt 0.339226 0.947449
vt 0.319530 0.946960
vt 0.299943 0.946479
vt 0.280029 0.946183
vt 0.259815 0.945963
vt 0.239383 0.945757
vt 0.218828 0.945649
vt 0.747995 0.919889
vt 0.726986 0.919316
vt 0.704916 0.926829
vt 0.685711 0.923272
vt 0.665779 0.919930
vt 0.644369 0.918824
vt 0.619581 0.922399
vt 0.591876 0.928891
vt 0.563358 0.935305
vt 0.540064 0.938811
vt 0.519680 0.940211
vt 0.499692 0.940862
vt 0.479815 0.940939
vt 0.460031 0.940286
vt 0.440357 0.938931
vt 0.420864 0.936436
vt 0.401801 0.932259
vt 0.381861 0.926519
vt 0.359255 0.924511
vt 0.338535 0.924818
vt 0.319993 0.924577
vt 0.301134 0.923864
vt 0.281397 0.923558
vt 0.261074 0.923403
vt 0.240438 0.923288
vt 0.219777 0.923224
vt 0.749249 0.898018
vt 0.728431 0.897136
vt 0.708235 0.896992
vt 0.688254 0.894076
vt 0.668908 0.892744
vt 0.647973 0.894777
vt 0.621532 0.900650
vt 0.590488 0.908722
vt 0.560926 0.915512
vt 0.539634 0.918674
vt 0.519696 0.920187
vt 0.500014 0.920955
vt 0.480359 0.921121
vt 0.460704 0.920791
vt 0.441087 0.919914
vt 0.421753 0.918220
vt 0.403465 0.915181
vt 0.383512 0.910169
vt 0.358214 0.904752
vt 0.337384 0.904091
vt 0.320966 0.903203
vt 0.302907 0.901223
vt 0.282806 0.901211
vt 0.262025 0.901162
vt 0.241127 0.901015
vt 0.220356 0.900940
vt 0.750071 0.876634
vt 0.729555 0.875938
vt 0.709437 0.875082
vt 0.689907 0.874025
vt 0.670444 0.873805
vt 0.648140 0.875079
vt 0.619983 0.880214
vt 0.587868 0.888272
vt 0.560519 0.895305
vt 0.539658 0.898397
vt 0.519837 0.900160
vt 0.500391 0.900975
vt 0.480914 0.901261
vt 0.461403 0.901147
vt 0.441939 0.900776
vt 0.422661 0.900052
vt 0.404626 0.898444
vt 0.384053 0.893335
vt 0.357502 0.884421
vt 0.336620 0.881357
vt 0.321557 0.880632
vt 0.303199 0.879245
vt 0.283412 0.879500
vt 0.262427 0.879264
vt 0.241302 0.878947
vt 0.220507 0.878769
vt 0.750502 0.855837
vt 0.730543 0.855631
vt 0.710379 0.854818
vt 0.689855 0.853663
vt 0.668884 0.853453
vt 0.646759 0.854831
vt 0.619284 0.858758
vt 0.588329 0.866453
vt 0.561823 0.873748
vt 0.540431 0.877360
vt 0.520350 0.879598
vt 0.500859 0.880855
vt 0.481551 0.881290
vt 0.462171 0.881265
vt 0.442743 0.881038
vt 0.423483 0.880752
vt 0.404749 0.879698
vt 0.382131 0.871669
vt 0.357439 0.862028
vt 0.337857 0.859164
vt 0.321279 0.858435
vt 0.302897 0.857845
vt 0.283181 0.857919
vt 0.262288 0.857636
vt 0.240949 0.856961
vt 0.220246 0.856640
vt 0.750867 0.831082
vt 0.730269 0.830362
vt 0.709683 0.830167
vt 0.688793 0.830214
vt 0.667553 0.830847
vt 0.645314 0.833253
vt 0.619161 0.836339
vt 0.590571 0.842867
vt 0.564660 0.849691
vt 0.542277 0.854087
vt 0.521585 0.856882
vt 0.501685 0.859185
vt 0.482356 0.860511
vt 0.463078 0.860579
vt 0.443376 0.859521
vt 0.423325 0.857849
vt 0.402542 0.854229
vt 0.379017 0.844692
vt 0.357519 0.838690
vt 0.338443 0.836488
vt 0.320481 0.835815
vt 0.301784 0.835685
vt 0.282215 0.835858
vt 0.261603 0.835745
vt 0.240020 0.834825
vt 0.219711 0.834402
vt 0.751079 0.808164
vt 0.730384 0.808073
vt 0.709518 0.808116
vt 0.688314 0.808307
vt 0.666722 0.808739
vt 0.643699 0.810555
vt 0.619002 0.813037
vt 0.592928 0.817649
vt 0.568313 0.822129
vt 0.545663 0.825216
vt 0.524382 0.827087
vt 0.503825 0.828439
vt 0.483557 0.829416
vt 0.463175 0.829023
vt 0.442345 0.826821
vt 0.421080 0.824116
vt 0.399060 0.819423
vt 0.377532 0.814651
vt 0.357533 0.812087
vt 0.338677 0.811307
vt 0.320054 0.811558
vt 0.300790 0.812272
vt 0.280896 0.812897
vt 0.260234 0.812890
vt 0.239075 0.812048
vt 0.219296 0.811945
vt 0.751263 0.787180
vt 0.730446 0.787040
vt 0.709430 0.786860
vt 0.688074 0.786758
vt 0.666148 0.786896
vt 0.643157 0.787657
vt 0.618977 0.788652
vt 0.594736 0.790505
vt 0.571484 0.791169
vt 0.549452 0.790255
vt 0.528186 0.788675
vt 0.507223 0.787206
vt 0.485998 0.786449
vt 0.464327 0.786828
vt 0.442408 0.787895
vt 0.420561 0.788459
vt 0.398888 0.787773
vt 0.378222 0.786969
vt 0.358634 0.786569
vt 0.339674 0.786727
vt 0.320595 0.787368
vt 0.300785 0.788285
vt 0.279997 0.789117
vt 0.258784 0.789065
vt 0.238658 0.788998
vt 0.219221 0.789378
vt 0.751152 0.766600
vt 0.730169 0.766322
vt 0.709034 0.765760
vt 0.687710 0.765206
vt 0.665895 0.764734
vt 0.643063 0.764617
vt 0.618260 0.764150
vt 0.595251 0.763804
vt 0.573097 0.762609
vt 0.551728 0.759873
vt 0.530927 0.756800
vt 0.510309 0.754104
vt 0.489239 0.752115
vt 0.467409 0.753278
vt 0.444949 0.756467
vt 0.422511 0.759926
vt 0.400977 0.761691
vt 0.380602 0.762631
vt 0.361027 0.763422
vt 0.341621 0.764183
vt 0.322079 0.764851
vt 0.301767 0.765369
vt 0.280200 0.765578
vt 0.258214 0.765139
vt 0.238736 0.766039
vt 0.219337 0.766877
vt 0.750078 0.745632
vt 0.729022 0.745368
vt 0.708141 0.744269
vt 0.687267 0.743304
vt 0.665724 0.742562
vt 0.643317 0.741678
vt 0.617405 0.741590
vt 0.594281 0.740695
vt 0.573291 0.739687
vt 0.552660 0.737270
vt 0.532070 0.734819
vt 0.511329 0.732619
vt 0.490321 0.730271
vt 0.469050 0.729978
vt 0.447230 0.731866
vt 0.424950 0.735483
vt 0.403349 0.738961
vt 0.383192 0.740723
vt 0.363762 0.741832
vt 0.344310 0.742816
vt 0.324210 0.743486
vt 0.303342 0.743485
vt 0.281132 0.742717
vt 0.258861 0.742183
vt 0.239153 0.743482
vt 0.219533 0.744514
vt 0.748354 0.720187
vt 0.727341 0.721573
vt 0.707165 0.721558
vt 0.687292 0.720684
vt 0.666149 0.720032
vt 0.643610 0.719208
vt 0.618363 0.720010
vt 0.593017 0.721283
vt 0.572574 0.720596
vt 0.552024 0.718883
vt 0.531392 0.716932
vt 0.510816 0.714308
vt 0.489826 0.712295
vt 0.468810 0.711677
vt 0.447731 0.712501
vt 0.426416 0.714950
vt 0.405292 0.718329
vt 0.385376 0.720578
vt 0.366300 0.721444
vt 0.346689 0.721873
vt 0.326145 0.722225
vt 0.304468 0.721448
vt 0.281716 0.719461
vt 0.259845 0.720017
vt 0.239703 0.721318
vt 0.219696 0.722349
vt 0.749731 0.697089
vt 0.728725 0.698371
vt 0.708032 0.699167
vt 0.687760 0.698700
vt 0.666674 0.697562
vt 0.643764 0.696972
vt 0.618806 0.698431
vt 0.593569 0.700520
vt 0.572788 0.700087
vt 0.552091 0.698845
vt 0.531172 0.697640
vt 0.510011 0.696524
vt 0.488594 0.695893
vt 0.467311 0.695511
vt 0.446588 0.695824
vt 0.426268 0.697327
vt 0.406267 0.699575
vt 0.387009 0.701323
vt 0.367970 0.701581
vt 0.348042 0.701440
vt 0.327193 0.701145
vt 0.304802 0.699314
vt 0.282006 0.697040
vt 0.260518 0.698414
vt 0.240091 0.699526
vt 0.219793 0.700531
vt 0.752214 0.679342
vt 0.730917 0.678923
vt 0.708627 0.677922
vt 0.687873 0.676324
vt 0.667223 0.674859
vt 0.644551 0.674466
vt 0.619390 0.676411
vt 0.595230 0.677896
vt 0.573697 0.677544
vt 0.553177 0.676091
vt 0.531792 0.676589
vt 0.509636 0.678072
vt 0.487239 0.679303
vt 0.465475 0.679939
vt 0.444820 0.680299
vt 0.425015 0.680951
vt 0.406030 0.681738
vt 0.387637 0.682103
vt 0.368378 0.681907
vt 0.348463 0.681679
vt 0.327312 0.680997
vt 0.304634 0.678509
vt 0.281902 0.676300
vt 0.260611 0.677449
vt 0.240201 0.678275
vt 0.219716 0.679084
vt 0.753687 0.661185
vt 0.731097 0.657513
vt 0.708660 0.653904
vt 0.689105 0.652032
vt 0.669310 0.651394
vt 0.647286 0.651476
vt 0.622975 0.654268
vt 0.599148 0.656161
vt 0.576953 0.654940
vt 0.555075 0.653413
vt 0.532779 0.654996
vt 0.509834 0.658393
vt 0.486167 0.661828
vt 0.463785 0.663599
vt 0.442867 0.664430
vt 0.423214 0.664747
vt 0.404821 0.664432
vt 0.387272 0.663205
vt 0.368412 0.662690
vt 0.348267 0.662959
vt 0.325911 0.661873
vt 0.303347 0.659066
vt 0.281092 0.656858
vt 0.260193 0.657130
vt 0.239975 0.657484
vt 0.219345 0.657961
vt 0.754778 0.638601
vt 0.732576 0.631683
vt 0.712506 0.627471
vt 0.693253 0.626718
vt 0.672259 0.627264
vt 0.649711 0.628891
vt 0.627718 0.631292
vt 0.606794 0.631319
vt 0.584615 0.632412
vt 0.556935 0.631875
vt 0.534839 0.632954
vt 0.511835 0.635607
vt 0.486954 0.641147
vt 0.462714 0.645368
vt 0.441121 0.647189
vt 0.421230 0.647863
vt 0.402731 0.647337
vt 0.386655 0.644750
vt 0.368138 0.644688
vt 0.347308 0.645348
vt 0.323452 0.643863
vt 0.300782 0.640454
vt 0.279440 0.637939
vt 0.259402 0.637215
vt 0.239324 0.637039
vt 0.218538 0.637064
vt 0.757513 0.611668
vt 0.737486 0.605094
vt 0.719166 0.601574
vt 0.699498 0.601291
vt 0.676540 0.603816
vt 0.650710 0.605577
vt 0.629444 0.604683
vt 0.612071 0.605269
vt 0.589131 0.607838
vt 0.564051 0.610189
vt 0.538447 0.608654
vt 0.515077 0.609746
vt 0.490880 0.614390
vt 0.464417 0.622064
vt 0.440579 0.626990
vt 0.419743 0.629090
vt 0.400602 0.629577
vt 0.385585 0.626564
vt 0.367139 0.627267
vt 0.344720 0.627191
vt 0.320129 0.626058
vt 0.297496 0.622166
vt 0.277435 0.619217
vt 0.258411 0.617591
vt 0.238148 0.616751
vt 0.217274 0.616225
vt 0.761652 0.582868
vt 0.742897 0.580251
vt 0.723916 0.580521
vt 0.702022 0.580633
vt 0.675287 0.581925
vt 0.648772 0.584012
vt 0.627091 0.585302
vt 0.610645 0.583724
vt 0.593339 0.580607
vt 0.569290 0.579130
vt 0.542743 0.580678
vt 0.518323 0.583076
vt 0.495314 0.585708
vt 0.470525 0.591602
vt 0.443378 0.600654
vt 0.419811 0.606569
vt 0.400479 0.608145
vt 0.383235 0.605163
vt 0.364373 0.605780
vt 0.340446 0.606873
vt 0.314661 0.605668
vt 0.294021 0.603268
vt 0.275764 0.600208
vt 0.257087 0.597872
vt 0.236434 0.596294
vt 0.215685 0.595219
vt 0.766871 0.561875
vt 0.746401 0.561686
vt 0.723973 0.560436
vt 0.699591 0.559709
vt 0.673647 0.559627
vt 0.649120 0.561695
vt 0.627569 0.563895
vt 0.602240 0.560117
vt 0.584064 0.556112
vt 0.565372 0.552839
vt 0.545797 0.553785
vt 0.521570 0.557712
vt 0.497668 0.561108
vt 0.474424 0.564644
vt 0.449408 0.570262
vt 0.422220 0.578395
vt 0.401809 0.580605
vt 0.384076 0.583841
vt 0.364965 0.584575
vt 0.339265 0.585527
vt 0.312204 0.583044
vt 0.292605 0.582862
vt 0.274882 0.580324
vt 0.255368 0.577475
vt 0.234505 0.575319
vt 0.213892 0.573848
vt 0.768307 0.542204
vt 0.746853 0.541480
vt 0.723207 0.540205
vt 0.698180 0.538862
vt 0.672860 0.537689
vt 0.649730 0.537939
vt 0.628483 0.539095
vt 0.604296 0.538177
vt 0.581094 0.536695
vt 0.561808 0.533476
vt 0.545206 0.532000
vt 0.522861 0.534954
vt 0.498466 0.538559
vt 0.474553 0.542112
vt 0.450555 0.545888
vt 0.424967 0.551284
vt 0.404661 0.553640
vt 0.386826 0.557237
vt 0.365817 0.558656
vt 0.339238 0.558823
vt 0.314075 0.560797
vt 0.293946 0.561221
vt 0.274582 0.559118
vt 0.253907 0.556025
vt 0.232704 0.553640
vt 0.211922 0.552009
vt 0.769639 0.522361
vt 0.747793 0.521573
vt 0.723570 0.520432
vt 0.698007 0.518881
vt 0.672713 0.516972
vt 0.649486 0.516025
vt 0.628105 0.515894
vt 0.605223 0.515374
vt 0.582132 0.514845
vt 0.558598 0.514692
vt 0.542925 0.511951
vt 0.522110 0.513267
vt 0.497843 0.516460
vt 0.473186 0.519750
vt 0.448630 0.523240
vt 0.425417 0.527915
vt 0.405956 0.529693
vt 0.387696 0.531166
vt 0.365329 0.532514
vt 0.339589 0.534819
vt 0.316636 0.537782
vt 0.295528 0.537814
vt 0.274745 0.536108
vt 0.253207 0.533470
vt 0.231263 0.531214
vt 0.209838 0.529781
vt 0.771046 0.502422
vt 0.749681 0.501403
vt 0.724979 0.500164
vt 0.698507 0.498750
vt 0.673306 0.496775
vt 0.649703 0.495370
vt 0.627509 0.494638
vt 0.605191 0.493616
vt 0.581794 0.493056
vt 0.558067 0.493051
vt 0.539727 0.492194
vt 0.521167 0.491694
vt 0.496809 0.494246
vt 0.471581 0.496859
vt 0.446879 0.500910
vt 0.425532 0.505015
vt 0.405464 0.505926
vt 0.385483 0.506468
vt 0.362603 0.508579
vt 0.338675 0.511150
vt 0.316951 0.513425
vt 0.296102 0.513555
vt 0.274779 0.512174
vt 0.253093 0.509912
vt 0.230969 0.508113
vt 0.208547 0.507578
vt 0.772171 0.483368
vt 0.750419 0.481488
vt 0.724212 0.479178
vt 0.698038 0.478057
vt 0.673780 0.476740
vt 0.650352 0.475574
vt 0.627336 0.474182
vt 0.604618 0.472802
vt 0.580728 0.471602
vt 0.558790 0.471149
vt 0.538502 0.471827
vt 0.520123 0.471335
vt 0.495466 0.472467
vt 0.468772 0.474041
vt 0.445324 0.476620
vt 0.425487 0.481052
vt 0.404171 0.482443
vt 0.382538 0.482674
vt 0.360877 0.484310
vt 0.338821 0.486753
vt 0.317950 0.488851
vt 0.296665 0.489267
vt 0.274564 0.488172
vt 0.252416 0.486488
vt 0.230995 0.485611
vt 0.209015 0.485948
vt 0.767675 0.458380
vt 0.744571 0.457200
vt 0.720544 0.457007
vt 0.697090 0.456816
vt 0.673958 0.456414
vt 0.650833 0.455818
vt 0.627676 0.453547
vt 0.604027 0.451559
vt 0.580113 0.450336
vt 0.559781 0.449073
vt 0.540250 0.448090
vt 0.515563 0.447938
vt 0.488554 0.448198
vt 0.464698 0.449339
vt 0.443326 0.451440
vt 0.424062 0.456552
vt 0.403211 0.459286
vt 0.382121 0.459930
vt 0.360805 0.461268
vt 0.339613 0.463389
vt 0.319062 0.465305
vt 0.297782 0.465779
vt 0.275396 0.465170
vt 0.252742 0.464374
vt 0.231200 0.464115
vt 0.209420 0.464548
vt 0.764403 0.435683
vt 0.742294 0.435637
vt 0.719917 0.435727
vt 0.697132 0.435903
vt 0.674369 0.435992
vt 0.651409 0.435559
vt 0.627955 0.433655
vt 0.603696 0.430207
vt 0.579253 0.428915
vt 0.556568 0.427787
vt 0.534918 0.426661
vt 0.510287 0.425770
vt 0.485117 0.426096
vt 0.462552 0.425967
vt 0.441498 0.425990
vt 0.422410 0.432034
vt 0.401326 0.436606
vt 0.380378 0.438253
vt 0.359916 0.439690
vt 0.340260 0.441567
vt 0.320430 0.443110
vt 0.299566 0.443732
vt 0.277221 0.443597
vt 0.254297 0.443351
vt 0.231911 0.443113
vt 0.209625 0.443433
vt 0.763680 0.415349
vt 0.742247 0.415302
vt 0.720317 0.415245
vt 0.698019 0.415409
vt 0.675365 0.415532
vt 0.652543 0.415306
vt 0.629332 0.414649
vt 0.602603 0.412302
vt 0.576910 0.409810
vt 0.551431 0.406820
vt 0.527051 0.405234
vt 0.504271 0.404489
vt 0.482010 0.404258
vt 0.461230 0.403945
vt 0.440529 0.401753
vt 0.421874 0.408445
vt 0.400048 0.415149
vt 0.379344 0.417740
vt 0.359163 0.419550
vt 0.340778 0.421171
vt 0.321639 0.422414
vt 0.301131 0.423065
vt 0.279138 0.423128
vt 0.255957 0.422808
vt 0.232981 0.422422
vt 0.210239 0.422423
vt 0.763457 0.395196
vt 0.742245 0.395421
vt 0.720737 0.395412
vt 0.698948 0.395510
vt 0.676845 0.395635
vt 0.654418 0.395689
vt 0.631586 0.395618
vt 0.604725 0.394995
vt 0.577630 0.393356
vt 0.551433 0.388630
vt 0.516513 0.382974
vt 0.496744 0.383275
vt 0.477874 0.383798
vt 0.459368 0.383859
vt 0.440532 0.382262
vt 0.421200 0.388716
vt 0.399978 0.394459
vt 0.378664 0.398078
vt 0.358728 0.400388
vt 0.340984 0.401614
vt 0.322279 0.402580
vt 0.301914 0.403343
vt 0.280153 0.403347
vt 0.257357 0.402750
vt 0.234042 0.401886
vt 0.210980 0.401659
vt 0.763367 0.374259
vt 0.742229 0.374744
vt 0.720970 0.375195
vt 0.699468 0.375476
vt 0.677774 0.375712
vt 0.655924 0.376031
vt 0.633868 0.376338
vt 0.608653 0.375986
vt 0.582522 0.375825
vt 0.557093 0.372714
vt 0.508191 0.363747
vt 0.490090 0.363273
vt 0.473452 0.365076
vt 0.456975 0.365587
vt 0.440549 0.365079
vt 0.421479 0.369981
vt 0.402010 0.373720
vt 0.380653 0.377606
vt 0.359327 0.380992
vt 0.340785 0.382437
vt 0.322131 0.382931
vt 0.301642 0.383431
vt 0.280047 0.383100
vt 0.257511 0.382162
vt 0.234309 0.381249
vt 0.210409 0.381400
vt 0.763009 0.353261
vt 0.741925 0.354050
vt 0.720730 0.354520
vt 0.699423 0.354579
vt 0.678032 0.354708
vt 0.656577 0.355068
vt 0.635313 0.355670
vt 0.611502 0.355851
vt 0.587639 0.355993
vt 0.563004 0.355643
vt 0.514174 0.348888
vt 0.484030 0.348726
vt 0.469926 0.348715
vt 0.455172 0.349651
vt 0.440431 0.350032
vt 0.423078 0.352459
vt 0.403416 0.354681
vt 0.383879 0.356708
vt 0.362471 0.359834
vt 0.340983 0.362393
vt 0.321406 0.362855
vt 0.300766 0.362664
vt 0.279294 0.361823
vt 0.256741 0.361096
vt 0.233678 0.360460
vt 0.210241 0.360550
vt 0.762235 0.332479
vt 0.741186 0.332776
vt 0.719937 0.332756
vt 0.698720 0.332660
vt 0.677600 0.332679
vt 0.656507 0.332944
vt 0.635630 0.333504
vt 0.613490 0.334402
vt 0.590297 0.334103
vt 0.566632 0.334401
vt 0.530566 0.332187
vt 0.485093 0.335654
vt 0.467357 0.335391
vt 0.454250 0.335680
vt 0.440508 0.336036
vt 0.426123 0.336132
vt 0.405792 0.336169
vt 0.387706 0.336075
vt 0.367478 0.337512
vt 0.343494 0.340960
vt 0.320206 0.342682
vt 0.299379 0.341766
vt 0.277649 0.341174
vt 0.255165 0.340619
vt 0.232622 0.339863
vt 0.209583 0.339948
vt 0.760845 0.311222
vt 0.739761 0.311015
vt 0.718601 0.310596
vt 0.697441 0.310219
vt 0.676409 0.310042
vt 0.655594 0.310185
vt 0.635094 0.310686
vt 0.613745 0.311650
vt 0.591202 0.312309
vt 0.569874 0.311876
vt 0.542556 0.310037
vt 0.483076 0.322922
vt 0.466091 0.323064
vt 0.453714 0.322339
vt 0.440275 0.321638
vt 0.425501 0.321282
vt 0.406523 0.319437
vt 0.387849 0.318806
vt 0.369611 0.318492
vt 0.347484 0.319143
vt 0.318700 0.322153
vt 0.296795 0.321819
vt 0.275144 0.321207
vt 0.253190 0.320374
vt 0.231186 0.319628
vt 0.209196 0.319194
vt 0.758771 0.290122
vt 0.737656 0.289203
vt 0.716456 0.288235
vt 0.695428 0.287505
vt 0.674547 0.287174
vt 0.653913 0.287245
vt 0.633605 0.287748
vt 0.611871 0.288862
vt 0.589996 0.290355
vt 0.568005 0.289855
vt 0.543661 0.288493
vt 0.482756 0.308213
vt 0.466586 0.309761
vt 0.452342 0.305696
vt 0.437668 0.304043
vt 0.421937 0.303958
vt 0.402477 0.301771
vt 0.384411 0.301248
vt 0.365751 0.300987
vt 0.348639 0.299746
vt 0.316523 0.301866
vt 0.294651 0.301294
vt 0.273364 0.300681
vt 0.251774 0.299978
vt 0.230384 0.299083
vt 0.209410 0.298038
vt 0.756334 0.269171
vt 0.735179 0.267038
vt 0.714214 0.265523
vt 0.693375 0.264523
vt 0.672535 0.264055
vt 0.651783 0.264109
vt 0.631191 0.264729
vt 0.608411 0.266042
vt 0.586779 0.267798
vt 0.562870 0.268882
vt 0.536564 0.270691
vt 0.488388 0.287670
vt 0.469204 0.289940
vt 0.451594 0.283094
vt 0.435610 0.281515
vt 0.418493 0.282347
vt 0.400465 0.281668
vt 0.382521 0.281651
vt 0.363883 0.281413
vt 0.342744 0.281041
vt 0.315258 0.280992
vt 0.293799 0.279805
vt 0.272614 0.279445
vt 0.251366 0.278855
vt 0.230255 0.278042
vt 0.209553 0.277044
vt 0.755818 0.246329
vt 0.732616 0.243866
vt 0.711621 0.242361
vt 0.690903 0.241418
vt 0.670035 0.240967
vt 0.648824 0.241065
vt 0.626958 0.241851
vt 0.605191 0.243220
vt 0.584448 0.245170
vt 0.556625 0.248241
vt 0.531903 0.250019
vt 0.500111 0.259360
vt 0.472444 0.264181
vt 0.453039 0.261620
vt 0.435475 0.260294
vt 0.417759 0.259441
vt 0.399334 0.260345
vt 0.381257 0.260412
vt 0.362605 0.260983
vt 0.341565 0.259910
vt 0.315624 0.260188
vt 0.294025 0.259562
vt 0.272682 0.258542
vt 0.251284 0.257686
vt 0.230220 0.256970
vt 0.209578 0.255980
vt 0.758247 0.222236
vt 0.729591 0.220690
vt 0.709007 0.219515
vt 0.688751 0.218864
vt 0.667578 0.218443
vt 0.645592 0.218629
vt 0.624004 0.219621
vt 0.602976 0.221131
vt 0.575839 0.224244
vt 0.553698 0.226681
vt 0.530122 0.228408
vt 0.505748 0.231913
vt 0.475330 0.238889
vt 0.455573 0.238944
vt 0.436009 0.239101
vt 0.417709 0.238763
vt 0.399625 0.238488
vt 0.380649 0.239023
vt 0.361522 0.239205
vt 0.340820 0.238599
vt 0.316754 0.238701
vt 0.294789 0.238202
vt 0.272899 0.237520
vt 0.251468 0.236566
vt 0.230493 0.235254
vt 0.209654 0.234581
vt 0.763564 0.198621
vt 0.727363 0.198035
vt 0.707140 0.197483
vt 0.687531 0.197003
vt 0.666862 0.196582
vt 0.645410 0.197017
vt 0.623638 0.198317
vt 0.597694 0.200171
vt 0.573686 0.202985
vt 0.552202 0.205618
vt 0.530076 0.207187
vt 0.507045 0.207956
vt 0.477180 0.216060
vt 0.456713 0.216162
vt 0.436697 0.217286
vt 0.417684 0.217803
vt 0.399668 0.217187
vt 0.380719 0.217593
vt 0.361389 0.218471
vt 0.340150 0.217028
vt 0.317959 0.217278
vt 0.295888 0.217018
vt 0.273968 0.216639
vt 0.252160 0.215316
vt 0.230613 0.214102
vt 0.209709 0.212433
vt 0.767709 0.176771
vt 0.728593 0.176794
vt 0.706138 0.176127
vt 0.687217 0.175879
vt 0.667010 0.175672
vt 0.646774 0.176239
vt 0.624247 0.177342
vt 0.595303 0.179596
vt 0.572997 0.182494
vt 0.552772 0.185080
vt 0.532653 0.186846
vt 0.506873 0.186314
vt 0.478729 0.192409
vt 0.457849 0.193019
vt 0.436090 0.197019
vt 0.417739 0.196713
vt 0.399846 0.195887
vt 0.381318 0.195904
vt 0.361450 0.197326
vt 0.340178 0.195833
vt 0.318624 0.195485
vt 0.296514 0.194786
vt 0.274627 0.193114
vt 0.252613 0.192196
vt 0.230497 0.191342
vt 0.209652 0.190647
vt 0.768647 0.156088
vt 0.737650 0.157171
vt 0.706211 0.155697
vt 0.687692 0.155753
vt 0.667677 0.155576
vt 0.647754 0.156214
vt 0.621860 0.156666
vt 0.594636 0.159908
vt 0.572702 0.162032
vt 0.553877 0.164923
vt 0.532995 0.166621
vt 0.504496 0.165073
vt 0.480858 0.167791
vt 0.459064 0.170216
vt 0.434942 0.177594
vt 0.417649 0.176131
vt 0.400127 0.174997
vt 0.381640 0.174888
vt 0.361689 0.176605
vt 0.340719 0.175637
vt 0.319018 0.173024
vt 0.296980 0.170074
vt 0.274693 0.166545
vt 0.252628 0.167495
vt 0.230364 0.166745
vt 0.208830 0.167482
vt 0.769112 0.136121
vt 0.739170 0.137807
vt 0.708661 0.136903
vt 0.689695 0.136966
vt 0.669681 0.136847
vt 0.648762 0.137088
vt 0.626010 0.138175
vt 0.602219 0.139457
vt 0.574235 0.141101
vt 0.556246 0.144087
vt 0.535653 0.145421
vt 0.508540 0.142844
vt 0.485299 0.143907
vt 0.463152 0.148333
vt 0.438224 0.156859
vt 0.417725 0.156391
vt 0.401086 0.154715
vt 0.383331 0.154377
vt 0.363331 0.155601
vt 0.341704 0.155842
vt 0.320029 0.151993
vt 0.298832 0.143142
vt 0.276500 0.141115
vt 0.252957 0.138924
vt 0.230039 0.141338
vt 0.207569 0.144361
vt 0.769319 0.117225
vt 0.740094 0.119075
vt 0.717257 0.119390
vt 0.692795 0.118842
vt 0.673599 0.119616
vt 0.652929 0.120031
vt 0.632247 0.120736
vt 0.610482 0.121078
vt 0.578195 0.121580
vt 0.558372 0.122892
vt 0.539920 0.123417
vt 0.515674 0.122140
vt 0.491547 0.124121
vt 0.468294 0.127035
vt 0.447810 0.133505
vt 0.422186 0.135676
vt 0.404681 0.134275
vt 0.386152 0.133965
vt 0.366366 0.133562
vt 0.344575 0.133908
vt 0.322116 0.130601
vt 0.301139 0.113516
vt 0.279000 0.111027
vt 0.254796 0.113857
vt 0.230195 0.118707
vt 0.206939 0.122618
vt 0.771546 0.096133
vt 0.745207 0.098444
vt 0.723580 0.099433
vt 0.700660 0.100600
vt 0.681435 0.100917
vt 0.656966 0.102255
vt 0.639171 0.103027
vt 0.620843 0.103367
vt 0.594449 0.102512
vt 0.568912 0.103778
vt 0.546804 0.103893
vt 0.526725 0.105056
vt 0.503384 0.106087
vt 0.477409 0.107271
vt 0.453532 0.112548
vt 0.428966 0.113791
vt 0.408359 0.114244
vt 0.389576 0.113086
vt 0.370167 0.111499
vt 0.349072 0.108899
vt 0.324773 0.100611
vt 0.304496 0.088831
vt 0.280120 0.088040
vt 0.255380 0.091649
vt 0.230248 0.097029
vt 0.206438 0.101409
vt 0.774155 0.074334
vt 0.752959 0.075039
vt 0.728961 0.077353
vt 0.710664 0.078164
vt 0.688752 0.080201
vt 0.669998 0.080873
vt 0.645176 0.082747
vt 0.628761 0.082270
vt 0.612920 0.083514
vt 0.589498 0.085033
vt 0.565550 0.087329
vt 0.538914 0.088873
vt 0.517203 0.088860
vt 0.489017 0.086619
vt 0.459819 0.091257
vt 0.435899 0.091043
vt 0.413764 0.094134
vt 0.394419 0.093511
vt 0.374754 0.091656
vt 0.353915 0.085503
vt 0.329611 0.075360
vt 0.308852 0.067828
vt 0.283395 0.068991
vt 0.256340 0.071265
vt 0.229900 0.076145
vt 0.206051 0.080699
vt 0.776349 0.053609
vt 0.758339 0.054130
vt 0.733648 0.054254
vt 0.714914 0.055827
vt 0.697477 0.057516
vt 0.677332 0.060017
vt 0.656958 0.061438
vt 0.636824 0.061163
vt 0.619032 0.061862
vt 0.600007 0.063979
vt 0.579090 0.067149
vt 0.559205 0.067528
vt 0.531388 0.068346
vt 0.490594 0.069219
vt 0.468006 0.065487
vt 0.443056 0.069624
vt 0.419803 0.075043
vt 0.400789 0.075204
vt 0.381776 0.072604
vt 0.361111 0.065108
vt 0.337094 0.052917
vt 0.315824 0.048116
vt 0.289654 0.050618
vt 0.261850 0.054605
vt 0.230474 0.056546
vt 0.205208 0.059575
vt 0.780050 0.033577
vt 0.760766 0.033404
vt 0.737059 0.034972
vt 0.717738 0.036010
vt 0.701173 0.036207
vt 0.680918 0.038557
vt 0.660933 0.040779
vt 0.641009 0.040991
vt 0.623206 0.041971
vt 0.603751 0.045207
vt 0.583131 0.044421
vt 0.563048 0.043533
vt 0.521145 0.053865
vt 0.494245 0.045285
vt 0.473828 0.047858
vt 0.449076 0.050835
vt 0.429599 0.052988
vt 0.408551 0.055571
vt 0.389805 0.052087
vt 0.369745 0.036233
vt 0.346590 0.027568
vt 0.324420 0.028736
vt 0.300221 0.033096
vt 0.269627 0.038322
vt 0.235115 0.039944
vt 0.205822 0.039468
vt 0.781411 0.012747
vt 0.760676 0.013635
vt 0.739004 0.016328
vt 0.719626 0.017768
vt 0.702763 0.016898
vt 0.682005 0.015192
vt 0.660232 0.020284
vt 0.638593 0.022392
vt 0.620815 0.024494
vt 0.603210 0.023914
vt 0.581266 0.024363
vt 0.548242 0.031198
vt 0.522197 0.031843
vt 0.494301 0.018481
vt 0.479403 0.021093
vt 0.462343 0.017492
vt 0.445798 0.014200
vt 0.422923 0.020157
vt 0.403398 0.012604
vt 0.386751 -0.007286
vt 0.364785 -0.002644
vt 0.337560 0.006637
vt 0.310664 0.014819
vt 0.280052 0.022722
vt 0.238755 0.023157
vt 0.207309 0.020172
vt 0.780929 -0.010198
vt 0.760527 -0.006324
vt 0.741532 -0.003664
vt 0.721072 -0.001646
vt 0.701973 -0.003566
vt 0.682366 -0.005609
vt 0.659200 -0.000689
vt 0.635481 0.003090
vt 0.615709 0.005595
vt 0.595716 0.004829
vt 0.563995 0.007140
vt 0.541269 0.006690
vt 0.512487 -0.002957
vt 0.493935 -0.008065
vt 0.479516 -0.010931
vt 0.464959 -0.015848
vt 0.450582 -0.020359
vt 0.435156 -0.023075
vt 0.420456 -0.028481
vt 0.405432 -0.034679
vt 0.385509 -0.030874
vt 0.355251 -0.017838
vt 0.324277 -0.004303
vt 0.288446 0.005362
vt 0.249603 0.008124
vt 0.204896 -0.001482
vt 0.782164 -0.031205
vt 0.760375 -0.026740
vt 0.743945 -0.025390
vt 0.725401 -0.022687
vt 0.704196 -0.023723
vt 0.683005 -0.024883
vt 0.655915 -0.019444
vt 0.630893 -0.013607
vt 0.609888 -0.012596
vt 0.583898 -0.011701
vt 0.553800 -0.017954
vt 0.528608 -0.023219
vt 0.507663 -0.028456
vt 0.491509 -0.032556
vt 0.478231 -0.036410
vt 0.465866 -0.041082
vt 0.454031 -0.045626
vt 0.441972 -0.048964
vt 0.429308 -0.051835
vt 0.414762 -0.053013
vt 0.395774 -0.049010
vt 0.369824 -0.039383
vt 0.336390 -0.023654
vt 0.299785 -0.014123
vt 0.250709 -0.013650
vt 0.203778 -0.021299
vt 0.779531 -0.050568
vt 0.760753 -0.046484
vt 0.743551 -0.043058
vt 0.725794 -0.044038
vt 0.705365 -0.042293
vt 0.682937 -0.039746
vt 0.653254 -0.035243
vt 0.626765 -0.032301
vt 0.595627 -0.035501
vt 0.562984 -0.042181
vt 0.540541 -0.043737
vt 0.520508 -0.046204
vt 0.502960 -0.049592
vt 0.488629 -0.052922
vt 0.476576 -0.056589
vt 0.466139 -0.060885
vt 0.456407 -0.064562
vt 0.446531 -0.067553
vt 0.435374 -0.068775
vt 0.421180 -0.067956
vt 0.402493 -0.064271
vt 0.377286 -0.057360
vt 0.349248 -0.050148
vt 0.302414 -0.042235
vt 0.253401 -0.042520
vt 0.208992 -0.042514
vt 0.786486 -0.077758
vt 0.761727 -0.067852
vt 0.743453 -0.066275
vt 0.723440 -0.062984
vt 0.703323 -0.063330
vt 0.680176 -0.057468
vt 0.640261 -0.053107
vt 0.607694 -0.055601
vt 0.581095 -0.057119
vt 0.554302 -0.060541
vt 0.533477 -0.062209
vt 0.515059 -0.064180
vt 0.499094 -0.066566
vt 0.485739 -0.069347
vt 0.474972 -0.072521
vt 0.465849 -0.075632
vt 0.457819 -0.079246
vt 0.449815 -0.081083
vt 0.439749 -0.081655
vt 0.426333 -0.080377
vt 0.408381 -0.077513
vt 0.385559 -0.073866
vt 0.352311 -0.070451
vt 0.313413 -0.065035
vt 0.271758 -0.063994
vt 0.215803 -0.065472
vt 0.788585 -0.099893
vt 0.769622 -0.097500
vt 0.737290 -0.092183
vt 0.714997 -0.088685
vt 0.697269 -0.081054
vt 0.672099 -0.073099
vt 0.633326 -0.077888
vt 0.598471 -0.075401
vt 0.570466 -0.075290
vt 0.548840 -0.076402
vt 0.529391 -0.077580
vt 0.511631 -0.078896
vt 0.496170 -0.080552
vt 0.483416 -0.082550
vt 0.473158 -0.084712
vt 0.465171 -0.087733
vt 0.458602 -0.089638
vt 0.451701 -0.091431
vt 0.442909 -0.091500
vt 0.429783 -0.090260
vt 0.411902 -0.088353
vt 0.388883 -0.086369
vt 0.358048 -0.083654
vt 0.324879 -0.079324
vt 0.281967 -0.078935
vt 0.223151 -0.084419
vt 0.775186 -0.121331
vt 0.745935 -0.122940
vt 0.715207 -0.125139
vt 0.688157 -0.126510
vt 0.666144 -0.119034
vt 0.647799 -0.113715
vt 0.621203 -0.104215
vt 0.591472 -0.094447
vt 0.568135 -0.092391
vt 0.547203 -0.092217
vt 0.527853 -0.092206
vt 0.510059 -0.092285
vt 0.494385 -0.092753
vt 0.481518 -0.093544
vt 0.471622 -0.095051
vt 0.464260 -0.096274
vt 0.458511 -0.098123
vt 0.452810 -0.098794
vt 0.444416 -0.098816
vt 0.431632 -0.098174
vt 0.413509 -0.097148
vt 0.390530 -0.096364
vt 0.364576 -0.094900
vt 0.321849 -0.096397
vt 0.285149 -0.100303
vt 0.228633 -0.106165
vt 0.759005 -0.146418
vt 0.732077 -0.148234
vt 0.706450 -0.149475
vt 0.681918 -0.148430
vt 0.661083 -0.142541
vt 0.639602 -0.135107
vt 0.617013 -0.127016
vt 0.596742 -0.119055
vt 0.570557 -0.114350
vt 0.548330 -0.110259
vt 0.528470 -0.107955
vt 0.510044 -0.106191
vt 0.493871 -0.104717
vt 0.480562 -0.103914
vt 0.470417 -0.103482
vt 0.463308 -0.103916
vt 0.457999 -0.104154
vt 0.452524 -0.104658
vt 0.444444 -0.104882
vt 0.431523 -0.104841
vt 0.412812 -0.105038
vt 0.387692 -0.105721
vt 0.361071 -0.107284
vt 0.326591 -0.109774
vt 0.290120 -0.116633
vt 0.239667 -0.125166
vt 0.753789 -0.167215
vt 0.727491 -0.168912
vt 0.700847 -0.169055
vt 0.676029 -0.167134
vt 0.654591 -0.163520
vt 0.634129 -0.157172
vt 0.611934 -0.151383
vt 0.590113 -0.144271
vt 0.572200 -0.137087
vt 0.550913 -0.130172
vt 0.530576 -0.126100
vt 0.511435 -0.122341
vt 0.494440 -0.118630
vt 0.480395 -0.115249
vt 0.469763 -0.112923
vt 0.462111 -0.111309
vt 0.456462 -0.110807
vt 0.450599 -0.110901
vt 0.442263 -0.111413
vt 0.429385 -0.112262
vt 0.410867 -0.113554
vt 0.385562 -0.115944
vt 0.359158 -0.119933
vt 0.330886 -0.123868
vt 0.284573 -0.135238
vt 0.241551 -0.143887
vt 0.750468 -0.187462
vt 0.723426 -0.188434
vt 0.696443 -0.186797
vt 0.671046 -0.184097
vt 0.649222 -0.180531
vt 0.629396 -0.176359
vt 0.609517 -0.171598
vt 0.591368 -0.165555
vt 0.572889 -0.159041
vt 0.552936 -0.155242
vt 0.533155 -0.149267
vt 0.513309 -0.143297
vt 0.495478 -0.136947
vt 0.480482 -0.130730
vt 0.468583 -0.125849
vt 0.459851 -0.122522
vt 0.452878 -0.120768
vt 0.445826 -0.120692
vt 0.436741 -0.121608
vt 0.424226 -0.122695
vt 0.406430 -0.124959
vt 0.382912 -0.129414
vt 0.356769 -0.135766
vt 0.322467 -0.146175
vt 0.280161 -0.156060
vt 0.240746 -0.164253
vt 0.746567 -0.208055
vt 0.718247 -0.207446
vt 0.691077 -0.204497
vt 0.665752 -0.200117
vt 0.645187 -0.195655
vt 0.626303 -0.193215
vt 0.608199 -0.191791
vt 0.591447 -0.189854
vt 0.573280 -0.187346
vt 0.548530 -0.188594
vt 0.532436 -0.183040
vt 0.514744 -0.172603
vt 0.496035 -0.163041
vt 0.479605 -0.152772
vt 0.465715 -0.145761
vt 0.455061 -0.140278
vt 0.446176 -0.137248
vt 0.436862 -0.137092
vt 0.426228 -0.138621
vt 0.414139 -0.139137
vt 0.395307 -0.142975
vt 0.373290 -0.150182
vt 0.346046 -0.158331
vt 0.307935 -0.170264
vt 0.273684 -0.177591
vt 0.236501 -0.185388
vt 0.740613 -0.228166
vt 0.711143 -0.225173
vt 0.686541 -0.222162
vt 0.663783 -0.218489
vt 0.643386 -0.216061
vt 0.625150 -0.219191
vt 0.607554 -0.216432
vt 0.590337 -0.212597
vt 0.568417 -0.212531
vt 0.545463 -0.210588
vt 0.530160 -0.212894
vt 0.514860 -0.212693
vt 0.495857 -0.207697
vt 0.477182 -0.184492
vt 0.459627 -0.176002
vt 0.446806 -0.167308
vt 0.435818 -0.162170
vt 0.422365 -0.163010
vt 0.405831 -0.169258
vt 0.394530 -0.168434
vt 0.378223 -0.171911
vt 0.355016 -0.179915
vt 0.328388 -0.187142
vt 0.297829 -0.194782
vt 0.263920 -0.200706
vt 0.230192 -0.207292
vt 0.736303 -0.248134
vt 0.708694 -0.245747
vt 0.684939 -0.244039
vt 0.662252 -0.243491
vt 0.642750 -0.242837
vt 0.623422 -0.241178
vt 0.606498 -0.240061
vt 0.589402 -0.238628
vt 0.570325 -0.237661
vt 0.546793 -0.236125
vt 0.527317 -0.233316
vt 0.509479 -0.238360
vt 0.487897 -0.245752
vt 0.469713 -0.242960
vt 0.448248 -0.241118
vt 0.432761 -0.218932
vt 0.421891 -0.206620
vt 0.405547 -0.208352
vt 0.392983 -0.202748
vt 0.378208 -0.201865
vt 0.360116 -0.203204
vt 0.337572 -0.208171
vt 0.309890 -0.217135
vt 0.283387 -0.221254
vt 0.254486 -0.224488
vt 0.224748 -0.228814
vt 0.732606 -0.269084
vt 0.705348 -0.265610
vt 0.683332 -0.263761
vt 0.661919 -0.263963
vt 0.642578 -0.265034
vt 0.624115 -0.266924
vt 0.605313 -0.264622
vt 0.588545 -0.263214
vt 0.568749 -0.264893
vt 0.545612 -0.262538
vt 0.525260 -0.260569
vt 0.506670 -0.262241
vt 0.488263 -0.265100
vt 0.468818 -0.267644
vt 0.447247 -0.271587
vt 0.426002 -0.270033
vt 0.410107 -0.261746
vt 0.395851 -0.253078
vt 0.376752 -0.242567
vt 0.357846 -0.242697
vt 0.337846 -0.245263
vt 0.315490 -0.248735
vt 0.292411 -0.249925
vt 0.269278 -0.248716
vt 0.245500 -0.248371
vt 0.219032 -0.250952
vt 0.728746 -0.289694
vt 0.703005 -0.287347
vt 0.680991 -0.286299
vt 0.659689 -0.285697
vt 0.640544 -0.284856
vt 0.622954 -0.284355
vt 0.604383 -0.283902
vt 0.585779 -0.282864
vt 0.566646 -0.280963
vt 0.548604 -0.278359
vt 0.527306 -0.279120
vt 0.505525 -0.285532
vt 0.485173 -0.290798
vt 0.465360 -0.292589
vt 0.440253 -0.298981
vt 0.418143 -0.299181
vt 0.400436 -0.292695
vt 0.384378 -0.286116
vt 0.363972 -0.278952
vt 0.344763 -0.273715
vt 0.322656 -0.274725
vt 0.301962 -0.276764
vt 0.281611 -0.277949
vt 0.259194 -0.276867
vt 0.236727 -0.274471
vt 0.725053 -0.309546
vt 0.700874 -0.306803
vt 0.679109 -0.304930
vt 0.658334 -0.303590
vt 0.639211 -0.302051
vt 0.621359 -0.301054
vt 0.603097 -0.300245
vt 0.583803 -0.299676
vt 0.566514 -0.298252
vt 0.547475 -0.297673
vt 0.525669 -0.301453
vt 0.503674 -0.308583
vt 0.479259 -0.318820
vt 0.457294 -0.322646
vt 0.435153 -0.324359
vt 0.414061 -0.323636
vt 0.394763 -0.320982
vt 0.375554 -0.317195
vt 0.354644 -0.312290
vt 0.333661 -0.306705
vt 0.313731 -0.306760
vt 0.293017 -0.306618
vt 0.271468 -0.305212
vt 0.251177 -0.303363
vt 0.230391 -0.300481
vt 0.770271 1.311667
vt 0.770524 1.332499
vt 0.748886 1.332776
vt 0.748598 1.311949
vt 0.727263 1.333102
vt 0.726933 1.312299
vt 0.705637 1.333457
vt 0.705288 1.312654
vt 0.684007 1.333835
vt 0.683636 1.313022
vt 0.662369 1.334236
vt 0.661972 1.313412
vt 0.640725 1.334670
vt 0.640289 1.313833
vt 0.619072 1.335152
vt 0.618582 1.314298
vt 0.597414 1.335700
vt 0.596863 1.314818
vt 0.575733 1.336312
vt 0.575144 1.315435
vt 0.554012 1.336951
vt 0.553431 1.316084
vt 0.532277 1.337514
vt 0.531803 1.316674
vt 0.510542 1.337934
vt 0.510223 1.317101
vt 0.488781 1.338219
vt 0.488515 1.317325
vt 0.467007 1.338474
vt 0.466733 1.317560
vt 0.445251 1.338751
vt 0.444953 1.317855
vt 0.423503 1.339056
vt 0.423213 1.318174
vt 0.401762 1.339346
vt 0.401530 1.318492
vt 0.380009 1.339539
vt 0.379909 1.318701
vt 0.358241 1.339559
vt 0.358315 1.318695
vt 0.336485 1.339374
vt 0.336716 1.318548
vt 0.314747 1.339064
vt 0.315104 1.318209
vt 0.293028 1.338630
vt 0.293459 1.317775
vt 0.271319 1.338160
vt 0.271782 1.317299
vt 0.249622 1.337659
vt 0.250108 1.316808
vt 0.227935 1.337148
vt 0.228420 1.316284
vt 0.206236 1.336646
vt 0.206710 1.315770
vt 0.744236 -0.331103
vt 0.722345 -0.328808
vt 0.699512 -0.326120
vt 0.678086 -0.323407
vt 0.657965 -0.321890
vt 0.639057 -0.321733
vt 0.620083 -0.323718
vt 0.600079 -0.324087
vt 0.579886 -0.324272
vt 0.560303 -0.324423
vt 0.540857 -0.324982
vt 0.517161 -0.329883
vt 0.496503 -0.334666
vt 0.475234 -0.340271
vt 0.454513 -0.342920
vt 0.433097 -0.344039
vt 0.408909 -0.346153
vt 0.387421 -0.345444
vt 0.367859 -0.340865
vt 0.348419 -0.338499
vt 0.328499 -0.332128
vt 0.308644 -0.329101
vt 0.287718 -0.328731
vt 0.266296 -0.326280
vt 0.246664 -0.323276
vt 0.226816 -0.320264
vt 0.206769 -0.317189
vt 0.824508 1.206872
vt 0.769625 1.249120
vt 0.805869 1.206708
vt 0.173821 -0.274303
vt 0.155868 -0.272308
vt 0.139215 -0.269817
vt 0.139353 -0.290197
vt 0.195982 -0.253085
vt 0.174914 -0.254117
vt 0.156417 -0.252559
vt 0.138872 -0.250255
vt 0.199169 -0.232037
vt 0.176197 -0.233623
vt 0.156868 -0.232705
vt 0.138718 -0.229968
vt 0.201990 -0.211557
vt 0.177281 -0.213693
vt 0.156410 -0.212171
vt 0.136199 -0.207099
vt 0.205399 -0.191014
vt 0.177153 -0.192603
vt 0.153224 -0.189360
vt 0.135347 -0.187030
vt 0.207610 -0.169065
vt 0.176535 -0.169642
vt 0.153112 -0.169132
vt 0.134943 -0.166934
vt 0.207715 -0.147177
vt 0.174665 -0.146890
vt 0.151184 -0.146789
vt 0.132959 -0.145290
vt 0.201612 -0.125601
vt 0.172089 -0.126110
vt 0.149945 -0.125865
vt 0.132271 -0.124869
vt 0.194786 -0.106037
vt 0.168675 -0.106562
vt 0.149057 -0.106218
vt 0.132071 -0.104705
vt 0.188698 -0.087045
vt 0.163422 -0.085847
vt 0.145051 -0.082462
vt 0.130326 -0.081171
vt 0.177892 -0.064838
vt 0.156735 -0.063329
vt 0.143586 -0.062550
vt 0.130419 -0.062360
vt 0.181204 -0.041133
vt 0.157463 -0.047199
vt 0.144224 -0.045733
vt 0.130655 -0.045042
vt 0.183147 -0.020965
vt 0.165401 -0.020400
vt 0.149180 -0.019495
vt 0.132828 -0.020595
vt 0.183601 -0.001669
vt 0.166514 -0.000939
vt 0.150471 -0.000008
vt 0.134960 0.000758
vt 0.185303 0.018174
vt 0.168060 0.018404
vt 0.151725 0.019221
vt 0.135895 0.019834
vt 0.186800 0.039722
vt 0.168990 0.038736
vt 0.152292 0.038923
vt 0.136254 0.039331
vt 0.187188 0.061015
vt 0.170034 0.061158
vt 0.152114 0.059170
vt 0.135999 0.059347
vt 0.187796 0.082259
vt 0.170780 0.082705
vt 0.152167 0.080090
vt 0.135852 0.079706
vt 0.188006 0.103069
vt 0.170775 0.103449
vt 0.153456 0.102492
vt 0.135867 0.100541
vt 0.188697 0.124270
vt 0.171582 0.124654
vt 0.155090 0.124587
vt 0.137692 0.122451
vt 0.189737 0.145681
vt 0.172951 0.146034
vt 0.156313 0.145897
vt 0.139479 0.144887
vt 0.191107 0.167848
vt 0.174140 0.167675
vt 0.157480 0.167245
vt 0.140984 0.166656
vt 0.192130 0.190129
vt 0.174917 0.189469
vt 0.158198 0.188746
vt 0.141272 0.187975
vt 0.192142 0.211584
vt 0.175076 0.210681
vt 0.158305 0.209716
vt 0.141954 0.208655
vt 0.192319 0.233769
vt 0.175249 0.232605
vt 0.158293 0.231236
vt 0.141399 0.229810
vt 0.192280 0.254945
vt 0.175102 0.253793
vt 0.157947 0.252530
vt 0.140678 0.251210
vt 0.192166 0.276044
vt 0.174813 0.274921
vt 0.157451 0.273728
vt 0.140028 0.272526
vt 0.191927 0.297106
vt 0.174493 0.296076
vt 0.156980 0.294985
vt 0.139399 0.293887
vt 0.191485 0.318277
vt 0.173975 0.317307
vt 0.156412 0.316280
vt 0.138821 0.315225
vt 0.191117 0.339542
vt 0.173462 0.338537
vt 0.155869 0.337540
vt 0.138286 0.336446
vt 0.190615 0.360915
vt 0.172887 0.359827
vt 0.155304 0.358775
vt 0.137663 0.357917
vt 0.189762 0.382216
vt 0.172393 0.381198
vt 0.155111 0.380378
vt 0.137432 0.379463
vt 0.188657 0.402674
vt 0.172056 0.401972
vt 0.154794 0.401290
vt 0.137129 0.400764
vt 0.190557 0.422255
vt 0.172270 0.422211
vt 0.154810 0.422189
vt 0.137125 0.421916
vt 0.191386 0.443404
vt 0.172785 0.443455
vt 0.154732 0.443391
vt 0.136897 0.443268
vt 0.191320 0.464653
vt 0.172281 0.464859
vt 0.154546 0.464834
vt 0.136745 0.464727
vt 0.191143 0.485891
vt 0.172403 0.486195
vt 0.154506 0.486282
vt 0.136652 0.486226
vt 0.190584 0.507393
vt 0.172589 0.507604
vt 0.154554 0.507670
vt 0.136644 0.507751
vt 0.190767 0.529195
vt 0.172601 0.529106
vt 0.154697 0.529147
vt 0.136741 0.529311
vt 0.192333 0.551156
vt 0.173434 0.550779
vt 0.155026 0.550722
vt 0.136935 0.550920
vt 0.193995 0.573004
vt 0.174594 0.572566
vt 0.155675 0.572439
vt 0.137246 0.572589
vt 0.195490 0.594582
vt 0.175726 0.594252
vt 0.156406 0.594172
vt 0.137619 0.594318
vt 0.196784 0.615929
vt 0.176731 0.615808
vt 0.157098 0.615852
vt 0.138020 0.616072
vt 0.197849 0.637155
vt 0.177586 0.637286
vt 0.157731 0.637492
vt 0.138421 0.637820
vt 0.198651 0.658395
vt 0.178288 0.658770
vt 0.158320 0.659138
vt 0.138803 0.659561
vt 0.199155 0.679771
vt 0.178820 0.680341
vt 0.158815 0.680844
vt 0.139171 0.681337
vt 0.199421 0.701371
vt 0.179188 0.702054
vt 0.159215 0.702640
vt 0.139532 0.703189
vt 0.199540 0.723221
vt 0.179453 0.723933
vt 0.159559 0.724551
vt 0.139894 0.725126
vt 0.199626 0.745311
vt 0.179676 0.745974
vt 0.159879 0.746573
vt 0.140271 0.747146
vt 0.199721 0.767578
vt 0.179894 0.768137
vt 0.160188 0.768678
vt 0.140638 0.769221
vt 0.199759 0.789904
vt 0.180113 0.790365
vt 0.160491 0.790824
vt 0.140987 0.791323
vt 0.199705 0.812166
vt 0.180311 0.812573
vt 0.160814 0.812966
vt 0.141347 0.813415
vt 0.199879 0.834396
vt 0.180432 0.834653
vt 0.161151 0.835026
vt 0.141784 0.835440
vt 0.200151 0.856567
vt 0.180524 0.856704
vt 0.161254 0.856970
vt 0.142044 0.857311
vt 0.200236 0.878721
vt 0.180441 0.878795
vt 0.161038 0.878935
vt 0.141813 0.879134
vt 0.199996 0.900925
vt 0.180086 0.900966
vt 0.160547 0.901038
vt 0.141136 0.901186
vt 0.199418 0.923225
vt 0.179459 0.923263
vt 0.159864 0.923308
vt 0.140367 0.923487
vt 0.198509 0.945644
vt 0.178578 0.945709
vt 0.159098 0.945784
vt 0.139419 0.946310
vt 0.197276 0.968143
vt 0.177431 0.968311
vt 0.158387 0.968294
vt 0.139435 0.968814
vt 0.195742 0.990657
vt 0.175667 0.991334
vt 0.157379 0.990781
vt 0.139109 0.990395
vt 0.194621 1.012811
vt 0.175278 1.013036
vt 0.157061 1.012591
vt 0.138969 1.012087
vt 0.193381 1.035070
vt 0.174982 1.034748
vt 0.156837 1.034281
vt 0.138647 1.033858
vt 0.193090 1.056914
vt 0.174749 1.056512
vt 0.156453 1.056145
vt 0.138081 1.055809
vt 0.192981 1.078911
vt 0.174403 1.078506
vt 0.155955 1.078186
vt 0.137492 1.077886
vt 0.192900 1.101124
vt 0.174044 1.100619
vt 0.155488 1.100260
vt 0.137022 1.099948
vt 0.192783 1.123166
vt 0.173688 1.122658
vt 0.155074 1.122278
vt 0.136636 1.121955
vt 0.192427 1.145041
vt 0.173253 1.144599
vt 0.154675 1.144250
vt 0.136262 1.143933
vt 0.191777 1.166986
vt 0.172777 1.166587
vt 0.154296 1.166196
vt 0.135910 1.165886
vt 0.190959 1.189029
vt 0.172240 1.188642
vt 0.153890 1.188109
vt 0.135568 1.187766
vt 0.190222 1.211088
vt 0.171881 1.210649
vt 0.153545 1.210253
vt 0.135081 1.209917
vt 0.879855 1.206502
vt 0.861346 1.206600
vt 0.861260 1.184649
vt 0.879760 1.184608
vt 0.842924 1.206704
vt 0.842640 1.184580
vt 0.824261 1.184690
vt 0.805778 1.184719
vt 0.873807 -0.260995
vt 0.856245 -0.258008
vt 0.851816 -0.280076
vt 0.869666 -0.282989
vt 0.838256 -0.255268
vt 0.833780 -0.277510
vt 0.820931 -0.252764
vt 0.816109 -0.275053
vt 0.803790 -0.250894
vt 0.798720 -0.273044
vt 0.878036 -0.239043
vt 0.860204 -0.235822
vt 0.842431 -0.233006
vt 0.825406 -0.230623
vt 0.808542 -0.229038
vt 0.882204 -0.217116
vt 0.864501 -0.214027
vt 0.846357 -0.210809
vt 0.829507 -0.208410
vt 0.812687 -0.207285
vt 0.886165 -0.195217
vt 0.868582 -0.192348
vt 0.850584 -0.189467
vt 0.833379 -0.186709
vt 0.816829 -0.185712
vt 0.889820 -0.173372
vt 0.872326 -0.170769
vt 0.854286 -0.168249
vt 0.837106 -0.165958
vt 0.820686 -0.164610
vt 0.893184 -0.151547
vt 0.875746 -0.149199
vt 0.857689 -0.146988
vt 0.840573 -0.144930
vt 0.823975 -0.143702
vt 0.896239 -0.129718
vt 0.878717 -0.127560
vt 0.860977 -0.125821
vt 0.844170 -0.123981
vt 0.828007 -0.121917
vt 0.898920 -0.107934
vt 0.881523 -0.106132
vt 0.863810 -0.104509
vt 0.846948 -0.103391
vt 0.830987 -0.102235
vt 0.901247 -0.086169
vt 0.883737 -0.084609
vt 0.865996 -0.082992
vt 0.849052 -0.082371
vt 0.832572 -0.081756
vt 0.903162 -0.064410
vt 0.885641 -0.063177
vt 0.868000 -0.061944
vt 0.851140 -0.061075
vt 0.836316 -0.060837
vt 0.904673 -0.042691
vt 0.887058 -0.041695
vt 0.869305 -0.040840
vt 0.853546 -0.041097
vt 0.838384 -0.039012
vt 0.906020 -0.021004
vt 0.888201 -0.020002
vt 0.870619 -0.018964
vt 0.854990 -0.017625
vt 0.837558 -0.014944
vt 0.907526 0.000750
vt 0.889590 0.001883
vt 0.871836 0.003090
vt 0.855873 0.005106
vt 0.839220 0.007287
vt 0.909137 0.022564
vt 0.891104 0.023741
vt 0.873353 0.024987
vt 0.857373 0.027112
vt 0.839949 0.028943
vt 0.910714 0.044459
vt 0.892604 0.045522
vt 0.874827 0.046650
vt 0.857785 0.048029
vt 0.841726 0.050233
vt 0.912038 0.066454
vt 0.893818 0.067247
vt 0.875801 0.068000
vt 0.858246 0.068790
vt 0.841484 0.069880
vt 0.912956 0.088566
vt 0.894593 0.089033
vt 0.876338 0.089395
vt 0.858248 0.089631
vt 0.840210 0.089579
vt 0.913442 0.110736
vt 0.894938 0.110917
vt 0.876417 0.110985
vt 0.857868 0.110965
vt 0.838648 0.110538
vt 0.913598 0.132916
vt 0.895025 0.132883
vt 0.876378 0.132741
vt 0.857443 0.132525
vt 0.837948 0.132297
vt 0.913487 0.155083
vt 0.894890 0.154862
vt 0.876367 0.154601
vt 0.857286 0.154189
vt 0.837805 0.153859
vt 0.913120 0.177228
vt 0.894552 0.176796
vt 0.876246 0.176407
vt 0.857363 0.175858
vt 0.838026 0.175227
vt 0.912455 0.199330
vt 0.893957 0.198634
vt 0.875883 0.198012
vt 0.857437 0.197351
vt 0.836731 0.198062
vt 0.911414 0.221365
vt 0.893017 0.220320
vt 0.875086 0.219257
vt 0.857483 0.218470
vt 0.836688 0.219696
vt 0.909946 0.243326
vt 0.891704 0.242101
vt 0.874327 0.240905
vt 0.856385 0.240634
vt 0.833614 0.243619
vt 0.908319 0.265268
vt 0.890417 0.264135
vt 0.872995 0.263125
vt 0.854161 0.263750
vt 0.832308 0.266635
vt 0.906705 0.287275
vt 0.888574 0.286267
vt 0.870451 0.286392
vt 0.851446 0.287140
vt 0.832751 0.288096
vt 0.905452 0.309171
vt 0.887506 0.308441
vt 0.870077 0.308640
vt 0.850170 0.308957
vt 0.831811 0.308944
vt 0.904441 0.331091
vt 0.886989 0.330278
vt 0.869855 0.330022
vt 0.848276 0.330075
vt 0.828726 0.329883
vt 0.903139 0.353090
vt 0.885535 0.352054
vt 0.867916 0.351059
vt 0.846008 0.351421
vt 0.823244 0.351424
vt 0.901497 0.375077
vt 0.882963 0.373534
vt 0.866344 0.372615
vt 0.842845 0.373123
vt 0.822887 0.372278
vt 0.899631 0.397183
vt 0.880886 0.395783
vt 0.863149 0.395362
vt 0.843280 0.395019
vt 0.825512 0.395243
vt 0.898095 0.419229
vt 0.879427 0.418213
vt 0.862222 0.418187
vt 0.843955 0.417742
vt 0.826073 0.417916
vt 0.897071 0.441114
vt 0.878514 0.440445
vt 0.860950 0.440441
vt 0.843245 0.440199
vt 0.825165 0.439829
vt 0.896409 0.462992
vt 0.877936 0.462458
vt 0.859771 0.462215
vt 0.842316 0.462133
vt 0.824672 0.462598
vt 0.895788 0.484837
vt 0.877383 0.484289
vt 0.858949 0.483816
vt 0.841016 0.483641
vt 0.823501 0.483699
vt 0.895052 0.506670
vt 0.876726 0.505982
vt 0.858437 0.505350
vt 0.840600 0.504799
vt 0.823102 0.504283
vt 0.894113 0.528446
vt 0.875825 0.527613
vt 0.857577 0.526742
vt 0.839790 0.525780
vt 0.822277 0.524726
vt 0.893038 0.550142
vt 0.874759 0.549220
vt 0.856587 0.548026
vt 0.838742 0.546653
vt 0.821214 0.545126
vt 0.891991 0.571800
vt 0.873696 0.570862
vt 0.855554 0.569436
vt 0.837483 0.567843
vt 0.819734 0.565818
vt 0.891176 0.593505
vt 0.872801 0.592741
vt 0.854882 0.591259
vt 0.835804 0.590555
vt 0.816845 0.590412
vt 0.890712 0.615310
vt 0.872361 0.614822
vt 0.854035 0.613953
vt 0.829722 0.617317
vt 0.810292 0.619067
vt 0.890498 0.637134
vt 0.872364 0.636949
vt 0.851873 0.637173
vt 0.823156 0.641207
vt 0.804306 0.642944
vt 0.890368 0.658983
vt 0.872740 0.658748
vt 0.849569 0.659028
vt 0.818553 0.661404
vt 0.800196 0.662411
vt 0.889865 0.680785
vt 0.872455 0.680202
vt 0.848044 0.679742
vt 0.816292 0.679523
vt 0.798071 0.679356
vt 0.888889 0.702583
vt 0.871170 0.701606
vt 0.846537 0.700358
vt 0.818408 0.698111
vt 0.799195 0.696777
vt 0.887472 0.724383
vt 0.869361 0.723168
vt 0.846044 0.721896
vt 0.823108 0.720021
vt 0.803447 0.718752
vt 0.885913 0.746201
vt 0.867773 0.745055
vt 0.845492 0.743955
vt 0.825349 0.743201
vt 0.806674 0.743405
vt 0.884387 0.768094
vt 0.866477 0.767144
vt 0.844539 0.765998
vt 0.825345 0.765489
vt 0.807187 0.765581
vt 0.882995 0.789944
vt 0.864688 0.789018
vt 0.844069 0.787886
vt 0.825005 0.787036
vt 0.807252 0.787060
vt 0.881899 0.811802
vt 0.863409 0.811089
vt 0.844517 0.810584
vt 0.825229 0.809035
vt 0.807259 0.808764
vt 0.881200 0.833687
vt 0.862572 0.833259
vt 0.844112 0.833590
vt 0.825895 0.833257
vt 0.807509 0.832752
vt 0.880961 0.855536
vt 0.862493 0.855401
vt 0.843800 0.855363
vt 0.825450 0.855304
vt 0.807158 0.855368
vt 0.880878 0.877445
vt 0.862372 0.877357
vt 0.843747 0.877271
vt 0.825410 0.877192
vt 0.807129 0.877124
vt 0.880785 0.899395
vt 0.862259 0.899300
vt 0.843633 0.899187
vt 0.825270 0.899067
vt 0.806928 0.898927
vt 0.880670 0.921369
vt 0.862125 0.921261
vt 0.843487 0.921131
vt 0.825055 0.920998
vt 0.806580 0.920839
vt 0.880543 0.943354
vt 0.861982 0.943248
vt 0.843337 0.943126
vt 0.824814 0.943004
vt 0.806145 0.942879
vt 0.880424 0.965347
vt 0.861856 0.965255
vt 0.843203 0.965160
vt 0.824610 0.965068
vt 0.805795 0.964982
vt 0.880323 0.987338
vt 0.861759 0.987265
vt 0.843108 0.987200
vt 0.824514 0.987131
vt 0.805668 0.987065
vt 0.880241 1.009322
vt 0.861690 1.009262
vt 0.843043 1.009220
vt 0.824524 1.009175
vt 0.805761 1.009115
vt 0.880166 1.031291
vt 0.861635 1.031232
vt 0.842998 1.031197
vt 0.824571 1.031169
vt 0.805991 1.031121
vt 0.880088 1.053236
vt 0.861577 1.053175
vt 0.842958 1.053131
vt 0.824587 1.053101
vt 0.806174 1.053059
vt 0.880002 1.075163
vt 0.861506 1.075095
vt 0.842902 1.075037
vt 0.824548 1.074985
vt 0.806211 1.074926
vt 0.879911 1.097067
vt 0.861427 1.096999
vt 0.842826 1.096935
vt 0.824466 1.096865
vt 0.806122 1.096777
vt 0.879830 1.118954
vt 0.861351 1.118898
vt 0.842744 1.118839
vt 0.824362 1.118768
vt 0.805972 1.118670
vt 0.879773 1.140835
vt 0.861293 1.140799
vt 0.842677 1.140759
vt 0.824270 1.140710
vt 0.805830 1.140638
vt 0.879750 1.162719
vt 0.861261 1.162712
vt 0.842649 1.162690
vt 0.824224 1.162688
vt 0.805760 1.162676
vt 0.847310 -0.302145
vt 0.865799 -0.305035
vt 0.828739 -0.299581
vt 0.810891 -0.297713
vt 0.792508 -0.295621
vt 0.843833 -0.324643
vt 0.862444 -0.327110
vt 0.824780 -0.322221
vt 0.218651 -0.417781
vt 0.220828 -0.395754
vt 0.200507 -0.393762
vt 0.198734 -0.413168
vt 0.222746 -0.376452
vt 0.202338 -0.374227
vt 0.223947 -0.357815
vt 0.203368 -0.355334
vt 0.224858 -0.339012
vt 0.238825 -0.419760
vt 0.241121 -0.397845
vt 0.242865 -0.378944
vt 0.243826 -0.360562
vt 0.245028 -0.342130
vt 0.258982 -0.421856
vt 0.261359 -0.400120
vt 0.262910 -0.381566
vt 0.263615 -0.363114
vt 0.264529 -0.345016
vt 0.279159 -0.424031
vt 0.281570 -0.402493
vt 0.283319 -0.384069
vt 0.283451 -0.365596
vt 0.283549 -0.347340
vt 0.299351 -0.426105
vt 0.301622 -0.404711
vt 0.302974 -0.387058
vt 0.303111 -0.372005
vt 0.304735 -0.349390
vt 0.319463 -0.428019
vt 0.321628 -0.406840
vt 0.321646 -0.390649
vt 0.322459 -0.375614
vt 0.325489 -0.355347
vt 0.339645 -0.430070
vt 0.341413 -0.410242
vt 0.341488 -0.393656
vt 0.342822 -0.377683
vt 0.344554 -0.358954
vt 0.359714 -0.432058
vt 0.360248 -0.416323
vt 0.362329 -0.395624
vt 0.362487 -0.379974
vt 0.364233 -0.362323
vt 0.379646 -0.433810
vt 0.379163 -0.422585
vt 0.382128 -0.397661
vt 0.382443 -0.382213
vt 0.383739 -0.365471
vt 0.399509 -0.435560
vt 0.398678 -0.427687
vt 0.401800 -0.399335
vt 0.401461 -0.384617
vt 0.405634 -0.365787
vt 0.419393 -0.437219
vt 0.418487 -0.431864
vt 0.421181 -0.401365
vt 0.420874 -0.386450
vt 0.428912 -0.364139
vt 0.439913 -0.438882
vt 0.438788 -0.435169
vt 0.440597 -0.403116
vt 0.441509 -0.386737
vt 0.451082 -0.362259
vt 0.460410 -0.440637
vt 0.459444 -0.437543
vt 0.462449 -0.401740
vt 0.467764 -0.379119
vt 0.473624 -0.357276
vt 0.481782 -0.442292
vt 0.480492 -0.439832
vt 0.484765 -0.397849
vt 0.491721 -0.372001
vt 0.494269 -0.353478
vt 0.503414 -0.444515
vt 0.502650 -0.439739
vt 0.507750 -0.391460
vt 0.513775 -0.366592
vt 0.515272 -0.348767
vt 0.524687 -0.446654
vt 0.524421 -0.438543
vt 0.530411 -0.388259
vt 0.535993 -0.362632
vt 0.537797 -0.345015
vt 0.545888 -0.448142
vt 0.546911 -0.436897
vt 0.552974 -0.384496
vt 0.556610 -0.361149
vt 0.557588 -0.343957
vt 0.567182 -0.448934
vt 0.567209 -0.434382
vt 0.573645 -0.384655
vt 0.577671 -0.360672
vt 0.578480 -0.343941
vt 0.588454 -0.448663
vt 0.590460 -0.432260
vt 0.593129 -0.387862
vt 0.597513 -0.363124
vt 0.599904 -0.345898
vt 0.609915 -0.448022
vt 0.612124 -0.428564
vt 0.613612 -0.391779
vt 0.616738 -0.365171
vt 0.618777 -0.346771
vt 0.631492 -0.447073
vt 0.630853 -0.425314
vt 0.633938 -0.391797
vt 0.636567 -0.365813
vt 0.638198 -0.346585
vt 0.653273 -0.445687
vt 0.652349 -0.422950
vt 0.655336 -0.392294
vt 0.657201 -0.365917
vt 0.658018 -0.347092
vt 0.674847 -0.444741
vt 0.674550 -0.421886
vt 0.675668 -0.398791
vt 0.677955 -0.369532
vt 0.678222 -0.347767
vt 0.696442 -0.444375
vt 0.696576 -0.421067
vt 0.697242 -0.399556
vt 0.699877 -0.377717
vt 0.699523 -0.348471
vt 0.718004 -0.444586
vt 0.718711 -0.421072
vt 0.719631 -0.399684
vt 0.721536 -0.379493
vt 0.722223 -0.350526
vt 0.739532 -0.445386
vt 0.740877 -0.421839
vt 0.742245 -0.400380
vt 0.743803 -0.378694
vt 0.230066 1.233055
vt 0.208108 1.232477
vt 0.229570 1.254103
vt 0.229383 1.274727
vt 0.229037 1.295306
vt 0.207188 1.294872
vt 0.252080 1.233446
vt 0.251414 1.254610
vt 0.251018 1.275335
vt 0.250587 1.295920
vt 0.273926 1.233635
vt 0.273170 1.254997
vt 0.272658 1.275882
vt 0.272231 1.296491
vt 0.295471 1.233457
vt 0.294729 1.255084
vt 0.294250 1.276333
vt 0.293885 1.296981
vt 0.316597 1.232957
vt 0.316089 1.254958
vt 0.315777 1.276706
vt 0.315491 1.297366
vt 0.337531 1.232733
vt 0.337354 1.255216
vt 0.337248 1.276981
vt 0.336970 1.297656
vt 0.358554 1.232808
vt 0.358649 1.255826
vt 0.358575 1.277200
vt 0.358395 1.297856
vt 0.379670 1.233142
vt 0.379835 1.256265
vt 0.379775 1.277285
vt 0.379785 1.297857
vt 0.400715 1.233309
vt 0.400830 1.255983
vt 0.400981 1.277055
vt 0.401190 1.297700
vt 0.421469 1.232769
vt 0.421942 1.255097
vt 0.422393 1.276432
vt 0.422781 1.297367
vt 0.442231 1.231752
vt 0.443219 1.253978
vt 0.443994 1.275539
vt 0.444534 1.296882
vt 0.463270 1.230747
vt 0.464582 1.253006
vt 0.465588 1.274810
vt 0.466314 1.296488
vt 0.485068 1.229779
vt 0.486360 1.252108
vt 0.487336 1.274647
vt 0.488186 1.296408
vt 0.508138 1.228809
vt 0.508966 1.250464
vt 0.509145 1.274120
vt 0.509874 1.296456
vt 0.530828 1.228636
vt 0.531166 1.248614
vt 0.530926 1.272283
vt 0.531268 1.296015
vt 0.550883 1.229344
vt 0.551252 1.247442
vt 0.551818 1.269994
vt 0.552799 1.295296
vt 0.569608 1.229859
vt 0.569883 1.247666
vt 0.572405 1.270023
vt 0.574491 1.294507
vt 0.591348 1.230044
vt 0.591709 1.249424
vt 0.594963 1.271847
vt 0.596320 1.293749
vt 0.616925 1.229962
vt 0.616873 1.250907
vt 0.617613 1.272197
vt 0.618109 1.293189
vt 0.639124 1.229987
vt 0.639194 1.250827
vt 0.639488 1.271806
vt 0.639871 1.292745
vt 0.660714 1.229810
vt 0.660949 1.250612
vt 0.661239 1.271476
vt 0.661588 1.292351
vt 0.682302 1.229497
vt 0.682620 1.250300
vt 0.682939 1.271137
vt 0.683276 1.291982
vt 0.703938 1.229114
vt 0.704288 1.249952
vt 0.704614 1.270792
vt 0.704942 1.291627
vt 0.725642 1.228715
vt 0.725980 1.249603
vt 0.726282 1.270457
vt 0.726589 1.291286
vt 0.747406 1.228349
vt 0.747716 1.249279
vt 0.747948 1.270166
vt 0.748185 1.290938
vt 0.769176 1.228033
vt 0.769828 1.269961
vt 0.770020 1.290814
vt 0.187976 -0.412198
vt 0.159386 -0.404694
vt 0.135618 -0.388844
vt 0.106100 -0.336066
vt 0.117293 -0.365565
vt 0.103013 -0.302867
vt 0.097927 1.224907
vt 0.102410 1.260308
vt 0.163533 1.330288
vt 0.137055 1.314808
vt 0.194656 1.336383
vt 0.751034 -0.446040
vt 0.782575 -0.440142
vt 0.810419 -0.427537
vt 0.833382 -0.407256
vt 0.851189 -0.377862
vt 0.860417 -0.342824
vt 0.782077 1.332363
vt 0.813192 1.326629
vt 0.839791 1.311481
vt 0.875013 1.257345
vt 0.861178 1.287671
vt 0.879951 1.222053
vn -0.0000 0.0000 1.0000
vn 0.1287 0.8810 -0.4552
vn 0.1795 0.8752 -0.4493
vn 0.2225 0.8897 -0.3987
vn 0.1667 0.8959 -0.4117
vn 0.0423 0.9547 0.2946
vn 0.2502 0.9549 0.1599
vn 0.1874 0.9482 0.2564
vn 0.0000 1.0000 -0.0000
vn -0.0832 0.9934 0.0795
vn 0.0974 0.8597 -0.5015
vn 0.1513 0.8530 -0.4995
vn 0.2148 0.9580 0.1899
vn 0.2091 0.9466 0.2454
vn 0.2275 0.9464 0.2292
vn 0.2498 0.9497 0.1888
vn -0.0738 0.9950 -0.0678
vn -0.3944 0.8935 -0.2146
vn -0.2154 0.9684 -0.1255
vn -0.4765 0.7714 -0.4218
vn -0.3068 0.8585 -0.4110
vn -0.2055 0.7859 -0.5833
vn -0.1075 0.8045 -0.5842
vn 0.0004 0.7756 -0.6312
vn -0.0081 0.7911 -0.6116
vn 0.2018 0.8007 -0.5641
vn 0.0978 0.8086 -0.5802
vn 0.3503 0.8185 -0.4553
vn 0.2459 0.8420 -0.4801
vn 0.4263 0.8446 -0.3238
vn 0.2285 0.9373 -0.2633
vn 0.2139 0.9703 -0.1135
vn 0.0660 0.9948 -0.0777
vn -0.0756 0.9925 -0.0962
vn -0.4310 0.8669 -0.2504
vn -0.3575 0.9337 -0.0216
vn -0.6636 0.6208 -0.4175
vn -0.6892 0.7225 -0.0553
vn -0.5969 0.6065 -0.5252
vn -0.7121 0.6970 -0.0845
vn -0.5546 0.6051 -0.5712
vn -0.6940 0.7146 -0.0881
vn -0.5951 0.5156 -0.6164
vn -0.6533 0.7138 -0.2524
vn -0.5818 0.3673 -0.7257
vn -0.5248 0.5857 -0.6177
vn -0.4131 0.2356 -0.8797
vn -0.4199 0.4292 -0.7997
vn -0.2241 0.2090 -0.9519
vn -0.3204 0.3715 -0.8714
vn -0.1329 0.2526 -0.9584
vn -0.2129 0.3976 -0.8925
vn -0.0365 0.3377 -0.9405
vn -0.1352 0.4709 -0.8717
vn -0.0871 0.4491 -0.8892
vn -0.1130 0.4804 -0.8698
vn -0.3289 0.5467 -0.7700
vn -0.2678 0.4030 -0.8752
vn -0.5029 0.6070 -0.6153
vn -0.3914 0.3455 -0.8529
vn -0.4662 0.7021 -0.5383
vn -0.4860 0.4530 -0.7474
vn -0.4545 0.7474 -0.4847
vn -0.3252 0.5368 -0.7785
vn -0.4597 0.7557 -0.4664
vn -0.3154 0.5686 -0.7598
vn -0.4236 0.7342 -0.5305
vn -0.2228 0.5869 -0.7784
vn -0.2636 0.6863 -0.6778
vn -0.0562 0.5588 -0.8274
vn -0.1020 0.6011 -0.7927
vn 0.1438 0.4236 -0.8944
vn -0.1221 0.5531 -0.8241
vn 0.2613 0.2608 -0.9294
vn -0.1511 0.5785 -0.8016
vn 0.1018 0.1947 -0.9756
vn -0.0130 0.3822 -0.9240
vn 0.1534 0.1374 -0.9786
vn -0.0534 0.4483 -0.8923
vn 0.0912 0.1485 -0.9847
vn -0.0056 0.4489 -0.8935
vn -0.1291 0.1422 -0.9814
vn -0.1000 0.2852 -0.9532
vn -0.2052 0.1584 -0.9658
vn 0.0222 0.3132 -0.9494
vn -0.0931 0.1908 -0.9772
vn 0.1356 0.2841 -0.9491
vn 0.2230 0.2468 -0.9431
vn 0.3892 0.3280 -0.8608
vn 0.2585 0.1954 -0.9461
vn 0.4758 0.2600 -0.8403
vn 0.3070 0.2414 -0.9206
vn 0.4194 0.2489 -0.8730
vn 0.2991 0.2652 -0.9166
vn 0.2983 0.2124 -0.9305
vn 0.2537 0.4305 -0.8662
vn 0.0208 0.3634 -0.9314
vn -0.0230 0.5428 -0.8396
vn -0.2622 0.3130 -0.9128
vn -0.2103 0.5106 -0.8337
vn -0.2345 0.2669 -0.9348
vn -0.2141 0.3930 -0.8943
vn -0.0846 0.3013 -0.9498
vn -0.1278 0.3103 -0.9420
vn 0.0895 0.4263 -0.9002
vn -0.1269 0.2892 -0.9488
vn 0.3976 0.4820 -0.7808
vn 0.1564 0.4075 -0.8997
vn 0.5582 0.4940 -0.6666
vn 0.4448 0.5414 -0.7134
vn 0.5701 0.5875 -0.5743
vn 0.4910 0.6874 -0.5351
vn 0.4093 0.7134 -0.5687
vn 0.4093 0.7582 -0.5076
vn 0.1753 0.7599 -0.6260
vn 0.2220 0.7666 -0.6025
vn -0.0594 0.7573 -0.6504
vn -0.2039 0.8312 -0.5172
vn -0.2885 0.7676 -0.5724
vn -0.4268 0.8665 -0.2588
vn -0.2829 0.7460 -0.6029
vn -0.1260 0.9300 -0.3454
vn -0.3550 0.5896 -0.7255
vn -0.1297 0.8128 -0.5679
vn -0.1791 0.4947 -0.8504
vn -0.1870 0.6320 -0.7521
vn 0.1506 0.5293 -0.8350
vn 0.0300 0.5964 -0.8022
vn 0.1541 0.6320 -0.7595
vn 0.0125 0.6617 -0.7497
vn 0.1276 0.7234 -0.6785
vn 0.0217 0.7370 -0.6755
vn 0.1257 0.7825 -0.6098
vn 0.0457 0.7918 -0.6091
vn 0.1345 0.8232 -0.5515
vn 0.0710 0.8310 -0.5517
vn -0.0845 0.9909 0.1051
vn -0.1179 0.9419 0.3145
vn -0.0519 0.8961 0.4409
vn -0.0296 0.8771 0.4793
vn -0.0030 0.8682 0.4961
vn 0.0164 0.8720 0.4892
vn 0.0243 0.8828 0.4692
vn 0.0256 0.8965 0.4424
vn 0.0285 0.9118 0.4097
vn 0.0333 0.9293 0.3677
vn 0.0920 0.9609 0.2612
vn 0.0751 0.9931 0.0898
vn -0.0780 0.9927 0.0921
vn -0.1320 0.9476 0.2910
vn -0.0824 0.8965 0.4352
vn -0.0485 0.8706 0.4897
vn -0.0440 0.8520 0.5217
vn -0.0417 0.8368 0.5459
vn -0.0372 0.8191 0.5724
vn -0.0526 0.7909 0.6097
vn -0.0296 0.7923 0.6094
vn -0.0248 0.7766 0.6295
vn -0.0239 0.7932 0.6086
vn -0.0012 0.7936 0.6084
vn 0.0128 0.8053 0.5928
vn 0.0183 0.8159 0.5779
vn 0.0092 0.8195 0.5730
vn 0.0159 0.8309 0.5561
vn 0.0366 0.8438 0.5353
vn 0.0743 0.8625 0.5005
vn 0.1497 0.8958 0.4184
vn 0.1868 0.9471 0.2610
vn 0.0831 0.9939 0.0720
vn -0.0680 0.9944 0.0811
vn -0.0715 0.9686 0.2383
vn 0.0005 0.9531 0.3026
vn -0.0117 0.9474 0.3199
vn -0.0012 0.9429 0.3330
vn 0.0584 0.9583 0.2796
vn 0.0622 0.9901 0.1259
vn 0.0805 0.9274 -0.3652
vn 0.1503 0.9173 -0.3687
vn 0.3234 0.9151 -0.2410
vn -0.0722 0.9947 -0.0727
vn -0.2291 0.9682 -0.1006
vn 0.1760 0.9291 -0.3253
vn -0.2562 0.9524 -0.1654
vn 0.4702 0.6364 -0.6114
vn -0.1133 0.8944 -0.4326
vn 0.6341 0.6207 -0.4611
vn 0.0274 0.8148 -0.5792
vn 0.6269 0.7553 -0.1908
vn 0.1089 0.9137 -0.3915
vn 0.4560 0.8831 0.1105
vn 0.1258 0.9918 -0.0246
vn 0.2122 0.9381 0.2738
vn 0.1714 0.9510 0.2574
vn 0.0903 0.9737 0.2093
vn 0.3290 0.9040 0.2731
vn 0.0846 0.9841 0.1560
vn 0.4713 0.8517 0.2291
vn 0.1389 0.9734 0.1821
vn 0.5586 0.7963 0.2321
vn 0.1541 0.9872 -0.0407
vn 0.5536 0.8328 0.0071
vn -0.0269 0.9191 -0.3931
vn 0.5563 0.7463 -0.3655
vn -0.2312 0.8863 -0.4013
vn 0.4937 0.7371 -0.4614
vn -0.3463 0.9222 -0.1718
vn 0.3549 0.9149 -0.1925
vn -0.3292 0.9431 0.0473
vn 0.3200 0.9416 0.1048
vn -0.2559 0.9514 0.1714
vn 0.3018 0.9322 0.1998
vn -0.2448 0.9392 0.2407
vn 0.2220 0.9618 0.1601
vn -0.2984 0.9142 0.2741
vn 0.0478 0.9880 0.1467
vn -0.3562 0.8723 0.3351
vn -0.1359 0.9607 0.2422
vn -0.3792 0.8222 0.4246
vn -0.2343 0.8838 0.4050
vn -0.3368 0.7600 0.5559
vn -0.2364 0.7744 0.5870
vn -0.0984 0.9902 -0.0992
vn -0.1904 0.9817 0.0055
vn -0.0835 0.9924 0.0905
vn -0.0799 0.9936 -0.0797
vn -0.2758 0.9218 -0.2723
vn -0.5442 0.7777 -0.3147
vn -0.7031 0.6847 -0.1918
vn -0.7486 0.5840 -0.3139
vn -0.7582 0.5302 -0.3795
vn -0.7275 0.6819 -0.0761
vn -0.2970 0.8718 0.3896
vn 0.2838 0.8143 0.5063
vn 0.5680 0.7529 0.3324
vn 0.5620 0.7927 0.2364
vn 0.3751 0.9081 0.1860
vn 0.2229 0.9748 0.0092
vn 0.3099 0.9282 -0.2060
vn 0.5940 0.7395 -0.3168
vn 0.7451 0.6419 -0.1813
vn 0.7143 0.6990 0.0348
vn 0.6356 0.7695 0.0616
vn 0.4811 0.8744 -0.0636
vn 0.2505 0.9629 -0.1002
vn 0.0248 0.9979 0.0592
vn -0.0967 0.9308 0.3524
vn -0.1358 0.8073 0.5743
vn -0.0023 0.9795 -0.2014
vn -0.0305 0.9993 -0.0193
vn -0.0590 0.9892 0.1340
vn -0.2099 0.9481 -0.2390
vn -0.3201 0.8270 -0.4621
vn -0.3564 0.7854 -0.5060
vn -0.4479 0.7594 -0.4719
vn -0.5036 0.6982 -0.5089
vn -0.4200 0.8414 -0.3400
vn -0.2918 0.8932 0.3420
vn 0.1213 0.6328 0.7648
vn 0.2611 0.7008 0.6639
vn 0.2041 0.8975 0.3908
vn 0.1800 0.9681 0.1742
vn 0.0634 0.9965 0.0547
vn 0.0666 0.9964 -0.0520
vn 0.2441 0.9650 -0.0958
vn 0.4508 0.8836 -0.1262
vn 0.6374 0.7674 -0.0687
vn 0.6098 0.7788 -0.1471
vn 0.4473 0.8334 -0.3246
vn 0.2536 0.9114 -0.3242
vn 0.1278 0.9881 -0.0850
vn 0.0702 0.9497 0.3051
vn 0.0416 0.8347 0.5492
vn 0.0865 0.9913 -0.0989
vn 0.1080 0.9902 -0.0886
vn -0.1435 0.9812 -0.1294
vn -0.3197 0.8893 -0.3270
vn -0.2789 0.8391 -0.4670
vn -0.2877 0.7643 -0.5771
vn -0.2807 0.8326 -0.4775
vn 0.0241 0.9183 -0.3952
vn 0.3429 0.9352 -0.0879
vn 0.4272 0.7915 0.4371
vn 0.1007 0.6818 0.7246
vn -0.1727 0.7318 0.6593
vn -0.2284 0.8494 0.4757
vn -0.0942 0.9770 0.1913
vn 0.0595 0.9972 -0.0441
vn 0.1980 0.9784 -0.0587
vn 0.2594 0.9287 -0.2651
vn 0.2296 0.8387 -0.4938
vn 0.2274 0.8887 -0.3982
vn 0.2649 0.9575 -0.1142
vn 0.2601 0.9252 0.2763
vn 0.2202 0.8217 0.5257
vn -0.0513 0.9972 -0.0543
vn -0.1908 0.9488 -0.2516
vn -0.3301 0.8608 -0.3873
vn -0.4273 0.8341 -0.3489
vn -0.4912 0.7464 -0.4489
vn -0.4792 0.7338 -0.4817
vn -0.3790 0.8887 -0.2581
vn -0.2093 0.9749 -0.0761
vn -0.1046 0.9481 0.3004
vn -0.0547 0.8811 0.4698
vn -0.0568 0.7880 0.6130
vn -0.0749 0.7631 0.6419
vn -0.0364 0.8433 0.5361
vn -0.0033 0.9666 0.2564
vn -0.0683 0.9929 -0.0974
vn -0.1719 0.9129 -0.3702
vn -0.1857 0.8637 -0.4685
vn 0.0282 0.9632 -0.2672
vn 0.2767 0.9608 -0.0187
vn 0.3726 0.8793 0.2967
vn 0.3687 0.7903 0.4893
vn -0.2612 0.9394 -0.2221
vn -0.4012 0.8463 -0.3504
vn -0.3999 0.8137 -0.4218
vn -0.4595 0.7621 -0.4561
vn -0.4849 0.7064 -0.5156
vn -0.4317 0.7957 -0.4248
vn -0.4968 0.8325 -0.2453
vn -0.6373 0.7688 0.0531
vn -0.6432 0.7129 0.2792
vn -0.6073 0.7091 0.3583
vn -0.4240 0.7167 0.5537
vn -0.2753 0.7006 0.6583
vn -0.2887 0.7855 0.5474
vn -0.2213 0.9037 0.3667
vn -0.1012 0.9855 0.1359
vn -0.0654 0.9945 -0.0817
vn -0.2544 0.9445 -0.2078
vn -0.4299 0.8358 -0.3414
vn -0.6060 0.6545 -0.4521
vn -0.6258 0.7539 -0.2002
vn -0.3845 0.9184 0.0930
vn -0.0334 0.9684 0.2472
vn 0.1940 0.8724 0.4485
vn 0.1978 0.8983 0.3924
vn -0.5453 0.7691 -0.3333
vn -0.5426 0.7953 -0.2703
vn -0.3835 0.8688 -0.3133
vn -0.2674 0.7971 -0.5414
vn -0.3235 0.7992 -0.5065
vn -0.4280 0.7916 -0.4361
vn -0.5303 0.7700 -0.3549
vn -0.5804 0.8141 -0.0189
vn -0.6460 0.7426 0.1766
vn -0.7307 0.6390 0.2405
vn -0.7382 0.5518 0.3880
vn -0.6659 0.5197 0.5352
vn -0.6435 0.5554 0.5267
vn -0.5838 0.6276 0.5151
vn -0.4520 0.8497 0.2716
vn -0.3783 0.9256 0.0165
vn -0.4005 0.9160 -0.0226
vn -0.4761 0.8462 -0.2393
vn -0.6371 0.6313 -0.4422
vn -0.6735 0.4977 -0.5465
vn -0.7778 0.4893 -0.3945
vn -0.8118 0.5704 0.1252
vn -0.6088 0.6824 0.4046
vn -0.3599 0.7904 0.4957
vn -0.1387 0.7926 0.5937
vn -0.0298 0.9357 0.3514
vn -0.5199 0.7877 -0.3306
vn -0.3870 0.9161 -0.1045
vn -0.2852 0.9298 -0.2325
vn -0.2014 0.8261 -0.5263
vn -0.1700 0.8069 -0.5657
vn -0.1923 0.8366 -0.5129
vn -0.1578 0.8861 -0.4358
vn -0.3409 0.9114 -0.2307
vn -0.6380 0.7671 -0.0668
vn -0.8226 0.5686 -0.0033
vn -0.8869 0.4272 0.1759
vn -0.8356 0.3500 0.4235
vn -0.7353 0.3938 0.5515
vn -0.6976 0.4747 0.5367
vn -0.7548 0.5789 0.3084
vn -0.7746 0.6311 0.0422
vn -0.7789 0.6174 -0.1100
vn -0.7784 0.5178 -0.3550
vn -0.7341 0.4763 -0.4840
vn -0.6778 0.4319 -0.5950
vn -0.8204 0.4469 -0.3568
vn -0.8252 0.4112 0.3873
vn -0.6068 0.5144 0.6059
vn -0.4546 0.6303 0.6293
vn -0.3793 0.6818 0.6255
vn -0.3334 0.8633 0.3790
vn -0.3039 0.9025 -0.3051
vn -0.3292 0.9441 -0.0168
vn -0.3527 0.9005 -0.2544
vn -0.2687 0.8414 -0.4689
vn -0.1480 0.8176 -0.5565
vn -0.1040 0.8616 -0.4968
vn -0.0867 0.9016 -0.4238
vn -0.0735 0.8954 -0.4390
vn -0.0679 0.9125 -0.4034
vn -0.2157 0.9512 -0.2207
vn -0.9363 0.3466 0.0567
vn -0.3517 0.8279 0.4370
vn -0.4417 0.5706 0.6924
vn -0.6628 0.5119 0.5465
vn -0.7977 0.5222 0.3015
vn -0.8388 0.5432 0.0368
vn -0.8287 0.5157 -0.2176
vn -0.7770 0.4981 -0.3849
vn -0.6884 0.5700 -0.4486
vn -0.4496 0.5827 -0.6770
vn -0.3234 0.9223 -0.2119
vn -0.4748 0.7122 0.5171
vn -0.5291 0.3829 0.7572
vn -0.4250 0.5387 0.7275
vn -0.4060 0.6692 0.6224
vn -0.4555 0.7501 0.4795
vn -0.1381 0.8964 -0.4211
vn -0.3878 0.9097 -0.1486
vn -0.4852 0.8486 -0.2106
vn -0.3872 0.8303 -0.4009
vn -0.2864 0.8136 -0.5060
vn -0.1989 0.8805 -0.4302
vn -0.0408 0.9423 -0.3322
vn 0.1706 0.9343 -0.3131
vn 0.3990 0.8499 -0.3442
vn 0.4573 0.8379 -0.2981
vn 0.5215 0.8531 -0.0176
vn 0.3592 0.9305 -0.0715
vn 0.1184 0.9194 0.3750
vn -0.2797 0.8043 0.5243
vn -0.6458 0.6670 0.3716
vn -0.8226 0.5347 0.1935
vn -0.8786 0.4765 -0.0304
vn -0.8646 0.4473 -0.2289
vn -0.8159 0.5242 -0.2441
vn -0.6477 0.7340 -0.2041
vn -0.3186 0.9006 -0.2958
vn 0.0388 0.9664 -0.2540
vn 0.0283 0.9206 0.3896
vn -0.2562 0.6316 0.7317
vn -0.4526 0.4244 0.7842
vn -0.4004 0.6240 0.6710
vn -0.3552 0.7707 0.5291
vn 0.2095 0.7845 -0.5837
vn -0.1271 0.8526 -0.5068
vn -0.4588 0.8323 -0.3110
vn -0.5176 0.7955 -0.3152
vn -0.3878 0.8394 -0.3809
vn -0.1494 0.9577 -0.2460
vn 0.0423 0.9594 -0.2788
vn -0.0204 0.9591 -0.2823
vn -0.1063 0.9418 -0.3190
vn -0.1402 0.9127 -0.3837
vn -0.3483 0.9246 -0.1543
vn -0.5388 0.8266 0.1626
vn -0.6700 0.7101 0.2163
vn -0.7974 0.5991 0.0727
vn -0.8744 0.4845 -0.0243
vn -0.9105 0.3800 -0.1630
vn -0.9231 0.3255 -0.2047
vn -0.8885 0.4102 0.2057
vn -0.7613 0.6140 0.2083
vn -0.4961 0.8374 0.2295
vn -0.1552 0.9652 0.2107
vn 0.0762 0.9659 0.2475
vn 0.0886 0.8312 0.5489
vn -0.0597 0.6915 0.7200
vn -0.4014 0.5474 0.7343
vn -0.4256 0.6876 0.5883
vn 0.4489 0.7437 -0.4954
vn 0.5365 0.6508 -0.5372
vn 0.3021 0.8631 -0.4047
vn 0.2387 0.9115 -0.3348
vn 0.2207 0.9084 -0.3551
vn 0.1302 0.9653 -0.2263
vn -0.1058 0.9189 -0.3800
vn -0.4120 0.7830 -0.4661
vn -0.6089 0.7091 -0.3556
vn -0.6925 0.6509 -0.3111
vn -0.7633 0.6142 -0.2001
vn -0.8024 0.5949 0.0479
vn -0.8202 0.5704 0.0439
vn -0.8585 0.5029 -0.1001
vn -0.9050 0.3923 -0.1645
vn -0.9106 0.2654 -0.3169
vn -0.9589 0.2692 -0.0895
vn -0.8830 0.3041 0.3575
vn -0.7242 0.3962 0.5644
vn -0.6232 0.5502 0.5559
vn -0.3534 0.7397 0.5727
vn -0.0365 0.8224 0.5678
vn 0.1822 0.8443 0.5039
vn 0.2185 0.7756 0.5922
vn 0.0565 0.7098 0.7021
vn -0.1925 0.7520 0.6305
vn 0.5795 0.7605 -0.2929
vn 0.6861 0.6422 -0.3419
vn 0.6768 0.6418 -0.3606
vn 0.6407 0.6509 -0.4073
vn 0.5211 0.6962 -0.4937
vn 0.2315 0.7901 -0.5676
vn -0.2240 0.7337 -0.6415
vn -0.5322 0.5693 -0.6266
vn -0.7451 0.4824 -0.4604
vn -0.8380 0.4538 -0.3030
vn -0.8675 0.4888 -0.0925
vn -0.8231 0.5613 0.0866
vn -0.8287 0.5548 -0.0731
vn -0.8169 0.5143 -0.2610
vn -0.8140 0.4426 -0.3762
vn -0.7094 0.4264 -0.5612
vn -0.8192 0.5340 -0.2090
vn -0.8588 0.4306 0.2775
vn -0.7543 0.2305 0.6148
vn -0.5906 0.3750 0.7145
vn -0.5247 0.4861 0.6989
vn -0.2978 0.5965 0.7453
vn -0.0784 0.7443 0.6632
vn 0.0785 0.7881 0.6105
vn 0.1411 0.7894 0.5974
vn 0.0905 0.8395 0.5358
vn 0.3626 0.9280 -0.0856
vn 0.3209 0.8860 -0.3347
vn 0.1894 0.7995 -0.5700
vn 0.0695 0.7878 -0.6121
vn 0.0275 0.7202 -0.6932
vn -0.1199 0.6360 -0.7624
vn -0.3705 0.5291 -0.7634
vn -0.5319 0.4566 -0.7132
vn -0.4941 0.6327 -0.5963
vn -0.3401 0.8924 -0.2966
vn -0.3406 0.9395 0.0348
vn -0.5735 0.8130 0.1003
vn -0.5883 0.7952 -0.1467
vn -0.5328 0.7660 -0.3597
vn -0.5023 0.6031 -0.6197
vn -0.5695 0.5411 -0.6187
vn -0.7088 0.6388 -0.2992
vn -0.8034 0.5848 0.1121
vn -0.8008 0.3751 0.4670
vn -0.7471 0.1685 0.6430
vn -0.6107 0.3074 0.7298
vn -0.4950 0.3603 0.7907
vn -0.3125 0.5485 0.7756
vn -0.1326 0.7178 0.6835
vn -0.0565 0.7891 0.6117
vn -0.0340 0.8692 0.4932
vn -0.0861 0.9920 -0.0928
vn -0.2445 0.8543 -0.4588
vn -0.3805 0.6661 -0.6415
vn -0.4217 0.7002 -0.5760
vn -0.4177 0.5995 -0.6827
vn -0.4927 0.4931 -0.7170
vn -0.3587 0.5282 -0.7697
vn -0.0693 0.5866 -0.8069
vn 0.1751 0.7641 -0.6209
vn 0.2844 0.9214 -0.2650
vn 0.0757 0.9895 -0.1229
vn -0.2613 0.9514 -0.1627
vn -0.4269 0.8844 -0.1884
vn -0.4670 0.7789 -0.4186
vn -0.4918 0.5019 -0.7115
vn -0.6154 0.5006 -0.6089
vn -0.7403 0.5973 -0.3087
vn -0.7828 0.6197 0.0567
vn -0.7520 0.4808 0.4509
vn -0.6009 0.2403 0.7624
vn -0.5771 0.1569 0.8015
vn -0.5668 0.2510 0.7847
vn -0.4714 0.3340 0.8162
vn -0.3257 0.5855 0.7423
vn -0.2125 0.7607 0.6133
vn -0.2220 0.8480 0.4813
vn -0.3067 0.8726 -0.3801
vn -0.5301 0.5547 -0.6413
vn -0.6725 0.5152 -0.5313
vn -0.6901 0.4800 -0.5415
vn -0.7460 0.4527 -0.4885
vn -0.4953 0.6073 -0.6212
vn -0.1253 0.6961 -0.7070
vn 0.1544 0.7031 -0.6942
vn 0.2093 0.7939 -0.5709
vn 0.0340 0.8865 -0.4614
vn -0.2423 0.8540 -0.4605
vn -0.4111 0.8259 -0.3858
vn -0.5238 0.7879 -0.3238
vn -0.5419 0.6302 -0.5560
vn -0.4298 0.4920 -0.7572
vn -0.4334 0.5755 -0.6935
vn -0.4857 0.7822 -0.3903
vn -0.5364 0.8321 0.1411
vn -0.5306 0.6687 0.5209
vn -0.3801 0.4590 0.8030
vn -0.3345 0.2395 0.9115
vn -0.4329 0.2469 0.8670
vn -0.4435 0.2764 0.8526
vn -0.3573 0.4012 0.8434
vn -0.2670 0.7109 0.6507
vn -0.2452 0.8671 0.4337
vn -0.5265 0.5612 -0.6387
vn -0.5642 0.4029 -0.7206
vn -0.7243 0.3508 -0.5936
vn -0.8592 0.3748 -0.3482
vn -0.7620 0.5901 -0.2669
vn -0.5161 0.7840 -0.3449
vn -0.1860 0.8583 -0.4783
vn 0.0846 0.8112 -0.5786
vn 0.1593 0.7758 -0.6105
vn 0.0994 0.7581 -0.6445
vn 0.0170 0.7679 -0.6403
vn -0.0826 0.8291 -0.5529
vn -0.1980 0.8087 -0.5539
vn -0.1685 0.7054 -0.6885
vn -0.0274 0.6077 -0.7937
vn 0.1123 0.6877 -0.7172
vn 0.2286 0.8921 -0.3899
vn 0.2103 0.9745 0.0788
vn 0.0289 0.8456 0.5331
vn -0.0066 0.6051 0.7961
vn -0.0419 0.3839 0.9224
vn -0.2358 0.3213 0.9171
vn -0.3477 0.2702 0.8978
vn -0.3745 0.3393 0.8629
vn -0.3243 0.6025 0.7293
vn -0.2009 0.8462 0.4936
vn -0.5013 0.5001 -0.7061
vn -0.3816 0.4267 -0.8199
vn -0.2438 0.6966 -0.6747
vn -0.2772 0.8660 -0.4162
vn -0.3241 0.9141 -0.2437
vn -0.2203 0.9652 -0.1408
vn 0.0649 0.9758 -0.2087
vn 0.3144 0.8577 -0.4068
vn 0.4215 0.7248 -0.5450
vn 0.4546 0.6447 -0.6146
vn 0.4896 0.6243 -0.6087
vn 0.4697 0.6614 -0.5847
vn 0.3801 0.6867 -0.6196
vn 0.3129 0.6811 -0.6619
vn 0.3920 0.6485 -0.6525
vn 0.6664 0.6019 -0.4401
vn 0.8226 0.5450 -0.1624
vn 0.8650 0.5018 -0.0030
vn 0.7048 0.6440 0.2976
vn 0.6381 0.4832 0.5995
vn 0.5932 0.4582 0.6619
vn 0.2553 0.4394 0.8613
vn -0.0030 0.3136 0.9495
vn -0.3061 0.3860 0.8702
vn -0.5261 0.4151 0.7423
vn -0.3742 0.6859 0.6241
vn -0.5159 0.5457 -0.6603
vn -0.3895 0.5825 -0.7134
vn -0.1562 0.9187 -0.3627
vn 0.2984 0.9286 -0.2206
vn 0.4525 0.8404 -0.2983
vn 0.3982 0.9096 -0.1189
vn 0.4712 0.8746 -0.1146
vn 0.4858 0.8424 -0.2330
vn 0.5207 0.7523 -0.4035
vn 0.5561 0.6444 -0.5249
vn 0.6197 0.5778 -0.5311
vn 0.7449 0.5154 -0.4237
vn 0.7823 0.4587 -0.4215
vn 0.7849 0.4417 -0.4345
vn 0.7941 0.4687 -0.3870
vn 0.9220 0.3772 -0.0870
vn 0.9717 0.2002 0.1255
vn 0.9824 0.1870 -0.0007
vn 0.9793 0.2013 0.0199
vn 0.9627 0.2481 0.1078
vn 0.9145 0.3664 0.1714
vn 0.6901 0.4230 0.5872
vn 0.4025 0.3365 0.8513
vn 0.2348 0.5373 0.8100
vn -0.1154 0.6252 0.7719
vn -0.4967 0.4859 0.7191
vn -0.5480 0.5102 -0.6629
vn -0.6969 0.5774 -0.4255
vn -0.7349 0.6419 0.2191
vn -0.5266 0.8274 0.1952
vn -0.1634 0.9861 0.0292
vn 0.3793 0.9185 -0.1118
vn 0.5911 0.7846 -0.1872
vn 0.4977 0.8387 -0.2210
vn 0.3905 0.8527 -0.3471
vn 0.4084 0.7983 -0.4426
vn 0.5831 0.6794 -0.4454
vn 0.7689 0.5758 -0.2778
vn 0.8761 0.4821 -0.0042
vn 0.9585 0.2811 -0.0476
vn 0.9814 0.1889 0.0343
vn 0.9702 0.1391 0.1982
vn 0.9792 0.1135 0.1684
vn 0.9909 0.1217 -0.0573
vn 0.9644 0.1751 -0.1983
vn 0.9681 0.2316 -0.0957
vn 0.9592 0.2689 -0.0876
vn 0.9087 0.3030 0.2871
vn 0.7175 0.4071 0.5653
vn 0.5632 0.6390 0.5239
vn 0.3752 0.7093 0.5968
vn 0.1389 0.6765 0.7232
vn -0.5688 0.3862 -0.7262
vn -0.8296 0.4840 -0.2784
vn -0.8305 0.4791 0.2843
vn -0.8099 0.4579 0.3666
vn -0.8069 0.4964 0.3202
vn -0.6096 0.7837 0.1189
vn -0.1468 0.9742 -0.1712
vn 0.1465 0.9220 -0.3585
vn -0.0100 0.9090 -0.4167
vn -0.2163 0.9004 -0.3775
vn -0.2024 0.9465 -0.2513
vn 0.0733 0.9661 0.2477
vn 0.5355 0.7111 0.4557
vn 0.8334 0.4677 0.2945
vn 0.9080 0.3111 0.2806
vn 0.8824 0.2385 0.4056
vn 0.8650 0.3751 0.3333
vn 0.9066 0.4126 -0.0889
vn 0.9274 0.2372 -0.2892
vn 0.9611 0.1876 -0.2025
vn 0.9763 0.1917 -0.1004
vn 0.9528 0.2894 -0.0923
vn 0.8493 0.5030 0.1603
vn 0.6265 0.7078 0.3265
vn 0.5151 0.7136 0.4748
vn 0.4962 0.6649 0.5583
vn -0.6222 0.2377 -0.7459
vn -0.9642 0.2612 0.0459
vn -0.8470 0.3162 0.4273
vn -0.8251 0.4406 0.3537
vn -0.8260 0.4501 0.3392
vn -0.8478 0.4684 0.2486
vn -0.7994 0.5998 0.0344
vn -0.5954 0.7608 -0.2583
vn -0.5258 0.7426 -0.4148
vn -0.7218 0.6405 -0.2621
vn -0.7754 0.6219 0.1098
vn -0.4556 0.6368 0.6220
vn 0.1391 0.6187 0.7732
vn 0.5219 0.5403 0.6601
vn 0.7078 0.4178 0.5696
vn 0.7116 0.3862 0.5869
vn 0.7690 0.5112 0.3837
vn 0.8482 0.5274 0.0498
vn 0.9204 0.3719 -0.1203
vn 0.9304 0.2977 -0.2137
vn 0.9345 0.2784 -0.2218
vn 0.9134 0.2675 -0.3069
vn 0.8906 0.3595 -0.2784
vn 0.7658 0.6407 0.0549
vn 0.6201 0.6912 0.3710
vn 0.5080 0.6586 0.5551
vn -0.6792 0.2441 -0.6922
vn -0.9026 0.4268 -0.0557
vn -0.9611 0.1391 0.2384
vn -0.8922 0.2574 0.3710
vn -0.8599 0.3537 0.3681
vn -0.8534 0.4477 0.2668
vn -0.8662 0.4827 0.1293
vn -0.8377 0.5381 -0.0930
vn -0.7574 0.5753 -0.3090
vn -0.7522 0.6139 -0.2395
vn -0.5194 0.7692 0.3723
vn -0.1667 0.5750 0.8010
vn 0.0284 0.5042 0.8631
vn 0.2766 0.4623 0.8425
vn 0.5149 0.4326 0.7401
vn 0.6124 0.5013 0.6113
vn 0.6592 0.6088 0.4414
vn 0.6581 0.7054 0.2632
vn 0.5786 0.8103 0.0924
vn 0.5107 0.8057 -0.3001
vn 0.5020 0.6796 -0.5348
vn 0.4737 0.7258 -0.4988
vn 0.5228 0.6244 -0.5804
vn 0.8148 0.4940 -0.3035
vn 0.7756 0.6101 0.1620
vn 0.6449 0.6116 0.4583
vn -0.3207 0.3995 -0.8588
vn -0.6558 0.6517 -0.3810
vn -0.7977 0.5089 -0.3234
vn -0.8257 0.5510 0.1208
vn -0.8494 0.1377 0.5094
vn -0.8831 0.3738 0.2835
vn -0.8853 0.4494 0.1197
vn -0.8895 0.4560 -0.0311
vn -0.8422 0.5146 -0.1610
vn -0.6070 0.7918 0.0686
vn -0.1037 0.7657 0.6348
vn 0.1133 0.5678 0.8154
vn 0.0818 0.4663 0.8808
vn 0.1848 0.3791 0.9067
vn 0.3516 0.4481 0.8220
vn 0.4405 0.6221 0.6473
vn 0.3947 0.7935 0.4632
vn 0.2199 0.9504 0.2201
vn 0.0532 0.9972 0.0517
vn 0.0080 0.9289 -0.3703
vn -0.0081 0.8026 -0.5964
vn -0.0663 0.8594 -0.5070
vn -0.0224 0.8216 -0.5696
vn 0.2163 0.8723 -0.4385
vn 0.5125 0.8572 0.0496
vn 0.5415 0.7394 0.4000
vn -0.0592 0.4925 -0.8683
vn -0.0559 0.7765 -0.6276
vn -0.0491 0.8233 -0.5655
vn -0.2042 0.9744 0.0945
vn -0.5695 0.3471 0.7451
vn -0.8770 0.2788 0.3914
vn -0.8923 0.4188 0.1685
vn -0.8379 0.5390 0.0862
vn -0.6467 0.7613 0.0460
vn -0.2011 0.8644 0.4608
vn 0.1878 0.6559 0.7311
vn 0.2136 0.5859 0.7817
vn 0.1917 0.4444 0.8751
vn 0.2826 0.3032 0.9101
vn 0.4093 0.4856 0.7724
vn 0.3302 0.7159 0.6152
vn 0.1921 0.9267 0.3229
vn 0.0588 0.9967 0.0557
vn -0.0459 0.9979 -0.0454
vn -0.0875 0.9137 -0.3969
vn -0.0912 0.7929 -0.6025
vn -0.1291 0.8292 -0.5438
vn -0.1659 0.8482 -0.5031
vn -0.1389 0.9656 -0.2200
vn -0.0038 0.9800 0.1991
vn 0.1503 0.8677 0.4739
vn 0.2357 0.4940 -0.8369
vn 0.3980 0.6847 -0.6105
vn 0.4179 0.7626 -0.4937
vn 0.4114 0.9100 -0.0506
vn 0.1289 0.7616 0.6351
vn -0.3051 0.5706 0.7625
vn -0.5795 0.6020 0.5494
vn -0.4990 0.7728 0.3922
vn -0.0727 0.9009 0.4279
vn 0.2586 0.7275 0.6355
vn 0.3073 0.6180 0.7236
vn 0.3493 0.5442 0.7628
vn 0.4490 0.3375 0.8273
vn 0.4738 0.3373 0.8135
vn 0.3573 0.5953 0.7197
vn 0.2536 0.8123 0.5252
vn 0.0942 0.9796 0.1777
vn -0.0659 0.9849 -0.1600
vn -0.1288 0.8591 -0.4953
vn -0.1270 0.7954 -0.5926
vn -0.1130 0.8265 -0.5515
vn -0.0042 0.8961 -0.4438
vn 0.0685 0.9854 -0.1558
vn 0.0787 0.9522 0.2950
vn 0.0962 0.8340 0.5433
vn 0.1943 0.5543 -0.8093
vn 0.4320 0.6737 -0.5996
vn 0.5411 0.6964 -0.4714
vn 0.6344 0.7582 -0.1503
vn 0.6121 0.6712 0.4180
vn 0.4710 0.6217 0.6258
vn 0.3363 0.7445 0.5768
vn 0.2553 0.7248 0.6399
vn 0.4491 0.6594 0.6029
vn 0.5180 0.6120 0.5976
vn 0.4906 0.5741 0.6556
vn 0.5382 0.4145 0.7338
vn 0.4999 0.2949 0.8143
vn 0.3166 0.4916 0.8113
vn 0.2199 0.6592 0.7191
vn 0.1578 0.9088 0.3863
vn 0.0536 0.9974 0.0478
vn -0.0251 0.9646 -0.2624
vn -0.0663 0.8353 -0.5458
vn -0.0506 0.8157 -0.5762
vn 0.0915 0.8914 -0.4439
vn 0.2951 0.9137 -0.2794
vn 0.3760 0.9122 -0.1632
vn 0.2856 0.9309 0.2277
vn 0.1714 0.8216 0.5437
vn -0.1383 0.6574 -0.7408
vn 0.1756 0.7816 -0.5985
vn 0.4152 0.7806 -0.4671
vn 0.6514 0.7468 -0.1342
vn 0.6815 0.6223 0.3851
vn 0.6977 0.5989 0.3930
vn 0.7042 0.6357 0.3161
vn 0.6365 0.5340 0.5565
vn 0.6267 0.5233 0.5774
vn 0.6518 0.5300 0.5424
vn 0.6733 0.4609 0.5781
vn 0.5809 0.3596 0.7303
vn 0.3735 0.4464 0.8132
vn 0.2110 0.5542 0.8052
vn 0.1535 0.6934 0.7040
vn 0.0710 0.9463 0.3154
vn 0.0124 0.9548 -0.2970
vn 0.0667 0.8477 -0.5263
vn 0.1913 0.8542 -0.4835
vn 0.3144 0.9040 -0.2898
vn 0.4310 0.8973 -0.0956
vn 0.5448 0.8326 -0.0998
vn 0.5146 0.8539 0.0770
vn 0.3324 0.8562 0.3954
vn -0.3486 0.7264 -0.5923
vn -0.0889 0.8534 -0.5136
vn 0.3370 0.9019 -0.2700
vn 0.6875 0.7253 0.0368
vn 0.7545 0.4830 0.4444
vn 0.7954 0.4583 0.3965
vn 0.8331 0.4785 0.2775
vn 0.8205 0.4353 0.3707
vn 0.7557 0.4942 0.4297
vn 0.6824 0.5066 0.5269
vn 0.5971 0.4898 0.6353
vn 0.4615 0.5278 0.7130
vn 0.3077 0.5811 0.7534
vn 0.2172 0.5776 0.7869
vn 0.2079 0.7446 0.6343
vn 0.0982 0.9777 0.1855
vn 0.0953 0.9732 -0.2095
vn 0.2799 0.8722 -0.4012
vn 0.3968 0.8454 -0.3576
vn 0.4528 0.8646 -0.2177
vn 0.4966 0.8679 0.0099
vn 0.5736 0.8161 0.0704
vn 0.5547 0.8196 -0.1437
vn 0.4057 0.9031 0.1409
vn -0.3636 0.7820 -0.5063
vn -0.1729 0.9236 -0.3421
vn 0.2673 0.9603 0.0804
vn 0.6145 0.6201 0.4876
vn 0.5729 0.4588 0.6792
vn 0.7260 0.4505 0.5196
vn 0.7656 0.4733 0.4357
vn 0.8230 0.4967 0.2757
vn 0.8362 0.4881 0.2500
vn 0.7439 0.5116 0.4299
vn 0.6197 0.5787 0.5301
vn 0.4434 0.6558 0.6110
vn 0.2867 0.6661 0.6885
vn 0.1883 0.5999 0.7776
vn 0.1359 0.8515 0.5065
vn 0.0527 0.9975 0.0472
vn 0.0626 0.9963 -0.0586
vn 0.2345 0.9508 -0.2027
vn 0.4312 0.8700 -0.2390
vn 0.5389 0.8295 -0.1465
vn 0.5688 0.8220 0.0290
vn 0.5351 0.8388 0.1006
vn 0.4680 0.8429 -0.2654
vn 0.3835 0.9211 -0.0670
vn -0.4236 0.7806 -0.4595
vn -0.4059 0.8979 -0.1707
vn -0.1181 0.8763 0.4671
vn 0.1070 0.6110 0.7844
vn 0.1469 0.5644 0.8123
vn 0.2771 0.6079 0.7441
vn 0.3639 0.6484 0.6687
vn 0.4867 0.7198 0.4951
vn 0.5815 0.7286 0.3620
vn 0.5924 0.7316 0.3375
vn 0.5441 0.7592 0.3573
vn 0.3976 0.7803 0.4827
vn 0.2318 0.7362 0.6359
vn 0.0926 0.6430 0.7603
vn 0.0089 0.8847 0.4660
vn -0.0630 0.9958 -0.0665
vn -0.0668 0.9964 -0.0530
vn 0.1366 0.9900 -0.0354
vn 0.3009 0.9528 -0.0413
vn 0.3284 0.9445 0.0015
vn 0.2835 0.9587 0.0236
vn 0.3001 0.9245 -0.2352
vn 0.3432 0.9140 -0.2164
vn -0.4995 0.7306 -0.4655
vn -0.6092 0.7929 -0.0165
vn -0.4151 0.6575 0.6288
vn -0.1788 0.5459 0.8185
vn -0.0534 0.5408 0.8395
vn 0.0358 0.5999 0.7993
vn 0.0998 0.6566 0.7476
vn 0.1576 0.7567 0.6345
vn 0.2181 0.8475 0.4839
vn 0.2758 0.8828 0.3802
vn 0.3150 0.8985 0.3056
vn 0.2643 0.8852 0.3828
vn 0.1383 0.7996 0.5844
vn -0.0238 0.6973 0.7163
vn -0.1307 0.8874 0.4420
vn -0.0832 0.9943 0.0670
vn -0.1035 0.9705 -0.2178
vn -0.2125 0.9771 -0.0057
vn -0.0969 0.9750 0.1999
vn -0.0453 0.9978 -0.0474
vn -0.1323 0.9902 -0.0443
vn -0.0606 0.9974 -0.0381
vn 0.0713 0.9507 -0.3019
vn -0.5113 0.6939 -0.5071
vn -0.5859 0.8024 0.1135
vn -0.4225 0.5722 0.7029
vn -0.3483 0.4732 0.8092
vn -0.2674 0.4736 0.8392
vn -0.0698 0.5671 0.8207
vn 0.0771 0.6408 0.7638
vn 0.1055 0.7503 0.6526
vn 0.1482 0.8422 0.5184
vn 0.2231 0.8704 0.4388
vn 0.2667 0.9162 0.2991
vn 0.1368 0.9602 0.2437
vn -0.1664 0.8749 0.4549
vn -0.4127 0.7099 0.5707
vn -0.5023 0.7306 0.4625
vn -0.3506 0.8978 0.2664
vn -0.1251 0.9834 0.1312
vn -0.0567 0.9963 -0.0641
vn -0.1619 0.9181 -0.3619
vn -0.2389 0.9710 -0.0047
vn -0.2298 0.9294 0.2888
vn -0.2492 0.9682 -0.0218
vn -0.2896 0.9507 -0.1105
vn -0.3344 0.9399 -0.0694
vn -0.3182 0.9410 0.1152
vn -0.2423 0.9406 -0.2379
vn -0.4518 0.7355 -0.5049
vn -0.5617 0.8197 0.1121
vn -0.5817 0.5791 0.5713
vn -0.6463 0.4237 0.6347
vn -0.7560 0.3625 0.5450
vn -0.5178 0.4537 0.7252
vn -0.5036 0.5209 0.6892
vn -0.3968 0.6072 0.6884
vn -0.2484 0.7251 0.6423
vn -0.0561 0.8503 0.5232
vn -0.0585 0.9756 0.2115
vn -0.3027 0.9508 -0.0661
vn -0.6409 0.7516 0.1561
vn -0.7099 0.6005 0.3680
vn -0.6887 0.5617 0.4584
vn -0.5452 0.6266 0.5569
vn -0.2767 0.8944 0.3513
vn -0.1185 0.9883 -0.0962
vn -0.0446 0.8825 -0.4681
vn -0.1431 0.9830 -0.1148
vn -0.3485 0.9157 0.2001
vn -0.4873 0.8704 -0.0703
vn -0.5195 0.8439 -0.1344
vn -0.4800 0.8772 0.0126
vn -0.4004 0.9055 0.1406
vn -0.3030 0.9444 -0.1277
vn -0.3871 0.8065 -0.4468
vn -0.4846 0.8741 0.0324
vn -0.5741 0.7785 0.2537
vn -0.6611 0.6467 0.3806
vn -0.6789 0.4739 0.5608
vn -0.7420 0.3820 0.5510
vn -0.6699 0.3827 0.6362
vn -0.5111 0.3790 0.7715
vn -0.2204 0.4661 0.8568
vn 0.0161 0.8058 0.5920
vn -0.1950 0.9799 -0.0413
vn -0.5091 0.7632 -0.3980
vn -0.6171 0.7799 0.1046
vn -0.5749 0.7066 0.4126
vn -0.4520 0.6551 0.6054
vn -0.3119 0.5817 0.7512
vn -0.1530 0.8038 0.5748
vn 0.0750 0.9969 -0.0255
vn 0.1807 0.8788 -0.4417
vn 0.0410 0.9298 -0.3658
vn -0.2793 0.9521 -0.1246
vn -0.5078 0.8403 -0.1900
vn -0.6277 0.7551 -0.1893
vn -0.6180 0.7729 0.1439
vn -0.4922 0.8368 0.2397
vn -0.2751 0.9444 0.1801
vn -0.3841 0.8189 -0.4265
vn -0.4926 0.8653 -0.0925
vn -0.5851 0.8101 0.0357
vn -0.6264 0.7202 0.2983
vn -0.5387 0.5902 0.6013
vn -0.5617 0.4652 0.6842
vn -0.3739 0.4070 0.8334
vn -0.0481 0.2918 0.9553
vn 0.3208 0.4216 0.8481
vn 0.3906 0.8226 0.4133
vn 0.0601 0.9289 -0.3655
vn -0.2791 0.8661 -0.4146
vn -0.3357 0.9270 0.1673
vn -0.2790 0.8154 0.5072
vn -0.1647 0.6336 0.7559
vn -0.0157 0.5950 0.8036
vn 0.0781 0.8894 0.4504
vn 0.0934 0.9955 0.0154
vn 0.1233 0.9218 -0.3675
vn 0.0715 0.8145 -0.5758
vn -0.1654 0.8862 -0.4327
vn -0.4028 0.8047 -0.4361
vn -0.4825 0.8426 -0.2394
vn -0.4821 0.8394 0.2509
vn -0.4128 0.8222 0.3920
vn -0.2108 0.8187 0.5342
vn -0.3180 0.7902 -0.5240
vn -0.5176 0.7960 -0.3138
vn -0.7168 0.6655 -0.2079
vn -0.7663 0.5686 0.2990
vn -0.4939 0.5201 0.6969
vn -0.5176 0.5719 0.6365
vn -0.5184 0.3584 0.7764
vn -0.1929 0.1566 0.9686
vn 0.0141 0.4586 0.8885
vn 0.0175 0.9735 0.2282
vn -0.0415 0.7661 -0.6414
vn -0.1283 0.9008 -0.4148
vn -0.1111 0.9712 0.2107
vn -0.0372 0.8316 0.5542
vn 0.1162 0.5500 0.8270
vn 0.2166 0.6974 0.6831
vn 0.0965 0.9760 0.1954
vn 0.0137 0.9369 -0.3492
vn -0.0037 0.7572 -0.6531
vn -0.1033 0.7904 -0.6038
vn -0.1578 0.8101 -0.5646
vn -0.1388 0.9346 -0.3275
vn -0.1935 0.9521 0.2367
vn -0.2249 0.8509 0.4747
vn -0.1812 0.7267 0.6626
vn -0.2930 0.7387 -0.6070
vn -0.4177 0.7128 -0.5634
vn -0.5448 0.7625 -0.3489
vn -0.5510 0.7848 0.2837
vn -0.5104 0.4536 0.7306
vn -0.5424 0.6134 0.5741
vn -0.4954 0.5075 0.7050
vn -0.2777 0.1307 0.9517
vn -0.2418 0.2756 0.9304
vn -0.1764 0.9710 0.1615
vn 0.0249 0.7182 -0.6953
vn 0.0975 0.9261 -0.3644
vn 0.1826 0.9457 0.2687
vn 0.2708 0.7022 0.6585
vn 0.1956 0.5327 0.8234
vn 0.0755 0.8085 0.5836
vn -0.0020 0.9849 0.1732
vn -0.0305 0.9219 -0.3861
vn -0.1127 0.7017 -0.7035
vn -0.2141 0.7319 -0.6469
vn -0.2292 0.8238 -0.5184
vn -0.1543 0.9424 -0.2968
vn -0.0881 0.9867 0.1368
vn -0.1373 0.8730 0.4680
vn -0.2316 0.7391 0.6325
vn -0.1435 0.7052 -0.6943
vn -0.1539 0.7075 -0.6897
vn -0.1087 0.9101 -0.3999
vn -0.0898 0.9589 0.2693
vn -0.1546 0.7000 0.6972
vn -0.5280 0.6270 0.5727
vn -0.5744 0.5921 0.5651
vn -0.1652 0.1612 0.9730
vn -0.0266 0.2498 0.9679
vn 0.0029 0.9519 0.3064
vn 0.0004 0.7651 -0.6439
vn 0.1022 0.9111 -0.3994
vn 0.2391 0.9127 0.3314
vn 0.1925 0.7060 0.6815
vn -0.0196 0.6357 0.7717
vn -0.2835 0.6814 0.6748
vn -0.3568 0.8829 0.3052
vn -0.3059 0.9506 0.0520
vn -0.2533 0.8921 -0.3741
vn -0.2115 0.6485 -0.7313
vn -0.3055 0.6623 -0.6841
vn -0.4790 0.7547 -0.4484
vn -0.4410 0.8961 -0.0503
vn -0.1624 0.9594 0.2305
vn -0.1024 0.9098 0.4022
vn -0.2069 0.8113 0.5468
vn 0.0404 0.7214 -0.6913
vn 0.1573 0.7736 -0.6139
vn 0.3107 0.8822 -0.3540
vn 0.4018 0.9022 0.1567
vn 0.1863 0.8068 0.5607
vn -0.2682 0.8191 0.5070
vn -0.4991 0.6632 0.5577
vn -0.3009 0.2667 0.9156
vn -0.1296 0.1871 0.9737
vn -0.2158 0.9190 0.3300
vn -0.0580 0.7692 -0.6364
vn 0.0554 0.9382 -0.3415
vn 0.0498 0.9492 0.3107
vn -0.0254 0.8017 0.5971
vn -0.1728 0.7500 0.6384
vn -0.3987 0.7336 0.5504
vn -0.5943 0.7189 0.3605
vn -0.6694 0.7376 0.0882
vn -0.6029 0.7292 -0.3237
vn -0.4692 0.6034 -0.6448
vn -0.4521 0.5674 -0.6882
vn -0.5773 0.7256 -0.3746
vn -0.4826 0.8333 0.2696
vn -0.2404 0.9071 0.3454
vn -0.1619 0.9228 0.3496
vn -0.2044 0.8599 0.4677
vn -0.0048 0.7572 -0.6531
vn 0.0841 0.9061 -0.4146
vn 0.2789 0.9239 -0.2620
vn 0.3086 0.9488 0.0675
vn 0.1107 0.9484 0.2970
vn 0.0606 0.9213 0.3841
vn 0.1485 0.7156 0.6825
vn 0.3319 0.1846 0.9251
vn -0.0655 0.2343 0.9700
vn -0.4769 0.7000 0.5315
vn -0.2925 0.8883 -0.3540
vn 0.0011 0.9372 -0.3488
vn -0.0362 0.9670 0.2523
vn -0.1340 0.8542 0.5023
vn -0.2644 0.8132 0.5185
vn -0.4517 0.8045 0.3857
vn -0.6384 0.7419 0.2052
vn -0.7588 0.6513 0.0025
vn -0.7808 0.5724 -0.2505
vn -0.6851 0.5294 -0.5004
vn -0.5604 0.5753 -0.5958
vn -0.5692 0.8104 -0.1388
vn -0.4275 0.7605 0.4888
vn -0.2946 0.8439 0.4484
vn -0.2238 0.9044 0.3633
vn -0.2402 0.8857 0.3973
vn 0.0671 0.7489 -0.6593
vn 0.0344 0.9475 -0.3179
vn 0.0234 0.9921 -0.1230
vn 0.1392 0.9845 0.1071
vn 0.3256 0.8773 0.3526
vn 0.5992 0.6411 0.4795
vn 0.7638 0.2759 0.5835
vn 0.3838 0.2055 0.9003
vn -0.1189 0.3260 0.9379
vn -0.5273 0.5344 0.6606
vn -0.5325 0.8419 -0.0874
vn -0.1601 0.9458 -0.2825
vn -0.1309 0.9859 0.1044
vn -0.2572 0.8929 0.3696
vn -0.3251 0.8337 0.4463
vn -0.4765 0.8506 0.2223
vn -0.6540 0.7562 -0.0195
vn -0.7625 0.6242 -0.1703
vn -0.7872 0.5457 -0.2872
vn -0.7371 0.5609 -0.3768
vn -0.6138 0.6757 -0.4083
vn -0.6040 0.7969 -0.0028
vn -0.5623 0.6583 0.5005
vn -0.4643 0.7192 0.5169
vn -0.3664 0.8312 0.4181
vn -0.3069 0.8738 0.3772
vn 0.3520 0.6498 -0.6737
vn 0.4380 0.8620 -0.2551
vn 0.5139 0.8577 0.0168
vn 0.6467 0.7317 0.2154
vn 0.7632 0.4601 0.4537
vn 0.6165 0.4987 0.6093
vn 0.2609 0.5037 0.8236
vn -0.1422 0.3868 0.9111
vn -0.4239 0.3693 0.8270
vn -0.6527 0.4472 0.6115
vn -0.6523 0.7229 0.2279
vn -0.4312 0.8924 -0.1329
vn -0.4214 0.9038 -0.0741
vn -0.5368 0.8127 0.2266
vn -0.6112 0.7247 0.3182
vn -0.6930 0.7189 0.0547
vn -0.7800 0.5940 -0.1969
vn -0.8261 0.4980 -0.2639
vn -0.8399 0.4797 -0.2541
vn -0.8207 0.5331 -0.2056
vn -0.7606 0.6241 -0.1788
vn -0.7415 0.6680 0.0629
vn -0.6787 0.5951 0.4304
vn -0.6572 0.5382 0.5276
vn -0.6193 0.6355 0.4611
vn -0.5434 0.7420 0.3926
vn 0.5986 0.5633 -0.5696
vn 0.7647 0.6393 -0.0808
vn 0.7268 0.6421 0.2439
vn 0.6751 0.6351 0.3754
vn 0.3904 0.7217 0.5716
vn 0.1661 0.8361 0.5228
vn -0.0851 0.7470 0.6594
vn -0.4119 0.5883 0.6959
vn -0.6439 0.4317 0.6317
vn -0.8066 0.3531 0.4741
vn -0.8615 0.4194 0.2864
vn -0.8328 0.5531 -0.0234
vn -0.7977 0.6030 0.0035
vn -0.7033 0.6863 0.1853
vn -0.7666 0.6389 0.0642
vn -0.8600 0.4821 -0.1671
vn -0.8778 0.4092 -0.2491
vn -0.8756 0.4210 -0.2366
vn -0.8673 0.4578 -0.1956
vn -0.8708 0.4780 -0.1149
vn -0.8699 0.4897 -0.0591
vn -0.8372 0.5205 0.1679
vn -0.7281 0.5281 0.4371
vn -0.6890 0.5269 0.4976
vn -0.7164 0.5189 0.4665
vn -0.7181 0.5582 0.4157
vn 0.6925 0.4831 -0.5358
vn 0.6706 0.7415 -0.0220
vn 0.4182 0.8758 0.2411
vn 0.2118 0.8779 0.4295
vn -0.0081 0.8963 0.4433
vn -0.0957 0.9393 0.3294
vn -0.3847 0.8691 0.3109
vn -0.7512 0.6127 0.2455
vn -0.9255 0.3416 0.1635
vn -0.9154 0.2307 0.3299
vn -0.9398 0.2816 0.1937
vn -0.9122 0.3751 0.1647
vn -0.8072 0.4719 0.3546
vn -0.7076 0.6555 0.2639
vn -0.7300 0.6586 -0.1829
vn -0.7818 0.4847 -0.3922
vn -0.8357 0.5025 -0.2215
vn -0.8128 0.5539 -0.1804
vn -0.8026 0.5616 -0.2012
vn -0.8059 0.5644 -0.1788
vn -0.7976 0.6028 0.0219
vn -0.7498 0.6055 0.2667
vn -0.6898 0.5226 0.5011
vn -0.6790 0.5371 0.5004
vn -0.6915 0.5570 0.4600
vn -0.6951 0.5434 0.4707
vn 0.3934 0.4221 -0.8167
vn 0.2094 0.8980 -0.3869
vn -0.0794 0.9935 0.0819
vn -0.3318 0.9341 0.1320
vn -0.5787 0.7995 0.1611
vn -0.6449 0.7549 0.1192
vn -0.7441 0.6647 -0.0668
vn -0.9013 0.2899 -0.3219
vn -0.9529 0.3021 0.0274
vn -0.8263 0.2606 0.4993
vn -0.8547 0.3476 0.3857
vn -0.7462 0.4767 0.4647
vn -0.5966 0.5400 0.5936
vn -0.7336 0.6256 0.2654
vn -0.7449 0.5585 -0.3650
vn -0.7278 0.5953 -0.3405
vn -0.7091 0.6901 -0.1444
vn -0.6830 0.7105 -0.1697
vn -0.6765 0.6903 -0.2565
vn -0.6306 0.7571 -0.1706
vn -0.5964 0.7989 0.0781
vn -0.5944 0.7454 0.3020
vn -0.6040 0.6215 0.4990
vn -0.5996 0.5625 0.5692
vn -0.6027 0.6236 0.4978
vn -0.5915 0.6211 0.5142
vn 0.2152 0.3022 -0.9286
vn -0.2991 0.6806 -0.6689
vn -0.5899 0.7871 -0.1802
vn -0.7850 0.6042 -0.1370
vn -0.8798 0.4225 -0.2179
vn -0.9215 0.3219 -0.2171
vn -0.9092 0.2796 -0.3086
vn -0.8743 0.3638 -0.3213
vn -0.8572 0.4862 0.1698
vn -0.7039 0.3569 0.6141
vn -0.7243 0.3583 0.5890
vn -0.6908 0.4115 0.5945
vn -0.6268 0.5160 0.5838
vn -0.7779 0.6210 0.0963
vn -0.6681 0.6544 -0.3540
vn -0.5723 0.7851 -0.2369
vn -0.5638 0.8179 -0.1145
vn -0.5238 0.8380 -0.1527
vn -0.3551 0.9054 -0.2329
vn -0.3040 0.9245 -0.2301
vn -0.4775 0.8777 0.0409
vn -0.4622 0.8067 0.3683
vn -0.3755 0.7571 0.5347
vn -0.3609 0.6800 0.6382
vn -0.4336 0.7100 0.5549
vn -0.3467 0.6833 0.6426
vn -0.0776 0.2057 -0.9755
vn -0.2433 0.3690 -0.8970
vn -0.6965 0.4916 -0.5228
vn -0.8555 0.4250 -0.2957
vn -0.8572 0.4064 -0.3164
vn -0.7603 0.5262 -0.3808
vn -0.6905 0.6479 -0.3217
vn -0.6740 0.7088 -0.2082
vn -0.6887 0.6916 0.2178
vn -0.6144 0.4522 0.6466
vn -0.6302 0.3860 0.6737
vn -0.7078 0.3782 0.5966
vn -0.7470 0.3801 0.5455
vn -0.8146 0.5649 0.1315
vn -0.6340 0.7665 -0.1023
vn -0.4814 0.8623 -0.1574
vn -0.4609 0.8743 -0.1521
vn -0.4150 0.9090 -0.0371
vn -0.3333 0.9354 -0.1182
vn -0.4074 0.8378 -0.3634
vn -0.5398 0.8390 0.0689
vn -0.3505 0.7902 0.5028
vn -0.1425 0.7478 0.6485
vn -0.0810 0.7761 0.6254
vn -0.2307 0.8267 0.5132
vn -0.1636 0.6243 0.7638
vn -0.1484 0.2254 -0.9629
vn -0.0930 0.3587 -0.9288
vn -0.2297 0.4914 -0.8401
vn -0.3665 0.7230 -0.5856
vn -0.4254 0.7806 -0.4579
vn -0.4018 0.8160 -0.4156
vn -0.4025 0.8581 -0.3188
vn -0.4372 0.8844 -0.1633
vn -0.5048 0.8438 0.1821
vn -0.5281 0.6146 0.5859
vn -0.4639 0.4574 0.7587
vn -0.6877 0.4559 0.5651
vn -0.8032 0.3537 0.4793
vn -0.8505 0.3829 0.3607
vn -0.7653 0.6116 0.2006
vn -0.6026 0.7979 -0.0143
vn -0.5460 0.8235 -0.1539
vn -0.6644 0.7449 -0.0609
vn -0.7881 0.6088 -0.0912
vn -0.7641 0.5355 -0.3598
vn -0.7574 0.6202 0.2042
vn -0.4045 0.6945 0.5951
vn -0.3966 0.6532 0.6450
vn -0.3266 0.7653 0.5547
vn -0.1968 0.8446 0.4979
vn -0.0174 0.5422 0.8401
vn -0.0091 0.2615 -0.9652
vn 0.0236 0.3778 -0.9256
vn 0.0477 0.3926 -0.9185
vn 0.1070 0.5894 -0.8007
vn -0.0182 0.8127 -0.5825
vn -0.2368 0.8552 -0.4611
vn -0.3424 0.8697 -0.3556
vn -0.3757 0.9003 -0.2198
vn -0.4208 0.9055 0.0554
vn -0.4462 0.7818 0.4356
vn -0.2499 0.5412 0.8029
vn -0.6370 0.5699 0.5191
vn -0.8423 0.4615 0.2784
vn -0.7874 0.3665 0.4957
vn -0.7782 0.4427 0.4455
vn -0.8048 0.5775 0.1371
vn -0.7960 0.5869 -0.1479
vn -0.9086 0.4143 -0.0531
vn -0.9033 0.4050 -0.1415
vn -0.8486 0.5193 -0.1005
vn -0.6723 0.6117 0.4169
vn -0.4622 0.5828 0.6683
vn -0.4714 0.6335 0.6135
vn -0.4711 0.5906 0.6551
vn -0.2090 0.6526 0.7283
vn 0.1682 0.4114 0.8958
vn 0.0978 0.2770 -0.9559
vn 0.1883 0.3410 -0.9210
vn 0.0640 0.3835 -0.9213
vn 0.0893 0.4791 -0.8732
vn 0.0667 0.6639 -0.7448
vn -0.0959 0.8005 -0.5916
vn -0.2037 0.8699 -0.4492
vn -0.2403 0.9214 -0.3053
vn -0.2072 0.9771 -0.0475
vn -0.2574 0.9356 0.2415
vn -0.2481 0.6907 0.6792
vn -0.6175 0.6014 0.5070
vn -0.8674 0.4802 0.1307
vn -0.7176 0.4559 0.5265
vn -0.8391 0.3726 0.3963
vn -0.9076 0.3911 0.1528
vn -0.9579 0.2850 0.0341
vn -0.9317 0.3612 0.0384
vn -0.8749 0.4810 -0.0566
vn -0.6847 0.6827 0.2552
vn -0.3649 0.6680 0.6486
vn -0.2211 0.6493 0.7277
vn -0.2375 0.6796 0.6941
vn -0.1484 0.6567 0.7394
vn 0.0415 0.4969 0.8668
vn 0.3492 0.3187 0.8812
vn 0.3357 0.4387 -0.8335
vn 0.4822 0.2920 -0.8259
vn 0.4337 0.2889 -0.8535
vn 0.4656 0.3971 -0.7909
vn 0.3905 0.4697 -0.7918
vn 0.3442 0.6487 -0.6787
vn 0.2672 0.8076 -0.5257
vn 0.2540 0.8960 -0.3642
vn 0.2216 0.9598 -0.1723
vn 0.1937 0.9774 0.0847
vn -0.1060 0.9319 0.3469
vn -0.6325 0.7120 0.3050
vn -0.8243 0.5660 0.0139
vn -0.8475 0.4128 0.3338
vn -0.8910 0.3567 0.2807
vn -0.9426 0.3232 0.0843
vn -0.8571 0.4454 0.2588
vn -0.8300 0.5041 0.2388
vn -0.7150 0.6523 0.2516
vn -0.4090 0.7277 0.5506
vn -0.1054 0.6340 0.7661
vn 0.1436 0.6114 0.7782
vn 0.2338 0.6738 0.7009
vn 0.3169 0.5821 0.7488
vn 0.4688 0.3098 0.8272
vn 0.4437 0.4613 0.7683
vn 0.5465 0.5104 -0.6639
vn 0.6195 0.4238 -0.6608
vn 0.6595 0.2514 -0.7084
vn 0.6476 0.2521 -0.7190
vn 0.6809 0.3323 -0.6527
vn 0.5354 0.4023 -0.7426
vn 0.5462 0.6356 -0.5456
vn 0.5250 0.7349 -0.4293
vn 0.5169 0.8188 -0.2496
vn 0.4472 0.8891 -0.0974
vn 0.2095 0.9775 -0.0247
vn -0.1945 0.9774 -0.0832
vn -0.3922 0.9143 -0.1018
vn -0.5096 0.8524 0.1176
vn -0.6025 0.7791 0.1732
vn -0.5511 0.7980 0.2441
vn -0.4721 0.8048 0.3599
vn -0.4994 0.7445 0.4431
vn -0.4239 0.7576 0.4963
vn -0.2180 0.7032 0.6768
vn -0.0097 0.5717 0.8204
vn 0.0819 0.5492 0.8317
vn 0.2410 0.6349 0.7341
vn 0.4255 0.4890 0.7615
vn 0.4668 0.2759 0.8402
vn 0.4546 0.5914 0.6661
vn 0.5818 0.5257 -0.6206
vn 0.6123 0.5215 -0.5942
vn 0.5978 0.4230 -0.6810
vn 0.5963 0.2597 -0.7596
vn 0.6333 0.2795 -0.7217
vn 0.5981 0.2993 -0.7434
vn 0.6003 0.4701 -0.6470
vn 0.5139 0.6741 -0.5305
vn 0.4214 0.8267 -0.3728
vn 0.3590 0.8971 -0.2578
vn 0.2742 0.9290 -0.2487
vn 0.1750 0.9650 -0.1950
vn 0.1136 0.9836 -0.1401
vn 0.0701 0.9972 -0.0246
vn 0.0575 0.9798 0.1916
vn 0.0111 0.9603 0.2787
vn -0.0819 0.9469 0.3110
vn -0.1001 0.8639 0.4937
vn -0.0773 0.8192 0.5683
vn -0.1805 0.7315 0.6575
vn -0.3290 0.5367 0.7769
vn -0.2933 0.4733 0.8307
vn -0.0603 0.4945 0.8671
vn 0.3015 0.3560 0.8845
vn 0.5000 0.3747 0.7807
vn 0.4482 0.6511 0.6125
vn 0.4698 0.4850 -0.7376
vn 0.4297 0.5978 -0.6767
vn 0.4431 0.5867 -0.6778
vn 0.4564 0.4168 -0.7861
vn 0.5064 0.3165 -0.8021
vn 0.5941 0.3141 -0.7405
vn 0.5563 0.3329 -0.7614
vn 0.5493 0.5932 -0.5886
vn 0.4583 0.7696 -0.4446
vn 0.3565 0.8664 -0.3498
vn 0.2414 0.9266 -0.2882
vn 0.2198 0.9565 -0.1918
vn 0.2178 0.9688 -0.1185
vn 0.2224 0.9749 0.0062
vn 0.1652 0.9720 0.1672
vn 0.0103 0.9859 0.1668
vn 0.0289 0.9431 0.3314
vn 0.2218 0.8203 0.5271
vn 0.0959 0.9054 0.4136
vn -0.1875 0.8810 0.4343
vn -0.1821 0.6674 0.7221
vn -0.0642 0.4369 0.8972
vn 0.3791 0.3366 0.8620
vn 0.4742 0.2437 0.8461
vn 0.4103 0.4375 0.8001
vn 0.4624 0.6516 0.6013
vn 0.4447 0.4996 -0.7434
vn 0.4192 0.5362 -0.7326
vn 0.2768 0.5772 -0.7683
vn 0.2114 0.5227 -0.8259
vn 0.2027 0.4823 -0.8522
vn 0.2771 0.3806 -0.8822
vn 0.5092 0.3776 -0.7734
vn 0.7302 0.4892 -0.4769
vn 0.7114 0.6033 -0.3604
vn 0.5187 0.7641 -0.3835
vn 0.2809 0.9340 -0.2208
vn 0.2936 0.9464 -0.1348
vn 0.3062 0.9497 -0.0652
vn 0.2408 0.9702 -0.0256
vn -0.0093 0.9999 -0.0104
vn -0.2747 0.9593 0.0655
vn -0.0665 0.8562 0.5124
vn 0.1222 0.9156 0.3832
vn -0.0984 0.9859 0.1355
vn -0.0684 0.9042 0.4215
vn 0.3342 0.6261 0.7045
vn 0.6388 0.2553 0.7258
vn 0.5113 0.2856 0.8106
vn 0.3691 0.2894 0.8832
vn 0.4380 0.3789 0.8152
vn 0.5809 0.6171 0.5308
vn 0.1993 0.6178 -0.7607
vn 0.2617 0.4789 -0.8380
vn 0.2593 0.4727 -0.8422
vn 0.0540 0.4965 -0.8663
vn -0.0352 0.4957 -0.8678
vn 0.0143 0.4426 -0.8966
vn 0.2829 0.5249 -0.8028
vn 0.5518 0.6024 -0.5767
vn 0.6780 0.6158 -0.4014
vn 0.5788 0.7268 -0.3698
vn 0.4277 0.8911 -0.1515
vn 0.3762 0.9225 -0.0859
vn 0.3458 0.9369 -0.0515
vn 0.3039 0.9381 -0.1662
vn 0.1039 0.9459 -0.3073
vn -0.0471 0.9989 -0.0025
vn -0.0144 0.7593 0.6506
vn -0.0258 0.9115 0.4105
vn 0.0288 0.9984 0.0482
vn 0.4277 0.7056 0.5649
vn 0.6712 0.2608 0.6938
vn 0.5300 0.3554 0.7699
vn 0.4016 0.3704 0.8376
vn 0.4624 0.2566 0.8487
vn 0.6178 0.3937 0.6807
vn 0.6174 0.6186 0.4859
vn -0.0540 0.6225 -0.7808
vn -0.0510 0.5026 -0.8630
vn -0.0439 0.4023 -0.9144
vn -0.0883 0.4147 -0.9057
vn -0.1013 0.5005 -0.8598
vn 0.0542 0.4990 -0.8649
vn 0.1734 0.6029 -0.7788
vn 0.3480 0.7651 -0.5418
vn 0.7323 0.5654 -0.3796
vn 0.8014 0.5409 -0.2554
vn 0.7107 0.6895 -0.1398
vn 0.5755 0.8108 -0.1066
vn 0.4731 0.8764 -0.0898
vn 0.4822 0.8558 -0.1871
vn 0.5085 0.7680 -0.3894
vn 0.4970 0.8674 0.0255
vn 0.3156 0.6541 0.6874
vn 0.3444 0.7380 0.5802
vn 0.6737 0.6953 0.2505
vn 0.7533 0.3082 0.5809
vn 0.5452 0.3754 0.7495
vn 0.4468 0.4331 0.7828
vn 0.5711 0.2970 0.7652
vn 0.6667 0.2247 0.7107
vn 0.5891 0.4507 0.6706
vn 0.5671 0.6520 0.5033
vn -0.2086 0.5938 -0.7771
vn -0.2184 0.4567 -0.8624
vn -0.1546 0.4127 -0.8976
vn 0.1791 0.5893 -0.7878
vn 0.2887 0.6100 -0.7379
vn 0.3659 0.5499 -0.7508
vn 0.4328 0.6587 -0.6155
vn 0.6400 0.7073 -0.3002
vn 0.8546 0.5155 -0.0626
vn 0.9414 0.3220 -0.1004
vn 0.9326 0.3435 -0.1108
vn 0.8585 0.5006 -0.1114
vn 0.7812 0.6014 -0.1676
vn 0.7205 0.6694 -0.1814
vn 0.7529 0.6135 -0.2384
vn 0.7636 0.6455 -0.0156
vn 0.6992 0.4887 0.5219
vn 0.7685 0.4451 0.4597
vn 0.8150 0.4087 0.4108
vn 0.5887 0.4319 0.6833
vn 0.5043 0.4492 0.7375
vn 0.6706 0.2766 0.6883
vn 0.7114 0.2196 0.6677
vn 0.5974 0.3304 0.7307
vn 0.5171 0.5548 0.6518
vn 0.3723 0.7425 0.5569
vn -0.3296 0.5287 -0.7822
vn -0.2928 0.4958 -0.8176
vn 0.0705 0.6843 -0.7258
vn 0.4400 0.7246 -0.5304
vn 0.6688 0.6120 -0.4221
vn 0.7135 0.5268 -0.4619
vn 0.7602 0.4996 -0.4154
vn 0.7979 0.5979 -0.0769
vn 0.8347 0.5415 0.1005
vn 0.9041 0.4271 0.0130
vn 0.9459 0.2964 -0.1320
vn 0.9341 0.2875 -0.2118
vn 0.9013 0.3077 -0.3050
vn 0.8887 0.3969 -0.2297
vn 0.9004 0.4250 -0.0926
vn 0.9237 0.3595 0.1322
vn 0.8624 0.3060 0.4032
vn 0.9189 0.3206 0.2300
vn 0.8356 0.4252 0.3478
vn 0.7571 0.4214 0.4993
vn 0.8076 0.2655 0.5265
vn 0.7027 0.2152 0.6782
vn 0.6156 0.3004 0.7285
vn 0.5785 0.4416 0.6858
vn 0.3543 0.6919 0.6290
vn 0.1243 0.8266 0.5489
vn -0.4308 0.4725 -0.7688
vn -0.2920 0.8063 -0.5144
vn 0.1855 0.9513 -0.2462
vn 0.4880 0.8404 -0.2357
vn 0.6040 0.7334 -0.3119
vn 0.7184 0.5749 -0.3917
vn 0.7953 0.5180 -0.3149
vn 0.8739 0.4819 -0.0633
vn 0.8544 0.5012 0.1375
vn 0.8698 0.4709 0.1472
vn 0.9303 0.3649 0.0366
vn 0.9325 0.2803 -0.2278
vn 0.8707 0.2687 -0.4120
vn 0.9112 0.3061 -0.2756
vn 0.9438 0.3293 -0.0291
vn 0.9370 0.2831 0.2046
vn 0.8843 0.3065 0.3522
vn 0.8972 0.3943 0.1987
vn 0.9227 0.3426 0.1767
vn 0.8998 0.2769 0.3371
vn 0.7813 0.2427 0.5750
vn 0.7863 0.2982 0.5411
vn 0.6484 0.4058 0.6441
vn 0.3679 0.6538 0.6612
vn 0.1424 0.8020 0.5800
vn -0.0314 0.8775 0.4785
vn -0.0462 0.5916 -0.8049
vn 0.1410 0.9711 -0.1924
vn 0.3190 0.9303 0.1812
vn 0.4174 0.8993 -0.1307
vn 0.5075 0.8367 -0.2059
vn 0.5718 0.7148 -0.4027
vn 0.6792 0.6328 -0.3718
vn 0.8157 0.5651 -0.1236
vn 0.8467 0.5201 0.1120
vn 0.8498 0.4791 0.2195
vn 0.8624 0.4393 0.2515
vn 0.9238 0.3827 0.0087
vn 0.9347 0.2452 -0.2571
vn 0.9530 0.2324 -0.1946
vn 0.9775 0.2107 -0.0010
vn 0.9607 0.2609 0.0950
vn 0.8915 0.3963 0.2195
vn 0.9109 0.3703 0.1822
vn 0.9078 0.3150 0.2768
vn 0.8803 0.2842 0.3799
vn 0.8323 0.3543 0.4264
vn 0.5825 0.4979 0.6425
vn 0.2962 0.6836 0.6671
vn 0.0969 0.7810 0.6169
vn -0.0256 0.8498 0.5265
vn -0.1392 0.9080 0.3951
vn 0.3437 0.6217 -0.7038
vn 0.4459 0.8876 -0.1151
vn 0.2742 0.9521 0.1351
vn 0.2978 0.9509 -0.0840
vn 0.3875 0.9016 -0.1920
vn 0.4773 0.8021 -0.3588
vn 0.4889 0.7110 -0.5054
vn 0.5508 0.7773 -0.3040
vn 0.7439 0.6514 0.1492
vn 0.7943 0.5601 0.2355
vn 0.8047 0.5039 0.3141
vn 0.8372 0.5001 0.2213
vn 0.9018 0.4315 0.0255
vn 0.9413 0.3367 0.0232
vn 0.9478 0.3167 0.0372
vn 0.9422 0.3156 -0.1122
vn 0.9439 0.3221 -0.0732
vn 0.9260 0.3411 0.1621
vn 0.8486 0.4261 0.3136
vn 0.6906 0.5521 0.4672
vn 0.4445 0.6573 0.6086
vn 0.2362 0.7561 0.6103
vn 0.0932 0.8058 0.5849
vn -0.0051 0.8382 0.5453
vn -0.0951 0.8904 0.4452
vn -0.2166 0.9346 0.2823
vn 0.2952 0.7175 -0.6309
vn 0.2969 0.9138 -0.2773
vn 0.1330 0.9911 -0.0016
vn 0.1013 0.9947 -0.0162
vn 0.2503 0.9627 -0.1024
vn 0.4500 0.8747 -0.1797
vn 0.6061 0.7250 -0.3270
vn 0.6026 0.7405 -0.2975
vn 0.5775 0.8156 0.0343
vn 0.7246 0.6011 0.3371
vn 0.7630 0.5873 0.2700
vn 0.7596 0.6083 0.2300
vn 0.7604 0.6214 0.1890
vn 0.7649 0.6261 0.1518
vn 0.7656 0.6363 0.0944
vn 0.7499 0.6615 -0.0121
vn 0.7335 0.6796 -0.0084
vn 0.6554 0.7124 0.2511
vn 0.4690 0.7623 0.4460
vn 0.3327 0.7928 0.5107
vn 0.2414 0.8208 0.5176
vn 0.1666 0.8498 0.5001
vn 0.0961 0.8715 0.4809
vn 0.0076 0.9046 0.4261
vn -0.1237 0.9482 0.2926
vn -0.2490 0.9572 0.1474
vn 0.2227 0.7797 -0.5852
vn 0.2446 0.8894 -0.3862
vn 0.1536 0.9765 -0.1513
vn 0.0485 0.9988 -0.0106
vn 0.0690 0.9976 0.0058
vn 0.2064 0.9784 0.0145
vn 0.3553 0.9329 -0.0584
vn 0.4857 0.8616 -0.1475
vn 0.5837 0.8104 0.0508
vn 0.5794 0.7432 0.3348
vn 0.5413 0.7915 0.2838
vn 0.5657 0.8197 0.0896
vn 0.5616 0.8270 -0.0264
vn 0.5164 0.8556 -0.0353
vn 0.4490 0.8935 0.0094
vn 0.3877 0.9198 0.0610
vn 0.3507 0.9252 0.1453
vn 0.3213 0.8997 0.2954
vn 0.2816 0.8564 0.4328
vn 0.2570 0.8423 0.4739
vn 0.2521 0.8654 0.4330
vn 0.2216 0.9038 0.3661
vn 0.1189 0.9436 0.3089
vn -0.0382 0.9716 0.2333
vn -0.1645 0.9776 0.1316
vn -0.1937 0.9778 0.0794
vn 0.1991 0.8146 -0.5448
vn 0.2346 0.8791 -0.4149
vn 0.2140 0.9458 -0.2444
vn 0.1467 0.9861 -0.0782
vn 0.0703 0.9971 0.0280
vn 0.0210 0.9975 0.0676
vn 0.0166 0.9991 0.0399
vn 0.0915 0.9948 -0.0436
vn 0.2037 0.9790 0.0089
vn 0.2267 0.9477 0.2246
vn 0.1389 0.9507 0.2771
vn 0.0621 0.9978 0.0222
vn 0.1259 0.9677 -0.2184
vn 0.1657 0.9471 -0.2748
vn 0.2084 0.9673 -0.1447
vn 0.2266 0.9737 0.0230
vn 0.2273 0.9549 0.1909
vn 0.2094 0.9140 0.3475
vn 0.1807 0.8765 0.4462
vn 0.1537 0.8791 0.4512
vn 0.1179 0.9246 0.3621
vn 0.0475 0.9703 0.2372
vn -0.0463 0.9883 0.1451
vn -0.1078 0.9896 0.0952
vn -0.1028 0.9918 0.0764
vn -0.0502 0.9939 0.0980
vn 0.1969 0.8399 -0.5057
vn 0.2361 0.8791 -0.4142
vn 0.2356 0.9290 -0.2855
vn 0.1968 0.9694 -0.1468
vn 0.1390 0.9897 -0.0337
vn 0.0857 0.9958 0.0316
vn 0.0562 0.9972 0.0490
vn 0.0609 0.9970 0.0467
vn 0.0768 0.9936 0.0825
vn 0.0483 0.9855 0.1627
vn -0.0416 0.9833 0.1773
vn -0.1274 0.9917 0.0188
vn -0.1127 0.9752 -0.1904
vn -0.0041 0.9745 -0.2245
vn 0.1090 0.9875 -0.1137
vn 0.1734 0.9841 0.0384
vn 0.1831 0.9659 0.1829
vn 0.1456 0.9406 0.3067
vn 0.0727 0.9186 0.3885
vn -0.0123 0.9206 0.3904
vn -0.0797 0.9508 0.2995
vn -0.1062 0.9775 0.1824
vn -0.0830 0.9904 0.1107
vn -0.0293 0.9950 0.0957
vn 0.0323 0.9934 0.1102
vn 0.0894 0.9858 0.1425
vn 0.2085 0.8599 -0.4659
vn 0.2501 0.8809 -0.4019
vn 0.2622 0.9151 -0.3065
vn 0.2429 0.9508 -0.1925
vn 0.2034 0.9753 -0.0859
vn 0.1610 0.9869 -0.0096
vn 0.1297 0.9910 0.0325
vn 0.1138 0.9919 0.0559
vn 0.1025 0.9913 0.0827
vn 0.0769 0.9908 0.1114
vn 0.0363 0.9940 0.1031
vn 0.0135 0.9994 0.0304
vn 0.0423 0.9976 -0.0540
vn 0.1124 0.9912 -0.0697
vn 0.1790 0.9837 -0.0151
vn 0.2122 0.9750 0.0659
vn 0.2075 0.9669 0.1483
vn 0.1687 0.9602 0.2226
vn 0.1059 0.9546 0.2786
vn 0.0417 0.9553 0.2926
vn 0.0056 0.9683 0.2497
vn 0.0129 0.9816 0.1904
vn 0.0496 0.9862 0.1577
vn 0.0956 0.9841 0.1496
vn 0.1382 0.9783 0.1546
vn 0.1686 0.9698 0.1761
vn 0.2355 0.8745 -0.4240
vn 0.2775 0.8810 -0.3831
vn 0.2948 0.9022 -0.3148
vn 0.2872 0.9317 -0.2223
vn 0.2619 0.9570 -0.1248
vn 0.2303 0.9721 -0.0447
vn 0.2023 0.9793 0.0092
vn 0.1815 0.9824 0.0436
vn 0.1648 0.9839 0.0687
vn 0.1471 0.9854 0.0851
vn 0.1310 0.9881 0.0810
vn 0.1295 0.9902 0.0520
vn 0.1524 0.9881 0.0194
vn 0.1921 0.9813 0.0128
vn 0.2287 0.9728 0.0369
vn 0.2482 0.9656 0.0773
vn 0.2478 0.9611 0.1217
vn 0.2311 0.9588 0.1651
vn 0.2049 0.9569 0.2058
vn 0.1769 0.9564 0.2326
vn 0.1571 0.9603 0.2303
vn 0.1551 0.9656 0.2089
vn 0.1693 0.9670 0.1904
vn 0.1897 0.9648 0.1820
vn 0.2072 0.9624 0.1757
vn 0.2791 0.8820 -0.3796
vn 0.3187 0.8763 -0.3614
vn 0.3361 0.8870 -0.3166
vn 0.3339 0.9111 -0.2415
vn 0.3181 0.9357 -0.1527
vn 0.2957 0.9525 -0.0731
vn 0.2729 0.9619 -0.0143
vn 0.2531 0.9671 0.0257
vn 0.2370 0.9700 0.0534
vn 0.2244 0.9719 0.0710
vn 0.2174 0.9731 0.0760
vn 0.2205 0.9730 0.0687
vn 0.2354 0.9702 0.0581
vn 0.2572 0.9648 0.0557
vn 0.2771 0.9586 0.0662
vn 0.2893 0.9533 0.0869
vn 0.2933 0.9493 0.1137
vn 0.2920 0.9453 0.1453
vn 0.2869 0.9410 0.1795
vn 0.2774 0.9386 0.2052
vn 0.2659 0.9400 0.2136
vn 0.2581 0.9434 0.2083
vn 0.2558 0.9462 0.1982
vn 0.2551 0.9482 0.1891
vn 0.2564 0.9500 0.1784
vn 0.2480 0.9071 -0.3400
vn 0.3264 0.8863 -0.3286
vn 0.3698 0.8658 -0.3371
vn 0.3870 0.8667 -0.3147
vn 0.3875 0.8864 -0.2534
vn 0.3786 0.9095 -0.1717
vn 0.3640 0.9266 -0.0950
vn 0.3465 0.9374 -0.0358
vn 0.3291 0.9443 0.0069
vn 0.3143 0.9486 0.0383
vn 0.3036 0.9508 0.0610
vn 0.2988 0.9514 0.0745
vn 0.3009 0.9504 0.0789
vn 0.3089 0.9479 0.0780
vn 0.3196 0.9444 0.0773
vn 0.3293 0.9406 0.0821
vn 0.3368 0.9367 0.0951
vn 0.3434 0.9319 0.1169
vn 0.3498 0.9255 0.1455
vn 0.3530 0.9194 0.1736
vn 0.3497 0.9169 0.1921
vn 0.3407 0.9189 0.1990
vn 0.3286 0.9236 0.1973
vn 0.3155 0.9299 0.1894
vn 0.3001 0.9371 0.1781
vn 0.2825 0.9446 0.1674
vn 0.2536 0.9496 0.1844
vn 0.1811 0.9331 0.3106
vn 0.1176 0.8832 0.4540
vn 0.0838 0.9155 0.3935
vn -0.0537 0.9718 0.2295
vn 0.1866 0.9531 0.2384
vn 0.1843 0.9241 0.3348
vn 0.1684 0.8612 0.4796
vn 0.1406 0.8219 0.5520
vn 0.1280 0.9679 0.2164
vn 0.1315 0.9289 0.3462
vn 0.0880 0.8653 0.4935
vn 0.0252 0.8014 0.5976
vn 0.0014 0.9819 0.1895
vn 0.0117 0.9333 0.3589
vn -0.0185 0.8451 0.5343
vn -0.0318 0.7946 0.6063
vn -0.1646 0.9735 0.1586
vn -0.1273 0.9296 0.3458
vn -0.0752 0.8498 0.5217
vn -0.0162 0.8120 0.5835
vn -0.3000 0.9425 0.1473
vn -0.2714 0.9190 0.2861
vn -0.2082 0.8635 0.4593
vn -0.1619 0.8372 0.5223
vn -0.3211 0.9286 0.1859
vn -0.3354 0.9160 0.2203
vn -0.2911 0.8638 0.4112
vn -0.1962 0.9090 0.3678
vn -0.2916 0.9108 0.2921
vn -0.3890 0.8974 0.2080
vn -0.3070 0.9051 0.2941
vn -0.1019 0.9711 0.2159
vn -0.1823 0.8978 0.4010
vn -0.2537 0.9439 0.2112
vn -0.2049 0.9745 0.0911
vn -0.0679 0.9954 0.0680
vn -0.0183 0.8928 0.4500
vn -0.0334 0.9799 0.1968
vn 0.2104 0.8504 0.4822
vn 0.0697 0.9740 0.2156
vn 0.5443 0.7167 0.4359
vn 0.4307 0.8770 0.2130
vn 0.3529 0.9350 0.0336
vn 0.2419 0.9660 0.0918
vn 0.6433 0.6771 0.3573
vn 0.6811 0.7050 0.1975
vn 0.6463 0.7500 0.1410
vn 0.4899 0.7968 0.3536
vn 0.5757 0.7328 0.3627
vn 0.5699 0.7853 0.2418
vn 0.5314 0.8033 0.2690
vn 0.4063 0.7060 0.5800
vn 0.4896 0.7677 0.4134
vn 0.4472 0.8329 0.3260
vn 0.3675 0.8481 0.3817
vn 0.2356 0.6784 0.6959
vn 0.3995 0.7871 0.4700
vn 0.3478 0.8316 0.4329
vn 0.2547 0.8327 0.4916
vn 0.1382 0.6390 0.7567
vn 0.3357 0.7858 0.5195
vn 0.2743 0.8046 0.5267
vn 0.1863 0.7887 0.5859
vn 0.0846 0.5980 0.7970
vn 0.3117 0.7394 0.5967
vn 0.2231 0.7837 0.5798
vn 0.1624 0.7357 0.6576
vn 0.0705 0.5514 0.8313
vn 0.3072 0.6479 0.6970
vn 0.2024 0.7802 0.5919
vn 0.1849 0.7030 0.6867
vn 0.0928 0.4954 0.8637
vn 0.2404 0.5630 0.7908
vn 0.1791 0.7827 0.5961
vn 0.1604 0.7057 0.6901
vn 0.0911 0.4753 0.8751
vn 0.1543 0.5110 0.8456
vn 0.1441 0.7460 0.6501
vn 0.0831 0.7096 0.6997
vn 0.0391 0.4661 0.8839
vn 0.1038 0.4042 0.9087
vn 0.0499 0.6264 0.7779
vn -0.0770 0.7057 0.7043
vn -0.0593 0.5013 0.8632
vn -0.1683 0.5031 0.8477
vn -0.0774 0.5179 0.8519
vn -0.1056 0.7248 0.6808
vn -0.0672 0.5228 0.8498
vn -0.4598 0.4877 0.7421
vn -0.2772 0.4977 0.8219
vn -0.2075 0.7414 0.6382
vn -0.1267 0.6045 0.7865
vn -0.5907 0.5147 0.6215
vn -0.4243 0.5827 0.6931
vn -0.3624 0.7606 0.5386
vn -0.2364 0.6071 0.7586
vn -0.6325 0.6171 0.4682
vn -0.4688 0.6967 0.5430
vn -0.3320 0.8278 0.4523
vn -0.1906 0.6692 0.7182
vn -0.4831 0.7991 0.3579
vn -0.3942 0.8390 0.3752
vn -0.2964 0.8883 0.3509
vn -0.1772 0.7153 0.6760
vn -0.2856 0.9028 0.3216
vn -0.2655 0.9166 0.2989
vn -0.2469 0.9245 0.2904
vn -0.1693 0.7466 0.6434
vn -0.2746 0.9116 0.3058
vn -0.2616 0.9259 0.2726
vn -0.2415 0.9318 0.2708
vn -0.1721 0.7793 0.6026
vn -0.2817 0.8994 0.3341
vn -0.3027 0.9224 0.2401
vn -0.3011 0.9137 0.2729
vn -0.2418 0.7931 0.5590
vn -0.3470 0.8391 0.4190
vn -0.4449 0.8573 0.2592
vn -0.4869 0.8246 0.2882
vn -0.3965 0.8163 0.4201
vn -0.4373 0.7374 0.5149
vn -0.5193 0.8128 0.2639
vn -0.3847 0.8966 0.2194
vn -0.2477 0.9589 0.1382
vn -0.1431 0.8241 0.5481
vn -0.1686 0.9623 0.2135
vn -0.0750 0.9935 0.0860
vn 0.0947 0.7577 0.6457
vn 0.1034 0.9555 0.2763
vn -0.0340 0.8881 0.4585
vn 0.0311 0.9202 0.3902
vn -0.1202 0.9669 0.2252
vn -0.0021 0.9096 0.4155
vn -0.1450 0.9878 0.0575
vn -0.0291 0.9200 0.3908
vn -0.0054 0.9954 0.0953
vn -0.0463 0.9437 0.3277
vn 0.1476 0.9234 0.3542
vn 0.0021 0.9546 0.2978
vn 0.1891 0.8099 0.5553
vn 0.0476 0.9377 0.3443
vn 0.2248 0.7637 0.6051
vn 0.1743 0.8816 0.4387
vn 0.0748 0.9933 0.0875
vn 0.2047 0.7879 0.5808
vn 0.2071 0.7850 0.5839
vn 0.0954 0.9591 0.2663
vn 0.1457 0.8074 0.5717
vn 0.0993 0.7638 0.6378
vn 0.0308 0.9252 0.3783
vn 0.1229 0.8098 0.5737
vn 0.1552 0.7590 0.6323
vn 0.1561 0.8843 0.4400
vn 0.0735 0.9936 0.0857
vn 0.1838 0.7978 0.5743
vn 0.1922 0.7847 0.5894
vn 0.1988 0.8025 0.5626
vn 0.0932 0.9620 0.2568
vn 0.4087 0.6803 0.6084
vn 0.2578 0.7408 0.6203
vn 0.1324 0.7671 0.6277
vn 0.0377 0.9297 0.3664
vn 0.5237 0.5603 0.6417
vn 0.3588 0.5920 0.7217
vn 0.2380 0.6873 0.6863
vn 0.1630 0.8860 0.4340
vn 0.4793 0.5718 0.6658
vn 0.3814 0.4704 0.7958
vn 0.2884 0.6214 0.7285
vn 0.2209 0.7849 0.5789
vn 0.3703 0.5823 0.7237
vn 0.2157 0.4750 0.8532
vn 0.1269 0.5881 0.7987
vn 0.1031 0.7507 0.6525
vn -0.1201 0.5988 0.7919
vn -0.2222 0.4803 0.8485
vn -0.0133 0.6680 0.7441
vn 0.0727 0.7264 0.6834
vn -0.4450 0.5682 0.6922
vn -0.1207 0.6851 0.7184
vn 0.0618 0.7480 0.6608
vn 0.0899 0.7013 0.7071
vn -0.1489 0.8334 0.5323
vn 0.0528 0.8232 0.5653
vn 0.1265 0.7817 0.6107
vn 0.0840 0.6676 0.7398
vn -0.0783 0.9322 0.3533
vn -0.0122 0.8877 0.4603
vn 0.0501 0.8021 0.5950
vn 0.0512 0.6513 0.7571
vn -0.2487 0.9253 0.2862
vn -0.1572 0.9212 0.3559
vn -0.0632 0.8294 0.5551
vn -0.0216 0.6588 0.7520
vn -0.2361 0.9425 0.2364
vn -0.2031 0.9424 0.2657
vn -0.1583 0.8358 0.5257
vn -0.1029 0.6765 0.7292
vn -0.0706 0.9561 0.2843
vn -0.1881 0.9310 0.3128
vn -0.2350 0.8262 0.5120
vn -0.1608 0.7034 0.6924
vn -0.1026 0.8871 0.4500
vn -0.2745 0.8678 0.4142
vn -0.3094 0.7975 0.5180
vn -0.2700 0.7355 0.6215
vn -0.3308 0.7798 0.5315
vn -0.3468 0.8349 0.4274
vn -0.3267 0.7745 0.5417
vn -0.2201 0.8730 0.4352
vn -0.4030 0.7560 0.5158
vn -0.4512 0.7854 0.4237
vn -0.3663 0.8303 0.4201
vn -0.1139 0.9576 0.2646
vn -0.3386 0.7590 0.5560
vn -0.3090 0.8759 0.3705
vn -0.2246 0.9654 0.1323
vn -0.0653 0.9947 0.0791
vn -0.3621 0.8165 0.4496
vn -0.1084 0.9562 0.2719
vn -0.2435 0.9589 0.1456
vn -0.0713 0.9938 0.0857
vn 0.0880 0.9906 0.1047
vn 0.2323 0.9170 0.3243
vn 0.0641 0.9950 0.0762
vn 0.1793 0.8221 0.5404
vn 0.0734 0.9712 0.2265
vn 0.0194 0.8044 0.5937
vn 0.0047 0.9526 0.3041
vn -0.1488 0.8031 0.5770
vn -0.0711 0.9691 0.2364
vn -0.1681 0.8879 0.4282
vn -0.0667 0.9944 0.0822
vn -0.1127 0.9554 0.2731
vn -0.0168 0.9473 -0.3200
vn -0.0172 0.9469 -0.3212
vn -0.0241 0.8553 -0.5175
vn -0.0073 0.8624 -0.5061
vn -0.0065 0.8880 -0.4598
vn 0.0290 0.9023 -0.4301
vn 0.0224 0.8565 -0.5156
vn 0.0568 0.8794 -0.4728
vn -0.0205 0.9526 -0.3036
vn -0.0471 0.8604 -0.5075
vn -0.0468 0.8762 -0.4797
vn -0.0154 0.8296 -0.5581
vn -0.0248 0.9620 -0.2720
vn -0.0701 0.8773 -0.4748
vn -0.0886 0.8681 -0.4884
vn -0.0565 0.7973 -0.6010
vn -0.0188 0.9713 -0.2371
vn -0.0649 0.9032 -0.4242
vn -0.1011 0.8713 -0.4802
vn -0.0798 0.7637 -0.6406
vn 0.0069 0.9735 -0.2288
vn 0.0096 0.9195 -0.3930
vn 0.0045 0.8804 -0.4743
vn -0.0011 0.7491 -0.6624
vn 0.0250 0.9659 -0.2576
vn 0.0772 0.9069 -0.4141
vn 0.0722 0.8919 -0.4465
vn -0.0534 0.8027 -0.5939
vn 0.0031 0.9600 -0.2799
vn 0.0374 0.8814 -0.4708
vn 0.0696 0.9050 -0.4197
vn 0.0189 0.8909 -0.4538
vn -0.0655 0.9772 -0.2017
vn -0.1149 0.8573 -0.5018
vn 0.0054 0.8544 -0.5196
vn 0.0542 0.9387 -0.3404
vn -0.0541 0.9964 -0.0648
vn -0.1289 0.9017 -0.4126
vn -0.2688 0.8306 -0.4876
vn -0.3646 0.9094 -0.2001
vn -0.1023 0.9568 -0.2720
vn -0.3693 0.9043 -0.2143
vn -0.3696 0.9183 -0.1418
vn -0.0772 0.9932 -0.0873
vn -0.0728 0.9936 -0.0867
vn 0.1270 0.9296 -0.3460
vn 0.0751 0.9927 -0.0939
vn 0.2644 0.9113 -0.3157
vn 0.4139 0.7558 -0.5074
vn 0.0943 0.9488 -0.3014
vn 0.2641 0.7538 -0.6017
vn 0.3835 0.7057 -0.5957
vn -0.0002 0.9236 -0.3835
vn 0.0463 0.6731 -0.7381
vn 0.1941 0.5969 -0.7784
vn -0.0144 0.9254 -0.3787
vn -0.0715 0.6631 -0.7451
vn -0.0876 0.4839 -0.8707
vn -0.0168 0.9317 -0.3629
vn -0.0856 0.7271 -0.6811
vn -0.1515 0.5311 -0.8337
vn 0.0101 0.9324 -0.3613
vn 0.0288 0.7579 -0.6518
vn 0.0104 0.5688 -0.8224
vn 0.0185 0.9222 -0.3862
vn 0.0677 0.7325 -0.6774
vn 0.0068 0.5759 -0.8175
vn -0.0067 0.9176 -0.3975
vn -0.0095 0.7136 -0.7005
vn -0.0650 0.6299 -0.7740
vn -0.0171 0.9248 -0.3800
vn -0.0537 0.7224 -0.6894
vn -0.0757 0.6631 -0.7447
vn -0.0298 0.9389 -0.3429
vn -0.0373 0.7264 -0.6862
vn 0.0520 0.6229 -0.7806
vn -0.0229 0.9541 -0.2985
vn 0.0121 0.7095 -0.7046
vn 0.1763 0.4786 -0.8602
vn 0.0511 0.9458 -0.3206
vn 0.1512 0.6501 -0.7447
vn 0.2644 0.3803 -0.8863
vn 0.1158 0.9006 -0.4190
vn 0.2624 0.4862 -0.8335
vn 0.3123 0.3220 -0.8938
vn 0.0975 0.9875 -0.1238
vn 0.2472 0.7919 -0.5584
vn 0.2887 0.4024 -0.8687
vn 0.2628 0.3131 -0.9126
vn 0.0853 0.9374 -0.3377
vn 0.1569 0.5840 -0.7965
vn 0.0854 0.4146 -0.9060
vn 0.0345 0.3205 -0.9466
vn -0.1083 0.9421 -0.3174
vn -0.1549 0.5764 -0.8024
vn -0.1382 0.4435 -0.8856
vn -0.1946 0.4006 -0.8953
vn -0.0825 0.9911 -0.1041
vn -0.2118 0.7724 -0.5988
vn -0.1633 0.4313 -0.8873
vn -0.1594 0.3685 -0.9158
vn 0.0659 0.9942 -0.0851
vn 0.0091 0.8390 -0.5440
vn -0.0789 0.3883 -0.9182
vn 0.0044 0.2669 -0.9637
vn 0.0698 0.9710 -0.2289
vn 0.0745 0.6404 -0.7644
vn 0.1033 0.4185 -0.9023
vn 0.1857 0.1831 -0.9654
vn -0.0660 0.9728 -0.2221
vn -0.0232 0.7300 -0.6830
vn 0.2384 0.3782 -0.8945
vn 0.2736 0.1675 -0.9472
vn -0.0595 0.9951 -0.0792
vn -0.0369 0.8147 -0.5787
vn 0.2006 0.3208 -0.9257
vn 0.3725 0.1726 -0.9118
vn 0.0463 0.8034 -0.5937
vn 0.1595 0.2267 -0.9608
vn 0.2225 0.2190 -0.9500
vn -0.0032 0.7824 -0.6228
vn -0.0382 0.1572 -0.9868
vn 0.0063 0.2163 -0.9763
vn -0.0389 0.7879 -0.6146
vn -0.0553 0.1661 -0.9845
vn -0.0632 0.2539 -0.9652
vn -0.0142 0.7964 -0.6046
vn -0.0259 0.2057 -0.9783
vn -0.0595 0.1744 -0.9829
vn -0.1762 0.8260 -0.5354
vn -0.1539 0.1414 -0.9779
vn -0.2198 0.2214 -0.9501
vn -0.1742 0.9635 -0.2035
vn -0.2987 0.5835 -0.7552
vn -0.2626 0.1445 -0.9540
vn 0.1120 0.9845 -0.1353
vn 0.1322 0.7017 -0.7001
vn -0.0767 0.1534 -0.9852
vn 0.0777 0.9922 -0.0978
vn 0.3102 0.8534 -0.4189
vn 0.3200 0.3639 -0.8748
vn 0.0329 0.2480 -0.9682
vn 0.1421 0.9384 -0.3150
vn 0.3658 0.5476 -0.7526
vn 0.3401 0.2930 -0.8936
vn 0.1533 0.4309 -0.8893
vn 0.1034 0.8673 -0.4869
vn 0.2285 0.3641 -0.9029
vn 0.2912 0.4432 -0.8478
vn 0.0605 0.6538 -0.7542
vn 0.0518 0.8314 -0.5532
vn 0.1153 0.2916 -0.9496
vn 0.1994 0.6909 -0.6949
vn -0.0693 0.7657 -0.6394
vn 0.0079 0.8190 -0.5738
vn 0.0125 0.2690 -0.9630
vn -0.1729 0.8439 -0.5078
vn -0.2655 0.7800 -0.5666
vn -0.0266 0.8196 -0.5723
vn -0.1163 0.2873 -0.9508
vn -0.5332 0.6818 -0.5009
vn -0.5347 0.7702 -0.3478
vn -0.0426 0.8316 -0.5538
vn -0.1738 0.3598 -0.9167
vn -0.4681 0.6068 -0.6424
vn -0.6311 0.7693 -0.0997
vn -0.0294 0.8503 -0.5255
vn -0.1379 0.4613 -0.8765
vn -0.3605 0.5915 -0.7213
vn -0.5991 0.7898 -0.1318
vn -0.0303 0.8699 -0.4924
vn -0.1487 0.5594 -0.8154
vn -0.4384 0.6813 -0.5862
vn -0.6706 0.7407 -0.0411
vn -0.0793 0.8962 -0.4365
vn -0.3340 0.6699 -0.6631
vn -0.6169 0.7187 -0.3209
vn -0.7284 0.6777 0.1009
vn -0.1248 0.9537 -0.2737
vn -0.4260 0.8187 -0.3849
vn -0.6493 0.7575 -0.0681
vn -0.6774 0.7305 0.0860
vn -0.0668 0.9946 -0.0793
vn -0.2086 0.9731 -0.0977
vn -0.2853 0.9584 0.0053
vn -0.3412 0.9394 0.0339
vn 0.0671 0.9945 -0.0800
vn 0.0894 0.9650 -0.2466
vn 0.0267 0.9350 -0.3538
vn -0.0041 0.9284 -0.3716
vn -0.0332 0.9392 -0.3418
vn -0.0853 0.9694 -0.2303
vn -0.0611 0.9955 -0.0728
vn 0.0004 0.9578 -0.2874
vn 0.0392 0.8786 -0.4760
vn 0.0695 0.9072 -0.4150
vn 0.0918 0.9002 -0.4257
vn 0.0220 0.9819 -0.1879
vn 0.0112 0.9580 -0.2865
vn 0.0879 0.9948 0.0510
vn 0.2662 0.9587 0.0998
vn 0.1111 0.9935 0.0239
vn 0.3584 0.9242 0.1321
vn 0.2215 0.9744 0.0397
vn 0.3090 0.9389 0.1514
vn 0.2005 0.9782 0.0549
vn 0.3974 0.9081 0.1321
vn 0.3802 0.9129 0.1486
vn 0.3290 0.9313 0.1564
vn 0.2724 0.9616 0.0333
vn 0.4537 0.8856 0.0998
vn 0.3770 0.9144 0.1474
vn 0.3547 0.9192 0.1710
vn 0.1019 0.9904 0.0937
vn 0.3228 0.9390 0.1189
vn 0.4793 0.8655 0.1457
vn 0.4026 0.9018 0.1570
vn 0.3746 0.9096 0.1800
vn 0.3149 0.9422 0.1142
vn 0.4098 0.9004 0.1459
vn 0.4668 0.8692 0.1631
vn 0.4246 0.8903 0.1645
vn 0.3902 0.9022 0.1839
vn 0.4688 0.8818 0.0513
vn 0.4764 0.8746 0.0894
vn 0.4730 0.8690 0.1453
vn 0.4406 0.8813 0.1710
vn 0.4001 0.8980 0.1831
vn 0.5621 0.8251 0.0574
vn 0.5433 0.8339 0.0974
vn 0.5002 0.8525 0.1519
vn 0.4495 0.8770 0.1701
vn 0.4031 0.8986 0.1734
vn 0.6482 0.7596 0.0531
vn 0.6045 0.7915 0.0903
vn 0.5222 0.8413 0.1396
vn 0.4534 0.8780 0.1534
vn 0.4002 0.9038 0.1517
vn 0.7121 0.7010 0.0385
vn 0.6522 0.7550 0.0682
vn 0.5413 0.8337 0.1092
vn 0.4569 0.8809 0.1235
vn 0.3951 0.9103 0.1234
vn 0.7515 0.6593 0.0242
vn 0.6849 0.7272 0.0460
vn 0.5588 0.8255 0.0794
vn 0.4625 0.8814 0.0961
vn 0.3918 0.9146 0.0998
vn 0.7755 0.6311 0.0171
vn 0.7078 0.7056 0.0350
vn 0.5754 0.8153 0.0649
vn 0.4700 0.8788 0.0827
vn 0.3904 0.9164 0.0879
vn 0.7933 0.6086 0.0155
vn 0.7267 0.6862 0.0327
vn 0.5917 0.8037 0.0624
vn 0.4780 0.8746 0.0807
vn 0.3892 0.9172 0.0853
vn 0.8092 0.5873 0.0152
vn 0.7443 0.6671 0.0324
vn 0.6077 0.7917 0.0624
vn 0.4856 0.8704 0.0810
vn 0.3873 0.9180 0.0855
vn 0.8233 0.5674 0.0136
vn 0.7604 0.6488 0.0296
vn 0.6227 0.7803 0.0581
vn 0.4927 0.8668 0.0764
vn 0.3862 0.9188 0.0823
vn 0.8338 0.5520 0.0085
vn 0.7731 0.6339 0.0204
vn 0.6361 0.7703 0.0437
vn 0.5001 0.8637 0.0620
vn 0.3877 0.9191 0.0712
vn 0.8370 0.5471 -0.0020
vn 0.7804 0.6253 0.0022
vn 0.6483 0.7612 0.0170
vn 0.5095 0.8597 0.0363
vn 0.3936 0.9179 0.0506
vn 0.8291 0.5588 -0.0168
vn 0.7801 0.6252 -0.0226
vn 0.6599 0.7511 -0.0182
vn 0.5221 0.8529 0.0027
vn 0.4045 0.9143 0.0221
vn 0.8070 0.5897 -0.0322
vn 0.7712 0.6349 -0.0473
vn 0.6706 0.7398 -0.0538
vn 0.5369 0.8430 -0.0342
vn 0.4192 0.9078 -0.0126
vn 0.7690 0.6377 -0.0446
vn 0.7525 0.6551 -0.0674
vn 0.6782 0.7298 -0.0864
vn 0.5506 0.8315 -0.0739
vn 0.4347 0.8988 -0.0555
vn 0.7134 0.6985 -0.0554
vn 0.7228 0.6857 -0.0860
vn 0.6792 0.7240 -0.1205
vn 0.5596 0.8199 -0.1212
vn 0.4478 0.8872 -0.1111
vn 0.6349 0.7695 -0.0688
vn 0.6780 0.7269 -0.1090
vn 0.6707 0.7239 -0.1618
vn 0.5603 0.8085 -0.1801
vn 0.4552 0.8716 -0.1816
vn 0.5243 0.8475 -0.0829
vn 0.6107 0.7805 -0.1339
vn 0.6490 0.7319 -0.2078
vn 0.5516 0.7976 -0.2442
vn 0.4561 0.8521 -0.2565
vn 0.3345 0.9316 -0.1424
vn 0.5149 0.8338 -0.1992
vn 0.6245 0.7374 -0.2572
vn 0.5374 0.7924 -0.2886
vn 0.4518 0.8373 -0.3079
vn 0.1024 0.9896 -0.1009
vn 0.3732 0.9147 -0.1549
vn 0.6012 0.7636 -0.2354
vn 0.5197 0.8081 -0.2773
vn 0.4350 0.8458 -0.3088
vn 0.2753 0.9593 -0.0626
vn 0.5048 0.8445 -0.1787
vn 0.4841 0.8384 -0.2505
vn 0.4062 0.8695 -0.2810
vn 0.1455 0.9885 -0.0410
vn 0.2232 0.9692 -0.1039
vn 0.3023 0.9493 -0.0857
vn -0.4976 0.7994 0.3366
vn -0.2558 0.9293 0.2662
vn -0.2655 0.9559 0.1254
vn -0.5642 0.7590 0.3250
vn -0.4240 0.8785 0.2202
vn -0.0921 0.9920 0.0862
vn -0.5547 0.7797 0.2906
vn -0.6057 0.7536 0.2553
vn -0.2735 0.9556 0.1095
vn -0.5675 0.7998 0.1957
vn -0.6836 0.7216 0.1096
vn -0.3840 0.9228 0.0310
vn -0.6098 0.7893 0.0722
vn -0.7199 0.6940 0.0109
vn -0.4060 0.9139 -0.0036
vn -0.6587 0.7494 -0.0669
vn -0.7166 0.6917 -0.0893
vn -0.3857 0.9218 -0.0378
vn -0.6878 0.7095 -0.1537
vn -0.6758 0.7256 -0.1295
vn -0.3291 0.9430 -0.0496
vn -0.6759 0.7152 -0.1776
vn -0.6140 0.7843 -0.0890
vn -0.2733 0.9616 -0.0253
vn -0.6051 0.7904 -0.0958
vn -0.5768 0.8167 0.0196
vn -0.2692 0.9629 0.0209
vn -0.4745 0.8780 0.0626
vn -0.5272 0.8261 0.1991
vn -0.3350 0.9241 0.1837
vn -0.0761 0.9944 0.0731
vn -0.3547 0.9221 0.1544
vn -0.4531 0.8615 0.2291
vn -0.4619 0.8575 0.2265
vn -0.2318 0.9685 0.0908
vn -0.3041 0.9420 0.1420
vn -0.4440 0.8874 0.1242
vn -0.5331 0.8439 0.0602
vn -0.3170 0.9484 0.0091
vn -0.2510 0.9309 0.2654
vn -0.5130 0.8345 0.2011
vn -0.6073 0.7919 0.0641
vn -0.3265 0.9452 0.0030
vn -0.1217 0.8940 0.4311
vn -0.5650 0.7380 0.3689
vn -0.6926 0.7003 0.1727
vn -0.3617 0.9310 0.0483
vn 0.0353 0.9457 0.3230
vn -0.5751 0.7427 0.3430
vn -0.7778 0.5954 0.2014
vn -0.4305 0.8999 0.0694
vn 0.1600 0.9860 -0.0461
vn -0.5490 0.8352 0.0331
vn -0.8238 0.5656 0.0376
vn -0.4738 0.8805 0.0121
vn 0.2156 0.8378 -0.5017
vn -0.4825 0.7571 -0.4404
vn -0.7672 0.5770 -0.2801
vn -0.4228 0.9006 -0.1004
vn 0.1802 0.6105 -0.7713
vn -0.3474 0.5929 -0.7265
vn -0.5064 0.7288 -0.4609
vn -0.2449 0.9591 -0.1418
vn 0.0548 0.8799 -0.4721
vn -0.1174 0.8919 -0.4367
vn -0.1638 0.9553 -0.2461
vn -0.0639 0.9961 -0.0614
vn 0.0194 0.9874 0.1571
vn 0.1228 0.9892 0.0804
vn 0.1658 0.9774 -0.1315
vn 0.0303 0.9486 -0.3150
usemtl MI_Hologram
s off
f 3126/1/1 3129/2/1 3128/3/1 3127/4/1
f 3119/5/1 3124/6/1 3125/7/1 3121/8/1
f 3120/9/1 3122/10/1 3123/11/1 3118/12/1
f 3121/8/1 3125/7/1 3122/10/1 3120/9/1
f 3118/12/1 3123/11/1 3124/6/1 3119/5/1
s 1
f 2507/13/2 349/14/3 295/15/4 2502/16/5
f 232/17/6 2979/18/7 233/19/8
f 3/20/9 3116/21/10 3115/22/9
f 2517/23/11 376/24/12 349/14/3 2507/13/2
f 348/25/13 229/26/14 234/27/15 294/28/16
f 2508/29/9 2185/30/9 2158/31/9 2847/32/9
f 2847/32/9 2158/31/9 2131/33/9 2842/34/9
f 2842/34/9 2131/33/9 2104/35/9 2837/36/9
f 2837/36/9 2104/35/9 2077/37/9 2832/38/9
f 2832/38/9 2077/37/9 2050/39/17 2827/40/9
f 2827/40/9 2050/39/17 2023/41/18 2822/42/19
f 2822/42/19 2023/41/18 1996/43/20 2817/44/21
f 2817/44/21 1996/43/20 1969/45/22 2812/46/23
f 2812/46/23 1969/45/22 1942/47/24 2807/48/25
f 2807/48/25 1942/47/24 1915/49/26 2802/50/27
f 2802/50/27 1915/49/26 1888/51/28 2797/52/29
f 2797/52/29 1888/51/28 1861/53/30 2792/54/31
f 2792/54/31 1861/53/30 1834/55/32 2787/56/33
f 2787/56/33 1834/55/32 1807/57/9 2782/58/9
f 2782/58/9 1807/57/9 1780/59/34 2777/60/9
f 2777/60/9 1780/59/34 1753/61/35 2772/62/36
f 2772/62/36 1753/61/35 1726/63/37 2767/64/38
f 2767/64/38 1726/63/37 1699/65/39 2762/66/40
f 2762/66/40 1699/65/39 1672/67/41 2757/68/42
f 2757/68/42 1672/67/41 1645/69/43 2752/70/44
f 2752/70/44 1645/69/43 1618/71/45 2747/72/46
f 2747/72/46 1618/71/45 1591/73/47 2742/74/48
f 2742/74/48 1591/73/47 1564/75/49 2737/76/50
f 2737/76/50 1564/75/49 1537/77/51 2732/78/52
f 2732/78/52 1537/77/51 1510/79/53 2727/80/54
f 2727/80/54 1510/79/53 1483/81/55 2722/82/56
f 2722/82/56 1483/81/55 1456/83/57 2717/84/58
f 2717/84/58 1456/83/57 1429/85/59 2712/86/60
f 2712/86/60 1429/85/59 1402/87/61 2707/88/62
f 2707/88/62 1402/87/61 1375/89/63 2702/90/64
f 2702/90/64 1375/89/63 1348/91/65 2697/92/66
f 2697/92/66 1348/91/65 1321/93/67 2692/94/68
f 2692/94/68 1321/93/67 1294/95/69 2687/96/70
f 2687/96/70 1294/95/69 1267/97/71 2682/98/72
f 2682/98/72 1267/97/71 1240/99/73 2677/100/74
f 2677/100/74 1240/99/73 1213/101/75 2672/102/76
f 2672/102/76 1213/101/75 1186/103/77 2667/104/78
f 2667/104/78 1186/103/77 1159/105/79 2662/106/80
f 2662/106/80 1159/105/79 1132/107/81 2657/108/82
f 2657/108/82 1132/107/81 1105/109/83 2652/110/84
f 2652/110/84 1105/109/83 1078/111/85 2647/112/86
f 2647/112/86 1078/111/85 1051/113/87 2642/114/88
f 2642/114/88 1051/113/87 1024/115/89 2637/116/90
f 2637/116/90 1024/115/89 997/117/91 2632/118/92
f 2632/118/92 997/117/91 970/119/93 2627/120/94
f 2627/120/94 970/119/93 943/121/95 2622/122/96
f 2622/122/96 943/121/95 916/123/97 2617/124/98
f 2617/124/98 916/123/97 889/125/99 2612/126/100
f 2612/126/100 889/125/99 862/127/101 2607/128/102
f 2607/128/102 862/127/101 835/129/103 2602/130/104
f 2602/130/104 835/129/103 808/131/105 2597/132/106
f 2597/132/106 808/131/105 781/133/107 2592/134/108
f 2592/134/108 781/133/107 754/135/109 2587/136/110
f 2587/136/110 754/135/109 727/137/111 2582/138/112
f 2582/138/112 727/137/111 700/139/113 2577/140/114
f 2577/140/114 700/139/113 673/141/115 2572/142/116
f 2572/142/116 673/141/115 646/143/117 2567/144/118
f 2567/144/118 646/143/117 619/145/119 2562/146/120
f 2562/146/120 619/145/119 592/147/121 2557/148/122
f 2557/148/122 592/147/121 565/149/123 2552/150/124
f 2552/150/124 565/149/123 538/151/125 2547/152/126
f 2547/152/126 538/151/125 511/153/127 2542/154/128
f 2542/154/128 511/153/127 484/155/129 2537/156/130
f 2537/156/130 484/155/129 457/157/131 2532/158/132
f 2532/158/132 457/157/131 430/159/133 2527/160/134
f 2527/160/134 430/159/133 403/161/135 2522/162/136
f 2522/162/136 403/161/135 376/24/12 2517/23/11
f 2493/163/9 321/164/9 2185/30/9 2508/29/9
f 239/165/9 28/166/9 97/167/9 224/168/9
f 224/168/9 97/167/9 96/169/9 2492/170/9
f 2492/170/9 96/169/9 95/171/9 2487/172/9
f 2487/172/9 95/171/9 94/173/9 2482/174/9
f 2482/174/9 94/173/9 93/175/9 2477/176/9
f 2477/176/9 93/175/9 92/177/9 2472/178/9
f 2472/178/9 92/177/9 91/179/9 2467/180/9
f 2467/180/9 91/179/9 90/181/9 2462/182/9
f 2462/182/9 90/181/9 89/183/9 2457/184/9
f 2457/184/9 89/183/9 88/185/9 2452/186/9
f 2452/186/9 88/185/9 87/187/9 2447/188/9
f 2447/188/9 87/187/9 86/189/9 2442/190/137
f 2442/190/137 86/189/9 85/191/9 2437/192/138
f 2437/192/138 85/191/9 84/193/9 2432/194/139
f 2432/194/139 84/193/9 83/195/9 2427/196/140
f 2427/196/140 83/195/9 82/197/9 2422/198/141
f 2422/198/141 82/197/9 81/199/9 2417/200/142
f 2417/200/142 81/199/9 80/201/9 2412/202/143
f 2412/202/143 80/201/9 79/203/9 2407/204/144
f 2407/204/144 79/203/9 78/205/9 2402/206/145
f 2402/206/145 78/205/9 77/207/9 2397/208/146
f 2397/208/146 77/207/9 76/209/9 2392/210/147
f 2392/210/147 76/209/9 75/211/9 2387/212/148
f 2387/212/148 75/211/9 74/213/9 2382/214/9
f 2382/214/9 74/213/9 73/215/9 2377/216/9
f 2377/216/9 73/215/9 72/217/9 2372/218/9
f 2372/218/9 72/217/9 71/219/9 2367/220/9
f 2367/220/9 71/219/9 70/221/9 2362/222/9
f 2362/222/9 70/221/9 69/223/9 2357/224/9
f 2357/224/9 69/223/9 68/225/9 2352/226/9
f 2352/226/9 68/225/9 67/227/9 2347/228/9
f 2347/228/9 67/227/9 66/229/9 2342/230/9
f 2342/230/9 66/229/9 65/231/9 2337/232/9
f 2337/232/9 65/231/9 64/233/9 2332/234/9
f 2332/234/9 64/233/9 63/235/9 2327/236/9
f 2327/236/9 63/235/9 62/237/9 2322/238/9
f 2322/238/9 62/237/9 61/239/9 2317/240/9
f 2317/240/9 61/239/9 60/241/9 2312/242/149
f 2312/242/149 60/241/9 59/243/9 2307/244/150
f 2307/244/150 59/243/9 58/245/9 2302/246/151
f 2302/246/151 58/245/9 57/247/9 2297/248/152
f 2297/248/152 57/247/9 56/249/9 2292/250/153
f 2292/250/153 56/249/9 55/251/9 2287/252/154
f 2287/252/154 55/251/9 54/253/9 2282/254/155
f 2282/254/155 54/253/9 53/255/9 2277/256/156
f 2277/256/156 53/255/9 52/257/9 2272/258/157
f 2272/258/157 52/257/9 51/259/9 2267/260/158
f 2267/260/158 51/259/9 50/261/9 2262/262/159
f 2262/262/159 50/261/9 49/263/9 2257/264/160
f 2257/264/160 49/263/9 48/265/9 2252/266/161
f 2252/266/161 48/265/9 47/267/9 2247/268/162
f 2247/268/162 47/267/9 46/269/9 2242/270/163
f 2242/270/163 46/269/9 45/271/9 2237/272/164
f 2237/272/164 45/271/9 44/273/9 2232/274/165
f 2232/274/165 44/273/9 43/275/9 2227/276/166
f 2227/276/166 43/275/9 42/277/9 2222/278/167
f 2222/278/167 42/277/9 41/279/9 2217/280/168
f 2217/280/168 41/279/9 40/281/9 2212/282/169
f 2212/282/169 40/281/9 39/283/9 170/284/9
f 170/284/9 39/283/9 38/285/9 175/286/9
f 175/286/9 38/285/9 37/287/9 180/288/9
f 180/288/9 37/287/9 36/289/9 185/290/9
f 185/290/9 36/289/9 35/291/9 190/292/170
f 190/292/170 35/291/9 34/293/9 195/294/171
f 195/294/171 34/293/9 33/295/9 200/296/172
f 200/296/172 33/295/9 32/297/9 205/298/173
f 205/298/173 32/297/9 31/299/9 210/300/174
f 210/300/174 31/299/9 30/301/9 215/302/175
f 215/302/175 30/301/9 29/303/9 225/304/176
f 225/304/176 29/303/9 27/305/9 230/306/9
f 2500/307/177 2501/308/178 2851/309/179
f 2185/30/9 321/164/9 323/310/9 2210/311/9
f 2210/311/9 323/310/9 324/312/9 2209/313/9
f 2209/313/9 324/312/9 325/314/9 2208/315/9
f 2208/315/9 325/314/9 326/316/9 2207/317/9
f 2207/317/9 326/316/9 327/318/9 2206/319/180
f 2206/319/180 327/318/9 328/320/9 2205/321/181
f 2205/321/181 328/320/9 329/322/182 2204/323/183
f 2204/323/183 329/322/182 330/324/184 2203/325/185
f 2203/325/185 330/324/184 331/326/186 2202/327/187
f 2202/327/187 331/326/186 332/328/188 2201/329/189
f 2201/329/189 332/328/188 333/330/190 2200/331/191
f 2200/331/191 333/330/190 334/332/192 2199/333/193
f 2199/333/193 334/332/192 335/334/194 2198/335/195
f 2198/335/195 335/334/194 336/336/196 2197/337/197
f 2197/337/197 336/336/196 337/338/198 2196/339/199
f 2196/339/199 337/338/198 338/340/200 2195/341/201
f 2195/341/201 338/340/200 339/342/202 2194/343/203
f 2194/343/203 339/342/202 340/344/204 2193/345/205
f 2193/345/205 340/344/204 341/346/206 2192/347/207
f 2192/347/207 341/346/206 342/348/208 2191/349/209
f 2191/349/209 342/348/208 343/350/210 2190/351/211
f 2190/351/211 343/350/210 344/352/212 2189/353/213
f 2189/353/213 344/352/212 345/354/214 2188/355/215
f 2188/355/215 345/354/214 346/356/216 2187/357/217
f 2187/357/217 346/356/216 347/358/218 2186/359/219
f 2186/359/219 347/358/218 322/360/220 2184/361/221
f 2158/31/9 2185/30/9 2210/311/9 2183/362/222
f 2183/362/222 2210/311/9 2209/313/9 2182/363/223
f 2182/363/223 2209/313/9 2208/315/9 2181/364/224
f 2181/364/224 2208/315/9 2207/317/9 2180/365/225
f 2180/365/225 2207/317/9 2206/319/180 2179/366/226
f 2179/366/226 2206/319/180 2205/321/181 2178/367/227
f 2178/367/227 2205/321/181 2204/323/183 2177/368/228
f 2177/368/228 2204/323/183 2203/325/185 2176/369/229
f 2176/369/229 2203/325/185 2202/327/187 2175/370/230
f 2175/370/230 2202/327/187 2201/329/189 2174/371/231
f 2174/371/231 2201/329/189 2200/331/191 2173/372/232
f 2173/372/232 2200/331/191 2199/333/193 2172/373/233
f 2172/373/233 2199/333/193 2198/335/195 2171/374/234
f 2171/374/234 2198/335/195 2197/337/197 2170/375/235
f 2170/375/235 2197/337/197 2196/339/199 2169/376/236
f 2169/376/236 2196/339/199 2195/341/201 2168/377/237
f 2168/377/237 2195/341/201 2194/343/203 2167/378/238
f 2167/378/238 2194/343/203 2193/345/205 2166/379/239
f 2166/379/239 2193/345/205 2192/347/207 2165/380/240
f 2165/380/240 2192/347/207 2191/349/209 2164/381/241
f 2164/381/241 2191/349/209 2190/351/211 2163/382/242
f 2163/382/242 2190/351/211 2189/353/213 2162/383/243
f 2162/383/243 2189/353/213 2188/355/215 2161/384/244
f 2161/384/244 2188/355/215 2187/357/217 2160/385/245
f 2160/385/245 2187/357/217 2186/359/219 2159/386/246
f 2159/386/246 2186/359/219 2184/361/221 2157/387/247
f 2131/33/9 2158/31/9 2183/362/222 2156/388/248
f 2156/388/248 2183/362/222 2182/363/223 2155/389/249
f 2155/389/249 2182/363/223 2181/364/224 2154/390/250
f 2154/390/250 2181/364/224 2180/365/225 2153/391/251
f 2153/391/251 2180/365/225 2179/366/226 2152/392/252
f 2152/392/252 2179/366/226 2178/367/227 2151/393/253
f 2151/393/253 2178/367/227 2177/368/228 2150/394/254
f 2150/394/254 2177/368/228 2176/369/229 2149/395/255
f 2149/395/255 2176/369/229 2175/370/230 2148/396/256
f 2148/396/256 2175/370/230 2174/371/231 2147/397/257
f 2147/397/257 2174/371/231 2173/372/232 2146/398/258
f 2146/398/258 2173/372/232 2172/373/233 2145/399/259
f 2145/399/259 2172/373/233 2171/374/234 2144/400/260
f 2144/400/260 2171/374/234 2170/375/235 2143/401/261
f 2143/401/261 2170/375/235 2169/376/236 2142/402/262
f 2142/402/262 2169/376/236 2168/377/237 2141/403/9
f 2141/403/9 2168/377/237 2167/378/238 2140/404/263
f 2140/404/263 2167/378/238 2166/379/239 2139/405/264
f 2139/405/264 2166/379/239 2165/380/240 2138/406/265
f 2138/406/265 2165/380/240 2164/381/241 2137/407/266
f 2137/407/266 2164/381/241 2163/382/242 2136/408/267
f 2136/408/267 2163/382/242 2162/383/243 2135/409/268
f 2135/409/268 2162/383/243 2161/384/244 2134/410/269
f 2134/410/269 2161/384/244 2160/385/245 2133/411/270
f 2133/411/270 2160/385/245 2159/386/246 2132/412/271
f 2132/412/271 2159/386/246 2157/387/247 2130/413/272
f 2104/35/9 2131/33/9 2156/388/248 2129/414/273
f 2129/414/273 2156/388/248 2155/389/249 2128/415/274
f 2128/415/274 2155/389/249 2154/390/250 2127/416/275
f 2127/416/275 2154/390/250 2153/391/251 2126/417/276
f 2126/417/276 2153/391/251 2152/392/252 2125/418/277
f 2125/418/277 2152/392/252 2151/393/253 2124/419/278
f 2124/419/278 2151/393/253 2150/394/254 2123/420/279
f 2123/420/279 2150/394/254 2149/395/255 2122/421/280
f 2122/421/280 2149/395/255 2148/396/256 2121/422/281
f 2121/422/281 2148/396/256 2147/397/257 2120/423/282
f 2120/423/282 2147/397/257 2146/398/258 2119/424/283
f 2119/424/283 2146/398/258 2145/399/259 2118/425/284
f 2118/425/284 2145/399/259 2144/400/260 2117/426/285
f 2117/426/285 2144/400/260 2143/401/261 2116/427/286
f 2116/427/286 2143/401/261 2142/402/262 2115/428/9
f 2115/428/9 2142/402/262 2141/403/9 2114/429/9
f 2114/429/9 2141/403/9 2140/404/263 2113/430/9
f 2113/430/9 2140/404/263 2139/405/264 2112/431/9
f 2112/431/9 2139/405/264 2138/406/265 2111/432/287
f 2111/432/287 2138/406/265 2137/407/266 2110/433/288
f 2110/433/288 2137/407/266 2136/408/267 2109/434/289
f 2109/434/289 2136/408/267 2135/409/268 2108/435/290
f 2108/435/290 2135/409/268 2134/410/269 2107/436/291
f 2107/436/291 2134/410/269 2133/411/270 2106/437/292
f 2106/437/292 2133/411/270 2132/412/271 2105/438/293
f 2105/438/293 2132/412/271 2130/413/272 2103/439/294
f 2077/37/9 2104/35/9 2129/414/273 2102/440/295
f 2102/440/295 2129/414/273 2128/415/274 2101/441/296
f 2101/441/296 2128/415/274 2127/416/275 2100/442/297
f 2100/442/297 2127/416/275 2126/417/276 2099/443/298
f 2099/443/298 2126/417/276 2125/418/277 2098/444/299
f 2098/444/299 2125/418/277 2124/419/278 2097/445/300
f 2097/445/300 2124/419/278 2123/420/279 2096/446/301
f 2096/446/301 2123/420/279 2122/421/280 2095/447/302
f 2095/447/302 2122/421/280 2121/422/281 2094/448/303
f 2094/448/303 2121/422/281 2120/423/282 2093/449/304
f 2093/449/304 2120/423/282 2119/424/283 2092/450/305
f 2092/450/305 2119/424/283 2118/425/284 2091/451/306
f 2091/451/306 2118/425/284 2117/426/285 2090/452/307
f 2090/452/307 2117/426/285 2116/427/286 2089/453/308
f 2089/453/308 2116/427/286 2115/428/9 2088/454/9
f 2088/454/9 2115/428/9 2114/429/9 2087/455/9
f 2087/455/9 2114/429/9 2113/430/9 2086/456/9
f 2086/456/9 2113/430/9 2112/431/9 2085/457/9
f 2085/457/9 2112/431/9 2111/432/287 2084/458/9
f 2084/458/9 2111/432/287 2110/433/288 2083/459/309
f 2083/459/309 2110/433/288 2109/434/289 2082/460/310
f 2082/460/310 2109/434/289 2108/435/290 2081/461/311
f 2081/461/311 2108/435/290 2107/436/291 2080/462/312
f 2080/462/312 2107/436/291 2106/437/292 2079/463/313
f 2079/463/313 2106/437/292 2105/438/293 2078/464/314
f 2078/464/314 2105/438/293 2103/439/294 2076/465/315
f 2050/39/17 2077/37/9 2102/440/295 2075/466/316
f 2075/466/316 2102/440/295 2101/441/296 2074/467/317
f 2074/467/317 2101/441/296 2100/442/297 2073/468/318
f 2073/468/318 2100/442/297 2099/443/298 2072/469/319
f 2072/469/319 2099/443/298 2098/444/299 2071/470/320
f 2071/470/320 2098/444/299 2097/445/300 2070/471/321
f 2070/471/321 2097/445/300 2096/446/301 2069/472/322
f 2069/472/322 2096/446/301 2095/447/302 2068/473/323
f 2068/473/323 2095/447/302 2094/448/303 2067/474/324
f 2067/474/324 2094/448/303 2093/449/304 2066/475/325
f 2066/475/325 2093/449/304 2092/450/305 2065/476/326
f 2065/476/326 2092/450/305 2091/451/306 2064/477/327
f 2064/477/327 2091/451/306 2090/452/307 2063/478/328
f 2063/478/328 2090/452/307 2089/453/308 2062/479/329
f 2062/479/329 2089/453/308 2088/454/9 2061/480/330
f 2061/480/330 2088/454/9 2087/455/9 2060/481/9
f 2060/481/9 2087/455/9 2086/456/9 2059/482/9
f 2059/482/9 2086/456/9 2085/457/9 2058/483/331
f 2058/483/331 2085/457/9 2084/458/9 2057/484/332
f 2057/484/332 2084/458/9 2083/459/309 2056/485/333
f 2056/485/333 2083/459/309 2082/460/310 2055/486/334
f 2055/486/334 2082/460/310 2081/461/311 2054/487/335
f 2054/487/335 2081/461/311 2080/462/312 2053/488/336
f 2053/488/336 2080/462/312 2079/463/313 2052/489/337
f 2052/489/337 2079/463/313 2078/464/314 2051/490/338
f 2051/490/338 2078/464/314 2076/465/315 2049/491/339
f 2023/41/18 2050/39/17 2075/466/316 2048/492/340
f 2048/492/340 2075/466/316 2074/467/317 2047/493/341
f 2047/493/341 2074/467/317 2073/468/318 2046/494/342
f 2046/494/342 2073/468/318 2072/469/319 2045/495/343
f 2045/495/343 2072/469/319 2071/470/320 2044/496/344
f 2044/496/344 2071/470/320 2070/471/321 2043/497/345
f 2043/497/345 2070/471/321 2069/472/322 2042/498/346
f 2042/498/346 2069/472/322 2068/473/323 2041/499/347
f 2041/499/347 2068/473/323 2067/474/324 2040/500/348
f 2040/500/348 2067/474/324 2066/475/325 2039/501/349
f 2039/501/349 2066/475/325 2065/476/326 2038/502/350
f 2038/502/350 2065/476/326 2064/477/327 2037/503/351
f 2037/503/351 2064/477/327 2063/478/328 2036/504/352
f 2036/504/352 2063/478/328 2062/479/329 2035/505/353
f 2035/505/353 2062/479/329 2061/480/330 2034/506/354
f 2034/506/354 2061/480/330 2060/481/9 2033/507/355
f 2033/507/355 2060/481/9 2059/482/9 2032/508/356
f 2032/508/356 2059/482/9 2058/483/331 2031/509/357
f 2031/509/357 2058/483/331 2057/484/332 2030/510/358
f 2030/510/358 2057/484/332 2056/485/333 2029/511/359
f 2029/511/359 2056/485/333 2055/486/334 2028/512/360
f 2028/512/360 2055/486/334 2054/487/335 2027/513/361
f 2027/513/361 2054/487/335 2053/488/336 2026/514/362
f 2026/514/362 2053/488/336 2052/489/337 2025/515/363
f 2025/515/363 2052/489/337 2051/490/338 2024/516/364
f 2024/516/364 2051/490/338 2049/491/339 2022/517/365
f 1996/43/20 2023/41/18 2048/492/340 2021/518/366
f 2021/518/366 2048/492/340 2047/493/341 2020/519/367
f 2020/519/367 2047/493/341 2046/494/342 2019/520/368
f 2019/520/368 2046/494/342 2045/495/343 2018/521/369
f 2018/521/369 2045/495/343 2044/496/344 2017/522/370
f 2017/522/370 2044/496/344 2043/497/345 2016/523/371
f 2016/523/371 2043/497/345 2042/498/346 2015/524/372
f 2015/524/372 2042/498/346 2041/499/347 2014/525/373
f 2014/525/373 2041/499/347 2040/500/348 2013/526/374
f 2013/526/374 2040/500/348 2039/501/349 2012/527/375
f 2012/527/375 2039/501/349 2038/502/350 2011/528/376
f 2011/528/376 2038/502/350 2037/503/351 2010/529/377
f 2010/529/377 2037/503/351 2036/504/352 2009/530/378
f 2009/530/378 2036/504/352 2035/505/353 2008/531/379
f 2008/531/379 2035/505/353 2034/506/354 2007/532/380
f 2007/532/380 2034/506/354 2033/507/355 2006/533/381
f 2006/533/381 2033/507/355 2032/508/356 2005/534/382
f 2005/534/382 2032/508/356 2031/509/357 2004/535/383
f 2004/535/383 2031/509/357 2030/510/358 2003/536/384
f 2003/536/384 2030/510/358 2029/511/359 2002/537/385
f 2002/537/385 2029/511/359 2028/512/360 2001/538/386
f 2001/538/386 2028/512/360 2027/513/361 2000/539/387
f 2000/539/387 2027/513/361 2026/514/362 1999/540/388
f 1999/540/388 2026/514/362 2025/515/363 1998/541/389
f 1998/541/389 2025/515/363 2024/516/364 1997/542/390
f 1997/542/390 2024/516/364 2022/517/365 1995/543/391
f 1969/45/22 1996/43/20 2021/518/366 1994/544/392
f 1994/544/392 2021/518/366 2020/519/367 1993/545/393
f 1993/545/393 2020/519/367 2019/520/368 1992/546/394
f 1992/546/394 2019/520/368 2018/521/369 1991/547/395
f 1991/547/395 2018/521/369 2017/522/370 1990/548/396
f 1990/548/396 2017/522/370 2016/523/371 1989/549/397
f 1989/549/397 2016/523/371 2015/524/372 1988/550/398
f 1988/550/398 2015/524/372 2014/525/373 1987/551/399
f 1987/551/399 2014/525/373 2013/526/374 1986/552/400
f 1986/552/400 2013/526/374 2012/527/375 1985/553/401
f 1985/553/401 2012/527/375 2011/528/376 1984/554/402
f 1984/554/402 2011/528/376 2010/529/377 1983/555/403
f 1983/555/403 2010/529/377 2009/530/378 1982/556/404
f 1982/556/404 2009/530/378 2008/531/379 1981/557/405
f 1981/557/405 2008/531/379 2007/532/380 1980/558/406
f 1980/558/406 2007/532/380 2006/533/381 1979/559/407
f 1979/559/407 2006/533/381 2005/534/382 1978/560/408
f 1978/560/408 2005/534/382 2004/535/383 1977/561/409
f 1977/561/409 2004/535/383 2003/536/384 1976/562/410
f 1976/562/410 2003/536/384 2002/537/385 1975/563/411
f 1975/563/411 2002/537/385 2001/538/386 1974/564/412
f 1974/564/412 2001/538/386 2000/539/387 1973/565/413
f 1973/565/413 2000/539/387 1999/540/388 1972/566/414
f 1972/566/414 1999/540/388 1998/541/389 1971/567/415
f 1971/567/415 1998/541/389 1997/542/390 1970/568/416
f 1970/568/416 1997/542/390 1995/543/391 1968/569/417
f 1942/47/24 1969/45/22 1994/544/392 1967/570/418
f 1967/570/418 1994/544/392 1993/545/393 1966/571/419
f 1966/571/419 1993/545/393 1992/546/394 1965/572/420
f 1965/572/420 1992/546/394 1991/547/395 1964/573/421
f 1964/573/421 1991/547/395 1990/548/396 1963/574/422
f 1963/574/422 1990/548/396 1989/549/397 1962/575/423
f 1962/575/423 1989/549/397 1988/550/398 1961/576/424
f 1961/576/424 1988/550/398 1987/551/399 1960/577/425
f 1960/577/425 1987/551/399 1986/552/400 1959/578/426
f 1959/578/426 1986/552/400 1985/553/401 1958/579/427
f 1958/579/427 1985/553/401 1984/554/428 1957/580/429
f 1957/580/429 1984/554/428 1983/555/403 1956/581/430
f 1956/581/430 1983/555/403 1982/556/404 1955/582/431
f 1955/582/431 1982/556/404 1981/557/405 1954/583/432
f 1954/583/432 1981/557/405 1980/558/406 1953/584/433
f 1953/584/433 1980/558/406 1979/559/407 1952/585/434
f 1952/585/434 1979/559/407 1978/560/408 1951/586/435
f 1951/586/435 1978/560/408 1977/561/409 1950/587/436
f 1950/587/436 1977/561/409 1976/562/410 1949/588/437
f 1949/588/437 1976/562/410 1975/563/411 1948/589/438
f 1948/589/438 1975/563/411 1974/564/412 1947/590/439
f 1947/590/439 1974/564/412 1973/565/413 1946/591/440
f 1946/591/440 1973/565/413 1972/566/414 1945/592/441
f 1945/592/441 1972/566/414 1971/567/415 1944/593/442
f 1944/593/442 1971/567/415 1970/568/416 1943/594/443
f 1943/594/443 1970/568/416 1968/569/417 1941/595/444
f 1915/49/26 1942/47/24 1967/570/418 1940/596/445
f 1940/596/445 1967/570/418 1966/571/419 1939/597/446
f 1939/597/446 1966/571/419 1965/572/420 1938/598/447
f 1938/598/447 1965/572/420 1964/573/421 1937/599/448
f 1937/599/448 1964/573/421 1963/574/422 1936/600/449
f 1936/600/449 1963/574/422 1962/575/423 1935/601/450
f 1935/601/450 1962/575/423 1961/576/424 1934/602/451
f 1934/602/451 1961/576/424 1960/577/425 1933/603/452
f 1933/603/452 1960/577/425 1959/578/426 1932/604/453
f 1932/604/453 1959/578/426 1958/579/427 1931/605/454
f 1931/605/454 1958/579/427 1957/580/429 1930/606/455
f 1930/606/455 1957/580/429 1956/581/430 1929/607/456
f 1929/607/456 1956/581/430 1955/582/431 1928/608/457
f 1928/608/457 1955/582/431 1954/583/432 1927/609/458
f 1927/609/458 1954/583/432 1953/584/433 1926/610/459
f 1926/610/459 1953/584/433 1952/585/434 1925/611/460
f 1925/611/460 1952/585/434 1951/586/435 1924/612/461
f 1924/612/461 1951/586/435 1950/587/436 1923/613/462
f 1923/613/462 1950/587/436 1949/588/437 1922/614/463
f 1922/614/463 1949/588/437 1948/589/438 1921/615/464
f 1921/615/464 1948/589/438 1947/590/439 1920/616/465
f 1920/616/465 1947/590/439 1946/591/440 1919/617/466
f 1919/617/466 1946/591/440 1945/592/441 1918/618/467
f 1918/618/467 1945/592/441 1944/593/442 1917/619/468
f 1917/619/468 1944/593/442 1943/594/443 1916/620/469
f 1916/620/469 1943/594/443 1941/595/444 1914/621/470
f 1888/51/28 1915/49/26 1940/596/445 1913/622/471
f 1913/622/471 1940/596/445 1939/597/446 1912/623/472
f 1912/623/472 1939/597/446 1938/598/447 1911/624/473
f 1911/624/473 1938/598/447 1937/599/448 1910/625/474
f 1910/625/474 1937/599/448 1936/600/449 1909/626/475
f 1909/626/475 1936/600/449 1935/601/450 1908/627/476
f 1908/627/476 1935/601/450 1934/602/451 1907/628/477
f 1907/628/477 1934/602/451 1933/603/452 1906/629/478
f 1906/629/478 1933/603/452 1932/604/453 1905/630/479
f 1905/630/479 1932/604/453 1931/605/454 1904/631/480
f 1904/631/480 1931/605/454 1930/606/455 1903/632/481
f 1903/632/481 1930/606/455 1929/607/456 1902/633/482
f 1902/633/482 1929/607/456 1928/608/457 1901/634/483
f 1901/634/483 1928/608/457 1927/609/458 1900/635/484
f 1900/635/484 1927/609/458 1926/610/459 1899/636/485
f 1899/636/485 1926/610/459 1925/611/460 1898/637/486
f 1898/637/486 1925/611/460 1924/612/461 1897/638/487
f 1897/638/487 1924/612/461 1923/613/462 1896/639/488
f 1896/639/488 1923/613/462 1922/614/463 1895/640/489
f 1895/640/489 1922/614/463 1921/615/464 1894/641/490
f 1894/641/490 1921/615/464 1920/616/465 1893/642/491
f 1893/642/491 1920/616/465 1919/617/466 1892/643/492
f 1892/643/492 1919/617/466 1918/618/467 1891/644/493
f 1891/644/493 1918/618/467 1917/619/468 1890/645/494
f 1890/645/494 1917/619/468 1916/620/469 1889/646/495
f 1889/646/495 1916/620/469 1914/621/470 1887/647/496
f 1861/53/30 1888/51/28 1913/622/471 1886/648/497
f 1886/648/497 1913/622/471 1912/623/472 1885/649/498
f 1885/649/498 1912/623/472 1911/624/473 1884/650/499
f 1884/650/499 1911/624/473 1910/625/474 1883/651/500
f 1883/651/500 1910/625/474 1909/626/475 1882/652/501
f 1882/652/501 1909/626/475 1908/627/476 1881/653/502
f 1881/653/502 1908/627/476 1907/628/477 1880/654/503
f 1880/654/503 1907/628/477 1906/629/478 1879/655/504
f 1879/655/504 1906/629/478 1905/630/479 1878/656/505
f 1878/656/505 1905/630/479 1904/631/480 1877/657/506
f 1877/657/506 1904/631/480 1903/632/481 1876/658/507
f 1876/658/507 1903/632/481 1902/633/482 1875/659/508
f 1875/659/508 1902/633/482 1901/634/483 1874/660/509
f 1874/660/509 1901/634/483 1900/635/484 1873/661/510
f 1873/661/510 1900/635/484 1899/636/485 1872/662/511
f 1872/662/511 1899/636/485 1898/637/486 1871/663/512
f 1871/663/512 1898/637/486 1897/638/487 1870/664/513
f 1870/664/513 1897/638/487 1896/639/488 1869/665/514
f 1869/665/514 1896/639/488 1895/640/489 1868/666/515
f 1868/666/515 1895/640/489 1894/641/490 1867/667/516
f 1867/667/516 1894/641/490 1893/642/491 1866/668/517
f 1866/668/517 1893/642/491 1892/643/492 1865/669/518
f 1865/669/518 1892/643/492 1891/644/493 1864/670/519
f 1864/670/519 1891/644/493 1890/645/494 1863/671/520
f 1863/671/520 1890/645/494 1889/646/495 1862/672/521
f 1862/672/521 1889/646/495 1887/647/496 1860/673/522
f 1834/55/32 1861/53/30 1886/648/497 1859/674/523
f 1859/674/523 1886/648/497 1885/649/498 1858/675/524
f 1858/675/524 1885/649/498 1884/650/499 1857/676/525
f 1857/676/525 1884/650/499 1883/651/500 1856/677/526
f 1856/677/526 1883/651/500 1882/652/501 1855/678/527
f 1855/678/527 1882/652/501 1881/653/502 1854/679/528
f 1854/679/528 1881/653/502 1880/654/503 1853/680/529
f 1853/680/529 1880/654/503 1879/655/504 1852/681/530
f 1852/681/530 1879/655/504 1878/656/505 1851/682/531
f 1851/682/531 1878/656/505 1877/657/506 1850/683/532
f 1850/683/532 1877/657/506 1876/658/507 1849/684/533
f 1849/684/533 1876/658/507 1875/659/508 1848/685/534
f 1848/685/534 1875/659/508 1874/660/509 1847/686/535
f 1847/686/535 1874/660/509 1873/661/510 1846/687/536
f 1846/687/536 1873/661/510 1872/662/511 1845/688/537
f 1845/688/537 1872/662/511 1871/663/512 1844/689/538
f 1844/689/538 1871/663/512 1870/664/513 1843/690/539
f 1843/690/539 1870/664/513 1869/665/514 1842/691/540
f 1842/691/540 1869/665/514 1868/666/515 1841/692/541
f 1841/692/541 1868/666/515 1867/667/516 1840/693/542
f 1840/693/542 1867/667/516 1866/668/517 1839/694/543
f 1839/694/543 1866/668/517 1865/669/518 1838/695/544
f 1838/695/544 1865/669/518 1864/670/519 1837/696/545
f 1837/696/545 1864/670/519 1863/671/520 1836/697/546
f 1836/697/546 1863/671/520 1862/672/521 1835/698/547
f 1835/698/547 1862/672/521 1860/673/522 1833/699/548
f 1807/57/9 1834/55/32 1859/674/523 1832/700/549
f 1832/700/549 1859/674/523 1858/675/524 1831/701/550
f 1831/701/550 1858/675/524 1857/676/525 1830/702/551
f 1830/702/551 1857/676/525 1856/677/526 1829/703/552
f 1829/703/552 1856/677/526 1855/678/527 1828/704/553
f 1828/704/553 1855/678/527 1854/679/528 1827/705/554
f 1827/705/554 1854/679/528 1853/680/529 1826/706/555
f 1826/706/555 1853/680/529 1852/681/530 1825/707/556
f 1825/707/556 1852/681/530 1851/682/531 1824/708/557
f 1824/708/557 1851/682/531 1850/683/532 1823/709/558
f 1823/709/558 1850/683/532 1849/684/533 1822/710/559
f 1822/710/559 1849/684/533 1848/685/534 1821/711/560
f 1821/711/560 1848/685/534 1847/686/535 1820/712/561
f 1820/712/561 1847/686/535 1846/687/536 1819/713/562
f 1819/713/562 1846/687/536 1845/688/537 1818/714/563
f 1818/714/563 1845/688/537 1844/689/538 1817/715/564
f 1817/715/564 1844/689/538 1843/690/539 1816/716/565
f 1816/716/565 1843/690/539 1842/691/540 1815/717/566
f 1815/717/566 1842/691/540 1841/692/541 1814/718/567
f 1814/718/567 1841/692/541 1840/693/542 1813/719/568
f 1813/719/568 1840/693/542 1839/694/543 1812/720/569
f 1812/720/569 1839/694/543 1838/695/544 1811/721/570
f 1811/721/570 1838/695/544 1837/696/545 1810/722/571
f 1810/722/571 1837/696/545 1836/697/546 1809/723/572
f 1809/723/572 1836/697/546 1835/698/547 1808/724/573
f 1808/724/573 1835/698/547 1833/699/548 1806/725/574
f 1780/59/34 1807/57/9 1832/700/549 1805/726/575
f 1805/726/575 1832/700/549 1831/701/550 1804/727/576
f 1804/727/576 1831/701/550 1830/702/551 1803/728/577
f 1803/728/577 1830/702/551 1829/703/552 1802/729/578
f 1802/729/578 1829/703/552 1828/704/553 1801/730/579
f 1801/730/579 1828/704/553 1827/705/554 1800/731/580
f 1800/731/580 1827/705/554 1826/706/555 1799/732/581
f 1799/732/581 1826/706/555 1825/707/556 1798/733/582
f 1798/733/582 1825/707/556 1824/708/557 1797/734/583
f 1797/734/583 1824/708/557 1823/709/558 1796/735/584
f 1796/735/584 1823/709/558 1822/710/559 1795/736/585
f 1795/736/585 1822/710/559 1821/711/560 1794/737/586
f 1794/737/586 1821/711/560 1820/712/561 1793/738/587
f 1793/738/587 1820/712/561 1819/713/562 1792/739/588
f 1792/739/588 1819/713/562 1818/714/563 1791/740/589
f 1791/740/589 1818/714/563 1817/715/564 1790/741/590
f 1790/741/590 1817/715/564 1816/716/565 1789/742/591
f 1789/742/591 1816/716/565 1815/717/566 1788/743/592
f 1788/743/592 1815/717/566 1814/718/567 1787/744/593
f 1787/744/593 1814/718/567 1813/719/568 1786/745/594
f 1786/745/594 1813/719/568 1812/720/569 1785/746/595
f 1785/746/595 1812/720/569 1811/721/570 1784/747/596
f 1784/747/596 1811/721/570 1810/722/571 1783/748/597
f 1783/748/597 1810/722/571 1809/723/572 1782/749/598
f 1782/749/598 1809/723/572 1808/724/573 1781/750/599
f 1781/750/599 1808/724/573 1806/725/574 1779/751/600
f 1753/61/35 1780/59/34 1805/726/575 1778/752/601
f 1778/752/601 1805/726/575 1804/727/576 1777/753/602
f 1777/753/602 1804/727/576 1803/728/577 1776/754/603
f 1776/754/603 1803/728/577 1802/729/578 1775/755/604
f 1775/755/604 1802/729/578 1801/730/579 1774/756/605
f 1774/756/605 1801/730/579 1800/731/580 1773/757/606
f 1773/757/606 1800/731/580 1799/732/581 1772/758/607
f 1772/758/607 1799/732/581 1798/733/582 1771/759/608
f 1771/759/608 1798/733/582 1797/734/583 1770/760/609
f 1770/760/609 1797/734/583 1796/735/584 1769/761/610
f 1769/761/610 1796/735/584 1795/736/585 1768/762/611
f 1768/762/611 1795/736/585 1794/737/586 1767/763/612
f 1767/763/612 1794/737/586 1793/738/587 1766/764/613
f 1766/764/613 1793/738/587 1792/739/588 1765/765/614
f 1765/765/614 1792/739/588 1791/740/589 1764/766/615
f 1764/766/615 1791/740/589 1790/741/590 1763/767/616
f 1763/767/616 1790/741/590 1789/742/591 1762/768/617
f 1762/768/617 1789/742/591 1788/743/592 1761/769/618
f 1761/769/618 1788/743/592 1787/744/593 1760/770/619
f 1760/770/619 1787/744/593 1786/745/594 1759/771/620
f 1759/771/620 1786/745/594 1785/746/595 1758/772/621
f 1758/772/621 1785/746/595 1784/747/596 1757/773/622
f 1757/773/622 1784/747/596 1783/748/597 1756/774/623
f 1756/774/623 1783/748/597 1782/749/598 1755/775/624
f 1755/775/624 1782/749/598 1781/750/599 1754/776/625
f 1754/776/625 1781/750/599 1779/751/600 1752/777/626
f 1726/63/37 1753/61/35 1778/752/601 1751/778/627
f 1751/778/627 1778/752/601 1777/753/602 1750/779/628
f 1750/779/628 1777/753/602 1776/754/603 1749/780/629
f 1749/780/629 1776/754/603 1775/755/604 1748/781/630
f 1748/781/630 1775/755/604 1774/756/605 1747/782/631
f 1747/782/631 1774/756/605 1773/757/606 1746/783/632
f 1746/783/632 1773/757/606 1772/758/607 1745/784/633
f 1745/784/633 1772/758/607 1771/759/608 1744/785/634
f 1744/785/634 1771/759/608 1770/760/609 1743/786/635
f 1743/786/635 1770/760/609 1769/761/610 1742/787/636
f 1742/787/636 1769/761/610 1768/762/611 1741/788/637
f 1741/788/637 1768/762/611 1767/763/612 1740/789/638
f 1740/789/638 1767/763/612 1766/764/613 1739/790/639
f 1739/790/639 1766/764/613 1765/765/614 1738/791/640
f 1738/791/640 1765/765/614 1764/766/615 1737/792/641
f 1737/792/641 1764/766/615 1763/767/616 1736/793/642
f 1736/793/642 1763/767/616 1762/768/617 1735/794/643
f 1735/794/643 1762/768/617 1761/769/618 1734/795/644
f 1734/795/644 1761/769/618 1760/770/619 1733/796/645
f 1733/796/645 1760/770/619 1759/771/620 1732/797/646
f 1732/797/646 1759/771/620 1758/772/621 1731/798/647
f 1731/798/647 1758/772/621 1757/773/622 1730/799/648
f 1730/799/648 1757/773/622 1756/774/623 1729/800/649
f 1729/800/649 1756/774/623 1755/775/624 1728/801/650
f 1728/801/650 1755/775/624 1754/776/625 1727/802/651
f 1727/802/651 1754/776/625 1752/777/626 1725/803/652
f 1699/65/39 1726/63/37 1751/778/627 1724/804/653
f 1724/804/653 1751/778/627 1750/779/628 1723/805/654
f 1723/805/654 1750/779/628 1749/780/629 1722/806/655
f 1722/806/655 1749/780/629 1748/781/630 1721/807/656
f 1721/807/656 1748/781/630 1747/782/631 1720/808/657
f 1720/808/657 1747/782/631 1746/783/632 1719/809/658
f 1719/809/658 1746/783/632 1745/784/633 1718/810/659
f 1718/810/659 1745/784/633 1744/785/634 1717/811/660
f 1717/811/660 1744/785/634 1743/786/635 1716/812/661
f 1716/812/661 1743/786/635 1742/787/636 1715/813/662
f 1715/813/662 1742/787/636 1741/788/637 1714/814/663
f 1714/814/663 1741/788/637 1740/789/638 1713/815/664
f 1713/815/664 1740/789/638 1739/790/639 1712/816/665
f 1712/816/665 1739/790/639 1738/791/640 1711/817/666
f 1711/817/666 1738/791/640 1737/792/641 1710/818/667
f 1710/818/667 1737/792/641 1736/793/642 1709/819/668
f 1709/819/668 1736/793/642 1735/794/643 1708/820/669
f 1708/820/669 1735/794/643 1734/795/644 1707/821/670
f 1707/821/670 1734/795/644 1733/796/645 1706/822/671
f 1706/822/671 1733/796/645 1732/797/646 1705/823/672
f 1705/823/672 1732/797/646 1731/798/647 1704/824/673
f 1704/824/673 1731/798/647 1730/799/648 1703/825/674
f 1703/825/674 1730/799/648 1729/800/649 1702/826/675
f 1702/826/675 1729/800/649 1728/801/650 1701/827/676
f 1701/827/676 1728/801/650 1727/802/651 1700/828/677
f 1700/828/677 1727/802/651 1725/803/652 1698/829/678
f 1672/67/41 1699/65/39 1724/804/653 1697/830/679
f 1697/830/679 1724/804/653 1723/805/654 1696/831/680
f 1696/831/680 1723/805/654 1722/806/655 1695/832/681
f 1695/832/681 1722/806/655 1721/807/656 1694/833/682
f 1694/833/682 1721/807/656 1720/808/657 1693/834/683
f 1693/834/683 1720/808/657 1719/809/658 1692/835/684
f 1692/835/684 1719/809/658 1718/810/659 1691/836/685
f 1691/836/685 1718/810/659 1717/811/660 1690/837/686
f 1690/837/686 1717/811/660 1716/812/661 1689/838/687
f 1689/838/687 1716/812/661 1715/813/662 1688/839/688
f 1688/839/688 1715/813/662 1714/814/663 1687/840/689
f 1687/840/689 1714/814/663 1713/815/664 1686/841/690
f 1686/841/690 1713/815/664 1712/816/665 1685/842/691
f 1685/842/691 1712/816/665 1711/817/666 1684/843/692
f 1684/843/692 1711/817/666 1710/818/667 1683/844/693
f 1683/844/693 1710/818/667 1709/819/668 1682/845/694
f 1682/845/694 1709/819/668 1708/820/669 1681/846/695
f 1681/846/695 1708/820/669 1707/821/670 1680/847/696
f 1680/847/696 1707/821/670 1706/822/671 1679/848/697
f 1679/848/697 1706/822/671 1705/823/672 1678/849/698
f 1678/849/698 1705/823/672 1704/824/673 1677/850/699
f 1677/850/699 1704/824/673 1703/825/674 1676/851/700
f 1676/851/700 1703/825/674 1702/826/675 1675/852/701
f 1675/852/701 1702/826/675 1701/827/676 1674/853/702
f 1674/853/702 1701/827/676 1700/828/677 1673/854/703
f 1673/854/703 1700/828/677 1698/829/678 1671/855/704
f 1645/69/43 1672/67/41 1697/830/679 1670/856/705
f 1670/856/705 1697/830/679 1696/831/680 1669/857/706
f 1669/857/706 1696/831/680 1695/832/681 1668/858/707
f 1668/858/707 1695/832/681 1694/833/682 1667/859/708
f 1667/859/708 1694/833/682 1693/834/683 1666/860/709
f 1666/860/709 1693/834/683 1692/835/684 1665/861/710
f 1665/861/710 1692/835/684 1691/836/685 1664/862/711
f 1664/862/711 1691/836/685 1690/837/686 1663/863/712
f 1663/863/712 1690/837/686 1689/838/687 1662/864/713
f 1662/864/713 1689/838/687 1688/839/688 1661/865/714
f 1661/865/714 1688/839/688 1687/840/689 1660/866/715
f 1660/866/715 1687/840/689 1686/841/690 1659/867/716
f 1659/867/716 1686/841/690 1685/842/691 1658/868/717
f 1658/868/717 1685/842/691 1684/843/692 1657/869/718
f 1657/869/718 1684/843/692 1683/844/693 1656/870/719
f 1656/870/719 1683/844/693 1682/845/694 1655/871/720
f 1655/871/720 1682/845/694 1681/846/695 1654/872/721
f 1654/872/721 1681/846/695 1680/847/696 1653/873/722
f 1653/873/722 1680/847/696 1679/848/697 1652/874/723
f 1652/874/723 1679/848/697 1678/849/698 1651/875/724
f 1651/875/724 1678/849/698 1677/850/699 1650/876/725
f 1650/876/725 1677/850/699 1676/851/700 1649/877/726
f 1649/877/726 1676/851/700 1675/852/701 1648/878/727
f 1648/878/727 1675/852/701 1674/853/702 1647/879/728
f 1647/879/728 1674/853/702 1673/854/703 1646/880/729
f 1646/880/729 1673/854/703 1671/855/704 1644/881/730
f 1618/71/45 1645/69/43 1670/856/705 1643/882/731
f 1643/882/731 1670/856/705 1669/857/706 1642/883/732
f 1642/883/732 1669/857/706 1668/858/707 1641/884/733
f 1641/884/733 1668/858/707 1667/859/708 1640/885/734
f 1640/885/734 1667/859/708 1666/860/709 1639/886/735
f 1639/886/735 1666/860/709 1665/861/710 1638/887/736
f 1638/887/736 1665/861/710 1664/862/711 1637/888/737
f 1637/888/737 1664/862/711 1663/863/712 1636/889/738
f 1636/889/738 1663/863/712 1662/864/713 1635/890/739
f 1635/890/739 1662/864/713 1661/865/714 1634/891/740
f 1634/891/740 1661/865/714 1660/866/715 1633/892/741
f 1633/892/741 1660/866/715 1659/867/716 1632/893/742
f 1632/893/742 1659/867/716 1658/868/717 1631/894/743
f 1631/894/743 1658/868/717 1657/869/718 1630/895/744
f 1630/895/744 1657/869/718 1656/870/719 1629/896/745
f 1629/896/745 1656/870/719 1655/871/720 1628/897/746
f 1628/897/746 1655/871/720 1654/872/721 1627/898/747
f 1627/898/747 1654/872/721 1653/873/722 1626/899/748
f 1626/899/748 1653/873/722 1652/874/723 1625/900/749
f 1625/900/749 1652/874/723 1651/875/724 1624/901/750
f 1624/901/750 1651/875/724 1650/876/725 1623/902/751
f 1623/902/751 1650/876/725 1649/877/726 1622/903/752
f 1622/903/752 1649/877/726 1648/878/727 1621/904/753
f 1621/904/753 1648/878/727 1647/879/728 1620/905/754
f 1620/905/754 1647/879/728 1646/880/729 1619/906/755
f 1619/906/755 1646/880/729 1644/881/730 1617/907/756
f 1591/73/47 1618/71/45 1643/882/731 1616/908/757
f 1616/908/757 1643/882/731 1642/883/732 1615/909/758
f 1615/909/758 1642/883/732 1641/884/733 1614/910/759
f 1614/910/759 1641/884/733 1640/885/734 1613/911/760
f 1613/911/760 1640/885/734 1639/886/735 1612/912/761
f 1612/912/761 1639/886/735 1638/887/736 1611/913/762
f 1611/913/762 1638/887/736 1637/888/737 1610/914/763
f 1610/914/763 1637/888/737 1636/889/738 1609/915/764
f 1609/915/764 1636/889/738 1635/890/739 1608/916/765
f 1608/916/765 1635/890/739 1634/891/740 1607/917/766
f 1607/917/766 1634/891/740 1633/892/741 1606/918/767
f 1606/918/767 1633/892/741 1632/893/742 1605/919/768
f 1605/919/768 1632/893/742 1631/894/743 1604/920/769
f 1604/920/769 1631/894/743 1630/895/744 1603/921/770
f 1603/921/770 1630/895/744 1629/896/745 1602/922/771
f 1602/922/771 1629/896/745 1628/897/746 1601/923/772
f 1601/923/772 1628/897/746 1627/898/747 1600/924/773
f 1600/924/773 1627/898/747 1626/899/748 1599/925/774
f 1599/925/774 1626/899/748 1625/900/749 1598/926/775
f 1598/926/775 1625/900/749 1624/901/750 1597/927/776
f 1597/927/776 1624/901/750 1623/902/751 1596/928/777
f 1596/928/777 1623/902/751 1622/903/752 1595/929/778
f 1595/929/778 1622/903/752 1621/904/753 1594/930/779
f 1594/930/779 1621/904/753 1620/905/754 1593/931/780
f 1593/931/780 1620/905/754 1619/906/755 1592/932/781
f 1592/932/781 1619/906/755 1617/907/756 1590/933/782
f 1564/75/49 1591/73/47 1616/908/757 1589/934/783
f 1589/934/783 1616/908/757 1615/909/758 1588/935/784
f 1588/935/784 1615/909/758 1614/910/759 1587/936/785
f 1587/936/785 1614/910/759 1613/911/760 1586/937/786
f 1586/937/786 1613/911/760 1612/912/761 1585/938/787
f 1585/938/787 1612/912/761 1611/913/762 1584/939/788
f 1584/939/788 1611/913/762 1610/914/763 1583/940/789
f 1583/940/789 1610/914/763 1609/915/764 1582/941/790
f 1582/941/790 1609/915/764 1608/916/765 1581/942/791
f 1581/942/791 1608/916/765 1607/917/766 1580/943/792
f 1580/943/792 1607/917/766 1606/918/767 1579/944/793
f 1579/944/793 1606/918/767 1605/919/768 1578/945/794
f 1578/945/794 1605/919/768 1604/920/769 1577/946/795
f 1577/946/795 1604/920/769 1603/921/770 1576/947/796
f 1576/947/796 1603/921/770 1602/922/771 1575/948/797
f 1575/948/797 1602/922/771 1601/923/772 1574/949/798
f 1574/949/798 1601/923/772 1600/924/773 1573/950/799
f 1573/950/799 1600/924/773 1599/925/774 1572/951/800
f 1572/951/800 1599/925/774 1598/926/775 1571/952/801
f 1571/952/801 1598/926/775 1597/927/776 1570/953/802
f 1570/953/802 1597/927/776 1596/928/777 1569/954/803
f 1569/954/803 1596/928/777 1595/929/778 1568/955/804
f 1568/955/804 1595/929/778 1594/930/779 1567/956/805
f 1567/956/805 1594/930/779 1593/931/780 1566/957/806
f 1566/957/806 1593/931/780 1592/932/781 1565/958/807
f 1565/958/807 1592/932/781 1590/933/782 1563/959/808
f 1537/77/51 1564/75/49 1589/934/783 1562/960/809
f 1562/960/809 1589/934/783 1588/935/784 1561/961/810
f 1561/961/810 1588/935/784 1587/936/785 1560/962/811
f 1560/962/811 1587/936/785 1586/937/786 1559/963/812
f 1559/963/812 1586/937/786 1585/938/787 1558/964/813
f 1558/964/813 1585/938/787 1584/939/788 1557/965/814
f 1557/965/814 1584/939/788 1583/940/789 1556/966/815
f 1556/966/815 1583/940/789 1582/941/790 1555/967/816
f 1555/967/816 1582/941/790 1581/942/791 1554/968/817
f 1554/968/817 1581/942/791 1580/943/792 1553/969/818
f 1553/969/818 1580/943/792 1579/944/793 1552/970/819
f 1552/970/819 1579/944/793 1578/945/794 1551/971/820
f 1551/971/820 1578/945/794 1577/946/795 1550/972/821
f 1550/972/821 1577/946/795 1576/947/796 1549/973/822
f 1549/973/822 1576/947/796 1575/948/797 1548/974/823
f 1548/974/823 1575/948/797 1574/949/798 1547/975/824
f 1547/975/824 1574/949/798 1573/950/799 1546/976/825
f 1546/976/825 1573/950/799 1572/951/800 1545/977/826
f 1545/977/826 1572/951/800 1571/952/801 1544/978/827
f 1544/978/827 1571/952/801 1570/953/802 1543/979/828
f 1543/979/828 1570/953/802 1569/954/803 1542/980/829
f 1542/980/829 1569/954/803 1568/955/804 1541/981/830
f 1541/981/830 1568/955/804 1567/956/805 1540/982/831
f 1540/982/831 1567/956/805 1566/957/806 1539/983/832
f 1539/983/832 1566/957/806 1565/958/807 1538/984/833
f 1538/984/833 1565/958/807 1563/959/808 1536/985/834
f 1510/79/53 1537/77/51 1562/960/809 1535/986/835
f 1535/986/835 1562/960/809 1561/961/810 1534/987/836
f 1534/987/836 1561/961/810 1560/962/811 1533/988/837
f 1533/988/837 1560/962/811 1559/963/812 1532/989/838
f 1532/989/838 1559/963/812 1558/964/813 1531/990/839
f 1531/990/839 1558/964/813 1557/965/814 1530/991/840
f 1530/991/840 1557/965/814 1556/966/815 1529/992/841
f 1529/992/841 1556/966/815 1555/967/816 1528/993/842
f 1528/993/842 1555/967/816 1554/968/817 1527/994/843
f 1527/994/843 1554/968/817 1553/969/818 1526/995/844
f 1526/995/844 1553/969/818 1552/970/819 1525/996/845
f 1525/996/845 1552/970/819 1551/971/820 1524/997/846
f 1524/997/846 1551/971/820 1550/972/821 1523/998/847
f 1523/998/847 1550/972/821 1549/973/822 1522/999/848
f 1522/999/848 1549/973/822 1548/974/823 1521/1000/849
f 1521/1000/849 1548/974/823 1547/975/824 1520/1001/850
f 1520/1001/850 1547/975/824 1546/976/825 1519/1002/851
f 1519/1002/851 1546/976/825 1545/977/826 1518/1003/9
f 1518/1003/9 1545/977/826 1544/978/827 1517/1004/852
f 1517/1004/852 1544/978/827 1543/979/828 1516/1005/853
f 1516/1005/853 1543/979/828 1542/980/829 1515/1006/854
f 1515/1006/854 1542/980/829 1541/981/830 1514/1007/855
f 1514/1007/855 1541/981/830 1540/982/831 1513/1008/856
f 1513/1008/856 1540/982/831 1539/983/832 1512/1009/857
f 1512/1009/857 1539/983/832 1538/984/833 1511/1010/858
f 1511/1010/858 1538/984/833 1536/985/834 1509/1011/859
f 1483/81/55 1510/79/53 1535/986/835 1508/1012/860
f 1508/1012/860 1535/986/835 1534/987/836 1507/1013/861
f 1507/1013/861 1534/987/836 1533/988/837 1506/1014/862
f 1506/1014/862 1533/988/837 1532/989/838 1505/1015/863
f 1505/1015/863 1532/989/838 1531/990/839 1504/1016/864
f 1504/1016/864 1531/990/839 1530/991/840 1503/1017/865
f 1503/1017/865 1530/991/840 1529/992/841 1502/1018/866
f 1502/1018/866 1529/992/841 1528/993/842 1501/1019/867
f 1501/1019/867 1528/993/842 1527/994/843 1500/1020/868
f 1500/1020/868 1527/994/843 1526/995/844 1499/1021/869
f 1499/1021/869 1526/995/844 1525/996/845 1498/1022/870
f 1498/1022/870 1525/996/845 1524/997/846 1497/1023/871
f 1497/1023/871 1524/997/846 1523/998/847 1496/1024/872
f 1496/1024/872 1523/998/847 1522/999/848 1495/1025/873
f 1495/1025/873 1522/999/848 1521/1000/849 1494/1026/874
f 1494/1026/874 1521/1000/849 1520/1001/850 1493/1027/875
f 1493/1027/875 1520/1001/850 1519/1002/851 1492/1028/876
f 1492/1028/876 1519/1002/851 1518/1003/9 1491/1029/9
f 1491/1029/9 1518/1003/9 1517/1004/852 1490/1030/877
f 1490/1030/877 1517/1004/852 1516/1005/853 1489/1031/878
f 1489/1031/878 1516/1005/853 1515/1006/854 1488/1032/879
f 1488/1032/879 1515/1006/854 1514/1007/855 1487/1033/880
f 1487/1033/880 1514/1007/855 1513/1008/856 1486/1034/881
f 1486/1034/881 1513/1008/856 1512/1009/857 1485/1035/882
f 1485/1035/882 1512/1009/857 1511/1010/858 1484/1036/883
f 1484/1036/883 1511/1010/858 1509/1011/859 1482/1037/884
f 1456/83/57 1483/81/55 1508/1012/860 1481/1038/885
f 1481/1038/885 1508/1012/860 1507/1013/861 1480/1039/886
f 1480/1039/886 1507/1013/861 1506/1014/862 1479/1040/887
f 1479/1040/887 1506/1014/862 1505/1015/863 1478/1041/888
f 1478/1041/888 1505/1015/863 1504/1016/864 1477/1042/889
f 1477/1042/889 1504/1016/864 1503/1017/865 1476/1043/890
f 1476/1043/890 1503/1017/865 1502/1018/866 1475/1044/891
f 1475/1044/891 1502/1018/866 1501/1019/867 1474/1045/892
f 1474/1045/892 1501/1019/867 1500/1020/868 1473/1046/893
f 1473/1046/893 1500/1020/868 1499/1021/869 1472/1047/894
f 1472/1047/894 1499/1021/869 1498/1022/870 1471/1048/895
f 1471/1048/895 1498/1022/870 1497/1023/871 1470/1049/896
f 1470/1049/896 1497/1023/871 1496/1024/872 1469/1050/897
f 1469/1050/897 1496/1024/872 1495/1025/873 1468/1051/898
f 1468/1051/898 1495/1025/873 1494/1026/874 1467/1052/899
f 1467/1052/899 1494/1026/874 1493/1027/875 1466/1053/900
f 1466/1053/900 1493/1027/875 1492/1028/876 1465/1054/9
f 1465/1054/9 1492/1028/876 1491/1029/9 1464/1055/9
f 1464/1055/9 1491/1029/9 1490/1030/877 1463/1056/901
f 1463/1056/901 1490/1030/877 1489/1031/878 1462/1057/902
f 1462/1057/902 1489/1031/878 1488/1032/879 1461/1058/903
f 1461/1058/903 1488/1032/879 1487/1033/880 1460/1059/904
f 1460/1059/904 1487/1033/880 1486/1034/881 1459/1060/905
f 1459/1060/905 1486/1034/881 1485/1035/882 1458/1061/906
f 1458/1061/906 1485/1035/882 1484/1036/883 1457/1062/907
f 1457/1062/907 1484/1036/883 1482/1037/884 1455/1063/908
f 1429/85/59 1456/83/57 1481/1038/885 1454/1064/909
f 1454/1064/909 1481/1038/885 1480/1039/886 1453/1065/910
f 1453/1065/910 1480/1039/886 1479/1040/887 1452/1066/911
f 1452/1066/911 1479/1040/887 1478/1041/888 1451/1067/912
f 1451/1067/912 1478/1041/888 1477/1042/889 1450/1068/913
f 1450/1068/913 1477/1042/889 1476/1043/890 1449/1069/914
f 1449/1069/914 1476/1043/890 1475/1044/891 1448/1070/915
f 1448/1070/915 1475/1044/891 1474/1045/892 1447/1071/916
f 1447/1071/916 1474/1045/892 1473/1046/893 1446/1072/917
f 1446/1072/917 1473/1046/893 1472/1047/894 1445/1073/918
f 1445/1073/918 1472/1047/894 1471/1048/895 1444/1074/919
f 1444/1074/919 1471/1048/895 1470/1049/896 1443/1075/920
f 1443/1075/920 1470/1049/896 1469/1050/897 1442/1076/921
f 1442/1076/921 1469/1050/897 1468/1051/898 1441/1077/922
f 1441/1077/922 1468/1051/898 1467/1052/899 1440/1078/923
f 1440/1078/923 1467/1052/899 1466/1053/900 1439/1079/924
f 1439/1079/924 1466/1053/900 1465/1054/9 1438/1080/9
f 1438/1080/9 1465/1054/9 1464/1055/9 1437/1081/9
f 1437/1081/9 1464/1055/9 1463/1056/901 1436/1082/925
f 1436/1082/925 1463/1056/901 1462/1057/902 1435/1083/926
f 1435/1083/926 1462/1057/902 1461/1058/903 1434/1084/927
f 1434/1084/927 1461/1058/903 1460/1059/904 1433/1085/928
f 1433/1085/928 1460/1059/904 1459/1060/905 1432/1086/929
f 1432/1086/929 1459/1060/905 1458/1061/906 1431/1087/930
f 1431/1087/930 1458/1061/906 1457/1062/907 1430/1088/931
f 1430/1088/931 1457/1062/907 1455/1063/908 1428/1089/932
f 1402/87/61 1429/85/59 1454/1064/909 1427/1090/933
f 1427/1090/933 1454/1064/909 1453/1065/910 1426/1091/934
f 1426/1091/934 1453/1065/910 1452/1066/911 1425/1092/935
f 1425/1092/935 1452/1066/911 1451/1067/912 1424/1093/936
f 1424/1093/936 1451/1067/912 1450/1068/913 1423/1094/937
f 1423/1094/937 1450/1068/913 1449/1069/914 1422/1095/938
f 1422/1095/938 1449/1069/914 1448/1070/915 1421/1096/939
f 1421/1096/939 1448/1070/915 1447/1071/916 1420/1097/940
f 1420/1097/940 1447/1071/916 1446/1072/917 1419/1098/941
f 1419/1098/941 1446/1072/917 1445/1073/918 1418/1099/942
f 1418/1099/942 1445/1073/918 1444/1074/919 1417/1100/943
f 1417/1100/943 1444/1074/919 1443/1075/920 1416/1101/944
f 1416/1101/944 1443/1075/920 1442/1076/921 1415/1102/945
f 1415/1102/945 1442/1076/921 1441/1077/922 1414/1103/946
f 1414/1103/946 1441/1077/922 1440/1078/923 1413/1104/947
f 1413/1104/947 1440/1078/923 1439/1079/924 1412/1105/948
f 1412/1105/948 1439/1079/924 1438/1080/9 1411/1106/9
f 1411/1106/9 1438/1080/9 1437/1081/9 1410/1107/9
f 1410/1107/9 1437/1081/9 1436/1082/925 1409/1108/949
f 1409/1108/949 1436/1082/925 1435/1083/926 1408/1109/950
f 1408/1109/950 1435/1083/926 1434/1084/927 1407/1110/951
f 1407/1110/951 1434/1084/927 1433/1085/928 1406/1111/952
f 1406/1111/952 1433/1085/928 1432/1086/929 1405/1112/953
f 1405/1112/953 1432/1086/929 1431/1087/930 1404/1113/954
f 1404/1113/954 1431/1087/930 1430/1088/931 1403/1114/955
f 1403/1114/955 1430/1088/931 1428/1089/932 1401/1115/956
f 1375/89/63 1402/87/61 1427/1090/933 1400/1116/957
f 1400/1116/957 1427/1090/933 1426/1091/934 1399/1117/958
f 1399/1117/958 1426/1091/934 1425/1092/935 1398/1118/959
f 1398/1118/959 1425/1092/935 1424/1093/936 1397/1119/960
f 1397/1119/960 1424/1093/936 1423/1094/937 1396/1120/961
f 1396/1120/961 1423/1094/937 1422/1095/938 1395/1121/962
f 1395/1121/962 1422/1095/938 1421/1096/939 1394/1122/963
f 1394/1122/963 1421/1096/939 1420/1097/940 1393/1123/964
f 1393/1123/964 1420/1097/940 1419/1098/941 1392/1124/965
f 1392/1124/965 1419/1098/941 1418/1099/942 1391/1125/966
f 1391/1125/966 1418/1099/942 1417/1100/943 1390/1126/967
f 1390/1126/967 1417/1100/943 1416/1101/944 1389/1127/968
f 1389/1127/968 1416/1101/944 1415/1102/945 1388/1128/969
f 1388/1128/969 1415/1102/945 1414/1103/946 1387/1129/970
f 1387/1129/970 1414/1103/946 1413/1104/947 1386/1130/971
f 1386/1130/971 1413/1104/947 1412/1105/948 1385/1131/9
f 1385/1131/9 1412/1105/948 1411/1106/9 1384/1132/9
f 1384/1132/9 1411/1106/9 1410/1107/9 1383/1133/9
f 1383/1133/9 1410/1107/9 1409/1108/949 1382/1134/972
f 1382/1134/972 1409/1108/949 1408/1109/950 1381/1135/973
f 1381/1135/973 1408/1109/950 1407/1110/951 1380/1136/974
f 1380/1136/974 1407/1110/951 1406/1111/952 1379/1137/975
f 1379/1137/975 1406/1111/952 1405/1112/953 1378/1138/976
f 1378/1138/976 1405/1112/953 1404/1113/954 1377/1139/977
f 1377/1139/977 1404/1113/954 1403/1114/955 1376/1140/978
f 1376/1140/978 1403/1114/955 1401/1115/956 1374/1141/979
f 1348/91/65 1375/89/63 1400/1116/957 1373/1142/980
f 1373/1142/980 1400/1116/957 1399/1117/958 1372/1143/981
f 1372/1143/981 1399/1117/958 1398/1118/959 1371/1144/982
f 1371/1144/982 1398/1118/959 1397/1119/960 1370/1145/983
f 1370/1145/983 1397/1119/960 1396/1120/961 1369/1146/984
f 1369/1146/984 1396/1120/961 1395/1121/962 1368/1147/985
f 1368/1147/985 1395/1121/962 1394/1122/963 1367/1148/986
f 1367/1148/986 1394/1122/963 1393/1123/964 1366/1149/987
f 1366/1149/987 1393/1123/964 1392/1124/965 1365/1150/988
f 1365/1150/988 1392/1124/965 1391/1125/966 1364/1151/989
f 1364/1151/989 1391/1125/966 1390/1126/967 1363/1152/990
f 1363/1152/990 1390/1126/967 1389/1127/968 1362/1153/991
f 1362/1153/991 1389/1127/968 1388/1128/969 1361/1154/992
f 1361/1154/992 1388/1128/969 1387/1129/970 1360/1155/993
f 1360/1155/993 1387/1129/970 1386/1130/971 1359/1156/994
f 1359/1156/994 1386/1130/971 1385/1131/9 1358/1157/995
f 1358/1157/995 1385/1131/9 1384/1132/9 1357/1158/9
f 1357/1158/9 1384/1132/9 1383/1133/9 1356/1159/9
f 1356/1159/9 1383/1133/9 1382/1134/972 1355/1160/996
f 1355/1160/996 1382/1134/972 1381/1135/973 1354/1161/997
f 1354/1161/997 1381/1135/973 1380/1136/974 1353/1162/998
f 1353/1162/998 1380/1136/974 1379/1137/975 1352/1163/9
f 1352/1163/9 1379/1137/975 1378/1138/976 1351/1164/999
f 1351/1164/999 1378/1138/976 1377/1139/977 1350/1165/1000
f 1350/1165/1000 1377/1139/977 1376/1140/978 1349/1166/1001
f 1349/1166/1001 1376/1140/978 1374/1141/979 1347/1167/1002
f 1321/93/67 1348/91/65 1373/1142/980 1346/1168/1003
f 1346/1168/1003 1373/1142/980 1372/1143/981 1345/1169/1004
f 1345/1169/1004 1372/1143/981 1371/1144/982 1344/1170/1005
f 1344/1170/1005 1371/1144/982 1370/1145/983 1343/1171/1006
f 1343/1171/1006 1370/1145/983 1369/1146/984 1342/1172/1007
f 1342/1172/1007 1369/1146/984 1368/1147/985 1341/1173/1008
f 1341/1173/1008 1368/1147/985 1367/1148/986 1340/1174/1009
f 1340/1174/1009 1367/1148/986 1366/1149/987 1339/1175/1010
f 1339/1175/1010 1366/1149/987 1365/1150/988 1338/1176/1011
f 1338/1176/1011 1365/1150/988 1364/1151/989 1337/1177/1012
f 1337/1177/1012 1364/1151/989 1363/1152/990 1336/1178/1013
f 1336/1178/1013 1363/1152/990 1362/1153/991 1335/1179/1014
f 1335/1179/1014 1362/1153/991 1361/1154/992 1334/1180/1015
f 1334/1180/1015 1361/1154/992 1360/1155/993 1333/1181/1016
f 1333/1181/1016 1360/1155/993 1359/1156/994 1332/1182/1017
f 1332/1182/1017 1359/1156/994 1358/1157/995 1331/1183/1018
f 1331/1183/1018 1358/1157/995 1357/1158/9 1330/1184/1019
f 1330/1184/1019 1357/1158/9 1356/1159/9 1329/1185/1020
f 1329/1185/1020 1356/1159/9 1355/1160/996 1328/1186/1021
f 1328/1186/1021 1355/1160/996 1354/1161/997 1327/1187/1022
f 1327/1187/1022 1354/1161/997 1353/1162/998 1326/1188/1023
f 1326/1188/1023 1353/1162/998 1352/1163/9 1325/1189/1024
f 1325/1189/1024 1352/1163/9 1351/1164/999 1324/1190/1025
f 1324/1190/1025 1351/1164/999 1350/1165/1000 1323/1191/1026
f 1323/1191/1026 1350/1165/1000 1349/1166/1001 1322/1192/1027
f 1322/1192/1027 1349/1166/1001 1347/1167/1002 1320/1193/1028
f 1294/95/69 1321/93/67 1346/1168/1003 1319/1194/1029
f 1319/1194/1029 1346/1168/1003 1345/1169/1004 1318/1195/1030
f 1318/1195/1030 1345/1169/1004 1344/1170/1005 1317/1196/1031
f 1317/1196/1031 1344/1170/1005 1343/1171/1006 1316/1197/1032
f 1316/1197/1032 1343/1171/1006 1342/1172/1007 1315/1198/1033
f 1315/1198/1033 1342/1172/1007 1341/1173/1008 1314/1199/1034
f 1314/1199/1034 1341/1173/1008 1340/1174/1009 1313/1200/1035
f 1313/1200/1035 1340/1174/1009 1339/1175/1010 1312/1201/1036
f 1312/1201/1036 1339/1175/1010 1338/1176/1011 1311/1202/1037
f 1311/1202/1037 1338/1176/1011 1337/1177/1012 1310/1203/1038
f 1310/1203/1038 1337/1177/1012 1336/1178/1013 1309/1204/1039
f 1309/1204/1039 1336/1178/1013 1335/1179/1014 1308/1205/1040
f 1308/1205/1040 1335/1179/1014 1334/1180/1015 1307/1206/1041
f 1307/1206/1041 1334/1180/1015 1333/1181/1016 1306/1207/1042
f 1306/1207/1042 1333/1181/1016 1332/1182/1017 1305/1208/1043
f 1305/1208/1043 1332/1182/1017 1331/1183/1018 1304/1209/1044
f 1304/1209/1044 1331/1183/1018 1330/1184/1019 1303/1210/1045
f 1303/1210/1045 1330/1184/1019 1329/1185/1020 1302/1211/1046
f 1302/1211/1046 1329/1185/1020 1328/1186/1021 1301/1212/1047
f 1301/1212/1047 1328/1186/1021 1327/1187/1022 1300/1213/1048
f 1300/1213/1048 1327/1187/1022 1326/1188/1023 1299/1214/1049
f 1299/1214/1049 1326/1188/1023 1325/1189/1024 1298/1215/1050
f 1298/1215/1050 1325/1189/1024 1324/1190/1025 1297/1216/1051
f 1297/1216/1051 1324/1190/1025 1323/1191/1026 1296/1217/1052
f 1296/1217/1052 1323/1191/1026 1322/1192/1027 1295/1218/1053
f 1295/1218/1053 1322/1192/1027 1320/1193/1028 1293/1219/1054
f 1267/97/71 1294/95/69 1319/1194/1029 1292/1220/1055
f 1292/1220/1055 1319/1194/1029 1318/1195/1030 1291/1221/1056
f 1291/1221/1056 1318/1195/1030 1317/1196/1031 1290/1222/1057
f 1290/1222/1057 1317/1196/1031 1316/1197/1032 1289/1223/1058
f 1289/1223/1058 1316/1197/1032 1315/1198/1033 1288/1224/1059
f 1288/1224/1059 1315/1198/1033 1314/1199/1034 1287/1225/1060
f 1287/1225/1060 1314/1199/1034 1313/1200/1035 1286/1226/1061
f 1286/1226/1061 1313/1200/1035 1312/1201/1036 1285/1227/1062
f 1285/1227/1062 1312/1201/1036 1311/1202/1037 1284/1228/1063
f 1284/1228/1063 1311/1202/1037 1310/1203/1038 1283/1229/1064
f 1283/1229/1064 1310/1203/1038 1309/1204/1039 1282/1230/1065
f 1282/1230/1065 1309/1204/1039 1308/1205/1040 1281/1231/1066
f 1281/1231/1066 1308/1205/1040 1307/1206/1041 1280/1232/1067
f 1280/1232/1067 1307/1206/1041 1306/1207/1042 1279/1233/1068
f 1279/1233/1068 1306/1207/1042 1305/1208/1043 1278/1234/1069
f 1278/1234/1069 1305/1208/1043 1304/1209/1044 1277/1235/1070
f 1277/1235/1070 1304/1209/1044 1303/1210/1045 1276/1236/1071
f 1276/1236/1071 1303/1210/1045 1302/1211/1046 1275/1237/1072
f 1275/1237/1072 1302/1211/1046 1301/1212/1047 1274/1238/1073
f 1274/1238/1073 1301/1212/1047 1300/1213/1048 1273/1239/1074
f 1273/1239/1074 1300/1213/1048 1299/1214/1049 1272/1240/1075
f 1272/1240/1075 1299/1214/1049 1298/1215/1050 1271/1241/1076
f 1271/1241/1076 1298/1215/1050 1297/1216/1051 1270/1242/1077
f 1270/1242/1077 1297/1216/1051 1296/1217/1052 1269/1243/1078
f 1269/1243/1078 1296/1217/1052 1295/1218/1053 1268/1244/1079
f 1268/1244/1079 1295/1218/1053 1293/1219/1054 1266/1245/1080
f 1240/99/73 1267/97/71 1292/1220/1055 1265/1246/1081
f 1265/1246/1081 1292/1220/1055 1291/1221/1056 1264/1247/1082
f 1264/1247/1082 1291/1221/1056 1290/1222/1057 1263/1248/1083
f 1263/1248/1083 1290/1222/1057 1289/1223/1058 1262/1249/1084
f 1262/1249/1084 1289/1223/1058 1288/1224/1059 1261/1250/1085
f 1261/1250/1085 1288/1224/1059 1287/1225/1060 1260/1251/1086
f 1260/1251/1086 1287/1225/1060 1286/1226/1061 1259/1252/1087
f 1259/1252/1087 1286/1226/1061 1285/1227/1062 1258/1253/1088
f 1258/1253/1088 1285/1227/1062 1284/1228/1063 1257/1254/1089
f 1257/1254/1089 1284/1228/1063 1283/1229/1064 1256/1255/1090
f 1256/1255/1090 1283/1229/1064 1282/1230/1065 1255/1256/1091
f 1255/1256/1091 1282/1230/1065 1281/1231/1066 1254/1257/1092
f 1254/1257/1092 1281/1231/1066 1280/1232/1067 1253/1258/1093
f 1253/1258/1093 1280/1232/1067 1279/1233/1068 1252/1259/1094
f 1252/1259/1094 1279/1233/1068 1278/1234/1069 1251/1260/1095
f 1251/1260/1095 1278/1234/1069 1277/1235/1070 1250/1261/1096
f 1250/1261/1096 1277/1235/1070 1276/1236/1071 1249/1262/1097
f 1249/1262/1097 1276/1236/1071 1275/1237/1072 1248/1263/1098
f 1248/1263/1098 1275/1237/1072 1274/1238/1073 1247/1264/1099
f 1247/1264/1099 1274/1238/1073 1273/1239/1074 1246/1265/1100
f 1246/1265/1100 1273/1239/1074 1272/1240/1075 1245/1266/1101
f 1245/1266/1101 1272/1240/1075 1271/1241/1076 1244/1267/1102
f 1244/1267/1102 1271/1241/1076 1270/1242/1077 1243/1268/1103
f 1243/1268/1103 1270/1242/1077 1269/1243/1078 1242/1269/1104
f 1242/1269/1104 1269/1243/1078 1268/1244/1079 1241/1270/1105
f 1241/1270/1105 1268/1244/1079 1266/1245/1080 1239/1271/1106
f 1213/101/75 1240/99/73 1265/1246/1081 1238/1272/1107
f 1238/1272/1107 1265/1246/1081 1264/1247/1082 1237/1273/1108
f 1237/1273/1108 1264/1247/1082 1263/1248/1083 1236/1274/1109
f 1236/1274/1109 1263/1248/1083 1262/1249/1084 1235/1275/1110
f 1235/1275/1110 1262/1249/1084 1261/1250/1085 1234/1276/1111
f 1234/1276/1111 1261/1250/1085 1260/1251/1086 1233/1277/1112
f 1233/1277/1112 1260/1251/1086 1259/1252/1087 1232/1278/1113
f 1232/1278/1113 1259/1252/1087 1258/1253/1088 1231/1279/1114
f 1231/1279/1114 1258/1253/1088 1257/1254/1089 1230/1280/1115
f 1230/1280/1115 1257/1254/1089 1256/1255/1090 1229/1281/1116
f 1229/1281/1116 1256/1255/1090 1255/1256/1091 1228/1282/1117
f 1228/1282/1117 1255/1256/1091 1254/1257/1092 1227/1283/1118
f 1227/1283/1118 1254/1257/1092 1253/1258/1093 1226/1284/1119
f 1226/1284/1119 1253/1258/1093 1252/1259/1094 1225/1285/1120
f 1225/1285/1120 1252/1259/1094 1251/1260/1095 1224/1286/1121
f 1224/1286/1121 1251/1260/1095 1250/1261/1096 1223/1287/1122
f 1223/1287/1122 1250/1261/1096 1249/1262/1097 1222/1288/1123
f 1222/1288/1123 1249/1262/1097 1248/1263/1098 1221/1289/9
f 1221/1289/9 1248/1263/1098 1247/1264/1099 1220/1290/1124
f 1220/1290/1124 1247/1264/1099 1246/1265/1100 1219/1291/1125
f 1219/1291/1125 1246/1265/1100 1245/1266/1101 1218/1292/1126
f 1218/1292/1126 1245/1266/1101 1244/1267/1102 1217/1293/1127
f 1217/1293/1127 1244/1267/1102 1243/1268/1103 1216/1294/1128
f 1216/1294/1128 1243/1268/1103 1242/1269/1104 1215/1295/1129
f 1215/1295/1129 1242/1269/1104 1241/1270/1105 1214/1296/1130
f 1214/1296/1130 1241/1270/1105 1239/1271/1106 1212/1297/1131
f 1186/103/77 1213/101/75 1238/1272/1107 1211/1298/1132
f 1211/1298/1132 1238/1272/1107 1237/1273/1108 1210/1299/1133
f 1210/1299/1133 1237/1273/1108 1236/1274/1109 1209/1300/1134
f 1209/1300/1134 1236/1274/1109 1235/1275/1110 1208/1301/1135
f 1208/1301/1135 1235/1275/1110 1234/1276/1111 1207/1302/1136
f 1207/1302/1136 1234/1276/1111 1233/1277/1112 1206/1303/1137
f 1206/1303/1137 1233/1277/1112 1232/1278/1113 1205/1304/1138
f 1205/1304/1138 1232/1278/1113 1231/1279/1114 1204/1305/1139
f 1204/1305/1139 1231/1279/1114 1230/1280/1115 1203/1306/1140
f 1203/1306/1140 1230/1280/1115 1229/1281/1116 1202/1307/1141
f 1202/1307/1141 1229/1281/1116 1228/1282/1117 1201/1308/1142
f 1201/1308/1142 1228/1282/1117 1227/1283/1118 1200/1309/1143
f 1200/1309/1143 1227/1283/1118 1226/1284/1119 1199/1310/1144
f 1199/1310/1144 1226/1284/1119 1225/1285/1120 1198/1311/1145
f 1198/1311/1145 1225/1285/1120 1224/1286/1121 1197/1312/1146
f 1197/1312/1146 1224/1286/1121 1223/1287/1122 1196/1313/1147
f 1196/1313/1147 1223/1287/1122 1222/1288/1123 1195/1314/1148
f 1195/1314/1148 1222/1288/1123 1221/1289/9 1194/1315/9
f 1194/1315/9 1221/1289/9 1220/1290/1124 1193/1316/1149
f 1193/1316/1149 1220/1290/1124 1219/1291/1125 1192/1317/1150
f 1192/1317/1150 1219/1291/1125 1218/1292/1126 1191/1318/1151
f 1191/1318/1151 1218/1292/1126 1217/1293/1127 1190/1319/1152
f 1190/1319/1152 1217/1293/1127 1216/1294/1128 1189/1320/1153
f 1189/1320/1153 1216/1294/1128 1215/1295/1129 1188/1321/1154
f 1188/1321/1154 1215/1295/1129 1214/1296/1130 1187/1322/1155
f 1187/1322/1155 1214/1296/1130 1212/1297/1131 1185/1323/1156
f 1159/105/79 1186/103/77 1211/1298/1132 1184/1324/1157
f 1184/1324/1157 1211/1298/1132 1210/1299/1133 1183/1325/1158
f 1183/1325/1158 1210/1299/1133 1209/1300/1134 1182/1326/1159
f 1182/1326/1159 1209/1300/1134 1208/1301/1135 1181/1327/1160
f 1181/1327/1160 1208/1301/1135 1207/1302/1136 1180/1328/1161
f 1180/1328/1161 1207/1302/1136 1206/1303/1137 1179/1329/1162
f 1179/1329/1162 1206/1303/1137 1205/1304/1138 1178/1330/1163
f 1178/1330/1163 1205/1304/1138 1204/1305/1139 1177/1331/1164
f 1177/1331/1164 1204/1305/1139 1203/1306/1140 1176/1332/1165
f 1176/1332/1165 1203/1306/1140 1202/1307/1141 1175/1333/1166
f 1175/1333/1166 1202/1307/1141 1201/1308/1142 1174/1334/1167
f 1174/1334/1167 1201/1308/1142 1200/1309/1143 1173/1335/1168
f 1173/1335/1168 1200/1309/1143 1199/1310/1144 1172/1336/1169
f 1172/1336/1169 1199/1310/1144 1198/1311/1145 1171/1337/1170
f 1171/1337/1170 1198/1311/1145 1197/1312/1146 1170/1338/1171
f 1170/1338/1171 1197/1312/1146 1196/1313/1147 1169/1339/1172
f 1169/1339/1172 1196/1313/1147 1195/1314/1148 1168/1340/1173
f 1168/1340/1173 1195/1314/1148 1194/1315/9 1167/1341/1174
f 1167/1341/1174 1194/1315/9 1193/1316/1149 1166/1342/1175
f 1166/1342/1175 1193/1316/1149 1192/1317/1150 1165/1343/1176
f 1165/1343/1176 1192/1317/1150 1191/1318/1151 1164/1344/1177
f 1164/1344/1177 1191/1318/1151 1190/1319/1152 1163/1345/1178
f 1163/1345/1178 1190/1319/1152 1189/1320/1153 1162/1346/1179
f 1162/1346/1179 1189/1320/1153 1188/1321/1154 1161/1347/1180
f 1161/1347/1180 1188/1321/1154 1187/1322/1155 1160/1348/1181
f 1160/1348/1181 1187/1322/1155 1185/1323/1156 1158/1349/1182
f 1132/107/81 1159/105/79 1184/1324/1157 1157/1350/1183
f 1157/1350/1183 1184/1324/1157 1183/1325/1158 1156/1351/1184
f 1156/1351/1184 1183/1325/1158 1182/1326/1159 1155/1352/1185
f 1155/1352/1185 1182/1326/1159 1181/1327/1160 1154/1353/1186
f 1154/1353/1186 1181/1327/1160 1180/1328/1161 1153/1354/1187
f 1153/1354/1187 1180/1328/1161 1179/1329/1162 1152/1355/1188
f 1152/1355/1188 1179/1329/1162 1178/1330/1163 1151/1356/1189
f 1151/1356/1189 1178/1330/1163 1177/1331/1164 1150/1357/1190
f 1150/1357/1190 1177/1331/1164 1176/1332/1165 1149/1358/1191
f 1149/1358/1191 1176/1332/1165 1175/1333/1166 1148/1359/1192
f 1148/1359/1192 1175/1333/1166 1174/1334/1167 1147/1360/1193
f 1147/1360/1193 1174/1334/1167 1173/1335/1168 1146/1361/1194
f 1146/1361/1194 1173/1335/1168 1172/1336/1169 1145/1362/1195
f 1145/1362/1195 1172/1336/1169 1171/1337/1170 1144/1363/1196
f 1144/1363/1196 1171/1337/1170 1170/1338/1171 1143/1364/1197
f 1143/1364/1197 1170/1338/1171 1169/1339/1172 1142/1365/1198
f 1142/1365/1198 1169/1339/1172 1168/1340/1173 1141/1366/1199
f 1141/1366/1199 1168/1340/1173 1167/1341/1174 1140/1367/1200
f 1140/1367/1200 1167/1341/1174 1166/1342/1175 1139/1368/1201
f 1139/1368/1201 1166/1342/1175 1165/1343/1176 1138/1369/1202
f 1138/1369/1202 1165/1343/1176 1164/1344/1177 1137/1370/1203
f 1137/1370/1203 1164/1344/1177 1163/1345/1178 1136/1371/1204
f 1136/1371/1204 1163/1345/1178 1162/1346/1179 1135/1372/1205
f 1135/1372/1205 1162/1346/1179 1161/1347/1180 1134/1373/1206
f 1134/1373/1206 1161/1347/1180 1160/1348/1181 1133/1374/1207
f 1133/1374/1207 1160/1348/1181 1158/1349/1182 1131/1375/1208
f 1105/109/83 1132/107/81 1157/1350/1183 1130/1376/1209
f 1130/1376/1209 1157/1350/1183 1156/1351/1184 1129/1377/1210
f 1129/1377/1210 1156/1351/1184 1155/1352/1185 1128/1378/1211
f 1128/1378/1211 1155/1352/1185 1154/1353/1186 1127/1379/1212
f 1127/1379/1212 1154/1353/1186 1153/1354/1187 1126/1380/1213
f 1126/1380/1213 1153/1354/1187 1152/1355/1188 1125/1381/1214
f 1125/1381/1214 1152/1355/1188 1151/1356/1189 1124/1382/1215
f 1124/1382/1215 1151/1356/1189 1150/1357/1190 1123/1383/1216
f 1123/1383/1216 1150/1357/1190 1149/1358/1191 1122/1384/1217
f 1122/1384/1217 1149/1358/1191 1148/1359/1192 1121/1385/1218
f 1121/1385/1218 1148/1359/1192 1147/1360/1193 1120/1386/1219
f 1120/1386/1219 1147/1360/1193 1146/1361/1194 1119/1387/1220
f 1119/1387/1220 1146/1361/1194 1145/1362/1195 1118/1388/1221
f 1118/1388/1221 1145/1362/1195 1144/1363/1196 1117/1389/1222
f 1117/1389/1222 1144/1363/1196 1143/1364/1197 1116/1390/1223
f 1116/1390/1223 1143/1364/1197 1142/1365/1198 1115/1391/1224
f 1115/1391/1224 1142/1365/1198 1141/1366/1199 1114/1392/1225
f 1114/1392/1225 1141/1366/1199 1140/1367/1200 1113/1393/1226
f 1113/1393/1226 1140/1367/1200 1139/1368/1201 1112/1394/1227
f 1112/1394/1227 1139/1368/1201 1138/1369/1202 1111/1395/1228
f 1111/1395/1228 1138/1369/1202 1137/1370/1203 1110/1396/1229
f 1110/1396/1229 1137/1370/1203 1136/1371/1204 1109/1397/1230
f 1109/1397/1230 1136/1371/1204 1135/1372/1205 1108/1398/1231
f 1108/1398/1231 1135/1372/1205 1134/1373/1206 1107/1399/1232
f 1107/1399/1232 1134/1373/1206 1133/1374/1207 1106/1400/1233
f 1106/1400/1233 1133/1374/1207 1131/1375/1208 1104/1401/1234
f 1078/111/85 1105/109/83 1130/1376/1209 1103/1402/1235
f 1103/1402/1235 1130/1376/1209 1129/1377/1210 1102/1403/1236
f 1102/1403/1236 1129/1377/1210 1128/1378/1211 1101/1404/1237
f 1101/1404/1237 1128/1378/1211 1127/1379/1212 1100/1405/1238
f 1100/1405/1238 1127/1379/1212 1126/1380/1213 1099/1406/1239
f 1099/1406/1239 1126/1380/1213 1125/1381/1214 1098/1407/1240
f 1098/1407/1240 1125/1381/1214 1124/1382/1215 1097/1408/1241
f 1097/1408/1241 1124/1382/1215 1123/1383/1216 1096/1409/1242
f 1096/1409/1242 1123/1383/1216 1122/1384/1217 1095/1410/1243
f 1095/1410/1243 1122/1384/1217 1121/1385/1218 1094/1411/1244
f 1094/1411/1244 1121/1385/1218 1120/1386/1219 1093/1412/1245
f 1093/1412/1245 1120/1386/1219 1119/1387/1220 1092/1413/1246
f 1092/1413/1246 1119/1387/1220 1118/1388/1221 1091/1414/1247
f 1091/1414/1247 1118/1388/1221 1117/1389/1222 1090/1415/1248
f 1090/1415/1248 1117/1389/1222 1116/1390/1223 1089/1416/1249
f 1089/1416/1249 1116/1390/1223 1115/1391/1224 1088/1417/1250
f 1088/1417/1250 1115/1391/1224 1114/1392/1225 1087/1418/1251
f 1087/1418/1251 1114/1392/1225 1113/1393/1226 1086/1419/1252
f 1086/1419/1252 1113/1393/1226 1112/1394/1227 1085/1420/1253
f 1085/1420/1253 1112/1394/1227 1111/1395/1228 1084/1421/1254
f 1084/1421/1254 1111/1395/1228 1110/1396/1229 1083/1422/1255
f 1083/1422/1255 1110/1396/1229 1109/1397/1230 1082/1423/1256
f 1082/1423/1256 1109/1397/1230 1108/1398/1231 1081/1424/1257
f 1081/1424/1257 1108/1398/1231 1107/1399/1232 1080/1425/1258
f 1080/1425/1258 1107/1399/1232 1106/1400/1233 1079/1426/1259
f 1079/1426/1259 1106/1400/1233 1104/1401/1234 1077/1427/1260
f 1051/113/87 1078/111/85 1103/1402/1235 1076/1428/1261
f 1076/1428/1261 1103/1402/1235 1102/1403/1236 1075/1429/1262
f 1075/1429/1262 1102/1403/1236 1101/1404/1237 1074/1430/1263
f 1074/1430/1263 1101/1404/1237 1100/1405/1238 1073/1431/1264
f 1073/1431/1264 1100/1405/1238 1099/1406/1239 1072/1432/1265
f 1072/1432/1265 1099/1406/1239 1098/1407/1240 1071/1433/1266
f 1071/1433/1266 1098/1407/1240 1097/1408/1241 1070/1434/1267
f 1070/1434/1267 1097/1408/1241 1096/1409/1242 1069/1435/1268
f 1069/1435/1268 1096/1409/1242 1095/1410/1243 1068/1436/1269
f 1068/1436/1269 1095/1410/1243 1094/1411/1244 1067/1437/1270
f 1067/1437/1270 1094/1411/1244 1093/1412/1245 1066/1438/1271
f 1066/1438/1271 1093/1412/1245 1092/1413/1246 1065/1439/1272
f 1065/1439/1272 1092/1413/1246 1091/1414/1247 1064/1440/1273
f 1064/1440/1273 1091/1414/1247 1090/1415/1248 1063/1441/1274
f 1063/1441/1274 1090/1415/1248 1089/1416/1249 1062/1442/1275
f 1062/1442/1275 1089/1416/1249 1088/1417/1250 1061/1443/1276
f 1061/1443/1276 1088/1417/1250 1087/1418/1251 1060/1444/1277
f 1060/1444/1277 1087/1418/1251 1086/1419/1252 1059/1445/1278
f 1059/1445/1278 1086/1419/1252 1085/1420/1253 1058/1446/1279
f 1058/1446/1279 1085/1420/1253 1084/1421/1254 1057/1447/1280
f 1057/1447/1280 1084/1421/1254 1083/1422/1255 1056/1448/1281
f 1056/1448/1281 1083/1422/1255 1082/1423/1256 1055/1449/1282
f 1055/1449/1282 1082/1423/1256 1081/1424/1257 1054/1450/1283
f 1054/1450/1283 1081/1424/1257 1080/1425/1258 1053/1451/1284
f 1053/1451/1284 1080/1425/1258 1079/1426/1259 1052/1452/1285
f 1052/1452/1285 1079/1426/1259 1077/1427/1260 1050/1453/1286
f 1024/115/89 1051/113/87 1076/1428/1261 1049/1454/1287
f 1049/1454/1287 1076/1428/1261 1075/1429/1262 1048/1455/1288
f 1048/1455/1288 1075/1429/1262 1074/1430/1263 1047/1456/1289
f 1047/1456/1289 1074/1430/1263 1073/1431/1264 1046/1457/1290
f 1046/1457/1290 1073/1431/1264 1072/1432/1265 1045/1458/1291
f 1045/1458/1291 1072/1432/1265 1071/1433/1266 1044/1459/1292
f 1044/1459/1292 1071/1433/1266 1070/1434/1267 1043/1460/1293
f 1043/1460/1293 1070/1434/1267 1069/1435/1268 1042/1461/1294
f 1042/1461/1294 1069/1435/1268 1068/1436/1269 1041/1462/1295
f 1041/1462/1295 1068/1436/1269 1067/1437/1270 1040/1463/1296
f 1040/1463/1296 1067/1437/1270 1066/1438/1271 1039/1464/1297
f 1039/1464/1297 1066/1438/1271 1065/1439/1272 1038/1465/1298
f 1038/1465/1298 1065/1439/1272 1064/1440/1273 1037/1466/1299
f 1037/1466/1299 1064/1440/1273 1063/1441/1274 1036/1467/1300
f 1036/1467/1300 1063/1441/1274 1062/1442/1275 1035/1468/1301
f 1035/1468/1301 1062/1442/1275 1061/1443/1276 1034/1469/1302
f 1034/1469/1302 1061/1443/1276 1060/1444/1277 1033/1470/1303
f 1033/1470/1303 1060/1444/1277 1059/1445/1278 1032/1471/1304
f 1032/1471/1304 1059/1445/1278 1058/1446/1279 1031/1472/1305
f 1031/1472/1305 1058/1446/1279 1057/1447/1280 1030/1473/1306
f 1030/1473/1306 1057/1447/1280 1056/1448/1281 1029/1474/1307
f 1029/1474/1307 1056/1448/1281 1055/1449/1282 1028/1475/1308
f 1028/1475/1308 1055/1449/1282 1054/1450/1283 1027/1476/1309
f 1027/1476/1309 1054/1450/1283 1053/1451/1284 1026/1477/1310
f 1026/1477/1310 1053/1451/1284 1052/1452/1285 1025/1478/1311
f 1025/1478/1311 1052/1452/1285 1050/1453/1286 1023/1479/1312
f 997/117/91 1024/115/89 1049/1454/1287 1022/1480/1313
f 1022/1480/1313 1049/1454/1287 1048/1455/1288 1021/1481/1314
f 1021/1481/1314 1048/1455/1288 1047/1456/1289 1020/1482/1315
f 1020/1482/1315 1047/1456/1289 1046/1457/1290 1019/1483/1316
f 1019/1483/1316 1046/1457/1290 1045/1458/1291 1018/1484/1317
f 1018/1484/1317 1045/1458/1291 1044/1459/1292 1017/1485/1318
f 1017/1485/1318 1044/1459/1292 1043/1460/1293 1016/1486/1319
f 1016/1486/1319 1043/1460/1293 1042/1461/1294 1015/1487/1320
f 1015/1487/1320 1042/1461/1294 1041/1462/1295 1014/1488/1321
f 1014/1488/1321 1041/1462/1295 1040/1463/1296 1013/1489/1322
f 1013/1489/1322 1040/1463/1296 1039/1464/1297 1012/1490/1323
f 1012/1490/1323 1039/1464/1297 1038/1465/1298 1011/1491/1324
f 1011/1491/1324 1038/1465/1298 1037/1466/1299 1010/1492/1325
f 1010/1492/1325 1037/1466/1299 1036/1467/1300 1009/1493/1326
f 1009/1493/1326 1036/1467/1300 1035/1468/1301 1008/1494/1327
f 1008/1494/1327 1035/1468/1301 1034/1469/1302 1007/1495/1328
f 1007/1495/1328 1034/1469/1302 1033/1470/1303 1006/1496/1329
f 1006/1496/1329 1033/1470/1303 1032/1471/1304 1005/1497/1330
f 1005/1497/1330 1032/1471/1304 1031/1472/1305 1004/1498/1331
f 1004/1498/1331 1031/1472/1305 1030/1473/1306 1003/1499/1332
f 1003/1499/1332 1030/1473/1306 1029/1474/1307 1002/1500/1333
f 1002/1500/1333 1029/1474/1307 1028/1475/1308 1001/1501/1334
f 1001/1501/1334 1028/1475/1308 1027/1476/1309 1000/1502/1335
f 1000/1502/1335 1027/1476/1309 1026/1477/1310 999/1503/1336
f 999/1503/1336 1026/1477/1310 1025/1478/1311 998/1504/1337
f 998/1504/1337 1025/1478/1311 1023/1479/1312 996/1505/1338
f 970/119/93 997/117/91 1022/1480/1313 995/1506/1339
f 995/1506/1339 1022/1480/1313 1021/1481/1314 994/1507/1340
f 994/1507/1340 1021/1481/1314 1020/1482/1315 993/1508/1341
f 993/1508/1341 1020/1482/1315 1019/1483/1316 992/1509/1342
f 992/1509/1342 1019/1483/1316 1018/1484/1317 991/1510/1343
f 991/1510/1343 1018/1484/1317 1017/1485/1318 990/1511/1344
f 990/1511/1344 1017/1485/1318 1016/1486/1319 989/1512/1345
f 989/1512/1345 1016/1486/1319 1015/1487/1320 988/1513/1346
f 988/1513/1346 1015/1487/1320 1014/1488/1321 987/1514/1347
f 987/1514/1347 1014/1488/1321 1013/1489/1322 986/1515/1348
f 986/1515/1348 1013/1489/1322 1012/1490/1323 985/1516/1349
f 985/1516/1349 1012/1490/1323 1011/1491/1324 984/1517/1350
f 984/1517/1350 1011/1491/1324 1010/1492/1325 983/1518/1351
f 983/1518/1351 1010/1492/1325 1009/1493/1326 982/1519/1352
f 982/1519/1352 1009/1493/1326 1008/1494/1327 981/1520/1353
f 981/1520/1353 1008/1494/1327 1007/1495/1328 980/1521/1354
f 980/1521/1354 1007/1495/1328 1006/1496/1329 979/1522/1355
f 979/1522/1355 1006/1496/1329 1005/1497/1330 978/1523/1356
f 978/1523/1356 1005/1497/1330 1004/1498/1331 977/1524/1357
f 977/1524/1357 1004/1498/1331 1003/1499/1332 976/1525/1358
f 976/1525/1358 1003/1499/1332 1002/1500/1333 975/1526/1359
f 975/1526/1359 1002/1500/1333 1001/1501/1334 974/1527/1360
f 974/1527/1360 1001/1501/1334 1000/1502/1335 973/1528/1361
f 973/1528/1361 1000/1502/1335 999/1503/1336 972/1529/1362
f 972/1529/1362 999/1503/1336 998/1504/1337 971/1530/1363
f 971/1530/1363 998/1504/1337 996/1505/1338 969/1531/1364
f 943/121/95 970/119/93 995/1506/1339 968/1532/1365
f 968/1532/1365 995/1506/1339 994/1507/1340 967/1533/1366
f 967/1533/1366 994/1507/1340 993/1508/1341 966/1534/1367
f 966/1534/1367 993/1508/1341 992/1509/1342 965/1535/1368
f 965/1535/1368 992/1509/1342 991/1510/1343 964/1536/1369
f 964/1536/1369 991/1510/1343 990/1511/1344 963/1537/1370
f 963/1537/1370 990/1511/1344 989/1512/1345 962/1538/1371
f 962/1538/1371 989/1512/1345 988/1513/1346 961/1539/1372
f 961/1539/1372 988/1513/1346 987/1514/1347 960/1540/1373
f 960/1540/1373 987/1514/1347 986/1515/1348 959/1541/1374
f 959/1541/1374 986/1515/1348 985/1516/1349 958/1542/1375
f 958/1542/1375 985/1516/1349 984/1517/1350 957/1543/1376
f 957/1543/1376 984/1517/1350 983/1518/1351 956/1544/1377
f 956/1544/1377 983/1518/1351 982/1519/1352 955/1545/1378
f 955/1545/1378 982/1519/1352 981/1520/1353 954/1546/1379
f 954/1546/1379 981/1520/1353 980/1521/1354 953/1547/1380
f 953/1547/1380 980/1521/1354 979/1522/1355 952/1548/1381
f 952/1548/1381 979/1522/1355 978/1523/1356 951/1549/1382
f 951/1549/1382 978/1523/1356 977/1524/1357 950/1550/1383
f 950/1550/1383 977/1524/1357 976/1525/1358 949/1551/1384
f 949/1551/1384 976/1525/1358 975/1526/1359 948/1552/1385
f 948/1552/1385 975/1526/1359 974/1527/1360 947/1553/1386
f 947/1553/1386 974/1527/1360 973/1528/1361 946/1554/1387
f 946/1554/1387 973/1528/1361 972/1529/1362 945/1555/1388
f 945/1555/1388 972/1529/1362 971/1530/1363 944/1556/1389
f 944/1556/1389 971/1530/1363 969/1531/1364 942/1557/1390
f 916/123/97 943/121/95 968/1532/1365 941/1558/1391
f 941/1558/1391 968/1532/1365 967/1533/1366 940/1559/1392
f 940/1559/1392 967/1533/1366 966/1534/1367 939/1560/1393
f 939/1560/1393 966/1534/1367 965/1535/1368 938/1561/1394
f 938/1561/1394 965/1535/1368 964/1536/1369 937/1562/1395
f 937/1562/1395 964/1536/1369 963/1537/1370 936/1563/1396
f 936/1563/1396 963/1537/1370 962/1538/1371 935/1564/1397
f 935/1564/1397 962/1538/1371 961/1539/1372 934/1565/1398
f 934/1565/1398 961/1539/1372 960/1540/1373 933/1566/1399
f 933/1566/1399 960/1540/1373 959/1541/1374 932/1567/1400
f 932/1567/1400 959/1541/1374 958/1542/1375 931/1568/1401
f 931/1568/1401 958/1542/1375 957/1543/1376 930/1569/1402
f 930/1569/1402 957/1543/1376 956/1544/1377 929/1570/1403
f 929/1570/1403 956/1544/1377 955/1545/1378 928/1571/1404
f 928/1571/1404 955/1545/1378 954/1546/1379 927/1572/1405
f 927/1572/1405 954/1546/1379 953/1547/1380 926/1573/1406
f 926/1573/1406 953/1547/1380 952/1548/1381 925/1574/1407
f 925/1574/1407 952/1548/1381 951/1549/1382 924/1575/1408
f 924/1575/1408 951/1549/1382 950/1550/1383 923/1576/1409
f 923/1576/1409 950/1550/1383 949/1551/1384 922/1577/1410
f 922/1577/1410 949/1551/1384 948/1552/1385 921/1578/1411
f 921/1578/1411 948/1552/1385 947/1553/1386 920/1579/1412
f 920/1579/1412 947/1553/1386 946/1554/1387 919/1580/1413
f 919/1580/1413 946/1554/1387 945/1555/1388 918/1581/1414
f 918/1581/1414 945/1555/1388 944/1556/1389 917/1582/1415
f 917/1582/1415 944/1556/1389 942/1557/1390 915/1583/1416
f 889/125/99 916/123/97 941/1558/1391 914/1584/1417
f 914/1584/1417 941/1558/1391 940/1559/1392 913/1585/1418
f 913/1585/1418 940/1559/1392 939/1560/1393 912/1586/1419
f 912/1586/1419 939/1560/1393 938/1561/1394 911/1587/1420
f 911/1587/1420 938/1561/1394 937/1562/1395 910/1588/1421
f 910/1588/1421 937/1562/1395 936/1563/1396 909/1589/1422
f 909/1589/1422 936/1563/1396 935/1564/1397 908/1590/1423
f 908/1590/1423 935/1564/1397 934/1565/1398 907/1591/1424
f 907/1591/1424 934/1565/1398 933/1566/1399 906/1592/1425
f 906/1592/1425 933/1566/1399 932/1567/1400 905/1593/1426
f 905/1593/1426 932/1567/1400 931/1568/1401 904/1594/1427
f 904/1594/1427 931/1568/1401 930/1569/1402 903/1595/1428
f 903/1595/1428 930/1569/1402 929/1570/1403 902/1596/1429
f 902/1596/1429 929/1570/1403 928/1571/1404 901/1597/1430
f 901/1597/1430 928/1571/1404 927/1572/1405 900/1598/1431
f 900/1598/1431 927/1572/1405 926/1573/1406 899/1599/1432
f 899/1599/1432 926/1573/1406 925/1574/1407 898/1600/1433
f 898/1600/1433 925/1574/1407 924/1575/1408 897/1601/1434
f 897/1601/1434 924/1575/1408 923/1576/1409 896/1602/1435
f 896/1602/1435 923/1576/1409 922/1577/1410 895/1603/1436
f 895/1603/1436 922/1577/1410 921/1578/1411 894/1604/1437
f 894/1604/1437 921/1578/1411 920/1579/1412 893/1605/1438
f 893/1605/1438 920/1579/1412 919/1580/1413 892/1606/1439
f 892/1606/1439 919/1580/1413 918/1581/1414 891/1607/1440
f 891/1607/1440 918/1581/1414 917/1582/1415 890/1608/1441
f 890/1608/1441 917/1582/1415 915/1583/1416 888/1609/1442
f 862/127/101 889/125/99 914/1584/1417 887/1610/1443
f 887/1610/1443 914/1584/1417 913/1585/1418 886/1611/1444
f 886/1611/1444 913/1585/1418 912/1586/1419 885/1612/1445
f 885/1612/1445 912/1586/1419 911/1587/1420 884/1613/1446
f 884/1613/1446 911/1587/1420 910/1588/1421 883/1614/1447
f 883/1614/1447 910/1588/1421 909/1589/1422 882/1615/1448
f 882/1615/1448 909/1589/1422 908/1590/1423 881/1616/1449
f 881/1616/1449 908/1590/1423 907/1591/1424 880/1617/1450
f 880/1617/1450 907/1591/1424 906/1592/1425 879/1618/1451
f 879/1618/1451 906/1592/1425 905/1593/1426 878/1619/1452
f 878/1619/1452 905/1593/1426 904/1594/1427 877/1620/1453
f 877/1620/1453 904/1594/1427 903/1595/1428 876/1621/1454
f 876/1621/1454 903/1595/1428 902/1596/1429 875/1622/1455
f 875/1622/1455 902/1596/1429 901/1597/1430 874/1623/1456
f 874/1623/1456 901/1597/1430 900/1598/1431 873/1624/1457
f 873/1624/1457 900/1598/1431 899/1599/1432 872/1625/1458
f 872/1625/1458 899/1599/1432 898/1600/1433 871/1626/1459
f 871/1626/1459 898/1600/1433 897/1601/1434 870/1627/1460
f 870/1627/1460 897/1601/1434 896/1602/1435 869/1628/1461
f 869/1628/1461 896/1602/1435 895/1603/1436 868/1629/1462
f 868/1629/1462 895/1603/1436 894/1604/1437 867/1630/1463
f 867/1630/1463 894/1604/1437 893/1605/1438 866/1631/1464
f 866/1631/1464 893/1605/1438 892/1606/1439 865/1632/1465
f 865/1632/1465 892/1606/1439 891/1607/1440 864/1633/1466
f 864/1633/1466 891/1607/1440 890/1608/1441 863/1634/1467
f 863/1634/1467 890/1608/1441 888/1609/1442 861/1635/1468
f 835/129/103 862/127/101 887/1610/1443 860/1636/1469
f 860/1636/1469 887/1610/1443 886/1611/1444 859/1637/1470
f 859/1637/1470 886/1611/1444 885/1612/1445 858/1638/1471
f 858/1638/1471 885/1612/1445 884/1613/1446 857/1639/1472
f 857/1639/1472 884/1613/1446 883/1614/1447 856/1640/1473
f 856/1640/1473 883/1614/1447 882/1615/1448 855/1641/1474
f 855/1641/1474 882/1615/1448 881/1616/1449 854/1642/1475
f 854/1642/1475 881/1616/1449 880/1617/1450 853/1643/1476
f 853/1643/1476 880/1617/1450 879/1618/1451 852/1644/1477
f 852/1644/1477 879/1618/1451 878/1619/1452 851/1645/1478
f 851/1645/1478 878/1619/1452 877/1620/1453 850/1646/1479
f 850/1646/1479 877/1620/1453 876/1621/1454 849/1647/1480
f 849/1647/1480 876/1621/1454 875/1622/1455 848/1648/1481
f 848/1648/1481 875/1622/1455 874/1623/1456 847/1649/1482
f 847/1649/1482 874/1623/1456 873/1624/1457 846/1650/1483
f 846/1650/1483 873/1624/1457 872/1625/1458 845/1651/1484
f 845/1651/1484 872/1625/1458 871/1626/1459 844/1652/1485
f 844/1652/1485 871/1626/1459 870/1627/1460 843/1653/1486
f 843/1653/1486 870/1627/1460 869/1628/1461 842/1654/1487
f 842/1654/1487 869/1628/1461 868/1629/1462 841/1655/1488
f 841/1655/1488 868/1629/1462 867/1630/1463 840/1656/1489
f 840/1656/1489 867/1630/1463 866/1631/1464 839/1657/1490
f 839/1657/1490 866/1631/1464 865/1632/1465 838/1658/1491
f 838/1658/1491 865/1632/1465 864/1633/1466 837/1659/1492
f 837/1659/1492 864/1633/1466 863/1634/1467 836/1660/1493
f 836/1660/1493 863/1634/1467 861/1635/1468 834/1661/1494
f 808/131/105 835/129/103 860/1636/1469 833/1662/1495
f 833/1662/1495 860/1636/1469 859/1637/1470 832/1663/1496
f 832/1663/1496 859/1637/1470 858/1638/1471 831/1664/1497
f 831/1664/1497 858/1638/1471 857/1639/1472 830/1665/1498
f 830/1665/1498 857/1639/1472 856/1640/1473 829/1666/1499
f 829/1666/1499 856/1640/1473 855/1641/1474 828/1667/1500
f 828/1667/1500 855/1641/1474 854/1642/1475 827/1668/1501
f 827/1668/1501 854/1642/1475 853/1643/1476 826/1669/1502
f 826/1669/1502 853/1643/1476 852/1644/1477 825/1670/1503
f 825/1670/1503 852/1644/1477 851/1645/1478 824/1671/1504
f 824/1671/1504 851/1645/1478 850/1646/1479 823/1672/1505
f 823/1672/1505 850/1646/1479 849/1647/1480 822/1673/1506
f 822/1673/1506 849/1647/1480 848/1648/1481 821/1674/1507
f 821/1674/1507 848/1648/1481 847/1649/1482 820/1675/1508
f 820/1675/1508 847/1649/1482 846/1650/1483 819/1676/1509
f 819/1676/1509 846/1650/1483 845/1651/1484 818/1677/1510
f 818/1677/1510 845/1651/1484 844/1652/1485 817/1678/1511
f 817/1678/1511 844/1652/1485 843/1653/1486 816/1679/1512
f 816/1679/1512 843/1653/1486 842/1654/1487 815/1680/1513
f 815/1680/1513 842/1654/1487 841/1655/1488 814/1681/1514
f 814/1681/1514 841/1655/1488 840/1656/1489 813/1682/1515
f 813/1682/1515 840/1656/1489 839/1657/1490 812/1683/1516
f 812/1683/1516 839/1657/1490 838/1658/1491 811/1684/1517
f 811/1684/1517 838/1658/1491 837/1659/1492 810/1685/1518
f 810/1685/1518 837/1659/1492 836/1660/1493 809/1686/1519
f 809/1686/1519 836/1660/1493 834/1661/1494 807/1687/1520
f 781/133/107 808/131/105 833/1662/1495 806/1688/1521
f 806/1688/1521 833/1662/1495 832/1663/1496 805/1689/1522
f 805/1689/1522 832/1663/1496 831/1664/1497 804/1690/1523
f 804/1690/1523 831/1664/1497 830/1665/1498 803/1691/1524
f 803/1691/1524 830/1665/1498 829/1666/1499 802/1692/1525
f 802/1692/1525 829/1666/1499 828/1667/1500 801/1693/1526
f 801/1693/1526 828/1667/1500 827/1668/1501 800/1694/1527
f 800/1694/1527 827/1668/1501 826/1669/1502 799/1695/1528
f 799/1695/1528 826/1669/1502 825/1670/1503 798/1696/1529
f 798/1696/1529 825/1670/1503 824/1671/1504 797/1697/1530
f 797/1697/1530 824/1671/1504 823/1672/1505 796/1698/1531
f 796/1698/1531 823/1672/1505 822/1673/1506 795/1699/1532
f 795/1699/1532 822/1673/1506 821/1674/1507 794/1700/1533
f 794/1700/1533 821/1674/1507 820/1675/1508 793/1701/1534
f 793/1701/1534 820/1675/1508 819/1676/1509 792/1702/1535
f 792/1702/1535 819/1676/1509 818/1677/1510 791/1703/1536
f 791/1703/1536 818/1677/1510 817/1678/1511 790/1704/1537
f 790/1704/1537 817/1678/1511 816/1679/1512 789/1705/1538
f 789/1705/1538 816/1679/1512 815/1680/1513 788/1706/1539
f 788/1706/1539 815/1680/1513 814/1681/1514 787/1707/1540
f 787/1707/1540 814/1681/1514 813/1682/1515 786/1708/1541
f 786/1708/1541 813/1682/1515 812/1683/1516 785/1709/1542
f 785/1709/1542 812/1683/1516 811/1684/1517 784/1710/1543
f 784/1710/1543 811/1684/1517 810/1685/1518 783/1711/1544
f 783/1711/1544 810/1685/1518 809/1686/1519 782/1712/1545
f 782/1712/1545 809/1686/1519 807/1687/1520 780/1713/1546
f 754/135/109 781/133/107 806/1688/1521 779/1714/1547
f 779/1714/1547 806/1688/1521 805/1689/1522 778/1715/1548
f 778/1715/1548 805/1689/1522 804/1690/1523 777/1716/1549
f 777/1716/1549 804/1690/1523 803/1691/1524 776/1717/1550
f 776/1717/1550 803/1691/1524 802/1692/1525 775/1718/1551
f 775/1718/1551 802/1692/1525 801/1693/1526 774/1719/1552
f 774/1719/1552 801/1693/1526 800/1694/1527 773/1720/1553
f 773/1720/1553 800/1694/1527 799/1695/1528 772/1721/1554
f 772/1721/1554 799/1695/1528 798/1696/1529 771/1722/1555
f 771/1722/1555 798/1696/1529 797/1697/1530 770/1723/1556
f 770/1723/1556 797/1697/1530 796/1698/1531 769/1724/1557
f 769/1724/1557 796/1698/1531 795/1699/1532 768/1725/1558
f 768/1725/1558 795/1699/1532 794/1700/1533 767/1726/1559
f 767/1726/1559 794/1700/1533 793/1701/1534 766/1727/1560
f 766/1727/1560 793/1701/1534 792/1702/1535 765/1728/1561
f 765/1728/1561 792/1702/1535 791/1703/1536 764/1729/1562
f 764/1729/1562 791/1703/1536 790/1704/1537 763/1730/1563
f 763/1730/1563 790/1704/1537 789/1705/1538 762/1731/1564
f 762/1731/1564 789/1705/1538 788/1706/1539 761/1732/1565
f 761/1732/1565 788/1706/1539 787/1707/1540 760/1733/1566
f 760/1733/1566 787/1707/1540 786/1708/1541 759/1734/1567
f 759/1734/1567 786/1708/1541 785/1709/1542 758/1735/1568
f 758/1735/1568 785/1709/1542 784/1710/1543 757/1736/1569
f 757/1736/1569 784/1710/1543 783/1711/1544 756/1737/1570
f 756/1737/1570 783/1711/1544 782/1712/1545 755/1738/1571
f 755/1738/1571 782/1712/1545 780/1713/1546 753/1739/1572
f 727/137/111 754/135/109 779/1714/1547 752/1740/1573
f 752/1740/1573 779/1714/1547 778/1715/1548 751/1741/1574
f 751/1741/1574 778/1715/1548 777/1716/1549 750/1742/1575
f 750/1742/1575 777/1716/1549 776/1717/1550 749/1743/1576
f 749/1743/1576 776/1717/1550 775/1718/1551 748/1744/1577
f 748/1744/1577 775/1718/1551 774/1719/1552 747/1745/1578
f 747/1745/1578 774/1719/1552 773/1720/1553 746/1746/1579
f 746/1746/1579 773/1720/1553 772/1721/1554 745/1747/1580
f 745/1747/1580 772/1721/1554 771/1722/1555 744/1748/1581
f 744/1748/1581 771/1722/1555 770/1723/1556 743/1749/1582
f 743/1749/1582 770/1723/1556 769/1724/1557 742/1750/1583
f 742/1750/1583 769/1724/1557 768/1725/1558 741/1751/1584
f 741/1751/1584 768/1725/1558 767/1726/1559 740/1752/1585
f 740/1752/1585 767/1726/1559 766/1727/1560 739/1753/1586
f 739/1753/1586 766/1727/1560 765/1728/1561 738/1754/1587
f 738/1754/1587 765/1728/1561 764/1729/1562 737/1755/1588
f 737/1755/1588 764/1729/1562 763/1730/1563 736/1756/1589
f 736/1756/1589 763/1730/1563 762/1731/1564 735/1757/1590
f 735/1757/1590 762/1731/1564 761/1732/1565 734/1758/1591
f 734/1758/1591 761/1732/1565 760/1733/1566 733/1759/1592
f 733/1759/1592 760/1733/1566 759/1734/1567 732/1760/1593
f 732/1760/1593 759/1734/1567 758/1735/1568 731/1761/1594
f 731/1761/1594 758/1735/1568 757/1736/1569 730/1762/1595
f 730/1762/1595 757/1736/1569 756/1737/1570 729/1763/1596
f 729/1763/1596 756/1737/1570 755/1738/1571 728/1764/1597
f 728/1764/1597 755/1738/1571 753/1739/1572 726/1765/1598
f 700/139/113 727/137/111 752/1740/1573 725/1766/1599
f 725/1766/1599 752/1740/1573 751/1741/1574 724/1767/1600
f 724/1767/1600 751/1741/1574 750/1742/1575 723/1768/1601
f 723/1768/1601 750/1742/1575 749/1743/1576 722/1769/1602
f 722/1769/1602 749/1743/1576 748/1744/1577 721/1770/1603
f 721/1770/1603 748/1744/1577 747/1745/1578 720/1771/1604
f 720/1771/1604 747/1745/1578 746/1746/1579 719/1772/1605
f 719/1772/1605 746/1746/1579 745/1747/1580 718/1773/1606
f 718/1773/1606 745/1747/1580 744/1748/1581 717/1774/1607
f 717/1774/1607 744/1748/1581 743/1749/1582 716/1775/1608
f 716/1775/1608 743/1749/1582 742/1750/1583 715/1776/1609
f 715/1776/1609 742/1750/1583 741/1751/1584 714/1777/1610
f 714/1777/1610 741/1751/1584 740/1752/1585 713/1778/1611
f 713/1778/1611 740/1752/1585 739/1753/1586 712/1779/1612
f 712/1779/1612 739/1753/1586 738/1754/1587 711/1780/1613
f 711/1780/1613 738/1754/1587 737/1755/1588 710/1781/1614
f 710/1781/1614 737/1755/1588 736/1756/1589 709/1782/1615
f 709/1782/1615 736/1756/1589 735/1757/1590 708/1783/1616
f 708/1783/1616 735/1757/1590 734/1758/1591 707/1784/1617
f 707/1784/1617 734/1758/1591 733/1759/1592 706/1785/1618
f 706/1785/1618 733/1759/1592 732/1760/1593 705/1786/1619
f 705/1786/1619 732/1760/1593 731/1761/1594 704/1787/1620
f 704/1787/1620 731/1761/1594 730/1762/1595 703/1788/1621
f 703/1788/1621 730/1762/1595 729/1763/1596 702/1789/1622
f 702/1789/1622 729/1763/1596 728/1764/1597 701/1790/1623
f 701/1790/1623 728/1764/1597 726/1765/1598 699/1791/1624
f 673/141/115 700/139/113 725/1766/1599 698/1792/1625
f 698/1792/1625 725/1766/1599 724/1767/1600 697/1793/1626
f 697/1793/1626 724/1767/1600 723/1768/1601 696/1794/1627
f 696/1794/1627 723/1768/1601 722/1769/1602 695/1795/1628
f 695/1795/1628 722/1769/1602 721/1770/1603 694/1796/1629
f 694/1796/1629 721/1770/1603 720/1771/1604 693/1797/1630
f 693/1797/1630 720/1771/1604 719/1772/1605 692/1798/1631
f 692/1798/1631 719/1772/1605 718/1773/1606 691/1799/1632
f 691/1799/1632 718/1773/1606 717/1774/1607 690/1800/1633
f 690/1800/1633 717/1774/1607 716/1775/1608 689/1801/1634
f 689/1801/1634 716/1775/1608 715/1776/1609 688/1802/1635
f 688/1802/1635 715/1776/1609 714/1777/1610 687/1803/1636
f 687/1803/1636 714/1777/1610 713/1778/1611 686/1804/1637
f 686/1804/1637 713/1778/1611 712/1779/1612 685/1805/1638
f 685/1805/1638 712/1779/1612 711/1780/1613 684/1806/1639
f 684/1806/1639 711/1780/1613 710/1781/1614 683/1807/1640
f 683/1807/1640 710/1781/1614 709/1782/1615 682/1808/1641
f 682/1808/1641 709/1782/1615 708/1783/1616 681/1809/1642
f 681/1809/1642 708/1783/1616 707/1784/1617 680/1810/1643
f 680/1810/1643 707/1784/1617 706/1785/1618 679/1811/1644
f 679/1811/1644 706/1785/1618 705/1786/1619 678/1812/1645
f 678/1812/1645 705/1786/1619 704/1787/1620 677/1813/1646
f 677/1813/1646 704/1787/1620 703/1788/1621 676/1814/1647
f 676/1814/1647 703/1788/1621 702/1789/1622 675/1815/1648
f 675/1815/1648 702/1789/1622 701/1790/1623 674/1816/1649
f 674/1816/1649 701/1790/1623 699/1791/1624 672/1817/1650
f 646/143/117 673/141/115 698/1792/1625 671/1818/1651
f 671/1818/1651 698/1792/1625 697/1793/1626 670/1819/1652
f 670/1819/1652 697/1793/1626 696/1794/1627 669/1820/1653
f 669/1820/1653 696/1794/1627 695/1795/1628 668/1821/1654
f 668/1821/1654 695/1795/1628 694/1796/1629 667/1822/1655
f 667/1822/1655 694/1796/1629 693/1797/1630 666/1823/1656
f 666/1823/1656 693/1797/1630 692/1798/1631 665/1824/1657
f 665/1824/1657 692/1798/1631 691/1799/1632 664/1825/1658
f 664/1825/1658 691/1799/1632 690/1800/1633 663/1826/1659
f 663/1826/1659 690/1800/1633 689/1801/1634 662/1827/1660
f 662/1827/1660 689/1801/1634 688/1802/1635 661/1828/1661
f 661/1828/1661 688/1802/1635 687/1803/1636 660/1829/1662
f 660/1829/1662 687/1803/1636 686/1804/1637 659/1830/1663
f 659/1830/1663 686/1804/1637 685/1805/1638 658/1831/1664
f 658/1831/1664 685/1805/1638 684/1806/1639 657/1832/1665
f 657/1832/1665 684/1806/1639 683/1807/1640 656/1833/1666
f 656/1833/1666 683/1807/1640 682/1808/1641 655/1834/1667
f 655/1834/1667 682/1808/1641 681/1809/1642 654/1835/1668
f 654/1835/1668 681/1809/1642 680/1810/1643 653/1836/1669
f 653/1836/1669 680/1810/1643 679/1811/1644 652/1837/1670
f 652/1837/1670 679/1811/1644 678/1812/1645 651/1838/1671
f 651/1838/1671 678/1812/1645 677/1813/1646 650/1839/1672
f 650/1839/1672 677/1813/1646 676/1814/1647 649/1840/1673
f 649/1840/1673 676/1814/1647 675/1815/1648 648/1841/1674
f 648/1841/1674 675/1815/1648 674/1816/1649 647/1842/1675
f 647/1842/1675 674/1816/1649 672/1817/1650 645/1843/1676
f 619/145/119 646/143/117 671/1818/1651 644/1844/1677
f 644/1844/1677 671/1818/1651 670/1819/1652 643/1845/1678
f 643/1845/1678 670/1819/1652 669/1820/1653 642/1846/1679
f 642/1846/1679 669/1820/1653 668/1821/1654 641/1847/1680
f 641/1847/1680 668/1821/1654 667/1822/1655 640/1848/1681
f 640/1848/1681 667/1822/1655 666/1823/1656 639/1849/1682
f 639/1849/1682 666/1823/1656 665/1824/1657 638/1850/1683
f 638/1850/1683 665/1824/1657 664/1825/1658 637/1851/1684
f 637/1851/1684 664/1825/1658 663/1826/1659 636/1852/1685
f 636/1852/1685 663/1826/1659 662/1827/1660 635/1853/1686
f 635/1853/1686 662/1827/1660 661/1828/1661 634/1854/1687
f 634/1854/1687 661/1828/1661 660/1829/1662 633/1855/1688
f 633/1855/1688 660/1829/1662 659/1830/1663 632/1856/1689
f 632/1856/1689 659/1830/1663 658/1831/1664 631/1857/1690
f 631/1857/1690 658/1831/1664 657/1832/1665 630/1858/1691
f 630/1858/1691 657/1832/1665 656/1833/1666 629/1859/1692
f 629/1859/1692 656/1833/1666 655/1834/1667 628/1860/1693
f 628/1860/1693 655/1834/1667 654/1835/1668 627/1861/1694
f 627/1861/1694 654/1835/1668 653/1836/1669 626/1862/1695
f 626/1862/1695 653/1836/1669 652/1837/1670 625/1863/1696
f 625/1863/1696 652/1837/1670 651/1838/1671 624/1864/1697
f 624/1864/1697 651/1838/1671 650/1839/1672 623/1865/1698
f 623/1865/1698 650/1839/1672 649/1840/1673 622/1866/1699
f 622/1866/1699 649/1840/1673 648/1841/1674 621/1867/1700
f 621/1867/1700 648/1841/1674 647/1842/1675 620/1868/1701
f 620/1868/1701 647/1842/1675 645/1843/1676 618/1869/1702
f 592/147/121 619/145/119 644/1844/1677 617/1870/1703
f 617/1870/1703 644/1844/1677 643/1845/1678 616/1871/1704
f 616/1871/1704 643/1845/1678 642/1846/1679 615/1872/1705
f 615/1872/1705 642/1846/1679 641/1847/1680 614/1873/1706
f 614/1873/1706 641/1847/1680 640/1848/1681 613/1874/1707
f 613/1874/1707 640/1848/1681 639/1849/1682 612/1875/1708
f 612/1875/1708 639/1849/1682 638/1850/1683 611/1876/1709
f 611/1876/1709 638/1850/1683 637/1851/1684 610/1877/1710
f 610/1877/1710 637/1851/1684 636/1852/1685 609/1878/1711
f 609/1878/1711 636/1852/1685 635/1853/1686 608/1879/1712
f 608/1879/1712 635/1853/1686 634/1854/1687 607/1880/1713
f 607/1880/1713 634/1854/1687 633/1855/1688 606/1881/1714
f 606/1881/1714 633/1855/1688 632/1856/1689 605/1882/1715
f 605/1882/1715 632/1856/1689 631/1857/1690 604/1883/1716
f 604/1883/1716 631/1857/1690 630/1858/1691 603/1884/1717
f 603/1884/1717 630/1858/1691 629/1859/1692 602/1885/1718
f 602/1885/1718 629/1859/1692 628/1860/1693 601/1886/1719
f 601/1886/1719 628/1860/1693 627/1861/1694 600/1887/1720
f 600/1887/1720 627/1861/1694 626/1862/1695 599/1888/1721
f 599/1888/1721 626/1862/1695 625/1863/1696 598/1889/1722
f 598/1889/1722 625/1863/1696 624/1864/1697 597/1890/1723
f 597/1890/1723 624/1864/1697 623/1865/1698 596/1891/1724
f 596/1891/1724 623/1865/1698 622/1866/1699 595/1892/1725
f 595/1892/1725 622/1866/1699 621/1867/1700 594/1893/1726
f 594/1893/1726 621/1867/1700 620/1868/1701 593/1894/1727
f 593/1894/1727 620/1868/1701 618/1869/1702 591/1895/1728
f 565/149/123 592/147/121 617/1870/1703 590/1896/1729
f 590/1896/1729 617/1870/1703 616/1871/1704 589/1897/1730
f 589/1897/1730 616/1871/1704 615/1872/1705 588/1898/1731
f 588/1898/1731 615/1872/1705 614/1873/1706 587/1899/1732
f 587/1899/1732 614/1873/1706 613/1874/1707 586/1900/1733
f 586/1900/1733 613/1874/1707 612/1875/1708 585/1901/1734
f 585/1901/1734 612/1875/1708 611/1876/1709 584/1902/1735
f 584/1902/1735 611/1876/1709 610/1877/1710 583/1903/1736
f 583/1903/1736 610/1877/1710 609/1878/1711 582/1904/1737
f 582/1904/1737 609/1878/1711 608/1879/1712 581/1905/1738
f 581/1905/1738 608/1879/1712 607/1880/1713 580/1906/1739
f 580/1906/1739 607/1880/1713 606/1881/1714 579/1907/1740
f 579/1907/1740 606/1881/1714 605/1882/1715 578/1908/1741
f 578/1908/1741 605/1882/1715 604/1883/1716 577/1909/1742
f 577/1909/1742 604/1883/1716 603/1884/1717 576/1910/1743
f 576/1910/1743 603/1884/1717 602/1885/1718 575/1911/1744
f 575/1911/1744 602/1885/1718 601/1886/1719 574/1912/1745
f 574/1912/1745 601/1886/1719 600/1887/1720 573/1913/1746
f 573/1913/1746 600/1887/1720 599/1888/1721 572/1914/1747
f 572/1914/1747 599/1888/1721 598/1889/1722 571/1915/1748
f 571/1915/1748 598/1889/1722 597/1890/1723 570/1916/1749
f 570/1916/1749 597/1890/1723 596/1891/1724 569/1917/1750
f 569/1917/1750 596/1891/1724 595/1892/1725 568/1918/1751
f 568/1918/1751 595/1892/1725 594/1893/1726 567/1919/1752
f 567/1919/1752 594/1893/1726 593/1894/1727 566/1920/1753
f 566/1920/1753 593/1894/1727 591/1895/1728 564/1921/1754
f 538/151/125 565/149/123 590/1896/1729 563/1922/1755
f 563/1922/1755 590/1896/1729 589/1897/1730 562/1923/1756
f 562/1923/1756 589/1897/1730 588/1898/1731 561/1924/1757
f 561/1924/1757 588/1898/1731 587/1899/1732 560/1925/1758
f 560/1925/1758 587/1899/1732 586/1900/1733 559/1926/1759
f 559/1926/1759 586/1900/1733 585/1901/1734 558/1927/1760
f 558/1927/1760 585/1901/1734 584/1902/1735 557/1928/1761
f 557/1928/1761 584/1902/1735 583/1903/1736 556/1929/1762
f 556/1929/1762 583/1903/1736 582/1904/1737 555/1930/1763
f 555/1930/1763 582/1904/1737 581/1905/1738 554/1931/1764
f 554/1931/1764 581/1905/1738 580/1906/1739 553/1932/1765
f 553/1932/1765 580/1906/1739 579/1907/1740 552/1933/1766
f 552/1933/1766 579/1907/1740 578/1908/1741 551/1934/1767
f 551/1934/1767 578/1908/1741 577/1909/1742 550/1935/1768
f 550/1935/1768 577/1909/1742 576/1910/1743 549/1936/1769
f 549/1936/1769 576/1910/1743 575/1911/1744 548/1937/1770
f 548/1937/1770 575/1911/1744 574/1912/1745 547/1938/1771
f 547/1938/1771 574/1912/1745 573/1913/1746 546/1939/1772
f 546/1939/1772 573/1913/1746 572/1914/1747 545/1940/1773
f 545/1940/1773 572/1914/1747 571/1915/1748 544/1941/1774
f 544/1941/1774 571/1915/1748 570/1916/1749 543/1942/1775
f 543/1942/1775 570/1916/1749 569/1917/1750 542/1943/1776
f 542/1943/1776 569/1917/1750 568/1918/1751 541/1944/1777
f 541/1944/1777 568/1918/1751 567/1919/1752 540/1945/1778
f 540/1945/1778 567/1919/1752 566/1920/1753 539/1946/1779
f 539/1946/1779 566/1920/1753 564/1921/1754 537/1947/1780
f 511/153/127 538/151/125 563/1922/1755 536/1948/1781
f 536/1948/1781 563/1922/1755 562/1923/1756 535/1949/1782
f 535/1949/1782 562/1923/1756 561/1924/1757 534/1950/1783
f 534/1950/1783 561/1924/1757 560/1925/1758 533/1951/1784
f 533/1951/1784 560/1925/1758 559/1926/1759 532/1952/1785
f 532/1952/1785 559/1926/1759 558/1927/1760 531/1953/1786
f 531/1953/1786 558/1927/1760 557/1928/1761 530/1954/1787
f 530/1954/1787 557/1928/1761 556/1929/1762 529/1955/1788
f 529/1955/1788 556/1929/1762 555/1930/1763 528/1956/1789
f 528/1956/1789 555/1930/1763 554/1931/1764 527/1957/1790
f 527/1957/1790 554/1931/1764 553/1932/1765 526/1958/1791
f 526/1958/1791 553/1932/1765 552/1933/1766 525/1959/1792
f 525/1959/1792 552/1933/1766 551/1934/1767 524/1960/1793
f 524/1960/1793 551/1934/1767 550/1935/1768 523/1961/1794
f 523/1961/1794 550/1935/1768 549/1936/1769 522/1962/1795
f 522/1962/1795 549/1936/1769 548/1937/1770 521/1963/1796
f 521/1963/1796 548/1937/1770 547/1938/1771 520/1964/1797
f 520/1964/1797 547/1938/1771 546/1939/1772 519/1965/1798
f 519/1965/1798 546/1939/1772 545/1940/1773 518/1966/1799
f 518/1966/1799 545/1940/1773 544/1941/1774 517/1967/1800
f 517/1967/1800 544/1941/1774 543/1942/1775 516/1968/1801
f 516/1968/1801 543/1942/1775 542/1943/1776 515/1969/1802
f 515/1969/1802 542/1943/1776 541/1944/1777 514/1970/1803
f 514/1970/1803 541/1944/1777 540/1945/1778 513/1971/1804
f 513/1971/1804 540/1945/1778 539/1946/1779 512/1972/1805
f 512/1972/1805 539/1946/1779 537/1947/1780 510/1973/1806
f 484/155/129 511/153/127 536/1948/1781 509/1974/1807
f 509/1974/1807 536/1948/1781 535/1949/1782 508/1975/1808
f 508/1975/1808 535/1949/1782 534/1950/1783 507/1976/1809
f 507/1976/1809 534/1950/1783 533/1951/1784 506/1977/1810
f 506/1977/1810 533/1951/1784 532/1952/1785 505/1978/1811
f 505/1978/1811 532/1952/1785 531/1953/1786 504/1979/1812
f 504/1979/1812 531/1953/1786 530/1954/1787 503/1980/1813
f 503/1980/1813 530/1954/1787 529/1955/1788 502/1981/1814
f 502/1981/1814 529/1955/1788 528/1956/1789 501/1982/1815
f 501/1982/1815 528/1956/1789 527/1957/1790 500/1983/1816
f 500/1983/1816 527/1957/1790 526/1958/1791 499/1984/1817
f 499/1984/1817 526/1958/1791 525/1959/1792 498/1985/1818
f 498/1985/1818 525/1959/1792 524/1960/1793 497/1986/1819
f 497/1986/1819 524/1960/1793 523/1961/1794 496/1987/1820
f 496/1987/1820 523/1961/1794 522/1962/1795 495/1988/1821
f 495/1988/1821 522/1962/1795 521/1963/1796 494/1989/1822
f 494/1989/1822 521/1963/1796 520/1964/1797 493/1990/1823
f 493/1990/1823 520/1964/1797 519/1965/1798 492/1991/1824
f 492/1991/1824 519/1965/1798 518/1966/1799 491/1992/1825
f 491/1992/1825 518/1966/1799 517/1967/1800 490/1993/1826
f 490/1993/1826 517/1967/1800 516/1968/1801 489/1994/1827
f 489/1994/1827 516/1968/1801 515/1969/1802 488/1995/1828
f 488/1995/1828 515/1969/1802 514/1970/1803 487/1996/1829
f 487/1996/1829 514/1970/1803 513/1971/1804 486/1997/1830
f 486/1997/1830 513/1971/1804 512/1972/1805 485/1998/1831
f 485/1998/1831 512/1972/1805 510/1973/1806 483/1999/1832
f 457/157/131 484/155/129 509/1974/1807 482/2000/1833
f 482/2000/1833 509/1974/1807 508/1975/1808 481/2001/1834
f 481/2001/1834 508/1975/1808 507/1976/1809 480/2002/1835
f 480/2002/1835 507/1976/1809 506/1977/1810 479/2003/1836
f 479/2003/1836 506/1977/1810 505/1978/1811 478/2004/1837
f 478/2004/1837 505/1978/1811 504/1979/1812 477/2005/1838
f 477/2005/1838 504/1979/1812 503/1980/1813 476/2006/1839
f 476/2006/1839 503/1980/1813 502/1981/1814 475/2007/1840
f 475/2007/1840 502/1981/1814 501/1982/1815 474/2008/1841
f 474/2008/1841 501/1982/1815 500/1983/1816 473/2009/1842
f 473/2009/1842 500/1983/1816 499/1984/1817 472/2010/1843
f 472/2010/1843 499/1984/1817 498/1985/1818 471/2011/1844
f 471/2011/1844 498/1985/1818 497/1986/1819 470/2012/1845
f 470/2012/1845 497/1986/1819 496/1987/1820 469/2013/1846
f 469/2013/1846 496/1987/1820 495/1988/1821 468/2014/1847
f 468/2014/1847 495/1988/1821 494/1989/1822 467/2015/1848
f 467/2015/1848 494/1989/1822 493/1990/1823 466/2016/1849
f 466/2016/1849 493/1990/1823 492/1991/1824 465/2017/1850
f 465/2017/1850 492/1991/1824 491/1992/1825 464/2018/1851
f 464/2018/1851 491/1992/1825 490/1993/1826 463/2019/1852
f 463/2019/1852 490/1993/1826 489/1994/1827 462/2020/1853
f 462/2020/1853 489/1994/1827 488/1995/1828 461/2021/1854
f 461/2021/1854 488/1995/1828 487/1996/1829 460/2022/1855
f 460/2022/1855 487/1996/1829 486/1997/1830 459/2023/1856
f 459/2023/1856 486/1997/1830 485/1998/1831 458/2024/1857
f 458/2024/1857 485/1998/1831 483/1999/1832 456/2025/1858
f 430/159/133 457/157/131 482/2000/1833 455/2026/1859
f 455/2026/1859 482/2000/1833 481/2001/1834 454/2027/1860
f 454/2027/1860 481/2001/1834 480/2002/1835 453/2028/1861
f 453/2028/1861 480/2002/1835 479/2003/1836 452/2029/1862
f 452/2029/1862 479/2003/1836 478/2004/1837 451/2030/1863
f 451/2030/1863 478/2004/1837 477/2005/1838 450/2031/1864
f 450/2031/1864 477/2005/1838 476/2006/1839 449/2032/1865
f 449/2032/1865 476/2006/1839 475/2007/1840 448/2033/1866
f 448/2033/1866 475/2007/1840 474/2008/1841 447/2034/1867
f 447/2034/1867 474/2008/1841 473/2009/1842 446/2035/1868
f 446/2035/1868 473/2009/1842 472/2010/1843 445/2036/1869
f 445/2036/1869 472/2010/1843 471/2011/1844 444/2037/1870
f 444/2037/1870 471/2011/1844 470/2012/1845 443/2038/1871
f 443/2038/1871 470/2012/1845 469/2013/1846 442/2039/1872
f 442/2039/1872 469/2013/1846 468/2014/1847 441/2040/1873
f 441/2040/1873 468/2014/1847 467/2015/1848 440/2041/1874
f 440/2041/1874 467/2015/1848 466/2016/1849 439/2042/1875
f 439/2042/1875 466/2016/1849 465/2017/1850 438/2043/1876
f 438/2043/1876 465/2017/1850 464/2018/1851 437/2044/1877
f 437/2044/1877 464/2018/1851 463/2019/1852 436/2045/1878
f 436/2045/1878 463/2019/1852 462/2020/1853 435/2046/1879
f 435/2046/1879 462/2020/1853 461/2021/1854 434/2047/1880
f 434/2047/1880 461/2021/1854 460/2022/1855 433/2048/1881
f 433/2048/1881 460/2022/1855 459/2023/1856 432/2049/1882
f 432/2049/1882 459/2023/1856 458/2024/1857 431/2050/1883
f 431/2050/1883 458/2024/1857 456/2025/1858 429/2051/1884
f 403/161/135 430/159/133 455/2026/1859 428/2052/1885
f 428/2052/1885 455/2026/1859 454/2027/1860 427/2053/1886
f 427/2053/1886 454/2027/1860 453/2028/1861 426/2054/1887
f 426/2054/1887 453/2028/1861 452/2029/1862 425/2055/1888
f 425/2055/1888 452/2029/1862 451/2030/1863 424/2056/1889
f 424/2056/1889 451/2030/1863 450/2031/1864 423/2057/1890
f 423/2057/1890 450/2031/1864 449/2032/1865 422/2058/1891
f 422/2058/1891 449/2032/1865 448/2033/1866 421/2059/1892
f 421/2059/1892 448/2033/1866 447/2034/1867 420/2060/1893
f 420/2060/1893 447/2034/1867 446/2035/1868 419/2061/1894
f 419/2061/1894 446/2035/1868 445/2036/1869 418/2062/1895
f 418/2062/1895 445/2036/1869 444/2037/1870 417/2063/1896
f 417/2063/1896 444/2037/1870 443/2038/1871 416/2064/1897
f 416/2064/1897 443/2038/1871 442/2039/1872 415/2065/1898
f 415/2065/1898 442/2039/1872 441/2040/1873 414/2066/1899
f 414/2066/1899 441/2040/1873 440/2041/1874 413/2067/1900
f 413/2067/1900 440/2041/1874 439/2042/1875 412/2068/1901
f 412/2068/1901 439/2042/1875 438/2043/1876 411/2069/1902
f 411/2069/1902 438/2043/1876 437/2044/1877 410/2070/1903
f 410/2070/1903 437/2044/1877 436/2045/1878 409/2071/1904
f 409/2071/1904 436/2045/1878 435/2046/1879 408/2072/1905
f 408/2072/1905 435/2046/1879 434/2047/1880 407/2073/1906
f 407/2073/1906 434/2047/1880 433/2048/1881 406/2074/1907
f 406/2074/1907 433/2048/1881 432/2049/1882 405/2075/1908
f 405/2075/1908 432/2049/1882 431/2050/1883 404/2076/1909
f 404/2076/1909 431/2050/1883 429/2051/1884 402/2077/1910
f 376/24/12 403/161/135 428/2052/1885 401/2078/1911
f 401/2078/1911 428/2052/1885 427/2053/1886 400/2079/1912
f 400/2079/1912 427/2053/1886 426/2054/1887 399/2080/1913
f 399/2080/1913 426/2054/1887 425/2055/1888 398/2081/1914
f 398/2081/1914 425/2055/1888 424/2056/1889 397/2082/1915
f 397/2082/1915 424/2056/1889 423/2057/1890 396/2083/1916
f 396/2083/1916 423/2057/1890 422/2058/1891 395/2084/1917
f 395/2084/1917 422/2058/1891 421/2059/1892 394/2085/1918
f 394/2085/1918 421/2059/1892 420/2060/1893 393/2086/1919
f 393/2086/1919 420/2060/1893 419/2061/1894 392/2087/1920
f 392/2087/1920 419/2061/1894 418/2062/1895 391/2088/1921
f 391/2088/1921 418/2062/1895 417/2063/1896 390/2089/1922
f 390/2089/1922 417/2063/1896 416/2064/1897 389/2090/1923
f 389/2090/1923 416/2064/1897 415/2065/1898 388/2091/1924
f 388/2091/1924 415/2065/1898 414/2066/1899 387/2092/1925
f 387/2092/1925 414/2066/1899 413/2067/1900 386/2093/1926
f 386/2093/1926 413/2067/1900 412/2068/1901 385/2094/1927
f 385/2094/1927 412/2068/1901 411/2069/1902 384/2095/1928
f 384/2095/1928 411/2069/1902 410/2070/1903 383/2096/1929
f 383/2096/1929 410/2070/1903 409/2071/1904 382/2097/1930
f 382/2097/1930 409/2071/1904 408/2072/1905 381/2098/1931
f 381/2098/1931 408/2072/1905 407/2073/1906 380/2099/1932
f 380/2099/1932 407/2073/1906 406/2074/1907 379/2100/1933
f 379/2100/1933 406/2074/1907 405/2075/1908 378/2101/1934
f 378/2101/1934 405/2075/1908 404/2076/1909 377/2102/1935
f 377/2102/1935 404/2076/1909 402/2077/1910 375/2103/1936
f 349/14/3 376/24/12 401/2078/1911 374/2104/1937
f 374/2104/1937 401/2078/1911 400/2079/1912 373/2105/1938
f 373/2105/1938 400/2079/1912 399/2080/1913 372/2106/1939
f 372/2106/1939 399/2080/1913 398/2081/1914 371/2107/1940
f 371/2107/1940 398/2081/1914 397/2082/1915 370/2108/1941
f 370/2108/1941 397/2082/1915 396/2083/1916 369/2109/1942
f 369/2109/1942 396/2083/1916 395/2084/1917 368/2110/1943
f 368/2110/1943 395/2084/1917 394/2085/1918 367/2111/1944
f 367/2111/1944 394/2085/1918 393/2086/1919 366/2112/1945
f 366/2112/1945 393/2086/1919 392/2087/1920 365/2113/1946
f 365/2113/1946 392/2087/1920 391/2088/1921 364/2114/1947
f 364/2114/1947 391/2088/1921 390/2089/1922 363/2115/1948
f 363/2115/1948 390/2089/1922 389/2090/1923 362/2116/1949
f 362/2116/1949 389/2090/1923 388/2091/1924 361/2117/1950
f 361/2117/1950 388/2091/1924 387/2092/1925 360/2118/1951
f 360/2118/1951 387/2092/1925 386/2093/1926 359/2119/1952
f 359/2119/1952 386/2093/1926 385/2094/1927 358/2120/1953
f 358/2120/1953 385/2094/1927 384/2095/1928 357/2121/1954
f 357/2121/1954 384/2095/1928 383/2096/1929 356/2122/1955
f 356/2122/1955 383/2096/1929 382/2097/1930 355/2123/1956
f 355/2123/1956 382/2097/1930 381/2098/1931 354/2124/1957
f 354/2124/1957 381/2098/1931 380/2099/1932 353/2125/1958
f 353/2125/1958 380/2099/1932 379/2100/1933 352/2126/1959
f 352/2126/1959 379/2100/1933 378/2101/1934 351/2127/1960
f 351/2127/1960 378/2101/1934 377/2102/1935 350/2128/1961
f 350/2128/1961 377/2102/1935 375/2103/1936 348/25/13
f 295/15/4 349/14/3 374/2104/1937 320/2129/1962
f 320/2129/1962 374/2104/1937 373/2105/1938 319/2130/1963
f 319/2130/1963 373/2105/1938 372/2106/1939 318/2131/1964
f 318/2131/1964 372/2106/1939 371/2107/1940 317/2132/1965
f 317/2132/1965 371/2107/1940 370/2108/1941 316/2133/1966
f 316/2133/1966 370/2108/1941 369/2109/1942 315/2134/1967
f 315/2134/1967 369/2109/1942 368/2110/1943 314/2135/1968
f 314/2135/1968 368/2110/1943 367/2111/1944 313/2136/1969
f 313/2136/1969 367/2111/1944 366/2112/1945 312/2137/1970
f 312/2137/1970 366/2112/1945 365/2113/1946 311/2138/1971
f 311/2138/1971 365/2113/1946 364/2114/1947 310/2139/1972
f 310/2139/1972 364/2114/1947 363/2115/1948 309/2140/1973
f 309/2140/1973 363/2115/1948 362/2116/1949 308/2141/1974
f 308/2141/1974 362/2116/1949 361/2117/1950 307/2142/1975
f 307/2142/1975 361/2117/1950 360/2118/1951 306/2143/1976
f 306/2143/1976 360/2118/1951 359/2119/1952 305/2144/1977
f 305/2144/1977 359/2119/1952 358/2120/1953 304/2145/1978
f 304/2145/1978 358/2120/1953 357/2121/1954 303/2146/1979
f 303/2146/1979 357/2121/1954 356/2122/1955 302/2147/1980
f 302/2147/1980 356/2122/1955 355/2123/1956 301/2148/1981
f 301/2148/1981 355/2123/1956 354/2124/1957 300/2149/1982
f 300/2149/1982 354/2124/1957 353/2125/1958 299/2150/1983
f 299/2150/1983 353/2125/1958 352/2126/1959 298/2151/1984
f 298/2151/1984 352/2126/1959 351/2127/1960 297/2152/1985
f 297/2152/1985 351/2127/1960 350/2128/1961 296/2153/1986
f 296/2153/1986 350/2128/1961 348/25/13 294/28/16
f 2987/2154/9 241/2155/9 266/2156/9 2988/2157/9
f 2988/2157/9 266/2156/9 265/2158/9 2993/2159/9
f 2993/2159/9 265/2158/9 264/2160/9 2998/2161/9
f 2998/2161/9 264/2160/9 263/2162/9 3003/2163/9
f 3003/2163/9 263/2162/9 262/2164/9 3008/2165/9
f 3008/2165/9 262/2164/9 261/2166/9 3013/2167/9
f 3013/2167/9 261/2166/9 260/2168/9 3018/2169/9
f 3018/2169/9 260/2168/9 259/2170/9 3023/2171/9
f 3023/2171/9 259/2170/9 258/2172/9 3028/2173/9
f 3028/2173/9 258/2172/9 257/2174/9 3033/2175/9
f 3033/2175/9 257/2174/9 256/2176/9 3038/2177/9
f 3038/2177/9 256/2176/9 255/2178/9 3043/2179/9
f 3043/2179/9 255/2178/9 254/2180/9 3048/2181/9
f 3048/2181/9 254/2180/9 253/2182/9 3053/2183/9
f 3053/2183/9 253/2182/9 252/2184/9 3058/2185/9
f 3058/2185/9 252/2184/9 251/2186/9 3063/2187/9
f 3063/2187/9 251/2186/9 250/2188/9 3068/2189/9
f 3068/2189/9 250/2188/9 249/2190/9 3073/2191/9
f 3073/2191/9 249/2190/9 248/2192/9 3078/2193/9
f 3078/2193/9 248/2192/9 247/2194/9 3083/2195/9
f 3083/2195/9 247/2194/9 246/2196/9 3088/2197/9
f 3088/2197/9 246/2196/9 245/2198/9 3093/2199/9
f 3093/2199/9 245/2198/9 244/2200/9 3098/2201/9
f 3098/2201/9 244/2200/9 243/2202/9 3103/2203/9
f 3103/2203/9 243/2202/9 242/2204/9 3108/2205/9
f 3108/2205/9 242/2204/9 240/2206/9 3113/2207/9
f 2852/2208/1987 295/15/4 320/2129/1962 2853/2209/1988
f 2853/2209/1988 320/2129/1962 319/2130/1963 2858/2210/1989
f 2858/2210/1989 319/2130/1963 318/2131/1964 2863/2211/1990
f 2863/2211/1990 318/2131/1964 317/2132/1965 2868/2212/1991
f 2868/2212/1991 317/2132/1965 316/2133/1966 2873/2213/1992
f 2873/2213/1992 316/2133/1966 315/2134/1967 2878/2214/1993
f 2878/2214/1993 315/2134/1967 314/2135/1968 2883/2215/1994
f 2883/2215/1994 314/2135/1968 313/2136/1969 2888/2216/1995
f 2888/2216/1995 313/2136/1969 312/2137/1970 2893/2217/1996
f 2893/2217/1996 312/2137/1970 311/2138/1971 2898/2218/1997
f 2898/2218/1997 311/2138/1971 310/2139/1972 2903/2219/1998
f 2903/2219/1998 310/2139/1972 309/2140/1973 2908/2220/1999
f 2908/2220/1999 309/2140/1973 308/2141/1974 2913/2221/2000
f 2913/2221/2000 308/2141/1974 307/2142/1975 2918/2222/2001
f 2918/2222/2001 307/2142/1975 306/2143/1976 2923/2223/2002
f 2923/2223/2002 306/2143/1976 305/2144/1977 2928/2224/2003
f 2928/2224/2003 305/2144/1977 304/2145/1978 2933/2225/2004
f 2933/2225/2004 304/2145/1978 303/2146/1979 2938/2226/2005
f 2938/2226/2005 303/2146/1979 302/2147/1980 2943/2227/2006
f 2943/2227/2006 302/2147/1980 301/2148/1981 2948/2228/2007
f 2948/2228/2007 301/2148/1981 300/2149/1982 2953/2229/2008
f 2953/2229/2008 300/2149/1982 299/2150/1983 2958/2230/2009
f 2958/2230/2009 299/2150/1983 298/2151/1984 2963/2231/2010
f 2963/2231/2010 298/2151/1984 297/2152/1985 2968/2232/2011
f 2968/2232/2011 297/2152/1985 296/2153/1986 2973/2233/2012
f 2973/2233/2012 296/2153/1986 294/28/16 2978/2234/2013
f 2495/2235/9 2984/2236/9 2494/2237/9
f 229/26/14 228/2238/2014 233/19/8 234/27/15
f 228/2238/2014 227/2239/2015 232/17/6 233/19/8
f 227/2239/2015 226/2240/2016 231/2241/2017 232/17/6
f 226/2240/2016 225/304/176 230/306/9 231/2241/2017
f 375/2103/1936 219/2242/2018 229/26/14 348/25/13
f 219/2242/2018 218/2243/2019 228/2238/2014 229/26/14
f 218/2243/2019 217/2244/2020 227/2239/2015 228/2238/2014
f 217/2244/2020 216/2245/2021 226/2240/2016 227/2239/2015
f 216/2245/2021 215/302/175 225/304/176 226/2240/2016
f 402/2077/1910 214/2246/2022 219/2242/2018 375/2103/1936
f 214/2246/2022 213/2247/2023 218/2243/2019 219/2242/2018
f 213/2247/2023 212/2248/2024 217/2244/2020 218/2243/2019
f 212/2248/2024 211/2249/2025 216/2245/2021 217/2244/2020
f 211/2249/2025 210/300/174 215/302/175 216/2245/2021
f 429/2051/1884 209/2250/2026 214/2246/2022 402/2077/1910
f 209/2250/2026 208/2251/2027 213/2247/2023 214/2246/2022
f 208/2251/2027 207/2252/2028 212/2248/2024 213/2247/2023
f 207/2252/2028 206/2253/2029 211/2249/2025 212/2248/2024
f 206/2253/2029 205/298/173 210/300/174 211/2249/2025
f 456/2025/1858 204/2254/2030 209/2250/2026 429/2051/1884
f 204/2254/2030 203/2255/2031 208/2251/2027 209/2250/2026
f 203/2255/2031 202/2256/2032 207/2252/2028 208/2251/2027
f 202/2256/2032 201/2257/2033 206/2253/2029 207/2252/2028
f 201/2257/2033 200/296/172 205/298/173 206/2253/2029
f 483/1999/1832 199/2258/2034 204/2254/2030 456/2025/1858
f 199/2258/2034 198/2259/2035 203/2255/2031 204/2254/2030
f 198/2259/2035 197/2260/2036 202/2256/2032 203/2255/2031
f 197/2260/2036 196/2261/2037 201/2257/2033 202/2256/2032
f 196/2261/2037 195/294/171 200/296/172 201/2257/2033
f 510/1973/1806 194/2262/2038 199/2258/2034 483/1999/1832
f 194/2262/2038 193/2263/2039 198/2259/2035 199/2258/2034
f 193/2263/2039 192/2264/2040 197/2260/2036 198/2259/2035
f 192/2264/2040 191/2265/2041 196/2261/2037 197/2260/2036
f 191/2265/2041 190/292/170 195/294/171 196/2261/2037
f 537/1947/1780 189/2266/2042 194/2262/2038 510/1973/1806
f 189/2266/2042 188/2267/2043 193/2263/2039 194/2262/2038
f 188/2267/2043 187/2268/2044 192/2264/2040 193/2263/2039
f 187/2268/2044 186/2269/2045 191/2265/2041 192/2264/2040
f 186/2269/2045 185/290/9 190/292/170 191/2265/2041
f 564/1921/1754 184/2270/2046 189/2266/2042 537/1947/1780
f 184/2270/2046 183/2271/2047 188/2267/2043 189/2266/2042
f 183/2271/2047 182/2272/2048 187/2268/2044 188/2267/2043
f 182/2272/2048 181/2273/2049 186/2269/2045 187/2268/2044
f 181/2273/2049 180/288/9 185/290/9 186/2269/2045
f 591/1895/1728 179/2274/2050 184/2270/2046 564/1921/1754
f 179/2274/2050 178/2275/2051 183/2271/2047 184/2270/2046
f 178/2275/2051 177/2276/9 182/2272/2048 183/2271/2047
f 177/2276/9 176/2277/9 181/2273/2049 182/2272/2048
f 176/2277/9 175/286/9 180/288/9 181/2273/2049
f 618/1869/1702 174/2278/2052 179/2274/2050 591/1895/1728
f 174/2278/2052 173/2279/2053 178/2275/2051 179/2274/2050
f 173/2279/2053 172/2280/9 177/2276/9 178/2275/2051
f 172/2280/9 171/2281/9 176/2277/9 177/2276/9
f 171/2281/9 170/284/9 175/286/9 176/2277/9
f 645/1843/1676 169/2282/2054 174/2278/2052 618/1869/1702
f 169/2282/2054 26/2283/2055 173/2279/2053 174/2278/2052
f 26/2283/2055 25/2284/2056 172/2280/9 173/2279/2053
f 25/2284/2056 2211/2285/2057 171/2281/9 172/2280/9
f 2211/2285/2057 2212/282/169 170/284/9 171/2281/9
f 672/1817/1650 2213/2286/2058 169/2282/2054 645/1843/1676
f 2213/2286/2058 2214/2287/2059 26/2283/2055 169/2282/2054
f 2214/2287/2059 2215/2288/2060 25/2284/2056 26/2283/2055
f 2215/2288/2060 2216/2289/2061 2211/2285/2057 25/2284/2056
f 2216/2289/2061 2217/280/168 2212/282/169 2211/2285/2057
f 699/1791/1624 2218/2290/2062 2213/2286/2058 672/1817/1650
f 2218/2290/2062 2219/2291/2063 2214/2287/2059 2213/2286/2058
f 2219/2291/2063 2220/2292/2064 2215/2288/2060 2214/2287/2059
f 2220/2292/2064 2221/2293/2065 2216/2289/2061 2215/2288/2060
f 2221/2293/2065 2222/278/167 2217/280/168 2216/2289/2061
f 726/1765/1598 2223/2294/2066 2218/2290/2062 699/1791/1624
f 2223/2294/2066 2224/2295/2067 2219/2291/2063 2218/2290/2062
f 2224/2295/2067 2225/2296/2068 2220/2292/2064 2219/2291/2063
f 2225/2296/2068 2226/2297/2069 2221/2293/2065 2220/2292/2064
f 2226/2297/2069 2227/276/166 2222/278/167 2221/2293/2065
f 753/1739/1572 2228/2298/2070 2223/2294/2066 726/1765/1598
f 2228/2298/2070 2229/2299/2071 2224/2295/2067 2223/2294/2066
f 2229/2299/2071 2230/2300/2072 2225/2296/2068 2224/2295/2067
f 2230/2300/2072 2231/2301/2073 2226/2297/2069 2225/2296/2068
f 2231/2301/2073 2232/274/165 2227/276/166 2226/2297/2069
f 780/1713/1546 2233/2302/2074 2228/2298/2070 753/1739/1572
f 2233/2302/2074 2234/2303/2075 2229/2299/2071 2228/2298/2070
f 2234/2303/2075 2235/2304/2076 2230/2300/2072 2229/2299/2071
f 2235/2304/2076 2236/2305/2077 2231/2301/2073 2230/2300/2072
f 2236/2305/2077 2237/272/164 2232/274/165 2231/2301/2073
f 807/1687/1520 2238/2306/2078 2233/2302/2074 780/1713/1546
f 2238/2306/2078 2239/2307/2079 2234/2303/2075 2233/2302/2074
f 2239/2307/2079 2240/2308/2080 2235/2304/2076 2234/2303/2075
f 2240/2308/2080 2241/2309/2081 2236/2305/2077 2235/2304/2076
f 2241/2309/2081 2242/270/163 2237/272/164 2236/2305/2077
f 834/1661/1494 2243/2310/2082 2238/2306/2078 807/1687/1520
f 2243/2310/2082 2244/2311/2083 2239/2307/2079 2238/2306/2078
f 2244/2311/2083 2245/2312/2084 2240/2308/2080 2239/2307/2079
f 2245/2312/2084 2246/2313/2085 2241/2309/2081 2240/2308/2080
f 2246/2313/2085 2247/268/162 2242/270/163 2241/2309/2081
f 861/1635/1468 2248/2314/2086 2243/2310/2082 834/1661/1494
f 2248/2314/2086 2249/2315/2087 2244/2311/2083 2243/2310/2082
f 2249/2315/2087 2250/2316/2088 2245/2312/2084 2244/2311/2083
f 2250/2316/2088 2251/2317/2089 2246/2313/2085 2245/2312/2084
f 2251/2317/2089 2252/266/161 2247/268/162 2246/2313/2085
f 888/1609/1442 2253/2318/2090 2248/2314/2086 861/1635/1468
f 2253/2318/2090 2254/2319/2091 2249/2315/2087 2248/2314/2086
f 2254/2319/2091 2255/2320/2092 2250/2316/2088 2249/2315/2087
f 2255/2320/2092 2256/2321/2093 2251/2317/2089 2250/2316/2088
f 2256/2321/2093 2257/264/160 2252/266/161 2251/2317/2089
f 915/1583/1416 2258/2322/2094 2253/2318/2090 888/1609/1442
f 2258/2322/2094 2259/2323/2095 2254/2319/2091 2253/2318/2090
f 2259/2323/2095 2260/2324/2096 2255/2320/2092 2254/2319/2091
f 2260/2324/2096 2261/2325/2097 2256/2321/2093 2255/2320/2092
f 2261/2325/2097 2262/262/159 2257/264/160 2256/2321/2093
f 942/1557/1390 2263/2326/2098 2258/2322/2094 915/1583/1416
f 2263/2326/2098 2264/2327/2099 2259/2323/2095 2258/2322/2094
f 2264/2327/2099 2265/2328/2100 2260/2324/2096 2259/2323/2095
f 2265/2328/2100 2266/2329/2101 2261/2325/2097 2260/2324/2096
f 2266/2329/2101 2267/260/158 2262/262/159 2261/2325/2097
f 969/1531/1364 2268/2330/2102 2263/2326/2098 942/1557/1390
f 2268/2330/2102 2269/2331/2103 2264/2327/2099 2263/2326/2098
f 2269/2331/2103 2270/2332/2104 2265/2328/2100 2264/2327/2099
f 2270/2332/2104 2271/2333/2105 2266/2329/2101 2265/2328/2100
f 2271/2333/2105 2272/258/157 2267/260/158 2266/2329/2101
f 996/1505/1338 2273/2334/2106 2268/2330/2102 969/1531/1364
f 2273/2334/2106 2274/2335/2107 2269/2331/2103 2268/2330/2102
f 2274/2335/2107 2275/2336/2108 2270/2332/2104 2269/2331/2103
f 2275/2336/2108 2276/2337/2109 2271/2333/2105 2270/2332/2104
f 2276/2337/2109 2277/256/156 2272/258/157 2271/2333/2105
f 1023/1479/1312 2278/2338/2110 2273/2334/2106 996/1505/1338
f 2278/2338/2110 2279/2339/2111 2274/2335/2107 2273/2334/2106
f 2279/2339/2111 2280/2340/2112 2275/2336/2108 2274/2335/2107
f 2280/2340/2112 2281/2341/2113 2276/2337/2109 2275/2336/2108
f 2281/2341/2113 2282/254/155 2277/256/156 2276/2337/2109
f 1050/1453/1286 2283/2342/2114 2278/2338/2110 1023/1479/1312
f 2283/2342/2114 2284/2343/2115 2279/2339/2111 2278/2338/2110
f 2284/2343/2115 2285/2344/2116 2280/2340/2112 2279/2339/2111
f 2285/2344/2116 2286/2345/2117 2281/2341/2113 2280/2340/2112
f 2286/2345/2117 2287/252/154 2282/254/155 2281/2341/2113
f 1077/1427/1260 2288/2346/2118 2283/2342/2114 1050/1453/1286
f 2288/2346/2118 2289/2347/2119 2284/2343/2115 2283/2342/2114
f 2289/2347/2119 2290/2348/2120 2285/2344/2116 2284/2343/2115
f 2290/2348/2120 2291/2349/2121 2286/2345/2117 2285/2344/2116
f 2291/2349/2121 2292/250/153 2287/252/154 2286/2345/2117
f 1104/1401/1234 2293/2350/2122 2288/2346/2118 1077/1427/1260
f 2293/2350/2122 2294/2351/2123 2289/2347/2119 2288/2346/2118
f 2294/2351/2123 2295/2352/2124 2290/2348/2120 2289/2347/2119
f 2295/2352/2124 2296/2353/2125 2291/2349/2121 2290/2348/2120
f 2296/2353/2125 2297/248/152 2292/250/153 2291/2349/2121
f 1131/1375/1208 2298/2354/2126 2293/2350/2122 1104/1401/1234
f 2298/2354/2126 2299/2355/2127 2294/2351/2123 2293/2350/2122
f 2299/2355/2127 2300/2356/2128 2295/2352/2124 2294/2351/2123
f 2300/2356/2128 2301/2357/2129 2296/2353/2125 2295/2352/2124
f 2301/2357/2129 2302/246/151 2297/248/152 2296/2353/2125
f 1158/1349/1182 2303/2358/2130 2298/2354/2126 1131/1375/1208
f 2303/2358/2130 2304/2359/2131 2299/2355/2127 2298/2354/2126
f 2304/2359/2131 2305/2360/2132 2300/2356/2128 2299/2355/2127
f 2305/2360/2132 2306/2361/2133 2301/2357/2129 2300/2356/2128
f 2306/2361/2133 2307/244/150 2302/246/151 2301/2357/2129
f 1185/1323/1156 2308/2362/2134 2303/2358/2130 1158/1349/1182
f 2308/2362/2134 2309/2363/2135 2304/2359/2131 2303/2358/2130
f 2309/2363/2135 2310/2364/2136 2305/2360/2132 2304/2359/2131
f 2310/2364/2136 2311/2365/2137 2306/2361/2133 2305/2360/2132
f 2311/2365/2137 2312/242/149 2307/244/150 2306/2361/2133
f 1212/1297/1131 2313/2366/2138 2308/2362/2134 1185/1323/1156
f 2313/2366/2138 2314/2367/2139 2309/2363/2135 2308/2362/2134
f 2314/2367/2139 2315/2368/2140 2310/2364/2136 2309/2363/2135
f 2315/2368/2140 2316/2369/9 2311/2365/2137 2310/2364/2136
f 2316/2369/9 2317/240/9 2312/242/149 2311/2365/2137
f 1239/1271/1106 2318/2370/2141 2313/2366/2138 1212/1297/1131
f 2318/2370/2141 2319/2371/2142 2314/2367/2139 2313/2366/2138
f 2319/2371/2142 2320/2372/9 2315/2368/2140 2314/2367/2139
f 2320/2372/9 2321/2373/9 2316/2369/9 2315/2368/2140
f 2321/2373/9 2322/238/9 2317/240/9 2316/2369/9
f 1266/1245/1080 2323/2374/2143 2318/2370/2141 1239/1271/1106
f 2323/2374/2143 2324/2375/2144 2319/2371/2142 2318/2370/2141
f 2324/2375/2144 2325/2376/9 2320/2372/9 2319/2371/2142
f 2325/2376/9 2326/2377/9 2321/2373/9 2320/2372/9
f 2326/2377/9 2327/236/9 2322/238/9 2321/2373/9
f 1293/1219/1054 2328/2378/2145 2323/2374/2143 1266/1245/1080
f 2328/2378/2145 2329/2379/2146 2324/2375/2144 2323/2374/2143
f 2329/2379/2146 2330/2380/9 2325/2376/9 2324/2375/2144
f 2330/2380/9 2331/2381/9 2326/2377/9 2325/2376/9
f 2331/2381/9 2332/234/9 2327/236/9 2326/2377/9
f 1320/1193/1028 2333/2382/2147 2328/2378/2145 1293/1219/1054
f 2333/2382/2147 2334/2383/2148 2329/2379/2146 2328/2378/2145
f 2334/2383/2148 2335/2384/9 2330/2380/9 2329/2379/2146
f 2335/2384/9 2336/2385/9 2331/2381/9 2330/2380/9
f 2336/2385/9 2337/232/9 2332/234/9 2331/2381/9
f 1347/1167/1002 2338/2386/2149 2333/2382/2147 1320/1193/1028
f 2338/2386/2149 2339/2387/2150 2334/2383/2148 2333/2382/2147
f 2339/2387/2150 2340/2388/9 2335/2384/9 2334/2383/2148
f 2340/2388/9 2341/2389/9 2336/2385/9 2335/2384/9
f 2341/2389/9 2342/230/9 2337/232/9 2336/2385/9
f 1374/1141/979 2343/2390/2151 2338/2386/2149 1347/1167/1002
f 2343/2390/2151 2344/2391/2152 2339/2387/2150 2338/2386/2149
f 2344/2391/2152 2345/2392/9 2340/2388/9 2339/2387/2150
f 2345/2392/9 2346/2393/9 2341/2389/9 2340/2388/9
f 2346/2393/9 2347/228/9 2342/230/9 2341/2389/9
f 1401/1115/956 2348/2394/2153 2343/2390/2151 1374/1141/979
f 2348/2394/2153 2349/2395/2154 2344/2391/2152 2343/2390/2151
f 2349/2395/2154 2350/2396/9 2345/2392/9 2344/2391/2152
f 2350/2396/9 2351/2397/9 2346/2393/9 2345/2392/9
f 2351/2397/9 2352/226/9 2347/228/9 2346/2393/9
f 1428/1089/932 2353/2398/2155 2348/2394/2153 1401/1115/956
f 2353/2398/2155 2354/2399/2156 2349/2395/2154 2348/2394/2153
f 2354/2399/2156 2355/2400/2157 2350/2396/9 2349/2395/2154
f 2355/2400/2157 2356/2401/9 2351/2397/9 2350/2396/9
f 2356/2401/9 2357/224/9 2352/226/9 2351/2397/9
f 1455/1063/908 2358/2402/2158 2353/2398/2155 1428/1089/932
f 2358/2402/2158 2359/2403/2159 2354/2399/2156 2353/2398/2155
f 2359/2403/2159 2360/2404/2160 2355/2400/2157 2354/2399/2156
f 2360/2404/2160 2361/2405/9 2356/2401/9 2355/2400/2157
f 2361/2405/9 2362/222/9 2357/224/9 2356/2401/9
f 1482/1037/884 2363/2406/2161 2358/2402/2158 1455/1063/908
f 2363/2406/2161 2364/2407/2162 2359/2403/2159 2358/2402/2158
f 2364/2407/2162 2365/2408/2163 2360/2404/2160 2359/2403/2159
f 2365/2408/2163 2366/2409/9 2361/2405/9 2360/2404/2160
f 2366/2409/9 2367/220/9 2362/222/9 2361/2405/9
f 1509/1011/859 2368/2410/2164 2363/2406/2161 1482/1037/884
f 2368/2410/2164 2369/2411/2165 2364/2407/2162 2363/2406/2161
f 2369/2411/2165 2370/2412/2166 2365/2408/2163 2364/2407/2162
f 2370/2412/2166 2371/2413/2167 2366/2409/9 2365/2408/2163
f 2371/2413/2167 2372/218/9 2367/220/9 2366/2409/9
f 1536/985/834 2373/2414/2168 2368/2410/2164 1509/1011/859
f 2373/2414/2168 2374/2415/2169 2369/2411/2165 2368/2410/2164
f 2374/2415/2169 2375/2416/2170 2370/2412/2166 2369/2411/2165
f 2375/2416/2170 2376/2417/2171 2371/2413/2167 2370/2412/2166
f 2376/2417/2171 2377/216/9 2372/218/9 2371/2413/2167
f 1563/959/808 2378/2418/2172 2373/2414/2168 1536/985/834
f 2378/2418/2172 2379/2419/2173 2374/2415/2169 2373/2414/2168
f 2379/2419/2173 2380/2420/2174 2375/2416/2170 2374/2415/2169
f 2380/2420/2174 2381/2421/2175 2376/2417/2171 2375/2416/2170
f 2381/2421/2175 2382/214/9 2377/216/9 2376/2417/2171
f 1590/933/782 2383/2422/2176 2378/2418/2172 1563/959/808
f 2383/2422/2176 2384/2423/2177 2379/2419/2173 2378/2418/2172
f 2384/2423/2177 2385/2424/2178 2380/2420/2174 2379/2419/2173
f 2385/2424/2178 2386/2425/2179 2381/2421/2175 2380/2420/2174
f 2386/2425/2179 2387/212/148 2382/214/9 2381/2421/2175
f 1617/907/756 2388/2426/2180 2383/2422/2176 1590/933/782
f 2388/2426/2180 2389/2427/2181 2384/2423/2177 2383/2422/2176
f 2389/2427/2181 2390/2428/2182 2385/2424/2178 2384/2423/2177
f 2390/2428/2182 2391/2429/2183 2386/2425/2179 2385/2424/2178
f 2391/2429/2183 2392/210/147 2387/212/148 2386/2425/2179
f 1644/881/730 2393/2430/2184 2388/2426/2180 1617/907/756
f 2393/2430/2184 2394/2431/2185 2389/2427/2181 2388/2426/2180
f 2394/2431/2185 2395/2432/2186 2390/2428/2182 2389/2427/2181
f 2395/2432/2186 2396/2433/2187 2391/2429/2183 2390/2428/2182
f 2396/2433/2187 2397/208/146 2392/210/147 2391/2429/2183
f 1671/855/704 2398/2434/2188 2393/2430/2184 1644/881/730
f 2398/2434/2188 2399/2435/2189 2394/2431/2185 2393/2430/2184
f 2399/2435/2189 2400/2436/2190 2395/2432/2186 2394/2431/2185
f 2400/2436/2190 2401/2437/2191 2396/2433/2187 2395/2432/2186
f 2401/2437/2191 2402/206/145 2397/208/146 2396/2433/2187
f 1698/829/678 2403/2438/2192 2398/2434/2188 1671/855/704
f 2403/2438/2192 2404/2439/2193 2399/2435/2189 2398/2434/2188
f 2404/2439/2193 2405/2440/2194 2400/2436/2190 2399/2435/2189
f 2405/2440/2194 2406/2441/2195 2401/2437/2191 2400/2436/2190
f 2406/2441/2195 2407/204/144 2402/206/145 2401/2437/2191
f 1725/803/652 2408/2442/2196 2403/2438/2192 1698/829/678
f 2408/2442/2196 2409/2443/2197 2404/2439/2193 2403/2438/2192
f 2409/2443/2197 2410/2444/2198 2405/2440/2194 2404/2439/2193
f 2410/2444/2198 2411/2445/2199 2406/2441/2195 2405/2440/2194
f 2411/2445/2199 2412/202/143 2407/204/144 2406/2441/2195
f 1752/777/626 2413/2446/2200 2408/2442/2196 1725/803/652
f 2413/2446/2200 2414/2447/2201 2409/2443/2197 2408/2442/2196
f 2414/2447/2201 2415/2448/2202 2410/2444/2198 2409/2443/2197
f 2415/2448/2202 2416/2449/2203 2411/2445/2199 2410/2444/2198
f 2416/2449/2203 2417/200/142 2412/202/143 2411/2445/2199
f 1779/751/600 2418/2450/2204 2413/2446/2200 1752/777/626
f 2418/2450/2204 2419/2451/2205 2414/2447/2201 2413/2446/2200
f 2419/2451/2205 2420/2452/2206 2415/2448/2202 2414/2447/2201
f 2420/2452/2206 2421/2453/2207 2416/2449/2203 2415/2448/2202
f 2421/2453/2207 2422/198/141 2417/200/142 2416/2449/2203
f 1806/725/574 2423/2454/2208 2418/2450/2204 1779/751/600
f 2423/2454/2208 2424/2455/2209 2419/2451/2205 2418/2450/2204
f 2424/2455/2209 2425/2456/2210 2420/2452/2206 2419/2451/2205
f 2425/2456/2210 2426/2457/2211 2421/2453/2207 2420/2452/2206
f 2426/2457/2211 2427/196/140 2422/198/141 2421/2453/2207
f 1833/699/548 2428/2458/2212 2423/2454/2208 1806/725/574
f 2428/2458/2212 2429/2459/2213 2424/2455/2209 2423/2454/2208
f 2429/2459/2213 2430/2460/2214 2425/2456/2210 2424/2455/2209
f 2430/2460/2214 2431/2461/2215 2426/2457/2211 2425/2456/2210
f 2431/2461/2215 2432/194/139 2427/196/140 2426/2457/2211
f 1860/673/522 2433/2462/2216 2428/2458/2212 1833/699/548
f 2433/2462/2216 2434/2463/2217 2429/2459/2213 2428/2458/2212
f 2434/2463/2217 2435/2464/2218 2430/2460/2214 2429/2459/2213
f 2435/2464/2218 2436/2465/2219 2431/2461/2215 2430/2460/2214
f 2436/2465/2219 2437/192/138 2432/194/139 2431/2461/2215
f 1887/647/496 2438/2466/2220 2433/2462/2216 1860/673/522
f 2438/2466/2220 2439/2467/2221 2434/2463/2217 2433/2462/2216
f 2439/2467/2221 2440/2468/2222 2435/2464/2218 2434/2463/2217
f 2440/2468/2222 2441/2469/2223 2436/2465/2219 2435/2464/2218
f 2441/2469/2223 2442/190/137 2437/192/138 2436/2465/2219
f 1914/621/470 2443/2470/2224 2438/2466/2220 1887/647/496
f 2443/2470/2224 2444/2471/2225 2439/2467/2221 2438/2466/2220
f 2444/2471/2225 2445/2472/2226 2440/2468/2222 2439/2467/2221
f 2445/2472/2226 2446/2473/2227 2441/2469/2223 2440/2468/2222
f 2446/2473/2227 2447/188/9 2442/190/137 2441/2469/2223
f 1941/595/444 2448/2474/2228 2443/2470/2224 1914/621/470
f 2448/2474/2228 2449/2475/2229 2444/2471/2225 2443/2470/2224
f 2449/2475/2229 2450/2476/2230 2445/2472/2226 2444/2471/2225
f 2450/2476/2230 2451/2477/2231 2446/2473/2227 2445/2472/2226
f 2451/2477/2231 2452/186/9 2447/188/9 2446/2473/2227
f 1968/569/417 2453/2478/2232 2448/2474/2228 1941/595/444
f 2453/2478/2232 2454/2479/2233 2449/2475/2229 2448/2474/2228
f 2454/2479/2233 2455/2480/9 2450/2476/2230 2449/2475/2229
f 2455/2480/9 2456/2481/9 2451/2477/2231 2450/2476/2230
f 2456/2481/9 2457/184/9 2452/186/9 2451/2477/2231
f 1995/543/391 2458/2482/2234 2453/2478/2232 1968/569/417
f 2458/2482/2234 2459/2483/2235 2454/2479/2233 2453/2478/2232
f 2459/2483/2235 2460/2484/9 2455/2480/9 2454/2479/2233
f 2460/2484/9 2461/2485/9 2456/2481/9 2455/2480/9
f 2461/2485/9 2462/182/9 2457/184/9 2456/2481/9
f 2022/517/365 2463/2486/9 2458/2482/2234 1995/543/391
f 2463/2486/9 2464/2487/9 2459/2483/2235 2458/2482/2234
f 2464/2487/9 2465/2488/9 2460/2484/9 2459/2483/2235
f 2465/2488/9 2466/2489/9 2461/2485/9 2460/2484/9
f 2466/2489/9 2467/180/9 2462/182/9 2461/2485/9
f 2049/491/339 2468/2490/2236 2463/2486/9 2022/517/365
f 2468/2490/2236 2469/2491/9 2464/2487/9 2463/2486/9
f 2469/2491/9 2470/2492/9 2465/2488/9 2464/2487/9
f 2470/2492/9 2471/2493/9 2466/2489/9 2465/2488/9
f 2471/2493/9 2472/178/9 2467/180/9 2466/2489/9
f 2076/465/315 2473/2494/2237 2468/2490/2236 2049/491/339
f 2473/2494/2237 2474/2495/2238 2469/2491/9 2468/2490/2236
f 2474/2495/2238 2475/2496/9 2470/2492/9 2469/2491/9
f 2475/2496/9 2476/2497/9 2471/2493/9 2470/2492/9
f 2476/2497/9 2477/176/9 2472/178/9 2471/2493/9
f 2103/439/294 2478/2498/2239 2473/2494/2237 2076/465/315
f 2478/2498/2239 2479/2499/2240 2474/2495/2238 2473/2494/2237
f 2479/2499/2240 2480/2500/9 2475/2496/9 2474/2495/2238
f 2480/2500/9 2481/2501/9 2476/2497/9 2475/2496/9
f 2481/2501/9 2482/174/9 2477/176/9 2476/2497/9
f 2130/413/272 2483/2502/2241 2478/2498/2239 2103/439/294
f 2483/2502/2241 2484/2503/2242 2479/2499/2240 2478/2498/2239
f 2484/2503/2242 2485/2504/9 2480/2500/9 2479/2499/2240
f 2485/2504/9 2486/2505/9 2481/2501/9 2480/2500/9
f 2486/2505/9 2487/172/9 2482/174/9 2481/2501/9
f 2157/387/247 2488/2506/2243 2483/2502/2241 2130/413/272
f 2488/2506/2243 2489/2507/2244 2484/2503/2242 2483/2502/2241
f 2489/2507/2244 2490/2508/9 2485/2504/9 2484/2503/2242
f 2490/2508/9 2491/2509/9 2486/2505/9 2485/2504/9
f 2491/2509/9 2492/170/9 2487/172/9 2486/2505/9
f 2184/361/221 220/2510/2245 2488/2506/2243 2157/387/247
f 220/2510/2245 221/2511/2246 2489/2507/2244 2488/2506/2243
f 221/2511/2246 222/2512/9 2490/2508/9 2489/2507/2244
f 222/2512/9 223/2513/9 2491/2509/9 2490/2508/9
f 223/2513/9 224/168/9 2492/170/9 2491/2509/9
f 322/360/220 235/2514/2247 220/2510/2245 2184/361/221
f 235/2514/2247 236/2515/9 221/2511/2246 220/2510/2245
f 236/2515/9 237/2516/9 222/2512/9 221/2511/2246
f 237/2516/9 238/2517/9 223/2513/9 222/2512/9
f 238/2517/9 239/165/9 224/168/9 223/2513/9
f 98/2518/9 2497/2519/9 2512/2520/9 100/2521/9
f 2497/2519/9 2496/2522/9 2511/2523/9 2512/2520/9
f 2496/2522/9 2495/2235/9 2510/2524/9 2511/2523/9
f 2495/2235/9 2494/2237/9 2509/2525/9 2510/2524/9
f 2494/2237/9 2493/163/9 2508/29/9 2509/2525/9
f 166/2526/9 2518/2527/2248 2513/2528/2249 167/2529/9
f 2518/2527/2248 2519/2530/2250 2514/2531/2251 2513/2528/2249
f 2519/2530/2250 2520/2532/2252 2515/2533/2253 2514/2531/2251
f 2520/2532/2252 2521/2534/2254 2516/2535/2255 2515/2533/2253
f 2521/2534/2254 2522/162/136 2517/23/11 2516/2535/2255
f 165/2536/9 2523/2537/2256 2518/2527/2248 166/2526/9
f 2523/2537/2256 2524/2538/2257 2519/2530/2250 2518/2527/2248
f 2524/2538/2257 2525/2539/2258 2520/2532/2252 2519/2530/2250
f 2525/2539/2258 2526/2540/2259 2521/2534/2254 2520/2532/2252
f 2526/2540/2259 2527/160/134 2522/162/136 2521/2534/2254
f 164/2541/9 2528/2542/2260 2523/2537/2256 165/2536/9
f 2528/2542/2260 2529/2543/2261 2524/2538/2257 2523/2537/2256
f 2529/2543/2261 2530/2544/2262 2525/2539/2258 2524/2538/2257
f 2530/2544/2262 2531/2545/2263 2526/2540/2259 2525/2539/2258
f 2531/2545/2263 2532/158/132 2527/160/134 2526/2540/2259
f 163/2546/9 2533/2547/2264 2528/2542/2260 164/2541/9
f 2533/2547/2264 2534/2548/2265 2529/2543/2261 2528/2542/2260
f 2534/2548/2265 2535/2549/2266 2530/2544/2262 2529/2543/2261
f 2535/2549/2266 2536/2550/2267 2531/2545/2263 2530/2544/2262
f 2536/2550/2267 2537/156/130 2532/158/132 2531/2545/2263
f 162/2551/9 2538/2552/2268 2533/2547/2264 163/2546/9
f 2538/2552/2268 2539/2553/2269 2534/2548/2265 2533/2547/2264
f 2539/2553/2269 2540/2554/2270 2535/2549/2266 2534/2548/2265
f 2540/2554/2270 2541/2555/2271 2536/2550/2267 2535/2549/2266
f 2541/2555/2271 2542/154/128 2537/156/130 2536/2550/2267
f 161/2556/9 2543/2557/2272 2538/2552/2268 162/2551/9
f 2543/2557/2272 2544/2558/2273 2539/2553/2269 2538/2552/2268
f 2544/2558/2273 2545/2559/2274 2540/2554/2270 2539/2553/2269
f 2545/2559/2274 2546/2560/2275 2541/2555/2271 2540/2554/2270
f 2546/2560/2275 2547/152/126 2542/154/128 2541/2555/2271
f 160/2561/9 2548/2562/2276 2543/2557/2272 161/2556/9
f 2548/2562/2276 2549/2563/2277 2544/2558/2273 2543/2557/2272
f 2549/2563/2277 2550/2564/2278 2545/2559/2274 2544/2558/2273
f 2550/2564/2278 2551/2565/2279 2546/2560/2275 2545/2559/2274
f 2551/2565/2279 2552/150/124 2547/152/126 2546/2560/2275
f 159/2566/9 2553/2567/2280 2548/2562/2276 160/2561/9
f 2553/2567/2280 2554/2568/2281 2549/2563/2277 2548/2562/2276
f 2554/2568/2281 2555/2569/2282 2550/2564/2278 2549/2563/2277
f 2555/2569/2282 2556/2570/2283 2551/2565/2279 2550/2564/2278
f 2556/2570/2283 2557/148/122 2552/150/124 2551/2565/2279
f 158/2571/9 2558/2572/2284 2553/2567/2280 159/2566/9
f 2558/2572/2284 2559/2573/2285 2554/2568/2281 2553/2567/2280
f 2559/2573/2285 2560/2574/2286 2555/2569/2282 2554/2568/2281
f 2560/2574/2286 2561/2575/2287 2556/2570/2283 2555/2569/2282
f 2561/2575/2287 2562/146/120 2557/148/122 2556/2570/2283
f 157/2576/9 2563/2577/9 2558/2572/2284 158/2571/9
f 2563/2577/9 2564/2578/2288 2559/2573/2285 2558/2572/2284
f 2564/2578/2288 2565/2579/2289 2560/2574/2286 2559/2573/2285
f 2565/2579/2289 2566/2580/2290 2561/2575/2287 2560/2574/2286
f 2566/2580/2290 2567/144/118 2562/146/120 2561/2575/2287
f 156/2581/9 2568/2582/9 2563/2577/9 157/2576/9
f 2568/2582/9 2569/2583/2291 2564/2578/2288 2563/2577/9
f 2569/2583/2291 2570/2584/2292 2565/2579/2289 2564/2578/2288
f 2570/2584/2292 2571/2585/2293 2566/2580/2290 2565/2579/2289
f 2571/2585/2293 2572/142/116 2567/144/118 2566/2580/2290
f 155/2586/9 2573/2587/9 2568/2582/9 156/2581/9
f 2573/2587/9 2574/2588/2294 2569/2583/2291 2568/2582/9
f 2574/2588/2294 2575/2589/2295 2570/2584/2292 2569/2583/2291
f 2575/2589/2295 2576/2590/2296 2571/2585/2293 2570/2584/2292
f 2576/2590/2296 2577/140/114 2572/142/116 2571/2585/2293
f 154/2591/9 2578/2592/9 2573/2587/9 155/2586/9
f 2578/2592/9 2579/2593/2297 2574/2588/2294 2573/2587/9
f 2579/2593/2297 2580/2594/2298 2575/2589/2295 2574/2588/2294
f 2580/2594/2298 2581/2595/2299 2576/2590/2296 2575/2589/2295
f 2581/2595/2299 2582/138/112 2577/140/114 2576/2590/2296
f 153/2596/9 2583/2597/9 2578/2592/9 154/2591/9
f 2583/2597/9 2584/2598/2300 2579/2593/2297 2578/2592/9
f 2584/2598/2300 2585/2599/2301 2580/2594/2298 2579/2593/2297
f 2585/2599/2301 2586/2600/2302 2581/2595/2299 2580/2594/2298
f 2586/2600/2302 2587/136/110 2582/138/112 2581/2595/2299
f 152/2601/9 2588/2602/9 2583/2597/9 153/2596/9
f 2588/2602/9 2589/2603/2303 2584/2598/2300 2583/2597/9
f 2589/2603/2303 2590/2604/2304 2585/2599/2301 2584/2598/2300
f 2590/2604/2304 2591/2605/2305 2586/2600/2302 2585/2599/2301
f 2591/2605/2305 2592/134/108 2587/136/110 2586/2600/2302
f 151/2606/9 2593/2607/9 2588/2602/9 152/2601/9
f 2593/2607/9 2594/2608/2306 2589/2603/2303 2588/2602/9
f 2594/2608/2306 2595/2609/2307 2590/2604/2304 2589/2603/2303
f 2595/2609/2307 2596/2610/2308 2591/2605/2305 2590/2604/2304
f 2596/2610/2308 2597/132/106 2592/134/108 2591/2605/2305
f 150/2611/9 2598/2612/9 2593/2607/9 151/2606/9
f 2598/2612/9 2599/2613/2309 2594/2608/2306 2593/2607/9
f 2599/2613/2309 2600/2614/2310 2595/2609/2307 2594/2608/2306
f 2600/2614/2310 2601/2615/2311 2596/2610/2308 2595/2609/2307
f 2601/2615/2311 2602/130/104 2597/132/106 2596/2610/2308
f 149/2616/9 2603/2617/9 2598/2612/9 150/2611/9
f 2603/2617/9 2604/2618/2312 2599/2613/2309 2598/2612/9
f 2604/2618/2312 2605/2619/2313 2600/2614/2310 2599/2613/2309
f 2605/2619/2313 2606/2620/2314 2601/2615/2311 2600/2614/2310
f 2606/2620/2314 2607/128/102 2602/130/104 2601/2615/2311
f 148/2621/9 2608/2622/9 2603/2617/9 149/2616/9
f 2608/2622/9 2609/2623/2315 2604/2618/2312 2603/2617/9
f 2609/2623/2315 2610/2624/2316 2605/2619/2313 2604/2618/2312
f 2610/2624/2316 2611/2625/2317 2606/2620/2314 2605/2619/2313
f 2611/2625/2317 2612/126/100 2607/128/102 2606/2620/2314
f 147/2626/9 2613/2627/9 2608/2622/9 148/2621/9
f 2613/2627/9 2614/2628/2318 2609/2623/2315 2608/2622/9
f 2614/2628/2318 2615/2629/2319 2610/2624/2316 2609/2623/2315
f 2615/2629/2319 2616/2630/2320 2611/2625/2317 2610/2624/2316
f 2616/2630/2320 2617/124/98 2612/126/100 2611/2625/2317
f 146/2631/9 2618/2632/9 2613/2627/9 147/2626/9
f 2618/2632/9 2619/2633/2321 2614/2628/2318 2613/2627/9
f 2619/2633/2321 2620/2634/2322 2615/2629/2319 2614/2628/2318
f 2620/2634/2322 2621/2635/2323 2616/2630/2320 2615/2629/2319
f 2621/2635/2323 2622/122/96 2617/124/98 2616/2630/2320
f 145/2636/9 2623/2637/9 2618/2632/9 146/2631/9
f 2623/2637/9 2624/2638/2324 2619/2633/2321 2618/2632/9
f 2624/2638/2324 2625/2639/2325 2620/2634/2322 2619/2633/2321
f 2625/2639/2325 2626/2640/2326 2621/2635/2323 2620/2634/2322
f 2626/2640/2326 2627/120/94 2622/122/96 2621/2635/2323
f 144/2641/9 2628/2642/9 2623/2637/9 145/2636/9
f 2628/2642/9 2629/2643/2327 2624/2638/2324 2623/2637/9
f 2629/2643/2327 2630/2644/2328 2625/2639/2325 2624/2638/2324
f 2630/2644/2328 2631/2645/2329 2626/2640/2326 2625/2639/2325
f 2631/2645/2329 2632/118/92 2627/120/94 2626/2640/2326
f 143/2646/9 2633/2647/9 2628/2642/9 144/2641/9
f 2633/2647/9 2634/2648/2330 2629/2643/2327 2628/2642/9
f 2634/2648/2330 2635/2649/2331 2630/2644/2328 2629/2643/2327
f 2635/2649/2331 2636/2650/2332 2631/2645/2329 2630/2644/2328
f 2636/2650/2332 2637/116/90 2632/118/92 2631/2645/2329
f 142/2651/9 2638/2652/2333 2633/2647/9 143/2646/9
f 2638/2652/2333 2639/2653/2334 2634/2648/2330 2633/2647/9
f 2639/2653/2334 2640/2654/2335 2635/2649/2331 2634/2648/2330
f 2640/2654/2335 2641/2655/2336 2636/2650/2332 2635/2649/2331
f 2641/2655/2336 2642/114/88 2637/116/90 2636/2650/2332
f 141/2656/9 2643/2657/2337 2638/2652/2333 142/2651/9
f 2643/2657/2337 2644/2658/2338 2639/2653/2334 2638/2652/2333
f 2644/2658/2338 2645/2659/2339 2640/2654/2335 2639/2653/2334
f 2645/2659/2339 2646/2660/2340 2641/2655/2336 2640/2654/2335
f 2646/2660/2340 2647/112/86 2642/114/88 2641/2655/2336
f 140/2661/9 2648/2662/2341 2643/2657/2337 141/2656/9
f 2648/2662/2341 2649/2663/2342 2644/2658/2338 2643/2657/2337
f 2649/2663/2342 2650/2664/2343 2645/2659/2339 2644/2658/2338
f 2650/2664/2343 2651/2665/2344 2646/2660/2340 2645/2659/2339
f 2651/2665/2344 2652/110/84 2647/112/86 2646/2660/2340
f 139/2666/9 2653/2667/2345 2648/2662/2341 140/2661/9
f 2653/2667/2345 2654/2668/2346 2649/2663/2342 2648/2662/2341
f 2654/2668/2346 2655/2669/2347 2650/2664/2343 2649/2663/2342
f 2655/2669/2347 2656/2670/2348 2651/2665/2344 2650/2664/2343
f 2656/2670/2348 2657/108/82 2652/110/84 2651/2665/2344
f 138/2671/9 2658/2672/2349 2653/2667/2345 139/2666/9
f 2658/2672/2349 2659/2673/2350 2654/2668/2346 2653/2667/2345
f 2659/2673/2350 2660/2674/2351 2655/2669/2347 2654/2668/2346
f 2660/2674/2351 2661/2675/2352 2656/2670/2348 2655/2669/2347
f 2661/2675/2352 2662/106/80 2657/108/82 2656/2670/2348
f 137/2676/9 2663/2677/2353 2658/2672/2349 138/2671/9
f 2663/2677/2353 2664/2678/2354 2659/2673/2350 2658/2672/2349
f 2664/2678/2354 2665/2679/2355 2660/2674/2351 2659/2673/2350
f 2665/2679/2355 2666/2680/2356 2661/2675/2352 2660/2674/2351
f 2666/2680/2356 2667/104/78 2662/106/80 2661/2675/2352
f 136/2681/9 2668/2682/2357 2663/2677/2353 137/2676/9
f 2668/2682/2357 2669/2683/2358 2664/2678/2354 2663/2677/2353
f 2669/2683/2358 2670/2684/2359 2665/2679/2355 2664/2678/2354
f 2670/2684/2359 2671/2685/2360 2666/2680/2356 2665/2679/2355
f 2671/2685/2360 2672/102/76 2667/104/78 2666/2680/2356
f 135/2686/9 2673/2687/2361 2668/2682/2357 136/2681/9
f 2673/2687/2361 2674/2688/2362 2669/2683/2358 2668/2682/2357
f 2674/2688/2362 2675/2689/2363 2670/2684/2359 2669/2683/2358
f 2675/2689/2363 2676/2690/2364 2671/2685/2360 2670/2684/2359
f 2676/2690/2364 2677/100/74 2672/102/76 2671/2685/2360
f 134/2691/9 2678/2692/9 2673/2687/2361 135/2686/9
f 2678/2692/9 2679/2693/2365 2674/2688/2362 2673/2687/2361
f 2679/2693/2365 2680/2694/2366 2675/2689/2363 2674/2688/2362
f 2680/2694/2366 2681/2695/2367 2676/2690/2364 2675/2689/2363
f 2681/2695/2367 2682/98/72 2677/100/74 2676/2690/2364
f 133/2696/9 2683/2697/9 2678/2692/9 134/2691/9
f 2683/2697/9 2684/2698/2368 2679/2693/2365 2678/2692/9
f 2684/2698/2368 2685/2699/2369 2680/2694/2366 2679/2693/2365
f 2685/2699/2369 2686/2700/2370 2681/2695/2367 2680/2694/2366
f 2686/2700/2370 2687/96/70 2682/98/72 2681/2695/2367
f 132/2701/9 2688/2702/9 2683/2697/9 133/2696/9
f 2688/2702/9 2689/2703/2371 2684/2698/2368 2683/2697/9
f 2689/2703/2371 2690/2704/2372 2685/2699/2369 2684/2698/2368
f 2690/2704/2372 2691/2705/2373 2686/2700/2370 2685/2699/2369
f 2691/2705/2373 2692/94/68 2687/96/70 2686/2700/2370
f 131/2706/9 2693/2707/9 2688/2702/9 132/2701/9
f 2693/2707/9 2694/2708/2374 2689/2703/2371 2688/2702/9
f 2694/2708/2374 2695/2709/2375 2690/2704/2372 2689/2703/2371
f 2695/2709/2375 2696/2710/2376 2691/2705/2373 2690/2704/2372
f 2696/2710/2376 2697/92/66 2692/94/68 2691/2705/2373
f 130/2711/9 2698/2712/9 2693/2707/9 131/2706/9
f 2698/2712/9 2699/2713/2377 2694/2708/2374 2693/2707/9
f 2699/2713/2377 2700/2714/2378 2695/2709/2375 2694/2708/2374
f 2700/2714/2378 2701/2715/2379 2696/2710/2376 2695/2709/2375
f 2701/2715/2379 2702/90/64 2697/92/66 2696/2710/2376
f 129/2716/9 2703/2717/9 2698/2712/9 130/2711/9
f 2703/2717/9 2704/2718/2380 2699/2713/2377 2698/2712/9
f 2704/2718/2380 2705/2719/2381 2700/2714/2378 2699/2713/2377
f 2705/2719/2381 2706/2720/2382 2701/2715/2379 2700/2714/2378
f 2706/2720/2382 2707/88/62 2702/90/64 2701/2715/2379
f 128/2721/9 2708/2722/9 2703/2717/9 129/2716/9
f 2708/2722/9 2709/2723/2383 2704/2718/2380 2703/2717/9
f 2709/2723/2383 2710/2724/2384 2705/2719/2381 2704/2718/2380
f 2710/2724/2384 2711/2725/2385 2706/2720/2382 2705/2719/2381
f 2711/2725/2385 2712/86/60 2707/88/62 2706/2720/2382
f 127/2726/9 2713/2727/2386 2708/2722/9 128/2721/9
f 2713/2727/2386 2714/2728/2387 2709/2723/2383 2708/2722/9
f 2714/2728/2387 2715/2729/2388 2710/2724/2384 2709/2723/2383
f 2715/2729/2388 2716/2730/2389 2711/2725/2385 2710/2724/2384
f 2716/2730/2389 2717/84/58 2712/86/60 2711/2725/2385
f 126/2731/9 2718/2732/2390 2713/2727/2386 127/2726/9
f 2718/2732/2390 2719/2733/2391 2714/2728/2387 2713/2727/2386
f 2719/2733/2391 2720/2734/2392 2715/2729/2388 2714/2728/2387
f 2720/2734/2392 2721/2735/2393 2716/2730/2389 2715/2729/2388
f 2721/2735/2393 2722/82/56 2717/84/58 2716/2730/2389
f 125/2736/9 2723/2737/2394 2718/2732/2390 126/2731/9
f 2723/2737/2394 2724/2738/2395 2719/2733/2391 2718/2732/2390
f 2724/2738/2395 2725/2739/2396 2720/2734/2392 2719/2733/2391
f 2725/2739/2396 2726/2740/2397 2721/2735/2393 2720/2734/2392
f 2726/2740/2397 2727/80/54 2722/82/56 2721/2735/2393
f 124/2741/9 2728/2742/2398 2723/2737/2394 125/2736/9
f 2728/2742/2398 2729/2743/2399 2724/2738/2395 2723/2737/2394
f 2729/2743/2399 2730/2744/2400 2725/2739/2396 2724/2738/2395
f 2730/2744/2400 2731/2745/2401 2726/2740/2397 2725/2739/2396
f 2731/2745/2401 2732/78/52 2727/80/54 2726/2740/2397
f 123/2746/9 2733/2747/2402 2728/2742/2398 124/2741/9
f 2733/2747/2402 2734/2748/2403 2729/2743/2399 2728/2742/2398
f 2734/2748/2403 2735/2749/2404 2730/2744/2400 2729/2743/2399
f 2735/2749/2404 2736/2750/2405 2731/2745/2401 2730/2744/2400
f 2736/2750/2405 2737/76/50 2732/78/52 2731/2745/2401
f 122/2751/9 2738/2752/2406 2733/2747/2402 123/2746/9
f 2738/2752/2406 2739/2753/2407 2734/2748/2403 2733/2747/2402
f 2739/2753/2407 2740/2754/2408 2735/2749/2404 2734/2748/2403
f 2740/2754/2408 2741/2755/2409 2736/2750/2405 2735/2749/2404
f 2741/2755/2409 2742/74/48 2737/76/50 2736/2750/2405
f 121/2756/9 2743/2757/2410 2738/2752/2406 122/2751/9
f 2743/2757/2410 2744/2758/2411 2739/2753/2407 2738/2752/2406
f 2744/2758/2411 2745/2759/2412 2740/2754/2408 2739/2753/2407
f 2745/2759/2412 2746/2760/2413 2741/2755/2409 2740/2754/2408
f 2746/2760/2413 2747/72/46 2742/74/48 2741/2755/2409
f 120/2761/9 2748/2762/2414 2743/2757/2410 121/2756/9
f 2748/2762/2414 2749/2763/2415 2744/2758/2411 2743/2757/2410
f 2749/2763/2415 2750/2764/2416 2745/2759/2412 2744/2758/2411
f 2750/2764/2416 2751/2765/2417 2746/2760/2413 2745/2759/2412
f 2751/2765/2417 2752/70/44 2747/72/46 2746/2760/2413
f 119/2766/9 2753/2767/2418 2748/2762/2414 120/2761/9
f 2753/2767/2418 2754/2768/2419 2749/2763/2415 2748/2762/2414
f 2754/2768/2419 2755/2769/2420 2750/2764/2416 2749/2763/2415
f 2755/2769/2420 2756/2770/2421 2751/2765/2417 2750/2764/2416
f 2756/2770/2421 2757/68/42 2752/70/44 2751/2765/2417
f 118/2771/9 2758/2772/2422 2753/2767/2418 119/2766/9
f 2758/2772/2422 2759/2773/2423 2754/2768/2419 2753/2767/2418
f 2759/2773/2423 2760/2774/2424 2755/2769/2420 2754/2768/2419
f 2760/2774/2424 2761/2775/2425 2756/2770/2421 2755/2769/2420
f 2761/2775/2425 2762/66/40 2757/68/42 2756/2770/2421
f 117/2776/9 2763/2777/2426 2758/2772/2422 118/2771/9
f 2763/2777/2426 2764/2778/2427 2759/2773/2423 2758/2772/2422
f 2764/2778/2427 2765/2779/2428 2760/2774/2424 2759/2773/2423
f 2765/2779/2428 2766/2780/2429 2761/2775/2425 2760/2774/2424
f 2766/2780/2429 2767/64/38 2762/66/40 2761/2775/2425
f 116/2781/9 2768/2782/2430 2763/2777/2426 117/2776/9
f 2768/2782/2430 2769/2783/2431 2764/2778/2427 2763/2777/2426
f 2769/2783/2431 2770/2784/2432 2765/2779/2428 2764/2778/2427
f 2770/2784/2432 2771/2785/2433 2766/2780/2429 2765/2779/2428
f 2771/2785/2433 2772/62/36 2767/64/38 2766/2780/2429
f 115/2786/9 2773/2787/9 2768/2782/2430 116/2781/9
f 2773/2787/9 2774/2788/9 2769/2783/2431 2768/2782/2430
f 2774/2788/9 2775/2789/9 2770/2784/2432 2769/2783/2431
f 2775/2789/9 2776/2790/9 2771/2785/2433 2770/2784/2432
f 2776/2790/9 2777/60/9 2772/62/36 2771/2785/2433
f 114/2791/9 2778/2792/9 2773/2787/9 115/2786/9
f 2778/2792/9 2779/2793/9 2774/2788/9 2773/2787/9
f 2779/2793/9 2780/2794/9 2775/2789/9 2774/2788/9
f 2780/2794/9 2781/2795/9 2776/2790/9 2775/2789/9
f 2781/2795/9 2782/58/9 2777/60/9 2776/2790/9
f 113/2796/9 2783/2797/9 2778/2792/9 114/2791/9
f 2783/2797/9 2784/2798/9 2779/2793/9 2778/2792/9
f 2784/2798/9 2785/2799/9 2780/2794/9 2779/2793/9
f 2785/2799/9 2786/2800/9 2781/2795/9 2780/2794/9
f 2786/2800/9 2787/56/33 2782/58/9 2781/2795/9
f 112/2801/9 2788/2802/9 2783/2797/9 113/2796/9
f 2788/2802/9 2789/2803/9 2784/2798/9 2783/2797/9
f 2789/2803/9 2790/2804/9 2785/2799/9 2784/2798/9
f 2790/2804/9 2791/2805/2434 2786/2800/9 2785/2799/9
f 2791/2805/2434 2792/54/31 2787/56/33 2786/2800/9
f 111/2806/9 2793/2807/9 2788/2802/9 112/2801/9
f 2793/2807/9 2794/2808/9 2789/2803/9 2788/2802/9
f 2794/2808/9 2795/2809/9 2790/2804/9 2789/2803/9
f 2795/2809/9 2796/2810/2435 2791/2805/2434 2790/2804/9
f 2796/2810/2435 2797/52/29 2792/54/31 2791/2805/2434
f 110/2811/9 2798/2812/9 2793/2807/9 111/2806/9
f 2798/2812/9 2799/2813/9 2794/2808/9 2793/2807/9
f 2799/2813/9 2800/2814/9 2795/2809/9 2794/2808/9
f 2800/2814/9 2801/2815/2436 2796/2810/2435 2795/2809/9
f 2801/2815/2436 2802/50/27 2797/52/29 2796/2810/2435
f 109/2816/9 2803/2817/9 2798/2812/9 110/2811/9
f 2803/2817/9 2804/2818/9 2799/2813/9 2798/2812/9
f 2804/2818/9 2805/2819/9 2800/2814/9 2799/2813/9
f 2805/2819/9 2806/2820/2437 2801/2815/2436 2800/2814/9
f 2806/2820/2437 2807/48/25 2802/50/27 2801/2815/2436
f 108/2821/9 2808/2822/9 2803/2817/9 109/2816/9
f 2808/2822/9 2809/2823/9 2804/2818/9 2803/2817/9
f 2809/2823/9 2810/2824/9 2805/2819/9 2804/2818/9
f 2810/2824/9 2811/2825/2438 2806/2820/2437 2805/2819/9
f 2811/2825/2438 2812/46/23 2807/48/25 2806/2820/2437
f 107/2826/9 2813/2827/9 2808/2822/9 108/2821/9
f 2813/2827/9 2814/2828/9 2809/2823/9 2808/2822/9
f 2814/2828/9 2815/2829/9 2810/2824/9 2809/2823/9
f 2815/2829/9 2816/2830/2439 2811/2825/2438 2810/2824/9
f 2816/2830/2439 2817/44/21 2812/46/23 2811/2825/2438
f 106/2831/9 2818/2832/9 2813/2827/9 107/2826/9
f 2818/2832/9 2819/2833/9 2814/2828/9 2813/2827/9
f 2819/2833/9 2820/2834/9 2815/2829/9 2814/2828/9
f 2820/2834/9 2821/2835/2440 2816/2830/2439 2815/2829/9
f 2821/2835/2440 2822/42/19 2817/44/21 2816/2830/2439
f 105/2836/9 2823/2837/9 2818/2832/9 106/2831/9
f 2823/2837/9 2824/2838/9 2819/2833/9 2818/2832/9
f 2824/2838/9 2825/2839/9 2820/2834/9 2819/2833/9
f 2825/2839/9 2826/2840/9 2821/2835/2440 2820/2834/9
f 2826/2840/9 2827/40/9 2822/42/19 2821/2835/2440
f 104/2841/9 2828/2842/9 2823/2837/9 105/2836/9
f 2828/2842/9 2829/2843/9 2824/2838/9 2823/2837/9
f 2829/2843/9 2830/2844/9 2825/2839/9 2824/2838/9
f 2830/2844/9 2831/2845/9 2826/2840/9 2825/2839/9
f 2831/2845/9 2832/38/9 2827/40/9 2826/2840/9
f 103/2846/9 2833/2847/9 2828/2842/9 104/2841/9
f 2833/2847/9 2834/2848/9 2829/2843/9 2828/2842/9
f 2834/2848/9 2835/2849/9 2830/2844/9 2829/2843/9
f 2835/2849/9 2836/2850/9 2831/2845/9 2830/2844/9
f 2836/2850/9 2837/36/9 2832/38/9 2831/2845/9
f 102/2851/9 2838/2852/9 2833/2847/9 103/2846/9
f 2838/2852/9 2839/2853/9 2834/2848/9 2833/2847/9
f 2839/2853/9 2840/2854/9 2835/2849/9 2834/2848/9
f 2840/2854/9 2841/2855/9 2836/2850/9 2835/2849/9
f 2841/2855/9 2842/34/9 2837/36/9 2836/2850/9
f 101/2856/9 2843/2857/9 2838/2852/9 102/2851/9
f 2843/2857/9 2844/2858/9 2839/2853/9 2838/2852/9
f 2844/2858/9 2845/2859/9 2840/2854/9 2839/2853/9
f 2845/2859/9 2846/2860/9 2841/2855/9 2840/2854/9
f 2846/2860/9 2847/32/9 2842/34/9 2841/2855/9
f 100/2521/9 2512/2520/9 2843/2857/9 101/2856/9
f 2512/2520/9 2511/2523/9 2844/2858/9 2843/2857/9
f 2511/2523/9 2510/2524/9 2845/2859/9 2844/2858/9
f 2510/2524/9 2509/2525/9 2846/2860/9 2845/2859/9
f 2509/2525/9 2508/29/9 2847/32/9 2846/2860/9
f 167/2529/9 2513/2528/2249 2503/2861/2441 168/2862/9
f 2513/2528/2249 2514/2531/2251 2504/2863/2442 2503/2861/2441
f 2514/2531/2251 2515/2533/2253 2505/2864/2443 2504/2863/2442
f 2515/2533/2253 2516/2535/2255 2506/2865/2444 2505/2864/2443
f 2516/2535/2255 2517/23/11 2507/13/2 2506/2865/2444
f 168/2862/9 2503/2861/2441 2498/2866/2445 99/2867/9
f 2503/2861/2441 2504/2863/2442 2499/2868/2446 2498/2866/2445
f 2504/2863/2442 2505/2864/2443 2500/307/177 2499/2868/2446
f 2505/2864/2443 2506/2865/2444 2501/308/178 2500/307/177
f 2506/2865/2444 2507/13/2 2502/16/5 2501/308/178
f 293/2869/9 2977/2870/2447 2982/2871/9 268/2872/9
f 2977/2870/2447 2976/2873/2448 2981/2874/2449 2982/2871/9
f 2976/2873/2448 2975/2875/2450 2980/2876/2451 2981/2874/2449
f 2975/2875/2450 2974/2877/2452 2979/18/7 2980/2876/2451
f 2974/2877/2452 2973/2233/2012 2978/2234/2013 2979/18/7
f 292/2878/9 2972/2879/2453 2977/2870/2447 293/2869/9
f 2972/2879/2453 2971/2880/2454 2976/2873/2448 2977/2870/2447
f 2971/2880/2454 2970/2881/2455 2975/2875/2450 2976/2873/2448
f 2970/2881/2455 2969/2882/2456 2974/2877/2452 2975/2875/2450
f 2969/2882/2456 2968/2232/2011 2973/2233/2012 2974/2877/2452
f 291/2883/9 2967/2884/2457 2972/2879/2453 292/2878/9
f 2967/2884/2457 2966/2885/2458 2971/2880/2454 2972/2879/2453
f 2966/2885/2458 2965/2886/2459 2970/2881/2455 2971/2880/2454
f 2965/2886/2459 2964/2887/2460 2969/2882/2456 2970/2881/2455
f 2964/2887/2460 2963/2231/2010 2968/2232/2011 2969/2882/2456
f 290/2888/2461 2962/2889/2462 2967/2884/2457 291/2883/9
f 2962/2889/2462 2961/2890/2463 2966/2885/2458 2967/2884/2457
f 2961/2890/2463 2960/2891/2464 2965/2886/2459 2966/2885/2458
f 2960/2891/2464 2959/2892/2465 2964/2887/2460 2965/2886/2459
f 2959/2892/2465 2958/2230/2009 2963/2231/2010 2964/2887/2460
f 289/2893/2466 2957/2894/2467 2962/2889/2462 290/2888/2461
f 2957/2894/2467 2956/2895/2468 2961/2890/2463 2962/2889/2462
f 2956/2895/2468 2955/2896/2469 2960/2891/2464 2961/2890/2463
f 2955/2896/2469 2954/2897/2470 2959/2892/2465 2960/2891/2464
f 2954/2897/2470 2953/2229/2008 2958/2230/2009 2959/2892/2465
f 288/2898/2471 2952/2899/2472 2957/2894/2467 289/2893/2466
f 2952/2899/2472 2951/2900/2473 2956/2895/2468 2957/2894/2467
f 2951/2900/2473 2950/2901/2474 2955/2896/2469 2956/2895/2468
f 2950/2901/2474 2949/2902/2475 2954/2897/2470 2955/2896/2469
f 2949/2902/2475 2948/2228/2007 2953/2229/2008 2954/2897/2470
f 287/2903/2476 2947/2904/2477 2952/2899/2472 288/2898/2471
f 2947/2904/2477 2946/2905/2478 2951/2900/2473 2952/2899/2472
f 2946/2905/2478 2945/2906/2479 2950/2901/2474 2951/2900/2473
f 2945/2906/2479 2944/2907/2480 2949/2902/2475 2950/2901/2474
f 2944/2907/2480 2943/2227/2006 2948/2228/2007 2949/2902/2475
f 286/2908/2481 2942/2909/2482 2947/2904/2477 287/2903/2476
f 2942/2909/2482 2941/2910/2483 2946/2905/2478 2947/2904/2477
f 2941/2910/2483 2940/2911/2484 2945/2906/2479 2946/2905/2478
f 2940/2911/2484 2939/2912/2485 2944/2907/2480 2945/2906/2479
f 2939/2912/2485 2938/2226/2005 2943/2227/2006 2944/2907/2480
f 285/2913/2486 2937/2914/2487 2942/2909/2482 286/2908/2481
f 2937/2914/2487 2936/2915/2488 2941/2910/2483 2942/2909/2482
f 2936/2915/2488 2935/2916/2489 2940/2911/2484 2941/2910/2483
f 2935/2916/2489 2934/2917/2490 2939/2912/2485 2940/2911/2484
f 2934/2917/2490 2933/2225/2004 2938/2226/2005 2939/2912/2485
f 284/2918/2491 2932/2919/2492 2937/2914/2487 285/2913/2486
f 2932/2919/2492 2931/2920/2493 2936/2915/2488 2937/2914/2487
f 2931/2920/2493 2930/2921/2494 2935/2916/2489 2936/2915/2488
f 2930/2921/2494 2929/2922/2495 2934/2917/2490 2935/2916/2489
f 2929/2922/2495 2928/2224/2003 2933/2225/2004 2934/2917/2490
f 283/2923/2496 2927/2924/2497 2932/2919/2492 284/2918/2491
f 2927/2924/2497 2926/2925/2498 2931/2920/2493 2932/2919/2492
f 2926/2925/2498 2925/2926/2499 2930/2921/2494 2931/2920/2493
f 2925/2926/2499 2924/2927/2500 2929/2922/2495 2930/2921/2494
f 2924/2927/2500 2923/2223/2002 2928/2224/2003 2929/2922/2495
f 282/2928/2501 2922/2929/2502 2927/2924/2497 283/2923/2496
f 2922/2929/2502 2921/2930/2503 2926/2925/2498 2927/2924/2497
f 2921/2930/2503 2920/2931/2504 2925/2926/2499 2926/2925/2498
f 2920/2931/2504 2919/2932/2505 2924/2927/2500 2925/2926/2499
f 2919/2932/2505 2918/2222/2001 2923/2223/2002 2924/2927/2500
f 281/2933/2506 2917/2934/2507 2922/2929/2502 282/2928/2501
f 2917/2934/2507 2916/2935/2508 2921/2930/2503 2922/2929/2502
f 2916/2935/2508 2915/2936/2509 2920/2931/2504 2921/2930/2503
f 2915/2936/2509 2914/2937/2510 2919/2932/2505 2920/2931/2504
f 2914/2937/2510 2913/2221/2000 2918/2222/2001 2919/2932/2505
f 280/2938/2511 2912/2939/2512 2917/2934/2507 281/2933/2506
f 2912/2939/2512 2911/2940/2513 2916/2935/2508 2917/2934/2507
f 2911/2940/2513 2910/2941/2514 2915/2936/2509 2916/2935/2508
f 2910/2941/2514 2909/2942/2515 2914/2937/2510 2915/2936/2509
f 2909/2942/2515 2908/2220/1999 2913/2221/2000 2914/2937/2510
f 279/2943/2516 2907/2944/2517 2912/2939/2512 280/2938/2511
f 2907/2944/2517 2906/2945/2518 2911/2940/2513 2912/2939/2512
f 2906/2945/2518 2905/2946/2519 2910/2941/2514 2911/2940/2513
f 2905/2946/2519 2904/2947/2520 2909/2942/2515 2910/2941/2514
f 2904/2947/2520 2903/2219/1998 2908/2220/1999 2909/2942/2515
f 278/2948/2521 2902/2949/2522 2907/2944/2517 279/2943/2516
f 2902/2949/2522 2901/2950/2523 2906/2945/2518 2907/2944/2517
f 2901/2950/2523 2900/2951/2524 2905/2946/2519 2906/2945/2518
f 2900/2951/2524 2899/2952/2525 2904/2947/2520 2905/2946/2519
f 2899/2952/2525 2898/2218/1997 2903/2219/1998 2904/2947/2520
f 277/2953/2526 2897/2954/2527 2902/2949/2522 278/2948/2521
f 2897/2954/2527 2896/2955/2528 2901/2950/2523 2902/2949/2522
f 2896/2955/2528 2895/2956/2529 2900/2951/2524 2901/2950/2523
f 2895/2956/2529 2894/2957/2530 2899/2952/2525 2900/2951/2524
f 2894/2957/2530 2893/2217/1996 2898/2218/1997 2899/2952/2525
f 276/2958/2531 2892/2959/2532 2897/2954/2527 277/2953/2526
f 2892/2959/2532 2891/2960/2533 2896/2955/2528 2897/2954/2527
f 2891/2960/2533 2890/2961/2534 2895/2956/2529 2896/2955/2528
f 2890/2961/2534 2889/2962/2535 2894/2957/2530 2895/2956/2529
f 2889/2962/2535 2888/2216/1995 2893/2217/1996 2894/2957/2530
f 275/2963/2536 2887/2964/2537 2892/2959/2532 276/2958/2531
f 2887/2964/2537 2886/2965/2538 2891/2960/2533 2892/2959/2532
f 2886/2965/2538 2885/2966/2539 2890/2961/2534 2891/2960/2533
f 2885/2966/2539 2884/2967/2540 2889/2962/2535 2890/2961/2534
f 2884/2967/2540 2883/2215/1994 2888/2216/1995 2889/2962/2535
f 274/2968/2541 2882/2969/2542 2887/2964/2537 275/2963/2536
f 2882/2969/2542 2881/2970/2543 2886/2965/2538 2887/2964/2537
f 2881/2970/2543 2880/2971/2544 2885/2966/2539 2886/2965/2538
f 2880/2971/2544 2879/2972/2545 2884/2967/2540 2885/2966/2539
f 2879/2972/2545 2878/2214/1993 2883/2215/1994 2884/2967/2540
f 273/2973/2546 2877/2974/2547 2882/2969/2542 274/2968/2541
f 2877/2974/2547 2876/2975/2548 2881/2970/2543 2882/2969/2542
f 2876/2975/2548 2875/2976/2549 2880/2971/2544 2881/2970/2543
f 2875/2976/2549 2874/2977/2550 2879/2972/2545 2880/2971/2544
f 2874/2977/2550 2873/2213/1992 2878/2214/1993 2879/2972/2545
f 272/2978/2551 2872/2979/2552 2877/2974/2547 273/2973/2546
f 2872/2979/2552 2871/2980/2553 2876/2975/2548 2877/2974/2547
f 2871/2980/2553 2870/2981/2554 2875/2976/2549 2876/2975/2548
f 2870/2981/2554 2869/2982/2555 2874/2977/2550 2875/2976/2549
f 2869/2982/2555 2868/2212/1991 2873/2213/1992 2874/2977/2550
f 271/2983/2556 2867/2984/2557 2872/2979/2552 272/2978/2551
f 2867/2984/2557 2866/2985/2558 2871/2980/2553 2872/2979/2552
f 2866/2985/2558 2865/2986/2559 2870/2981/2554 2871/2980/2553
f 2865/2986/2559 2864/2987/2560 2869/2982/2555 2870/2981/2554
f 2864/2987/2560 2863/2211/1990 2868/2212/1991 2869/2982/2555
f 270/2988/2561 2862/2989/2562 2867/2984/2557 271/2983/2556
f 2862/2989/2562 2861/2990/2563 2866/2985/2558 2867/2984/2557
f 2861/2990/2563 2860/2991/2564 2865/2986/2559 2866/2985/2558
f 2860/2991/2564 2859/2992/2565 2864/2987/2560 2865/2986/2559
f 2859/2992/2565 2858/2210/1989 2863/2211/1990 2864/2987/2560
f 269/2993/9 2857/2994/2566 2862/2989/2562 270/2988/2561
f 2857/2994/2566 2856/2995/2567 2861/2990/2563 2862/2989/2562
f 2856/2995/2567 2855/2996/2568 2860/2991/2564 2861/2990/2563
f 2855/2996/2568 2854/2997/2569 2859/2992/2565 2860/2991/2564
f 2854/2997/2569 2853/2209/1988 2858/2210/1989 2859/2992/2565
f 267/2998/9 2848/2999/2570 2857/2994/2566 269/2993/9
f 2848/2999/2570 2849/3000/2571 2856/2995/2567 2857/2994/2566
f 2849/3000/2571 2850/3001/2572 2855/2996/2568 2856/2995/2567
f 2850/3001/2572 2851/309/179 2854/2997/2569 2855/2996/2568
f 2851/309/179 2852/2208/1987 2853/2209/1988 2854/2997/2569
f 347/358/218 3112/3002/2573 3117/3003/2574 322/360/220
f 3112/3002/2573 3111/3004/2575 3116/21/10 3117/3003/2574
f 3111/3004/2575 3110/3005/9 3115/22/9 3116/21/10
f 3110/3005/9 3109/3006/9 3114/3007/9 3115/22/9
f 3109/3006/9 3108/2205/9 3113/2207/9 3114/3007/9
f 346/356/216 3107/3008/2576 3112/3002/2573 347/358/218
f 3107/3008/2576 3106/3009/2577 3111/3004/2575 3112/3002/2573
f 3106/3009/2577 3105/3010/2578 3110/3005/9 3111/3004/2575
f 3105/3010/2578 3104/3011/9 3109/3006/9 3110/3005/9
f 3104/3011/9 3103/2203/9 3108/2205/9 3109/3006/9
f 345/354/214 3102/3012/2579 3107/3008/2576 346/356/216
f 3102/3012/2579 3101/3013/2580 3106/3009/2577 3107/3008/2576
f 3101/3013/2580 3100/3014/2581 3105/3010/2578 3106/3009/2577
f 3100/3014/2581 3099/3015/9 3104/3011/9 3105/3010/2578
f 3099/3015/9 3098/2201/9 3103/2203/9 3104/3011/9
f 344/352/212 3097/3016/2582 3102/3012/2579 345/354/214
f 3097/3016/2582 3096/3017/2583 3101/3013/2580 3102/3012/2579
f 3096/3017/2583 3095/3018/2584 3100/3014/2581 3101/3013/2580
f 3095/3018/2584 3094/3019/9 3099/3015/9 3100/3014/2581
f 3094/3019/9 3093/2199/9 3098/2201/9 3099/3015/9
f 343/350/210 3092/3020/2585 3097/3016/2582 344/352/212
f 3092/3020/2585 3091/3021/2586 3096/3017/2583 3097/3016/2582
f 3091/3021/2586 3090/3022/2587 3095/3018/2584 3096/3017/2583
f 3090/3022/2587 3089/3023/9 3094/3019/9 3095/3018/2584
f 3089/3023/9 3088/2197/9 3093/2199/9 3094/3019/9
f 342/348/208 3087/3024/2588 3092/3020/2585 343/350/210
f 3087/3024/2588 3086/3025/2589 3091/3021/2586 3092/3020/2585
f 3086/3025/2589 3085/3026/2590 3090/3022/2587 3091/3021/2586
f 3085/3026/2590 3084/3027/9 3089/3023/9 3090/3022/2587
f 3084/3027/9 3083/2195/9 3088/2197/9 3089/3023/9
f 341/346/206 3082/3028/2591 3087/3024/2588 342/348/208
f 3082/3028/2591 3081/3029/2592 3086/3025/2589 3087/3024/2588
f 3081/3029/2592 3080/3030/2593 3085/3026/2590 3086/3025/2589
f 3080/3030/2593 3079/3031/9 3084/3027/9 3085/3026/2590
f 3079/3031/9 3078/2193/9 3083/2195/9 3084/3027/9
f 340/344/204 3077/3032/2594 3082/3028/2591 341/346/206
f 3077/3032/2594 3076/3033/2595 3081/3029/2592 3082/3028/2591
f 3076/3033/2595 3075/3034/2596 3080/3030/2593 3081/3029/2592
f 3075/3034/2596 3074/3035/9 3079/3031/9 3080/3030/2593
f 3074/3035/9 3073/2191/9 3078/2193/9 3079/3031/9
f 339/342/202 3072/3036/2597 3077/3032/2594 340/344/204
f 3072/3036/2597 3071/3037/2598 3076/3033/2595 3077/3032/2594
f 3071/3037/2598 3070/3038/2599 3075/3034/2596 3076/3033/2595
f 3070/3038/2599 3069/3039/9 3074/3035/9 3075/3034/2596
f 3069/3039/9 3068/2189/9 3073/2191/9 3074/3035/9
f 338/340/200 3067/3040/2600 3072/3036/2597 339/342/202
f 3067/3040/2600 3066/3041/2601 3071/3037/2598 3072/3036/2597
f 3066/3041/2601 3065/3042/2602 3070/3038/2599 3071/3037/2598
f 3065/3042/2602 3064/3043/2603 3069/3039/9 3070/3038/2599
f 3064/3043/2603 3063/2187/9 3068/2189/9 3069/3039/9
f 337/338/198 3062/3044/2604 3067/3040/2600 338/340/200
f 3062/3044/2604 3061/3045/2605 3066/3041/2601 3067/3040/2600
f 3061/3045/2605 3060/3046/2606 3065/3042/2602 3066/3041/2601
f 3060/3046/2606 3059/3047/2607 3064/3043/2603 3065/3042/2602
f 3059/3047/2607 3058/2185/9 3063/2187/9 3064/3043/2603
f 336/336/196 3057/3048/2608 3062/3044/2604 337/338/198
f 3057/3048/2608 3056/3049/2609 3061/3045/2605 3062/3044/2604
f 3056/3049/2609 3055/3050/2610 3060/3046/2606 3061/3045/2605
f 3055/3050/2610 3054/3051/2611 3059/3047/2607 3060/3046/2606
f 3054/3051/2611 3053/2183/9 3058/2185/9 3059/3047/2607
f 335/334/194 3052/3052/2612 3057/3048/2608 336/336/196
f 3052/3052/2612 3051/3053/2613 3056/3049/2609 3057/3048/2608
f 3051/3053/2613 3050/3054/2614 3055/3050/2610 3056/3049/2609
f 3050/3054/2614 3049/3055/2615 3054/3051/2611 3055/3050/2610
f 3049/3055/2615 3048/2181/9 3053/2183/9 3054/3051/2611
f 334/332/192 3047/3056/2616 3052/3052/2612 335/334/194
f 3047/3056/2616 3046/3057/2617 3051/3053/2613 3052/3052/2612
f 3046/3057/2617 3045/3058/2618 3050/3054/2614 3051/3053/2613
f 3045/3058/2618 3044/3059/2619 3049/3055/2615 3050/3054/2614
f 3044/3059/2619 3043/2179/9 3048/2181/9 3049/3055/2615
f 333/330/190 3042/3060/2620 3047/3056/2616 334/332/192
f 3042/3060/2620 3041/3061/2621 3046/3057/2617 3047/3056/2616
f 3041/3061/2621 3040/3062/2622 3045/3058/2618 3046/3057/2617
f 3040/3062/2622 3039/3063/2623 3044/3059/2619 3045/3058/2618
f 3039/3063/2623 3038/2177/9 3043/2179/9 3044/3059/2619
f 332/328/188 3037/3064/2624 3042/3060/2620 333/330/190
f 3037/3064/2624 3036/3065/2625 3041/3061/2621 3042/3060/2620
f 3036/3065/2625 3035/3066/2626 3040/3062/2622 3041/3061/2621
f 3035/3066/2626 3034/3067/2627 3039/3063/2623 3040/3062/2622
f 3034/3067/2627 3033/2175/9 3038/2177/9 3039/3063/2623
f 331/326/186 3032/3068/2628 3037/3064/2624 332/328/188
f 3032/3068/2628 3031/3069/2629 3036/3065/2625 3037/3064/2624
f 3031/3069/2629 3030/3070/2630 3035/3066/2626 3036/3065/2625
f 3030/3070/2630 3029/3071/2631 3034/3067/2627 3035/3066/2626
f 3029/3071/2631 3028/2173/9 3033/2175/9 3034/3067/2627
f 330/324/184 3027/3072/2632 3032/3068/2628 331/326/186
f 3027/3072/2632 3026/3073/2633 3031/3069/2629 3032/3068/2628
f 3026/3073/2633 3025/3074/2634 3030/3070/2630 3031/3069/2629
f 3025/3074/2634 3024/3075/2635 3029/3071/2631 3030/3070/2630
f 3024/3075/2635 3023/2171/9 3028/2173/9 3029/3071/2631
f 329/322/182 3022/3076/2636 3027/3072/2632 330/324/184
f 3022/3076/2636 3021/3077/2637 3026/3073/2633 3027/3072/2632
f 3021/3077/2637 3020/3078/2638 3025/3074/2634 3026/3073/2633
f 3020/3078/2638 3019/3079/2639 3024/3075/2635 3025/3074/2634
f 3019/3079/2639 3018/2169/9 3023/2171/9 3024/3075/2635
f 328/320/9 3017/3080/9 3022/3076/2636 329/322/182
f 3017/3080/9 3016/3081/9 3021/3077/2637 3022/3076/2636
f 3016/3081/9 3015/3082/9 3020/3078/2638 3021/3077/2637
f 3015/3082/9 3014/3083/9 3019/3079/2639 3020/3078/2638
f 3014/3083/9 3013/2167/9 3018/2169/9 3019/3079/2639
f 327/318/9 3012/3084/9 3017/3080/9 328/320/9
f 3012/3084/9 3011/3085/9 3016/3081/9 3017/3080/9
f 3011/3085/9 3010/3086/9 3015/3082/9 3016/3081/9
f 3010/3086/9 3009/3087/9 3014/3083/9 3015/3082/9
f 3009/3087/9 3008/2165/9 3013/2167/9 3014/3083/9
f 326/316/9 3007/3088/9 3012/3084/9 327/318/9
f 3007/3088/9 3006/3089/9 3011/3085/9 3012/3084/9
f 3006/3089/9 3005/3090/9 3010/3086/9 3011/3085/9
f 3005/3090/9 3004/3091/9 3009/3087/9 3010/3086/9
f 3004/3091/9 3003/2163/9 3008/2165/9 3009/3087/9
f 325/314/9 3002/3092/9 3007/3088/9 326/316/9
f 3002/3092/9 3001/3093/9 3006/3089/9 3007/3088/9
f 3001/3093/9 3000/3094/9 3005/3090/9 3006/3089/9
f 3000/3094/9 2999/3095/9 3004/3091/9 3005/3090/9
f 2999/3095/9 2998/2161/9 3003/2163/9 3004/3091/9
f 324/312/9 2997/3096/9 3002/3092/9 325/314/9
f 2997/3096/9 2996/3097/9 3001/3093/9 3002/3092/9
f 2996/3097/9 2995/3098/9 3000/3094/9 3001/3093/9
f 2995/3098/9 2994/3099/9 2999/3095/9 3000/3094/9
f 2994/3099/9 2993/2159/9 2998/2161/9 2999/3095/9
f 323/310/9 2992/3100/9 2997/3096/9 324/312/9
f 2992/3100/9 2991/3101/9 2996/3097/9 2997/3096/9
f 2991/3101/9 2990/3102/9 2995/3098/9 2996/3097/9
f 2990/3102/9 2989/3103/9 2994/3099/9 2995/3098/9
f 2989/3103/9 2988/2157/9 2993/2159/9 2994/3099/9
f 321/164/9 2983/3104/9 2992/3100/9 323/310/9
f 2983/3104/9 2984/2236/9 2991/3101/9 2992/3100/9
f 2984/2236/9 2985/3105/9 2990/3102/9 2991/3101/9
f 2985/3105/9 2986/3106/9 2989/3103/9 2990/3102/9
f 2986/3106/9 2987/2154/9 2988/2157/9 2989/3103/9
f 24/3107/9 268/2872/9 2982/2871/9
f 24/3107/9 2982/2871/9 23/3108/9
f 2982/2871/9 2981/2874/2449 23/3108/9
f 22/3109/9 23/3108/9 2981/2874/2449
f 19/3110/2640 21/3111/2641 232/17/6
f 21/3111/2641 22/3109/9 2980/2876/2451
f 2979/18/7 21/3111/2641 2980/2876/2451
f 27/305/9 20/3112/9 230/306/9
f 20/3112/9 19/3110/2640 231/2241/2017
f 230/306/9 20/3112/9 231/2241/2017
f 21/3111/2641 2979/18/7 232/17/6
f 2981/2874/2449 2980/2876/2451 22/3109/9
f 231/2241/2017 19/3110/2640 232/17/6
f 2979/18/7 2978/2234/2013 233/19/8
f 2978/2234/2013 294/28/16 234/27/15
f 2978/2234/2013 234/27/15 233/19/8
f 1/3113/9 28/166/9 239/165/9
f 1/3113/9 239/165/9 238/2517/9
f 3/20/9 2/3114/9 237/2516/9
f 2/3114/9 1/3113/9 238/2517/9
f 3/20/9 237/2516/9 3116/21/10
f 5/3115/9 4/3116/9 3114/3007/9
f 4/3116/9 3/20/9 3115/22/9
f 3114/3007/9 4/3116/9 3115/22/9
f 240/2206/9 6/3117/9 3113/2207/9
f 6/3117/9 5/3115/9 3113/2207/9
f 238/2517/9 237/2516/9 2/3114/9
f 237/2516/9 236/2515/9 3116/21/10
f 3113/2207/9 5/3115/9 3114/3007/9
f 236/2515/9 235/2514/2247 3117/3003/2574
f 235/2514/2247 322/360/220 3117/3003/2574
f 3117/3003/2574 3116/21/10 236/2515/9
f 267/2998/9 14/3118/9 2848/2999/2570
f 14/3118/9 13/3119/9 2848/2999/2570
f 13/3119/9 15/3120/9 2849/3000/2571
f 15/3120/9 16/3121/2642 2850/3001/2572
f 2851/309/179 16/3121/2642 2500/307/177
f 16/3121/2642 17/3122/2643 2500/307/177
f 17/3122/2643 18/3123/9 2499/2868/2446
f 18/3123/9 99/2867/9 2498/2866/2445
f 18/3123/9 2498/2866/2445 2499/2868/2446
f 16/3121/2642 2851/309/179 2850/3001/2572
f 17/3122/2643 2499/2868/2446 2500/307/177
f 2849/3000/2571 2848/2999/2570 13/3119/9
f 2850/3001/2572 2849/3000/2571 15/3120/9
f 295/15/4 2852/2208/1987 2502/16/5
f 2852/2208/1987 2851/309/179 2501/308/178
f 2502/16/5 2852/2208/1987 2501/308/178
f 12/3124/9 241/2155/9 2987/2154/9
f 12/3124/9 2987/2154/9 11/3125/9
f 2987/2154/9 2986/3106/9 11/3125/9
f 10/3126/9 11/3125/9 2986/3106/9
f 7/3127/9 9/3128/9 2495/2235/9
f 9/3128/9 10/3126/9 2985/3105/9
f 2984/2236/9 9/3128/9 2985/3105/9
f 98/2518/9 8/3129/9 2497/2519/9
f 8/3129/9 7/3127/9 2496/2522/9
f 2497/2519/9 8/3129/9 2496/2522/9
f 9/3128/9 2984/2236/9 2495/2235/9
f 2986/3106/9 2985/3105/9 10/3126/9
f 2496/2522/9 7/3127/9 2495/2235/9
f 2984/2236/9 2983/3104/9 2494/2237/9
f 2983/3104/9 321/164/9 2493/163/9
f 2983/3104/9 2493/163/9 2494/2237/9
