# Blender v3.6.0 OBJ File: 'AllModels.blend'
# www.blender.org
mtllib Prop_CeilingComputer.mtl
o Prop_CeilingComputer_Plane.004
v 0.337979 -1.586598 -0.060287
v -0.337980 -1.586598 -0.060287
v 0.337979 0.000000 0.285782
v 0.337979 0.000000 -0.114650
v -0.337979 0.000000 -0.114650
v 0.176012 0.000000 0.239712
v -0.176012 0.000000 0.239712
v -0.176012 -0.693689 0.239712
v 0.176012 -0.693689 0.239712
v -0.217870 -0.759835 0.285782
v 0.217869 -0.759836 0.285782
v 0.337979 -0.983081 0.285782
v -0.337980 -0.983081 0.285782
v 0.216407 -1.586598 -0.285783
v -0.216408 -1.586598 -0.285783
v 0.217869 0.000000 0.285782
v 0.216407 0.000000 -0.285782
v -0.216407 0.000000 -0.285782
v -0.216408 -1.586598 -0.060287
v 0.216407 -1.586598 -0.060287
v 0.160264 -1.324128 -0.018091
v -0.160265 -1.324128 -0.018091
v -0.160265 -1.324128 0.141226
v 0.160264 -1.324128 0.141226
v -0.160265 -1.698206 0.141225
v 0.160264 -1.698206 0.141225
v 0.160264 -1.853763 -0.018091
v -0.160266 -1.853763 -0.018091
v -0.337979 0.000000 0.085566
v 0.337979 0.000000 0.085566
v -0.323480 -1.586598 -0.200217
v -0.277194 -1.586598 -0.060287
v -0.323480 0.000000 -0.200216
v 0.277924 -0.871458 0.285782
v 0.323479 -1.586598 -0.200217
v 0.277193 -1.586598 -0.060287
v 0.323480 0.000000 -0.200216
v 0.277924 0.000000 0.285782
v 0.337979 -1.334666 -0.114651
v -0.216408 -1.334666 -0.285783
v -0.337980 -1.334666 -0.114651
v 0.216407 -1.334666 -0.285783
v 0.337979 -1.334666 0.191644
v 0.216407 -1.334666 0.191644
v 0.277193 -1.334666 0.191644
v -0.323480 -1.334666 -0.200217
v 0.323479 -1.334666 -0.200217
v -0.337980 -1.334666 0.191644
v 0.216407 -1.509536 -0.285783
v 0.337979 -1.509536 -0.114651
v -0.216408 -1.509536 -0.285783
v -0.337980 -1.509536 -0.114651
v -0.323480 -1.509536 -0.200217
v 0.323479 -1.509536 -0.200217
v 0.337979 -1.115128 0.285782
v -0.337980 -1.334666 0.062890
v 0.337979 -1.334666 0.062890
v 0.277441 -1.115128 0.285782
v 0.216788 -1.115128 0.285782
v -0.217869 0.000000 0.285782
v -0.337979 0.000000 0.285782
v -0.277925 -0.871458 0.285782
v -0.277924 0.000000 0.285782
v -0.216408 -1.334666 0.191644
v -0.277194 -1.334666 0.191644
v -0.337980 -1.115128 0.285782
v -0.277442 -1.115128 0.285782
v -0.216789 -1.115128 0.285782
v -0.287114 -1.509536 -0.246959
v -0.287114 -1.334666 -0.246958
v 0.287113 0.000000 -0.246958
v -0.287114 -1.586598 -0.246959
v 0.287113 -1.509536 -0.246959
v 0.287113 -1.586598 -0.246959
v -0.234475 -1.586598 -0.246959
v -0.287113 0.000000 -0.246958
v 0.287113 -1.334666 -0.246958
v 0.234474 -1.586598 -0.246959
v 0.337979 -1.167332 0.285782
v 0.337979 -1.292287 0.234024
v 0.337979 -1.210864 0.278848
v 0.337979 -1.256601 0.259903
v 0.216630 -1.167332 0.285782
v 0.216407 -1.292287 0.234024
v 0.216518 -1.210864 0.278848
v 0.216437 -1.256601 0.259903
v 0.277338 -1.167332 0.285782
v 0.277193 -1.292287 0.234024
v 0.277266 -1.210864 0.278848
v 0.277212 -1.256601 0.259903
v -0.216408 -1.292286 0.234024
v -0.216630 -1.167332 0.285782
v -0.216438 -1.256601 0.259903
v -0.216519 -1.210864 0.278848
v -0.337980 -1.292286 0.234024
v -0.337980 -1.167332 0.285782
v -0.337980 -1.256601 0.259903
v -0.337980 -1.210864 0.278848
v -0.277339 -1.167332 0.285782
v -0.277194 -1.292286 0.234024
v -0.277266 -1.210864 0.278848
v -0.277213 -1.256601 0.259903
v -0.519551 -2.071867 -0.254232
v -0.583845 -2.054452 -0.236816
v -0.542683 -2.069535 -0.251898
v -0.566217 -2.063160 -0.245524
v -0.646587 -2.010087 -0.192451
v -0.671691 -1.966767 -0.149131
v -0.659139 -1.997786 -0.180150
v -0.668328 -1.981930 -0.164294
v -0.671691 -1.554658 0.262978
v -0.646587 -1.511339 0.306298
v -0.668327 -1.539495 0.278140
v -0.659139 -1.523640 0.293997
v -0.583845 -1.466974 0.350663
v -0.519551 -1.449558 0.368078
v -0.566217 -1.458266 0.359370
v -0.542683 -1.451892 0.365745
v 0.671689 -1.966768 -0.149131
v 0.646586 -2.010088 -0.192451
v 0.668326 -1.981931 -0.164293
v 0.659137 -1.997786 -0.180150
v 0.583844 -2.054452 -0.236816
v 0.519549 -2.071868 -0.254231
v 0.566215 -2.063160 -0.245524
v 0.542682 -2.069535 -0.251898
v 0.519549 -1.449559 0.368079
v 0.583844 -1.466974 0.350663
v 0.542682 -1.451892 0.365745
v 0.566215 -1.458266 0.359371
v 0.646586 -1.511339 0.306298
v 0.671689 -1.554659 0.262978
v 0.659137 -1.523640 0.293997
v 0.668326 -1.539496 0.278141
v -0.588042 -1.993838 -0.088731
v -0.572870 -2.020144 -0.115037
v -0.585950 -2.003274 -0.098167
v -0.580523 -2.012643 -0.107536
v -0.522126 -2.056026 -0.150919
v -0.481837 -2.066577 -0.161470
v -0.511767 -2.061136 -0.156029
v -0.497421 -2.065011 -0.159904
v -0.481837 -1.542320 0.362788
v -0.522125 -1.552871 0.352237
v -0.497421 -1.543886 0.361222
v -0.511767 -1.547761 0.357346
v -0.572870 -1.588753 0.316355
v -0.588042 -1.615059 0.290049
v -0.580523 -1.596254 0.308854
v -0.585950 -1.605623 0.299485
v 0.588041 -1.615059 0.290049
v 0.572869 -1.588754 0.316355
v 0.585949 -1.605623 0.299485
v 0.580521 -1.596254 0.308854
v 0.522124 -1.552871 0.352237
v 0.481836 -1.542321 0.362788
v 0.511766 -1.547762 0.357347
v 0.497420 -1.543886 0.361222
v 0.481836 -2.066577 -0.161470
v 0.522124 -2.056026 -0.150919
v 0.497420 -2.065012 -0.159904
v 0.511766 -2.061136 -0.156028
v 0.572869 -2.020144 -0.115037
v 0.588041 -1.993839 -0.088731
v 0.580521 -2.012644 -0.107536
v 0.585949 -2.003274 -0.098167
v 0.622981 -2.032999 -0.153277
v 0.648093 -1.989659 -0.109937
v 0.635537 -2.020693 -0.140971
v 0.644729 -2.004829 -0.125107
v 0.564200 -2.074564 -0.194842
v 0.499826 -2.091980 -0.212258
v 0.546560 -2.083271 -0.203550
v 0.522997 -2.089646 -0.209924
v -0.622983 -2.032999 -0.153277
v -0.648094 -1.989659 -0.109937
v -0.635538 -2.020692 -0.140971
v -0.644730 -2.004829 -0.125108
v -0.564201 -2.074564 -0.194842
v -0.499827 -2.091979 -0.212258
v -0.546561 -2.083271 -0.203550
v -0.522999 -2.089646 -0.209925
v -0.622983 -1.550513 0.329209
v -0.648094 -1.593853 0.285869
v -0.635538 -1.562818 0.316903
v -0.644730 -1.578682 0.301040
v -0.564201 -1.508948 0.370774
v -0.499827 -1.491532 0.388190
v -0.546561 -1.500240 0.379482
v -0.522999 -1.493865 0.385857
v 0.622981 -1.550513 0.329209
v 0.648093 -1.593853 0.285869
v 0.635537 -1.562819 0.316903
v 0.644728 -1.578683 0.301040
v 0.564200 -1.508948 0.370774
v 0.499825 -1.491532 0.388190
v 0.546560 -1.500240 0.379482
v 0.522997 -1.493865 0.385857
v 0.630182 -1.996160 -0.091053
v 0.626817 -2.011339 -0.106231
v 0.617622 -2.027210 -0.122102
v 0.605063 -2.039521 -0.134413
v -0.484816 -2.096375 -0.191268
v -0.508038 -2.094042 -0.188935
v -0.531637 -2.087667 -0.182560
v -0.549290 -2.078958 -0.173851
v -0.630183 -1.612737 0.292370
v -0.626818 -1.597558 0.307549
v -0.617624 -1.581687 0.323420
v -0.605064 -1.569376 0.335731
v 0.484815 -1.512522 0.392586
v 0.508036 -1.514855 0.390253
v 0.531636 -1.521231 0.383878
v 0.549289 -1.529939 0.375169
v 0.508036 -2.094042 -0.188934
v 0.484815 -2.096375 -0.191268
v 0.531635 -2.087667 -0.182559
v 0.549289 -2.078958 -0.173851
v -0.626818 -2.011339 -0.106232
v -0.630183 -1.996160 -0.091053
v -0.617624 -2.027210 -0.122103
v -0.605064 -2.039520 -0.134414
v -0.508038 -1.514855 0.390252
v -0.484816 -1.512522 0.392586
v -0.531637 -1.521230 0.383877
v -0.549290 -1.529939 0.375169
v 0.626817 -1.597559 0.307550
v 0.630182 -1.612738 0.292371
v 0.617622 -1.581687 0.323421
v 0.605063 -1.569377 0.335731
v 0.608916 -1.994989 -0.089881
v 0.606193 -2.007269 -0.102162
v 0.598899 -2.019859 -0.114751
v 0.588816 -2.029743 -0.124635
v -0.483313 -2.081337 -0.176231
v -0.502680 -2.079392 -0.174284
v -0.521610 -2.074277 -0.169171
v -0.535582 -2.067385 -0.162278
v -0.608917 -1.613909 0.291199
v -0.606194 -1.601628 0.303480
v -0.598901 -1.589038 0.316069
v -0.588817 -1.579155 0.325953
v 0.483312 -1.527560 0.377549
v 0.502679 -1.529506 0.375602
v 0.521608 -1.534619 0.370489
v 0.535580 -1.541512 0.363596
v 0.502679 -2.079392 -0.174284
v 0.483311 -2.081338 -0.176230
v 0.521608 -2.074278 -0.169170
v 0.535580 -2.067386 -0.162278
v -0.606194 -2.007269 -0.102162
v -0.608917 -1.994988 -0.089881
v -0.598901 -2.019859 -0.114752
v -0.588818 -2.029742 -0.124635
v -0.502680 -1.529506 0.375602
v -0.483313 -1.527559 0.377548
v -0.521610 -1.534619 0.370489
v -0.535582 -1.541512 0.363596
v 0.606193 -1.601628 0.303480
v 0.608916 -1.613909 0.291199
v 0.598899 -1.589038 0.316070
v 0.588816 -1.579155 0.325953
v -0.224645 -1.173181 -0.089599
v -0.713870 -1.173181 -0.089599
v -0.224645 0.000000 0.160869
v -0.224645 0.000000 -0.128944
v -0.713870 0.000000 -0.128944
v -0.469257 -0.574812 0.160869
v -0.224645 -0.736386 0.160869
v -0.713870 -0.736385 0.160869
v -0.469257 -1.173181 -0.252801
v -0.469257 0.000000 -0.252800
v -0.469257 -1.173181 -0.089598
v -0.713870 0.000000 0.015963
v -0.224645 0.000000 0.015963
v -0.703376 -1.173181 -0.190872
v -0.669876 -1.173181 -0.089599
v -0.703375 0.000000 -0.190872
v -0.268110 -0.655599 0.160869
v -0.235139 -1.173181 -0.190872
v -0.268639 -1.173181 -0.089599
v -0.235139 0.000000 -0.190872
v -0.268109 0.000000 0.160869
v -0.224645 -0.990846 -0.128944
v -0.713870 -0.990845 -0.128944
v -0.469257 -0.990845 -0.252801
v -0.224645 -0.990846 0.092737
v -0.268639 -0.990846 0.092737
v -0.703376 -0.990845 -0.190872
v -0.235139 -0.990846 -0.190872
v -0.713870 -0.990845 0.092737
v -0.469257 -1.117407 -0.252801
v -0.224645 -1.117408 -0.128944
v -0.713870 -1.117407 -0.128944
v -0.703376 -1.117407 -0.190872
v -0.235139 -1.117408 -0.190872
v -0.224645 -0.831955 0.160869
v -0.713870 -0.990845 -0.000449
v -0.224645 -0.990846 -0.000449
v -0.268459 -0.831955 0.160869
v -0.469257 0.000000 0.160869
v -0.713870 0.000000 0.160869
v -0.670405 -0.655599 0.160869
v -0.670405 0.000000 0.160869
v -0.469257 -0.990846 0.092737
v -0.669876 -0.990845 0.092737
v -0.713870 -0.831954 0.160869
v -0.670056 -0.831954 0.160869
v -0.469257 -0.831955 0.160869
v -0.677056 -1.117407 -0.224702
v -0.677056 -0.990845 -0.224702
v -0.261459 0.000000 -0.224701
v -0.677056 -1.173181 -0.224702
v -0.261459 -1.117408 -0.224702
v -0.261460 -1.173181 -0.224702
v -0.469257 -1.173181 -0.224702
v -0.677055 0.000000 -0.224701
v -0.261459 -0.990846 -0.224702
v -0.224645 -0.869737 0.160869
v -0.224645 -0.960174 0.123409
v -0.224645 -0.901244 0.155851
v -0.224645 -0.934346 0.142139
v -0.469257 -0.901244 0.155850
v -0.268534 -0.869737 0.160869
v -0.268639 -0.960174 0.123409
v -0.268586 -0.901244 0.155851
v -0.268625 -0.934346 0.142139
v -0.469257 -0.960174 0.123409
v -0.469257 -0.869737 0.160869
v -0.469257 -0.934346 0.142139
v -0.713870 -0.960173 0.123409
v -0.713870 -0.869737 0.160869
v -0.713870 -0.934346 0.142139
v -0.713870 -0.901244 0.155851
v -0.669981 -0.869737 0.160869
v -0.669876 -0.960173 0.123409
v -0.669929 -0.901244 0.155851
v -0.669890 -0.934346 0.142139
v 0.224645 -1.173181 -0.089599
v 0.713870 -1.173181 -0.089599
v 0.224645 0.000000 0.160869
v 0.224645 0.000000 -0.128944
v 0.713870 0.000000 -0.128944
v 0.469257 -0.574812 0.160869
v 0.224645 -0.736386 0.160869
v 0.713870 -0.736385 0.160869
v 0.469257 -1.173181 -0.252801
v 0.469257 0.000000 -0.252800
v 0.469257 -1.173181 -0.089598
v 0.713870 0.000000 0.015963
v 0.224645 0.000000 0.015963
v 0.703376 -1.173181 -0.190872
v 0.669876 -1.173181 -0.089599
v 0.703375 0.000000 -0.190872
v 0.268110 -0.655599 0.160869
v 0.235139 -1.173181 -0.190872
v 0.268639 -1.173181 -0.089599
v 0.235139 0.000000 -0.190872
v 0.268109 0.000000 0.160869
v 0.224645 -0.990846 -0.128944
v 0.713870 -0.990845 -0.128944
v 0.469257 -0.990845 -0.252801
v 0.224645 -0.990846 0.092737
v 0.268639 -0.990846 0.092737
v 0.703376 -0.990845 -0.190872
v 0.235139 -0.990846 -0.190872
v 0.713870 -0.990845 0.092737
v 0.469257 -1.117407 -0.252801
v 0.224645 -1.117408 -0.128944
v 0.713870 -1.117407 -0.128944
v 0.703376 -1.117407 -0.190872
v 0.235139 -1.117408 -0.190872
v 0.224645 -0.831955 0.160869
v 0.713870 -0.990845 -0.000449
v 0.224645 -0.990846 -0.000449
v 0.268459 -0.831955 0.160869
v 0.469257 0.000000 0.160869
v 0.713870 0.000000 0.160869
v 0.670405 -0.655599 0.160869
v 0.670405 0.000000 0.160869
v 0.469257 -0.990846 0.092737
v 0.669876 -0.990845 0.092737
v 0.713870 -0.831954 0.160869
v 0.670056 -0.831954 0.160869
v 0.469257 -0.831955 0.160869
v 0.677056 -1.117407 -0.224702
v 0.677056 -0.990845 -0.224702
v 0.261459 0.000000 -0.224701
v 0.677056 -1.173181 -0.224702
v 0.261459 -1.117408 -0.224702
v 0.261460 -1.173181 -0.224702
v 0.469257 -1.173181 -0.224702
v 0.677055 0.000000 -0.224701
v 0.261459 -0.990846 -0.224702
v 0.224645 -0.869737 0.160869
v 0.224645 -0.960174 0.123409
v 0.224645 -0.901244 0.155851
v 0.224645 -0.934346 0.142139
v 0.469257 -0.901244 0.155850
v 0.268534 -0.869737 0.160869
v 0.268639 -0.960174 0.123409
v 0.268586 -0.901244 0.155851
v 0.268625 -0.934346 0.142139
v 0.469257 -0.960174 0.123409
v 0.469257 -0.869737 0.160869
v 0.469257 -0.934346 0.142139
v 0.713870 -0.960173 0.123409
v 0.713870 -0.869737 0.160869
v 0.713870 -0.934346 0.142139
v 0.713870 -0.901244 0.155851
v 0.669981 -0.869737 0.160869
v 0.669876 -0.960173 0.123409
v 0.669929 -0.901244 0.155851
v 0.669890 -0.934346 0.142139
v -0.988888 -1.819519 0.188598
v -0.986485 -1.813122 0.181716
v -0.979923 -1.808574 0.176731
v -0.970599 -1.806843 0.174703
v -0.961204 -1.808574 0.176374
v -0.954457 -1.813122 0.181106
v -0.951794 -1.819519 0.187891
v -0.954197 -1.825916 0.194773
v -0.960759 -1.830464 0.199758
v -0.970084 -1.832195 0.201786
v -0.979478 -1.830464 0.200115
v -0.986225 -1.825916 0.195383
v -0.989692 -1.839531 0.168098
v -0.987272 -1.832656 0.161701
v -0.980701 -1.827852 0.156975
v -0.971377 -1.826140 0.154928
v -0.961993 -1.828173 0.156294
v -0.955264 -1.833206 0.160534
v -0.952622 -1.840167 0.166748
v -0.955042 -1.847042 0.173145
v -0.961614 -1.851846 0.177871
v -0.970937 -1.853558 0.179918
v -0.980321 -1.851525 0.178553
v -0.987050 -1.846492 0.174312
v -0.991222 -1.859797 0.144308
v -0.988779 -1.852610 0.138272
v -0.982196 -1.847631 0.133749
v -0.972872 -1.845919 0.131702
v -0.963501 -1.848135 0.132856
v -0.956794 -1.853472 0.136744
v -0.954177 -1.860795 0.142538
v -0.956620 -1.867982 0.148574
v -0.963203 -1.872962 0.153097
v -0.972527 -1.874673 0.155144
v -0.981898 -1.872458 0.153990
v -0.988605 -1.867121 0.150102
v -0.993213 -1.880510 0.117803
v -0.990754 -1.873145 0.111993
v -0.984160 -1.868056 0.107609
v -0.974835 -1.866328 0.105583
v -0.965472 -1.868628 0.106630
v -0.958779 -1.874122 0.110319
v -0.956181 -1.881642 0.115864
v -0.958639 -1.889007 0.121674
v -0.965233 -1.894096 0.126059
v -0.974558 -1.895824 0.128085
v -0.983921 -1.893524 0.127038
v -0.990614 -1.888030 0.123349
v -0.995396 -1.901855 0.089190
v -0.992929 -1.894407 0.083490
v -0.986328 -1.889255 0.079190
v -0.977000 -1.887495 0.077205
v -0.967638 -1.889808 0.078235
v -0.960950 -1.895353 0.081857
v -0.958360 -1.902951 0.087299
v -0.960827 -1.910399 0.092999
v -0.967427 -1.915551 0.097299
v -0.976755 -1.917310 0.099284
v -0.986117 -1.914998 0.098253
v -0.992805 -1.909452 0.094632
v -0.997497 -1.924032 0.059071
v -0.995029 -1.916576 0.053381
v -0.988426 -1.911396 0.049119
v -0.979094 -1.909593 0.047193
v -0.969728 -1.911860 0.048285
v -0.963037 -1.917370 0.051954
v -0.960444 -1.924951 0.057418
v -0.962912 -1.932407 0.063108
v -0.969515 -1.937587 0.067369
v -0.978847 -1.939390 0.069296
v -0.988213 -1.937124 0.068204
v -0.994904 -1.931613 0.064535
v -0.999242 -1.947253 0.028043
v -0.996778 -1.939857 0.022274
v -0.990176 -1.934677 0.018011
v -0.980839 -1.932818 0.016160
v -0.971466 -1.934984 0.017385
v -0.964766 -1.940381 0.021204
v -0.962167 -1.947860 0.026803
v -0.964630 -1.955257 0.032572
v -0.971233 -1.960436 0.036835
v -0.980569 -1.962296 0.038686
v -0.989942 -1.960129 0.037461
v -0.996642 -1.954732 0.033642
v -1.000354 -1.971736 -0.003300
v -0.997896 -1.964465 -0.009228
v -0.991295 -1.959316 -0.013530
v -0.981955 -1.957385 -0.015289
v -0.972576 -1.959394 -0.013864
v -0.965868 -1.964598 -0.009800
v -0.963260 -1.971890 -0.003962
v -0.965718 -1.979161 0.001966
v -0.972319 -1.984310 0.006268
v -0.981659 -1.986242 0.008027
v -0.991039 -1.984232 0.006602
v -0.997747 -1.979028 0.002538
v -1.000557 -1.997705 -0.034361
v -0.998100 -1.990632 -0.040524
v -0.991499 -1.985543 -0.044897
v -0.982159 -1.983521 -0.046549
v -0.972778 -1.985311 -0.044863
v -0.966069 -1.990235 -0.040466
v -0.963459 -1.997245 -0.034294
v -0.965916 -2.004319 -0.028131
v -0.972517 -2.009408 -0.023758
v -0.981857 -2.011430 -0.022106
v -0.991239 -2.009640 -0.023792
v -0.997948 -2.004716 -0.028189
v -0.999570 -2.025389 -0.064546
v -0.997102 -2.018595 -0.071012
v -0.990498 -2.013600 -0.075486
v -0.981162 -2.011466 -0.077017
v -0.971792 -2.012963 -0.075014
v -0.965097 -2.017506 -0.070203
v -0.962502 -2.024127 -0.063610
v -0.964970 -2.030921 -0.057144
v -0.971574 -2.035917 -0.052670
v -0.980910 -2.038051 -0.051139
v -0.990280 -2.036554 -0.053143
v -0.996975 -2.032011 -0.057953
v -0.997109 -2.055019 -0.093254
v -0.994609 -2.048599 -0.100079
v -0.987994 -2.043735 -0.104680
v -0.978670 -2.041463 -0.106078
v -0.969332 -2.042582 -0.103710
v -0.962680 -2.046626 -0.098420
v -0.960129 -2.052734 -0.091333
v -0.962628 -2.059155 -0.084508
v -0.969244 -2.064019 -0.079907
v -0.978568 -2.066290 -0.078509
v -0.987906 -2.065172 -0.080876
v -0.994558 -2.061128 -0.086166
v -0.992890 -2.086824 -0.119872
v -0.990326 -2.080883 -0.127097
v -0.983687 -2.076194 -0.131843
v -0.974385 -2.073755 -0.133102
v -0.965111 -2.074399 -0.130340
v -0.958544 -2.077812 -0.124525
v -0.956081 -2.083267 -0.116894
v -0.958645 -2.089208 -0.109670
v -0.965284 -2.093896 -0.104924
v -0.974585 -2.096336 -0.103665
v -0.983859 -2.095692 -0.106427
v -0.990427 -2.092279 -0.112242
v -0.986627 -2.121025 -0.143782
v -0.983954 -2.115678 -0.151418
v -0.977274 -2.111209 -0.156318
v -0.968009 -2.108572 -0.157438
v -0.958842 -2.108639 -0.154277
v -0.952416 -2.111281 -0.147925
v -0.950101 -2.115932 -0.139737
v -0.952775 -2.121280 -0.132101
v -0.959455 -2.125748 -0.127201
v -0.968719 -2.128386 -0.126081
v -0.977887 -2.128319 -0.129242
v -0.984312 -2.125677 -0.135594
v -0.978038 -2.157831 -0.164351
v -0.975201 -2.153184 -0.172377
v -0.968459 -2.148981 -0.177424
v -0.959247 -2.146116 -0.178418
v -0.950237 -2.145510 -0.174882
v -0.944024 -2.147246 -0.168028
v -0.941931 -2.150953 -0.159314
v -0.944768 -2.155600 -0.151288
v -0.951510 -2.159803 -0.146241
v -0.960722 -2.162668 -0.145247
v -0.969732 -2.163274 -0.148783
v -0.975945 -2.161538 -0.155637
v -0.966848 -2.197427 -0.180944
v -0.963788 -2.193569 -0.189298
v -0.956960 -2.189667 -0.194471
v -0.947820 -2.186551 -0.195361
v -0.939021 -2.185197 -0.191512
v -0.933094 -2.185922 -0.184236
v -0.931300 -2.188571 -0.175081
v -0.934361 -2.192430 -0.166727
v -0.941188 -2.196332 -0.161554
v -0.950329 -2.199447 -0.160664
v -0.959127 -2.200801 -0.164513
v -0.965054 -2.200077 -0.171789
v -0.952793 -2.239981 -0.192934
v -0.949457 -2.236958 -0.201524
v -0.942523 -2.233378 -0.206787
v -0.933468 -2.230004 -0.207604
v -0.924930 -2.227861 -0.203534
v -0.919356 -2.227519 -0.195958
v -0.917931 -2.229050 -0.186488
v -0.921267 -2.232073 -0.177898
v -0.928201 -2.235653 -0.172635
v -0.937256 -2.239028 -0.171818
v -0.945794 -2.241170 -0.175888
v -0.951369 -2.241512 -0.183465
v -0.935622 -2.285650 -0.199716
v -0.931972 -2.283462 -0.208430
v -0.924916 -2.280206 -0.213742
v -0.915957 -2.276577 -0.214521
v -0.907713 -2.273652 -0.210334
v -0.902537 -2.272248 -0.202598
v -0.901532 -2.272662 -0.192961
v -0.905182 -2.274850 -0.184247
v -0.912238 -2.278105 -0.178935
v -0.921197 -2.281734 -0.178156
v -0.929441 -2.284659 -0.182343
v -0.934617 -2.286064 -0.190079
v -0.914723 -2.335327 -0.200783
v -0.911056 -2.333175 -0.209499
v -0.904190 -2.329502 -0.214787
v -0.895586 -2.325088 -0.215519
v -0.887763 -2.321233 -0.211277
v -0.882950 -2.319028 -0.203495
v -0.882171 -2.318942 -0.193828
v -0.885838 -2.321093 -0.185112
v -0.892704 -2.324767 -0.179824
v -0.901308 -2.329181 -0.179092
v -0.909131 -2.333035 -0.183334
v -0.913944 -2.335241 -0.191116
v -0.885515 -2.383159 -0.203053
v -0.882704 -2.379689 -0.211661
v -0.876940 -2.374316 -0.216809
v -0.869450 -2.368183 -0.217401
v -0.862418 -2.363108 -0.213059
v -0.857858 -2.360514 -0.205245
v -0.856739 -2.360951 -0.195621
v -0.859550 -2.364422 -0.187013
v -0.865314 -2.369795 -0.181865
v -0.872804 -2.375928 -0.181273
v -0.879836 -2.381002 -0.185615
v -0.884396 -2.383597 -0.193430
v -0.845481 -2.420955 -0.212782
v -0.844224 -2.416006 -0.221027
v -0.840351 -2.408832 -0.225732
v -0.834687 -2.400961 -0.225896
v -0.828863 -2.394737 -0.221271
v -0.824568 -2.391890 -0.213394
v -0.822716 -2.393025 -0.203943
v -0.823973 -2.397975 -0.195698
v -0.827846 -2.405149 -0.190993
v -0.833510 -2.413019 -0.190829
v -0.839334 -2.419243 -0.195454
v -0.843629 -2.422091 -0.203331
v -0.797110 -2.447163 -0.228054
v -0.797398 -2.441364 -0.235822
v -0.795502 -2.433104 -0.239918
v -0.791825 -2.424142 -0.239469
v -0.787399 -2.417149 -0.234413
v -0.783534 -2.414065 -0.226403
v -0.781053 -2.415546 -0.217146
v -0.780765 -2.421345 -0.209378
v -0.782662 -2.429605 -0.205282
v -0.786339 -2.438568 -0.205731
v -0.790765 -2.445561 -0.210787
v -0.794630 -2.448645 -0.218797
v -0.742422 -2.461270 -0.246873
v -0.744079 -2.455110 -0.254178
v -0.744047 -2.446359 -0.257642
v -0.742333 -2.436879 -0.256530
v -0.739379 -2.429498 -0.250975
v -0.736093 -2.426261 -0.242771
v -0.733172 -2.427859 -0.233662
v -0.731515 -2.434019 -0.226357
v -0.731547 -2.442770 -0.222892
v -0.733261 -2.452250 -0.224005
v -0.736215 -2.459631 -0.229559
v -0.739501 -2.462868 -0.237764
v -0.683246 -2.462842 -0.267328
v -0.686060 -2.456647 -0.274238
v -0.687725 -2.447844 -0.277125
v -0.687887 -2.438307 -0.275372
v -0.686432 -2.430881 -0.269307
v -0.683848 -2.427623 -0.260863
v -0.680684 -2.429228 -0.251837
v -0.677870 -2.435423 -0.244927
v -0.676204 -2.444226 -0.242041
v -0.676042 -2.453763 -0.243793
v -0.677497 -2.461189 -0.249858
v -0.680082 -2.464447 -0.258302
v -0.621330 -2.451394 -0.287559
v -0.625105 -2.445374 -0.294159
v -0.628306 -2.436852 -0.296550
v -0.630251 -2.427640 -0.294223
v -0.630299 -2.420488 -0.287673
v -0.628515 -2.417377 -0.278970
v -0.625279 -2.418969 -0.269968
v -0.621504 -2.424988 -0.263367
v -0.618303 -2.433511 -0.260976
v -0.616358 -2.442722 -0.263304
v -0.616311 -2.449874 -0.269854
v -0.618094 -2.452985 -0.278556
v -0.558434 -2.426393 -0.305715
v -0.562999 -2.420686 -0.312090
v -0.567580 -2.412710 -0.314088
v -0.571202 -2.404163 -0.311282
v -0.572731 -2.397597 -0.304310
v -0.571812 -2.394828 -0.295362
v -0.568641 -2.396446 -0.286340
v -0.564076 -2.402153 -0.279965
v -0.559495 -2.410128 -0.277968
v -0.555873 -2.418676 -0.280773
v -0.554344 -2.425242 -0.287745
v -0.555263 -2.428010 -0.296694
v -0.496363 -2.387308 -0.319940
v -0.501563 -2.382000 -0.326172
v -0.507359 -2.374786 -0.327895
v -0.512517 -2.367203 -0.324742
v -0.515454 -2.361521 -0.317452
v -0.515413 -2.359303 -0.308305
v -0.512403 -2.361022 -0.299247
v -0.507203 -2.366330 -0.293016
v -0.501407 -2.373544 -0.291293
v -0.496249 -2.381127 -0.294445
v -0.493312 -2.386809 -0.301735
v -0.493353 -2.389026 -0.310883
v -0.436964 -2.333657 -0.328387
v -0.442654 -2.328789 -0.334550
v -0.449473 -2.322497 -0.336129
v -0.455970 -2.316118 -0.332789
v -0.460170 -2.311573 -0.325322
v -0.460956 -2.310100 -0.316059
v -0.458160 -2.312011 -0.306972
v -0.452469 -2.316877 -0.300809
v -0.445650 -2.323170 -0.299229
v -0.439154 -2.329549 -0.302569
v -0.434954 -2.334094 -0.310036
v -0.434168 -2.335567 -0.319299
v -0.382076 -2.265028 -0.329241
v -0.388122 -2.260603 -0.335399
v -0.395750 -2.255316 -0.336967
v -0.403334 -2.250290 -0.333610
v -0.408586 -2.247052 -0.326127
v -0.410085 -2.246465 -0.316854
v -0.407512 -2.248653 -0.307763
v -0.401465 -2.253077 -0.301605
v -0.393838 -2.258365 -0.300038
v -0.386253 -2.263391 -0.303394
v -0.381001 -2.266628 -0.310877
v -0.379502 -2.267215 -0.320151
v -0.333484 -2.181050 -0.320744
v -0.339771 -2.177038 -0.326943
v -0.347987 -2.172759 -0.328612
v -0.356383 -2.169125 -0.325396
v -0.362435 -2.167259 -0.318051
v -0.364491 -2.167628 -0.308873
v -0.362114 -2.170152 -0.299816
v -0.355828 -2.174165 -0.293617
v -0.347612 -2.178443 -0.291948
v -0.339215 -2.182078 -0.295165
v -0.333164 -2.183944 -0.302510
v -0.331107 -2.183575 -0.311687
v -0.292896 -2.081340 -0.301181
v -0.299330 -2.077685 -0.307450
v -0.307935 -2.074352 -0.309303
v -0.316880 -2.072049 -0.306346
v -0.323481 -2.071517 -0.299261
v -0.325928 -2.072836 -0.290269
v -0.323701 -2.075724 -0.281283
v -0.317267 -2.079379 -0.275014
v -0.308662 -2.082712 -0.273161
v -0.299717 -2.085015 -0.276117
v -0.293116 -2.085546 -0.283202
v -0.290669 -2.084228 -0.292195
v -0.261955 -1.965448 -0.268856
v -0.268470 -1.962089 -0.275207
v -0.277303 -1.959596 -0.277293
v -0.286575 -1.958500 -0.274671
v -0.293508 -1.959193 -0.267925
v -0.296197 -1.961398 -0.259179
v -0.294068 -1.964648 -0.250293
v -0.287553 -1.968006 -0.243942
v -0.278720 -1.970499 -0.241855
v -0.269448 -1.971595 -0.244478
v -0.262515 -1.970903 -0.251223
v -0.259826 -1.968697 -0.259970
v -0.242281 -1.832855 -0.222067
v -0.248831 -1.829733 -0.228501
v -0.257775 -1.827961 -0.230840
v -0.267207 -1.827916 -0.228587
v -0.274305 -1.829686 -0.222220
v -0.277114 -1.832685 -0.213751
v -0.275037 -1.836273 -0.204985
v -0.268486 -1.839395 -0.198551
v -0.259543 -1.841168 -0.196211
v -0.250110 -1.841213 -0.198465
v -0.243013 -1.839443 -0.204832
v -0.240204 -1.836444 -0.213300
v -0.235494 -1.682987 -0.159092
v -0.242054 -1.680050 -0.165604
v -0.251027 -1.678881 -0.168195
v -0.260503 -1.679728 -0.166315
v -0.267646 -1.682424 -0.160335
v -0.270489 -1.686112 -0.152155
v -0.268427 -1.690008 -0.143517
v -0.261867 -1.692944 -0.137005
v -0.252894 -1.694113 -0.134414
v -0.243418 -1.693266 -0.136294
v -0.236275 -1.690570 -0.142274
v -0.233432 -1.686882 -0.150454
v -0.243235 -1.515234 -0.078187
v -0.249789 -1.512441 -0.084767
v -0.258740 -1.511771 -0.087599
v -0.268184 -1.513367 -0.086078
v -0.275294 -1.516846 -0.080474
v -0.278112 -1.521124 -0.072578
v -0.276038 -1.525290 -0.064070
v -0.269485 -1.528083 -0.057489
v -0.260533 -1.528753 -0.054658
v -0.251089 -1.527157 -0.056178
v -0.243979 -1.523678 -0.061782
v -0.241161 -1.519400 -0.069678
v -0.267169 -1.328960 0.022420
v -0.273708 -1.326281 0.015778
v -0.282607 -1.326028 0.012722
v -0.291971 -1.328257 0.013902
v -0.298997 -1.332402 0.019147
v -0.301751 -1.337186 0.026771
v -0.299647 -1.341590 0.035151
v -0.293108 -1.344269 0.041793
v -0.284209 -1.344522 0.044849
v -0.274844 -1.342293 0.043669
v -0.267819 -1.338148 0.038424
v -0.265065 -1.333364 0.030800
v -1.057678 -1.845793 0.178682
v -1.054512 -1.837025 0.176009
v -1.047515 -1.830791 0.175130
v -1.038176 -1.828418 0.176231
v -1.029211 -1.830791 0.179068
v -1.023194 -1.837025 0.182747
v -1.021408 -1.845793 0.186486
v -1.024574 -1.854562 0.189159
v -1.031571 -1.860796 0.190038
v -1.040910 -1.863168 0.188936
v -1.049875 -1.860796 0.186099
v -1.055891 -1.854562 0.182420
v -1.039205 -1.885829 0.092492
v -1.035790 -1.877601 0.088659
v -1.028615 -1.871752 0.086955
v -1.019209 -1.869526 0.087740
v -1.010310 -1.871754 0.090888
v -1.004471 -1.877605 0.095389
v -1.002933 -1.885834 0.100286
v -1.006348 -1.894062 0.104118
v -1.013523 -1.899911 0.105822
v -1.022929 -1.902137 0.105037
v -1.031828 -1.899909 0.101889
v -1.037667 -1.894058 0.097388
v -1.023189 -1.934370 0.018105
v -1.019539 -1.926847 0.013191
v -1.012200 -1.921492 0.010729
v -1.002735 -1.919444 0.011242
v -0.993905 -1.921466 0.014706
v -0.988236 -1.926802 0.019997
v -0.986935 -1.934317 0.025987
v -0.990585 -1.941839 0.030901
v -0.997924 -1.947194 0.033363
v -1.007389 -1.949242 0.032850
v -1.016219 -1.947221 0.029385
v -1.021888 -1.941885 0.024095
v -1.009094 -1.990094 -0.045368
v -1.005234 -1.983395 -0.051222
v -0.997752 -1.978602 -0.054327
v -0.988240 -1.976736 -0.054022
v -0.979479 -1.978488 -0.050250
v -0.973969 -1.983200 -0.044247
v -0.972884 -1.989869 -0.037289
v -0.976745 -1.996569 -0.031436
v -0.984227 -2.001361 -0.028331
v -0.993739 -2.003227 -0.028636
v -1.002500 -2.001475 -0.032408
v -1.008009 -1.996763 -0.038411
v -0.996389 -2.051675 -0.098803
v -0.992347 -2.045846 -0.105417
v -0.984744 -2.041630 -0.109024
v -0.975199 -2.039923 -0.108858
v -0.966506 -2.041351 -0.104803
v -0.961142 -2.045369 -0.098194
v -0.960248 -2.051122 -0.090438
v -0.964290 -2.056950 -0.083825
v -0.971893 -2.061167 -0.080217
v -0.981438 -2.062873 -0.080384
v -0.990131 -2.061446 -0.084439
v -0.995496 -2.057428 -0.091047
v -0.984542 -2.117778 -0.143070
v -0.980345 -2.112800 -0.150257
v -0.972644 -2.109121 -0.154227
v -0.963079 -2.107525 -0.154135
v -0.954453 -2.108584 -0.149832
v -0.949220 -2.111881 -0.142737
v -0.948494 -2.116713 -0.134360
v -0.952691 -2.121691 -0.127172
v -0.960391 -2.125370 -0.123202
v -0.969957 -2.126966 -0.123294
v -0.978583 -2.125907 -0.127598
v -0.983816 -2.122611 -0.134693
v -0.973018 -2.187067 -0.179038
v -0.968690 -2.182865 -0.186632
v -0.960912 -2.179645 -0.190842
v -0.951339 -2.178091 -0.190773
v -0.942781 -2.178746 -0.186257
v -0.937669 -2.181327 -0.178788
v -0.937091 -2.185285 -0.169953
v -0.941419 -2.189487 -0.162359
v -0.949197 -2.192707 -0.158149
v -0.958770 -2.194260 -0.158218
v -0.967328 -2.193606 -0.162734
v -0.972440 -2.191025 -0.170204
v -0.961281 -2.258203 -0.207582
v -0.956841 -2.254670 -0.215446
v -0.949004 -2.251801 -0.219799
v -0.939438 -2.250208 -0.219714
v -0.930953 -2.250426 -0.215021
v -0.925957 -2.252317 -0.207272
v -0.925512 -2.255478 -0.198114
v -0.929952 -2.259012 -0.190250
v -0.937789 -2.261880 -0.185897
v -0.947355 -2.263473 -0.185983
v -0.955840 -2.263255 -0.190675
v -0.960836 -2.261364 -0.198424
v -0.948789 -2.329854 -0.229577
v -0.944253 -2.326860 -0.237609
v -0.936376 -2.324219 -0.242032
v -0.926834 -2.322492 -0.241905
v -0.918433 -2.322240 -0.237067
v -0.913553 -2.323474 -0.229114
v -0.913233 -2.325932 -0.219737
v -0.917769 -2.328925 -0.211705
v -0.925646 -2.331566 -0.207282
v -0.935188 -2.333293 -0.207409
v -0.943590 -2.333545 -0.212247
v -0.948470 -2.332311 -0.220201
v -0.934996 -2.400694 -0.245902
v -0.930381 -2.398102 -0.254028
v -0.922486 -2.395549 -0.258472
v -0.912992 -2.393580 -0.258288
v -0.904692 -2.392814 -0.253330
v -0.899936 -2.393421 -0.245230
v -0.899736 -2.395274 -0.235713
v -0.904352 -2.397866 -0.227587
v -0.912247 -2.400419 -0.223143
v -0.921741 -2.402388 -0.223327
v -0.930040 -2.403154 -0.228285
v -0.934796 -2.402546 -0.236385
v -0.919343 -2.469412 -0.257439
v -0.914670 -2.467070 -0.265607
v -0.906790 -2.464451 -0.270040
v -0.897382 -2.462112 -0.269793
v -0.889215 -2.460772 -0.264737
v -0.884599 -2.460775 -0.256534
v -0.884517 -2.462121 -0.246930
v -0.889190 -2.464463 -0.238761
v -0.897069 -2.467082 -0.234329
v -0.906478 -2.469421 -0.234576
v -0.914644 -2.470762 -0.239632
v -0.919260 -2.470758 -0.247835
v -0.901251 -2.534711 -0.265067
v -0.896554 -2.532454 -0.273246
v -0.888744 -2.529588 -0.277649
v -0.879484 -2.526724 -0.277339
v -0.871503 -2.524725 -0.272204
v -0.867056 -2.524133 -0.263930
v -0.867087 -2.525074 -0.254278
v -0.871784 -2.527331 -0.246099
v -0.879594 -2.530197 -0.241696
v -0.888854 -2.533062 -0.242005
v -0.896835 -2.535060 -0.247140
v -0.901283 -2.535652 -0.255415
v -0.880106 -2.595316 -0.269668
v -0.875446 -2.592953 -0.277838
v -0.867801 -2.589624 -0.282205
v -0.858799 -2.586037 -0.281838
v -0.851094 -2.583263 -0.276642
v -0.846860 -2.582070 -0.268321
v -0.846999 -2.582712 -0.258645
v -0.851658 -2.585075 -0.250475
v -0.859303 -2.588405 -0.246108
v -0.868306 -2.591991 -0.246474
v -0.876010 -2.594765 -0.251670
v -0.880244 -2.595958 -0.259992
v -0.855224 -2.649966 -0.272123
v -0.850719 -2.647270 -0.280278
v -0.843414 -2.643213 -0.284609
v -0.834863 -2.638657 -0.284196
v -0.827591 -2.634955 -0.278955
v -0.823646 -2.633142 -0.270604
v -0.823869 -2.633602 -0.260919
v -0.828373 -2.636298 -0.252765
v -0.835679 -2.640355 -0.248433
v -0.844230 -2.644911 -0.248847
v -0.851502 -2.648613 -0.254087
v -0.855447 -2.650427 -0.262439
v -0.825813 -2.697365 -0.273323
v -0.821685 -2.694078 -0.281460
v -0.815036 -2.688990 -0.285761
v -0.807281 -2.683185 -0.285311
v -0.800711 -2.678381 -0.280037
v -0.797175 -2.675926 -0.271667
v -0.797426 -2.676342 -0.261981
v -0.801554 -2.679629 -0.253844
v -0.808203 -2.684717 -0.249543
v -0.815958 -2.690522 -0.249993
v -0.822529 -2.695326 -0.255267
v -0.826064 -2.697781 -0.263637
v -0.790966 -2.736050 -0.274180
v -0.787604 -2.731936 -0.282294
v -0.782145 -2.725564 -0.286558
v -0.775751 -2.718289 -0.286066
v -0.770310 -2.712266 -0.280758
v -0.767354 -2.709185 -0.272369
v -0.767513 -2.709701 -0.262686
v -0.770875 -2.713814 -0.254573
v -0.776334 -2.720187 -0.250309
v -0.782728 -2.727462 -0.250801
v -0.788169 -2.733485 -0.256109
v -0.791125 -2.736566 -0.264497
v -0.749876 -2.764162 -0.275651
v -0.747828 -2.759171 -0.283710
v -0.744278 -2.751524 -0.287895
v -0.739981 -2.742850 -0.287317
v -0.736201 -2.735718 -0.281940
v -0.734009 -2.732128 -0.273520
v -0.733871 -2.732841 -0.263849
v -0.735919 -2.737832 -0.255790
v -0.739469 -2.745479 -0.251605
v -0.743766 -2.754153 -0.252183
v -0.747547 -2.761285 -0.257560
v -0.749739 -2.764875 -0.265980
v -0.702578 -2.779457 -0.278790
v -0.702661 -2.773784 -0.286655
v -0.701782 -2.765283 -0.290597
v -0.700126 -2.755762 -0.289778
v -0.698160 -2.748050 -0.284236
v -0.696465 -2.744300 -0.275771
v -0.695402 -2.745310 -0.266185
v -0.695319 -2.750983 -0.258319
v -0.696198 -2.759485 -0.254377
v -0.697854 -2.769005 -0.255196
v -0.699819 -2.776717 -0.260738
v -0.701514 -2.780468 -0.269203
v -0.675768 -2.779711 -0.283896
v -0.678364 -2.773983 -0.291279
v -0.680283 -2.765420 -0.294683
v -0.681115 -2.755845 -0.293386
v -0.680562 -2.748102 -0.287573
v -0.678842 -2.744353 -0.279113
v -0.676321 -2.745394 -0.269806
v -0.673725 -2.751122 -0.262424
v -0.671806 -2.759685 -0.259019
v -0.670974 -2.769260 -0.260316
v -0.671527 -2.777003 -0.266129
v -0.673247 -2.780752 -0.274590
v -0.646390 -2.772145 -0.293487
v -0.650814 -2.766859 -0.300309
v -0.654811 -2.758800 -0.303076
v -0.657531 -2.749682 -0.301201
v -0.658097 -2.742210 -0.295044
v -0.656436 -2.738475 -0.286566
v -0.652901 -2.739271 -0.277570
v -0.648476 -2.744556 -0.270748
v -0.644479 -2.752616 -0.267981
v -0.641759 -2.761734 -0.269857
v -0.641193 -2.769206 -0.276013
v -0.642855 -2.772941 -0.284491
v -0.614761 -2.756493 -0.305920
v -0.620234 -2.751714 -0.312344
v -0.625608 -2.744320 -0.314588
v -0.629741 -2.735885 -0.312175
v -0.631332 -2.728908 -0.305630
v -0.630026 -2.725344 -0.297016
v -0.626102 -2.725953 -0.288168
v -0.620630 -2.730732 -0.281745
v -0.615255 -2.738125 -0.279501
v -0.611122 -2.746561 -0.281913
v -0.609532 -2.753538 -0.288459
v -0.610837 -2.757101 -0.297072
v -0.581346 -2.732290 -0.319612
v -0.587442 -2.727957 -0.325786
v -0.593789 -2.721259 -0.327640
v -0.599039 -2.713622 -0.324780
v -0.601558 -2.707310 -0.317862
v -0.600734 -2.704091 -0.309055
v -0.596741 -2.704650 -0.300235
v -0.590646 -2.708983 -0.294061
v -0.584298 -2.715681 -0.292207
v -0.579049 -2.723318 -0.295067
v -0.576529 -2.729630 -0.301985
v -0.577354 -2.732849 -0.310791
v -0.546689 -2.698989 -0.333040
v -0.553163 -2.695016 -0.339070
v -0.560234 -2.689008 -0.340648
v -0.566398 -2.682244 -0.337440
v -0.569755 -2.676729 -0.330202
v -0.569452 -2.674007 -0.321197
v -0.565554 -2.674656 -0.312341
v -0.559079 -2.678628 -0.306311
v -0.552008 -2.684637 -0.304733
v -0.545844 -2.691401 -0.307942
v -0.542488 -2.696916 -0.315179
v -0.542791 -2.699638 -0.324184
v -0.511387 -2.656024 -0.344705
v -0.518093 -2.652332 -0.350659
v -0.525717 -2.646992 -0.352057
v -0.532638 -2.641143 -0.348601
v -0.536736 -2.636525 -0.341122
v -0.536945 -2.634422 -0.331950
v -0.533221 -2.635282 -0.323037
v -0.526515 -2.638974 -0.317083
v -0.518891 -2.644314 -0.315685
v -0.511970 -2.650163 -0.319141
v -0.507872 -2.654781 -0.326620
v -0.507663 -2.656884 -0.335792
v -0.476065 -2.602835 -0.353118
v -0.482909 -2.599349 -0.359040
v -0.490959 -2.594646 -0.360337
v -0.498501 -2.589728 -0.356735
v -0.503238 -2.586067 -0.349106
v -0.503918 -2.584670 -0.339822
v -0.500397 -2.585834 -0.330861
v -0.493553 -2.589319 -0.324940
v -0.485504 -2.594022 -0.323642
v -0.477962 -2.598941 -0.327244
v -0.473225 -2.602602 -0.334874
v -0.472544 -2.603999 -0.344157
v -0.441354 -2.538864 -0.356808
v -0.448276 -2.535522 -0.362721
v -0.456649 -2.531413 -0.363985
v -0.464691 -2.527410 -0.360330
v -0.469962 -2.524727 -0.352644
v -0.471053 -2.524083 -0.343317
v -0.467733 -2.525616 -0.334335
v -0.460811 -2.528957 -0.328421
v -0.452438 -2.533067 -0.327158
v -0.444396 -2.537069 -0.330813
v -0.439125 -2.539752 -0.338499
v -0.438034 -2.540396 -0.347826
v -0.407877 -2.463546 -0.354319
v -0.414840 -2.460297 -0.360235
v -0.423456 -2.456729 -0.361516
v -0.431889 -2.453602 -0.357889
v -0.437589 -2.451880 -0.350234
v -0.439022 -2.452000 -0.340932
v -0.435883 -2.453937 -0.331963
v -0.428920 -2.457187 -0.326047
v -0.420304 -2.460755 -0.324766
v -0.411871 -2.463881 -0.328393
v -0.406171 -2.465604 -0.336048
v -0.404738 -2.465484 -0.345349
v -0.376253 -2.376305 -0.344204
v -0.383235 -2.373106 -0.350126
v -0.392027 -2.370023 -0.351463
v -0.400758 -2.367712 -0.347930
v -0.406791 -2.366903 -0.340380
v -0.408496 -2.367768 -0.331164
v -0.405509 -2.370121 -0.322243
v -0.398526 -2.373320 -0.316321
v -0.389734 -2.376403 -0.314984
v -0.381003 -2.378714 -0.318517
v -0.374970 -2.379523 -0.326067
v -0.373266 -2.378658 -0.335283
v -0.347094 -2.276544 -0.325024
v -0.354083 -2.273366 -0.330950
v -0.363000 -2.270710 -0.332368
v -0.371950 -2.269141 -0.328977
v -0.378232 -2.269179 -0.321589
v -0.380143 -2.270747 -0.312507
v -0.377277 -2.273510 -0.303664
v -0.370288 -2.276687 -0.297738
v -0.361371 -2.279343 -0.296320
v -0.352421 -2.280913 -0.299711
v -0.346139 -2.280874 -0.307099
v -0.344228 -2.279307 -0.316181
v -0.321012 -2.163653 -0.295336
v -0.328000 -2.160474 -0.301262
v -0.337004 -2.158189 -0.302777
v -0.346108 -2.157284 -0.299559
v -0.352570 -2.158091 -0.292373
v -0.354632 -2.160307 -0.283460
v -0.351856 -2.163459 -0.274719
v -0.344868 -2.166637 -0.268793
v -0.335864 -2.168922 -0.267278
v -0.326760 -2.169828 -0.270495
v -0.320298 -2.169020 -0.277682
v -0.318236 -2.166805 -0.286594
v -0.298618 -2.037006 -0.253693
v -0.305603 -2.033812 -0.259614
v -0.314665 -2.031846 -0.261234
v -0.323873 -2.031527 -0.258208
v -0.330458 -2.033024 -0.251247
v -0.332625 -2.035826 -0.242527
v -0.329913 -2.039340 -0.233904
v -0.322928 -2.042534 -0.227983
v -0.313867 -2.044500 -0.226363
v -0.304658 -2.044818 -0.229389
v -0.298074 -2.043322 -0.236350
v -0.295907 -2.040519 -0.245070
v -0.280529 -1.895969 -0.198643
v -0.287511 -1.892749 -0.204554
v -0.296607 -1.891058 -0.206280
v -0.305883 -1.891253 -0.203455
v -0.312546 -1.893360 -0.196732
v -0.314782 -1.896690 -0.188216
v -0.312113 -1.900533 -0.179721
v -0.305131 -1.903752 -0.173810
v -0.296034 -1.905444 -0.172084
v -0.286759 -1.905249 -0.174909
v -0.280095 -1.903141 -0.181633
v -0.277860 -1.899812 -0.190148
v -0.267363 -1.739902 -0.128727
v -0.274342 -1.736652 -0.134624
v -0.283459 -1.735194 -0.136456
v -0.292773 -1.735839 -0.133831
v -0.299483 -1.738485 -0.127348
v -0.301758 -1.742282 -0.119041
v -0.299115 -1.746423 -0.110680
v -0.292136 -1.749673 -0.104783
v -0.283019 -1.751131 -0.102952
v -0.273705 -1.750486 -0.105576
v -0.266995 -1.747841 -0.112059
v -0.264720 -1.744043 -0.120366
v -0.259745 -1.568165 -0.042482
v -0.266723 -1.564880 -0.048363
v -0.275849 -1.563622 -0.050294
v -0.285180 -1.564659 -0.047865
v -0.291912 -1.567777 -0.041619
v -0.294206 -1.571989 -0.033520
v -0.291575 -1.576398 -0.025293
v -0.284597 -1.579682 -0.019413
v -0.275471 -1.580940 -0.017481
v -0.266140 -1.579903 -0.019910
v -0.259408 -1.576785 -0.026156
v -0.257114 -1.572573 -0.034255
v -0.258302 -1.380106 0.061563
v -0.265279 -1.376788 0.055702
v -0.274407 -1.375703 0.053675
v -0.283741 -1.377084 0.055914
v -0.290476 -1.380621 0.061929
v -0.292774 -1.385202 0.069824
v -0.290145 -1.389852 0.077918
v -0.283167 -1.393171 0.083779
v -0.274040 -1.394255 0.085806
v -0.264706 -1.392874 0.083568
v -0.257971 -1.389337 0.077553
v -0.255673 -1.384756 0.069658
v 0.988888 -1.819519 0.188598
v 0.986485 -1.813122 0.181716
v 0.979923 -1.808574 0.176731
v 0.970599 -1.806843 0.174703
v 0.961204 -1.808574 0.176374
v 0.954457 -1.813122 0.181106
v 0.951794 -1.819519 0.187891
v 0.954197 -1.825916 0.194773
v 0.960759 -1.830464 0.199758
v 0.970084 -1.832195 0.201786
v 0.979478 -1.830464 0.200115
v 0.986225 -1.825916 0.195383
v 0.989484 -1.839485 0.168097
v 0.987067 -1.832561 0.161752
v 0.980496 -1.827678 0.157108
v 0.971169 -1.825876 0.155152
v 0.961781 -1.827833 0.156593
v 0.955046 -1.832826 0.160872
v 0.952399 -1.839793 0.167078
v 0.954817 -1.846718 0.173423
v 0.961388 -1.851600 0.178068
v 0.970714 -1.853402 0.180023
v 0.980103 -1.851445 0.178582
v 0.986837 -1.846452 0.174303
v 0.990435 -1.859161 0.144637
v 0.988001 -1.851861 0.138735
v 0.981418 -1.846732 0.134382
v 0.972089 -1.844863 0.132505
v 0.962707 -1.846961 0.133779
v 0.955986 -1.852255 0.137704
v 0.953357 -1.859617 0.143443
v 0.955791 -1.866917 0.149346
v 0.962374 -1.872047 0.153699
v 0.971703 -1.873916 0.155575
v 0.981086 -1.871817 0.154301
v 0.987806 -1.866523 0.150377
v 0.991558 -1.878649 0.118733
v 0.989110 -1.871099 0.113161
v 0.982518 -1.865792 0.109042
v 0.973185 -1.863857 0.107252
v 0.963807 -1.866026 0.108433
v 0.957096 -1.871500 0.112120
v 0.954480 -1.879115 0.117527
v 0.956929 -1.886665 0.123099
v 0.963521 -1.891972 0.127218
v 0.972854 -1.893907 0.129008
v 0.982232 -1.891738 0.127827
v 0.988943 -1.886263 0.124140
v 0.992669 -1.898046 0.090918
v 0.990211 -1.890333 0.085578
v 0.983612 -1.884897 0.081641
v 0.974275 -1.882896 0.079947
v 0.964898 -1.885083 0.081103
v 0.958192 -1.890651 0.084656
v 0.955585 -1.898414 0.089850
v 0.958043 -1.906128 0.095191
v 0.964642 -1.911564 0.099127
v 0.973979 -1.913565 0.100822
v 0.983356 -1.911378 0.099666
v 0.990062 -1.905810 0.096112
v 0.993580 -1.917458 0.061723
v 0.991118 -1.909648 0.056528
v 0.984515 -1.904119 0.052731
v 0.975175 -1.902047 0.051142
v 0.965797 -1.904209 0.052335
v 0.959092 -1.909802 0.055850
v 0.956488 -1.917637 0.060938
v 0.958950 -1.925448 0.066133
v 0.965553 -1.930977 0.069930
v 0.974893 -1.933049 0.071519
v 0.984272 -1.930887 0.070326
v 0.990976 -1.925293 0.066811
v 0.994106 -1.936996 0.031677
v 0.991643 -1.929143 0.026547
v 0.985038 -1.923547 0.022852
v 0.975696 -1.921398 0.021380
v 0.966316 -1.923496 0.022671
v 0.959611 -1.929057 0.026236
v 0.957007 -1.936897 0.031316
v 0.959470 -1.944750 0.036446
v 0.966075 -1.950346 0.040141
v 0.975417 -1.952495 0.041613
v 0.984797 -1.950397 0.040322
v 0.991502 -1.944836 0.036757
v 0.994057 -1.956777 0.001303
v 0.991595 -1.948930 -0.003836
v 0.984990 -1.943289 -0.007462
v 0.975648 -1.941054 -0.008803
v 0.966269 -1.943049 -0.007354
v 0.959564 -1.948520 -0.003652
v 0.956961 -1.956302 0.001516
v 0.959423 -1.964149 0.006655
v 0.966028 -1.969790 0.010281
v 0.975370 -1.972025 0.011622
v 0.984749 -1.970030 0.010173
v 0.991454 -1.964559 0.006471
v 0.993245 -1.976923 -0.028875
v 0.990780 -1.969131 -0.034097
v 0.984176 -1.963465 -0.037685
v 0.974839 -1.961131 -0.038877
v 0.965466 -1.962978 -0.037208
v 0.958768 -1.968297 -0.033281
v 0.956169 -1.975957 -0.027930
v 0.958634 -1.983748 -0.022708
v 0.965238 -1.989414 -0.019119
v 0.974575 -1.991749 -0.017927
v 0.983949 -1.989902 -0.019596
v 0.990647 -1.984583 -0.023524
v 0.991477 -1.997562 -0.058337
v 0.989002 -1.989882 -0.063716
v 0.982398 -1.984211 -0.067298
v 0.973072 -1.981758 -0.068321
v 0.963716 -1.983402 -0.066365
v 0.957038 -1.988497 -0.062119
v 0.954457 -1.995959 -0.056488
v 0.956932 -2.003639 -0.051108
v 0.963535 -2.009310 -0.047526
v 0.972862 -2.011763 -0.046503
v 0.982217 -2.010119 -0.048460
v 0.988896 -2.005024 -0.052705
v 0.988554 -2.018830 -0.086563
v 0.986055 -2.011327 -0.092176
v 0.979449 -2.005675 -0.095783
v 0.970142 -2.003076 -0.096614
v 0.960825 -2.004447 -0.094298
v 0.954191 -2.009227 -0.089637
v 0.951651 -2.016398 -0.083622
v 0.954151 -2.023901 -0.078008
v 0.960756 -2.029553 -0.074402
v 0.970063 -2.032152 -0.073571
v 0.979380 -2.030780 -0.075886
v 0.986014 -2.026000 -0.080548
v 0.984276 -2.040869 -0.113029
v 0.981725 -2.033629 -0.118955
v 0.975110 -2.028023 -0.122616
v 0.965839 -2.025242 -0.123231
v 0.956593 -2.026250 -0.120483
v 0.950044 -2.030597 -0.115305
v 0.947585 -2.037358 -0.108801
v 0.950136 -2.044598 -0.102875
v 0.956751 -2.050204 -0.099214
v 0.966022 -2.052985 -0.098599
v 0.975267 -2.051976 -0.101347
v 0.981817 -2.047630 -0.106525
v 0.978430 -2.063831 -0.137201
v 0.975783 -2.056964 -0.143516
v 0.969147 -2.051437 -0.147260
v 0.959935 -2.048428 -0.147637
v 0.950814 -2.048954 -0.144385
v 0.944415 -2.052716 -0.138597
v 0.942101 -2.058912 -0.131505
v 0.944748 -2.065780 -0.125190
v 0.951384 -2.071306 -0.121446
v 0.960595 -2.074316 -0.121069
v 0.969717 -2.073789 -0.124321
v 0.976116 -2.070028 -0.130108
v 0.970796 -2.087871 -0.158525
v 0.967986 -2.081511 -0.165286
v 0.961311 -2.076108 -0.169138
v 0.952192 -2.072811 -0.169263
v 0.943272 -2.072707 -0.165458
v 0.937121 -2.075693 -0.158989
v 0.935049 -2.081132 -0.151232
v 0.937859 -2.087492 -0.144471
v 0.944534 -2.092895 -0.140618
v 0.953654 -2.096192 -0.140494
v 0.962574 -2.096296 -0.144299
v 0.968724 -2.093310 -0.150768
v 0.961153 -2.113129 -0.176412
v 0.958087 -2.107435 -0.183639
v 0.951345 -2.102206 -0.187614
v 0.942361 -2.098555 -0.187490
v 0.933748 -2.097651 -0.183125
v 0.927980 -2.099642 -0.175959
v 0.926284 -2.104103 -0.167516
v 0.929349 -2.109796 -0.160288
v 0.936091 -2.115025 -0.156314
v 0.945075 -2.118676 -0.156438
v 0.953688 -2.119580 -0.160803
v 0.959456 -2.117589 -0.167969
v 0.949288 -2.139710 -0.190234
v 0.945854 -2.134840 -0.197886
v 0.939010 -2.129838 -0.201977
v 0.930214 -2.125769 -0.201638
v 0.922033 -2.123901 -0.196777
v 0.916806 -2.124681 -0.188988
v 0.915645 -2.127944 -0.179929
v 0.919080 -2.132815 -0.172278
v 0.925923 -2.137817 -0.168187
v 0.934720 -2.141886 -0.168526
v 0.942901 -2.143754 -0.173387
v 0.948128 -2.142974 -0.181176
v 0.935027 -2.167656 -0.199350
v 0.931114 -2.163725 -0.207305
v 0.924133 -2.158991 -0.211484
v 0.915571 -2.154463 -0.210996
v 0.907941 -2.151516 -0.205786
v 0.903409 -2.150934 -0.197556
v 0.902941 -2.152843 -0.188060
v 0.906854 -2.156774 -0.180105
v 0.913835 -2.161507 -0.175926
v 0.922397 -2.166035 -0.176414
v 0.930027 -2.168983 -0.181624
v 0.934559 -2.169564 -0.189854
v 0.918074 -2.197152 -0.203271
v 0.914055 -2.193397 -0.211258
v 0.907274 -2.188331 -0.215375
v 0.899176 -2.183032 -0.214747
v 0.892146 -2.179088 -0.209355
v 0.888171 -2.177583 -0.200957
v 0.888096 -2.178837 -0.191340
v 0.892116 -2.182593 -0.183353
v 0.898896 -2.187659 -0.179236
v 0.906994 -2.192958 -0.179864
v 0.914024 -2.196902 -0.185256
v 0.918000 -2.198406 -0.193654
v 0.891423 -2.231916 -0.208286
v 0.888260 -2.227076 -0.216072
v 0.882481 -2.220742 -0.219954
v 0.875315 -2.214262 -0.219107
v 0.868863 -2.209586 -0.213579
v 0.864961 -2.207988 -0.205164
v 0.864439 -2.209810 -0.195653
v 0.867601 -2.214650 -0.187867
v 0.873380 -2.220984 -0.183985
v 0.880546 -2.227463 -0.184832
v 0.886998 -2.232140 -0.190360
v 0.890900 -2.233738 -0.198775
v 0.856441 -2.262647 -0.219529
v 0.854613 -2.256619 -0.226903
v 0.850253 -2.249021 -0.230347
v 0.844290 -2.241470 -0.229128
v 0.838452 -2.236247 -0.223410
v 0.834422 -2.234763 -0.215034
v 0.833058 -2.237335 -0.205784
v 0.834886 -2.243363 -0.198410
v 0.839246 -2.250961 -0.194966
v 0.845209 -2.258511 -0.196185
v 0.851046 -2.263735 -0.201903
v 0.855076 -2.265218 -0.210279
v 0.814611 -2.287889 -0.235304
v 0.813960 -2.281145 -0.242243
v 0.810947 -2.272729 -0.245189
v 0.806212 -2.264432 -0.243517
v 0.801110 -2.258762 -0.237528
v 0.797129 -2.257248 -0.229134
v 0.795118 -2.260213 -0.220122
v 0.795769 -2.266957 -0.213183
v 0.798782 -2.275373 -0.210236
v 0.803516 -2.283670 -0.211909
v 0.808619 -2.289340 -0.217898
v 0.812599 -2.290853 -0.226291
v 0.767174 -2.306401 -0.253914
v 0.767596 -2.299238 -0.260439
v 0.765914 -2.290303 -0.262871
v 0.762486 -2.281496 -0.260694
v 0.758268 -2.275481 -0.254363
v 0.754515 -2.273878 -0.245882
v 0.752023 -2.277030 -0.237055
v 0.751601 -2.284193 -0.230531
v 0.753283 -2.293128 -0.228098
v 0.756712 -2.301935 -0.230275
v 0.760929 -2.307950 -0.236606
v 0.764682 -2.309553 -0.245087
v 0.715345 -2.316841 -0.273690
v 0.716795 -2.309474 -0.279828
v 0.716499 -2.300262 -0.281739
v 0.714520 -2.291167 -0.279017
v 0.711381 -2.284937 -0.272280
v 0.708039 -2.283253 -0.263644
v 0.705205 -2.286473 -0.254946
v 0.703755 -2.293840 -0.248808
v 0.704051 -2.303051 -0.246897
v 0.706030 -2.312147 -0.249620
v 0.709168 -2.318377 -0.256357
v 0.712511 -2.320061 -0.264993
v 0.660366 -2.317770 -0.292941
v 0.662837 -2.310390 -0.298726
v 0.664031 -2.301158 -0.300123
v 0.663694 -2.292041 -0.296833
v 0.661861 -2.285794 -0.289646
v 0.659124 -2.284101 -0.280801
v 0.656066 -2.287324 -0.272180
v 0.653595 -2.294705 -0.266395
v 0.652401 -2.303937 -0.264998
v 0.652738 -2.313054 -0.268287
v 0.654571 -2.319301 -0.275475
v 0.657308 -2.320994 -0.284320
v 0.603574 -2.307680 -0.309914
v 0.607066 -2.300484 -0.315399
v 0.609854 -2.291542 -0.316327
v 0.611346 -2.282757 -0.312500
v 0.611036 -2.276786 -0.304864
v 0.609087 -2.275237 -0.295787
v 0.605916 -2.278439 -0.287200
v 0.602425 -2.285635 -0.281714
v 0.599636 -2.294577 -0.280787
v 0.598144 -2.303362 -0.284614
v 0.598455 -2.309333 -0.292250
v 0.600403 -2.310882 -0.301327
v 0.546483 -2.285079 -0.322795
v 0.550952 -2.278273 -0.328063
v 0.555361 -2.269976 -0.328631
v 0.558769 -2.261955 -0.324379
v 0.560107 -2.256640 -0.316378
v 0.559073 -2.255455 -0.307098
v 0.555888 -2.258651 -0.298514
v 0.551418 -2.265458 -0.293246
v 0.547010 -2.273754 -0.292677
v 0.543601 -2.281776 -0.296930
v 0.542264 -2.287091 -0.304931
v 0.543298 -2.288276 -0.314211
v 0.490783 -2.248649 -0.329754
v 0.496113 -2.242405 -0.334917
v 0.502016 -2.235083 -0.335301
v 0.507235 -2.228244 -0.330826
v 0.510167 -2.223969 -0.322629
v 0.510059 -2.223389 -0.313236
v 0.506935 -2.226625 -0.304644
v 0.501605 -2.232870 -0.299482
v 0.495702 -2.240191 -0.299097
v 0.490482 -2.247031 -0.303572
v 0.487551 -2.251306 -0.311769
v 0.487659 -2.251886 -0.321163
v 0.438188 -2.197325 -0.329058
v 0.444191 -2.191732 -0.334229
v 0.451312 -2.185590 -0.334628
v 0.458034 -2.180205 -0.330171
v 0.462314 -2.177235 -0.321991
v 0.463015 -2.177438 -0.312607
v 0.459990 -2.180771 -0.304017
v 0.453987 -2.186363 -0.298846
v 0.446866 -2.192506 -0.298446
v 0.440143 -2.197891 -0.302903
v 0.435864 -2.200860 -0.311084
v 0.435162 -2.200657 -0.320468
v 0.390225 -2.130182 -0.319119
v 0.396693 -2.125232 -0.324383
v 0.404687 -2.120297 -0.324959
v 0.412505 -2.116426 -0.320722
v 0.417782 -2.114834 -0.312742
v 0.419097 -2.115885 -0.303482
v 0.416172 -2.119356 -0.294912
v 0.409703 -2.124306 -0.289647
v 0.401709 -2.129241 -0.289072
v 0.393891 -2.133112 -0.293308
v 0.388615 -2.134704 -0.301288
v 0.387300 -2.133653 -0.310549
v 0.348182 -2.046225 -0.298435
v 0.354939 -2.041842 -0.303838
v 0.363493 -2.038007 -0.304681
v 0.372023 -2.035534 -0.300785
v 0.377955 -2.035230 -0.293118
v 0.379683 -2.037091 -0.284055
v 0.376839 -2.040722 -0.275524
v 0.370082 -2.045105 -0.270122
v 0.361528 -2.048940 -0.269278
v 0.352998 -2.051413 -0.273174
v 0.347066 -2.051718 -0.280841
v 0.345338 -2.049856 -0.289904
v 0.313216 -1.944290 -0.265496
v 0.320136 -1.940374 -0.271048
v 0.329016 -1.937470 -0.272190
v 0.337966 -1.936196 -0.268678
v 0.344289 -1.937009 -0.261370
v 0.346267 -1.939585 -0.252536
v 0.343480 -1.943377 -0.244056
v 0.336559 -1.947293 -0.238504
v 0.327679 -1.950197 -0.237363
v 0.318729 -1.951470 -0.240874
v 0.312406 -1.950658 -0.248182
v 0.310428 -1.948081 -0.257017
v 0.286470 -1.823074 -0.218742
v 0.293474 -1.819527 -0.224436
v 0.302527 -1.817385 -0.225869
v 0.311701 -1.817102 -0.222737
v 0.318235 -1.818845 -0.215786
v 0.320350 -1.822027 -0.207183
v 0.317596 -1.825969 -0.198761
v 0.310592 -1.829515 -0.193068
v 0.301540 -1.831658 -0.191634
v 0.292365 -1.831941 -0.194766
v 0.285832 -1.830197 -0.201718
v 0.283717 -1.827016 -0.210320
v 0.269130 -1.681207 -0.156565
v 0.276170 -1.677950 -0.162384
v 0.285301 -1.676420 -0.164085
v 0.294577 -1.676942 -0.161305
v 0.301207 -1.679450 -0.154686
v 0.303386 -1.683134 -0.146303
v 0.300650 -1.687211 -0.137940
v 0.293609 -1.690468 -0.132120
v 0.284479 -1.691998 -0.130420
v 0.275203 -1.691476 -0.133200
v 0.268572 -1.688969 -0.139819
v 0.266393 -1.685284 -0.148201
v 0.262424 -1.517301 -0.077326
v 0.269475 -1.514270 -0.083255
v 0.278627 -1.513233 -0.085193
v 0.287932 -1.514409 -0.082728
v 0.294590 -1.517541 -0.076411
v 0.296788 -1.521642 -0.068228
v 0.294057 -1.525839 -0.059923
v 0.287006 -1.528869 -0.053994
v 0.277854 -1.529906 -0.052056
v 0.268548 -1.528730 -0.054521
v 0.261890 -1.525598 -0.060839
v 0.259693 -1.521497 -0.069021
v 0.267618 -1.329952 0.020634
v 0.274664 -1.327104 0.014610
v 0.283806 -1.326472 0.012460
v 0.293098 -1.328191 0.014642
v 0.299743 -1.331844 0.020688
v 0.301931 -1.336296 0.028687
v 0.299198 -1.340598 0.036937
v 0.292151 -1.343446 0.042961
v 0.283009 -1.344078 0.045111
v 0.273718 -1.342359 0.042929
v 0.267073 -1.338706 0.036883
v 0.264884 -1.334254 0.028884
v 1.057678 -1.845793 0.178682
v 1.054512 -1.837025 0.176009
v 1.047515 -1.830791 0.175130
v 1.038176 -1.828418 0.176231
v 1.029211 -1.830791 0.179068
v 1.023194 -1.837025 0.182747
v 1.021408 -1.845793 0.186486
v 1.024574 -1.854562 0.189159
v 1.031571 -1.860796 0.190038
v 1.040910 -1.863168 0.188936
v 1.049875 -1.860796 0.186099
v 1.055891 -1.854562 0.182420
v 1.039406 -1.883793 0.092570
v 1.036054 -1.875410 0.089027
v 1.028922 -1.869458 0.087511
v 1.019526 -1.867204 0.088346
v 1.010603 -1.869489 0.091381
v 1.004712 -1.875462 0.095648
v 1.003106 -1.883852 0.100238
v 1.006458 -1.892235 0.103782
v 1.013591 -1.898187 0.105297
v 1.022986 -1.900441 0.104463
v 1.031909 -1.898156 0.101427
v 1.037800 -1.892183 0.097160
v 1.023912 -1.926570 0.018281
v 1.020379 -1.918689 0.013871
v 1.013116 -1.913094 0.011736
v 1.003671 -1.910978 0.012332
v 0.994796 -1.913131 0.015596
v 0.989033 -1.918751 0.020475
v 0.987609 -1.926642 0.025929
v 0.991142 -1.934524 0.030339
v 0.998405 -1.940118 0.032473
v 1.007850 -1.942234 0.031878
v 1.016725 -1.940082 0.028613
v 1.022488 -1.934462 0.023735
v 1.010585 -1.973258 -0.045097
v 1.006876 -1.965986 -0.050333
v 0.999493 -1.960812 -0.053037
v 0.990007 -1.958838 -0.052634
v 0.981187 -1.960798 -0.049109
v 0.975555 -1.965962 -0.043613
v 0.974310 -1.973230 -0.037314
v 0.978019 -1.980503 -0.032078
v 0.985402 -1.985677 -0.029374
v 0.994889 -1.987651 -0.029778
v 1.003708 -1.985690 -0.033302
v 1.009340 -1.980526 -0.038798
v 0.998815 -2.022988 -0.098457
v 0.994940 -2.016410 -0.104437
v 0.987447 -2.011693 -0.107631
v 0.977932 -2.009841 -0.107360
v 0.969175 -2.011539 -0.103554
v 0.963676 -2.016147 -0.097461
v 0.962606 -2.022684 -0.090377
v 0.966481 -2.029263 -0.084397
v 0.973974 -2.033980 -0.081203
v 0.983489 -2.035831 -0.081474
v 0.992246 -2.034133 -0.085281
v 0.997745 -2.029526 -0.091374
v 0.987989 -2.074896 -0.142685
v 0.983959 -2.069055 -0.149294
v 0.976369 -2.064793 -0.152877
v 0.966837 -2.063018 -0.152672
v 0.958153 -2.064374 -0.148574
v 0.952791 -2.068338 -0.141931
v 0.951892 -2.074066 -0.134157
v 0.955923 -2.079908 -0.127548
v 0.963512 -2.084170 -0.123965
v 0.973044 -2.085945 -0.124171
v 0.981729 -2.084589 -0.128269
v 0.987091 -2.080624 -0.134911
v 0.977495 -2.128116 -0.178658
v 0.973317 -2.123006 -0.185764
v 0.965646 -2.119153 -0.189624
v 0.956113 -2.117379 -0.189419
v 0.947515 -2.118309 -0.185032
v 0.942295 -2.121561 -0.177906
v 0.941567 -2.126443 -0.169558
v 0.945744 -2.131553 -0.162452
v 0.953416 -2.135405 -0.158591
v 0.962948 -2.137179 -0.158797
v 0.971547 -2.136249 -0.163184
v 0.976766 -2.132998 -0.170310
v 0.966711 -2.181780 -0.207247
v 0.962395 -2.177343 -0.214714
v 0.954658 -2.173810 -0.218745
v 0.945148 -2.171932 -0.218484
v 0.936654 -2.172347 -0.213821
v 0.931591 -2.174840 -0.206288
v 0.931034 -2.178879 -0.197489
v 0.935350 -2.183316 -0.190023
v 0.943087 -2.186849 -0.185991
v 0.952598 -2.188727 -0.186253
v 0.961091 -2.188312 -0.190916
v 0.966155 -2.185819 -0.198448
v 0.955009 -2.235019 -0.229322
v 0.950566 -2.231152 -0.237026
v 0.942787 -2.227804 -0.241135
v 0.933330 -2.225688 -0.240775
v 0.924973 -2.225496 -0.235858
v 0.920086 -2.227202 -0.227997
v 0.919708 -2.230444 -0.218865
v 0.924152 -2.234311 -0.211160
v 0.931930 -2.237659 -0.207051
v 0.941388 -2.239775 -0.207412
v 0.949745 -2.239967 -0.212328
v 0.954632 -2.238261 -0.220190
v 0.941747 -2.286968 -0.245752
v 0.937193 -2.283523 -0.253591
v 0.929411 -2.280189 -0.257704
v 0.920058 -2.277674 -0.257217
v 0.911885 -2.276775 -0.252074
v 0.907206 -2.277682 -0.243957
v 0.907016 -2.280202 -0.234595
v 0.911570 -2.283647 -0.226755
v 0.919352 -2.286982 -0.222642
v 0.928706 -2.289496 -0.223130
v 0.936878 -2.290395 -0.228273
v 0.941557 -2.289489 -0.236389
v 0.926256 -2.336763 -0.257408
v 0.921628 -2.333555 -0.265304
v 0.913908 -2.330025 -0.269370
v 0.904740 -2.326924 -0.268743
v 0.896827 -2.325207 -0.263406
v 0.892403 -2.325312 -0.255099
v 0.892409 -2.327216 -0.245590
v 0.897038 -2.330424 -0.237695
v 0.904757 -2.333954 -0.233628
v 0.913925 -2.337055 -0.234255
v 0.921838 -2.338772 -0.239592
v 0.926263 -2.338667 -0.247899
v 0.907836 -2.383540 -0.265163
v 0.903201 -2.380347 -0.273061
v 0.895659 -2.376378 -0.277053
v 0.886813 -2.372476 -0.276290
v 0.879276 -2.369822 -0.270794
v 0.875172 -2.369130 -0.262352
v 0.875373 -2.370549 -0.252760
v 0.880008 -2.373741 -0.244862
v 0.887551 -2.377711 -0.240870
v 0.896397 -2.381613 -0.241633
v 0.903934 -2.384267 -0.247129
v 0.908038 -2.384959 -0.255571
v 0.885736 -2.426409 -0.269889
v 0.881224 -2.422982 -0.277760
v 0.874053 -2.418305 -0.281672
v 0.865749 -2.413375 -0.280791
v 0.858766 -2.409666 -0.275174
v 0.855069 -2.408200 -0.266643
v 0.855444 -2.409290 -0.257014
v 0.859956 -2.412716 -0.249142
v 0.867127 -2.417393 -0.245231
v 0.875432 -2.422324 -0.246112
v 0.882414 -2.426032 -0.251729
v 0.886111 -2.427498 -0.260260
v 0.859160 -2.464400 -0.272469
v 0.854995 -2.460487 -0.280304
v 0.848506 -2.454854 -0.284145
v 0.841075 -2.448699 -0.283174
v 0.834902 -2.443856 -0.277474
v 0.831718 -2.441670 -0.268891
v 0.832202 -2.442607 -0.259250
v 0.836367 -2.446520 -0.251415
v 0.842855 -2.452153 -0.247574
v 0.850286 -2.458308 -0.248544
v 0.856459 -2.463151 -0.254244
v 0.859643 -2.465337 -0.262828
v 0.827336 -2.496388 -0.273802
v 0.823852 -2.491802 -0.281604
v 0.818478 -2.485066 -0.285392
v 0.812359 -2.477613 -0.284358
v 0.807308 -2.471661 -0.278604
v 0.804740 -2.468867 -0.269990
v 0.805202 -2.469825 -0.260351
v 0.808686 -2.474411 -0.252548
v 0.814059 -2.481148 -0.248761
v 0.820178 -2.488600 -0.249795
v 0.825229 -2.494553 -0.255549
v 0.827797 -2.497347 -0.264162
v 0.789680 -2.521073 -0.274821
v 0.787270 -2.515790 -0.282588
v 0.783481 -2.508026 -0.286324
v 0.779118 -2.499434 -0.285232
v 0.775473 -2.492569 -0.279432
v 0.773569 -2.489344 -0.270797
v 0.773812 -2.490444 -0.261164
v 0.776222 -2.495727 -0.253397
v 0.780012 -2.503491 -0.249662
v 0.784375 -2.512083 -0.250753
v 0.788020 -2.518948 -0.256553
v 0.789923 -2.522173 -0.265189
v 0.745942 -2.537165 -0.276475
v 0.744913 -2.531371 -0.284184
v 0.743021 -2.522907 -0.287840
v 0.740668 -2.513572 -0.286663
v 0.738544 -2.506146 -0.280799
v 0.737253 -2.502694 -0.272138
v 0.737070 -2.503952 -0.262524
v 0.738099 -2.509745 -0.254814
v 0.739991 -2.518210 -0.251159
v 0.742344 -2.527544 -0.252335
v 0.744468 -2.534971 -0.258200
v 0.745759 -2.538422 -0.266861
v 0.696933 -2.543589 -0.279677
v 0.697471 -2.537554 -0.287249
v 0.697331 -2.528818 -0.290751
v 0.696545 -2.519242 -0.289438
v 0.695320 -2.511677 -0.283495
v 0.694029 -2.508225 -0.274834
v 0.692947 -2.509622 -0.265298
v 0.692409 -2.515657 -0.257726
v 0.692549 -2.524392 -0.254224
v 0.693335 -2.533969 -0.255537
v 0.694560 -2.541534 -0.261480
v 0.695851 -2.544986 -0.270141
v 0.671565 -2.543607 -0.284303
v 0.673605 -2.537550 -0.291596
v 0.674741 -2.528796 -0.294862
v 0.674733 -2.519208 -0.293404
v 0.673531 -2.511642 -0.287457
v 0.671534 -2.508201 -0.278927
v 0.669166 -2.509616 -0.269630
v 0.667126 -2.515674 -0.262336
v 0.665990 -2.524428 -0.259070
v 0.665998 -2.534016 -0.260528
v 0.667200 -2.541582 -0.266475
v 0.669197 -2.545023 -0.275005
v 0.643312 -2.541471 -0.293278
v 0.646516 -2.535509 -0.300223
v 0.648664 -2.526837 -0.303185
v 0.649299 -2.517301 -0.301535
v 0.648163 -2.509741 -0.295568
v 0.645659 -2.506258 -0.287190
v 0.642319 -2.507595 -0.278183
v 0.639115 -2.513557 -0.271238
v 0.636967 -2.522229 -0.268276
v 0.636332 -2.531765 -0.269926
v 0.637468 -2.539325 -0.275893
v 0.639972 -2.542808 -0.284271
v 0.611957 -2.535780 -0.305386
v 0.616022 -2.529978 -0.312009
v 0.619154 -2.521490 -0.314604
v 0.620686 -2.512121 -0.312618
v 0.620086 -2.504661 -0.306451
v 0.617617 -2.501185 -0.298060
v 0.613804 -2.502433 -0.289230
v 0.609740 -2.508235 -0.282607
v 0.606608 -2.516724 -0.280012
v 0.605076 -2.526092 -0.281998
v 0.605676 -2.533552 -0.288165
v 0.608145 -2.537028 -0.296557
v 0.578289 -2.525121 -0.319076
v 0.583037 -2.519539 -0.325427
v 0.587162 -2.511370 -0.327627
v 0.589786 -2.502352 -0.325207
v 0.590052 -2.495170 -0.318696
v 0.587982 -2.491822 -0.310146
v 0.584016 -2.493021 -0.301378
v 0.579268 -2.498604 -0.295026
v 0.575142 -2.506773 -0.292826
v 0.572518 -2.515790 -0.295246
v 0.572252 -2.522972 -0.301757
v 0.574323 -2.526320 -0.310307
v 0.543056 -2.508094 -0.332738
v 0.548365 -2.502784 -0.338876
v 0.553490 -2.495102 -0.340696
v 0.557342 -2.486683 -0.337809
v 0.558702 -2.480034 -0.330881
v 0.557283 -2.477003 -0.322084
v 0.553385 -2.478235 -0.313290
v 0.548076 -2.483545 -0.307151
v 0.542951 -2.491227 -0.305332
v 0.539099 -2.499646 -0.308218
v 0.537739 -2.506295 -0.315146
v 0.539159 -2.509326 -0.323943
v 0.507062 -2.483366 -0.344723
v 0.512823 -2.478368 -0.350713
v 0.518911 -2.471350 -0.352217
v 0.524032 -2.463804 -0.348916
v 0.526597 -2.457985 -0.341594
v 0.525972 -2.455502 -0.332536
v 0.522291 -2.456883 -0.323671
v 0.516530 -2.461881 -0.317681
v 0.510442 -2.468899 -0.316176
v 0.505321 -2.476445 -0.319478
v 0.502756 -2.482264 -0.326800
v 0.503380 -2.484747 -0.335857
v 0.471157 -2.449745 -0.353386
v 0.477265 -2.445071 -0.359294
v 0.484212 -2.438855 -0.360594
v 0.490520 -2.432420 -0.357010
v 0.494258 -2.427697 -0.349409
v 0.494453 -2.425980 -0.340156
v 0.491064 -2.427634 -0.331222
v 0.484956 -2.432308 -0.325314
v 0.478009 -2.438524 -0.324014
v 0.471701 -2.444959 -0.327598
v 0.467963 -2.449682 -0.335199
v 0.467768 -2.451399 -0.344451
v 0.436167 -2.406186 -0.357159
v 0.442520 -2.401816 -0.363040
v 0.450163 -2.396461 -0.364266
v 0.457470 -2.391262 -0.360574
v 0.462221 -2.387793 -0.352864
v 0.463151 -2.386985 -0.343532
v 0.460061 -2.389009 -0.334565
v 0.453708 -2.393379 -0.328684
v 0.446064 -2.398734 -0.327459
v 0.438758 -2.403933 -0.331151
v 0.434006 -2.407402 -0.338860
v 0.433077 -2.408211 -0.348192
v 0.402799 -2.351698 -0.354585
v 0.409312 -2.347586 -0.360478
v 0.417469 -2.343063 -0.361740
v 0.425535 -2.339092 -0.358104
v 0.431072 -2.336895 -0.350451
v 0.432586 -2.337032 -0.341163
v 0.429755 -2.339475 -0.332215
v 0.423242 -2.343587 -0.326321
v 0.415085 -2.348110 -0.325059
v 0.407019 -2.352081 -0.328695
v 0.401482 -2.354278 -0.336348
v 0.399968 -2.354141 -0.345636
v 0.371633 -2.285231 -0.344282
v 0.378242 -2.281321 -0.350206
v 0.386750 -2.277538 -0.351582
v 0.395347 -2.274685 -0.348115
v 0.401443 -2.273665 -0.340642
v 0.403380 -2.274696 -0.331489
v 0.400748 -2.277558 -0.322605
v 0.394139 -2.281468 -0.316681
v 0.385631 -2.285251 -0.315306
v 0.377034 -2.288104 -0.318772
v 0.370938 -2.289124 -0.326245
v 0.369001 -2.288093 -0.335398
v 0.343175 -2.205626 -0.324887
v 0.349838 -2.201867 -0.330847
v 0.358571 -2.198705 -0.332372
v 0.367516 -2.196815 -0.329137
v 0.373984 -2.196821 -0.321911
v 0.376208 -2.198643 -0.312948
v 0.373716 -2.201893 -0.304157
v 0.367053 -2.205652 -0.298197
v 0.358320 -2.208814 -0.296672
v 0.349375 -2.210704 -0.299907
v 0.342907 -2.210698 -0.307133
v 0.340682 -2.208876 -0.316096
v 0.317912 -2.111638 -0.295007
v 0.324604 -2.107986 -0.301001
v 0.333476 -2.105333 -0.302686
v 0.342640 -2.104242 -0.299704
v 0.349343 -2.105112 -0.292750
v 0.351751 -2.107609 -0.284000
v 0.349353 -2.111202 -0.275317
v 0.342660 -2.114854 -0.269323
v 0.333788 -2.117507 -0.267638
v 0.324625 -2.118597 -0.270620
v 0.317922 -2.117727 -0.277575
v 0.315513 -2.115231 -0.286324
v 0.296350 -2.001974 -0.253223
v 0.303057 -1.998397 -0.259245
v 0.312011 -1.996152 -0.261085
v 0.321306 -1.995717 -0.258351
v 0.328152 -1.997302 -0.251667
v 0.330673 -2.000364 -0.243132
v 0.328334 -2.004252 -0.234561
v 0.321627 -2.007829 -0.228538
v 0.312673 -2.010074 -0.226698
v 0.303378 -2.010509 -0.229433
v 0.296532 -2.008924 -0.236116
v 0.294010 -2.005862 -0.244652
v 0.279018 -1.875324 -0.198087
v 0.285732 -1.871800 -0.204132
v 0.294732 -1.869883 -0.206114
v 0.304101 -1.869983 -0.203612
v 0.311030 -1.872158 -0.197184
v 0.313617 -1.875691 -0.188852
v 0.311313 -1.879831 -0.180390
v 0.304598 -1.883356 -0.174346
v 0.295598 -1.885272 -0.172363
v 0.286229 -1.885172 -0.174866
v 0.279301 -1.882998 -0.181294
v 0.276713 -1.879465 -0.189626
v 0.266464 -1.730382 -0.128138
v 0.273182 -1.726892 -0.134200
v 0.282205 -1.725241 -0.136310
v 0.291613 -1.725779 -0.134018
v 0.298584 -1.728440 -0.127824
v 0.301207 -1.732366 -0.119681
v 0.298921 -1.736722 -0.111323
v 0.292204 -1.740211 -0.105261
v 0.283181 -1.741862 -0.103152
v 0.273773 -1.741324 -0.105443
v 0.266801 -1.738663 -0.111637
v 0.264179 -1.734737 -0.119780
v 0.259252 -1.565844 -0.041906
v 0.265971 -1.562378 -0.047980
v 0.275003 -1.560942 -0.050202
v 0.284428 -1.561842 -0.048100
v 0.291418 -1.564908 -0.042117
v 0.294055 -1.569163 -0.034146
v 0.291778 -1.573702 -0.025884
v 0.285060 -1.577168 -0.019810
v 0.276027 -1.578604 -0.017588
v 0.266602 -1.577704 -0.019691
v 0.259612 -1.574638 -0.025673
v 0.256975 -1.570383 -0.033644
v 0.257955 -1.380407 0.062090
v 0.264674 -1.376957 0.056006
v 0.273708 -1.375701 0.053683
v 0.283135 -1.376906 0.055616
v 0.290128 -1.380316 0.061406
v 0.292768 -1.384853 0.069219
v 0.290492 -1.389551 0.077392
v 0.283773 -1.393001 0.083475
v 0.274739 -1.394257 0.085798
v 0.265312 -1.393052 0.083866
v 0.258319 -1.389642 0.078076
v 0.255679 -1.385105 0.070263
v -1.217318 -1.724985 0.486778
v -1.203311 -1.691630 0.510698
v -1.215434 -1.714062 0.496462
v -1.210307 -1.701853 0.505217
v -1.167688 -1.651583 0.526541
v -1.132926 -1.628553 0.525875
v -1.157814 -1.642632 0.528772
v -1.145090 -1.634203 0.528528
v -0.802357 -1.515646 0.412963
v -0.767623 -1.514938 0.389892
v -0.790197 -1.512987 0.407308
v -0.777483 -1.512728 0.398863
v -0.732073 -1.530675 0.349738
v -0.718140 -1.554487 0.316276
v -0.725098 -1.536127 0.339486
v -0.719998 -1.544843 0.327238
v -1.133702 -2.225778 -0.073604
v -1.168436 -2.226486 -0.050532
v -1.145862 -2.228437 -0.067949
v -1.158576 -2.228697 -0.059504
v -1.203986 -2.210748 -0.010379
v -1.217919 -2.186936 0.023084
v -1.210961 -2.205297 -0.000126
v -1.216061 -2.196581 0.012122
v -0.718740 -2.016439 -0.147419
v -0.732747 -2.049794 -0.171339
v -0.720625 -2.027362 -0.157102
v -0.725752 -2.039571 -0.165858
v -0.768370 -2.089841 -0.187181
v -0.803133 -2.112871 -0.186515
v -0.778245 -2.098792 -0.189413
v -0.790969 -2.107221 -0.189169
v -1.098607 -1.691643 0.500325
v -1.119152 -1.705222 0.500750
v -1.105975 -1.695064 0.501933
v -1.113292 -1.699911 0.502074
v -1.147193 -1.736746 0.488279
v -1.155453 -1.756991 0.473595
v -1.151188 -1.742590 0.485143
v -1.154222 -1.749831 0.479946
v -0.746172 -1.617199 0.333798
v -0.754386 -1.602580 0.354109
v -0.747386 -1.610873 0.340984
v -0.750403 -1.605700 0.348248
v -0.782371 -1.590192 0.385717
v -0.802899 -1.590641 0.399321
v -0.788222 -1.588881 0.391040
v -0.795533 -1.589031 0.395896
v -0.803560 -2.099510 -0.111468
v -0.783015 -2.085931 -0.111893
v -0.796192 -2.096089 -0.113075
v -0.788875 -2.091242 -0.113216
v -0.754973 -2.054407 -0.099422
v -0.746714 -2.034161 -0.084738
v -0.750979 -2.048562 -0.096286
v -0.747945 -2.041322 -0.091089
v -1.155995 -2.173954 0.055059
v -1.147781 -2.188572 0.034748
v -1.154781 -2.180279 0.047873
v -1.151764 -2.185453 0.040609
v -1.119797 -2.200961 0.003141
v -1.099268 -2.200511 -0.010463
v -1.113945 -2.202272 -0.002183
v -1.106634 -2.202122 -0.007039
v -1.149871 -2.231414 -0.024661
v -1.115122 -2.230703 -0.047741
v -1.140008 -2.233624 -0.033635
v -1.127288 -2.233363 -0.042083
v -1.183178 -2.216669 0.012959
v -1.197111 -2.192822 0.046457
v -1.190153 -2.211212 0.023216
v -1.195253 -2.202483 0.035477
v -1.149152 -1.677497 0.531346
v -1.114372 -1.654459 0.530678
v -1.139273 -1.668543 0.533577
v -1.126543 -1.660110 0.533333
v -1.182526 -1.715017 0.516503
v -1.196534 -1.748407 0.492548
v -1.189522 -1.725244 0.511017
v -1.194649 -1.737466 0.502249
v -0.762132 -1.545307 0.399153
v -0.796881 -1.546017 0.422233
v -0.771995 -1.543097 0.408127
v -0.784715 -1.543357 0.416575
v -0.728825 -1.560052 0.361534
v -0.714892 -1.583899 0.328035
v -0.721850 -1.565508 0.351276
v -0.716750 -1.574237 0.339015
v -0.762851 -2.099224 -0.156854
v -0.797630 -2.122262 -0.156185
v -0.772729 -2.108177 -0.159085
v -0.785459 -2.116610 -0.158841
v -0.729477 -2.061704 -0.142011
v -0.715469 -2.028313 -0.118056
v -0.722481 -2.051476 -0.136525
v -0.717354 -2.039254 -0.127757
v -1.105227 -2.228260 -0.034262
v -1.117400 -2.230922 -0.028602
v -1.130126 -2.231183 -0.020150
v -1.139993 -2.228973 -0.011173
v -1.184969 -1.760023 0.490759
v -1.183084 -1.749061 0.500482
v -1.177956 -1.736822 0.509266
v -1.170961 -1.726588 0.514758
v -0.796940 -1.562893 0.423120
v -0.784767 -1.560230 0.417459
v -0.772041 -1.559969 0.409007
v -0.762174 -1.562180 0.400030
v -0.717198 -2.031130 -0.101902
v -0.719083 -2.042093 -0.111625
v -0.724210 -2.054330 -0.120409
v -0.731206 -2.064564 -0.125901
v -1.183671 -2.200775 0.047063
v -1.185529 -2.191091 0.058065
v -1.178571 -2.209520 0.034785
v -1.171596 -2.214982 0.024521
v -1.116676 -1.673596 0.530828
v -1.104499 -1.667941 0.528171
v -1.129412 -1.682032 0.531074
v -1.139294 -1.690988 0.528842
v -0.718496 -1.590378 0.341795
v -0.716638 -1.600062 0.330793
v -0.723596 -1.581633 0.354072
v -0.730571 -1.576170 0.364336
v -0.785491 -2.117557 -0.141971
v -0.797668 -2.123212 -0.139314
v -0.772755 -2.109121 -0.142216
v -0.762873 -2.100165 -0.139985
v -1.104275 -2.218485 -0.025093
v -1.114124 -2.220639 -0.020513
v -1.124218 -2.220846 -0.013809
v -1.132140 -2.219071 -0.006602
v -1.172908 -1.756572 0.485968
v -1.171335 -1.747428 0.494078
v -1.167223 -1.737611 0.501124
v -1.161686 -1.729512 0.505470
v -0.797893 -1.572668 0.413951
v -0.788043 -1.570514 0.409371
v -0.777949 -1.570307 0.402667
v -0.770027 -1.572082 0.395459
v -0.729259 -2.034581 -0.097111
v -0.730831 -2.043725 -0.105220
v -0.734944 -2.053541 -0.112266
v -0.740481 -2.061640 -0.116613
v -1.171916 -2.194380 0.045440
v -1.173466 -2.186303 0.054616
v -1.167825 -2.201394 0.035592
v -1.162305 -2.205717 0.027468
v -1.113423 -1.681649 0.520510
v -1.103571 -1.677075 0.518360
v -1.123526 -1.688341 0.520705
v -1.131460 -1.695532 0.518913
v -0.730251 -1.596773 0.343418
v -0.728701 -1.604850 0.334242
v -0.734342 -1.589759 0.353266
v -0.739862 -1.585436 0.361389
v -0.788744 -2.109503 -0.131652
v -0.798596 -2.114079 -0.129503
v -0.778640 -2.102811 -0.131847
v -0.770707 -2.095621 -0.130055
v 1.217318 -1.724985 0.486778
v 1.203311 -1.691630 0.510698
v 1.215434 -1.714062 0.496462
v 1.210307 -1.701853 0.505217
v 1.167688 -1.651583 0.526541
v 1.132926 -1.628553 0.525875
v 1.157814 -1.642632 0.528772
v 1.145090 -1.634203 0.528528
v 0.802357 -1.515646 0.412963
v 0.767623 -1.514938 0.389892
v 0.790197 -1.512987 0.407308
v 0.777483 -1.512728 0.398863
v 0.732073 -1.530675 0.349738
v 0.718140 -1.554487 0.316276
v 0.725098 -1.536127 0.339486
v 0.719998 -1.544843 0.327238
v 1.133702 -2.225778 -0.073604
v 1.168436 -2.226486 -0.050532
v 1.145862 -2.228437 -0.067949
v 1.158576 -2.228697 -0.059504
v 1.203986 -2.210748 -0.010379
v 1.217919 -2.186936 0.023084
v 1.210961 -2.205297 -0.000126
v 1.216061 -2.196581 0.012122
v 0.718740 -2.016439 -0.147419
v 0.732747 -2.049794 -0.171339
v 0.720625 -2.027362 -0.157102
v 0.725752 -2.039571 -0.165858
v 0.768370 -2.089841 -0.187181
v 0.803133 -2.112871 -0.186515
v 0.778245 -2.098792 -0.189413
v 0.790969 -2.107221 -0.189169
v 1.098607 -1.691643 0.500325
v 1.119152 -1.705222 0.500750
v 1.105975 -1.695064 0.501933
v 1.113292 -1.699911 0.502074
v 1.147193 -1.736746 0.488279
v 1.155453 -1.756991 0.473595
v 1.151188 -1.742590 0.485143
v 1.154222 -1.749831 0.479946
v 0.746172 -1.617199 0.333798
v 0.754386 -1.602580 0.354109
v 0.747386 -1.610873 0.340984
v 0.750403 -1.605700 0.348248
v 0.782371 -1.590192 0.385717
v 0.802899 -1.590641 0.399321
v 0.788222 -1.588881 0.391040
v 0.795533 -1.589031 0.395896
v 0.803560 -2.099510 -0.111468
v 0.783015 -2.085931 -0.111893
v 0.796192 -2.096089 -0.113075
v 0.788875 -2.091242 -0.113216
v 0.754973 -2.054407 -0.099422
v 0.746714 -2.034161 -0.084738
v 0.750979 -2.048562 -0.096286
v 0.747945 -2.041322 -0.091089
v 1.155995 -2.173954 0.055059
v 1.147781 -2.188572 0.034748
v 1.154781 -2.180279 0.047873
v 1.151764 -2.185453 0.040609
v 1.119797 -2.200961 0.003141
v 1.099268 -2.200511 -0.010463
v 1.113945 -2.202272 -0.002183
v 1.106634 -2.202122 -0.007039
v 1.149871 -2.231414 -0.024661
v 1.115122 -2.230703 -0.047741
v 1.140008 -2.233624 -0.033635
v 1.127288 -2.233363 -0.042083
v 1.183178 -2.216669 0.012959
v 1.197111 -2.192822 0.046457
v 1.190153 -2.211212 0.023216
v 1.195253 -2.202483 0.035477
v 1.149152 -1.677497 0.531346
v 1.114372 -1.654459 0.530678
v 1.139273 -1.668543 0.533577
v 1.126543 -1.660110 0.533333
v 1.182526 -1.715017 0.516503
v 1.196534 -1.748407 0.492548
v 1.189522 -1.725244 0.511017
v 1.194649 -1.737466 0.502249
v 0.762132 -1.545307 0.399153
v 0.796881 -1.546017 0.422233
v 0.771995 -1.543097 0.408127
v 0.784715 -1.543357 0.416575
v 0.728825 -1.560052 0.361534
v 0.714892 -1.583899 0.328035
v 0.721850 -1.565508 0.351276
v 0.716750 -1.574237 0.339015
v 0.762851 -2.099224 -0.156854
v 0.797630 -2.122262 -0.156185
v 0.772729 -2.108177 -0.159085
v 0.785459 -2.116610 -0.158841
v 0.729477 -2.061704 -0.142011
v 0.715469 -2.028313 -0.118056
v 0.722481 -2.051476 -0.136525
v 0.717354 -2.039254 -0.127757
v 1.105227 -2.228260 -0.034262
v 1.117400 -2.230922 -0.028602
v 1.130126 -2.231183 -0.020150
v 1.139993 -2.228973 -0.011173
v 1.184969 -1.760023 0.490759
v 1.183084 -1.749061 0.500482
v 1.177956 -1.736822 0.509266
v 1.170961 -1.726588 0.514758
v 0.796940 -1.562893 0.423120
v 0.784767 -1.560230 0.417459
v 0.772041 -1.559969 0.409007
v 0.762174 -1.562180 0.400030
v 0.717198 -2.031130 -0.101902
v 0.719083 -2.042093 -0.111625
v 0.724210 -2.054330 -0.120409
v 0.731206 -2.064564 -0.125901
v 1.183671 -2.200775 0.047063
v 1.185529 -2.191091 0.058065
v 1.178571 -2.209520 0.034785
v 1.171596 -2.214982 0.024521
v 1.116676 -1.673596 0.530828
v 1.104499 -1.667941 0.528171
v 1.129412 -1.682032 0.531074
v 1.139294 -1.690988 0.528842
v 0.718496 -1.590378 0.341795
v 0.716638 -1.600062 0.330793
v 0.723596 -1.581633 0.354072
v 0.730571 -1.576170 0.364336
v 0.785491 -2.117557 -0.141971
v 0.797668 -2.123212 -0.139314
v 0.772755 -2.109121 -0.142216
v 0.762873 -2.100165 -0.139985
v 1.104275 -2.218485 -0.025093
v 1.114124 -2.220639 -0.020513
v 1.124218 -2.220846 -0.013809
v 1.132140 -2.219071 -0.006602
v 1.172908 -1.756572 0.485968
v 1.171335 -1.747428 0.494078
v 1.167223 -1.737611 0.501124
v 1.161686 -1.729512 0.505470
v 0.797893 -1.572668 0.413951
v 0.788043 -1.570514 0.409371
v 0.777949 -1.570307 0.402667
v 0.770027 -1.572082 0.395459
v 0.729259 -2.034581 -0.097111
v 0.730831 -2.043725 -0.105220
v 0.734944 -2.053541 -0.112266
v 0.740481 -2.061640 -0.116613
v 1.171916 -2.194380 0.045440
v 1.173466 -2.186303 0.054616
v 1.167825 -2.201394 0.035592
v 1.162305 -2.205717 0.027468
v 1.113423 -1.681649 0.520510
v 1.103571 -1.677075 0.518360
v 1.123526 -1.688341 0.520705
v 1.131460 -1.695532 0.518913
v 0.730251 -1.596773 0.343418
v 0.728701 -1.604850 0.334242
v 0.734342 -1.589759 0.353266
v 0.739862 -1.585436 0.361389
v 0.788744 -2.109503 -0.131652
v 0.798596 -2.114079 -0.129503
v 0.778640 -2.102811 -0.131847
v 0.770707 -2.095621 -0.130055
v -0.738139 -1.877864 -0.004403
v -0.738139 -1.713379 0.158743
v -0.745053 -1.845356 -0.021423
v -0.745053 -1.708358 0.114460
v -0.655663 -1.846473 -0.032732
v -0.655663 -1.687299 0.125147
v -0.664755 -1.814189 -0.046815
v -0.664755 -1.683313 0.082996
v -0.679306 -1.817473 -0.043504
v -0.679306 -1.686597 0.086307
v -0.671194 -1.847983 -0.029585
v -0.671194 -1.690123 0.126989
v 0.738139 -1.877864 -0.004403
v 0.738139 -1.713379 0.158743
v 0.745053 -1.845356 -0.021423
v 0.745053 -1.708358 0.114460
v 0.655663 -1.846473 -0.032732
v 0.655663 -1.687299 0.125147
v 0.664755 -1.814189 -0.046815
v 0.664755 -1.683313 0.082996
v 0.679306 -1.817473 -0.043504
v 0.679306 -1.686597 0.086307
v 0.671194 -1.847983 -0.029585
v 0.671194 -1.690123 0.126989
v 0.547843 -2.072441 -0.123751
v 0.547843 -1.592356 0.372421
v -0.536950 -1.756139 0.443573
v -0.528091 -2.165094 0.020915
v 0.149792 -2.161288 0.024848
v 0.180503 -2.144943 0.041741
v 0.532272 -2.143697 0.043029
v 0.538529 -2.050409 0.139443
v 0.505815 -2.024779 0.165932
v 0.511209 -1.750285 0.449624
v 0.488876 -1.749313 0.450628
v 0.486499 -1.736621 0.463746
v -0.531733 -1.737911 0.462412
v -0.566549 -1.592356 0.372421
v -0.566549 -2.072441 -0.123751
v -1.156930 -2.231975 0.010407
v -0.749254 -2.092064 -0.129505
v -0.738397 -1.671116 0.456484
v -1.085671 -1.794410 0.571555
v -1.082439 -2.107916 0.255830
v -1.068559 -2.117406 0.236813
v -1.067502 -2.280304 0.073189
v -0.988283 -2.256021 0.043098
v -0.966519 -2.233368 0.050812
v -0.733425 -2.155876 -0.031687
v -0.732600 -2.145228 -0.021606
v -0.721822 -2.140426 -0.024202
v -0.722918 -1.668225 0.448750
v -0.749254 -1.574858 0.387700
v -1.156930 -1.714769 0.527612
v 1.156930 -2.231975 0.010407
v 0.749254 -2.092064 -0.129505
v 0.738397 -1.671116 0.456484
v 1.085671 -1.794410 0.571555
v 1.082439 -2.107916 0.255830
v 1.068559 -2.117406 0.236813
v 1.067502 -2.280304 0.073189
v 0.988283 -2.256021 0.043098
v 0.966519 -2.233368 0.050812
v 0.733425 -2.155876 -0.031687
v 0.732600 -2.145228 -0.021606
v 0.721822 -2.140426 -0.024202
v 0.722918 -1.668225 0.448750
v 0.749254 -1.574858 0.387700
v 1.156930 -1.714769 0.527612
vt 0.249197 0.781500
vt 0.703951 0.781500
vt 0.703951 0.792143
vt 0.249197 0.792143
vt 0.379840 0.668857
vt 0.374426 0.632611
vt 0.397121 0.632611
vt 0.249197 0.712248
vt 0.590266 0.712248
vt 0.632963 0.712248
vt 0.703951 0.743930
vt 0.703951 0.769165
vt 0.249197 0.769165
vt 0.249197 0.740707
vt 0.249197 0.894319
vt 0.703951 0.894319
vt 0.703951 0.919554
vt 0.632963 0.951235
vt 0.590266 0.951235
vt 0.249197 0.951235
vt 0.249197 0.922777
vt 0.621392 0.668857
vt 0.607814 0.680965
vt 0.588161 0.680965
vt 0.581415 0.632611
vt 0.604110 0.632611
vt 0.533930 0.977519
vt 0.559579 0.977519
vt 0.553856 1.000000
vt 0.533930 1.000000
vt 0.249197 0.881983
vt 0.703951 0.881983
vt 0.490810 0.607519
vt 0.957326 0.607519
vt 0.920216 0.653020
vt 0.490810 0.653020
vt 0.625000 0.977519
vt 0.625000 1.000000
vt 0.586984 1.000000
vt 0.586984 0.977519
vt 0.118943 0.607519
vt -0.120562 0.607519
vt -0.120562 0.653020
vt 0.118943 0.653020
vt 0.719514 0.862501
vt 0.678560 0.862501
vt 0.678560 0.800982
vt 0.719514 0.800982
vt 0.419817 0.691022
vt 0.413071 0.680965
vt 0.581415 0.691022
vt 0.488435 0.977519
vt 0.488435 1.000000
vt 0.970502 0.472966
vt 0.291384 0.472966
vt 0.291384 0.097207
vt 0.970502 0.097207
vt 0.957326 0.607519
vt 0.490810 0.607519
vt 0.490810 0.653020
vt 0.920216 0.653020
vt 0.830037 0.500000
vt 0.669963 0.500000
vt 0.669963 0.598631
vt 0.830037 0.598631
vt 0.830037 0.500000
vt 0.830037 0.598631
vt 0.669963 0.598631
vt 0.669963 0.500000
vt 0.669928 0.501713
vt 0.669928 0.527147
vt 0.778492 0.527147
vt 0.823637 0.501713
vt 0.000000 0.168033
vt 0.354681 0.168033
vt 0.354681 0.581967
vt 0.000000 0.581967
vt 0.669928 0.527355
vt 0.669928 0.501922
vt 0.823637 0.501922
vt 0.778492 0.527355
vt 0.494854 0.404922
vt 0.494854 0.162541
vt 0.895358 0.162541
vt 0.895358 0.404922
vt 0.249197 0.862501
vt 0.703951 0.862501
vt 0.703951 0.871341
vt 0.249197 0.871341
vt 0.626806 0.632611
vt 0.488435 0.955037
vt 0.533930 0.955037
vt 0.562644 0.955037
vt 0.393418 0.680965
vt 0.581975 0.977920
vt 0.569250 0.977920
vt 0.569250 0.956342
vt 0.581975 0.956342
vt 0.485124 0.977920
vt 0.474555 0.977920
vt 0.474555 0.956342
vt 0.485124 0.956341
vt 0.566863 0.955037
vt 0.565074 0.977519
vt 0.461830 0.977921
vt 0.447081 0.977920
vt 0.447081 0.956341
vt 0.461830 0.956342
vt 0.596724 0.977920
vt 0.596724 0.956341
vt 0.703951 0.800982
vt 0.249197 0.800982
vt 0.496354 0.956388
vt 0.608833 0.956388
vt 0.603766 0.977998
vt 0.525096 0.977559
vt 0.561733 1.000000
vt 0.678560 0.894319
vt 0.678560 0.881983
vt 0.719514 0.881983
vt 0.719514 0.894319
vt 0.678560 0.769165
vt 0.678560 0.743930
vt 0.719514 0.769165
vt 0.678560 0.781500
vt 0.719514 0.781500
vt 0.678560 0.792143
vt 0.719514 0.792143
vt 0.678560 0.871341
vt 0.719514 0.871341
vt 0.558681 0.956341
vt 0.558681 0.977920
vt 0.496354 0.956512
vt 0.525096 0.977683
vt 0.603766 0.978122
vt 0.608832 0.956512
vt 0.183762 0.856761
vt 0.094333 0.856761
vt 0.094366 0.845993
vt 0.183729 0.845993
vt 0.625000 0.955037
vt 0.586984 0.955037
vt 0.580589 1.000000
vt 0.580589 0.977519
vt 0.183683 0.815798
vt 0.094412 0.815798
vt 0.094412 0.803437
vt 0.183683 0.803437
vt 0.678560 0.919554
vt 0.426331 0.977132
vt 0.477433 0.956512
vt 0.463690 0.958124
vt 0.449251 0.962530
vt 0.437985 0.968548
vt 0.625000 0.955037
vt 0.586984 0.955037
vt 0.586984 0.977519
vt 0.625000 0.977519
vt 0.580589 0.977519
vt 0.580589 1.000000
vt 0.586984 1.000000
vt 0.553856 1.000000
vt 0.561733 1.000000
vt 0.565074 0.977519
vt 0.559579 0.977519
vt 0.566863 0.955037
vt 0.562644 0.955037
vt 0.533930 0.955037
vt 0.533930 0.977519
vt 0.488435 0.955037
vt 0.488435 0.977519
vt 0.488435 1.000000
vt 0.533930 1.000000
vt 0.625000 1.000000
vt 0.094110 0.930042
vt 0.183985 0.930042
vt 0.580589 0.955037
vt 0.580589 0.955037
vt 0.094412 0.729950
vt 0.183683 0.729950
vt 0.419817 0.632611
vt 0.575944 1.000000
vt 0.575944 0.977526
vt 0.568302 1.000000
vt 0.569656 0.977524
vt 0.575944 0.955048
vt 0.570381 0.955045
vt 0.569656 0.977524
vt 0.570381 0.955045
vt 0.575944 0.977526
vt 0.575944 0.955048
vt 0.568302 1.000000
vt 0.575944 1.000000
vt 0.094389 0.837014
vt 0.183706 0.837014
vt 0.094406 0.824777
vt 0.183689 0.824777
vt 0.426331 0.977008
vt 0.437985 0.968424
vt 0.449250 0.962406
vt 0.463689 0.958000
vt 0.477433 0.956388
vt -0.072671 0.561914
vt -0.073103 0.573201
vt -0.107456 0.573201
vt -0.107876 0.561915
vt 1.080240 0.573200
vt 1.079808 0.561914
vt 1.115013 0.561914
vt 1.114593 0.573201
vt 0.782031 0.561914
vt 0.781598 0.573201
vt 0.747245 0.573201
vt 0.746825 0.561914
vt -0.042309 0.561914
vt 0.194744 0.561914
vt 0.194300 0.573201
vt -0.041864 0.573201
vt 0.291271 0.534312
vt 0.715866 0.534312
vt 0.715243 0.561914
vt 0.291894 0.561914
vt 0.650217 0.166778
vt 0.656234 0.167637
vt 0.662356 0.169982
vt 0.666942 0.173185
vt 0.683264 0.189507
vt 0.686529 0.194032
vt 0.688919 0.199866
vt 0.689794 0.205444
vt 0.689794 0.357056
vt 0.688920 0.362634
vt 0.686529 0.368467
vt 0.683264 0.372993
vt 0.666942 0.389314
vt 0.662356 0.392518
vt 0.656234 0.394863
vt 0.650217 0.395722
vt 0.379906 0.395722
vt 0.373888 0.394863
vt 0.367766 0.392518
vt 0.363180 0.389315
vt 0.346859 0.372993
vt 0.343594 0.368467
vt 0.341203 0.362634
vt 0.340328 0.357056
vt 0.340328 0.205444
vt 0.341203 0.199866
vt 0.343594 0.194032
vt 0.346859 0.189507
vt 0.363180 0.173185
vt 0.367766 0.169982
vt 0.373888 0.167637
vt 0.379906 0.166778
vt 0.745224 0.543394
vt 0.267830 0.543394
vt 0.268418 0.532107
vt 0.744636 0.532107
vt 0.225539 0.573201
vt 0.225106 0.561914
vt 0.260311 0.561914
vt 0.259891 0.573201
vt 0.714721 0.573201
vt 0.292416 0.573201
vt -0.072138 0.534312
vt -0.108395 0.534312
vt 0.812392 0.561914
vt 1.049446 0.561914
vt 1.049001 0.573200
vt 0.812837 0.573201
vt 0.745927 0.570996
vt 0.267127 0.570996
vt 0.811846 0.534312
vt 1.049992 0.534312
vt 1.079275 0.534312
vt 1.115531 0.534312
vt 0.782563 0.534312
vt 0.746307 0.534312
vt -0.042856 0.534312
vt 0.195291 0.534312
vt 0.803166 0.574259
vt 0.803073 0.562884
vt 0.791066 0.574278
vt 0.791176 0.562914
vt 0.725500 0.534962
vt 0.725406 0.562715
vt 0.737715 0.535325
vt 0.737949 0.563013
vt 0.204192 0.535194
vt 0.204064 0.562884
vt 0.215815 0.535235
vt 0.215961 0.562914
vt 0.224574 0.534312
vt 0.281791 0.574151
vt 0.281731 0.562715
vt 0.268992 0.574386
vt 0.269188 0.563013
vt -0.051536 0.574259
vt -0.051628 0.562884
vt -0.063636 0.574278
vt -0.063525 0.562914
vt 0.248850 0.566932
vt 0.248850 0.543394
vt -0.122627 0.561915
vt -0.122627 0.538377
vt -0.116987 0.535325
vt -0.116784 0.562929
vt 1.058894 0.535194
vt 1.058765 0.562884
vt 1.070516 0.535235
vt 1.070662 0.562914
vt 0.764204 0.532107
vt 0.764204 0.538665
vt 1.129764 0.566643
vt 1.129764 0.573201
vt 1.123693 0.574386
vt 1.123858 0.563097
vt 0.802945 0.535194
vt 0.791322 0.535235
vt 0.725345 0.574151
vt 0.738145 0.574386
vt 0.203971 0.574259
vt 0.216071 0.574277
vt 0.281636 0.534962
vt 0.269422 0.535324
vt 0.260830 0.534312
vt -0.051757 0.535194
vt -0.063380 0.535235
vt 0.248850 0.538665
vt 0.248850 0.532107
vt -0.122627 0.573201
vt -0.122627 0.566643
vt -0.116721 0.563097
vt -0.116557 0.574386
vt 1.058672 0.574259
vt 1.070772 0.574277
vt 0.764204 0.543394
vt 0.764204 0.566932
vt 1.129764 0.538377
vt 1.129764 0.561914
vt 1.123921 0.562929
vt 1.124123 0.535324
vt 0.249197 0.781500
vt 0.703951 0.781500
vt 0.703951 0.792143
vt 0.249197 0.792143
vt 0.379840 0.668857
vt 0.374426 0.632611
vt 0.397121 0.632611
vt 0.249197 0.712248
vt 0.590266 0.712248
vt 0.632963 0.712248
vt 0.703951 0.743930
vt 0.703951 0.769165
vt 0.249197 0.769165
vt 0.249197 0.740707
vt 0.249197 0.894319
vt 0.703951 0.894319
vt 0.703951 0.919554
vt 0.632963 0.951235
vt 0.590266 0.951235
vt 0.249197 0.951235
vt 0.249197 0.922777
vt 0.621392 0.668857
vt 0.607814 0.680965
vt 0.588161 0.680965
vt 0.581415 0.632611
vt 0.604110 0.632611
vt 0.533930 0.977519
vt 0.559579 0.977519
vt 0.553856 1.000000
vt 0.533930 1.000000
vt 0.249197 0.881983
vt 0.703951 0.881983
vt 0.625000 0.977519
vt 0.625000 1.000000
vt 0.586984 1.000000
vt 0.586984 0.977519
vt 0.488435 0.977519
vt 0.488435 1.000000
vt 0.249197 0.862501
vt 0.703951 0.862501
vt 0.703951 0.871341
vt 0.249197 0.871341
vt 0.626806 0.632611
vt 0.488435 0.955037
vt 0.533930 0.955037
vt 0.562644 0.955037
vt 0.419817 0.691022
vt 0.393418 0.680965
vt 0.413071 0.680965
vt 0.581975 0.977920
vt 0.569250 0.977920
vt 0.569250 0.956342
vt 0.581975 0.956342
vt 0.485124 0.977920
vt 0.474555 0.977920
vt 0.474555 0.956342
vt 0.485124 0.956341
vt 0.566863 0.955037
vt 0.565074 0.977519
vt 0.461830 0.977921
vt 0.447081 0.977920
vt 0.447081 0.956341
vt 0.461830 0.956342
vt 0.596724 0.977920
vt 0.596724 0.956341
vt 0.496354 0.956388
vt 0.608833 0.956388
vt 0.603766 0.977998
vt 0.525096 0.977559
vt 0.561733 1.000000
vt 0.678560 0.894319
vt 0.678560 0.881983
vt 0.719514 0.881983
vt 0.719514 0.894319
vt 0.678560 0.769165
vt 0.678560 0.743930
vt 0.719514 0.769165
vt 0.678560 0.781500
vt 0.719514 0.781500
vt 0.678560 0.800982
vt 0.678560 0.792143
vt 0.719514 0.792143
vt 0.719514 0.800982
vt 0.678560 0.871341
vt 0.719514 0.871341
vt 0.496354 0.956512
vt 0.525096 0.977683
vt 0.603766 0.978122
vt 0.608832 0.956512
vt 0.625000 0.955037
vt 0.586984 0.955037
vt 0.580589 1.000000
vt 0.580589 0.977519
vt 0.678560 0.919554
vt 0.426331 0.977132
vt 0.477433 0.956512
vt 0.463690 0.958124
vt 0.449251 0.962530
vt 0.437985 0.968548
vt 0.586984 0.977519
vt 0.625000 0.977519
vt 0.580589 0.977519
vt 0.580589 1.000000
vt 0.586984 1.000000
vt 0.553856 1.000000
vt 0.561733 1.000000
vt 0.565074 0.977519
vt 0.559579 0.977519
vt 0.533930 0.977519
vt 0.488435 0.977519
vt 0.488435 1.000000
vt 0.533930 1.000000
vt 0.625000 1.000000
vt 0.580589 0.955037
vt 0.558681 0.977920
vt 0.558681 0.956341
vt 0.703951 0.800982
vt 0.249197 0.800982
vt 0.419817 0.632611
vt 0.581415 0.691022
vt 0.678560 0.862501
vt 0.719514 0.862501
vt 0.575944 1.000000
vt 0.575944 0.977526
vt 0.568302 1.000000
vt 0.569656 0.977524
vt 0.575944 0.955048
vt 0.570381 0.955045
vt 0.569656 0.977524
vt 0.575944 0.977526
vt 0.568302 1.000000
vt 0.575944 1.000000
vt 0.426331 0.977008
vt 0.437985 0.968424
vt 0.449250 0.962406
vt 0.463689 0.958000
vt 0.477433 0.956388
vt 0.249197 0.781500
vt 0.249197 0.792143
vt 0.703951 0.792143
vt 0.703951 0.781500
vt 0.379840 0.668857
vt 0.397121 0.632611
vt 0.374426 0.632611
vt 0.249197 0.712248
vt 0.249197 0.740707
vt 0.249197 0.769165
vt 0.703951 0.769165
vt 0.703951 0.743930
vt 0.632963 0.712248
vt 0.590266 0.712248
vt 0.249197 0.894319
vt 0.249197 0.922777
vt 0.249197 0.951235
vt 0.590266 0.951235
vt 0.632963 0.951235
vt 0.703951 0.919554
vt 0.703951 0.894319
vt 0.621392 0.668857
vt 0.604110 0.632611
vt 0.581415 0.632611
vt 0.588161 0.680965
vt 0.607814 0.680965
vt 0.533930 0.977519
vt 0.533930 1.000000
vt 0.553856 1.000000
vt 0.559579 0.977519
vt 0.249197 0.881983
vt 0.703951 0.881983
vt 0.625000 0.977519
vt 0.586984 0.977519
vt 0.586984 1.000000
vt 0.625000 1.000000
vt 0.488435 0.977519
vt 0.488435 1.000000
vt 0.249197 0.862501
vt 0.249197 0.871341
vt 0.703951 0.871341
vt 0.703951 0.862501
vt 0.626806 0.632611
vt 0.488435 0.955037
vt 0.533930 0.955037
vt 0.562644 0.955037
vt 0.419817 0.691022
vt 0.413071 0.680965
vt 0.393418 0.680965
vt 0.581975 0.977920
vt 0.581975 0.956342
vt 0.569250 0.956342
vt 0.569250 0.977920
vt 0.485124 0.977920
vt 0.485124 0.956341
vt 0.474555 0.956342
vt 0.474555 0.977920
vt 0.565074 0.977519
vt 0.566863 0.955037
vt 0.461830 0.977921
vt 0.461830 0.956342
vt 0.447081 0.956341
vt 0.447081 0.977920
vt 0.596724 0.977920
vt 0.596724 0.956341
vt 0.496354 0.956388
vt 0.525096 0.977559
vt 0.603766 0.977998
vt 0.608833 0.956388
vt 0.561733 1.000000
vt 0.678560 0.894319
vt 0.719514 0.894319
vt 0.719514 0.881983
vt 0.678560 0.881983
vt 0.678560 0.769165
vt 0.719514 0.769165
vt 0.678560 0.743930
vt 0.678560 0.781500
vt 0.719514 0.781500
vt 0.678560 0.800982
vt 0.719514 0.800982
vt 0.719514 0.792143
vt 0.678560 0.792143
vt 0.719514 0.871341
vt 0.678560 0.871341
vt 0.496354 0.956512
vt 0.608832 0.956512
vt 0.603766 0.978122
vt 0.525096 0.977683
vt 0.625000 0.955037
vt 0.586984 0.955037
vt 0.580589 0.977519
vt 0.580589 1.000000
vt 0.678560 0.919554
vt 0.426331 0.977132
vt 0.437985 0.968548
vt 0.449251 0.962530
vt 0.463690 0.958124
vt 0.477433 0.956512
vt 0.625000 0.977519
vt 0.586984 0.977519
vt 0.586984 1.000000
vt 0.580589 1.000000
vt 0.580589 0.977519
vt 0.553856 1.000000
vt 0.559579 0.977519
vt 0.565074 0.977519
vt 0.561733 1.000000
vt 0.533930 0.977519
vt 0.488435 0.977519
vt 0.533930 1.000000
vt 0.488435 1.000000
vt 0.625000 1.000000
vt 0.580589 0.955037
vt 0.558681 0.956341
vt 0.558681 0.977920
vt 0.249197 0.800982
vt 0.703951 0.800982
vt 0.419817 0.632611
vt 0.581415 0.691022
vt 0.719514 0.862501
vt 0.678560 0.862501
vt 0.575944 0.977526
vt 0.575944 1.000000
vt 0.569656 0.977524
vt 0.568302 1.000000
vt 0.575944 0.955048
vt 0.570381 0.955045
vt 0.569656 0.977524
vt 0.575944 0.977526
vt 0.568302 1.000000
vt 0.575944 1.000000
vt 0.477433 0.956388
vt 0.463689 0.958000
vt 0.449250 0.962406
vt 0.437985 0.968424
vt 0.426331 0.977008
vt -0.072671 0.561914
vt -0.073103 0.573201
vt -0.107456 0.573201
vt -0.107876 0.561915
vt 1.080240 0.573200
vt 1.079808 0.561914
vt 1.115013 0.561914
vt 1.114593 0.573201
vt 0.782031 0.561914
vt 0.781598 0.573201
vt 0.747245 0.573201
vt 0.746825 0.561914
vt -0.042309 0.561914
vt 0.194744 0.561914
vt 0.194300 0.573201
vt -0.041864 0.573201
vt 0.291271 0.534312
vt 0.715866 0.534312
vt 0.715243 0.561914
vt 0.291894 0.561914
vt 0.650217 0.166778
vt 0.656234 0.167637
vt 0.662356 0.169982
vt 0.666942 0.173185
vt 0.683264 0.189507
vt 0.686529 0.194032
vt 0.688919 0.199866
vt 0.689794 0.205444
vt 0.689794 0.357056
vt 0.688920 0.362634
vt 0.686529 0.368467
vt 0.683264 0.372993
vt 0.666942 0.389314
vt 0.662356 0.392518
vt 0.656234 0.394863
vt 0.650217 0.395722
vt 0.379906 0.395722
vt 0.373888 0.394863
vt 0.367766 0.392518
vt 0.363180 0.389315
vt 0.346859 0.372993
vt 0.343594 0.368467
vt 0.341203 0.362634
vt 0.340328 0.357056
vt 0.340328 0.205444
vt 0.341203 0.199866
vt 0.343594 0.194032
vt 0.346859 0.189507
vt 0.363180 0.173185
vt 0.367766 0.169982
vt 0.373888 0.167637
vt 0.379906 0.166778
vt 0.745224 0.543394
vt 0.267830 0.543394
vt 0.268418 0.532107
vt 0.744636 0.532107
vt 0.225539 0.573201
vt 0.225106 0.561914
vt 0.260311 0.561914
vt 0.259891 0.573201
vt 0.714721 0.573201
vt 0.292416 0.573201
vt -0.072138 0.534312
vt -0.108395 0.534312
vt 0.812392 0.561914
vt 1.049446 0.561914
vt 1.049001 0.573200
vt 0.812837 0.573201
vt 0.745927 0.570996
vt 0.267127 0.570996
vt 0.811846 0.534312
vt 1.049992 0.534312
vt 1.079275 0.534312
vt 1.115531 0.534312
vt 0.782563 0.534312
vt 0.746307 0.534312
vt -0.042856 0.534312
vt 0.195291 0.534312
vt 0.803166 0.574259
vt 0.803073 0.562884
vt 0.791066 0.574278
vt 0.791176 0.562914
vt 0.725500 0.534962
vt 0.725406 0.562715
vt 0.737715 0.535325
vt 0.737949 0.563013
vt 0.204192 0.535194
vt 0.204064 0.562884
vt 0.215815 0.535235
vt 0.215961 0.562914
vt 0.224574 0.534312
vt 0.281791 0.574151
vt 0.281731 0.562715
vt 0.268992 0.574386
vt 0.269188 0.563013
vt -0.051536 0.574259
vt -0.051628 0.562884
vt -0.063636 0.574278
vt -0.063525 0.562914
vt 0.248850 0.566932
vt 0.248850 0.543394
vt -0.122627 0.561915
vt -0.122627 0.538377
vt -0.116987 0.535325
vt -0.116784 0.562929
vt 1.058894 0.535194
vt 1.058765 0.562884
vt 1.070516 0.535235
vt 1.070662 0.562914
vt 0.764204 0.532107
vt 0.764204 0.538665
vt 1.129764 0.566643
vt 1.129764 0.573201
vt 1.123693 0.574386
vt 1.123858 0.563097
vt 0.802945 0.535194
vt 0.791322 0.535235
vt 0.725345 0.574151
vt 0.738145 0.574386
vt 0.203971 0.574259
vt 0.216071 0.574277
vt 0.281636 0.534962
vt 0.269422 0.535324
vt 0.260830 0.534312
vt -0.051757 0.535194
vt -0.063380 0.535235
vt 0.248850 0.538665
vt 0.248850 0.532107
vt -0.122627 0.573201
vt -0.122627 0.566643
vt -0.116721 0.563097
vt -0.116557 0.574386
vt 1.058672 0.574259
vt 1.070772 0.574277
vt 0.764204 0.543394
vt 0.764204 0.566932
vt 1.129764 0.538377
vt 1.129764 0.561914
vt 1.123921 0.562929
vt 1.124123 0.535324
vt -0.072671 0.561914
vt -0.107876 0.561915
vt -0.107456 0.573201
vt -0.073103 0.573201
vt 1.080240 0.573200
vt 1.114593 0.573201
vt 1.115013 0.561914
vt 1.079808 0.561914
vt 0.782031 0.561914
vt 0.746825 0.561914
vt 0.747245 0.573201
vt 0.781598 0.573201
vt -0.042309 0.561914
vt -0.041864 0.573201
vt 0.194300 0.573201
vt 0.194744 0.561914
vt 0.291271 0.534312
vt 0.291894 0.561914
vt 0.715243 0.561914
vt 0.715866 0.534312
vt 0.650217 0.166778
vt 0.379906 0.166778
vt 0.373888 0.167637
vt 0.367766 0.169982
vt 0.363180 0.173185
vt 0.346859 0.189507
vt 0.343594 0.194032
vt 0.341203 0.199866
vt 0.340328 0.205444
vt 0.340328 0.357056
vt 0.341203 0.362634
vt 0.343594 0.368467
vt 0.346859 0.372993
vt 0.363180 0.389315
vt 0.367766 0.392518
vt 0.373888 0.394863
vt 0.379906 0.395722
vt 0.650217 0.395722
vt 0.656234 0.394863
vt 0.662356 0.392518
vt 0.666942 0.389314
vt 0.683264 0.372993
vt 0.686529 0.368467
vt 0.688920 0.362634
vt 0.689794 0.357056
vt 0.689794 0.205444
vt 0.688919 0.199866
vt 0.686529 0.194032
vt 0.683264 0.189507
vt 0.666942 0.173185
vt 0.662356 0.169982
vt 0.656234 0.167637
vt 0.745224 0.543394
vt 0.744636 0.532107
vt 0.268418 0.532107
vt 0.267830 0.543394
vt 0.225539 0.573201
vt 0.259891 0.573201
vt 0.260311 0.561914
vt 0.225106 0.561914
vt 0.292416 0.573201
vt 0.714721 0.573201
vt -0.072138 0.534312
vt -0.108395 0.534312
vt 0.812392 0.561914
vt 0.812837 0.573201
vt 1.049001 0.573200
vt 1.049446 0.561914
vt 0.745927 0.570996
vt 0.267127 0.570996
vt 0.811846 0.534312
vt 1.049992 0.534312
vt 1.115531 0.534312
vt 1.079275 0.534312
vt 0.782563 0.534312
vt 0.746307 0.534312
vt -0.042856 0.534312
vt 0.195291 0.534312
vt 0.803073 0.562884
vt 0.803166 0.574259
vt 0.791176 0.562914
vt 0.791066 0.574278
vt 0.725406 0.562715
vt 0.725500 0.534962
vt 0.737949 0.563013
vt 0.737715 0.535325
vt 0.204064 0.562884
vt 0.204192 0.535194
vt 0.215961 0.562914
vt 0.215815 0.535235
vt 0.224574 0.534312
vt 0.281731 0.562715
vt 0.281791 0.574151
vt 0.269188 0.563013
vt 0.268992 0.574386
vt -0.051628 0.562884
vt -0.051536 0.574259
vt -0.063525 0.562914
vt -0.063636 0.574278
vt 0.248850 0.543394
vt 0.248850 0.566932
vt -0.122627 0.561915
vt -0.116784 0.562929
vt -0.116987 0.535325
vt -0.122627 0.538377
vt 1.058765 0.562884
vt 1.058894 0.535194
vt 1.070662 0.562914
vt 1.070516 0.535235
vt 0.764204 0.538665
vt 0.764204 0.532107
vt 1.129764 0.566643
vt 1.123858 0.563097
vt 1.123693 0.574386
vt 1.129764 0.573201
vt 0.802945 0.535194
vt 0.791322 0.535235
vt 0.725345 0.574151
vt 0.738145 0.574386
vt 0.203971 0.574259
vt 0.216071 0.574277
vt 0.281636 0.534962
vt 0.269422 0.535324
vt 0.260830 0.534312
vt -0.051757 0.535194
vt -0.063380 0.535235
vt 0.248850 0.532107
vt 0.248850 0.538665
vt -0.122627 0.573201
vt -0.116557 0.574386
vt -0.116721 0.563097
vt -0.122627 0.566643
vt 1.058672 0.574259
vt 1.070772 0.574277
vt 0.764204 0.566932
vt 0.764204 0.543394
vt 1.129764 0.538377
vt 1.124123 0.535324
vt 1.123921 0.562929
vt 1.129764 0.561914
vt 0.460762 0.956417
vt 0.603779 0.956417
vt 0.603779 0.986748
vt 0.460762 0.986748
vt 0.387448 0.877111
vt 0.605125 0.877111
vt 0.605125 0.895154
vt 0.387448 0.895154
vt 0.607489 0.986748
vt 0.470853 0.986748
vt 0.470853 0.956417
vt 0.607489 0.956417
vt 0.352818 0.623434
vt 0.647660 0.623434
vt 0.630965 0.784221
vt 0.372167 0.784221
vt 0.408043 0.986748
vt 0.397251 0.986748
vt 0.397251 0.956417
vt 0.408043 0.956417
vt 0.457964 0.986748
vt 0.394998 0.986748
vt 0.394998 0.956417
vt 0.457964 0.956417
vt 0.346480 0.591565
vt 0.653520 0.591565
vt 0.382433 0.788982
vt 0.610292 0.788982
vt 0.460762 0.956417
vt 0.460762 0.986748
vt 0.603779 0.986748
vt 0.603779 0.956417
vt 0.387448 0.877111
vt 0.387448 0.895154
vt 0.605125 0.895154
vt 0.605125 0.877111
vt 0.607489 0.986748
vt 0.607489 0.956417
vt 0.470853 0.956417
vt 0.470853 0.986748
vt 0.352818 0.623434
vt 0.372167 0.784221
vt 0.630965 0.784221
vt 0.647660 0.623434
vt 0.408043 0.986748
vt 0.408043 0.956417
vt 0.397251 0.956417
vt 0.397251 0.986748
vt 0.457964 0.986748
vt 0.457964 0.956417
vt 0.394998 0.956417
vt 0.394998 0.986748
vt 0.346480 0.591565
vt 0.653520 0.591565
vt 0.382433 0.788982
vt 0.610292 0.788982
vt 0.633359 0.568487
vt 0.633774 0.564928
vt 0.634851 0.561395
vt 0.636369 0.558566
vt 0.646434 0.545034
vt 0.648489 0.543108
vt 0.651334 0.541646
vt 0.654425 0.541055
vt 0.845575 0.541055
vt 0.848666 0.541646
vt 0.851511 0.543108
vt 0.853566 0.545034
vt 0.863631 0.558566
vt 0.865149 0.561395
vt 0.866226 0.564928
vt 0.866641 0.568486
vt 0.866641 0.711332
vt 0.866226 0.714890
vt 0.865150 0.718423
vt 0.863632 0.721252
vt 0.853566 0.734784
vt 0.851512 0.736711
vt 0.848666 0.738172
vt 0.845575 0.738762
vt 0.654425 0.738763
vt 0.651334 0.738172
vt 0.648489 0.736710
vt 0.646434 0.734784
vt 0.636368 0.721252
vt 0.634851 0.718423
vt 0.633774 0.714890
vt 0.633359 0.711332
vt 0.629218 0.711765
vt 0.629758 0.716396
vt 0.625668 0.717931
vt 0.625000 0.712207
vt 0.631205 0.721144
vt 0.627491 0.723916
vt 0.633205 0.724872
vt 0.629983 0.728559
vt 0.845868 0.744329
vt 0.849709 0.743595
vt 0.850772 0.749120
vt 0.846166 0.750000
vt 0.853464 0.741667
vt 0.855453 0.746716
vt 0.856235 0.739068
vt 0.858954 0.743432
vt 0.870782 0.568053
vt 0.870241 0.563421
vt 0.874332 0.561887
vt 0.875000 0.567611
vt 0.868795 0.558674
vt 0.872509 0.555902
vt 0.866795 0.554946
vt 0.870017 0.551259
vt 0.654133 0.535489
vt 0.650291 0.536223
vt 0.649228 0.530698
vt 0.653834 0.529818
vt 0.646536 0.538151
vt 0.644547 0.533102
vt 0.643765 0.540750
vt 0.641046 0.536386
vt 0.650291 0.743595
vt 0.654132 0.744329
vt 0.653834 0.750000
vt 0.649228 0.749120
vt 0.646536 0.741667
vt 0.644547 0.746716
vt 0.643765 0.739067
vt 0.641046 0.743432
vt 0.870242 0.716396
vt 0.870782 0.711765
vt 0.875000 0.712207
vt 0.874332 0.717931
vt 0.868795 0.721144
vt 0.872509 0.723916
vt 0.866795 0.724871
vt 0.870017 0.728559
vt 0.849709 0.536223
vt 0.845867 0.535489
vt 0.846166 0.529818
vt 0.850772 0.530698
vt 0.853464 0.538151
vt 0.855453 0.533102
vt 0.856235 0.540750
vt 0.858954 0.536386
vt 0.629758 0.563422
vt 0.629218 0.568053
vt 0.625000 0.567611
vt 0.625668 0.561887
vt 0.631205 0.558674
vt 0.627491 0.555902
vt 0.633205 0.554947
vt 0.629983 0.551259
vt 0.249263 0.955266
vt 0.249646 0.955289
vt 0.248954 0.968123
vt 0.248394 0.968089
vt 0.250320 0.955024
vt 0.249974 0.967723
vt 0.251150 0.954528
vt 0.251205 0.966986
vt 0.344765 0.864850
vt 0.346101 0.863477
vt 0.360267 0.862586
vt 0.358399 0.864507
vt 0.347279 0.862160
vt 0.362017 0.860631
vt 0.348081 0.861159
vt 0.363235 0.859112
vt 0.342743 0.839389
vt 0.342360 0.839366
vt 0.349663 0.829837
vt 0.350223 0.829871
vt 0.341686 0.839630
vt 0.348644 0.830238
vt 0.346227 0.846739
vt 0.347412 0.830974
vt 0.252613 0.936416
vt 0.251277 0.937790
vt 0.238350 0.935375
vt 0.240218 0.933454
vt 0.250099 0.939106
vt 0.236600 0.937330
vt 0.249297 0.940107
vt 0.235383 0.938849
vt 0.258723 0.949008
vt 0.260125 0.947701
vt 0.262857 0.958029
vt 0.260897 0.959856
vt 0.257381 0.950157
vt 0.258904 0.961563
vt 0.256364 0.950938
vt 0.257360 0.962748
vt 0.352575 0.854536
vt 0.352560 0.854153
vt 0.368766 0.850262
vt 0.368788 0.850823
vt 0.352296 0.855204
vt 0.368366 0.851834
vt 0.351782 0.856024
vt 0.367604 0.853049
vt 0.338655 0.852259
vt 0.337253 0.853565
vt 0.335760 0.839931
vt 0.337721 0.838105
vt 0.339997 0.851109
vt 0.339713 0.836397
vt 0.341014 0.850328
vt 0.341258 0.835212
vt 0.244803 0.946730
vt 0.244818 0.947113
vt 0.229851 0.947698
vt 0.229829 0.947137
vt 0.245082 0.946061
vt 0.230252 0.946127
vt 0.245596 0.945242
vt 0.231014 0.944912
vt 0.633359 0.568487
vt 0.633774 0.564928
vt 0.634851 0.561395
vt 0.636369 0.558566
vt 0.646434 0.545034
vt 0.648489 0.543108
vt 0.651334 0.541646
vt 0.654425 0.541055
vt 0.845575 0.541055
vt 0.848666 0.541646
vt 0.851511 0.543108
vt 0.853566 0.545034
vt 0.863631 0.558566
vt 0.865149 0.561395
vt 0.866226 0.564928
vt 0.866641 0.568486
vt 0.866641 0.711332
vt 0.866226 0.714890
vt 0.865150 0.718423
vt 0.863632 0.721252
vt 0.853566 0.734784
vt 0.851512 0.736711
vt 0.848666 0.738172
vt 0.845575 0.738762
vt 0.654425 0.738763
vt 0.651334 0.738172
vt 0.648489 0.736710
vt 0.646434 0.734784
vt 0.636368 0.721252
vt 0.634851 0.718423
vt 0.633774 0.714890
vt 0.633359 0.711332
vt 0.629218 0.711765
vt 0.629758 0.716396
vt 0.625668 0.717931
vt 0.625000 0.712207
vt 0.631205 0.721144
vt 0.627491 0.723916
vt 0.633205 0.724872
vt 0.629983 0.728559
vt 0.845868 0.744329
vt 0.849709 0.743595
vt 0.850772 0.749120
vt 0.846166 0.750000
vt 0.853464 0.741667
vt 0.855453 0.746716
vt 0.856235 0.739068
vt 0.858954 0.743432
vt 0.870782 0.568053
vt 0.870241 0.563421
vt 0.874332 0.561887
vt 0.875000 0.567611
vt 0.868795 0.558674
vt 0.872509 0.555902
vt 0.866795 0.554946
vt 0.870017 0.551259
vt 0.654133 0.535489
vt 0.650291 0.536223
vt 0.649228 0.530698
vt 0.653834 0.529818
vt 0.646536 0.538151
vt 0.644547 0.533102
vt 0.643765 0.540750
vt 0.641046 0.536386
vt 0.650291 0.743595
vt 0.654132 0.744329
vt 0.653834 0.750000
vt 0.649228 0.749120
vt 0.646536 0.741667
vt 0.644547 0.746716
vt 0.643765 0.739067
vt 0.641046 0.743432
vt 0.870242 0.716396
vt 0.870782 0.711765
vt 0.875000 0.712207
vt 0.874332 0.717931
vt 0.868795 0.721144
vt 0.872509 0.723916
vt 0.866795 0.724871
vt 0.870017 0.728559
vt 0.849709 0.536223
vt 0.845867 0.535489
vt 0.846166 0.529818
vt 0.850772 0.530698
vt 0.853464 0.538151
vt 0.855453 0.533102
vt 0.856235 0.540750
vt 0.858954 0.536386
vt 0.629758 0.563422
vt 0.629218 0.568053
vt 0.625000 0.567611
vt 0.625668 0.561887
vt 0.631205 0.558674
vt 0.627491 0.555902
vt 0.633205 0.554947
vt 0.629983 0.551259
vt 0.249263 0.955266
vt 0.249646 0.955289
vt 0.248954 0.968123
vt 0.248394 0.968089
vt 0.250320 0.955024
vt 0.249974 0.967723
vt 0.251150 0.954528
vt 0.251205 0.966986
vt 0.344765 0.864850
vt 0.346101 0.863477
vt 0.360267 0.862586
vt 0.358399 0.864507
vt 0.347279 0.862160
vt 0.362017 0.860631
vt 0.348081 0.861159
vt 0.363235 0.859112
vt 0.342743 0.839389
vt 0.342360 0.839366
vt 0.349663 0.829837
vt 0.350223 0.829871
vt 0.341686 0.839630
vt 0.348644 0.830238
vt 0.346227 0.846739
vt 0.347412 0.830974
vt 0.252613 0.936416
vt 0.251277 0.937790
vt 0.238350 0.935375
vt 0.240218 0.933454
vt 0.250099 0.939106
vt 0.236600 0.937330
vt 0.249297 0.940107
vt 0.235383 0.938849
vt 0.258723 0.949008
vt 0.260125 0.947701
vt 0.262857 0.958029
vt 0.260897 0.959856
vt 0.257381 0.950157
vt 0.258904 0.961563
vt 0.256364 0.950938
vt 0.257360 0.962748
vt 0.352575 0.854536
vt 0.352560 0.854153
vt 0.368766 0.850262
vt 0.368788 0.850823
vt 0.352296 0.855204
vt 0.368366 0.851834
vt 0.351782 0.856024
vt 0.367604 0.853049
vt 0.338655 0.852259
vt 0.337253 0.853565
vt 0.335760 0.839931
vt 0.337721 0.838105
vt 0.339997 0.851109
vt 0.339713 0.836397
vt 0.341014 0.850328
vt 0.341258 0.835212
vt 0.244803 0.946730
vt 0.244818 0.947113
vt 0.229851 0.947698
vt 0.229829 0.947137
vt 0.245082 0.946061
vt 0.230252 0.946127
vt 0.245596 0.945242
vt 0.231014 0.944912
vt 0.633359 0.568487
vt 0.633359 0.711332
vt 0.633774 0.714890
vt 0.634851 0.718423
vt 0.636368 0.721252
vt 0.646434 0.734784
vt 0.648489 0.736710
vt 0.651334 0.738172
vt 0.654425 0.738763
vt 0.845575 0.738762
vt 0.848666 0.738172
vt 0.851512 0.736711
vt 0.853566 0.734784
vt 0.863632 0.721252
vt 0.865150 0.718423
vt 0.866226 0.714890
vt 0.866641 0.711332
vt 0.866641 0.568486
vt 0.866226 0.564928
vt 0.865149 0.561395
vt 0.863631 0.558566
vt 0.853566 0.545034
vt 0.851511 0.543108
vt 0.848666 0.541646
vt 0.845575 0.541055
vt 0.654425 0.541055
vt 0.651334 0.541646
vt 0.648489 0.543108
vt 0.646434 0.545034
vt 0.636369 0.558566
vt 0.634851 0.561395
vt 0.633774 0.564928
vt 0.629218 0.711765
vt 0.625000 0.712207
vt 0.625668 0.717931
vt 0.629758 0.716396
vt 0.627491 0.723916
vt 0.631205 0.721144
vt 0.629983 0.728559
vt 0.633205 0.724872
vt 0.845868 0.744329
vt 0.846166 0.750000
vt 0.850772 0.749120
vt 0.849709 0.743595
vt 0.855453 0.746716
vt 0.853464 0.741667
vt 0.858954 0.743432
vt 0.856235 0.739068
vt 0.870782 0.568053
vt 0.875000 0.567611
vt 0.874332 0.561887
vt 0.870241 0.563421
vt 0.872509 0.555902
vt 0.868795 0.558674
vt 0.870017 0.551259
vt 0.866795 0.554946
vt 0.654133 0.535489
vt 0.653834 0.529818
vt 0.649228 0.530698
vt 0.650291 0.536223
vt 0.644547 0.533102
vt 0.646536 0.538151
vt 0.641046 0.536386
vt 0.643765 0.540750
vt 0.650291 0.743595
vt 0.649228 0.749120
vt 0.653834 0.750000
vt 0.654132 0.744329
vt 0.646536 0.741667
vt 0.644547 0.746716
vt 0.643765 0.739067
vt 0.641046 0.743432
vt 0.870242 0.716396
vt 0.874332 0.717931
vt 0.875000 0.712207
vt 0.870782 0.711765
vt 0.868795 0.721144
vt 0.872509 0.723916
vt 0.866795 0.724871
vt 0.870017 0.728559
vt 0.849709 0.536223
vt 0.850772 0.530698
vt 0.846166 0.529818
vt 0.845867 0.535489
vt 0.853464 0.538151
vt 0.855453 0.533102
vt 0.856235 0.540750
vt 0.858954 0.536386
vt 0.629758 0.563422
vt 0.625668 0.561887
vt 0.625000 0.567611
vt 0.629218 0.568053
vt 0.631205 0.558674
vt 0.627491 0.555902
vt 0.633205 0.554947
vt 0.629983 0.551259
vt 0.249263 0.955266
vt 0.248394 0.968089
vt 0.248954 0.968123
vt 0.249646 0.955289
vt 0.249974 0.967723
vt 0.250320 0.955024
vt 0.251205 0.966986
vt 0.251150 0.954528
vt 0.344765 0.864850
vt 0.358399 0.864507
vt 0.360267 0.862586
vt 0.346101 0.863477
vt 0.362017 0.860631
vt 0.347279 0.862160
vt 0.363235 0.859112
vt 0.348081 0.861159
vt 0.342743 0.839389
vt 0.350223 0.829871
vt 0.349663 0.829837
vt 0.342360 0.839366
vt 0.348644 0.830238
vt 0.341686 0.839630
vt 0.347412 0.830974
vt 0.346227 0.846739
vt 0.252613 0.936416
vt 0.240218 0.933454
vt 0.238350 0.935375
vt 0.251277 0.937790
vt 0.236600 0.937330
vt 0.250099 0.939106
vt 0.235383 0.938849
vt 0.249297 0.940107
vt 0.258723 0.949008
vt 0.260897 0.959856
vt 0.262857 0.958029
vt 0.260125 0.947701
vt 0.257381 0.950157
vt 0.258904 0.961563
vt 0.256364 0.950938
vt 0.257360 0.962748
vt 0.352575 0.854536
vt 0.368788 0.850823
vt 0.368766 0.850262
vt 0.352560 0.854153
vt 0.352296 0.855204
vt 0.368366 0.851834
vt 0.351782 0.856024
vt 0.367604 0.853049
vt 0.338655 0.852259
vt 0.337721 0.838105
vt 0.335760 0.839931
vt 0.337253 0.853565
vt 0.339997 0.851109
vt 0.339713 0.836397
vt 0.341014 0.850328
vt 0.341258 0.835212
vt 0.244803 0.946730
vt 0.229829 0.947137
vt 0.229851 0.947698
vt 0.244818 0.947113
vt 0.245082 0.946061
vt 0.230252 0.946127
vt 0.245596 0.945242
vt 0.231014 0.944912
vt -0.499482 0.800122
vt -0.479322 0.800122
vt -0.479322 0.806808
vt -0.499482 0.806808
vt -0.499482 0.793437
vt -0.479322 0.793437
vt -0.499482 0.786948
vt -0.479322 0.786948
vt -0.499482 0.780263
vt -0.479322 0.780263
vt -0.499482 0.853016
vt -0.479322 0.853016
vt -0.479322 0.859702
vt -0.499482 0.859702
vt -0.499482 0.846528
vt -0.479322 0.846528
vt -0.499482 0.839842
vt -0.479322 0.839842
vt -0.499482 0.833157
vt -0.479322 0.833157
vt -0.499482 0.826668
vt -0.479322 0.826668
vt -0.499482 0.819982
vt -0.479322 0.819982
vt -0.499482 0.813297
vt -0.479322 0.813297
vt -0.457461 0.800122
vt -0.457461 0.806808
vt -0.457461 0.793437
vt -0.457461 0.786948
vt -0.457461 0.780263
vt -0.457461 0.853016
vt -0.457461 0.859702
vt -0.457461 0.846528
vt -0.457461 0.839842
vt -0.457461 0.833157
vt -0.457461 0.826668
vt -0.457461 0.819982
vt -0.457461 0.813297
vt -0.434051 0.800122
vt -0.434051 0.806808
vt -0.434051 0.793437
vt -0.434051 0.786948
vt -0.434051 0.780263
vt -0.434051 0.853016
vt -0.434051 0.859702
vt -0.434051 0.846528
vt -0.434051 0.839842
vt -0.434051 0.833157
vt -0.434051 0.826668
vt -0.434051 0.819982
vt -0.434051 0.813297
vt -0.409304 0.800122
vt -0.409304 0.806808
vt -0.409304 0.793437
vt -0.409304 0.786948
vt -0.409304 0.780263
vt -0.409304 0.853016
vt -0.409304 0.859702
vt -0.409304 0.846528
vt -0.409304 0.839842
vt -0.409304 0.833157
vt -0.409304 0.826668
vt -0.409304 0.819982
vt -0.409304 0.813297
vt -0.383464 0.800122
vt -0.383464 0.806808
vt -0.383464 0.793437
vt -0.383464 0.786948
vt -0.383464 0.780263
vt -0.383464 0.853016
vt -0.383464 0.859702
vt -0.383464 0.846528
vt -0.383464 0.839842
vt -0.383464 0.833157
vt -0.383464 0.826668
vt -0.383464 0.819982
vt -0.383464 0.813297
vt -0.356777 0.800122
vt -0.356777 0.806808
vt -0.356777 0.793437
vt -0.356777 0.786948
vt -0.356777 0.780263
vt -0.356777 0.853016
vt -0.356777 0.859702
vt -0.356777 0.846528
vt -0.356777 0.839842
vt -0.356777 0.833157
vt -0.356777 0.826668
vt -0.356777 0.819982
vt -0.356777 0.813297
vt -0.329479 0.800122
vt -0.329479 0.806808
vt -0.329479 0.793437
vt -0.329479 0.786948
vt -0.329479 0.780263
vt -0.329479 0.853016
vt -0.329479 0.859702
vt -0.329479 0.846528
vt -0.329479 0.839842
vt -0.329479 0.833157
vt -0.329479 0.826668
vt -0.329479 0.819982
vt -0.329479 0.813297
vt -0.301770 0.800122
vt -0.301770 0.806808
vt -0.301770 0.793437
vt -0.301770 0.786948
vt -0.301770 0.780263
vt -0.301770 0.853016
vt -0.301770 0.859702
vt -0.301770 0.846528
vt -0.301770 0.839842
vt -0.301770 0.833157
vt -0.301770 0.826668
vt -0.301770 0.819982
vt -0.301770 0.813297
vt -0.273807 0.800122
vt -0.273807 0.806808
vt -0.273807 0.793437
vt -0.273807 0.786948
vt -0.273807 0.780263
vt -0.273807 0.853016
vt -0.273807 0.859702
vt -0.273807 0.846528
vt -0.273807 0.839842
vt -0.273807 0.833157
vt -0.273807 0.826668
vt -0.273807 0.819982
vt -0.273807 0.813297
vt -0.245679 0.800122
vt -0.245679 0.806808
vt -0.245679 0.793437
vt -0.245679 0.786948
vt -0.245679 0.780263
vt -0.245679 0.853016
vt -0.245679 0.859702
vt -0.245679 0.846528
vt -0.245679 0.839842
vt -0.245679 0.833157
vt -0.245679 0.826668
vt -0.245679 0.819982
vt -0.245679 0.813297
vt -0.217385 0.800122
vt -0.217385 0.806808
vt -0.217385 0.793437
vt -0.217385 0.786948
vt -0.217385 0.780263
vt -0.217385 0.853016
vt -0.217385 0.859702
vt -0.217385 0.846528
vt -0.217385 0.839842
vt -0.217385 0.833157
vt -0.217385 0.826668
vt -0.217385 0.819982
vt -0.217385 0.813297
vt -0.188817 0.800122
vt -0.188817 0.806808
vt -0.188817 0.793437
vt -0.188817 0.786948
vt -0.188817 0.780263
vt -0.188817 0.853016
vt -0.188817 0.859702
vt -0.188817 0.846528
vt -0.188817 0.839842
vt -0.188817 0.833157
vt -0.188817 0.826668
vt -0.188817 0.819982
vt -0.188817 0.813297
vt -0.159741 0.800122
vt -0.159741 0.806808
vt -0.159741 0.793437
vt -0.159741 0.786948
vt -0.159741 0.780263
vt -0.159741 0.853016
vt -0.159741 0.859702
vt -0.159741 0.846528
vt -0.159741 0.839842
vt -0.159741 0.833157
vt -0.159741 0.826668
vt -0.159741 0.819982
vt -0.159741 0.813297
vt -0.129783 0.800122
vt -0.129783 0.806808
vt -0.129783 0.793437
vt -0.129783 0.786948
vt -0.129783 0.780263
vt -0.129783 0.853016
vt -0.129783 0.859702
vt -0.129783 0.846528
vt -0.129783 0.839842
vt -0.129783 0.833157
vt -0.129783 0.826668
vt -0.129783 0.819982
vt -0.129783 0.813297
vt -0.098439 0.800122
vt -0.098439 0.806808
vt -0.098439 0.793437
vt -0.098439 0.786948
vt -0.098439 0.780263
vt -0.098439 0.853016
vt -0.098439 0.859702
vt -0.098439 0.846528
vt -0.098439 0.839842
vt -0.098439 0.833157
vt -0.098439 0.826668
vt -0.098439 0.819982
vt -0.098439 0.813297
vt -0.065095 0.800122
vt -0.065095 0.806808
vt -0.065095 0.793437
vt -0.065095 0.786948
vt -0.065095 0.780263
vt -0.065095 0.853016
vt -0.065095 0.859702
vt -0.065095 0.846528
vt -0.065095 0.839842
vt -0.065095 0.833157
vt -0.065095 0.826668
vt -0.065095 0.819982
vt -0.065095 0.813297
vt -0.029056 0.800122
vt -0.029056 0.806808
vt -0.029056 0.793437
vt -0.029056 0.786948
vt -0.029056 0.780263
vt -0.029056 0.853016
vt -0.029056 0.859702
vt -0.029056 0.846528
vt -0.029056 0.839842
vt -0.029056 0.833157
vt -0.029056 0.826668
vt -0.029056 0.819982
vt -0.029056 0.813297
vt 0.007381 0.800122
vt 0.007381 0.806808
vt 0.007381 0.793437
vt 0.007381 0.786948
vt 0.007381 0.780263
vt 0.007381 0.853016
vt 0.007381 0.859702
vt 0.007381 0.846528
vt 0.007381 0.839842
vt 0.007381 0.833157
vt 0.007381 0.826668
vt 0.007381 0.819982
vt 0.007381 0.813297
vt 0.043185 0.800122
vt 0.043185 0.806808
vt 0.043185 0.793437
vt 0.043185 0.786948
vt 0.043185 0.780263
vt 0.043185 0.853016
vt 0.043185 0.859702
vt 0.043185 0.846528
vt 0.043185 0.839842
vt 0.043185 0.833157
vt 0.043185 0.826668
vt 0.043185 0.819982
vt 0.043185 0.813297
vt 0.079979 0.800122
vt 0.079979 0.806808
vt 0.079979 0.793437
vt 0.079979 0.786948
vt 0.079979 0.780263
vt 0.079979 0.853016
vt 0.079979 0.859702
vt 0.079979 0.846528
vt 0.079979 0.839842
vt 0.079979 0.833157
vt 0.079979 0.826668
vt 0.079979 0.819982
vt 0.079979 0.813297
vt 0.118641 0.800122
vt 0.118641 0.806808
vt 0.118641 0.793437
vt 0.118641 0.786948
vt 0.118641 0.780263
vt 0.118641 0.853016
vt 0.118641 0.859702
vt 0.118641 0.846528
vt 0.118641 0.839842
vt 0.118641 0.833157
vt 0.118641 0.826668
vt 0.118641 0.819982
vt 0.118641 0.813297
vt 0.159567 0.800122
vt 0.159567 0.806808
vt 0.159567 0.793437
vt 0.159567 0.786948
vt 0.159567 0.780263
vt 0.159567 0.853016
vt 0.159567 0.859702
vt 0.159567 0.846528
vt 0.159567 0.839842
vt 0.159567 0.833157
vt 0.159567 0.826668
vt 0.159567 0.819982
vt 0.159567 0.813297
vt 0.202963 0.800122
vt 0.202963 0.806808
vt 0.202963 0.793437
vt 0.202963 0.786948
vt 0.202963 0.780263
vt 0.202963 0.853016
vt 0.202963 0.859702
vt 0.202963 0.846528
vt 0.202963 0.839842
vt 0.202963 0.833157
vt 0.202963 0.826668
vt 0.202963 0.819982
vt 0.202963 0.813297
vt 0.249081 0.800122
vt 0.249081 0.806808
vt 0.249081 0.793437
vt 0.249081 0.786948
vt 0.249081 0.780263
vt 0.249081 0.853016
vt 0.249081 0.859702
vt 0.249081 0.846528
vt 0.249081 0.839842
vt 0.249081 0.833157
vt 0.249081 0.826668
vt 0.249081 0.819982
vt 0.249081 0.813297
vt 0.298397 0.800122
vt 0.298397 0.806808
vt 0.298397 0.793437
vt 0.298397 0.786948
vt 0.298397 0.780263
vt 0.298397 0.853016
vt 0.298397 0.859702
vt 0.298397 0.846528
vt 0.298397 0.839842
vt 0.298397 0.833157
vt 0.298397 0.826668
vt 0.298397 0.819982
vt 0.298397 0.813297
vt 0.351720 0.800122
vt 0.351720 0.806808
vt 0.351720 0.793437
vt 0.351720 0.786948
vt 0.351720 0.780263
vt 0.351720 0.853016
vt 0.351720 0.859702
vt 0.351720 0.846528
vt 0.351720 0.839842
vt 0.351720 0.833157
vt 0.351720 0.826668
vt 0.351720 0.819982
vt 0.351720 0.813297
vt 0.410238 0.800122
vt 0.410238 0.806808
vt 0.410238 0.793437
vt 0.410238 0.786948
vt 0.410238 0.780263
vt 0.410238 0.853016
vt 0.410238 0.859702
vt 0.410238 0.846528
vt 0.410238 0.839842
vt 0.410238 0.833157
vt 0.410238 0.826668
vt 0.410238 0.819982
vt 0.410238 0.813297
vt 0.475482 0.800122
vt 0.475482 0.806808
vt 0.475482 0.793437
vt 0.475482 0.786948
vt 0.475482 0.780263
vt 0.475482 0.853016
vt 0.475482 0.859702
vt 0.475482 0.846528
vt 0.475482 0.839842
vt 0.475482 0.833157
vt 0.475482 0.826668
vt 0.475482 0.819982
vt 0.475482 0.813297
vt 0.549246 0.800122
vt 0.549246 0.806808
vt 0.549246 0.793437
vt 0.549246 0.786948
vt 0.549246 0.780263
vt 0.549246 0.853016
vt 0.549246 0.859702
vt 0.549246 0.846528
vt 0.549246 0.839842
vt 0.549246 0.833157
vt 0.549246 0.826668
vt 0.549246 0.819982
vt 0.549246 0.813297
vt 0.633489 0.800122
vt 0.633489 0.806808
vt 0.633489 0.793437
vt 0.633489 0.786948
vt 0.633489 0.780263
vt 0.633489 0.853016
vt 0.633489 0.859702
vt 0.633489 0.846528
vt 0.633489 0.839842
vt 0.633489 0.833157
vt 0.633489 0.826668
vt 0.633489 0.819982
vt 0.633489 0.813297
vt 0.730246 0.800122
vt 0.730246 0.806808
vt 0.730246 0.793437
vt 0.730246 0.786948
vt 0.730246 0.780263
vt 0.730246 0.853016
vt 0.730246 0.859702
vt 0.730246 0.846528
vt 0.730246 0.839842
vt 0.730246 0.833157
vt 0.730246 0.826668
vt 0.730246 0.819982
vt 0.730246 0.813297
vt 0.841568 0.800122
vt 0.841568 0.806808
vt 0.841568 0.793437
vt 0.841568 0.786948
vt 0.841568 0.780263
vt 0.841568 0.853016
vt 0.841568 0.859702
vt 0.841568 0.846528
vt 0.841568 0.839842
vt 0.841568 0.833157
vt 0.841568 0.826668
vt 0.841568 0.819982
vt 0.841568 0.813297
vt 0.969490 0.800122
vt 0.969490 0.806808
vt 0.969490 0.793437
vt 0.969490 0.786948
vt 0.969490 0.780263
vt 0.969490 0.853016
vt 0.969490 0.859702
vt 0.969490 0.846528
vt 0.969490 0.839842
vt 0.969490 0.833157
vt 0.969490 0.826668
vt 0.969490 0.819982
vt 0.969490 0.813297
vt 1.116016 0.800122
vt 1.116016 0.806808
vt 1.116016 0.793437
vt 1.116016 0.786948
vt 1.116016 0.780263
vt 1.116016 0.853016
vt 1.116016 0.859702
vt 1.116016 0.846528
vt 1.116016 0.839842
vt 1.116016 0.833157
vt 1.116016 0.826668
vt 1.116016 0.819982
vt 1.116016 0.813297
vt -0.558524 0.796701
vt -0.486517 0.796608
vt -0.486517 0.803862
vt -0.557979 0.803862
vt -0.557979 0.789355
vt -0.486517 0.789355
vt -0.557979 0.782315
vt -0.486517 0.782315
vt -0.557979 0.775061
vt -0.486517 0.775061
vt -0.557979 0.853995
vt -0.486517 0.853995
vt -0.486517 0.861249
vt -0.557979 0.861249
vt -0.557979 0.846955
vt -0.486517 0.846955
vt -0.557979 0.839702
vt -0.486517 0.839702
vt -0.557979 0.832448
vt -0.486517 0.832448
vt -0.557979 0.825409
vt -0.486517 0.825409
vt -0.557979 0.818155
vt -0.486517 0.818155
vt -0.557979 0.810901
vt -0.486517 0.810901
vt -0.419939 0.796608
vt -0.419939 0.803862
vt -0.419939 0.789355
vt -0.419939 0.782315
vt -0.419939 0.775061
vt -0.419939 0.853995
vt -0.419939 0.861249
vt -0.419939 0.846955
vt -0.419939 0.839702
vt -0.419939 0.832448
vt -0.419939 0.825409
vt -0.419939 0.818155
vt -0.419939 0.810901
vt -0.356833 0.796608
vt -0.356833 0.803862
vt -0.356833 0.789355
vt -0.356833 0.782315
vt -0.356833 0.775061
vt -0.356833 0.853995
vt -0.356833 0.861249
vt -0.356833 0.846955
vt -0.356833 0.839702
vt -0.356833 0.832448
vt -0.356833 0.825409
vt -0.356833 0.818155
vt -0.356833 0.810901
vt -0.296091 0.796608
vt -0.296091 0.803862
vt -0.296091 0.789355
vt -0.296091 0.782315
vt -0.296091 0.775061
vt -0.296091 0.853995
vt -0.296091 0.861249
vt -0.296091 0.846955
vt -0.296091 0.839702
vt -0.296091 0.832448
vt -0.296091 0.825409
vt -0.296091 0.818155
vt -0.296091 0.810901
vt -0.236954 0.796608
vt -0.236954 0.803862
vt -0.236954 0.789355
vt -0.236954 0.782315
vt -0.236954 0.775061
vt -0.236954 0.853995
vt -0.236954 0.861249
vt -0.236954 0.846955
vt -0.236954 0.839702
vt -0.236954 0.832448
vt -0.236954 0.825409
vt -0.236954 0.818155
vt -0.236954 0.810901
vt -0.179010 0.796608
vt -0.179010 0.803862
vt -0.179010 0.789355
vt -0.179010 0.782315
vt -0.179010 0.775061
vt -0.179010 0.853995
vt -0.179010 0.861249
vt -0.179010 0.846955
vt -0.179010 0.839702
vt -0.179010 0.832448
vt -0.179010 0.825409
vt -0.179010 0.818155
vt -0.179010 0.810901
vt -0.122156 0.796608
vt -0.122156 0.803862
vt -0.122156 0.789355
vt -0.122156 0.782315
vt -0.122156 0.775061
vt -0.122156 0.853995
vt -0.122156 0.861249
vt -0.122156 0.846955
vt -0.122156 0.839702
vt -0.122156 0.832448
vt -0.122156 0.825409
vt -0.122156 0.818155
vt -0.122156 0.810901
vt -0.066542 0.796608
vt -0.066542 0.803862
vt -0.066542 0.789355
vt -0.066542 0.782315
vt -0.066542 0.775061
vt -0.066542 0.853995
vt -0.066542 0.861249
vt -0.066542 0.846955
vt -0.066542 0.839702
vt -0.066542 0.832448
vt -0.066542 0.825409
vt -0.066542 0.818155
vt -0.066542 0.810901
vt -0.012505 0.796608
vt -0.012505 0.803862
vt -0.012505 0.789355
vt -0.012505 0.782315
vt -0.012505 0.775061
vt -0.012505 0.853995
vt -0.012505 0.861249
vt -0.012505 0.846955
vt -0.012505 0.839702
vt -0.012505 0.832448
vt -0.012505 0.825409
vt -0.012505 0.818155
vt -0.012505 0.810901
vt 0.039488 0.796608
vt 0.039488 0.803862
vt 0.039488 0.789355
vt 0.039488 0.782315
vt 0.039488 0.775061
vt 0.039488 0.853995
vt 0.039488 0.861249
vt 0.039488 0.846955
vt 0.039488 0.839702
vt 0.039488 0.832448
vt 0.039488 0.825409
vt 0.039488 0.818155
vt 0.039488 0.810901
vt 0.088911 0.796608
vt 0.088911 0.803862
vt 0.088911 0.789355
vt 0.088911 0.782315
vt 0.088911 0.775061
vt 0.088911 0.853995
vt 0.088911 0.861249
vt 0.088911 0.846955
vt 0.088911 0.839702
vt 0.088911 0.832448
vt 0.088911 0.825409
vt 0.088911 0.818155
vt 0.088911 0.810901
vt 0.135244 0.796608
vt 0.135244 0.803862
vt 0.135244 0.789355
vt 0.135244 0.782315
vt 0.135244 0.775061
vt 0.135244 0.853995
vt 0.135244 0.861249
vt 0.135244 0.846955
vt 0.135244 0.839702
vt 0.135244 0.832448
vt 0.135244 0.825409
vt 0.135244 0.818155
vt 0.135244 0.810901
vt 0.178069 0.796608
vt 0.178069 0.803862
vt 0.178069 0.789355
vt 0.178069 0.782315
vt 0.178069 0.775061
vt 0.178069 0.853995
vt 0.178069 0.861249
vt 0.178069 0.846955
vt 0.178069 0.839702
vt 0.178069 0.832448
vt 0.178069 0.825409
vt 0.178069 0.818155
vt 0.178069 0.810901
vt 0.217212 0.796608
vt 0.217212 0.803862
vt 0.217212 0.789355
vt 0.217212 0.782315
vt 0.217212 0.775061
vt 0.217212 0.853995
vt 0.217212 0.861249
vt 0.217212 0.846955
vt 0.217212 0.839702
vt 0.217212 0.832448
vt 0.217212 0.825409
vt 0.217212 0.818155
vt 0.217212 0.810901
vt 0.252967 0.796608
vt 0.252967 0.803862
vt 0.252967 0.789355
vt 0.252967 0.782315
vt 0.252967 0.775061
vt 0.252967 0.853995
vt 0.252967 0.861249
vt 0.252967 0.846955
vt 0.252967 0.839702
vt 0.252967 0.832448
vt 0.252967 0.825409
vt 0.252967 0.818155
vt 0.252967 0.810901
vt 0.286424 0.796608
vt 0.286424 0.803862
vt 0.286424 0.789355
vt 0.286424 0.782315
vt 0.286424 0.775061
vt 0.286424 0.853995
vt 0.286424 0.861249
vt 0.286424 0.846955
vt 0.286424 0.839702
vt 0.286424 0.832448
vt 0.286424 0.825409
vt 0.286424 0.818155
vt 0.286424 0.810901
vt 0.319754 0.796608
vt 0.319754 0.803862
vt 0.319754 0.789355
vt 0.319754 0.782315
vt 0.319754 0.775061
vt 0.319754 0.853995
vt 0.319754 0.861249
vt 0.319754 0.846955
vt 0.319754 0.839702
vt 0.319754 0.832448
vt 0.319754 0.825409
vt 0.319754 0.818155
vt 0.319754 0.810901
vt 0.336994 0.796608
vt 0.336994 0.803862
vt 0.336994 0.789355
vt 0.336994 0.782315
vt 0.336994 0.775061
vt 0.336994 0.853995
vt 0.336994 0.861249
vt 0.336994 0.846955
vt 0.336994 0.839702
vt 0.336994 0.832448
vt 0.336994 0.825409
vt 0.336994 0.818155
vt 0.336994 0.810901
vt 0.358118 0.796608
vt 0.358118 0.803862
vt 0.358118 0.789355
vt 0.358118 0.782315
vt 0.358118 0.775061
vt 0.358118 0.853995
vt 0.358118 0.861249
vt 0.358118 0.846955
vt 0.358118 0.839702
vt 0.358118 0.832448
vt 0.358118 0.825409
vt 0.358118 0.818155
vt 0.358118 0.810901
vt 0.383643 0.796608
vt 0.383643 0.803862
vt 0.383643 0.789355
vt 0.383643 0.782315
vt 0.383643 0.775061
vt 0.383643 0.853995
vt 0.383643 0.861249
vt 0.383643 0.846955
vt 0.383643 0.839702
vt 0.383643 0.832448
vt 0.383643 0.825409
vt 0.383643 0.818155
vt 0.383643 0.810901
vt 0.413794 0.796608
vt 0.413794 0.803862
vt 0.413794 0.789355
vt 0.413794 0.782315
vt 0.413794 0.775061
vt 0.413794 0.853995
vt 0.413794 0.861249
vt 0.413794 0.846955
vt 0.413794 0.839702
vt 0.413794 0.832448
vt 0.413794 0.825409
vt 0.413794 0.818155
vt 0.413794 0.810901
vt 0.448793 0.796608
vt 0.448793 0.803862
vt 0.448793 0.789355
vt 0.448793 0.782315
vt 0.448793 0.775061
vt 0.448793 0.853995
vt 0.448793 0.861249
vt 0.448793 0.846955
vt 0.448793 0.839702
vt 0.448793 0.832448
vt 0.448793 0.825409
vt 0.448793 0.818155
vt 0.448793 0.810901
vt 0.488974 0.796608
vt 0.488974 0.803862
vt 0.488974 0.789355
vt 0.488974 0.782315
vt 0.488974 0.775061
vt 0.488974 0.853995
vt 0.488974 0.861249
vt 0.488974 0.846955
vt 0.488974 0.839702
vt 0.488974 0.832448
vt 0.488974 0.825409
vt 0.488974 0.818155
vt 0.488974 0.810901
vt 0.534833 0.796608
vt 0.534833 0.803862
vt 0.534833 0.789355
vt 0.534833 0.782315
vt 0.534833 0.775061
vt 0.534833 0.853995
vt 0.534833 0.861249
vt 0.534833 0.846955
vt 0.534833 0.839702
vt 0.534833 0.832448
vt 0.534833 0.825409
vt 0.534833 0.818155
vt 0.534833 0.810901
vt 0.587042 0.796608
vt 0.587042 0.803862
vt 0.587042 0.789355
vt 0.587042 0.782315
vt 0.587042 0.775061
vt 0.587042 0.853995
vt 0.587042 0.861249
vt 0.587042 0.846955
vt 0.587042 0.839702
vt 0.587042 0.832448
vt 0.587042 0.825409
vt 0.587042 0.818155
vt 0.587042 0.810901
vt 0.646434 0.796608
vt 0.646434 0.803862
vt 0.646434 0.789355
vt 0.646434 0.782315
vt 0.646434 0.775061
vt 0.646434 0.853995
vt 0.646434 0.861249
vt 0.646434 0.846955
vt 0.646434 0.839702
vt 0.646434 0.832448
vt 0.646434 0.825409
vt 0.646434 0.818155
vt 0.646434 0.810901
vt 0.713978 0.796608
vt 0.713978 0.803862
vt 0.713978 0.789355
vt 0.713978 0.782315
vt 0.713978 0.775061
vt 0.713978 0.853995
vt 0.713978 0.861249
vt 0.713978 0.846955
vt 0.713978 0.839702
vt 0.713978 0.832448
vt 0.713978 0.825409
vt 0.713978 0.818155
vt 0.713978 0.810901
vt 0.790756 0.796608
vt 0.790756 0.803862
vt 0.790756 0.789355
vt 0.790756 0.782315
vt 0.790756 0.775061
vt 0.790756 0.853995
vt 0.790756 0.861249
vt 0.790756 0.846955
vt 0.790756 0.839702
vt 0.790756 0.832448
vt 0.790756 0.825409
vt 0.790756 0.818155
vt 0.790756 0.810901
vt 0.877927 0.796608
vt 0.877927 0.803862
vt 0.877927 0.789355
vt 0.877927 0.782315
vt 0.877927 0.775061
vt 0.877927 0.853995
vt 0.877927 0.861249
vt 0.877927 0.846955
vt 0.877927 0.839702
vt 0.877927 0.832448
vt 0.877927 0.825409
vt 0.877927 0.818155
vt 0.877927 0.810901
vt 0.976711 0.796608
vt 0.976711 0.803862
vt 0.976711 0.789355
vt 0.976711 0.782315
vt 0.976711 0.775061
vt 0.976711 0.853995
vt 0.976711 0.861249
vt 0.976711 0.846955
vt 0.976711 0.839702
vt 0.976711 0.832448
vt 0.976711 0.825409
vt 0.976711 0.818155
vt 0.976711 0.810901
vt 1.088363 0.796608
vt 1.088363 0.803862
vt 1.088363 0.789355
vt 1.088363 0.782315
vt 1.088363 0.775061
vt 1.088363 0.853995
vt 1.088363 0.861249
vt 1.088363 0.846955
vt 1.088363 0.839702
vt 1.088363 0.832448
vt 1.088363 0.825409
vt 1.088363 0.818155
vt 1.088363 0.810901
vt 1.214166 0.796608
vt 1.214166 0.803862
vt 1.214166 0.789355
vt 1.214166 0.782315
vt 1.214166 0.775061
vt 1.214166 0.853995
vt 1.214166 0.861249
vt 1.214166 0.846955
vt 1.214166 0.839702
vt 1.214166 0.832448
vt 1.214166 0.825409
vt 1.214166 0.818155
vt 1.214166 0.810901
vt 1.355415 0.796608
vt 1.355415 0.803862
vt 1.355415 0.789355
vt 1.355415 0.782315
vt 1.355415 0.775061
vt 1.355415 0.853995
vt 1.355415 0.861249
vt 1.355415 0.846955
vt 1.355415 0.839702
vt 1.355415 0.832448
vt 1.355415 0.825409
vt 1.355415 0.818155
vt 1.355415 0.810901
vt 1.513413 0.796608
vt 1.513413 0.803862
vt 1.513413 0.789355
vt 1.513413 0.782315
vt 1.513413 0.775061
vt 1.513413 0.853995
vt 1.513413 0.861249
vt 1.513413 0.846955
vt 1.513413 0.839702
vt 1.513413 0.832448
vt 1.513413 0.825409
vt 1.513413 0.818155
vt 1.513413 0.810901
vt -0.557453 0.814678
vt -0.557453 0.821708
vt -0.537514 0.821708
vt -0.537514 0.814678
vt -0.557453 0.807648
vt -0.537514 0.807648
vt -0.557453 0.800825
vt -0.537514 0.800825
vt -0.557453 0.793795
vt -0.537514 0.793795
vt -0.557453 0.786765
vt -0.537514 0.786765
vt -0.557453 0.863473
vt -0.557453 0.870295
vt -0.537514 0.870295
vt -0.537514 0.863473
vt -0.557453 0.856443
vt -0.537514 0.856443
vt -0.557453 0.849413
vt -0.537514 0.849413
vt -0.557453 0.842590
vt -0.537514 0.842590
vt -0.557453 0.835560
vt -0.537514 0.835560
vt -0.557453 0.828530
vt -0.537514 0.828530
vt -0.516258 0.821708
vt -0.516258 0.814678
vt -0.516258 0.807648
vt -0.516258 0.800825
vt -0.516258 0.793795
vt -0.516258 0.786765
vt -0.516258 0.870295
vt -0.516258 0.863473
vt -0.516258 0.856443
vt -0.516258 0.849413
vt -0.516258 0.842590
vt -0.516258 0.835560
vt -0.516258 0.828530
vt -0.493829 0.821708
vt -0.493829 0.814678
vt -0.493829 0.807648
vt -0.493829 0.800825
vt -0.493829 0.793795
vt -0.493829 0.786765
vt -0.493829 0.870295
vt -0.493829 0.863473
vt -0.493829 0.856443
vt -0.493829 0.849413
vt -0.493829 0.842590
vt -0.493829 0.835560
vt -0.493829 0.828530
vt -0.470433 0.821708
vt -0.470433 0.814678
vt -0.470433 0.807648
vt -0.470433 0.800825
vt -0.470433 0.793795
vt -0.470433 0.786765
vt -0.470433 0.870295
vt -0.470433 0.863473
vt -0.470433 0.856443
vt -0.470433 0.849413
vt -0.470433 0.842590
vt -0.470433 0.835560
vt -0.470433 0.828530
vt -0.446305 0.821708
vt -0.446305 0.814678
vt -0.446305 0.807648
vt -0.446305 0.800825
vt -0.446305 0.793795
vt -0.446305 0.786765
vt -0.446305 0.870295
vt -0.446305 0.863473
vt -0.446305 0.856443
vt -0.446305 0.849413
vt -0.446305 0.842590
vt -0.446305 0.835560
vt -0.446305 0.828530
vt -0.421701 0.821708
vt -0.421701 0.814678
vt -0.421701 0.807648
vt -0.421701 0.800825
vt -0.421701 0.793795
vt -0.421701 0.786765
vt -0.421701 0.870295
vt -0.421701 0.863473
vt -0.421701 0.856443
vt -0.421701 0.849413
vt -0.421701 0.842590
vt -0.421701 0.835560
vt -0.421701 0.828530
vt -0.396880 0.821708
vt -0.396880 0.814678
vt -0.396880 0.807648
vt -0.396880 0.800825
vt -0.396880 0.793795
vt -0.396880 0.786765
vt -0.396880 0.870295
vt -0.396880 0.863473
vt -0.396880 0.856443
vt -0.396880 0.849413
vt -0.396880 0.842590
vt -0.396880 0.835560
vt -0.396880 0.828530
vt -0.372095 0.821708
vt -0.372095 0.814678
vt -0.372095 0.807648
vt -0.372095 0.800825
vt -0.372095 0.793795
vt -0.372095 0.786765
vt -0.372095 0.870295
vt -0.372095 0.863473
vt -0.372095 0.856443
vt -0.372095 0.849413
vt -0.372095 0.842590
vt -0.372095 0.835560
vt -0.372095 0.828530
vt -0.347580 0.821708
vt -0.347580 0.814678
vt -0.347580 0.807648
vt -0.347580 0.800825
vt -0.347580 0.793795
vt -0.347580 0.786765
vt -0.347580 0.870295
vt -0.347580 0.863473
vt -0.347580 0.856443
vt -0.347580 0.849413
vt -0.347580 0.842590
vt -0.347580 0.835560
vt -0.347580 0.828530
vt -0.323540 0.821708
vt -0.323540 0.814678
vt -0.323540 0.807648
vt -0.323540 0.800825
vt -0.323540 0.793795
vt -0.323540 0.786765
vt -0.323540 0.870295
vt -0.323540 0.863473
vt -0.323540 0.856443
vt -0.323540 0.849413
vt -0.323540 0.842590
vt -0.323540 0.835560
vt -0.323540 0.828530
vt -0.300133 0.821708
vt -0.300133 0.814678
vt -0.300133 0.807648
vt -0.300133 0.800825
vt -0.300133 0.793795
vt -0.300133 0.786765
vt -0.300133 0.870295
vt -0.300133 0.863473
vt -0.300133 0.856443
vt -0.300133 0.849413
vt -0.300133 0.842590
vt -0.300133 0.835560
vt -0.300133 0.828530
vt -0.277447 0.821708
vt -0.277447 0.814678
vt -0.277447 0.807648
vt -0.277447 0.800825
vt -0.277447 0.793795
vt -0.277447 0.786765
vt -0.277447 0.870295
vt -0.277447 0.863473
vt -0.277447 0.856443
vt -0.277447 0.849413
vt -0.277447 0.842590
vt -0.277447 0.835560
vt -0.277447 0.828530
vt -0.255474 0.821708
vt -0.255474 0.814678
vt -0.255474 0.807648
vt -0.255474 0.800825
vt -0.255474 0.793795
vt -0.255474 0.786765
vt -0.255474 0.870295
vt -0.255474 0.863473
vt -0.255474 0.856443
vt -0.255474 0.849413
vt -0.255474 0.842590
vt -0.255474 0.835560
vt -0.255474 0.828530
vt -0.234076 0.821708
vt -0.234076 0.814678
vt -0.234076 0.807648
vt -0.234076 0.800825
vt -0.234076 0.793795
vt -0.234076 0.786765
vt -0.234076 0.870295
vt -0.234076 0.863473
vt -0.234076 0.856443
vt -0.234076 0.849413
vt -0.234076 0.842590
vt -0.234076 0.835560
vt -0.234076 0.828530
vt -0.212945 0.821708
vt -0.212945 0.814678
vt -0.212945 0.807648
vt -0.212945 0.800825
vt -0.212945 0.793795
vt -0.212945 0.786765
vt -0.212945 0.870295
vt -0.212945 0.863473
vt -0.212945 0.856443
vt -0.212945 0.849413
vt -0.212945 0.842590
vt -0.212945 0.835560
vt -0.212945 0.828530
vt -0.191589 0.821708
vt -0.191589 0.814678
vt -0.191589 0.807648
vt -0.191589 0.800825
vt -0.191589 0.793795
vt -0.191589 0.786765
vt -0.191589 0.870295
vt -0.191589 0.863473
vt -0.191589 0.856443
vt -0.191589 0.849413
vt -0.191589 0.842590
vt -0.191589 0.835560
vt -0.191589 0.828530
vt -0.169343 0.821708
vt -0.169343 0.814678
vt -0.169343 0.807648
vt -0.169343 0.800825
vt -0.169343 0.793795
vt -0.169343 0.786765
vt -0.169343 0.870295
vt -0.169343 0.863473
vt -0.169343 0.856443
vt -0.169343 0.849413
vt -0.169343 0.842590
vt -0.169343 0.835560
vt -0.169343 0.828530
vt -0.140549 0.821708
vt -0.140549 0.814678
vt -0.140549 0.807648
vt -0.140549 0.800825
vt -0.140549 0.793795
vt -0.140549 0.786765
vt -0.140549 0.870295
vt -0.140549 0.863473
vt -0.140549 0.856443
vt -0.140549 0.849413
vt -0.140549 0.842590
vt -0.140549 0.835560
vt -0.140549 0.828530
vt -0.109144 0.821708
vt -0.109144 0.814678
vt -0.109144 0.807648
vt -0.109144 0.800825
vt -0.109144 0.793795
vt -0.109144 0.786765
vt -0.109144 0.870295
vt -0.109144 0.863473
vt -0.109144 0.856443
vt -0.109144 0.849413
vt -0.109144 0.842590
vt -0.109144 0.835560
vt -0.109144 0.828530
vt -0.075303 0.821708
vt -0.075303 0.814678
vt -0.075303 0.807648
vt -0.075303 0.800825
vt -0.075303 0.793795
vt -0.075303 0.786765
vt -0.075303 0.870295
vt -0.075303 0.863473
vt -0.075303 0.856443
vt -0.075303 0.849413
vt -0.075303 0.842590
vt -0.075303 0.835560
vt -0.075303 0.828530
vt -0.039535 0.821708
vt -0.039535 0.814678
vt -0.039535 0.807648
vt -0.039535 0.800825
vt -0.039535 0.793795
vt -0.039535 0.786765
vt -0.039535 0.870295
vt -0.039535 0.863473
vt -0.039535 0.856443
vt -0.039535 0.849413
vt -0.039535 0.842590
vt -0.039535 0.835560
vt -0.039535 0.828530
vt -0.002394 0.821708
vt -0.002394 0.814678
vt -0.002394 0.807648
vt -0.002394 0.800825
vt -0.002394 0.793795
vt -0.002394 0.786765
vt -0.002394 0.870295
vt -0.002394 0.863473
vt -0.002394 0.856443
vt -0.002394 0.849413
vt -0.002394 0.842590
vt -0.002394 0.835560
vt -0.002394 0.828530
vt 0.035745 0.821708
vt 0.035745 0.814678
vt 0.035745 0.807648
vt 0.035745 0.800825
vt 0.035745 0.793795
vt 0.035745 0.786765
vt 0.035745 0.870295
vt 0.035745 0.863473
vt 0.035745 0.856443
vt 0.035745 0.849413
vt 0.035745 0.842590
vt 0.035745 0.835560
vt 0.035745 0.828530
vt 0.074882 0.821708
vt 0.074882 0.814678
vt 0.074882 0.807648
vt 0.074882 0.800825
vt 0.074882 0.793795
vt 0.074882 0.786765
vt 0.074882 0.870295
vt 0.074882 0.863473
vt 0.074882 0.856443
vt 0.074882 0.849413
vt 0.074882 0.842590
vt 0.074882 0.835560
vt 0.074882 0.828530
vt 0.115571 0.821708
vt 0.115571 0.814678
vt 0.115571 0.807648
vt 0.115571 0.800825
vt 0.115571 0.793795
vt 0.115571 0.786765
vt 0.115571 0.870295
vt 0.115571 0.863473
vt 0.115571 0.856443
vt 0.115571 0.849413
vt 0.115571 0.842590
vt 0.115571 0.835560
vt 0.115571 0.828530
vt 0.159033 0.821708
vt 0.159033 0.814678
vt 0.159033 0.807648
vt 0.159033 0.800825
vt 0.159033 0.793795
vt 0.159033 0.786765
vt 0.159033 0.870295
vt 0.159033 0.863473
vt 0.159033 0.856443
vt 0.159033 0.849413
vt 0.159033 0.842590
vt 0.159033 0.835560
vt 0.159033 0.828530
vt 0.207120 0.821708
vt 0.207120 0.814678
vt 0.207120 0.807648
vt 0.207120 0.800825
vt 0.207120 0.793795
vt 0.207120 0.786765
vt 0.207120 0.870295
vt 0.207120 0.863473
vt 0.207120 0.856443
vt 0.207120 0.849413
vt 0.207120 0.842590
vt 0.207120 0.835560
vt 0.207120 0.828530
vt 0.262115 0.821708
vt 0.262115 0.814678
vt 0.262115 0.807648
vt 0.262115 0.800825
vt 0.262115 0.793795
vt 0.262115 0.786765
vt 0.262115 0.870295
vt 0.262115 0.863473
vt 0.262115 0.856443
vt 0.262115 0.849413
vt 0.262115 0.842590
vt 0.262115 0.835560
vt 0.262115 0.828530
vt 0.326470 0.821708
vt 0.326470 0.814678
vt 0.326470 0.807648
vt 0.326470 0.800825
vt 0.326470 0.793795
vt 0.326470 0.786765
vt 0.326470 0.870295
vt 0.326470 0.863473
vt 0.326470 0.856443
vt 0.326470 0.849413
vt 0.326470 0.842590
vt 0.326470 0.835560
vt 0.326470 0.828530
vt 0.402616 0.821708
vt 0.402616 0.814678
vt 0.402616 0.807648
vt 0.402616 0.800825
vt 0.402616 0.793795
vt 0.402616 0.786765
vt 0.402616 0.870295
vt 0.402616 0.863473
vt 0.402616 0.856443
vt 0.402616 0.849413
vt 0.402616 0.842590
vt 0.402616 0.835560
vt 0.402616 0.828530
vt 0.492874 0.821708
vt 0.492874 0.814678
vt 0.492874 0.807648
vt 0.492874 0.800825
vt 0.492874 0.793795
vt 0.492874 0.786765
vt 0.492874 0.870295
vt 0.492874 0.863473
vt 0.492874 0.856443
vt 0.492874 0.849413
vt 0.492874 0.842590
vt 0.492874 0.835560
vt 0.492874 0.828530
vt 0.599443 0.821708
vt 0.599443 0.814678
vt 0.599443 0.807648
vt 0.599443 0.800825
vt 0.599443 0.793795
vt 0.599443 0.786765
vt 0.599443 0.870295
vt 0.599443 0.863473
vt 0.599443 0.856443
vt 0.599443 0.849413
vt 0.599443 0.842590
vt 0.599443 0.835560
vt 0.599443 0.828530
vt 0.724412 0.821708
vt 0.724412 0.814678
vt 0.724412 0.807648
vt 0.724412 0.800825
vt 0.724412 0.793795
vt 0.724412 0.786765
vt 0.724412 0.870295
vt 0.724412 0.863473
vt 0.724412 0.856443
vt 0.724412 0.849413
vt 0.724412 0.842590
vt 0.724412 0.835560
vt 0.724412 0.828530
vt 0.869787 0.821708
vt 0.869787 0.814678
vt 0.869787 0.807648
vt 0.869787 0.800825
vt 0.869787 0.793795
vt 0.869787 0.786765
vt 0.869787 0.870295
vt 0.869787 0.863473
vt 0.869787 0.856443
vt 0.869787 0.849413
vt 0.869787 0.842590
vt 0.869787 0.835560
vt 0.869787 0.828530
vt -0.558524 0.789848
vt -0.558524 0.796701
vt -0.491521 0.796701
vt -0.491521 0.789848
vt -0.558524 0.782995
vt -0.491521 0.782995
vt -0.558524 0.776343
vt -0.491521 0.776343
vt -0.558524 0.850922
vt -0.558524 0.857776
vt -0.491521 0.857776
vt -0.491521 0.850922
vt -0.558524 0.844069
vt -0.491521 0.844069
vt -0.558524 0.837417
vt -0.491521 0.837417
vt -0.558524 0.830564
vt -0.491521 0.830564
vt -0.558524 0.823711
vt -0.491521 0.823711
vt -0.558524 0.817059
vt -0.491521 0.817059
vt -0.558524 0.810206
vt -0.491521 0.810206
vt -0.558524 0.803353
vt -0.491521 0.803353
vt -0.430682 0.796701
vt -0.430682 0.789848
vt -0.430682 0.782995
vt -0.430682 0.776343
vt -0.430682 0.857776
vt -0.430682 0.850922
vt -0.430682 0.844069
vt -0.430682 0.837417
vt -0.430682 0.830564
vt -0.430682 0.823711
vt -0.430682 0.817059
vt -0.430682 0.810206
vt -0.430682 0.803353
vt -0.374993 0.796701
vt -0.374993 0.789848
vt -0.374993 0.782995
vt -0.374993 0.776343
vt -0.374993 0.857776
vt -0.374993 0.850922
vt -0.374993 0.844069
vt -0.374993 0.837417
vt -0.374993 0.830564
vt -0.374993 0.823711
vt -0.374993 0.817059
vt -0.374993 0.810206
vt -0.374993 0.803353
vt -0.323544 0.796701
vt -0.323544 0.789848
vt -0.323544 0.782995
vt -0.323544 0.776343
vt -0.323544 0.857776
vt -0.323544 0.850922
vt -0.323544 0.844069
vt -0.323544 0.837417
vt -0.323544 0.830564
vt -0.323544 0.823711
vt -0.323544 0.817059
vt -0.323544 0.810206
vt -0.323544 0.803353
vt -0.275573 0.796701
vt -0.275573 0.789848
vt -0.275573 0.782995
vt -0.275573 0.776343
vt -0.275573 0.857776
vt -0.275573 0.850922
vt -0.275573 0.844069
vt -0.275573 0.837417
vt -0.275573 0.830564
vt -0.275573 0.823711
vt -0.275573 0.817059
vt -0.275573 0.810206
vt -0.275573 0.803353
vt -0.230484 0.796701
vt -0.230484 0.789848
vt -0.230484 0.782995
vt -0.230484 0.776343
vt -0.230484 0.857776
vt -0.230484 0.850922
vt -0.230484 0.844069
vt -0.230484 0.837417
vt -0.230484 0.830564
vt -0.230484 0.823711
vt -0.230484 0.817059
vt -0.230484 0.810206
vt -0.230484 0.803353
vt -0.187857 0.796701
vt -0.187857 0.789848
vt -0.187857 0.782995
vt -0.187857 0.776343
vt -0.187857 0.857776
vt -0.187857 0.850922
vt -0.187857 0.844069
vt -0.187857 0.837417
vt -0.187857 0.830564
vt -0.187857 0.823711
vt -0.187857 0.817059
vt -0.187857 0.810206
vt -0.187857 0.803353
vt -0.147439 0.796701
vt -0.147439 0.789848
vt -0.147439 0.782995
vt -0.147439 0.776343
vt -0.147439 0.857776
vt -0.147439 0.850922
vt -0.147439 0.844069
vt -0.147439 0.837417
vt -0.147439 0.830564
vt -0.147439 0.823711
vt -0.147439 0.817059
vt -0.147439 0.810206
vt -0.147439 0.803353
vt -0.109109 0.796701
vt -0.109109 0.789848
vt -0.109109 0.782995
vt -0.109109 0.776343
vt -0.109109 0.857776
vt -0.109109 0.850922
vt -0.109109 0.844069
vt -0.109109 0.837417
vt -0.109109 0.830564
vt -0.109109 0.823711
vt -0.109109 0.817059
vt -0.109109 0.810206
vt -0.109109 0.803353
vt -0.072841 0.796701
vt -0.072841 0.789848
vt -0.072841 0.782995
vt -0.072841 0.776343
vt -0.072841 0.857776
vt -0.072841 0.850922
vt -0.072841 0.844069
vt -0.072841 0.837417
vt -0.072841 0.830564
vt -0.072841 0.823711
vt -0.072841 0.817059
vt -0.072841 0.810206
vt -0.072841 0.803353
vt -0.038633 0.796701
vt -0.038633 0.789848
vt -0.038633 0.782995
vt -0.038633 0.776343
vt -0.038633 0.857776
vt -0.038633 0.850922
vt -0.038633 0.844069
vt -0.038633 0.837417
vt -0.038633 0.830564
vt -0.038633 0.823711
vt -0.038633 0.817059
vt -0.038633 0.810206
vt -0.038633 0.803353
vt -0.006430 0.796701
vt -0.006430 0.789848
vt -0.006430 0.782995
vt -0.006430 0.776343
vt -0.006430 0.857776
vt -0.006430 0.850922
vt -0.006430 0.844069
vt -0.006430 0.837417
vt -0.006430 0.830564
vt -0.006430 0.823711
vt -0.006430 0.817059
vt -0.006430 0.810206
vt -0.006430 0.803353
vt 0.023987 0.796701
vt 0.023987 0.789848
vt 0.023987 0.782995
vt 0.023987 0.776343
vt 0.023987 0.857776
vt 0.023987 0.850922
vt 0.023987 0.844069
vt 0.023987 0.837417
vt 0.023987 0.830564
vt 0.023987 0.823711
vt 0.023987 0.817059
vt 0.023987 0.810206
vt 0.023987 0.803353
vt 0.053138 0.796701
vt 0.053138 0.789848
vt 0.053138 0.782995
vt 0.053138 0.776343
vt 0.053138 0.857776
vt 0.053138 0.850922
vt 0.053138 0.844069
vt 0.053138 0.837417
vt 0.053138 0.830564
vt 0.053138 0.823711
vt 0.053138 0.817059
vt 0.053138 0.810206
vt 0.053138 0.803353
vt 0.081978 0.796701
vt 0.081978 0.789848
vt 0.081978 0.782995
vt 0.081978 0.776343
vt 0.081978 0.857776
vt 0.081978 0.850922
vt 0.081978 0.844069
vt 0.081978 0.837417
vt 0.081978 0.830564
vt 0.081978 0.823711
vt 0.081978 0.817059
vt 0.081978 0.810206
vt 0.081978 0.803353
vt 0.111935 0.796701
vt 0.111935 0.789848
vt 0.111935 0.782995
vt 0.111935 0.776343
vt 0.111935 0.857776
vt 0.111935 0.850922
vt 0.111935 0.844069
vt 0.111935 0.837417
vt 0.111935 0.830564
vt 0.111935 0.823711
vt 0.111935 0.817059
vt 0.111935 0.810206
vt 0.111935 0.803353
vt 0.144791 0.796701
vt 0.144791 0.789848
vt 0.144791 0.782995
vt 0.144791 0.776343
vt 0.144791 0.857776
vt 0.144791 0.850922
vt 0.144791 0.844069
vt 0.144791 0.837417
vt 0.144791 0.830564
vt 0.144791 0.823711
vt 0.144791 0.817059
vt 0.144791 0.810206
vt 0.144791 0.803353
vt 0.162233 0.796701
vt 0.162233 0.789848
vt 0.162233 0.782995
vt 0.162233 0.776343
vt 0.162233 0.857776
vt 0.162233 0.850922
vt 0.162233 0.844069
vt 0.162233 0.837417
vt 0.162233 0.830564
vt 0.162233 0.823711
vt 0.162233 0.817059
vt 0.162233 0.810206
vt 0.162233 0.803353
vt 0.182473 0.796701
vt 0.182473 0.789848
vt 0.182473 0.782995
vt 0.182473 0.776343
vt 0.182473 0.857776
vt 0.182473 0.850922
vt 0.182473 0.844069
vt 0.182473 0.837417
vt 0.182473 0.830564
vt 0.182473 0.823711
vt 0.182473 0.817059
vt 0.182473 0.810206
vt 0.182473 0.803353
vt 0.205202 0.796701
vt 0.205202 0.789848
vt 0.205202 0.782995
vt 0.205202 0.776343
vt 0.205202 0.857776
vt 0.205202 0.850922
vt 0.205202 0.844069
vt 0.205202 0.837417
vt 0.205202 0.830564
vt 0.205202 0.823711
vt 0.205202 0.817059
vt 0.205202 0.810206
vt 0.205202 0.803353
vt 0.230129 0.796701
vt 0.230129 0.789848
vt 0.230129 0.782995
vt 0.230129 0.776343
vt 0.230129 0.857776
vt 0.230129 0.850922
vt 0.230129 0.844069
vt 0.230129 0.837417
vt 0.230129 0.830564
vt 0.230129 0.823711
vt 0.230129 0.817059
vt 0.230129 0.810206
vt 0.230129 0.803353
vt 0.257182 0.796701
vt 0.257182 0.789848
vt 0.257182 0.782995
vt 0.257182 0.776343
vt 0.257182 0.857776
vt 0.257182 0.850922
vt 0.257182 0.844069
vt 0.257182 0.837417
vt 0.257182 0.830564
vt 0.257182 0.823711
vt 0.257182 0.817059
vt 0.257182 0.810206
vt 0.257182 0.803353
vt 0.286652 0.796701
vt 0.286652 0.789848
vt 0.286652 0.782995
vt 0.286652 0.776343
vt 0.286652 0.857776
vt 0.286652 0.850922
vt 0.286652 0.844069
vt 0.286652 0.837417
vt 0.286652 0.830564
vt 0.286652 0.823711
vt 0.286652 0.817059
vt 0.286652 0.810206
vt 0.286652 0.803353
vt 0.319259 0.796701
vt 0.319259 0.789848
vt 0.319259 0.782995
vt 0.319259 0.776343
vt 0.319259 0.857776
vt 0.319259 0.850922
vt 0.319259 0.844069
vt 0.319259 0.837417
vt 0.319259 0.830564
vt 0.319259 0.823711
vt 0.319259 0.817059
vt 0.319259 0.810206
vt 0.319259 0.803353
vt 0.356142 0.796701
vt 0.356142 0.789848
vt 0.356142 0.782995
vt 0.356142 0.776343
vt 0.356142 0.857776
vt 0.356142 0.850922
vt 0.356142 0.844069
vt 0.356142 0.837417
vt 0.356142 0.830564
vt 0.356142 0.823711
vt 0.356142 0.817059
vt 0.356142 0.810206
vt 0.356142 0.803353
vt 0.398759 0.796701
vt 0.398759 0.789848
vt 0.398759 0.782995
vt 0.398759 0.776343
vt 0.398759 0.857776
vt 0.398759 0.850922
vt 0.398759 0.844069
vt 0.398759 0.837417
vt 0.398759 0.830564
vt 0.398759 0.823711
vt 0.398759 0.817059
vt 0.398759 0.810206
vt 0.398759 0.803353
vt 0.448747 0.796701
vt 0.448747 0.789848
vt 0.448747 0.782995
vt 0.448747 0.776343
vt 0.448747 0.857776
vt 0.448747 0.850922
vt 0.448747 0.844069
vt 0.448747 0.837417
vt 0.448747 0.830564
vt 0.448747 0.823711
vt 0.448747 0.817059
vt 0.448747 0.810206
vt 0.448747 0.803353
vt 0.507813 0.796701
vt 0.507813 0.789848
vt 0.507813 0.782995
vt 0.507813 0.776343
vt 0.507813 0.857776
vt 0.507813 0.850922
vt 0.507813 0.844069
vt 0.507813 0.837417
vt 0.507813 0.830564
vt 0.507813 0.823711
vt 0.507813 0.817059
vt 0.507813 0.810206
vt 0.507813 0.803353
vt 0.577655 0.796701
vt 0.577655 0.789848
vt 0.577655 0.782995
vt 0.577655 0.776343
vt 0.577655 0.857776
vt 0.577655 0.850922
vt 0.577655 0.844069
vt 0.577655 0.837417
vt 0.577655 0.830564
vt 0.577655 0.823711
vt 0.577655 0.817059
vt 0.577655 0.810206
vt 0.577655 0.803353
vt 0.659942 0.796701
vt 0.659942 0.789848
vt 0.659942 0.782995
vt 0.659942 0.776343
vt 0.659942 0.857776
vt 0.659942 0.850922
vt 0.659942 0.844069
vt 0.659942 0.837417
vt 0.659942 0.830564
vt 0.659942 0.823711
vt 0.659942 0.817059
vt 0.659942 0.810206
vt 0.659942 0.803353
vt 0.756297 0.796701
vt 0.756297 0.789848
vt 0.756297 0.782995
vt 0.756297 0.776343
vt 0.756297 0.857776
vt 0.756297 0.850922
vt 0.756297 0.844069
vt 0.756297 0.837417
vt 0.756297 0.830564
vt 0.756297 0.823711
vt 0.756297 0.817059
vt 0.756297 0.810206
vt 0.756297 0.803353
vt 0.868306 0.796701
vt 0.868306 0.789848
vt 0.868306 0.782995
vt 0.868306 0.776343
vt 0.868306 0.857776
vt 0.868306 0.850922
vt 0.868306 0.844069
vt 0.868306 0.837417
vt 0.868306 0.830564
vt 0.868306 0.823711
vt 0.868306 0.817059
vt 0.868306 0.810206
vt 0.868306 0.803353
vt 0.997520 0.796701
vt 0.997520 0.789848
vt 0.997520 0.782995
vt 0.997520 0.776343
vt 0.997520 0.857776
vt 0.997520 0.850922
vt 0.997520 0.844069
vt 0.997520 0.837417
vt 0.997520 0.830564
vt 0.997520 0.823711
vt 0.997520 0.817059
vt 0.997520 0.810206
vt 0.997520 0.803353
vt 1.145467 0.796701
vt 1.145467 0.789848
vt 1.145467 0.782995
vt 1.145467 0.776343
vt 1.145467 0.857776
vt 1.145467 0.850922
vt 1.145467 0.844069
vt 1.145467 0.837417
vt 1.145467 0.830564
vt 1.145467 0.823711
vt 1.145467 0.817059
vt 1.145467 0.810206
vt 1.145467 0.803353
vt 0.931731 0.923325
vt 0.040208 0.947076
vt 0.662361 0.099242
vt 0.946527 0.349539
vt 0.951239 0.921301
vt 0.929654 0.949763
vt 0.035651 0.909107
vt 0.043389 0.057267
vt 0.635534 0.065195
vt 0.969638 0.101837
vt 0.975104 0.296154
vt 0.009795 0.000000
vt 0.983240 0.000000
vt 0.983240 1.000000
vt 0.009795 1.000000
vt 0.931731 0.923325
vt 0.040208 0.947076
vt 0.662361 0.099242
vt 0.946527 0.349539
vt 0.951239 0.921301
vt 0.929654 0.949763
vt 0.035651 0.909107
vt 0.043389 0.057267
vt 0.635534 0.065195
vt 0.969638 0.101837
vt 0.975104 0.296154
vt 0.009795 0.000000
vt 0.983240 0.000000
vt 0.983240 1.000000
vt 0.009795 1.000000
vt 0.931731 0.923325
vt 0.662361 0.099242
vt 0.040208 0.947076
vt 0.946527 0.349539
vt 0.951239 0.921301
vt 0.929654 0.949763
vt 0.035651 0.909107
vt 0.635534 0.065195
vt 0.043389 0.057267
vt 0.969638 0.101837
vt 0.975104 0.296154
vt 0.009795 0.000000
vt 0.009795 1.000000
vt 0.983240 1.000000
vt 0.983240 0.000000
vn 0.9153 -0.0000 -0.4028
vn 0.6487 -0.0000 -0.7610
vn 0.0000 -1.0000 0.0000
vn 1.0000 -0.0000 0.0000
vn 0.9965 -0.0000 -0.0838
vn -0.9965 0.0000 -0.0838
vn -1.0000 0.0000 -0.0000
vn 0.0000 -0.0000 1.0000
vn -0.9153 0.0000 -0.4028
vn 0.7401 -0.0000 0.6725
vn 0.0000 -0.7071 0.7071
vn 0.0000 0.1106 0.9939
vn 0.0000 0.3388 0.9408
vn -0.2484 0.0000 -0.9686
vn 0.2484 0.0000 -0.9686
vn -0.7401 0.0000 0.6725
vn 0.0000 1.0000 0.0000
vn 0.0000 -0.7155 0.6986
vn 0.0000 0.0000 -1.0000
vn -0.6487 0.0000 -0.7610
vn -0.9192 -0.0116 -0.3937
vn -0.9229 -0.0233 -0.3844
vn 0.0000 -0.0789 0.9969
vn 0.9192 -0.0116 -0.3937
vn 0.9961 -0.0156 -0.0863
vn 0.9985 -0.0183 -0.0520
vn 0.9229 -0.0233 -0.3844
vn -0.9961 -0.0156 -0.0863
vn -0.9985 -0.0183 -0.0520
vn 0.0000 -0.6491 0.7607
vn 0.0000 -0.4882 0.8727
vn 0.0000 -0.2719 0.9623
vn -0.5974 -0.0788 0.7981
vn -0.5149 -0.2009 0.8334
vn -0.4420 -0.1281 0.8878
vn -0.5110 0.0030 0.8596
vn 0.5148 -0.2009 0.8334
vn 0.5974 -0.0788 0.7981
vn 0.5110 0.0030 0.8596
vn 0.4420 -0.1281 0.8878
vn 0.5974 -0.7981 0.0788
vn 0.5148 -0.8334 0.2009
vn 0.4420 -0.8878 0.1281
vn 0.5110 -0.8596 -0.0030
vn -0.7933 -0.3845 0.4720
vn -0.7933 -0.4720 0.3845
vn -0.6963 -0.5377 0.4753
vn -0.6963 -0.4753 0.5377
vn -0.0813 -0.9132 -0.3994
vn 0.0813 -0.9132 -0.3994
vn 0.0638 -0.9557 -0.2873
vn -0.0638 -0.9557 -0.2873
vn 0.0000 0.7071 -0.7071
vn 0.0638 0.2873 0.9557
vn -0.0638 0.2873 0.9557
vn -0.0362 0.1800 0.9830
vn 0.0362 0.1800 0.9830
vn -0.5148 -0.8334 0.2009
vn -0.5974 -0.7981 0.0788
vn -0.5110 -0.8596 -0.0030
vn -0.4420 -0.8878 0.1281
vn 0.0362 -0.9830 -0.1800
vn -0.0362 -0.9830 -0.1800
vn -0.6622 0.0387 0.7483
vn -0.5645 0.1266 0.8156
vn 0.7933 -0.4720 0.3845
vn 0.7933 -0.3845 0.4720
vn 0.6963 -0.4753 0.5378
vn 0.6963 -0.5378 0.4753
vn 0.0813 0.3994 0.9132
vn -0.0813 0.3994 0.9132
vn 0.8699 -0.3982 0.2911
vn 0.8699 -0.2911 0.3982
vn 0.6622 0.0387 0.7483
vn 0.5645 0.1266 0.8156
vn 0.6622 -0.7483 -0.0387
vn 0.5645 -0.8156 -0.1266
vn -0.8699 -0.2911 0.3982
vn -0.8699 -0.3982 0.2911
vn 0.6531 -0.6445 0.3975
vn 0.7528 -0.5896 0.2929
vn 0.5845 -0.7563 0.2938
vn 0.6794 -0.7118 0.1781
vn 0.2462 -0.9140 -0.3225
vn 0.2129 -0.9554 -0.2047
vn 0.4265 -0.8772 -0.2205
vn 0.3813 -0.9191 -0.0990
vn -0.8284 -0.5265 0.1912
vn -0.7528 -0.5896 0.2929
vn -0.7514 -0.6563 0.0689
vn -0.6794 -0.7118 0.1781
vn -0.6622 -0.7483 -0.0387
vn -0.1677 -0.9821 -0.0861
vn -0.2129 -0.9554 -0.2047
vn -0.3223 -0.9461 0.0311
vn -0.3813 -0.9191 -0.0990
vn -0.6531 -0.3975 0.6445
vn -0.7528 -0.2929 0.5896
vn -0.5845 -0.2938 0.7563
vn -0.6794 -0.1781 0.7118
vn -0.2461 0.3225 0.9140
vn -0.2129 0.2047 0.9554
vn -0.4265 0.2205 0.8772
vn -0.3813 0.0990 0.9191
vn 0.8284 -0.1912 0.5265
vn 0.7528 -0.2929 0.5896
vn 0.7514 -0.0689 0.6563
vn 0.6794 -0.1781 0.7118
vn 0.1677 0.0861 0.9821
vn 0.2129 0.2047 0.9554
vn 0.3223 -0.0311 0.9461
vn 0.3813 0.0990 0.9191
vn 0.8284 -0.5265 0.1912
vn 0.7514 -0.6563 0.0689
vn 0.1677 -0.9821 -0.0861
vn 0.3223 -0.9461 0.0311
vn -0.6531 -0.6445 0.3975
vn -0.5845 -0.7563 0.2938
vn -0.2461 -0.9140 -0.3225
vn -0.4265 -0.8772 -0.2205
vn -0.5645 -0.8156 -0.1266
vn -0.8284 -0.1912 0.5265
vn -0.7514 -0.0689 0.6563
vn -0.1677 0.0861 0.9821
vn -0.3223 -0.0311 0.9461
vn 0.6531 -0.3975 0.6445
vn 0.5845 -0.2938 0.7563
vn 0.2461 0.3225 0.9140
vn 0.4265 0.2205 0.8772
vn 0.7893 -0.0000 -0.6141
vn -0.1340 0.0000 -0.9910
vn -0.7893 0.0000 -0.6141
vn 0.1340 0.0000 -0.9910
vn 0.7282 0.1823 0.6607
vn 0.7213 0.0342 0.6918
vn 0.7966 0.0187 0.6042
vn 0.8131 0.1617 0.5592
vn 0.7204 -0.6926 -0.0377
vn 0.7271 -0.6609 -0.1857
vn 0.8122 -0.5596 -0.1649
vn 0.7958 -0.6052 -0.0220
vn -0.1888 -0.9738 0.1271
vn -0.0851 -0.9677 0.2374
vn -0.1716 -0.9356 0.3085
vn -0.2862 -0.9348 0.2103
vn 0.3198 0.1924 0.9277
vn 0.2085 0.1544 0.9658
vn 0.2725 0.0207 0.9619
vn 0.3520 0.0479 0.9348
vn -0.6776 -0.4599 0.5738
vn -0.6778 -0.5747 0.4587
vn -0.5860 -0.6170 0.5254
vn -0.5859 -0.5269 0.6157
vn -0.4350 0.6382 -0.6352
vn 0.9970 -0.0763 -0.0153
vn 0.9971 0.0137 0.0751
vn 0.9875 -0.0839 0.1334
vn 0.9874 -0.1350 0.0821
vn -0.0841 -0.2410 0.9669
vn -0.1877 -0.1305 0.9735
vn -0.2853 -0.2135 0.9344
vn -0.1708 -0.3118 0.9347
vn -0.4935 -0.6409 0.5880
vn -0.4935 -0.5897 0.6393
vn 0.7200 0.3182 0.6167
vn 0.8124 0.2924 0.5046
vn 0.2070 -0.9654 -0.1583
vn 0.3184 -0.9274 -0.1963
vn 0.3507 -0.9351 -0.0518
vn 0.2712 -0.9622 -0.0247
vn 0.9937 -0.0038 -0.1123
vn 0.9938 0.1110 0.0029
vn 0.1430 -0.9483 -0.2833
vn 0.2794 -0.9017 -0.3299
vn 0.7188 -0.6164 -0.3215
vn 0.8113 -0.5045 -0.2953
vn -0.2834 -0.9588 0.0208
vn -0.3885 -0.9143 0.1145
vn 0.2810 0.3261 0.9026
vn 0.1446 0.2796 0.9492
vn 0.1626 -0.9849 0.0590
vn 0.0818 -0.9940 -0.0724
vn 0.0279 -0.9870 0.1581
vn -0.0667 -0.9972 0.0345
vn -0.6056 -0.7095 0.3602
vn -0.5080 -0.7413 0.4387
vn -0.4974 -0.8361 0.2315
vn -0.3963 -0.8606 0.3197
vn 0.0080 0.1879 0.9822
vn 0.0832 0.0685 0.9942
vn -0.1503 0.0753 0.9858
vn -0.0655 -0.0382 0.9971
vn -0.2822 -0.0241 0.9590
vn -0.4044 -0.5183 0.7535
vn -0.5076 -0.4408 0.7403
vn -0.2818 -0.4125 0.8663
vn -0.3956 -0.3224 0.8600
vn 0.4784 0.0445 0.8770
vn 0.4610 0.1976 0.8651
vn 0.6180 0.0393 0.7852
vn 0.6142 0.1939 0.7650
vn 0.9694 0.1757 0.1711
vn 0.9697 0.0638 0.2357
vn 0.9013 0.2434 0.3584
vn 0.9008 0.1204 0.4171
vn 0.4335 -0.8356 -0.3374
vn 0.4596 -0.8650 -0.2014
vn 0.5964 -0.7298 -0.3343
vn 0.6129 -0.7650 -0.1976
vn 0.9555 -0.2903 0.0513
vn 0.9693 -0.2367 -0.0659
vn 0.8829 -0.4694 0.0116
vn 0.9001 -0.4178 -0.1231
vn 0.0065 -0.9815 -0.1916
vn -0.1517 -0.9853 -0.0788
vn -0.4047 -0.7550 0.5159
vn -0.2823 -0.8674 0.4097
vn 0.1638 -0.0630 0.9845
vn 0.0290 -0.1619 0.9864
vn -0.6052 -0.3621 0.7090
vn -0.4966 -0.2340 0.8358
vn -0.3875 -0.1174 0.9144
vn 0.4350 0.3337 0.8363
vn 0.5977 0.3308 0.7303
vn 0.9558 -0.0537 0.2889
vn 0.8835 -0.0145 0.4683
vn 0.4772 -0.8775 -0.0484
vn 0.6169 -0.7858 -0.0430
vn 0.9690 -0.1717 -0.1776
vn 0.9005 -0.3586 -0.2460
vn -0.7282 0.1823 0.6607
vn -0.8131 0.1617 0.5592
vn -0.7966 0.0187 0.6042
vn -0.7213 0.0342 0.6918
vn -0.7204 -0.6926 -0.0377
vn -0.7958 -0.6052 -0.0220
vn -0.8122 -0.5596 -0.1649
vn -0.7271 -0.6609 -0.1857
vn 0.1888 -0.9738 0.1271
vn 0.2862 -0.9348 0.2103
vn 0.1716 -0.9356 0.3085
vn 0.0851 -0.9677 0.2374
vn -0.3198 0.1924 0.9277
vn -0.3520 0.0479 0.9348
vn -0.2725 0.0207 0.9619
vn -0.2085 0.1544 0.9658
vn 0.6776 -0.4599 0.5738
vn 0.5859 -0.5269 0.6157
vn 0.5860 -0.6170 0.5254
vn 0.6778 -0.5747 0.4587
vn 0.4350 0.6382 -0.6352
vn -0.9970 -0.0763 -0.0153
vn -0.9874 -0.1350 0.0821
vn -0.9875 -0.0839 0.1334
vn -0.9971 0.0137 0.0751
vn 0.0841 -0.2410 0.9669
vn 0.1708 -0.3118 0.9347
vn 0.2853 -0.2135 0.9344
vn 0.1877 -0.1305 0.9735
vn 0.4935 -0.5897 0.6393
vn 0.4935 -0.6409 0.5880
vn -0.7200 0.3182 0.6167
vn -0.8124 0.2924 0.5046
vn -0.2070 -0.9654 -0.1583
vn -0.2712 -0.9622 -0.0247
vn -0.3507 -0.9351 -0.0518
vn -0.3184 -0.9274 -0.1963
vn -0.9937 -0.0038 -0.1123
vn -0.9938 0.1110 0.0029
vn -0.1430 -0.9483 -0.2833
vn -0.2794 -0.9017 -0.3299
vn -0.8113 -0.5045 -0.2953
vn -0.7188 -0.6164 -0.3215
vn 0.2834 -0.9588 0.0208
vn 0.3885 -0.9143 0.1145
vn -0.2810 0.3261 0.9026
vn -0.1446 0.2796 0.9492
vn -0.0818 -0.9940 -0.0724
vn -0.1626 -0.9849 0.0590
vn 0.0667 -0.9972 0.0345
vn -0.0279 -0.9870 0.1581
vn 0.5080 -0.7413 0.4387
vn 0.6056 -0.7095 0.3602
vn 0.3963 -0.8606 0.3197
vn 0.4974 -0.8361 0.2315
vn -0.0832 0.0685 0.9942
vn -0.0080 0.1879 0.9822
vn 0.0655 -0.0382 0.9971
vn 0.1503 0.0753 0.9858
vn 0.2822 -0.0241 0.9590
vn 0.5076 -0.4408 0.7403
vn 0.4044 -0.5183 0.7535
vn 0.3956 -0.3224 0.8600
vn 0.2818 -0.4125 0.8663
vn -0.4610 0.1976 0.8651
vn -0.4784 0.0445 0.8770
vn -0.6142 0.1939 0.7650
vn -0.6180 0.0393 0.7852
vn -0.9697 0.0638 0.2357
vn -0.9694 0.1757 0.1711
vn -0.9008 0.1204 0.4171
vn -0.9013 0.2434 0.3584
vn -0.4596 -0.8650 -0.2014
vn -0.4335 -0.8356 -0.3374
vn -0.6129 -0.7650 -0.1976
vn -0.5964 -0.7298 -0.3343
vn -0.9693 -0.2367 -0.0659
vn -0.9555 -0.2903 0.0513
vn -0.9001 -0.4178 -0.1231
vn -0.8829 -0.4695 0.0116
vn -0.0065 -0.9815 -0.1916
vn 0.1517 -0.9853 -0.0788
vn 0.4047 -0.7550 0.5159
vn 0.2823 -0.8674 0.4097
vn -0.1638 -0.0630 0.9845
vn -0.0290 -0.1619 0.9864
vn 0.6052 -0.3621 0.7090
vn 0.4966 -0.2340 0.8358
vn 0.3875 -0.1174 0.9144
vn -0.4350 0.3337 0.8363
vn -0.5977 0.3308 0.7303
vn -0.9558 -0.0537 0.2889
vn -0.8835 -0.0145 0.4683
vn -0.4772 -0.8775 -0.0484
vn -0.6169 -0.7858 -0.0430
vn -0.9690 -0.1717 -0.1776
vn -0.9005 -0.3586 -0.2460
vn -0.9810 -0.1366 0.1377
vn -0.3923 0.6478 -0.6531
vn -0.3924 0.6477 -0.6531
vn -0.3052 0.6706 -0.6761
vn 0.9635 0.1885 -0.1900
vn 0.3584 -0.6574 0.6628
vn 0.3611 -0.6567 0.6621
vn 0.5026 -0.6088 0.6138
vn -0.1188 -0.4445 -0.8879
vn -0.1229 -0.4321 -0.8934
vn -0.1180 -0.4467 -0.8869
vn -0.2148 0.9676 0.1330
vn -0.2599 0.9551 0.1421
vn -0.2209 0.9660 0.1343
vn -0.1768 0.9762 0.1253
vn -0.1137 -0.4596 -0.8808
vn 0.2077 -0.6889 0.6945
vn -0.4732 0.6204 -0.6255
vn 0.9810 -0.1366 0.1377
vn 0.3923 0.6478 -0.6531
vn 0.3052 0.6706 -0.6761
vn 0.3924 0.6477 -0.6531
vn -0.9635 0.1885 -0.1900
vn -0.3584 -0.6574 0.6628
vn -0.5026 -0.6088 0.6138
vn -0.3611 -0.6567 0.6621
vn 0.1188 -0.4445 -0.8879
vn 0.1180 -0.4467 -0.8869
vn 0.1229 -0.4321 -0.8934
vn 0.2148 0.9676 0.1330
vn 0.2209 0.9660 0.1343
vn 0.2599 0.9551 0.1421
vn 0.1768 0.9762 0.1253
vn 0.1137 -0.4596 -0.8808
vn -0.2077 -0.6889 0.6945
vn 0.4732 0.6204 -0.6255
vn 0.4350 -0.6382 0.6352
vn 0.4349 -0.6382 0.6352
vn -0.4350 -0.6382 0.6352
vn -0.4349 -0.6382 0.6352
vn -0.9994 0.0051 0.0343
vn -0.9991 0.0130 0.0403
vn -0.8559 -0.3591 0.3722
vn -0.8545 -0.3545 0.3797
vn -0.8739 0.3647 -0.3216
vn -0.8726 0.3827 -0.3035
vn -0.5133 0.6242 -0.5889
vn -0.5121 0.6478 -0.5640
vn -0.0108 0.7159 -0.6981
vn -0.0102 0.7392 -0.6735
vn 0.4943 0.6123 -0.6170
vn 0.4941 0.6294 -0.5998
vn 0.8623 0.3451 -0.3707
vn 0.8616 0.3518 -0.3658
vn 0.9996 -0.0158 -0.0237
vn 0.9992 -0.0213 -0.0326
vn 0.8687 -0.3709 0.3283
vn 0.8687 -0.3876 0.3085
vn 0.5105 -0.6250 0.5906
vn 0.5098 -0.6485 0.5653
vn 0.0156 -0.7155 0.6984
vn 0.0135 -0.7389 0.6737
vn -0.4842 -0.6164 0.6210
vn -0.4867 -0.6325 0.6025
vn -0.9985 0.0242 0.0499
vn -0.8577 -0.3674 0.3597
vn -0.8700 0.4100 -0.2738
vn -0.5093 0.6839 -0.5224
vn -0.0085 0.7751 -0.6318
vn 0.4944 0.6563 -0.5700
vn 0.8612 0.3627 -0.3561
vn 0.9985 -0.0296 -0.0455
vn 0.8675 -0.4133 0.2769
vn 0.5075 -0.6845 0.5234
vn 0.0101 -0.7750 0.6319
vn -0.4901 -0.6582 0.5715
vn -0.9982 0.0290 0.0534
vn -0.8592 -0.3731 0.3500
vn -0.8683 0.4238 -0.2578
vn -0.5073 0.7031 -0.4984
vn -0.0073 0.7951 -0.6065
vn 0.4946 0.6723 -0.5508
vn 0.8609 0.3708 -0.3483
vn 0.9982 -0.0320 -0.0511
vn 0.8668 -0.4258 0.2595
vn 0.5059 -0.7036 0.4990
vn 0.0076 -0.7950 0.6065
vn -0.4928 -0.6732 0.5514
vn -0.9983 0.0291 0.0513
vn -0.8605 -0.3773 0.3424
vn -0.8675 0.4278 -0.2537
vn -0.5064 0.7100 -0.4892
vn -0.0070 0.8036 -0.5951
vn 0.4944 0.6807 -0.5406
vn 0.8607 0.3769 -0.3422
vn 0.9983 -0.0300 -0.0507
vn 0.8669 -0.4287 0.2544
vn 0.5054 -0.7105 0.4897
vn 0.0062 -0.8036 0.5951
vn -0.4946 -0.6806 0.5405
vn -0.9987 0.0253 0.0442
vn -0.8615 -0.3803 0.3366
vn -0.8676 0.4239 -0.2600
vn -0.5066 0.7073 -0.4931
vn -0.0076 0.8032 -0.5957
vn 0.4937 0.6831 -0.5382
vn 0.8604 0.3817 -0.3376
vn 0.9987 -0.0243 -0.0449
vn 0.8677 -0.4238 0.2599
vn 0.5058 -0.7076 0.4934
vn 0.0057 -0.8031 0.5958
vn -0.4956 -0.6822 0.5376
vn -0.9993 0.0177 0.0323
vn -0.8623 -0.3824 0.3320
vn -0.8681 0.4128 -0.2758
vn -0.5073 0.6956 -0.5086
vn -0.0087 0.7945 -0.6071
vn 0.4926 0.6802 -0.5428
vn 0.8601 0.3855 -0.3343
vn 0.9993 -0.0150 -0.0345
vn 0.8688 -0.4118 0.2749
vn 0.5067 -0.6960 0.5088
vn 0.0059 -0.7945 0.6072
vn -0.4962 -0.6786 0.5416
vn -0.9999 0.0063 0.0161
vn -0.8629 -0.3839 0.3286
vn -0.8686 0.3943 -0.3003
vn -0.5081 0.6751 -0.5349
vn -0.0099 0.7778 -0.6284
vn 0.4915 0.6722 -0.5537
vn 0.8596 0.3884 -0.3321
vn 0.9998 -0.0020 -0.0196
vn 0.8700 -0.3924 0.2986
vn 0.5077 -0.6753 0.5349
vn 0.0061 -0.7778 0.6284
vn -0.4967 -0.6699 0.5519
vn -0.9999 -0.0095 -0.0044
vn -0.8635 -0.3848 0.3260
vn -0.8684 0.3675 -0.3329
vn -0.5082 0.6447 -0.5711
vn -0.0105 0.7522 -0.6589
vn 0.4906 0.6586 -0.5706
vn 0.8590 0.3905 -0.3311
vn 0.9999 0.0153 -0.0007
vn 0.8704 -0.3649 0.3305
vn 0.5079 -0.6449 0.5711
vn 0.0057 -0.7523 0.6588
vn -0.4974 -0.6558 0.5679
vn -0.9991 -0.0305 -0.0287
vn -0.8641 -0.3851 0.3242
vn -0.8667 0.3313 -0.3730
vn -0.5065 0.6030 -0.6163
vn -0.0097 0.7164 -0.6976
vn 0.4905 0.6387 -0.5928
vn 0.8584 0.3919 -0.3311
vn 0.9991 0.0375 0.0218
vn 0.8694 -0.3279 0.3696
vn 0.5064 -0.6032 0.6162
vn 0.0039 -0.7167 0.6974
vn -0.4990 -0.6355 0.5891
vn -0.9968 -0.0576 -0.0563
vn -0.8646 -0.3849 0.3229
vn -0.8623 0.2840 -0.4193
vn -0.5018 0.5482 -0.6691
vn -0.0062 0.6689 -0.7433
vn 0.4920 0.6116 -0.6196
vn 0.8578 0.3924 -0.3321
vn 0.9967 0.0656 0.0472
vn 0.8657 -0.2800 0.4149
vn 0.5019 -0.5484 0.6689
vn -0.0007 -0.6695 0.7428
vn -0.5022 -0.6083 0.6146
vn -0.9921 -0.0916 -0.0859
vn -0.8653 -0.3841 0.3222
vn -0.8539 0.2243 -0.4697
vn -0.4924 0.4786 -0.7270
vn 0.0015 0.6082 -0.7938
vn 0.4959 0.5762 -0.6496
vn 0.8573 0.3918 -0.3340
vn 0.9922 0.1002 0.0746
vn 0.8580 -0.2197 0.4643
vn 0.4926 -0.4788 0.7267
vn -0.0094 -0.6091 0.7930
vn -0.5078 -0.5732 0.6431
vn -0.9843 -0.1330 -0.1159
vn -0.8659 -0.3828 0.3219
vn -0.8400 0.1512 -0.5211
vn -0.4766 0.3934 -0.7862
vn 0.0148 0.5334 -0.8457
vn 0.5033 0.5321 -0.6809
vn 0.8572 0.3900 -0.3363
vn 0.9846 0.1416 0.1021
vn 0.8449 -0.1464 0.5146
vn 0.4769 -0.3935 0.7859
vn -0.0236 -0.5348 0.8446
vn -0.5165 -0.5298 0.6727
vn -0.9728 -0.1814 -0.1437
vn -0.8667 -0.3810 0.3220
vn -0.8196 0.0655 -0.5691
vn -0.4530 0.2932 -0.8419
vn 0.0351 0.4452 -0.8947
vn 0.5151 0.4795 -0.7105
vn 0.8576 0.3869 -0.3389
vn 0.9736 0.1894 0.1277
vn 0.8251 -0.0606 0.5617
vn 0.4535 -0.2932 0.8416
vn -0.0445 -0.4471 0.8934
vn -0.5291 -0.4785 0.7008
vn -0.9575 -0.2355 -0.1667
vn -0.8675 -0.3788 0.3225
vn -0.7923 -0.0301 -0.6093
vn -0.4213 0.1813 -0.8886
vn 0.0629 0.3464 -0.9360
vn 0.5315 0.4201 -0.7355
vn 0.8586 0.3826 -0.3412
vn 0.9588 0.2420 0.1491
vn 0.7983 0.0347 0.6012
vn 0.4219 -0.1811 0.8884
vn -0.0726 -0.3489 0.9344
vn -0.5458 -0.4207 0.7246
vn -0.9387 -0.2923 -0.1828
vn -0.8684 -0.3762 0.3231
vn -0.7590 -0.1311 -0.6378
vn -0.3822 0.0630 -0.9219
vn 0.0974 0.2418 -0.9654
vn 0.5524 0.3569 -0.7533
vn 0.8603 0.3775 -0.3427
vn 0.9406 0.2970 0.1645
vn 0.7652 0.1352 0.6294
vn 0.3828 -0.0627 0.9217
vn -0.1070 -0.2447 0.9637
vn -0.5661 -0.3593 0.7419
vn -0.9174 -0.3491 -0.1911
vn -0.8694 -0.3736 0.3233
vn -0.7213 -0.2317 -0.6527
vn -0.3377 -0.0546 -0.9397
vn 0.1376 0.1378 -0.9809
vn 0.5772 0.2938 -0.7619
vn 0.8628 0.3717 -0.3426
vn 0.9202 0.3510 0.1731
vn 0.7276 0.2350 0.6445
vn 0.3381 0.0554 0.9395
vn -0.1467 -0.1409 0.9791
vn -0.5897 -0.2982 0.7506
vn -0.8776 -0.4431 -0.1829
vn -0.8363 -0.4392 0.3281
vn -0.6872 -0.3299 -0.6472
vn -0.3158 -0.1306 -0.9398
vn 0.1446 0.1050 -0.9839
vn 0.5681 0.3127 -0.7612
vn 0.8364 0.4354 -0.3330
vn 0.8774 0.4403 0.1905
vn 0.6767 0.3239 0.6612
vn 0.2955 0.1203 0.9478
vn -0.1647 -0.1164 0.9794
vn -0.5778 -0.3207 0.7505
vn -0.7764 -0.6020 -0.1863
vn -0.7148 -0.6230 0.3178
vn -0.6362 -0.4243 -0.6444
vn -0.3287 -0.1352 -0.9347
vn 0.0736 0.1953 -0.9780
vn 0.4609 0.4755 -0.7493
vn 0.7185 0.6222 -0.3108
vn 0.7743 0.5945 0.2167
vn 0.6150 0.4021 0.6783
vn 0.2942 0.1050 0.9500
vn -0.1032 -0.2194 0.9702
vn -0.4709 -0.4844 0.7373
vn -0.6134 -0.7567 -0.2263
vn -0.5149 -0.8138 0.2693
vn -0.5523 -0.5016 -0.6658
vn -0.3462 -0.1140 -0.9312
vn -0.0436 0.3110 -0.9494
vn 0.2741 0.6541 -0.7050
vn 0.5152 0.8149 -0.2655
vn 0.6137 0.7486 0.2508
vn 0.5410 0.4751 0.6940
vn 0.3233 0.0780 0.9431
vn 0.0202 -0.3383 0.9408
vn -0.2855 -0.6625 0.6925
vn -0.4316 -0.8559 -0.2850
vn -0.3009 -0.9322 0.2014
vn -0.4501 -0.5554 -0.6993
vn -0.3506 -0.1087 -0.9302
vn -0.1556 0.3742 -0.9142
vn 0.0839 0.7583 -0.6464
vn 0.2999 0.9325 -0.2010
vn 0.4340 0.8483 0.3033
vn 0.4470 0.5294 0.7210
vn 0.3388 0.0722 0.9381
vn 0.1401 -0.4031 0.9044
vn -0.0937 -0.7684 0.6330
vn -0.2476 -0.9036 -0.3495
vn -0.0940 -0.9871 0.1298
vn -0.3370 -0.5832 -0.7391
vn -0.3380 -0.1098 -0.9347
vn -0.2486 0.3997 -0.8823
vn -0.0905 0.8040 -0.5877
vn 0.0924 0.9869 -0.1325
vn 0.2510 0.8974 0.3628
vn 0.3395 0.5599 0.7558
vn 0.3348 0.0753 0.9393
vn 0.2402 -0.4287 0.8709
vn 0.0830 -0.8154 0.5730
vn -0.0673 -0.9083 -0.4128
vn 0.0992 -0.9931 0.0625
vn -0.2167 -0.5853 -0.7813
vn -0.3092 -0.1093 -0.9447
vn -0.3204 0.4023 -0.8576
vn -0.2442 0.8083 -0.5357
vn -0.1013 0.9925 -0.0679
vn 0.0708 0.9036 0.4224
vn 0.2228 0.5650 0.7945
vn 0.3125 0.0774 0.9468
vn 0.3180 -0.4306 0.8446
vn 0.2392 -0.8205 0.5192
vn 0.1080 -0.8756 -0.4707
vn 0.2786 -0.9604 0.0034
vn -0.0913 -0.5613 -0.8225
vn -0.2664 -0.1007 -0.9586
vn -0.3728 0.3928 -0.8407
vn -0.3786 0.7834 -0.4930
vn -0.2810 0.9596 -0.0113
vn -0.1048 0.8723 0.4777
vn 0.0999 0.5436 0.8334
vn 0.2750 0.0713 0.9588
vn 0.3760 -0.4200 0.8260
vn 0.3762 -0.7958 0.4745
vn 0.2763 -0.8084 -0.5198
vn 0.4440 -0.8949 -0.0448
vn 0.0361 -0.5100 -0.8594
vn -0.2131 -0.0791 -0.9738
vn -0.4088 0.3784 -0.8305
vn -0.4951 0.7369 -0.4604
vn -0.4463 0.8942 0.0347
vn -0.2738 0.8060 0.5247
vn -0.0258 0.4947 0.8687
vn 0.2264 0.0525 0.9726
vn 0.4174 -0.4038 0.8141
vn 0.4957 -0.7489 0.4398
vn 0.4332 -0.7093 -0.5561
vn 0.5928 -0.8014 -0.0793
vn 0.1600 -0.4314 -0.8879
vn -0.1543 -0.0417 -0.9871
vn -0.4316 0.3641 -0.8253
vn -0.5942 0.6744 -0.4384
vn -0.5949 0.8010 0.0674
vn -0.4314 0.7077 0.5595
vn -0.1486 0.4185 0.8960
vn 0.1715 0.0185 0.9850
vn 0.4452 -0.3864 0.8077
vn 0.5979 -0.6850 0.4163
vn 0.5718 -0.5839 -0.5762
vn 0.7208 -0.6862 -0.0978
vn 0.2731 -0.3287 -0.9041
vn -0.0961 0.0116 -0.9953
vn -0.4443 0.3529 -0.8234
vn -0.6751 0.6014 -0.4273
vn -0.7223 0.6864 0.0847
vn -0.5708 0.5829 0.5783
vn -0.2612 0.3181 0.9114
vn 0.1161 -0.0306 0.9928
vn 0.4621 -0.3711 0.8055
vn 0.6818 -0.6097 0.4044
vn 0.6858 -0.4416 -0.5784
vn 0.8236 -0.5584 -0.0995
vn 0.3683 -0.2091 -0.9059
vn -0.0443 0.0773 -0.9960
vn -0.4502 0.3466 -0.8229
vn -0.7374 0.5241 -0.4261
vn -0.8244 0.5594 0.0860
vn -0.6854 0.4410 0.5794
vn -0.3567 0.2007 0.9124
vn 0.0657 -0.0918 0.9936
vn 0.4705 -0.3597 0.8058
vn 0.7463 -0.5293 0.4036
vn 0.7717 -0.2939 -0.5640
vn 0.8995 -0.4282 -0.0863
vn 0.4413 -0.0824 -0.8936
vn -0.0033 0.1499 -0.9887
vn -0.4521 0.3451 -0.8225
vn -0.7820 0.4484 -0.4330
vn -0.8998 0.4301 0.0732
vn -0.7717 0.2936 0.5642
vn -0.4304 0.0760 0.8994
vn 0.0245 -0.1601 0.9868
vn 0.4733 -0.3532 0.8070
vn 0.7921 -0.4503 0.4122
vn 0.8302 -0.1514 -0.5365
vn 0.9504 -0.3048 -0.0619
vn 0.4915 0.0418 -0.8699
vn 0.0255 0.2234 -0.9744
vn -0.4524 0.3476 -0.8213
vn -0.8111 0.3787 -0.4457
vn -0.9503 0.3075 0.0497
vn -0.8304 0.1513 0.5362
vn -0.4819 -0.0464 0.8750
vn -0.0057 -0.2298 0.9732
vn 0.4728 -0.3513 0.8081
vn 0.8215 -0.3778 0.4271
vn 0.8653 -0.0215 -0.5007
vn 0.9805 -0.1939 -0.0306
vn 0.5218 0.1566 -0.8386
vn 0.0430 0.2928 -0.9552
vn -0.4523 0.3527 -0.8192
vn -0.8283 0.3177 -0.4616
vn -0.9802 0.1972 0.0197
vn -0.8658 0.0217 0.5000
vn -0.5135 -0.1598 0.8431
vn -0.0253 -0.2964 0.9547
vn 0.4710 -0.3532 0.8083
vn 0.8381 -0.3148 0.4456
vn 0.8826 0.0923 -0.4609
vn 0.9952 -0.0981 0.0036
vn 0.5366 0.2582 -0.8033
vn 0.0513 0.3555 -0.9333
vn -0.4525 0.3593 -0.8162
vn -0.8367 0.2662 -0.4786
vn -0.9947 0.1017 -0.0132
vn -0.8832 -0.0920 0.4600
vn -0.5296 -0.2605 0.8073
vn -0.0358 -0.3571 0.9334
vn 0.4691 -0.3575 0.8075
vn 0.8456 -0.2619 0.4652
vn 0.8874 0.1894 -0.4203
vn 0.9991 -0.0172 0.0380
vn 0.5404 0.3458 -0.7671
vn 0.0528 0.4105 -0.9103
vn -0.4533 0.3664 -0.8126
vn -0.8394 0.2235 -0.4955
vn -0.9987 0.0209 -0.0463
vn -0.8879 -0.1890 0.4193
vn -0.5345 -0.3474 0.7705
vn -0.0396 -0.4107 0.9109
vn 0.4677 -0.3633 0.8057
vn 0.8472 -0.2185 0.4844
vn 0.8839 0.2713 -0.3810
vn 0.9962 0.0501 0.0710
vn 0.5367 0.4203 -0.7317
vn 0.0499 0.4577 -0.8877
vn -0.4546 0.3736 -0.8086
vn -0.8384 0.1885 -0.5114
vn -0.9959 -0.0465 -0.0781
vn -0.8845 -0.2708 0.3800
vn -0.5318 -0.4214 0.7346
vn -0.0386 -0.4572 0.8885
vn 0.4670 -0.3698 0.8032
vn 0.8451 -0.1832 0.5022
vn 0.8799 0.3084 -0.3616
vn 0.9929 0.0806 0.0870
vn 0.5330 0.4541 -0.7139
vn 0.0472 0.4794 -0.8763
vn -0.4556 0.3770 -0.8064
vn -0.8373 0.1726 -0.5188
vn -0.9926 -0.0772 -0.0933
vn -0.8804 -0.3079 0.3606
vn -0.5288 -0.4550 0.7165
vn -0.0374 -0.4786 0.8772
vn 0.4665 -0.3732 0.8019
vn 0.8432 -0.1675 0.5108
vn -0.9767 0.0107 -0.2143
vn -0.9764 0.0105 -0.2156
vn -0.9004 -0.4325 0.0466
vn -0.8933 -0.4491 0.0171
vn -0.7965 0.4649 -0.3867
vn -0.7901 0.4480 -0.4184
vn -0.4087 0.7911 -0.4551
vn -0.3980 0.7632 -0.5090
vn 0.0871 0.9105 -0.4043
vn 0.1002 0.8790 -0.4662
vn 0.5600 0.7907 -0.2473
vn 0.5721 0.7631 -0.3006
vn 0.8853 0.4643 -0.0259
vn 0.8923 0.4479 -0.0569
vn 0.9787 0.0101 0.2051
vn 0.9788 0.0102 0.2046
vn 0.8075 -0.4495 0.3819
vn 0.8016 -0.4328 0.4124
vn 0.4189 -0.7859 0.4548
vn 0.4084 -0.7581 0.5084
vn -0.0869 -0.9105 0.4043
vn -0.1004 -0.8790 0.4662
vn -0.5688 -0.7857 0.2430
vn -0.5814 -0.7580 0.2957
vn -0.9756 0.0080 -0.2192
vn -0.9124 -0.3965 0.1017
vn -0.7770 0.4079 -0.4795
vn -0.3762 0.6965 -0.6110
vn 0.1251 0.8032 -0.5825
vn 0.5935 0.6982 -0.4004
vn 0.9046 0.4107 -0.1141
vn 0.9786 0.0108 0.2056
vn 0.7887 -0.3943 0.4717
vn 0.3861 -0.6921 0.6099
vn -0.1259 -0.8031 0.5823
vn -0.6031 -0.6932 0.3946
vn -0.9743 0.0019 -0.2254
vn -0.9224 -0.3569 0.1474
vn -0.7647 0.3581 -0.5356
vn -0.3564 0.6166 -0.7020
vn 0.1475 0.7141 -0.6844
vn 0.6126 0.6231 -0.4862
vn 0.9153 0.3691 -0.1613
vn 0.9776 0.0140 0.2101
vn 0.7760 -0.3468 0.5268
vn 0.3653 -0.6131 0.7005
vn -0.1490 -0.7140 0.6841
vn -0.6221 -0.6187 0.4797
vn -0.9724 -0.0086 -0.2333
vn -0.9305 -0.3179 0.1822
vn -0.7536 0.3014 -0.5841
vn -0.3389 0.5292 -0.7779
vn 0.1670 0.6186 -0.7677
vn 0.6291 0.5446 -0.5546
vn 0.9241 0.3277 -0.1966
vn 0.9758 0.0212 0.2176
vn 0.7639 -0.2926 0.5752
vn 0.3463 -0.5265 0.7764
vn -0.1694 -0.6186 0.7673
vn -0.6383 -0.5409 0.5477
vn -0.9699 -0.0240 -0.2422
vn -0.9365 -0.2836 0.2062
vn -0.7435 0.2409 -0.6238
vn -0.3236 0.4400 -0.8377
vn 0.1838 0.5240 -0.8316
vn 0.6430 0.4693 -0.6053
vn 0.9309 0.2911 -0.2204
vn 0.9733 0.0334 0.2273
vn 0.7524 -0.2345 0.6155
vn 0.3293 -0.4382 0.8364
vn -0.1870 -0.5240 0.8310
vn -0.6517 -0.4664 0.5981
vn -0.9668 -0.0447 -0.2516
vn -0.9407 -0.2572 0.2210
vn -0.7340 0.1791 -0.6551
vn -0.3100 0.3537 -0.8825
vn 0.1983 0.4358 -0.8779
vn 0.6545 0.4022 -0.6402
vn 0.9360 0.2626 -0.2344
vn 0.9699 0.0514 0.2381
vn 0.7414 -0.1745 0.6480
vn 0.3138 -0.3525 0.8816
vn -0.2023 -0.4358 0.8770
vn -0.6627 -0.4002 0.6330
vn -0.9627 -0.0711 -0.2610
vn -0.9433 -0.2408 0.2285
vn -0.7246 0.1171 -0.6792
vn -0.2975 0.2729 -0.9149
vn 0.2110 0.3574 -0.9098
vn 0.6639 0.3469 -0.6625
vn 0.9392 0.2446 -0.2409
vn 0.9655 0.0757 0.2493
vn 0.7303 -0.1141 0.6736
vn 0.2994 -0.2723 0.9144
vn -0.2159 -0.3577 0.9085
vn -0.6717 -0.3455 0.6553
vn -0.9572 -0.1042 -0.2701
vn -0.9439 -0.2361 0.2307
vn -0.7146 0.0553 -0.6974
vn -0.2854 0.1990 -0.9375
vn 0.2222 0.2908 -0.9306
vn 0.6713 0.3052 -0.6754
vn 0.9405 0.2386 -0.2421
vn 0.9596 0.1072 0.2603
vn 0.7185 -0.0535 0.6934
vn 0.2853 -0.1990 0.9376
vn -0.2282 -0.2914 0.9290
vn -0.6789 -0.3046 0.6681
vn -0.9494 -0.1452 -0.2785
vn -0.9421 -0.2447 0.2294
vn -0.7032 -0.0071 -0.7109
vn -0.2733 0.1319 -0.9528
vn 0.2322 0.2369 -0.9434
vn 0.6765 0.2786 -0.6817
vn 0.9391 0.2461 -0.2397
vn 0.9513 0.1470 0.2708
vn 0.7054 0.0079 0.7088
vn 0.2709 -0.1325 0.9534
vn -0.2395 -0.2379 0.9413
vn -0.6841 -0.2787 0.6741
vn -0.9380 -0.1960 -0.2860
vn -0.9364 -0.2685 0.2258
vn -0.6894 -0.0713 -0.7208
vn -0.2607 0.0713 -0.9628
vn 0.2407 0.1961 -0.9506
vn 0.6787 0.2686 -0.6835
vn 0.9339 0.2691 -0.2352
vn 0.9394 0.1970 0.2804
vn 0.6896 0.0713 0.7207
vn 0.2556 -0.0727 0.9640
vn -0.2498 -0.1979 0.9479
vn -0.6864 -0.2693 0.6755
vn -0.9204 -0.2596 -0.2924
vn -0.9245 -0.3104 0.2212
vn -0.6714 -0.1397 -0.7278
vn -0.2469 0.0163 -0.9689
vn 0.2469 0.1693 -0.9541
vn 0.6759 0.2771 -0.6829
vn 0.9224 0.3104 -0.2299
vn 0.9213 0.2599 0.2892
vn 0.6692 0.1387 0.7300
vn 0.2387 -0.0191 0.9709
vn -0.2583 -0.1724 0.9506
vn -0.6840 -0.2789 0.6740
vn -0.8923 -0.3399 -0.2973
vn -0.9015 -0.3747 0.2165
vn -0.6464 -0.2148 -0.7322
vn -0.2314 -0.0338 -0.9723
vn 0.2492 0.1578 -0.9555
vn 0.6645 0.3075 -0.6811
vn 0.8998 0.3741 -0.2245
vn 0.8925 0.3396 0.2969
vn 0.6413 0.2123 0.7373
vn 0.2193 0.0288 0.9752
vn -0.2634 -0.1633 0.9508
vn -0.6733 -0.3107 0.6709
vn -0.8454 -0.4417 -0.3004
vn -0.8585 -0.4668 0.2124
vn -0.6091 -0.2998 -0.7343
vn -0.2134 -0.0797 -0.9737
vn 0.2436 0.1639 -0.9559
vn 0.6371 0.3642 -0.6793
vn 0.8573 0.4655 -0.2198
vn 0.8449 0.4404 0.3035
vn 0.6007 0.2946 0.7432
vn 0.1964 0.0705 0.9780
vn -0.2615 -0.1734 0.9495
vn -0.6468 -0.3696 0.6671
vn -0.7657 -0.5680 -0.3018
vn -0.7795 -0.5905 0.2091
vn -0.5509 -0.3963 -0.7345
vn -0.1919 -0.1211 -0.9739
vn 0.2232 0.1897 -0.9561
vn 0.5807 0.4507 -0.6780
vn 0.7793 0.5883 -0.2159
vn 0.7647 0.5652 0.3095
vn 0.5389 0.3862 0.7486
vn 0.1699 0.1043 0.9799
vn -0.2446 -0.2060 0.9475
vn -0.5909 -0.4595 0.6631
vn -0.6328 -0.7125 -0.3032
vn -0.6409 -0.7397 0.2053
vn -0.4596 -0.4994 -0.7344
vn -0.1662 -0.1560 -0.9737
vn 0.1765 0.2339 -0.9561
vn 0.4745 0.5631 -0.6766
vn 0.6418 0.7372 -0.2113
vn 0.6315 0.7077 0.3167
vn 0.4456 0.4816 0.7546
vn 0.1416 0.1275 0.9817
vn -0.1992 -0.2605 0.9447
vn -0.4841 -0.5763 0.6584
vn -0.4321 -0.8472 -0.3092
vn -0.4238 -0.8840 0.1974
vn -0.3278 -0.5899 -0.7379
vn -0.1373 -0.1786 -0.9743
vn 0.0936 0.2864 -0.9535
vn 0.3014 0.6778 -0.6706
vn 0.4253 0.8823 -0.2017
vn 0.4306 0.8407 0.3284
vn 0.3156 0.5633 0.7636
vn 0.1175 0.1368 0.9836
vn -0.1105 -0.3240 0.9396
vn -0.3074 -0.6949 0.6501
vn -0.1935 -0.9263 -0.3233
vn -0.1366 -0.9744 0.1784
vn -0.2001 -0.6371 -0.7443
vn -0.1539 -0.1795 -0.9716
vn -0.0653 0.3361 -0.9396
vn 0.0417 0.7644 -0.6433
vn 0.1363 0.9766 -0.1663
vn 0.1932 0.9134 0.3584
vn 0.1964 0.5978 0.7772
vn 0.1470 0.1283 0.9808
vn 0.0584 -0.3734 0.9258
vn -0.0453 -0.7743 0.6312
vn 0.0183 -0.9312 -0.3639
vn 0.1493 -0.9808 0.1252
vn -0.1187 -0.6372 -0.7615
vn -0.2258 -0.1733 -0.9586
vn -0.2746 0.3461 -0.8971
vn -0.2478 0.7731 -0.5838
vn -0.1513 0.9824 -0.1098
vn -0.0118 0.9183 0.3956
vn 0.1290 0.6024 0.7877
vn 0.2317 0.1304 0.9640
vn 0.2721 -0.3750 0.8862
vn 0.2413 -0.7793 0.5783
vn 0.1791 -0.8894 -0.4206
vn 0.3641 -0.9298 0.0544
vn -0.0544 -0.6145 -0.7870
vn -0.2745 -0.1775 -0.9451
vn -0.4241 0.3129 -0.8498
vn -0.4583 0.7203 -0.5206
vn -0.3662 0.9292 -0.0502
vn -0.1719 0.8827 0.4373
vn 0.0681 0.5930 0.8023
vn 0.2855 0.1472 0.9470
vn 0.4261 -0.3373 0.8394
vn 0.4538 -0.7296 0.5116
vn 0.3082 -0.8248 -0.4741
vn 0.5152 -0.8571 -0.0065
vn 0.0192 -0.5750 -0.8180
vn -0.2745 -0.1743 -0.9456
vn -0.4985 0.2777 -0.8212
vn -0.5880 0.6567 -0.4723
vn -0.5170 0.8560 0.0041
vn -0.3032 0.8215 0.4829
vn -0.0067 0.5611 0.8277
vn 0.2879 0.1521 0.9455
vn 0.5052 -0.2980 0.8099
vn 0.5870 -0.6662 0.4600
vn 0.4163 -0.7458 -0.5201
vn 0.6280 -0.7763 -0.0537
vn 0.0944 -0.5184 -0.8499
vn -0.2514 -0.1556 -0.9553
vn -0.5341 0.2528 -0.8067
vn -0.6736 0.5949 -0.4385
vn -0.6302 0.7750 0.0475
vn -0.4136 0.7443 0.5244
vn -0.0837 0.5090 0.8567
vn 0.2654 0.1385 0.9541
vn 0.5434 -0.2699 0.7949
vn 0.6747 -0.6039 0.4243
vn 0.5090 -0.6561 -0.5571
vn 0.7165 -0.6919 -0.0888
vn 0.1670 -0.4472 -0.8787
vn -0.2177 -0.1217 -0.9684
vn -0.5485 0.2397 -0.8011
vn -0.7328 0.5382 -0.4163
vn -0.7188 0.6906 0.0800
vn -0.5080 0.6556 0.5587
vn -0.1578 0.4405 0.8838
vn 0.2318 0.1082 0.9667
vn 0.5595 -0.2540 0.7889
vn 0.7355 -0.5462 0.4008
vn 0.5884 -0.5591 -0.5841
vn 0.7874 -0.6061 -0.1126
vn 0.2340 -0.3644 -0.9014
vn -0.1803 -0.0750 -0.9808
vn -0.5509 0.2373 -0.8001
vn -0.7749 0.4872 -0.4027
vn -0.7895 0.6052 0.1023
vn -0.5886 0.5591 0.5839
vn -0.2262 0.3595 0.9053
vn 0.1942 0.0643 0.9788
vn 0.5632 -0.2490 0.7879
vn 0.7790 -0.4938 0.3865
vn 0.6553 -0.4581 -0.6006
vn 0.8441 -0.5211 -0.1264
vn 0.2934 -0.2740 -0.9159
vn -0.1438 -0.0188 -0.9894
vn -0.5471 0.2438 -0.8008
vn -0.8051 0.4421 -0.3955
vn -0.8458 0.5209 0.1152
vn -0.6564 0.4584 0.5992
vn -0.2868 0.2703 0.9191
vn 0.1573 0.0105 0.9875
vn 0.5601 -0.2529 0.7889
vn 0.8102 -0.4470 0.3792
vn 0.7103 -0.3568 -0.6068
vn 0.8887 -0.4392 -0.1312
vn 0.3440 -0.1800 -0.9216
vn -0.1108 0.0432 -0.9929
vn -0.5404 0.2570 -0.8012
vn -0.8267 0.4027 -0.3929
vn -0.8901 0.4397 0.1198
vn -0.7118 0.3574 0.6046
vn -0.3384 0.1771 0.9242
vn 0.1236 -0.0496 0.9911
vn 0.5537 -0.2637 0.7899
vn 0.8326 -0.4058 0.3771
vn 0.7540 -0.2586 -0.6039
vn 0.9231 -0.3624 -0.1286
vn 0.3852 -0.0864 -0.9188
vn -0.0827 0.1076 -0.9907
vn -0.5331 0.2748 -0.8002
vn -0.8420 0.3688 -0.3936
vn -0.9241 0.3635 0.1174
vn -0.7558 0.2594 0.6012
vn -0.3805 0.0842 0.9209
vn 0.0948 -0.1124 0.9891
vn 0.5461 -0.2793 0.7898
vn 0.8483 -0.3702 0.3786
vn 0.7876 -0.1662 -0.5934
vn 0.9489 -0.2919 -0.1203
vn 0.4176 0.0036 -0.9086
vn -0.0602 0.1714 -0.9834
vn -0.5263 0.2952 -0.7974
vn -0.8527 0.3402 -0.3964
vn -0.9496 0.2937 0.1096
vn -0.7895 0.1672 0.5905
vn -0.4136 -0.0052 0.9104
vn 0.0712 -0.1748 0.9820
vn 0.5387 -0.2979 0.7881
vn 0.8590 -0.3401 0.3826
vn 0.8126 -0.0812 -0.5772
vn 0.9675 -0.2286 -0.1079
vn 0.4419 0.0876 -0.8928
vn -0.0429 0.2324 -0.9717
vn -0.5206 0.3167 -0.7929
vn -0.8601 0.3162 -0.4004
vn -0.9680 0.2309 0.0980
vn -0.8145 0.0824 0.5743
vn -0.4386 -0.0888 0.8943
vn 0.0529 -0.2348 0.9706
vn 0.5321 -0.3179 0.7847
vn 0.8662 -0.3149 0.3879
vn 0.8304 -0.0046 -0.5571
vn 0.9806 -0.1726 -0.0928
vn 0.4595 0.1644 -0.8728
vn -0.0303 0.2892 -0.9568
vn -0.5162 0.3381 -0.7869
vn -0.8650 0.2963 -0.4050
vn -0.9809 0.1753 0.0838
vn -0.8323 0.0058 0.5543
vn -0.4568 -0.1654 0.8741
vn 0.0392 -0.2908 0.9560
vn 0.5268 -0.3381 0.7798
vn 0.8708 -0.2942 0.3940
vn 0.8426 0.0635 -0.5348
vn 0.9894 -0.1236 -0.0764
vn 0.4716 0.2336 -0.8503
vn -0.0216 0.3410 -0.9398
vn -0.5131 0.3586 -0.7798
vn -0.8682 0.2798 -0.4099
vn -0.9896 0.1265 0.0683
vn -0.8444 -0.0623 0.5320
vn -0.4693 -0.2343 0.8514
vn 0.0295 -0.3421 0.9392
vn 0.5227 -0.3579 0.7737
vn 0.8736 -0.2772 0.4001
vn 0.8505 0.1236 -0.5113
vn 0.9949 -0.0810 -0.0594
vn 0.4794 0.2952 -0.8265
vn -0.0160 0.3878 -0.9216
vn -0.5111 0.3778 -0.7720
vn -0.8702 0.2663 -0.4146
vn -0.9951 0.0841 0.0522
vn -0.8522 -0.1224 0.5087
vn -0.4775 -0.2958 0.8274
vn 0.0230 -0.3884 0.9212
vn 0.5198 -0.3766 0.7668
vn 0.8751 -0.2633 0.4060
vn 0.8550 0.1764 -0.4876
vn 0.9981 -0.0442 -0.0426
vn 0.4839 0.3497 -0.8022
vn -0.0128 0.4296 -0.9029
vn -0.5101 0.3956 -0.7638
vn -0.8714 0.2552 -0.4190
vn -0.9982 0.0473 0.0361
vn -0.8566 -0.1751 0.4853
vn -0.4823 -0.3502 0.8030
vn 0.0190 -0.4299 0.9027
vn 0.5178 -0.3940 0.7593
vn 0.8758 -0.2520 0.4116
vn 0.8572 0.2225 -0.4644
vn 0.9996 -0.0123 -0.0263
vn 0.4860 0.3977 -0.7782
vn -0.0115 0.4667 -0.8843
vn -0.5097 0.4118 -0.7554
vn -0.8720 0.2461 -0.4232
vn -0.9997 0.0154 0.0205
vn -0.8587 -0.2213 0.4622
vn -0.4846 -0.3981 0.7789
vn 0.0170 -0.4668 0.8842
vn 0.5167 -0.4100 0.7516
vn 0.8760 -0.2427 0.4167
vn 0.8576 0.2440 -0.4528
vn 0.9998 0.0024 -0.0182
vn 0.4863 0.4201 -0.7661
vn -0.0113 0.4841 -0.8749
vn -0.5098 0.4195 -0.7511
vn -0.8723 0.2419 -0.4250
vn -0.9999 0.0005 0.0130
vn -0.8590 -0.2428 0.4508
vn -0.4851 -0.4205 0.7667
vn 0.0163 -0.4841 0.8748
vn 0.5162 -0.4177 0.7477
vn 0.8760 -0.2386 0.4192
vn 0.9996 -0.0003 0.0294
vn 0.8547 -0.3592 0.3748
vn 0.8560 -0.3682 0.3629
vn 0.9995 0.0037 0.0316
vn 0.8744 0.3601 -0.3251
vn 0.8736 0.3759 -0.3091
vn 0.5144 0.6219 -0.5904
vn 0.5135 0.6455 -0.5653
vn 0.0120 0.7166 -0.6973
vn 0.0115 0.7421 -0.6702
vn -0.4934 0.6160 -0.6141
vn -0.4935 0.6366 -0.5926
vn -0.8621 0.3503 -0.3662
vn -0.8618 0.3609 -0.3564
vn -0.9998 -0.0107 -0.0186
vn -0.9996 -0.0129 -0.0233
vn -0.8686 -0.3673 0.3327
vn -0.8688 -0.3820 0.3151
vn -0.5096 -0.6236 0.5928
vn -0.5094 -0.6470 0.5674
vn -0.0144 -0.7163 0.6976
vn -0.0130 -0.7418 0.6705
vn 0.4850 -0.6193 0.6175
vn 0.4870 -0.6392 0.5951
vn 0.8577 -0.3844 0.3415
vn 0.9994 0.0088 0.0349
vn 0.8719 0.4006 -0.2817
vn 0.5114 0.6832 -0.5212
vn 0.0101 0.7832 -0.6217
vn -0.4939 0.6706 -0.5535
vn -0.8617 0.3791 -0.3374
vn -0.9994 -0.0157 -0.0294
vn -0.8683 -0.4054 0.2858
vn -0.5081 -0.6845 0.5228
vn -0.0107 -0.7830 0.6219
vn 0.4897 -0.6724 0.5550
vn 0.8592 -0.3967 0.3232
vn 0.9994 0.0101 0.0343
vn 0.8706 0.4149 -0.2643
vn 0.5099 0.7066 -0.4906
vn 0.0091 0.8100 -0.5864
vn -0.4942 0.6941 -0.5234
vn -0.8617 0.3933 -0.3207
vn -0.9994 -0.0150 -0.0307
vn -0.8680 -0.4185 0.2671
vn -0.5071 -0.7078 0.4918
vn -0.0087 -0.8099 0.5865
vn 0.4919 -0.6952 0.5242
vn 0.8603 -0.4066 0.3074
vn 0.9995 0.0084 0.0298
vn 0.8699 0.4215 -0.2561
vn 0.5090 0.7198 -0.4721
vn 0.0086 0.8267 -0.5626
vn -0.4943 0.7103 -0.5012
vn -0.8616 0.4047 -0.3062
vn -0.9995 -0.0114 -0.0277
vn -0.8681 -0.4241 0.2580
vn -0.5066 -0.7209 0.4730
vn -0.0074 -0.8266 0.5627
vn 0.4936 -0.7106 0.5015
vn 0.8613 -0.4147 0.2937
vn 0.9998 0.0041 0.0216
vn 0.8696 0.4220 -0.2563
vn 0.5086 0.7251 -0.4644
vn 0.0085 0.8356 -0.5492
vn -0.4940 0.7209 -0.4860
vn -0.8615 0.4144 -0.2934
vn -0.9998 -0.0055 -0.0207
vn -0.8684 -0.4237 0.2575
vn -0.5065 -0.7261 0.4651
vn -0.0067 -0.8356 0.5493
vn 0.4947 -0.7206 0.4858
vn 0.8619 -0.4218 0.2813
vn 0.9999 -0.0026 0.0097
vn 0.8694 0.4172 -0.2646
vn 0.5085 0.7235 -0.4668
vn 0.0089 0.8382 -0.5453
vn -0.4935 0.7272 -0.4771
vn -0.8612 0.4228 -0.2820
vn -0.9999 0.0027 -0.0097
vn -0.8688 -0.4181 0.2651
vn -0.5066 -0.7245 0.4674
vn -0.0062 -0.8382 0.5454
vn 0.4955 -0.7262 0.4765
vn 0.8624 -0.4282 0.2701
vn 0.9999 -0.0120 -0.0063
vn 0.8691 0.4072 -0.2808
vn 0.5084 0.7156 -0.4790
vn 0.0093 0.8348 -0.5505
vn -0.4928 0.7296 -0.4741
vn -0.8607 0.4306 -0.2717
vn -0.9999 0.0136 0.0052
vn -0.8691 -0.4073 0.2808
vn -0.5067 -0.7165 0.4795
vn -0.0058 -0.8348 0.5505
vn 0.4962 -0.7280 0.4730
vn 0.8626 -0.4342 0.2596
vn 0.9993 -0.0245 -0.0266
vn 0.8681 0.3913 -0.3053
vn 0.5077 0.7007 -0.5012
vn 0.0093 0.8252 -0.5648
vn -0.4921 0.7283 -0.4768
vn -0.8599 0.4380 -0.2623
vn -0.9993 0.0276 0.0244
vn -0.8686 -0.3906 0.3047
vn -0.5061 -0.7016 0.5016
vn -0.0049 -0.8254 0.5646
vn 0.4970 -0.7261 0.4750
vn 0.8626 -0.4401 0.2495
vn 0.9978 -0.0409 -0.0516
vn 0.8658 0.3686 -0.3384
vn 0.5057 0.6778 -0.5337
vn 0.0084 0.8086 -0.5883
vn -0.4918 0.7230 -0.4852
vn -0.8587 0.4453 -0.2536
vn -0.9978 0.0455 0.0481
vn -0.8669 -0.3671 0.3372
vn -0.5041 -0.6787 0.5341
vn -0.0029 -0.8089 0.5879
vn 0.4984 -0.7202 0.4827
vn 0.8623 -0.4461 0.2397
vn 0.9947 -0.0624 -0.0818
vn 0.8610 0.3372 -0.3808
vn 0.5010 0.6449 -0.5771
vn 0.0055 0.7834 -0.6214
vn -0.4923 0.7127 -0.4997
vn -0.8572 0.4527 -0.2456
vn -0.9947 0.0687 0.0767
vn -0.8628 -0.3348 0.3789
vn -0.4995 -0.6459 0.5773
vn 0.0012 -0.7840 0.6207
vn 0.5008 -0.7095 0.4959
vn 0.8616 -0.4526 0.2299
vn 0.9889 -0.0907 -0.1175
vn 0.8521 0.2944 -0.4327
vn 0.4920 0.5991 -0.6316
vn -0.0008 0.7473 -0.6645
vn -0.4945 0.6963 -0.5202
vn -0.8550 0.4606 -0.2383
vn -0.9890 0.0986 0.1103
vn -0.8547 -0.2912 0.4299
vn -0.4905 -0.6003 0.6317
vn 0.0091 -0.7483 0.6633
vn 0.5051 -0.6928 0.5148
vn 0.8603 -0.4599 0.2201
vn 0.9790 -0.1279 -0.1585
vn 0.8368 0.2369 -0.4937
vn 0.4760 0.5368 -0.6966
vn -0.0129 0.6969 -0.7170
vn -0.4996 0.6720 -0.5466
vn -0.8523 0.4689 -0.2318
vn -0.9793 0.1373 0.1485
vn -0.8402 -0.2328 0.4897
vn -0.4745 -0.5381 0.6966
vn 0.0227 -0.6986 0.7151
vn 0.5125 -0.6685 0.5389
vn 0.8581 -0.4683 0.2105
vn 0.9631 -0.1764 -0.2032
vn 0.8118 0.1611 -0.5613
vn 0.4494 0.4536 -0.7696
vn -0.0337 0.6289 -0.7768
vn -0.5093 0.6378 -0.5778
vn -0.8489 0.4776 -0.2264
vn -0.9639 0.1869 0.1898
vn -0.8164 -0.1561 0.5560
vn -0.4480 -0.4552 0.7695
vn 0.0452 -0.6315 0.7740
vn 0.5245 -0.6349 0.5672
vn 0.8549 -0.4781 0.2016
vn 0.9390 -0.2379 -0.2483
vn 0.7739 0.0640 -0.6301
vn 0.4083 0.3467 -0.8444
vn -0.0667 0.5404 -0.8388
vn -0.5257 0.5918 -0.6111
vn -0.8450 0.4865 -0.2222
vn -0.9406 0.2487 0.2311
vn -0.7796 -0.0584 0.6235
vn -0.4070 -0.3483 0.8444
vn 0.0798 -0.5443 0.8351
vn 0.5428 -0.5906 0.5971
vn 0.8503 -0.4891 0.1943
vn 0.9053 -0.3123 -0.2879
vn 0.7205 -0.0538 -0.6914
vn 0.3499 0.2163 -0.9115
vn -0.1146 0.4318 -0.8947
vn -0.5506 0.5340 -0.6416
vn -0.8407 0.4950 -0.2194
vn -0.9082 0.3221 0.2672
vn -0.7274 0.0598 0.6836
vn -0.3486 -0.2178 0.9116
vn 0.1286 -0.4372 0.8901
vn 0.5685 -0.5356 0.6245
vn 0.8444 -0.5012 0.1891
vn 0.8625 -0.3956 -0.3155
vn 0.6528 -0.1859 -0.7344
vn 0.2748 0.0704 -0.9589
vn -0.1779 0.3097 -0.9340
vn -0.5850 0.4678 -0.6626
vn -0.8370 0.5023 -0.2171
vn -0.8672 0.4030 0.2926
vn -0.6600 0.1929 0.7261
vn -0.2724 -0.0698 0.9596
vn 0.1926 -0.3153 0.9292
vn 0.6019 -0.4729 0.6435
vn 0.8045 -0.5623 0.1915
vn 0.8086 -0.4949 -0.3182
vn 0.5984 -0.2962 -0.7444
vn 0.2309 -0.0207 -0.9728
vn -0.2023 0.2623 -0.9435
vn -0.5831 0.4756 -0.6587
vn -0.8049 0.5601 -0.1960
vn -0.8074 0.4925 0.3248
vn -0.5880 0.2895 0.7553
vn -0.2131 0.0101 0.9770
vn 0.2187 -0.2728 0.9369
vn 0.5902 -0.4817 0.6478
vn 0.6981 -0.6943 0.1748
vn 0.7293 -0.6011 -0.3268
vn 0.5682 -0.3490 -0.7452
vn 0.2558 -0.0040 -0.9667
vn -0.1316 0.3475 -0.9284
vn -0.4854 0.6051 -0.6311
vn -0.7023 0.6935 -0.1605
vn -0.7250 0.5901 0.3552
vn -0.5498 0.3264 0.7689
vn -0.2316 -0.0203 0.9726
vn 0.1478 -0.3620 0.9204
vn 0.4870 -0.6075 0.6275
vn 0.5569 -0.8206 0.1285
vn 0.6306 -0.6873 -0.3605
vn 0.5379 -0.3712 -0.7569
vn 0.3026 0.0437 -0.9521
vn -0.0176 0.4523 -0.8917
vn -0.3348 0.7384 -0.5853
vn -0.5587 0.8206 -0.1201
vn -0.6299 0.6771 0.3805
vn -0.5279 0.3492 0.7742
vn -0.2859 -0.0676 0.9559
vn 0.0319 -0.4662 0.8841
vn 0.3396 -0.7403 0.5803
vn 0.4177 -0.9055 0.0748
vn 0.5247 -0.7504 -0.4019
vn 0.4935 -0.3961 -0.7743
vn 0.3318 0.0628 -0.9413
vn 0.0785 0.5106 -0.8562
vn -0.1977 0.8207 -0.5360
vn -0.4188 0.9053 -0.0707
vn -0.5261 0.7414 0.4166
vn -0.4885 0.3752 0.7878
vn -0.3204 -0.0871 0.9433
vn -0.0669 -0.5264 0.8476
vn 0.2030 -0.8243 0.5286
vn 0.2752 -0.9612 0.0179
vn 0.4071 -0.7956 -0.4487
vn 0.4320 -0.4192 -0.7985
vn 0.3429 0.0673 -0.9370
vn 0.1604 0.5417 -0.8251
vn -0.0671 0.8708 -0.4870
vn -0.2756 0.9611 -0.0172
vn -0.4096 0.7877 0.4602
vn -0.4306 0.3987 0.8097
vn -0.3356 -0.0929 0.9374
vn -0.1508 -0.5599 0.8147
vn 0.0727 -0.8760 0.4769
vn 0.1221 -0.9917 -0.0413
vn 0.2717 -0.8220 -0.5005
vn 0.3503 -0.4354 -0.8293
vn 0.3366 0.0653 -0.9394
vn 0.2324 0.5548 -0.7989
vn 0.0639 0.8961 -0.4393
vn -0.1217 0.9918 0.0391
vn -0.2750 0.8150 0.5101
vn -0.3520 0.4144 0.8392
vn -0.3332 -0.0932 0.9382
vn -0.2253 -0.5759 0.7858
vn -0.0583 -0.9029 0.4260
vn -0.0471 -0.9938 -0.1012
vn 0.1140 -0.8237 -0.5555
vn 0.2457 -0.4371 -0.8652
vn 0.3128 0.0637 -0.9477
vn 0.2970 0.5541 -0.7777
vn 0.1999 0.8970 -0.3942
vn 0.0482 0.9942 0.0962
vn -0.1179 0.8174 0.5638
vn -0.2509 0.4154 0.8744
vn -0.3144 -0.0943 0.9446
vn -0.2936 -0.5784 0.7611
vn -0.1952 -0.9054 0.3770
vn -0.2321 -0.9600 -0.1569
vn -0.0651 -0.7908 -0.6086
vn 0.1193 -0.4145 -0.9022
vn 0.2723 0.0697 -0.9597
vn 0.3547 0.5420 -0.7618
vn 0.3410 0.8706 -0.3546
vn 0.2338 0.9607 0.1493
vn 0.0610 0.7853 0.6161
vn -0.1282 0.3925 0.9108
vn -0.2803 -0.1019 0.9545
vn -0.3568 -0.5684 0.7414
vn -0.3382 -0.8801 0.3332
vn -0.4232 -0.8836 -0.2004
vn -0.2554 -0.7146 -0.6512
vn -0.0206 -0.3589 -0.9331
vn 0.2193 0.0900 -0.9715
vn 0.4042 0.5212 -0.7517
vn 0.4806 0.8145 -0.3250
vn 0.4254 0.8847 0.1906
vn 0.2514 0.7098 0.6580
vn 0.0080 0.3379 0.9411
vn -0.2344 -0.1213 0.9646
vn -0.4133 -0.5470 0.7280
vn -0.4810 -0.8237 0.3003
vn -0.6020 -0.7668 -0.2229
vn -0.4370 -0.5956 -0.6740
vn -0.1578 -0.2688 -0.9502
vn 0.1622 0.1275 -0.9785
vn 0.4435 0.4954 -0.7469
vn 0.6068 0.7319 -0.3099
vn 0.6041 0.7682 0.2119
vn 0.4336 0.5915 0.6798
vn 0.1427 0.2506 0.9575
vn -0.1833 -0.1544 0.9709
vn -0.4593 -0.5171 0.7222
vn -0.6108 -0.7392 0.2839
vn -0.7493 -0.6241 -0.2212
vn -0.5890 -0.4478 -0.6727
vn -0.2745 -0.1543 -0.9491
vn 0.1109 0.1790 -0.9776
vn 0.4721 0.4690 -0.7464
vn 0.7083 0.6340 -0.3104
vn 0.7511 0.6259 0.2101
vn 0.5862 0.4445 0.6773
vn 0.2589 0.1399 0.9557
vn -0.1351 -0.1991 0.9706
vn -0.4921 -0.4843 0.7234
vn -0.7150 -0.6381 0.2857
vn -0.8561 -0.4768 -0.1995
vn -0.7004 -0.2931 -0.6508
vn -0.3610 -0.0322 -0.9320
vn 0.0720 0.2364 -0.9690
vn 0.4912 0.4453 -0.7486
vn 0.7805 0.5350 -0.3234
vn 0.8572 0.4790 0.1891
vn 0.6983 0.2905 0.6543
vn 0.3464 0.0219 0.9378
vn -0.0958 -0.2497 0.9636
vn -0.5121 -0.4541 0.7291
vn -0.7885 -0.5358 0.3018
vn -0.9251 -0.3416 -0.1660
vn -0.7732 -0.1492 -0.6163
vn -0.4178 0.0826 -0.9048
vn 0.0461 0.2921 -0.9553
vn 0.5031 0.4261 -0.7519
vn 0.8267 0.4455 -0.3436
vn 0.9257 0.3441 0.1570
vn 0.7716 0.1474 0.6188
vn 0.4051 -0.0896 0.9099
vn -0.0675 -0.3000 0.9515
vn -0.5224 -0.4298 0.7364
vn -0.8348 -0.4440 0.3257
vn -0.9656 -0.2263 -0.1284
vn -0.8164 -0.0252 -0.5770
vn -0.4513 0.1827 -0.8735
vn 0.0310 0.3418 -0.9393
vn 0.5101 0.4114 -0.7553
vn 0.8538 0.3701 -0.3662
vn 0.9659 0.2289 0.1208
vn 0.8151 0.0240 0.5788
vn 0.4408 -0.1873 0.8778
vn -0.0491 -0.3461 0.9369
vn -0.5269 -0.4119 0.7435
vn -0.8611 -0.3671 0.3518
vn -0.9871 -0.1316 -0.0914
vn -0.8394 0.0776 -0.5379
vn -0.4691 0.2664 -0.8420
vn 0.0231 0.3842 -0.9230
vn 0.5141 0.4006 -0.7584
vn 0.8683 0.3088 -0.3883
vn 0.9873 0.1342 0.0851
vn 0.8385 -0.0784 0.5392
vn 0.4606 -0.2695 0.8457
vn -0.0382 -0.3862 0.9216
vn -0.5282 -0.3993 0.7494
vn -0.8745 -0.3053 0.3769
vn -0.9968 -0.0551 -0.0575
vn -0.8499 0.1615 -0.5015
vn -0.4770 0.3353 -0.8124
vn 0.0200 0.4197 -0.9074
vn 0.5163 0.3928 -0.7610
vn 0.8750 0.2598 -0.4086
vn 0.9970 0.0574 0.0522
vn 0.8493 -0.1621 0.5025
vn 0.4701 -0.3374 0.8156
vn -0.0324 -0.4204 0.9067
vn -0.5281 -0.3906 0.7540
vn -0.8803 -0.2561 0.3995
vn -0.9996 0.0068 -0.0272
vn -0.8529 0.2299 -0.4688
vn -0.4789 0.3919 -0.7856
vn 0.0198 0.4494 -0.8931
vn 0.5176 0.3873 -0.7630
vn 0.8771 0.2206 -0.4266
vn 0.9997 -0.0046 0.0228
vn 0.8524 -0.2303 0.4694
vn 0.4733 -0.3933 0.7883
vn -0.0300 -0.4493 0.8929
vn -0.5273 -0.3847 0.7576
vn -0.8816 -0.2169 0.4192
vn -0.9993 0.0345 -0.0129
vn -0.8525 0.2606 -0.4531
vn -0.4784 0.4173 -0.7727
vn 0.0205 0.4628 -0.8862
vn 0.5182 0.3849 -0.7637
vn 0.8774 0.2030 -0.4348
vn 0.9994 -0.0325 0.0091
vn 0.8522 -0.2608 0.4536
vn 0.4736 -0.4184 0.7750
vn -0.0292 -0.4625 0.8861
vn -0.5267 -0.3824 0.7592
vn -0.8812 -0.1996 0.4285
vn 0.9774 0.0085 -0.2112
vn 0.8908 -0.4542 0.0114
vn 0.8965 -0.4417 0.0352
vn 0.9775 0.0095 -0.2105
vn 0.8003 0.4670 -0.3759
vn 0.7956 0.4562 -0.3986
vn 0.4136 0.7973 -0.4396
vn 0.4055 0.7781 -0.4797
vn -0.0838 0.9181 -0.3874
vn -0.0935 0.8959 -0.4344
vn -0.5588 0.7960 -0.2327
vn -0.5677 0.7763 -0.2740
vn -0.8851 0.4650 -0.0174
vn -0.8904 0.4532 -0.0423
vn -0.9788 0.0066 0.2048
vn -0.9792 0.0062 0.2029
vn -0.8085 -0.4555 0.3726
vn -0.8043 -0.4444 0.3944
vn -0.4215 -0.7932 0.4394
vn -0.4137 -0.7740 0.4793
vn 0.0829 -0.9181 0.3875
vn 0.0930 -0.8959 0.4344
vn 0.5648 -0.7926 0.2299
vn 0.5743 -0.7726 0.2707
vn 0.9064 -0.4146 0.0811
vn 0.9774 0.0097 -0.2110
vn 0.7858 0.4294 -0.4451
vn 0.3888 0.7319 -0.5596
vn -0.1125 0.8425 -0.5269
vn -0.5841 0.7301 -0.3547
vn -0.9001 0.4262 -0.0900
vn -0.9795 0.0059 0.2013
vn -0.7950 -0.4181 0.4396
vn -0.3969 -0.7281 0.5588
vn 0.1128 -0.8425 0.5268
vn 0.5916 -0.7261 0.3505
vn 0.9152 -0.3841 0.1218
vn 0.9765 0.0066 -0.2156
vn 0.7755 0.3937 -0.4935
vn 0.3723 0.6733 -0.6388
vn -0.1310 0.7766 -0.6162
vn -0.5998 0.6745 -0.4305
vn -0.9089 0.3954 -0.1324
vn -0.9789 0.0081 0.2039
vn -0.7849 -0.3832 0.4869
vn -0.3799 -0.6701 0.6377
vn 0.1322 -0.7766 0.6159
vn 0.6079 -0.6704 0.4254
vn 0.9227 -0.3529 0.1550
vn 0.9745 -0.0017 -0.2243
vn 0.7650 0.3484 -0.5417
vn 0.3561 0.6034 -0.7135
vn -0.1486 0.7005 -0.6980
vn -0.6144 0.6123 -0.4977
vn -0.9166 0.3633 -0.1672
vn -0.9773 0.0148 0.2112
vn -0.7741 -0.3394 0.5344
vn -0.3627 -0.6008 0.7123
vn 0.1510 -0.7005 0.6975
vn 0.6231 -0.6083 0.4916
vn 0.9288 -0.3245 0.1793
vn 0.9714 -0.0169 -0.2367
vn 0.7540 0.2939 -0.5875
vn 0.3402 0.5245 -0.7805
vn -0.1655 0.6179 -0.7686
vn -0.6278 0.5478 -0.5531
vn -0.9229 0.3335 -0.1926
vn -0.9744 0.0279 0.2230
vn -0.7624 -0.2866 0.5801
vn -0.3454 -0.5226 0.7795
vn 0.1692 -0.6180 0.7678
vn 0.6369 -0.5442 0.5461
vn 0.9331 -0.3027 0.1943
vn 0.9669 -0.0407 -0.2521
vn 0.7421 0.2311 -0.6292
vn 0.3242 0.4398 -0.8375
vn -0.1816 0.5336 -0.8260
vn -0.6399 0.4859 -0.5953
vn -0.9276 0.3101 -0.2083
vn -0.9699 0.0495 0.2385
vn -0.7494 -0.2256 0.6224
vn -0.3275 -0.4387 0.8369
vn 0.1869 -0.5337 0.8247
vn 0.6495 -0.4829 0.5874
vn 0.9353 -0.2916 0.2006
vn 0.9601 -0.0749 -0.2693
vn 0.7287 0.1611 -0.6656
vn 0.3076 0.3528 -0.8837
vn -0.1974 0.4525 -0.8697
vn -0.6507 0.4320 -0.6244
vn -0.9303 0.2973 -0.2148
vn -0.9631 0.0815 0.2566
vn -0.7345 -0.1573 0.6601
vn -0.3085 -0.3524 0.8835
vn 0.2044 -0.4529 0.8678
vn 0.6606 -0.4298 0.6156
vn 0.9344 -0.2950 0.1997
vn 0.9501 -0.1210 -0.2874
vn 0.7127 0.0847 -0.6964
vn 0.2897 0.2666 -0.9193
vn -0.2128 0.3792 -0.9005
vn -0.6597 0.3910 -0.6418
vn -0.9300 0.2990 -0.2136
vn -0.9528 0.1256 0.2763
vn -0.7166 -0.0824 0.6926
vn -0.2879 -0.2671 0.9197
vn 0.2217 -0.3802 0.8979
vn 0.6698 -0.3897 0.6321
vn 0.9288 -0.3162 0.1934
vn 0.9350 -0.1809 -0.3051
vn 0.6925 0.0022 -0.7214
vn 0.2698 0.1836 -0.9453
vn -0.2276 0.3176 -0.9205
vn -0.6656 0.3671 -0.6497
vn -0.9250 0.3187 -0.2068
vn -0.9373 0.1838 0.2962
vn -0.6941 -0.0015 0.7198
vn -0.2648 -0.1852 0.9463
vn 0.2387 -0.3197 0.9170
vn 0.6760 -0.3671 0.6390
vn 0.9151 -0.3590 0.1838
vn 0.9114 -0.2566 -0.3216
vn 0.6660 -0.0862 -0.7409
vn 0.2472 0.1057 -0.9632
vn -0.2408 0.2712 -0.9319
vn -0.6660 0.3645 -0.6508
vn -0.9120 0.3601 -0.1965
vn -0.9132 0.2581 0.3154
vn -0.6649 0.0855 0.7420
vn -0.2385 -0.1091 0.9650
vn 0.2545 -0.2750 0.9272
vn 0.6767 -0.3660 0.6389
vn 0.8878 -0.4265 0.1730
vn 0.8745 -0.3500 -0.3357
vn 0.6299 -0.1810 -0.7553
vn 0.2212 0.0347 -0.9746
vn -0.2502 0.2431 -0.9372
vn -0.6565 0.3869 -0.6475
vn -0.8855 0.4264 -0.1847
vn -0.8755 0.3503 0.3328
vn -0.6256 0.1782 0.7595
vn -0.2084 -0.0408 0.9772
vn 0.2666 -0.2496 0.9309
vn 0.6674 -0.3903 0.6342
vn 0.8381 -0.5207 0.1629
vn 0.8164 -0.4619 -0.3465
vn 0.5796 -0.2813 -0.7648
vn 0.1917 -0.0277 -0.9811
vn -0.2515 0.2358 -0.9387
vn -0.6295 0.4370 -0.6424
vn -0.8366 0.5196 -0.1733
vn -0.8165 0.4610 0.3475
vn -0.5719 0.2756 0.7727
vn -0.1746 0.0171 0.9845
vn 0.2705 -0.2467 0.9306
vn 0.6403 -0.4429 0.6276
vn 0.7535 -0.6389 0.1552
vn 0.7271 -0.5886 -0.3535
vn 0.5098 -0.3836 -0.7701
vn 0.1594 -0.0787 -0.9841
vn -0.2381 0.2506 -0.9384
vn -0.5738 0.5141 -0.6375
vn -0.7530 0.6373 -0.1638
vn -0.7262 0.5862 0.3591
vn -0.4988 0.3734 0.7822
vn -0.1389 0.0614 0.9884
vn 0.2584 -0.2675 0.9283
vn 0.5839 -0.5228 0.6211
vn 0.6218 -0.7687 0.1500
vn 0.5975 -0.7178 -0.3574
vn 0.4167 -0.4790 -0.7726
vn 0.1269 -0.1152 -0.9852
vn -0.2010 0.2842 -0.9375
vn -0.4770 0.6093 -0.6334
vn -0.6220 0.7672 -0.1564
vn -0.5957 0.7140 0.3680
vn -0.4043 0.4630 0.7888
vn -0.1061 0.0894 0.9903
vn 0.2201 -0.3079 0.9256
vn 0.4853 -0.6204 0.6161
vn 0.4411 -0.8856 0.1455
vn 0.4288 -0.8282 -0.3610
vn 0.3042 -0.5541 -0.7749
vn 0.0999 -0.1350 -0.9858
vn -0.1343 0.3263 -0.9357
vn -0.3339 0.7024 -0.6286
vn -0.4412 0.8850 -0.1489
vn -0.4265 0.8227 0.3758
vn -0.2937 0.5324 0.7939
vn -0.0834 0.1020 0.9913
vn 0.1487 -0.3549 0.9230
vn 0.3397 -0.7145 0.6117
vn 0.2303 -0.9633 0.1379
vn 0.2403 -0.8980 -0.3685
vn 0.1871 -0.5970 -0.7801
vn 0.0847 -0.1395 -0.9866
vn -0.0415 0.3619 -0.9313
vn -0.1570 0.7688 -0.6200
vn -0.2288 0.9636 -0.1382
vn -0.2378 0.8915 0.3856
vn -0.1813 0.5726 0.7996
vn -0.0766 0.1040 0.9916
vn 0.0487 -0.3911 0.9191
vn 0.1607 -0.7797 0.6052
vn 0.0497 -0.9902 0.1304
vn 0.1073 -0.9207 -0.3752
vn 0.1363 -0.6055 -0.7841
vn 0.1291 -0.1279 -0.9833
vn 0.0872 0.3909 -0.9163
vn 0.0216 0.8033 -0.5952
vn -0.0494 0.9923 -0.1139
vn -0.1076 0.9105 0.3993
vn -0.1365 0.5829 0.8010
vn -0.1286 0.1049 0.9861
vn -0.0860 -0.4020 0.9116
vn -0.0206 -0.8015 0.5976
vn -0.0640 -0.9917 0.1115
vn 0.0617 -0.9213 -0.3840
vn 0.1719 -0.6024 -0.7794
vn 0.2359 -0.1212 -0.9642
vn 0.2362 0.3980 -0.8865
vn 0.1712 0.8075 -0.5645
vn 0.0602 0.9939 -0.0925
vn -0.0672 0.9116 0.4055
vn -0.1756 0.5848 0.7920
vn -0.2362 0.1071 0.9658
vn -0.2348 -0.4003 0.8858
vn -0.1715 -0.8017 0.5726
vn -0.1534 -0.9850 0.0784
vn 0.0238 -0.9160 -0.4005
vn 0.1956 -0.6020 -0.7741
vn 0.3150 -0.1284 -0.9404
vn 0.3502 0.3848 -0.8540
vn 0.2895 0.7944 -0.5340
vn 0.1505 0.9861 -0.0711
vn -0.0298 0.9100 0.4135
vn -0.2009 0.5873 0.7840
vn -0.3166 0.1118 0.9419
vn -0.3488 -0.3947 0.8500
vn -0.2887 -0.7953 0.5330
vn -0.2542 -0.9665 0.0368
vn -0.0522 -0.9006 -0.4315
vn 0.1642 -0.5956 -0.7863
vn 0.3367 -0.1339 -0.9321
vn 0.4205 0.3688 -0.8290
vn 0.3899 0.7734 -0.4998
vn 0.2536 0.9666 -0.0366
vn 0.0472 0.8969 0.4396
vn -0.1713 0.5825 0.7946
vn -0.3416 0.1150 0.9328
vn -0.4210 -0.3841 0.8217
vn -0.3882 -0.7790 0.4924
vn -0.3661 -0.9305 -0.0107
vn -0.1562 -0.8662 -0.4746
vn 0.0954 -0.5732 -0.8138
vn 0.3213 -0.1303 -0.9380
vn 0.4637 0.3525 -0.8128
vn 0.4809 0.7425 -0.4663
vn 0.3675 0.9300 0.0055
vn 0.1524 0.8642 0.4796
vn -0.1040 0.5611 0.8212
vn -0.3296 0.1098 0.9377
vn -0.4670 -0.3717 0.8023
vn -0.4794 -0.7514 0.4535
vn -0.4861 -0.8720 -0.0586
vn -0.2795 -0.8053 -0.5228
vn 0.0007 -0.5268 -0.8500
vn 0.2800 -0.1113 -0.9535
vn 0.4880 0.3387 -0.8044
vn 0.5651 0.7001 -0.4365
vn 0.4886 0.8711 0.0492
vn 0.2771 0.8043 0.5256
vn -0.0104 0.5157 0.8567
vn -0.2921 0.0902 0.9521
vn -0.4953 -0.3600 0.7906
vn -0.5649 -0.7109 0.4189
vn -0.6065 -0.7888 -0.0996
vn -0.4110 -0.7140 -0.5669
vn -0.1076 -0.4518 -0.8856
vn 0.2230 -0.0726 -0.9721
vn 0.4983 0.3304 -0.8016
vn 0.6409 0.6470 -0.4131
vn 0.6094 0.7880 0.0870
vn 0.4100 0.7136 0.5680
vn 0.0972 0.4419 0.8918
vn -0.2387 0.0527 0.9697
vn -0.5102 -0.3510 0.7852
vn -0.6433 -0.6578 0.3918
vn -0.7172 -0.6852 -0.1268
vn -0.5365 -0.5960 -0.5975
vn -0.2151 -0.3505 -0.9115
vn 0.1612 -0.0145 -0.9868
vn 0.4993 0.3292 -0.8014
vn 0.7051 0.5866 -0.3983
vn 0.7198 0.6850 0.1124
vn 0.5367 0.5960 0.5973
vn 0.2049 0.3421 0.9171
vn -0.1792 -0.0025 0.9838
vn -0.5151 -0.3467 0.7839
vn -0.7103 -0.5954 0.3753
vn -0.8091 -0.5715 -0.1368
vn -0.6436 -0.4629 -0.6095
vn -0.3092 -0.2328 -0.9220
vn 0.1046 0.0571 -0.9929
vn 0.4954 0.3351 -0.8014
vn 0.7554 0.5247 -0.3925
vn 0.8110 0.5721 0.1221
vn 0.6445 0.4631 0.6084
vn 0.2998 0.2261 0.9268
vn -0.1232 -0.0703 0.9899
vn -0.5133 -0.3479 0.7845
vn -0.7628 -0.5304 0.3700
vn -0.8783 -0.4597 -0.1314
vn -0.7260 -0.3293 -0.6038
vn -0.3827 -0.1122 -0.9170
vn 0.0592 0.1333 -0.9893
vn 0.4901 0.3460 -0.8000
vn 0.7917 0.4668 -0.3940
vn 0.8794 0.4614 0.1176
vn 0.7272 0.3296 0.6021
vn 0.3745 0.1071 0.9210
vn -0.0767 -0.1426 0.9868
vn -0.5080 -0.3542 0.7852
vn -0.8000 -0.4693 0.3738
vn -0.9262 -0.3590 -0.1153
vn -0.7841 -0.2065 -0.5852
vn -0.4352 0.0004 -0.9003
vn 0.0262 0.2063 -0.9781
vn 0.4853 0.3595 -0.7970
vn 0.8162 0.4166 -0.4003
vn 0.9267 0.3614 0.1032
vn 0.7854 0.2071 0.5833
vn 0.4283 -0.0041 0.9036
vn -0.0418 -0.2125 0.9763
vn -0.5018 -0.3638 0.7847
vn -0.8244 -0.4166 0.3831
vn -0.9573 -0.2733 -0.0938
vn -0.8226 -0.1003 -0.5597
vn -0.4701 0.0992 -0.8770
vn 0.0041 0.2716 -0.9624
vn 0.4818 0.3735 -0.7927
vn 0.8319 0.3752 -0.4089
vn 0.9575 0.2761 0.0836
vn 0.8238 0.1010 0.5578
vn 0.4646 -0.1018 0.8796
vn -0.0173 -0.2755 0.9611
vn -0.4962 -0.3752 0.7829
vn -0.8394 -0.3736 0.3948
vn -0.9767 -0.2026 -0.0708
vn -0.8469 -0.0114 -0.5316
vn -0.4923 0.1828 -0.8510
vn -0.0099 0.3278 -0.9447
vn 0.4794 0.3868 -0.7877
vn 0.8415 0.3420 -0.4182
vn 0.9767 0.2055 0.0622
vn 0.8480 0.0121 0.5298
vn 0.4879 -0.1846 0.8532
vn -0.0011 -0.3301 0.9439
vn -0.4917 -0.3870 0.7800
vn -0.8481 -0.3395 0.4067
vn -0.9882 -0.1452 -0.0483
vn -0.8616 0.0618 -0.5038
vn -0.5057 0.2522 -0.8250
vn -0.0183 0.3751 -0.9268
vn 0.4780 0.3991 -0.7825
vn 0.8473 0.3157 -0.4271
vn 0.9881 0.1480 0.0412
vn 0.8626 -0.0610 0.5022
vn 0.5021 -0.2536 0.8268
vn 0.0092 -0.3765 0.9264
vn -0.4884 -0.3983 0.7764
vn -0.8530 -0.3128 0.4178
vn -0.9947 -0.0987 -0.0275
vn -0.8700 0.1218 -0.4777
vn -0.5133 0.3098 -0.8003
vn -0.0230 0.4148 -0.9096
vn 0.4774 0.4100 -0.7772
vn 0.8506 0.2949 -0.4353
vn 0.9946 0.1014 0.0216
vn 0.8709 -0.1211 0.4763
vn 0.5105 -0.3108 0.8018
vn 0.0155 -0.4155 0.9094
vn -0.4860 -0.4088 0.7724
vn -0.8554 -0.2920 0.4277
vn -0.9981 -0.0608 -0.0088
vn -0.8745 0.1712 -0.4539
vn -0.5173 0.3575 -0.7776
vn -0.0254 0.4480 -0.8937
vn 0.4772 0.4197 -0.7721
vn 0.8524 0.2784 -0.4425
vn 0.9980 0.0633 0.0038
vn 0.8753 -0.1705 0.4526
vn 0.5150 -0.3582 0.7787
vn 0.0191 -0.4484 0.8936
vn -0.4845 -0.4183 0.7683
vn -0.8566 -0.2756 0.4363
vn -0.9995 -0.0298 0.0079
vn -0.8764 0.2121 -0.4324
vn -0.5189 0.3972 -0.7569
vn -0.0261 0.4760 -0.8790
vn 0.4774 0.4283 -0.7672
vn 0.8534 0.2652 -0.4488
vn 0.9994 0.0321 -0.0121
vn 0.8771 -0.2115 0.4313
vn 0.5170 -0.3978 0.7579
vn 0.0209 -0.4762 0.8791
vn -0.4836 -0.4268 0.7642
vn -0.8569 -0.2625 0.4437
vn -0.9998 -0.0158 0.0158
vn -0.8767 0.2306 -0.4222
vn -0.5191 0.4153 -0.7470
vn -0.0261 0.4888 -0.8720
vn 0.4777 0.4323 -0.7648
vn 0.8537 0.2593 -0.4517
vn 0.9997 0.0179 -0.0195
vn 0.8773 -0.2301 0.4211
vn 0.5175 -0.4158 0.7479
vn 0.0215 -0.4889 0.8721
vn -0.4831 -0.4309 0.7622
vn -0.8568 -0.2568 0.4472
vn -0.0000 -0.7187 0.6954
vn 0.4366 -0.6361 0.6361
vn -0.4366 -0.6361 0.6361
usemtl MI_Trim_01
s 1
f 37/1/1 47/2/1 77/3/2 71/4/2
f 35/5/3 1/6/3 36/7/3
f 3/8/4 12/9/4 55/10/4 57/11/4 39/12/5 4/13/5 30/14/4
f 5/15/6 41/16/6 56/17/7 66/18/7 13/19/7 61/20/7 29/21/7
f 31/22/3 72/23/3 75/24/3 19/25/3 32/26/3
f 34/27/8 58/28/8 55/29/8 12/30/8
f 33/31/9 46/32/9 41/16/6 5/15/6
f 60/33/10 10/34/10 8/35/10 7/36/10
f 36/37/11 1/38/11 43/39/11 45/40/11
f 10/41/12 11/42/12 9/43/13 8/44/13
f 51/45/14 40/46/14 42/47/15 49/48/15
f 14/49/3 78/50/3 75/24/3 15/51/3
f 38/52/8 34/27/8 12/30/8 3/53/8
f 9/54/13 6/55/8 7/56/8 8/57/13
f 11/58/16 16/59/16 6/60/16 9/61/16
f 21/62/17 22/63/17 23/64/17 24/65/17
f 27/66/18 26/67/18 25/68/18 28/69/18
f 21/70/4 24/71/4 26/72/4 27/73/4
f 24/74/8 23/75/8 25/76/8 26/77/8
f 23/78/7 22/79/7 28/80/7 25/81/7
f 22/82/19 21/83/19 27/84/19 28/85/19
f 18/86/14 40/87/14 70/88/20 76/89/20
f 2/90/3 31/22/3 32/26/3
f 16/91/8 11/92/12 34/27/8 38/52/8
f 11/92/12 59/93/8 58/28/8 34/27/8
f 14/49/3 74/94/3 78/50/3
f 4/13/5 39/12/5 47/2/1 37/1/1
f 53/95/21 69/96/20 72/97/20 31/98/22
f 49/99/15 73/100/2 74/101/2 14/102/15
f 58/28/8 59/93/8 83/103/23 87/104/23
f 54/105/24 50/106/25 1/107/26 35/108/27
f 52/109/28 53/95/21 31/98/22 2/110/29
f 42/111/15 40/87/14 18/86/14 17/112/15
f 43/113/4 1/114/26 50/115/25 57/116/4
f 55/29/8 58/28/8 87/104/23 79/117/23
f 41/118/6 46/119/9 53/120/21 52/121/28
f 39/122/5 57/123/4 50/124/25
f 47/125/1 39/122/5 50/124/25 54/126/24
f 42/47/15 77/127/2 73/128/2 49/48/15
f 46/119/9 70/129/20 69/130/20 53/120/21
f 15/131/14 51/132/14 49/99/15 14/102/15
f 48/133/7 56/134/7 52/135/28 2/136/29
f 59/137/8 68/138/8 92/139/23 83/140/23
f 20/141/11 36/37/11 45/40/11 44/142/11
f 45/40/11 43/39/11 80/143/30 88/144/30
f 84/145/30 91/146/30 64/147/11 44/148/11
f 52/121/28 56/149/7 41/118/6
f 66/150/7 56/134/7 48/133/7 95/151/7 97/152/7 98/153/7 96/154/7
f 19/155/11 64/156/11 65/157/11 32/158/11
f 65/157/11 100/159/30 95/160/30 48/161/11
f 66/162/8 96/163/23 99/164/23 67/165/8
f 67/165/8 99/164/23 92/166/23 68/167/8
f 10/168/12 62/169/8 67/165/8 68/167/8
f 60/170/8 63/171/8 62/169/8 10/168/12
f 63/171/8 61/172/8 13/173/8 62/169/8
f 32/158/11 65/157/11 48/161/11 2/174/11
f 62/169/8 13/173/8 66/162/8 67/165/8
f 10/175/12 68/138/8 59/137/8 11/176/12
f 64/156/11 91/177/30 100/159/30 65/157/11
f 44/142/11 45/40/11 88/144/30 84/178/30
f 19/179/11 20/180/11 44/148/11 64/147/11
f 72/97/20 69/96/20 51/132/14 15/131/14
f 73/128/2 77/127/2 47/125/1 54/126/24
f 71/4/2 77/3/2 42/111/15 17/112/15
f 78/50/3 74/94/3 35/5/3 36/7/3 20/181/3
f 74/101/2 73/100/2 54/105/24 35/108/27
f 75/24/3 78/50/3 20/181/3 19/25/3
f 75/24/3 72/23/3 15/51/3
f 69/130/20 70/129/20 40/46/14 51/45/14
f 76/89/20 70/88/20 46/32/9 33/31/9
f 88/144/30 80/143/30 82/182/31 90/183/31
f 90/183/31 82/182/31 81/184/32 89/185/32
f 89/185/32 81/184/32 79/117/23 87/104/23
f 84/178/30 88/144/30 90/183/31 86/186/31
f 86/186/31 90/183/31 89/185/32 85/187/32
f 85/187/32 89/185/32 87/104/23 83/103/23
f 92/166/23 99/164/23 101/188/32 94/189/32
f 94/189/32 101/188/32 102/190/31 93/191/31
f 93/191/31 102/190/31 100/159/30 91/177/30
f 99/164/23 96/163/23 98/192/32 101/188/32
f 101/188/32 98/192/32 97/193/31 102/190/31
f 102/190/31 97/193/31 95/160/30 100/159/30
f 83/140/23 92/139/23 94/194/32 85/195/32
f 85/195/32 94/194/32 93/196/31 86/197/31
f 86/197/31 93/196/31 91/146/30 84/145/30
f 57/116/4 55/198/4 79/199/4 81/200/4 82/201/4 80/202/4 43/113/4
f 183/203/33 210/204/34 226/205/35 187/206/36
f 230/207/37 191/208/38 195/209/39 214/210/40
f 167/211/41 202/212/42 218/213/43 171/214/44
f 184/215/45 176/216/46 220/217/47 207/218/48
f 103/219/49 124/220/50 172/221/51 180/222/52
f 127/223/53 129/224/53 130/225/53 128/226/53 131/227/53 133/228/53 134/229/53 132/230/53 119/231/53 121/232/53 122/233/53 120/234/53 123/235/53 125/236/53 126/237/53 124/238/53 103/239/53 105/240/53 106/241/53 104/242/53 107/243/53 109/244/53 110/245/53 108/246/53 111/247/53 113/248/53 114/249/53 112/250/53 115/251/53 117/252/53 118/253/53 116/254/53
f 196/255/54 188/256/55 224/257/56 211/258/57
f 222/259/58 175/260/59 179/261/60 206/262/61
f 180/222/52 172/221/51 216/263/62 203/264/63
f 112/265/64 183/203/33 187/206/36 115/266/65
f 168/267/66 192/268/67 228/269/68 199/270/69
f 127/271/70 116/272/71 188/256/55 196/255/54
f 119/273/72 132/274/73 192/268/67 168/267/66
f 191/208/38 131/275/74 128/276/75 195/209/39
f 120/277/76 167/211/41 171/214/44 123/278/77
f 111/279/78 108/280/79 176/216/46 184/215/45
f 168/267/66 199/270/69 200/281/80 170/282/81
f 170/282/81 200/281/80 201/283/82 169/284/83
f 169/284/83 201/283/82 202/212/42 167/211/41
f 172/221/51 124/220/50 126/285/84 174/286/85
f 174/286/85 126/285/84 125/287/86 173/288/87
f 173/288/87 125/287/86 123/278/77 171/214/44
f 176/216/46 108/280/79 110/289/88 178/290/89
f 178/290/89 110/289/88 109/291/90 177/292/91
f 177/292/91 109/291/90 107/293/92 175/260/59
f 180/222/52 203/264/63 204/294/93 182/295/94
f 182/295/94 204/294/93 205/296/95 181/297/96
f 181/297/96 205/296/95 206/262/61 179/261/60
f 184/215/45 207/218/48 208/298/97 186/299/98
f 186/299/98 208/298/97 209/300/99 185/301/100
f 185/301/100 209/300/99 210/204/34 183/203/33
f 188/256/55 116/272/71 118/302/101 190/303/102
f 190/304/102 118/305/101 117/306/103 189/307/104
f 189/307/104 117/306/103 115/266/65 187/206/36
f 192/268/67 132/274/73 134/308/105 194/309/106
f 194/309/106 134/308/105 133/310/107 193/311/108
f 193/311/108 133/310/107 131/275/74 191/208/38
f 196/255/54 211/258/57 212/312/109 198/313/110
f 198/314/110 212/315/109 213/316/111 197/317/112
f 197/317/112 213/316/111 214/210/40 195/209/39
f 119/273/72 168/267/66 170/282/81 121/318/113
f 121/318/113 170/282/81 169/284/83 122/319/114
f 122/319/114 169/284/83 167/211/41 120/277/76
f 216/263/62 172/221/51 174/286/85 215/320/115
f 215/320/115 174/286/85 173/288/87 217/321/116
f 217/321/116 173/288/87 171/214/44 218/213/43
f 220/217/47 176/216/46 178/290/89 219/322/117
f 219/322/117 178/290/89 177/292/91 221/323/118
f 221/323/118 177/292/91 175/260/59 222/259/58
f 103/219/49 180/222/52 182/295/94 105/324/119
f 105/324/119 182/295/94 181/297/96 106/325/120
f 106/325/120 181/297/96 179/261/60 104/326/121
f 111/279/78 184/215/45 186/299/98 113/327/122
f 113/327/122 186/299/98 185/301/100 114/328/123
f 114/328/123 185/301/100 183/203/33 112/265/64
f 224/257/56 188/256/55 190/329/102 223/330/124
f 223/331/124 190/332/102 189/333/104 225/334/125
f 225/334/125 189/333/104 187/206/36 226/205/35
f 228/269/68 192/268/67 194/309/106 227/335/126
f 227/335/126 194/309/106 193/311/108 229/336/127
f 229/336/127 193/311/108 191/208/38 230/207/37
f 127/271/70 196/255/54 198/337/110 129/338/128
f 129/339/128 198/340/110 197/341/112 130/342/129
f 130/342/129 197/341/112 195/209/39 128/276/75
f 175/260/59 107/293/92 104/326/121 179/261/60
f 282/343/1 290/344/1 318/345/130 312/346/130
f 280/347/3 263/348/3 281/349/3
f 265/350/4 269/351/4 297/352/4 299/353/4 284/354/5 266/355/5 275/356/4
f 267/357/6 285/358/6 298/359/7 307/360/7 270/361/7 302/362/7 274/363/7
f 276/364/3 313/365/3 316/366/3 273/367/3 277/368/3
f 279/369/8 300/370/8 297/371/8 269/372/8
f 278/373/9 289/374/9 285/358/6 267/357/6
f 281/375/11 263/376/11 287/377/11 288/378/11
f 283/379/8 279/369/8 269/372/8 265/380/8
f 272/381/19 286/382/19 311/383/131 317/384/131
f 264/385/3 276/364/3 277/368/3
f 301/386/8 268/387/8 279/369/8 283/379/8
f 268/387/8 309/388/8 300/370/8 279/369/8
f 271/389/3 315/390/3 316/391/3
f 266/355/5 284/354/5 290/344/1 282/343/1
f 295/392/21 310/393/132 313/394/132 276/395/22
f 292/396/19 314/397/133 315/398/133 271/399/19
f 300/370/8 309/388/8 329/400/23 324/401/23
f 296/402/24 293/403/25 263/404/26 280/405/27
f 294/406/28 295/392/21 276/395/22 264/407/29
f 287/408/4 263/409/26 293/410/25 299/411/4
f 297/371/8 300/370/8 324/401/23 319/412/23
f 285/413/6 289/414/9 295/415/21 294/416/28
f 284/417/5 299/418/4 293/419/25
f 290/420/1 284/417/5 293/419/25 296/421/24
f 286/422/19 318/423/133 314/424/133 292/425/19
f 289/414/9 311/426/132 310/427/132 295/415/21
f 291/428/7 298/429/7 294/430/28 264/431/29
f 273/432/11 281/375/11 288/378/11 305/433/11
f 288/378/11 287/377/11 320/434/30 325/435/30
f 294/416/28 298/436/7 285/413/6
f 307/437/7 298/429/7 291/428/7 331/438/7 333/439/7 334/440/7 332/441/7
f 273/432/11 305/433/11 306/442/11 277/443/11
f 306/442/11 336/444/30 331/445/30 291/446/11
f 307/447/8 332/448/23 335/449/23 308/450/8
f 308/450/8 335/449/23 329/400/23 309/388/8
f 268/387/8 303/451/8 308/450/8 309/388/8
f 301/386/8 304/452/8 303/451/8 268/387/8
f 304/452/8 302/453/8 270/454/8 303/451/8
f 277/443/11 306/442/11 291/446/11 264/455/11
f 303/451/8 270/454/8 307/447/8 308/450/8
f 305/433/11 328/456/30 336/444/30 306/442/11
f 305/433/11 288/378/11 325/435/30 328/456/30
f 313/394/131 310/393/131 292/457/19 271/458/19
f 314/424/130 318/423/130 290/420/1 296/421/24
f 312/346/133 318/345/133 286/459/19 272/460/19
f 316/391/3 315/390/3 280/347/3 281/349/3 273/461/3
f 315/398/130 314/397/130 296/402/24 280/405/27
f 316/366/3 313/365/3 271/462/3
f 310/427/131 311/426/131 286/463/19 292/464/19
f 317/384/132 311/383/132 289/374/9 278/373/9
f 325/435/30 320/434/30 322/465/31 327/466/31
f 327/466/31 322/465/31 321/467/32 326/468/32
f 326/468/32 321/467/32 319/412/23 324/401/23
f 328/456/30 325/435/30 327/466/31 330/469/31
f 330/469/31 327/466/31 326/468/32 323/470/32
f 323/470/32 326/468/32 324/401/23 329/400/23
f 329/400/23 335/449/23 337/471/32 323/470/32
f 323/470/32 337/471/32 338/472/31 330/469/31
f 330/469/31 338/472/31 336/444/30 328/456/30
f 335/449/23 332/448/23 334/473/32 337/471/32
f 337/471/32 334/473/32 333/474/31 338/472/31
f 338/472/31 333/474/31 331/445/30 336/444/30
f 299/411/4 297/475/4 319/476/4 321/477/4 322/478/4 320/479/4 287/408/4
f 358/480/9 388/481/132 394/482/132 366/483/9
f 356/484/3 357/485/3 339/486/3
f 341/487/7 351/488/7 342/489/6 360/490/6 375/491/7 373/492/7 345/493/7
f 343/494/5 350/495/4 378/496/4 346/497/4 383/498/4 374/499/4 361/500/5
f 352/501/3 353/502/3 349/503/3 392/504/3 389/505/3
f 355/506/8 345/507/8 373/508/8 376/509/8
f 354/510/1 343/494/5 361/500/5 365/511/1
f 357/512/11 364/513/11 363/514/11 339/515/11
f 359/516/8 341/517/8 345/507/8 355/506/8
f 348/518/19 393/519/133 387/520/133 362/521/19
f 340/522/3 353/502/3 352/501/3
f 377/523/8 359/516/8 355/506/8 344/524/8
f 344/524/8 355/506/8 376/509/8 385/525/8
f 347/526/3 392/527/3 391/528/3
f 342/489/6 358/480/9 366/483/9 360/490/6
f 371/529/24 352/530/27 389/531/130 386/532/130
f 368/533/19 347/534/19 391/535/131 390/536/131
f 376/509/8 400/537/23 405/538/23 385/525/8
f 372/539/21 356/540/22 339/541/29 369/542/28
f 370/543/25 340/544/26 352/530/27 371/529/24
f 363/545/7 375/546/7 369/547/28 339/548/29
f 373/508/8 395/549/23 400/537/23 376/509/8
f 361/550/5 370/551/25 371/552/24 365/553/1
f 360/554/6 369/555/28 375/556/7
f 366/557/9 372/558/21 369/555/28 360/554/6
f 362/559/19 368/560/19 390/561/131 394/562/131
f 365/553/1 371/552/24 386/563/130 387/564/130
f 367/565/4 340/566/26 370/567/25 374/568/4
f 349/569/11 381/570/11 364/513/11 357/512/11
f 364/513/11 401/571/30 396/572/30 363/514/11
f 370/551/25 361/550/5 374/573/4
f 383/574/4 408/575/4 410/576/4 409/577/4 407/578/4 367/565/4 374/568/4
f 349/569/11 353/579/11 382/580/11 381/570/11
f 382/580/11 367/581/11 407/582/30 412/583/30
f 383/584/8 384/585/8 411/586/23 408/587/23
f 384/585/8 385/525/8 405/538/23 411/586/23
f 344/524/8 385/525/8 384/585/8 379/588/8
f 377/523/8 344/524/8 379/588/8 380/589/8
f 380/589/8 379/588/8 346/590/8 378/591/8
f 353/579/11 340/592/11 367/581/11 382/580/11
f 379/588/8 384/585/8 383/584/8 346/590/8
f 381/570/11 382/580/11 412/583/30 404/593/30
f 381/570/11 404/593/30 401/571/30 364/513/11
f 389/531/133 347/594/19 368/595/19 386/532/133
f 390/561/132 372/558/21 366/557/9 394/562/132
f 388/481/131 348/596/19 362/597/19 394/482/131
f 392/527/3 349/598/3 357/485/3 356/484/3 391/528/3
f 391/535/132 356/540/22 372/539/21 390/536/132
f 392/504/3 347/599/3 389/505/3
f 386/563/133 368/600/19 362/601/19 387/564/133
f 393/519/130 354/510/1 365/511/1 387/520/130
f 401/571/30 403/602/31 398/603/31 396/572/30
f 403/602/31 402/604/32 397/605/32 398/603/31
f 402/604/32 400/537/23 395/549/23 397/605/32
f 404/593/30 406/606/31 403/602/31 401/571/30
f 406/606/31 399/607/32 402/604/32 403/602/31
f 399/607/32 405/538/23 400/537/23 402/604/32
f 405/538/23 399/607/32 413/608/32 411/586/23
f 399/607/32 406/606/31 414/609/31 413/608/32
f 406/606/31 404/593/30 412/583/30 414/609/31
f 411/586/23 413/608/32 410/610/32 408/587/23
f 413/608/32 414/609/31 409/611/31 410/610/32
f 414/609/31 412/583/30 407/582/30 409/611/31
f 375/546/7 363/545/7 396/612/7 398/613/7 397/614/7 395/615/7 373/616/7
f 2175/617/134 2202/618/135 2218/619/136 2179/620/137
f 2222/621/138 2183/622/139 2187/623/140 2206/624/141
f 2159/625/142 2194/626/143 2210/627/144 2163/628/145
f 2176/629/146 2168/630/147 2212/631/148 2199/632/149
f 2095/633/150 2116/634/151 2164/635/152 2172/636/153
f 2119/637/154 2121/638/154 2122/639/154 2120/640/154 2123/641/154 2125/642/154 2126/643/154 2124/644/154 2111/645/154 2113/646/154 2114/647/154 2112/648/154 2115/649/154 2117/650/154 2118/651/154 2116/652/154 2095/653/154 2097/654/154 2098/655/154 2096/656/154 2099/657/154 2101/658/154 2102/659/154 2100/660/154 2103/661/154 2105/662/154 2106/663/154 2104/664/154 2107/665/154 2109/666/154 2110/667/154 2108/668/154
f 2188/669/155 2180/670/156 2216/671/157 2203/672/158
f 2214/673/159 2167/674/160 2171/675/161 2198/676/162
f 2172/636/153 2164/635/152 2208/677/163 2195/678/164
f 2104/679/165 2175/617/134 2179/620/137 2107/680/166
f 2160/681/167 2184/682/168 2220/683/169 2191/684/170
f 2119/685/171 2108/686/172 2180/670/156 2188/669/155
f 2111/687/173 2124/688/174 2184/682/168 2160/681/167
f 2183/622/139 2123/689/175 2120/690/176 2187/623/140
f 2112/691/177 2159/625/142 2163/628/145 2115/692/178
f 2103/693/179 2100/694/180 2168/630/147 2176/629/146
f 2160/681/167 2191/684/170 2192/695/181 2162/696/182
f 2162/696/182 2192/695/181 2193/697/183 2161/698/184
f 2161/698/184 2193/697/183 2194/626/143 2159/625/142
f 2164/635/152 2116/634/151 2118/699/185 2166/700/186
f 2166/700/186 2118/699/185 2117/701/187 2165/702/188
f 2165/702/188 2117/701/187 2115/692/178 2163/628/145
f 2168/630/147 2100/694/180 2102/703/189 2170/704/190
f 2170/704/190 2102/703/189 2101/705/191 2169/706/192
f 2169/706/192 2101/705/191 2099/707/193 2167/674/160
f 2172/636/153 2195/678/164 2196/708/194 2174/709/195
f 2174/709/195 2196/708/194 2197/710/196 2173/711/197
f 2173/711/197 2197/710/196 2198/676/162 2171/675/161
f 2176/629/146 2199/632/149 2200/712/198 2178/713/199
f 2178/713/199 2200/712/198 2201/714/200 2177/715/201
f 2177/715/201 2201/714/200 2202/618/135 2175/617/134
f 2180/670/156 2108/686/172 2110/716/202 2182/717/203
f 2182/718/203 2110/719/202 2109/720/204 2181/721/205
f 2181/721/205 2109/720/204 2107/680/166 2179/620/137
f 2184/682/168 2124/688/174 2126/722/206 2186/723/207
f 2186/723/207 2126/722/206 2125/724/208 2185/725/209
f 2185/725/209 2125/724/208 2123/689/175 2183/622/139
f 2188/669/155 2203/672/158 2204/726/210 2190/727/211
f 2190/728/211 2204/729/210 2205/730/212 2189/731/213
f 2189/731/213 2205/730/212 2206/624/141 2187/623/140
f 2111/687/173 2160/681/167 2162/696/182 2113/732/214
f 2113/732/214 2162/696/182 2161/698/184 2114/733/215
f 2114/733/215 2161/698/184 2159/625/142 2112/691/177
f 2208/677/163 2164/635/152 2166/700/186 2207/734/216
f 2207/734/216 2166/700/186 2165/702/188 2209/735/217
f 2209/735/217 2165/702/188 2163/628/145 2210/627/144
f 2212/631/148 2168/630/147 2170/704/190 2211/736/218
f 2211/736/218 2170/704/190 2169/706/192 2213/737/219
f 2213/737/219 2169/706/192 2167/674/160 2214/673/159
f 2095/633/150 2172/636/153 2174/709/195 2097/738/220
f 2097/738/220 2174/709/195 2173/711/197 2098/739/221
f 2098/739/221 2173/711/197 2171/675/161 2096/740/222
f 2103/693/179 2176/629/146 2178/713/199 2105/741/223
f 2105/741/223 2178/713/199 2177/715/201 2106/742/224
f 2106/742/224 2177/715/201 2175/617/134 2104/679/165
f 2216/671/157 2180/670/156 2182/743/203 2215/744/225
f 2215/745/225 2182/746/203 2181/747/205 2217/748/226
f 2217/748/226 2181/747/205 2179/620/137 2218/619/136
f 2220/683/169 2184/682/168 2186/723/207 2219/749/227
f 2219/749/227 2186/723/207 2185/725/209 2221/750/228
f 2221/750/228 2185/725/209 2183/622/139 2222/621/138
f 2119/685/171 2188/669/155 2190/751/211 2121/752/229
f 2121/753/229 2190/754/211 2189/755/213 2122/756/230
f 2122/756/230 2189/755/213 2187/623/140 2120/690/176
f 2167/674/160 2099/707/193 2096/740/222 2171/675/161
f 2335/757/231 2339/758/232 2378/759/233 2362/760/234
f 2382/761/235 2366/762/236 2347/763/237 2343/764/238
f 2319/765/239 2323/766/240 2370/767/241 2354/768/242
f 2336/769/243 2359/770/244 2372/771/245 2328/772/246
f 2255/773/247 2332/774/248 2324/775/249 2276/776/250
f 2279/777/251 2268/778/251 2270/779/251 2269/780/251 2267/781/251 2264/782/251 2266/783/251 2265/784/251 2263/785/251 2260/786/251 2262/787/251 2261/788/251 2259/789/251 2256/790/251 2258/791/251 2257/792/251 2255/793/251 2276/794/251 2278/795/251 2277/796/251 2275/797/251 2272/798/251 2274/799/251 2273/800/251 2271/801/251 2284/802/251 2286/803/251 2285/804/251 2283/805/251 2280/806/251 2282/807/251 2281/808/251
f 2348/809/252 2363/810/253 2376/811/254 2340/812/255
f 2374/813/256 2358/814/257 2331/815/258 2327/816/259
f 2332/774/248 2355/817/260 2368/818/261 2324/775/249
f 2264/819/262 2267/820/263 2339/758/232 2335/757/231
f 2320/821/264 2351/822/265 2380/823/266 2344/824/267
f 2279/825/268 2348/809/252 2340/812/255 2268/826/269
f 2271/827/270 2320/821/264 2344/824/267 2284/828/271
f 2343/764/238 2347/763/237 2280/829/272 2283/830/273
f 2272/831/274 2275/832/275 2323/766/240 2319/765/239
f 2263/833/276 2336/769/243 2328/772/246 2260/834/277
f 2320/821/264 2322/835/278 2352/836/279 2351/822/265
f 2322/835/278 2321/837/280 2353/838/281 2352/836/279
f 2321/837/280 2319/765/239 2354/768/242 2353/838/281
f 2324/775/249 2326/839/282 2278/840/283 2276/776/250
f 2326/839/282 2325/841/284 2277/842/285 2278/840/283
f 2325/841/284 2323/766/240 2275/832/275 2277/842/285
f 2328/772/246 2330/843/286 2262/844/287 2260/834/277
f 2330/843/286 2329/845/288 2261/846/289 2262/844/287
f 2329/845/288 2327/816/259 2259/847/290 2261/846/289
f 2332/774/248 2334/848/291 2356/849/292 2355/817/260
f 2334/848/291 2333/850/293 2357/851/294 2356/849/292
f 2333/850/293 2331/815/258 2358/814/257 2357/851/294
f 2336/769/243 2338/852/295 2360/853/296 2359/770/244
f 2338/852/295 2337/854/297 2361/855/298 2360/853/296
f 2337/854/297 2335/757/231 2362/760/234 2361/855/298
f 2340/812/255 2342/856/299 2270/857/300 2268/826/269
f 2342/858/299 2341/859/301 2269/860/302 2270/861/300
f 2341/859/301 2339/758/232 2267/820/263 2269/860/302
f 2344/824/267 2346/862/303 2286/863/304 2284/828/271
f 2346/862/303 2345/864/305 2285/865/306 2286/863/304
f 2345/864/305 2343/764/238 2283/830/273 2285/865/306
f 2348/809/252 2350/866/307 2364/867/308 2363/810/253
f 2350/868/307 2349/869/309 2365/870/310 2364/871/308
f 2349/869/309 2347/763/237 2366/762/236 2365/870/310
f 2271/827/270 2273/872/311 2322/835/278 2320/821/264
f 2273/872/311 2274/873/312 2321/837/280 2322/835/278
f 2274/873/312 2272/831/274 2319/765/239 2321/837/280
f 2368/818/261 2367/874/313 2326/839/282 2324/775/249
f 2367/874/313 2369/875/314 2325/841/284 2326/839/282
f 2369/875/314 2370/767/241 2323/766/240 2325/841/284
f 2372/771/245 2371/876/315 2330/843/286 2328/772/246
f 2371/876/315 2373/877/316 2329/845/288 2330/843/286
f 2373/877/316 2374/813/256 2327/816/259 2329/845/288
f 2255/773/247 2257/878/317 2334/848/291 2332/774/248
f 2257/878/317 2258/879/318 2333/850/293 2334/848/291
f 2258/879/318 2256/880/319 2331/815/258 2333/850/293
f 2263/833/276 2265/881/320 2338/852/295 2336/769/243
f 2265/881/320 2266/882/321 2337/854/297 2338/852/295
f 2266/882/321 2264/819/262 2335/757/231 2337/854/297
f 2376/811/254 2375/883/322 2342/884/299 2340/812/255
f 2375/885/322 2377/886/323 2341/887/301 2342/888/299
f 2377/886/323 2378/759/233 2339/758/232 2341/887/301
f 2380/823/266 2379/889/324 2346/862/303 2344/824/267
f 2379/889/324 2381/890/325 2345/864/305 2346/862/303
f 2381/890/325 2382/761/235 2343/764/238 2345/864/305
f 2279/825/268 2281/891/326 2350/892/307 2348/809/252
f 2281/893/326 2282/894/327 2349/895/309 2350/896/307
f 2282/894/327 2280/829/272 2347/763/237 2349/895/309
f 2327/816/259 2331/815/258 2256/880/319 2259/847/290
f 2415/897/328 2416/898/328 2418/899/328 2417/900/328
f 2423/901/329 2424/902/330 2422/903/331 2421/904/331
f 2421/905/332 2422/906/332 2420/907/332 2419/908/332
f 2425/909/333 2426/910/334 2416/911/335 2415/912/335
f 2423/913/336 2421/914/337 2419/915/337 2425/916/338
f 2424/917/339 2418/918/340 2416/919/340 2426/920/341
f 2422/906/342 2424/917/339 2426/920/341 2420/907/342
f 2417/900/343 2423/913/336 2425/916/338 2415/897/343
f 2419/921/344 2420/922/344 2426/910/334 2425/909/333
f 2417/923/345 2418/924/345 2424/902/330 2423/901/329
f 2427/925/346 2429/926/346 2430/927/346 2428/928/346
f 2435/929/347 2433/930/348 2434/931/348 2436/932/349
f 2433/933/350 2431/934/350 2432/935/350 2434/936/350
f 2437/937/351 2427/938/352 2428/939/352 2438/940/353
f 2435/941/354 2437/942/355 2431/943/356 2433/944/356
f 2436/945/357 2438/946/358 2428/947/359 2430/948/359
f 2434/936/360 2432/935/360 2438/946/358 2436/945/357
f 2429/926/361 2427/925/361 2437/942/355 2435/941/354
f 2431/949/362 2437/937/351 2438/940/353 2432/950/362
f 2429/951/363 2435/929/347 2436/932/349 2430/952/363
usemtl M_Black
f 151/953/11 153/954/11 154/955/11 152/956/11 155/957/11 157/958/11 158/959/11 156/960/11 143/961/11 145/962/11 146/963/11 144/964/11 147/965/11 149/966/11 150/967/11 148/968/11 135/969/11 137/970/11 138/971/11 136/972/11 139/973/11 141/974/11 142/975/11 140/976/11 159/977/11 161/978/11 162/979/11 160/980/11 163/981/11 165/982/11 166/983/11 164/984/11
f 231/985/11 232/986/11 200/987/11 199/988/11
f 232/986/11 233/989/11 201/990/11 200/987/11
f 233/989/11 234/991/11 202/992/11 201/990/11
f 235/993/11 236/994/11 204/995/11 203/996/11
f 236/994/11 237/997/11 205/998/11 204/995/11
f 237/997/11 238/999/11 206/1000/11 205/998/11
f 239/1001/11 240/1002/11 208/1003/11 207/1004/11
f 240/1002/11 241/1005/11 209/1006/11 208/1003/11
f 241/1005/11 242/1007/11 210/1008/11 209/1006/11
f 243/1009/11 244/1010/11 212/1011/11 211/1012/11
f 244/1010/11 245/1013/11 213/1014/11 212/1011/11
f 245/1013/11 246/1015/11 214/1016/11 213/1014/11
f 247/1017/11 248/1018/11 216/1019/11 215/1020/11
f 249/1021/11 247/1017/11 215/1020/11 217/1022/11
f 250/1023/11 249/1021/11 217/1022/11 218/1024/11
f 251/1025/11 252/1026/11 220/1027/11 219/1028/11
f 253/1029/11 251/1025/11 219/1028/11 221/1030/11
f 254/1031/11 253/1029/11 221/1030/11 222/1032/11
f 255/1033/11 256/1034/11 224/1035/11 223/1036/11
f 257/1037/11 255/1033/11 223/1036/11 225/1038/11
f 258/1039/11 257/1037/11 225/1038/11 226/1040/11
f 259/1041/11 260/1042/11 228/1043/11 227/1044/11
f 261/1045/11 259/1041/11 227/1044/11 229/1046/11
f 262/1047/11 261/1045/11 229/1046/11 230/1048/11
f 238/999/11 254/1031/11 222/1032/11 206/1000/11
f 260/1042/11 231/985/11 199/988/11 228/1043/11
f 246/1015/11 262/1047/11 230/1048/11 214/1016/11
f 256/1034/11 243/1009/11 211/1012/11 224/1035/11
f 242/1007/11 258/1039/11 226/1040/11 210/1008/11
f 252/1026/11 239/1001/11 207/1004/11 220/1027/11
f 248/1018/11 235/993/11 203/996/11 216/1019/11
f 234/991/11 250/1023/11 218/1024/11 202/992/11
f 164/1049/11 166/1050/11 232/1051/11 231/1052/11
f 166/1050/11 165/1053/11 233/1054/11 232/1051/11
f 165/1053/11 163/1055/11 234/1056/11 233/1054/11
f 140/1057/11 142/1058/11 236/1059/11 235/1060/11
f 142/1058/11 141/1061/11 237/1062/11 236/1059/11
f 141/1061/11 139/1063/11 238/1064/11 237/1062/11
f 148/1065/11 150/1066/11 240/1067/11 239/1068/11
f 150/1066/11 149/1069/11 241/1070/11 240/1067/11
f 149/1069/11 147/1071/11 242/1072/11 241/1070/11
f 156/1073/11 158/1074/11 244/1075/11 243/1076/11
f 158/1074/11 157/1077/11 245/1078/11 244/1075/11
f 157/1077/11 155/1079/11 246/1080/11 245/1078/11
f 161/1081/11 159/1082/11 248/1083/11 247/1084/11
f 162/1085/11 161/1081/11 247/1084/11 249/1086/11
f 160/1087/11 162/1085/11 249/1086/11 250/1088/11
f 137/1089/11 135/1090/11 252/1091/11 251/1092/11
f 138/1093/11 137/1089/11 251/1092/11 253/1094/11
f 136/1095/11 138/1093/11 253/1094/11 254/1096/11
f 145/1097/11 143/1098/11 256/1099/11 255/1100/11
f 146/1101/11 145/1097/11 255/1100/11 257/1102/11
f 144/1103/11 146/1101/11 257/1102/11 258/1104/11
f 153/1105/11 151/1106/11 260/1107/11 259/1108/11
f 154/1109/11 153/1105/11 259/1108/11 261/1110/11
f 152/1111/11 154/1109/11 261/1110/11 262/1112/11
f 139/1063/11 136/1095/11 254/1096/11 238/1064/11
f 151/1106/11 164/1049/11 231/1052/11 260/1107/11
f 155/1079/11 152/1111/11 262/1112/11 246/1080/11
f 143/1098/11 156/1073/11 243/1076/11 256/1099/11
f 147/1071/11 144/1103/11 258/1104/11 242/1072/11
f 135/1090/11 148/1065/11 239/1068/11 252/1091/11
f 159/1082/11 140/1057/11 235/1060/11 248/1083/11
f 163/1055/11 160/1087/11 250/1088/11 234/1056/11
f 2143/1113/364 2145/1114/364 2146/1115/364 2144/1116/364 2147/1117/364 2149/1118/364 2150/1119/364 2148/1120/364 2135/1121/364 2137/1122/364 2138/1123/364 2136/1124/364 2139/1125/364 2141/1126/364 2142/1127/364 2140/1128/364 2127/1129/364 2129/1130/364 2130/1131/364 2128/1132/365 2131/1133/365 2133/1134/364 2134/1135/364 2132/1136/364 2151/1137/364 2153/1138/364 2154/1139/364 2152/1140/364 2155/1141/364 2157/1142/364 2158/1143/364 2156/1144/365
f 2223/1145/365 2224/1146/364 2192/1147/364 2191/1148/365
f 2224/1146/364 2225/1149/364 2193/1150/364 2192/1147/364
f 2225/1149/364 2226/1151/364 2194/1152/364 2193/1150/364
f 2227/1153/365 2228/1154/364 2196/1155/364 2195/1156/365
f 2228/1154/364 2229/1157/364 2197/1158/364 2196/1155/364
f 2229/1157/364 2230/1159/365 2198/1160/365 2197/1158/364
f 2231/1161/364 2232/1162/364 2200/1163/364 2199/1164/364
f 2232/1162/364 2233/1165/364 2201/1166/364 2200/1163/364
f 2233/1165/364 2234/1167/364 2202/1168/364 2201/1166/364
f 2235/1169/364 2236/1170/365 2204/1171/364 2203/1172/364
f 2236/1170/365 2237/1173/365 2205/1174/365 2204/1171/364
f 2237/1173/365 2238/1175/365 2206/1176/365 2205/1174/365
f 2239/1177/364 2240/1178/364 2208/1179/365 2207/1180/364
f 2241/1181/364 2239/1177/364 2207/1180/364 2209/1182/365
f 2242/1183/364 2241/1181/364 2209/1182/365 2210/1184/365
f 2243/1185/364 2244/1186/364 2212/1187/364 2211/1188/364
f 2245/1189/364 2243/1185/364 2211/1188/364 2213/1190/364
f 2246/1191/365 2245/1189/364 2213/1190/364 2214/1192/364
f 2247/1193/365 2248/1194/364 2216/1195/364 2215/1196/365
f 2249/1197/365 2247/1193/365 2215/1196/365 2217/1198/365
f 2250/1199/364 2249/1197/365 2217/1198/365 2218/1200/364
f 2251/1201/364 2252/1202/364 2220/1203/364 2219/1204/364
f 2253/1205/364 2251/1201/364 2219/1204/364 2221/1206/364
f 2254/1207/364 2253/1205/364 2221/1206/364 2222/1208/364
f 2230/1159/365 2246/1191/365 2214/1192/364 2198/1160/365
f 2252/1202/364 2223/1145/365 2191/1148/365 2220/1203/364
f 2238/1175/365 2254/1207/364 2222/1208/364 2206/1176/365
f 2248/1194/364 2235/1169/364 2203/1172/364 2216/1195/364
f 2234/1167/364 2250/1199/364 2218/1200/364 2202/1168/364
f 2244/1186/364 2231/1161/364 2199/1164/364 2212/1187/364
f 2240/1178/364 2227/1153/365 2195/1156/365 2208/1179/365
f 2226/1151/364 2242/1183/364 2210/1184/365 2194/1152/364
f 2156/1209/365 2158/1210/364 2224/1211/364 2223/1212/365
f 2158/1210/364 2157/1213/364 2225/1214/364 2224/1211/364
f 2157/1213/364 2155/1215/364 2226/1216/364 2225/1214/364
f 2132/1217/364 2134/1218/364 2228/1219/364 2227/1220/365
f 2134/1218/364 2133/1221/364 2229/1222/364 2228/1219/364
f 2133/1221/364 2131/1223/365 2230/1224/365 2229/1222/364
f 2140/1225/364 2142/1226/364 2232/1227/364 2231/1228/364
f 2142/1226/364 2141/1229/364 2233/1230/364 2232/1227/364
f 2141/1229/364 2139/1231/364 2234/1232/364 2233/1230/364
f 2148/1233/364 2150/1234/364 2236/1235/365 2235/1236/364
f 2150/1234/364 2149/1237/364 2237/1238/365 2236/1235/365
f 2149/1237/364 2147/1239/364 2238/1240/365 2237/1238/365
f 2153/1241/364 2151/1242/364 2240/1243/364 2239/1244/364
f 2154/1245/364 2153/1241/364 2239/1244/364 2241/1246/364
f 2152/1247/364 2154/1245/364 2241/1246/364 2242/1248/364
f 2129/1249/364 2127/1250/364 2244/1251/364 2243/1252/364
f 2130/1253/364 2129/1249/364 2243/1252/364 2245/1254/364
f 2128/1255/365 2130/1253/364 2245/1254/364 2246/1256/365
f 2137/1257/364 2135/1258/364 2248/1259/364 2247/1260/365
f 2138/1261/364 2137/1257/364 2247/1260/365 2249/1262/365
f 2136/1263/364 2138/1261/364 2249/1262/365 2250/1264/364
f 2145/1265/364 2143/1266/364 2252/1267/364 2251/1268/364
f 2146/1269/364 2145/1265/364 2251/1268/364 2253/1270/364
f 2144/1271/364 2146/1269/364 2253/1270/364 2254/1272/364
f 2131/1223/365 2128/1255/365 2246/1256/365 2230/1224/365
f 2143/1266/364 2156/1209/365 2223/1212/365 2252/1267/364
f 2147/1239/364 2144/1271/364 2254/1272/364 2238/1240/365
f 2135/1258/364 2148/1233/364 2235/1236/364 2248/1259/364
f 2139/1231/364 2136/1263/364 2250/1264/364 2234/1232/364
f 2127/1250/364 2140/1225/364 2231/1228/364 2244/1251/364
f 2151/1242/364 2132/1217/364 2227/1220/365 2240/1243/364
f 2155/1215/364 2152/1247/364 2242/1248/364 2226/1216/364
f 2303/1273/366 2316/1274/367 2318/1275/366 2317/1276/366 2315/1277/366 2312/1278/366 2314/1279/366 2313/1280/366 2311/1281/366 2292/1282/366 2294/1283/366 2293/1284/366 2291/1285/367 2288/1286/367 2290/1287/366 2289/1288/366 2287/1289/366 2300/1290/366 2302/1291/366 2301/1292/366 2299/1293/366 2296/1294/366 2298/1295/366 2297/1296/366 2295/1297/366 2308/1298/366 2310/1299/366 2309/1300/366 2307/1301/366 2304/1302/366 2306/1303/366 2305/1304/366
f 2383/1305/367 2351/1306/367 2352/1307/366 2384/1308/366
f 2384/1308/366 2352/1307/366 2353/1309/366 2385/1310/366
f 2385/1310/366 2353/1309/366 2354/1311/366 2386/1312/366
f 2387/1313/367 2355/1314/367 2356/1315/366 2388/1316/366
f 2388/1316/366 2356/1315/366 2357/1317/366 2389/1318/366
f 2389/1318/366 2357/1317/366 2358/1319/367 2390/1320/367
f 2391/1321/366 2359/1322/366 2360/1323/366 2392/1324/366
f 2392/1324/366 2360/1323/366 2361/1325/366 2393/1326/366
f 2393/1326/366 2361/1325/366 2362/1327/366 2394/1328/366
f 2395/1329/367 2363/1330/366 2364/1331/366 2396/1332/367
f 2396/1332/367 2364/1331/366 2365/1333/367 2397/1334/367
f 2397/1334/367 2365/1333/367 2366/1335/367 2398/1336/367
f 2399/1337/366 2367/1338/367 2368/1339/367 2400/1340/366
f 2401/1341/366 2369/1342/367 2367/1338/367 2399/1337/366
f 2402/1343/366 2370/1344/367 2369/1342/367 2401/1341/366
f 2403/1345/366 2371/1346/366 2372/1347/366 2404/1348/366
f 2405/1349/366 2373/1350/366 2371/1346/366 2403/1345/366
f 2406/1351/367 2374/1352/367 2373/1350/366 2405/1349/366
f 2407/1353/367 2375/1354/367 2376/1355/366 2408/1356/366
f 2409/1357/367 2377/1358/367 2375/1354/367 2407/1353/367
f 2410/1359/366 2378/1360/366 2377/1358/367 2409/1357/367
f 2411/1361/366 2379/1362/366 2380/1363/366 2412/1364/366
f 2413/1365/366 2381/1366/367 2379/1362/366 2411/1361/366
f 2414/1367/366 2382/1368/366 2381/1366/367 2413/1365/366
f 2390/1320/367 2358/1319/367 2374/1352/367 2406/1351/367
f 2412/1364/366 2380/1363/366 2351/1306/367 2383/1305/367
f 2398/1336/367 2366/1335/367 2382/1368/366 2414/1367/366
f 2408/1356/366 2376/1355/366 2363/1330/366 2395/1329/367
f 2394/1328/366 2362/1327/366 2378/1360/366 2410/1359/366
f 2404/1348/366 2372/1347/366 2359/1322/366 2391/1321/366
f 2400/1340/366 2368/1339/367 2355/1314/367 2387/1313/367
f 2386/1312/366 2354/1311/366 2370/1344/367 2402/1343/366
f 2316/1369/367 2383/1370/367 2384/1371/366 2318/1372/366
f 2318/1372/366 2384/1371/366 2385/1373/366 2317/1374/366
f 2317/1374/366 2385/1373/366 2386/1375/366 2315/1376/366
f 2292/1377/366 2387/1378/367 2388/1379/366 2294/1380/366
f 2294/1380/366 2388/1379/366 2389/1381/366 2293/1382/366
f 2293/1382/366 2389/1381/366 2390/1383/367 2291/1384/367
f 2300/1385/366 2391/1386/366 2392/1387/366 2302/1388/366
f 2302/1388/366 2392/1387/366 2393/1389/366 2301/1390/366
f 2301/1390/366 2393/1389/366 2394/1391/366 2299/1392/366
f 2308/1393/366 2395/1394/367 2396/1395/367 2310/1396/366
f 2310/1396/366 2396/1395/367 2397/1397/367 2309/1398/366
f 2309/1398/366 2397/1397/367 2398/1399/367 2307/1400/366
f 2313/1401/366 2399/1402/366 2400/1403/366 2311/1404/366
f 2314/1405/366 2401/1406/366 2399/1402/366 2313/1401/366
f 2312/1407/366 2402/1408/366 2401/1406/366 2314/1405/366
f 2289/1409/366 2403/1410/366 2404/1411/366 2287/1412/366
f 2290/1413/366 2405/1414/366 2403/1410/366 2289/1409/366
f 2288/1415/367 2406/1416/367 2405/1414/366 2290/1413/366
f 2297/1417/366 2407/1418/367 2408/1419/366 2295/1420/366
f 2298/1421/366 2409/1422/367 2407/1418/367 2297/1417/366
f 2296/1423/366 2410/1424/366 2409/1422/367 2298/1421/366
f 2305/1425/366 2411/1426/366 2412/1427/366 2303/1428/366
f 2306/1429/366 2413/1430/366 2411/1426/366 2305/1425/366
f 2304/1431/366 2414/1432/366 2413/1430/366 2306/1429/366
f 2291/1384/367 2390/1383/367 2406/1416/367 2288/1415/367
f 2303/1428/366 2412/1427/366 2383/1370/367 2316/1369/367
f 2307/1400/366 2398/1399/367 2414/1432/366 2304/1431/366
f 2295/1420/366 2408/1419/366 2395/1394/367 2308/1393/366
f 2299/1392/366 2394/1391/366 2410/1424/366 2296/1423/366
f 2287/1412/366 2404/1411/366 2391/1386/366 2300/1385/366
f 2311/1404/366 2400/1403/366 2387/1378/367 2292/1377/366
f 2315/1376/366 2386/1375/366 2402/1408/366 2312/1407/366
usemtl MI_Trim_03_Dark
f 415/1433/368 427/1434/369 438/1435/370 426/1436/371
f 416/1437/372 428/1438/373 427/1434/369 415/1433/368
f 417/1439/374 429/1440/375 428/1438/373 416/1437/372
f 418/1441/376 430/1442/377 429/1440/375 417/1439/374
f 419/1443/378 431/1444/379 430/1445/377 418/1446/376
f 420/1447/380 432/1448/381 431/1444/379 419/1443/378
f 421/1449/382 433/1450/383 432/1448/381 420/1447/380
f 422/1451/384 434/1452/385 433/1450/383 421/1449/382
f 423/1453/386 435/1454/387 434/1452/385 422/1451/384
f 424/1455/388 436/1456/389 435/1454/387 423/1453/386
f 425/1457/390 437/1458/391 436/1456/389 424/1455/388
f 426/1436/371 438/1435/370 437/1458/391 425/1457/390
f 427/1434/369 439/1459/392 450/1460/393 438/1435/370
f 428/1438/373 440/1461/394 439/1459/392 427/1434/369
f 429/1440/375 441/1462/395 440/1461/394 428/1438/373
f 430/1442/377 442/1463/396 441/1462/395 429/1440/375
f 431/1444/379 443/1464/397 442/1465/396 430/1445/377
f 432/1448/381 444/1466/398 443/1464/397 431/1444/379
f 433/1450/383 445/1467/399 444/1466/398 432/1448/381
f 434/1452/385 446/1468/400 445/1467/399 433/1450/383
f 435/1454/387 447/1469/401 446/1468/400 434/1452/385
f 436/1456/389 448/1470/402 447/1469/401 435/1454/387
f 437/1458/391 449/1471/403 448/1470/402 436/1456/389
f 438/1435/370 450/1460/393 449/1471/403 437/1458/391
f 439/1459/392 451/1472/404 462/1473/405 450/1460/393
f 440/1461/394 452/1474/406 451/1472/404 439/1459/392
f 441/1462/395 453/1475/407 452/1474/406 440/1461/394
f 442/1463/396 454/1476/408 453/1475/407 441/1462/395
f 443/1464/397 455/1477/409 454/1478/408 442/1465/396
f 444/1466/398 456/1479/410 455/1477/409 443/1464/397
f 445/1467/399 457/1480/411 456/1479/410 444/1466/398
f 446/1468/400 458/1481/412 457/1480/411 445/1467/399
f 447/1469/401 459/1482/413 458/1481/412 446/1468/400
f 448/1470/402 460/1483/414 459/1482/413 447/1469/401
f 449/1471/403 461/1484/415 460/1483/414 448/1470/402
f 450/1460/393 462/1473/405 461/1484/415 449/1471/403
f 451/1472/404 463/1485/416 474/1486/417 462/1473/405
f 452/1474/406 464/1487/418 463/1485/416 451/1472/404
f 453/1475/407 465/1488/419 464/1487/418 452/1474/406
f 454/1476/408 466/1489/420 465/1488/419 453/1475/407
f 455/1477/409 467/1490/421 466/1491/420 454/1478/408
f 456/1479/410 468/1492/422 467/1490/421 455/1477/409
f 457/1480/411 469/1493/423 468/1492/422 456/1479/410
f 458/1481/412 470/1494/424 469/1493/423 457/1480/411
f 459/1482/413 471/1495/425 470/1494/424 458/1481/412
f 460/1483/414 472/1496/426 471/1495/425 459/1482/413
f 461/1484/415 473/1497/427 472/1496/426 460/1483/414
f 462/1473/405 474/1486/417 473/1497/427 461/1484/415
f 463/1485/416 475/1498/428 486/1499/429 474/1486/417
f 464/1487/418 476/1500/430 475/1498/428 463/1485/416
f 465/1488/419 477/1501/431 476/1500/430 464/1487/418
f 466/1489/420 478/1502/432 477/1501/431 465/1488/419
f 467/1490/421 479/1503/433 478/1504/432 466/1491/420
f 468/1492/422 480/1505/434 479/1503/433 467/1490/421
f 469/1493/423 481/1506/435 480/1505/434 468/1492/422
f 470/1494/424 482/1507/436 481/1506/435 469/1493/423
f 471/1495/425 483/1508/437 482/1507/436 470/1494/424
f 472/1496/426 484/1509/438 483/1508/437 471/1495/425
f 473/1497/427 485/1510/439 484/1509/438 472/1496/426
f 474/1486/417 486/1499/429 485/1510/439 473/1497/427
f 475/1498/428 487/1511/440 498/1512/441 486/1499/429
f 476/1500/430 488/1513/442 487/1511/440 475/1498/428
f 477/1501/431 489/1514/443 488/1513/442 476/1500/430
f 478/1502/432 490/1515/444 489/1514/443 477/1501/431
f 479/1503/433 491/1516/445 490/1517/444 478/1504/432
f 480/1505/434 492/1518/446 491/1516/445 479/1503/433
f 481/1506/435 493/1519/447 492/1518/446 480/1505/434
f 482/1507/436 494/1520/448 493/1519/447 481/1506/435
f 483/1508/437 495/1521/449 494/1520/448 482/1507/436
f 484/1509/438 496/1522/450 495/1521/449 483/1508/437
f 485/1510/439 497/1523/451 496/1522/450 484/1509/438
f 486/1499/429 498/1512/441 497/1523/451 485/1510/439
f 487/1511/440 499/1524/452 510/1525/453 498/1512/441
f 488/1513/442 500/1526/454 499/1524/452 487/1511/440
f 489/1514/443 501/1527/455 500/1526/454 488/1513/442
f 490/1515/444 502/1528/456 501/1527/455 489/1514/443
f 491/1516/445 503/1529/457 502/1530/456 490/1517/444
f 492/1518/446 504/1531/458 503/1529/457 491/1516/445
f 493/1519/447 505/1532/459 504/1531/458 492/1518/446
f 494/1520/448 506/1533/460 505/1532/459 493/1519/447
f 495/1521/449 507/1534/461 506/1533/460 494/1520/448
f 496/1522/450 508/1535/462 507/1534/461 495/1521/449
f 497/1523/451 509/1536/463 508/1535/462 496/1522/450
f 498/1512/441 510/1525/453 509/1536/463 497/1523/451
f 499/1524/452 511/1537/464 522/1538/465 510/1525/453
f 500/1526/454 512/1539/466 511/1537/464 499/1524/452
f 501/1527/455 513/1540/467 512/1539/466 500/1526/454
f 502/1528/456 514/1541/468 513/1540/467 501/1527/455
f 503/1529/457 515/1542/469 514/1543/468 502/1530/456
f 504/1531/458 516/1544/470 515/1542/469 503/1529/457
f 505/1532/459 517/1545/471 516/1544/470 504/1531/458
f 506/1533/460 518/1546/472 517/1545/471 505/1532/459
f 507/1534/461 519/1547/473 518/1546/472 506/1533/460
f 508/1535/462 520/1548/474 519/1547/473 507/1534/461
f 509/1536/463 521/1549/475 520/1548/474 508/1535/462
f 510/1525/453 522/1538/465 521/1549/475 509/1536/463
f 511/1537/464 523/1550/476 534/1551/477 522/1538/465
f 512/1539/466 524/1552/478 523/1550/476 511/1537/464
f 513/1540/467 525/1553/479 524/1552/478 512/1539/466
f 514/1541/468 526/1554/480 525/1553/479 513/1540/467
f 515/1542/469 527/1555/481 526/1556/480 514/1543/468
f 516/1544/470 528/1557/482 527/1555/481 515/1542/469
f 517/1545/471 529/1558/483 528/1557/482 516/1544/470
f 518/1546/472 530/1559/484 529/1558/483 517/1545/471
f 519/1547/473 531/1560/485 530/1559/484 518/1546/472
f 520/1548/474 532/1561/486 531/1560/485 519/1547/473
f 521/1549/475 533/1562/487 532/1561/486 520/1548/474
f 522/1538/465 534/1551/477 533/1562/487 521/1549/475
f 523/1550/476 535/1563/488 546/1564/489 534/1551/477
f 524/1552/478 536/1565/490 535/1563/488 523/1550/476
f 525/1553/479 537/1566/491 536/1565/490 524/1552/478
f 526/1554/480 538/1567/492 537/1566/491 525/1553/479
f 527/1555/481 539/1568/493 538/1569/492 526/1556/480
f 528/1557/482 540/1570/494 539/1568/493 527/1555/481
f 529/1558/483 541/1571/495 540/1570/494 528/1557/482
f 530/1559/484 542/1572/496 541/1571/495 529/1558/483
f 531/1560/485 543/1573/497 542/1572/496 530/1559/484
f 532/1561/486 544/1574/498 543/1573/497 531/1560/485
f 533/1562/487 545/1575/499 544/1574/498 532/1561/486
f 534/1551/477 546/1564/489 545/1575/499 533/1562/487
f 535/1563/488 547/1576/500 558/1577/501 546/1564/489
f 536/1565/490 548/1578/502 547/1576/500 535/1563/488
f 537/1566/491 549/1579/503 548/1578/502 536/1565/490
f 538/1567/492 550/1580/504 549/1579/503 537/1566/491
f 539/1568/493 551/1581/505 550/1582/504 538/1569/492
f 540/1570/494 552/1583/506 551/1581/505 539/1568/493
f 541/1571/495 553/1584/507 552/1583/506 540/1570/494
f 542/1572/496 554/1585/508 553/1584/507 541/1571/495
f 543/1573/497 555/1586/509 554/1585/508 542/1572/496
f 544/1574/498 556/1587/510 555/1586/509 543/1573/497
f 545/1575/499 557/1588/511 556/1587/510 544/1574/498
f 546/1564/489 558/1577/501 557/1588/511 545/1575/499
f 547/1576/500 559/1589/512 570/1590/513 558/1577/501
f 548/1578/502 560/1591/514 559/1589/512 547/1576/500
f 549/1579/503 561/1592/515 560/1591/514 548/1578/502
f 550/1580/504 562/1593/516 561/1592/515 549/1579/503
f 551/1581/505 563/1594/517 562/1595/516 550/1582/504
f 552/1583/506 564/1596/518 563/1594/517 551/1581/505
f 553/1584/507 565/1597/519 564/1596/518 552/1583/506
f 554/1585/508 566/1598/520 565/1597/519 553/1584/507
f 555/1586/509 567/1599/521 566/1598/520 554/1585/508
f 556/1587/510 568/1600/522 567/1599/521 555/1586/509
f 557/1588/511 569/1601/523 568/1600/522 556/1587/510
f 558/1577/501 570/1590/513 569/1601/523 557/1588/511
f 559/1589/512 571/1602/524 582/1603/525 570/1590/513
f 560/1591/514 572/1604/526 571/1602/524 559/1589/512
f 561/1592/515 573/1605/527 572/1604/526 560/1591/514
f 562/1593/516 574/1606/528 573/1605/527 561/1592/515
f 563/1594/517 575/1607/529 574/1608/528 562/1595/516
f 564/1596/518 576/1609/530 575/1607/529 563/1594/517
f 565/1597/519 577/1610/531 576/1609/530 564/1596/518
f 566/1598/520 578/1611/532 577/1610/531 565/1597/519
f 567/1599/521 579/1612/533 578/1611/532 566/1598/520
f 568/1600/522 580/1613/534 579/1612/533 567/1599/521
f 569/1601/523 581/1614/535 580/1613/534 568/1600/522
f 570/1590/513 582/1603/525 581/1614/535 569/1601/523
f 571/1602/524 583/1615/536 594/1616/537 582/1603/525
f 572/1604/526 584/1617/538 583/1615/536 571/1602/524
f 573/1605/527 585/1618/539 584/1617/538 572/1604/526
f 574/1606/528 586/1619/540 585/1618/539 573/1605/527
f 575/1607/529 587/1620/541 586/1621/540 574/1608/528
f 576/1609/530 588/1622/542 587/1620/541 575/1607/529
f 577/1610/531 589/1623/543 588/1622/542 576/1609/530
f 578/1611/532 590/1624/544 589/1623/543 577/1610/531
f 579/1612/533 591/1625/545 590/1624/544 578/1611/532
f 580/1613/534 592/1626/546 591/1625/545 579/1612/533
f 581/1614/535 593/1627/547 592/1626/546 580/1613/534
f 582/1603/525 594/1616/537 593/1627/547 581/1614/535
f 583/1615/536 595/1628/548 606/1629/549 594/1616/537
f 584/1617/538 596/1630/550 595/1628/548 583/1615/536
f 585/1618/539 597/1631/551 596/1630/550 584/1617/538
f 586/1619/540 598/1632/552 597/1631/551 585/1618/539
f 587/1620/541 599/1633/553 598/1634/552 586/1621/540
f 588/1622/542 600/1635/554 599/1633/553 587/1620/541
f 589/1623/543 601/1636/555 600/1635/554 588/1622/542
f 590/1624/544 602/1637/556 601/1636/555 589/1623/543
f 591/1625/545 603/1638/557 602/1637/556 590/1624/544
f 592/1626/546 604/1639/558 603/1638/557 591/1625/545
f 593/1627/547 605/1640/559 604/1639/558 592/1626/546
f 594/1616/537 606/1629/549 605/1640/559 593/1627/547
f 595/1628/548 607/1641/560 618/1642/561 606/1629/549
f 596/1630/550 608/1643/562 607/1641/560 595/1628/548
f 597/1631/551 609/1644/563 608/1643/562 596/1630/550
f 598/1632/552 610/1645/564 609/1644/563 597/1631/551
f 599/1633/553 611/1646/565 610/1647/564 598/1634/552
f 600/1635/554 612/1648/566 611/1646/565 599/1633/553
f 601/1636/555 613/1649/567 612/1648/566 600/1635/554
f 602/1637/556 614/1650/568 613/1649/567 601/1636/555
f 603/1638/557 615/1651/569 614/1650/568 602/1637/556
f 604/1639/558 616/1652/570 615/1651/569 603/1638/557
f 605/1640/559 617/1653/571 616/1652/570 604/1639/558
f 606/1629/549 618/1642/561 617/1653/571 605/1640/559
f 607/1641/560 619/1654/572 630/1655/573 618/1642/561
f 608/1643/562 620/1656/574 619/1654/572 607/1641/560
f 609/1644/563 621/1657/575 620/1656/574 608/1643/562
f 610/1645/564 622/1658/576 621/1657/575 609/1644/563
f 611/1646/565 623/1659/577 622/1660/576 610/1647/564
f 612/1648/566 624/1661/578 623/1659/577 611/1646/565
f 613/1649/567 625/1662/579 624/1661/578 612/1648/566
f 614/1650/568 626/1663/580 625/1662/579 613/1649/567
f 615/1651/569 627/1664/581 626/1663/580 614/1650/568
f 616/1652/570 628/1665/582 627/1664/581 615/1651/569
f 617/1653/571 629/1666/583 628/1665/582 616/1652/570
f 618/1642/561 630/1655/573 629/1666/583 617/1653/571
f 619/1654/572 631/1667/584 642/1668/585 630/1655/573
f 620/1656/574 632/1669/586 631/1667/584 619/1654/572
f 621/1657/575 633/1670/587 632/1669/586 620/1656/574
f 622/1658/576 634/1671/588 633/1670/587 621/1657/575
f 623/1659/577 635/1672/589 634/1673/588 622/1660/576
f 624/1661/578 636/1674/590 635/1672/589 623/1659/577
f 625/1662/579 637/1675/591 636/1674/590 624/1661/578
f 626/1663/580 638/1676/592 637/1675/591 625/1662/579
f 627/1664/581 639/1677/593 638/1676/592 626/1663/580
f 628/1665/582 640/1678/594 639/1677/593 627/1664/581
f 629/1666/583 641/1679/595 640/1678/594 628/1665/582
f 630/1655/573 642/1668/585 641/1679/595 629/1666/583
f 631/1667/584 643/1680/596 654/1681/597 642/1668/585
f 632/1669/586 644/1682/598 643/1680/596 631/1667/584
f 633/1670/587 645/1683/599 644/1682/598 632/1669/586
f 634/1671/588 646/1684/600 645/1683/599 633/1670/587
f 635/1672/589 647/1685/601 646/1686/600 634/1673/588
f 636/1674/590 648/1687/602 647/1685/601 635/1672/589
f 637/1675/591 649/1688/603 648/1687/602 636/1674/590
f 638/1676/592 650/1689/604 649/1688/603 637/1675/591
f 639/1677/593 651/1690/605 650/1689/604 638/1676/592
f 640/1678/594 652/1691/606 651/1690/605 639/1677/593
f 641/1679/595 653/1692/607 652/1691/606 640/1678/594
f 642/1668/585 654/1681/597 653/1692/607 641/1679/595
f 643/1680/596 655/1693/608 666/1694/609 654/1681/597
f 644/1682/598 656/1695/610 655/1693/608 643/1680/596
f 645/1683/599 657/1696/611 656/1695/610 644/1682/598
f 646/1684/600 658/1697/612 657/1696/611 645/1683/599
f 647/1685/601 659/1698/613 658/1699/612 646/1686/600
f 648/1687/602 660/1700/614 659/1698/613 647/1685/601
f 649/1688/603 661/1701/615 660/1700/614 648/1687/602
f 650/1689/604 662/1702/616 661/1701/615 649/1688/603
f 651/1690/605 663/1703/617 662/1702/616 650/1689/604
f 652/1691/606 664/1704/618 663/1703/617 651/1690/605
f 653/1692/607 665/1705/619 664/1704/618 652/1691/606
f 654/1681/597 666/1694/609 665/1705/619 653/1692/607
f 655/1693/608 667/1706/620 678/1707/621 666/1694/609
f 656/1695/610 668/1708/622 667/1706/620 655/1693/608
f 657/1696/611 669/1709/623 668/1708/622 656/1695/610
f 658/1697/612 670/1710/624 669/1709/623 657/1696/611
f 659/1698/613 671/1711/625 670/1712/624 658/1699/612
f 660/1700/614 672/1713/626 671/1711/625 659/1698/613
f 661/1701/615 673/1714/627 672/1713/626 660/1700/614
f 662/1702/616 674/1715/628 673/1714/627 661/1701/615
f 663/1703/617 675/1716/629 674/1715/628 662/1702/616
f 664/1704/618 676/1717/630 675/1716/629 663/1703/617
f 665/1705/619 677/1718/631 676/1717/630 664/1704/618
f 666/1694/609 678/1707/621 677/1718/631 665/1705/619
f 667/1706/620 679/1719/632 690/1720/633 678/1707/621
f 668/1708/622 680/1721/634 679/1719/632 667/1706/620
f 669/1709/623 681/1722/635 680/1721/634 668/1708/622
f 670/1710/624 682/1723/636 681/1722/635 669/1709/623
f 671/1711/625 683/1724/637 682/1725/636 670/1712/624
f 672/1713/626 684/1726/638 683/1724/637 671/1711/625
f 673/1714/627 685/1727/639 684/1726/638 672/1713/626
f 674/1715/628 686/1728/640 685/1727/639 673/1714/627
f 675/1716/629 687/1729/641 686/1728/640 674/1715/628
f 676/1717/630 688/1730/642 687/1729/641 675/1716/629
f 677/1718/631 689/1731/643 688/1730/642 676/1717/630
f 678/1707/621 690/1720/633 689/1731/643 677/1718/631
f 679/1719/632 691/1732/644 702/1733/645 690/1720/633
f 680/1721/634 692/1734/646 691/1732/644 679/1719/632
f 681/1722/635 693/1735/647 692/1734/646 680/1721/634
f 682/1723/636 694/1736/648 693/1735/647 681/1722/635
f 683/1724/637 695/1737/649 694/1738/648 682/1725/636
f 684/1726/638 696/1739/650 695/1737/649 683/1724/637
f 685/1727/639 697/1740/651 696/1739/650 684/1726/638
f 686/1728/640 698/1741/652 697/1740/651 685/1727/639
f 687/1729/641 699/1742/653 698/1741/652 686/1728/640
f 688/1730/642 700/1743/654 699/1742/653 687/1729/641
f 689/1731/643 701/1744/655 700/1743/654 688/1730/642
f 690/1720/633 702/1733/645 701/1744/655 689/1731/643
f 691/1732/644 703/1745/656 714/1746/657 702/1733/645
f 692/1734/646 704/1747/658 703/1745/656 691/1732/644
f 693/1735/647 705/1748/659 704/1747/658 692/1734/646
f 694/1736/648 706/1749/660 705/1748/659 693/1735/647
f 695/1737/649 707/1750/661 706/1751/660 694/1738/648
f 696/1739/650 708/1752/662 707/1750/661 695/1737/649
f 697/1740/651 709/1753/663 708/1752/662 696/1739/650
f 698/1741/652 710/1754/664 709/1753/663 697/1740/651
f 699/1742/653 711/1755/665 710/1754/664 698/1741/652
f 700/1743/654 712/1756/666 711/1755/665 699/1742/653
f 701/1744/655 713/1757/667 712/1756/666 700/1743/654
f 702/1733/645 714/1746/657 713/1757/667 701/1744/655
f 703/1745/656 715/1758/668 726/1759/669 714/1746/657
f 704/1747/658 716/1760/670 715/1758/668 703/1745/656
f 705/1748/659 717/1761/671 716/1760/670 704/1747/658
f 706/1749/660 718/1762/672 717/1761/671 705/1748/659
f 707/1750/661 719/1763/673 718/1764/672 706/1751/660
f 708/1752/662 720/1765/674 719/1763/673 707/1750/661
f 709/1753/663 721/1766/675 720/1765/674 708/1752/662
f 710/1754/664 722/1767/676 721/1766/675 709/1753/663
f 711/1755/665 723/1768/677 722/1767/676 710/1754/664
f 712/1756/666 724/1769/678 723/1768/677 711/1755/665
f 713/1757/667 725/1770/679 724/1769/678 712/1756/666
f 714/1746/657 726/1759/669 725/1770/679 713/1757/667
f 715/1758/668 727/1771/680 738/1772/681 726/1759/669
f 716/1760/670 728/1773/682 727/1771/680 715/1758/668
f 717/1761/671 729/1774/683 728/1773/682 716/1760/670
f 718/1762/672 730/1775/684 729/1774/683 717/1761/671
f 719/1763/673 731/1776/685 730/1777/684 718/1764/672
f 720/1765/674 732/1778/686 731/1776/685 719/1763/673
f 721/1766/675 733/1779/687 732/1778/686 720/1765/674
f 722/1767/676 734/1780/688 733/1779/687 721/1766/675
f 723/1768/677 735/1781/689 734/1780/688 722/1767/676
f 724/1769/678 736/1782/690 735/1781/689 723/1768/677
f 725/1770/679 737/1783/691 736/1782/690 724/1769/678
f 726/1759/669 738/1772/681 737/1783/691 725/1770/679
f 727/1771/680 739/1784/692 750/1785/693 738/1772/681
f 728/1773/682 740/1786/694 739/1784/692 727/1771/680
f 729/1774/683 741/1787/695 740/1786/694 728/1773/682
f 730/1775/684 742/1788/696 741/1787/695 729/1774/683
f 731/1776/685 743/1789/697 742/1790/696 730/1777/684
f 732/1778/686 744/1791/698 743/1789/697 731/1776/685
f 733/1779/687 745/1792/699 744/1791/698 732/1778/686
f 734/1780/688 746/1793/700 745/1792/699 733/1779/687
f 735/1781/689 747/1794/701 746/1793/700 734/1780/688
f 736/1782/690 748/1795/702 747/1794/701 735/1781/689
f 737/1783/691 749/1796/703 748/1795/702 736/1782/690
f 738/1772/681 750/1785/693 749/1796/703 737/1783/691
f 739/1784/692 751/1797/704 762/1798/705 750/1785/693
f 740/1786/694 752/1799/706 751/1797/704 739/1784/692
f 741/1787/695 753/1800/707 752/1799/706 740/1786/694
f 742/1788/696 754/1801/708 753/1800/707 741/1787/695
f 743/1789/697 755/1802/709 754/1803/708 742/1790/696
f 744/1791/698 756/1804/710 755/1802/709 743/1789/697
f 745/1792/699 757/1805/711 756/1804/710 744/1791/698
f 746/1793/700 758/1806/712 757/1805/711 745/1792/699
f 747/1794/701 759/1807/713 758/1806/712 746/1793/700
f 748/1795/702 760/1808/714 759/1807/713 747/1794/701
f 749/1796/703 761/1809/715 760/1808/714 748/1795/702
f 750/1785/693 762/1798/705 761/1809/715 749/1796/703
f 751/1797/704 763/1810/716 774/1811/717 762/1798/705
f 752/1799/706 764/1812/718 763/1810/716 751/1797/704
f 753/1800/707 765/1813/719 764/1812/718 752/1799/706
f 754/1801/708 766/1814/720 765/1813/719 753/1800/707
f 755/1802/709 767/1815/721 766/1816/720 754/1803/708
f 756/1804/710 768/1817/722 767/1815/721 755/1802/709
f 757/1805/711 769/1818/723 768/1817/722 756/1804/710
f 758/1806/712 770/1819/724 769/1818/723 757/1805/711
f 759/1807/713 771/1820/725 770/1819/724 758/1806/712
f 760/1808/714 772/1821/726 771/1820/725 759/1807/713
f 761/1809/715 773/1822/727 772/1821/726 760/1808/714
f 762/1798/705 774/1811/717 773/1822/727 761/1809/715
f 763/1810/716 775/1823/728 786/1824/729 774/1811/717
f 764/1812/718 776/1825/730 775/1823/728 763/1810/716
f 765/1813/719 777/1826/731 776/1825/730 764/1812/718
f 766/1814/720 778/1827/732 777/1826/731 765/1813/719
f 767/1815/721 779/1828/733 778/1829/732 766/1816/720
f 768/1817/722 780/1830/734 779/1828/733 767/1815/721
f 769/1818/723 781/1831/735 780/1830/734 768/1817/722
f 770/1819/724 782/1832/736 781/1831/735 769/1818/723
f 771/1820/725 783/1833/737 782/1832/736 770/1819/724
f 772/1821/726 784/1834/738 783/1833/737 771/1820/725
f 773/1822/727 785/1835/739 784/1834/738 772/1821/726
f 774/1811/717 786/1824/729 785/1835/739 773/1822/727
f 775/1823/728 787/1836/740 798/1837/741 786/1824/729
f 776/1825/730 788/1838/742 787/1836/740 775/1823/728
f 777/1826/731 789/1839/743 788/1838/742 776/1825/730
f 778/1827/732 790/1840/744 789/1839/743 777/1826/731
f 779/1828/733 791/1841/745 790/1842/744 778/1829/732
f 780/1830/734 792/1843/746 791/1841/745 779/1828/733
f 781/1831/735 793/1844/747 792/1843/746 780/1830/734
f 782/1832/736 794/1845/748 793/1844/747 781/1831/735
f 783/1833/737 795/1846/749 794/1845/748 782/1832/736
f 784/1834/738 796/1847/750 795/1846/749 783/1833/737
f 785/1835/739 797/1848/751 796/1847/750 784/1834/738
f 786/1824/729 798/1837/741 797/1848/751 785/1835/739
f 787/1836/740 799/1849/752 810/1850/753 798/1837/741
f 788/1838/742 800/1851/754 799/1849/752 787/1836/740
f 789/1839/743 801/1852/755 800/1851/754 788/1838/742
f 790/1840/744 802/1853/756 801/1852/755 789/1839/743
f 791/1841/745 803/1854/757 802/1855/756 790/1842/744
f 792/1843/746 804/1856/758 803/1854/757 791/1841/745
f 793/1844/747 805/1857/759 804/1856/758 792/1843/746
f 794/1845/748 806/1858/760 805/1857/759 793/1844/747
f 795/1846/749 807/1859/761 806/1858/760 794/1845/748
f 796/1847/750 808/1860/762 807/1859/761 795/1846/749
f 797/1848/751 809/1861/763 808/1860/762 796/1847/750
f 798/1837/741 810/1850/753 809/1861/763 797/1848/751
f 799/1849/752 811/1862/764 822/1863/765 810/1850/753
f 800/1851/754 812/1864/766 811/1862/764 799/1849/752
f 801/1852/755 813/1865/767 812/1864/766 800/1851/754
f 802/1853/756 814/1866/768 813/1865/767 801/1852/755
f 803/1854/757 815/1867/769 814/1868/768 802/1855/756
f 804/1856/758 816/1869/770 815/1867/769 803/1854/757
f 805/1857/759 817/1870/771 816/1869/770 804/1856/758
f 806/1858/760 818/1871/772 817/1870/771 805/1857/759
f 807/1859/761 819/1872/773 818/1871/772 806/1858/760
f 808/1860/762 820/1873/774 819/1872/773 807/1859/761
f 809/1861/763 821/1874/775 820/1873/774 808/1860/762
f 810/1850/753 822/1863/765 821/1874/775 809/1861/763
f 811/1862/764 823/1875/776 834/1876/777 822/1863/765
f 812/1864/766 824/1877/778 823/1875/776 811/1862/764
f 813/1865/767 825/1878/779 824/1877/778 812/1864/766
f 814/1866/768 826/1879/780 825/1878/779 813/1865/767
f 815/1867/769 827/1880/781 826/1881/780 814/1868/768
f 816/1869/770 828/1882/782 827/1880/781 815/1867/769
f 817/1870/771 829/1883/783 828/1882/782 816/1869/770
f 818/1871/772 830/1884/784 829/1883/783 817/1870/771
f 819/1872/773 831/1885/785 830/1884/784 818/1871/772
f 820/1873/774 832/1886/786 831/1885/785 819/1872/773
f 821/1874/775 833/1887/787 832/1886/786 820/1873/774
f 822/1863/765 834/1876/777 833/1887/787 821/1874/775
f 835/1888/788 847/1889/789 858/1890/790 846/1891/791
f 836/1892/792 848/1893/793 847/1889/789 835/1888/788
f 837/1894/794 849/1895/795 848/1893/793 836/1892/792
f 838/1896/796 850/1897/797 849/1895/795 837/1894/794
f 839/1898/798 851/1899/799 850/1900/797 838/1901/796
f 840/1902/800 852/1903/801 851/1899/799 839/1898/798
f 841/1904/802 853/1905/803 852/1903/801 840/1902/800
f 842/1906/804 854/1907/805 853/1905/803 841/1904/802
f 843/1908/806 855/1909/807 854/1907/805 842/1906/804
f 844/1910/808 856/1911/809 855/1909/807 843/1908/806
f 845/1912/810 857/1913/811 856/1911/809 844/1910/808
f 846/1891/791 858/1890/790 857/1913/811 845/1912/810
f 847/1889/789 859/1914/812 870/1915/813 858/1890/790
f 848/1893/793 860/1916/814 859/1914/812 847/1889/789
f 849/1895/795 861/1917/815 860/1916/814 848/1893/793
f 850/1897/797 862/1918/816 861/1917/815 849/1895/795
f 851/1899/799 863/1919/817 862/1920/816 850/1900/797
f 852/1903/801 864/1921/818 863/1919/817 851/1899/799
f 853/1905/803 865/1922/819 864/1921/818 852/1903/801
f 854/1907/805 866/1923/820 865/1922/819 853/1905/803
f 855/1909/807 867/1924/821 866/1923/820 854/1907/805
f 856/1911/809 868/1925/822 867/1924/821 855/1909/807
f 857/1913/811 869/1926/823 868/1925/822 856/1911/809
f 858/1890/790 870/1915/813 869/1926/823 857/1913/811
f 859/1914/812 871/1927/824 882/1928/825 870/1915/813
f 860/1916/814 872/1929/826 871/1927/824 859/1914/812
f 861/1917/815 873/1930/827 872/1929/826 860/1916/814
f 862/1918/816 874/1931/828 873/1930/827 861/1917/815
f 863/1919/817 875/1932/829 874/1933/828 862/1920/816
f 864/1921/818 876/1934/830 875/1932/829 863/1919/817
f 865/1922/819 877/1935/831 876/1934/830 864/1921/818
f 866/1923/820 878/1936/832 877/1935/831 865/1922/819
f 867/1924/821 879/1937/833 878/1936/832 866/1923/820
f 868/1925/822 880/1938/834 879/1937/833 867/1924/821
f 869/1926/823 881/1939/835 880/1938/834 868/1925/822
f 870/1915/813 882/1928/825 881/1939/835 869/1926/823
f 871/1927/824 883/1940/836 894/1941/837 882/1928/825
f 872/1929/826 884/1942/838 883/1940/836 871/1927/824
f 873/1930/827 885/1943/839 884/1942/838 872/1929/826
f 874/1931/828 886/1944/840 885/1943/839 873/1930/827
f 875/1932/829 887/1945/841 886/1946/840 874/1933/828
f 876/1934/830 888/1947/842 887/1945/841 875/1932/829
f 877/1935/831 889/1948/843 888/1947/842 876/1934/830
f 878/1936/832 890/1949/844 889/1948/843 877/1935/831
f 879/1937/833 891/1950/845 890/1949/844 878/1936/832
f 880/1938/834 892/1951/846 891/1950/845 879/1937/833
f 881/1939/835 893/1952/847 892/1951/846 880/1938/834
f 882/1928/825 894/1941/837 893/1952/847 881/1939/835
f 883/1940/836 895/1953/848 906/1954/849 894/1941/837
f 884/1942/838 896/1955/850 895/1953/848 883/1940/836
f 885/1943/839 897/1956/851 896/1955/850 884/1942/838
f 886/1944/840 898/1957/852 897/1956/851 885/1943/839
f 887/1945/841 899/1958/853 898/1959/852 886/1946/840
f 888/1947/842 900/1960/854 899/1958/853 887/1945/841
f 889/1948/843 901/1961/855 900/1960/854 888/1947/842
f 890/1949/844 902/1962/856 901/1961/855 889/1948/843
f 891/1950/845 903/1963/857 902/1962/856 890/1949/844
f 892/1951/846 904/1964/858 903/1963/857 891/1950/845
f 893/1952/847 905/1965/859 904/1964/858 892/1951/846
f 894/1941/837 906/1954/849 905/1965/859 893/1952/847
f 895/1953/848 907/1966/860 918/1967/861 906/1954/849
f 896/1955/850 908/1968/862 907/1966/860 895/1953/848
f 897/1956/851 909/1969/863 908/1968/862 896/1955/850
f 898/1957/852 910/1970/864 909/1969/863 897/1956/851
f 899/1958/853 911/1971/865 910/1972/864 898/1959/852
f 900/1960/854 912/1973/866 911/1971/865 899/1958/853
f 901/1961/855 913/1974/867 912/1973/866 900/1960/854
f 902/1962/856 914/1975/868 913/1974/867 901/1961/855
f 903/1963/857 915/1976/869 914/1975/868 902/1962/856
f 904/1964/858 916/1977/870 915/1976/869 903/1963/857
f 905/1965/859 917/1978/871 916/1977/870 904/1964/858
f 906/1954/849 918/1967/861 917/1978/871 905/1965/859
f 907/1966/860 919/1979/872 930/1980/873 918/1967/861
f 908/1968/862 920/1981/874 919/1979/872 907/1966/860
f 909/1969/863 921/1982/875 920/1981/874 908/1968/862
f 910/1970/864 922/1983/876 921/1982/875 909/1969/863
f 911/1971/865 923/1984/877 922/1985/876 910/1972/864
f 912/1973/866 924/1986/878 923/1984/877 911/1971/865
f 913/1974/867 925/1987/879 924/1986/878 912/1973/866
f 914/1975/868 926/1988/880 925/1987/879 913/1974/867
f 915/1976/869 927/1989/881 926/1988/880 914/1975/868
f 916/1977/870 928/1990/882 927/1989/881 915/1976/869
f 917/1978/871 929/1991/883 928/1990/882 916/1977/870
f 918/1967/861 930/1980/873 929/1991/883 917/1978/871
f 919/1979/872 931/1992/884 942/1993/885 930/1980/873
f 920/1981/874 932/1994/886 931/1992/884 919/1979/872
f 921/1982/875 933/1995/887 932/1994/886 920/1981/874
f 922/1983/876 934/1996/888 933/1995/887 921/1982/875
f 923/1984/877 935/1997/889 934/1998/888 922/1985/876
f 924/1986/878 936/1999/890 935/1997/889 923/1984/877
f 925/1987/879 937/2000/891 936/1999/890 924/1986/878
f 926/1988/880 938/2001/892 937/2000/891 925/1987/879
f 927/1989/881 939/2002/893 938/2001/892 926/1988/880
f 928/1990/882 940/2003/894 939/2002/893 927/1989/881
f 929/1991/883 941/2004/895 940/2003/894 928/1990/882
f 930/1980/873 942/1993/885 941/2004/895 929/1991/883
f 931/1992/884 943/2005/896 954/2006/897 942/1993/885
f 932/1994/886 944/2007/898 943/2005/896 931/1992/884
f 933/1995/887 945/2008/899 944/2007/898 932/1994/886
f 934/1996/888 946/2009/900 945/2008/899 933/1995/887
f 935/1997/889 947/2010/901 946/2011/900 934/1998/888
f 936/1999/890 948/2012/902 947/2010/901 935/1997/889
f 937/2000/891 949/2013/903 948/2012/902 936/1999/890
f 938/2001/892 950/2014/904 949/2013/903 937/2000/891
f 939/2002/893 951/2015/905 950/2014/904 938/2001/892
f 940/2003/894 952/2016/906 951/2015/905 939/2002/893
f 941/2004/895 953/2017/907 952/2016/906 940/2003/894
f 942/1993/885 954/2006/897 953/2017/907 941/2004/895
f 943/2005/896 955/2018/908 966/2019/909 954/2006/897
f 944/2007/898 956/2020/910 955/2018/908 943/2005/896
f 945/2008/899 957/2021/911 956/2020/910 944/2007/898
f 946/2009/900 958/2022/912 957/2021/911 945/2008/899
f 947/2010/901 959/2023/913 958/2024/912 946/2011/900
f 948/2012/902 960/2025/914 959/2023/913 947/2010/901
f 949/2013/903 961/2026/915 960/2025/914 948/2012/902
f 950/2014/904 962/2027/916 961/2026/915 949/2013/903
f 951/2015/905 963/2028/917 962/2027/916 950/2014/904
f 952/2016/906 964/2029/918 963/2028/917 951/2015/905
f 953/2017/907 965/2030/919 964/2029/918 952/2016/906
f 954/2006/897 966/2019/909 965/2030/919 953/2017/907
f 955/2018/908 967/2031/920 978/2032/921 966/2019/909
f 956/2020/910 968/2033/922 967/2031/920 955/2018/908
f 957/2021/911 969/2034/923 968/2033/922 956/2020/910
f 958/2022/912 970/2035/924 969/2034/923 957/2021/911
f 959/2023/913 971/2036/925 970/2037/924 958/2024/912
f 960/2025/914 972/2038/926 971/2036/925 959/2023/913
f 961/2026/915 973/2039/927 972/2038/926 960/2025/914
f 962/2027/916 974/2040/928 973/2039/927 961/2026/915
f 963/2028/917 975/2041/929 974/2040/928 962/2027/916
f 964/2029/918 976/2042/930 975/2041/929 963/2028/917
f 965/2030/919 977/2043/931 976/2042/930 964/2029/918
f 966/2019/909 978/2032/921 977/2043/931 965/2030/919
f 967/2031/920 979/2044/932 990/2045/933 978/2032/921
f 968/2033/922 980/2046/934 979/2044/932 967/2031/920
f 969/2034/923 981/2047/935 980/2046/934 968/2033/922
f 970/2035/924 982/2048/936 981/2047/935 969/2034/923
f 971/2036/925 983/2049/937 982/2050/936 970/2037/924
f 972/2038/926 984/2051/938 983/2049/937 971/2036/925
f 973/2039/927 985/2052/939 984/2051/938 972/2038/926
f 974/2040/928 986/2053/940 985/2052/939 973/2039/927
f 975/2041/929 987/2054/941 986/2053/940 974/2040/928
f 976/2042/930 988/2055/942 987/2054/941 975/2041/929
f 977/2043/931 989/2056/943 988/2055/942 976/2042/930
f 978/2032/921 990/2045/933 989/2056/943 977/2043/931
f 979/2044/932 991/2057/944 1002/2058/945 990/2045/933
f 980/2046/934 992/2059/946 991/2057/944 979/2044/932
f 981/2047/935 993/2060/947 992/2059/946 980/2046/934
f 982/2048/936 994/2061/948 993/2060/947 981/2047/935
f 983/2049/937 995/2062/949 994/2063/948 982/2050/936
f 984/2051/938 996/2064/950 995/2062/949 983/2049/937
f 985/2052/939 997/2065/951 996/2064/950 984/2051/938
f 986/2053/940 998/2066/952 997/2065/951 985/2052/939
f 987/2054/941 999/2067/953 998/2066/952 986/2053/940
f 988/2055/942 1000/2068/954 999/2067/953 987/2054/941
f 989/2056/943 1001/2069/955 1000/2068/954 988/2055/942
f 990/2045/933 1002/2058/945 1001/2069/955 989/2056/943
f 991/2057/944 1003/2070/956 1014/2071/957 1002/2058/945
f 992/2059/946 1004/2072/958 1003/2070/956 991/2057/944
f 993/2060/947 1005/2073/959 1004/2072/958 992/2059/946
f 994/2061/948 1006/2074/960 1005/2073/959 993/2060/947
f 995/2062/949 1007/2075/961 1006/2076/960 994/2063/948
f 996/2064/950 1008/2077/962 1007/2075/961 995/2062/949
f 997/2065/951 1009/2078/963 1008/2077/962 996/2064/950
f 998/2066/952 1010/2079/964 1009/2078/963 997/2065/951
f 999/2067/953 1011/2080/965 1010/2079/964 998/2066/952
f 1000/2068/954 1012/2081/966 1011/2080/965 999/2067/953
f 1001/2069/955 1013/2082/967 1012/2081/966 1000/2068/954
f 1002/2058/945 1014/2071/957 1013/2082/967 1001/2069/955
f 1003/2070/956 1015/2083/968 1026/2084/969 1014/2071/957
f 1004/2072/958 1016/2085/970 1015/2083/968 1003/2070/956
f 1005/2073/959 1017/2086/971 1016/2085/970 1004/2072/958
f 1006/2074/960 1018/2087/972 1017/2086/971 1005/2073/959
f 1007/2075/961 1019/2088/973 1018/2089/972 1006/2076/960
f 1008/2077/962 1020/2090/974 1019/2088/973 1007/2075/961
f 1009/2078/963 1021/2091/975 1020/2090/974 1008/2077/962
f 1010/2079/964 1022/2092/976 1021/2091/975 1009/2078/963
f 1011/2080/965 1023/2093/977 1022/2092/976 1010/2079/964
f 1012/2081/966 1024/2094/978 1023/2093/977 1011/2080/965
f 1013/2082/967 1025/2095/979 1024/2094/978 1012/2081/966
f 1014/2071/957 1026/2084/969 1025/2095/979 1013/2082/967
f 1015/2083/968 1027/2096/980 1038/2097/981 1026/2084/969
f 1016/2085/970 1028/2098/982 1027/2096/980 1015/2083/968
f 1017/2086/971 1029/2099/983 1028/2098/982 1016/2085/970
f 1018/2087/972 1030/2100/984 1029/2099/983 1017/2086/971
f 1019/2088/973 1031/2101/985 1030/2102/984 1018/2089/972
f 1020/2090/974 1032/2103/986 1031/2101/985 1019/2088/973
f 1021/2091/975 1033/2104/987 1032/2103/986 1020/2090/974
f 1022/2092/976 1034/2105/988 1033/2104/987 1021/2091/975
f 1023/2093/977 1035/2106/989 1034/2105/988 1022/2092/976
f 1024/2094/978 1036/2107/990 1035/2106/989 1023/2093/977
f 1025/2095/979 1037/2108/991 1036/2107/990 1024/2094/978
f 1026/2084/969 1038/2097/981 1037/2108/991 1025/2095/979
f 1027/2096/980 1039/2109/992 1050/2110/993 1038/2097/981
f 1028/2098/982 1040/2111/994 1039/2109/992 1027/2096/980
f 1029/2099/983 1041/2112/995 1040/2111/994 1028/2098/982
f 1030/2100/984 1042/2113/996 1041/2112/995 1029/2099/983
f 1031/2101/985 1043/2114/997 1042/2115/996 1030/2102/984
f 1032/2103/986 1044/2116/998 1043/2114/997 1031/2101/985
f 1033/2104/987 1045/2117/999 1044/2116/998 1032/2103/986
f 1034/2105/988 1046/2118/1000 1045/2117/999 1033/2104/987
f 1035/2106/989 1047/2119/1001 1046/2118/1000 1034/2105/988
f 1036/2107/990 1048/2120/1002 1047/2119/1001 1035/2106/989
f 1037/2108/991 1049/2121/1003 1048/2120/1002 1036/2107/990
f 1038/2097/981 1050/2110/993 1049/2121/1003 1037/2108/991
f 1039/2109/992 1051/2122/1004 1062/2123/1005 1050/2110/993
f 1040/2111/994 1052/2124/1006 1051/2122/1004 1039/2109/992
f 1041/2112/995 1053/2125/1007 1052/2124/1006 1040/2111/994
f 1042/2113/996 1054/2126/1008 1053/2125/1007 1041/2112/995
f 1043/2114/997 1055/2127/1009 1054/2128/1008 1042/2115/996
f 1044/2116/998 1056/2129/1010 1055/2127/1009 1043/2114/997
f 1045/2117/999 1057/2130/1011 1056/2129/1010 1044/2116/998
f 1046/2118/1000 1058/2131/1012 1057/2130/1011 1045/2117/999
f 1047/2119/1001 1059/2132/1013 1058/2131/1012 1046/2118/1000
f 1048/2120/1002 1060/2133/1014 1059/2132/1013 1047/2119/1001
f 1049/2121/1003 1061/2134/1015 1060/2133/1014 1048/2120/1002
f 1050/2110/993 1062/2123/1005 1061/2134/1015 1049/2121/1003
f 1051/2122/1004 1063/2135/1016 1074/2136/1017 1062/2123/1005
f 1052/2124/1006 1064/2137/1018 1063/2135/1016 1051/2122/1004
f 1053/2125/1007 1065/2138/1019 1064/2137/1018 1052/2124/1006
f 1054/2126/1008 1066/2139/1020 1065/2138/1019 1053/2125/1007
f 1055/2127/1009 1067/2140/1021 1066/2141/1020 1054/2128/1008
f 1056/2129/1010 1068/2142/1022 1067/2140/1021 1055/2127/1009
f 1057/2130/1011 1069/2143/1023 1068/2142/1022 1056/2129/1010
f 1058/2131/1012 1070/2144/1024 1069/2143/1023 1057/2130/1011
f 1059/2132/1013 1071/2145/1025 1070/2144/1024 1058/2131/1012
f 1060/2133/1014 1072/2146/1026 1071/2145/1025 1059/2132/1013
f 1061/2134/1015 1073/2147/1027 1072/2146/1026 1060/2133/1014
f 1062/2123/1005 1074/2136/1017 1073/2147/1027 1061/2134/1015
f 1063/2135/1016 1075/2148/1028 1086/2149/1029 1074/2136/1017
f 1064/2137/1018 1076/2150/1030 1075/2148/1028 1063/2135/1016
f 1065/2138/1019 1077/2151/1031 1076/2150/1030 1064/2137/1018
f 1066/2139/1020 1078/2152/1032 1077/2151/1031 1065/2138/1019
f 1067/2140/1021 1079/2153/1033 1078/2154/1032 1066/2141/1020
f 1068/2142/1022 1080/2155/1034 1079/2153/1033 1067/2140/1021
f 1069/2143/1023 1081/2156/1035 1080/2155/1034 1068/2142/1022
f 1070/2144/1024 1082/2157/1036 1081/2156/1035 1069/2143/1023
f 1071/2145/1025 1083/2158/1037 1082/2157/1036 1070/2144/1024
f 1072/2146/1026 1084/2159/1038 1083/2158/1037 1071/2145/1025
f 1073/2147/1027 1085/2160/1039 1084/2159/1038 1072/2146/1026
f 1074/2136/1017 1086/2149/1029 1085/2160/1039 1073/2147/1027
f 1075/2148/1028 1087/2161/1040 1098/2162/1041 1086/2149/1029
f 1076/2150/1030 1088/2163/1042 1087/2161/1040 1075/2148/1028
f 1077/2151/1031 1089/2164/1043 1088/2163/1042 1076/2150/1030
f 1078/2152/1032 1090/2165/1044 1089/2164/1043 1077/2151/1031
f 1079/2153/1033 1091/2166/1045 1090/2167/1044 1078/2154/1032
f 1080/2155/1034 1092/2168/1046 1091/2166/1045 1079/2153/1033
f 1081/2156/1035 1093/2169/1047 1092/2168/1046 1080/2155/1034
f 1082/2157/1036 1094/2170/1048 1093/2169/1047 1081/2156/1035
f 1083/2158/1037 1095/2171/1049 1094/2170/1048 1082/2157/1036
f 1084/2159/1038 1096/2172/1050 1095/2171/1049 1083/2158/1037
f 1085/2160/1039 1097/2173/1051 1096/2172/1050 1084/2159/1038
f 1086/2149/1029 1098/2162/1041 1097/2173/1051 1085/2160/1039
f 1087/2161/1040 1099/2174/1052 1110/2175/1053 1098/2162/1041
f 1088/2163/1042 1100/2176/1054 1099/2174/1052 1087/2161/1040
f 1089/2164/1043 1101/2177/1055 1100/2176/1054 1088/2163/1042
f 1090/2165/1044 1102/2178/1056 1101/2177/1055 1089/2164/1043
f 1091/2166/1045 1103/2179/1057 1102/2180/1056 1090/2167/1044
f 1092/2168/1046 1104/2181/1058 1103/2179/1057 1091/2166/1045
f 1093/2169/1047 1105/2182/1059 1104/2181/1058 1092/2168/1046
f 1094/2170/1048 1106/2183/1060 1105/2182/1059 1093/2169/1047
f 1095/2171/1049 1107/2184/1061 1106/2183/1060 1094/2170/1048
f 1096/2172/1050 1108/2185/1062 1107/2184/1061 1095/2171/1049
f 1097/2173/1051 1109/2186/1063 1108/2185/1062 1096/2172/1050
f 1098/2162/1041 1110/2175/1053 1109/2186/1063 1097/2173/1051
f 1099/2174/1052 1111/2187/1064 1122/2188/1065 1110/2175/1053
f 1100/2176/1054 1112/2189/1066 1111/2187/1064 1099/2174/1052
f 1101/2177/1055 1113/2190/1067 1112/2189/1066 1100/2176/1054
f 1102/2178/1056 1114/2191/1068 1113/2190/1067 1101/2177/1055
f 1103/2179/1057 1115/2192/1069 1114/2193/1068 1102/2180/1056
f 1104/2181/1058 1116/2194/1070 1115/2192/1069 1103/2179/1057
f 1105/2182/1059 1117/2195/1071 1116/2194/1070 1104/2181/1058
f 1106/2183/1060 1118/2196/1072 1117/2195/1071 1105/2182/1059
f 1107/2184/1061 1119/2197/1073 1118/2196/1072 1106/2183/1060
f 1108/2185/1062 1120/2198/1074 1119/2197/1073 1107/2184/1061
f 1109/2186/1063 1121/2199/1075 1120/2198/1074 1108/2185/1062
f 1110/2175/1053 1122/2188/1065 1121/2199/1075 1109/2186/1063
f 1111/2187/1064 1123/2200/1076 1134/2201/1077 1122/2188/1065
f 1112/2189/1066 1124/2202/1078 1123/2200/1076 1111/2187/1064
f 1113/2190/1067 1125/2203/1079 1124/2202/1078 1112/2189/1066
f 1114/2191/1068 1126/2204/1080 1125/2203/1079 1113/2190/1067
f 1115/2192/1069 1127/2205/1081 1126/2206/1080 1114/2193/1068
f 1116/2194/1070 1128/2207/1082 1127/2205/1081 1115/2192/1069
f 1117/2195/1071 1129/2208/1083 1128/2207/1082 1116/2194/1070
f 1118/2196/1072 1130/2209/1084 1129/2208/1083 1117/2195/1071
f 1119/2197/1073 1131/2210/1085 1130/2209/1084 1118/2196/1072
f 1120/2198/1074 1132/2211/1086 1131/2210/1085 1119/2197/1073
f 1121/2199/1075 1133/2212/1087 1132/2211/1086 1120/2198/1074
f 1122/2188/1065 1134/2201/1077 1133/2212/1087 1121/2199/1075
f 1123/2200/1076 1135/2213/1088 1146/2214/1089 1134/2201/1077
f 1124/2202/1078 1136/2215/1090 1135/2213/1088 1123/2200/1076
f 1125/2203/1079 1137/2216/1091 1136/2215/1090 1124/2202/1078
f 1126/2204/1080 1138/2217/1092 1137/2216/1091 1125/2203/1079
f 1127/2205/1081 1139/2218/1093 1138/2219/1092 1126/2206/1080
f 1128/2207/1082 1140/2220/1094 1139/2218/1093 1127/2205/1081
f 1129/2208/1083 1141/2221/1095 1140/2220/1094 1128/2207/1082
f 1130/2209/1084 1142/2222/1096 1141/2221/1095 1129/2208/1083
f 1131/2210/1085 1143/2223/1097 1142/2222/1096 1130/2209/1084
f 1132/2211/1086 1144/2224/1098 1143/2223/1097 1131/2210/1085
f 1133/2212/1087 1145/2225/1099 1144/2224/1098 1132/2211/1086
f 1134/2201/1077 1146/2214/1089 1145/2225/1099 1133/2212/1087
f 1135/2213/1088 1147/2226/1100 1158/2227/1101 1146/2214/1089
f 1136/2215/1090 1148/2228/1102 1147/2226/1100 1135/2213/1088
f 1137/2216/1091 1149/2229/1103 1148/2228/1102 1136/2215/1090
f 1138/2217/1092 1150/2230/1104 1149/2229/1103 1137/2216/1091
f 1139/2218/1093 1151/2231/1105 1150/2232/1104 1138/2219/1092
f 1140/2220/1094 1152/2233/1106 1151/2231/1105 1139/2218/1093
f 1141/2221/1095 1153/2234/1107 1152/2233/1106 1140/2220/1094
f 1142/2222/1096 1154/2235/1108 1153/2234/1107 1141/2221/1095
f 1143/2223/1097 1155/2236/1109 1154/2235/1108 1142/2222/1096
f 1144/2224/1098 1156/2237/1110 1155/2236/1109 1143/2223/1097
f 1145/2225/1099 1157/2238/1111 1156/2237/1110 1144/2224/1098
f 1146/2214/1089 1158/2227/1101 1157/2238/1111 1145/2225/1099
f 1147/2226/1100 1159/2239/1112 1170/2240/1113 1158/2227/1101
f 1148/2228/1102 1160/2241/1114 1159/2239/1112 1147/2226/1100
f 1149/2229/1103 1161/2242/1115 1160/2241/1114 1148/2228/1102
f 1150/2230/1104 1162/2243/1116 1161/2242/1115 1149/2229/1103
f 1151/2231/1105 1163/2244/1117 1162/2245/1116 1150/2232/1104
f 1152/2233/1106 1164/2246/1118 1163/2244/1117 1151/2231/1105
f 1153/2234/1107 1165/2247/1119 1164/2246/1118 1152/2233/1106
f 1154/2235/1108 1166/2248/1120 1165/2247/1119 1153/2234/1107
f 1155/2236/1109 1167/2249/1121 1166/2248/1120 1154/2235/1108
f 1156/2237/1110 1168/2250/1122 1167/2249/1121 1155/2236/1109
f 1157/2238/1111 1169/2251/1123 1168/2250/1122 1156/2237/1110
f 1158/2227/1101 1170/2240/1113 1169/2251/1123 1157/2238/1111
f 1159/2239/1112 1171/2252/1124 1182/2253/1125 1170/2240/1113
f 1160/2241/1114 1172/2254/1126 1171/2252/1124 1159/2239/1112
f 1161/2242/1115 1173/2255/1127 1172/2254/1126 1160/2241/1114
f 1162/2243/1116 1174/2256/1128 1173/2255/1127 1161/2242/1115
f 1163/2244/1117 1175/2257/1129 1174/2258/1128 1162/2245/1116
f 1164/2246/1118 1176/2259/1130 1175/2257/1129 1163/2244/1117
f 1165/2247/1119 1177/2260/1131 1176/2259/1130 1164/2246/1118
f 1166/2248/1120 1178/2261/1132 1177/2260/1131 1165/2247/1119
f 1167/2249/1121 1179/2262/1133 1178/2261/1132 1166/2248/1120
f 1168/2250/1122 1180/2263/1134 1179/2262/1133 1167/2249/1121
f 1169/2251/1123 1181/2264/1135 1180/2263/1134 1168/2250/1122
f 1170/2240/1113 1182/2253/1125 1181/2264/1135 1169/2251/1123
f 1171/2252/1124 1183/2265/1136 1194/2266/1137 1182/2253/1125
f 1172/2254/1126 1184/2267/1138 1183/2265/1136 1171/2252/1124
f 1173/2255/1127 1185/2268/1139 1184/2267/1138 1172/2254/1126
f 1174/2256/1128 1186/2269/1140 1185/2268/1139 1173/2255/1127
f 1175/2257/1129 1187/2270/1141 1186/2271/1140 1174/2258/1128
f 1176/2259/1130 1188/2272/1142 1187/2270/1141 1175/2257/1129
f 1177/2260/1131 1189/2273/1143 1188/2272/1142 1176/2259/1130
f 1178/2261/1132 1190/2274/1144 1189/2273/1143 1177/2260/1131
f 1179/2262/1133 1191/2275/1145 1190/2274/1144 1178/2261/1132
f 1180/2263/1134 1192/2276/1146 1191/2275/1145 1179/2262/1133
f 1181/2264/1135 1193/2277/1147 1192/2276/1146 1180/2263/1134
f 1182/2253/1125 1194/2266/1137 1193/2277/1147 1181/2264/1135
f 1183/2265/1136 1195/2278/1148 1206/2279/1149 1194/2266/1137
f 1184/2267/1138 1196/2280/1150 1195/2278/1148 1183/2265/1136
f 1185/2268/1139 1197/2281/1151 1196/2280/1150 1184/2267/1138
f 1186/2269/1140 1198/2282/1152 1197/2281/1151 1185/2268/1139
f 1187/2270/1141 1199/2283/1153 1198/2284/1152 1186/2271/1140
f 1188/2272/1142 1200/2285/1154 1199/2283/1153 1187/2270/1141
f 1189/2273/1143 1201/2286/1155 1200/2285/1154 1188/2272/1142
f 1190/2274/1144 1202/2287/1156 1201/2286/1155 1189/2273/1143
f 1191/2275/1145 1203/2288/1157 1202/2287/1156 1190/2274/1144
f 1192/2276/1146 1204/2289/1158 1203/2288/1157 1191/2275/1145
f 1193/2277/1147 1205/2290/1159 1204/2289/1158 1192/2276/1146
f 1194/2266/1137 1206/2279/1149 1205/2290/1159 1193/2277/1147
f 1195/2278/1148 1207/2291/1160 1218/2292/1161 1206/2279/1149
f 1196/2280/1150 1208/2293/1162 1207/2291/1160 1195/2278/1148
f 1197/2281/1151 1209/2294/1163 1208/2293/1162 1196/2280/1150
f 1198/2282/1152 1210/2295/1164 1209/2294/1163 1197/2281/1151
f 1199/2283/1153 1211/2296/1165 1210/2297/1164 1198/2284/1152
f 1200/2285/1154 1212/2298/1166 1211/2296/1165 1199/2283/1153
f 1201/2286/1155 1213/2299/1167 1212/2298/1166 1200/2285/1154
f 1202/2287/1156 1214/2300/1168 1213/2299/1167 1201/2286/1155
f 1203/2288/1157 1215/2301/1169 1214/2300/1168 1202/2287/1156
f 1204/2289/1158 1216/2302/1170 1215/2301/1169 1203/2288/1157
f 1205/2290/1159 1217/2303/1171 1216/2302/1170 1204/2289/1158
f 1206/2279/1149 1218/2292/1161 1217/2303/1171 1205/2290/1159
f 1207/2291/1160 1219/2304/1172 1230/2305/1173 1218/2292/1161
f 1208/2293/1162 1220/2306/1174 1219/2304/1172 1207/2291/1160
f 1209/2294/1163 1221/2307/1175 1220/2306/1174 1208/2293/1162
f 1210/2295/1164 1222/2308/1176 1221/2307/1175 1209/2294/1163
f 1211/2296/1165 1223/2309/1177 1222/2310/1176 1210/2297/1164
f 1212/2298/1166 1224/2311/1178 1223/2309/1177 1211/2296/1165
f 1213/2299/1167 1225/2312/1179 1224/2311/1178 1212/2298/1166
f 1214/2300/1168 1226/2313/1180 1225/2312/1179 1213/2299/1167
f 1215/2301/1169 1227/2314/1181 1226/2313/1180 1214/2300/1168
f 1216/2302/1170 1228/2315/1182 1227/2314/1181 1215/2301/1169
f 1217/2303/1171 1229/2316/1183 1228/2315/1182 1216/2302/1170
f 1218/2292/1161 1230/2305/1173 1229/2316/1183 1217/2303/1171
f 1219/2304/1172 1231/2317/1184 1242/2318/1185 1230/2305/1173
f 1220/2306/1174 1232/2319/1186 1231/2317/1184 1219/2304/1172
f 1221/2307/1175 1233/2320/1187 1232/2319/1186 1220/2306/1174
f 1222/2308/1176 1234/2321/1188 1233/2320/1187 1221/2307/1175
f 1223/2309/1177 1235/2322/1189 1234/2323/1188 1222/2310/1176
f 1224/2311/1178 1236/2324/1190 1235/2322/1189 1223/2309/1177
f 1225/2312/1179 1237/2325/1191 1236/2324/1190 1224/2311/1178
f 1226/2313/1180 1238/2326/1192 1237/2325/1191 1225/2312/1179
f 1227/2314/1181 1239/2327/1193 1238/2326/1192 1226/2313/1180
f 1228/2315/1182 1240/2328/1194 1239/2327/1193 1227/2314/1181
f 1229/2316/1183 1241/2329/1195 1240/2328/1194 1228/2315/1182
f 1230/2305/1173 1242/2318/1185 1241/2329/1195 1229/2316/1183
f 1231/2317/1184 1243/2330/1196 1254/2331/1197 1242/2318/1185
f 1232/2319/1186 1244/2332/1198 1243/2330/1196 1231/2317/1184
f 1233/2320/1187 1245/2333/1199 1244/2332/1198 1232/2319/1186
f 1234/2321/1188 1246/2334/1200 1245/2333/1199 1233/2320/1187
f 1235/2322/1189 1247/2335/1201 1246/2336/1200 1234/2323/1188
f 1236/2324/1190 1248/2337/1202 1247/2335/1201 1235/2322/1189
f 1237/2325/1191 1249/2338/1203 1248/2337/1202 1236/2324/1190
f 1238/2326/1192 1250/2339/1204 1249/2338/1203 1237/2325/1191
f 1239/2327/1193 1251/2340/1205 1250/2339/1204 1238/2326/1192
f 1240/2328/1194 1252/2341/1206 1251/2340/1205 1239/2327/1193
f 1241/2329/1195 1253/2342/1207 1252/2341/1206 1240/2328/1194
f 1242/2318/1185 1254/2331/1197 1253/2342/1207 1241/2329/1195
f 1255/2343/1208 1266/2344/1209 1278/2345/1210 1267/2346/1211
f 1256/2347/1212 1255/2343/1208 1267/2346/1211 1268/2348/1213
f 1257/2349/1214 1256/2347/1212 1268/2348/1213 1269/2350/1215
f 1258/2351/1216 1257/2349/1214 1269/2350/1215 1270/2352/1217
f 1259/2353/1218 1258/2351/1216 1270/2352/1217 1271/2354/1219
f 1260/2355/1220 1259/2356/1218 1271/2357/1219 1272/2358/1221
f 1261/2359/1222 1260/2355/1220 1272/2358/1221 1273/2360/1223
f 1262/2361/1224 1261/2359/1222 1273/2360/1223 1274/2362/1225
f 1263/2363/1226 1262/2361/1224 1274/2362/1225 1275/2364/1227
f 1264/2365/1228 1263/2363/1226 1275/2364/1227 1276/2366/1229
f 1265/2367/1230 1264/2365/1228 1276/2366/1229 1277/2368/1231
f 1266/2344/1209 1265/2367/1230 1277/2368/1231 1278/2345/1210
f 1267/2346/1211 1278/2345/1210 1290/2369/1232 1279/2370/1233
f 1268/2348/1213 1267/2346/1211 1279/2370/1233 1280/2371/1234
f 1269/2350/1215 1268/2348/1213 1280/2371/1234 1281/2372/1235
f 1270/2352/1217 1269/2350/1215 1281/2372/1235 1282/2373/1236
f 1271/2354/1219 1270/2352/1217 1282/2373/1236 1283/2374/1237
f 1272/2358/1221 1271/2357/1219 1283/2375/1237 1284/2376/1238
f 1273/2360/1223 1272/2358/1221 1284/2376/1238 1285/2377/1239
f 1274/2362/1225 1273/2360/1223 1285/2377/1239 1286/2378/1240
f 1275/2364/1227 1274/2362/1225 1286/2378/1240 1287/2379/1241
f 1276/2366/1229 1275/2364/1227 1287/2379/1241 1288/2380/1242
f 1277/2368/1231 1276/2366/1229 1288/2380/1242 1289/2381/1243
f 1278/2345/1210 1277/2368/1231 1289/2381/1243 1290/2369/1232
f 1279/2370/1233 1290/2369/1232 1302/2382/1244 1291/2383/1245
f 1280/2371/1234 1279/2370/1233 1291/2383/1245 1292/2384/1246
f 1281/2372/1235 1280/2371/1234 1292/2384/1246 1293/2385/1247
f 1282/2373/1236 1281/2372/1235 1293/2385/1247 1294/2386/1248
f 1283/2374/1237 1282/2373/1236 1294/2386/1248 1295/2387/1249
f 1284/2376/1238 1283/2375/1237 1295/2388/1249 1296/2389/1250
f 1285/2377/1239 1284/2376/1238 1296/2389/1250 1297/2390/1251
f 1286/2378/1240 1285/2377/1239 1297/2390/1251 1298/2391/1252
f 1287/2379/1241 1286/2378/1240 1298/2391/1252 1299/2392/1253
f 1288/2380/1242 1287/2379/1241 1299/2392/1253 1300/2393/1254
f 1289/2381/1243 1288/2380/1242 1300/2393/1254 1301/2394/1255
f 1290/2369/1232 1289/2381/1243 1301/2394/1255 1302/2382/1244
f 1291/2383/1245 1302/2382/1244 1314/2395/1256 1303/2396/1257
f 1292/2384/1246 1291/2383/1245 1303/2396/1257 1304/2397/1258
f 1293/2385/1247 1292/2384/1246 1304/2397/1258 1305/2398/1259
f 1294/2386/1248 1293/2385/1247 1305/2398/1259 1306/2399/1260
f 1295/2387/1249 1294/2386/1248 1306/2399/1260 1307/2400/1261
f 1296/2389/1250 1295/2388/1249 1307/2401/1261 1308/2402/1262
f 1297/2390/1251 1296/2389/1250 1308/2402/1262 1309/2403/1263
f 1298/2391/1252 1297/2390/1251 1309/2403/1263 1310/2404/1264
f 1299/2392/1253 1298/2391/1252 1310/2404/1264 1311/2405/1265
f 1300/2393/1254 1299/2392/1253 1311/2405/1265 1312/2406/1266
f 1301/2394/1255 1300/2393/1254 1312/2406/1266 1313/2407/1267
f 1302/2382/1244 1301/2394/1255 1313/2407/1267 1314/2395/1256
f 1303/2396/1257 1314/2395/1256 1326/2408/1268 1315/2409/1269
f 1304/2397/1258 1303/2396/1257 1315/2409/1269 1316/2410/1270
f 1305/2398/1259 1304/2397/1258 1316/2410/1270 1317/2411/1271
f 1306/2399/1260 1305/2398/1259 1317/2411/1271 1318/2412/1272
f 1307/2400/1261 1306/2399/1260 1318/2412/1272 1319/2413/1273
f 1308/2402/1262 1307/2401/1261 1319/2414/1273 1320/2415/1274
f 1309/2403/1263 1308/2402/1262 1320/2415/1274 1321/2416/1275
f 1310/2404/1264 1309/2403/1263 1321/2416/1275 1322/2417/1276
f 1311/2405/1265 1310/2404/1264 1322/2417/1276 1323/2418/1277
f 1312/2406/1266 1311/2405/1265 1323/2418/1277 1324/2419/1278
f 1313/2407/1267 1312/2406/1266 1324/2419/1278 1325/2420/1279
f 1314/2395/1256 1313/2407/1267 1325/2420/1279 1326/2408/1268
f 1315/2409/1269 1326/2408/1268 1338/2421/1280 1327/2422/1281
f 1316/2410/1270 1315/2409/1269 1327/2422/1281 1328/2423/1282
f 1317/2411/1271 1316/2410/1270 1328/2423/1282 1329/2424/1283
f 1318/2412/1272 1317/2411/1271 1329/2424/1283 1330/2425/1284
f 1319/2413/1273 1318/2412/1272 1330/2425/1284 1331/2426/1285
f 1320/2415/1274 1319/2414/1273 1331/2427/1285 1332/2428/1286
f 1321/2416/1275 1320/2415/1274 1332/2428/1286 1333/2429/1287
f 1322/2417/1276 1321/2416/1275 1333/2429/1287 1334/2430/1288
f 1323/2418/1277 1322/2417/1276 1334/2430/1288 1335/2431/1289
f 1324/2419/1278 1323/2418/1277 1335/2431/1289 1336/2432/1290
f 1325/2420/1279 1324/2419/1278 1336/2432/1290 1337/2433/1291
f 1326/2408/1268 1325/2420/1279 1337/2433/1291 1338/2421/1280
f 1327/2422/1281 1338/2421/1280 1350/2434/1292 1339/2435/1293
f 1328/2423/1282 1327/2422/1281 1339/2435/1293 1340/2436/1294
f 1329/2424/1283 1328/2423/1282 1340/2436/1294 1341/2437/1295
f 1330/2425/1284 1329/2424/1283 1341/2437/1295 1342/2438/1296
f 1331/2426/1285 1330/2425/1284 1342/2438/1296 1343/2439/1297
f 1332/2428/1286 1331/2427/1285 1343/2440/1297 1344/2441/1298
f 1333/2429/1287 1332/2428/1286 1344/2441/1298 1345/2442/1299
f 1334/2430/1288 1333/2429/1287 1345/2442/1299 1346/2443/1300
f 1335/2431/1289 1334/2430/1288 1346/2443/1300 1347/2444/1301
f 1336/2432/1290 1335/2431/1289 1347/2444/1301 1348/2445/1302
f 1337/2433/1291 1336/2432/1290 1348/2445/1302 1349/2446/1303
f 1338/2421/1280 1337/2433/1291 1349/2446/1303 1350/2434/1292
f 1339/2435/1293 1350/2434/1292 1362/2447/1304 1351/2448/1305
f 1340/2436/1294 1339/2435/1293 1351/2448/1305 1352/2449/1306
f 1341/2437/1295 1340/2436/1294 1352/2449/1306 1353/2450/1307
f 1342/2438/1296 1341/2437/1295 1353/2450/1307 1354/2451/1308
f 1343/2439/1297 1342/2438/1296 1354/2451/1308 1355/2452/1309
f 1344/2441/1298 1343/2440/1297 1355/2453/1309 1356/2454/1310
f 1345/2442/1299 1344/2441/1298 1356/2454/1310 1357/2455/1311
f 1346/2443/1300 1345/2442/1299 1357/2455/1311 1358/2456/1312
f 1347/2444/1301 1346/2443/1300 1358/2456/1312 1359/2457/1313
f 1348/2445/1302 1347/2444/1301 1359/2457/1313 1360/2458/1314
f 1349/2446/1303 1348/2445/1302 1360/2458/1314 1361/2459/1315
f 1350/2434/1292 1349/2446/1303 1361/2459/1315 1362/2447/1304
f 1351/2448/1305 1362/2447/1304 1374/2460/1316 1363/2461/1317
f 1352/2449/1306 1351/2448/1305 1363/2461/1317 1364/2462/1318
f 1353/2450/1307 1352/2449/1306 1364/2462/1318 1365/2463/1319
f 1354/2451/1308 1353/2450/1307 1365/2463/1319 1366/2464/1320
f 1355/2452/1309 1354/2451/1308 1366/2464/1320 1367/2465/1321
f 1356/2454/1310 1355/2453/1309 1367/2466/1321 1368/2467/1322
f 1357/2455/1311 1356/2454/1310 1368/2467/1322 1369/2468/1323
f 1358/2456/1312 1357/2455/1311 1369/2468/1323 1370/2469/1324
f 1359/2457/1313 1358/2456/1312 1370/2469/1324 1371/2470/1325
f 1360/2458/1314 1359/2457/1313 1371/2470/1325 1372/2471/1326
f 1361/2459/1315 1360/2458/1314 1372/2471/1326 1373/2472/1327
f 1362/2447/1304 1361/2459/1315 1373/2472/1327 1374/2460/1316
f 1363/2461/1317 1374/2460/1316 1386/2473/1328 1375/2474/1329
f 1364/2462/1318 1363/2461/1317 1375/2474/1329 1376/2475/1330
f 1365/2463/1319 1364/2462/1318 1376/2475/1330 1377/2476/1331
f 1366/2464/1320 1365/2463/1319 1377/2476/1331 1378/2477/1332
f 1367/2465/1321 1366/2464/1320 1378/2477/1332 1379/2478/1333
f 1368/2467/1322 1367/2466/1321 1379/2479/1333 1380/2480/1334
f 1369/2468/1323 1368/2467/1322 1380/2480/1334 1381/2481/1335
f 1370/2469/1324 1369/2468/1323 1381/2481/1335 1382/2482/1336
f 1371/2470/1325 1370/2469/1324 1382/2482/1336 1383/2483/1337
f 1372/2471/1326 1371/2470/1325 1383/2483/1337 1384/2484/1338
f 1373/2472/1327 1372/2471/1326 1384/2484/1338 1385/2485/1339
f 1374/2460/1316 1373/2472/1327 1385/2485/1339 1386/2473/1328
f 1375/2474/1329 1386/2473/1328 1398/2486/1340 1387/2487/1341
f 1376/2475/1330 1375/2474/1329 1387/2487/1341 1388/2488/1342
f 1377/2476/1331 1376/2475/1330 1388/2488/1342 1389/2489/1343
f 1378/2477/1332 1377/2476/1331 1389/2489/1343 1390/2490/1344
f 1379/2478/1333 1378/2477/1332 1390/2490/1344 1391/2491/1345
f 1380/2480/1334 1379/2479/1333 1391/2492/1345 1392/2493/1346
f 1381/2481/1335 1380/2480/1334 1392/2493/1346 1393/2494/1347
f 1382/2482/1336 1381/2481/1335 1393/2494/1347 1394/2495/1348
f 1383/2483/1337 1382/2482/1336 1394/2495/1348 1395/2496/1349
f 1384/2484/1338 1383/2483/1337 1395/2496/1349 1396/2497/1350
f 1385/2485/1339 1384/2484/1338 1396/2497/1350 1397/2498/1351
f 1386/2473/1328 1385/2485/1339 1397/2498/1351 1398/2486/1340
f 1387/2487/1341 1398/2486/1340 1410/2499/1352 1399/2500/1353
f 1388/2488/1342 1387/2487/1341 1399/2500/1353 1400/2501/1354
f 1389/2489/1343 1388/2488/1342 1400/2501/1354 1401/2502/1355
f 1390/2490/1344 1389/2489/1343 1401/2502/1355 1402/2503/1356
f 1391/2491/1345 1390/2490/1344 1402/2503/1356 1403/2504/1357
f 1392/2493/1346 1391/2492/1345 1403/2505/1357 1404/2506/1358
f 1393/2494/1347 1392/2493/1346 1404/2506/1358 1405/2507/1359
f 1394/2495/1348 1393/2494/1347 1405/2507/1359 1406/2508/1360
f 1395/2496/1349 1394/2495/1348 1406/2508/1360 1407/2509/1361
f 1396/2497/1350 1395/2496/1349 1407/2509/1361 1408/2510/1362
f 1397/2498/1351 1396/2497/1350 1408/2510/1362 1409/2511/1363
f 1398/2486/1340 1397/2498/1351 1409/2511/1363 1410/2499/1352
f 1399/2500/1353 1410/2499/1352 1422/2512/1364 1411/2513/1365
f 1400/2501/1354 1399/2500/1353 1411/2513/1365 1412/2514/1366
f 1401/2502/1355 1400/2501/1354 1412/2514/1366 1413/2515/1367
f 1402/2503/1356 1401/2502/1355 1413/2515/1367 1414/2516/1368
f 1403/2504/1357 1402/2503/1356 1414/2516/1368 1415/2517/1369
f 1404/2506/1358 1403/2505/1357 1415/2518/1369 1416/2519/1370
f 1405/2507/1359 1404/2506/1358 1416/2519/1370 1417/2520/1371
f 1406/2508/1360 1405/2507/1359 1417/2520/1371 1418/2521/1372
f 1407/2509/1361 1406/2508/1360 1418/2521/1372 1419/2522/1373
f 1408/2510/1362 1407/2509/1361 1419/2522/1373 1420/2523/1374
f 1409/2511/1363 1408/2510/1362 1420/2523/1374 1421/2524/1375
f 1410/2499/1352 1409/2511/1363 1421/2524/1375 1422/2512/1364
f 1411/2513/1365 1422/2512/1364 1434/2525/1376 1423/2526/1377
f 1412/2514/1366 1411/2513/1365 1423/2526/1377 1424/2527/1378
f 1413/2515/1367 1412/2514/1366 1424/2527/1378 1425/2528/1379
f 1414/2516/1368 1413/2515/1367 1425/2528/1379 1426/2529/1380
f 1415/2517/1369 1414/2516/1368 1426/2529/1380 1427/2530/1381
f 1416/2519/1370 1415/2518/1369 1427/2531/1381 1428/2532/1382
f 1417/2520/1371 1416/2519/1370 1428/2532/1382 1429/2533/1383
f 1418/2521/1372 1417/2520/1371 1429/2533/1383 1430/2534/1384
f 1419/2522/1373 1418/2521/1372 1430/2534/1384 1431/2535/1385
f 1420/2523/1374 1419/2522/1373 1431/2535/1385 1432/2536/1386
f 1421/2524/1375 1420/2523/1374 1432/2536/1386 1433/2537/1387
f 1422/2512/1364 1421/2524/1375 1433/2537/1387 1434/2525/1376
f 1423/2526/1377 1434/2525/1376 1446/2538/1388 1435/2539/1389
f 1424/2527/1378 1423/2526/1377 1435/2539/1389 1436/2540/1390
f 1425/2528/1379 1424/2527/1378 1436/2540/1390 1437/2541/1391
f 1426/2529/1380 1425/2528/1379 1437/2541/1391 1438/2542/1392
f 1427/2530/1381 1426/2529/1380 1438/2542/1392 1439/2543/1393
f 1428/2532/1382 1427/2531/1381 1439/2544/1393 1440/2545/1394
f 1429/2533/1383 1428/2532/1382 1440/2545/1394 1441/2546/1395
f 1430/2534/1384 1429/2533/1383 1441/2546/1395 1442/2547/1396
f 1431/2535/1385 1430/2534/1384 1442/2547/1396 1443/2548/1397
f 1432/2536/1386 1431/2535/1385 1443/2548/1397 1444/2549/1398
f 1433/2537/1387 1432/2536/1386 1444/2549/1398 1445/2550/1399
f 1434/2525/1376 1433/2537/1387 1445/2550/1399 1446/2538/1388
f 1435/2539/1389 1446/2538/1388 1458/2551/1400 1447/2552/1401
f 1436/2540/1390 1435/2539/1389 1447/2552/1401 1448/2553/1402
f 1437/2541/1391 1436/2540/1390 1448/2553/1402 1449/2554/1403
f 1438/2542/1392 1437/2541/1391 1449/2554/1403 1450/2555/1404
f 1439/2543/1393 1438/2542/1392 1450/2555/1404 1451/2556/1405
f 1440/2545/1394 1439/2544/1393 1451/2557/1405 1452/2558/1406
f 1441/2546/1395 1440/2545/1394 1452/2558/1406 1453/2559/1407
f 1442/2547/1396 1441/2546/1395 1453/2559/1407 1454/2560/1408
f 1443/2548/1397 1442/2547/1396 1454/2560/1408 1455/2561/1409
f 1444/2549/1398 1443/2548/1397 1455/2561/1409 1456/2562/1410
f 1445/2550/1399 1444/2549/1398 1456/2562/1410 1457/2563/1411
f 1446/2538/1388 1445/2550/1399 1457/2563/1411 1458/2551/1400
f 1447/2552/1401 1458/2551/1400 1470/2564/1412 1459/2565/1413
f 1448/2553/1402 1447/2552/1401 1459/2565/1413 1460/2566/1414
f 1449/2554/1403 1448/2553/1402 1460/2566/1414 1461/2567/1415
f 1450/2555/1404 1449/2554/1403 1461/2567/1415 1462/2568/1416
f 1451/2556/1405 1450/2555/1404 1462/2568/1416 1463/2569/1417
f 1452/2558/1406 1451/2557/1405 1463/2570/1417 1464/2571/1418
f 1453/2559/1407 1452/2558/1406 1464/2571/1418 1465/2572/1419
f 1454/2560/1408 1453/2559/1407 1465/2572/1419 1466/2573/1420
f 1455/2561/1409 1454/2560/1408 1466/2573/1420 1467/2574/1421
f 1456/2562/1410 1455/2561/1409 1467/2574/1421 1468/2575/1422
f 1457/2563/1411 1456/2562/1410 1468/2575/1422 1469/2576/1423
f 1458/2551/1400 1457/2563/1411 1469/2576/1423 1470/2564/1412
f 1459/2565/1413 1470/2564/1412 1482/2577/1424 1471/2578/1425
f 1460/2566/1414 1459/2565/1413 1471/2578/1425 1472/2579/1426
f 1461/2567/1415 1460/2566/1414 1472/2579/1426 1473/2580/1427
f 1462/2568/1416 1461/2567/1415 1473/2580/1427 1474/2581/1428
f 1463/2569/1417 1462/2568/1416 1474/2581/1428 1475/2582/1429
f 1464/2571/1418 1463/2570/1417 1475/2583/1429 1476/2584/1430
f 1465/2572/1419 1464/2571/1418 1476/2584/1430 1477/2585/1431
f 1466/2573/1420 1465/2572/1419 1477/2585/1431 1478/2586/1432
f 1467/2574/1421 1466/2573/1420 1478/2586/1432 1479/2587/1433
f 1468/2575/1422 1467/2574/1421 1479/2587/1433 1480/2588/1434
f 1469/2576/1423 1468/2575/1422 1480/2588/1434 1481/2589/1435
f 1470/2564/1412 1469/2576/1423 1481/2589/1435 1482/2577/1424
f 1471/2578/1425 1482/2577/1424 1494/2590/1436 1483/2591/1437
f 1472/2579/1426 1471/2578/1425 1483/2591/1437 1484/2592/1438
f 1473/2580/1427 1472/2579/1426 1484/2592/1438 1485/2593/1439
f 1474/2581/1428 1473/2580/1427 1485/2593/1439 1486/2594/1440
f 1475/2582/1429 1474/2581/1428 1486/2594/1440 1487/2595/1441
f 1476/2584/1430 1475/2583/1429 1487/2596/1441 1488/2597/1442
f 1477/2585/1431 1476/2584/1430 1488/2597/1442 1489/2598/1443
f 1478/2586/1432 1477/2585/1431 1489/2598/1443 1490/2599/1444
f 1479/2587/1433 1478/2586/1432 1490/2599/1444 1491/2600/1445
f 1480/2588/1434 1479/2587/1433 1491/2600/1445 1492/2601/1446
f 1481/2589/1435 1480/2588/1434 1492/2601/1446 1493/2602/1447
f 1482/2577/1424 1481/2589/1435 1493/2602/1447 1494/2590/1436
f 1483/2591/1437 1494/2590/1436 1506/2603/1448 1495/2604/1449
f 1484/2592/1438 1483/2591/1437 1495/2604/1449 1496/2605/1450
f 1485/2593/1439 1484/2592/1438 1496/2605/1450 1497/2606/1451
f 1486/2594/1440 1485/2593/1439 1497/2606/1451 1498/2607/1452
f 1487/2595/1441 1486/2594/1440 1498/2607/1452 1499/2608/1453
f 1488/2597/1442 1487/2596/1441 1499/2609/1453 1500/2610/1454
f 1489/2598/1443 1488/2597/1442 1500/2610/1454 1501/2611/1455
f 1490/2599/1444 1489/2598/1443 1501/2611/1455 1502/2612/1456
f 1491/2600/1445 1490/2599/1444 1502/2612/1456 1503/2613/1457
f 1492/2601/1446 1491/2600/1445 1503/2613/1457 1504/2614/1458
f 1493/2602/1447 1492/2601/1446 1504/2614/1458 1505/2615/1459
f 1494/2590/1436 1493/2602/1447 1505/2615/1459 1506/2603/1448
f 1495/2604/1449 1506/2603/1448 1518/2616/1460 1507/2617/1461
f 1496/2605/1450 1495/2604/1449 1507/2617/1461 1508/2618/1462
f 1497/2606/1451 1496/2605/1450 1508/2618/1462 1509/2619/1463
f 1498/2607/1452 1497/2606/1451 1509/2619/1463 1510/2620/1464
f 1499/2608/1453 1498/2607/1452 1510/2620/1464 1511/2621/1465
f 1500/2610/1454 1499/2609/1453 1511/2622/1465 1512/2623/1466
f 1501/2611/1455 1500/2610/1454 1512/2623/1466 1513/2624/1467
f 1502/2612/1456 1501/2611/1455 1513/2624/1467 1514/2625/1468
f 1503/2613/1457 1502/2612/1456 1514/2625/1468 1515/2626/1469
f 1504/2614/1458 1503/2613/1457 1515/2626/1469 1516/2627/1470
f 1505/2615/1459 1504/2614/1458 1516/2627/1470 1517/2628/1471
f 1506/2603/1448 1505/2615/1459 1517/2628/1471 1518/2616/1460
f 1507/2617/1461 1518/2616/1460 1530/2629/1472 1519/2630/1473
f 1508/2618/1462 1507/2617/1461 1519/2630/1473 1520/2631/1474
f 1509/2619/1463 1508/2618/1462 1520/2631/1474 1521/2632/1475
f 1510/2620/1464 1509/2619/1463 1521/2632/1475 1522/2633/1476
f 1511/2621/1465 1510/2620/1464 1522/2633/1476 1523/2634/1477
f 1512/2623/1466 1511/2622/1465 1523/2635/1477 1524/2636/1478
f 1513/2624/1467 1512/2623/1466 1524/2636/1478 1525/2637/1479
f 1514/2625/1468 1513/2624/1467 1525/2637/1479 1526/2638/1480
f 1515/2626/1469 1514/2625/1468 1526/2638/1480 1527/2639/1481
f 1516/2627/1470 1515/2626/1469 1527/2639/1481 1528/2640/1482
f 1517/2628/1471 1516/2627/1470 1528/2640/1482 1529/2641/1483
f 1518/2616/1460 1517/2628/1471 1529/2641/1483 1530/2629/1472
f 1519/2630/1473 1530/2629/1472 1542/2642/1484 1531/2643/1485
f 1520/2631/1474 1519/2630/1473 1531/2643/1485 1532/2644/1486
f 1521/2632/1475 1520/2631/1474 1532/2644/1486 1533/2645/1487
f 1522/2633/1476 1521/2632/1475 1533/2645/1487 1534/2646/1488
f 1523/2634/1477 1522/2633/1476 1534/2646/1488 1535/2647/1489
f 1524/2636/1478 1523/2635/1477 1535/2648/1489 1536/2649/1490
f 1525/2637/1479 1524/2636/1478 1536/2649/1490 1537/2650/1491
f 1526/2638/1480 1525/2637/1479 1537/2650/1491 1538/2651/1492
f 1527/2639/1481 1526/2638/1480 1538/2651/1492 1539/2652/1493
f 1528/2640/1482 1527/2639/1481 1539/2652/1493 1540/2653/1494
f 1529/2641/1483 1528/2640/1482 1540/2653/1494 1541/2654/1495
f 1530/2629/1472 1529/2641/1483 1541/2654/1495 1542/2642/1484
f 1531/2643/1485 1542/2642/1484 1554/2655/1496 1543/2656/1497
f 1532/2644/1486 1531/2643/1485 1543/2656/1497 1544/2657/1498
f 1533/2645/1487 1532/2644/1486 1544/2657/1498 1545/2658/1499
f 1534/2646/1488 1533/2645/1487 1545/2658/1499 1546/2659/1500
f 1535/2647/1489 1534/2646/1488 1546/2659/1500 1547/2660/1501
f 1536/2649/1490 1535/2648/1489 1547/2661/1501 1548/2662/1502
f 1537/2650/1491 1536/2649/1490 1548/2662/1502 1549/2663/1503
f 1538/2651/1492 1537/2650/1491 1549/2663/1503 1550/2664/1504
f 1539/2652/1493 1538/2651/1492 1550/2664/1504 1551/2665/1505
f 1540/2653/1494 1539/2652/1493 1551/2665/1505 1552/2666/1506
f 1541/2654/1495 1540/2653/1494 1552/2666/1506 1553/2667/1507
f 1542/2642/1484 1541/2654/1495 1553/2667/1507 1554/2655/1496
f 1543/2656/1497 1554/2655/1496 1566/2668/1508 1555/2669/1509
f 1544/2657/1498 1543/2656/1497 1555/2669/1509 1556/2670/1510
f 1545/2658/1499 1544/2657/1498 1556/2670/1510 1557/2671/1511
f 1546/2659/1500 1545/2658/1499 1557/2671/1511 1558/2672/1512
f 1547/2660/1501 1546/2659/1500 1558/2672/1512 1559/2673/1513
f 1548/2662/1502 1547/2661/1501 1559/2674/1513 1560/2675/1514
f 1549/2663/1503 1548/2662/1502 1560/2675/1514 1561/2676/1515
f 1550/2664/1504 1549/2663/1503 1561/2676/1515 1562/2677/1516
f 1551/2665/1505 1550/2664/1504 1562/2677/1516 1563/2678/1517
f 1552/2666/1506 1551/2665/1505 1563/2678/1517 1564/2679/1518
f 1553/2667/1507 1552/2666/1506 1564/2679/1518 1565/2680/1519
f 1554/2655/1496 1553/2667/1507 1565/2680/1519 1566/2668/1508
f 1555/2669/1509 1566/2668/1508 1578/2681/1520 1567/2682/1521
f 1556/2670/1510 1555/2669/1509 1567/2682/1521 1568/2683/1522
f 1557/2671/1511 1556/2670/1510 1568/2683/1522 1569/2684/1523
f 1558/2672/1512 1557/2671/1511 1569/2684/1523 1570/2685/1524
f 1559/2673/1513 1558/2672/1512 1570/2685/1524 1571/2686/1525
f 1560/2675/1514 1559/2674/1513 1571/2687/1525 1572/2688/1526
f 1561/2676/1515 1560/2675/1514 1572/2688/1526 1573/2689/1527
f 1562/2677/1516 1561/2676/1515 1573/2689/1527 1574/2690/1528
f 1563/2678/1517 1562/2677/1516 1574/2690/1528 1575/2691/1529
f 1564/2679/1518 1563/2678/1517 1575/2691/1529 1576/2692/1530
f 1565/2680/1519 1564/2679/1518 1576/2692/1530 1577/2693/1531
f 1566/2668/1508 1565/2680/1519 1577/2693/1531 1578/2681/1520
f 1567/2682/1521 1578/2681/1520 1590/2694/1532 1579/2695/1533
f 1568/2683/1522 1567/2682/1521 1579/2695/1533 1580/2696/1534
f 1569/2684/1523 1568/2683/1522 1580/2696/1534 1581/2697/1535
f 1570/2685/1524 1569/2684/1523 1581/2697/1535 1582/2698/1536
f 1571/2686/1525 1570/2685/1524 1582/2698/1536 1583/2699/1537
f 1572/2688/1526 1571/2687/1525 1583/2700/1537 1584/2701/1538
f 1573/2689/1527 1572/2688/1526 1584/2701/1538 1585/2702/1539
f 1574/2690/1528 1573/2689/1527 1585/2702/1539 1586/2703/1540
f 1575/2691/1529 1574/2690/1528 1586/2703/1540 1587/2704/1541
f 1576/2692/1530 1575/2691/1529 1587/2704/1541 1588/2705/1542
f 1577/2693/1531 1576/2692/1530 1588/2705/1542 1589/2706/1543
f 1578/2681/1520 1577/2693/1531 1589/2706/1543 1590/2694/1532
f 1579/2695/1533 1590/2694/1532 1602/2707/1544 1591/2708/1545
f 1580/2696/1534 1579/2695/1533 1591/2708/1545 1592/2709/1546
f 1581/2697/1535 1580/2696/1534 1592/2709/1546 1593/2710/1547
f 1582/2698/1536 1581/2697/1535 1593/2710/1547 1594/2711/1548
f 1583/2699/1537 1582/2698/1536 1594/2711/1548 1595/2712/1549
f 1584/2701/1538 1583/2700/1537 1595/2713/1549 1596/2714/1550
f 1585/2702/1539 1584/2701/1538 1596/2714/1550 1597/2715/1551
f 1586/2703/1540 1585/2702/1539 1597/2715/1551 1598/2716/1552
f 1587/2704/1541 1586/2703/1540 1598/2716/1552 1599/2717/1553
f 1588/2705/1542 1587/2704/1541 1599/2717/1553 1600/2718/1554
f 1589/2706/1543 1588/2705/1542 1600/2718/1554 1601/2719/1555
f 1590/2694/1532 1589/2706/1543 1601/2719/1555 1602/2707/1544
f 1591/2708/1545 1602/2707/1544 1614/2720/1556 1603/2721/1557
f 1592/2709/1546 1591/2708/1545 1603/2721/1557 1604/2722/1558
f 1593/2710/1547 1592/2709/1546 1604/2722/1558 1605/2723/1559
f 1594/2711/1548 1593/2710/1547 1605/2723/1559 1606/2724/1560
f 1595/2712/1549 1594/2711/1548 1606/2724/1560 1607/2725/1561
f 1596/2714/1550 1595/2713/1549 1607/2726/1561 1608/2727/1562
f 1597/2715/1551 1596/2714/1550 1608/2727/1562 1609/2728/1563
f 1598/2716/1552 1597/2715/1551 1609/2728/1563 1610/2729/1564
f 1599/2717/1553 1598/2716/1552 1610/2729/1564 1611/2730/1565
f 1600/2718/1554 1599/2717/1553 1611/2730/1565 1612/2731/1566
f 1601/2719/1555 1600/2718/1554 1612/2731/1566 1613/2732/1567
f 1602/2707/1544 1601/2719/1555 1613/2732/1567 1614/2720/1556
f 1603/2721/1557 1614/2720/1556 1626/2733/1568 1615/2734/1569
f 1604/2722/1558 1603/2721/1557 1615/2734/1569 1616/2735/1570
f 1605/2723/1559 1604/2722/1558 1616/2735/1570 1617/2736/1571
f 1606/2724/1560 1605/2723/1559 1617/2736/1571 1618/2737/1572
f 1607/2725/1561 1606/2724/1560 1618/2737/1572 1619/2738/1573
f 1608/2727/1562 1607/2726/1561 1619/2739/1573 1620/2740/1574
f 1609/2728/1563 1608/2727/1562 1620/2740/1574 1621/2741/1575
f 1610/2729/1564 1609/2728/1563 1621/2741/1575 1622/2742/1576
f 1611/2730/1565 1610/2729/1564 1622/2742/1576 1623/2743/1577
f 1612/2731/1566 1611/2730/1565 1623/2743/1577 1624/2744/1578
f 1613/2732/1567 1612/2731/1566 1624/2744/1578 1625/2745/1579
f 1614/2720/1556 1613/2732/1567 1625/2745/1579 1626/2733/1568
f 1615/2734/1569 1626/2733/1568 1638/2746/1580 1627/2747/1581
f 1616/2735/1570 1615/2734/1569 1627/2747/1581 1628/2748/1582
f 1617/2736/1571 1616/2735/1570 1628/2748/1582 1629/2749/1583
f 1618/2737/1572 1617/2736/1571 1629/2749/1583 1630/2750/1584
f 1619/2738/1573 1618/2737/1572 1630/2750/1584 1631/2751/1585
f 1620/2740/1574 1619/2739/1573 1631/2752/1585 1632/2753/1586
f 1621/2741/1575 1620/2740/1574 1632/2753/1586 1633/2754/1587
f 1622/2742/1576 1621/2741/1575 1633/2754/1587 1634/2755/1588
f 1623/2743/1577 1622/2742/1576 1634/2755/1588 1635/2756/1589
f 1624/2744/1578 1623/2743/1577 1635/2756/1589 1636/2757/1590
f 1625/2745/1579 1624/2744/1578 1636/2757/1590 1637/2758/1591
f 1626/2733/1568 1625/2745/1579 1637/2758/1591 1638/2746/1580
f 1627/2747/1581 1638/2746/1580 1650/2759/1592 1639/2760/1593
f 1628/2748/1582 1627/2747/1581 1639/2760/1593 1640/2761/1594
f 1629/2749/1583 1628/2748/1582 1640/2761/1594 1641/2762/1595
f 1630/2750/1584 1629/2749/1583 1641/2762/1595 1642/2763/1596
f 1631/2751/1585 1630/2750/1584 1642/2763/1596 1643/2764/1597
f 1632/2753/1586 1631/2752/1585 1643/2765/1597 1644/2766/1598
f 1633/2754/1587 1632/2753/1586 1644/2766/1598 1645/2767/1599
f 1634/2755/1588 1633/2754/1587 1645/2767/1599 1646/2768/1600
f 1635/2756/1589 1634/2755/1588 1646/2768/1600 1647/2769/1601
f 1636/2757/1590 1635/2756/1589 1647/2769/1601 1648/2770/1602
f 1637/2758/1591 1636/2757/1590 1648/2770/1602 1649/2771/1603
f 1638/2746/1580 1637/2758/1591 1649/2771/1603 1650/2759/1592
f 1639/2760/1593 1650/2759/1592 1662/2772/1604 1651/2773/1605
f 1640/2761/1594 1639/2760/1593 1651/2773/1605 1652/2774/1606
f 1641/2762/1595 1640/2761/1594 1652/2774/1606 1653/2775/1607
f 1642/2763/1596 1641/2762/1595 1653/2775/1607 1654/2776/1608
f 1643/2764/1597 1642/2763/1596 1654/2776/1608 1655/2777/1609
f 1644/2766/1598 1643/2765/1597 1655/2778/1609 1656/2779/1610
f 1645/2767/1599 1644/2766/1598 1656/2779/1610 1657/2780/1611
f 1646/2768/1600 1645/2767/1599 1657/2780/1611 1658/2781/1612
f 1647/2769/1601 1646/2768/1600 1658/2781/1612 1659/2782/1613
f 1648/2770/1602 1647/2769/1601 1659/2782/1613 1660/2783/1614
f 1649/2771/1603 1648/2770/1602 1660/2783/1614 1661/2784/1615
f 1650/2759/1592 1649/2771/1603 1661/2784/1615 1662/2772/1604
f 1651/2773/1605 1662/2772/1604 1674/2785/1616 1663/2786/1617
f 1652/2774/1606 1651/2773/1605 1663/2786/1617 1664/2787/1618
f 1653/2775/1607 1652/2774/1606 1664/2787/1618 1665/2788/1619
f 1654/2776/1608 1653/2775/1607 1665/2788/1619 1666/2789/1620
f 1655/2777/1609 1654/2776/1608 1666/2789/1620 1667/2790/1621
f 1656/2779/1610 1655/2778/1609 1667/2791/1621 1668/2792/1622
f 1657/2780/1611 1656/2779/1610 1668/2792/1622 1669/2793/1623
f 1658/2781/1612 1657/2780/1611 1669/2793/1623 1670/2794/1624
f 1659/2782/1613 1658/2781/1612 1670/2794/1624 1671/2795/1625
f 1660/2783/1614 1659/2782/1613 1671/2795/1625 1672/2796/1626
f 1661/2784/1615 1660/2783/1614 1672/2796/1626 1673/2797/1627
f 1662/2772/1604 1661/2784/1615 1673/2797/1627 1674/2785/1616
f 1675/2798/1628 1686/2799/1629 1698/2800/1630 1687/2801/1631
f 1676/2802/1632 1675/2798/1628 1687/2801/1631 1688/2803/1633
f 1677/2804/1634 1676/2802/1632 1688/2803/1633 1689/2805/1635
f 1678/2806/1636 1677/2807/1634 1689/2808/1635 1690/2809/1637
f 1679/2810/1638 1678/2806/1636 1690/2809/1637 1691/2811/1639
f 1680/2812/1640 1679/2810/1638 1691/2811/1639 1692/2813/1641
f 1681/2814/1642 1680/2812/1640 1692/2813/1641 1693/2815/1643
f 1682/2816/1644 1681/2814/1642 1693/2815/1643 1694/2817/1645
f 1683/2818/1646 1682/2816/1644 1694/2817/1645 1695/2819/1647
f 1684/2820/1648 1683/2818/1646 1695/2819/1647 1696/2821/1649
f 1685/2822/1650 1684/2820/1648 1696/2821/1649 1697/2823/1651
f 1686/2799/1629 1685/2822/1650 1697/2823/1651 1698/2800/1630
f 1687/2801/1631 1698/2800/1630 1710/2824/1652 1699/2825/1653
f 1688/2803/1633 1687/2801/1631 1699/2825/1653 1700/2826/1654
f 1689/2805/1635 1688/2803/1633 1700/2826/1654 1701/2827/1655
f 1690/2809/1637 1689/2808/1635 1701/2828/1655 1702/2829/1656
f 1691/2811/1639 1690/2809/1637 1702/2829/1656 1703/2830/1657
f 1692/2813/1641 1691/2811/1639 1703/2830/1657 1704/2831/1658
f 1693/2815/1643 1692/2813/1641 1704/2831/1658 1705/2832/1659
f 1694/2817/1645 1693/2815/1643 1705/2832/1659 1706/2833/1660
f 1695/2819/1647 1694/2817/1645 1706/2833/1660 1707/2834/1661
f 1696/2821/1649 1695/2819/1647 1707/2834/1661 1708/2835/1662
f 1697/2823/1651 1696/2821/1649 1708/2835/1662 1709/2836/1663
f 1698/2800/1630 1697/2823/1651 1709/2836/1663 1710/2824/1652
f 1699/2825/1653 1710/2824/1652 1722/2837/1664 1711/2838/1665
f 1700/2826/1654 1699/2825/1653 1711/2838/1665 1712/2839/1666
f 1701/2827/1655 1700/2826/1654 1712/2839/1666 1713/2840/1667
f 1702/2829/1656 1701/2828/1655 1713/2841/1667 1714/2842/1668
f 1703/2830/1657 1702/2829/1656 1714/2842/1668 1715/2843/1669
f 1704/2831/1658 1703/2830/1657 1715/2843/1669 1716/2844/1670
f 1705/2832/1659 1704/2831/1658 1716/2844/1670 1717/2845/1671
f 1706/2833/1660 1705/2832/1659 1717/2845/1671 1718/2846/1672
f 1707/2834/1661 1706/2833/1660 1718/2846/1672 1719/2847/1673
f 1708/2835/1662 1707/2834/1661 1719/2847/1673 1720/2848/1674
f 1709/2836/1663 1708/2835/1662 1720/2848/1674 1721/2849/1675
f 1710/2824/1652 1709/2836/1663 1721/2849/1675 1722/2837/1664
f 1711/2838/1665 1722/2837/1664 1734/2850/1676 1723/2851/1677
f 1712/2839/1666 1711/2838/1665 1723/2851/1677 1724/2852/1678
f 1713/2840/1667 1712/2839/1666 1724/2852/1678 1725/2853/1679
f 1714/2842/1668 1713/2841/1667 1725/2854/1679 1726/2855/1680
f 1715/2843/1669 1714/2842/1668 1726/2855/1680 1727/2856/1681
f 1716/2844/1670 1715/2843/1669 1727/2856/1681 1728/2857/1682
f 1717/2845/1671 1716/2844/1670 1728/2857/1682 1729/2858/1683
f 1718/2846/1672 1717/2845/1671 1729/2858/1683 1730/2859/1684
f 1719/2847/1673 1718/2846/1672 1730/2859/1684 1731/2860/1685
f 1720/2848/1674 1719/2847/1673 1731/2860/1685 1732/2861/1686
f 1721/2849/1675 1720/2848/1674 1732/2861/1686 1733/2862/1687
f 1722/2837/1664 1721/2849/1675 1733/2862/1687 1734/2850/1676
f 1723/2851/1677 1734/2850/1676 1746/2863/1688 1735/2864/1689
f 1724/2852/1678 1723/2851/1677 1735/2864/1689 1736/2865/1690
f 1725/2853/1679 1724/2852/1678 1736/2865/1690 1737/2866/1691
f 1726/2855/1680 1725/2854/1679 1737/2867/1691 1738/2868/1692
f 1727/2856/1681 1726/2855/1680 1738/2868/1692 1739/2869/1693
f 1728/2857/1682 1727/2856/1681 1739/2869/1693 1740/2870/1694
f 1729/2858/1683 1728/2857/1682 1740/2870/1694 1741/2871/1695
f 1730/2859/1684 1729/2858/1683 1741/2871/1695 1742/2872/1696
f 1731/2860/1685 1730/2859/1684 1742/2872/1696 1743/2873/1697
f 1732/2861/1686 1731/2860/1685 1743/2873/1697 1744/2874/1698
f 1733/2862/1687 1732/2861/1686 1744/2874/1698 1745/2875/1699
f 1734/2850/1676 1733/2862/1687 1745/2875/1699 1746/2863/1688
f 1735/2864/1689 1746/2863/1688 1758/2876/1700 1747/2877/1701
f 1736/2865/1690 1735/2864/1689 1747/2877/1701 1748/2878/1702
f 1737/2866/1691 1736/2865/1690 1748/2878/1702 1749/2879/1703
f 1738/2868/1692 1737/2867/1691 1749/2880/1703 1750/2881/1704
f 1739/2869/1693 1738/2868/1692 1750/2881/1704 1751/2882/1705
f 1740/2870/1694 1739/2869/1693 1751/2882/1705 1752/2883/1706
f 1741/2871/1695 1740/2870/1694 1752/2883/1706 1753/2884/1707
f 1742/2872/1696 1741/2871/1695 1753/2884/1707 1754/2885/1708
f 1743/2873/1697 1742/2872/1696 1754/2885/1708 1755/2886/1709
f 1744/2874/1698 1743/2873/1697 1755/2886/1709 1756/2887/1710
f 1745/2875/1699 1744/2874/1698 1756/2887/1710 1757/2888/1711
f 1746/2863/1688 1745/2875/1699 1757/2888/1711 1758/2876/1700
f 1747/2877/1701 1758/2876/1700 1770/2889/1712 1759/2890/1713
f 1748/2878/1702 1747/2877/1701 1759/2890/1713 1760/2891/1714
f 1749/2879/1703 1748/2878/1702 1760/2891/1714 1761/2892/1715
f 1750/2881/1704 1749/2880/1703 1761/2893/1715 1762/2894/1716
f 1751/2882/1705 1750/2881/1704 1762/2894/1716 1763/2895/1717
f 1752/2883/1706 1751/2882/1705 1763/2895/1717 1764/2896/1718
f 1753/2884/1707 1752/2883/1706 1764/2896/1718 1765/2897/1719
f 1754/2885/1708 1753/2884/1707 1765/2897/1719 1766/2898/1720
f 1755/2886/1709 1754/2885/1708 1766/2898/1720 1767/2899/1721
f 1756/2887/1710 1755/2886/1709 1767/2899/1721 1768/2900/1722
f 1757/2888/1711 1756/2887/1710 1768/2900/1722 1769/2901/1723
f 1758/2876/1700 1757/2888/1711 1769/2901/1723 1770/2889/1712
f 1759/2890/1713 1770/2889/1712 1782/2902/1724 1771/2903/1725
f 1760/2891/1714 1759/2890/1713 1771/2903/1725 1772/2904/1726
f 1761/2892/1715 1760/2891/1714 1772/2904/1726 1773/2905/1727
f 1762/2894/1716 1761/2893/1715 1773/2906/1727 1774/2907/1728
f 1763/2895/1717 1762/2894/1716 1774/2907/1728 1775/2908/1729
f 1764/2896/1718 1763/2895/1717 1775/2908/1729 1776/2909/1730
f 1765/2897/1719 1764/2896/1718 1776/2909/1730 1777/2910/1731
f 1766/2898/1720 1765/2897/1719 1777/2910/1731 1778/2911/1732
f 1767/2899/1721 1766/2898/1720 1778/2911/1732 1779/2912/1733
f 1768/2900/1722 1767/2899/1721 1779/2912/1733 1780/2913/1734
f 1769/2901/1723 1768/2900/1722 1780/2913/1734 1781/2914/1735
f 1770/2889/1712 1769/2901/1723 1781/2914/1735 1782/2902/1724
f 1771/2903/1725 1782/2902/1724 1794/2915/1736 1783/2916/1737
f 1772/2904/1726 1771/2903/1725 1783/2916/1737 1784/2917/1738
f 1773/2905/1727 1772/2904/1726 1784/2917/1738 1785/2918/1739
f 1774/2907/1728 1773/2906/1727 1785/2919/1739 1786/2920/1740
f 1775/2908/1729 1774/2907/1728 1786/2920/1740 1787/2921/1741
f 1776/2909/1730 1775/2908/1729 1787/2921/1741 1788/2922/1742
f 1777/2910/1731 1776/2909/1730 1788/2922/1742 1789/2923/1743
f 1778/2911/1732 1777/2910/1731 1789/2923/1743 1790/2924/1744
f 1779/2912/1733 1778/2911/1732 1790/2924/1744 1791/2925/1745
f 1780/2913/1734 1779/2912/1733 1791/2925/1745 1792/2926/1746
f 1781/2914/1735 1780/2913/1734 1792/2926/1746 1793/2927/1747
f 1782/2902/1724 1781/2914/1735 1793/2927/1747 1794/2915/1736
f 1783/2916/1737 1794/2915/1736 1806/2928/1748 1795/2929/1749
f 1784/2917/1738 1783/2916/1737 1795/2929/1749 1796/2930/1750
f 1785/2918/1739 1784/2917/1738 1796/2930/1750 1797/2931/1751
f 1786/2920/1740 1785/2919/1739 1797/2932/1751 1798/2933/1752
f 1787/2921/1741 1786/2920/1740 1798/2933/1752 1799/2934/1753
f 1788/2922/1742 1787/2921/1741 1799/2934/1753 1800/2935/1754
f 1789/2923/1743 1788/2922/1742 1800/2935/1754 1801/2936/1755
f 1790/2924/1744 1789/2923/1743 1801/2936/1755 1802/2937/1756
f 1791/2925/1745 1790/2924/1744 1802/2937/1756 1803/2938/1757
f 1792/2926/1746 1791/2925/1745 1803/2938/1757 1804/2939/1758
f 1793/2927/1747 1792/2926/1746 1804/2939/1758 1805/2940/1759
f 1794/2915/1736 1793/2927/1747 1805/2940/1759 1806/2928/1748
f 1795/2929/1749 1806/2928/1748 1818/2941/1760 1807/2942/1761
f 1796/2930/1750 1795/2929/1749 1807/2942/1761 1808/2943/1762
f 1797/2931/1751 1796/2930/1750 1808/2943/1762 1809/2944/1763
f 1798/2933/1752 1797/2932/1751 1809/2945/1763 1810/2946/1764
f 1799/2934/1753 1798/2933/1752 1810/2946/1764 1811/2947/1765
f 1800/2935/1754 1799/2934/1753 1811/2947/1765 1812/2948/1766
f 1801/2936/1755 1800/2935/1754 1812/2948/1766 1813/2949/1767
f 1802/2937/1756 1801/2936/1755 1813/2949/1767 1814/2950/1768
f 1803/2938/1757 1802/2937/1756 1814/2950/1768 1815/2951/1769
f 1804/2939/1758 1803/2938/1757 1815/2951/1769 1816/2952/1770
f 1805/2940/1759 1804/2939/1758 1816/2952/1770 1817/2953/1771
f 1806/2928/1748 1805/2940/1759 1817/2953/1771 1818/2941/1760
f 1807/2942/1761 1818/2941/1760 1830/2954/1772 1819/2955/1773
f 1808/2943/1762 1807/2942/1761 1819/2955/1773 1820/2956/1774
f 1809/2944/1763 1808/2943/1762 1820/2956/1774 1821/2957/1775
f 1810/2946/1764 1809/2945/1763 1821/2958/1775 1822/2959/1776
f 1811/2947/1765 1810/2946/1764 1822/2959/1776 1823/2960/1777
f 1812/2948/1766 1811/2947/1765 1823/2960/1777 1824/2961/1778
f 1813/2949/1767 1812/2948/1766 1824/2961/1778 1825/2962/1779
f 1814/2950/1768 1813/2949/1767 1825/2962/1779 1826/2963/1780
f 1815/2951/1769 1814/2950/1768 1826/2963/1780 1827/2964/1781
f 1816/2952/1770 1815/2951/1769 1827/2964/1781 1828/2965/1782
f 1817/2953/1771 1816/2952/1770 1828/2965/1782 1829/2966/1783
f 1818/2941/1760 1817/2953/1771 1829/2966/1783 1830/2954/1772
f 1819/2955/1773 1830/2954/1772 1842/2967/1784 1831/2968/1785
f 1820/2956/1774 1819/2955/1773 1831/2968/1785 1832/2969/1786
f 1821/2957/1775 1820/2956/1774 1832/2969/1786 1833/2970/1787
f 1822/2959/1776 1821/2958/1775 1833/2971/1787 1834/2972/1788
f 1823/2960/1777 1822/2959/1776 1834/2972/1788 1835/2973/1789
f 1824/2961/1778 1823/2960/1777 1835/2973/1789 1836/2974/1790
f 1825/2962/1779 1824/2961/1778 1836/2974/1790 1837/2975/1791
f 1826/2963/1780 1825/2962/1779 1837/2975/1791 1838/2976/1792
f 1827/2964/1781 1826/2963/1780 1838/2976/1792 1839/2977/1793
f 1828/2965/1782 1827/2964/1781 1839/2977/1793 1840/2978/1794
f 1829/2966/1783 1828/2965/1782 1840/2978/1794 1841/2979/1795
f 1830/2954/1772 1829/2966/1783 1841/2979/1795 1842/2967/1784
f 1831/2968/1785 1842/2967/1784 1854/2980/1796 1843/2981/1797
f 1832/2969/1786 1831/2968/1785 1843/2981/1797 1844/2982/1798
f 1833/2970/1787 1832/2969/1786 1844/2982/1798 1845/2983/1799
f 1834/2972/1788 1833/2971/1787 1845/2984/1799 1846/2985/1800
f 1835/2973/1789 1834/2972/1788 1846/2985/1800 1847/2986/1801
f 1836/2974/1790 1835/2973/1789 1847/2986/1801 1848/2987/1802
f 1837/2975/1791 1836/2974/1790 1848/2987/1802 1849/2988/1803
f 1838/2976/1792 1837/2975/1791 1849/2988/1803 1850/2989/1804
f 1839/2977/1793 1838/2976/1792 1850/2989/1804 1851/2990/1805
f 1840/2978/1794 1839/2977/1793 1851/2990/1805 1852/2991/1806
f 1841/2979/1795 1840/2978/1794 1852/2991/1806 1853/2992/1807
f 1842/2967/1784 1841/2979/1795 1853/2992/1807 1854/2980/1796
f 1843/2981/1797 1854/2980/1796 1866/2993/1808 1855/2994/1809
f 1844/2982/1798 1843/2981/1797 1855/2994/1809 1856/2995/1810
f 1845/2983/1799 1844/2982/1798 1856/2995/1810 1857/2996/1811
f 1846/2985/1800 1845/2984/1799 1857/2997/1811 1858/2998/1812
f 1847/2986/1801 1846/2985/1800 1858/2998/1812 1859/2999/1813
f 1848/2987/1802 1847/2986/1801 1859/2999/1813 1860/3000/1814
f 1849/2988/1803 1848/2987/1802 1860/3000/1814 1861/3001/1815
f 1850/2989/1804 1849/2988/1803 1861/3001/1815 1862/3002/1816
f 1851/2990/1805 1850/2989/1804 1862/3002/1816 1863/3003/1817
f 1852/2991/1806 1851/2990/1805 1863/3003/1817 1864/3004/1818
f 1853/2992/1807 1852/2991/1806 1864/3004/1818 1865/3005/1819
f 1854/2980/1796 1853/2992/1807 1865/3005/1819 1866/2993/1808
f 1855/2994/1809 1866/2993/1808 1878/3006/1820 1867/3007/1821
f 1856/2995/1810 1855/2994/1809 1867/3007/1821 1868/3008/1822
f 1857/2996/1811 1856/2995/1810 1868/3008/1822 1869/3009/1823
f 1858/2998/1812 1857/2997/1811 1869/3010/1823 1870/3011/1824
f 1859/2999/1813 1858/2998/1812 1870/3011/1824 1871/3012/1825
f 1860/3000/1814 1859/2999/1813 1871/3012/1825 1872/3013/1826
f 1861/3001/1815 1860/3000/1814 1872/3013/1826 1873/3014/1827
f 1862/3002/1816 1861/3001/1815 1873/3014/1827 1874/3015/1828
f 1863/3003/1817 1862/3002/1816 1874/3015/1828 1875/3016/1829
f 1864/3004/1818 1863/3003/1817 1875/3016/1829 1876/3017/1830
f 1865/3005/1819 1864/3004/1818 1876/3017/1830 1877/3018/1831
f 1866/2993/1808 1865/3005/1819 1877/3018/1831 1878/3006/1820
f 1867/3007/1821 1878/3006/1820 1890/3019/1832 1879/3020/1833
f 1868/3008/1822 1867/3007/1821 1879/3020/1833 1880/3021/1834
f 1869/3009/1823 1868/3008/1822 1880/3021/1834 1881/3022/1835
f 1870/3011/1824 1869/3010/1823 1881/3023/1835 1882/3024/1836
f 1871/3012/1825 1870/3011/1824 1882/3024/1836 1883/3025/1837
f 1872/3013/1826 1871/3012/1825 1883/3025/1837 1884/3026/1838
f 1873/3014/1827 1872/3013/1826 1884/3026/1838 1885/3027/1839
f 1874/3015/1828 1873/3014/1827 1885/3027/1839 1886/3028/1840
f 1875/3016/1829 1874/3015/1828 1886/3028/1840 1887/3029/1841
f 1876/3017/1830 1875/3016/1829 1887/3029/1841 1888/3030/1842
f 1877/3018/1831 1876/3017/1830 1888/3030/1842 1889/3031/1843
f 1878/3006/1820 1877/3018/1831 1889/3031/1843 1890/3019/1832
f 1879/3020/1833 1890/3019/1832 1902/3032/1844 1891/3033/1845
f 1880/3021/1834 1879/3020/1833 1891/3033/1845 1892/3034/1846
f 1881/3022/1835 1880/3021/1834 1892/3034/1846 1893/3035/1847
f 1882/3024/1836 1881/3023/1835 1893/3036/1847 1894/3037/1848
f 1883/3025/1837 1882/3024/1836 1894/3037/1848 1895/3038/1849
f 1884/3026/1838 1883/3025/1837 1895/3038/1849 1896/3039/1850
f 1885/3027/1839 1884/3026/1838 1896/3039/1850 1897/3040/1851
f 1886/3028/1840 1885/3027/1839 1897/3040/1851 1898/3041/1852
f 1887/3029/1841 1886/3028/1840 1898/3041/1852 1899/3042/1853
f 1888/3030/1842 1887/3029/1841 1899/3042/1853 1900/3043/1854
f 1889/3031/1843 1888/3030/1842 1900/3043/1854 1901/3044/1855
f 1890/3019/1832 1889/3031/1843 1901/3044/1855 1902/3032/1844
f 1891/3033/1845 1902/3032/1844 1914/3045/1856 1903/3046/1857
f 1892/3034/1846 1891/3033/1845 1903/3046/1857 1904/3047/1858
f 1893/3035/1847 1892/3034/1846 1904/3047/1858 1905/3048/1859
f 1894/3037/1848 1893/3036/1847 1905/3049/1859 1906/3050/1860
f 1895/3038/1849 1894/3037/1848 1906/3050/1860 1907/3051/1861
f 1896/3039/1850 1895/3038/1849 1907/3051/1861 1908/3052/1862
f 1897/3040/1851 1896/3039/1850 1908/3052/1862 1909/3053/1863
f 1898/3041/1852 1897/3040/1851 1909/3053/1863 1910/3054/1864
f 1899/3042/1853 1898/3041/1852 1910/3054/1864 1911/3055/1865
f 1900/3043/1854 1899/3042/1853 1911/3055/1865 1912/3056/1866
f 1901/3044/1855 1900/3043/1854 1912/3056/1866 1913/3057/1867
f 1902/3032/1844 1901/3044/1855 1913/3057/1867 1914/3045/1856
f 1903/3046/1857 1914/3045/1856 1926/3058/1868 1915/3059/1869
f 1904/3047/1858 1903/3046/1857 1915/3059/1869 1916/3060/1870
f 1905/3048/1859 1904/3047/1858 1916/3060/1870 1917/3061/1871
f 1906/3050/1860 1905/3049/1859 1917/3062/1871 1918/3063/1872
f 1907/3051/1861 1906/3050/1860 1918/3063/1872 1919/3064/1873
f 1908/3052/1862 1907/3051/1861 1919/3064/1873 1920/3065/1874
f 1909/3053/1863 1908/3052/1862 1920/3065/1874 1921/3066/1875
f 1910/3054/1864 1909/3053/1863 1921/3066/1875 1922/3067/1876
f 1911/3055/1865 1910/3054/1864 1922/3067/1876 1923/3068/1877
f 1912/3056/1866 1911/3055/1865 1923/3068/1877 1924/3069/1878
f 1913/3057/1867 1912/3056/1866 1924/3069/1878 1925/3070/1879
f 1914/3045/1856 1913/3057/1867 1925/3070/1879 1926/3058/1868
f 1915/3059/1869 1926/3058/1868 1938/3071/1880 1927/3072/1881
f 1916/3060/1870 1915/3059/1869 1927/3072/1881 1928/3073/1882
f 1917/3061/1871 1916/3060/1870 1928/3073/1882 1929/3074/1883
f 1918/3063/1872 1917/3062/1871 1929/3075/1883 1930/3076/1884
f 1919/3064/1873 1918/3063/1872 1930/3076/1884 1931/3077/1885
f 1920/3065/1874 1919/3064/1873 1931/3077/1885 1932/3078/1886
f 1921/3066/1875 1920/3065/1874 1932/3078/1886 1933/3079/1887
f 1922/3067/1876 1921/3066/1875 1933/3079/1887 1934/3080/1888
f 1923/3068/1877 1922/3067/1876 1934/3080/1888 1935/3081/1889
f 1924/3069/1878 1923/3068/1877 1935/3081/1889 1936/3082/1890
f 1925/3070/1879 1924/3069/1878 1936/3082/1890 1937/3083/1891
f 1926/3058/1868 1925/3070/1879 1937/3083/1891 1938/3071/1880
f 1927/3072/1881 1938/3071/1880 1950/3084/1892 1939/3085/1893
f 1928/3073/1882 1927/3072/1881 1939/3085/1893 1940/3086/1894
f 1929/3074/1883 1928/3073/1882 1940/3086/1894 1941/3087/1895
f 1930/3076/1884 1929/3075/1883 1941/3088/1895 1942/3089/1896
f 1931/3077/1885 1930/3076/1884 1942/3089/1896 1943/3090/1897
f 1932/3078/1886 1931/3077/1885 1943/3090/1897 1944/3091/1898
f 1933/3079/1887 1932/3078/1886 1944/3091/1898 1945/3092/1899
f 1934/3080/1888 1933/3079/1887 1945/3092/1899 1946/3093/1900
f 1935/3081/1889 1934/3080/1888 1946/3093/1900 1947/3094/1901
f 1936/3082/1890 1935/3081/1889 1947/3094/1901 1948/3095/1902
f 1937/3083/1891 1936/3082/1890 1948/3095/1902 1949/3096/1903
f 1938/3071/1880 1937/3083/1891 1949/3096/1903 1950/3084/1892
f 1939/3085/1893 1950/3084/1892 1962/3097/1904 1951/3098/1905
f 1940/3086/1894 1939/3085/1893 1951/3098/1905 1952/3099/1906
f 1941/3087/1895 1940/3086/1894 1952/3099/1906 1953/3100/1907
f 1942/3089/1896 1941/3088/1895 1953/3101/1907 1954/3102/1908
f 1943/3090/1897 1942/3089/1896 1954/3102/1908 1955/3103/1909
f 1944/3091/1898 1943/3090/1897 1955/3103/1909 1956/3104/1910
f 1945/3092/1899 1944/3091/1898 1956/3104/1910 1957/3105/1911
f 1946/3093/1900 1945/3092/1899 1957/3105/1911 1958/3106/1912
f 1947/3094/1901 1946/3093/1900 1958/3106/1912 1959/3107/1913
f 1948/3095/1902 1947/3094/1901 1959/3107/1913 1960/3108/1914
f 1949/3096/1903 1948/3095/1902 1960/3108/1914 1961/3109/1915
f 1950/3084/1892 1949/3096/1903 1961/3109/1915 1962/3097/1904
f 1951/3098/1905 1962/3097/1904 1974/3110/1916 1963/3111/1917
f 1952/3099/1906 1951/3098/1905 1963/3111/1917 1964/3112/1918
f 1953/3100/1907 1952/3099/1906 1964/3112/1918 1965/3113/1919
f 1954/3102/1908 1953/3101/1907 1965/3114/1919 1966/3115/1920
f 1955/3103/1909 1954/3102/1908 1966/3115/1920 1967/3116/1921
f 1956/3104/1910 1955/3103/1909 1967/3116/1921 1968/3117/1922
f 1957/3105/1911 1956/3104/1910 1968/3117/1922 1969/3118/1923
f 1958/3106/1912 1957/3105/1911 1969/3118/1923 1970/3119/1924
f 1959/3107/1913 1958/3106/1912 1970/3119/1924 1971/3120/1925
f 1960/3108/1914 1959/3107/1913 1971/3120/1925 1972/3121/1926
f 1961/3109/1915 1960/3108/1914 1972/3121/1926 1973/3122/1927
f 1962/3097/1904 1961/3109/1915 1973/3122/1927 1974/3110/1916
f 1963/3111/1917 1974/3110/1916 1986/3123/1928 1975/3124/1929
f 1964/3112/1918 1963/3111/1917 1975/3124/1929 1976/3125/1930
f 1965/3113/1919 1964/3112/1918 1976/3125/1930 1977/3126/1931
f 1966/3115/1920 1965/3114/1919 1977/3127/1931 1978/3128/1932
f 1967/3116/1921 1966/3115/1920 1978/3128/1932 1979/3129/1933
f 1968/3117/1922 1967/3116/1921 1979/3129/1933 1980/3130/1934
f 1969/3118/1923 1968/3117/1922 1980/3130/1934 1981/3131/1935
f 1970/3119/1924 1969/3118/1923 1981/3131/1935 1982/3132/1936
f 1971/3120/1925 1970/3119/1924 1982/3132/1936 1983/3133/1937
f 1972/3121/1926 1971/3120/1925 1983/3133/1937 1984/3134/1938
f 1973/3122/1927 1972/3121/1926 1984/3134/1938 1985/3135/1939
f 1974/3110/1916 1973/3122/1927 1985/3135/1939 1986/3123/1928
f 1975/3124/1929 1986/3123/1928 1998/3136/1940 1987/3137/1941
f 1976/3125/1930 1975/3124/1929 1987/3137/1941 1988/3138/1942
f 1977/3126/1931 1976/3125/1930 1988/3138/1942 1989/3139/1943
f 1978/3128/1932 1977/3127/1931 1989/3140/1943 1990/3141/1944
f 1979/3129/1933 1978/3128/1932 1990/3141/1944 1991/3142/1945
f 1980/3130/1934 1979/3129/1933 1991/3142/1945 1992/3143/1946
f 1981/3131/1935 1980/3130/1934 1992/3143/1946 1993/3144/1947
f 1982/3132/1936 1981/3131/1935 1993/3144/1947 1994/3145/1948
f 1983/3133/1937 1982/3132/1936 1994/3145/1948 1995/3146/1949
f 1984/3134/1938 1983/3133/1937 1995/3146/1949 1996/3147/1950
f 1985/3135/1939 1984/3134/1938 1996/3147/1950 1997/3148/1951
f 1986/3123/1928 1985/3135/1939 1997/3148/1951 1998/3136/1940
f 1987/3137/1941 1998/3136/1940 2010/3149/1952 1999/3150/1953
f 1988/3138/1942 1987/3137/1941 1999/3150/1953 2000/3151/1954
f 1989/3139/1943 1988/3138/1942 2000/3151/1954 2001/3152/1955
f 1990/3141/1944 1989/3140/1943 2001/3153/1955 2002/3154/1956
f 1991/3142/1945 1990/3141/1944 2002/3154/1956 2003/3155/1957
f 1992/3143/1946 1991/3142/1945 2003/3155/1957 2004/3156/1958
f 1993/3144/1947 1992/3143/1946 2004/3156/1958 2005/3157/1959
f 1994/3145/1948 1993/3144/1947 2005/3157/1959 2006/3158/1960
f 1995/3146/1949 1994/3145/1948 2006/3158/1960 2007/3159/1961
f 1996/3147/1950 1995/3146/1949 2007/3159/1961 2008/3160/1962
f 1997/3148/1951 1996/3147/1950 2008/3160/1962 2009/3161/1963
f 1998/3136/1940 1997/3148/1951 2009/3161/1963 2010/3149/1952
f 1999/3150/1953 2010/3149/1952 2022/3162/1964 2011/3163/1965
f 2000/3151/1954 1999/3150/1953 2011/3163/1965 2012/3164/1966
f 2001/3152/1955 2000/3151/1954 2012/3164/1966 2013/3165/1967
f 2002/3154/1956 2001/3153/1955 2013/3166/1967 2014/3167/1968
f 2003/3155/1957 2002/3154/1956 2014/3167/1968 2015/3168/1969
f 2004/3156/1958 2003/3155/1957 2015/3168/1969 2016/3169/1970
f 2005/3157/1959 2004/3156/1958 2016/3169/1970 2017/3170/1971
f 2006/3158/1960 2005/3157/1959 2017/3170/1971 2018/3171/1972
f 2007/3159/1961 2006/3158/1960 2018/3171/1972 2019/3172/1973
f 2008/3160/1962 2007/3159/1961 2019/3172/1973 2020/3173/1974
f 2009/3161/1963 2008/3160/1962 2020/3173/1974 2021/3174/1975
f 2010/3149/1952 2009/3161/1963 2021/3174/1975 2022/3162/1964
f 2011/3163/1965 2022/3162/1964 2034/3175/1976 2023/3176/1977
f 2012/3164/1966 2011/3163/1965 2023/3176/1977 2024/3177/1978
f 2013/3165/1967 2012/3164/1966 2024/3177/1978 2025/3178/1979
f 2014/3167/1968 2013/3166/1967 2025/3179/1979 2026/3180/1980
f 2015/3168/1969 2014/3167/1968 2026/3180/1980 2027/3181/1981
f 2016/3169/1970 2015/3168/1969 2027/3181/1981 2028/3182/1982
f 2017/3170/1971 2016/3169/1970 2028/3182/1982 2029/3183/1983
f 2018/3171/1972 2017/3170/1971 2029/3183/1983 2030/3184/1984
f 2019/3172/1973 2018/3171/1972 2030/3184/1984 2031/3185/1985
f 2020/3173/1974 2019/3172/1973 2031/3185/1985 2032/3186/1986
f 2021/3174/1975 2020/3173/1974 2032/3186/1986 2033/3187/1987
f 2022/3162/1964 2021/3174/1975 2033/3187/1987 2034/3175/1976
f 2023/3176/1977 2034/3175/1976 2046/3188/1988 2035/3189/1989
f 2024/3177/1978 2023/3176/1977 2035/3189/1989 2036/3190/1990
f 2025/3178/1979 2024/3177/1978 2036/3190/1990 2037/3191/1991
f 2026/3180/1980 2025/3179/1979 2037/3192/1991 2038/3193/1992
f 2027/3181/1981 2026/3180/1980 2038/3193/1992 2039/3194/1993
f 2028/3182/1982 2027/3181/1981 2039/3194/1993 2040/3195/1994
f 2029/3183/1983 2028/3182/1982 2040/3195/1994 2041/3196/1995
f 2030/3184/1984 2029/3183/1983 2041/3196/1995 2042/3197/1996
f 2031/3185/1985 2030/3184/1984 2042/3197/1996 2043/3198/1997
f 2032/3186/1986 2031/3185/1985 2043/3198/1997 2044/3199/1998
f 2033/3187/1987 2032/3186/1986 2044/3199/1998 2045/3200/1999
f 2034/3175/1976 2033/3187/1987 2045/3200/1999 2046/3188/1988
f 2035/3189/1989 2046/3188/1988 2058/3201/2000 2047/3202/2001
f 2036/3190/1990 2035/3189/1989 2047/3202/2001 2048/3203/2002
f 2037/3191/1991 2036/3190/1990 2048/3203/2002 2049/3204/2003
f 2038/3193/1992 2037/3192/1991 2049/3205/2003 2050/3206/2004
f 2039/3194/1993 2038/3193/1992 2050/3206/2004 2051/3207/2005
f 2040/3195/1994 2039/3194/1993 2051/3207/2005 2052/3208/2006
f 2041/3196/1995 2040/3195/1994 2052/3208/2006 2053/3209/2007
f 2042/3197/1996 2041/3196/1995 2053/3209/2007 2054/3210/2008
f 2043/3198/1997 2042/3197/1996 2054/3210/2008 2055/3211/2009
f 2044/3199/1998 2043/3198/1997 2055/3211/2009 2056/3212/2010
f 2045/3200/1999 2044/3199/1998 2056/3212/2010 2057/3213/2011
f 2046/3188/1988 2045/3200/1999 2057/3213/2011 2058/3201/2000
f 2047/3202/2001 2058/3201/2000 2070/3214/2012 2059/3215/2013
f 2048/3203/2002 2047/3202/2001 2059/3215/2013 2060/3216/2014
f 2049/3204/2003 2048/3203/2002 2060/3216/2014 2061/3217/2015
f 2050/3206/2004 2049/3205/2003 2061/3218/2015 2062/3219/2016
f 2051/3207/2005 2050/3206/2004 2062/3219/2016 2063/3220/2017
f 2052/3208/2006 2051/3207/2005 2063/3220/2017 2064/3221/2018
f 2053/3209/2007 2052/3208/2006 2064/3221/2018 2065/3222/2019
f 2054/3210/2008 2053/3209/2007 2065/3222/2019 2066/3223/2020
f 2055/3211/2009 2054/3210/2008 2066/3223/2020 2067/3224/2021
f 2056/3212/2010 2055/3211/2009 2067/3224/2021 2068/3225/2022
f 2057/3213/2011 2056/3212/2010 2068/3225/2022 2069/3226/2023
f 2058/3201/2000 2057/3213/2011 2069/3226/2023 2070/3214/2012
f 2059/3215/2013 2070/3214/2012 2082/3227/2024 2071/3228/2025
f 2060/3216/2014 2059/3215/2013 2071/3228/2025 2072/3229/2026
f 2061/3217/2015 2060/3216/2014 2072/3229/2026 2073/3230/2027
f 2062/3219/2016 2061/3218/2015 2073/3231/2027 2074/3232/2028
f 2063/3220/2017 2062/3219/2016 2074/3232/2028 2075/3233/2029
f 2064/3221/2018 2063/3220/2017 2075/3233/2029 2076/3234/2030
f 2065/3222/2019 2064/3221/2018 2076/3234/2030 2077/3235/2031
f 2066/3223/2020 2065/3222/2019 2077/3235/2031 2078/3236/2032
f 2067/3224/2021 2066/3223/2020 2078/3236/2032 2079/3237/2033
f 2068/3225/2022 2067/3224/2021 2079/3237/2033 2080/3238/2034
f 2069/3226/2023 2068/3225/2022 2080/3238/2034 2081/3239/2035
f 2070/3214/2012 2069/3226/2023 2081/3239/2035 2082/3227/2024
f 2071/3228/2025 2082/3227/2024 2094/3240/2036 2083/3241/2037
f 2072/3229/2026 2071/3228/2025 2083/3241/2037 2084/3242/2038
f 2073/3230/2027 2072/3229/2026 2084/3242/2038 2085/3243/2039
f 2074/3232/2028 2073/3231/2027 2085/3244/2039 2086/3245/2040
f 2075/3233/2029 2074/3232/2028 2086/3245/2040 2087/3246/2041
f 2076/3234/2030 2075/3233/2029 2087/3246/2041 2088/3247/2042
f 2077/3235/2031 2076/3234/2030 2088/3247/2042 2089/3248/2043
f 2078/3236/2032 2077/3235/2031 2089/3248/2043 2090/3249/2044
f 2079/3237/2033 2078/3236/2032 2090/3249/2044 2091/3250/2045
f 2080/3238/2034 2079/3237/2033 2091/3250/2045 2092/3251/2046
f 2081/3239/2035 2080/3238/2034 2092/3251/2046 2093/3252/2047
f 2082/3227/2024 2081/3239/2035 2093/3252/2047 2094/3240/2036
usemtl MI_StatScreens_1
s off
f 2449/3253/2048 2451/3254/2048 2444/3255/2048
f 2447/3256/2048 2448/3257/2048 2449/3253/2048
f 2449/3253/2048 2450/3258/2048 2451/3254/2048
f 2451/3254/2048 2441/3259/2048 2444/3255/2048
f 2441/3259/2048 2442/3260/2048 2443/3261/2048
f 2444/3255/2048 2441/3259/2048 2443/3261/2048
f 2444/3255/2048 2445/3262/2048 2447/3256/2048
f 2445/3262/2048 2446/3263/2048 2447/3256/2048
f 2447/3256/2048 2449/3253/2048 2444/3255/2048
f 2453/3264/2048 2439/3265/2048 2440/3266/2048 2452/3267/2048
usemtl MI_StatScreens_2
f 2464/3268/2049 2466/3269/2049 2459/3270/2049
f 2462/3271/2049 2463/3272/2049 2464/3268/2049
f 2464/3268/2049 2465/3273/2049 2466/3269/2049
f 2466/3269/2049 2456/3274/2049 2459/3270/2049
f 2456/3274/2049 2457/3275/2049 2458/3276/2049
f 2459/3270/2049 2456/3274/2049 2458/3276/2049
f 2459/3270/2049 2460/3277/2049 2462/3271/2049
f 2460/3277/2049 2461/3278/2049 2462/3271/2049
f 2462/3271/2049 2464/3268/2049 2459/3270/2049
f 2468/3279/2049 2454/3280/2049 2455/3281/2049 2467/3282/2049
usemtl MI_StatScreens_3
f 2479/3283/2050 2474/3284/2050 2481/3285/2050
f 2477/3286/2050 2479/3283/2050 2478/3287/2050
f 2479/3283/2050 2481/3285/2050 2480/3288/2050
f 2481/3285/2050 2474/3284/2050 2471/3289/2050
f 2471/3289/2050 2473/3290/2050 2472/3291/2050
f 2474/3284/2050 2473/3290/2050 2471/3289/2050
f 2474/3284/2050 2477/3286/2050 2475/3292/2050
f 2475/3292/2050 2477/3286/2050 2476/3293/2050
f 2477/3286/2050 2474/3284/2050 2479/3283/2050
f 2483/3294/2050 2482/3295/2050 2470/3296/2050 2469/3297/2050
