# Blender v3.6.0 OBJ File: 'AllModels.blend'
# www.blender.org
mtllib Prop_GunRack.mtl
o Prop_GunRack_Cube.236
v 0.552577 0.009368 0.202182
v 0.184192 0.009368 -0.363920
v 0.184192 0.009368 0.202262
v 0.527132 0.841514 -0.280465
v 0.400995 0.845344 0.297556
v 0.184192 0.009368 0.329558
v 0.184193 0.089191 0.346362
v 0.147912 0.797608 0.321755
v 0.527132 0.845394 0.192375
v 0.182506 0.845312 0.297556
v 0.411868 0.009368 0.329558
v 0.428907 0.124198 0.325779
v 0.413700 0.709892 0.324839
v 0.184192 0.516304 -0.363921
v 0.184192 0.679119 0.327438
v 0.434041 0.570275 0.310182
v 0.552577 0.528219 0.133969
v 0.552577 0.005532 -0.278533
v 0.184192 0.005532 -0.278533
v 0.182506 0.845333 -0.338551
v 0.552577 0.528219 -0.074035
v 0.184192 0.698735 -0.363921
v 0.184192 0.709936 0.324800
v 0.552577 0.676305 0.133969
v 0.552577 0.673636 -0.074035
v 0.148071 0.009368 0.362171
v 0.148071 0.089296 0.380992
v 0.152652 0.679000 0.357756
v 0.184192 0.452393 0.333746
v 0.184192 0.270792 0.340054
v 0.430575 0.269480 0.320695
v 0.432703 0.451027 0.314389
v 0.152652 0.270822 0.373247
v 0.232833 0.108590 0.345696
v 0.387548 0.231997 0.341435
v 0.387548 0.108591 0.345721
v 0.208513 0.290191 0.339384
v 0.208512 0.413596 0.335098
v 0.363227 0.290192 0.339409
v 0.387547 0.309591 0.338740
v 0.232833 0.432995 0.334428
v 0.387547 0.432996 0.334453
v 0.363227 0.251395 0.340757
v 0.208513 0.127988 0.345018
v 0.208513 0.251394 0.340732
v 0.371129 0.199188 0.325743
v 0.265669 0.115104 0.329331
v 0.371129 0.115104 0.329331
v 0.224931 0.380714 0.317998
v 0.224931 0.296631 0.321586
v 0.330391 0.296631 0.321586
v 0.265669 0.413195 0.316612
v 0.371129 0.329112 0.320200
v 0.371129 0.413195 0.316612
v 0.224931 0.147585 0.327945
v 0.330391 0.231669 0.324358
v 0.224931 0.231669 0.324358
v 0.000000 0.009368 -0.363920
v 0.000000 0.009368 0.202262
v 0.000000 0.009368 0.329558
v 0.000000 0.797632 0.322203
v 0.000000 0.516304 -0.363921
v 0.000000 0.679000 0.325143
v 0.000000 0.005532 -0.278533
v 0.000000 0.698735 -0.363921
v 0.000000 0.709898 0.324065
v 0.000000 0.009368 0.362171
v 0.000000 0.089296 0.380992
v 0.000000 0.679000 0.357756
v 0.000000 0.270822 0.373247
v 0.000000 0.845313 -0.363921
v 0.483688 0.009368 -0.363920
v 0.483688 0.516304 -0.363921
v 0.483688 0.665624 -0.363921
v 0.474000 0.845365 -0.338551
v 0.551024 0.699959 0.200486
v 0.532365 0.462546 0.222407
v 0.552577 0.515201 -0.278533
v 0.552577 0.665624 -0.278533
v 0.530449 0.676305 0.133969
v 0.530449 0.673636 -0.074035
v 0.530449 0.546252 0.133969
v 0.545218 0.528219 0.133969
v 0.532428 0.537236 0.133969
v 0.537834 0.530635 0.133969
v 0.545218 0.528219 -0.074035
v 0.530449 0.546252 -0.074035
v 0.537834 0.530635 -0.074035
v 0.532428 0.537236 -0.074035
v 0.552577 0.089295 -0.278533
v 0.000000 0.089295 -0.363920
v 0.184192 0.089295 -0.363920
v 0.483688 0.089295 -0.363920
v 0.535516 0.124281 0.225849
v 0.184192 0.845313 -0.363921
v 0.413338 0.845169 0.320140
v 0.000000 0.845259 -0.338551
v 0.184193 0.845205 0.320102
v 0.552577 0.841478 -0.278533
v 0.549640 0.845222 0.198975
v 0.000000 0.845237 0.297556
v 0.483688 0.845313 -0.363921
v 0.000000 0.822568 -0.338547
v 0.000000 0.822547 0.297560
v 0.182468 0.822643 -0.338547
v 0.400957 0.822654 0.297560
v 0.182468 0.822622 0.297560
v 0.527094 0.818824 -0.280460
v 0.527094 0.822703 0.192380
v 0.473962 0.822674 -0.338547
v 0.552577 0.491377 -0.278533
v 0.000000 0.492271 -0.363921
v 0.184192 0.492271 -0.363921
v 0.483688 0.492271 -0.363921
v 0.533274 0.364521 0.223400
v 0.552577 0.007867 0.065605
v 0.184192 0.007867 0.065605
v 0.552577 0.843812 0.039483
v 0.552577 0.487677 0.065605
v 0.552577 0.698257 0.065605
v 0.000000 0.007867 0.065605
v 0.552577 0.528219 0.052559
v 0.552577 0.675260 0.052559
v 0.530449 0.675260 0.052559
v 0.530449 0.546252 0.052559
v 0.532428 0.537236 0.052559
v 0.537834 0.530635 0.052559
v 0.545218 0.528219 0.052559
v 0.552577 0.089295 0.065605
v 0.527132 0.843875 0.032904
v 0.527094 0.821185 0.032909
v 0.552577 0.355810 0.065605
v 0.536444 0.491377 -0.276032
v 0.536444 0.089295 -0.276032
v 0.000000 0.492271 -0.352527
v 0.000000 0.089295 -0.352526
v 0.168059 0.492271 -0.352527
v 0.168059 0.089295 -0.352526
v 0.467554 0.492271 -0.352527
v 0.467554 0.089295 -0.352526
v 0.536444 0.089295 0.052277
v 0.536444 0.355810 0.052277
v 0.183349 0.845323 -0.351236
v 0.000000 0.845286 -0.351236
v 0.183349 0.845258 0.308829
v 0.407166 0.845257 0.308848
v 0.538386 0.845308 0.195675
v 0.539854 0.841496 -0.279499
v 0.000000 0.845275 0.309879
v 0.478844 0.845339 -0.351236
v 0.539855 0.843844 0.036194
v 0.147069 0.797608 0.308829
v 0.000000 0.797608 0.309879
v 0.154053 0.782768 0.322271
v 0.000000 0.782781 0.322518
v 0.500303 0.497692 0.251059
v 0.444015 0.559464 0.301483
v 0.453082 0.845185 0.284810
v 0.509896 0.845207 0.234305
v 0.454234 0.665624 0.288133
v 0.510489 0.665624 0.237192
v 0.493406 0.845380 0.220498
v 0.434721 0.845357 0.269433
v 0.434692 0.822667 0.269430
v 0.493359 0.822690 0.220510
v 0.450343 0.845274 0.271610
v 0.494491 0.845291 0.233533
v 0.450343 0.684600 0.271610
v 0.494491 0.684600 0.233533
v 0.453723 0.760156 0.264289
v 0.486380 0.760156 0.236123
v 0.486380 0.832092 0.236123
v 0.453723 0.832085 0.264289
v 0.486380 0.842454 0.236123
v 0.453723 0.842446 0.264289
v 0.507110 0.908467 0.260158
v 0.474452 0.908455 0.288324
v 0.507110 0.760156 0.260158
v 0.474452 0.760156 0.288324
v 0.507110 0.842454 0.260158
v 0.474452 0.832085 0.288324
v 0.507110 0.832092 0.260158
v 0.474452 0.842446 0.288324
v 0.459853 0.921820 0.271397
v 0.453723 0.914672 0.264289
v 0.486380 0.914685 0.236123
v 0.492510 0.921833 0.243230
v 0.411759 0.452398 0.333783
v 0.413887 0.633945 0.327477
v 0.407503 0.089304 0.346395
v 0.409631 0.270851 0.340089
v 0.554219 0.364517 0.203975
v 0.556840 0.089428 0.206836
v 0.553108 0.481161 0.202762
v 0.455354 0.588439 0.290331
v 0.511642 0.526667 0.239908
v 0.432627 0.436389 0.297478
v 0.433812 0.531271 0.294260
v 0.429381 0.176344 0.306296
v 0.430824 0.291940 0.302376
v 0.512537 0.367558 0.224968
v 0.514655 0.176427 0.227276
v 0.511673 0.445545 0.224026
v 0.441628 0.522665 0.287210
v 0.486272 0.473512 0.246939
v 0.184192 0.395715 0.335715
v 0.152652 0.395694 0.367919
v 0.208513 0.375081 0.336436
v 0.224931 0.354472 0.319118
v 0.000000 0.395694 0.367919
v 0.000000 0.041303 0.475775
v 0.148071 0.041303 0.475775
v 0.148071 0.009368 0.486790
v 0.000000 0.009368 0.486790
v 0.000000 0.681393 0.400944
v 0.117934 0.681393 0.400944
v 0.117934 0.621028 0.408690
v 0.000000 0.621028 0.408690
v 0.137797 0.524523 0.383981
v 0.152499 0.400896 0.367920
v 0.184181 0.452393 0.333757
v 0.152652 0.527902 0.362919
v 0.141642 0.503912 0.379280
v 0.145225 0.480845 0.375065
v 0.148301 0.456894 0.371622
v 0.150662 0.433691 0.369186
v 0.152146 0.412817 0.367923
v 0.000000 0.400896 0.367920
v 0.000000 0.524523 0.383981
v 0.000000 0.412817 0.367923
v 0.000000 0.433691 0.369186
v 0.000000 0.456894 0.371622
v 0.000000 0.480845 0.375065
v 0.000000 0.503912 0.379280
v 0.184192 0.006446 -0.298874
v 0.000000 0.006446 -0.298874
v 0.536167 0.006446 -0.298874
v 0.536167 0.515464 -0.298874
v 0.536167 0.842391 -0.298874
v 0.536167 0.665624 -0.298874
v 0.536167 0.089295 -0.298874
v 0.514475 0.842431 -0.294302
v 0.514437 0.819741 -0.294297
v 0.536167 0.491590 -0.298874
v 0.520033 0.089295 -0.294254
v 0.520033 0.491590 -0.294254
v 0.525321 0.842411 -0.296588
v 0.496923 0.008631 -0.347516
v 0.496923 0.516092 -0.347516
v 0.496923 0.844576 -0.347516
v 0.496923 0.089295 -0.347516
v 0.484207 0.844625 -0.327392
v 0.484170 0.821934 -0.327387
v 0.496923 0.492100 -0.347516
v 0.480789 0.089295 -0.337830
v 0.480789 0.492100 -0.337830
v 0.490565 0.844601 -0.337454
v 0.184192 0.008631 -0.347516
v 0.000000 0.008631 -0.347516
v 0.496923 0.665624 -0.347516
v 0.525321 0.684600 -0.296588
v 0.490565 0.684600 -0.337454
v -0.552577 0.009368 0.202182
v -0.184192 0.009368 -0.363920
v -0.184192 0.009368 0.202262
v -0.527132 0.841514 -0.280465
v -0.400995 0.845344 0.297556
v -0.184192 0.009368 0.329558
v -0.184193 0.089191 0.346362
v -0.147912 0.797608 0.321755
v -0.527132 0.845394 0.192375
v -0.182506 0.845312 0.297556
v -0.411868 0.009368 0.329558
v -0.428907 0.124198 0.325779
v -0.413700 0.709892 0.324839
v -0.184192 0.516304 -0.363921
v -0.184192 0.679119 0.327438
v -0.434041 0.570275 0.310182
v -0.552577 0.528219 0.133969
v -0.552577 0.005532 -0.278533
v -0.184192 0.005532 -0.278533
v -0.182506 0.845333 -0.338551
v -0.552577 0.528219 -0.074035
v -0.184192 0.698735 -0.363921
v -0.184192 0.709936 0.324800
v -0.552577 0.676305 0.133969
v -0.552577 0.673636 -0.074035
v -0.148071 0.009368 0.362171
v -0.148071 0.089296 0.380992
v -0.152652 0.679000 0.357756
v -0.184192 0.452393 0.333746
v -0.184192 0.270792 0.340054
v -0.430575 0.269480 0.320695
v -0.432703 0.451027 0.314389
v -0.152652 0.270822 0.373247
v -0.232833 0.108590 0.345696
v -0.387548 0.231997 0.341435
v -0.387548 0.108591 0.345721
v -0.208513 0.290191 0.339384
v -0.208512 0.413596 0.335098
v -0.363227 0.290192 0.339409
v -0.387547 0.309591 0.338740
v -0.232833 0.432995 0.334428
v -0.387547 0.432996 0.334453
v -0.363227 0.251395 0.340757
v -0.208513 0.127988 0.345018
v -0.208513 0.251394 0.340732
v -0.371129 0.199188 0.325743
v -0.265669 0.115104 0.329331
v -0.371129 0.115104 0.329331
v -0.224931 0.380714 0.317998
v -0.224931 0.296631 0.321586
v -0.330391 0.296631 0.321586
v -0.265669 0.413195 0.316612
v -0.371129 0.329112 0.320200
v -0.371129 0.413195 0.316612
v -0.224931 0.147585 0.327945
v -0.330391 0.231669 0.324358
v -0.224931 0.231669 0.324358
v -0.483688 0.009368 -0.363920
v -0.483688 0.516304 -0.363921
v -0.483688 0.665624 -0.363921
v -0.474000 0.845365 -0.338551
v -0.551024 0.699959 0.200486
v -0.532365 0.462546 0.222407
v -0.552577 0.515201 -0.278533
v -0.552577 0.665624 -0.278533
v -0.530449 0.676305 0.133969
v -0.530449 0.673636 -0.074035
v -0.530449 0.546252 0.133969
v -0.545218 0.528219 0.133969
v -0.532428 0.537236 0.133969
v -0.537834 0.530635 0.133969
v -0.545218 0.528219 -0.074035
v -0.530449 0.546252 -0.074035
v -0.537834 0.530635 -0.074035
v -0.532428 0.537236 -0.074035
v -0.552577 0.089295 -0.278533
v -0.184192 0.089295 -0.363920
v -0.483688 0.089295 -0.363920
v -0.535516 0.124281 0.225849
v -0.184192 0.845313 -0.363921
v -0.413338 0.845169 0.320140
v -0.184193 0.845205 0.320102
v -0.552577 0.841478 -0.278533
v -0.549640 0.845222 0.198975
v -0.483688 0.845313 -0.363921
v -0.182468 0.822643 -0.338547
v -0.400957 0.822654 0.297560
v -0.182468 0.822622 0.297560
v -0.527094 0.818824 -0.280460
v -0.527094 0.822703 0.192380
v -0.473962 0.822674 -0.338547
v -0.552577 0.491377 -0.278533
v -0.184192 0.492271 -0.363921
v -0.483688 0.492271 -0.363921
v -0.533274 0.364521 0.223400
v -0.552577 0.007867 0.065605
v -0.184192 0.007867 0.065605
v -0.552577 0.843812 0.039483
v -0.552577 0.487677 0.065605
v -0.552577 0.698257 0.065605
v -0.552577 0.528219 0.052559
v -0.552577 0.675260 0.052559
v -0.530449 0.675260 0.052559
v -0.530449 0.546252 0.052559
v -0.532428 0.537236 0.052559
v -0.537834 0.530635 0.052559
v -0.545218 0.528219 0.052559
v -0.552577 0.089295 0.065605
v -0.527132 0.843875 0.032904
v -0.527094 0.821185 0.032909
v -0.552577 0.355810 0.065605
v -0.536444 0.491377 -0.276032
v -0.536444 0.089295 -0.276032
v -0.168059 0.492271 -0.352527
v -0.168059 0.089295 -0.352526
v -0.467554 0.492271 -0.352527
v -0.467554 0.089295 -0.352526
v -0.536444 0.089295 0.052277
v -0.536444 0.355810 0.052277
v -0.183349 0.845323 -0.351236
v -0.183349 0.845258 0.308829
v -0.407166 0.845257 0.308848
v -0.538386 0.845308 0.195675
v -0.539854 0.841496 -0.279499
v -0.478844 0.845339 -0.351236
v -0.539855 0.843844 0.036194
v -0.147069 0.797608 0.308829
v -0.154053 0.782768 0.322271
v -0.500303 0.497692 0.251059
v -0.444015 0.559464 0.301483
v -0.453082 0.845185 0.284810
v -0.509896 0.845207 0.234305
v -0.454234 0.665624 0.288133
v -0.510489 0.665624 0.237192
v -0.493406 0.845380 0.220498
v -0.434721 0.845357 0.269433
v -0.434692 0.822667 0.269430
v -0.493359 0.822690 0.220510
v -0.450343 0.845274 0.271610
v -0.494491 0.845291 0.233533
v -0.450343 0.684600 0.271610
v -0.494491 0.684600 0.233533
v -0.453723 0.760156 0.264289
v -0.486380 0.760156 0.236123
v -0.486380 0.832092 0.236123
v -0.453723 0.832085 0.264289
v -0.486380 0.842454 0.236123
v -0.453723 0.842446 0.264289
v -0.507110 0.908467 0.260158
v -0.474452 0.908455 0.288324
v -0.507110 0.760156 0.260158
v -0.474452 0.760156 0.288324
v -0.507110 0.842454 0.260158
v -0.474452 0.832085 0.288324
v -0.507110 0.832092 0.260158
v -0.474452 0.842446 0.288324
v -0.459853 0.921820 0.271397
v -0.453723 0.914672 0.264289
v -0.486380 0.914685 0.236123
v -0.492510 0.921833 0.243230
v -0.411759 0.452398 0.333783
v -0.413887 0.633945 0.327477
v -0.407503 0.089304 0.346395
v -0.409631 0.270851 0.340089
v -0.554219 0.364517 0.203975
v -0.556840 0.089428 0.206836
v -0.553108 0.481161 0.202762
v -0.455354 0.588439 0.290331
v -0.511642 0.526667 0.239908
v -0.432627 0.436389 0.297478
v -0.433812 0.531271 0.294260
v -0.429381 0.176344 0.306296
v -0.430824 0.291940 0.302376
v -0.512537 0.367558 0.224968
v -0.514655 0.176427 0.227276
v -0.511673 0.445545 0.224026
v -0.441628 0.522665 0.287210
v -0.486272 0.473512 0.246939
v -0.184192 0.395715 0.335715
v -0.152652 0.395694 0.367919
v -0.208513 0.375081 0.336436
v -0.224931 0.354472 0.319118
v -0.148071 0.041303 0.475775
v -0.148071 0.009368 0.486790
v -0.117934 0.681393 0.400944
v -0.117934 0.621028 0.408690
v -0.137797 0.524523 0.383981
v -0.152499 0.400896 0.367920
v -0.184181 0.452393 0.333757
v -0.152652 0.527902 0.362919
v -0.141642 0.503912 0.379280
v -0.145225 0.480845 0.375065
v -0.148301 0.456894 0.371622
v -0.150662 0.433691 0.369186
v -0.152146 0.412817 0.367923
v -0.184192 0.006446 -0.298874
v -0.536167 0.006446 -0.298874
v -0.536167 0.515464 -0.298874
v -0.536167 0.842391 -0.298874
v -0.536167 0.665624 -0.298874
v -0.536167 0.089295 -0.298874
v -0.514475 0.842431 -0.294302
v -0.514437 0.819741 -0.294297
v -0.536167 0.491590 -0.298874
v -0.520033 0.089295 -0.294254
v -0.520033 0.491590 -0.294254
v -0.525321 0.842411 -0.296588
v -0.496923 0.008631 -0.347516
v -0.496923 0.516092 -0.347516
v -0.496923 0.844576 -0.347516
v -0.496923 0.089295 -0.347516
v -0.484207 0.844625 -0.327392
v -0.484170 0.821934 -0.327387
v -0.496923 0.492100 -0.347516
v -0.480789 0.089295 -0.337830
v -0.480789 0.492100 -0.337830
v -0.490565 0.844601 -0.337454
v -0.184192 0.008631 -0.347516
v -0.496923 0.665624 -0.347516
v -0.525321 0.684600 -0.296588
v -0.490565 0.684600 -0.337454
v -0.107450 0.818496 0.280304
v -0.322351 0.818496 0.280304
v 0.107451 0.818496 0.280304
v 0.322351 0.818496 0.280304
v 0.322351 0.818516 -0.337460
v 0.107451 0.818516 -0.337460
v -0.107450 0.818516 -0.337460
v -0.322351 0.818516 -0.337460
v -0.351471 0.818498 0.249859
v -0.351471 0.818514 -0.307698
v -0.293232 0.818498 0.249859
v -0.136570 0.818498 0.249859
v -0.136570 0.818514 -0.307698
v -0.293232 0.818514 -0.307698
v 0.351471 0.818498 0.249859
v 0.351471 0.818514 -0.307698
v -0.078331 0.818498 0.249859
v 0.078331 0.818498 0.249859
v 0.078331 0.818514 -0.307698
v -0.078331 0.818514 -0.307698
v 0.136570 0.818498 0.249859
v 0.293232 0.818498 0.249859
v 0.293232 0.818514 -0.307698
v 0.136570 0.818514 -0.307698
v -0.351471 0.568348 0.249852
v -0.351471 0.568365 -0.307704
v -0.136570 0.568348 0.249852
v -0.293232 0.568348 0.249852
v -0.136570 0.568365 -0.307704
v -0.293232 0.568365 -0.307704
v 0.351471 0.568348 0.249852
v 0.351471 0.568365 -0.307704
v 0.078331 0.568348 0.249852
v -0.078331 0.568348 0.249852
v 0.078331 0.568365 -0.307704
v -0.078331 0.568365 -0.307704
v 0.293232 0.568348 0.249852
v 0.136570 0.568348 0.249852
v 0.293232 0.568365 -0.307704
v 0.136570 0.568365 -0.307704
v -0.322351 1.138903 0.280304
v -0.322351 1.334799 -0.337460
v -0.107450 1.138903 0.280304
v -0.107450 1.334799 -0.337460
v 0.107451 1.138903 0.280304
v 0.107451 1.334799 -0.337460
v 0.322351 1.138903 0.280304
v 0.322351 1.334799 -0.337460
v -0.351471 1.334799 -0.307698
v -0.351471 1.138903 0.280304
v -0.136570 1.334799 -0.307698
v -0.136570 1.138903 0.280304
v -0.293231 1.138903 0.280304
v -0.293232 1.334799 -0.307698
v 0.351471 1.138903 0.280304
v 0.351471 1.334799 -0.307698
v 0.078331 1.334799 -0.307698
v 0.078331 1.138903 0.280304
v -0.078331 1.138903 0.280304
v -0.078331 1.334799 -0.307698
v 0.293232 1.334799 -0.307698
v 0.293233 1.138903 0.280304
v 0.136569 1.138903 0.280304
v 0.136570 1.334799 -0.307698
v -0.408329 0.818496 0.280304
v -0.537252 0.818501 0.149720
v 0.537252 0.818501 0.149720
v 0.408329 0.818496 0.280304
v -0.380305 0.818498 0.249859
v -0.508133 0.818503 0.120587
v 0.508133 0.818503 0.120587
v 0.380305 0.818498 0.249859
v -0.508133 0.568353 0.121209
v -0.380877 0.568348 0.249852
v 0.380877 0.568348 0.249852
v 0.508133 0.568353 0.121209
v -0.537252 0.818514 -0.284353
v -0.484146 0.818516 -0.337460
v 0.484147 0.818516 -0.337460
v 0.537252 0.818514 -0.284353
v -0.508133 0.818512 -0.254449
v -0.455478 0.818514 -0.307698
v 0.455478 0.818514 -0.307698
v 0.508133 0.818512 -0.254449
v -0.455714 0.568365 -0.307704
v -0.508133 0.568363 -0.254714
v 0.508133 0.568363 -0.254714
v 0.455714 0.568365 -0.307704
v -0.322351 1.334799 -0.007864
v 0.508133 0.568358 -0.007864
v 0.537252 0.818508 -0.007864
v 0.078331 1.334799 -0.007864
v -0.136570 0.818508 -0.007864
v 0.351471 0.568358 -0.007864
v -0.351471 0.568358 -0.007864
v -0.107450 1.334799 -0.007864
v 0.136570 0.818508 -0.007864
v 0.508133 0.818508 -0.007864
v -0.078331 1.334799 -0.007864
v 0.293232 1.334799 -0.007864
v -0.537252 0.818508 -0.007864
v -0.136570 1.334799 -0.007864
v 0.107451 1.334799 -0.007864
v -0.351471 0.818508 -0.007864
v 0.078331 0.818508 -0.007864
v 0.136570 1.334799 -0.007864
v 0.351471 0.818508 -0.007864
v 0.351471 1.334799 -0.007864
v 0.078331 0.568358 -0.007864
v -0.293232 1.334799 -0.007864
v -0.293232 0.818508 -0.007864
v 0.322351 1.334799 -0.007864
v -0.136570 0.568358 -0.007864
v -0.508133 0.818508 -0.007864
v -0.078331 0.818508 -0.007864
v 0.293232 0.568358 -0.007864
v -0.508133 0.568358 -0.007864
v 0.136570 0.568358 -0.007864
v -0.351471 1.334799 -0.007864
v 0.293232 0.818508 -0.007864
v -0.078331 0.568358 -0.007864
v -0.293232 0.568358 -0.007864
v -0.351471 0.818496 0.280304
v -0.293231 0.818496 0.280304
v -0.136570 0.818496 0.280304
v -0.078331 0.818496 0.280304
v 0.078331 0.818496 0.280304
v 0.136569 0.818496 0.280304
v 0.293233 0.818496 0.280304
v 0.351471 0.818496 0.280304
v 0.000000 0.496854 0.516039
v 0.000000 0.481754 0.486699
v 0.000000 0.517684 0.508752
v 0.000000 0.501921 0.478698
v 0.000000 0.662331 0.410259
v 0.000000 0.618832 0.399884
v 0.000000 0.654838 0.424497
v 0.000000 0.607888 0.415087
v -0.118048 0.662345 0.410231
v -0.118046 0.618846 0.399855
v -0.118108 0.639484 0.461140
v -0.118094 0.597272 0.434077
v -0.080496 0.481759 0.486689
v -0.107029 0.501519 0.478841
v -0.091870 0.484408 0.485634
v -0.101581 0.491640 0.482762
v -0.106927 0.516800 0.508865
v -0.080508 0.496858 0.516029
v -0.101537 0.506830 0.512444
v -0.091867 0.499531 0.515066
v -0.099506 0.654847 0.424477
v -0.099504 0.607898 0.415066
v -0.099621 0.639484 0.461140
v -0.099466 0.598833 0.432868
v -0.077860 0.501925 0.478689
v -0.086602 0.508530 0.476066
v -0.082051 0.502896 0.478303
v -0.084389 0.504615 0.477620
v -0.086585 0.524182 0.506176
v -0.077903 0.517687 0.508743
v -0.084566 0.520460 0.507648
v -0.082223 0.518698 0.508354
v 0.118048 0.662345 0.410231
v 0.118046 0.618846 0.399855
v 0.118109 0.639484 0.461140
v 0.118094 0.597272 0.434077
v 0.080496 0.481759 0.486689
v 0.107029 0.501519 0.478841
v 0.091870 0.484408 0.485634
v 0.101582 0.491640 0.482762
v 0.106928 0.516800 0.508865
v 0.080509 0.496858 0.516029
v 0.101537 0.506830 0.512444
v 0.091867 0.499531 0.515066
v 0.099506 0.654847 0.424477
v 0.099505 0.607898 0.415066
v 0.099621 0.639484 0.461140
v 0.099467 0.598833 0.432868
v 0.077860 0.501925 0.478689
v 0.086603 0.508530 0.476066
v 0.082051 0.502896 0.478303
v 0.084389 0.504615 0.477620
v 0.086585 0.524182 0.506176
v 0.077903 0.517687 0.508743
v 0.084567 0.520460 0.507648
v 0.082223 0.518698 0.508354
v 0.582065 0.501990 0.013559
v 0.559886 0.503378 0.013559
v 0.581268 0.524619 0.013559
v 0.558231 0.525695 0.013559
v 0.524133 0.672426 0.013559
v 0.516270 0.649053 0.013559
v 0.538570 0.665523 0.013559
v 0.532524 0.642412 0.013559
v 0.524104 0.672439 -0.058764
v 0.516241 0.649068 -0.058762
v 0.580237 0.642553 -0.058825
v 0.556459 0.630886 -0.058810
v 0.559878 0.503387 -0.033094
v 0.558248 0.525257 -0.059627
v 0.559657 0.506319 -0.044468
v 0.559061 0.514325 -0.054180
v 0.581118 0.523743 -0.059526
v 0.582056 0.501998 -0.033107
v 0.581585 0.512873 -0.054135
v 0.581928 0.504913 -0.044465
v 0.538549 0.665532 -0.040222
v 0.532504 0.642423 -0.040221
v 0.580237 0.642553 -0.040337
v 0.555779 0.632868 -0.040183
v 0.558223 0.525703 -0.030458
v 0.557679 0.533013 -0.039201
v 0.558142 0.526777 -0.034649
v 0.558001 0.528681 -0.036987
v 0.580736 0.531809 -0.039183
v 0.581260 0.524626 -0.030501
v 0.581037 0.527693 -0.037165
v 0.581189 0.525740 -0.034821
v 0.524104 0.672439 0.122025
v 0.516241 0.649068 0.122023
v 0.580237 0.642553 0.122085
v 0.556459 0.630886 0.122071
v 0.559878 0.503387 0.094055
v 0.558248 0.525257 0.120588
v 0.559658 0.506319 0.105429
v 0.559061 0.514325 0.115141
v 0.581118 0.523743 0.120487
v 0.582056 0.501998 0.094068
v 0.581585 0.512873 0.115096
v 0.581928 0.504913 0.105426
v 0.538549 0.665532 0.103483
v 0.532504 0.642423 0.103481
v 0.580237 0.642553 0.103598
v 0.555779 0.632868 0.103443
v 0.558223 0.525703 0.091419
v 0.557679 0.533013 0.100162
v 0.558142 0.526777 0.095610
v 0.558001 0.528681 0.097948
v 0.580736 0.531809 0.100144
v 0.581261 0.524626 0.091462
v 0.581037 0.527693 0.098126
v 0.581189 0.525740 0.095782
v -0.582065 0.501990 0.013559
v -0.559886 0.503378 0.013559
v -0.581268 0.524619 0.013559
v -0.558230 0.525695 0.013559
v -0.524132 0.672426 0.013559
v -0.516269 0.649053 0.013559
v -0.538569 0.665523 0.013559
v -0.532523 0.642412 0.013559
v -0.524103 0.672439 -0.058764
v -0.516241 0.649068 -0.058762
v -0.580237 0.642553 -0.058825
v -0.556459 0.630886 -0.058810
v -0.559878 0.503387 -0.033094
v -0.558248 0.525257 -0.059627
v -0.559657 0.506319 -0.044468
v -0.559061 0.514325 -0.054180
v -0.581118 0.523743 -0.059526
v -0.582056 0.501998 -0.033107
v -0.581584 0.512873 -0.054135
v -0.581927 0.504913 -0.044465
v -0.538549 0.665532 -0.040222
v -0.532503 0.642423 -0.040221
v -0.580237 0.642553 -0.040337
v -0.555779 0.632868 -0.040183
v -0.558223 0.525703 -0.030458
v -0.557678 0.533013 -0.039201
v -0.558142 0.526777 -0.034649
v -0.558000 0.528681 -0.036987
v -0.580736 0.531809 -0.039183
v -0.581260 0.524626 -0.030501
v -0.581037 0.527693 -0.037165
v -0.581189 0.525740 -0.034821
v -0.524103 0.672439 0.122025
v -0.516241 0.649068 0.122023
v -0.580237 0.642553 0.122085
v -0.556459 0.630886 0.122071
v -0.559878 0.503387 0.094055
v -0.558248 0.525257 0.120588
v -0.559657 0.506319 0.105429
v -0.559061 0.514325 0.115141
v -0.581118 0.523743 0.120487
v -0.582056 0.501998 0.094068
v -0.581584 0.512873 0.115096
v -0.581927 0.504913 0.105426
v -0.538549 0.665532 0.103483
v -0.532503 0.642423 0.103481
v -0.580237 0.642553 0.103598
v -0.555779 0.632868 0.103443
v -0.558223 0.525703 0.091419
v -0.557678 0.533013 0.100162
v -0.558142 0.526777 0.095610
v -0.558000 0.528681 0.097948
v -0.580736 0.531809 0.100144
v -0.581260 0.524626 0.091462
v -0.581037 0.527693 0.098126
v -0.581189 0.525740 0.095782
v 0.000000 0.700901 0.362395
v 0.000000 0.592020 0.461097
v 0.000000 0.534736 0.362395
v 0.000000 0.542550 0.421173
v 0.000000 0.704014 0.393106
v 0.000000 0.675201 0.452316
v -0.095310 0.700665 0.362395
v -0.094838 0.579977 0.362395
v -0.095089 0.591784 0.460996
v -0.094609 0.534499 0.362395
v -0.094775 0.542313 0.421071
v -0.095414 0.674965 0.452215
v -0.095376 0.703778 0.393004
v -0.095164 0.663158 0.362395
v 0.000000 0.645998 0.405481
v 0.000000 0.617185 0.464692
v -0.082235 0.616949 0.464590
v -0.082210 0.645762 0.405379
v 0.000000 0.735574 0.402486
v 0.000000 0.706761 0.461696
v -0.082210 0.735337 0.402384
v -0.082235 0.706525 0.461595
v 0.000000 0.643504 0.355456
v -0.081988 0.643268 0.355355
v 0.000000 0.733080 0.352461
v -0.081988 0.732844 0.352360
v 0.000000 0.642137 0.314555
v -0.081933 0.641900 0.314454
v 0.000000 0.731712 0.311560
v -0.081933 0.731476 0.311459
v 0.095310 0.700665 0.362395
v 0.094839 0.579977 0.362395
v 0.095089 0.591784 0.460996
v 0.094609 0.534499 0.362395
v 0.094775 0.542313 0.421071
v 0.095414 0.674965 0.452215
v 0.095376 0.703778 0.393004
v 0.095164 0.663158 0.362395
v 0.082235 0.616949 0.464590
v 0.082210 0.645762 0.405379
v 0.082210 0.735337 0.402384
v 0.082235 0.706525 0.461595
v 0.081988 0.643268 0.355355
v 0.081988 0.732844 0.352360
v 0.081934 0.641900 0.314454
v 0.081934 0.731476 0.311459
v -0.322351 0.818516 -0.342062
v -0.484146 0.818516 -0.342062
v -0.107450 0.818496 0.302505
v -0.322351 0.818496 0.302505
v 0.107451 0.818496 0.302505
v 0.322351 0.818496 0.302505
v -0.408329 0.818496 0.302505
v -0.537252 0.818501 0.199541
v 0.537252 0.818501 0.199541
v 0.408329 0.818496 0.302505
v -0.351471 0.818496 0.302505
v -0.293231 0.818496 0.302505
v -0.136570 0.818496 0.302505
v -0.078331 0.818496 0.302505
v 0.078331 0.818496 0.302505
v 0.136569 0.818496 0.302505
v 0.293233 0.818496 0.302505
v 0.351471 0.818496 0.302505
vt 0.647434 0.319811
vt 0.634651 0.305951
vt 0.647262 0.296410
vt 0.123478 0.269822
vt 0.111843 0.260624
vt 0.123369 0.246044
vt 0.109410 0.240413
vt 0.110434 0.233811
vt 0.122081 0.219327
vt 0.126494 0.219163
vt 0.110523 0.210032
vt 0.114130 0.212933
vt 0.687015 0.561617
vt 0.675367 0.547134
vt 0.686925 0.537838
vt 0.690892 0.566917
vt 0.690892 0.532032
vt 0.106364 0.204224
vt 0.106364 0.239109
vt 0.688719 0.531039
vt 0.671838 0.544772
vt 0.650015 0.328292
vt 0.650015 0.290498
vt 0.671132 0.546827
vt 0.688223 0.568071
vt 0.628418 0.305427
vt 0.126770 0.274300
vt 0.126770 0.239414
vt 0.123276 0.238593
vt 0.106364 0.259981
vt 0.106496 0.261982
vt 0.123646 0.275377
vt 0.978772 0.200080
vt 0.974873 0.200080
vt 0.974873 0.177631
vt 0.975221 0.176042
vt 0.976174 0.174878
vt 0.977475 0.174453
vt 0.978772 0.174453
vt 0.978772 0.262838
vt 0.977475 0.262838
vt 0.976174 0.262412
vt 0.975221 0.261249
vt 0.974873 0.259660
vt 0.974873 0.236740
vt 0.978772 0.236740
vt 0.603748 0.117111
vt 0.676707 0.110825
vt 0.655625 0.171556
vt 0.612091 0.172491
vt 0.657051 0.175143
vt 0.610495 0.176094
vt 0.624313 0.923757
vt 0.626300 0.923891
vt 0.626029 0.934442
vt 0.623751 0.934293
vt 0.298182 0.099675
vt 0.298122 0.096957
vt 0.326042 0.096938
vt 0.329866 0.099527
vt 0.330246 0.085041
vt 0.326375 0.087468
vt 0.298189 0.086417
vt 0.298349 0.083993
vt 0.096872 0.463487
vt 0.104472 0.463485
vt 0.104474 0.469079
vt 0.096874 0.469081
vt 0.104481 0.501885
vt 0.096881 0.501885
vt 0.096881 0.499806
vt 0.104481 0.499806
vt 0.096881 0.495216
vt 0.104481 0.495216
vt 0.878978 0.120464
vt 0.882874 0.106527
vt 0.899214 0.115667
vt 0.900922 0.121371
vt 0.296478 0.199584
vt 0.296560 0.197598
vt 0.327962 0.198497
vt 0.324278 0.200096
vt 0.296202 0.209208
vt 0.324201 0.208652
vt 0.327816 0.210400
vt 0.296267 0.211290
vt 0.816092 0.838966
vt 0.816264 0.815555
vt 0.828876 0.825106
vt 0.114402 0.357313
vt 0.114511 0.333535
vt 0.126037 0.348115
vt 0.697707 0.392095
vt 0.680624 0.370844
vt 0.685036 0.371009
vt 0.696683 0.385492
vt 0.692987 0.364615
vt 0.696595 0.361714
vt 0.124478 0.961265
vt 0.124569 0.937487
vt 0.136126 0.946783
vt 0.120602 0.966566
vt 0.120602 0.931681
vt 0.700754 0.355906
vt 0.700754 0.390791
vt 0.122775 0.930687
vt 0.139655 0.944421
vt 0.813510 0.847446
vt 0.813510 0.809651
vt 0.140362 0.946476
vt 0.123270 0.967720
vt 0.835106 0.824584
vt 0.111110 0.361791
vt 0.111110 0.326905
vt 0.114604 0.326084
vt 0.131516 0.347472
vt 0.131384 0.349473
vt 0.114234 0.362868
vt 0.984365 0.188449
vt 0.984365 0.162822
vt 0.985661 0.162822
vt 0.986963 0.163247
vt 0.987915 0.164411
vt 0.988264 0.166000
vt 0.988264 0.188449
vt 0.984365 0.251207
vt 0.984365 0.225109
vt 0.988264 0.225109
vt 0.988264 0.248029
vt 0.987915 0.249618
vt 0.986963 0.250781
vt 0.985661 0.251207
vt 0.371196 0.759629
vt 0.379539 0.704248
vt 0.423073 0.705183
vt 0.444156 0.765914
vt 0.424499 0.701596
vt 0.377943 0.700646
vt 0.624313 0.996964
vt 0.623751 0.986427
vt 0.626029 0.986279
vt 0.626300 0.996830
vt 0.284346 0.099400
vt 0.252660 0.099898
vt 0.256440 0.097235
vt 0.284359 0.096684
vt 0.252038 0.085434
vt 0.283906 0.083748
vt 0.284106 0.086164
vt 0.255949 0.087781
vt 0.737575 0.378213
vt 0.737577 0.372620
vt 0.745177 0.372622
vt 0.745175 0.378215
vt 0.745184 0.339815
vt 0.745185 0.341894
vt 0.737584 0.341895
vt 0.737584 0.339815
vt 0.745184 0.346484
vt 0.737584 0.346484
vt 0.888471 0.797249
vt 0.910414 0.796354
vt 0.908704 0.802056
vt 0.892359 0.811188
vt 0.288030 0.199166
vt 0.260238 0.200289
vt 0.256518 0.198772
vt 0.287905 0.197183
vt 0.288513 0.208779
vt 0.260502 0.208840
vt 0.256925 0.210668
vt 0.288492 0.210862
vt 0.158569 0.249452
vt 0.163449 0.243972
vt 0.181758 0.243109
vt 0.187052 0.248110
vt 0.106931 0.890082
vt 0.102046 0.884712
vt 0.103112 0.862099
vt 0.108238 0.862341
vt 0.168579 0.139989
vt 0.163898 0.145581
vt 0.158822 0.145820
vt 0.158569 0.140461
vt 0.246738 0.532794
vt 0.232946 0.546737
vt 0.229759 0.546737
vt 0.229759 0.518804
vt 0.246738 0.518804
vt 0.364452 0.703438
vt 0.359087 0.703438
vt 0.364452 0.646972
vt 0.434334 0.663539
vt 0.429089 0.658407
vt 0.429089 0.630798
vt 0.434334 0.625666
vt 0.930811 0.682942
vt 0.930804 0.694214
vt 0.903691 0.694221
vt 0.903699 0.682923
vt 0.930807 0.762683
vt 0.930811 0.765808
vt 0.903699 0.765843
vt 0.903695 0.762656
vt 0.195960 0.238320
vt 0.190585 0.233298
vt 0.188539 0.189889
vt 0.193665 0.189648
vt 0.607430 0.523720
vt 0.590451 0.523720
vt 0.590451 0.496608
vt 0.607430 0.496608
vt 0.313667 0.703436
vt 0.313667 0.612448
vt 0.420096 0.664011
vt 0.414851 0.658879
vt 0.414851 0.631270
vt 0.420096 0.626138
vt 0.356544 0.822873
vt 0.356552 0.834146
vt 0.329439 0.834165
vt 0.329432 0.822866
vt 0.410604 0.398898
vt 0.405359 0.393766
vt 0.405359 0.366157
vt 0.410604 0.361025
vt 0.450664 0.707275
vt 0.443326 0.707275
vt 0.443326 0.616288
vt 0.450664 0.616288
vt 0.920663 0.979219
vt 0.903683 0.979219
vt 0.903683 0.951286
vt 0.920663 0.951286
vt 0.920663 0.871655
vt 0.903683 0.871655
vt 0.903683 0.843723
vt 0.920663 0.843723
vt 0.977614 0.062383
vt 0.960635 0.062383
vt 0.960635 0.034451
vt 0.977614 0.034451
vt 0.858966 0.849143
vt 0.841986 0.849143
vt 0.841986 0.822031
vt 0.858966 0.822031
vt 0.977614 0.126536
vt 0.974427 0.126536
vt 0.960635 0.112593
vt 0.960635 0.098603
vt 0.977614 0.098603
vt 0.564717 0.974826
vt 0.547737 0.974826
vt 0.547737 0.947714
vt 0.564717 0.947714
vt 0.887441 0.959243
vt 0.870462 0.959243
vt 0.870462 0.932131
vt 0.887441 0.932131
vt 0.356552 0.751279
vt 0.356548 0.754405
vt 0.329435 0.754432
vt 0.329439 0.751244
vt 0.892187 0.152122
vt 0.875208 0.152122
vt 0.875208 0.125010
vt 0.892187 0.125010
vt 0.863712 0.951604
vt 0.846732 0.951604
vt 0.846732 0.924492
vt 0.863712 0.924492
vt 0.927799 0.177914
vt 0.922667 0.172669
vt 0.922667 0.119828
vt 0.927799 0.119828
vt 0.946783 0.177914
vt 0.941651 0.172669
vt 0.941651 0.119828
vt 0.946783 0.119828
vt 0.927799 0.058420
vt 0.932931 0.058420
vt 0.932931 0.119828
vt 0.942037 0.531454
vt 0.936905 0.531454
vt 0.936905 0.470046
vt 0.942037 0.470045
vt 0.932545 0.769531
vt 0.937677 0.774776
vt 0.937677 0.827617
vt 0.932545 0.827617
vt 0.946783 0.058420
vt 0.951915 0.058420
vt 0.951915 0.119828
vt 0.942037 0.411960
vt 0.947169 0.417205
vt 0.947169 0.470046
vt 0.932545 0.889026
vt 0.927413 0.889026
vt 0.927413 0.827617
vt 0.548925 0.707278
vt 0.503505 0.707276
vt 0.503505 0.616288
vt 0.554290 0.650812
vt 0.001953 0.712099
vt 0.009291 0.712099
vt 0.009291 0.803086
vt 0.001953 0.803086
vt 0.115856 0.773936
vt 0.123194 0.773935
vt 0.123194 0.864922
vt 0.115856 0.864922
vt 0.260826 0.703435
vt 0.253488 0.703435
vt 0.253488 0.612448
vt 0.260826 0.612448
vt 0.824809 0.092940
vt 0.817471 0.092940
vt 0.817471 0.001953
vt 0.824809 0.001953
vt 0.142178 0.682038
vt 0.134840 0.682037
vt 0.134840 0.591051
vt 0.142178 0.591051
vt 0.672939 0.682126
vt 0.665601 0.682126
vt 0.665601 0.591139
vt 0.672939 0.591139
vt 0.687962 0.709010
vt 0.680624 0.709009
vt 0.680624 0.618023
vt 0.687962 0.618023
vt 0.083152 0.912000
vt 0.078471 0.906408
vt 0.192358 0.161907
vt 0.187473 0.167277
vt 0.903683 0.743044
vt 0.930796 0.742979
vt 0.356536 0.774109
vt 0.329424 0.774044
vt 0.110532 0.813668
vt 0.105158 0.818691
vt 0.096331 0.808880
vt 0.101625 0.803879
vt 0.930800 0.702331
vt 0.903688 0.702300
vt 0.329428 0.814788
vt 0.356540 0.814757
vt 0.078022 0.808017
vt 0.073142 0.802536
vt 0.937677 0.889026
vt 0.936905 0.417205
vt 0.960635 0.001953
vt 0.977614 0.001953
vt 0.932931 0.172669
vt 0.903683 0.811225
vt 0.920663 0.811225
vt 0.941651 0.058420
vt 0.927413 0.774776
vt 0.612760 0.591139
vt 0.612760 0.682128
vt 0.567341 0.682129
vt 0.561975 0.625663
vt 0.903683 0.918788
vt 0.920663 0.918788
vt 0.922667 0.058420
vt 0.947169 0.531454
vt 0.960635 0.071849
vt 0.966316 0.066106
vt 0.977614 0.066106
vt 0.951915 0.172669
vt 0.229759 0.486307
vt 0.241057 0.486307
vt 0.246738 0.492050
vt 0.073142 0.911528
vt 0.073395 0.906169
vt 0.434454 0.694836
vt 0.429089 0.694836
vt 0.429089 0.667227
vt 0.434454 0.667227
vt 0.420216 0.695307
vt 0.414851 0.695307
vt 0.414851 0.667698
vt 0.420216 0.667698
vt 0.458184 0.277417
vt 0.452818 0.277417
vt 0.452818 0.249808
vt 0.458184 0.249808
vt 0.719211 0.092943
vt 0.713845 0.092943
vt 0.713845 0.036477
vt 0.554290 0.707278
vt 0.561975 0.682130
vt 0.791588 0.709013
vt 0.786222 0.709013
vt 0.791588 0.652546
vt 0.245804 0.682041
vt 0.240438 0.682041
vt 0.245804 0.625574
vt 0.107552 0.712096
vt 0.112917 0.712096
vt 0.112917 0.768562
vt 0.286007 0.897556
vt 0.278118 0.897557
vt 0.278299 0.876737
vt 0.286171 0.876820
vt 0.961040 0.279410
vt 0.955889 0.273446
vt 0.959494 0.267295
vt 0.967152 0.271705
vt 0.958421 0.242227
vt 0.964236 0.242229
vt 0.964300 0.244291
vt 0.958469 0.244292
vt 0.964478 0.246469
vt 0.958602 0.246482
vt 0.964720 0.248549
vt 0.958783 0.248579
vt 0.202203 0.891841
vt 0.197562 0.910542
vt 0.189273 0.905852
vt 0.195057 0.891444
vt 0.970702 0.655091
vt 0.975159 0.660496
vt 0.967413 0.664515
vt 0.965381 0.661640
vt 0.966666 0.684411
vt 0.966685 0.683650
vt 0.972668 0.683619
vt 0.972646 0.684403
vt 0.966719 0.683126
vt 0.972702 0.683088
vt 0.966795 0.682291
vt 0.972776 0.682302
vt 0.205060 0.891987
vt 0.199853 0.914326
vt 0.189852 0.914060
vt 0.190390 0.910778
vt 0.271134 0.876656
vt 0.274972 0.879984
vt 0.271462 0.879939
vt 0.248770 0.883369
vt 0.249270 0.881364
vt 0.252778 0.883094
vt 0.252593 0.883835
vt 0.163533 0.903350
vt 0.163315 0.901385
vt 0.167439 0.901418
vt 0.167693 0.902221
vt 0.250638 0.879651
vt 0.253104 0.882680
vt 0.164526 0.905210
vt 0.167899 0.902711
vt 0.252505 0.878687
vt 0.253845 0.882282
vt 0.166084 0.906453
vt 0.168593 0.903243
vt 0.248757 0.897584
vt 0.252581 0.897590
vt 0.163900 0.887478
vt 0.167917 0.887506
vt 0.972647 0.698133
vt 0.966667 0.698133
vt 0.958422 0.228041
vt 0.964237 0.228041
vt 0.274817 0.897558
vt 0.286171 0.918292
vt 0.278299 0.918376
vt 0.961040 0.176671
vt 0.967152 0.184376
vt 0.959494 0.188786
vt 0.955889 0.182635
vt 0.958421 0.213854
vt 0.958469 0.211789
vt 0.964300 0.211790
vt 0.964236 0.213852
vt 0.958602 0.209599
vt 0.964478 0.209612
vt 0.958783 0.207502
vt 0.964720 0.207532
vt 0.189725 0.880621
vt 0.197039 0.873483
vt 0.970702 0.741175
vt 0.965381 0.734625
vt 0.967413 0.731750
vt 0.975159 0.735769
vt 0.966666 0.711854
vt 0.972646 0.711862
vt 0.972668 0.712646
vt 0.966685 0.712615
vt 0.972702 0.713177
vt 0.966719 0.713139
vt 0.972776 0.713963
vt 0.966795 0.713975
vt 0.199381 0.870182
vt 0.190321 0.872322
vt 0.190652 0.868991
vt 0.271138 0.918462
vt 0.271456 0.915177
vt 0.274970 0.915130
vt 0.248742 0.911802
vt 0.252566 0.911343
vt 0.252750 0.912084
vt 0.249243 0.913810
vt 0.163960 0.871121
vt 0.167537 0.873105
vt 0.167360 0.873796
vt 0.163315 0.873217
vt 0.253076 0.912499
vt 0.250613 0.915526
vt 0.165456 0.869461
vt 0.167870 0.872738
vt 0.253817 0.912894
vt 0.252485 0.916492
vt 0.167372 0.868644
vt 0.168590 0.872466
vt 0.903283 0.051297
vt 0.903284 0.064043
vt 0.898938 0.064043
vt 0.898937 0.051297
vt 0.947529 0.280984
vt 0.957724 0.285638
vt 0.953667 0.287946
vt 0.946397 0.285179
vt 0.955643 0.312931
vt 0.955572 0.310861
vt 0.959505 0.310862
vt 0.959559 0.312928
vt 0.955378 0.308649
vt 0.959356 0.308659
vt 0.955115 0.306508
vt 0.959154 0.306529
vt 0.869926 0.059751
vt 0.865716 0.059751
vt 0.865717 0.050274
vt 0.869926 0.050273
vt 0.966244 0.916507
vt 0.965381 0.912387
vt 0.969561 0.910907
vt 0.973782 0.912825
vt 0.970921 0.891200
vt 0.974985 0.891208
vt 0.974963 0.891994
vt 0.970898 0.891962
vt 0.974920 0.892530
vt 0.970856 0.892493
vt 0.974831 0.893335
vt 0.970762 0.893347
vt 0.182329 0.952617
vt 0.182547 0.949787
vt 0.192058 0.951317
vt 0.194797 0.954625
vt 0.193301 0.943187
vt 0.196553 0.943363
vt 0.394321 0.254555
vt 0.393998 0.257833
vt 0.389667 0.258083
vt 0.386375 0.255019
vt 0.416772 0.259635
vt 0.412818 0.260059
vt 0.412630 0.259315
vt 0.416284 0.257632
vt 0.193940 0.918870
vt 0.192168 0.922548
vt 0.191399 0.922312
vt 0.191981 0.918319
vt 0.412295 0.258895
vt 0.414908 0.255911
vt 0.195603 0.920264
vt 0.192582 0.922919
vt 0.411524 0.258485
vt 0.413018 0.254925
vt 0.196553 0.922145
vt 0.192958 0.923658
vt 0.416726 0.267855
vt 0.412779 0.267831
vt 0.183589 0.921904
vt 0.183789 0.917920
vt 0.970922 0.883443
vt 0.974987 0.883443
vt 0.959561 0.321152
vt 0.955645 0.321152
vt 0.390244 0.267692
vt 0.387161 0.267708
vt 0.898938 0.032182
vt 0.903284 0.032182
vt 0.947529 0.367287
vt 0.946397 0.363091
vt 0.953667 0.360325
vt 0.957724 0.362632
vt 0.955644 0.335339
vt 0.959560 0.335341
vt 0.959505 0.337407
vt 0.955573 0.337408
vt 0.959357 0.339610
vt 0.955379 0.339620
vt 0.959155 0.341740
vt 0.955116 0.341761
vt 0.869926 0.075599
vt 0.865717 0.075599
vt 0.966244 0.844405
vt 0.973782 0.848088
vt 0.969561 0.850005
vt 0.965381 0.848525
vt 0.970921 0.869721
vt 0.970898 0.868959
vt 0.974963 0.868927
vt 0.974985 0.869713
vt 0.970857 0.868428
vt 0.974920 0.868391
vt 0.970762 0.867574
vt 0.974831 0.867586
vt 0.163331 0.952591
vt 0.166569 0.949781
vt 0.163315 0.941421
vt 0.166575 0.941529
vt 0.394246 0.287110
vt 0.386375 0.286772
vt 0.389604 0.283653
vt 0.393959 0.283825
vt 0.416689 0.282046
vt 0.416178 0.284045
vt 0.412554 0.282314
vt 0.412745 0.281573
vt 0.167569 0.917478
vt 0.169597 0.917083
vt 0.169840 0.921097
vt 0.169066 0.921242
vt 0.414779 0.285753
vt 0.412217 0.282729
vt 0.165786 0.918775
vt 0.168632 0.921558
vt 0.412870 0.286721
vt 0.411453 0.283134
vt 0.164723 0.920626
vt 0.168232 0.922255
vt 0.903283 0.051297
vt 0.898937 0.051297
vt 0.898938 0.064043
vt 0.903284 0.064043
vt 0.947529 0.280984
vt 0.946397 0.285179
vt 0.953667 0.287946
vt 0.957724 0.285638
vt 0.955643 0.312931
vt 0.959559 0.312928
vt 0.959505 0.310862
vt 0.955572 0.310861
vt 0.959356 0.308659
vt 0.955378 0.308649
vt 0.959154 0.306529
vt 0.955115 0.306508
vt 0.869926 0.059751
vt 0.869926 0.050273
vt 0.865717 0.050274
vt 0.865716 0.059751
vt 0.966244 0.916507
vt 0.973782 0.912825
vt 0.969561 0.910907
vt 0.965381 0.912387
vt 0.970921 0.891200
vt 0.970898 0.891962
vt 0.974963 0.891994
vt 0.974985 0.891208
vt 0.970856 0.892493
vt 0.974920 0.892530
vt 0.970762 0.893347
vt 0.974831 0.893335
vt 0.182329 0.952617
vt 0.194797 0.954625
vt 0.192058 0.951317
vt 0.182547 0.949787
vt 0.196553 0.943363
vt 0.193301 0.943187
vt 0.394321 0.254555
vt 0.386375 0.255019
vt 0.389667 0.258083
vt 0.393998 0.257833
vt 0.416772 0.259635
vt 0.416284 0.257632
vt 0.412630 0.259315
vt 0.412818 0.260059
vt 0.193940 0.918870
vt 0.191981 0.918319
vt 0.191399 0.922312
vt 0.192168 0.922548
vt 0.414908 0.255911
vt 0.412295 0.258895
vt 0.195603 0.920264
vt 0.192582 0.922919
vt 0.413018 0.254925
vt 0.411524 0.258485
vt 0.196553 0.922145
vt 0.192958 0.923658
vt 0.416726 0.267855
vt 0.412779 0.267831
vt 0.183789 0.917920
vt 0.183589 0.921904
vt 0.974987 0.883443
vt 0.970922 0.883443
vt 0.955645 0.321152
vt 0.959561 0.321152
vt 0.387161 0.267708
vt 0.390244 0.267692
vt 0.903284 0.032182
vt 0.898938 0.032182
vt 0.947529 0.367287
vt 0.957724 0.362632
vt 0.953667 0.360325
vt 0.946397 0.363091
vt 0.955644 0.335339
vt 0.955573 0.337408
vt 0.959505 0.337407
vt 0.959560 0.335341
vt 0.955379 0.339620
vt 0.959357 0.339610
vt 0.955116 0.341761
vt 0.959155 0.341740
vt 0.865717 0.075599
vt 0.869926 0.075599
vt 0.966244 0.844405
vt 0.965381 0.848525
vt 0.969561 0.850005
vt 0.973782 0.848088
vt 0.970921 0.869721
vt 0.974985 0.869713
vt 0.974963 0.868927
vt 0.970898 0.868959
vt 0.974920 0.868391
vt 0.970857 0.868428
vt 0.974831 0.867586
vt 0.970762 0.867574
vt 0.166569 0.949781
vt 0.163331 0.952591
vt 0.166575 0.941529
vt 0.163315 0.941421
vt 0.394246 0.287110
vt 0.393959 0.283825
vt 0.389604 0.283653
vt 0.386375 0.286772
vt 0.416689 0.282046
vt 0.412745 0.281573
vt 0.412554 0.282314
vt 0.416178 0.284045
vt 0.167569 0.917478
vt 0.169066 0.921242
vt 0.169840 0.921097
vt 0.169597 0.917083
vt 0.412217 0.282729
vt 0.414779 0.285753
vt 0.165786 0.918775
vt 0.168632 0.921558
vt 0.411453 0.283134
vt 0.412870 0.286721
vt 0.164723 0.920626
vt 0.168232 0.922255
vt 0.683763 0.936450
vt 0.683763 0.943060
vt 0.667933 0.940979
vt 0.678368 0.935901
vt 0.018762 0.906868
vt 0.002002 0.906836
vt 0.002055 0.895633
vt 0.018762 0.895664
vt 0.666386 0.955638
vt 0.683763 0.957719
vt 0.683763 0.965734
vt 0.673422 0.964357
vt 0.018761 0.933200
vt 0.001953 0.933195
vt 0.001953 0.921584
vt 0.018762 0.921601
vt 0.001959 0.938618
vt 0.018761 0.938639
vt 0.002089 0.885202
vt 0.018762 0.885213
vt 0.132206 0.016447
vt 0.120602 0.016447
vt 0.120608 0.001953
vt 0.132214 0.001962
vt 0.059154 0.943104
vt 0.044667 0.943100
vt 0.044673 0.931486
vt 0.059159 0.931508
vt 0.059150 0.951928
vt 0.044699 0.951930
vt 0.206029 0.529488
vt 0.221515 0.532596
vt 0.224813 0.543723
vt 0.209327 0.540614
vt 0.059166 0.915720
vt 0.044667 0.915684
vt 0.222935 0.552347
vt 0.207448 0.549239
vt 0.141044 0.001997
vt 0.141030 0.016447
vt 0.160168 0.985199
vt 0.144373 0.985199
vt 0.144332 0.970759
vt 0.160127 0.970759
vt 0.148256 0.002005
vt 0.148242 0.016447
vt 0.221515 0.559418
vt 0.206029 0.556310
vt 0.059147 0.959139
vt 0.044703 0.959144
vt 0.308833 0.586106
vt 0.303438 0.586655
vt 0.293003 0.581577
vt 0.308833 0.579496
vt 0.035470 0.895634
vt 0.035522 0.906837
vt 0.291456 0.566917
vt 0.298492 0.558199
vt 0.308833 0.556822
vt 0.308833 0.564837
vt 0.035570 0.921585
vt 0.035569 0.933196
vt 0.035564 0.938618
vt 0.035436 0.885203
vt 0.132214 0.030933
vt 0.120608 0.030942
vt 0.073646 0.931500
vt 0.073641 0.943113
vt 0.073601 0.951943
vt 0.201283 0.358836
vt 0.204581 0.347710
vt 0.220068 0.344601
vt 0.216769 0.355727
vt 0.073666 0.915697
vt 0.202702 0.339085
vt 0.218189 0.335976
vt 0.141044 0.030898
vt 0.160168 0.956320
vt 0.144373 0.956320
vt 0.148256 0.030890
vt 0.201283 0.332014
vt 0.216769 0.328905
vt 0.073591 0.959157
vt 0.073142 0.802536
vt 0.101625 0.803879
vt 0.168579 0.139989
vt 0.192358 0.161907
vt 0.420216 0.667698
vt 0.420216 0.695307
vt 0.083152 0.912000
vt 0.073142 0.911528
vt 0.106931 0.890082
vt 0.434454 0.667227
vt 0.434454 0.694836
vt 0.158569 0.140461
vt 0.458184 0.249808
vt 0.458184 0.277417
vt 0.322751 0.075097
vt 0.298797 0.074674
vt 0.299127 0.034357
vt 0.307580 0.028025
vt 0.310189 0.029134
vt 0.341614 0.622450
vt 0.319166 0.597653
vt 0.319166 0.557529
vt 0.341600 0.557529
vt 0.447390 0.035398
vt 0.446113 0.076045
vt 0.431924 0.074088
vt 0.433029 0.034912
vt 0.322876 0.267137
vt 0.297091 0.267542
vt 0.296238 0.214975
vt 0.327900 0.214132
vt 0.336157 0.075352
vt 0.343923 0.085612
vt 0.365684 0.622450
vt 0.365684 0.557529
vt 0.310395 0.001974
vt 0.307777 0.001953
vt 0.328072 0.193885
vt 0.354643 0.194538
vt 0.354515 0.199160
vt 0.966382 0.646564
vt 0.966382 0.619661
vt 0.974005 0.619661
vt 0.974005 0.640445
vt 0.354458 0.099629
vt 0.362442 0.109685
vt 0.323791 0.109163
vt 0.874110 0.105546
vt 0.870462 0.119452
vt 0.446094 0.134810
vt 0.447063 0.195490
vt 0.432295 0.195632
vt 0.431688 0.134977
vt 0.432446 0.211258
vt 0.446666 0.211121
vt 0.446572 0.214838
vt 0.432481 0.214974
vt 0.447079 0.267638
vt 0.432988 0.267773
vt 0.297908 0.137067
vt 0.298191 0.109038
vt 0.323688 0.133042
vt 0.400274 0.078832
vt 0.425717 0.079078
vt 0.416441 0.081982
vt 0.396265 0.081905
vt 0.354261 0.213957
vt 0.354960 0.266745
vt 0.876963 0.073650
vt 0.884981 0.074566
vt 0.111902 0.026630
vt 0.085807 0.026630
vt 0.085807 0.007907
vt 0.111902 0.007907
vt 0.960635 0.619661
vt 0.961039 0.652122
vt 0.085807 0.080677
vt 0.112710 0.080677
vt 0.112682 0.081593
vt 0.085807 0.081593
vt 0.878926 0.051709
vt 0.886818 0.052616
vt 0.112710 0.058650
vt 0.085807 0.058650
vt 0.879815 0.041753
vt 0.879818 0.041754
vt 0.886941 0.051707
vt 0.328424 0.034593
vt 0.368278 0.034425
vt 0.400164 0.073832
vt 0.429389 0.043419
vt 0.407074 0.070094
vt 0.428626 0.070523
vt 0.378357 0.034382
vt 0.400658 0.034408
vt 0.397166 0.038660
vt 0.382005 0.038668
vt 0.375132 0.038683
vt 0.396825 0.065737
vt 0.368203 0.074427
vt 0.114109 0.207376
vt 0.108842 0.203089
vt 0.393365 0.070001
vt 0.371686 0.042970
vt 0.371632 0.070161
vt 0.403722 0.065790
vt 0.426064 0.039066
vt 0.404046 0.038728
vt 0.313418 0.551163
vt 0.313418 0.525068
vt 0.319166 0.525068
vt 0.355306 0.299256
vt 0.323205 0.299616
vt 0.429923 0.557529
vt 0.426335 0.557529
vt 0.426335 0.525068
vt 0.429923 0.525068
vt 0.341600 0.525068
vt 0.365684 0.525068
vt 0.447390 0.300110
vt 0.433299 0.300245
vt 0.322984 0.034557
vt 0.323243 0.002074
vt 0.328693 0.002115
vt 0.429923 0.619558
vt 0.426335 0.622450
vt 0.327761 0.121024
vt 0.353902 0.121660
vt 0.353645 0.136099
vt 0.360848 0.133970
vt 0.353148 0.158418
vt 0.327476 0.157775
vt 0.327692 0.135432
vt 0.111164 0.938723
vt 0.109867 0.938706
vt 0.110051 0.924360
vt 0.111348 0.924377
vt 0.105368 0.938649
vt 0.105082 0.960957
vt 0.082634 0.960669
vt 0.082634 0.938357
vt 0.978772 0.222392
vt 0.974873 0.222392
vt 0.106995 0.938669
vt 0.106708 0.960978
vt 0.108498 0.938689
vt 0.108212 0.960997
vt 0.109581 0.961015
vt 0.359542 0.299219
vt 0.359196 0.266713
vt 0.585634 0.185858
vt 0.583861 0.186979
vt 0.580968 0.184645
vt 0.583203 0.183790
vt 0.358498 0.213945
vt 0.384187 0.134552
vt 0.383080 0.110187
vt 0.431613 0.110215
vt 0.445792 0.110479
vt 0.912774 0.479122
vt 0.908775 0.479109
vt 0.908895 0.446952
vt 0.912894 0.446959
vt 0.583194 0.131698
vt 0.580959 0.131847
vt 0.580959 0.099376
vt 0.583194 0.099377
vt 0.699451 0.131689
vt 0.701438 0.131834
vt 0.701508 0.172205
vt 0.699516 0.171120
vt 0.651496 0.194544
vt 0.652078 0.196786
vt 0.596029 0.196804
vt 0.595858 0.194562
vt 0.912581 0.385018
vt 0.908582 0.385011
vt 0.908429 0.381706
vt 0.912428 0.381713
vt 0.679345 0.111869
vt 0.913226 0.230934
vt 0.909228 0.230928
vt 0.909214 0.198771
vt 0.913213 0.198771
vt 0.913232 0.269439
vt 0.909233 0.269433
vt 0.912925 0.326487
vt 0.908926 0.326481
vt 0.909235 0.298377
vt 0.913233 0.298383
vt 0.909071 0.395581
vt 0.913070 0.395588
vt 0.600985 0.117834
vt 0.600246 0.046698
vt 0.599974 0.013809
vt 0.601985 0.013906
vt 0.602240 0.043987
vt 0.679037 0.107797
vt 0.676378 0.106593
vt 0.679602 0.194261
vt 0.680186 0.196243
vt 0.358849 0.194622
vt 0.108682 0.924343
vt 0.107179 0.924323
vt 0.105552 0.924303
vt 0.082634 0.924008
vt 0.110878 0.961031
vt 0.354272 0.210236
vt 0.358513 0.210254
vt 0.676432 0.096291
vt 0.602852 0.102132
vt 0.602041 0.098660
vt 0.676924 0.092789
vt 0.672496 0.041642
vt 0.670201 0.012399
vt 0.599943 0.101144
vt 0.674719 0.044070
vt 0.679243 0.095065
vt 0.600009 0.103697
vt 0.672190 0.012100
vt 0.679018 0.192278
vt 0.650914 0.192302
vt 0.585438 0.182936
vt 0.585430 0.131550
vt 0.697387 0.099394
vt 0.699558 0.099394
vt 0.697464 0.131544
vt 0.913232 0.277178
vt 0.909234 0.277174
vt 0.595688 0.192319
vt 0.697524 0.170036
vt 0.585430 0.099377
vt 0.587407 0.184738
vt 0.707955 0.099395
vt 0.707873 0.125329
vt 0.625844 0.960360
vt 0.623672 0.960360
vt 0.296905 0.193025
vt 0.297411 0.299939
vt 0.692965 0.178736
vt 0.692577 0.175985
vt 0.909234 0.290636
vt 0.913233 0.290644
vt 0.683967 0.186331
vt 0.686265 0.186520
vt 0.686404 0.189234
vt 0.695292 0.179216
vt 0.104476 0.516441
vt 0.104472 0.529119
vt 0.096872 0.529116
vt 0.096876 0.516440
vt 0.104477 0.514615
vt 0.096877 0.514614
vt 0.701262 0.567751
vt 0.699608 0.566491
vt 0.699608 0.553763
vt 0.705201 0.553763
vt 0.705201 0.565396
vt 0.104477 0.481756
vt 0.096877 0.481757
vt 0.104478 0.483582
vt 0.096878 0.483583
vt 0.699608 0.551937
vt 0.705201 0.551937
vt 0.699608 0.539260
vt 0.705201 0.539260
vt 0.680624 0.284580
vt 0.680624 0.271851
vt 0.682278 0.270591
vt 0.686217 0.272946
vt 0.686217 0.284580
vt 0.680624 0.299084
vt 0.680624 0.286406
vt 0.686217 0.286406
vt 0.686217 0.299084
vt 0.368421 0.079376
vt 0.347354 0.080319
vt 0.383134 0.105186
vt 0.425482 0.105215
vt 0.365828 0.104746
vt 0.349180 0.082912
vt 0.359563 0.096939
vt 0.416101 0.101769
vt 0.382629 0.101513
vt 0.368992 0.101274
vt 0.364210 0.095334
vt 0.355995 0.084594
vt 0.354603 0.082778
vt 0.370956 0.082395
vt 0.125720 0.216825
vt 0.085807 0.103614
vt 0.110092 0.103614
vt 0.106591 0.121170
vt 0.085807 0.121170
vt 0.085807 0.001953
vt 0.111902 0.001953
vt 0.291456 0.551163
vt 0.291456 0.525068
vt 0.106591 0.131896
vt 0.085807 0.131896
vt 0.883511 0.001953
vt 0.891171 0.002835
vt 0.888824 0.029374
vt 0.893262 0.030502
vt 0.891767 0.033986
vt 0.890334 0.037914
vt 0.889043 0.042015
vt 0.887982 0.046009
vt 0.887223 0.049625
vt 0.112620 0.083694
vt 0.085807 0.083694
vt 0.112359 0.087380
vt 0.085807 0.087380
vt 0.111943 0.091491
vt 0.085807 0.091491
vt 0.111401 0.095756
vt 0.085807 0.095756
vt 0.110769 0.099888
vt 0.085807 0.099888
vt 0.900922 0.003536
vt 0.900798 0.014262
vt 0.592842 0.191997
vt 0.593245 0.190085
vt 0.601236 0.113989
vt 0.603795 0.112619
vt 0.358724 0.199220
vt 0.679345 0.097549
vt 0.912947 0.392922
vt 0.908948 0.392916
vt 0.592439 0.193909
vt 0.438504 0.612642
vt 0.438504 0.557529
vt 0.438504 0.525068
vt 0.446946 0.200099
vt 0.432340 0.200239
vt 0.441398 0.557529
vt 0.441398 0.525068
vt 0.441398 0.610310
vt 0.259365 0.075357
vt 0.273740 0.028017
vt 0.282293 0.034173
vt 0.283299 0.074452
vt 0.271153 0.029173
vt 0.341614 0.427685
vt 0.341600 0.492607
vt 0.319166 0.492607
vt 0.319166 0.452483
vt 0.134840 0.036866
vt 0.149188 0.036348
vt 0.150497 0.075514
vt 0.136317 0.077482
vt 0.263116 0.267281
vt 0.256923 0.214400
vt 0.288602 0.214545
vt 0.288905 0.267117
vt 0.245978 0.075869
vt 0.238381 0.086262
vt 0.365684 0.427685
vt 0.365684 0.492607
vt 0.270449 0.002022
vt 0.273067 0.001953
vt 0.229969 0.200008
vt 0.229737 0.195388
vt 0.256307 0.194164
vt 0.966382 0.592759
vt 0.974005 0.598877
vt 0.228041 0.100438
vt 0.258911 0.109405
vt 0.220218 0.110640
vt 0.883595 0.812165
vt 0.879954 0.798258
vt 0.136465 0.136172
vt 0.150877 0.136362
vt 0.150145 0.197020
vt 0.135377 0.196848
vt 0.149963 0.212645
vt 0.149920 0.216361
vt 0.135829 0.216198
vt 0.135742 0.212480
vt 0.149307 0.269160
vt 0.135216 0.268997
vt 0.285313 0.136730
vt 0.259446 0.133264
vt 0.284503 0.108750
vt 0.182147 0.080212
vt 0.186173 0.083274
vt 0.166004 0.083377
vt 0.156719 0.080490
vt 0.230558 0.214801
vt 0.231030 0.267597
vt 0.886433 0.844062
vt 0.894451 0.843150
vt 0.059712 0.026630
vt 0.059712 0.007907
vt 0.961039 0.587200
vt 0.058932 0.081593
vt 0.058905 0.080677
vt 0.888384 0.866005
vt 0.896277 0.865101
vt 0.058905 0.058650
vt 0.889270 0.875960
vt 0.896400 0.866010
vt 0.889273 0.875960
vt 0.253043 0.034969
vt 0.213408 0.035489
vt 0.182214 0.075196
vt 0.175290 0.071471
vt 0.152864 0.044841
vt 0.153774 0.071940
vt 0.203450 0.035527
vt 0.199869 0.039840
vt 0.184885 0.039943
vt 0.181379 0.035710
vt 0.185451 0.067058
vt 0.206659 0.039802
vt 0.213952 0.075463
vt 0.693008 0.359058
vt 0.698276 0.354771
vt 0.210122 0.044062
vt 0.188921 0.071306
vt 0.210493 0.071228
vt 0.156156 0.040479
vt 0.178606 0.067153
vt 0.178036 0.040049
vt 0.313418 0.498972
vt 0.263505 0.299759
vt 0.231402 0.300108
vt 0.429923 0.492607
vt 0.426335 0.492607
vt 0.148930 0.301632
vt 0.134840 0.301468
vt 0.258470 0.034834
vt 0.252160 0.002500
vt 0.257608 0.002359
vt 0.429923 0.430577
vt 0.426335 0.427685
vt 0.255156 0.121335
vt 0.228963 0.122458
vt 0.229431 0.136900
vt 0.230434 0.159223
vt 0.222175 0.134913
vt 0.256160 0.158065
vt 0.255491 0.135736
vt 0.334354 0.941588
vt 0.334170 0.927242
vt 0.335466 0.927226
vt 0.335650 0.941572
vt 0.340150 0.941514
vt 0.362883 0.941222
vt 0.362884 0.963534
vt 0.340436 0.963822
vt 0.984365 0.210761
vt 0.988264 0.210761
vt 0.338809 0.963843
vt 0.338523 0.941535
vt 0.337306 0.963863
vt 0.337020 0.941554
vt 0.335937 0.963880
vt 0.227167 0.300165
vt 0.226794 0.267658
vt 0.585660 0.012895
vt 0.583228 0.014963
vt 0.580993 0.014108
vt 0.583887 0.011774
vt 0.226322 0.214884
vt 0.198734 0.135925
vt 0.199575 0.111538
vt 0.150915 0.111607
vt 0.136733 0.111867
vt 0.912680 0.511286
vt 0.908681 0.511266
vt 0.583204 0.067055
vt 0.580968 0.066905
vt 0.699461 0.067099
vt 0.699537 0.027667
vt 0.701529 0.026583
vt 0.701448 0.066954
vt 0.651524 0.004230
vt 0.595886 0.004195
vt 0.596058 0.001953
vt 0.652107 0.001988
vt 0.912581 0.012523
vt 0.912428 0.015828
vt 0.908429 0.015835
vt 0.908582 0.012530
vt 0.446794 0.764870
vt 0.913226 0.166607
vt 0.909228 0.166613
vt 0.913232 0.128102
vt 0.909233 0.128108
vt 0.912925 0.071054
vt 0.913233 0.099158
vt 0.909235 0.099164
vt 0.908926 0.071060
vt 0.912514 0.562657
vt 0.908515 0.562637
vt 0.368433 0.758906
vt 0.367695 0.830042
vt 0.369690 0.832753
vt 0.369436 0.862834
vt 0.367425 0.862931
vt 0.446485 0.768942
vt 0.443826 0.770145
vt 0.679630 0.004521
vt 0.680215 0.002538
vt 0.225531 0.195561
vt 0.336836 0.927208
vt 0.338339 0.927189
vt 0.339966 0.927168
vt 0.362884 0.926874
vt 0.334640 0.963897
vt 0.230464 0.211081
vt 0.226224 0.211192
vt 0.443880 0.780448
vt 0.444372 0.783949
vt 0.369490 0.778080
vt 0.370301 0.774608
vt 0.439946 0.835096
vt 0.437651 0.864339
vt 0.367391 0.775596
vt 0.442169 0.832669
vt 0.446691 0.781674
vt 0.367457 0.773042
vt 0.439641 0.864638
vt 0.679046 0.006504
vt 0.650941 0.006471
vt 0.585463 0.015818
vt 0.585439 0.067204
vt 0.697473 0.067243
vt 0.913232 0.120363
vt 0.909234 0.120367
vt 0.595716 0.006437
vt 0.697545 0.028751
vt 0.587433 0.014016
vt 0.707881 0.073461
vt 0.287462 0.192619
vt 0.289300 0.299512
vt 0.692600 0.022801
vt 0.692988 0.020049
vt 0.913233 0.106897
vt 0.909234 0.106905
vt 0.683993 0.012452
vt 0.686291 0.012264
vt 0.686431 0.009550
vt 0.695316 0.019570
vt 0.745179 0.325259
vt 0.737579 0.325261
vt 0.737575 0.312584
vt 0.745175 0.312582
vt 0.745180 0.327086
vt 0.737580 0.327087
vt 0.418790 0.167166
vt 0.414851 0.164811
vt 0.414851 0.153178
vt 0.420444 0.153178
vt 0.420444 0.165907
vt 0.745180 0.359944
vt 0.737580 0.359943
vt 0.745181 0.358118
vt 0.737581 0.358117
vt 0.414851 0.151352
vt 0.420444 0.151352
vt 0.414851 0.138676
vt 0.420444 0.138676
vt 0.686217 0.316788
vt 0.680624 0.316788
vt 0.680624 0.305155
vt 0.684563 0.302799
vt 0.686217 0.304059
vt 0.686217 0.331292
vt 0.680624 0.331292
vt 0.680624 0.318615
vt 0.686217 0.318615
vt 0.213783 0.080408
vt 0.234874 0.081028
vt 0.199472 0.106540
vt 0.157036 0.106596
vt 0.216750 0.105762
vt 0.233092 0.083654
vt 0.222880 0.097833
vt 0.211271 0.083446
vt 0.227664 0.083608
vt 0.226313 0.085448
vt 0.218191 0.096304
vt 0.213519 0.102350
vt 0.199942 0.102869
vt 0.166409 0.103133
vt 0.681398 0.368507
vt 0.065023 0.121170
vt 0.061522 0.103614
vt 0.059712 0.001953
vt 0.291456 0.498972
vt 0.065023 0.131896
vt 0.893006 0.915757
vt 0.898292 0.888330
vt 0.900664 0.914868
vt 0.902733 0.887207
vt 0.896682 0.868093
vt 0.897443 0.871708
vt 0.898509 0.875701
vt 0.899807 0.879799
vt 0.901247 0.883724
vt 0.058994 0.083694
vt 0.059255 0.087380
vt 0.059671 0.091491
vt 0.060213 0.095756
vt 0.060845 0.099888
vt 0.910258 0.903451
vt 0.910414 0.914175
vt 0.593272 0.008671
vt 0.592869 0.006759
vt 0.371243 0.764120
vt 0.368684 0.762750
vt 0.225762 0.200161
vt 0.446794 0.779189
vt 0.912947 0.004619
vt 0.908948 0.004625
vt 0.592467 0.004847
vt 0.438504 0.437493
vt 0.438504 0.492607
vt 0.150091 0.201627
vt 0.135484 0.201457
vt 0.441398 0.492607
vt 0.441398 0.439825
vt 0.913070 0.001953
vt 0.909071 0.001960
vt 0.221454 0.773932
vt 0.176035 0.773934
vt 0.176035 0.729849
vt 0.221453 0.729847
vt 0.740803 0.709011
vt 0.740803 0.618023
vt 0.195019 0.682039
vt 0.195019 0.591051
vt 0.062132 0.712098
vt 0.062132 0.668013
vt 0.107550 0.668011
vt 0.932545 0.945492
vt 0.927413 0.945492
vt 0.764630 0.092941
vt 0.764630 0.001953
vt 0.930797 0.729057
vt 0.903685 0.729054
vt 0.764630 0.137026
vt 0.719212 0.137028
vt 0.356538 0.788031
vt 0.329425 0.788033
vt 0.612760 0.726212
vt 0.567342 0.726214
vt 0.313667 0.747521
vt 0.260825 0.747520
vt 0.195019 0.726124
vt 0.142177 0.726123
vt 0.740803 0.753096
vt 0.687961 0.753095
vt 0.503505 0.751361
vt 0.450663 0.751360
vt 0.062132 0.803086
vt 0.176035 0.864922
vt 0.937677 0.945492
vt 0.786221 0.753098
vt 0.009290 0.668014
vt 0.817472 0.137025
vt 0.240437 0.726126
vt 0.359086 0.747523
vt 0.123193 0.729850
vt 0.665602 0.726211
vt 0.548924 0.751363
vt 0.226820 0.830399
vt 0.927799 0.001953
vt 0.932931 0.001953
vt 0.941651 0.001953
vt 0.946783 0.001953
vt 0.947169 0.587921
vt 0.942037 0.587921
vt 0.922667 0.001953
vt 0.226820 0.773932
vt 0.951915 0.001953
vt 0.936905 0.587921
vt 0.932545 0.945492
vt 0.927413 0.945492
vt 0.942037 0.587921
vt 0.936905 0.587921
vt 0.947169 0.587921
vt 0.937677 0.945492
vt 0.922667 0.001953
vt 0.927799 0.001953
vt 0.932931 0.001953
vt 0.941651 0.001953
vt 0.946783 0.001953
vt 0.951915 0.001953
vn 0.0000 0.0426 0.9991
vn -0.0000 0.9404 0.3400
vn 0.4629 -0.5543 0.6917
vn -0.4796 -0.5762 0.6618
vn -0.7094 0.0267 0.7042
vn -0.5919 0.7530 0.2874
vn -0.0000 0.9292 0.3695
vn 0.7134 0.0266 0.7003
vn 0.5965 0.7581 0.2636
vn -0.0001 -0.6390 0.7692
vn -0.0001 -0.6691 0.7431
vn -0.7422 0.0254 0.6697
vn 0.0000 0.0000 1.0000
vn -0.0000 -0.0000 -1.0000
vn 1.0000 -0.0000 0.0000
vn 0.6369 -0.0000 -0.7709
vn -0.7937 0.6057 0.0567
vn -0.1348 0.0082 0.9908
vn 0.9762 0.0012 -0.2170
vn 0.6531 0.0000 0.7573
vn 0.5318 0.5977 0.5999
vn 0.0000 -1.0000 0.0000
vn -0.3959 0.7955 -0.4587
vn 0.3350 0.8583 0.3888
vn -0.2062 0.0000 -0.9785
vn 0.7618 0.0000 -0.6479
vn 0.6734 0.4864 -0.5567
vn 0.8454 0.0000 0.5342
vn -0.4629 -0.5543 0.6917
vn 0.4796 -0.5762 0.6618
vn 0.7094 0.0267 0.7042
vn 0.5919 0.7530 0.2874
vn -0.7134 0.0266 0.7003
vn -0.5965 0.7581 0.2636
vn 0.0001 -0.6390 0.7692
vn 0.0001 -0.6691 0.7431
vn 0.7422 0.0254 0.6697
vn -1.0000 -0.0000 0.0000
vn -0.6369 -0.0000 -0.7709
vn 0.7937 0.6057 0.0567
vn 0.1348 0.0082 0.9908
vn -0.9762 0.0012 -0.2170
vn -0.6531 0.0000 0.7573
vn -0.5318 0.5977 0.5999
vn 0.3959 0.7955 -0.4587
vn -0.3350 0.8583 0.3888
vn 0.2062 0.0000 -0.9785
vn -0.7618 0.0000 -0.6479
vn -0.6734 0.4864 -0.5567
vn -0.8454 0.0000 0.5342
vn 0.0000 1.0000 0.0001
vn -0.0000 1.0000 0.0000
vn 0.7148 -0.0000 -0.6993
vn -0.0000 0.8270 0.5622
vn -0.7148 -0.0000 -0.6993
vn 0.7110 -0.0017 -0.7032
vn -0.7110 -0.0017 -0.7032
vn 0.7110 -0.0007 0.7032
vn -0.7110 -0.0007 0.7032
vn 0.0003 0.2320 -0.9727
vn -1.0000 0.0003 -0.0011
vn -0.2414 -0.8630 0.4438
vn -0.6230 -0.6958 0.3573
vn -0.8893 -0.4064 0.2096
vn -0.9949 -0.0706 0.0726
vn -0.0002 -0.1965 0.9805
vn 1.0000 0.0010 0.0019
vn 0.2411 0.8596 -0.4505
vn 0.6230 0.6935 -0.3617
vn 0.8880 0.4083 -0.2115
vn 0.9925 0.0891 -0.0836
vn -0.0000 0.8849 0.4657
vn 0.0316 0.9160 0.3999
vn -0.0264 -0.8614 -0.5073
vn 0.0003 -0.3688 -0.9295
vn -0.0035 0.3313 0.9435
vn -0.0073 0.3363 0.9417
vn -0.0051 0.3436 0.9391
vn -0.0044 0.3628 0.9319
vn 0.0015 -0.4273 -0.9041
vn 0.0001 -0.3687 -0.9295
vn -0.0001 0.3302 0.9439
vn 0.0001 0.8856 -0.4645
vn -0.0001 -0.8892 0.4576
vn 0.0000 -0.8116 -0.5842
vn -0.0003 0.2320 -0.9727
vn 1.0000 0.0003 -0.0011
vn 0.2414 -0.8630 0.4438
vn 0.6230 -0.6958 0.3573
vn 0.8893 -0.4064 0.2096
vn 0.9949 -0.0706 0.0726
vn 0.0002 -0.1965 0.9805
vn -1.0000 0.0010 0.0019
vn -0.2411 0.8596 -0.4505
vn -0.6230 0.6935 -0.3617
vn -0.8880 0.4083 -0.2115
vn -0.9925 0.0891 -0.0836
vn -0.0316 0.9160 0.3999
vn 0.0264 -0.8614 -0.5073
vn -0.0003 -0.3688 -0.9295
vn 0.0035 0.3313 0.9435
vn 0.0073 0.3363 0.9417
vn 0.0051 0.3436 0.9391
vn 0.0044 0.3628 0.9319
vn -0.0015 -0.4273 -0.9041
vn -0.0001 -0.3687 -0.9295
vn 0.0001 0.3302 0.9439
vn -0.0001 0.8856 -0.4645
vn 0.0001 -0.8892 0.4576
vn -0.9478 0.3189 0.0004
vn -0.0009 0.0004 -1.0000
vn -0.0609 -0.9669 -0.2478
vn -0.0486 -0.7721 -0.6336
vn -0.0263 -0.4462 -0.8945
vn 0.0004 0.0068 -1.0000
vn 0.9674 -0.2531 -0.0004
vn 0.0024 0.0025 1.0000
vn 0.0455 0.9677 0.2480
vn 0.0388 0.7725 0.6338
vn 0.0245 0.4492 0.8931
vn 0.0011 0.0102 0.9999
vn 0.4314 0.9022 -0.0000
vn 0.4753 0.8796 -0.0214
vn -0.3998 -0.9151 0.0528
vn -0.9973 -0.0740 0.0003
vn 0.9993 0.0362 -0.0034
vn 0.9991 0.0413 -0.0071
vn 0.9988 0.0487 -0.0050
vn 0.9999 0.0060 0.0086
vn -0.9995 -0.0180 -0.0275
vn -0.9973 -0.0740 0.0002
vn 0.9994 0.0352 -0.0002
vn 0.0466 0.9989 0.0002
vn -0.0625 -0.9980 -0.0002
vn -0.3782 -0.9257 -0.0000
vn -0.9478 0.3188 -0.0003
vn -0.0009 0.0004 1.0000
vn -0.0609 -0.9669 0.2478
vn -0.0486 -0.7721 0.6336
vn -0.0263 -0.4462 0.8945
vn 0.0048 -0.0137 0.9999
vn 0.9674 -0.2531 0.0002
vn 0.0024 0.0025 -1.0000
vn 0.0455 0.9677 -0.2480
vn 0.0388 0.7725 -0.6338
vn 0.0245 0.4492 -0.8931
vn -0.0028 0.0319 -0.9995
vn 0.4753 0.8796 0.0214
vn -0.3998 -0.9151 -0.0528
vn -0.9973 -0.0740 -0.0003
vn 0.9993 0.0362 0.0034
vn 0.9991 0.0413 0.0071
vn 0.9988 0.0487 0.0050
vn 0.9999 0.0062 -0.0085
vn -0.9995 -0.0186 0.0273
vn -0.9973 -0.0740 -0.0001
vn 0.9994 0.0352 0.0001
vn 0.0466 0.9989 -0.0001
vn -0.0625 -0.9980 0.0001
vn 0.9478 0.3188 0.0004
vn 0.0009 0.0004 -1.0000
vn 0.0609 -0.9669 -0.2478
vn 0.0486 -0.7721 -0.6336
vn 0.0263 -0.4462 -0.8945
vn -0.0004 0.0068 -1.0000
vn -0.9674 -0.2531 -0.0004
vn -0.0024 0.0025 1.0000
vn -0.0455 0.9677 0.2480
vn -0.0388 0.7725 0.6338
vn -0.0245 0.4492 0.8931
vn -0.0011 0.0102 0.9999
vn -0.4314 0.9022 -0.0000
vn -0.4753 0.8796 -0.0214
vn 0.3998 -0.9151 0.0528
vn 0.9973 -0.0740 0.0003
vn -0.9993 0.0362 -0.0034
vn -0.9991 0.0413 -0.0071
vn -0.9988 0.0487 -0.0050
vn -0.9999 0.0060 0.0086
vn 0.9995 -0.0180 -0.0275
vn 0.9973 -0.0740 0.0002
vn -0.9994 0.0352 -0.0002
vn -0.0466 0.9989 0.0002
vn 0.0625 -0.9980 -0.0002
vn 0.3782 -0.9257 -0.0000
vn 0.9478 0.3188 -0.0003
vn 0.0009 0.0004 1.0000
vn 0.0609 -0.9669 0.2478
vn 0.0486 -0.7721 0.6336
vn 0.0263 -0.4462 0.8945
vn -0.0048 -0.0137 0.9999
vn -0.9674 -0.2531 0.0002
vn -0.0024 0.0025 -1.0000
vn -0.0455 0.9677 -0.2480
vn -0.0388 0.7725 -0.6338
vn -0.0245 0.4492 -0.8931
vn 0.0028 0.0319 -0.9995
vn -0.4753 0.8796 0.0214
vn 0.3998 -0.9151 -0.0528
vn 0.9973 -0.0740 -0.0003
vn -0.9993 0.0362 0.0034
vn -0.9991 0.0413 0.0071
vn -0.9988 0.0487 0.0050
vn -0.9999 0.0062 -0.0085
vn 0.9995 -0.0186 0.0273
vn 0.9973 -0.0740 -0.0001
vn -0.9994 0.0352 0.0001
vn -0.0466 0.9989 -0.0001
vn 0.0625 -0.9980 0.0001
vn -1.0000 -0.0036 -0.0022
vn 0.0007 -0.6280 0.7782
vn -1.0000 -0.0049 -0.0020
vn -0.0027 0.8992 0.4376
vn -1.0000 -0.0040 -0.0022
vn -0.0024 0.9949 -0.1010
vn 0.0024 -0.9913 0.1319
vn -0.0013 0.1050 0.9945
vn 0.0031 -0.8992 -0.4376
vn -0.0031 0.8992 0.4376
vn -0.0028 0.9988 -0.0498
vn -1.0000 -0.0000 -0.0004
vn -0.0013 0.0334 0.9994
vn -1.0000 -0.0001 -0.0044
vn 0.0028 -0.9988 0.0498
vn 0.0013 -0.0334 -0.9994
vn 0.0028 -0.9994 0.0334
vn -1.0000 -0.0000 -0.0013
vn -0.0028 0.9994 -0.0334
vn 1.0000 -0.0036 -0.0022
vn -0.0007 -0.6280 0.7782
vn 1.0000 -0.0049 -0.0020
vn 0.0027 0.8992 0.4376
vn 1.0000 -0.0040 -0.0022
vn 0.0024 0.9949 -0.1010
vn -0.0024 -0.9913 0.1319
vn 0.0013 0.1050 0.9945
vn -0.0031 -0.8992 -0.4376
vn 0.0031 0.8992 0.4376
vn 0.0028 0.9988 -0.0498
vn 1.0000 -0.0000 -0.0004
vn 0.0013 0.0334 0.9994
vn 1.0000 -0.0001 -0.0044
vn -0.0028 -0.9988 0.0498
vn -0.0013 -0.0334 -0.9994
vn -0.0028 -0.9994 0.0334
vn 1.0000 -0.0000 -0.0013
vn 0.0028 0.9994 -0.0334
vn 0.0023 0.0437 0.9990
vn -0.0001 0.0347 0.9994
vn 0.0010 0.0307 0.9995
vn -0.0001 0.0313 0.9995
vn 0.0021 0.0406 0.9992
vn 0.0011 0.0318 0.9995
vn 0.0000 -1.0000 0.0075
vn 0.0000 -1.0000 0.0055
vn 0.6806 0.0259 0.7322
vn 0.6744 0.0220 0.7380
vn 0.6778 0.0240 0.7348
vn -0.0000 -0.2061 0.9785
vn -0.0001 -0.0878 0.9961
vn -0.0001 -0.0863 0.9963
vn 0.6837 0.0252 0.7293
vn 0.6775 0.0208 0.7352
vn 0.0000 -1.0000 0.0089
vn -0.0000 0.0281 0.9996
vn 0.0000 0.0284 0.9996
vn 0.7783 -0.0000 -0.6279
vn -0.0003 0.9999 -0.0139
vn 0.0000 0.9996 -0.0268
vn 0.0000 0.9985 -0.0553
vn 0.6750 0.0183 0.7376
vn 0.6766 0.0165 0.7362
vn 0.6663 0.0149 0.7455
vn 0.6711 0.0184 0.7412
vn 0.6923 -0.0750 0.7177
vn 0.6937 -0.0681 0.7170
vn 0.6723 -0.1611 0.7225
vn 0.9999 -0.0129 -0.0076
vn 0.9999 -0.0071 -0.0121
vn 1.0000 0.0028 0.0068
vn 0.9999 0.0062 0.0152
vn 0.9999 0.0073 0.0116
vn 0.9999 0.0089 0.0065
vn 0.9999 -0.0121 -0.0033
vn 0.9999 -0.0121 -0.0047
vn 0.9999 -0.0120 0.0008
vn 0.7138 0.0227 0.7000
vn 0.7136 0.0225 0.7002
vn 0.0000 0.8922 0.4517
vn 0.0000 1.0000 0.0017
vn -0.0004 1.0000 0.0017
vn 0.0000 0.0212 0.9998
vn 0.0000 0.0214 0.9998
vn 0.0000 -0.0002 1.0000
vn 0.7169 0.0254 0.6967
vn 0.7170 0.0254 0.6966
vn 0.7069 0.0228 0.7069
vn 0.7191 0.0236 0.6945
vn 0.7220 0.0243 0.6914
vn 0.0006 0.0466 0.9989
vn 0.0014 0.0327 0.9995
vn 0.0035 0.0392 0.9992
vn -0.0002 0.0347 0.9994
vn 0.7406 0.0255 0.6714
vn 0.7374 0.0256 0.6749
vn 0.7427 0.0254 0.6691
vn 0.0000 -0.9990 -0.0449
vn 0.0000 -0.9998 -0.0191
vn -0.0012 0.0434 0.9991
vn 0.0000 0.0439 0.9990
vn 0.0000 0.0601 0.9982
vn 0.0000 -0.9999 -0.0119
vn 0.9998 0.0174 0.0071
vn 0.9999 0.0078 0.0117
vn 1.0000 0.0047 -0.0019
vn 1.0000 0.0047 0.0027
vn 1.0000 0.0016 -0.0009
vn 1.0000 0.0023 -0.0026
vn 1.0000 0.0071 0.0023
vn 0.9999 0.0140 0.0078
vn 0.1574 0.9875 -0.0000
vn 0.9942 0.1078 -0.0000
vn 0.0000 -0.9999 0.0128
vn 0.9000 0.4360 -0.0000
vn 0.5650 0.8251 -0.0000
vn 0.0381 0.9990 0.0233
vn 0.0387 0.9991 0.0169
vn 0.0179 0.9998 0.0071
vn 0.0204 0.9998 0.0082
vn 0.9999 0.0039 -0.0106
vn 0.9999 0.0045 -0.0144
vn 0.6787 -0.0415 0.7332
vn 0.6790 -0.0378 0.7332
vn 0.6740 -0.0979 0.7323
vn -0.0000 0.0002 1.0000
vn -0.0001 1.0000 -0.0004
vn 0.0000 1.0000 0.0007
vn -0.0000 1.0000 0.0045
vn 0.0001 1.0000 0.0062
vn 0.0025 1.0000 0.0059
vn 0.0022 1.0000 0.0059
vn 0.0053 1.0000 -0.0083
vn 0.0056 1.0000 -0.0083
vn 0.0035 0.9999 0.0101
vn 0.0037 0.9998 0.0202
vn -0.7378 0.0014 0.6750
vn 0.0797 -0.9659 -0.2465
vn 0.1245 -0.9202 -0.3710
vn 0.0663 -0.9756 -0.2091
vn -0.0000 -0.0002 -1.0000
vn -1.0000 0.0017 -0.0000
vn 0.9999 0.0031 -0.0106
vn 0.9999 0.0046 -0.0144
vn 0.9998 -0.0104 -0.0183
vn -0.0026 -1.0000 -0.0088
vn 0.0600 -0.9805 -0.1871
vn 0.0458 -0.9882 -0.1463
vn -0.0030 -1.0000 -0.0085
vn 0.0064 1.0000 -0.0012
vn 0.0065 1.0000 -0.0021
vn 0.9995 -0.0259 -0.0152
vn 0.7431 -0.0000 -0.6692
vn -0.0034 -1.0000 -0.0052
vn -0.0017 -1.0000 -0.0026
vn 0.0063 1.0000 -0.0007
vn 0.0050 1.0000 -0.0083
vn 0.0229 0.9997 0.0095
vn -0.0002 1.0000 -0.0003
vn -0.0001 1.0000 0.0033
vn -0.6404 0.0009 -0.7680
vn 0.0041 0.9995 0.0310
vn 0.0020 1.0000 0.0060
vn 0.0347 0.9990 0.0287
vn 0.0064 -0.0024 1.0000
vn 0.0000 -0.0024 1.0000
vn 0.0001 1.0000 -0.0009
vn 0.0000 1.0000 -0.0009
vn 0.0046 1.0000 0.0059
vn 0.0045 1.0000 0.0058
vn 0.0052 1.0000 0.0065
vn 0.0050 1.0000 0.0064
vn 0.0054 1.0000 0.0066
vn 0.0045 1.0000 0.0056
vn 0.6644 0.0142 0.7472
vn -0.6531 0.0000 -0.7573
vn -0.7573 -0.0000 0.6531
vn 0.7573 -0.0000 -0.6531
vn 0.6806 0.0176 0.7324
vn 0.6780 0.0165 0.7349
vn 0.6798 0.0683 0.7302
vn 0.6796 0.0176 0.7334
vn 0.6797 0.0140 0.7333
vn 0.6798 0.0658 0.7305
vn 0.6793 0.0161 0.7337
vn 0.6764 0.0166 0.7364
vn 0.6779 0.0181 0.7349
vn 0.6737 0.1448 0.7247
vn 0.6737 0.1450 0.7247
vn 0.6796 0.0164 0.7334
vn 0.3728 -0.3555 0.8571
vn 0.3724 -0.3545 0.8577
vn 0.3738 -0.3577 0.8558
vn 0.0808 0.0118 0.9967
vn 0.0728 0.0117 0.9973
vn 0.0794 0.0118 0.9968
vn 0.9999 -0.0116 0.0074
vn 0.9999 -0.0118 0.0043
vn 0.3722 -0.3604 0.8553
vn 0.3710 -0.3614 0.8554
vn 0.0875 0.0119 0.9961
vn 0.9999 -0.0115 0.0094
vn 0.3690 -0.3631 0.8556
vn 0.7353 0.0257 0.6772
vn 0.0000 -0.2352 0.9719
vn 0.0000 -0.2337 0.9723
vn 0.0000 -0.0727 0.9974
vn 0.0000 -0.0615 0.9981
vn 0.0000 0.3261 0.9453
vn 0.0000 0.1273 0.9919
vn 0.6995 0.0217 0.7143
vn 0.7561 0.0275 0.6538
vn 0.7453 0.0260 0.6662
vn 0.7809 0.0296 0.6239
vn 0.7454 0.0251 0.6662
vn 0.0000 -0.0294 0.9996
vn 0.0000 -0.0303 0.9995
vn 0.0000 -0.0812 0.9967
vn 0.0000 -0.0824 0.9966
vn 0.0000 -0.1220 0.9925
vn 0.0000 -0.1234 0.9924
vn 0.0000 -0.1594 0.9872
vn 0.0000 -0.1611 0.9869
vn 0.0000 -0.1988 0.9800
vn 0.0000 -0.2011 0.9796
vn 0.8078 0.0332 0.5885
vn 0.0104 0.9988 0.0475
vn 0.0200 0.9989 0.0416
vn -0.0041 -1.0000 -0.0076
vn -0.0042 -1.0000 -0.0075
vn 0.0042 0.9990 0.0454
vn -0.0023 0.0421 0.9991
vn -0.0010 0.0317 0.9995
vn 0.0001 0.0347 0.9994
vn 0.0001 0.0313 0.9995
vn -0.6806 0.0259 0.7322
vn -0.6778 0.0240 0.7348
vn -0.6744 0.0220 0.7380
vn 0.0001 -0.0863 0.9963
vn 0.0001 -0.0878 0.9961
vn -0.6837 0.0252 0.7293
vn -0.6775 0.0208 0.7352
vn -0.7783 -0.0000 -0.6279
vn 0.0003 0.9999 -0.0139
vn -0.6750 0.0183 0.7376
vn -0.6711 0.0184 0.7412
vn -0.6663 0.0149 0.7455
vn -0.6766 0.0165 0.7362
vn -0.6939 -0.0572 0.7178
vn -0.6723 -0.1611 0.7225
vn -0.6954 -0.0472 0.7171
vn -0.9999 -0.0129 -0.0076
vn -0.9999 -0.0058 -0.0121
vn -1.0000 0.0028 0.0068
vn -0.9999 0.0089 0.0065
vn -0.9999 0.0076 0.0117
vn -0.9999 0.0062 0.0152
vn -0.9999 -0.0121 -0.0033
vn -0.9999 -0.0120 0.0008
vn -0.9999 -0.0121 -0.0047
vn -0.7138 0.0227 0.7000
vn -0.6912 -0.0959 0.7163
vn -0.6932 -0.0860 0.7156
vn -0.7136 0.0225 0.7002
vn 0.0004 1.0000 0.0017
vn -0.7169 0.0254 0.6967
vn -0.7170 0.0254 0.6966
vn -0.7069 0.0228 0.7069
vn -0.7220 0.0243 0.6914
vn -0.7191 0.0236 0.6945
vn -0.0006 0.0466 0.9989
vn -0.0035 0.0392 0.9992
vn -0.0013 0.0330 0.9995
vn 0.0002 0.0347 0.9994
vn -0.7406 0.0255 0.6714
vn -0.7427 0.0254 0.6691
vn -0.7374 0.0256 0.6749
vn 0.0012 0.0434 0.9991
vn -0.9999 0.0151 0.0076
vn -1.0000 0.0047 0.0024
vn -1.0000 0.0054 -0.0017
vn -1.0000 0.0016 -0.0009
vn -1.0000 0.0023 -0.0026
vn -1.0000 0.0071 0.0023
vn -0.1574 0.9875 -0.0000
vn -0.9942 0.1078 -0.0000
vn -0.9000 0.4360 -0.0000
vn -0.5650 0.8251 -0.0000
vn -0.0381 0.9990 0.0233
vn -0.0204 0.9998 0.0082
vn -0.0179 0.9998 0.0071
vn -0.0387 0.9991 0.0169
vn -0.9999 0.0033 -0.0108
vn -0.9999 0.0046 -0.0144
vn -1.0000 0.0047 -0.0014
vn -0.6787 -0.0415 0.7332
vn -0.6740 -0.0979 0.7323
vn -0.6790 -0.0378 0.7332
vn 0.0001 1.0000 -0.0004
vn 0.0000 1.0000 0.0048
vn -0.0022 1.0000 0.0059
vn -0.0025 1.0000 0.0059
vn -0.0001 1.0000 0.0062
vn -0.0053 1.0000 -0.0083
vn -0.0037 0.9998 0.0202
vn -0.0035 0.9999 0.0101
vn -0.0056 1.0000 -0.0083
vn 0.7378 0.0014 0.6750
vn -0.0724 -0.9723 -0.2223
vn -0.0551 -0.9834 -0.1730
vn -0.1245 -0.9202 -0.3710
vn 1.0000 0.0017 -0.0000
vn -0.9999 -0.0097 -0.0122
vn -0.9997 -0.0136 -0.0183
vn 0.0026 -1.0000 -0.0088
vn 0.0030 -1.0000 -0.0085
vn -0.0064 1.0000 -0.0012
vn -0.0065 1.0000 -0.0021
vn -1.0000 0.0045 0.0026
vn -0.9995 -0.0259 -0.0152
vn -0.9998 -0.0069 -0.0184
vn -0.7431 -0.0000 -0.6692
vn 0.0017 -1.0000 -0.0026
vn 0.0034 -1.0000 -0.0052
vn -0.0063 1.0000 -0.0007
vn -0.0050 1.0000 -0.0083
vn -0.0229 0.9997 0.0095
vn 0.0002 1.0000 -0.0003
vn 0.0001 1.0000 0.0033
vn 0.0001 1.0000 0.0042
vn 0.6404 0.0009 -0.7680
vn -0.0041 0.9995 0.0310
vn -0.0020 1.0000 0.0060
vn -0.0347 0.9990 0.0287
vn -0.0064 -0.0024 1.0000
vn -0.0001 1.0000 -0.0009
vn -0.0045 1.0000 0.0058
vn -0.0046 1.0000 0.0059
vn -0.0052 1.0000 0.0065
vn -0.0050 1.0000 0.0064
vn -0.0054 1.0000 0.0066
vn -0.0045 1.0000 0.0056
vn -0.6644 0.0142 0.7472
vn 0.6531 0.0000 -0.7573
vn 0.7573 -0.0000 0.6531
vn -0.7573 -0.0000 -0.6531
vn -0.6806 0.0176 0.7324
vn -0.6780 0.0165 0.7349
vn -0.6798 0.0683 0.7302
vn -0.6796 0.0176 0.7334
vn -0.6797 0.0140 0.7333
vn -0.6798 0.0658 0.7305
vn -0.6793 0.0161 0.7337
vn -0.6764 0.0166 0.7364
vn -0.6779 0.0181 0.7349
vn -0.6737 0.1448 0.7247
vn -0.6796 0.0164 0.7334
vn -0.6737 0.1450 0.7247
vn -0.3728 -0.3555 0.8571
vn -0.3738 -0.3577 0.8558
vn -0.3724 -0.3545 0.8577
vn -0.0808 0.0118 0.9967
vn -0.0794 0.0118 0.9968
vn -0.0728 0.0117 0.9973
vn -0.9999 -0.0116 0.0074
vn -0.9999 -0.0118 0.0043
vn -0.3722 -0.3604 0.8553
vn -0.3710 -0.3614 0.8554
vn -0.0875 0.0119 0.9961
vn -0.9999 -0.0115 0.0094
vn -0.3690 -0.3631 0.8556
vn -0.7353 0.0257 0.6772
vn -0.0013 0.0319 0.9995
vn -0.6995 0.0217 0.7143
vn -0.7453 0.0260 0.6662
vn -0.7561 0.0275 0.6538
vn -0.7809 0.0296 0.6239
vn -0.7454 0.0251 0.6662
vn -0.8078 0.0332 0.5885
vn -0.0200 0.9989 0.0416
vn -0.0104 0.9988 0.0475
vn 0.0041 -1.0000 -0.0076
vn 0.0042 -1.0000 -0.0075
vn -0.0042 0.9990 0.0454
vn 0.0000 0.7071 0.7071
usemtl MI_Props_Batch2
s off
f 56/1/1 57/2/1 55/3/1
f 53/4/1 54/5/1 52/6/1
f 39/7/2 51/8/2 50/9/2 37/10/2
f 50/9/1 51/8/1 49/11/1 209/12/1
f 47/13/1 48/14/1 46/15/1
f 34/16/3 47/13/3 46/15/3 35/17/3
f 38/18/4 49/11/4 51/8/4 39/19/4
f 35/20/5 46/15/5 48/14/5 36/21/5
f 43/22/6 56/1/6 55/3/6 44/23/6
f 36/24/7 48/14/7 47/13/7 34/25/7
f 44/23/8 55/3/8 57/2/8 45/26/8
f 40/27/9 53/4/9 52/6/9 41/28/9
f 45/26/10 57/2/10 56/1/10 43/22/10
f 41/29/11 52/6/11 54/5/11 42/30/11
f 42/31/12 54/5/12 53/4/12 40/32/12
f 25/33/13 81/34/13 87/35/13 89/36/13 88/37/13 86/38/13 21/39/13
f 17/40/14 83/41/14 85/42/14 84/43/14 82/44/14 80/45/14 24/46/14
f 134/47/15 133/48/15 142/49/15 141/50/15
f 132/51/16 129/52/16 141/50/16 142/49/16
f 98/53/17 145/54/17 152/55/17 8/56/17
f 159/57/18 167/58/18 169/59/18 161/60/18
f 160/61/19 168/62/19 166/63/19 158/64/19
f 168/62/20 169/59/20 167/58/20 166/63/20
f 160/61/21 161/60/21 169/59/21 168/62/21
f 170/65/22 171/66/22 178/67/22 179/68/22
f 186/69/23 185/70/23 184/71/23 187/72/23
f 187/72/24 184/71/24 177/73/24 176/74/24
f 26/75/15 27/76/15 212/77/15 213/78/15
f 247/79/25 239/80/25 240/81/25 261/82/25
f 257/83/26 247/79/26 261/82/26 262/84/26
f 260/85/27 262/84/27 261/82/27 240/81/27
f 250/86/28 257/83/28 262/84/28 260/85/28
f 318/87/1 317/88/1 319/89/1
f 315/90/1 314/91/1 316/92/1
f 301/93/2 299/94/2 312/95/2 313/96/2
f 312/95/1 444/97/1 311/98/1 313/96/1
f 309/99/1 308/100/1 310/101/1
f 296/102/29 297/103/29 308/100/29 309/99/29
f 300/104/30 301/105/30 313/96/30 311/98/30
f 297/106/31 298/107/31 310/101/31 308/100/31
f 305/108/32 306/109/32 317/88/32 318/87/32
f 298/110/7 296/111/7 309/99/7 310/101/7
f 306/109/33 307/112/33 319/89/33 317/88/33
f 302/113/34 303/114/34 314/91/34 315/90/34
f 307/112/35 305/108/35 318/87/35 319/89/35
f 303/115/36 304/116/36 316/92/36 314/91/36
f 304/117/37 302/118/37 315/90/37 316/92/37
f 287/119/13 283/120/13 334/121/13 336/122/13 337/123/13 335/124/13 329/125/13
f 279/126/14 286/127/14 328/128/14 330/129/14 332/130/14 333/131/14 331/132/14
f 375/133/38 380/134/38 381/135/38 374/136/38
f 373/137/39 381/135/39 380/134/39 370/138/39
f 344/139/40 270/140/40 389/141/40 383/142/40
f 394/143/41 396/144/41 404/145/41 402/146/41
f 395/147/42 393/148/42 401/149/42 403/150/42
f 403/150/43 401/149/43 402/146/43 404/145/43
f 395/147/44 403/150/44 404/145/44 396/144/44
f 405/151/22 414/152/22 413/153/22 406/154/22
f 421/155/45 422/156/45 419/157/45 420/158/45
f 422/156/46 411/159/46 412/160/46 419/157/46
f 288/161/38 446/162/38 445/163/38 289/164/38
f 469/165/47 482/166/47 462/167/47 461/168/47
f 479/169/48 483/170/48 482/166/48 469/165/48
f 481/171/49 462/167/49 482/166/49 483/170/49
f 472/172/50 481/171/50 483/170/50 479/169/50
f 488/173/51 499/174/51 566/175/51 562/176/51
f 549/177/52 553/178/52 597/179/52 584/180/52
f 551/181/51 555/182/51 498/183/51 613/184/51
f 556/185/52 557/186/52 508/187/52 578/188/52 600/189/52
f 607/190/15 494/191/15 536/192/15
f 491/193/51 497/194/51 496/195/51 490/196/51
f 493/197/13 565/198/13 568/199/13 509/200/13
f 552/201/14 492/202/14 508/203/14 557/204/14
f 563/205/52 567/206/52 581/207/52 574/208/52
f 494/209/14 495/210/14 510/211/14 511/212/14
f 494/191/15 594/213/15 593/214/15 536/192/15
f 490/215/51 503/216/51 502/217/51 489/218/51
f 566/219/13 499/220/13 515/221/13 571/222/13
f 489/223/51 507/224/51 506/225/51 488/226/51
f 507/227/53 489/228/53 529/229/53 547/230/53
f 511/231/52 510/232/52 596/233/52 605/234/52
f 517/235/52 516/236/52 592/237/52 604/238/52
f 521/239/52 520/240/52 599/241/52 601/242/52
f 500/243/14 501/244/14 516/245/14 517/246/14
f 514/247/52 558/248/52 559/249/52 573/250/52 577/251/52
f 504/252/14 505/253/14 520/254/14 521/255/14
f 496/256/13 497/257/13 513/258/13 512/259/13
f 498/260/14 555/261/14 558/262/14 514/263/14
f 502/264/13 503/265/13 519/266/13 518/267/13
f 506/268/13 507/269/13 523/270/13 522/271/13
f 525/272/52 532/273/52 602/274/52 572/275/52
f 527/276/52 534/277/52 585/278/52 579/279/52
f 524/280/54 536/281/54 593/282/54 572/275/54
f 530/283/54 538/284/54 591/285/54 595/286/54
f 529/287/52 540/288/52 575/289/52 586/290/52
f 526/291/54 542/292/54 582/293/54 579/279/54
f 531/294/52 544/295/52 583/296/52 595/286/52
f 528/297/54 546/298/54 589/299/54 586/290/54
f 504/300/15 580/301/15 589/302/15 546/303/15
f 491/304/55 493/305/55 532/306/55 525/307/55
f 490/308/55 496/309/55 534/310/55 527/311/55
f 497/312/53 491/313/53 525/314/53 537/315/53
f 489/316/55 502/317/55 540/318/55 529/319/55
f 499/320/53 488/321/53 531/322/53 539/323/53
f 488/324/55 506/325/55 544/326/55 531/327/55
f 503/328/53 490/329/53 527/330/53 543/331/53
f 553/178/52 549/177/52 548/332/52 552/333/52
f 550/334/52 554/335/52 555/182/52 551/181/52
f 556/336/56 553/337/56 552/201/56 557/204/56
f 554/338/57 559/339/57 558/262/57 555/261/57
f 560/340/51 564/341/51 565/342/51 561/343/51
f 562/176/51 566/175/51 567/206/51 563/205/51
f 564/344/58 569/345/58 568/199/58 565/198/58
f 566/219/59 571/222/59 570/346/59 567/347/59
f 561/343/51 565/342/51 493/348/51 491/349/51
f 586/290/54 575/289/54 541/350/54 528/297/54
f 595/286/52 591/285/52 539/351/52 531/294/52
f 584/180/52 597/179/52 564/341/52 560/340/52
f 601/242/52 599/241/52 522/352/52 523/353/52
f 572/275/52 593/282/52 537/354/52 525/272/52
f 604/238/52 592/237/52 518/355/52 519/356/52
f 579/279/54 585/278/54 535/357/54 526/291/54
f 586/290/52 589/299/52 547/358/52 529/287/52
f 574/208/52 581/207/52 554/335/52 550/334/52
f 583/359/38 603/360/38 505/361/38 545/362/38
f 605/234/52 596/233/52 512/363/52 513/364/52
f 572/275/54 602/274/54 533/365/54 524/280/54
f 595/286/54 583/296/54 545/366/54 530/283/54
f 577/251/52 573/250/52 570/367/52 571/368/52 515/369/52
f 579/279/52 582/293/52 543/370/52 527/276/52
f 600/189/52 578/188/52 509/371/52 568/372/52 569/373/52
f 606/374/51 492/375/51 552/333/51 548/332/51
f 608/376/51 495/377/51 494/378/51 607/379/51
f 610/380/51 501/381/51 500/382/51 609/383/51
f 612/384/51 505/385/51 504/386/51 611/387/51
f 501/388/38 610/389/38 541/390/38
f 611/391/15 504/300/15 546/303/15
f 505/361/38 612/392/38 545/362/38
f 609/393/15 500/394/15 542/395/15
f 613/396/15 498/397/15 538/398/15
f 492/399/38 606/400/38 533/401/38
f 618/402/60 619/403/60 623/404/60 622/405/60
f 622/406/61 623/407/61 625/408/61 624/409/61
f 626/410/62 631/411/62 633/412/62 628/413/62
f 628/413/63 633/412/63 632/414/63 629/415/63
f 629/415/64 632/414/64 630/416/64 627/417/64
f 624/409/65 625/408/65 627/417/65 630/416/65
f 620/418/66 634/419/66 635/420/66 621/421/66
f 634/422/67 636/423/67 637/424/67 635/425/67
f 638/426/68 640/427/68 645/428/68 643/429/68
f 640/427/69 641/430/69 644/431/69 645/428/69
f 641/430/70 639/432/70 642/433/70 644/431/70
f 636/423/71 642/433/71 639/432/71 637/424/71
f 618/434/72 622/435/72 634/419/72 620/418/72
f 622/435/73 624/436/73 636/437/73 634/419/73
f 625/438/74 623/404/74 635/439/74 637/440/74
f 626/441/75 628/442/75 640/443/75 638/444/75
f 633/445/76 631/446/76 643/447/76 645/448/76
f 628/442/75 629/449/75 641/450/75 640/443/75
f 632/451/77 633/445/77 645/448/77 644/452/77
f 629/449/75 627/453/75 639/454/75 641/450/75
f 630/455/78 632/451/78 644/452/78 642/456/78
f 624/436/79 630/455/79 642/456/79 636/437/79
f 627/453/80 625/438/80 637/440/80 639/454/80
f 615/457/81 626/441/81 638/444/81 617/458/81
f 631/446/82 614/459/82 616/460/82 643/447/82
f 643/429/83 616/461/83 617/462/83 638/426/83
f 631/411/84 626/410/84 615/463/84 614/464/84
f 623/404/85 619/403/85 621/465/85 635/439/85
f 618/402/86 646/466/86 647/467/86 619/403/86
f 646/468/87 648/469/87 649/470/87 647/471/87
f 650/472/88 652/473/88 657/474/88 655/475/88
f 652/473/89 653/476/89 656/477/89 657/474/89
f 653/476/90 651/478/90 654/479/90 656/477/90
f 648/469/91 654/479/91 651/478/91 649/470/91
f 620/418/92 621/421/92 659/480/92 658/481/92
f 658/482/93 659/483/93 661/484/93 660/485/93
f 662/486/94 667/487/94 669/488/94 664/489/94
f 664/489/95 669/488/95 668/490/95 665/491/95
f 665/491/96 668/490/96 666/492/96 663/493/96
f 660/485/97 661/484/97 663/493/97 666/492/97
f 618/434/72 620/418/72 658/481/72 646/494/72
f 646/494/98 658/481/98 660/495/98 648/496/98
f 649/497/99 661/498/99 659/499/99 647/467/99
f 650/500/100 662/501/100 664/502/100 652/503/100
f 657/504/101 669/505/101 667/506/101 655/507/101
f 652/503/100 664/502/100 665/508/100 653/509/100
f 656/510/102 668/511/102 669/505/102 657/504/102
f 653/509/100 665/508/100 663/512/100 651/513/100
f 654/514/103 666/515/103 668/511/103 656/510/103
f 648/496/104 660/495/104 666/515/104 654/514/104
f 651/513/105 663/512/105 661/498/105 649/497/105
f 615/457/106 617/458/106 662/501/106 650/500/106
f 655/507/107 667/506/107 616/460/107 614/459/107
f 667/487/108 662/486/108 617/462/108 616/461/108
f 655/475/109 614/464/109 615/463/109 650/472/109
f 647/467/85 659/499/85 621/465/85 619/403/85
f 674/516/110 678/517/110 679/518/110 675/519/110
f 678/520/111 680/521/111 681/522/111 679/523/111
f 682/524/112 684/525/112 689/526/112 687/527/112
f 684/525/113 685/528/113 688/529/113 689/526/113
f 685/528/114 683/530/114 686/531/114 688/529/114
f 680/521/115 686/531/115 683/530/115 681/522/115
f 676/532/116 677/533/116 691/534/116 690/535/116
f 690/536/117 691/537/117 693/538/117 692/539/117
f 694/540/118 699/541/118 701/542/118 696/543/118
f 696/543/119 701/542/119 700/544/119 697/545/119
f 697/545/120 700/544/120 698/546/120 695/547/120
f 692/539/121 693/538/121 695/547/121 698/546/121
f 674/548/122 676/549/122 690/550/122 678/551/122
f 678/551/123 690/550/123 692/552/123 680/553/123
f 681/554/124 693/555/124 691/556/124 679/557/124
f 682/558/125 694/559/125 696/560/125 684/561/125
f 689/562/126 701/563/126 699/564/126 687/565/126
f 684/561/125 696/560/125 697/566/125 685/567/125
f 688/568/127 700/569/127 701/563/127 689/562/127
f 685/567/125 697/566/125 695/570/125 683/571/125
f 686/572/128 698/573/128 700/569/128 688/568/128
f 680/553/129 692/552/129 698/573/129 686/572/129
f 683/571/130 695/570/130 693/555/130 681/554/130
f 671/574/131 673/575/131 694/559/131 682/558/131
f 687/565/132 699/564/132 672/576/132 670/577/132
f 699/541/133 694/540/133 673/578/133 672/579/133
f 687/527/134 670/580/134 671/581/134 682/524/134
f 679/557/135 691/556/135 677/582/135 675/583/135
f 674/516/136 675/519/136 703/584/136 702/585/136
f 702/586/137 703/587/137 705/588/137 704/589/137
f 706/590/138 711/591/138 713/592/138 708/593/138
f 708/593/139 713/592/139 712/594/139 709/595/139
f 709/595/140 712/594/140 710/596/140 707/597/140
f 704/589/141 705/588/141 707/597/141 710/596/141
f 676/532/142 714/598/142 715/599/142 677/533/142
f 714/600/143 716/601/143 717/602/143 715/603/143
f 718/604/144 720/605/144 725/606/144 723/607/144
f 720/605/145 721/608/145 724/609/145 725/606/145
f 721/608/146 719/610/146 722/611/146 724/609/146
f 716/601/147 722/611/147 719/610/147 717/602/147
f 674/548/122 702/612/122 714/613/122 676/549/122
f 702/612/148 704/614/148 716/615/148 714/613/148
f 705/616/149 703/617/149 715/618/149 717/619/149
f 706/620/150 708/621/150 720/622/150 718/623/150
f 713/624/151 711/625/151 723/626/151 725/627/151
f 708/621/150 709/628/150 721/629/150 720/622/150
f 712/630/152 713/624/152 725/627/152 724/631/152
f 709/628/150 707/632/150 719/633/150 721/629/150
f 710/634/153 712/630/153 724/631/153 722/635/153
f 704/614/154 710/634/154 722/635/154 716/615/154
f 707/632/155 705/616/155 717/619/155 719/633/155
f 671/574/156 706/620/156 718/623/156 673/575/156
f 711/625/157 670/577/157 672/576/157 723/626/157
f 723/607/158 672/579/158 673/578/158 718/604/158
f 711/591/159 706/590/159 671/581/159 670/580/159
f 703/617/135 675/583/135 677/582/135 715/618/135
f 730/636/160 731/637/160 735/638/160 734/639/160
f 734/640/161 735/641/161 737/642/161 736/643/161
f 738/644/162 743/645/162 745/646/162 740/647/162
f 740/647/163 745/646/163 744/648/163 741/649/163
f 741/649/164 744/648/164 742/650/164 739/651/164
f 736/643/165 737/642/165 739/651/165 742/650/165
f 732/652/166 746/653/166 747/654/166 733/655/166
f 746/656/167 748/657/167 749/658/167 747/659/167
f 750/660/168 752/661/168 757/662/168 755/663/168
f 752/661/169 753/664/169 756/665/169 757/662/169
f 753/664/170 751/666/170 754/667/170 756/665/170
f 748/657/171 754/667/171 751/666/171 749/658/171
f 730/668/172 734/669/172 746/670/172 732/671/172
f 734/669/173 736/672/173 748/673/173 746/670/173
f 737/674/174 735/675/174 747/676/174 749/677/174
f 738/678/175 740/679/175 752/680/175 750/681/175
f 745/682/176 743/683/176 755/684/176 757/685/176
f 740/679/175 741/686/175 753/687/175 752/680/175
f 744/688/177 745/682/177 757/685/177 756/689/177
f 741/686/175 739/690/175 751/691/175 753/687/175
f 742/692/178 744/688/178 756/689/178 754/693/178
f 736/672/179 742/692/179 754/693/179 748/673/179
f 739/690/180 737/674/180 749/677/180 751/691/180
f 727/694/181 738/678/181 750/681/181 729/695/181
f 743/683/182 726/696/182 728/697/182 755/684/182
f 755/663/183 728/698/183 729/699/183 750/660/183
f 743/645/184 738/644/184 727/700/184 726/701/184
f 735/675/185 731/702/185 733/703/185 747/676/185
f 730/636/186 758/704/186 759/705/186 731/637/186
f 758/706/187 760/707/187 761/708/187 759/709/187
f 762/710/188 764/711/188 769/712/188 767/713/188
f 764/711/189 765/714/189 768/715/189 769/712/189
f 765/714/190 763/716/190 766/717/190 768/715/190
f 760/707/191 766/717/191 763/716/191 761/708/191
f 732/652/192 733/655/192 771/718/192 770/719/192
f 770/720/193 771/721/193 773/722/193 772/723/193
f 774/724/194 779/725/194 781/726/194 776/727/194
f 776/727/195 781/726/195 780/728/195 777/729/195
f 777/729/196 780/728/196 778/730/196 775/731/196
f 772/723/197 773/722/197 775/731/197 778/730/197
f 730/668/172 732/671/172 770/732/172 758/733/172
f 758/733/198 770/732/198 772/734/198 760/735/198
f 761/736/199 773/737/199 771/738/199 759/739/199
f 762/740/200 774/741/200 776/742/200 764/743/200
f 769/744/201 781/745/201 779/746/201 767/747/201
f 764/743/200 776/742/200 777/748/200 765/749/200
f 768/750/202 780/751/202 781/745/202 769/744/202
f 765/749/200 777/748/200 775/752/200 763/753/200
f 766/754/203 778/755/203 780/751/203 768/750/203
f 760/735/204 772/734/204 778/755/204 766/754/204
f 763/753/205 775/752/205 773/737/205 761/736/205
f 727/694/206 729/695/206 774/741/206 762/740/206
f 767/747/207 779/746/207 728/697/207 726/696/207
f 779/725/208 774/724/208 729/699/208 728/698/208
f 767/713/209 726/701/209 727/700/209 762/710/209
f 759/739/185 771/738/185 733/703/185 731/702/185
f 788/756/210 795/757/210 793/758/210 794/759/210
f 783/760/211 790/761/211 792/762/211 785/763/211
f 790/764/212 789/765/212 791/766/212 792/767/212
f 786/768/213 794/769/213 793/770/213 787/771/213
f 793/758/214 795/757/214 789/765/214 790/764/214
f 788/772/215 794/769/215 786/768/215 782/773/215
f 792/762/216 791/774/216 784/775/216 785/763/216
f 793/770/217 790/761/217 783/760/217 787/771/217
f 796/776/218 797/777/218 798/778/218 799/779/218
f 800/780/219 802/781/219 803/782/219 801/783/219
f 800/780/220 806/784/220 807/785/220 802/781/220
f 798/786/221 803/787/221 802/788/221 799/789/221
f 797/790/222 801/783/222 803/782/222 798/791/222
f 802/788/223 807/792/223 805/793/223 799/789/223
f 799/779/224 805/794/224 804/795/224 796/776/224
f 809/796/225 811/797/225 810/798/225 808/799/225
f 804/795/226 805/794/226 809/800/226 808/801/226
f 805/793/227 807/792/227 811/802/227 809/803/227
f 807/785/228 806/784/228 810/804/228 811/805/228
f 812/806/229 818/807/229 817/808/229 819/809/229
f 783/760/230 785/763/230 816/810/230 814/811/230
f 814/812/231 816/813/231 815/814/231 813/815/231
f 786/768/232 787/771/232 817/816/232 818/817/232
f 817/808/233 814/812/233 813/815/233 819/809/233
f 812/818/234 782/773/234 786/768/234 818/817/234
f 816/810/235 785/763/235 784/775/235 815/819/235
f 817/816/236 787/771/236 783/760/236 814/811/236
f 796/776/237 821/820/237 820/821/237 797/777/237
f 800/780/238 801/783/238 823/822/238 822/823/238
f 800/780/239 822/823/239 825/824/239 806/784/239
f 820/825/240 821/826/240 822/827/240 823/828/240
f 797/790/241 820/829/241 823/822/241 801/783/241
f 822/827/242 821/826/242 824/830/242 825/831/242
f 821/820/243 796/776/243 804/795/243 824/832/243
f 826/833/244 808/799/244 810/798/244 827/834/244
f 804/795/245 808/801/245 826/835/245 824/832/245
f 824/830/246 826/836/246 827/837/246 825/831/246
f 825/824/247 827/838/247 810/804/247 806/784/247
f 561/343/52 491/349/52 828/839/52 829/840/52
f 550/334/52 551/181/52 837/841/52 836/842/52
f 610/380/52 609/383/52 841/843/52 842/844/52
f 606/374/52 548/332/52 834/845/52 838/846/52
f 548/332/52 549/177/52 835/847/52 834/845/52
f 608/376/52 607/379/52 839/848/52 840/849/52
f 551/181/52 613/184/52 845/850/52 837/841/52
f 612/384/52 611/387/52 843/851/52 844/852/52
s 1
f 13/853/248 96/854/249 98/855/249 8/856/250
f 154/857/251 13/853/252 8/856/253
f 1/858/254 11/859/22 6/860/22 3/861/255
f 160/61/256 158/64/257 96/854/257 13/853/258
f 6/862/259 11/863/259 190/864/260 7/865/261
f 22/866/14 95/867/14 102/868/14 74/869/14
f 189/870/262 195/871/263 160/61/256 13/853/258
f 116/872/264 1/858/254 3/861/255 117/873/264
f 155/874/265 154/857/251 8/856/253 61/875/266
f 240/81/267 79/876/267 78/877/267 238/878/267
f 28/879/268 69/880/269 215/881/270 216/882/270
f 196/883/271 194/884/272 76/885/273 161/60/274
f 7/886/275 27/76/276 26/75/277 6/887/277
f 116/888/278 18/889/15 90/890/15 129/891/279
f 251/892/267 248/893/267 72/894/267 93/895/267
f 72/894/14 2/896/14 92/897/14 93/895/14
f 118/898/280 100/899/281 76/885/282 120/900/283
f 31/901/284 12/902/285 199/903/285 200/904/286
f 73/905/14 14/906/14 22/866/14 74/869/14
f 30/907/287 33/908/288 27/76/276 7/886/275
f 27/909/289 68/910/289 211/911/289 212/912/289
f 63/913/290 69/880/269 28/879/268 15/914/291
f 210/915/292 207/916/293 220/917/294 228/918/294
f 206/919/295 207/920/296 33/908/288 30/907/287
f 68/910/1 27/909/1 33/921/1 70/922/1
f 29/923/297 221/924/298 220/925/299 207/920/296 206/919/295
f 15/926/300 29/927/301 189/870/302
f 191/928/303 7/865/261 34/929/303 35/930/303
f 190/864/260 191/928/303 35/930/303 36/931/303
f 7/865/261 190/864/260 36/931/303 34/929/303
f 206/932/303 30/933/303 37/934/303 208/935/303
f 191/928/303 29/927/301 38/936/303 39/937/303
f 30/933/303 191/928/303 39/937/303 37/934/303
f 188/938/303 189/870/302 29/927/301
f 208/939/304 209/12/305 49/11/306 38/940/306
f 29/927/301 191/928/303 40/941/303 41/942/303
f 188/938/303 29/927/301 41/942/303 42/943/303
f 191/928/303 188/938/303 42/943/303 40/941/303
f 7/865/261 191/928/303 43/944/303 44/945/303
f 30/933/303 7/865/261 44/945/303 45/946/303
f 191/928/303 30/933/303 45/946/303 43/944/303
f 6/860/22 26/947/22 67/948/22 60/949/22
f 14/906/14 62/950/14 65/951/14 22/866/14
f 235/952/307 19/953/308 64/954/308 236/955/307
f 117/873/264 3/861/255 59/956/255 121/957/264
f 2/896/14 58/958/14 91/959/14 92/897/14
f 3/861/255 6/860/22 60/949/22 59/956/255
f 23/960/309 66/961/310 63/962/311 15/926/300
f 13/853/252 23/960/309 15/926/300 189/870/302
f 237/963/307 18/964/312 19/953/308 235/952/307
f 24/965/313 76/885/314 194/884/315 17/966/316
f 122/967/317 119/968/318 78/877/15 21/969/15
f 21/969/15 78/877/15 79/876/15 25/970/15
f 123/971/319 120/900/283 76/885/282 24/965/320
f 122/972/52 128/973/321 83/974/321 17/975/52
f 125/976/322 87/977/322 81/978/15 124/979/15
f 123/980/323 124/981/323 81/34/323 25/33/323
f 125/976/322 126/982/324 89/983/324 87/977/322
f 126/982/324 127/984/325 88/985/325 89/983/324
f 127/984/325 128/973/321 86/986/321 88/985/325
f 112/987/14 62/950/14 14/906/14 113/988/14
f 257/989/326 250/990/327 102/991/328 150/992/329
f 113/988/14 14/906/14 73/905/14 114/993/14
f 132/994/330 119/968/318 194/884/315 192/995/331
f 193/996/332 190/864/333 11/863/334 1/997/334
f 97/998/335 103/999/335 105/1000/335 20/1001/335
f 143/1002/336 95/1003/336 71/1004/337 144/1005/337
f 145/1006/338 98/1007/339 96/1008/340 146/1009/341
f 151/1010/342 118/1011/343 99/1012/344 148/1013/345
f 242/1014/346 243/1015/346 108/1016/346 4/1017/346
f 150/992/329 102/991/328 95/1003/336 143/1002/336
f 111/1018/347 132/51/348 142/49/348 133/48/349
f 10/1019/350 107/1020/350 104/1021/350 101/1022/350
f 5/1023/350 106/1024/350 107/1020/350 10/1019/350
f 130/1025/351 131/1026/351 109/1027/351 9/1028/351
f 20/1001/335 105/1000/335 110/1029/335 75/1030/335
f 129/891/279 132/994/352 192/995/353 193/996/354
f 129/52/52 90/1031/52 134/47/52 141/50/52
f 92/1032/52 91/1033/52 136/1034/52 138/1035/52
f 244/1036/355 111/1018/356 133/48/357 246/1037/358
f 4/1017/351 108/1016/351 131/1026/351 130/1025/351
f 147/1038/359 100/1039/360 118/1011/343 151/1010/342
f 111/1040/15 78/877/15 119/968/318 132/994/330
f 85/1041/325 83/974/321 128/973/321 127/984/325
f 84/1042/324 85/1041/325 127/984/325 126/982/324
f 82/1043/322 84/1042/324 126/982/324 125/976/322
f 24/46/323 80/45/323 124/981/323 123/980/323
f 82/1043/322 125/976/322 124/979/15 80/1044/15
f 21/1045/52 86/986/321 128/973/321 122/972/52
f 25/970/15 79/876/15 120/900/283 123/971/319
f 17/966/316 194/884/315 119/968/318 122/967/317
f 19/953/308 117/873/264 121/957/264 64/954/308
f 1/997/361 116/888/278 129/891/279 193/996/354
f 18/964/312 116/872/264 117/873/264 19/953/308
f 249/1046/267 254/1047/267 114/993/267 73/905/267
f 256/1048/362 255/1049/362 140/1050/362 139/1051/362
f 138/1035/14 137/1052/14 139/1051/14 140/1050/14
f 136/1034/14 135/1053/14 137/1052/14 138/1035/14
f 93/1054/52 92/1032/52 138/1035/52 140/1050/52
f 113/1055/22 114/1056/363 139/1051/364 137/1052/22
f 251/1057/52 93/1054/52 140/1050/52 255/1049/52
f 112/1058/22 113/1055/22 137/1052/22 135/1053/22
f 9/1059/365 147/1038/359 151/1010/342 130/1060/366
f 75/1061/367 150/992/329 143/1002/336 20/1062/368
f 101/1063/337 149/1064/337 145/1006/338 10/1065/369
f 163/1066/370 164/1067/370 106/1024/370 5/1023/370
f 130/1060/366 151/1010/342 148/1013/345 4/1068/371
f 10/1065/369 145/1006/338 146/1009/341 5/1069/372
f 20/1062/368 143/1002/336 144/1005/337 97/1070/337
f 252/1071/373 257/989/326 150/992/329 75/1061/367
f 145/1006/374 149/1064/375 153/1072/375 152/1073/374
f 8/56/376 152/55/376 153/1074/377 61/1075/377
f 99/1076/15 118/898/280 120/900/283 79/876/15
f 65/951/14 71/1077/14 95/867/14 22/866/14
f 66/961/310 23/960/309 154/857/251 155/874/265
f 23/960/309 13/853/252 154/857/251
f 5/1069/372 146/1009/341 166/1078/378 163/1079/379
f 9/1028/370 109/1027/370 165/1080/370 162/1081/370
f 162/1082/380 167/1083/381 147/1038/359 9/1059/365
f 167/1083/381 159/1084/382 100/1039/360 147/1038/359
f 146/1009/341 96/1008/340 158/1085/383 166/1078/378
f 76/885/273 100/899/384 159/57/384 161/60/274
f 196/883/271 161/60/274 160/61/256 195/871/263
f 164/1067/370 163/1066/370 162/1081/370 165/1080/370
f 167/1083/381 162/1082/380 163/1079/379 166/1078/378
f 239/80/267 99/1076/267 79/876/267 240/81/267
f 172/1086/385 171/1087/385 170/1088/385 173/1089/385
f 174/1090/385 172/1086/385 173/1089/385 175/1091/385
f 184/1092/386 185/1093/386 175/1094/386 183/1095/386 177/1096/386
f 182/1097/20 181/1098/20 179/68/20 178/67/20
f 180/1099/20 183/1100/20 181/1098/20 182/1097/20
f 176/74/20 177/73/20 183/1100/20 180/1099/20
f 175/1094/386 173/1101/386 181/1102/386 183/1095/386
f 173/1101/386 170/1103/386 179/1104/386 181/1102/386
f 174/1105/387 186/1106/387 187/1107/387 176/1108/387 180/1109/387
f 171/1110/387 172/1111/387 182/1112/387 178/1113/387
f 186/69/385 174/1090/385 175/1091/385 185/70/385
f 172/1111/387 174/1105/387 180/1109/387 182/1112/387
f 32/1114/388 16/1115/389 189/870/262 188/938/388
f 12/902/390 31/901/391 191/928/391 190/864/333
f 31/901/391 32/1114/388 188/938/388 191/928/391
f 115/1116/392 94/1117/393 193/996/332 192/995/392
f 94/1117/393 12/902/390 190/864/333 193/996/332
f 77/1118/394 115/1116/392 192/995/392 194/884/272
f 157/1119/395 156/1120/396 196/883/271 195/871/263
f 156/1120/396 77/1118/394 194/884/272 196/883/271
f 16/1115/389 157/1119/395 195/871/263 189/870/262
f 199/903/397 202/1121/398 201/1122/399 203/1123/399 205/1124/399 204/1125/399 198/1126/399 197/1127/399 200/904/399
f 157/1119/400 16/1115/401 198/1126/401 204/1125/402
f 115/1116/403 77/1118/404 203/1123/404 201/1122/405
f 32/1114/406 31/901/284 200/904/286 197/1127/407
f 156/1120/408 157/1119/400 204/1125/402 205/1124/409
f 94/1117/410 115/1116/403 201/1122/405 202/1121/410
f 16/1115/411 32/1114/406 197/1127/407 198/1126/411
f 77/1118/412 156/1120/408 205/1124/409 203/1123/412
f 12/902/390 94/1117/393 202/1121/398 199/903/397
f 37/1128/413 50/9/413 209/12/305 208/939/304
f 29/927/301 206/932/303 208/935/303 38/936/303
f 70/922/1 33/921/1 207/916/293 210/915/292
f 229/1129/414 219/1130/415 217/1131/416 218/1132/417
f 214/1133/418 213/1134/418 212/912/418 211/911/418
f 67/948/22 26/947/22 213/1135/22 214/1136/22
f 218/1132/417 217/1131/416 216/1137/419 215/1138/419
f 15/1139/420 28/1140/421 222/1141/422 221/924/298 29/923/297
f 219/1142/423 223/1143/424 224/1144/424 225/1145/424 226/1146/424 227/1147/424 220/925/299 221/924/298 222/1141/422
f 228/918/294 220/917/294 227/1148/425 230/1149/426
f 230/1149/426 227/1148/425 226/1150/427 231/1151/428
f 231/1151/428 226/1150/427 225/1152/429 232/1153/430
f 232/1153/430 225/1152/429 224/1154/431 233/1155/432
f 233/1155/432 224/1154/431 223/1156/433 234/1157/434
f 234/1157/434 223/1156/433 219/1130/415 229/1129/414
f 219/1142/423 222/1141/422 28/1140/421 216/1158/435 217/1159/435
f 4/1068/371 148/1013/345 247/1160/436 242/1161/437
f 90/1031/52 241/1162/52 245/1163/52 134/47/52
f 133/48/362 134/47/362 245/1163/362 246/1037/362
f 78/877/267 111/1040/267 244/1164/267 238/878/267
f 254/1165/438 244/1036/355 246/1037/358 256/1048/439
f 252/1166/346 253/1167/346 243/1015/346 242/1014/346
f 148/1013/345 99/1012/344 239/1168/440 247/1160/436
f 248/1169/307 237/963/307 235/952/307 258/1170/307
f 258/1170/307 235/952/307 236/955/307 259/1171/307
f 90/890/267 18/889/267 237/1172/267 241/1173/267
f 260/85/267 240/81/267 238/878/267 249/1046/267
f 250/86/267 260/85/267 74/869/267 102/868/267
f 74/869/267 260/85/267 249/1046/267 73/905/267
f 2/1174/307 258/1170/307 259/1171/307 58/1175/307
f 72/1176/307 248/1169/307 258/1170/307 2/1174/307
f 75/1030/346 110/1029/346 253/1167/346 252/1166/346
f 114/1056/363 254/1165/438 256/1048/439 139/1051/364
f 242/1161/437 247/1160/436 257/989/326 252/1071/373
f 241/1162/52 251/1057/52 255/1049/52 245/1163/52
f 246/1037/362 245/1163/362 255/1049/362 256/1048/362
f 238/878/267 244/1164/267 254/1047/267 249/1046/267
f 241/1173/267 237/1172/267 248/893/267 251/892/267
f 275/1177/441 270/1178/442 344/1179/443 343/1180/443
f 390/1181/444 270/1178/442 275/1177/441
f 263/1182/254 265/1183/255 268/1184/22 273/1185/22
f 395/147/445 275/1177/446 343/1180/447 393/148/447
f 268/1186/259 269/1187/448 425/1188/449 273/1189/259
f 284/1190/14 322/1191/14 347/1192/14 342/1193/14
f 424/1194/450 275/1177/446 395/147/445 430/1195/451
f 358/1196/264 359/1197/264 265/1183/255 263/1182/254
f 155/1198/265 61/1199/266 270/1178/442 390/1181/444
f 462/167/452 460/1200/452 326/1201/452 327/1202/452
f 290/1203/453 447/1204/270 215/881/270 69/880/269
f 431/1205/454 396/144/455 324/1206/456 429/1207/457
f 269/1208/458 268/1209/459 288/161/459 289/164/460
f 358/1210/461 370/1211/462 338/1212/38 280/1213/38
f 473/1214/452 340/1215/452 320/1216/452 470/1217/452
f 320/1216/14 340/1215/14 339/1218/14 264/1219/14
f 360/1220/463 362/1221/464 324/1206/465 346/1222/466
f 293/1223/467 435/1224/468 434/1225/469 274/1226/469
f 321/1227/14 322/1191/14 284/1190/14 276/1228/14
f 292/1229/470 269/1208/471 289/164/472 295/1230/473
f 289/1231/289 445/1232/289 211/911/289 68/910/289
f 63/913/290 277/1233/474 290/1203/453 69/880/269
f 210/915/292 228/918/294 450/1234/294 442/1235/293
f 441/1236/475 292/1229/470 295/1230/473 442/1237/476
f 68/910/1 70/922/1 295/1238/1 289/1231/1
f 291/1239/477 441/1236/475 442/1237/476 450/1240/478 451/1241/479
f 277/1242/480 424/1194/481 291/1243/482
f 426/1244/483 297/1245/483 296/1246/483 269/1187/448
f 425/1188/449 298/1247/483 297/1245/483 426/1244/483
f 269/1187/448 296/1246/483 298/1247/483 425/1188/449
f 441/1248/483 443/1249/483 299/1250/483 292/1251/483
f 426/1244/483 301/1252/483 300/1253/483 291/1243/482
f 292/1251/483 299/1250/483 301/1252/483 426/1244/483
f 423/1254/483 291/1243/482 424/1194/481
f 443/1255/484 300/1256/485 311/98/485 444/97/486
f 291/1243/482 303/1257/483 302/1258/483 426/1244/483
f 423/1254/483 304/1259/483 303/1257/483 291/1243/482
f 426/1244/483 302/1258/483 304/1259/483 423/1254/483
f 269/1187/448 306/1260/483 305/1261/483 426/1244/483
f 292/1251/483 307/1262/483 306/1260/483 269/1187/448
f 426/1244/483 305/1261/483 307/1262/483 292/1251/483
f 268/1184/22 60/949/22 67/948/22 288/1263/22
f 276/1228/14 284/1190/14 65/1264/14 62/1265/14
f 458/1266/307 236/955/307 64/954/308 281/1267/308
f 359/1197/264 121/957/264 59/956/255 265/1183/255
f 264/1219/14 339/1218/14 91/1268/14 58/1269/14
f 265/1183/255 59/956/255 60/949/22 268/1184/22
f 285/1270/487 277/1242/480 63/1271/311 66/1272/310
f 275/1177/441 424/1194/481 277/1242/480 285/1270/487
f 459/1273/307 458/1266/307 281/1267/308 280/1274/312
f 286/1275/488 279/1276/489 429/1207/490 324/1206/465
f 363/1277/491 283/1278/38 326/1201/38 361/1279/492
f 283/1278/38 287/1280/38 327/1202/38 326/1201/38
f 364/1281/493 286/1275/488 324/1206/465 362/1221/464
f 363/1282/52 279/1283/52 331/1284/494 369/1285/494
f 366/1286/495 365/1287/38 329/1288/38 335/1289/495
f 364/1290/323 287/119/323 329/125/323 365/1291/323
f 366/1286/495 335/1289/495 337/1292/496 367/1293/496
f 367/1293/496 337/1292/496 336/1294/497 368/1295/497
f 368/1295/497 336/1294/497 334/1296/494 369/1285/494
f 112/1297/14 355/1298/14 276/1228/14 62/1265/14
f 479/1299/498 387/1300/499 347/1301/500 472/1302/501
f 355/1298/14 356/1303/14 321/1227/14 276/1228/14
f 373/1304/502 427/1305/503 429/1207/504 361/1279/492
f 428/1306/505 263/1307/506 273/1189/506 425/1188/507
f 97/998/335 282/1308/335 348/1309/335 103/999/335
f 382/1310/508 144/1005/337 71/1004/337 342/1311/508
f 383/1312/509 384/1313/510 343/1314/511 344/1315/512
f 388/1316/513 386/1317/514 345/1318/515 360/1319/516
f 464/1320/517 266/1321/517 351/1322/517 465/1323/517
f 387/1300/499 382/1310/508 342/1311/508 347/1301/500
f 354/1324/518 374/136/519 381/135/520 373/137/520
f 272/1325/350 101/1022/350 104/1021/350 350/1326/350
f 267/1327/350 272/1325/350 350/1326/350 349/1328/350
f 371/1329/521 271/1330/521 352/1331/521 372/1332/521
f 282/1308/335 323/1333/335 353/1334/335 348/1309/335
f 370/1211/522 428/1306/523 427/1305/503 373/1304/502
f 370/138/52 380/134/52 375/133/52 338/1335/52
f 339/1336/52 377/1337/52 136/1338/52 91/1339/52
f 466/1340/524 468/1341/525 374/136/519 354/1324/518
f 266/1321/521 371/1329/521 372/1332/521 351/1322/521
f 385/1342/526 388/1316/513 360/1319/516 346/1343/527
f 354/1344/38 373/1304/502 361/1279/492 326/1201/38
f 333/1345/497 368/1295/497 369/1285/494 331/1284/494
f 332/1346/496 367/1293/496 368/1295/497 333/1345/497
f 330/1347/495 366/1286/495 367/1293/496 332/1346/496
f 286/127/323 364/1290/323 365/1291/323 328/128/323
f 330/1347/495 328/1348/38 365/1287/38 366/1286/495
f 283/1349/52 363/1282/52 369/1285/494 334/1296/494
f 287/1280/38 364/1281/493 362/1221/464 327/1202/38
f 279/1276/528 363/1277/491 361/1279/492 429/1207/504
f 281/1267/308 64/954/308 121/957/264 359/1197/264
f 263/1307/529 428/1306/530 370/1211/462 358/1210/461
f 280/1274/312 281/1267/308 359/1197/264 358/1196/264
f 471/1350/452 321/1227/452 356/1303/452 476/1351/452
f 478/1352/531 378/1353/531 379/1354/531 477/1355/531
f 377/1337/14 379/1354/14 378/1353/14 376/1356/14
f 136/1338/14 377/1337/14 376/1356/14 135/1357/14
f 340/1358/52 379/1354/52 377/1337/52 339/1336/52
f 355/1359/22 376/1356/22 378/1353/532 356/1360/533
f 473/1361/52 477/1355/52 379/1354/52 340/1358/52
f 112/1362/22 135/1357/22 376/1356/22 355/1359/22
f 271/1363/534 371/1364/535 388/1316/513 385/1342/526
f 323/1365/536 282/1366/537 382/1310/508 387/1300/499
f 101/1063/337 272/1367/538 383/1312/539 149/1064/337
f 398/1368/540 267/1327/540 349/1328/540 399/1369/540
f 371/1364/535 266/1370/541 386/1317/514 388/1316/513
f 272/1367/538 267/1371/542 384/1313/510 383/1312/539
f 282/1366/537 97/1070/337 144/1005/337 382/1310/508
f 474/1372/543 323/1365/536 387/1300/499 479/1299/498
f 383/1312/544 389/1373/544 153/1072/375 149/1064/375
f 270/140/545 61/1075/377 153/1074/377 389/141/545
f 345/1374/38 327/1202/38 362/1221/464 360/1220/463
f 65/1264/14 284/1190/14 342/1193/14 71/1375/14
f 66/1272/310 155/1198/265 390/1181/444 285/1270/487
f 285/1270/487 390/1181/444 275/1177/441
f 267/1371/542 398/1376/546 401/1377/547 384/1313/510
f 271/1330/540 397/1378/540 400/1379/540 352/1331/540
f 397/1380/548 271/1363/534 385/1342/526 402/1381/549
f 402/1381/549 385/1342/526 346/1343/527 394/1382/550
f 384/1313/510 401/1377/547 393/1383/551 343/1314/511
f 324/1206/456 396/144/455 394/143/552 346/1222/552
f 431/1205/454 430/1195/451 395/147/445 396/144/455
f 399/1369/540 400/1379/540 397/1378/540 398/1368/540
f 402/1381/549 401/1377/547 398/1376/546 397/1380/548
f 461/168/452 462/167/452 327/1202/452 345/1374/452
f 407/1384/553 408/1385/553 405/1386/553 406/1387/553
f 409/1388/553 410/1389/553 408/1385/553 407/1384/553
f 419/1390/554 412/1391/554 418/1392/554 410/1393/554 420/1394/554
f 417/1395/43 413/153/43 414/152/43 416/1396/43
f 415/1397/43 417/1395/43 416/1396/43 418/1398/43
f 411/159/43 415/1397/43 418/1398/43 412/160/43
f 410/1393/554 418/1392/554 416/1399/554 408/1400/554
f 408/1400/554 416/1399/554 414/1401/554 405/1402/554
f 409/1403/555 415/1404/555 411/1405/555 422/1406/555 421/1407/555
f 406/1408/555 413/1409/555 417/1410/555 407/1411/555
f 421/155/553 420/158/553 410/1389/553 409/1388/553
f 407/1411/555 417/1410/555 415/1404/555 409/1403/555
f 294/1412/556 423/1254/556 424/1194/450 278/1413/557
f 274/1226/558 425/1188/507 426/1244/559 293/1223/559
f 293/1223/559 426/1244/559 423/1254/556 294/1412/556
f 357/1414/560 427/1305/560 428/1306/505 341/1415/561
f 341/1415/561 428/1306/505 425/1188/507 274/1226/558
f 325/1416/562 429/1207/457 427/1305/560 357/1414/560
f 392/1417/563 430/1195/451 431/1205/454 391/1418/564
f 391/1418/564 431/1205/454 429/1207/457 325/1416/562
f 278/1413/557 424/1194/450 430/1195/451 392/1417/563
f 434/1225/565 435/1224/566 432/1419/566 433/1420/566 439/1421/566 440/1422/566 438/1423/566 436/1424/566 437/1425/567
f 392/1417/568 439/1421/569 433/1420/570 278/1413/570
f 357/1414/571 436/1424/572 438/1423/573 325/1416/573
f 294/1412/574 432/1419/575 435/1224/468 293/1223/467
f 391/1418/576 440/1422/577 439/1421/569 392/1417/568
f 341/1415/578 437/1425/578 436/1424/572 357/1414/571
f 278/1413/579 433/1420/579 432/1419/575 294/1412/574
f 325/1416/580 438/1423/580 440/1422/577 391/1418/576
f 274/1226/558 434/1225/565 437/1425/567 341/1415/561
f 299/1426/581 443/1255/484 444/97/486 312/95/581
f 291/1243/582 300/1253/483 443/1249/483 441/1248/483
f 70/922/1 210/915/292 442/1235/293 295/1238/1
f 229/1129/414 218/1132/417 448/1427/416 449/1428/415
f 214/1133/418 211/911/418 445/1232/418 446/1429/418
f 67/948/22 214/1136/22 446/1430/22 288/1263/22
f 218/1132/417 215/1138/419 447/1431/419 448/1427/416
f 277/1432/583 291/1239/477 451/1241/479 452/1433/584 290/1434/585
f 449/1435/586 452/1433/584 451/1241/479 450/1240/478 457/1436/587 456/1437/587 455/1438/587 454/1439/587 453/1440/587
f 228/918/294 230/1149/426 457/1441/425 450/1234/294
f 230/1149/426 231/1151/428 456/1442/427 457/1441/425
f 231/1151/428 232/1153/430 455/1443/429 456/1442/427
f 232/1153/430 233/1155/432 454/1444/431 455/1443/429
f 233/1155/432 234/1157/434 453/1445/433 454/1444/431
f 234/1157/434 229/1129/414 449/1428/415 453/1445/433
f 449/1435/586 448/1446/588 447/1447/588 290/1434/585 452/1433/584
f 266/1370/541 464/1448/589 469/1449/590 386/1317/514
f 338/1335/52 375/133/52 467/1450/52 463/1451/52
f 374/136/531 468/1341/531 467/1450/531 375/133/531
f 326/1201/452 460/1200/452 466/1452/452 354/1344/452
f 476/1453/591 478/1352/592 468/1341/525 466/1340/524
f 474/1454/517 464/1320/517 465/1323/517 475/1455/517
f 386/1317/514 469/1449/590 461/1456/593 345/1318/515
f 470/1457/307 480/1458/307 458/1266/307 459/1273/307
f 480/1458/307 259/1171/307 236/955/307 458/1266/307
f 338/1212/452 463/1459/452 459/1460/452 280/1213/452
f 481/171/452 471/1350/452 460/1200/452 462/167/452
f 472/172/452 347/1192/452 322/1191/452 481/171/452
f 322/1191/452 321/1227/452 471/1350/452 481/171/452
f 264/1461/307 58/1175/307 259/1171/307 480/1458/307
f 320/1462/307 264/1461/307 480/1458/307 470/1457/307
f 323/1463/517 474/1454/517 475/1455/517 353/1464/517
f 356/1360/533 378/1353/532 478/1352/592 476/1453/591
f 464/1448/589 474/1372/543 479/1299/498 469/1449/590
f 463/1451/52 467/1450/52 477/1355/52 473/1361/52
f 468/1341/531 478/1352/531 477/1355/531 467/1450/531
f 460/1200/452 471/1350/452 476/1351/452 466/1452/452
f 463/1459/452 473/1214/452 470/1217/452 459/1460/452
f 495/1465/38 576/1466/38 596/1467/38 510/1468/38
f 500/394/15 598/1469/15 582/1470/15 542/395/15
f 498/397/15 590/1471/15 591/1472/15 538/398/15
f 492/399/38 587/1473/38 578/1474/38 508/1475/38
f 486/1476/594 611/1477/594 546/298/13 528/297/13
f 506/325/38 603/360/38 583/359/38 544/326/38
f 502/317/38 588/1478/38 575/1479/38 540/318/38
f 564/344/15 597/1480/15 600/1481/15 569/345/15
f 501/388/38 588/1478/38 592/1482/38 516/1483/38
f 554/338/38 581/1484/38 573/1485/38 559/339/38
f 505/361/38 603/360/38 599/1486/38 520/1487/38
f 497/312/15 594/213/15 605/1488/15 513/1489/15
f 499/320/15 590/1471/15 577/1490/15 515/1491/15
f 503/328/15 598/1469/15 604/1492/15 519/1493/15
f 507/227/15 580/301/15 601/1494/15 523/1495/15
f 493/305/38 587/1473/38 602/1496/38 532/306/38
f 496/309/38 576/1466/38 585/1497/38 534/310/38
f 610/1498/594 486/1476/594 528/297/13 541/350/13
f 593/214/15 594/213/15 497/312/15 537/315/15
f 600/1481/15 597/1480/15 553/337/15 556/336/15
f 573/1485/38 581/1484/38 567/347/38 570/346/38
f 604/1492/15 598/1469/15 500/394/15 517/1499/15
f 578/1474/38 587/1473/38 493/305/38 509/1500/38
f 575/1479/38 588/1478/38 501/388/38 541/390/38
f 602/1496/38 587/1473/38 492/399/38 533/401/38
f 591/1472/15 590/1471/15 499/320/15 539/323/15
f 592/1482/38 588/1478/38 502/317/38 518/1501/38
f 577/1490/15 590/1471/15 498/397/15 514/1502/15
f 589/302/15 580/301/15 507/227/15 547/230/15
f 582/1470/15 598/1469/15 503/328/15 543/331/15
f 605/1488/15 594/213/15 494/191/15 511/1503/15
f 596/1467/38 576/1466/38 496/309/38 512/1504/38
f 599/1486/38 603/360/38 506/325/38 522/1505/38
f 601/1494/15 580/301/15 504/300/15 521/1506/15
f 585/1497/38 576/1466/38 495/1465/38 535/1507/38
f 485/1508/594 607/1509/594 536/281/13 524/280/13
f 608/1510/594 484/1511/594 526/291/13 535/357/13
f 612/1512/594 487/1513/594 530/283/13 545/366/13
f 606/1514/594 485/1508/594 524/280/13 533/365/13
f 495/1465/38 608/1515/38 535/1507/38
f 484/1511/594 609/1516/594 542/292/13 526/291/13
f 487/1513/594 613/1517/594 538/284/13 530/283/13
f 611/1477/594 486/1476/594 832/1518/52 843/1519/52
f 613/1517/594 487/1513/594 833/1520/52 845/1521/52
f 487/1513/594 612/1512/594 844/1522/52 833/1520/52
f 486/1476/594 610/1498/594 842/1523/52 832/1518/52
f 485/1508/594 606/1514/594 838/1524/52 831/1525/52
f 607/1509/594 485/1508/594 831/1525/52 839/1526/52
f 484/1511/594 608/1510/594 840/1527/52 830/1528/52
f 609/1516/594 484/1511/594 830/1528/52 841/1529/52
